0.000000000000000000e+00 -2.656838893890380859e+00
1.000000000000000000e+00 -2.649027109146118164e+00
2.000000000000000000e+00 -2.640374660491943359e+00
3.000000000000000000e+00 -2.655097723007202148e+00
4.000000000000000000e+00 -2.669712305068969727e+00
5.000000000000000000e+00 -2.659994363784790039e+00
6.000000000000000000e+00 -2.653862953186035156e+00
7.000000000000000000e+00 -2.627423763275146484e+00
8.000000000000000000e+00 -2.639975786209106445e+00
9.000000000000000000e+00 -2.645090579986572266e+00
1.000000000000000000e+01 -2.639198303222656250e+00
1.100000000000000000e+01 -2.645351171493530273e+00
1.200000000000000000e+01 -2.668656110763549805e+00
1.300000000000000000e+01 -2.623007774353027344e+00
1.400000000000000000e+01 -2.637437582015991211e+00
1.500000000000000000e+01 -2.632669925689697266e+00
1.600000000000000000e+01 -2.620535135269165039e+00
1.700000000000000000e+01 -2.619806766510009766e+00
1.800000000000000000e+01 -2.600630998611450195e+00
1.900000000000000000e+01 -2.645823001861572266e+00
2.000000000000000000e+01 -2.647840499877929688e+00
2.100000000000000000e+01 -2.618234634399414062e+00
2.200000000000000000e+01 -2.647557258605957031e+00
2.300000000000000000e+01 -2.654053449630737305e+00
2.400000000000000000e+01 -2.662784337997436523e+00
2.500000000000000000e+01 -2.688059091567993164e+00
2.600000000000000000e+01 -2.664088726043701172e+00
2.700000000000000000e+01 -2.664587974548339844e+00
2.800000000000000000e+01 -2.652082681655883789e+00
2.900000000000000000e+01 -2.654633998870849609e+00
3.000000000000000000e+01 -2.662086725234985352e+00
3.100000000000000000e+01 -2.638154029846191406e+00
3.200000000000000000e+01 -2.607661247253417969e+00
3.300000000000000000e+01 -2.629378318786621094e+00
3.400000000000000000e+01 -2.632942676544189453e+00
3.500000000000000000e+01 -2.680022716522216797e+00
3.600000000000000000e+01 -2.665324449539184570e+00
3.700000000000000000e+01 -2.659538745880126953e+00
3.800000000000000000e+01 -2.649877071380615234e+00
3.900000000000000000e+01 -2.645454883575439453e+00
4.000000000000000000e+01 -2.661837577819824219e+00
4.100000000000000000e+01 -2.645291090011596680e+00
4.200000000000000000e+01 -2.654327154159545898e+00
4.300000000000000000e+01 -2.645797491073608398e+00
4.400000000000000000e+01 -2.649386644363403320e+00
4.500000000000000000e+01 -2.621421813964843750e+00
4.600000000000000000e+01 -2.609344720840454102e+00
4.700000000000000000e+01 -2.589594841003417969e+00
4.800000000000000000e+01 -2.627007007598876953e+00
4.900000000000000000e+01 -2.613625288009643555e+00
5.000000000000000000e+01 -2.584122657775878906e+00
5.100000000000000000e+01 -2.629410505294799805e+00
5.200000000000000000e+01 -2.606965780258178711e+00
5.300000000000000000e+01 -2.634756088256835938e+00
5.400000000000000000e+01 -2.624339103698730469e+00
5.500000000000000000e+01 -2.579254627227783203e+00
5.600000000000000000e+01 -2.594846487045288086e+00
5.700000000000000000e+01 -2.597986936569213867e+00
5.800000000000000000e+01 -2.598429203033447266e+00
5.900000000000000000e+01 -2.588956356048583984e+00
6.000000000000000000e+01 -2.626382350921630859e+00
6.100000000000000000e+01 -2.654026985168457031e+00
6.200000000000000000e+01 -2.646572113037109375e+00
6.300000000000000000e+01 -2.620177745819091797e+00
6.400000000000000000e+01 -2.640848636627197266e+00
6.500000000000000000e+01 -2.639394283294677734e+00
6.600000000000000000e+01 -2.637770652770996094e+00
6.700000000000000000e+01 -2.632362842559814453e+00
6.800000000000000000e+01 -2.642346143722534180e+00
6.900000000000000000e+01 -2.618221759796142578e+00
7.000000000000000000e+01 -2.592436313629150391e+00
7.100000000000000000e+01 -2.633496522903442383e+00
7.200000000000000000e+01 -2.597387552261352539e+00
7.300000000000000000e+01 -2.607012510299682617e+00
7.400000000000000000e+01 -2.639174461364746094e+00
7.500000000000000000e+01 -2.667762994766235352e+00
7.600000000000000000e+01 -2.656095027923583984e+00
7.700000000000000000e+01 -2.639432668685913086e+00
7.800000000000000000e+01 -2.638660192489624023e+00
7.900000000000000000e+01 -2.622636556625366211e+00
8.000000000000000000e+01 -2.627495288848876953e+00
8.100000000000000000e+01 -2.596189737319946289e+00
8.200000000000000000e+01 -2.632349014282226562e+00
8.300000000000000000e+01 -2.627500057220458984e+00
8.400000000000000000e+01 -2.591968297958374023e+00
8.500000000000000000e+01 -2.619955539703369141e+00
8.600000000000000000e+01 -2.615405321121215820e+00
8.700000000000000000e+01 -2.587791919708251953e+00
8.800000000000000000e+01 -2.648769140243530273e+00
8.900000000000000000e+01 -2.610973119735717773e+00
9.000000000000000000e+01 -2.629041194915771484e+00
9.100000000000000000e+01 -2.641219615936279297e+00
9.200000000000000000e+01 -2.633365869522094727e+00
9.300000000000000000e+01 -2.624469757080078125e+00
9.400000000000000000e+01 -2.636376380920410156e+00
9.500000000000000000e+01 -2.659471035003662109e+00
9.600000000000000000e+01 -2.612533092498779297e+00
9.700000000000000000e+01 -2.598932743072509766e+00
9.800000000000000000e+01 -2.616915941238403320e+00
9.900000000000000000e+01 -2.638800621032714844e+00
1.000000000000000000e+02 -2.655038595199584961e+00
1.010000000000000000e+02 -2.672612667083740234e+00
1.020000000000000000e+02 -2.626616001129150391e+00
1.030000000000000000e+02 -2.665868759155273438e+00
1.040000000000000000e+02 -2.622721433639526367e+00
1.050000000000000000e+02 -2.620934963226318359e+00
1.060000000000000000e+02 -2.627951145172119141e+00
1.070000000000000000e+02 -2.611698389053344727e+00
1.080000000000000000e+02 -2.646128416061401367e+00
1.090000000000000000e+02 -2.611164569854736328e+00
1.100000000000000000e+02 -2.618767738342285156e+00
1.110000000000000000e+02 -2.621587038040161133e+00
1.120000000000000000e+02 -2.621483802795410156e+00
1.130000000000000000e+02 -2.616167545318603516e+00
1.140000000000000000e+02 -2.617599248886108398e+00
1.150000000000000000e+02 -2.633475065231323242e+00
1.160000000000000000e+02 -2.621736526489257812e+00
1.170000000000000000e+02 -2.621008634567260742e+00
1.180000000000000000e+02 -2.667784929275512695e+00
1.190000000000000000e+02 -2.659915447235107422e+00
1.200000000000000000e+02 -2.690280675888061523e+00
1.210000000000000000e+02 -2.633500337600708008e+00
1.220000000000000000e+02 -2.662430763244628906e+00
1.230000000000000000e+02 -2.652579307556152344e+00
1.240000000000000000e+02 -2.632596015930175781e+00
1.250000000000000000e+02 -2.657296180725097656e+00
1.260000000000000000e+02 -2.626994609832763672e+00
1.270000000000000000e+02 -2.626057147979736328e+00
1.280000000000000000e+02 -2.597240924835205078e+00
1.290000000000000000e+02 -2.605751752853393555e+00
1.300000000000000000e+02 -2.610416889190673828e+00
1.310000000000000000e+02 -2.601340293884277344e+00
1.320000000000000000e+02 -2.585192203521728516e+00
1.330000000000000000e+02 -2.609068393707275391e+00
1.340000000000000000e+02 -2.614146471023559570e+00
1.350000000000000000e+02 -2.628284931182861328e+00
1.360000000000000000e+02 -2.626544475555419922e+00
1.370000000000000000e+02 -2.623605251312255859e+00
1.380000000000000000e+02 -2.628203392028808594e+00
1.390000000000000000e+02 -2.624186992645263672e+00
1.400000000000000000e+02 -2.594145059585571289e+00
1.410000000000000000e+02 -2.649415016174316406e+00
1.420000000000000000e+02 -2.633151292800903320e+00
1.430000000000000000e+02 -2.636545181274414062e+00
1.440000000000000000e+02 -2.624157190322875977e+00
1.450000000000000000e+02 -2.602532625198364258e+00
1.460000000000000000e+02 -2.642112731933593750e+00
1.470000000000000000e+02 -2.671453237533569336e+00
1.480000000000000000e+02 -2.640737533569335938e+00
1.490000000000000000e+02 -2.606775045394897461e+00
1.500000000000000000e+02 -2.616691350936889648e+00
1.510000000000000000e+02 -2.659185886383056641e+00
1.520000000000000000e+02 -2.649311542510986328e+00
1.530000000000000000e+02 -2.621834278106689453e+00
1.540000000000000000e+02 -2.617000102996826172e+00
1.550000000000000000e+02 -2.608053922653198242e+00
1.560000000000000000e+02 -2.629539251327514648e+00
1.570000000000000000e+02 -2.672823429107666016e+00
1.580000000000000000e+02 -2.647208213806152344e+00
1.590000000000000000e+02 -2.668826580047607422e+00
1.600000000000000000e+02 -2.669898033142089844e+00
1.610000000000000000e+02 -2.670083284378051758e+00
1.620000000000000000e+02 -2.647094249725341797e+00
1.630000000000000000e+02 -2.668844938278198242e+00
1.640000000000000000e+02 -2.662101984024047852e+00
1.650000000000000000e+02 -2.684772014617919922e+00
1.660000000000000000e+02 -2.669128656387329102e+00
1.670000000000000000e+02 -2.671657323837280273e+00
1.680000000000000000e+02 -2.685525417327880859e+00
1.690000000000000000e+02 -2.670402288436889648e+00
1.700000000000000000e+02 -2.666588068008422852e+00
1.710000000000000000e+02 -2.622918844223022461e+00
1.720000000000000000e+02 -2.671843767166137695e+00
1.730000000000000000e+02 -2.669313907623291016e+00
1.740000000000000000e+02 -2.675453662872314453e+00
1.750000000000000000e+02 -2.710418224334716797e+00
1.760000000000000000e+02 -2.644275188446044922e+00
1.770000000000000000e+02 -2.621522665023803711e+00
1.780000000000000000e+02 -2.660620450973510742e+00
1.790000000000000000e+02 -2.656942605972290039e+00
1.800000000000000000e+02 -2.622380733489990234e+00
1.810000000000000000e+02 -2.614040374755859375e+00
1.820000000000000000e+02 -2.650645256042480469e+00
1.830000000000000000e+02 -2.608354091644287109e+00
1.840000000000000000e+02 -2.637620687484741211e+00
1.850000000000000000e+02 -2.617287874221801758e+00
1.860000000000000000e+02 -2.685457229614257812e+00
1.870000000000000000e+02 -2.640049695968627930e+00
1.880000000000000000e+02 -2.658379793167114258e+00
1.890000000000000000e+02 -2.662409782409667969e+00
1.900000000000000000e+02 -2.662455320358276367e+00
1.910000000000000000e+02 -2.649898529052734375e+00
1.920000000000000000e+02 -2.632930755615234375e+00
1.930000000000000000e+02 -2.641704082489013672e+00
1.940000000000000000e+02 -2.616509675979614258e+00
1.950000000000000000e+02 -2.651030063629150391e+00
1.960000000000000000e+02 -2.658897876739501953e+00
1.970000000000000000e+02 -2.628740787506103516e+00
1.980000000000000000e+02 -2.663298845291137695e+00
1.990000000000000000e+02 -2.629836082458496094e+00
2.000000000000000000e+02 -2.633975267410278320e+00
2.010000000000000000e+02 -2.663484573364257812e+00
2.020000000000000000e+02 -2.611623048782348633e+00
2.030000000000000000e+02 -2.656416654586791992e+00
2.040000000000000000e+02 -2.673305988311767578e+00
2.050000000000000000e+02 -2.676493167877197266e+00
2.060000000000000000e+02 -2.656513214111328125e+00
2.070000000000000000e+02 -2.633825302124023438e+00
2.080000000000000000e+02 -2.661842823028564453e+00
2.090000000000000000e+02 -2.645346403121948242e+00
2.100000000000000000e+02 -2.620958089828491211e+00
2.110000000000000000e+02 -2.638482570648193359e+00
2.120000000000000000e+02 -2.667351484298706055e+00
2.130000000000000000e+02 -2.663033008575439453e+00
2.140000000000000000e+02 -2.654623031616210938e+00
2.150000000000000000e+02 -2.681310653686523438e+00
2.160000000000000000e+02 -2.654825925827026367e+00
2.170000000000000000e+02 -2.651086330413818359e+00
2.180000000000000000e+02 -2.604532957077026367e+00
2.190000000000000000e+02 -2.652046918869018555e+00
2.200000000000000000e+02 -2.626794338226318359e+00
2.210000000000000000e+02 -2.610219240188598633e+00
2.220000000000000000e+02 -2.653771162033081055e+00
2.230000000000000000e+02 -2.640495300292968750e+00
2.240000000000000000e+02 -2.638547897338867188e+00
2.250000000000000000e+02 -2.600432872772216797e+00
2.260000000000000000e+02 -2.632821798324584961e+00
2.270000000000000000e+02 -2.626165866851806641e+00
2.280000000000000000e+02 -2.605047702789306641e+00
2.290000000000000000e+02 -2.645318031311035156e+00
2.300000000000000000e+02 -2.647236824035644531e+00
2.310000000000000000e+02 -2.631804466247558594e+00
2.320000000000000000e+02 -2.602751493453979492e+00
2.330000000000000000e+02 -2.657455205917358398e+00
2.340000000000000000e+02 -2.640430688858032227e+00
2.350000000000000000e+02 -2.631283760070800781e+00
2.360000000000000000e+02 -2.656011581420898438e+00
2.370000000000000000e+02 -2.627036809921264648e+00
2.380000000000000000e+02 -2.637618303298950195e+00
2.390000000000000000e+02 -2.676805973052978516e+00
2.400000000000000000e+02 -2.674026489257812500e+00
2.410000000000000000e+02 -2.669180393218994141e+00
2.420000000000000000e+02 -2.658616065979003906e+00
2.430000000000000000e+02 -2.635429382324218750e+00
2.440000000000000000e+02 -2.622764587402343750e+00
2.450000000000000000e+02 -2.644545793533325195e+00
2.460000000000000000e+02 -2.618438243865966797e+00
2.470000000000000000e+02 -2.636851310729980469e+00
2.480000000000000000e+02 -2.613864421844482422e+00
2.490000000000000000e+02 -2.634041547775268555e+00
2.500000000000000000e+02 -2.634679555892944336e+00
2.510000000000000000e+02 -2.602063894271850586e+00
2.520000000000000000e+02 -2.595340967178344727e+00
2.530000000000000000e+02 -2.613892555236816406e+00
2.540000000000000000e+02 -2.588120460510253906e+00
2.550000000000000000e+02 -2.609160900115966797e+00
2.560000000000000000e+02 -2.635808467864990234e+00
2.570000000000000000e+02 -2.622057914733886719e+00
2.580000000000000000e+02 -2.575964212417602539e+00
2.590000000000000000e+02 -2.618021011352539062e+00
2.600000000000000000e+02 -2.596270799636840820e+00
2.610000000000000000e+02 -2.585795164108276367e+00
2.620000000000000000e+02 -2.630565881729125977e+00
2.630000000000000000e+02 -2.640399217605590820e+00
2.640000000000000000e+02 -2.626050472259521484e+00
2.650000000000000000e+02 -2.644052743911743164e+00
2.660000000000000000e+02 -2.660336971282958984e+00
2.670000000000000000e+02 -2.608291625976562500e+00
2.680000000000000000e+02 -2.629482269287109375e+00
2.690000000000000000e+02 -2.640388488769531250e+00
2.700000000000000000e+02 -2.659127235412597656e+00
2.710000000000000000e+02 -2.640172004699707031e+00
2.720000000000000000e+02 -2.660227298736572266e+00
2.730000000000000000e+02 -2.619649410247802734e+00
2.740000000000000000e+02 -2.640346765518188477e+00
2.750000000000000000e+02 -2.619607448577880859e+00
2.760000000000000000e+02 -2.627992630004882812e+00
2.770000000000000000e+02 -2.639418840408325195e+00
2.780000000000000000e+02 -2.669644594192504883e+00
2.790000000000000000e+02 -2.639027118682861328e+00
2.800000000000000000e+02 -2.645680904388427734e+00
2.810000000000000000e+02 -2.731914043426513672e+00
2.820000000000000000e+02 -2.707802534103393555e+00
2.830000000000000000e+02 -2.705802202224731445e+00
2.840000000000000000e+02 -2.678884506225585938e+00
2.850000000000000000e+02 -2.680869340896606445e+00
2.860000000000000000e+02 -2.643653392791748047e+00
2.870000000000000000e+02 -2.669182538986206055e+00
2.880000000000000000e+02 -2.640071868896484375e+00
2.890000000000000000e+02 -2.633401393890380859e+00
2.900000000000000000e+02 -2.647130966186523438e+00
2.910000000000000000e+02 -2.619832754135131836e+00
2.920000000000000000e+02 -2.643302440643310547e+00
2.930000000000000000e+02 -2.662431716918945312e+00
2.940000000000000000e+02 -2.657594680786132812e+00
2.950000000000000000e+02 -2.670170783996582031e+00
2.960000000000000000e+02 -2.651149272918701172e+00
2.970000000000000000e+02 -2.658102989196777344e+00
2.980000000000000000e+02 -2.655534505844116211e+00
2.990000000000000000e+02 -2.656225919723510742e+00
3.000000000000000000e+02 -2.650677680969238281e+00
3.010000000000000000e+02 -2.636615753173828125e+00
3.020000000000000000e+02 -2.667210578918457031e+00
3.030000000000000000e+02 -2.706008672714233398e+00
3.040000000000000000e+02 -2.688579559326171875e+00
3.050000000000000000e+02 -2.646558284759521484e+00
3.060000000000000000e+02 -2.684070348739624023e+00
3.070000000000000000e+02 -2.676979780197143555e+00
3.080000000000000000e+02 -2.702920198440551758e+00
3.090000000000000000e+02 -2.702730178833007812e+00
3.100000000000000000e+02 -2.682751178741455078e+00
3.110000000000000000e+02 -2.669567108154296875e+00
3.120000000000000000e+02 -2.660404205322265625e+00
3.130000000000000000e+02 -2.670717239379882812e+00
3.140000000000000000e+02 -2.688433647155761719e+00
3.150000000000000000e+02 -2.692128419876098633e+00
3.160000000000000000e+02 -2.676935672760009766e+00
3.170000000000000000e+02 -2.634055852890014648e+00
3.180000000000000000e+02 -2.669906377792358398e+00
3.190000000000000000e+02 -2.658909082412719727e+00
3.200000000000000000e+02 -2.650971412658691406e+00
3.210000000000000000e+02 -2.676687240600585938e+00
3.220000000000000000e+02 -2.682479381561279297e+00
3.230000000000000000e+02 -2.661035299301147461e+00
3.240000000000000000e+02 -2.654756546020507812e+00
3.250000000000000000e+02 -2.666413307189941406e+00
3.260000000000000000e+02 -2.665969133377075195e+00
3.270000000000000000e+02 -2.641710519790649414e+00
3.280000000000000000e+02 -2.687443494796752930e+00
3.290000000000000000e+02 -2.664328336715698242e+00
3.300000000000000000e+02 -2.678828239440917969e+00
3.310000000000000000e+02 -2.656105518341064453e+00
3.320000000000000000e+02 -2.658977985382080078e+00
3.330000000000000000e+02 -2.683333158493041992e+00
3.340000000000000000e+02 -2.680401563644409180e+00
3.350000000000000000e+02 -2.703704833984375000e+00
3.360000000000000000e+02 -2.656327009201049805e+00
3.370000000000000000e+02 -2.644703388214111328e+00
3.380000000000000000e+02 -2.646812915802001953e+00
3.390000000000000000e+02 -2.670894384384155273e+00
3.400000000000000000e+02 -2.673913955688476562e+00
3.410000000000000000e+02 -2.648562192916870117e+00
3.420000000000000000e+02 -2.618228912353515625e+00
3.430000000000000000e+02 -2.682403802871704102e+00
3.440000000000000000e+02 -2.635899543762207031e+00
3.450000000000000000e+02 -2.620127201080322266e+00
3.460000000000000000e+02 -2.660341739654541016e+00
3.470000000000000000e+02 -2.668251514434814453e+00
3.480000000000000000e+02 -2.690317630767822266e+00
3.490000000000000000e+02 -2.629809141159057617e+00
3.500000000000000000e+02 -2.661843538284301758e+00
3.510000000000000000e+02 -2.680539131164550781e+00
3.520000000000000000e+02 -2.687861204147338867e+00
3.530000000000000000e+02 -2.679785966873168945e+00
3.540000000000000000e+02 -2.675958871841430664e+00
3.550000000000000000e+02 -2.706012964248657227e+00
3.560000000000000000e+02 -2.684456348419189453e+00
3.570000000000000000e+02 -2.697979927062988281e+00
3.580000000000000000e+02 -2.711462974548339844e+00
3.590000000000000000e+02 -2.655753135681152344e+00
3.600000000000000000e+02 -2.659222126007080078e+00
3.610000000000000000e+02 -2.665270090103149414e+00
3.620000000000000000e+02 -2.681562185287475586e+00
3.630000000000000000e+02 -2.615715980529785156e+00
3.640000000000000000e+02 -2.664737224578857422e+00
3.650000000000000000e+02 -2.664788246154785156e+00
3.660000000000000000e+02 -2.637662172317504883e+00
3.670000000000000000e+02 -2.645503997802734375e+00
3.680000000000000000e+02 -2.671164512634277344e+00
3.690000000000000000e+02 -2.676656246185302734e+00
3.700000000000000000e+02 -2.674513101577758789e+00
3.710000000000000000e+02 -2.685014963150024414e+00
3.720000000000000000e+02 -2.682700872421264648e+00
3.730000000000000000e+02 -2.654526233673095703e+00
3.740000000000000000e+02 -2.638067483901977539e+00
3.750000000000000000e+02 -2.635659217834472656e+00
3.760000000000000000e+02 -2.642977714538574219e+00
3.770000000000000000e+02 -2.648310661315917969e+00
3.780000000000000000e+02 -2.654594421386718750e+00
3.790000000000000000e+02 -2.616128444671630859e+00
3.800000000000000000e+02 -2.612592220306396484e+00
3.810000000000000000e+02 -2.626733541488647461e+00
3.820000000000000000e+02 -2.639645338058471680e+00
3.830000000000000000e+02 -2.626382827758789062e+00
3.840000000000000000e+02 -2.627492666244506836e+00
3.850000000000000000e+02 -2.636991024017333984e+00
3.860000000000000000e+02 -2.628616333007812500e+00
3.870000000000000000e+02 -2.630304813385009766e+00
3.880000000000000000e+02 -2.650382280349731445e+00
3.890000000000000000e+02 -2.627293109893798828e+00
3.900000000000000000e+02 -2.680035114288330078e+00
3.910000000000000000e+02 -2.664583683013916016e+00
3.920000000000000000e+02 -2.670560836791992188e+00
3.930000000000000000e+02 -2.648602485656738281e+00
3.940000000000000000e+02 -2.670428276062011719e+00
3.950000000000000000e+02 -2.674762010574340820e+00
3.960000000000000000e+02 -2.664265394210815430e+00
3.970000000000000000e+02 -2.673644065856933594e+00
3.980000000000000000e+02 -2.677224397659301758e+00
3.990000000000000000e+02 -2.639656782150268555e+00
4.000000000000000000e+02 -2.654668331146240234e+00
4.010000000000000000e+02 -2.666354179382324219e+00
4.020000000000000000e+02 -2.629389286041259766e+00
4.030000000000000000e+02 -2.619116783142089844e+00
4.040000000000000000e+02 -2.619842529296875000e+00
4.050000000000000000e+02 -2.635688066482543945e+00
4.060000000000000000e+02 -2.662478923797607422e+00
4.070000000000000000e+02 -2.661863327026367188e+00
4.080000000000000000e+02 -2.626235008239746094e+00
4.090000000000000000e+02 -2.630452632904052734e+00
4.100000000000000000e+02 -2.670292139053344727e+00
4.110000000000000000e+02 -2.618235588073730469e+00
4.120000000000000000e+02 -2.616711616516113281e+00
4.130000000000000000e+02 -2.578407764434814453e+00
4.140000000000000000e+02 -2.597289562225341797e+00
4.150000000000000000e+02 -2.624439239501953125e+00
4.160000000000000000e+02 -2.614158153533935547e+00
4.170000000000000000e+02 -2.658774137496948242e+00
4.180000000000000000e+02 -2.654836654663085938e+00
4.190000000000000000e+02 -2.633773565292358398e+00
4.200000000000000000e+02 -2.670703649520874023e+00
4.210000000000000000e+02 -2.661561965942382812e+00
4.220000000000000000e+02 -2.665040254592895508e+00
4.230000000000000000e+02 -2.692115545272827148e+00
4.240000000000000000e+02 -2.675029754638671875e+00
4.250000000000000000e+02 -2.658535480499267578e+00
4.260000000000000000e+02 -2.603296756744384766e+00
4.270000000000000000e+02 -2.644440889358520508e+00
4.280000000000000000e+02 -2.652994394302368164e+00
4.290000000000000000e+02 -2.705396175384521484e+00
4.300000000000000000e+02 -2.691554069519042969e+00
4.310000000000000000e+02 -2.671504259109497070e+00
4.320000000000000000e+02 -2.683064699172973633e+00
4.330000000000000000e+02 -2.675803661346435547e+00
4.340000000000000000e+02 -2.673438549041748047e+00
4.350000000000000000e+02 -2.672667980194091797e+00
4.360000000000000000e+02 -2.668557167053222656e+00
4.370000000000000000e+02 -2.673241615295410156e+00
4.380000000000000000e+02 -2.647613286972045898e+00
4.390000000000000000e+02 -2.643707513809204102e+00
4.400000000000000000e+02 -2.670491933822631836e+00
4.410000000000000000e+02 -2.654922962188720703e+00
4.420000000000000000e+02 -2.634551048278808594e+00
4.430000000000000000e+02 -2.649807453155517578e+00
4.440000000000000000e+02 -2.637955904006958008e+00
4.450000000000000000e+02 -2.655624151229858398e+00
4.460000000000000000e+02 -2.670442342758178711e+00
4.470000000000000000e+02 -2.632102012634277344e+00
4.480000000000000000e+02 -2.637094736099243164e+00
4.490000000000000000e+02 -2.651467561721801758e+00
4.500000000000000000e+02 -2.690135478973388672e+00
4.510000000000000000e+02 -2.667620420455932617e+00
4.520000000000000000e+02 -2.664275407791137695e+00
4.530000000000000000e+02 -2.674528598785400391e+00
4.540000000000000000e+02 -2.649765491485595703e+00
4.550000000000000000e+02 -2.658928632736206055e+00
4.560000000000000000e+02 -2.621998786926269531e+00
4.570000000000000000e+02 -2.644062519073486328e+00
4.580000000000000000e+02 -2.655057907104492188e+00
4.590000000000000000e+02 -2.639496326446533203e+00
4.600000000000000000e+02 -2.635331153869628906e+00
4.610000000000000000e+02 -2.626862525939941406e+00
4.620000000000000000e+02 -2.630298614501953125e+00
4.630000000000000000e+02 -2.640725851058959961e+00
4.640000000000000000e+02 -2.677190542221069336e+00
4.650000000000000000e+02 -2.675468444824218750e+00
4.660000000000000000e+02 -2.651726484298706055e+00
4.670000000000000000e+02 -2.643428325653076172e+00
4.680000000000000000e+02 -2.634382724761962891e+00
4.690000000000000000e+02 -2.628145933151245117e+00
4.700000000000000000e+02 -2.614469051361083984e+00
4.710000000000000000e+02 -2.613834142684936523e+00
4.720000000000000000e+02 -2.633011579513549805e+00
4.730000000000000000e+02 -2.631405830383300781e+00
4.740000000000000000e+02 -2.662307500839233398e+00
4.750000000000000000e+02 -2.637387990951538086e+00
4.760000000000000000e+02 -2.614300727844238281e+00
4.770000000000000000e+02 -2.668479681015014648e+00
4.780000000000000000e+02 -2.620770692825317383e+00
4.790000000000000000e+02 -2.602266311645507812e+00
4.800000000000000000e+02 -2.634382247924804688e+00
4.810000000000000000e+02 -2.623043060302734375e+00
4.820000000000000000e+02 -2.613961458206176758e+00
4.830000000000000000e+02 -2.644665479660034180e+00
4.840000000000000000e+02 -2.646826505661010742e+00
4.850000000000000000e+02 -2.605208635330200195e+00
4.860000000000000000e+02 -2.602758407592773438e+00
4.870000000000000000e+02 -2.619119644165039062e+00
4.880000000000000000e+02 -2.594767808914184570e+00
4.890000000000000000e+02 -2.625735044479370117e+00
4.900000000000000000e+02 -2.664224863052368164e+00
4.910000000000000000e+02 -2.633802652359008789e+00
4.920000000000000000e+02 -2.613738536834716797e+00
4.930000000000000000e+02 -2.622179985046386719e+00
4.940000000000000000e+02 -2.630235195159912109e+00
4.950000000000000000e+02 -2.628322124481201172e+00
4.960000000000000000e+02 -2.642291545867919922e+00
4.970000000000000000e+02 -2.640950918197631836e+00
4.980000000000000000e+02 -2.650377750396728516e+00
4.990000000000000000e+02 -2.611250400543212891e+00
5.000000000000000000e+02 -2.636058330535888672e+00
5.010000000000000000e+02 -2.605316162109375000e+00
5.020000000000000000e+02 -2.640181779861450195e+00
5.030000000000000000e+02 -2.605123043060302734e+00
5.040000000000000000e+02 -2.604208946228027344e+00
5.050000000000000000e+02 -2.643118619918823242e+00
5.060000000000000000e+02 -2.595318794250488281e+00
5.070000000000000000e+02 -2.589627265930175781e+00
5.080000000000000000e+02 -2.638048648834228516e+00
5.090000000000000000e+02 -2.636784076690673828e+00
5.100000000000000000e+02 -2.613406419754028320e+00
5.110000000000000000e+02 -2.579495429992675781e+00
5.120000000000000000e+02 -2.626051425933837891e+00
5.130000000000000000e+02 -2.622881412506103516e+00
5.140000000000000000e+02 -2.628552198410034180e+00
5.150000000000000000e+02 -2.632241249084472656e+00
5.160000000000000000e+02 -2.658805608749389648e+00
5.170000000000000000e+02 -2.656509637832641602e+00
5.180000000000000000e+02 -2.593258380889892578e+00
5.190000000000000000e+02 -2.665609359741210938e+00
5.200000000000000000e+02 -2.672109127044677734e+00
5.210000000000000000e+02 -2.656281232833862305e+00
5.220000000000000000e+02 -2.642512798309326172e+00
5.230000000000000000e+02 -2.632094383239746094e+00
5.240000000000000000e+02 -2.659521579742431641e+00
5.250000000000000000e+02 -2.689609050750732422e+00
5.260000000000000000e+02 -2.676312446594238281e+00
5.270000000000000000e+02 -2.717134237289428711e+00
5.280000000000000000e+02 -2.680352449417114258e+00
5.290000000000000000e+02 -2.689478158950805664e+00
5.300000000000000000e+02 -2.685567378997802734e+00
5.310000000000000000e+02 -2.679550170898437500e+00
5.320000000000000000e+02 -2.711710214614868164e+00
5.330000000000000000e+02 -2.680574178695678711e+00
5.340000000000000000e+02 -2.687015295028686523e+00
5.350000000000000000e+02 -2.635387897491455078e+00
5.360000000000000000e+02 -2.632744789123535156e+00
5.370000000000000000e+02 -2.642141103744506836e+00
5.380000000000000000e+02 -2.658181667327880859e+00
5.390000000000000000e+02 -2.683001279830932617e+00
5.400000000000000000e+02 -2.676706790924072266e+00
5.410000000000000000e+02 -2.661273956298828125e+00
5.420000000000000000e+02 -2.648824930191040039e+00
5.430000000000000000e+02 -2.675118684768676758e+00
5.440000000000000000e+02 -2.705279827117919922e+00
5.450000000000000000e+02 -2.648682594299316406e+00
5.460000000000000000e+02 -2.653878927230834961e+00
5.470000000000000000e+02 -2.665500640869140625e+00
5.480000000000000000e+02 -2.663614511489868164e+00
5.490000000000000000e+02 -2.644226074218750000e+00
5.500000000000000000e+02 -2.618909835815429688e+00
5.510000000000000000e+02 -2.667799472808837891e+00
5.520000000000000000e+02 -2.680853843688964844e+00
5.530000000000000000e+02 -2.645399093627929688e+00
5.540000000000000000e+02 -2.642287254333496094e+00
5.550000000000000000e+02 -2.640729665756225586e+00
5.560000000000000000e+02 -2.648683547973632812e+00
5.570000000000000000e+02 -2.618031263351440430e+00
5.580000000000000000e+02 -2.624121904373168945e+00
5.590000000000000000e+02 -2.632069110870361328e+00
5.600000000000000000e+02 -2.648980140686035156e+00
5.610000000000000000e+02 -2.642731904983520508e+00
5.620000000000000000e+02 -2.648519515991210938e+00
5.630000000000000000e+02 -2.674326419830322266e+00
5.640000000000000000e+02 -2.650064229965209961e+00
5.650000000000000000e+02 -2.620167732238769531e+00
5.660000000000000000e+02 -2.613050937652587891e+00
5.670000000000000000e+02 -2.587912082672119141e+00
5.680000000000000000e+02 -2.634097576141357422e+00
5.690000000000000000e+02 -2.609709501266479492e+00
5.700000000000000000e+02 -2.609690666198730469e+00
5.710000000000000000e+02 -2.649174690246582031e+00
5.720000000000000000e+02 -2.654249668121337891e+00
5.730000000000000000e+02 -2.658576488494873047e+00
5.740000000000000000e+02 -2.665294170379638672e+00
5.750000000000000000e+02 -2.656503915786743164e+00
5.760000000000000000e+02 -2.623235225677490234e+00
5.770000000000000000e+02 -2.647688865661621094e+00
5.780000000000000000e+02 -2.654765367507934570e+00
5.790000000000000000e+02 -2.702176570892333984e+00
5.800000000000000000e+02 -2.669668674468994141e+00
5.810000000000000000e+02 -2.625510931015014648e+00
5.820000000000000000e+02 -2.632963657379150391e+00
5.830000000000000000e+02 -2.636826992034912109e+00
5.840000000000000000e+02 -2.666802883148193359e+00
5.850000000000000000e+02 -2.647918701171875000e+00
5.860000000000000000e+02 -2.655552625656127930e+00
5.870000000000000000e+02 -2.656104803085327148e+00
5.880000000000000000e+02 -2.712639331817626953e+00
5.890000000000000000e+02 -2.669717788696289062e+00
5.900000000000000000e+02 -2.618520259857177734e+00
5.910000000000000000e+02 -2.637585401535034180e+00
5.920000000000000000e+02 -2.638805389404296875e+00
5.930000000000000000e+02 -2.648116350173950195e+00
5.940000000000000000e+02 -2.655033588409423828e+00
5.950000000000000000e+02 -2.651991367340087891e+00
5.960000000000000000e+02 -2.690715789794921875e+00
5.970000000000000000e+02 -2.639334917068481445e+00
5.980000000000000000e+02 -2.649415493011474609e+00
5.990000000000000000e+02 -2.690381765365600586e+00
6.000000000000000000e+02 -2.680797100067138672e+00
6.010000000000000000e+02 -2.648248434066772461e+00
6.020000000000000000e+02 -2.612912893295288086e+00
6.030000000000000000e+02 -2.660274028778076172e+00
6.040000000000000000e+02 -2.630525112152099609e+00
6.050000000000000000e+02 -2.650014162063598633e+00
6.060000000000000000e+02 -2.666192531585693359e+00
6.070000000000000000e+02 -2.659776449203491211e+00
6.080000000000000000e+02 -2.711580991744995117e+00
6.090000000000000000e+02 -2.702751874923706055e+00
6.100000000000000000e+02 -2.685400485992431641e+00
6.110000000000000000e+02 -2.668200969696044922e+00
6.120000000000000000e+02 -2.692788839340209961e+00
6.130000000000000000e+02 -2.648549079895019531e+00
6.140000000000000000e+02 -2.629348754882812500e+00
6.150000000000000000e+02 -2.658705472946166992e+00
6.160000000000000000e+02 -2.645167112350463867e+00
6.170000000000000000e+02 -2.619729757308959961e+00
6.180000000000000000e+02 -2.648317337036132812e+00
6.190000000000000000e+02 -2.657628297805786133e+00
6.200000000000000000e+02 -2.647341966629028320e+00
6.210000000000000000e+02 -2.603688478469848633e+00
6.220000000000000000e+02 -2.615814685821533203e+00
6.230000000000000000e+02 -2.614416360855102539e+00
6.240000000000000000e+02 -2.646269798278808594e+00
6.250000000000000000e+02 -2.625882387161254883e+00
6.260000000000000000e+02 -2.625803709030151367e+00
6.270000000000000000e+02 -2.640974521636962891e+00
6.280000000000000000e+02 -2.657041549682617188e+00
6.290000000000000000e+02 -2.635095119476318359e+00
6.300000000000000000e+02 -2.608617305755615234e+00
6.310000000000000000e+02 -2.613011360168457031e+00
6.320000000000000000e+02 -2.605273008346557617e+00
6.330000000000000000e+02 -2.615080595016479492e+00
6.340000000000000000e+02 -2.616548061370849609e+00
6.350000000000000000e+02 -2.655850172042846680e+00
6.360000000000000000e+02 -2.668885231018066406e+00
6.370000000000000000e+02 -2.651539802551269531e+00
6.380000000000000000e+02 -2.646821975708007812e+00
6.390000000000000000e+02 -2.650581836700439453e+00
6.400000000000000000e+02 -2.637881994247436523e+00
6.410000000000000000e+02 -2.636029243469238281e+00
6.420000000000000000e+02 -2.624691724777221680e+00
6.430000000000000000e+02 -2.631344318389892578e+00
6.440000000000000000e+02 -2.614513397216796875e+00
6.450000000000000000e+02 -2.633550882339477539e+00
6.460000000000000000e+02 -2.659002780914306641e+00
6.470000000000000000e+02 -2.663987874984741211e+00
6.480000000000000000e+02 -2.650396823883056641e+00
6.490000000000000000e+02 -2.642790555953979492e+00
6.500000000000000000e+02 -2.633518695831298828e+00
6.510000000000000000e+02 -2.650064706802368164e+00
6.520000000000000000e+02 -2.657868385314941406e+00
6.530000000000000000e+02 -2.646827697753906250e+00
6.540000000000000000e+02 -2.657492637634277344e+00
6.550000000000000000e+02 -2.633467674255371094e+00
6.560000000000000000e+02 -2.674650430679321289e+00
6.570000000000000000e+02 -2.683705568313598633e+00
6.580000000000000000e+02 -2.674705743789672852e+00
6.590000000000000000e+02 -2.664420604705810547e+00
6.600000000000000000e+02 -2.694678544998168945e+00
6.610000000000000000e+02 -2.651958465576171875e+00
6.620000000000000000e+02 -2.675153970718383789e+00
6.630000000000000000e+02 -2.674848079681396484e+00
6.640000000000000000e+02 -2.686831474304199219e+00
6.650000000000000000e+02 -2.640043258666992188e+00
6.660000000000000000e+02 -2.631345748901367188e+00
6.670000000000000000e+02 -2.667661428451538086e+00
6.680000000000000000e+02 -2.668722152709960938e+00
6.690000000000000000e+02 -2.673060417175292969e+00
6.700000000000000000e+02 -2.712791442871093750e+00
6.710000000000000000e+02 -2.698983907699584961e+00
6.720000000000000000e+02 -2.700907230377197266e+00
6.730000000000000000e+02 -2.710979938507080078e+00
6.740000000000000000e+02 -2.736385583877563477e+00
6.750000000000000000e+02 -2.690840482711791992e+00
6.760000000000000000e+02 -2.628380060195922852e+00
6.770000000000000000e+02 -2.640313625335693359e+00
6.780000000000000000e+02 -2.634590864181518555e+00
6.790000000000000000e+02 -2.660700082778930664e+00
6.800000000000000000e+02 -2.689594268798828125e+00
6.810000000000000000e+02 -2.615896701812744141e+00
6.820000000000000000e+02 -2.657265424728393555e+00
6.830000000000000000e+02 -2.616813659667968750e+00
6.840000000000000000e+02 -2.641735792160034180e+00
6.850000000000000000e+02 -2.666428565979003906e+00
6.860000000000000000e+02 -2.654865503311157227e+00
6.870000000000000000e+02 -2.611907482147216797e+00
6.880000000000000000e+02 -2.637411832809448242e+00
6.890000000000000000e+02 -2.636792182922363281e+00
6.900000000000000000e+02 -2.643422842025756836e+00
6.910000000000000000e+02 -2.630295753479003906e+00
6.920000000000000000e+02 -2.590245485305786133e+00
6.930000000000000000e+02 -2.642563343048095703e+00
6.940000000000000000e+02 -2.651267766952514648e+00
6.950000000000000000e+02 -2.639717817306518555e+00
6.960000000000000000e+02 -2.669040679931640625e+00
6.970000000000000000e+02 -2.651358604431152344e+00
6.980000000000000000e+02 -2.650527954101562500e+00
6.990000000000000000e+02 -2.629972934722900391e+00
7.000000000000000000e+02 -2.628856182098388672e+00
7.010000000000000000e+02 -2.622517824172973633e+00
7.020000000000000000e+02 -2.613256216049194336e+00
7.030000000000000000e+02 -2.620454788208007812e+00
7.040000000000000000e+02 -2.626991748809814453e+00
7.050000000000000000e+02 -2.634537935256958008e+00
7.060000000000000000e+02 -2.610683202743530273e+00
7.070000000000000000e+02 -2.625123977661132812e+00
7.080000000000000000e+02 -2.605944156646728516e+00
7.090000000000000000e+02 -2.657157421112060547e+00
7.100000000000000000e+02 -2.636474847793579102e+00
7.110000000000000000e+02 -2.645039319992065430e+00
7.120000000000000000e+02 -2.641288042068481445e+00
7.130000000000000000e+02 -2.674863576889038086e+00
7.140000000000000000e+02 -2.657215356826782227e+00
7.150000000000000000e+02 -2.628991365432739258e+00
7.160000000000000000e+02 -2.629001140594482422e+00
7.170000000000000000e+02 -2.588939428329467773e+00
7.180000000000000000e+02 -2.594742536544799805e+00
7.190000000000000000e+02 -2.646397113800048828e+00
7.200000000000000000e+02 -2.603594541549682617e+00
7.210000000000000000e+02 -2.620870113372802734e+00
7.220000000000000000e+02 -2.636609554290771484e+00
7.230000000000000000e+02 -2.627025842666625977e+00
7.240000000000000000e+02 -2.666372776031494141e+00
7.250000000000000000e+02 -2.653004169464111328e+00
7.260000000000000000e+02 -2.625537633895874023e+00
7.270000000000000000e+02 -2.604113578796386719e+00
7.280000000000000000e+02 -2.605133056640625000e+00
7.290000000000000000e+02 -2.622065067291259766e+00
7.300000000000000000e+02 -2.608238458633422852e+00
7.310000000000000000e+02 -2.610076665878295898e+00
7.320000000000000000e+02 -2.607954025268554688e+00
7.330000000000000000e+02 -2.593024015426635742e+00
7.340000000000000000e+02 -2.596114635467529297e+00
7.350000000000000000e+02 -2.622705936431884766e+00
7.360000000000000000e+02 -2.625465393066406250e+00
7.370000000000000000e+02 -2.644211530685424805e+00
7.380000000000000000e+02 -2.629645109176635742e+00
7.390000000000000000e+02 -2.656356573104858398e+00
7.400000000000000000e+02 -2.638509035110473633e+00
7.410000000000000000e+02 -2.650641441345214844e+00
7.420000000000000000e+02 -2.658123254776000977e+00
7.430000000000000000e+02 -2.682667970657348633e+00
7.440000000000000000e+02 -2.667803287506103516e+00
7.450000000000000000e+02 -2.644385576248168945e+00
7.460000000000000000e+02 -2.638561964035034180e+00
7.470000000000000000e+02 -2.639643669128417969e+00
7.480000000000000000e+02 -2.651229143142700195e+00
7.490000000000000000e+02 -2.614692211151123047e+00
7.500000000000000000e+02 -2.628941297531127930e+00
7.510000000000000000e+02 -2.620880126953125000e+00
7.520000000000000000e+02 -2.593725442886352539e+00
7.530000000000000000e+02 -2.603415012359619141e+00
7.540000000000000000e+02 -2.614534378051757812e+00
7.550000000000000000e+02 -2.628526210784912109e+00
7.560000000000000000e+02 -2.613152265548706055e+00
7.570000000000000000e+02 -2.630762338638305664e+00
7.580000000000000000e+02 -2.665648460388183594e+00
7.590000000000000000e+02 -2.638374805450439453e+00
7.600000000000000000e+02 -2.637628316879272461e+00
7.610000000000000000e+02 -2.670396327972412109e+00
7.620000000000000000e+02 -2.644722938537597656e+00
7.630000000000000000e+02 -2.639429092407226562e+00
7.640000000000000000e+02 -2.643994569778442383e+00
7.650000000000000000e+02 -2.604452848434448242e+00
7.660000000000000000e+02 -2.659013032913208008e+00
7.670000000000000000e+02 -2.632731199264526367e+00
7.680000000000000000e+02 -2.612838268280029297e+00
7.690000000000000000e+02 -2.626981019973754883e+00
7.700000000000000000e+02 -2.607100963592529297e+00
7.710000000000000000e+02 -2.619894981384277344e+00
7.720000000000000000e+02 -2.630479574203491211e+00
7.730000000000000000e+02 -2.620729207992553711e+00
7.740000000000000000e+02 -2.632543563842773438e+00
7.750000000000000000e+02 -2.638901948928833008e+00
7.760000000000000000e+02 -2.614365816116333008e+00
7.770000000000000000e+02 -2.661586046218872070e+00
7.780000000000000000e+02 -2.627978324890136719e+00
7.790000000000000000e+02 -2.672556638717651367e+00
7.800000000000000000e+02 -2.660192489624023438e+00
7.810000000000000000e+02 -2.652851819992065430e+00
7.820000000000000000e+02 -2.650895118713378906e+00
7.830000000000000000e+02 -2.664788007736206055e+00
7.840000000000000000e+02 -2.648205995559692383e+00
7.850000000000000000e+02 -2.664271831512451172e+00
7.860000000000000000e+02 -2.657130956649780273e+00
7.870000000000000000e+02 -2.647767305374145508e+00
7.880000000000000000e+02 -2.657586097717285156e+00
7.890000000000000000e+02 -2.654138565063476562e+00
7.900000000000000000e+02 -2.686800718307495117e+00
7.910000000000000000e+02 -2.679595232009887695e+00
7.920000000000000000e+02 -2.665367603302001953e+00
7.930000000000000000e+02 -2.655163526535034180e+00
7.940000000000000000e+02 -2.671772480010986328e+00
7.950000000000000000e+02 -2.656893253326416016e+00
7.960000000000000000e+02 -2.654933691024780273e+00
7.970000000000000000e+02 -2.656269788742065430e+00
7.980000000000000000e+02 -2.683279514312744141e+00
7.990000000000000000e+02 -2.701788425445556641e+00
8.000000000000000000e+02 -2.650589942932128906e+00
8.010000000000000000e+02 -2.686369180679321289e+00
8.020000000000000000e+02 -2.683720111846923828e+00
8.030000000000000000e+02 -2.737371921539306641e+00
8.040000000000000000e+02 -2.684769392013549805e+00
8.050000000000000000e+02 -2.697723627090454102e+00
8.060000000000000000e+02 -2.685806751251220703e+00
8.070000000000000000e+02 -2.678843259811401367e+00
8.080000000000000000e+02 -2.655195474624633789e+00
8.090000000000000000e+02 -2.661571025848388672e+00
8.100000000000000000e+02 -2.651855468750000000e+00
8.110000000000000000e+02 -2.659721374511718750e+00
8.120000000000000000e+02 -2.638699054718017578e+00
8.130000000000000000e+02 -2.652055025100708008e+00
8.140000000000000000e+02 -2.634900331497192383e+00
8.150000000000000000e+02 -2.666483402252197266e+00
8.160000000000000000e+02 -2.660444021224975586e+00
8.170000000000000000e+02 -2.636686563491821289e+00
8.180000000000000000e+02 -2.680794954299926758e+00
8.190000000000000000e+02 -2.652681112289428711e+00
8.200000000000000000e+02 -2.642156124114990234e+00
8.210000000000000000e+02 -2.607896566390991211e+00
8.220000000000000000e+02 -2.643372774124145508e+00
8.230000000000000000e+02 -2.608311176300048828e+00
8.240000000000000000e+02 -2.639020919799804688e+00
8.250000000000000000e+02 -2.592364311218261719e+00
8.260000000000000000e+02 -2.610519886016845703e+00
8.270000000000000000e+02 -2.635020732879638672e+00
8.280000000000000000e+02 -2.665896415710449219e+00
8.290000000000000000e+02 -2.651916980743408203e+00
8.300000000000000000e+02 -2.656729698181152344e+00
8.310000000000000000e+02 -2.679482698440551758e+00
8.320000000000000000e+02 -2.637235403060913086e+00
8.330000000000000000e+02 -2.650747299194335938e+00
8.340000000000000000e+02 -2.646184921264648438e+00
8.350000000000000000e+02 -2.641450405120849609e+00
8.360000000000000000e+02 -2.641783237457275391e+00
8.370000000000000000e+02 -2.639177322387695312e+00
8.380000000000000000e+02 -2.690094709396362305e+00
8.390000000000000000e+02 -2.650922536849975586e+00
8.400000000000000000e+02 -2.669855356216430664e+00
8.410000000000000000e+02 -2.685833930969238281e+00
8.420000000000000000e+02 -2.650370121002197266e+00
8.430000000000000000e+02 -2.661566019058227539e+00
8.440000000000000000e+02 -2.656423091888427734e+00
8.450000000000000000e+02 -2.660522222518920898e+00
8.460000000000000000e+02 -2.641413450241088867e+00
8.470000000000000000e+02 -2.608786344528198242e+00
8.480000000000000000e+02 -2.640004634857177734e+00
8.490000000000000000e+02 -2.625751972198486328e+00
8.500000000000000000e+02 -2.637944221496582031e+00
8.510000000000000000e+02 -2.624994993209838867e+00
8.520000000000000000e+02 -2.665018796920776367e+00
8.530000000000000000e+02 -2.647176980972290039e+00
8.540000000000000000e+02 -2.622048616409301758e+00
8.550000000000000000e+02 -2.631435632705688477e+00
8.560000000000000000e+02 -2.656364440917968750e+00
8.570000000000000000e+02 -2.648917436599731445e+00
8.580000000000000000e+02 -2.633887529373168945e+00
8.590000000000000000e+02 -2.674241542816162109e+00
8.600000000000000000e+02 -2.655630588531494141e+00
8.610000000000000000e+02 -2.669898271560668945e+00
8.620000000000000000e+02 -2.665068149566650391e+00
8.630000000000000000e+02 -2.669441223144531250e+00
8.640000000000000000e+02 -2.705096006393432617e+00
8.650000000000000000e+02 -2.712525606155395508e+00
8.660000000000000000e+02 -2.668278455734252930e+00
8.670000000000000000e+02 -2.658700942993164062e+00
8.680000000000000000e+02 -2.654860734939575195e+00
8.690000000000000000e+02 -2.700859546661376953e+00
8.700000000000000000e+02 -2.685099363327026367e+00
8.710000000000000000e+02 -2.681856393814086914e+00
8.720000000000000000e+02 -2.683173656463623047e+00
8.730000000000000000e+02 -2.622870683670043945e+00
8.740000000000000000e+02 -2.656899929046630859e+00
8.750000000000000000e+02 -2.639395713806152344e+00
8.760000000000000000e+02 -2.662850141525268555e+00
8.770000000000000000e+02 -2.624395370483398438e+00
8.780000000000000000e+02 -2.648221015930175781e+00
8.790000000000000000e+02 -2.653919935226440430e+00
8.800000000000000000e+02 -2.658393144607543945e+00
8.810000000000000000e+02 -2.666739225387573242e+00
8.820000000000000000e+02 -2.645273923873901367e+00
8.830000000000000000e+02 -2.654451131820678711e+00
8.840000000000000000e+02 -2.639226198196411133e+00
8.850000000000000000e+02 -2.656250953674316406e+00
8.860000000000000000e+02 -2.643958330154418945e+00
8.870000000000000000e+02 -2.643159866333007812e+00
8.880000000000000000e+02 -2.636154651641845703e+00
8.890000000000000000e+02 -2.633209228515625000e+00
8.900000000000000000e+02 -2.658114910125732422e+00
8.910000000000000000e+02 -2.618344068527221680e+00
8.920000000000000000e+02 -2.633319854736328125e+00
8.930000000000000000e+02 -2.659962654113769531e+00
8.940000000000000000e+02 -2.627450942993164062e+00
8.950000000000000000e+02 -2.617532730102539062e+00
8.960000000000000000e+02 -2.647923946380615234e+00
8.970000000000000000e+02 -2.657995223999023438e+00
8.980000000000000000e+02 -2.658953666687011719e+00
8.990000000000000000e+02 -2.637957334518432617e+00
9.000000000000000000e+02 -2.655563831329345703e+00
9.010000000000000000e+02 -2.654758691787719727e+00
9.020000000000000000e+02 -2.656231164932250977e+00
9.030000000000000000e+02 -2.658370494842529297e+00
9.040000000000000000e+02 -2.652551174163818359e+00
9.050000000000000000e+02 -2.645426034927368164e+00
9.060000000000000000e+02 -2.661922454833984375e+00
9.070000000000000000e+02 -2.645615577697753906e+00
9.080000000000000000e+02 -2.673061370849609375e+00
9.090000000000000000e+02 -2.665673017501831055e+00
9.100000000000000000e+02 -2.632850170135498047e+00
9.110000000000000000e+02 -2.679327964782714844e+00
9.120000000000000000e+02 -2.658518791198730469e+00
9.130000000000000000e+02 -2.597518444061279297e+00
9.140000000000000000e+02 -2.614086627960205078e+00
9.150000000000000000e+02 -2.665823221206665039e+00
9.160000000000000000e+02 -2.677324771881103516e+00
9.170000000000000000e+02 -2.684002161026000977e+00
9.180000000000000000e+02 -2.652736186981201172e+00
9.190000000000000000e+02 -2.677285432815551758e+00
9.200000000000000000e+02 -2.671073913574218750e+00
9.210000000000000000e+02 -2.654511451721191406e+00
9.220000000000000000e+02 -2.693509578704833984e+00
9.230000000000000000e+02 -2.700701236724853516e+00
9.240000000000000000e+02 -2.646140575408935547e+00
9.250000000000000000e+02 -2.666486740112304688e+00
9.260000000000000000e+02 -2.700530052185058594e+00
9.270000000000000000e+02 -2.684723377227783203e+00
9.280000000000000000e+02 -2.656366109848022461e+00
9.290000000000000000e+02 -2.651830911636352539e+00
9.300000000000000000e+02 -2.662919759750366211e+00
9.310000000000000000e+02 -2.669526576995849609e+00
9.320000000000000000e+02 -2.650254726409912109e+00
9.330000000000000000e+02 -2.685809135437011719e+00
9.340000000000000000e+02 -2.678100109100341797e+00
9.350000000000000000e+02 -2.616655349731445312e+00
9.360000000000000000e+02 -2.636151552200317383e+00
9.370000000000000000e+02 -2.651065349578857422e+00
9.380000000000000000e+02 -2.643807649612426758e+00
9.390000000000000000e+02 -2.609872341156005859e+00
9.400000000000000000e+02 -2.614925384521484375e+00
9.410000000000000000e+02 -2.599555969238281250e+00
9.420000000000000000e+02 -2.605418205261230469e+00
9.430000000000000000e+02 -2.634765148162841797e+00
9.440000000000000000e+02 -2.649810075759887695e+00
9.450000000000000000e+02 -2.622107505798339844e+00
9.460000000000000000e+02 -2.580948352813720703e+00
9.470000000000000000e+02 -2.636797904968261719e+00
9.480000000000000000e+02 -2.625022411346435547e+00
9.490000000000000000e+02 -2.601448774337768555e+00
9.500000000000000000e+02 -2.600177764892578125e+00
9.510000000000000000e+02 -2.607236385345458984e+00
9.520000000000000000e+02 -2.577707290649414062e+00
9.530000000000000000e+02 -2.570558547973632812e+00
9.540000000000000000e+02 -2.627541780471801758e+00
9.550000000000000000e+02 -2.645722866058349609e+00
9.560000000000000000e+02 -2.621632575988769531e+00
9.570000000000000000e+02 -2.628024101257324219e+00
9.580000000000000000e+02 -2.613545417785644531e+00
9.590000000000000000e+02 -2.625410556793212891e+00
9.600000000000000000e+02 -2.642290353775024414e+00
9.610000000000000000e+02 -2.609011650085449219e+00
9.620000000000000000e+02 -2.598029375076293945e+00
9.630000000000000000e+02 -2.638279914855957031e+00
9.640000000000000000e+02 -2.620510578155517578e+00
9.650000000000000000e+02 -2.621444225311279297e+00
9.660000000000000000e+02 -2.602926254272460938e+00
9.670000000000000000e+02 -2.641836881637573242e+00
9.680000000000000000e+02 -2.623671054840087891e+00
9.690000000000000000e+02 -2.612376213073730469e+00
9.700000000000000000e+02 -2.601396322250366211e+00
9.710000000000000000e+02 -2.582781314849853516e+00
9.720000000000000000e+02 -2.578071355819702148e+00
9.730000000000000000e+02 -2.617359399795532227e+00
9.740000000000000000e+02 -2.602013587951660156e+00
9.750000000000000000e+02 -2.596232652664184570e+00
9.760000000000000000e+02 -2.590181827545166016e+00
9.770000000000000000e+02 -2.608099460601806641e+00
9.780000000000000000e+02 -2.628955364227294922e+00
9.790000000000000000e+02 -2.585994005203247070e+00
9.800000000000000000e+02 -2.604431152343750000e+00
9.810000000000000000e+02 -2.596553564071655273e+00
9.820000000000000000e+02 -2.598985195159912109e+00
9.830000000000000000e+02 -2.617391824722290039e+00
9.840000000000000000e+02 -2.606879472732543945e+00
9.850000000000000000e+02 -2.640717267990112305e+00
9.860000000000000000e+02 -2.614925384521484375e+00
9.870000000000000000e+02 -2.628868818283081055e+00
9.880000000000000000e+02 -2.621730089187622070e+00
9.890000000000000000e+02 -2.638649702072143555e+00
9.900000000000000000e+02 -2.647285938262939453e+00
9.910000000000000000e+02 -2.616471767425537109e+00
9.920000000000000000e+02 -2.626431465148925781e+00
9.930000000000000000e+02 -2.612324237823486328e+00
9.940000000000000000e+02 -2.624627590179443359e+00
9.950000000000000000e+02 -2.642774105072021484e+00
9.960000000000000000e+02 -2.605576992034912109e+00
9.970000000000000000e+02 -2.619068861007690430e+00
9.980000000000000000e+02 -2.640399456024169922e+00
9.990000000000000000e+02 -2.622973680496215820e+00
1.000000000000000000e+03 -2.596177577972412109e+00
1.001000000000000000e+03 -2.626747369766235352e+00
1.002000000000000000e+03 -2.585594177246093750e+00
1.003000000000000000e+03 -2.608745574951171875e+00
1.004000000000000000e+03 -2.622659683227539062e+00
1.005000000000000000e+03 -2.657982349395751953e+00
1.006000000000000000e+03 -2.631450653076171875e+00
1.007000000000000000e+03 -2.623854160308837891e+00
1.008000000000000000e+03 -2.617418289184570312e+00
1.009000000000000000e+03 -2.579942464828491211e+00
1.010000000000000000e+03 -2.560412645339965820e+00
1.011000000000000000e+03 -2.589465141296386719e+00
1.012000000000000000e+03 -2.631960868835449219e+00
1.013000000000000000e+03 -2.649415254592895508e+00
1.014000000000000000e+03 -2.635182857513427734e+00
1.015000000000000000e+03 -2.656551122665405273e+00
1.016000000000000000e+03 -2.654512405395507812e+00
1.017000000000000000e+03 -2.653843164443969727e+00
1.018000000000000000e+03 -2.661175012588500977e+00
1.019000000000000000e+03 -2.605611085891723633e+00
1.020000000000000000e+03 -2.624585628509521484e+00
1.021000000000000000e+03 -2.652786254882812500e+00
1.022000000000000000e+03 -2.648278474807739258e+00
1.023000000000000000e+03 -2.623393297195434570e+00
1.024000000000000000e+03 -2.640053749084472656e+00
1.025000000000000000e+03 -2.660374402999877930e+00
1.026000000000000000e+03 -2.642758846282958984e+00
1.027000000000000000e+03 -2.630594491958618164e+00
1.028000000000000000e+03 -2.637145519256591797e+00
1.029000000000000000e+03 -2.633968114852905273e+00
1.030000000000000000e+03 -2.624058485031127930e+00
1.031000000000000000e+03 -2.645708084106445312e+00
1.032000000000000000e+03 -2.609213590621948242e+00
1.033000000000000000e+03 -2.629016399383544922e+00
1.034000000000000000e+03 -2.683390378952026367e+00
1.035000000000000000e+03 -2.669334173202514648e+00
1.036000000000000000e+03 -2.611624479293823242e+00
1.037000000000000000e+03 -2.655377388000488281e+00
1.038000000000000000e+03 -2.656985044479370117e+00
1.039000000000000000e+03 -2.654294967651367188e+00
1.040000000000000000e+03 -2.660154342651367188e+00
1.041000000000000000e+03 -2.649967432022094727e+00
1.042000000000000000e+03 -2.632687568664550781e+00
1.043000000000000000e+03 -2.631494522094726562e+00
1.044000000000000000e+03 -2.645024299621582031e+00
1.045000000000000000e+03 -2.598778724670410156e+00
1.046000000000000000e+03 -2.604363441467285156e+00
1.047000000000000000e+03 -2.618409156799316406e+00
1.048000000000000000e+03 -2.603978872299194336e+00
1.049000000000000000e+03 -2.616333961486816406e+00
1.050000000000000000e+03 -2.594164371490478516e+00
1.051000000000000000e+03 -2.650225639343261719e+00
1.052000000000000000e+03 -2.626273155212402344e+00
1.053000000000000000e+03 -2.593564510345458984e+00
1.054000000000000000e+03 -2.603193283081054688e+00
1.055000000000000000e+03 -2.612246990203857422e+00
1.056000000000000000e+03 -2.605417013168334961e+00
1.057000000000000000e+03 -2.616652011871337891e+00
1.058000000000000000e+03 -2.645982980728149414e+00
1.059000000000000000e+03 -2.645346164703369141e+00
1.060000000000000000e+03 -2.689943790435791016e+00
1.061000000000000000e+03 -2.672226667404174805e+00
1.062000000000000000e+03 -2.668651342391967773e+00
1.063000000000000000e+03 -2.657014131546020508e+00
1.064000000000000000e+03 -2.663928985595703125e+00
1.065000000000000000e+03 -2.640108346939086914e+00
1.066000000000000000e+03 -2.677040576934814453e+00
1.067000000000000000e+03 -2.656565904617309570e+00
1.068000000000000000e+03 -2.683327436447143555e+00
1.069000000000000000e+03 -2.680109262466430664e+00
1.070000000000000000e+03 -2.630289793014526367e+00
1.071000000000000000e+03 -2.643601417541503906e+00
1.072000000000000000e+03 -2.649127721786499023e+00
1.073000000000000000e+03 -2.655180215835571289e+00
1.074000000000000000e+03 -2.639358282089233398e+00
1.075000000000000000e+03 -2.620041131973266602e+00
1.076000000000000000e+03 -2.606104135513305664e+00
1.077000000000000000e+03 -2.610856533050537109e+00
1.078000000000000000e+03 -2.605368137359619141e+00
1.079000000000000000e+03 -2.656804084777832031e+00
1.080000000000000000e+03 -2.621893167495727539e+00
1.081000000000000000e+03 -2.631098270416259766e+00
1.082000000000000000e+03 -2.606925964355468750e+00
1.083000000000000000e+03 -2.608560085296630859e+00
1.084000000000000000e+03 -2.608191490173339844e+00
1.085000000000000000e+03 -2.587140083312988281e+00
1.086000000000000000e+03 -2.594980001449584961e+00
1.087000000000000000e+03 -2.652029037475585938e+00
1.088000000000000000e+03 -2.620553493499755859e+00
1.089000000000000000e+03 -2.626499652862548828e+00
1.090000000000000000e+03 -2.601622104644775391e+00
1.091000000000000000e+03 -2.598795413970947266e+00
1.092000000000000000e+03 -2.628798007965087891e+00
1.093000000000000000e+03 -2.646572589874267578e+00
1.094000000000000000e+03 -2.620649576187133789e+00
1.095000000000000000e+03 -2.604351997375488281e+00
1.096000000000000000e+03 -2.630650281906127930e+00
1.097000000000000000e+03 -2.593367815017700195e+00
1.098000000000000000e+03 -2.598005771636962891e+00
1.099000000000000000e+03 -2.618569374084472656e+00
1.100000000000000000e+03 -2.629632234573364258e+00
1.101000000000000000e+03 -2.611581563949584961e+00
1.102000000000000000e+03 -2.658380270004272461e+00
1.103000000000000000e+03 -2.663878440856933594e+00
1.104000000000000000e+03 -2.634054660797119141e+00
1.105000000000000000e+03 -2.635602712631225586e+00
1.106000000000000000e+03 -2.623227834701538086e+00
1.107000000000000000e+03 -2.654858589172363281e+00
1.108000000000000000e+03 -2.619094610214233398e+00
1.109000000000000000e+03 -2.633663654327392578e+00
1.110000000000000000e+03 -2.651419639587402344e+00
1.111000000000000000e+03 -2.625864505767822266e+00
1.112000000000000000e+03 -2.605674266815185547e+00
1.113000000000000000e+03 -2.601813793182373047e+00
1.114000000000000000e+03 -2.584030151367187500e+00
1.115000000000000000e+03 -2.586833238601684570e+00
1.116000000000000000e+03 -2.595518589019775391e+00
1.117000000000000000e+03 -2.635735750198364258e+00
1.118000000000000000e+03 -2.609426021575927734e+00
1.119000000000000000e+03 -2.583853244781494141e+00
1.120000000000000000e+03 -2.615728616714477539e+00
1.121000000000000000e+03 -2.634785175323486328e+00
1.122000000000000000e+03 -2.599895954132080078e+00
1.123000000000000000e+03 -2.573666334152221680e+00
1.124000000000000000e+03 -2.603861093521118164e+00
1.125000000000000000e+03 -2.623097658157348633e+00
1.126000000000000000e+03 -2.607547283172607422e+00
1.127000000000000000e+03 -2.610579013824462891e+00
1.128000000000000000e+03 -2.602130413055419922e+00
1.129000000000000000e+03 -2.629443883895874023e+00
1.130000000000000000e+03 -2.605012416839599609e+00
1.131000000000000000e+03 -2.598922729492187500e+00
1.132000000000000000e+03 -2.651858568191528320e+00
1.133000000000000000e+03 -2.625052690505981445e+00
1.134000000000000000e+03 -2.627544641494750977e+00
1.135000000000000000e+03 -2.624450206756591797e+00
1.136000000000000000e+03 -2.643350124359130859e+00
1.137000000000000000e+03 -2.623754501342773438e+00
1.138000000000000000e+03 -2.643615722656250000e+00
1.139000000000000000e+03 -2.635100364685058594e+00
1.140000000000000000e+03 -2.629468679428100586e+00
1.141000000000000000e+03 -2.623409509658813477e+00
1.142000000000000000e+03 -2.634876728057861328e+00
1.143000000000000000e+03 -2.653756856918334961e+00
1.144000000000000000e+03 -2.664179325103759766e+00
1.145000000000000000e+03 -2.652374744415283203e+00
1.146000000000000000e+03 -2.666023492813110352e+00
1.147000000000000000e+03 -2.616209983825683594e+00
1.148000000000000000e+03 -2.632818698883056641e+00
1.149000000000000000e+03 -2.654210090637207031e+00
1.150000000000000000e+03 -2.657709360122680664e+00
1.151000000000000000e+03 -2.638539075851440430e+00
1.152000000000000000e+03 -2.601180076599121094e+00
1.153000000000000000e+03 -2.623117923736572266e+00
1.154000000000000000e+03 -2.605316162109375000e+00
1.155000000000000000e+03 -2.640486001968383789e+00
1.156000000000000000e+03 -2.664529323577880859e+00
1.157000000000000000e+03 -2.673992872238159180e+00
1.158000000000000000e+03 -2.658310413360595703e+00
1.159000000000000000e+03 -2.662197351455688477e+00
1.160000000000000000e+03 -2.665204524993896484e+00
1.161000000000000000e+03 -2.657742023468017578e+00
1.162000000000000000e+03 -2.632058620452880859e+00
1.163000000000000000e+03 -2.614439487457275391e+00
1.164000000000000000e+03 -2.641292572021484375e+00
1.165000000000000000e+03 -2.665124654769897461e+00
1.166000000000000000e+03 -2.683409214019775391e+00
1.167000000000000000e+03 -2.683627605438232422e+00
1.168000000000000000e+03 -2.663417100906372070e+00
1.169000000000000000e+03 -2.622826099395751953e+00
1.170000000000000000e+03 -2.658742189407348633e+00
1.171000000000000000e+03 -2.652903556823730469e+00
1.172000000000000000e+03 -2.622777223587036133e+00
1.173000000000000000e+03 -2.655802249908447266e+00
1.174000000000000000e+03 -2.661712408065795898e+00
1.175000000000000000e+03 -2.646873235702514648e+00
1.176000000000000000e+03 -2.643769741058349609e+00
1.177000000000000000e+03 -2.653214454650878906e+00
1.178000000000000000e+03 -2.656270980834960938e+00
1.179000000000000000e+03 -2.652005672454833984e+00
1.180000000000000000e+03 -2.683871746063232422e+00
1.181000000000000000e+03 -2.682175397872924805e+00
1.182000000000000000e+03 -2.690947771072387695e+00
1.183000000000000000e+03 -2.669372320175170898e+00
1.184000000000000000e+03 -2.644729614257812500e+00
1.185000000000000000e+03 -2.654378890991210938e+00
1.186000000000000000e+03 -2.669683933258056641e+00
1.187000000000000000e+03 -2.655627965927124023e+00
1.188000000000000000e+03 -2.633999109268188477e+00
1.189000000000000000e+03 -2.682999134063720703e+00
1.190000000000000000e+03 -2.653026103973388672e+00
1.191000000000000000e+03 -2.638831138610839844e+00
1.192000000000000000e+03 -2.666124820709228516e+00
1.193000000000000000e+03 -2.669440269470214844e+00
1.194000000000000000e+03 -2.652601718902587891e+00
1.195000000000000000e+03 -2.632333993911743164e+00
1.196000000000000000e+03 -2.624206542968750000e+00
1.197000000000000000e+03 -2.664627075195312500e+00
1.198000000000000000e+03 -2.679747343063354492e+00
1.199000000000000000e+03 -2.651711940765380859e+00
1.200000000000000000e+03 -2.661364078521728516e+00
1.201000000000000000e+03 -2.657611370086669922e+00
1.202000000000000000e+03 -2.675770759582519531e+00
1.203000000000000000e+03 -2.668186426162719727e+00
1.204000000000000000e+03 -2.674436807632446289e+00
1.205000000000000000e+03 -2.673214673995971680e+00
1.206000000000000000e+03 -2.631446123123168945e+00
1.207000000000000000e+03 -2.599870443344116211e+00
1.208000000000000000e+03 -2.627984523773193359e+00
1.209000000000000000e+03 -2.669525384902954102e+00
1.210000000000000000e+03 -2.635675907135009766e+00
1.211000000000000000e+03 -2.631560325622558594e+00
1.212000000000000000e+03 -2.653127193450927734e+00
1.213000000000000000e+03 -2.646040201187133789e+00
1.214000000000000000e+03 -2.588917970657348633e+00
1.215000000000000000e+03 -2.616736173629760742e+00
1.216000000000000000e+03 -2.643315076828002930e+00
1.217000000000000000e+03 -2.632396697998046875e+00
1.218000000000000000e+03 -2.678708553314208984e+00
1.219000000000000000e+03 -2.634354114532470703e+00
1.220000000000000000e+03 -2.607080459594726562e+00
1.221000000000000000e+03 -2.605920791625976562e+00
1.222000000000000000e+03 -2.602324485778808594e+00
1.223000000000000000e+03 -2.636273860931396484e+00
1.224000000000000000e+03 -2.597245693206787109e+00
1.225000000000000000e+03 -2.583873271942138672e+00
1.226000000000000000e+03 -2.596615314483642578e+00
1.227000000000000000e+03 -2.596135854721069336e+00
1.228000000000000000e+03 -2.606239795684814453e+00
1.229000000000000000e+03 -2.575724601745605469e+00
1.230000000000000000e+03 -2.588481903076171875e+00
1.231000000000000000e+03 -2.608947753906250000e+00
1.232000000000000000e+03 -2.640670061111450195e+00
1.233000000000000000e+03 -2.610700130462646484e+00
1.234000000000000000e+03 -2.646934747695922852e+00
1.235000000000000000e+03 -2.604416370391845703e+00
1.236000000000000000e+03 -2.643613338470458984e+00
1.237000000000000000e+03 -2.659923553466796875e+00
1.238000000000000000e+03 -2.640285491943359375e+00
1.239000000000000000e+03 -2.606561660766601562e+00
1.240000000000000000e+03 -2.666152477264404297e+00
1.241000000000000000e+03 -2.649769306182861328e+00
1.242000000000000000e+03 -2.640619754791259766e+00
1.243000000000000000e+03 -2.650110960006713867e+00
1.244000000000000000e+03 -2.653688192367553711e+00
1.245000000000000000e+03 -2.666475057601928711e+00
1.246000000000000000e+03 -2.656685590744018555e+00
1.247000000000000000e+03 -2.621824264526367188e+00
1.248000000000000000e+03 -2.613711833953857422e+00
1.249000000000000000e+03 -2.586914539337158203e+00
1.250000000000000000e+03 -2.609505891799926758e+00
1.251000000000000000e+03 -2.619987010955810547e+00
1.252000000000000000e+03 -2.609887599945068359e+00
1.253000000000000000e+03 -2.579002380371093750e+00
1.254000000000000000e+03 -2.600662708282470703e+00
1.255000000000000000e+03 -2.580057144165039062e+00
1.256000000000000000e+03 -2.613427400588989258e+00
1.257000000000000000e+03 -2.644181728363037109e+00
1.258000000000000000e+03 -2.610107183456420898e+00
1.259000000000000000e+03 -2.616806983947753906e+00
1.260000000000000000e+03 -2.654925346374511719e+00
1.261000000000000000e+03 -2.627275705337524414e+00
1.262000000000000000e+03 -2.709206819534301758e+00
1.263000000000000000e+03 -2.687566757202148438e+00
1.264000000000000000e+03 -2.638003826141357422e+00
1.265000000000000000e+03 -2.634500741958618164e+00
1.266000000000000000e+03 -2.649575948715209961e+00
1.267000000000000000e+03 -2.673491001129150391e+00
1.268000000000000000e+03 -2.644934654235839844e+00
1.269000000000000000e+03 -2.669185400009155273e+00
1.270000000000000000e+03 -2.664270639419555664e+00
1.271000000000000000e+03 -2.653646469116210938e+00
1.272000000000000000e+03 -2.650186061859130859e+00
1.273000000000000000e+03 -2.641290187835693359e+00
1.274000000000000000e+03 -2.634873390197753906e+00
1.275000000000000000e+03 -2.668633699417114258e+00
1.276000000000000000e+03 -2.676850318908691406e+00
1.277000000000000000e+03 -2.656028270721435547e+00
1.278000000000000000e+03 -2.627757310867309570e+00
1.279000000000000000e+03 -2.644572973251342773e+00
1.280000000000000000e+03 -2.650899410247802734e+00
1.281000000000000000e+03 -2.653067588806152344e+00
1.282000000000000000e+03 -2.645092010498046875e+00
1.283000000000000000e+03 -2.658048629760742188e+00
1.284000000000000000e+03 -2.632125854492187500e+00
1.285000000000000000e+03 -2.638172864913940430e+00
1.286000000000000000e+03 -2.646538972854614258e+00
1.287000000000000000e+03 -2.623498439788818359e+00
1.288000000000000000e+03 -2.653312444686889648e+00
1.289000000000000000e+03 -2.649619817733764648e+00
1.290000000000000000e+03 -2.654846906661987305e+00
1.291000000000000000e+03 -2.639818191528320312e+00
1.292000000000000000e+03 -2.614339351654052734e+00
1.293000000000000000e+03 -2.644175529479980469e+00
1.294000000000000000e+03 -2.629374027252197266e+00
1.295000000000000000e+03 -2.644662618637084961e+00
1.296000000000000000e+03 -2.653839111328125000e+00
1.297000000000000000e+03 -2.669010400772094727e+00
1.298000000000000000e+03 -2.622653484344482422e+00
1.299000000000000000e+03 -2.626796722412109375e+00
1.300000000000000000e+03 -2.656482219696044922e+00
1.301000000000000000e+03 -2.640264034271240234e+00
1.302000000000000000e+03 -2.663614034652709961e+00
1.303000000000000000e+03 -2.635675430297851562e+00
1.304000000000000000e+03 -2.589903354644775391e+00
1.305000000000000000e+03 -2.630923509597778320e+00
1.306000000000000000e+03 -2.646180391311645508e+00
1.307000000000000000e+03 -2.636393070220947266e+00
1.308000000000000000e+03 -2.647212266921997070e+00
1.309000000000000000e+03 -2.663738727569580078e+00
1.310000000000000000e+03 -2.631978034973144531e+00
1.311000000000000000e+03 -2.620066642761230469e+00
1.312000000000000000e+03 -2.624089717864990234e+00
1.313000000000000000e+03 -2.663781166076660156e+00
1.314000000000000000e+03 -2.633426666259765625e+00
1.315000000000000000e+03 -2.639604091644287109e+00
1.316000000000000000e+03 -2.663743495941162109e+00
1.317000000000000000e+03 -2.644591331481933594e+00
1.318000000000000000e+03 -2.682484149932861328e+00
1.319000000000000000e+03 -2.639798641204833984e+00
1.320000000000000000e+03 -2.593973159790039062e+00
1.321000000000000000e+03 -2.620404243469238281e+00
1.322000000000000000e+03 -2.655847072601318359e+00
1.323000000000000000e+03 -2.650590896606445312e+00
1.324000000000000000e+03 -2.635210990905761719e+00
1.325000000000000000e+03 -2.674143075942993164e+00
1.326000000000000000e+03 -2.689014196395874023e+00
1.327000000000000000e+03 -2.657346487045288086e+00
1.328000000000000000e+03 -2.676620006561279297e+00
1.329000000000000000e+03 -2.657770156860351562e+00
1.330000000000000000e+03 -2.694964170455932617e+00
1.331000000000000000e+03 -2.670249700546264648e+00
1.332000000000000000e+03 -2.652599811553955078e+00
1.333000000000000000e+03 -2.660770177841186523e+00
1.334000000000000000e+03 -2.620347261428833008e+00
1.335000000000000000e+03 -2.579650402069091797e+00
1.336000000000000000e+03 -2.628204107284545898e+00
1.337000000000000000e+03 -2.623872280120849609e+00
1.338000000000000000e+03 -2.640061140060424805e+00
1.339000000000000000e+03 -2.651326417922973633e+00
1.340000000000000000e+03 -2.623651027679443359e+00
1.341000000000000000e+03 -2.626647949218750000e+00
1.342000000000000000e+03 -2.648400306701660156e+00
1.343000000000000000e+03 -2.660636901855468750e+00
1.344000000000000000e+03 -2.695116281509399414e+00
1.345000000000000000e+03 -2.672921180725097656e+00
1.346000000000000000e+03 -2.643476724624633789e+00
1.347000000000000000e+03 -2.631555318832397461e+00
1.348000000000000000e+03 -2.655777692794799805e+00
1.349000000000000000e+03 -2.650671720504760742e+00
1.350000000000000000e+03 -2.688836574554443359e+00
1.351000000000000000e+03 -2.643997430801391602e+00
1.352000000000000000e+03 -2.648324012756347656e+00
1.353000000000000000e+03 -2.659756183624267578e+00
1.354000000000000000e+03 -2.679210901260375977e+00
1.355000000000000000e+03 -2.685079813003540039e+00
1.356000000000000000e+03 -2.691306829452514648e+00
1.357000000000000000e+03 -2.678593873977661133e+00
1.358000000000000000e+03 -2.656965970993041992e+00
1.359000000000000000e+03 -2.657660961151123047e+00
1.360000000000000000e+03 -2.642979860305786133e+00
1.361000000000000000e+03 -2.614160299301147461e+00
1.362000000000000000e+03 -2.639717578887939453e+00
1.363000000000000000e+03 -2.672195911407470703e+00
1.364000000000000000e+03 -2.650831699371337891e+00
1.365000000000000000e+03 -2.666518926620483398e+00
1.366000000000000000e+03 -2.677335977554321289e+00
1.367000000000000000e+03 -2.655256509780883789e+00
1.368000000000000000e+03 -2.673835039138793945e+00
1.369000000000000000e+03 -2.641497373580932617e+00
1.370000000000000000e+03 -2.665808916091918945e+00
1.371000000000000000e+03 -2.632161855697631836e+00
1.372000000000000000e+03 -2.662826299667358398e+00
1.373000000000000000e+03 -2.664753913879394531e+00
1.374000000000000000e+03 -2.657046794891357422e+00
1.375000000000000000e+03 -2.650162696838378906e+00
1.376000000000000000e+03 -2.671132802963256836e+00
1.377000000000000000e+03 -2.629081487655639648e+00
1.378000000000000000e+03 -2.637923955917358398e+00
1.379000000000000000e+03 -2.639532566070556641e+00
1.380000000000000000e+03 -2.635763406753540039e+00
1.381000000000000000e+03 -2.635658264160156250e+00
1.382000000000000000e+03 -2.647190093994140625e+00
1.383000000000000000e+03 -2.630802392959594727e+00
1.384000000000000000e+03 -2.669551849365234375e+00
1.385000000000000000e+03 -2.636568784713745117e+00
1.386000000000000000e+03 -2.634953737258911133e+00
1.387000000000000000e+03 -2.631020545959472656e+00
1.388000000000000000e+03 -2.665193557739257812e+00
1.389000000000000000e+03 -2.660516023635864258e+00
1.390000000000000000e+03 -2.644622802734375000e+00
1.391000000000000000e+03 -2.667814970016479492e+00
1.392000000000000000e+03 -2.683216571807861328e+00
1.393000000000000000e+03 -2.659458637237548828e+00
1.394000000000000000e+03 -2.667736291885375977e+00
1.395000000000000000e+03 -2.664980411529541016e+00
1.396000000000000000e+03 -2.652999639511108398e+00
1.397000000000000000e+03 -2.677733898162841797e+00
1.398000000000000000e+03 -2.660978794097900391e+00
1.399000000000000000e+03 -2.664099216461181641e+00
1.400000000000000000e+03 -2.652248620986938477e+00
1.401000000000000000e+03 -2.653054714202880859e+00
1.402000000000000000e+03 -2.674159049987792969e+00
1.403000000000000000e+03 -2.690640211105346680e+00
1.404000000000000000e+03 -2.622360229492187500e+00
1.405000000000000000e+03 -2.619819164276123047e+00
1.406000000000000000e+03 -2.668694972991943359e+00
1.407000000000000000e+03 -2.655284166336059570e+00
1.408000000000000000e+03 -2.658941984176635742e+00
1.409000000000000000e+03 -2.678157567977905273e+00
1.410000000000000000e+03 -2.602201461791992188e+00
1.411000000000000000e+03 -2.601374626159667969e+00
1.412000000000000000e+03 -2.628259897232055664e+00
1.413000000000000000e+03 -2.629028320312500000e+00
1.414000000000000000e+03 -2.611625909805297852e+00
1.415000000000000000e+03 -2.615817546844482422e+00
1.416000000000000000e+03 -2.646784782409667969e+00
1.417000000000000000e+03 -2.662493944168090820e+00
1.418000000000000000e+03 -2.687151908874511719e+00
1.419000000000000000e+03 -2.704472541809082031e+00
1.420000000000000000e+03 -2.657687664031982422e+00
1.421000000000000000e+03 -2.639087438583374023e+00
1.422000000000000000e+03 -2.654066801071166992e+00
1.423000000000000000e+03 -2.657495260238647461e+00
1.424000000000000000e+03 -2.660007476806640625e+00
1.425000000000000000e+03 -2.638759613037109375e+00
1.426000000000000000e+03 -2.658591985702514648e+00
1.427000000000000000e+03 -2.640772819519042969e+00
1.428000000000000000e+03 -2.620498657226562500e+00
1.429000000000000000e+03 -2.637317657470703125e+00
1.430000000000000000e+03 -2.642810344696044922e+00
1.431000000000000000e+03 -2.651734828948974609e+00
1.432000000000000000e+03 -2.632757186889648438e+00
1.433000000000000000e+03 -2.645565032958984375e+00
1.434000000000000000e+03 -2.661484241485595703e+00
1.435000000000000000e+03 -2.671155691146850586e+00
1.436000000000000000e+03 -2.684475183486938477e+00
1.437000000000000000e+03 -2.666423320770263672e+00
1.438000000000000000e+03 -2.671149730682373047e+00
1.439000000000000000e+03 -2.662033557891845703e+00
1.440000000000000000e+03 -2.635861396789550781e+00
1.441000000000000000e+03 -2.664121150970458984e+00
1.442000000000000000e+03 -2.667355060577392578e+00
1.443000000000000000e+03 -2.680188894271850586e+00
1.444000000000000000e+03 -2.690192699432373047e+00
1.445000000000000000e+03 -2.671924114227294922e+00
1.446000000000000000e+03 -2.670833587646484375e+00
1.447000000000000000e+03 -2.687606334686279297e+00
1.448000000000000000e+03 -2.660619258880615234e+00
1.449000000000000000e+03 -2.696221351623535156e+00
1.450000000000000000e+03 -2.668418645858764648e+00
1.451000000000000000e+03 -2.656912803649902344e+00
1.452000000000000000e+03 -2.641541004180908203e+00
1.453000000000000000e+03 -2.653645515441894531e+00
1.454000000000000000e+03 -2.646298408508300781e+00
1.455000000000000000e+03 -2.616781234741210938e+00
1.456000000000000000e+03 -2.624391555786132812e+00
1.457000000000000000e+03 -2.667939424514770508e+00
1.458000000000000000e+03 -2.626763343811035156e+00
1.459000000000000000e+03 -2.664222478866577148e+00
1.460000000000000000e+03 -2.700996875762939453e+00
1.461000000000000000e+03 -2.629538059234619141e+00
1.462000000000000000e+03 -2.643240690231323242e+00
1.463000000000000000e+03 -2.660963535308837891e+00
1.464000000000000000e+03 -2.666898012161254883e+00
1.465000000000000000e+03 -2.682211875915527344e+00
1.466000000000000000e+03 -2.682799339294433594e+00
1.467000000000000000e+03 -2.670852184295654297e+00
1.468000000000000000e+03 -2.667846202850341797e+00
1.469000000000000000e+03 -2.652089118957519531e+00
1.470000000000000000e+03 -2.675253152847290039e+00
1.471000000000000000e+03 -2.656311511993408203e+00
1.472000000000000000e+03 -2.609637260437011719e+00
1.473000000000000000e+03 -2.619588375091552734e+00
1.474000000000000000e+03 -2.616839885711669922e+00
1.475000000000000000e+03 -2.597808122634887695e+00
1.476000000000000000e+03 -2.634242296218872070e+00
1.477000000000000000e+03 -2.679584264755249023e+00
1.478000000000000000e+03 -2.642426967620849609e+00
1.479000000000000000e+03 -2.623933792114257812e+00
1.480000000000000000e+03 -2.646143198013305664e+00
1.481000000000000000e+03 -2.652698040008544922e+00
1.482000000000000000e+03 -2.641023635864257812e+00
1.483000000000000000e+03 -2.647831439971923828e+00
1.484000000000000000e+03 -2.669990777969360352e+00
1.485000000000000000e+03 -2.627913951873779297e+00
1.486000000000000000e+03 -2.672246694564819336e+00
1.487000000000000000e+03 -2.683672428131103516e+00
1.488000000000000000e+03 -2.670455455780029297e+00
1.489000000000000000e+03 -2.651883125305175781e+00
1.490000000000000000e+03 -2.649334430694580078e+00
1.491000000000000000e+03 -2.644641637802124023e+00
1.492000000000000000e+03 -2.668471336364746094e+00
1.493000000000000000e+03 -2.686996698379516602e+00
1.494000000000000000e+03 -2.671799659729003906e+00
1.495000000000000000e+03 -2.677107572555541992e+00
1.496000000000000000e+03 -2.685371875762939453e+00
1.497000000000000000e+03 -2.679509401321411133e+00
1.498000000000000000e+03 -2.653543233871459961e+00
1.499000000000000000e+03 -2.665030717849731445e+00
1.500000000000000000e+03 -2.694929122924804688e+00
1.501000000000000000e+03 -2.664670944213867188e+00
1.502000000000000000e+03 -2.668814659118652344e+00
1.503000000000000000e+03 -2.663058280944824219e+00
1.504000000000000000e+03 -2.677632570266723633e+00
1.505000000000000000e+03 -2.657896995544433594e+00
1.506000000000000000e+03 -2.649570703506469727e+00
1.507000000000000000e+03 -2.663414478302001953e+00
1.508000000000000000e+03 -2.661358833312988281e+00
1.509000000000000000e+03 -2.671714544296264648e+00
1.510000000000000000e+03 -2.656301259994506836e+00
1.511000000000000000e+03 -2.660920619964599609e+00
1.512000000000000000e+03 -2.633903026580810547e+00
1.513000000000000000e+03 -2.665321588516235352e+00
1.514000000000000000e+03 -2.646511316299438477e+00
1.515000000000000000e+03 -2.655540227890014648e+00
1.516000000000000000e+03 -2.640699386596679688e+00
1.517000000000000000e+03 -2.657001972198486328e+00
1.518000000000000000e+03 -2.689597129821777344e+00
1.519000000000000000e+03 -2.671299457550048828e+00
1.520000000000000000e+03 -2.660119771957397461e+00
1.521000000000000000e+03 -2.659751892089843750e+00
1.522000000000000000e+03 -2.624216079711914062e+00
1.523000000000000000e+03 -2.640933036804199219e+00
1.524000000000000000e+03 -2.684182882308959961e+00
1.525000000000000000e+03 -2.659667253494262695e+00
1.526000000000000000e+03 -2.633195400238037109e+00
1.527000000000000000e+03 -2.623981714248657227e+00
1.528000000000000000e+03 -2.638894796371459961e+00
1.529000000000000000e+03 -2.631071805953979492e+00
1.530000000000000000e+03 -2.621970176696777344e+00
1.531000000000000000e+03 -2.630876302719116211e+00
1.532000000000000000e+03 -2.628076076507568359e+00
1.533000000000000000e+03 -2.648940086364746094e+00
1.534000000000000000e+03 -2.623731136322021484e+00
1.535000000000000000e+03 -2.619529485702514648e+00
1.536000000000000000e+03 -2.581688165664672852e+00
1.537000000000000000e+03 -2.582641124725341797e+00
1.538000000000000000e+03 -2.616427183151245117e+00
1.539000000000000000e+03 -2.644700050354003906e+00
1.540000000000000000e+03 -2.599498748779296875e+00
1.541000000000000000e+03 -2.582264184951782227e+00
1.542000000000000000e+03 -2.615116596221923828e+00
1.543000000000000000e+03 -2.593111515045166016e+00
1.544000000000000000e+03 -2.627955913543701172e+00
1.545000000000000000e+03 -2.655413866043090820e+00
1.546000000000000000e+03 -2.655937433242797852e+00
1.547000000000000000e+03 -2.637286663055419922e+00
1.548000000000000000e+03 -2.602884531021118164e+00
1.549000000000000000e+03 -2.614439964294433594e+00
1.550000000000000000e+03 -2.647559642791748047e+00
1.551000000000000000e+03 -2.675029516220092773e+00
1.552000000000000000e+03 -2.677747726440429688e+00
1.553000000000000000e+03 -2.648936271667480469e+00
1.554000000000000000e+03 -2.658952951431274414e+00
1.555000000000000000e+03 -2.669192790985107422e+00
1.556000000000000000e+03 -2.650879621505737305e+00
1.557000000000000000e+03 -2.706423044204711914e+00
1.558000000000000000e+03 -2.654272079467773438e+00
1.559000000000000000e+03 -2.656763076782226562e+00
1.560000000000000000e+03 -2.650014877319335938e+00
1.561000000000000000e+03 -2.641601085662841797e+00
1.562000000000000000e+03 -2.641793251037597656e+00
1.563000000000000000e+03 -2.628594398498535156e+00
1.564000000000000000e+03 -2.626135349273681641e+00
1.565000000000000000e+03 -2.649080514907836914e+00
1.566000000000000000e+03 -2.647921323776245117e+00
1.567000000000000000e+03 -2.648653268814086914e+00
1.568000000000000000e+03 -2.634775876998901367e+00
1.569000000000000000e+03 -2.644800662994384766e+00
1.570000000000000000e+03 -2.634254455566406250e+00
1.571000000000000000e+03 -2.590993165969848633e+00
1.572000000000000000e+03 -2.625026702880859375e+00
1.573000000000000000e+03 -2.610978126525878906e+00
1.574000000000000000e+03 -2.640550136566162109e+00
1.575000000000000000e+03 -2.608474254608154297e+00
1.576000000000000000e+03 -2.637747764587402344e+00
1.577000000000000000e+03 -2.664480447769165039e+00
1.578000000000000000e+03 -2.657467126846313477e+00
1.579000000000000000e+03 -2.660955905914306641e+00
1.580000000000000000e+03 -2.636561393737792969e+00
1.581000000000000000e+03 -2.653974294662475586e+00
1.582000000000000000e+03 -2.661650657653808594e+00
1.583000000000000000e+03 -2.635031700134277344e+00
1.584000000000000000e+03 -2.651510238647460938e+00
1.585000000000000000e+03 -2.645427227020263672e+00
1.586000000000000000e+03 -2.675287485122680664e+00
1.587000000000000000e+03 -2.644593000411987305e+00
1.588000000000000000e+03 -2.680605888366699219e+00
1.589000000000000000e+03 -2.618895053863525391e+00
1.590000000000000000e+03 -2.601140737533569336e+00
1.591000000000000000e+03 -2.605672836303710938e+00
1.592000000000000000e+03 -2.599920988082885742e+00
1.593000000000000000e+03 -2.609867334365844727e+00
1.594000000000000000e+03 -2.612562417984008789e+00
1.595000000000000000e+03 -2.622697114944458008e+00
1.596000000000000000e+03 -2.676276683807373047e+00
1.597000000000000000e+03 -2.655093908309936523e+00
1.598000000000000000e+03 -2.664694547653198242e+00
1.599000000000000000e+03 -2.660460472106933594e+00
1.600000000000000000e+03 -2.619498729705810547e+00
1.601000000000000000e+03 -2.637954711914062500e+00
1.602000000000000000e+03 -2.627061128616333008e+00
1.603000000000000000e+03 -2.627410650253295898e+00
1.604000000000000000e+03 -2.629675626754760742e+00
1.605000000000000000e+03 -2.625092744827270508e+00
1.606000000000000000e+03 -2.650407791137695312e+00
1.607000000000000000e+03 -2.663913011550903320e+00
1.608000000000000000e+03 -2.668376207351684570e+00
1.609000000000000000e+03 -2.682561874389648438e+00
1.610000000000000000e+03 -2.644874572753906250e+00
1.611000000000000000e+03 -2.603592395782470703e+00
1.612000000000000000e+03 -2.644341468811035156e+00
1.613000000000000000e+03 -2.648051500320434570e+00
1.614000000000000000e+03 -2.670603275299072266e+00
1.615000000000000000e+03 -2.635134220123291016e+00
1.616000000000000000e+03 -2.654067516326904297e+00
1.617000000000000000e+03 -2.640292882919311523e+00
1.618000000000000000e+03 -2.618489742279052734e+00
1.619000000000000000e+03 -2.648805856704711914e+00
1.620000000000000000e+03 -2.667475461959838867e+00
1.621000000000000000e+03 -2.688337564468383789e+00
1.622000000000000000e+03 -2.642092466354370117e+00
1.623000000000000000e+03 -2.642151117324829102e+00
1.624000000000000000e+03 -2.622439861297607422e+00
1.625000000000000000e+03 -2.615607500076293945e+00
1.626000000000000000e+03 -2.613298416137695312e+00
1.627000000000000000e+03 -2.650361537933349609e+00
1.628000000000000000e+03 -2.641729116439819336e+00
1.629000000000000000e+03 -2.628334045410156250e+00
1.630000000000000000e+03 -2.681414127349853516e+00
1.631000000000000000e+03 -2.667885303497314453e+00
1.632000000000000000e+03 -2.663333177566528320e+00
1.633000000000000000e+03 -2.660463094711303711e+00
1.634000000000000000e+03 -2.667515516281127930e+00
1.635000000000000000e+03 -2.685578346252441406e+00
1.636000000000000000e+03 -2.683962106704711914e+00
1.637000000000000000e+03 -2.670289993286132812e+00
1.638000000000000000e+03 -2.684196233749389648e+00
1.639000000000000000e+03 -2.678266525268554688e+00
1.640000000000000000e+03 -2.662400960922241211e+00
1.641000000000000000e+03 -2.699014663696289062e+00
1.642000000000000000e+03 -2.686025619506835938e+00
1.643000000000000000e+03 -2.689299345016479492e+00
1.644000000000000000e+03 -2.648895025253295898e+00
1.645000000000000000e+03 -2.647875308990478516e+00
1.646000000000000000e+03 -2.679556369781494141e+00
1.647000000000000000e+03 -2.687462568283081055e+00
1.648000000000000000e+03 -2.655317783355712891e+00
1.649000000000000000e+03 -2.635254859924316406e+00
1.650000000000000000e+03 -2.669170141220092773e+00
1.651000000000000000e+03 -2.648871660232543945e+00
1.652000000000000000e+03 -2.646457195281982422e+00
1.653000000000000000e+03 -2.637456893920898438e+00
1.654000000000000000e+03 -2.630026340484619141e+00
1.655000000000000000e+03 -2.649962663650512695e+00
1.656000000000000000e+03 -2.635237932205200195e+00
1.657000000000000000e+03 -2.634512901306152344e+00
1.658000000000000000e+03 -2.612815856933593750e+00
1.659000000000000000e+03 -2.659103393554687500e+00
1.660000000000000000e+03 -2.633886098861694336e+00
1.661000000000000000e+03 -2.659592866897583008e+00
1.662000000000000000e+03 -2.641454219818115234e+00
1.663000000000000000e+03 -2.631419181823730469e+00
1.664000000000000000e+03 -2.682661056518554688e+00
1.665000000000000000e+03 -2.685317993164062500e+00
1.666000000000000000e+03 -2.702733993530273438e+00
1.667000000000000000e+03 -2.707082986831665039e+00
1.668000000000000000e+03 -2.682427406311035156e+00
1.669000000000000000e+03 -2.640818119049072266e+00
1.670000000000000000e+03 -2.663213729858398438e+00
1.671000000000000000e+03 -2.644458532333374023e+00
1.672000000000000000e+03 -2.671146392822265625e+00
1.673000000000000000e+03 -2.662595987319946289e+00
1.674000000000000000e+03 -2.637436866760253906e+00
1.675000000000000000e+03 -2.642358541488647461e+00
1.676000000000000000e+03 -2.654971122741699219e+00
1.677000000000000000e+03 -2.612880706787109375e+00
1.678000000000000000e+03 -2.626741409301757812e+00
1.679000000000000000e+03 -2.632689714431762695e+00
1.680000000000000000e+03 -2.635948419570922852e+00
1.681000000000000000e+03 -2.638776063919067383e+00
1.682000000000000000e+03 -2.664751052856445312e+00
1.683000000000000000e+03 -2.624722957611083984e+00
1.684000000000000000e+03 -2.623812198638916016e+00
1.685000000000000000e+03 -2.606638431549072266e+00
1.686000000000000000e+03 -2.607892274856567383e+00
1.687000000000000000e+03 -2.627159357070922852e+00
1.688000000000000000e+03 -2.646087884902954102e+00
1.689000000000000000e+03 -2.648367404937744141e+00
1.690000000000000000e+03 -2.658174037933349609e+00
1.691000000000000000e+03 -2.639840602874755859e+00
1.692000000000000000e+03 -2.647865295410156250e+00
1.693000000000000000e+03 -2.688266515731811523e+00
1.694000000000000000e+03 -2.653715610504150391e+00
1.695000000000000000e+03 -2.657867908477783203e+00
1.696000000000000000e+03 -2.599066257476806641e+00
1.697000000000000000e+03 -2.625263690948486328e+00
1.698000000000000000e+03 -2.606357336044311523e+00
1.699000000000000000e+03 -2.637864828109741211e+00
1.700000000000000000e+03 -2.631418704986572266e+00
1.701000000000000000e+03 -2.629728794097900391e+00
1.702000000000000000e+03 -2.625742435455322266e+00
1.703000000000000000e+03 -2.633233070373535156e+00
1.704000000000000000e+03 -2.655461788177490234e+00
1.705000000000000000e+03 -2.624507665634155273e+00
1.706000000000000000e+03 -2.629571914672851562e+00
1.707000000000000000e+03 -2.631674289703369141e+00
1.708000000000000000e+03 -2.652776479721069336e+00
1.709000000000000000e+03 -2.656775474548339844e+00
1.710000000000000000e+03 -2.694086551666259766e+00
1.711000000000000000e+03 -2.680411338806152344e+00
1.712000000000000000e+03 -2.687894821166992188e+00
1.713000000000000000e+03 -2.654565334320068359e+00
1.714000000000000000e+03 -2.619539260864257812e+00
1.715000000000000000e+03 -2.652068376541137695e+00
1.716000000000000000e+03 -2.672821044921875000e+00
1.717000000000000000e+03 -2.691473960876464844e+00
1.718000000000000000e+03 -2.683577060699462891e+00
1.719000000000000000e+03 -2.690746784210205078e+00
1.720000000000000000e+03 -2.701071023941040039e+00
1.721000000000000000e+03 -2.681656837463378906e+00
1.722000000000000000e+03 -2.689488887786865234e+00
1.723000000000000000e+03 -2.689308404922485352e+00
1.724000000000000000e+03 -2.692353010177612305e+00
1.725000000000000000e+03 -2.722414731979370117e+00
1.726000000000000000e+03 -2.680529117584228516e+00
1.727000000000000000e+03 -2.700973749160766602e+00
1.728000000000000000e+03 -2.691948890686035156e+00
1.729000000000000000e+03 -2.695774793624877930e+00
1.730000000000000000e+03 -2.663646936416625977e+00
1.731000000000000000e+03 -2.654537916183471680e+00
1.732000000000000000e+03 -2.689967870712280273e+00
1.733000000000000000e+03 -2.682756185531616211e+00
1.734000000000000000e+03 -2.625801086425781250e+00
1.735000000000000000e+03 -2.639441251754760742e+00
1.736000000000000000e+03 -2.663709878921508789e+00
1.737000000000000000e+03 -2.662203550338745117e+00
1.738000000000000000e+03 -2.663651227951049805e+00
1.739000000000000000e+03 -2.669633150100708008e+00
1.740000000000000000e+03 -2.631867408752441406e+00
1.741000000000000000e+03 -2.676198244094848633e+00
1.742000000000000000e+03 -2.656188249588012695e+00
1.743000000000000000e+03 -2.636488437652587891e+00
1.744000000000000000e+03 -2.627174139022827148e+00
1.745000000000000000e+03 -2.652367830276489258e+00
1.746000000000000000e+03 -2.621148586273193359e+00
1.747000000000000000e+03 -2.629040956497192383e+00
1.748000000000000000e+03 -2.587080240249633789e+00
1.749000000000000000e+03 -2.576543331146240234e+00
1.750000000000000000e+03 -2.637067556381225586e+00
1.751000000000000000e+03 -2.639212608337402344e+00
1.752000000000000000e+03 -2.674116611480712891e+00
1.753000000000000000e+03 -2.695568561553955078e+00
1.754000000000000000e+03 -2.665959835052490234e+00
1.755000000000000000e+03 -2.663967370986938477e+00
1.756000000000000000e+03 -2.647276401519775391e+00
1.757000000000000000e+03 -2.633522272109985352e+00
1.758000000000000000e+03 -2.650192975997924805e+00
1.759000000000000000e+03 -2.635735750198364258e+00
1.760000000000000000e+03 -2.644756793975830078e+00
1.761000000000000000e+03 -2.641908884048461914e+00
1.762000000000000000e+03 -2.644805192947387695e+00
1.763000000000000000e+03 -2.616237878799438477e+00
1.764000000000000000e+03 -2.642665863037109375e+00
1.765000000000000000e+03 -2.644534826278686523e+00
1.766000000000000000e+03 -2.659902334213256836e+00
1.767000000000000000e+03 -2.644993305206298828e+00
1.768000000000000000e+03 -2.592411041259765625e+00
1.769000000000000000e+03 -2.631728887557983398e+00
1.770000000000000000e+03 -2.655297994613647461e+00
1.771000000000000000e+03 -2.640038728713989258e+00
1.772000000000000000e+03 -2.660516738891601562e+00
1.773000000000000000e+03 -2.652305603027343750e+00
1.774000000000000000e+03 -2.633794307708740234e+00
1.775000000000000000e+03 -2.616855144500732422e+00
1.776000000000000000e+03 -2.571946144104003906e+00
1.777000000000000000e+03 -2.621811151504516602e+00
1.778000000000000000e+03 -2.592492818832397461e+00
1.779000000000000000e+03 -2.611463069915771484e+00
1.780000000000000000e+03 -2.634453535079956055e+00
1.781000000000000000e+03 -2.657834053039550781e+00
1.782000000000000000e+03 -2.606204509735107422e+00
1.783000000000000000e+03 -2.576765060424804688e+00
1.784000000000000000e+03 -2.644083499908447266e+00
1.785000000000000000e+03 -2.634463787078857422e+00
1.786000000000000000e+03 -2.664584636688232422e+00
1.787000000000000000e+03 -2.663005113601684570e+00
1.788000000000000000e+03 -2.636923551559448242e+00
1.789000000000000000e+03 -2.641619920730590820e+00
1.790000000000000000e+03 -2.625010490417480469e+00
1.791000000000000000e+03 -2.686813831329345703e+00
1.792000000000000000e+03 -2.635516643524169922e+00
1.793000000000000000e+03 -2.673583745956420898e+00
1.794000000000000000e+03 -2.688082218170166016e+00
1.795000000000000000e+03 -2.643005371093750000e+00
1.796000000000000000e+03 -2.682457923889160156e+00
1.797000000000000000e+03 -2.663877725601196289e+00
1.798000000000000000e+03 -2.688591480255126953e+00
1.799000000000000000e+03 -2.675012588500976562e+00
1.800000000000000000e+03 -2.657664299011230469e+00
1.801000000000000000e+03 -2.671296834945678711e+00
1.802000000000000000e+03 -2.693740129470825195e+00
1.803000000000000000e+03 -2.663696050643920898e+00
1.804000000000000000e+03 -2.694076538085937500e+00
1.805000000000000000e+03 -2.639683008193969727e+00
1.806000000000000000e+03 -2.631828308105468750e+00
1.807000000000000000e+03 -2.690905332565307617e+00
1.808000000000000000e+03 -2.699884891510009766e+00
1.809000000000000000e+03 -2.675282001495361328e+00
1.810000000000000000e+03 -2.655934095382690430e+00
1.811000000000000000e+03 -2.657667398452758789e+00
1.812000000000000000e+03 -2.670822143554687500e+00
1.813000000000000000e+03 -2.666830778121948242e+00
1.814000000000000000e+03 -2.655267953872680664e+00
1.815000000000000000e+03 -2.644323825836181641e+00
1.816000000000000000e+03 -2.634418964385986328e+00
1.817000000000000000e+03 -2.623668670654296875e+00
1.818000000000000000e+03 -2.637932062149047852e+00
1.819000000000000000e+03 -2.630876064300537109e+00
1.820000000000000000e+03 -2.602952003479003906e+00
1.821000000000000000e+03 -2.641376733779907227e+00
1.822000000000000000e+03 -2.622709751129150391e+00
1.823000000000000000e+03 -2.643562316894531250e+00
1.824000000000000000e+03 -2.641762733459472656e+00
1.825000000000000000e+03 -2.636053800582885742e+00
1.826000000000000000e+03 -2.646041870117187500e+00
1.827000000000000000e+03 -2.666095972061157227e+00
1.828000000000000000e+03 -2.665247917175292969e+00
1.829000000000000000e+03 -2.615660905838012695e+00
1.830000000000000000e+03 -2.678769826889038086e+00
1.831000000000000000e+03 -2.650984525680541992e+00
1.832000000000000000e+03 -2.644105434417724609e+00
1.833000000000000000e+03 -2.635445117950439453e+00
1.834000000000000000e+03 -2.646301507949829102e+00
1.835000000000000000e+03 -2.645939826965332031e+00
1.836000000000000000e+03 -2.673944711685180664e+00
1.837000000000000000e+03 -2.678272485733032227e+00
1.838000000000000000e+03 -2.670437335968017578e+00
1.839000000000000000e+03 -2.667302608489990234e+00
1.840000000000000000e+03 -2.632225036621093750e+00
1.841000000000000000e+03 -2.661493539810180664e+00
1.842000000000000000e+03 -2.664924383163452148e+00
1.843000000000000000e+03 -2.670187234878540039e+00
1.844000000000000000e+03 -2.658884763717651367e+00
1.845000000000000000e+03 -2.612394332885742188e+00
1.846000000000000000e+03 -2.630790233612060547e+00
1.847000000000000000e+03 -2.647109985351562500e+00
1.848000000000000000e+03 -2.637381076812744141e+00
1.849000000000000000e+03 -2.663847446441650391e+00
1.850000000000000000e+03 -2.662760734558105469e+00
1.851000000000000000e+03 -2.654773473739624023e+00
1.852000000000000000e+03 -2.678693532943725586e+00
1.853000000000000000e+03 -2.631745338439941406e+00
1.854000000000000000e+03 -2.645778894424438477e+00
1.855000000000000000e+03 -2.666761875152587891e+00
1.856000000000000000e+03 -2.673746824264526367e+00
1.857000000000000000e+03 -2.656013727188110352e+00
1.858000000000000000e+03 -2.629971504211425781e+00
1.859000000000000000e+03 -2.647702217102050781e+00
1.860000000000000000e+03 -2.640006303787231445e+00
1.861000000000000000e+03 -2.646273612976074219e+00
1.862000000000000000e+03 -2.648030996322631836e+00
1.863000000000000000e+03 -2.669708728790283203e+00
1.864000000000000000e+03 -2.702056884765625000e+00
1.865000000000000000e+03 -2.658820152282714844e+00
1.866000000000000000e+03 -2.640045642852783203e+00
1.867000000000000000e+03 -2.662525415420532227e+00
1.868000000000000000e+03 -2.680569171905517578e+00
1.869000000000000000e+03 -2.664955139160156250e+00
1.870000000000000000e+03 -2.676086187362670898e+00
1.871000000000000000e+03 -2.697229385375976562e+00
1.872000000000000000e+03 -2.656506061553955078e+00
1.873000000000000000e+03 -2.652259826660156250e+00
1.874000000000000000e+03 -2.644865274429321289e+00
1.875000000000000000e+03 -2.662624120712280273e+00
1.876000000000000000e+03 -2.653601169586181641e+00
1.877000000000000000e+03 -2.657892465591430664e+00
1.878000000000000000e+03 -2.636323928833007812e+00
1.879000000000000000e+03 -2.661156654357910156e+00
1.880000000000000000e+03 -2.671947240829467773e+00
1.881000000000000000e+03 -2.649719238281250000e+00
1.882000000000000000e+03 -2.640508174896240234e+00
1.883000000000000000e+03 -2.608856916427612305e+00
1.884000000000000000e+03 -2.619650840759277344e+00
1.885000000000000000e+03 -2.638312101364135742e+00
1.886000000000000000e+03 -2.629141569137573242e+00
1.887000000000000000e+03 -2.642907857894897461e+00
1.888000000000000000e+03 -2.616338968276977539e+00
1.889000000000000000e+03 -2.631366252899169922e+00
1.890000000000000000e+03 -2.651268959045410156e+00
1.891000000000000000e+03 -2.631693840026855469e+00
1.892000000000000000e+03 -2.624221324920654297e+00
1.893000000000000000e+03 -2.671605587005615234e+00
1.894000000000000000e+03 -2.635302543640136719e+00
1.895000000000000000e+03 -2.649452686309814453e+00
1.896000000000000000e+03 -2.637446880340576172e+00
1.897000000000000000e+03 -2.646991252899169922e+00
1.898000000000000000e+03 -2.635315179824829102e+00
1.899000000000000000e+03 -2.651266336441040039e+00
1.900000000000000000e+03 -2.634935140609741211e+00
1.901000000000000000e+03 -2.644442319869995117e+00
1.902000000000000000e+03 -2.621637344360351562e+00
1.903000000000000000e+03 -2.671627283096313477e+00
1.904000000000000000e+03 -2.685473203659057617e+00
1.905000000000000000e+03 -2.683281898498535156e+00
1.906000000000000000e+03 -2.661725759506225586e+00
1.907000000000000000e+03 -2.693797111511230469e+00
1.908000000000000000e+03 -2.652667999267578125e+00
1.909000000000000000e+03 -2.668022632598876953e+00
1.910000000000000000e+03 -2.675584077835083008e+00
1.911000000000000000e+03 -2.683916330337524414e+00
1.912000000000000000e+03 -2.637814521789550781e+00
1.913000000000000000e+03 -2.646378755569458008e+00
1.914000000000000000e+03 -2.633957862854003906e+00
1.915000000000000000e+03 -2.618587970733642578e+00
1.916000000000000000e+03 -2.662735223770141602e+00
1.917000000000000000e+03 -2.632567405700683594e+00
1.918000000000000000e+03 -2.633923530578613281e+00
1.919000000000000000e+03 -2.633999824523925781e+00
1.920000000000000000e+03 -2.645972728729248047e+00
1.921000000000000000e+03 -2.681266784667968750e+00
1.922000000000000000e+03 -2.643995046615600586e+00
1.923000000000000000e+03 -2.650363922119140625e+00
1.924000000000000000e+03 -2.659647941589355469e+00
1.925000000000000000e+03 -2.631829977035522461e+00
1.926000000000000000e+03 -2.652221918106079102e+00
1.927000000000000000e+03 -2.674798727035522461e+00
1.928000000000000000e+03 -2.681530714035034180e+00
1.929000000000000000e+03 -2.703781127929687500e+00
1.930000000000000000e+03 -2.693994045257568359e+00
1.931000000000000000e+03 -2.688539743423461914e+00
1.932000000000000000e+03 -2.682282686233520508e+00
1.933000000000000000e+03 -2.658791065216064453e+00
1.934000000000000000e+03 -2.704403400421142578e+00
1.935000000000000000e+03 -2.689188241958618164e+00
1.936000000000000000e+03 -2.703097820281982422e+00
1.937000000000000000e+03 -2.686498880386352539e+00
1.938000000000000000e+03 -2.693303346633911133e+00
1.939000000000000000e+03 -2.663679599761962891e+00
1.940000000000000000e+03 -2.632498264312744141e+00
1.941000000000000000e+03 -2.670338630676269531e+00
1.942000000000000000e+03 -2.685965061187744141e+00
1.943000000000000000e+03 -2.681953668594360352e+00
1.944000000000000000e+03 -2.675310611724853516e+00
1.945000000000000000e+03 -2.685064792633056641e+00
1.946000000000000000e+03 -2.725050449371337891e+00
1.947000000000000000e+03 -2.699270486831665039e+00
1.948000000000000000e+03 -2.706577301025390625e+00
1.949000000000000000e+03 -2.649152040481567383e+00
1.950000000000000000e+03 -2.676892757415771484e+00
1.951000000000000000e+03 -2.655888557434082031e+00
1.952000000000000000e+03 -2.666868209838867188e+00
1.953000000000000000e+03 -2.681620597839355469e+00
1.954000000000000000e+03 -2.704622983932495117e+00
1.955000000000000000e+03 -2.692265748977661133e+00
1.956000000000000000e+03 -2.723990201950073242e+00
1.957000000000000000e+03 -2.702283382415771484e+00
1.958000000000000000e+03 -2.705654144287109375e+00
1.959000000000000000e+03 -2.723468065261840820e+00
1.960000000000000000e+03 -2.717511653900146484e+00
1.961000000000000000e+03 -2.690814495086669922e+00
1.962000000000000000e+03 -2.696886777877807617e+00
1.963000000000000000e+03 -2.684578180313110352e+00
1.964000000000000000e+03 -2.714787483215332031e+00
1.965000000000000000e+03 -2.704711675643920898e+00
1.966000000000000000e+03 -2.693791389465332031e+00
1.967000000000000000e+03 -2.686137437820434570e+00
1.968000000000000000e+03 -2.672111511230468750e+00
1.969000000000000000e+03 -2.656948089599609375e+00
1.970000000000000000e+03 -2.690638065338134766e+00
1.971000000000000000e+03 -2.661279916763305664e+00
1.972000000000000000e+03 -2.689781665802001953e+00
1.973000000000000000e+03 -2.696020364761352539e+00
1.974000000000000000e+03 -2.681190967559814453e+00
1.975000000000000000e+03 -2.666948556900024414e+00
1.976000000000000000e+03 -2.692005634307861328e+00
1.977000000000000000e+03 -2.661842584609985352e+00
1.978000000000000000e+03 -2.657573461532592773e+00
1.979000000000000000e+03 -2.648387908935546875e+00
1.980000000000000000e+03 -2.670790433883666992e+00
1.981000000000000000e+03 -2.675892114639282227e+00
1.982000000000000000e+03 -2.672862291336059570e+00
1.983000000000000000e+03 -2.695265054702758789e+00
1.984000000000000000e+03 -2.618451595306396484e+00
1.985000000000000000e+03 -2.641383647918701172e+00
1.986000000000000000e+03 -2.642457008361816406e+00
1.987000000000000000e+03 -2.616175651550292969e+00
1.988000000000000000e+03 -2.656881809234619141e+00
1.989000000000000000e+03 -2.659944772720336914e+00
1.990000000000000000e+03 -2.642778873443603516e+00
1.991000000000000000e+03 -2.620149374008178711e+00
1.992000000000000000e+03 -2.632218122482299805e+00
1.993000000000000000e+03 -2.681221961975097656e+00
1.994000000000000000e+03 -2.683614492416381836e+00
1.995000000000000000e+03 -2.652606964111328125e+00
1.996000000000000000e+03 -2.639041423797607422e+00
1.997000000000000000e+03 -2.637501239776611328e+00
1.998000000000000000e+03 -2.658441066741943359e+00
1.999000000000000000e+03 -2.658187389373779297e+00
2.000000000000000000e+03 -2.667911291122436523e+00
2.001000000000000000e+03 -2.683425426483154297e+00
2.002000000000000000e+03 -2.654109716415405273e+00
2.003000000000000000e+03 -2.648545265197753906e+00
2.004000000000000000e+03 -2.629787921905517578e+00
2.005000000000000000e+03 -2.604994058609008789e+00
2.006000000000000000e+03 -2.640250682830810547e+00
2.007000000000000000e+03 -2.658942222595214844e+00
2.008000000000000000e+03 -2.690942287445068359e+00
2.009000000000000000e+03 -2.651173353195190430e+00
2.010000000000000000e+03 -2.632277488708496094e+00
2.011000000000000000e+03 -2.679686546325683594e+00
2.012000000000000000e+03 -2.671710252761840820e+00
2.013000000000000000e+03 -2.627661705017089844e+00
2.014000000000000000e+03 -2.632428407669067383e+00
2.015000000000000000e+03 -2.672342300415039062e+00
2.016000000000000000e+03 -2.637030124664306641e+00
2.017000000000000000e+03 -2.650230407714843750e+00
2.018000000000000000e+03 -2.676544904708862305e+00
2.019000000000000000e+03 -2.635272026062011719e+00
2.020000000000000000e+03 -2.665234565734863281e+00
2.021000000000000000e+03 -2.656244993209838867e+00
2.022000000000000000e+03 -2.689347505569458008e+00
2.023000000000000000e+03 -2.664722442626953125e+00
2.024000000000000000e+03 -2.633121490478515625e+00
2.025000000000000000e+03 -2.653314828872680664e+00
2.026000000000000000e+03 -2.661344528198242188e+00
2.027000000000000000e+03 -2.626445293426513672e+00
2.028000000000000000e+03 -2.613101720809936523e+00
2.029000000000000000e+03 -2.658448934555053711e+00
2.030000000000000000e+03 -2.621863842010498047e+00
2.031000000000000000e+03 -2.636786937713623047e+00
2.032000000000000000e+03 -2.618943452835083008e+00
2.033000000000000000e+03 -2.631502151489257812e+00
2.034000000000000000e+03 -2.637273788452148438e+00
2.035000000000000000e+03 -2.661809444427490234e+00
2.036000000000000000e+03 -2.631133317947387695e+00
2.037000000000000000e+03 -2.614541292190551758e+00
2.038000000000000000e+03 -2.655179262161254883e+00
2.039000000000000000e+03 -2.658311843872070312e+00
2.040000000000000000e+03 -2.631794929504394531e+00
2.041000000000000000e+03 -2.609764575958251953e+00
2.042000000000000000e+03 -2.597160339355468750e+00
2.043000000000000000e+03 -2.652118444442749023e+00
2.044000000000000000e+03 -2.655653953552246094e+00
2.045000000000000000e+03 -2.673867702484130859e+00
2.046000000000000000e+03 -2.699063539505004883e+00
2.047000000000000000e+03 -2.697659969329833984e+00
2.048000000000000000e+03 -2.710056066513061523e+00
2.049000000000000000e+03 -2.709124088287353516e+00
2.050000000000000000e+03 -2.679398298263549805e+00
2.051000000000000000e+03 -2.704142808914184570e+00
2.052000000000000000e+03 -2.722584486007690430e+00
2.053000000000000000e+03 -2.711375713348388672e+00
2.054000000000000000e+03 -2.716593980789184570e+00
2.055000000000000000e+03 -2.684193611145019531e+00
2.056000000000000000e+03 -2.693088531494140625e+00
2.057000000000000000e+03 -2.662862539291381836e+00
2.058000000000000000e+03 -2.665518045425415039e+00
2.059000000000000000e+03 -2.683099269866943359e+00
2.060000000000000000e+03 -2.662796497344970703e+00
2.061000000000000000e+03 -2.655101299285888672e+00
2.062000000000000000e+03 -2.668751239776611328e+00
2.063000000000000000e+03 -2.709752082824707031e+00
2.064000000000000000e+03 -2.688159227371215820e+00
2.065000000000000000e+03 -2.678980112075805664e+00
2.066000000000000000e+03 -2.656934261322021484e+00
2.067000000000000000e+03 -2.679127216339111328e+00
2.068000000000000000e+03 -2.695139884948730469e+00
2.069000000000000000e+03 -2.672256708145141602e+00
2.070000000000000000e+03 -2.655647993087768555e+00
2.071000000000000000e+03 -2.663015604019165039e+00
2.072000000000000000e+03 -2.665780067443847656e+00
2.073000000000000000e+03 -2.650567770004272461e+00
2.074000000000000000e+03 -2.686433315277099609e+00
2.075000000000000000e+03 -2.667288780212402344e+00
2.076000000000000000e+03 -2.661169528961181641e+00
2.077000000000000000e+03 -2.636497974395751953e+00
2.078000000000000000e+03 -2.649652242660522461e+00
2.079000000000000000e+03 -2.669296741485595703e+00
2.080000000000000000e+03 -2.655493259429931641e+00
2.081000000000000000e+03 -2.656473398208618164e+00
2.082000000000000000e+03 -2.670220136642456055e+00
2.083000000000000000e+03 -2.685616493225097656e+00
2.084000000000000000e+03 -2.667834520339965820e+00
2.085000000000000000e+03 -2.695997476577758789e+00
2.086000000000000000e+03 -2.697871446609497070e+00
2.087000000000000000e+03 -2.700463294982910156e+00
2.088000000000000000e+03 -2.672908067703247070e+00
2.089000000000000000e+03 -2.686466932296752930e+00
2.090000000000000000e+03 -2.661684513092041016e+00
2.091000000000000000e+03 -2.664628267288208008e+00
2.092000000000000000e+03 -2.714927911758422852e+00
2.093000000000000000e+03 -2.683001041412353516e+00
2.094000000000000000e+03 -2.687403678894042969e+00
2.095000000000000000e+03 -2.683509588241577148e+00
2.096000000000000000e+03 -2.693297147750854492e+00
2.097000000000000000e+03 -2.724706649780273438e+00
2.098000000000000000e+03 -2.726181030273437500e+00
2.099000000000000000e+03 -2.692996740341186523e+00
2.100000000000000000e+03 -2.689400434494018555e+00
2.101000000000000000e+03 -2.665681838989257812e+00
2.102000000000000000e+03 -2.670241117477416992e+00
2.103000000000000000e+03 -2.677899360656738281e+00
2.104000000000000000e+03 -2.669331789016723633e+00
2.105000000000000000e+03 -2.647895336151123047e+00
2.106000000000000000e+03 -2.717246770858764648e+00
2.107000000000000000e+03 -2.696790695190429688e+00
2.108000000000000000e+03 -2.665439605712890625e+00
2.109000000000000000e+03 -2.659379720687866211e+00
2.110000000000000000e+03 -2.693058729171752930e+00
2.111000000000000000e+03 -2.673390150070190430e+00
2.112000000000000000e+03 -2.657357692718505859e+00
2.113000000000000000e+03 -2.684238910675048828e+00
2.114000000000000000e+03 -2.698498725891113281e+00
2.115000000000000000e+03 -2.643995761871337891e+00
2.116000000000000000e+03 -2.681597709655761719e+00
2.117000000000000000e+03 -2.684092760086059570e+00
2.118000000000000000e+03 -2.679264307022094727e+00
2.119000000000000000e+03 -2.655315160751342773e+00
2.120000000000000000e+03 -2.676817178726196289e+00
2.121000000000000000e+03 -2.695173978805541992e+00
2.122000000000000000e+03 -2.697375059127807617e+00
2.123000000000000000e+03 -2.646230220794677734e+00
2.124000000000000000e+03 -2.675099134445190430e+00
2.125000000000000000e+03 -2.682625770568847656e+00
2.126000000000000000e+03 -2.692632436752319336e+00
2.127000000000000000e+03 -2.701221942901611328e+00
2.128000000000000000e+03 -2.657719373703002930e+00
2.129000000000000000e+03 -2.631626605987548828e+00
2.130000000000000000e+03 -2.622881889343261719e+00
2.131000000000000000e+03 -2.630544185638427734e+00
2.132000000000000000e+03 -2.677309274673461914e+00
2.133000000000000000e+03 -2.656018972396850586e+00
2.134000000000000000e+03 -2.627779483795166016e+00
2.135000000000000000e+03 -2.645928859710693359e+00
2.136000000000000000e+03 -2.637048244476318359e+00
2.137000000000000000e+03 -2.651757001876831055e+00
2.138000000000000000e+03 -2.616960525512695312e+00
2.139000000000000000e+03 -2.645469427108764648e+00
2.140000000000000000e+03 -2.633361339569091797e+00
2.141000000000000000e+03 -2.611800909042358398e+00
2.142000000000000000e+03 -2.648577451705932617e+00
2.143000000000000000e+03 -2.661794662475585938e+00
2.144000000000000000e+03 -2.631103754043579102e+00
2.145000000000000000e+03 -2.643450736999511719e+00
2.146000000000000000e+03 -2.638517856597900391e+00
2.147000000000000000e+03 -2.629627704620361328e+00
2.148000000000000000e+03 -2.662522077560424805e+00
2.149000000000000000e+03 -2.635745525360107422e+00
2.150000000000000000e+03 -2.650105237960815430e+00
2.151000000000000000e+03 -2.665666103363037109e+00
2.152000000000000000e+03 -2.669102668762207031e+00
2.153000000000000000e+03 -2.679043292999267578e+00
2.154000000000000000e+03 -2.678292512893676758e+00
2.155000000000000000e+03 -2.665168046951293945e+00
2.156000000000000000e+03 -2.663218021392822266e+00
2.157000000000000000e+03 -2.646750926971435547e+00
2.158000000000000000e+03 -2.707850217819213867e+00
2.159000000000000000e+03 -2.699504613876342773e+00
2.160000000000000000e+03 -2.651657104492187500e+00
2.161000000000000000e+03 -2.645594358444213867e+00
2.162000000000000000e+03 -2.633636236190795898e+00
2.163000000000000000e+03 -2.654610872268676758e+00
2.164000000000000000e+03 -2.621687412261962891e+00
2.165000000000000000e+03 -2.654783487319946289e+00
2.166000000000000000e+03 -2.650123119354248047e+00
2.167000000000000000e+03 -2.642569065093994141e+00
2.168000000000000000e+03 -2.641233205795288086e+00
2.169000000000000000e+03 -2.683053493499755859e+00
2.170000000000000000e+03 -2.675477743148803711e+00
2.171000000000000000e+03 -2.665524244308471680e+00
2.172000000000000000e+03 -2.652189254760742188e+00
2.173000000000000000e+03 -2.676662206649780273e+00
2.174000000000000000e+03 -2.683665275573730469e+00
2.175000000000000000e+03 -2.669827938079833984e+00
2.176000000000000000e+03 -2.656249523162841797e+00
2.177000000000000000e+03 -2.669118404388427734e+00
2.178000000000000000e+03 -2.647278785705566406e+00
2.179000000000000000e+03 -2.626256227493286133e+00
2.180000000000000000e+03 -2.652188062667846680e+00
2.181000000000000000e+03 -2.648349761962890625e+00
2.182000000000000000e+03 -2.643627882003784180e+00
2.183000000000000000e+03 -2.662603378295898438e+00
2.184000000000000000e+03 -2.660732269287109375e+00
2.185000000000000000e+03 -2.675276041030883789e+00
2.186000000000000000e+03 -2.673238754272460938e+00
2.187000000000000000e+03 -2.662371158599853516e+00
2.188000000000000000e+03 -2.683884620666503906e+00
2.189000000000000000e+03 -2.695319414138793945e+00
2.190000000000000000e+03 -2.686380863189697266e+00
2.191000000000000000e+03 -2.689324140548706055e+00
2.192000000000000000e+03 -2.678372859954833984e+00
2.193000000000000000e+03 -2.660781145095825195e+00
2.194000000000000000e+03 -2.628063678741455078e+00
2.195000000000000000e+03 -2.646488428115844727e+00
2.196000000000000000e+03 -2.656662702560424805e+00
2.197000000000000000e+03 -2.670696973800659180e+00
2.198000000000000000e+03 -2.696863889694213867e+00
2.199000000000000000e+03 -2.685669898986816406e+00
2.200000000000000000e+03 -2.662062406539916992e+00
2.201000000000000000e+03 -2.676393032073974609e+00
2.202000000000000000e+03 -2.652551412582397461e+00
2.203000000000000000e+03 -2.673252582550048828e+00
2.204000000000000000e+03 -2.692303180694580078e+00
2.205000000000000000e+03 -2.650938510894775391e+00
2.206000000000000000e+03 -2.622785568237304688e+00
2.207000000000000000e+03 -2.645400047302246094e+00
2.208000000000000000e+03 -2.652267932891845703e+00
2.209000000000000000e+03 -2.686439037322998047e+00
2.210000000000000000e+03 -2.684770822525024414e+00
2.211000000000000000e+03 -2.690318822860717773e+00
2.212000000000000000e+03 -2.692635297775268555e+00
2.213000000000000000e+03 -2.666490793228149414e+00
2.214000000000000000e+03 -2.663069963455200195e+00
2.215000000000000000e+03 -2.699457168579101562e+00
2.216000000000000000e+03 -2.656243801116943359e+00
2.217000000000000000e+03 -2.684319019317626953e+00
2.218000000000000000e+03 -2.674818515777587891e+00
2.219000000000000000e+03 -2.684685707092285156e+00
2.220000000000000000e+03 -2.657345533370971680e+00
2.221000000000000000e+03 -2.663619518280029297e+00
2.222000000000000000e+03 -2.678785562515258789e+00
2.223000000000000000e+03 -2.684502601623535156e+00
2.224000000000000000e+03 -2.649255752563476562e+00
2.225000000000000000e+03 -2.667885541915893555e+00
2.226000000000000000e+03 -2.687898635864257812e+00
2.227000000000000000e+03 -2.673582553863525391e+00
2.228000000000000000e+03 -2.681303501129150391e+00
2.229000000000000000e+03 -2.700128078460693359e+00
2.230000000000000000e+03 -2.706419944763183594e+00
2.231000000000000000e+03 -2.677737951278686523e+00
2.232000000000000000e+03 -2.659560680389404297e+00
2.233000000000000000e+03 -2.667310953140258789e+00
2.234000000000000000e+03 -2.665150165557861328e+00
2.235000000000000000e+03 -2.691430330276489258e+00
2.236000000000000000e+03 -2.681132793426513672e+00
2.237000000000000000e+03 -2.670275926589965820e+00
2.238000000000000000e+03 -2.671174049377441406e+00
2.239000000000000000e+03 -2.667377233505249023e+00
2.240000000000000000e+03 -2.675224781036376953e+00
2.241000000000000000e+03 -2.652036190032958984e+00
2.242000000000000000e+03 -2.669678449630737305e+00
2.243000000000000000e+03 -2.679355621337890625e+00
2.244000000000000000e+03 -2.686115264892578125e+00
2.245000000000000000e+03 -2.668022632598876953e+00
2.246000000000000000e+03 -2.694077014923095703e+00
2.247000000000000000e+03 -2.688991069793701172e+00
2.248000000000000000e+03 -2.679394721984863281e+00
2.249000000000000000e+03 -2.703533649444580078e+00
2.250000000000000000e+03 -2.689160823822021484e+00
2.251000000000000000e+03 -2.679296731948852539e+00
2.252000000000000000e+03 -2.726133823394775391e+00
2.253000000000000000e+03 -2.697493791580200195e+00
2.254000000000000000e+03 -2.689651489257812500e+00
2.255000000000000000e+03 -2.668996810913085938e+00
2.256000000000000000e+03 -2.658031225204467773e+00
2.257000000000000000e+03 -2.688124895095825195e+00
2.258000000000000000e+03 -2.694727420806884766e+00
2.259000000000000000e+03 -2.684546232223510742e+00
2.260000000000000000e+03 -2.686182498931884766e+00
2.261000000000000000e+03 -2.675682544708251953e+00
2.262000000000000000e+03 -2.705922603607177734e+00
2.263000000000000000e+03 -2.679697513580322266e+00
2.264000000000000000e+03 -2.696421146392822266e+00
2.265000000000000000e+03 -2.667133092880249023e+00
2.266000000000000000e+03 -2.719213962554931641e+00
2.267000000000000000e+03 -2.736861467361450195e+00
2.268000000000000000e+03 -2.642309665679931641e+00
2.269000000000000000e+03 -2.666792154312133789e+00
2.270000000000000000e+03 -2.663315773010253906e+00
2.271000000000000000e+03 -2.691093206405639648e+00
2.272000000000000000e+03 -2.691942453384399414e+00
2.273000000000000000e+03 -2.710292816162109375e+00
2.274000000000000000e+03 -2.701039791107177734e+00
2.275000000000000000e+03 -2.719925403594970703e+00
2.276000000000000000e+03 -2.674541711807250977e+00
2.277000000000000000e+03 -2.701692581176757812e+00
2.278000000000000000e+03 -2.673578023910522461e+00
2.279000000000000000e+03 -2.707744359970092773e+00
2.280000000000000000e+03 -2.732835769653320312e+00
2.281000000000000000e+03 -2.733677387237548828e+00
2.282000000000000000e+03 -2.725967168807983398e+00
2.283000000000000000e+03 -2.715806245803833008e+00
2.284000000000000000e+03 -2.679972887039184570e+00
2.285000000000000000e+03 -2.669393062591552734e+00
2.286000000000000000e+03 -2.661774635314941406e+00
2.287000000000000000e+03 -2.686973094940185547e+00
2.288000000000000000e+03 -2.676879644393920898e+00
2.289000000000000000e+03 -2.703538894653320312e+00
2.290000000000000000e+03 -2.685795783996582031e+00
2.291000000000000000e+03 -2.698264837265014648e+00
2.292000000000000000e+03 -2.672792196273803711e+00
2.293000000000000000e+03 -2.650208473205566406e+00
2.294000000000000000e+03 -2.613471269607543945e+00
2.295000000000000000e+03 -2.613705873489379883e+00
2.296000000000000000e+03 -2.656141757965087891e+00
2.297000000000000000e+03 -2.650239229202270508e+00
2.298000000000000000e+03 -2.692983865737915039e+00
2.299000000000000000e+03 -2.672948837280273438e+00
2.300000000000000000e+03 -2.689164876937866211e+00
2.301000000000000000e+03 -2.668819665908813477e+00
2.302000000000000000e+03 -2.694555044174194336e+00
2.303000000000000000e+03 -2.669111490249633789e+00
2.304000000000000000e+03 -2.694040536880493164e+00
2.305000000000000000e+03 -2.663919687271118164e+00
2.306000000000000000e+03 -2.685024023056030273e+00
2.307000000000000000e+03 -2.697743415832519531e+00
2.308000000000000000e+03 -2.728195905685424805e+00
2.309000000000000000e+03 -2.668736934661865234e+00
2.310000000000000000e+03 -2.665697097778320312e+00
2.311000000000000000e+03 -2.689695835113525391e+00
2.312000000000000000e+03 -2.647720098495483398e+00
2.313000000000000000e+03 -2.670480251312255859e+00
2.314000000000000000e+03 -2.676715373992919922e+00
2.315000000000000000e+03 -2.684900760650634766e+00
2.316000000000000000e+03 -2.681400299072265625e+00
2.317000000000000000e+03 -2.669905662536621094e+00
2.318000000000000000e+03 -2.648481369018554688e+00
2.319000000000000000e+03 -2.654825925827026367e+00
2.320000000000000000e+03 -2.662419319152832031e+00
2.321000000000000000e+03 -2.629474639892578125e+00
2.322000000000000000e+03 -2.627959012985229492e+00
2.323000000000000000e+03 -2.614242553710937500e+00
2.324000000000000000e+03 -2.617599487304687500e+00
2.325000000000000000e+03 -2.683433055877685547e+00
2.326000000000000000e+03 -2.651078701019287109e+00
2.327000000000000000e+03 -2.624218702316284180e+00
2.328000000000000000e+03 -2.655742406845092773e+00
2.329000000000000000e+03 -2.629209041595458984e+00
2.330000000000000000e+03 -2.650399923324584961e+00
2.331000000000000000e+03 -2.614775180816650391e+00
2.332000000000000000e+03 -2.657567739486694336e+00
2.333000000000000000e+03 -2.659279108047485352e+00
2.334000000000000000e+03 -2.651967525482177734e+00
2.335000000000000000e+03 -2.651285409927368164e+00
2.336000000000000000e+03 -2.693144559860229492e+00
2.337000000000000000e+03 -2.674484968185424805e+00
2.338000000000000000e+03 -2.633764743804931641e+00
2.339000000000000000e+03 -2.656586170196533203e+00
2.340000000000000000e+03 -2.655300855636596680e+00
2.341000000000000000e+03 -2.617159128189086914e+00
2.342000000000000000e+03 -2.643904209136962891e+00
2.343000000000000000e+03 -2.638350725173950195e+00
2.344000000000000000e+03 -2.636645078659057617e+00
2.345000000000000000e+03 -2.610842704772949219e+00
2.346000000000000000e+03 -2.641028404235839844e+00
2.347000000000000000e+03 -2.638074874877929688e+00
2.348000000000000000e+03 -2.640672922134399414e+00
2.349000000000000000e+03 -2.634664058685302734e+00
2.350000000000000000e+03 -2.637556552886962891e+00
2.351000000000000000e+03 -2.642431020736694336e+00
2.352000000000000000e+03 -2.631043672561645508e+00
2.353000000000000000e+03 -2.616418838500976562e+00
2.354000000000000000e+03 -2.638169527053833008e+00
2.355000000000000000e+03 -2.626837015151977539e+00
2.356000000000000000e+03 -2.624074220657348633e+00
2.357000000000000000e+03 -2.637623548507690430e+00
2.358000000000000000e+03 -2.651723861694335938e+00
2.359000000000000000e+03 -2.626507520675659180e+00
2.360000000000000000e+03 -2.640012979507446289e+00
2.361000000000000000e+03 -2.641579866409301758e+00
2.362000000000000000e+03 -2.638849258422851562e+00
2.363000000000000000e+03 -2.616164445877075195e+00
2.364000000000000000e+03 -2.646064758300781250e+00
2.365000000000000000e+03 -2.660663604736328125e+00
2.366000000000000000e+03 -2.615260362625122070e+00
2.367000000000000000e+03 -2.644447326660156250e+00
2.368000000000000000e+03 -2.651134490966796875e+00
2.369000000000000000e+03 -2.626801729202270508e+00
2.370000000000000000e+03 -2.631429910659790039e+00
2.371000000000000000e+03 -2.652969121932983398e+00
2.372000000000000000e+03 -2.646347522735595703e+00
2.373000000000000000e+03 -2.638170719146728516e+00
2.374000000000000000e+03 -2.601210117340087891e+00
2.375000000000000000e+03 -2.625485181808471680e+00
2.376000000000000000e+03 -2.625289201736450195e+00
2.377000000000000000e+03 -2.650036573410034180e+00
2.378000000000000000e+03 -2.657299041748046875e+00
2.379000000000000000e+03 -2.627002239227294922e+00
2.380000000000000000e+03 -2.626082897186279297e+00
2.381000000000000000e+03 -2.600863933563232422e+00
2.382000000000000000e+03 -2.651375293731689453e+00
2.383000000000000000e+03 -2.637859344482421875e+00
2.384000000000000000e+03 -2.644941329956054688e+00
2.385000000000000000e+03 -2.641320466995239258e+00
2.386000000000000000e+03 -2.645010471343994141e+00
2.387000000000000000e+03 -2.648162603378295898e+00
2.388000000000000000e+03 -2.677938699722290039e+00
2.389000000000000000e+03 -2.654671907424926758e+00
2.390000000000000000e+03 -2.659438610076904297e+00
2.391000000000000000e+03 -2.663412809371948242e+00
2.392000000000000000e+03 -2.638028621673583984e+00
2.393000000000000000e+03 -2.645395994186401367e+00
2.394000000000000000e+03 -2.614314317703247070e+00
2.395000000000000000e+03 -2.584952831268310547e+00
2.396000000000000000e+03 -2.618743896484375000e+00
2.397000000000000000e+03 -2.634436607360839844e+00
2.398000000000000000e+03 -2.650445461273193359e+00
2.399000000000000000e+03 -2.659301042556762695e+00
2.400000000000000000e+03 -2.676731586456298828e+00
2.401000000000000000e+03 -2.663604736328125000e+00
2.402000000000000000e+03 -2.667336225509643555e+00
2.403000000000000000e+03 -2.707366228103637695e+00
2.404000000000000000e+03 -2.637374162673950195e+00
2.405000000000000000e+03 -2.646800279617309570e+00
2.406000000000000000e+03 -2.676462173461914062e+00
2.407000000000000000e+03 -2.660225868225097656e+00
2.408000000000000000e+03 -2.622829914093017578e+00
2.409000000000000000e+03 -2.651611804962158203e+00
2.410000000000000000e+03 -2.656057357788085938e+00
2.411000000000000000e+03 -2.681894063949584961e+00
2.412000000000000000e+03 -2.637578725814819336e+00
2.413000000000000000e+03 -2.659794807434082031e+00
2.414000000000000000e+03 -2.644592761993408203e+00
2.415000000000000000e+03 -2.658258199691772461e+00
2.416000000000000000e+03 -2.672947406768798828e+00
2.417000000000000000e+03 -2.644135951995849609e+00
2.418000000000000000e+03 -2.659971237182617188e+00
2.419000000000000000e+03 -2.597726106643676758e+00
2.420000000000000000e+03 -2.640968322753906250e+00
2.421000000000000000e+03 -2.642809391021728516e+00
2.422000000000000000e+03 -2.624370336532592773e+00
2.423000000000000000e+03 -2.655414104461669922e+00
2.424000000000000000e+03 -2.675208091735839844e+00
2.425000000000000000e+03 -2.679737806320190430e+00
2.426000000000000000e+03 -2.663620948791503906e+00
2.427000000000000000e+03 -2.665107488632202148e+00
2.428000000000000000e+03 -2.672867536544799805e+00
2.429000000000000000e+03 -2.661351442337036133e+00
2.430000000000000000e+03 -2.615248203277587891e+00
2.431000000000000000e+03 -2.640288591384887695e+00
2.432000000000000000e+03 -2.652560949325561523e+00
2.433000000000000000e+03 -2.600530624389648438e+00
2.434000000000000000e+03 -2.599481344223022461e+00
2.435000000000000000e+03 -2.627106189727783203e+00
2.436000000000000000e+03 -2.595509529113769531e+00
2.437000000000000000e+03 -2.624602317810058594e+00
2.438000000000000000e+03 -2.632966041564941406e+00
2.439000000000000000e+03 -2.635295867919921875e+00
2.440000000000000000e+03 -2.603474855422973633e+00
2.441000000000000000e+03 -2.652158975601196289e+00
2.442000000000000000e+03 -2.669034957885742188e+00
2.443000000000000000e+03 -2.635711908340454102e+00
2.444000000000000000e+03 -2.669285058975219727e+00
2.445000000000000000e+03 -2.654977321624755859e+00
2.446000000000000000e+03 -2.696447849273681641e+00
2.447000000000000000e+03 -2.682518720626831055e+00
2.448000000000000000e+03 -2.687285423278808594e+00
2.449000000000000000e+03 -2.628083705902099609e+00
2.450000000000000000e+03 -2.636240720748901367e+00
2.451000000000000000e+03 -2.669702768325805664e+00
2.452000000000000000e+03 -2.669322967529296875e+00
2.453000000000000000e+03 -2.600206613540649414e+00
2.454000000000000000e+03 -2.583980560302734375e+00
2.455000000000000000e+03 -2.654691696166992188e+00
2.456000000000000000e+03 -2.633597373962402344e+00
2.457000000000000000e+03 -2.635435819625854492e+00
2.458000000000000000e+03 -2.650532245635986328e+00
2.459000000000000000e+03 -2.636615276336669922e+00
2.460000000000000000e+03 -2.653806686401367188e+00
2.461000000000000000e+03 -2.656289100646972656e+00
2.462000000000000000e+03 -2.605020523071289062e+00
2.463000000000000000e+03 -2.608494281768798828e+00
2.464000000000000000e+03 -2.618377447128295898e+00
2.465000000000000000e+03 -2.602252244949340820e+00
2.466000000000000000e+03 -2.639379501342773438e+00
2.467000000000000000e+03 -2.584528446197509766e+00
2.468000000000000000e+03 -2.606698036193847656e+00
2.469000000000000000e+03 -2.603098869323730469e+00
2.470000000000000000e+03 -2.596976757049560547e+00
2.471000000000000000e+03 -2.639247179031372070e+00
2.472000000000000000e+03 -2.660998582839965820e+00
2.473000000000000000e+03 -2.665107250213623047e+00
2.474000000000000000e+03 -2.636014938354492188e+00
2.475000000000000000e+03 -2.650072813034057617e+00
2.476000000000000000e+03 -2.645498514175415039e+00
2.477000000000000000e+03 -2.626579523086547852e+00
2.478000000000000000e+03 -2.677022457122802734e+00
2.479000000000000000e+03 -2.666689634323120117e+00
2.480000000000000000e+03 -2.646094322204589844e+00
2.481000000000000000e+03 -2.633769512176513672e+00
2.482000000000000000e+03 -2.637091875076293945e+00
2.483000000000000000e+03 -2.665074110031127930e+00
2.484000000000000000e+03 -2.650603771209716797e+00
2.485000000000000000e+03 -2.662027597427368164e+00
2.486000000000000000e+03 -2.651146650314331055e+00
2.487000000000000000e+03 -2.623059749603271484e+00
2.488000000000000000e+03 -2.617978572845458984e+00
2.489000000000000000e+03 -2.679445743560791016e+00
2.490000000000000000e+03 -2.678202152252197266e+00
2.491000000000000000e+03 -2.684185504913330078e+00
2.492000000000000000e+03 -2.630908727645874023e+00
2.493000000000000000e+03 -2.668107032775878906e+00
2.494000000000000000e+03 -2.698923587799072266e+00
2.495000000000000000e+03 -2.676535844802856445e+00
2.496000000000000000e+03 -2.667526483535766602e+00
2.497000000000000000e+03 -2.687012195587158203e+00
2.498000000000000000e+03 -2.663088083267211914e+00
2.499000000000000000e+03 -2.675961494445800781e+00
2.500000000000000000e+03 -2.670105218887329102e+00
2.501000000000000000e+03 -2.651062488555908203e+00
2.502000000000000000e+03 -2.656047344207763672e+00
2.503000000000000000e+03 -2.676302909851074219e+00
2.504000000000000000e+03 -2.661365747451782227e+00
2.505000000000000000e+03 -2.710225820541381836e+00
2.506000000000000000e+03 -2.678739547729492188e+00
2.507000000000000000e+03 -2.653658866882324219e+00
2.508000000000000000e+03 -2.684016466140747070e+00
2.509000000000000000e+03 -2.664419651031494141e+00
2.510000000000000000e+03 -2.661415576934814453e+00
2.511000000000000000e+03 -2.686574459075927734e+00
2.512000000000000000e+03 -2.668825387954711914e+00
2.513000000000000000e+03 -2.676537752151489258e+00
2.514000000000000000e+03 -2.667483806610107422e+00
2.515000000000000000e+03 -2.667478322982788086e+00
2.516000000000000000e+03 -2.692431926727294922e+00
2.517000000000000000e+03 -2.680611848831176758e+00
2.518000000000000000e+03 -2.721401214599609375e+00
2.519000000000000000e+03 -2.713830947875976562e+00
2.520000000000000000e+03 -2.697641372680664062e+00
2.521000000000000000e+03 -2.677663087844848633e+00
2.522000000000000000e+03 -2.676501989364624023e+00
2.523000000000000000e+03 -2.705931663513183594e+00
2.524000000000000000e+03 -2.679307460784912109e+00
2.525000000000000000e+03 -2.642428159713745117e+00
2.526000000000000000e+03 -2.645638465881347656e+00
2.527000000000000000e+03 -2.649509429931640625e+00
2.528000000000000000e+03 -2.695589542388916016e+00
2.529000000000000000e+03 -2.694960594177246094e+00
2.530000000000000000e+03 -2.685695409774780273e+00
2.531000000000000000e+03 -2.672278881072998047e+00
2.532000000000000000e+03 -2.668141126632690430e+00
2.533000000000000000e+03 -2.642570257186889648e+00
2.534000000000000000e+03 -2.668642997741699219e+00
2.535000000000000000e+03 -2.675525903701782227e+00
2.536000000000000000e+03 -2.669189929962158203e+00
2.537000000000000000e+03 -2.683981895446777344e+00
2.538000000000000000e+03 -2.692538499832153320e+00
2.539000000000000000e+03 -2.706579446792602539e+00
2.540000000000000000e+03 -2.667892217636108398e+00
2.541000000000000000e+03 -2.666723012924194336e+00
2.542000000000000000e+03 -2.675540208816528320e+00
2.543000000000000000e+03 -2.648918390274047852e+00
2.544000000000000000e+03 -2.659044027328491211e+00
2.545000000000000000e+03 -2.637472867965698242e+00
2.546000000000000000e+03 -2.591903686523437500e+00
2.547000000000000000e+03 -2.620563507080078125e+00
2.548000000000000000e+03 -2.616373062133789062e+00
2.549000000000000000e+03 -2.638694763183593750e+00
2.550000000000000000e+03 -2.650552511215209961e+00
2.551000000000000000e+03 -2.648435592651367188e+00
2.552000000000000000e+03 -2.683928012847900391e+00
2.553000000000000000e+03 -2.667909383773803711e+00
2.554000000000000000e+03 -2.639935493469238281e+00
2.555000000000000000e+03 -2.648768424987792969e+00
2.556000000000000000e+03 -2.680088758468627930e+00
2.557000000000000000e+03 -2.663110971450805664e+00
2.558000000000000000e+03 -2.637072801589965820e+00
2.559000000000000000e+03 -2.614978313446044922e+00
2.560000000000000000e+03 -2.618417978286743164e+00
2.561000000000000000e+03 -2.612304925918579102e+00
2.562000000000000000e+03 -2.648099899291992188e+00
2.563000000000000000e+03 -2.653123140335083008e+00
2.564000000000000000e+03 -2.663725852966308594e+00
2.565000000000000000e+03 -2.651540756225585938e+00
2.566000000000000000e+03 -2.649855136871337891e+00
2.567000000000000000e+03 -2.654886245727539062e+00
2.568000000000000000e+03 -2.683706760406494141e+00
2.569000000000000000e+03 -2.681372880935668945e+00
2.570000000000000000e+03 -2.640873432159423828e+00
2.571000000000000000e+03 -2.674847126007080078e+00
2.572000000000000000e+03 -2.664671659469604492e+00
2.573000000000000000e+03 -2.688018560409545898e+00
2.574000000000000000e+03 -2.679435491561889648e+00
2.575000000000000000e+03 -2.644464492797851562e+00
2.576000000000000000e+03 -2.655319452285766602e+00
2.577000000000000000e+03 -2.667281627655029297e+00
2.578000000000000000e+03 -2.652383089065551758e+00
2.579000000000000000e+03 -2.683732748031616211e+00
2.580000000000000000e+03 -2.659438133239746094e+00
2.581000000000000000e+03 -2.639803647994995117e+00
2.582000000000000000e+03 -2.678418159484863281e+00
2.583000000000000000e+03 -2.683516979217529297e+00
2.584000000000000000e+03 -2.664748430252075195e+00
2.585000000000000000e+03 -2.690779209136962891e+00
2.586000000000000000e+03 -2.681270599365234375e+00
2.587000000000000000e+03 -2.677368164062500000e+00
2.588000000000000000e+03 -2.672580718994140625e+00
2.589000000000000000e+03 -2.679113149642944336e+00
2.590000000000000000e+03 -2.697832345962524414e+00
2.591000000000000000e+03 -2.709754228591918945e+00
2.592000000000000000e+03 -2.703689098358154297e+00
2.593000000000000000e+03 -2.719788789749145508e+00
2.594000000000000000e+03 -2.685401916503906250e+00
2.595000000000000000e+03 -2.697565555572509766e+00
2.596000000000000000e+03 -2.676392555236816406e+00
2.597000000000000000e+03 -2.666106700897216797e+00
2.598000000000000000e+03 -2.675056457519531250e+00
2.599000000000000000e+03 -2.652472734451293945e+00
2.600000000000000000e+03 -2.658977031707763672e+00
2.601000000000000000e+03 -2.651752233505249023e+00
2.602000000000000000e+03 -2.648711442947387695e+00
2.603000000000000000e+03 -2.638158321380615234e+00
2.604000000000000000e+03 -2.677800178527832031e+00
2.605000000000000000e+03 -2.659659862518310547e+00
2.606000000000000000e+03 -2.684727430343627930e+00
2.607000000000000000e+03 -2.674049139022827148e+00
2.608000000000000000e+03 -2.647954463958740234e+00
2.609000000000000000e+03 -2.662862062454223633e+00
2.610000000000000000e+03 -2.695240020751953125e+00
2.611000000000000000e+03 -2.656313419342041016e+00
2.612000000000000000e+03 -2.663565397262573242e+00
2.613000000000000000e+03 -2.650216102600097656e+00
2.614000000000000000e+03 -2.674412727355957031e+00
2.615000000000000000e+03 -2.678035020828247070e+00
2.616000000000000000e+03 -2.681761980056762695e+00
2.617000000000000000e+03 -2.694988012313842773e+00
2.618000000000000000e+03 -2.660993337631225586e+00
2.619000000000000000e+03 -2.680997133255004883e+00
2.620000000000000000e+03 -2.682729005813598633e+00
2.621000000000000000e+03 -2.664702177047729492e+00
2.622000000000000000e+03 -2.667835950851440430e+00
2.623000000000000000e+03 -2.666219234466552734e+00
2.624000000000000000e+03 -2.667406082153320312e+00
2.625000000000000000e+03 -2.672231435775756836e+00
2.626000000000000000e+03 -2.692030429840087891e+00
2.627000000000000000e+03 -2.680630922317504883e+00
2.628000000000000000e+03 -2.702141523361206055e+00
2.629000000000000000e+03 -2.689312219619750977e+00
2.630000000000000000e+03 -2.688226699829101562e+00
2.631000000000000000e+03 -2.656125545501708984e+00
2.632000000000000000e+03 -2.636266708374023438e+00
2.633000000000000000e+03 -2.654680490493774414e+00
2.634000000000000000e+03 -2.661288738250732422e+00
2.635000000000000000e+03 -2.666234016418457031e+00
2.636000000000000000e+03 -2.648653984069824219e+00
2.637000000000000000e+03 -2.611014366149902344e+00
2.638000000000000000e+03 -2.612292289733886719e+00
2.639000000000000000e+03 -2.661047220230102539e+00
2.640000000000000000e+03 -2.652430772781372070e+00
2.641000000000000000e+03 -2.650028228759765625e+00
2.642000000000000000e+03 -2.662195682525634766e+00
2.643000000000000000e+03 -2.688261747360229492e+00
2.644000000000000000e+03 -2.677754640579223633e+00
2.645000000000000000e+03 -2.690189599990844727e+00
2.646000000000000000e+03 -2.674819946289062500e+00
2.647000000000000000e+03 -2.648914337158203125e+00
2.648000000000000000e+03 -2.645632743835449219e+00
2.649000000000000000e+03 -2.643693447113037109e+00
2.650000000000000000e+03 -2.662853956222534180e+00
2.651000000000000000e+03 -2.674848079681396484e+00
2.652000000000000000e+03 -2.666992664337158203e+00
2.653000000000000000e+03 -2.658800125122070312e+00
2.654000000000000000e+03 -2.678422451019287109e+00
2.655000000000000000e+03 -2.664383411407470703e+00
2.656000000000000000e+03 -2.697017192840576172e+00
2.657000000000000000e+03 -2.669094562530517578e+00
2.658000000000000000e+03 -2.674578428268432617e+00
2.659000000000000000e+03 -2.670058488845825195e+00
2.660000000000000000e+03 -2.671232700347900391e+00
2.661000000000000000e+03 -2.680357456207275391e+00
2.662000000000000000e+03 -2.668794155120849609e+00
2.663000000000000000e+03 -2.669271707534790039e+00
2.664000000000000000e+03 -2.690081596374511719e+00
2.665000000000000000e+03 -2.661548376083374023e+00
2.666000000000000000e+03 -2.677625894546508789e+00
2.667000000000000000e+03 -2.670187473297119141e+00
2.668000000000000000e+03 -2.696570396423339844e+00
2.669000000000000000e+03 -2.685910463333129883e+00
2.670000000000000000e+03 -2.674503087997436523e+00
2.671000000000000000e+03 -2.690991163253784180e+00
2.672000000000000000e+03 -2.700516700744628906e+00
2.673000000000000000e+03 -2.690291404724121094e+00
2.674000000000000000e+03 -2.665903329849243164e+00
2.675000000000000000e+03 -2.681549310684204102e+00
2.676000000000000000e+03 -2.668419361114501953e+00
2.677000000000000000e+03 -2.658482074737548828e+00
2.678000000000000000e+03 -2.649958133697509766e+00
2.679000000000000000e+03 -2.645787239074707031e+00
2.680000000000000000e+03 -2.701766252517700195e+00
2.681000000000000000e+03 -2.684082031250000000e+00
2.682000000000000000e+03 -2.672561883926391602e+00
2.683000000000000000e+03 -2.667544841766357422e+00
2.684000000000000000e+03 -2.686086654663085938e+00
2.685000000000000000e+03 -2.701959371566772461e+00
2.686000000000000000e+03 -2.679556846618652344e+00
2.687000000000000000e+03 -2.700093269348144531e+00
2.688000000000000000e+03 -2.672838926315307617e+00
2.689000000000000000e+03 -2.680928945541381836e+00
2.690000000000000000e+03 -2.678811073303222656e+00
2.691000000000000000e+03 -2.702622413635253906e+00
2.692000000000000000e+03 -2.681101083755493164e+00
2.693000000000000000e+03 -2.664893865585327148e+00
2.694000000000000000e+03 -2.660516023635864258e+00
2.695000000000000000e+03 -2.658897638320922852e+00
2.696000000000000000e+03 -2.686589241027832031e+00
2.697000000000000000e+03 -2.661600828170776367e+00
2.698000000000000000e+03 -2.704007148742675781e+00
2.699000000000000000e+03 -2.716402053833007812e+00
2.700000000000000000e+03 -2.699928283691406250e+00
2.701000000000000000e+03 -2.677344560623168945e+00
2.702000000000000000e+03 -2.702723741531372070e+00
2.703000000000000000e+03 -2.671331167221069336e+00
2.704000000000000000e+03 -2.677295923233032227e+00
2.705000000000000000e+03 -2.687198400497436523e+00
2.706000000000000000e+03 -2.694456338882446289e+00
2.707000000000000000e+03 -2.718697309494018555e+00
2.708000000000000000e+03 -2.716261625289916992e+00
2.709000000000000000e+03 -2.651459932327270508e+00
2.710000000000000000e+03 -2.690267562866210938e+00
2.711000000000000000e+03 -2.675225257873535156e+00
2.712000000000000000e+03 -2.687815427780151367e+00
2.713000000000000000e+03 -2.687247753143310547e+00
2.714000000000000000e+03 -2.659905433654785156e+00
2.715000000000000000e+03 -2.674868106842041016e+00
2.716000000000000000e+03 -2.668185949325561523e+00
2.717000000000000000e+03 -2.661316871643066406e+00
2.718000000000000000e+03 -2.671503782272338867e+00
2.719000000000000000e+03 -2.693027973175048828e+00
2.720000000000000000e+03 -2.692052602767944336e+00
2.721000000000000000e+03 -2.649904727935791016e+00
2.722000000000000000e+03 -2.689710617065429688e+00
2.723000000000000000e+03 -2.672031164169311523e+00
2.724000000000000000e+03 -2.698111057281494141e+00
2.725000000000000000e+03 -2.676229953765869141e+00
2.726000000000000000e+03 -2.669911861419677734e+00
2.727000000000000000e+03 -2.668170213699340820e+00
2.728000000000000000e+03 -2.683446884155273438e+00
2.729000000000000000e+03 -2.701987028121948242e+00
2.730000000000000000e+03 -2.696420907974243164e+00
2.731000000000000000e+03 -2.685784578323364258e+00
2.732000000000000000e+03 -2.662852287292480469e+00
2.733000000000000000e+03 -2.671928167343139648e+00
2.734000000000000000e+03 -2.645621299743652344e+00
2.735000000000000000e+03 -2.656883239746093750e+00
2.736000000000000000e+03 -2.636960983276367188e+00
2.737000000000000000e+03 -2.648053884506225586e+00
2.738000000000000000e+03 -2.670992374420166016e+00
2.739000000000000000e+03 -2.664927959442138672e+00
2.740000000000000000e+03 -2.654937982559204102e+00
2.741000000000000000e+03 -2.626769781112670898e+00
2.742000000000000000e+03 -2.612448215484619141e+00
2.743000000000000000e+03 -2.648828983306884766e+00
2.744000000000000000e+03 -2.624982833862304688e+00
2.745000000000000000e+03 -2.622602224349975586e+00
2.746000000000000000e+03 -2.625804424285888672e+00
2.747000000000000000e+03 -2.667101144790649414e+00
2.748000000000000000e+03 -2.646739006042480469e+00
2.749000000000000000e+03 -2.649534225463867188e+00
2.750000000000000000e+03 -2.663179874420166016e+00
2.751000000000000000e+03 -2.653999567031860352e+00
2.752000000000000000e+03 -2.663849115371704102e+00
2.753000000000000000e+03 -2.694083213806152344e+00
2.754000000000000000e+03 -2.650462865829467773e+00
2.755000000000000000e+03 -2.638511419296264648e+00
2.756000000000000000e+03 -2.667772293090820312e+00
2.757000000000000000e+03 -2.652935504913330078e+00
2.758000000000000000e+03 -2.667807579040527344e+00
2.759000000000000000e+03 -2.669975042343139648e+00
2.760000000000000000e+03 -2.621916770935058594e+00
2.761000000000000000e+03 -2.645395278930664062e+00
2.762000000000000000e+03 -2.684139490127563477e+00
2.763000000000000000e+03 -2.668481588363647461e+00
2.764000000000000000e+03 -2.652750968933105469e+00
2.765000000000000000e+03 -2.640725135803222656e+00
2.766000000000000000e+03 -2.627746820449829102e+00
2.767000000000000000e+03 -2.627416610717773438e+00
2.768000000000000000e+03 -2.617820978164672852e+00
2.769000000000000000e+03 -2.657262802124023438e+00
2.770000000000000000e+03 -2.625078678131103516e+00
2.771000000000000000e+03 -2.644315958023071289e+00
2.772000000000000000e+03 -2.614240884780883789e+00
2.773000000000000000e+03 -2.657860755920410156e+00
2.774000000000000000e+03 -2.643031597137451172e+00
2.775000000000000000e+03 -2.637933492660522461e+00
2.776000000000000000e+03 -2.641948699951171875e+00
2.777000000000000000e+03 -2.670765876770019531e+00
2.778000000000000000e+03 -2.652143716812133789e+00
2.779000000000000000e+03 -2.687335252761840820e+00
2.780000000000000000e+03 -2.646004438400268555e+00
2.781000000000000000e+03 -2.630667686462402344e+00
2.782000000000000000e+03 -2.628681659698486328e+00
2.783000000000000000e+03 -2.644305229187011719e+00
2.784000000000000000e+03 -2.648075103759765625e+00
2.785000000000000000e+03 -2.629389524459838867e+00
2.786000000000000000e+03 -2.662063121795654297e+00
2.787000000000000000e+03 -2.659423351287841797e+00
2.788000000000000000e+03 -2.628403902053833008e+00
2.789000000000000000e+03 -2.625797986984252930e+00
2.790000000000000000e+03 -2.654799222946166992e+00
2.791000000000000000e+03 -2.651268720626831055e+00
2.792000000000000000e+03 -2.622663497924804688e+00
2.793000000000000000e+03 -2.626028776168823242e+00
2.794000000000000000e+03 -2.624037742614746094e+00
2.795000000000000000e+03 -2.647954463958740234e+00
2.796000000000000000e+03 -2.629102230072021484e+00
2.797000000000000000e+03 -2.650728940963745117e+00
2.798000000000000000e+03 -2.637170791625976562e+00
2.799000000000000000e+03 -2.640465974807739258e+00
2.800000000000000000e+03 -2.639218807220458984e+00
2.801000000000000000e+03 -2.597759485244750977e+00
2.802000000000000000e+03 -2.592114448547363281e+00
2.803000000000000000e+03 -2.595222949981689453e+00
2.804000000000000000e+03 -2.621838092803955078e+00
2.805000000000000000e+03 -2.607542037963867188e+00
2.806000000000000000e+03 -2.597129344940185547e+00
2.807000000000000000e+03 -2.584535121917724609e+00
2.808000000000000000e+03 -2.595808506011962891e+00
2.809000000000000000e+03 -2.611360073089599609e+00
2.810000000000000000e+03 -2.615790367126464844e+00
2.811000000000000000e+03 -2.649240493774414062e+00
2.812000000000000000e+03 -2.623933553695678711e+00
2.813000000000000000e+03 -2.647107362747192383e+00
2.814000000000000000e+03 -2.623416185379028320e+00
2.815000000000000000e+03 -2.590074300765991211e+00
2.816000000000000000e+03 -2.627418994903564453e+00
2.817000000000000000e+03 -2.621470451354980469e+00
2.818000000000000000e+03 -2.652022123336791992e+00
2.819000000000000000e+03 -2.635869741439819336e+00
2.820000000000000000e+03 -2.628801107406616211e+00
2.821000000000000000e+03 -2.595291614532470703e+00
2.822000000000000000e+03 -2.632591009140014648e+00
2.823000000000000000e+03 -2.636712789535522461e+00
2.824000000000000000e+03 -2.627016544342041016e+00
2.825000000000000000e+03 -2.613729238510131836e+00
2.826000000000000000e+03 -2.596159219741821289e+00
2.827000000000000000e+03 -2.605948925018310547e+00
2.828000000000000000e+03 -2.605765819549560547e+00
2.829000000000000000e+03 -2.580101966857910156e+00
2.830000000000000000e+03 -2.581241130828857422e+00
2.831000000000000000e+03 -2.607193708419799805e+00
2.832000000000000000e+03 -2.617877483367919922e+00
2.833000000000000000e+03 -2.617362976074218750e+00
2.834000000000000000e+03 -2.605482578277587891e+00
2.835000000000000000e+03 -2.626147270202636719e+00
2.836000000000000000e+03 -2.630228281021118164e+00
2.837000000000000000e+03 -2.636113882064819336e+00
2.838000000000000000e+03 -2.635432958602905273e+00
2.839000000000000000e+03 -2.648195505142211914e+00
2.840000000000000000e+03 -2.636057853698730469e+00
2.841000000000000000e+03 -2.633356332778930664e+00
2.842000000000000000e+03 -2.580626487731933594e+00
2.843000000000000000e+03 -2.609057903289794922e+00
2.844000000000000000e+03 -2.609123945236206055e+00
2.845000000000000000e+03 -2.635374307632446289e+00
2.846000000000000000e+03 -2.625284433364868164e+00
2.847000000000000000e+03 -2.643454551696777344e+00
2.848000000000000000e+03 -2.615335226058959961e+00
2.849000000000000000e+03 -2.640031337738037109e+00
2.850000000000000000e+03 -2.632706165313720703e+00
2.851000000000000000e+03 -2.647252798080444336e+00
2.852000000000000000e+03 -2.635111570358276367e+00
2.853000000000000000e+03 -2.655269622802734375e+00
2.854000000000000000e+03 -2.643301010131835938e+00
2.855000000000000000e+03 -2.632480382919311523e+00
2.856000000000000000e+03 -2.619199514389038086e+00
2.857000000000000000e+03 -2.640073537826538086e+00
2.858000000000000000e+03 -2.630346298217773438e+00
2.859000000000000000e+03 -2.626316547393798828e+00
2.860000000000000000e+03 -2.618554592132568359e+00
2.861000000000000000e+03 -2.618238925933837891e+00
2.862000000000000000e+03 -2.636211633682250977e+00
2.863000000000000000e+03 -2.610281944274902344e+00
2.864000000000000000e+03 -2.609262466430664062e+00
2.865000000000000000e+03 -2.625188112258911133e+00
2.866000000000000000e+03 -2.604567050933837891e+00
2.867000000000000000e+03 -2.600677490234375000e+00
2.868000000000000000e+03 -2.598056077957153320e+00
2.869000000000000000e+03 -2.601188659667968750e+00
2.870000000000000000e+03 -2.625396728515625000e+00
2.871000000000000000e+03 -2.633839607238769531e+00
2.872000000000000000e+03 -2.615440368652343750e+00
2.873000000000000000e+03 -2.640034198760986328e+00
2.874000000000000000e+03 -2.670456171035766602e+00
2.875000000000000000e+03 -2.643448352813720703e+00
2.876000000000000000e+03 -2.646828889846801758e+00
2.877000000000000000e+03 -2.665225982666015625e+00
2.878000000000000000e+03 -2.683825969696044922e+00
2.879000000000000000e+03 -2.663447856903076172e+00
2.880000000000000000e+03 -2.683940649032592773e+00
2.881000000000000000e+03 -2.678239822387695312e+00
2.882000000000000000e+03 -2.679545402526855469e+00
2.883000000000000000e+03 -2.672313451766967773e+00
2.884000000000000000e+03 -2.673317432403564453e+00
2.885000000000000000e+03 -2.682830572128295898e+00
2.886000000000000000e+03 -2.645424127578735352e+00
2.887000000000000000e+03 -2.642489671707153320e+00
2.888000000000000000e+03 -2.642915964126586914e+00
2.889000000000000000e+03 -2.602530479431152344e+00
2.890000000000000000e+03 -2.650882959365844727e+00
2.891000000000000000e+03 -2.642020702362060547e+00
2.892000000000000000e+03 -2.670383930206298828e+00
2.893000000000000000e+03 -2.665088891983032227e+00
2.894000000000000000e+03 -2.660404443740844727e+00
2.895000000000000000e+03 -2.658705234527587891e+00
2.896000000000000000e+03 -2.659331798553466797e+00
2.897000000000000000e+03 -2.640521764755249023e+00
2.898000000000000000e+03 -2.665752410888671875e+00
2.899000000000000000e+03 -2.655219316482543945e+00
2.900000000000000000e+03 -2.705586433410644531e+00
2.901000000000000000e+03 -2.711436748504638672e+00
2.902000000000000000e+03 -2.716113090515136719e+00
2.903000000000000000e+03 -2.686658620834350586e+00
2.904000000000000000e+03 -2.710833787918090820e+00
2.905000000000000000e+03 -2.705090284347534180e+00
2.906000000000000000e+03 -2.687469244003295898e+00
2.907000000000000000e+03 -2.691905021667480469e+00
2.908000000000000000e+03 -2.678844690322875977e+00
2.909000000000000000e+03 -2.718524217605590820e+00
2.910000000000000000e+03 -2.737467288970947266e+00
2.911000000000000000e+03 -2.680605649948120117e+00
2.912000000000000000e+03 -2.666578769683837891e+00
2.913000000000000000e+03 -2.673455476760864258e+00
2.914000000000000000e+03 -2.690460681915283203e+00
2.915000000000000000e+03 -2.699971199035644531e+00
2.916000000000000000e+03 -2.684436798095703125e+00
2.917000000000000000e+03 -2.710125207901000977e+00
2.918000000000000000e+03 -2.698190689086914062e+00
2.919000000000000000e+03 -2.659638881683349609e+00
2.920000000000000000e+03 -2.657523393630981445e+00
2.921000000000000000e+03 -2.678007841110229492e+00
2.922000000000000000e+03 -2.686035394668579102e+00
2.923000000000000000e+03 -2.668483257293701172e+00
2.924000000000000000e+03 -2.631662845611572266e+00
2.925000000000000000e+03 -2.677481651306152344e+00
2.926000000000000000e+03 -2.647268533706665039e+00
2.927000000000000000e+03 -2.667220115661621094e+00
2.928000000000000000e+03 -2.678460597991943359e+00
2.929000000000000000e+03 -2.723720073699951172e+00
2.930000000000000000e+03 -2.715506553649902344e+00
2.931000000000000000e+03 -2.702108860015869141e+00
2.932000000000000000e+03 -2.694142341613769531e+00
2.933000000000000000e+03 -2.688138961791992188e+00
2.934000000000000000e+03 -2.695625305175781250e+00
2.935000000000000000e+03 -2.699352979660034180e+00
2.936000000000000000e+03 -2.675243139266967773e+00
2.937000000000000000e+03 -2.653003454208374023e+00
2.938000000000000000e+03 -2.671002388000488281e+00
2.939000000000000000e+03 -2.674974679946899414e+00
2.940000000000000000e+03 -2.676168680191040039e+00
2.941000000000000000e+03 -2.750659942626953125e+00
2.942000000000000000e+03 -2.727165937423706055e+00
2.943000000000000000e+03 -2.695307970046997070e+00
2.944000000000000000e+03 -2.701417922973632812e+00
2.945000000000000000e+03 -2.700102090835571289e+00
2.946000000000000000e+03 -2.678958177566528320e+00
2.947000000000000000e+03 -2.689222812652587891e+00
2.948000000000000000e+03 -2.715113878250122070e+00
2.949000000000000000e+03 -2.756641626358032227e+00
2.950000000000000000e+03 -2.702968597412109375e+00
2.951000000000000000e+03 -2.697642564773559570e+00
2.952000000000000000e+03 -2.696203231811523438e+00
2.953000000000000000e+03 -2.700772523880004883e+00
2.954000000000000000e+03 -2.711749553680419922e+00
2.955000000000000000e+03 -2.724236726760864258e+00
2.956000000000000000e+03 -2.694680452346801758e+00
2.957000000000000000e+03 -2.721434831619262695e+00
2.958000000000000000e+03 -2.689944028854370117e+00
2.959000000000000000e+03 -2.698672533035278320e+00
2.960000000000000000e+03 -2.727294921875000000e+00
2.961000000000000000e+03 -2.749985218048095703e+00
2.962000000000000000e+03 -2.734841346740722656e+00
2.963000000000000000e+03 -2.698956966400146484e+00
2.964000000000000000e+03 -2.719532251358032227e+00
2.965000000000000000e+03 -2.702564716339111328e+00
2.966000000000000000e+03 -2.753138780593872070e+00
2.967000000000000000e+03 -2.718892335891723633e+00
2.968000000000000000e+03 -2.697288990020751953e+00
2.969000000000000000e+03 -2.736377239227294922e+00
2.970000000000000000e+03 -2.764347791671752930e+00
2.971000000000000000e+03 -2.764851331710815430e+00
2.972000000000000000e+03 -2.728840827941894531e+00
2.973000000000000000e+03 -2.708092451095581055e+00
2.974000000000000000e+03 -2.699764966964721680e+00
2.975000000000000000e+03 -2.697156190872192383e+00
2.976000000000000000e+03 -2.722404003143310547e+00
2.977000000000000000e+03 -2.708198785781860352e+00
2.978000000000000000e+03 -2.706941604614257812e+00
2.979000000000000000e+03 -2.712925434112548828e+00
2.980000000000000000e+03 -2.691529273986816406e+00
2.981000000000000000e+03 -2.726642608642578125e+00
2.982000000000000000e+03 -2.726986646652221680e+00
2.983000000000000000e+03 -2.674750328063964844e+00
2.984000000000000000e+03 -2.670086145401000977e+00
2.985000000000000000e+03 -2.695511817932128906e+00
2.986000000000000000e+03 -2.658111095428466797e+00
2.987000000000000000e+03 -2.699198961257934570e+00
2.988000000000000000e+03 -2.718386650085449219e+00
2.989000000000000000e+03 -2.693539619445800781e+00
2.990000000000000000e+03 -2.692649841308593750e+00
2.991000000000000000e+03 -2.760273218154907227e+00
2.992000000000000000e+03 -2.741597414016723633e+00
2.993000000000000000e+03 -2.706287384033203125e+00
2.994000000000000000e+03 -2.710578203201293945e+00
2.995000000000000000e+03 -2.699762105941772461e+00
2.996000000000000000e+03 -2.665382623672485352e+00
2.997000000000000000e+03 -2.658672809600830078e+00
2.998000000000000000e+03 -2.701712608337402344e+00
2.999000000000000000e+03 -2.680011510848999023e+00
3.000000000000000000e+03 -2.682771682739257812e+00
3.001000000000000000e+03 -2.650830507278442383e+00
3.002000000000000000e+03 -2.665972232818603516e+00
3.003000000000000000e+03 -2.709561347961425781e+00
3.004000000000000000e+03 -2.733647584915161133e+00
3.005000000000000000e+03 -2.729049205780029297e+00
3.006000000000000000e+03 -2.715068340301513672e+00
3.007000000000000000e+03 -2.725962638854980469e+00
3.008000000000000000e+03 -2.744844913482666016e+00
3.009000000000000000e+03 -2.743317842483520508e+00
3.010000000000000000e+03 -2.681541681289672852e+00
3.011000000000000000e+03 -2.676621437072753906e+00
3.012000000000000000e+03 -2.671069622039794922e+00
3.013000000000000000e+03 -2.698533058166503906e+00
3.014000000000000000e+03 -2.698249578475952148e+00
3.015000000000000000e+03 -2.703350782394409180e+00
3.016000000000000000e+03 -2.705101966857910156e+00
3.017000000000000000e+03 -2.679328441619873047e+00
3.018000000000000000e+03 -2.661066293716430664e+00
3.019000000000000000e+03 -2.673886060714721680e+00
3.020000000000000000e+03 -2.674923419952392578e+00
3.021000000000000000e+03 -2.680423974990844727e+00
3.022000000000000000e+03 -2.669457435607910156e+00
3.023000000000000000e+03 -2.691593170166015625e+00
3.024000000000000000e+03 -2.725774288177490234e+00
3.025000000000000000e+03 -2.700725555419921875e+00
3.026000000000000000e+03 -2.683789968490600586e+00
3.027000000000000000e+03 -2.661205291748046875e+00
3.028000000000000000e+03 -2.669389486312866211e+00
3.029000000000000000e+03 -2.698312282562255859e+00
3.030000000000000000e+03 -2.672848701477050781e+00
3.031000000000000000e+03 -2.685912609100341797e+00
3.032000000000000000e+03 -2.683086395263671875e+00
3.033000000000000000e+03 -2.701812744140625000e+00
3.034000000000000000e+03 -2.723137140274047852e+00
3.035000000000000000e+03 -2.682465076446533203e+00
3.036000000000000000e+03 -2.680849552154541016e+00
3.037000000000000000e+03 -2.687556028366088867e+00
3.038000000000000000e+03 -2.661755561828613281e+00
3.039000000000000000e+03 -2.681770563125610352e+00
3.040000000000000000e+03 -2.661477088928222656e+00
3.041000000000000000e+03 -2.623292446136474609e+00
3.042000000000000000e+03 -2.678000450134277344e+00
3.043000000000000000e+03 -2.619584560394287109e+00
3.044000000000000000e+03 -2.670588731765747070e+00
3.045000000000000000e+03 -2.646805763244628906e+00
3.046000000000000000e+03 -2.670243024826049805e+00
3.047000000000000000e+03 -2.656763076782226562e+00
3.048000000000000000e+03 -2.684015512466430664e+00
3.049000000000000000e+03 -2.644938230514526367e+00
3.050000000000000000e+03 -2.639289379119873047e+00
3.051000000000000000e+03 -2.642524957656860352e+00
3.052000000000000000e+03 -2.703359603881835938e+00
3.053000000000000000e+03 -2.690848350524902344e+00
3.054000000000000000e+03 -2.670335292816162109e+00
3.055000000000000000e+03 -2.704939126968383789e+00
3.056000000000000000e+03 -2.672574281692504883e+00
3.057000000000000000e+03 -2.704110145568847656e+00
3.058000000000000000e+03 -2.647460699081420898e+00
3.059000000000000000e+03 -2.665990591049194336e+00
3.060000000000000000e+03 -2.708153724670410156e+00
3.061000000000000000e+03 -2.676778554916381836e+00
3.062000000000000000e+03 -2.642594337463378906e+00
3.063000000000000000e+03 -2.655415773391723633e+00
3.064000000000000000e+03 -2.695956945419311523e+00
3.065000000000000000e+03 -2.690746784210205078e+00
3.066000000000000000e+03 -2.692383289337158203e+00
3.067000000000000000e+03 -2.691693544387817383e+00
3.068000000000000000e+03 -2.719165325164794922e+00
3.069000000000000000e+03 -2.696609258651733398e+00
3.070000000000000000e+03 -2.700033903121948242e+00
3.071000000000000000e+03 -2.707432270050048828e+00
3.072000000000000000e+03 -2.739613533020019531e+00
3.073000000000000000e+03 -2.706578016281127930e+00
3.074000000000000000e+03 -2.733862876892089844e+00
3.075000000000000000e+03 -2.724283695220947266e+00
3.076000000000000000e+03 -2.746967315673828125e+00
3.077000000000000000e+03 -2.732811450958251953e+00
3.078000000000000000e+03 -2.693531751632690430e+00
3.079000000000000000e+03 -2.719520807266235352e+00
3.080000000000000000e+03 -2.764118194580078125e+00
3.081000000000000000e+03 -2.705080986022949219e+00
3.082000000000000000e+03 -2.724823951721191406e+00
3.083000000000000000e+03 -2.701143264770507812e+00
3.084000000000000000e+03 -2.765173196792602539e+00
3.085000000000000000e+03 -2.702601671218872070e+00
3.086000000000000000e+03 -2.737583875656127930e+00
3.087000000000000000e+03 -2.719466209411621094e+00
3.088000000000000000e+03 -2.681743144989013672e+00
3.089000000000000000e+03 -2.692041635513305664e+00
3.090000000000000000e+03 -2.729216575622558594e+00
3.091000000000000000e+03 -2.705006837844848633e+00
3.092000000000000000e+03 -2.683890342712402344e+00
3.093000000000000000e+03 -2.667005062103271484e+00
3.094000000000000000e+03 -2.670070648193359375e+00
3.095000000000000000e+03 -2.694630861282348633e+00
3.096000000000000000e+03 -2.686654567718505859e+00
3.097000000000000000e+03 -2.736730575561523438e+00
3.098000000000000000e+03 -2.681285142898559570e+00
3.099000000000000000e+03 -2.694172382354736328e+00
3.100000000000000000e+03 -2.667315483093261719e+00
3.101000000000000000e+03 -2.691025257110595703e+00
3.102000000000000000e+03 -2.711836814880371094e+00
3.103000000000000000e+03 -2.707026243209838867e+00
3.104000000000000000e+03 -2.699351549148559570e+00
3.105000000000000000e+03 -2.718537569046020508e+00
3.106000000000000000e+03 -2.740708112716674805e+00
3.107000000000000000e+03 -2.709355831146240234e+00
3.108000000000000000e+03 -2.706307888031005859e+00
3.109000000000000000e+03 -2.720474481582641602e+00
3.110000000000000000e+03 -2.708425521850585938e+00
3.111000000000000000e+03 -2.685917854309082031e+00
3.112000000000000000e+03 -2.709433794021606445e+00
3.113000000000000000e+03 -2.759090423583984375e+00
3.114000000000000000e+03 -2.734739542007446289e+00
3.115000000000000000e+03 -2.708982944488525391e+00
3.116000000000000000e+03 -2.674466848373413086e+00
3.117000000000000000e+03 -2.684714317321777344e+00
3.118000000000000000e+03 -2.720163106918334961e+00
3.119000000000000000e+03 -2.700502872467041016e+00
3.120000000000000000e+03 -2.660770893096923828e+00
3.121000000000000000e+03 -2.708144903182983398e+00
3.122000000000000000e+03 -2.737220525741577148e+00
3.123000000000000000e+03 -2.738075494766235352e+00
3.124000000000000000e+03 -2.737812519073486328e+00
3.125000000000000000e+03 -2.736424922943115234e+00
3.126000000000000000e+03 -2.736528873443603516e+00
3.127000000000000000e+03 -2.754265546798706055e+00
3.128000000000000000e+03 -2.747304201126098633e+00
3.129000000000000000e+03 -2.735747337341308594e+00
3.130000000000000000e+03 -2.731803894042968750e+00
3.131000000000000000e+03 -2.699702978134155273e+00
3.132000000000000000e+03 -2.687979221343994141e+00
3.133000000000000000e+03 -2.694612264633178711e+00
3.134000000000000000e+03 -2.704040050506591797e+00
3.135000000000000000e+03 -2.707859277725219727e+00
3.136000000000000000e+03 -2.716436386108398438e+00
3.137000000000000000e+03 -2.734466075897216797e+00
3.138000000000000000e+03 -2.728642940521240234e+00
3.139000000000000000e+03 -2.712186336517333984e+00
3.140000000000000000e+03 -2.718126058578491211e+00
3.141000000000000000e+03 -2.699908494949340820e+00
3.142000000000000000e+03 -2.713275671005249023e+00
3.143000000000000000e+03 -2.739805221557617188e+00
3.144000000000000000e+03 -2.704429864883422852e+00
3.145000000000000000e+03 -2.703951120376586914e+00
3.146000000000000000e+03 -2.684696197509765625e+00
3.147000000000000000e+03 -2.682081937789916992e+00
3.148000000000000000e+03 -2.732271432876586914e+00
3.149000000000000000e+03 -2.740306377410888672e+00
3.150000000000000000e+03 -2.711266517639160156e+00
3.151000000000000000e+03 -2.717727184295654297e+00
3.152000000000000000e+03 -2.746939897537231445e+00
3.153000000000000000e+03 -2.737195014953613281e+00
3.154000000000000000e+03 -2.706827878952026367e+00
3.155000000000000000e+03 -2.660857439041137695e+00
3.156000000000000000e+03 -2.666695117950439453e+00
3.157000000000000000e+03 -2.660193681716918945e+00
3.158000000000000000e+03 -2.680619001388549805e+00
3.159000000000000000e+03 -2.694292783737182617e+00
3.160000000000000000e+03 -2.689127445220947266e+00
3.161000000000000000e+03 -2.704935073852539062e+00
3.162000000000000000e+03 -2.729834079742431641e+00
3.163000000000000000e+03 -2.746096134185791016e+00
3.164000000000000000e+03 -2.756554126739501953e+00
3.165000000000000000e+03 -2.737256288528442383e+00
3.166000000000000000e+03 -2.671487569808959961e+00
3.167000000000000000e+03 -2.721427679061889648e+00
3.168000000000000000e+03 -2.663037776947021484e+00
3.169000000000000000e+03 -2.650524854660034180e+00
3.170000000000000000e+03 -2.675717830657958984e+00
3.171000000000000000e+03 -2.653990745544433594e+00
3.172000000000000000e+03 -2.663262844085693359e+00
3.173000000000000000e+03 -2.636068820953369141e+00
3.174000000000000000e+03 -2.695566654205322266e+00
3.175000000000000000e+03 -2.690018653869628906e+00
3.176000000000000000e+03 -2.657228946685791016e+00
3.177000000000000000e+03 -2.651518106460571289e+00
3.178000000000000000e+03 -2.629145145416259766e+00
3.179000000000000000e+03 -2.655361175537109375e+00
3.180000000000000000e+03 -2.667961120605468750e+00
3.181000000000000000e+03 -2.681383132934570312e+00
3.182000000000000000e+03 -2.661838769912719727e+00
3.183000000000000000e+03 -2.683031558990478516e+00
3.184000000000000000e+03 -2.709560394287109375e+00
3.185000000000000000e+03 -2.693796634674072266e+00
3.186000000000000000e+03 -2.691555261611938477e+00
3.187000000000000000e+03 -2.683344364166259766e+00
3.188000000000000000e+03 -2.685072183609008789e+00
3.189000000000000000e+03 -2.716694355010986328e+00
3.190000000000000000e+03 -2.716737747192382812e+00
3.191000000000000000e+03 -2.701567411422729492e+00
3.192000000000000000e+03 -2.697255611419677734e+00
3.193000000000000000e+03 -2.673606157302856445e+00
3.194000000000000000e+03 -2.676394939422607422e+00
3.195000000000000000e+03 -2.701645851135253906e+00
3.196000000000000000e+03 -2.667347908020019531e+00
3.197000000000000000e+03 -2.664815425872802734e+00
3.198000000000000000e+03 -2.655732631683349609e+00
3.199000000000000000e+03 -2.694267272949218750e+00
3.200000000000000000e+03 -2.672885417938232422e+00
3.201000000000000000e+03 -2.691817045211791992e+00
3.202000000000000000e+03 -2.689143657684326172e+00
3.203000000000000000e+03 -2.700357913970947266e+00
3.204000000000000000e+03 -2.688051700592041016e+00
3.205000000000000000e+03 -2.708416461944580078e+00
3.206000000000000000e+03 -2.690601110458374023e+00
3.207000000000000000e+03 -2.721215248107910156e+00
3.208000000000000000e+03 -2.706982851028442383e+00
3.209000000000000000e+03 -2.669147014617919922e+00
3.210000000000000000e+03 -2.689151763916015625e+00
3.211000000000000000e+03 -2.675581693649291992e+00
3.212000000000000000e+03 -2.706571817398071289e+00
3.213000000000000000e+03 -2.686251163482666016e+00
3.214000000000000000e+03 -2.655472755432128906e+00
3.215000000000000000e+03 -2.680083990097045898e+00
3.216000000000000000e+03 -2.684565305709838867e+00
3.217000000000000000e+03 -2.662581682205200195e+00
3.218000000000000000e+03 -2.656365156173706055e+00
3.219000000000000000e+03 -2.660984516143798828e+00
3.220000000000000000e+03 -2.649374008178710938e+00
3.221000000000000000e+03 -2.668816804885864258e+00
3.222000000000000000e+03 -2.639141082763671875e+00
3.223000000000000000e+03 -2.638470649719238281e+00
3.224000000000000000e+03 -2.638612985610961914e+00
3.225000000000000000e+03 -2.687757015228271484e+00
3.226000000000000000e+03 -2.662790536880493164e+00
3.227000000000000000e+03 -2.660472869873046875e+00
3.228000000000000000e+03 -2.660712003707885742e+00
3.229000000000000000e+03 -2.652565240859985352e+00
3.230000000000000000e+03 -2.636270999908447266e+00
3.231000000000000000e+03 -2.668678760528564453e+00
3.232000000000000000e+03 -2.676231622695922852e+00
3.233000000000000000e+03 -2.678740262985229492e+00
3.234000000000000000e+03 -2.720180273056030273e+00
3.235000000000000000e+03 -2.661761522293090820e+00
3.236000000000000000e+03 -2.662365674972534180e+00
3.237000000000000000e+03 -2.687512636184692383e+00
3.238000000000000000e+03 -2.668123722076416016e+00
3.239000000000000000e+03 -2.666021585464477539e+00
3.240000000000000000e+03 -2.677383899688720703e+00
3.241000000000000000e+03 -2.658433675765991211e+00
3.242000000000000000e+03 -2.636569261550903320e+00
3.243000000000000000e+03 -2.665623664855957031e+00
3.244000000000000000e+03 -2.659852743148803711e+00
3.245000000000000000e+03 -2.691521883010864258e+00
3.246000000000000000e+03 -2.673178434371948242e+00
3.247000000000000000e+03 -2.681415319442749023e+00
3.248000000000000000e+03 -2.695604324340820312e+00
3.249000000000000000e+03 -2.707185745239257812e+00
3.250000000000000000e+03 -2.675741195678710938e+00
3.251000000000000000e+03 -2.714656352996826172e+00
3.252000000000000000e+03 -2.698431730270385742e+00
3.253000000000000000e+03 -2.654380321502685547e+00
3.254000000000000000e+03 -2.665870904922485352e+00
3.255000000000000000e+03 -2.672155857086181641e+00
3.256000000000000000e+03 -2.688212871551513672e+00
3.257000000000000000e+03 -2.684880971908569336e+00
3.258000000000000000e+03 -2.677209377288818359e+00
3.259000000000000000e+03 -2.668845415115356445e+00
3.260000000000000000e+03 -2.697376489639282227e+00
3.261000000000000000e+03 -2.686769962310791016e+00
3.262000000000000000e+03 -2.713863372802734375e+00
3.263000000000000000e+03 -2.702673435211181641e+00
3.264000000000000000e+03 -2.697794198989868164e+00
3.265000000000000000e+03 -2.675216197967529297e+00
3.266000000000000000e+03 -2.639965534210205078e+00
3.267000000000000000e+03 -2.653796195983886719e+00
3.268000000000000000e+03 -2.648802518844604492e+00
3.269000000000000000e+03 -2.700948953628540039e+00
3.270000000000000000e+03 -2.726166963577270508e+00
3.271000000000000000e+03 -2.691961765289306641e+00
3.272000000000000000e+03 -2.671412706375122070e+00
3.273000000000000000e+03 -2.660409212112426758e+00
3.274000000000000000e+03 -2.664723634719848633e+00
3.275000000000000000e+03 -2.679124355316162109e+00
3.276000000000000000e+03 -2.685047388076782227e+00
3.277000000000000000e+03 -2.656745433807373047e+00
3.278000000000000000e+03 -2.671539306640625000e+00
3.279000000000000000e+03 -2.709151506423950195e+00
3.280000000000000000e+03 -2.680706977844238281e+00
3.281000000000000000e+03 -2.667948722839355469e+00
3.282000000000000000e+03 -2.697093009948730469e+00
3.283000000000000000e+03 -2.667325496673583984e+00
3.284000000000000000e+03 -2.681965589523315430e+00
3.285000000000000000e+03 -2.658179521560668945e+00
3.286000000000000000e+03 -2.635463714599609375e+00
3.287000000000000000e+03 -2.639092445373535156e+00
3.288000000000000000e+03 -2.681760787963867188e+00
3.289000000000000000e+03 -2.676379203796386719e+00
3.290000000000000000e+03 -2.691476821899414062e+00
3.291000000000000000e+03 -2.681855201721191406e+00
3.292000000000000000e+03 -2.676885366439819336e+00
3.293000000000000000e+03 -2.708033561706542969e+00
3.294000000000000000e+03 -2.690995216369628906e+00
3.295000000000000000e+03 -2.665354251861572266e+00
3.296000000000000000e+03 -2.696540594100952148e+00
3.297000000000000000e+03 -2.697638988494873047e+00
3.298000000000000000e+03 -2.675407171249389648e+00
3.299000000000000000e+03 -2.699471950531005859e+00
3.300000000000000000e+03 -2.692258834838867188e+00
3.301000000000000000e+03 -2.698488235473632812e+00
3.302000000000000000e+03 -2.743668556213378906e+00
3.303000000000000000e+03 -2.753558158874511719e+00
3.304000000000000000e+03 -2.704275608062744141e+00
3.305000000000000000e+03 -2.734129905700683594e+00
3.306000000000000000e+03 -2.729600667953491211e+00
3.307000000000000000e+03 -2.756458997726440430e+00
3.308000000000000000e+03 -2.736602783203125000e+00
3.309000000000000000e+03 -2.730787515640258789e+00
3.310000000000000000e+03 -2.702297925949096680e+00
3.311000000000000000e+03 -2.719821453094482422e+00
3.312000000000000000e+03 -2.700183629989624023e+00
3.313000000000000000e+03 -2.655678033828735352e+00
3.314000000000000000e+03 -2.674728870391845703e+00
3.315000000000000000e+03 -2.731091976165771484e+00
3.316000000000000000e+03 -2.697860240936279297e+00
3.317000000000000000e+03 -2.720291852951049805e+00
3.318000000000000000e+03 -2.708026409149169922e+00
3.319000000000000000e+03 -2.698991775512695312e+00
3.320000000000000000e+03 -2.714735507965087891e+00
3.321000000000000000e+03 -2.696741580963134766e+00
3.322000000000000000e+03 -2.739224433898925781e+00
3.323000000000000000e+03 -2.736938714981079102e+00
3.324000000000000000e+03 -2.695445299148559570e+00
3.325000000000000000e+03 -2.700456619262695312e+00
3.326000000000000000e+03 -2.714452743530273438e+00
3.327000000000000000e+03 -2.700631141662597656e+00
3.328000000000000000e+03 -2.720212697982788086e+00
3.329000000000000000e+03 -2.748757839202880859e+00
3.330000000000000000e+03 -2.751574993133544922e+00
3.331000000000000000e+03 -2.710007667541503906e+00
3.332000000000000000e+03 -2.716417312622070312e+00
3.333000000000000000e+03 -2.724029541015625000e+00
3.334000000000000000e+03 -2.718716382980346680e+00
3.335000000000000000e+03 -2.722911596298217773e+00
3.336000000000000000e+03 -2.702795982360839844e+00
3.337000000000000000e+03 -2.724240303039550781e+00
3.338000000000000000e+03 -2.676323652267456055e+00
3.339000000000000000e+03 -2.669553041458129883e+00
3.340000000000000000e+03 -2.722499132156372070e+00
3.341000000000000000e+03 -2.717715501785278320e+00
3.342000000000000000e+03 -2.702222347259521484e+00
3.343000000000000000e+03 -2.719203233718872070e+00
3.344000000000000000e+03 -2.688617467880249023e+00
3.345000000000000000e+03 -2.674354076385498047e+00
3.346000000000000000e+03 -2.710474252700805664e+00
3.347000000000000000e+03 -2.740646362304687500e+00
3.348000000000000000e+03 -2.743084907531738281e+00
3.349000000000000000e+03 -2.730632305145263672e+00
3.350000000000000000e+03 -2.715467929840087891e+00
3.351000000000000000e+03 -2.728273630142211914e+00
3.352000000000000000e+03 -2.749785423278808594e+00
3.353000000000000000e+03 -2.748276710510253906e+00
3.354000000000000000e+03 -2.709007024765014648e+00
3.355000000000000000e+03 -2.702512025833129883e+00
3.356000000000000000e+03 -2.663231611251831055e+00
3.357000000000000000e+03 -2.688449859619140625e+00
3.358000000000000000e+03 -2.705213308334350586e+00
3.359000000000000000e+03 -2.681498289108276367e+00
3.360000000000000000e+03 -2.718494653701782227e+00
3.361000000000000000e+03 -2.693844795227050781e+00
3.362000000000000000e+03 -2.662910461425781250e+00
3.363000000000000000e+03 -2.652167081832885742e+00
3.364000000000000000e+03 -2.651403188705444336e+00
3.365000000000000000e+03 -2.661153554916381836e+00
3.366000000000000000e+03 -2.695338010787963867e+00
3.367000000000000000e+03 -2.698858499526977539e+00
3.368000000000000000e+03 -2.684424161911010742e+00
3.369000000000000000e+03 -2.697499275207519531e+00
3.370000000000000000e+03 -2.689509630203247070e+00
3.371000000000000000e+03 -2.710463762283325195e+00
3.372000000000000000e+03 -2.730239391326904297e+00
3.373000000000000000e+03 -2.740664958953857422e+00
3.374000000000000000e+03 -2.695505142211914062e+00
3.375000000000000000e+03 -2.739236831665039062e+00
3.376000000000000000e+03 -2.751229286193847656e+00
3.377000000000000000e+03 -2.722876071929931641e+00
3.378000000000000000e+03 -2.706976175308227539e+00
3.379000000000000000e+03 -2.706094264984130859e+00
3.380000000000000000e+03 -2.697043657302856445e+00
3.381000000000000000e+03 -2.682040452957153320e+00
3.382000000000000000e+03 -2.706199645996093750e+00
3.383000000000000000e+03 -2.712786436080932617e+00
3.384000000000000000e+03 -2.697365045547485352e+00
3.385000000000000000e+03 -2.639687061309814453e+00
3.386000000000000000e+03 -2.681048870086669922e+00
3.387000000000000000e+03 -2.677428722381591797e+00
3.388000000000000000e+03 -2.709106445312500000e+00
3.389000000000000000e+03 -2.696504354476928711e+00
3.390000000000000000e+03 -2.711036682128906250e+00
3.391000000000000000e+03 -2.697217464447021484e+00
3.392000000000000000e+03 -2.678191423416137695e+00
3.393000000000000000e+03 -2.689234256744384766e+00
3.394000000000000000e+03 -2.657767057418823242e+00
3.395000000000000000e+03 -2.648247003555297852e+00
3.396000000000000000e+03 -2.664284229278564453e+00
3.397000000000000000e+03 -2.695392370223999023e+00
3.398000000000000000e+03 -2.697202682495117188e+00
3.399000000000000000e+03 -2.718411445617675781e+00
3.400000000000000000e+03 -2.694766998291015625e+00
3.401000000000000000e+03 -2.701005458831787109e+00
3.402000000000000000e+03 -2.653288364410400391e+00
3.403000000000000000e+03 -2.701136589050292969e+00
3.404000000000000000e+03 -2.720729827880859375e+00
3.405000000000000000e+03 -2.712196826934814453e+00
3.406000000000000000e+03 -2.723421812057495117e+00
3.407000000000000000e+03 -2.725374221801757812e+00
3.408000000000000000e+03 -2.740550518035888672e+00
3.409000000000000000e+03 -2.738179206848144531e+00
3.410000000000000000e+03 -2.702904701232910156e+00
3.411000000000000000e+03 -2.683994054794311523e+00
3.412000000000000000e+03 -2.716538429260253906e+00
3.413000000000000000e+03 -2.727840900421142578e+00
3.414000000000000000e+03 -2.692342758178710938e+00
3.415000000000000000e+03 -2.711302042007446289e+00
3.416000000000000000e+03 -2.699478864669799805e+00
3.417000000000000000e+03 -2.734214305877685547e+00
3.418000000000000000e+03 -2.684417486190795898e+00
3.419000000000000000e+03 -2.704336166381835938e+00
3.420000000000000000e+03 -2.687515735626220703e+00
3.421000000000000000e+03 -2.710364818572998047e+00
3.422000000000000000e+03 -2.743910312652587891e+00
3.423000000000000000e+03 -2.746382236480712891e+00
3.424000000000000000e+03 -2.735654115676879883e+00
3.425000000000000000e+03 -2.749586343765258789e+00
3.426000000000000000e+03 -2.753347873687744141e+00
3.427000000000000000e+03 -2.705264568328857422e+00
3.428000000000000000e+03 -2.688926458358764648e+00
3.429000000000000000e+03 -2.689757108688354492e+00
3.430000000000000000e+03 -2.690785169601440430e+00
3.431000000000000000e+03 -2.695597410202026367e+00
3.432000000000000000e+03 -2.694733858108520508e+00
3.433000000000000000e+03 -2.695130586624145508e+00
3.434000000000000000e+03 -2.742732524871826172e+00
3.435000000000000000e+03 -2.720603704452514648e+00
3.436000000000000000e+03 -2.702447891235351562e+00
3.437000000000000000e+03 -2.680169582366943359e+00
3.438000000000000000e+03 -2.650074243545532227e+00
3.439000000000000000e+03 -2.639648675918579102e+00
3.440000000000000000e+03 -2.644924879074096680e+00
3.441000000000000000e+03 -2.674986124038696289e+00
3.442000000000000000e+03 -2.690768480300903320e+00
3.443000000000000000e+03 -2.664702653884887695e+00
3.444000000000000000e+03 -2.691224575042724609e+00
3.445000000000000000e+03 -2.665638208389282227e+00
3.446000000000000000e+03 -2.688825368881225586e+00
3.447000000000000000e+03 -2.679554700851440430e+00
3.448000000000000000e+03 -2.672156333923339844e+00
3.449000000000000000e+03 -2.676760911941528320e+00
3.450000000000000000e+03 -2.698734045028686523e+00
3.451000000000000000e+03 -2.704945564270019531e+00
3.452000000000000000e+03 -2.706810951232910156e+00
3.453000000000000000e+03 -2.681104660034179688e+00
3.454000000000000000e+03 -2.697079181671142578e+00
3.455000000000000000e+03 -2.678873062133789062e+00
3.456000000000000000e+03 -2.702131271362304688e+00
3.457000000000000000e+03 -2.669126510620117188e+00
3.458000000000000000e+03 -2.693414211273193359e+00
3.459000000000000000e+03 -2.729302644729614258e+00
3.460000000000000000e+03 -2.690498828887939453e+00
3.461000000000000000e+03 -2.694020032882690430e+00
3.462000000000000000e+03 -2.705048084259033203e+00
3.463000000000000000e+03 -2.683708190917968750e+00
3.464000000000000000e+03 -2.684791564941406250e+00
3.465000000000000000e+03 -2.696566104888916016e+00
3.466000000000000000e+03 -2.684142589569091797e+00
3.467000000000000000e+03 -2.716439962387084961e+00
3.468000000000000000e+03 -2.739939212799072266e+00
3.469000000000000000e+03 -2.706157207489013672e+00
3.470000000000000000e+03 -2.657272815704345703e+00
3.471000000000000000e+03 -2.672724723815917969e+00
3.472000000000000000e+03 -2.680880546569824219e+00
3.473000000000000000e+03 -2.685399293899536133e+00
3.474000000000000000e+03 -2.683502912521362305e+00
3.475000000000000000e+03 -2.695626258850097656e+00
3.476000000000000000e+03 -2.681705713272094727e+00
3.477000000000000000e+03 -2.666095733642578125e+00
3.478000000000000000e+03 -2.661200046539306641e+00
3.479000000000000000e+03 -2.662447452545166016e+00
3.480000000000000000e+03 -2.689224004745483398e+00
3.481000000000000000e+03 -2.711795806884765625e+00
3.482000000000000000e+03 -2.711985588073730469e+00
3.483000000000000000e+03 -2.684587240219116211e+00
3.484000000000000000e+03 -2.672728776931762695e+00
3.485000000000000000e+03 -2.697655200958251953e+00
3.486000000000000000e+03 -2.692401885986328125e+00
3.487000000000000000e+03 -2.693145275115966797e+00
3.488000000000000000e+03 -2.644405603408813477e+00
3.489000000000000000e+03 -2.664798021316528320e+00
3.490000000000000000e+03 -2.724736928939819336e+00
3.491000000000000000e+03 -2.696866035461425781e+00
3.492000000000000000e+03 -2.733803749084472656e+00
3.493000000000000000e+03 -2.695324182510375977e+00
3.494000000000000000e+03 -2.682712554931640625e+00
3.495000000000000000e+03 -2.684727907180786133e+00
3.496000000000000000e+03 -2.740038871765136719e+00
3.497000000000000000e+03 -2.727164506912231445e+00
3.498000000000000000e+03 -2.699035406112670898e+00
3.499000000000000000e+03 -2.670610427856445312e+00
3.500000000000000000e+03 -2.675538063049316406e+00
3.501000000000000000e+03 -2.708073616027832031e+00
3.502000000000000000e+03 -2.739671468734741211e+00
3.503000000000000000e+03 -2.715389251708984375e+00
3.504000000000000000e+03 -2.702111482620239258e+00
3.505000000000000000e+03 -2.713962078094482422e+00
3.506000000000000000e+03 -2.665470361709594727e+00
3.507000000000000000e+03 -2.685950994491577148e+00
3.508000000000000000e+03 -2.662116765975952148e+00
3.509000000000000000e+03 -2.673546075820922852e+00
3.510000000000000000e+03 -2.670182704925537109e+00
3.511000000000000000e+03 -2.652244806289672852e+00
3.512000000000000000e+03 -2.651446104049682617e+00
3.513000000000000000e+03 -2.663189888000488281e+00
3.514000000000000000e+03 -2.673163414001464844e+00
3.515000000000000000e+03 -2.705404043197631836e+00
3.516000000000000000e+03 -2.659378528594970703e+00
3.517000000000000000e+03 -2.692764520645141602e+00
3.518000000000000000e+03 -2.693609237670898438e+00
3.519000000000000000e+03 -2.669725179672241211e+00
3.520000000000000000e+03 -2.627323865890502930e+00
3.521000000000000000e+03 -2.678997516632080078e+00
3.522000000000000000e+03 -2.683057308197021484e+00
3.523000000000000000e+03 -2.683805942535400391e+00
3.524000000000000000e+03 -2.692305326461791992e+00
3.525000000000000000e+03 -2.691530466079711914e+00
3.526000000000000000e+03 -2.676414251327514648e+00
3.527000000000000000e+03 -2.709432840347290039e+00
3.528000000000000000e+03 -2.682728767395019531e+00
3.529000000000000000e+03 -2.688026666641235352e+00
3.530000000000000000e+03 -2.679072380065917969e+00
3.531000000000000000e+03 -2.663556575775146484e+00
3.532000000000000000e+03 -2.702399969100952148e+00
3.533000000000000000e+03 -2.687832593917846680e+00
3.534000000000000000e+03 -2.714142799377441406e+00
3.535000000000000000e+03 -2.680622339248657227e+00
3.536000000000000000e+03 -2.674097776412963867e+00
3.537000000000000000e+03 -2.680082559585571289e+00
3.538000000000000000e+03 -2.687017202377319336e+00
3.539000000000000000e+03 -2.677190780639648438e+00
3.540000000000000000e+03 -2.661005973815917969e+00
3.541000000000000000e+03 -2.656488418579101562e+00
3.542000000000000000e+03 -2.646284818649291992e+00
3.543000000000000000e+03 -2.638489484786987305e+00
3.544000000000000000e+03 -2.646850347518920898e+00
3.545000000000000000e+03 -2.658903837203979492e+00
3.546000000000000000e+03 -2.669170379638671875e+00
3.547000000000000000e+03 -2.683307409286499023e+00
3.548000000000000000e+03 -2.683328866958618164e+00
3.549000000000000000e+03 -2.688181161880493164e+00
3.550000000000000000e+03 -2.677850961685180664e+00
3.551000000000000000e+03 -2.679158449172973633e+00
3.552000000000000000e+03 -2.677060365676879883e+00
3.553000000000000000e+03 -2.700995922088623047e+00
3.554000000000000000e+03 -2.676890850067138672e+00
3.555000000000000000e+03 -2.670045375823974609e+00
3.556000000000000000e+03 -2.669287681579589844e+00
3.557000000000000000e+03 -2.717306137084960938e+00
3.558000000000000000e+03 -2.679154396057128906e+00
3.559000000000000000e+03 -2.681270837783813477e+00
3.560000000000000000e+03 -2.660115003585815430e+00
3.561000000000000000e+03 -2.715950965881347656e+00
3.562000000000000000e+03 -2.665418148040771484e+00
3.563000000000000000e+03 -2.676574707031250000e+00
3.564000000000000000e+03 -2.673108577728271484e+00
3.565000000000000000e+03 -2.663553476333618164e+00
3.566000000000000000e+03 -2.665627956390380859e+00
3.567000000000000000e+03 -2.679104804992675781e+00
3.568000000000000000e+03 -2.657832622528076172e+00
3.569000000000000000e+03 -2.686556100845336914e+00
3.570000000000000000e+03 -2.732252120971679688e+00
3.571000000000000000e+03 -2.710358142852783203e+00
3.572000000000000000e+03 -2.677527427673339844e+00
3.573000000000000000e+03 -2.713265180587768555e+00
3.574000000000000000e+03 -2.679023265838623047e+00
3.575000000000000000e+03 -2.682122707366943359e+00
3.576000000000000000e+03 -2.681962490081787109e+00
3.577000000000000000e+03 -2.711241006851196289e+00
3.578000000000000000e+03 -2.709902763366699219e+00
3.579000000000000000e+03 -2.686903715133666992e+00
3.580000000000000000e+03 -2.710970878601074219e+00
3.581000000000000000e+03 -2.655986547470092773e+00
3.582000000000000000e+03 -2.617229223251342773e+00
3.583000000000000000e+03 -2.680186748504638672e+00
3.584000000000000000e+03 -2.668436050415039062e+00
3.585000000000000000e+03 -2.651699066162109375e+00
3.586000000000000000e+03 -2.671144485473632812e+00
3.587000000000000000e+03 -2.653485536575317383e+00
3.588000000000000000e+03 -2.680427789688110352e+00
3.589000000000000000e+03 -2.619690418243408203e+00
3.590000000000000000e+03 -2.639832973480224609e+00
3.591000000000000000e+03 -2.650511264801025391e+00
3.592000000000000000e+03 -2.622959375381469727e+00
3.593000000000000000e+03 -2.669564962387084961e+00
3.594000000000000000e+03 -2.636352539062500000e+00
3.595000000000000000e+03 -2.616721153259277344e+00
3.596000000000000000e+03 -2.613901615142822266e+00
3.597000000000000000e+03 -2.606967687606811523e+00
3.598000000000000000e+03 -2.610112905502319336e+00
3.599000000000000000e+03 -2.605566740036010742e+00
3.600000000000000000e+03 -2.650413751602172852e+00
3.601000000000000000e+03 -2.654008388519287109e+00
3.602000000000000000e+03 -2.632452487945556641e+00
3.603000000000000000e+03 -2.644473791122436523e+00
3.604000000000000000e+03 -2.652521848678588867e+00
3.605000000000000000e+03 -2.637012243270874023e+00
3.606000000000000000e+03 -2.650229692459106445e+00
3.607000000000000000e+03 -2.620544433593750000e+00
3.608000000000000000e+03 -2.617815017700195312e+00
3.609000000000000000e+03 -2.616606712341308594e+00
3.610000000000000000e+03 -2.662959337234497070e+00
3.611000000000000000e+03 -2.661354780197143555e+00
3.612000000000000000e+03 -2.616318464279174805e+00
3.613000000000000000e+03 -2.646438360214233398e+00
3.614000000000000000e+03 -2.674510240554809570e+00
3.615000000000000000e+03 -2.630017995834350586e+00
3.616000000000000000e+03 -2.643337726593017578e+00
3.617000000000000000e+03 -2.617388963699340820e+00
3.618000000000000000e+03 -2.627452611923217773e+00
3.619000000000000000e+03 -2.646711826324462891e+00
3.620000000000000000e+03 -2.652032852172851562e+00
3.621000000000000000e+03 -2.647470474243164062e+00
3.622000000000000000e+03 -2.658490419387817383e+00
3.623000000000000000e+03 -2.646811723709106445e+00
3.624000000000000000e+03 -2.674838542938232422e+00
3.625000000000000000e+03 -2.697810173034667969e+00
3.626000000000000000e+03 -2.663281679153442383e+00
3.627000000000000000e+03 -2.642466783523559570e+00
3.628000000000000000e+03 -2.676945209503173828e+00
3.629000000000000000e+03 -2.668049573898315430e+00
3.630000000000000000e+03 -2.672956466674804688e+00
3.631000000000000000e+03 -2.679655790328979492e+00
3.632000000000000000e+03 -2.681974649429321289e+00
3.633000000000000000e+03 -2.673772096633911133e+00
3.634000000000000000e+03 -2.687094211578369141e+00
3.635000000000000000e+03 -2.650722265243530273e+00
3.636000000000000000e+03 -2.674135923385620117e+00
3.637000000000000000e+03 -2.655018329620361328e+00
3.638000000000000000e+03 -2.672568321228027344e+00
3.639000000000000000e+03 -2.691634416580200195e+00
3.640000000000000000e+03 -2.692182064056396484e+00
3.641000000000000000e+03 -2.698577404022216797e+00
3.642000000000000000e+03 -2.672209978103637695e+00
3.643000000000000000e+03 -2.715312957763671875e+00
3.644000000000000000e+03 -2.654066562652587891e+00
3.645000000000000000e+03 -2.663463830947875977e+00
3.646000000000000000e+03 -2.685475826263427734e+00
3.647000000000000000e+03 -2.675163269042968750e+00
3.648000000000000000e+03 -2.705474376678466797e+00
3.649000000000000000e+03 -2.737834215164184570e+00
3.650000000000000000e+03 -2.752303361892700195e+00
3.651000000000000000e+03 -2.756170749664306641e+00
3.652000000000000000e+03 -2.720169067382812500e+00
3.653000000000000000e+03 -2.679179191589355469e+00
3.654000000000000000e+03 -2.728996276855468750e+00
3.655000000000000000e+03 -2.709168910980224609e+00
3.656000000000000000e+03 -2.721364974975585938e+00
3.657000000000000000e+03 -2.697201490402221680e+00
3.658000000000000000e+03 -2.694605588912963867e+00
3.659000000000000000e+03 -2.720910787582397461e+00
3.660000000000000000e+03 -2.706196308135986328e+00
3.661000000000000000e+03 -2.687454938888549805e+00
3.662000000000000000e+03 -2.692350864410400391e+00
3.663000000000000000e+03 -2.672530651092529297e+00
3.664000000000000000e+03 -2.678313255310058594e+00
3.665000000000000000e+03 -2.684495210647583008e+00
3.666000000000000000e+03 -2.698085069656372070e+00
3.667000000000000000e+03 -2.704186916351318359e+00
3.668000000000000000e+03 -2.716366529464721680e+00
3.669000000000000000e+03 -2.709217071533203125e+00
3.670000000000000000e+03 -2.709180831909179688e+00
3.671000000000000000e+03 -2.700585603713989258e+00
3.672000000000000000e+03 -2.682644367218017578e+00
3.673000000000000000e+03 -2.705228090286254883e+00
3.674000000000000000e+03 -2.683940887451171875e+00
3.675000000000000000e+03 -2.744933843612670898e+00
3.676000000000000000e+03 -2.711470127105712891e+00
3.677000000000000000e+03 -2.732493638992309570e+00
3.678000000000000000e+03 -2.717423439025878906e+00
3.679000000000000000e+03 -2.719642639160156250e+00
3.680000000000000000e+03 -2.736847162246704102e+00
3.681000000000000000e+03 -2.758469104766845703e+00
3.682000000000000000e+03 -2.761134147644042969e+00
3.683000000000000000e+03 -2.704155445098876953e+00
3.684000000000000000e+03 -2.713061332702636719e+00
3.685000000000000000e+03 -2.709140300750732422e+00
3.686000000000000000e+03 -2.692156791687011719e+00
3.687000000000000000e+03 -2.688162088394165039e+00
3.688000000000000000e+03 -2.686052560806274414e+00
3.689000000000000000e+03 -2.648258209228515625e+00
3.690000000000000000e+03 -2.679491758346557617e+00
3.691000000000000000e+03 -2.690640211105346680e+00
3.692000000000000000e+03 -2.709028244018554688e+00
3.693000000000000000e+03 -2.705488204956054688e+00
3.694000000000000000e+03 -2.718106985092163086e+00
3.695000000000000000e+03 -2.702068805694580078e+00
3.696000000000000000e+03 -2.695204019546508789e+00
3.697000000000000000e+03 -2.730249404907226562e+00
3.698000000000000000e+03 -2.697144031524658203e+00
3.699000000000000000e+03 -2.710708379745483398e+00
3.700000000000000000e+03 -2.704664468765258789e+00
3.701000000000000000e+03 -2.697403907775878906e+00
3.702000000000000000e+03 -2.698248386383056641e+00
3.703000000000000000e+03 -2.674620389938354492e+00
3.704000000000000000e+03 -2.699732542037963867e+00
3.705000000000000000e+03 -2.735048294067382812e+00
3.706000000000000000e+03 -2.683450460433959961e+00
3.707000000000000000e+03 -2.691730499267578125e+00
3.708000000000000000e+03 -2.710330247879028320e+00
3.709000000000000000e+03 -2.722262382507324219e+00
3.710000000000000000e+03 -2.729580640792846680e+00
3.711000000000000000e+03 -2.705587148666381836e+00
3.712000000000000000e+03 -2.701496601104736328e+00
3.713000000000000000e+03 -2.722136735916137695e+00
3.714000000000000000e+03 -2.684081077575683594e+00
3.715000000000000000e+03 -2.692042350769042969e+00
3.716000000000000000e+03 -2.704939365386962891e+00
3.717000000000000000e+03 -2.695571422576904297e+00
3.718000000000000000e+03 -2.696857690811157227e+00
3.719000000000000000e+03 -2.679869651794433594e+00
3.720000000000000000e+03 -2.690212011337280273e+00
3.721000000000000000e+03 -2.688364505767822266e+00
3.722000000000000000e+03 -2.687443971633911133e+00
3.723000000000000000e+03 -2.692781209945678711e+00
3.724000000000000000e+03 -2.695359945297241211e+00
3.725000000000000000e+03 -2.687773704528808594e+00
3.726000000000000000e+03 -2.714167118072509766e+00
3.727000000000000000e+03 -2.713575124740600586e+00
3.728000000000000000e+03 -2.747827291488647461e+00
3.729000000000000000e+03 -2.742260932922363281e+00
3.730000000000000000e+03 -2.770670175552368164e+00
3.731000000000000000e+03 -2.746958494186401367e+00
3.732000000000000000e+03 -2.715102434158325195e+00
3.733000000000000000e+03 -2.727403640747070312e+00
3.734000000000000000e+03 -2.716853141784667969e+00
3.735000000000000000e+03 -2.695297956466674805e+00
3.736000000000000000e+03 -2.703325986862182617e+00
3.737000000000000000e+03 -2.695226430892944336e+00
3.738000000000000000e+03 -2.740950584411621094e+00
3.739000000000000000e+03 -2.700925827026367188e+00
3.740000000000000000e+03 -2.689024448394775391e+00
3.741000000000000000e+03 -2.717637062072753906e+00
3.742000000000000000e+03 -2.703027963638305664e+00
3.743000000000000000e+03 -2.699391126632690430e+00
3.744000000000000000e+03 -2.708138942718505859e+00
3.745000000000000000e+03 -2.730306625366210938e+00
3.746000000000000000e+03 -2.698808908462524414e+00
3.747000000000000000e+03 -2.697189807891845703e+00
3.748000000000000000e+03 -2.716799497604370117e+00
3.749000000000000000e+03 -2.726060390472412109e+00
3.750000000000000000e+03 -2.680216312408447266e+00
3.751000000000000000e+03 -2.673942089080810547e+00
3.752000000000000000e+03 -2.713709115982055664e+00
3.753000000000000000e+03 -2.680421352386474609e+00
3.754000000000000000e+03 -2.702692508697509766e+00
3.755000000000000000e+03 -2.688960790634155273e+00
3.756000000000000000e+03 -2.704046726226806641e+00
3.757000000000000000e+03 -2.686696767807006836e+00
3.758000000000000000e+03 -2.712168216705322266e+00
3.759000000000000000e+03 -2.669272422790527344e+00
3.760000000000000000e+03 -2.696969032287597656e+00
3.761000000000000000e+03 -2.646349668502807617e+00
3.762000000000000000e+03 -2.691479682922363281e+00
3.763000000000000000e+03 -2.690691232681274414e+00
3.764000000000000000e+03 -2.687453031539916992e+00
3.765000000000000000e+03 -2.666746139526367188e+00
3.766000000000000000e+03 -2.691164255142211914e+00
3.767000000000000000e+03 -2.683096170425415039e+00
3.768000000000000000e+03 -2.644976615905761719e+00
3.769000000000000000e+03 -2.671167135238647461e+00
3.770000000000000000e+03 -2.665464162826538086e+00
3.771000000000000000e+03 -2.656280040740966797e+00
3.772000000000000000e+03 -2.663093328475952148e+00
3.773000000000000000e+03 -2.634975433349609375e+00
3.774000000000000000e+03 -2.657202482223510742e+00
3.775000000000000000e+03 -2.666825294494628906e+00
3.776000000000000000e+03 -2.678689956665039062e+00
3.777000000000000000e+03 -2.671325683593750000e+00
3.778000000000000000e+03 -2.714977264404296875e+00
3.779000000000000000e+03 -2.659956216812133789e+00
3.780000000000000000e+03 -2.668751239776611328e+00
3.781000000000000000e+03 -2.671484947204589844e+00
3.782000000000000000e+03 -2.684365272521972656e+00
3.783000000000000000e+03 -2.667726039886474609e+00
3.784000000000000000e+03 -2.661845922470092773e+00
3.785000000000000000e+03 -2.670606136322021484e+00
3.786000000000000000e+03 -2.681940078735351562e+00
3.787000000000000000e+03 -2.688412666320800781e+00
3.788000000000000000e+03 -2.694225311279296875e+00
3.789000000000000000e+03 -2.694514989852905273e+00
3.790000000000000000e+03 -2.675807952880859375e+00
3.791000000000000000e+03 -2.695110321044921875e+00
3.792000000000000000e+03 -2.694804906845092773e+00
3.793000000000000000e+03 -2.700901269912719727e+00
3.794000000000000000e+03 -2.707464933395385742e+00
3.795000000000000000e+03 -2.694635391235351562e+00
3.796000000000000000e+03 -2.661874771118164062e+00
3.797000000000000000e+03 -2.653203487396240234e+00
3.798000000000000000e+03 -2.676204204559326172e+00
3.799000000000000000e+03 -2.682682752609252930e+00
3.800000000000000000e+03 -2.659833431243896484e+00
3.801000000000000000e+03 -2.687899112701416016e+00
3.802000000000000000e+03 -2.662228107452392578e+00
3.803000000000000000e+03 -2.664607763290405273e+00
3.804000000000000000e+03 -2.651894569396972656e+00
3.805000000000000000e+03 -2.681219100952148438e+00
3.806000000000000000e+03 -2.682121753692626953e+00
3.807000000000000000e+03 -2.684638261795043945e+00
3.808000000000000000e+03 -2.683634281158447266e+00
3.809000000000000000e+03 -2.700119733810424805e+00
3.810000000000000000e+03 -2.685206413269042969e+00
3.811000000000000000e+03 -2.727449655532836914e+00
3.812000000000000000e+03 -2.717769622802734375e+00
3.813000000000000000e+03 -2.722622156143188477e+00
3.814000000000000000e+03 -2.727798938751220703e+00
3.815000000000000000e+03 -2.701460361480712891e+00
3.816000000000000000e+03 -2.710347890853881836e+00
3.817000000000000000e+03 -2.689751148223876953e+00
3.818000000000000000e+03 -2.708549261093139648e+00
3.819000000000000000e+03 -2.689995765686035156e+00
3.820000000000000000e+03 -2.725374221801757812e+00
3.821000000000000000e+03 -2.719863653182983398e+00
3.822000000000000000e+03 -2.693942546844482422e+00
3.823000000000000000e+03 -2.684761762619018555e+00
3.824000000000000000e+03 -2.653151750564575195e+00
3.825000000000000000e+03 -2.668342113494873047e+00
3.826000000000000000e+03 -2.701070308685302734e+00
3.827000000000000000e+03 -2.692967414855957031e+00
3.828000000000000000e+03 -2.681195020675659180e+00
3.829000000000000000e+03 -2.669712305068969727e+00
3.830000000000000000e+03 -2.641651153564453125e+00
3.831000000000000000e+03 -2.669527769088745117e+00
3.832000000000000000e+03 -2.682708740234375000e+00
3.833000000000000000e+03 -2.658631324768066406e+00
3.834000000000000000e+03 -2.678241252899169922e+00
3.835000000000000000e+03 -2.665065050125122070e+00
3.836000000000000000e+03 -2.695960283279418945e+00
3.837000000000000000e+03 -2.683676481246948242e+00
3.838000000000000000e+03 -2.684643983840942383e+00
3.839000000000000000e+03 -2.666359901428222656e+00
3.840000000000000000e+03 -2.692973613739013672e+00
3.841000000000000000e+03 -2.673027515411376953e+00
3.842000000000000000e+03 -2.672309637069702148e+00
3.843000000000000000e+03 -2.678053855895996094e+00
3.844000000000000000e+03 -2.661775350570678711e+00
3.845000000000000000e+03 -2.684888839721679688e+00
3.846000000000000000e+03 -2.663443326950073242e+00
3.847000000000000000e+03 -2.701489686965942383e+00
3.848000000000000000e+03 -2.701687574386596680e+00
3.849000000000000000e+03 -2.662878990173339844e+00
3.850000000000000000e+03 -2.661046981811523438e+00
3.851000000000000000e+03 -2.692789793014526367e+00
3.852000000000000000e+03 -2.674597263336181641e+00
3.853000000000000000e+03 -2.673066616058349609e+00
3.854000000000000000e+03 -2.677119016647338867e+00
3.855000000000000000e+03 -2.699054718017578125e+00
3.856000000000000000e+03 -2.702292442321777344e+00
3.857000000000000000e+03 -2.696816444396972656e+00
3.858000000000000000e+03 -2.683976173400878906e+00
3.859000000000000000e+03 -2.696984291076660156e+00
3.860000000000000000e+03 -2.695894479751586914e+00
3.861000000000000000e+03 -2.699720621109008789e+00
3.862000000000000000e+03 -2.666679620742797852e+00
3.863000000000000000e+03 -2.664432048797607422e+00
3.864000000000000000e+03 -2.654335975646972656e+00
3.865000000000000000e+03 -2.648730039596557617e+00
3.866000000000000000e+03 -2.646870136260986328e+00
3.867000000000000000e+03 -2.658008575439453125e+00
3.868000000000000000e+03 -2.683453798294067383e+00
3.869000000000000000e+03 -2.659712076187133789e+00
3.870000000000000000e+03 -2.667173385620117188e+00
3.871000000000000000e+03 -2.694701194763183594e+00
3.872000000000000000e+03 -2.696439981460571289e+00
3.873000000000000000e+03 -2.686104059219360352e+00
3.874000000000000000e+03 -2.700635433197021484e+00
3.875000000000000000e+03 -2.697711467742919922e+00
3.876000000000000000e+03 -2.673365831375122070e+00
3.877000000000000000e+03 -2.687066316604614258e+00
3.878000000000000000e+03 -2.668561458587646484e+00
3.879000000000000000e+03 -2.658563137054443359e+00
3.880000000000000000e+03 -2.696004867553710938e+00
3.881000000000000000e+03 -2.694747209548950195e+00
3.882000000000000000e+03 -2.693239688873291016e+00
3.883000000000000000e+03 -2.684619903564453125e+00
3.884000000000000000e+03 -2.705317020416259766e+00
3.885000000000000000e+03 -2.676611185073852539e+00
3.886000000000000000e+03 -2.661841869354248047e+00
3.887000000000000000e+03 -2.661907196044921875e+00
3.888000000000000000e+03 -2.675222635269165039e+00
3.889000000000000000e+03 -2.687895059585571289e+00
3.890000000000000000e+03 -2.688800811767578125e+00
3.891000000000000000e+03 -2.690567016601562500e+00
3.892000000000000000e+03 -2.691992759704589844e+00
3.893000000000000000e+03 -2.686759471893310547e+00
3.894000000000000000e+03 -2.671620607376098633e+00
3.895000000000000000e+03 -2.713466644287109375e+00
3.896000000000000000e+03 -2.687063694000244141e+00
3.897000000000000000e+03 -2.708954572677612305e+00
3.898000000000000000e+03 -2.714101314544677734e+00
3.899000000000000000e+03 -2.693539142608642578e+00
3.900000000000000000e+03 -2.683151960372924805e+00
3.901000000000000000e+03 -2.682852745056152344e+00
3.902000000000000000e+03 -2.670876741409301758e+00
3.903000000000000000e+03 -2.662477970123291016e+00
3.904000000000000000e+03 -2.641934871673583984e+00
3.905000000000000000e+03 -2.700319766998291016e+00
3.906000000000000000e+03 -2.688781499862670898e+00
3.907000000000000000e+03 -2.665207862854003906e+00
3.908000000000000000e+03 -2.690846920013427734e+00
3.909000000000000000e+03 -2.684003591537475586e+00
3.910000000000000000e+03 -2.723143100738525391e+00
3.911000000000000000e+03 -2.698057651519775391e+00
3.912000000000000000e+03 -2.724857091903686523e+00
3.913000000000000000e+03 -2.731493949890136719e+00
3.914000000000000000e+03 -2.687577486038208008e+00
3.915000000000000000e+03 -2.679675102233886719e+00
3.916000000000000000e+03 -2.699065923690795898e+00
3.917000000000000000e+03 -2.724840164184570312e+00
3.918000000000000000e+03 -2.745470285415649414e+00
3.919000000000000000e+03 -2.736950635910034180e+00
3.920000000000000000e+03 -2.726567745208740234e+00
3.921000000000000000e+03 -2.712548494338989258e+00
3.922000000000000000e+03 -2.703578472137451172e+00
3.923000000000000000e+03 -2.711171627044677734e+00
3.924000000000000000e+03 -2.713600397109985352e+00
3.925000000000000000e+03 -2.714575529098510742e+00
3.926000000000000000e+03 -2.692739009857177734e+00
3.927000000000000000e+03 -2.700454950332641602e+00
3.928000000000000000e+03 -2.673923492431640625e+00
3.929000000000000000e+03 -2.651715517044067383e+00
3.930000000000000000e+03 -2.663553714752197266e+00
3.931000000000000000e+03 -2.653649330139160156e+00
3.932000000000000000e+03 -2.691245317459106445e+00
3.933000000000000000e+03 -2.688865661621093750e+00
3.934000000000000000e+03 -2.713144540786743164e+00
3.935000000000000000e+03 -2.686919212341308594e+00
3.936000000000000000e+03 -2.688563823699951172e+00
3.937000000000000000e+03 -2.681220769882202148e+00
3.938000000000000000e+03 -2.690348148345947266e+00
3.939000000000000000e+03 -2.648609161376953125e+00
3.940000000000000000e+03 -2.669214725494384766e+00
3.941000000000000000e+03 -2.670948028564453125e+00
3.942000000000000000e+03 -2.686753273010253906e+00
3.943000000000000000e+03 -2.690344333648681641e+00
3.944000000000000000e+03 -2.696614980697631836e+00
3.945000000000000000e+03 -2.671174764633178711e+00
3.946000000000000000e+03 -2.673027038574218750e+00
3.947000000000000000e+03 -2.657552242279052734e+00
3.948000000000000000e+03 -2.632957220077514648e+00
3.949000000000000000e+03 -2.652477264404296875e+00
3.950000000000000000e+03 -2.637757062911987305e+00
3.951000000000000000e+03 -2.671740055084228516e+00
3.952000000000000000e+03 -2.711234807968139648e+00
3.953000000000000000e+03 -2.681566715240478516e+00
3.954000000000000000e+03 -2.691211462020874023e+00
3.955000000000000000e+03 -2.660410881042480469e+00
3.956000000000000000e+03 -2.657427787780761719e+00
3.957000000000000000e+03 -2.655325174331665039e+00
3.958000000000000000e+03 -2.666508913040161133e+00
3.959000000000000000e+03 -2.636714696884155273e+00
3.960000000000000000e+03 -2.665338039398193359e+00
3.961000000000000000e+03 -2.674321651458740234e+00
3.962000000000000000e+03 -2.644993543624877930e+00
3.963000000000000000e+03 -2.656920194625854492e+00
3.964000000000000000e+03 -2.679278612136840820e+00
3.965000000000000000e+03 -2.682246923446655273e+00
3.966000000000000000e+03 -2.685333967208862305e+00
3.967000000000000000e+03 -2.702131271362304688e+00
3.968000000000000000e+03 -2.705480098724365234e+00
3.969000000000000000e+03 -2.713061571121215820e+00
3.970000000000000000e+03 -2.669079303741455078e+00
3.971000000000000000e+03 -2.702522993087768555e+00
3.972000000000000000e+03 -2.725116014480590820e+00
3.973000000000000000e+03 -2.697139978408813477e+00
3.974000000000000000e+03 -2.720867633819580078e+00
3.975000000000000000e+03 -2.688489437103271484e+00
3.976000000000000000e+03 -2.674273967742919922e+00
3.977000000000000000e+03 -2.679135799407958984e+00
3.978000000000000000e+03 -2.703657627105712891e+00
3.979000000000000000e+03 -2.650645256042480469e+00
3.980000000000000000e+03 -2.628707885742187500e+00
3.981000000000000000e+03 -2.651644229888916016e+00
3.982000000000000000e+03 -2.650736570358276367e+00
3.983000000000000000e+03 -2.695541620254516602e+00
3.984000000000000000e+03 -2.656894207000732422e+00
3.985000000000000000e+03 -2.627103567123413086e+00
3.986000000000000000e+03 -2.637356281280517578e+00
3.987000000000000000e+03 -2.630799770355224609e+00
3.988000000000000000e+03 -2.637693405151367188e+00
3.989000000000000000e+03 -2.611503124237060547e+00
3.990000000000000000e+03 -2.615876913070678711e+00
3.991000000000000000e+03 -2.639774560928344727e+00
3.992000000000000000e+03 -2.641099929809570312e+00
3.993000000000000000e+03 -2.616269826889038086e+00
3.994000000000000000e+03 -2.604979991912841797e+00
3.995000000000000000e+03 -2.624340534210205078e+00
3.996000000000000000e+03 -2.629889011383056641e+00
3.997000000000000000e+03 -2.645471811294555664e+00
3.998000000000000000e+03 -2.643450021743774414e+00
3.999000000000000000e+03 -2.646081686019897461e+00
4.000000000000000000e+03 -2.665161848068237305e+00
4.001000000000000000e+03 -2.637068033218383789e+00
4.002000000000000000e+03 -2.650997400283813477e+00
4.003000000000000000e+03 -2.680299520492553711e+00
4.004000000000000000e+03 -2.641458034515380859e+00
4.005000000000000000e+03 -2.649437665939331055e+00
4.006000000000000000e+03 -2.678966760635375977e+00
4.007000000000000000e+03 -2.667415618896484375e+00
4.008000000000000000e+03 -2.656716108322143555e+00
4.009000000000000000e+03 -2.666540622711181641e+00
4.010000000000000000e+03 -2.649383544921875000e+00
4.011000000000000000e+03 -2.670336961746215820e+00
4.012000000000000000e+03 -2.683870077133178711e+00
4.013000000000000000e+03 -2.675075054168701172e+00
4.014000000000000000e+03 -2.669211387634277344e+00
4.015000000000000000e+03 -2.654443502426147461e+00
4.016000000000000000e+03 -2.680533170700073242e+00
4.017000000000000000e+03 -2.671910047531127930e+00
4.018000000000000000e+03 -2.628176689147949219e+00
4.019000000000000000e+03 -2.676081657409667969e+00
4.020000000000000000e+03 -2.676330089569091797e+00
4.021000000000000000e+03 -2.658913135528564453e+00
4.022000000000000000e+03 -2.634634971618652344e+00
4.023000000000000000e+03 -2.662591218948364258e+00
4.024000000000000000e+03 -2.666635513305664062e+00
4.025000000000000000e+03 -2.662928581237792969e+00
4.026000000000000000e+03 -2.663926839828491211e+00
4.027000000000000000e+03 -2.649609327316284180e+00
4.028000000000000000e+03 -2.666842699050903320e+00
4.029000000000000000e+03 -2.667002677917480469e+00
4.030000000000000000e+03 -2.698158979415893555e+00
4.031000000000000000e+03 -2.657575368881225586e+00
4.032000000000000000e+03 -2.711960315704345703e+00
4.033000000000000000e+03 -2.671162366867065430e+00
4.034000000000000000e+03 -2.724599361419677734e+00
4.035000000000000000e+03 -2.724101543426513672e+00
4.036000000000000000e+03 -2.719222307205200195e+00
4.037000000000000000e+03 -2.690824508666992188e+00
4.038000000000000000e+03 -2.673155307769775391e+00
4.039000000000000000e+03 -2.730209112167358398e+00
4.040000000000000000e+03 -2.705520629882812500e+00
4.041000000000000000e+03 -2.675598621368408203e+00
4.042000000000000000e+03 -2.678457498550415039e+00
4.043000000000000000e+03 -2.674641609191894531e+00
4.044000000000000000e+03 -2.687120437622070312e+00
4.045000000000000000e+03 -2.687867164611816406e+00
4.046000000000000000e+03 -2.642868041992187500e+00
4.047000000000000000e+03 -2.651201486587524414e+00
4.048000000000000000e+03 -2.640774488449096680e+00
4.049000000000000000e+03 -2.643802881240844727e+00
4.050000000000000000e+03 -2.643412351608276367e+00
4.051000000000000000e+03 -2.651406288146972656e+00
4.052000000000000000e+03 -2.654256820678710938e+00
4.053000000000000000e+03 -2.672941207885742188e+00
4.054000000000000000e+03 -2.683058977127075195e+00
4.055000000000000000e+03 -2.671464920043945312e+00
4.056000000000000000e+03 -2.657649993896484375e+00
4.057000000000000000e+03 -2.664311885833740234e+00
4.058000000000000000e+03 -2.647526025772094727e+00
4.059000000000000000e+03 -2.634851932525634766e+00
4.060000000000000000e+03 -2.645372390747070312e+00
4.061000000000000000e+03 -2.673798799514770508e+00
4.062000000000000000e+03 -2.622525453567504883e+00
4.063000000000000000e+03 -2.637789011001586914e+00
4.064000000000000000e+03 -2.623300552368164062e+00
4.065000000000000000e+03 -2.614437580108642578e+00
4.066000000000000000e+03 -2.619934320449829102e+00
4.067000000000000000e+03 -2.646475315093994141e+00
4.068000000000000000e+03 -2.673022031784057617e+00
4.069000000000000000e+03 -2.635507583618164062e+00
4.070000000000000000e+03 -2.676127195358276367e+00
4.071000000000000000e+03 -2.692855358123779297e+00
4.072000000000000000e+03 -2.699248075485229492e+00
4.073000000000000000e+03 -2.708871841430664062e+00
4.074000000000000000e+03 -2.682144641876220703e+00
4.075000000000000000e+03 -2.696036815643310547e+00
4.076000000000000000e+03 -2.698552846908569336e+00
4.077000000000000000e+03 -2.685636520385742188e+00
4.078000000000000000e+03 -2.727249860763549805e+00
4.079000000000000000e+03 -2.695572614669799805e+00
4.080000000000000000e+03 -2.672390222549438477e+00
4.081000000000000000e+03 -2.686893224716186523e+00
4.082000000000000000e+03 -2.685729742050170898e+00
4.083000000000000000e+03 -2.710598707199096680e+00
4.084000000000000000e+03 -2.662080526351928711e+00
4.085000000000000000e+03 -2.684480667114257812e+00
4.086000000000000000e+03 -2.620886802673339844e+00
4.087000000000000000e+03 -2.659873008728027344e+00
4.088000000000000000e+03 -2.668109416961669922e+00
4.089000000000000000e+03 -2.634927749633789062e+00
4.090000000000000000e+03 -2.667233228683471680e+00
4.091000000000000000e+03 -2.679639816284179688e+00
4.092000000000000000e+03 -2.675287485122680664e+00
4.093000000000000000e+03 -2.665268421173095703e+00
4.094000000000000000e+03 -2.659753799438476562e+00
4.095000000000000000e+03 -2.651230812072753906e+00
4.096000000000000000e+03 -2.691818475723266602e+00
4.097000000000000000e+03 -2.620474576950073242e+00
4.098000000000000000e+03 -2.642727851867675781e+00
4.099000000000000000e+03 -2.644477844238281250e+00
4.100000000000000000e+03 -2.638914108276367188e+00
4.101000000000000000e+03 -2.645986318588256836e+00
4.102000000000000000e+03 -2.625507593154907227e+00
4.103000000000000000e+03 -2.609800577163696289e+00
4.104000000000000000e+03 -2.634209632873535156e+00
4.105000000000000000e+03 -2.629747390747070312e+00
4.106000000000000000e+03 -2.642464876174926758e+00
4.107000000000000000e+03 -2.639710187911987305e+00
4.108000000000000000e+03 -2.614034175872802734e+00
4.109000000000000000e+03 -2.645494222640991211e+00
4.110000000000000000e+03 -2.624627590179443359e+00
4.111000000000000000e+03 -2.641877651214599609e+00
4.112000000000000000e+03 -2.654000997543334961e+00
4.113000000000000000e+03 -2.624557971954345703e+00
4.114000000000000000e+03 -2.701085329055786133e+00
4.115000000000000000e+03 -2.649337291717529297e+00
4.116000000000000000e+03 -2.617656230926513672e+00
4.117000000000000000e+03 -2.668534278869628906e+00
4.118000000000000000e+03 -2.664973020553588867e+00
4.119000000000000000e+03 -2.685113191604614258e+00
4.120000000000000000e+03 -2.685282707214355469e+00
4.121000000000000000e+03 -2.688006162643432617e+00
4.122000000000000000e+03 -2.683805704116821289e+00
4.123000000000000000e+03 -2.701592683792114258e+00
4.124000000000000000e+03 -2.690069437026977539e+00
4.125000000000000000e+03 -2.633233547210693359e+00
4.126000000000000000e+03 -2.652958393096923828e+00
4.127000000000000000e+03 -2.654999017715454102e+00
4.128000000000000000e+03 -2.684299945831298828e+00
4.129000000000000000e+03 -2.688032150268554688e+00
4.130000000000000000e+03 -2.675531387329101562e+00
4.131000000000000000e+03 -2.667025089263916016e+00
4.132000000000000000e+03 -2.692084074020385742e+00
4.133000000000000000e+03 -2.728605270385742188e+00
4.134000000000000000e+03 -2.690901756286621094e+00
4.135000000000000000e+03 -2.693183183670043945e+00
4.136000000000000000e+03 -2.686432123184204102e+00
4.137000000000000000e+03 -2.708896160125732422e+00
4.138000000000000000e+03 -2.708151817321777344e+00
4.139000000000000000e+03 -2.687638044357299805e+00
4.140000000000000000e+03 -2.646978139877319336e+00
4.141000000000000000e+03 -2.667133331298828125e+00
4.142000000000000000e+03 -2.684764623641967773e+00
4.143000000000000000e+03 -2.666427135467529297e+00
4.144000000000000000e+03 -2.655700922012329102e+00
4.145000000000000000e+03 -2.685176610946655273e+00
4.146000000000000000e+03 -2.662775278091430664e+00
4.147000000000000000e+03 -2.637212276458740234e+00
4.148000000000000000e+03 -2.680502653121948242e+00
4.149000000000000000e+03 -2.672875165939331055e+00
4.150000000000000000e+03 -2.676327228546142578e+00
4.151000000000000000e+03 -2.675356388092041016e+00
4.152000000000000000e+03 -2.686398983001708984e+00
4.153000000000000000e+03 -2.665477514266967773e+00
4.154000000000000000e+03 -2.668352127075195312e+00
4.155000000000000000e+03 -2.630787849426269531e+00
4.156000000000000000e+03 -2.679783344268798828e+00
4.157000000000000000e+03 -2.681246042251586914e+00
4.158000000000000000e+03 -2.679422140121459961e+00
4.159000000000000000e+03 -2.673905134201049805e+00
4.160000000000000000e+03 -2.667757034301757812e+00
4.161000000000000000e+03 -2.694601058959960938e+00
4.162000000000000000e+03 -2.664499521255493164e+00
4.163000000000000000e+03 -2.669974327087402344e+00
4.164000000000000000e+03 -2.623753070831298828e+00
4.165000000000000000e+03 -2.641325473785400391e+00
4.166000000000000000e+03 -2.654643297195434570e+00
4.167000000000000000e+03 -2.688003063201904297e+00
4.168000000000000000e+03 -2.681302785873413086e+00
4.169000000000000000e+03 -2.689363241195678711e+00
4.170000000000000000e+03 -2.673232555389404297e+00
4.171000000000000000e+03 -2.670953273773193359e+00
4.172000000000000000e+03 -2.686458826065063477e+00
4.173000000000000000e+03 -2.677541017532348633e+00
4.174000000000000000e+03 -2.647365808486938477e+00
4.175000000000000000e+03 -2.708232402801513672e+00
4.176000000000000000e+03 -2.654046058654785156e+00
4.177000000000000000e+03 -2.680326461791992188e+00
4.178000000000000000e+03 -2.668266534805297852e+00
4.179000000000000000e+03 -2.672500133514404297e+00
4.180000000000000000e+03 -2.663096427917480469e+00
4.181000000000000000e+03 -2.674997568130493164e+00
4.182000000000000000e+03 -2.643800497055053711e+00
4.183000000000000000e+03 -2.654511928558349609e+00
4.184000000000000000e+03 -2.689156055450439453e+00
4.185000000000000000e+03 -2.664613962173461914e+00
4.186000000000000000e+03 -2.703179359436035156e+00
4.187000000000000000e+03 -2.689888477325439453e+00
4.188000000000000000e+03 -2.725680112838745117e+00
4.189000000000000000e+03 -2.679404973983764648e+00
4.190000000000000000e+03 -2.697255373001098633e+00
4.191000000000000000e+03 -2.677569866180419922e+00
4.192000000000000000e+03 -2.670448303222656250e+00
4.193000000000000000e+03 -2.660501956939697266e+00
4.194000000000000000e+03 -2.671958208084106445e+00
4.195000000000000000e+03 -2.680826187133789062e+00
4.196000000000000000e+03 -2.661894798278808594e+00
4.197000000000000000e+03 -2.695072889328002930e+00
4.198000000000000000e+03 -2.624434471130371094e+00
4.199000000000000000e+03 -2.630864143371582031e+00
4.200000000000000000e+03 -2.648060560226440430e+00
4.201000000000000000e+03 -2.632841110229492188e+00
4.202000000000000000e+03 -2.656026124954223633e+00
4.203000000000000000e+03 -2.651330471038818359e+00
4.204000000000000000e+03 -2.680878877639770508e+00
4.205000000000000000e+03 -2.658638715744018555e+00
4.206000000000000000e+03 -2.685840606689453125e+00
4.207000000000000000e+03 -2.677516937255859375e+00
4.208000000000000000e+03 -2.655894756317138672e+00
4.209000000000000000e+03 -2.648728609085083008e+00
4.210000000000000000e+03 -2.658113956451416016e+00
4.211000000000000000e+03 -2.656644582748413086e+00
4.212000000000000000e+03 -2.669974088668823242e+00
4.213000000000000000e+03 -2.650343418121337891e+00
4.214000000000000000e+03 -2.646247625350952148e+00
4.215000000000000000e+03 -2.640883445739746094e+00
4.216000000000000000e+03 -2.682135581970214844e+00
4.217000000000000000e+03 -2.670724153518676758e+00
4.218000000000000000e+03 -2.674370765686035156e+00
4.219000000000000000e+03 -2.647585868835449219e+00
4.220000000000000000e+03 -2.659313917160034180e+00
4.221000000000000000e+03 -2.643768072128295898e+00
4.222000000000000000e+03 -2.645013332366943359e+00
4.223000000000000000e+03 -2.646376371383666992e+00
4.224000000000000000e+03 -2.659704685211181641e+00
4.225000000000000000e+03 -2.667215824127197266e+00
4.226000000000000000e+03 -2.660742282867431641e+00
4.227000000000000000e+03 -2.711895942687988281e+00
4.228000000000000000e+03 -2.703323602676391602e+00
4.229000000000000000e+03 -2.677970170974731445e+00
4.230000000000000000e+03 -2.700635910034179688e+00
4.231000000000000000e+03 -2.677026748657226562e+00
4.232000000000000000e+03 -2.682514429092407227e+00
4.233000000000000000e+03 -2.696327209472656250e+00
4.234000000000000000e+03 -2.694960594177246094e+00
4.235000000000000000e+03 -2.651348352432250977e+00
4.236000000000000000e+03 -2.717871189117431641e+00
4.237000000000000000e+03 -2.664190053939819336e+00
4.238000000000000000e+03 -2.642959833145141602e+00
4.239000000000000000e+03 -2.655140399932861328e+00
4.240000000000000000e+03 -2.667862415313720703e+00
4.241000000000000000e+03 -2.649678945541381836e+00
4.242000000000000000e+03 -2.662578344345092773e+00
4.243000000000000000e+03 -2.665314435958862305e+00
4.244000000000000000e+03 -2.676225185394287109e+00
4.245000000000000000e+03 -2.682235479354858398e+00
4.246000000000000000e+03 -2.675030946731567383e+00
4.247000000000000000e+03 -2.660772800445556641e+00
4.248000000000000000e+03 -2.639649391174316406e+00
4.249000000000000000e+03 -2.662059068679809570e+00
4.250000000000000000e+03 -2.636935234069824219e+00
4.251000000000000000e+03 -2.680978298187255859e+00
4.252000000000000000e+03 -2.645127773284912109e+00
4.253000000000000000e+03 -2.653926849365234375e+00
4.254000000000000000e+03 -2.660694599151611328e+00
4.255000000000000000e+03 -2.664403200149536133e+00
4.256000000000000000e+03 -2.697945117950439453e+00
4.257000000000000000e+03 -2.656275272369384766e+00
4.258000000000000000e+03 -2.647155046463012695e+00
4.259000000000000000e+03 -2.660538196563720703e+00
4.260000000000000000e+03 -2.615033626556396484e+00
4.261000000000000000e+03 -2.652756214141845703e+00
4.262000000000000000e+03 -2.669017791748046875e+00
4.263000000000000000e+03 -2.679106712341308594e+00
4.264000000000000000e+03 -2.647487640380859375e+00
4.265000000000000000e+03 -2.657458782196044922e+00
4.266000000000000000e+03 -2.661919116973876953e+00
4.267000000000000000e+03 -2.688438653945922852e+00
4.268000000000000000e+03 -2.667817115783691406e+00
4.269000000000000000e+03 -2.646625518798828125e+00
4.270000000000000000e+03 -2.654226303100585938e+00
4.271000000000000000e+03 -2.701120615005493164e+00
4.272000000000000000e+03 -2.673690795898437500e+00
4.273000000000000000e+03 -2.680428981781005859e+00
4.274000000000000000e+03 -2.660560369491577148e+00
4.275000000000000000e+03 -2.670461654663085938e+00
4.276000000000000000e+03 -2.678067445755004883e+00
4.277000000000000000e+03 -2.691272735595703125e+00
4.278000000000000000e+03 -2.682718753814697266e+00
4.279000000000000000e+03 -2.719912767410278320e+00
4.280000000000000000e+03 -2.707572698593139648e+00
4.281000000000000000e+03 -2.689025878906250000e+00
4.282000000000000000e+03 -2.657137632369995117e+00
4.283000000000000000e+03 -2.680299758911132812e+00
4.284000000000000000e+03 -2.695518493652343750e+00
4.285000000000000000e+03 -2.657153367996215820e+00
4.286000000000000000e+03 -2.646831750869750977e+00
4.287000000000000000e+03 -2.664630889892578125e+00
4.288000000000000000e+03 -2.640329360961914062e+00
4.289000000000000000e+03 -2.687077045440673828e+00
4.290000000000000000e+03 -2.703649759292602539e+00
4.291000000000000000e+03 -2.690344333648681641e+00
4.292000000000000000e+03 -2.675651550292968750e+00
4.293000000000000000e+03 -2.661302566528320312e+00
4.294000000000000000e+03 -2.670255899429321289e+00
4.295000000000000000e+03 -2.675818204879760742e+00
4.296000000000000000e+03 -2.656510829925537109e+00
4.297000000000000000e+03 -2.670877456665039062e+00
4.298000000000000000e+03 -2.670760154724121094e+00
4.299000000000000000e+03 -2.673083782196044922e+00
4.300000000000000000e+03 -2.680661678314208984e+00
4.301000000000000000e+03 -2.637897491455078125e+00
4.302000000000000000e+03 -2.682725667953491211e+00
4.303000000000000000e+03 -2.714869976043701172e+00
4.304000000000000000e+03 -2.706840038299560547e+00
4.305000000000000000e+03 -2.672438144683837891e+00
4.306000000000000000e+03 -2.696643590927124023e+00
4.307000000000000000e+03 -2.701314449310302734e+00
4.308000000000000000e+03 -2.680386304855346680e+00
4.309000000000000000e+03 -2.707556724548339844e+00
4.310000000000000000e+03 -2.699715375900268555e+00
4.311000000000000000e+03 -2.687350511550903320e+00
4.312000000000000000e+03 -2.673993110656738281e+00
4.313000000000000000e+03 -2.662006378173828125e+00
4.314000000000000000e+03 -2.675981521606445312e+00
4.315000000000000000e+03 -2.678870201110839844e+00
4.316000000000000000e+03 -2.659805059432983398e+00
4.317000000000000000e+03 -2.656736850738525391e+00
4.318000000000000000e+03 -2.641349315643310547e+00
4.319000000000000000e+03 -2.664288759231567383e+00
4.320000000000000000e+03 -2.655513286590576172e+00
4.321000000000000000e+03 -2.669439315795898438e+00
4.322000000000000000e+03 -2.640009880065917969e+00
4.323000000000000000e+03 -2.656785964965820312e+00
4.324000000000000000e+03 -2.651516914367675781e+00
4.325000000000000000e+03 -2.673043012619018555e+00
4.326000000000000000e+03 -2.640511035919189453e+00
4.327000000000000000e+03 -2.666044712066650391e+00
4.328000000000000000e+03 -2.663739681243896484e+00
4.329000000000000000e+03 -2.668123960494995117e+00
4.330000000000000000e+03 -2.664764404296875000e+00
4.331000000000000000e+03 -2.689657449722290039e+00
4.332000000000000000e+03 -2.653443098068237305e+00
4.333000000000000000e+03 -2.671383142471313477e+00
4.334000000000000000e+03 -2.684538364410400391e+00
4.335000000000000000e+03 -2.693524122238159180e+00
4.336000000000000000e+03 -2.722967624664306641e+00
4.337000000000000000e+03 -2.680698394775390625e+00
4.338000000000000000e+03 -2.664447069168090820e+00
4.339000000000000000e+03 -2.706622838973999023e+00
4.340000000000000000e+03 -2.672529458999633789e+00
4.341000000000000000e+03 -2.660903930664062500e+00
4.342000000000000000e+03 -2.677927732467651367e+00
4.343000000000000000e+03 -2.669795989990234375e+00
4.344000000000000000e+03 -2.689272880554199219e+00
4.345000000000000000e+03 -2.671567201614379883e+00
4.346000000000000000e+03 -2.692033767700195312e+00
4.347000000000000000e+03 -2.696336984634399414e+00
4.348000000000000000e+03 -2.663152456283569336e+00
4.349000000000000000e+03 -2.669585943222045898e+00
4.350000000000000000e+03 -2.666044950485229492e+00
4.351000000000000000e+03 -2.650749921798706055e+00
4.352000000000000000e+03 -2.614994287490844727e+00
4.353000000000000000e+03 -2.650721788406372070e+00
4.354000000000000000e+03 -2.675033092498779297e+00
4.355000000000000000e+03 -2.686316728591918945e+00
4.356000000000000000e+03 -2.657711267471313477e+00
4.357000000000000000e+03 -2.668359279632568359e+00
4.358000000000000000e+03 -2.699702501296997070e+00
4.359000000000000000e+03 -2.732563972473144531e+00
4.360000000000000000e+03 -2.700140237808227539e+00
4.361000000000000000e+03 -2.682139635086059570e+00
4.362000000000000000e+03 -2.661706924438476562e+00
4.363000000000000000e+03 -2.694513082504272461e+00
4.364000000000000000e+03 -2.676608324050903320e+00
4.365000000000000000e+03 -2.661441326141357422e+00
4.366000000000000000e+03 -2.691221237182617188e+00
4.367000000000000000e+03 -2.684888839721679688e+00
4.368000000000000000e+03 -2.659239053726196289e+00
4.369000000000000000e+03 -2.657845497131347656e+00
4.370000000000000000e+03 -2.707150936126708984e+00
4.371000000000000000e+03 -2.668550252914428711e+00
4.372000000000000000e+03 -2.689161539077758789e+00
4.373000000000000000e+03 -2.661015748977661133e+00
4.374000000000000000e+03 -2.669316053390502930e+00
4.375000000000000000e+03 -2.697420358657836914e+00
4.376000000000000000e+03 -2.735452651977539062e+00
4.377000000000000000e+03 -2.659219980239868164e+00
4.378000000000000000e+03 -2.650845527648925781e+00
4.379000000000000000e+03 -2.686346769332885742e+00
4.380000000000000000e+03 -2.687410831451416016e+00
4.381000000000000000e+03 -2.715706348419189453e+00
4.382000000000000000e+03 -2.698146343231201172e+00
4.383000000000000000e+03 -2.681150436401367188e+00
4.384000000000000000e+03 -2.676188945770263672e+00
4.385000000000000000e+03 -2.670059919357299805e+00
4.386000000000000000e+03 -2.689482927322387695e+00
4.387000000000000000e+03 -2.680394649505615234e+00
4.388000000000000000e+03 -2.660209178924560547e+00
4.389000000000000000e+03 -2.667655467987060547e+00
4.390000000000000000e+03 -2.634518623352050781e+00
4.391000000000000000e+03 -2.648916482925415039e+00
4.392000000000000000e+03 -2.626357078552246094e+00
4.393000000000000000e+03 -2.636977910995483398e+00
4.394000000000000000e+03 -2.646789550781250000e+00
4.395000000000000000e+03 -2.669888734817504883e+00
4.396000000000000000e+03 -2.649420738220214844e+00
4.397000000000000000e+03 -2.684426784515380859e+00
4.398000000000000000e+03 -2.669315576553344727e+00
4.399000000000000000e+03 -2.633600473403930664e+00
4.400000000000000000e+03 -2.674285173416137695e+00
4.401000000000000000e+03 -2.656784772872924805e+00
4.402000000000000000e+03 -2.636331796646118164e+00
4.403000000000000000e+03 -2.655446290969848633e+00
4.404000000000000000e+03 -2.652359008789062500e+00
4.405000000000000000e+03 -2.641280651092529297e+00
4.406000000000000000e+03 -2.647593736648559570e+00
4.407000000000000000e+03 -2.672472953796386719e+00
4.408000000000000000e+03 -2.730484485626220703e+00
4.409000000000000000e+03 -2.706114053726196289e+00
4.410000000000000000e+03 -2.686808109283447266e+00
4.411000000000000000e+03 -2.688250303268432617e+00
4.412000000000000000e+03 -2.674181699752807617e+00
4.413000000000000000e+03 -2.686684131622314453e+00
4.414000000000000000e+03 -2.708328485488891602e+00
4.415000000000000000e+03 -2.704907894134521484e+00
4.416000000000000000e+03 -2.673651695251464844e+00
4.417000000000000000e+03 -2.686719894409179688e+00
4.418000000000000000e+03 -2.691190958023071289e+00
4.419000000000000000e+03 -2.722462415695190430e+00
4.420000000000000000e+03 -2.667933464050292969e+00
4.421000000000000000e+03 -2.663600444793701172e+00
4.422000000000000000e+03 -2.669336080551147461e+00
4.423000000000000000e+03 -2.674674510955810547e+00
4.424000000000000000e+03 -2.677592515945434570e+00
4.425000000000000000e+03 -2.686843395233154297e+00
4.426000000000000000e+03 -2.703384160995483398e+00
4.427000000000000000e+03 -2.685329914093017578e+00
4.428000000000000000e+03 -2.706326007843017578e+00
4.429000000000000000e+03 -2.686518430709838867e+00
4.430000000000000000e+03 -2.692771911621093750e+00
4.431000000000000000e+03 -2.690145015716552734e+00
4.432000000000000000e+03 -2.681512117385864258e+00
4.433000000000000000e+03 -2.694686412811279297e+00
4.434000000000000000e+03 -2.729927778244018555e+00
4.435000000000000000e+03 -2.717956781387329102e+00
4.436000000000000000e+03 -2.708850860595703125e+00
4.437000000000000000e+03 -2.692222833633422852e+00
4.438000000000000000e+03 -2.730153322219848633e+00
4.439000000000000000e+03 -2.747942924499511719e+00
4.440000000000000000e+03 -2.726258754730224609e+00
4.441000000000000000e+03 -2.717337608337402344e+00
4.442000000000000000e+03 -2.721990823745727539e+00
4.443000000000000000e+03 -2.719955444335937500e+00
4.444000000000000000e+03 -2.723081588745117188e+00
4.445000000000000000e+03 -2.695419311523437500e+00
4.446000000000000000e+03 -2.686623573303222656e+00
4.447000000000000000e+03 -2.686617374420166016e+00
4.448000000000000000e+03 -2.700371503829956055e+00
4.449000000000000000e+03 -2.708125114440917969e+00
4.450000000000000000e+03 -2.684585332870483398e+00
4.451000000000000000e+03 -2.675026893615722656e+00
4.452000000000000000e+03 -2.723064422607421875e+00
4.453000000000000000e+03 -2.733790874481201172e+00
4.454000000000000000e+03 -2.708701610565185547e+00
4.455000000000000000e+03 -2.729111909866333008e+00
4.456000000000000000e+03 -2.719407081604003906e+00
4.457000000000000000e+03 -2.732149839401245117e+00
4.458000000000000000e+03 -2.702544927597045898e+00
4.459000000000000000e+03 -2.719597578048706055e+00
4.460000000000000000e+03 -2.717328310012817383e+00
4.461000000000000000e+03 -2.681287288665771484e+00
4.462000000000000000e+03 -2.695883274078369141e+00
4.463000000000000000e+03 -2.726104021072387695e+00
4.464000000000000000e+03 -2.715152740478515625e+00
4.465000000000000000e+03 -2.674909114837646484e+00
4.466000000000000000e+03 -2.702725172042846680e+00
4.467000000000000000e+03 -2.676016092300415039e+00
4.468000000000000000e+03 -2.704138278961181641e+00
4.469000000000000000e+03 -2.706269741058349609e+00
4.470000000000000000e+03 -2.696613073348999023e+00
4.471000000000000000e+03 -2.720518350601196289e+00
4.472000000000000000e+03 -2.692670822143554688e+00
4.473000000000000000e+03 -2.685312986373901367e+00
4.474000000000000000e+03 -2.701544046401977539e+00
4.475000000000000000e+03 -2.710743188858032227e+00
4.476000000000000000e+03 -2.714392662048339844e+00
4.477000000000000000e+03 -2.709375381469726562e+00
4.478000000000000000e+03 -2.698554277420043945e+00
4.479000000000000000e+03 -2.698827743530273438e+00
4.480000000000000000e+03 -2.716826677322387695e+00
4.481000000000000000e+03 -2.735366582870483398e+00
4.482000000000000000e+03 -2.713420867919921875e+00
4.483000000000000000e+03 -2.724932909011840820e+00
4.484000000000000000e+03 -2.732819557189941406e+00
4.485000000000000000e+03 -2.727458238601684570e+00
4.486000000000000000e+03 -2.743490695953369141e+00
4.487000000000000000e+03 -2.699638843536376953e+00
4.488000000000000000e+03 -2.695042133331298828e+00
4.489000000000000000e+03 -2.715411663055419922e+00
4.490000000000000000e+03 -2.694067478179931641e+00
4.491000000000000000e+03 -2.690932512283325195e+00
4.492000000000000000e+03 -2.704807043075561523e+00
4.493000000000000000e+03 -2.675754308700561523e+00
4.494000000000000000e+03 -2.675085067749023438e+00
4.495000000000000000e+03 -2.658816337585449219e+00
4.496000000000000000e+03 -2.663639545440673828e+00
4.497000000000000000e+03 -2.643793582916259766e+00
4.498000000000000000e+03 -2.662661075592041016e+00
4.499000000000000000e+03 -2.710562705993652344e+00
4.500000000000000000e+03 -2.690089225769042969e+00
4.501000000000000000e+03 -2.703943014144897461e+00
4.502000000000000000e+03 -2.729212284088134766e+00
4.503000000000000000e+03 -2.719395160675048828e+00
4.504000000000000000e+03 -2.724884510040283203e+00
4.505000000000000000e+03 -2.711719274520874023e+00
4.506000000000000000e+03 -2.713677883148193359e+00
4.507000000000000000e+03 -2.710013389587402344e+00
4.508000000000000000e+03 -2.703352928161621094e+00
4.509000000000000000e+03 -2.731840848922729492e+00
4.510000000000000000e+03 -2.705329418182373047e+00
4.511000000000000000e+03 -2.701311588287353516e+00
4.512000000000000000e+03 -2.706080198287963867e+00
4.513000000000000000e+03 -2.734786987304687500e+00
4.514000000000000000e+03 -2.746074914932250977e+00
4.515000000000000000e+03 -2.769530057907104492e+00
4.516000000000000000e+03 -2.732734680175781250e+00
4.517000000000000000e+03 -2.729047536849975586e+00
4.518000000000000000e+03 -2.733712196350097656e+00
4.519000000000000000e+03 -2.681403160095214844e+00
4.520000000000000000e+03 -2.708525419235229492e+00
4.521000000000000000e+03 -2.755385160446166992e+00
4.522000000000000000e+03 -2.718051433563232422e+00
4.523000000000000000e+03 -2.706764698028564453e+00
4.524000000000000000e+03 -2.722261905670166016e+00
4.525000000000000000e+03 -2.747989892959594727e+00
4.526000000000000000e+03 -2.690327405929565430e+00
4.527000000000000000e+03 -2.694281101226806641e+00
4.528000000000000000e+03 -2.716759681701660156e+00
4.529000000000000000e+03 -2.722032308578491211e+00
4.530000000000000000e+03 -2.702817201614379883e+00
4.531000000000000000e+03 -2.705028533935546875e+00
4.532000000000000000e+03 -2.741213798522949219e+00
4.533000000000000000e+03 -2.716429471969604492e+00
4.534000000000000000e+03 -2.687829494476318359e+00
4.535000000000000000e+03 -2.716538906097412109e+00
4.536000000000000000e+03 -2.705400943756103516e+00
4.537000000000000000e+03 -2.742037773132324219e+00
4.538000000000000000e+03 -2.732533216476440430e+00
4.539000000000000000e+03 -2.696032524108886719e+00
4.540000000000000000e+03 -2.705119132995605469e+00
4.541000000000000000e+03 -2.685702323913574219e+00
4.542000000000000000e+03 -2.733934640884399414e+00
4.543000000000000000e+03 -2.751812458038330078e+00
4.544000000000000000e+03 -2.743269681930541992e+00
4.545000000000000000e+03 -2.730492353439331055e+00
4.546000000000000000e+03 -2.697783708572387695e+00
4.547000000000000000e+03 -2.730163097381591797e+00
4.548000000000000000e+03 -2.732227325439453125e+00
4.549000000000000000e+03 -2.747003078460693359e+00
4.550000000000000000e+03 -2.744611024856567383e+00
4.551000000000000000e+03 -2.712507009506225586e+00
4.552000000000000000e+03 -2.688851833343505859e+00
4.553000000000000000e+03 -2.734902381896972656e+00
4.554000000000000000e+03 -2.734527587890625000e+00
4.555000000000000000e+03 -2.700252294540405273e+00
4.556000000000000000e+03 -2.719114065170288086e+00
4.557000000000000000e+03 -2.731502056121826172e+00
4.558000000000000000e+03 -2.714133977890014648e+00
4.559000000000000000e+03 -2.721467018127441406e+00
4.560000000000000000e+03 -2.703714370727539062e+00
4.561000000000000000e+03 -2.705156326293945312e+00
4.562000000000000000e+03 -2.713803529739379883e+00
4.563000000000000000e+03 -2.721739292144775391e+00
4.564000000000000000e+03 -2.724086284637451172e+00
4.565000000000000000e+03 -2.737043619155883789e+00
4.566000000000000000e+03 -2.722249269485473633e+00
4.567000000000000000e+03 -2.716874122619628906e+00
4.568000000000000000e+03 -2.727504968643188477e+00
4.569000000000000000e+03 -2.727620601654052734e+00
4.570000000000000000e+03 -2.704631328582763672e+00
4.571000000000000000e+03 -2.696870326995849609e+00
4.572000000000000000e+03 -2.674645662307739258e+00
4.573000000000000000e+03 -2.723386764526367188e+00
4.574000000000000000e+03 -2.707802772521972656e+00
4.575000000000000000e+03 -2.702753067016601562e+00
4.576000000000000000e+03 -2.708460330963134766e+00
4.577000000000000000e+03 -2.678160667419433594e+00
4.578000000000000000e+03 -2.679240226745605469e+00
4.579000000000000000e+03 -2.685259103775024414e+00
4.580000000000000000e+03 -2.741168498992919922e+00
4.581000000000000000e+03 -2.687189340591430664e+00
4.582000000000000000e+03 -2.665020465850830078e+00
4.583000000000000000e+03 -2.668849468231201172e+00
4.584000000000000000e+03 -2.673999547958374023e+00
4.585000000000000000e+03 -2.702975273132324219e+00
4.586000000000000000e+03 -2.701320409774780273e+00
4.587000000000000000e+03 -2.702133417129516602e+00
4.588000000000000000e+03 -2.709069252014160156e+00
4.589000000000000000e+03 -2.681825876235961914e+00
4.590000000000000000e+03 -2.684058427810668945e+00
4.591000000000000000e+03 -2.690132379531860352e+00
4.592000000000000000e+03 -2.700309276580810547e+00
4.593000000000000000e+03 -2.688219785690307617e+00
4.594000000000000000e+03 -2.703013896942138672e+00
4.595000000000000000e+03 -2.688879966735839844e+00
4.596000000000000000e+03 -2.709755897521972656e+00
4.597000000000000000e+03 -2.686010122299194336e+00
4.598000000000000000e+03 -2.702681541442871094e+00
4.599000000000000000e+03 -2.683877229690551758e+00
4.600000000000000000e+03 -2.680937528610229492e+00
4.601000000000000000e+03 -2.683998584747314453e+00
4.602000000000000000e+03 -2.693320035934448242e+00
4.603000000000000000e+03 -2.693865060806274414e+00
4.604000000000000000e+03 -2.680275440216064453e+00
4.605000000000000000e+03 -2.701915740966796875e+00
4.606000000000000000e+03 -2.677926540374755859e+00
4.607000000000000000e+03 -2.696498155593872070e+00
4.608000000000000000e+03 -2.702351093292236328e+00
4.609000000000000000e+03 -2.680493831634521484e+00
4.610000000000000000e+03 -2.694618463516235352e+00
4.611000000000000000e+03 -2.683195590972900391e+00
4.612000000000000000e+03 -2.701177358627319336e+00
4.613000000000000000e+03 -2.714169025421142578e+00
4.614000000000000000e+03 -2.689177751541137695e+00
4.615000000000000000e+03 -2.692079544067382812e+00
4.616000000000000000e+03 -2.668043375015258789e+00
4.617000000000000000e+03 -2.677112579345703125e+00
4.618000000000000000e+03 -2.683917284011840820e+00
4.619000000000000000e+03 -2.690121889114379883e+00
4.620000000000000000e+03 -2.699464321136474609e+00
4.621000000000000000e+03 -2.656309366226196289e+00
4.622000000000000000e+03 -2.652625560760498047e+00
4.623000000000000000e+03 -2.636631965637207031e+00
4.624000000000000000e+03 -2.664311170578002930e+00
4.625000000000000000e+03 -2.673272848129272461e+00
4.626000000000000000e+03 -2.672093629837036133e+00
4.627000000000000000e+03 -2.643481254577636719e+00
4.628000000000000000e+03 -2.648739337921142578e+00
4.629000000000000000e+03 -2.664461135864257812e+00
4.630000000000000000e+03 -2.689970731735229492e+00
4.631000000000000000e+03 -2.702456235885620117e+00
4.632000000000000000e+03 -2.658849954605102539e+00
4.633000000000000000e+03 -2.684381008148193359e+00
4.634000000000000000e+03 -2.708287239074707031e+00
4.635000000000000000e+03 -2.650991916656494141e+00
4.636000000000000000e+03 -2.655893087387084961e+00
4.637000000000000000e+03 -2.660400867462158203e+00
4.638000000000000000e+03 -2.661312818527221680e+00
4.639000000000000000e+03 -2.685281038284301758e+00
4.640000000000000000e+03 -2.682949304580688477e+00
4.641000000000000000e+03 -2.690764665603637695e+00
4.642000000000000000e+03 -2.716215133666992188e+00
4.643000000000000000e+03 -2.745287656784057617e+00
4.644000000000000000e+03 -2.740495681762695312e+00
4.645000000000000000e+03 -2.714513540267944336e+00
4.646000000000000000e+03 -2.735869646072387695e+00
4.647000000000000000e+03 -2.734919309616088867e+00
4.648000000000000000e+03 -2.706605195999145508e+00
4.649000000000000000e+03 -2.706981420516967773e+00
4.650000000000000000e+03 -2.683414459228515625e+00
4.651000000000000000e+03 -2.651553630828857422e+00
4.652000000000000000e+03 -2.701178312301635742e+00
4.653000000000000000e+03 -2.703772068023681641e+00
4.654000000000000000e+03 -2.706515789031982422e+00
4.655000000000000000e+03 -2.678561687469482422e+00
4.656000000000000000e+03 -2.683626890182495117e+00
4.657000000000000000e+03 -2.669627666473388672e+00
4.658000000000000000e+03 -2.697506666183471680e+00
4.659000000000000000e+03 -2.748245477676391602e+00
4.660000000000000000e+03 -2.695505619049072266e+00
4.661000000000000000e+03 -2.688524246215820312e+00
4.662000000000000000e+03 -2.702388763427734375e+00
4.663000000000000000e+03 -2.653079271316528320e+00
4.664000000000000000e+03 -2.664484024047851562e+00
4.665000000000000000e+03 -2.683941364288330078e+00
4.666000000000000000e+03 -2.669501781463623047e+00
4.667000000000000000e+03 -2.678549051284790039e+00
4.668000000000000000e+03 -2.679692983627319336e+00
4.669000000000000000e+03 -2.667436361312866211e+00
4.670000000000000000e+03 -2.616899490356445312e+00
4.671000000000000000e+03 -2.662811994552612305e+00
4.672000000000000000e+03 -2.674078464508056641e+00
4.673000000000000000e+03 -2.678774833679199219e+00
4.674000000000000000e+03 -2.688869476318359375e+00
4.675000000000000000e+03 -2.693419456481933594e+00
4.676000000000000000e+03 -2.662093400955200195e+00
4.677000000000000000e+03 -2.606500864028930664e+00
4.678000000000000000e+03 -2.665797233581542969e+00
4.679000000000000000e+03 -2.675013065338134766e+00
4.680000000000000000e+03 -2.684109210968017578e+00
4.681000000000000000e+03 -2.676830291748046875e+00
4.682000000000000000e+03 -2.654892206192016602e+00
4.683000000000000000e+03 -2.695220470428466797e+00
4.684000000000000000e+03 -2.713127136230468750e+00
4.685000000000000000e+03 -2.731389999389648438e+00
4.686000000000000000e+03 -2.686260461807250977e+00
4.687000000000000000e+03 -2.697994470596313477e+00
4.688000000000000000e+03 -2.645119190216064453e+00
4.689000000000000000e+03 -2.652392625808715820e+00
4.690000000000000000e+03 -2.670726060867309570e+00
4.691000000000000000e+03 -2.698683261871337891e+00
4.692000000000000000e+03 -2.685207605361938477e+00
4.693000000000000000e+03 -2.666686058044433594e+00
4.694000000000000000e+03 -2.655168533325195312e+00
4.695000000000000000e+03 -2.664508581161499023e+00
4.696000000000000000e+03 -2.654694080352783203e+00
4.697000000000000000e+03 -2.664251327514648438e+00
4.698000000000000000e+03 -2.717317581176757812e+00
4.699000000000000000e+03 -2.685531616210937500e+00
4.700000000000000000e+03 -2.661518812179565430e+00
4.701000000000000000e+03 -2.647399187088012695e+00
4.702000000000000000e+03 -2.654026269912719727e+00
4.703000000000000000e+03 -2.669803619384765625e+00
4.704000000000000000e+03 -2.660956621170043945e+00
4.705000000000000000e+03 -2.707315921783447266e+00
4.706000000000000000e+03 -2.688978195190429688e+00
4.707000000000000000e+03 -2.710215568542480469e+00
4.708000000000000000e+03 -2.702359676361083984e+00
4.709000000000000000e+03 -2.720356702804565430e+00
4.710000000000000000e+03 -2.717257022857666016e+00
4.711000000000000000e+03 -2.700922966003417969e+00
4.712000000000000000e+03 -2.691453695297241211e+00
4.713000000000000000e+03 -2.700196743011474609e+00
4.714000000000000000e+03 -2.698326110839843750e+00
4.715000000000000000e+03 -2.734475612640380859e+00
4.716000000000000000e+03 -2.686149358749389648e+00
4.717000000000000000e+03 -2.706352710723876953e+00
4.718000000000000000e+03 -2.712622642517089844e+00
4.719000000000000000e+03 -2.699582576751708984e+00
4.720000000000000000e+03 -2.726719856262207031e+00
4.721000000000000000e+03 -2.714441537857055664e+00
4.722000000000000000e+03 -2.683049440383911133e+00
4.723000000000000000e+03 -2.684141874313354492e+00
4.724000000000000000e+03 -2.705349922180175781e+00
4.725000000000000000e+03 -2.689072847366333008e+00
4.726000000000000000e+03 -2.651832103729248047e+00
4.727000000000000000e+03 -2.688690900802612305e+00
4.728000000000000000e+03 -2.693017721176147461e+00
4.729000000000000000e+03 -2.712256431579589844e+00
4.730000000000000000e+03 -2.720020771026611328e+00
4.731000000000000000e+03 -2.687886476516723633e+00
4.732000000000000000e+03 -2.700334787368774414e+00
4.733000000000000000e+03 -2.676863193511962891e+00
4.734000000000000000e+03 -2.683546066284179688e+00
4.735000000000000000e+03 -2.719507217407226562e+00
4.736000000000000000e+03 -2.673263549804687500e+00
4.737000000000000000e+03 -2.681917905807495117e+00
4.738000000000000000e+03 -2.644359827041625977e+00
4.739000000000000000e+03 -2.684404611587524414e+00
4.740000000000000000e+03 -2.670106649398803711e+00
4.741000000000000000e+03 -2.643502712249755859e+00
4.742000000000000000e+03 -2.656535387039184570e+00
4.743000000000000000e+03 -2.685359954833984375e+00
4.744000000000000000e+03 -2.684687137603759766e+00
4.745000000000000000e+03 -2.683123588562011719e+00
4.746000000000000000e+03 -2.708177566528320312e+00
4.747000000000000000e+03 -2.705593109130859375e+00
4.748000000000000000e+03 -2.655173540115356445e+00
4.749000000000000000e+03 -2.690973043441772461e+00
4.750000000000000000e+03 -2.662890911102294922e+00
4.751000000000000000e+03 -2.662451744079589844e+00
4.752000000000000000e+03 -2.701086521148681641e+00
4.753000000000000000e+03 -2.710678815841674805e+00
4.754000000000000000e+03 -2.691822052001953125e+00
4.755000000000000000e+03 -2.657210588455200195e+00
4.756000000000000000e+03 -2.667052984237670898e+00
4.757000000000000000e+03 -2.659873247146606445e+00
4.758000000000000000e+03 -2.665856599807739258e+00
4.759000000000000000e+03 -2.643849611282348633e+00
4.760000000000000000e+03 -2.672679901123046875e+00
4.761000000000000000e+03 -2.668036699295043945e+00
4.762000000000000000e+03 -2.648371934890747070e+00
4.763000000000000000e+03 -2.656522274017333984e+00
4.764000000000000000e+03 -2.703104257583618164e+00
4.765000000000000000e+03 -2.675177097320556641e+00
4.766000000000000000e+03 -2.705111503601074219e+00
4.767000000000000000e+03 -2.662334203720092773e+00
4.768000000000000000e+03 -2.653350114822387695e+00
4.769000000000000000e+03 -2.676136732101440430e+00
4.770000000000000000e+03 -2.673254728317260742e+00
4.771000000000000000e+03 -2.690373897552490234e+00
4.772000000000000000e+03 -2.666690826416015625e+00
4.773000000000000000e+03 -2.676177024841308594e+00
4.774000000000000000e+03 -2.660841464996337891e+00
4.775000000000000000e+03 -2.662548303604125977e+00
4.776000000000000000e+03 -2.643045425415039062e+00
4.777000000000000000e+03 -2.629313230514526367e+00
4.778000000000000000e+03 -2.648939609527587891e+00
4.779000000000000000e+03 -2.670566558837890625e+00
4.780000000000000000e+03 -2.667261123657226562e+00
4.781000000000000000e+03 -2.685363769531250000e+00
4.782000000000000000e+03 -2.651389122009277344e+00
4.783000000000000000e+03 -2.626332998275756836e+00
4.784000000000000000e+03 -2.661122322082519531e+00
4.785000000000000000e+03 -2.686769723892211914e+00
4.786000000000000000e+03 -2.663054943084716797e+00
4.787000000000000000e+03 -2.640751838684082031e+00
4.788000000000000000e+03 -2.691721677780151367e+00
4.789000000000000000e+03 -2.690648078918457031e+00
4.790000000000000000e+03 -2.688715934753417969e+00
4.791000000000000000e+03 -2.644077777862548828e+00
4.792000000000000000e+03 -2.681004524230957031e+00
4.793000000000000000e+03 -2.675882101058959961e+00
4.794000000000000000e+03 -2.673511028289794922e+00
4.795000000000000000e+03 -2.684666395187377930e+00
4.796000000000000000e+03 -2.669568300247192383e+00
4.797000000000000000e+03 -2.666637659072875977e+00
4.798000000000000000e+03 -2.640895843505859375e+00
4.799000000000000000e+03 -2.658234357833862305e+00
4.800000000000000000e+03 -2.657165050506591797e+00
4.801000000000000000e+03 -2.660429239273071289e+00
4.802000000000000000e+03 -2.681506872177124023e+00
4.803000000000000000e+03 -2.695372104644775391e+00
4.804000000000000000e+03 -2.711693763732910156e+00
4.805000000000000000e+03 -2.707630634307861328e+00
4.806000000000000000e+03 -2.658302307128906250e+00
4.807000000000000000e+03 -2.647405147552490234e+00
4.808000000000000000e+03 -2.659491300582885742e+00
4.809000000000000000e+03 -2.652974605560302734e+00
4.810000000000000000e+03 -2.661285877227783203e+00
4.811000000000000000e+03 -2.691046476364135742e+00
4.812000000000000000e+03 -2.691747903823852539e+00
4.813000000000000000e+03 -2.688952207565307617e+00
4.814000000000000000e+03 -2.657434225082397461e+00
4.815000000000000000e+03 -2.696241617202758789e+00
4.816000000000000000e+03 -2.729531288146972656e+00
4.817000000000000000e+03 -2.665609598159790039e+00
4.818000000000000000e+03 -2.674198389053344727e+00
4.819000000000000000e+03 -2.702024459838867188e+00
4.820000000000000000e+03 -2.724950313568115234e+00
4.821000000000000000e+03 -2.718375444412231445e+00
4.822000000000000000e+03 -2.674268484115600586e+00
4.823000000000000000e+03 -2.665067195892333984e+00
4.824000000000000000e+03 -2.709464788436889648e+00
4.825000000000000000e+03 -2.711280822753906250e+00
4.826000000000000000e+03 -2.728069543838500977e+00
4.827000000000000000e+03 -2.686462402343750000e+00
4.828000000000000000e+03 -2.682676315307617188e+00
4.829000000000000000e+03 -2.705904722213745117e+00
4.830000000000000000e+03 -2.713539361953735352e+00
4.831000000000000000e+03 -2.716648340225219727e+00
4.832000000000000000e+03 -2.708220958709716797e+00
4.833000000000000000e+03 -2.698173522949218750e+00
4.834000000000000000e+03 -2.660964250564575195e+00
4.835000000000000000e+03 -2.695234060287475586e+00
4.836000000000000000e+03 -2.695959568023681641e+00
4.837000000000000000e+03 -2.736711978912353516e+00
4.838000000000000000e+03 -2.766421318054199219e+00
4.839000000000000000e+03 -2.718179702758789062e+00
4.840000000000000000e+03 -2.688593387603759766e+00
4.841000000000000000e+03 -2.723691940307617188e+00
4.842000000000000000e+03 -2.709790706634521484e+00
4.843000000000000000e+03 -2.702793359756469727e+00
4.844000000000000000e+03 -2.729590415954589844e+00
4.845000000000000000e+03 -2.728257417678833008e+00
4.846000000000000000e+03 -2.710395097732543945e+00
4.847000000000000000e+03 -2.700766801834106445e+00
4.848000000000000000e+03 -2.706414699554443359e+00
4.849000000000000000e+03 -2.690087795257568359e+00
4.850000000000000000e+03 -2.722563743591308594e+00
4.851000000000000000e+03 -2.719480514526367188e+00
4.852000000000000000e+03 -2.728412389755249023e+00
4.853000000000000000e+03 -2.718735218048095703e+00
4.854000000000000000e+03 -2.729360342025756836e+00
4.855000000000000000e+03 -2.706580638885498047e+00
4.856000000000000000e+03 -2.713838577270507812e+00
4.857000000000000000e+03 -2.713576555252075195e+00
4.858000000000000000e+03 -2.703102111816406250e+00
4.859000000000000000e+03 -2.728942632675170898e+00
4.860000000000000000e+03 -2.692929506301879883e+00
4.861000000000000000e+03 -2.700137138366699219e+00
4.862000000000000000e+03 -2.714673995971679688e+00
4.863000000000000000e+03 -2.701604843139648438e+00
4.864000000000000000e+03 -2.698733329772949219e+00
4.865000000000000000e+03 -2.732859134674072266e+00
4.866000000000000000e+03 -2.676644325256347656e+00
4.867000000000000000e+03 -2.709128618240356445e+00
4.868000000000000000e+03 -2.679046154022216797e+00
4.869000000000000000e+03 -2.695207834243774414e+00
4.870000000000000000e+03 -2.686436891555786133e+00
4.871000000000000000e+03 -2.721774578094482422e+00
4.872000000000000000e+03 -2.726398468017578125e+00
4.873000000000000000e+03 -2.718115806579589844e+00
4.874000000000000000e+03 -2.722571611404418945e+00
4.875000000000000000e+03 -2.700685262680053711e+00
4.876000000000000000e+03 -2.688678026199340820e+00
4.877000000000000000e+03 -2.695536375045776367e+00
4.878000000000000000e+03 -2.712171554565429688e+00
4.879000000000000000e+03 -2.730265855789184570e+00
4.880000000000000000e+03 -2.722110986709594727e+00
4.881000000000000000e+03 -2.697499036788940430e+00
4.882000000000000000e+03 -2.687173366546630859e+00
4.883000000000000000e+03 -2.723007202148437500e+00
4.884000000000000000e+03 -2.698989868164062500e+00
4.885000000000000000e+03 -2.714651584625244141e+00
4.886000000000000000e+03 -2.744671583175659180e+00
4.887000000000000000e+03 -2.717403650283813477e+00
4.888000000000000000e+03 -2.749049901962280273e+00
4.889000000000000000e+03 -2.712470293045043945e+00
4.890000000000000000e+03 -2.706474065780639648e+00
4.891000000000000000e+03 -2.731405735015869141e+00
4.892000000000000000e+03 -2.696596622467041016e+00
4.893000000000000000e+03 -2.710381984710693359e+00
4.894000000000000000e+03 -2.739220857620239258e+00
4.895000000000000000e+03 -2.726323604583740234e+00
4.896000000000000000e+03 -2.732949256896972656e+00
4.897000000000000000e+03 -2.713554382324218750e+00
4.898000000000000000e+03 -2.737524271011352539e+00
4.899000000000000000e+03 -2.750962734222412109e+00
4.900000000000000000e+03 -2.768687963485717773e+00
4.901000000000000000e+03 -2.760690212249755859e+00
4.902000000000000000e+03 -2.733329534530639648e+00
4.903000000000000000e+03 -2.752612113952636719e+00
4.904000000000000000e+03 -2.736179828643798828e+00
4.905000000000000000e+03 -2.729021549224853516e+00
4.906000000000000000e+03 -2.735582351684570312e+00
4.907000000000000000e+03 -2.716899394989013672e+00
4.908000000000000000e+03 -2.711032152175903320e+00
4.909000000000000000e+03 -2.700595855712890625e+00
4.910000000000000000e+03 -2.718515396118164062e+00
4.911000000000000000e+03 -2.708373308181762695e+00
4.912000000000000000e+03 -2.699916601181030273e+00
4.913000000000000000e+03 -2.679868936538696289e+00
4.914000000000000000e+03 -2.681954860687255859e+00
4.915000000000000000e+03 -2.665447711944580078e+00
4.916000000000000000e+03 -2.685059309005737305e+00
4.917000000000000000e+03 -2.673934459686279297e+00
4.918000000000000000e+03 -2.689500570297241211e+00
4.919000000000000000e+03 -2.685792922973632812e+00
4.920000000000000000e+03 -2.726663112640380859e+00
4.921000000000000000e+03 -2.691684961318969727e+00
4.922000000000000000e+03 -2.678931713104248047e+00
4.923000000000000000e+03 -2.726661682128906250e+00
4.924000000000000000e+03 -2.693067789077758789e+00
4.925000000000000000e+03 -2.700966358184814453e+00
4.926000000000000000e+03 -2.719363927841186523e+00
4.927000000000000000e+03 -2.711776494979858398e+00
4.928000000000000000e+03 -2.662331342697143555e+00
4.929000000000000000e+03 -2.687093496322631836e+00
4.930000000000000000e+03 -2.689946413040161133e+00
4.931000000000000000e+03 -2.708201885223388672e+00
4.932000000000000000e+03 -2.728425264358520508e+00
4.933000000000000000e+03 -2.689975976943969727e+00
4.934000000000000000e+03 -2.690179347991943359e+00
4.935000000000000000e+03 -2.670517683029174805e+00
4.936000000000000000e+03 -2.695890188217163086e+00
4.937000000000000000e+03 -2.689636468887329102e+00
4.938000000000000000e+03 -2.705967664718627930e+00
4.939000000000000000e+03 -2.691492080688476562e+00
4.940000000000000000e+03 -2.711798429489135742e+00
4.941000000000000000e+03 -2.688033580780029297e+00
4.942000000000000000e+03 -2.683465957641601562e+00
4.943000000000000000e+03 -2.653409004211425781e+00
4.944000000000000000e+03 -2.726287603378295898e+00
4.945000000000000000e+03 -2.714102268218994141e+00
4.946000000000000000e+03 -2.710357189178466797e+00
4.947000000000000000e+03 -2.702043294906616211e+00
4.948000000000000000e+03 -2.675485134124755859e+00
4.949000000000000000e+03 -2.658128261566162109e+00
4.950000000000000000e+03 -2.712701559066772461e+00
4.951000000000000000e+03 -2.718351840972900391e+00
4.952000000000000000e+03 -2.707313537597656250e+00
4.953000000000000000e+03 -2.679203987121582031e+00
4.954000000000000000e+03 -2.657452583312988281e+00
4.955000000000000000e+03 -2.675878286361694336e+00
4.956000000000000000e+03 -2.674015522003173828e+00
4.957000000000000000e+03 -2.693515062332153320e+00
4.958000000000000000e+03 -2.727726221084594727e+00
4.959000000000000000e+03 -2.693462610244750977e+00
4.960000000000000000e+03 -2.665812969207763672e+00
4.961000000000000000e+03 -2.666384696960449219e+00
4.962000000000000000e+03 -2.681926965713500977e+00
4.963000000000000000e+03 -2.698292255401611328e+00
4.964000000000000000e+03 -2.679884195327758789e+00
4.965000000000000000e+03 -2.669086694717407227e+00
4.966000000000000000e+03 -2.667089223861694336e+00
4.967000000000000000e+03 -2.627525806427001953e+00
4.968000000000000000e+03 -2.655446767807006836e+00
4.969000000000000000e+03 -2.623537302017211914e+00
4.970000000000000000e+03 -2.650003433227539062e+00
4.971000000000000000e+03 -2.673606634140014648e+00
4.972000000000000000e+03 -2.668985605239868164e+00
4.973000000000000000e+03 -2.650387763977050781e+00
4.974000000000000000e+03 -2.633616924285888672e+00
4.975000000000000000e+03 -2.649090766906738281e+00
4.976000000000000000e+03 -2.677886486053466797e+00
4.977000000000000000e+03 -2.654341697692871094e+00
4.978000000000000000e+03 -2.656644582748413086e+00
4.979000000000000000e+03 -2.652681112289428711e+00
4.980000000000000000e+03 -2.682830810546875000e+00
4.981000000000000000e+03 -2.665970802307128906e+00
4.982000000000000000e+03 -2.660336017608642578e+00
4.983000000000000000e+03 -2.663712739944458008e+00
4.984000000000000000e+03 -2.667151689529418945e+00
4.985000000000000000e+03 -2.662034273147583008e+00
4.986000000000000000e+03 -2.677714347839355469e+00
4.987000000000000000e+03 -2.679036378860473633e+00
4.988000000000000000e+03 -2.692533969879150391e+00
4.989000000000000000e+03 -2.681390523910522461e+00
4.990000000000000000e+03 -2.720284700393676758e+00
4.991000000000000000e+03 -2.663130760192871094e+00
4.992000000000000000e+03 -2.684496641159057617e+00
4.993000000000000000e+03 -2.689742088317871094e+00
4.994000000000000000e+03 -2.751046180725097656e+00
4.995000000000000000e+03 -2.729474067687988281e+00
4.996000000000000000e+03 -2.739010095596313477e+00
4.997000000000000000e+03 -2.733571290969848633e+00
4.998000000000000000e+03 -2.736005544662475586e+00
4.999000000000000000e+03 -2.708077907562255859e+00
5.000000000000000000e+03 -2.721127271652221680e+00
5.001000000000000000e+03 -2.722770452499389648e+00
5.002000000000000000e+03 -2.682128429412841797e+00
5.003000000000000000e+03 -2.676086902618408203e+00
5.004000000000000000e+03 -2.682212591171264648e+00
5.005000000000000000e+03 -2.714826107025146484e+00
5.006000000000000000e+03 -2.722308874130249023e+00
5.007000000000000000e+03 -2.736378908157348633e+00
5.008000000000000000e+03 -2.728555679321289062e+00
5.009000000000000000e+03 -2.695619821548461914e+00
5.010000000000000000e+03 -2.721561908721923828e+00
5.011000000000000000e+03 -2.736122369766235352e+00
5.012000000000000000e+03 -2.712265253067016602e+00
5.013000000000000000e+03 -2.717462539672851562e+00
5.014000000000000000e+03 -2.685941696166992188e+00
5.015000000000000000e+03 -2.698693990707397461e+00
5.016000000000000000e+03 -2.702078342437744141e+00
5.017000000000000000e+03 -2.702235460281372070e+00
5.018000000000000000e+03 -2.712931632995605469e+00
5.019000000000000000e+03 -2.702239513397216797e+00
5.020000000000000000e+03 -2.691741704940795898e+00
5.021000000000000000e+03 -2.665110111236572266e+00
5.022000000000000000e+03 -2.689850807189941406e+00
5.023000000000000000e+03 -2.680899620056152344e+00
5.024000000000000000e+03 -2.679966211318969727e+00
5.025000000000000000e+03 -2.699021100997924805e+00
5.026000000000000000e+03 -2.657066345214843750e+00
5.027000000000000000e+03 -2.675976514816284180e+00
5.028000000000000000e+03 -2.703283309936523438e+00
5.029000000000000000e+03 -2.690446376800537109e+00
5.030000000000000000e+03 -2.682050228118896484e+00
5.031000000000000000e+03 -2.701066970825195312e+00
5.032000000000000000e+03 -2.706264019012451172e+00
5.033000000000000000e+03 -2.682705402374267578e+00
5.034000000000000000e+03 -2.687505483627319336e+00
5.035000000000000000e+03 -2.679715871810913086e+00
5.036000000000000000e+03 -2.705086231231689453e+00
5.037000000000000000e+03 -2.698378086090087891e+00
5.038000000000000000e+03 -2.688026428222656250e+00
5.039000000000000000e+03 -2.710434436798095703e+00
5.040000000000000000e+03 -2.695446014404296875e+00
5.041000000000000000e+03 -2.668565988540649414e+00
5.042000000000000000e+03 -2.678643226623535156e+00
5.043000000000000000e+03 -2.682043313980102539e+00
5.044000000000000000e+03 -2.659734725952148438e+00
5.045000000000000000e+03 -2.667398452758789062e+00
5.046000000000000000e+03 -2.667012214660644531e+00
5.047000000000000000e+03 -2.661157846450805664e+00
5.048000000000000000e+03 -2.677829742431640625e+00
5.049000000000000000e+03 -2.649356603622436523e+00
5.050000000000000000e+03 -2.683522462844848633e+00
5.051000000000000000e+03 -2.720702409744262695e+00
5.052000000000000000e+03 -2.692220926284790039e+00
5.053000000000000000e+03 -2.676363945007324219e+00
5.054000000000000000e+03 -2.676745653152465820e+00
5.055000000000000000e+03 -2.664578676223754883e+00
5.056000000000000000e+03 -2.685436964035034180e+00
5.057000000000000000e+03 -2.698139429092407227e+00
5.058000000000000000e+03 -2.708510398864746094e+00
5.059000000000000000e+03 -2.660820484161376953e+00
5.060000000000000000e+03 -2.666682243347167969e+00
5.061000000000000000e+03 -2.701376914978027344e+00
5.062000000000000000e+03 -2.650119781494140625e+00
5.063000000000000000e+03 -2.673264265060424805e+00
5.064000000000000000e+03 -2.700806856155395508e+00
5.065000000000000000e+03 -2.708013772964477539e+00
5.066000000000000000e+03 -2.689502239227294922e+00
5.067000000000000000e+03 -2.650568246841430664e+00
5.068000000000000000e+03 -2.666304588317871094e+00
5.069000000000000000e+03 -2.678366184234619141e+00
5.070000000000000000e+03 -2.661514282226562500e+00
5.071000000000000000e+03 -2.713893890380859375e+00
5.072000000000000000e+03 -2.691575527191162109e+00
5.073000000000000000e+03 -2.683143138885498047e+00
5.074000000000000000e+03 -2.647304534912109375e+00
5.075000000000000000e+03 -2.653124570846557617e+00
5.076000000000000000e+03 -2.679821491241455078e+00
5.077000000000000000e+03 -2.683510780334472656e+00
5.078000000000000000e+03 -2.701674938201904297e+00
5.079000000000000000e+03 -2.694281101226806641e+00
5.080000000000000000e+03 -2.684932231903076172e+00
5.081000000000000000e+03 -2.715716838836669922e+00
5.082000000000000000e+03 -2.705566167831420898e+00
5.083000000000000000e+03 -2.686876773834228516e+00
5.084000000000000000e+03 -2.668551921844482422e+00
5.085000000000000000e+03 -2.693389415740966797e+00
5.086000000000000000e+03 -2.661592483520507812e+00
5.087000000000000000e+03 -2.679552555084228516e+00
5.088000000000000000e+03 -2.660195827484130859e+00
5.089000000000000000e+03 -2.704533100128173828e+00
5.090000000000000000e+03 -2.692884445190429688e+00
5.091000000000000000e+03 -2.713354587554931641e+00
5.092000000000000000e+03 -2.689870834350585938e+00
5.093000000000000000e+03 -2.721692562103271484e+00
5.094000000000000000e+03 -2.698203802108764648e+00
5.095000000000000000e+03 -2.706954240798950195e+00
5.096000000000000000e+03 -2.673480510711669922e+00
5.097000000000000000e+03 -2.662216663360595703e+00
5.098000000000000000e+03 -2.647824525833129883e+00
5.099000000000000000e+03 -2.661256790161132812e+00
5.100000000000000000e+03 -2.689556598663330078e+00
5.101000000000000000e+03 -2.698629856109619141e+00
5.102000000000000000e+03 -2.650019884109497070e+00
5.103000000000000000e+03 -2.684897661209106445e+00
5.104000000000000000e+03 -2.688158273696899414e+00
5.105000000000000000e+03 -2.677694559097290039e+00
5.106000000000000000e+03 -2.673305034637451172e+00
5.107000000000000000e+03 -2.683397054672241211e+00
5.108000000000000000e+03 -2.703044652938842773e+00
5.109000000000000000e+03 -2.683349132537841797e+00
5.110000000000000000e+03 -2.653066396713256836e+00
5.111000000000000000e+03 -2.642683267593383789e+00
5.112000000000000000e+03 -2.686062097549438477e+00
5.113000000000000000e+03 -2.694617509841918945e+00
5.114000000000000000e+03 -2.659883022308349609e+00
5.115000000000000000e+03 -2.657987594604492188e+00
5.116000000000000000e+03 -2.646771669387817383e+00
5.117000000000000000e+03 -2.697235107421875000e+00
5.118000000000000000e+03 -2.661222934722900391e+00
5.119000000000000000e+03 -2.659026622772216797e+00
5.120000000000000000e+03 -2.650239467620849609e+00
5.121000000000000000e+03 -2.679534673690795898e+00
5.122000000000000000e+03 -2.687779903411865234e+00
5.123000000000000000e+03 -2.706271171569824219e+00
5.124000000000000000e+03 -2.694188594818115234e+00
5.125000000000000000e+03 -2.668295145034790039e+00
5.126000000000000000e+03 -2.656140565872192383e+00
5.127000000000000000e+03 -2.710708856582641602e+00
5.128000000000000000e+03 -2.669957637786865234e+00
5.129000000000000000e+03 -2.672106266021728516e+00
5.130000000000000000e+03 -2.639635324478149414e+00
5.131000000000000000e+03 -2.699161529541015625e+00
5.132000000000000000e+03 -2.680835723876953125e+00
5.133000000000000000e+03 -2.682924985885620117e+00
5.134000000000000000e+03 -2.678317070007324219e+00
5.135000000000000000e+03 -2.675342798233032227e+00
5.136000000000000000e+03 -2.696371555328369141e+00
5.137000000000000000e+03 -2.667978048324584961e+00
5.138000000000000000e+03 -2.686418533325195312e+00
5.139000000000000000e+03 -2.695687294006347656e+00
5.140000000000000000e+03 -2.679577350616455078e+00
5.141000000000000000e+03 -2.672950744628906250e+00
5.142000000000000000e+03 -2.691326141357421875e+00
5.143000000000000000e+03 -2.716415405273437500e+00
5.144000000000000000e+03 -2.683920860290527344e+00
5.145000000000000000e+03 -2.665477991104125977e+00
5.146000000000000000e+03 -2.673149585723876953e+00
5.147000000000000000e+03 -2.666023254394531250e+00
5.148000000000000000e+03 -2.690726280212402344e+00
5.149000000000000000e+03 -2.652437686920166016e+00
5.150000000000000000e+03 -2.688172817230224609e+00
5.151000000000000000e+03 -2.708613395690917969e+00
5.152000000000000000e+03 -2.674203634262084961e+00
5.153000000000000000e+03 -2.680257558822631836e+00
5.154000000000000000e+03 -2.695045709609985352e+00
5.155000000000000000e+03 -2.711375713348388672e+00
5.156000000000000000e+03 -2.690507888793945312e+00
5.157000000000000000e+03 -2.697830677032470703e+00
5.158000000000000000e+03 -2.706307649612426758e+00
5.159000000000000000e+03 -2.705158233642578125e+00
5.160000000000000000e+03 -2.673562526702880859e+00
5.161000000000000000e+03 -2.656804800033569336e+00
5.162000000000000000e+03 -2.687433481216430664e+00
5.163000000000000000e+03 -2.651256799697875977e+00
5.164000000000000000e+03 -2.681271314620971680e+00
5.165000000000000000e+03 -2.705298900604248047e+00
5.166000000000000000e+03 -2.705666303634643555e+00
5.167000000000000000e+03 -2.705806970596313477e+00
5.168000000000000000e+03 -2.680978775024414062e+00
5.169000000000000000e+03 -2.660304307937622070e+00
5.170000000000000000e+03 -2.665224790573120117e+00
5.171000000000000000e+03 -2.696206808090209961e+00
5.172000000000000000e+03 -2.717727661132812500e+00
5.173000000000000000e+03 -2.722610473632812500e+00
5.174000000000000000e+03 -2.712127923965454102e+00
5.175000000000000000e+03 -2.723929643630981445e+00
5.176000000000000000e+03 -2.699117660522460938e+00
5.177000000000000000e+03 -2.706393241882324219e+00
5.178000000000000000e+03 -2.721823692321777344e+00
5.179000000000000000e+03 -2.724250316619873047e+00
5.180000000000000000e+03 -2.721033573150634766e+00
5.181000000000000000e+03 -2.711287975311279297e+00
5.182000000000000000e+03 -2.671380996704101562e+00
5.183000000000000000e+03 -2.668402433395385742e+00
5.184000000000000000e+03 -2.709975957870483398e+00
5.185000000000000000e+03 -2.691096782684326172e+00
5.186000000000000000e+03 -2.684689998626708984e+00
5.187000000000000000e+03 -2.683688402175903320e+00
5.188000000000000000e+03 -2.695075273513793945e+00
5.189000000000000000e+03 -2.676408290863037109e+00
5.190000000000000000e+03 -2.673412561416625977e+00
5.191000000000000000e+03 -2.658667087554931641e+00
5.192000000000000000e+03 -2.667564392089843750e+00
5.193000000000000000e+03 -2.694633960723876953e+00
5.194000000000000000e+03 -2.705495119094848633e+00
5.195000000000000000e+03 -2.695645332336425781e+00
5.196000000000000000e+03 -2.656363487243652344e+00
5.197000000000000000e+03 -2.696512222290039062e+00
5.198000000000000000e+03 -2.705351114273071289e+00
5.199000000000000000e+03 -2.696055412292480469e+00
5.200000000000000000e+03 -2.688871860504150391e+00
5.201000000000000000e+03 -2.697186231613159180e+00
5.202000000000000000e+03 -2.730385780334472656e+00
5.203000000000000000e+03 -2.730149269104003906e+00
5.204000000000000000e+03 -2.692042112350463867e+00
5.205000000000000000e+03 -2.695419073104858398e+00
5.206000000000000000e+03 -2.706111192703247070e+00
5.207000000000000000e+03 -2.702870845794677734e+00
5.208000000000000000e+03 -2.703208208084106445e+00
5.209000000000000000e+03 -2.694315195083618164e+00
5.210000000000000000e+03 -2.720447540283203125e+00
5.211000000000000000e+03 -2.732245206832885742e+00
5.212000000000000000e+03 -2.719388961791992188e+00
5.213000000000000000e+03 -2.690391540527343750e+00
5.214000000000000000e+03 -2.666905403137207031e+00
5.215000000000000000e+03 -2.699698686599731445e+00
5.216000000000000000e+03 -2.700606346130371094e+00
5.217000000000000000e+03 -2.720802545547485352e+00
5.218000000000000000e+03 -2.734643459320068359e+00
5.219000000000000000e+03 -2.698327541351318359e+00
5.220000000000000000e+03 -2.746789932250976562e+00
5.221000000000000000e+03 -2.719562768936157227e+00
5.222000000000000000e+03 -2.719004154205322266e+00
5.223000000000000000e+03 -2.737558364868164062e+00
5.224000000000000000e+03 -2.743999004364013672e+00
5.225000000000000000e+03 -2.758091211318969727e+00
5.226000000000000000e+03 -2.737768411636352539e+00
5.227000000000000000e+03 -2.754139661788940430e+00
5.228000000000000000e+03 -2.736981153488159180e+00
5.229000000000000000e+03 -2.710982799530029297e+00
5.230000000000000000e+03 -2.729301452636718750e+00
5.231000000000000000e+03 -2.696983337402343750e+00
5.232000000000000000e+03 -2.726144075393676758e+00
5.233000000000000000e+03 -2.704635620117187500e+00
5.234000000000000000e+03 -2.640259981155395508e+00
5.235000000000000000e+03 -2.660210132598876953e+00
5.236000000000000000e+03 -2.677170753479003906e+00
5.237000000000000000e+03 -2.710983991622924805e+00
5.238000000000000000e+03 -2.730913639068603516e+00
5.239000000000000000e+03 -2.681867122650146484e+00
5.240000000000000000e+03 -2.711744308471679688e+00
5.241000000000000000e+03 -2.683991670608520508e+00
5.242000000000000000e+03 -2.682424306869506836e+00
5.243000000000000000e+03 -2.651877403259277344e+00
5.244000000000000000e+03 -2.670481681823730469e+00
5.245000000000000000e+03 -2.688667535781860352e+00
5.246000000000000000e+03 -2.673060178756713867e+00
5.247000000000000000e+03 -2.706801891326904297e+00
5.248000000000000000e+03 -2.695739030838012695e+00
5.249000000000000000e+03 -2.697984933853149414e+00
5.250000000000000000e+03 -2.694255113601684570e+00
5.251000000000000000e+03 -2.686807632446289062e+00
5.252000000000000000e+03 -2.714679002761840820e+00
5.253000000000000000e+03 -2.716922760009765625e+00
5.254000000000000000e+03 -2.710732460021972656e+00
5.255000000000000000e+03 -2.711625337600708008e+00
5.256000000000000000e+03 -2.709891080856323242e+00
5.257000000000000000e+03 -2.722227573394775391e+00
5.258000000000000000e+03 -2.700186729431152344e+00
5.259000000000000000e+03 -2.676138877868652344e+00
5.260000000000000000e+03 -2.646133661270141602e+00
5.261000000000000000e+03 -2.683949947357177734e+00
5.262000000000000000e+03 -2.676314115524291992e+00
5.263000000000000000e+03 -2.659070253372192383e+00
5.264000000000000000e+03 -2.646723508834838867e+00
5.265000000000000000e+03 -2.659474849700927734e+00
5.266000000000000000e+03 -2.688297271728515625e+00
5.267000000000000000e+03 -2.644997596740722656e+00
5.268000000000000000e+03 -2.635811805725097656e+00
5.269000000000000000e+03 -2.664194583892822266e+00
5.270000000000000000e+03 -2.676371097564697266e+00
5.271000000000000000e+03 -2.640719413757324219e+00
5.272000000000000000e+03 -2.668952941894531250e+00
5.273000000000000000e+03 -2.642351150512695312e+00
5.274000000000000000e+03 -2.658102035522460938e+00
5.275000000000000000e+03 -2.653517246246337891e+00
5.276000000000000000e+03 -2.692958831787109375e+00
5.277000000000000000e+03 -2.697792053222656250e+00
5.278000000000000000e+03 -2.665620565414428711e+00
5.279000000000000000e+03 -2.671483039855957031e+00
5.280000000000000000e+03 -2.652093887329101562e+00
5.281000000000000000e+03 -2.671048402786254883e+00
5.282000000000000000e+03 -2.683046579360961914e+00
5.283000000000000000e+03 -2.720873832702636719e+00
5.284000000000000000e+03 -2.697985887527465820e+00
5.285000000000000000e+03 -2.724193334579467773e+00
5.286000000000000000e+03 -2.685615301132202148e+00
5.287000000000000000e+03 -2.690274715423583984e+00
5.288000000000000000e+03 -2.663360357284545898e+00
5.289000000000000000e+03 -2.684086322784423828e+00
5.290000000000000000e+03 -2.682161092758178711e+00
5.291000000000000000e+03 -2.663807868957519531e+00
5.292000000000000000e+03 -2.674379587173461914e+00
5.293000000000000000e+03 -2.694053411483764648e+00
5.294000000000000000e+03 -2.697844982147216797e+00
5.295000000000000000e+03 -2.725498437881469727e+00
5.296000000000000000e+03 -2.697819232940673828e+00
5.297000000000000000e+03 -2.649913072586059570e+00
5.298000000000000000e+03 -2.679638385772705078e+00
5.299000000000000000e+03 -2.693133592605590820e+00
5.300000000000000000e+03 -2.686545610427856445e+00
5.301000000000000000e+03 -2.701272726058959961e+00
5.302000000000000000e+03 -2.700924396514892578e+00
5.303000000000000000e+03 -2.664895772933959961e+00
5.304000000000000000e+03 -2.684652805328369141e+00
5.305000000000000000e+03 -2.637128353118896484e+00
5.306000000000000000e+03 -2.680112361907958984e+00
5.307000000000000000e+03 -2.653231143951416016e+00
5.308000000000000000e+03 -2.684833526611328125e+00
5.309000000000000000e+03 -2.704246520996093750e+00
5.310000000000000000e+03 -2.678645133972167969e+00
5.311000000000000000e+03 -2.716986894607543945e+00
5.312000000000000000e+03 -2.679222345352172852e+00
5.313000000000000000e+03 -2.701093912124633789e+00
5.314000000000000000e+03 -2.699394464492797852e+00
5.315000000000000000e+03 -2.716028928756713867e+00
5.316000000000000000e+03 -2.666281223297119141e+00
5.317000000000000000e+03 -2.677099466323852539e+00
5.318000000000000000e+03 -2.673513650894165039e+00
5.319000000000000000e+03 -2.680108070373535156e+00
5.320000000000000000e+03 -2.696330070495605469e+00
5.321000000000000000e+03 -2.678960800170898438e+00
5.322000000000000000e+03 -2.603748798370361328e+00
5.323000000000000000e+03 -2.660263061523437500e+00
5.324000000000000000e+03 -2.645974636077880859e+00
5.325000000000000000e+03 -2.612860679626464844e+00
5.326000000000000000e+03 -2.619793653488159180e+00
5.327000000000000000e+03 -2.618437528610229492e+00
5.328000000000000000e+03 -2.614857196807861328e+00
5.329000000000000000e+03 -2.614765167236328125e+00
5.330000000000000000e+03 -2.626901388168334961e+00
5.331000000000000000e+03 -2.656741142272949219e+00
5.332000000000000000e+03 -2.622500896453857422e+00
5.333000000000000000e+03 -2.588367223739624023e+00
5.334000000000000000e+03 -2.623872518539428711e+00
5.335000000000000000e+03 -2.614281654357910156e+00
5.336000000000000000e+03 -2.603296518325805664e+00
5.337000000000000000e+03 -2.620784044265747070e+00
5.338000000000000000e+03 -2.617332458496093750e+00
5.339000000000000000e+03 -2.629739284515380859e+00
5.340000000000000000e+03 -2.635202646255493164e+00
5.341000000000000000e+03 -2.665334939956665039e+00
5.342000000000000000e+03 -2.669981718063354492e+00
5.343000000000000000e+03 -2.632639646530151367e+00
5.344000000000000000e+03 -2.660083055496215820e+00
5.345000000000000000e+03 -2.660711050033569336e+00
5.346000000000000000e+03 -2.656643867492675781e+00
5.347000000000000000e+03 -2.674182176589965820e+00
5.348000000000000000e+03 -2.627388954162597656e+00
5.349000000000000000e+03 -2.678881645202636719e+00
5.350000000000000000e+03 -2.660743713378906250e+00
5.351000000000000000e+03 -2.664705753326416016e+00
5.352000000000000000e+03 -2.639815807342529297e+00
5.353000000000000000e+03 -2.654293775558471680e+00
5.354000000000000000e+03 -2.683710336685180664e+00
5.355000000000000000e+03 -2.668840408325195312e+00
5.356000000000000000e+03 -2.664404153823852539e+00
5.357000000000000000e+03 -2.660125255584716797e+00
5.358000000000000000e+03 -2.608694553375244141e+00
5.359000000000000000e+03 -2.648174762725830078e+00
5.360000000000000000e+03 -2.677884817123413086e+00
5.361000000000000000e+03 -2.693219661712646484e+00
5.362000000000000000e+03 -2.682232856750488281e+00
5.363000000000000000e+03 -2.657772302627563477e+00
5.364000000000000000e+03 -2.651648283004760742e+00
5.365000000000000000e+03 -2.621042728424072266e+00
5.366000000000000000e+03 -2.659685850143432617e+00
5.367000000000000000e+03 -2.658794403076171875e+00
5.368000000000000000e+03 -2.655807256698608398e+00
5.369000000000000000e+03 -2.636595010757446289e+00
5.370000000000000000e+03 -2.657146930694580078e+00
5.371000000000000000e+03 -2.680651903152465820e+00
5.372000000000000000e+03 -2.651133537292480469e+00
5.373000000000000000e+03 -2.656669139862060547e+00
5.374000000000000000e+03 -2.673135042190551758e+00
5.375000000000000000e+03 -2.629271268844604492e+00
5.376000000000000000e+03 -2.678824424743652344e+00
5.377000000000000000e+03 -2.673360109329223633e+00
5.378000000000000000e+03 -2.662204027175903320e+00
5.379000000000000000e+03 -2.638127803802490234e+00
5.380000000000000000e+03 -2.647990703582763672e+00
5.381000000000000000e+03 -2.645543813705444336e+00
5.382000000000000000e+03 -2.648043155670166016e+00
5.383000000000000000e+03 -2.654105424880981445e+00
5.384000000000000000e+03 -2.637144088745117188e+00
5.385000000000000000e+03 -2.663187742233276367e+00
5.386000000000000000e+03 -2.673014163970947266e+00
5.387000000000000000e+03 -2.682933330535888672e+00
5.388000000000000000e+03 -2.643566131591796875e+00
5.389000000000000000e+03 -2.683674335479736328e+00
5.390000000000000000e+03 -2.684778451919555664e+00
5.391000000000000000e+03 -2.663248777389526367e+00
5.392000000000000000e+03 -2.653651237487792969e+00
5.393000000000000000e+03 -2.688478708267211914e+00
5.394000000000000000e+03 -2.710738897323608398e+00
5.395000000000000000e+03 -2.736732959747314453e+00
5.396000000000000000e+03 -2.735128641128540039e+00
5.397000000000000000e+03 -2.703939914703369141e+00
5.398000000000000000e+03 -2.716696977615356445e+00
5.399000000000000000e+03 -2.730724096298217773e+00
5.400000000000000000e+03 -2.703994512557983398e+00
5.401000000000000000e+03 -2.679231166839599609e+00
5.402000000000000000e+03 -2.689625024795532227e+00
5.403000000000000000e+03 -2.667910337448120117e+00
5.404000000000000000e+03 -2.651311397552490234e+00
5.405000000000000000e+03 -2.674390316009521484e+00
5.406000000000000000e+03 -2.691892147064208984e+00
5.407000000000000000e+03 -2.671699762344360352e+00
5.408000000000000000e+03 -2.693758487701416016e+00
5.409000000000000000e+03 -2.701197624206542969e+00
5.410000000000000000e+03 -2.702219009399414062e+00
5.411000000000000000e+03 -2.690500259399414062e+00
5.412000000000000000e+03 -2.711247444152832031e+00
5.413000000000000000e+03 -2.682044982910156250e+00
5.414000000000000000e+03 -2.705065011978149414e+00
5.415000000000000000e+03 -2.708244562149047852e+00
5.416000000000000000e+03 -2.708584785461425781e+00
5.417000000000000000e+03 -2.725436925888061523e+00
5.418000000000000000e+03 -2.691432714462280273e+00
5.419000000000000000e+03 -2.706986665725708008e+00
5.420000000000000000e+03 -2.696014642715454102e+00
5.421000000000000000e+03 -2.713648319244384766e+00
5.422000000000000000e+03 -2.711234807968139648e+00
5.423000000000000000e+03 -2.708762645721435547e+00
5.424000000000000000e+03 -2.704730033874511719e+00
5.425000000000000000e+03 -2.715535879135131836e+00
5.426000000000000000e+03 -2.696199655532836914e+00
5.427000000000000000e+03 -2.740653991699218750e+00
5.428000000000000000e+03 -2.712416648864746094e+00
5.429000000000000000e+03 -2.680922746658325195e+00
5.430000000000000000e+03 -2.665623426437377930e+00
5.431000000000000000e+03 -2.694641113281250000e+00
5.432000000000000000e+03 -2.677786588668823242e+00
5.433000000000000000e+03 -2.702267646789550781e+00
5.434000000000000000e+03 -2.665013551712036133e+00
5.435000000000000000e+03 -2.660836696624755859e+00
5.436000000000000000e+03 -2.650141716003417969e+00
5.437000000000000000e+03 -2.681127548217773438e+00
5.438000000000000000e+03 -2.711061477661132812e+00
5.439000000000000000e+03 -2.677962064743041992e+00
5.440000000000000000e+03 -2.688070297241210938e+00
5.441000000000000000e+03 -2.656472444534301758e+00
5.442000000000000000e+03 -2.685144901275634766e+00
5.443000000000000000e+03 -2.664181947708129883e+00
5.444000000000000000e+03 -2.699100255966186523e+00
5.445000000000000000e+03 -2.689620018005371094e+00
5.446000000000000000e+03 -2.647582054138183594e+00
5.447000000000000000e+03 -2.687136411666870117e+00
5.448000000000000000e+03 -2.741204261779785156e+00
5.449000000000000000e+03 -2.738883018493652344e+00
5.450000000000000000e+03 -2.690664768218994141e+00
5.451000000000000000e+03 -2.689844846725463867e+00
5.452000000000000000e+03 -2.704975366592407227e+00
5.453000000000000000e+03 -2.701951980590820312e+00
5.454000000000000000e+03 -2.700099229812622070e+00
5.455000000000000000e+03 -2.682179927825927734e+00
5.456000000000000000e+03 -2.685230493545532227e+00
5.457000000000000000e+03 -2.656325340270996094e+00
5.458000000000000000e+03 -2.680795192718505859e+00
5.459000000000000000e+03 -2.702913284301757812e+00
5.460000000000000000e+03 -2.664608716964721680e+00
5.461000000000000000e+03 -2.679562807083129883e+00
5.462000000000000000e+03 -2.686861753463745117e+00
5.463000000000000000e+03 -2.693077325820922852e+00
5.464000000000000000e+03 -2.679661035537719727e+00
5.465000000000000000e+03 -2.655354022979736328e+00
5.466000000000000000e+03 -2.672267675399780273e+00
5.467000000000000000e+03 -2.695526838302612305e+00
5.468000000000000000e+03 -2.638826370239257812e+00
5.469000000000000000e+03 -2.628562927246093750e+00
5.470000000000000000e+03 -2.672107458114624023e+00
5.471000000000000000e+03 -2.662894725799560547e+00
5.472000000000000000e+03 -2.641996860504150391e+00
5.473000000000000000e+03 -2.669040203094482422e+00
5.474000000000000000e+03 -2.648151636123657227e+00
5.475000000000000000e+03 -2.659819126129150391e+00
5.476000000000000000e+03 -2.648384094238281250e+00
5.477000000000000000e+03 -2.628408432006835938e+00
5.478000000000000000e+03 -2.623823165893554688e+00
5.479000000000000000e+03 -2.638964653015136719e+00
5.480000000000000000e+03 -2.636710643768310547e+00
5.481000000000000000e+03 -2.653954505920410156e+00
5.482000000000000000e+03 -2.667658567428588867e+00
5.483000000000000000e+03 -2.655882120132446289e+00
5.484000000000000000e+03 -2.665092706680297852e+00
5.485000000000000000e+03 -2.661917924880981445e+00
5.486000000000000000e+03 -2.671244144439697266e+00
5.487000000000000000e+03 -2.658263444900512695e+00
5.488000000000000000e+03 -2.648936271667480469e+00
5.489000000000000000e+03 -2.659062862396240234e+00
5.490000000000000000e+03 -2.641421794891357422e+00
5.491000000000000000e+03 -2.664182424545288086e+00
5.492000000000000000e+03 -2.641988754272460938e+00
5.493000000000000000e+03 -2.651713609695434570e+00
5.494000000000000000e+03 -2.662801742553710938e+00
5.495000000000000000e+03 -2.693442344665527344e+00
5.496000000000000000e+03 -2.658217668533325195e+00
5.497000000000000000e+03 -2.631680488586425781e+00
5.498000000000000000e+03 -2.642676830291748047e+00
5.499000000000000000e+03 -2.671840906143188477e+00
5.500000000000000000e+03 -2.624044656753540039e+00
5.501000000000000000e+03 -2.628371238708496094e+00
5.502000000000000000e+03 -2.664319992065429688e+00
5.503000000000000000e+03 -2.627683877944946289e+00
5.504000000000000000e+03 -2.655257940292358398e+00
5.505000000000000000e+03 -2.661497354507446289e+00
5.506000000000000000e+03 -2.643290996551513672e+00
5.507000000000000000e+03 -2.626849412918090820e+00
5.508000000000000000e+03 -2.629161834716796875e+00
5.509000000000000000e+03 -2.624191045761108398e+00
5.510000000000000000e+03 -2.636176586151123047e+00
5.511000000000000000e+03 -2.613617420196533203e+00
5.512000000000000000e+03 -2.634316444396972656e+00
5.513000000000000000e+03 -2.677830219268798828e+00
5.514000000000000000e+03 -2.665971279144287109e+00
5.515000000000000000e+03 -2.678224325180053711e+00
5.516000000000000000e+03 -2.666874170303344727e+00
5.517000000000000000e+03 -2.680709362030029297e+00
5.518000000000000000e+03 -2.705326318740844727e+00
5.519000000000000000e+03 -2.655606746673583984e+00
5.520000000000000000e+03 -2.673034667968750000e+00
5.521000000000000000e+03 -2.657835006713867188e+00
5.522000000000000000e+03 -2.642467498779296875e+00
5.523000000000000000e+03 -2.674788236618041992e+00
5.524000000000000000e+03 -2.690079689025878906e+00
5.525000000000000000e+03 -2.664420366287231445e+00
5.526000000000000000e+03 -2.666955232620239258e+00
5.527000000000000000e+03 -2.674101114273071289e+00
5.528000000000000000e+03 -2.620271682739257812e+00
5.529000000000000000e+03 -2.651704788208007812e+00
5.530000000000000000e+03 -2.681172132492065430e+00
5.531000000000000000e+03 -2.656580209732055664e+00
5.532000000000000000e+03 -2.646229505538940430e+00
5.533000000000000000e+03 -2.662565231323242188e+00
5.534000000000000000e+03 -2.668991565704345703e+00
5.535000000000000000e+03 -2.705379962921142578e+00
5.536000000000000000e+03 -2.687442064285278320e+00
5.537000000000000000e+03 -2.650818824768066406e+00
5.538000000000000000e+03 -2.679679632186889648e+00
5.539000000000000000e+03 -2.678051233291625977e+00
5.540000000000000000e+03 -2.719932794570922852e+00
5.541000000000000000e+03 -2.653244733810424805e+00
5.542000000000000000e+03 -2.678844690322875977e+00
5.543000000000000000e+03 -2.700523376464843750e+00
5.544000000000000000e+03 -2.692505359649658203e+00
5.545000000000000000e+03 -2.683670997619628906e+00
5.546000000000000000e+03 -2.667287111282348633e+00
5.547000000000000000e+03 -2.631487369537353516e+00
5.548000000000000000e+03 -2.648167610168457031e+00
5.549000000000000000e+03 -2.646920919418334961e+00
5.550000000000000000e+03 -2.675909996032714844e+00
5.551000000000000000e+03 -2.691565513610839844e+00
5.552000000000000000e+03 -2.680374383926391602e+00
5.553000000000000000e+03 -2.635263919830322266e+00
5.554000000000000000e+03 -2.629107952117919922e+00
5.555000000000000000e+03 -2.684351444244384766e+00
5.556000000000000000e+03 -2.700635910034179688e+00
5.557000000000000000e+03 -2.666598320007324219e+00
5.558000000000000000e+03 -2.663203001022338867e+00
5.559000000000000000e+03 -2.655261754989624023e+00
5.560000000000000000e+03 -2.649884939193725586e+00
5.561000000000000000e+03 -2.662102460861206055e+00
5.562000000000000000e+03 -2.647478103637695312e+00
5.563000000000000000e+03 -2.651170492172241211e+00
5.564000000000000000e+03 -2.657296180725097656e+00
5.565000000000000000e+03 -2.676535606384277344e+00
5.566000000000000000e+03 -2.660364627838134766e+00
5.567000000000000000e+03 -2.650515317916870117e+00
5.568000000000000000e+03 -2.690167903900146484e+00
5.569000000000000000e+03 -2.746003627777099609e+00
5.570000000000000000e+03 -2.705581903457641602e+00
5.571000000000000000e+03 -2.676378965377807617e+00
5.572000000000000000e+03 -2.688924551010131836e+00
5.573000000000000000e+03 -2.692364215850830078e+00
5.574000000000000000e+03 -2.682372570037841797e+00
5.575000000000000000e+03 -2.684431791305541992e+00
5.576000000000000000e+03 -2.687671899795532227e+00
5.577000000000000000e+03 -2.680430650711059570e+00
5.578000000000000000e+03 -2.662039279937744141e+00
5.579000000000000000e+03 -2.676533699035644531e+00
5.580000000000000000e+03 -2.687834501266479492e+00
5.581000000000000000e+03 -2.673391580581665039e+00
5.582000000000000000e+03 -2.658040046691894531e+00
5.583000000000000000e+03 -2.700375795364379883e+00
5.584000000000000000e+03 -2.664430618286132812e+00
5.585000000000000000e+03 -2.689433097839355469e+00
5.586000000000000000e+03 -2.673227787017822266e+00
5.587000000000000000e+03 -2.699231147766113281e+00
5.588000000000000000e+03 -2.730255126953125000e+00
5.589000000000000000e+03 -2.693153381347656250e+00
5.590000000000000000e+03 -2.689556598663330078e+00
5.591000000000000000e+03 -2.674351692199707031e+00
5.592000000000000000e+03 -2.680232524871826172e+00
5.593000000000000000e+03 -2.661881685256958008e+00
5.594000000000000000e+03 -2.688350200653076172e+00
5.595000000000000000e+03 -2.687526702880859375e+00
5.596000000000000000e+03 -2.702991724014282227e+00
5.597000000000000000e+03 -2.667827367782592773e+00
5.598000000000000000e+03 -2.662406682968139648e+00
5.599000000000000000e+03 -2.673923969268798828e+00
5.600000000000000000e+03 -2.690036296844482422e+00
5.601000000000000000e+03 -2.680822372436523438e+00
5.602000000000000000e+03 -2.719533205032348633e+00
5.603000000000000000e+03 -2.704051494598388672e+00
5.604000000000000000e+03 -2.695492267608642578e+00
5.605000000000000000e+03 -2.721621036529541016e+00
5.606000000000000000e+03 -2.731619119644165039e+00
5.607000000000000000e+03 -2.743158578872680664e+00
5.608000000000000000e+03 -2.712984561920166016e+00
5.609000000000000000e+03 -2.705873489379882812e+00
5.610000000000000000e+03 -2.699861764907836914e+00
5.611000000000000000e+03 -2.709523200988769531e+00
5.612000000000000000e+03 -2.705885648727416992e+00
5.613000000000000000e+03 -2.696394920349121094e+00
5.614000000000000000e+03 -2.690672159194946289e+00
5.615000000000000000e+03 -2.693995952606201172e+00
5.616000000000000000e+03 -2.702893018722534180e+00
5.617000000000000000e+03 -2.707849740982055664e+00
5.618000000000000000e+03 -2.698033809661865234e+00
5.619000000000000000e+03 -2.685976266860961914e+00
5.620000000000000000e+03 -2.674525737762451172e+00
5.621000000000000000e+03 -2.686939001083374023e+00
5.622000000000000000e+03 -2.708523988723754883e+00
5.623000000000000000e+03 -2.688635587692260742e+00
5.624000000000000000e+03 -2.695217609405517578e+00
5.625000000000000000e+03 -2.666532754898071289e+00
5.626000000000000000e+03 -2.687872886657714844e+00
5.627000000000000000e+03 -2.681697845458984375e+00
5.628000000000000000e+03 -2.679337024688720703e+00
5.629000000000000000e+03 -2.684642076492309570e+00
5.630000000000000000e+03 -2.654720306396484375e+00
5.631000000000000000e+03 -2.662881612777709961e+00
5.632000000000000000e+03 -2.641943931579589844e+00
5.633000000000000000e+03 -2.675280809402465820e+00
5.634000000000000000e+03 -2.627902030944824219e+00
5.635000000000000000e+03 -2.638720035552978516e+00
5.636000000000000000e+03 -2.651643514633178711e+00
5.637000000000000000e+03 -2.663473129272460938e+00
5.638000000000000000e+03 -2.640579700469970703e+00
5.639000000000000000e+03 -2.651375770568847656e+00
5.640000000000000000e+03 -2.680785417556762695e+00
5.641000000000000000e+03 -2.626240253448486328e+00
5.642000000000000000e+03 -2.628315687179565430e+00
5.643000000000000000e+03 -2.640715599060058594e+00
5.644000000000000000e+03 -2.660728931427001953e+00
5.645000000000000000e+03 -2.661628484725952148e+00
5.646000000000000000e+03 -2.646236181259155273e+00
5.647000000000000000e+03 -2.655592918395996094e+00
5.648000000000000000e+03 -2.643362045288085938e+00
5.649000000000000000e+03 -2.638213396072387695e+00
5.650000000000000000e+03 -2.626906394958496094e+00
5.651000000000000000e+03 -2.636722326278686523e+00
5.652000000000000000e+03 -2.613013029098510742e+00
5.653000000000000000e+03 -2.666777610778808594e+00
5.654000000000000000e+03 -2.605079889297485352e+00
5.655000000000000000e+03 -2.670050859451293945e+00
5.656000000000000000e+03 -2.656389951705932617e+00
5.657000000000000000e+03 -2.655493497848510742e+00
5.658000000000000000e+03 -2.662060499191284180e+00
5.659000000000000000e+03 -2.672928094863891602e+00
5.660000000000000000e+03 -2.689445257186889648e+00
5.661000000000000000e+03 -2.659259319305419922e+00
5.662000000000000000e+03 -2.669961214065551758e+00
5.663000000000000000e+03 -2.660028934478759766e+00
5.664000000000000000e+03 -2.666142463684082031e+00
5.665000000000000000e+03 -2.683359861373901367e+00
5.666000000000000000e+03 -2.661402940750122070e+00
5.667000000000000000e+03 -2.630440711975097656e+00
5.668000000000000000e+03 -2.643334388732910156e+00
5.669000000000000000e+03 -2.640314102172851562e+00
5.670000000000000000e+03 -2.664449453353881836e+00
5.671000000000000000e+03 -2.667336940765380859e+00
5.672000000000000000e+03 -2.665092468261718750e+00
5.673000000000000000e+03 -2.679928779602050781e+00
5.674000000000000000e+03 -2.648921012878417969e+00
5.675000000000000000e+03 -2.629714727401733398e+00
5.676000000000000000e+03 -2.649942159652709961e+00
5.677000000000000000e+03 -2.660729169845581055e+00
5.678000000000000000e+03 -2.688361167907714844e+00
5.679000000000000000e+03 -2.714311838150024414e+00
5.680000000000000000e+03 -2.720943450927734375e+00
5.681000000000000000e+03 -2.742700815200805664e+00
5.682000000000000000e+03 -2.644543170928955078e+00
5.683000000000000000e+03 -2.648379087448120117e+00
5.684000000000000000e+03 -2.674419641494750977e+00
5.685000000000000000e+03 -2.663397550582885742e+00
5.686000000000000000e+03 -2.664810419082641602e+00
5.687000000000000000e+03 -2.668719291687011719e+00
5.688000000000000000e+03 -2.659139633178710938e+00
5.689000000000000000e+03 -2.687872648239135742e+00
5.690000000000000000e+03 -2.708955764770507812e+00
5.691000000000000000e+03 -2.670279502868652344e+00
5.692000000000000000e+03 -2.656403064727783203e+00
5.693000000000000000e+03 -2.621096611022949219e+00
5.694000000000000000e+03 -2.658852577209472656e+00
5.695000000000000000e+03 -2.647547721862792969e+00
5.696000000000000000e+03 -2.669087886810302734e+00
5.697000000000000000e+03 -2.653187274932861328e+00
5.698000000000000000e+03 -2.651671648025512695e+00
5.699000000000000000e+03 -2.664752960205078125e+00
5.700000000000000000e+03 -2.641060352325439453e+00
5.701000000000000000e+03 -2.663769245147705078e+00
5.702000000000000000e+03 -2.659364700317382812e+00
5.703000000000000000e+03 -2.698871850967407227e+00
5.704000000000000000e+03 -2.680205583572387695e+00
5.705000000000000000e+03 -2.687263011932373047e+00
5.706000000000000000e+03 -2.662836790084838867e+00
5.707000000000000000e+03 -2.668049097061157227e+00
5.708000000000000000e+03 -2.676461219787597656e+00
5.709000000000000000e+03 -2.679474830627441406e+00
5.710000000000000000e+03 -2.681716918945312500e+00
5.711000000000000000e+03 -2.701091766357421875e+00
5.712000000000000000e+03 -2.660300254821777344e+00
5.713000000000000000e+03 -2.628889560699462891e+00
5.714000000000000000e+03 -2.650019168853759766e+00
5.715000000000000000e+03 -2.649002075195312500e+00
5.716000000000000000e+03 -2.671814680099487305e+00
5.717000000000000000e+03 -2.630158662796020508e+00
5.718000000000000000e+03 -2.642888784408569336e+00
5.719000000000000000e+03 -2.636778593063354492e+00
5.720000000000000000e+03 -2.628177165985107422e+00
5.721000000000000000e+03 -2.621089458465576172e+00
5.722000000000000000e+03 -2.636788606643676758e+00
5.723000000000000000e+03 -2.637996673583984375e+00
5.724000000000000000e+03 -2.657008171081542969e+00
5.725000000000000000e+03 -2.663457870483398438e+00
5.726000000000000000e+03 -2.676044225692749023e+00
5.727000000000000000e+03 -2.657159328460693359e+00
5.728000000000000000e+03 -2.646621227264404297e+00
5.729000000000000000e+03 -2.655541658401489258e+00
5.730000000000000000e+03 -2.691395282745361328e+00
5.731000000000000000e+03 -2.663693904876708984e+00
5.732000000000000000e+03 -2.643874168395996094e+00
5.733000000000000000e+03 -2.640979290008544922e+00
5.734000000000000000e+03 -2.661052465438842773e+00
5.735000000000000000e+03 -2.653079032897949219e+00
5.736000000000000000e+03 -2.624485015869140625e+00
5.737000000000000000e+03 -2.639856815338134766e+00
5.738000000000000000e+03 -2.633267641067504883e+00
5.739000000000000000e+03 -2.650918006896972656e+00
5.740000000000000000e+03 -2.667818546295166016e+00
5.741000000000000000e+03 -2.627379417419433594e+00
5.742000000000000000e+03 -2.660938739776611328e+00
5.743000000000000000e+03 -2.639390468597412109e+00
5.744000000000000000e+03 -2.619828224182128906e+00
5.745000000000000000e+03 -2.664061784744262695e+00
5.746000000000000000e+03 -2.644242048263549805e+00
5.747000000000000000e+03 -2.642664194107055664e+00
5.748000000000000000e+03 -2.625492095947265625e+00
5.749000000000000000e+03 -2.614286422729492188e+00
5.750000000000000000e+03 -2.626888275146484375e+00
5.751000000000000000e+03 -2.618538618087768555e+00
5.752000000000000000e+03 -2.615746736526489258e+00
5.753000000000000000e+03 -2.674131870269775391e+00
5.754000000000000000e+03 -2.657760858535766602e+00
5.755000000000000000e+03 -2.625350236892700195e+00
5.756000000000000000e+03 -2.662355661392211914e+00
5.757000000000000000e+03 -2.648656845092773438e+00
5.758000000000000000e+03 -2.658680200576782227e+00
5.759000000000000000e+03 -2.663272380828857422e+00
5.760000000000000000e+03 -2.690989971160888672e+00
5.761000000000000000e+03 -2.696827888488769531e+00
5.762000000000000000e+03 -2.691169023513793945e+00
5.763000000000000000e+03 -2.703765153884887695e+00
5.764000000000000000e+03 -2.693098068237304688e+00
5.765000000000000000e+03 -2.697389841079711914e+00
5.766000000000000000e+03 -2.654537677764892578e+00
5.767000000000000000e+03 -2.709754467010498047e+00
5.768000000000000000e+03 -2.722691535949707031e+00
5.769000000000000000e+03 -2.637873411178588867e+00
5.770000000000000000e+03 -2.635987281799316406e+00
5.771000000000000000e+03 -2.663819551467895508e+00
5.772000000000000000e+03 -2.652134656906127930e+00
5.773000000000000000e+03 -2.668872117996215820e+00
5.774000000000000000e+03 -2.681367635726928711e+00
5.775000000000000000e+03 -2.647859334945678711e+00
5.776000000000000000e+03 -2.636814117431640625e+00
5.777000000000000000e+03 -2.626506805419921875e+00
5.778000000000000000e+03 -2.637204647064208984e+00
5.779000000000000000e+03 -2.646362066268920898e+00
5.780000000000000000e+03 -2.595901966094970703e+00
5.781000000000000000e+03 -2.627670526504516602e+00
5.782000000000000000e+03 -2.650177478790283203e+00
5.783000000000000000e+03 -2.611774444580078125e+00
5.784000000000000000e+03 -2.605481147766113281e+00
5.785000000000000000e+03 -2.645884990692138672e+00
5.786000000000000000e+03 -2.635936737060546875e+00
5.787000000000000000e+03 -2.659737825393676758e+00
5.788000000000000000e+03 -2.677761077880859375e+00
5.789000000000000000e+03 -2.658913135528564453e+00
5.790000000000000000e+03 -2.646952152252197266e+00
5.791000000000000000e+03 -2.630280971527099609e+00
5.792000000000000000e+03 -2.639813899993896484e+00
5.793000000000000000e+03 -2.683467149734497070e+00
5.794000000000000000e+03 -2.645903348922729492e+00
5.795000000000000000e+03 -2.627168893814086914e+00
5.796000000000000000e+03 -2.619921207427978516e+00
5.797000000000000000e+03 -2.644105911254882812e+00
5.798000000000000000e+03 -2.634987592697143555e+00
5.799000000000000000e+03 -2.634617328643798828e+00
5.800000000000000000e+03 -2.681724548339843750e+00
5.801000000000000000e+03 -2.654952049255371094e+00
5.802000000000000000e+03 -2.633103370666503906e+00
5.803000000000000000e+03 -2.616834163665771484e+00
5.804000000000000000e+03 -2.621727943420410156e+00
5.805000000000000000e+03 -2.670898914337158203e+00
5.806000000000000000e+03 -2.652767419815063477e+00
5.807000000000000000e+03 -2.673737049102783203e+00
5.808000000000000000e+03 -2.657849311828613281e+00
5.809000000000000000e+03 -2.651809930801391602e+00
5.810000000000000000e+03 -2.631004571914672852e+00
5.811000000000000000e+03 -2.653002500534057617e+00
5.812000000000000000e+03 -2.630054473876953125e+00
5.813000000000000000e+03 -2.614528179168701172e+00
5.814000000000000000e+03 -2.618783950805664062e+00
5.815000000000000000e+03 -2.626853942871093750e+00
5.816000000000000000e+03 -2.616539478302001953e+00
5.817000000000000000e+03 -2.652855157852172852e+00
5.818000000000000000e+03 -2.617774963378906250e+00
5.819000000000000000e+03 -2.610952377319335938e+00
5.820000000000000000e+03 -2.624679327011108398e+00
5.821000000000000000e+03 -2.599421024322509766e+00
5.822000000000000000e+03 -2.599859476089477539e+00
5.823000000000000000e+03 -2.609188318252563477e+00
5.824000000000000000e+03 -2.646933078765869141e+00
5.825000000000000000e+03 -2.631963968276977539e+00
5.826000000000000000e+03 -2.621456146240234375e+00
5.827000000000000000e+03 -2.613828420639038086e+00
5.828000000000000000e+03 -2.600641489028930664e+00
5.829000000000000000e+03 -2.614835023880004883e+00
5.830000000000000000e+03 -2.606227159500122070e+00
5.831000000000000000e+03 -2.639971733093261719e+00
5.832000000000000000e+03 -2.636335134506225586e+00
5.833000000000000000e+03 -2.615338802337646484e+00
5.834000000000000000e+03 -2.577944517135620117e+00
5.835000000000000000e+03 -2.631593704223632812e+00
5.836000000000000000e+03 -2.622908830642700195e+00
5.837000000000000000e+03 -2.629785537719726562e+00
5.838000000000000000e+03 -2.582341670989990234e+00
5.839000000000000000e+03 -2.619540452957153320e+00
5.840000000000000000e+03 -2.617946863174438477e+00
5.841000000000000000e+03 -2.609943866729736328e+00
5.842000000000000000e+03 -2.621922969818115234e+00
5.843000000000000000e+03 -2.607377529144287109e+00
5.844000000000000000e+03 -2.570997238159179688e+00
5.845000000000000000e+03 -2.615783214569091797e+00
5.846000000000000000e+03 -2.566597938537597656e+00
5.847000000000000000e+03 -2.574715137481689453e+00
5.848000000000000000e+03 -2.600739955902099609e+00
5.849000000000000000e+03 -2.601861953735351562e+00
5.850000000000000000e+03 -2.604684591293334961e+00
5.851000000000000000e+03 -2.598568439483642578e+00
5.852000000000000000e+03 -2.586215972900390625e+00
5.853000000000000000e+03 -2.655727863311767578e+00
5.854000000000000000e+03 -2.656819581985473633e+00
5.855000000000000000e+03 -2.652805805206298828e+00
5.856000000000000000e+03 -2.586161613464355469e+00
5.857000000000000000e+03 -2.587726593017578125e+00
5.858000000000000000e+03 -2.632775783538818359e+00
5.859000000000000000e+03 -2.607172727584838867e+00
5.860000000000000000e+03 -2.626206636428833008e+00
5.861000000000000000e+03 -2.607894420623779297e+00
5.862000000000000000e+03 -2.609011888504028320e+00
5.863000000000000000e+03 -2.620397567749023438e+00
5.864000000000000000e+03 -2.630531787872314453e+00
5.865000000000000000e+03 -2.595580577850341797e+00
5.866000000000000000e+03 -2.593667507171630859e+00
5.867000000000000000e+03 -2.635345220565795898e+00
5.868000000000000000e+03 -2.622602939605712891e+00
5.869000000000000000e+03 -2.610045909881591797e+00
5.870000000000000000e+03 -2.597586393356323242e+00
5.871000000000000000e+03 -2.600869655609130859e+00
5.872000000000000000e+03 -2.606171607971191406e+00
5.873000000000000000e+03 -2.617043256759643555e+00
5.874000000000000000e+03 -2.616188049316406250e+00
5.875000000000000000e+03 -2.663290023803710938e+00
5.876000000000000000e+03 -2.592494487762451172e+00
5.877000000000000000e+03 -2.581950426101684570e+00
5.878000000000000000e+03 -2.634002685546875000e+00
5.879000000000000000e+03 -2.582613229751586914e+00
5.880000000000000000e+03 -2.612318754196166992e+00
5.881000000000000000e+03 -2.615561962127685547e+00
5.882000000000000000e+03 -2.572076559066772461e+00
5.883000000000000000e+03 -2.613459825515747070e+00
5.884000000000000000e+03 -2.613045215606689453e+00
5.885000000000000000e+03 -2.604232311248779297e+00
5.886000000000000000e+03 -2.613906383514404297e+00
5.887000000000000000e+03 -2.627620935440063477e+00
5.888000000000000000e+03 -2.617862701416015625e+00
5.889000000000000000e+03 -2.605375289916992188e+00
5.890000000000000000e+03 -2.628663301467895508e+00
5.891000000000000000e+03 -2.613526344299316406e+00
5.892000000000000000e+03 -2.616025447845458984e+00
5.893000000000000000e+03 -2.617426395416259766e+00
5.894000000000000000e+03 -2.636335849761962891e+00
5.895000000000000000e+03 -2.630970001220703125e+00
5.896000000000000000e+03 -2.640305280685424805e+00
5.897000000000000000e+03 -2.603357076644897461e+00
5.898000000000000000e+03 -2.569648504257202148e+00
5.899000000000000000e+03 -2.593465566635131836e+00
5.900000000000000000e+03 -2.589754104614257812e+00
5.901000000000000000e+03 -2.603063106536865234e+00
5.902000000000000000e+03 -2.595296859741210938e+00
5.903000000000000000e+03 -2.606777191162109375e+00
5.904000000000000000e+03 -2.613000631332397461e+00
5.905000000000000000e+03 -2.592509031295776367e+00
5.906000000000000000e+03 -2.629289150238037109e+00
5.907000000000000000e+03 -2.588591098785400391e+00
5.908000000000000000e+03 -2.602910995483398438e+00
5.909000000000000000e+03 -2.587661027908325195e+00
5.910000000000000000e+03 -2.621788501739501953e+00
5.911000000000000000e+03 -2.608102798461914062e+00
5.912000000000000000e+03 -2.630612611770629883e+00
5.913000000000000000e+03 -2.641004323959350586e+00
5.914000000000000000e+03 -2.580272197723388672e+00
5.915000000000000000e+03 -2.604516744613647461e+00
5.916000000000000000e+03 -2.614021778106689453e+00
5.917000000000000000e+03 -2.588790416717529297e+00
5.918000000000000000e+03 -2.567749500274658203e+00
5.919000000000000000e+03 -2.587495326995849609e+00
5.920000000000000000e+03 -2.595672130584716797e+00
5.921000000000000000e+03 -2.557262897491455078e+00
5.922000000000000000e+03 -2.586356163024902344e+00
5.923000000000000000e+03 -2.570992708206176758e+00
5.924000000000000000e+03 -2.588348150253295898e+00
5.925000000000000000e+03 -2.575881719589233398e+00
5.926000000000000000e+03 -2.572505712509155273e+00
5.927000000000000000e+03 -2.598224878311157227e+00
5.928000000000000000e+03 -2.627704620361328125e+00
5.929000000000000000e+03 -2.622779130935668945e+00
5.930000000000000000e+03 -2.626039505004882812e+00
5.931000000000000000e+03 -2.600012779235839844e+00
5.932000000000000000e+03 -2.589257001876831055e+00
5.933000000000000000e+03 -2.627036809921264648e+00
5.934000000000000000e+03 -2.603546380996704102e+00
5.935000000000000000e+03 -2.612338542938232422e+00
5.936000000000000000e+03 -2.635213375091552734e+00
5.937000000000000000e+03 -2.592800855636596680e+00
5.938000000000000000e+03 -2.594550609588623047e+00
5.939000000000000000e+03 -2.577126741409301758e+00
5.940000000000000000e+03 -2.617046594619750977e+00
5.941000000000000000e+03 -2.614618301391601562e+00
5.942000000000000000e+03 -2.636102914810180664e+00
5.943000000000000000e+03 -2.641948461532592773e+00
5.944000000000000000e+03 -2.631360530853271484e+00
5.945000000000000000e+03 -2.633172273635864258e+00
5.946000000000000000e+03 -2.611399173736572266e+00
5.947000000000000000e+03 -2.616592645645141602e+00
5.948000000000000000e+03 -2.623192310333251953e+00
5.949000000000000000e+03 -2.661821603775024414e+00
5.950000000000000000e+03 -2.666465520858764648e+00
5.951000000000000000e+03 -2.651703357696533203e+00
5.952000000000000000e+03 -2.607199907302856445e+00
5.953000000000000000e+03 -2.651687145233154297e+00
5.954000000000000000e+03 -2.642829418182373047e+00
5.955000000000000000e+03 -2.630588293075561523e+00
5.956000000000000000e+03 -2.621180772781372070e+00
5.957000000000000000e+03 -2.610000133514404297e+00
5.958000000000000000e+03 -2.614927053451538086e+00
5.959000000000000000e+03 -2.619239807128906250e+00
5.960000000000000000e+03 -2.597711086273193359e+00
5.961000000000000000e+03 -2.632371187210083008e+00
5.962000000000000000e+03 -2.649758338928222656e+00
5.963000000000000000e+03 -2.634169578552246094e+00
5.964000000000000000e+03 -2.629134416580200195e+00
5.965000000000000000e+03 -2.675872564315795898e+00
5.966000000000000000e+03 -2.629517793655395508e+00
5.967000000000000000e+03 -2.617510318756103516e+00
5.968000000000000000e+03 -2.612381458282470703e+00
5.969000000000000000e+03 -2.616461753845214844e+00
5.970000000000000000e+03 -2.642721891403198242e+00
5.971000000000000000e+03 -2.639672756195068359e+00
5.972000000000000000e+03 -2.672052621841430664e+00
5.973000000000000000e+03 -2.641613483428955078e+00
5.974000000000000000e+03 -2.644969701766967773e+00
5.975000000000000000e+03 -2.652223348617553711e+00
5.976000000000000000e+03 -2.622982978820800781e+00
5.977000000000000000e+03 -2.598754405975341797e+00
5.978000000000000000e+03 -2.617835283279418945e+00
5.979000000000000000e+03 -2.630931615829467773e+00
5.980000000000000000e+03 -2.588236331939697266e+00
5.981000000000000000e+03 -2.604887962341308594e+00
5.982000000000000000e+03 -2.605782985687255859e+00
5.983000000000000000e+03 -2.582940578460693359e+00
5.984000000000000000e+03 -2.586614608764648438e+00
5.985000000000000000e+03 -2.608467102050781250e+00
5.986000000000000000e+03 -2.621178150177001953e+00
5.987000000000000000e+03 -2.613758325576782227e+00
5.988000000000000000e+03 -2.628538131713867188e+00
5.989000000000000000e+03 -2.657084465026855469e+00
5.990000000000000000e+03 -2.623464584350585938e+00
5.991000000000000000e+03 -2.618472576141357422e+00
5.992000000000000000e+03 -2.614330768585205078e+00
5.993000000000000000e+03 -2.581291675567626953e+00
5.994000000000000000e+03 -2.604486703872680664e+00
5.995000000000000000e+03 -2.645288944244384766e+00
5.996000000000000000e+03 -2.633112668991088867e+00
5.997000000000000000e+03 -2.676612854003906250e+00
5.998000000000000000e+03 -2.649800062179565430e+00
5.999000000000000000e+03 -2.677828550338745117e+00
6.000000000000000000e+03 -2.639882564544677734e+00
6.001000000000000000e+03 -2.650821208953857422e+00
6.002000000000000000e+03 -2.652510643005371094e+00
6.003000000000000000e+03 -2.675493240356445312e+00
6.004000000000000000e+03 -2.652845859527587891e+00
6.005000000000000000e+03 -2.676568984985351562e+00
6.006000000000000000e+03 -2.673794984817504883e+00
6.007000000000000000e+03 -2.645730972290039062e+00
6.008000000000000000e+03 -2.667900323867797852e+00
6.009000000000000000e+03 -2.657853603363037109e+00
6.010000000000000000e+03 -2.652041196823120117e+00
6.011000000000000000e+03 -2.628482580184936523e+00
6.012000000000000000e+03 -2.670140266418457031e+00
6.013000000000000000e+03 -2.641739368438720703e+00
6.014000000000000000e+03 -2.668615818023681641e+00
6.015000000000000000e+03 -2.672311782836914062e+00
6.016000000000000000e+03 -2.680047273635864258e+00
6.017000000000000000e+03 -2.666017532348632812e+00
6.018000000000000000e+03 -2.631732940673828125e+00
6.019000000000000000e+03 -2.627931833267211914e+00
6.020000000000000000e+03 -2.671734571456909180e+00
6.021000000000000000e+03 -2.655173778533935547e+00
6.022000000000000000e+03 -2.637630939483642578e+00
6.023000000000000000e+03 -2.639122247695922852e+00
6.024000000000000000e+03 -2.650863885879516602e+00
6.025000000000000000e+03 -2.638637065887451172e+00
6.026000000000000000e+03 -2.660390853881835938e+00
6.027000000000000000e+03 -2.676584482192993164e+00
6.028000000000000000e+03 -2.661857604980468750e+00
6.029000000000000000e+03 -2.647597551345825195e+00
6.030000000000000000e+03 -2.651896476745605469e+00
6.031000000000000000e+03 -2.683233261108398438e+00
6.032000000000000000e+03 -2.661728143692016602e+00
6.033000000000000000e+03 -2.653703212738037109e+00
6.034000000000000000e+03 -2.667026996612548828e+00
6.035000000000000000e+03 -2.652503728866577148e+00
6.036000000000000000e+03 -2.641978263854980469e+00
6.037000000000000000e+03 -2.680455923080444336e+00
6.038000000000000000e+03 -2.696048736572265625e+00
6.039000000000000000e+03 -2.673068761825561523e+00
6.040000000000000000e+03 -2.703932046890258789e+00
6.041000000000000000e+03 -2.641608715057373047e+00
6.042000000000000000e+03 -2.638478755950927734e+00
6.043000000000000000e+03 -2.640835762023925781e+00
6.044000000000000000e+03 -2.638683795928955078e+00
6.045000000000000000e+03 -2.657882213592529297e+00
6.046000000000000000e+03 -2.617130041122436523e+00
6.047000000000000000e+03 -2.660318851470947266e+00
6.048000000000000000e+03 -2.616873502731323242e+00
6.049000000000000000e+03 -2.628287792205810547e+00
6.050000000000000000e+03 -2.653026819229125977e+00
6.051000000000000000e+03 -2.646708726882934570e+00
6.052000000000000000e+03 -2.693671464920043945e+00
6.053000000000000000e+03 -2.676628589630126953e+00
6.054000000000000000e+03 -2.617360353469848633e+00
6.055000000000000000e+03 -2.659601926803588867e+00
6.056000000000000000e+03 -2.669541835784912109e+00
6.057000000000000000e+03 -2.657907485961914062e+00
6.058000000000000000e+03 -2.650487661361694336e+00
6.059000000000000000e+03 -2.624546051025390625e+00
6.060000000000000000e+03 -2.610864400863647461e+00
6.061000000000000000e+03 -2.642662763595581055e+00
6.062000000000000000e+03 -2.637820482254028320e+00
6.063000000000000000e+03 -2.643533706665039062e+00
6.064000000000000000e+03 -2.635069847106933594e+00
6.065000000000000000e+03 -2.647077560424804688e+00
6.066000000000000000e+03 -2.642738342285156250e+00
6.067000000000000000e+03 -2.707877397537231445e+00
6.068000000000000000e+03 -2.688303470611572266e+00
6.069000000000000000e+03 -2.674700975418090820e+00
6.070000000000000000e+03 -2.637852668762207031e+00
6.071000000000000000e+03 -2.623875617980957031e+00
6.072000000000000000e+03 -2.642925977706909180e+00
6.073000000000000000e+03 -2.649955511093139648e+00
6.074000000000000000e+03 -2.643771648406982422e+00
6.075000000000000000e+03 -2.663657188415527344e+00
6.076000000000000000e+03 -2.672467470169067383e+00
6.077000000000000000e+03 -2.654034137725830078e+00
6.078000000000000000e+03 -2.676006317138671875e+00
6.079000000000000000e+03 -2.673007965087890625e+00
6.080000000000000000e+03 -2.650703907012939453e+00
6.081000000000000000e+03 -2.652018547058105469e+00
6.082000000000000000e+03 -2.678832054138183594e+00
6.083000000000000000e+03 -2.699062347412109375e+00
6.084000000000000000e+03 -2.694444179534912109e+00
6.085000000000000000e+03 -2.683222293853759766e+00
6.086000000000000000e+03 -2.664011955261230469e+00
6.087000000000000000e+03 -2.685050010681152344e+00
6.088000000000000000e+03 -2.636441707611083984e+00
6.089000000000000000e+03 -2.641519784927368164e+00
6.090000000000000000e+03 -2.655781984329223633e+00
6.091000000000000000e+03 -2.667432785034179688e+00
6.092000000000000000e+03 -2.639647483825683594e+00
6.093000000000000000e+03 -2.646092653274536133e+00
6.094000000000000000e+03 -2.658198833465576172e+00
6.095000000000000000e+03 -2.648154258728027344e+00
6.096000000000000000e+03 -2.650868892669677734e+00
6.097000000000000000e+03 -2.658068895339965820e+00
6.098000000000000000e+03 -2.652459859848022461e+00
6.099000000000000000e+03 -2.674467325210571289e+00
6.100000000000000000e+03 -2.642230510711669922e+00
6.101000000000000000e+03 -2.622375011444091797e+00
6.102000000000000000e+03 -2.668406486511230469e+00
6.103000000000000000e+03 -2.663460731506347656e+00
6.104000000000000000e+03 -2.638700962066650391e+00
6.105000000000000000e+03 -2.602971315383911133e+00
6.106000000000000000e+03 -2.635588645935058594e+00
6.107000000000000000e+03 -2.611324787139892578e+00
6.108000000000000000e+03 -2.631066799163818359e+00
6.109000000000000000e+03 -2.586528301239013672e+00
6.110000000000000000e+03 -2.649717569351196289e+00
6.111000000000000000e+03 -2.610650539398193359e+00
6.112000000000000000e+03 -2.624675273895263672e+00
6.113000000000000000e+03 -2.621031761169433594e+00
6.114000000000000000e+03 -2.637882947921752930e+00
6.115000000000000000e+03 -2.630270719528198242e+00
6.116000000000000000e+03 -2.641060113906860352e+00
6.117000000000000000e+03 -2.622954368591308594e+00
6.118000000000000000e+03 -2.628483772277832031e+00
6.119000000000000000e+03 -2.643754959106445312e+00
6.120000000000000000e+03 -2.667541027069091797e+00
6.121000000000000000e+03 -2.630892276763916016e+00
6.122000000000000000e+03 -2.639179706573486328e+00
6.123000000000000000e+03 -2.645866870880126953e+00
6.124000000000000000e+03 -2.616280555725097656e+00
6.125000000000000000e+03 -2.623559951782226562e+00
6.126000000000000000e+03 -2.634027242660522461e+00
6.127000000000000000e+03 -2.620674610137939453e+00
6.128000000000000000e+03 -2.636661291122436523e+00
6.129000000000000000e+03 -2.664171218872070312e+00
6.130000000000000000e+03 -2.655690431594848633e+00
6.131000000000000000e+03 -2.660038948059082031e+00
6.132000000000000000e+03 -2.661737918853759766e+00
6.133000000000000000e+03 -2.672142505645751953e+00
6.134000000000000000e+03 -2.612567901611328125e+00
6.135000000000000000e+03 -2.637696504592895508e+00
6.136000000000000000e+03 -2.644774198532104492e+00
6.137000000000000000e+03 -2.659503221511840820e+00
6.138000000000000000e+03 -2.690330028533935547e+00
6.139000000000000000e+03 -2.640717744827270508e+00
6.140000000000000000e+03 -2.674384593963623047e+00
6.141000000000000000e+03 -2.642301559448242188e+00
6.142000000000000000e+03 -2.614468097686767578e+00
6.143000000000000000e+03 -2.645782709121704102e+00
6.144000000000000000e+03 -2.617759227752685547e+00
6.145000000000000000e+03 -2.611165761947631836e+00
6.146000000000000000e+03 -2.655699968338012695e+00
6.147000000000000000e+03 -2.654730558395385742e+00
6.148000000000000000e+03 -2.628442525863647461e+00
6.149000000000000000e+03 -2.667191267013549805e+00
6.150000000000000000e+03 -2.664058685302734375e+00
6.151000000000000000e+03 -2.677240610122680664e+00
6.152000000000000000e+03 -2.669113874435424805e+00
6.153000000000000000e+03 -2.683169841766357422e+00
6.154000000000000000e+03 -2.671221733093261719e+00
6.155000000000000000e+03 -2.663489341735839844e+00
6.156000000000000000e+03 -2.669568061828613281e+00
6.157000000000000000e+03 -2.631426811218261719e+00
6.158000000000000000e+03 -2.673040866851806641e+00
6.159000000000000000e+03 -2.652369260787963867e+00
6.160000000000000000e+03 -2.687443733215332031e+00
6.161000000000000000e+03 -2.663551330566406250e+00
6.162000000000000000e+03 -2.688914775848388672e+00
6.163000000000000000e+03 -2.659076690673828125e+00
6.164000000000000000e+03 -2.648257017135620117e+00
6.165000000000000000e+03 -2.667377471923828125e+00
6.166000000000000000e+03 -2.666970252990722656e+00
6.167000000000000000e+03 -2.681763648986816406e+00
6.168000000000000000e+03 -2.680711269378662109e+00
6.169000000000000000e+03 -2.660734176635742188e+00
6.170000000000000000e+03 -2.649889469146728516e+00
6.171000000000000000e+03 -2.606079101562500000e+00
6.172000000000000000e+03 -2.650048017501831055e+00
6.173000000000000000e+03 -2.663940429687500000e+00
6.174000000000000000e+03 -2.624357938766479492e+00
6.175000000000000000e+03 -2.645981073379516602e+00
6.176000000000000000e+03 -2.647635459899902344e+00
6.177000000000000000e+03 -2.638482570648193359e+00
6.178000000000000000e+03 -2.641773939132690430e+00
6.179000000000000000e+03 -2.642112731933593750e+00
6.180000000000000000e+03 -2.655187606811523438e+00
6.181000000000000000e+03 -2.647782802581787109e+00
6.182000000000000000e+03 -2.646750450134277344e+00
6.183000000000000000e+03 -2.617554903030395508e+00
6.184000000000000000e+03 -2.605790376663208008e+00
6.185000000000000000e+03 -2.649801969528198242e+00
6.186000000000000000e+03 -2.647541999816894531e+00
6.187000000000000000e+03 -2.673894166946411133e+00
6.188000000000000000e+03 -2.631719112396240234e+00
6.189000000000000000e+03 -2.616234064102172852e+00
6.190000000000000000e+03 -2.661118745803833008e+00
6.191000000000000000e+03 -2.653802394866943359e+00
6.192000000000000000e+03 -2.620826721191406250e+00
6.193000000000000000e+03 -2.662297248840332031e+00
6.194000000000000000e+03 -2.657586574554443359e+00
6.195000000000000000e+03 -2.684040069580078125e+00
6.196000000000000000e+03 -2.664335489273071289e+00
6.197000000000000000e+03 -2.672344684600830078e+00
6.198000000000000000e+03 -2.655514240264892578e+00
6.199000000000000000e+03 -2.648261547088623047e+00
6.200000000000000000e+03 -2.665501356124877930e+00
6.201000000000000000e+03 -2.680753707885742188e+00
6.202000000000000000e+03 -2.721587181091308594e+00
6.203000000000000000e+03 -2.699761629104614258e+00
6.204000000000000000e+03 -2.674790859222412109e+00
6.205000000000000000e+03 -2.661515712738037109e+00
6.206000000000000000e+03 -2.710957765579223633e+00
6.207000000000000000e+03 -2.712590217590332031e+00
6.208000000000000000e+03 -2.681682586669921875e+00
6.209000000000000000e+03 -2.669183254241943359e+00
6.210000000000000000e+03 -2.701900005340576172e+00
6.211000000000000000e+03 -2.699233055114746094e+00
6.212000000000000000e+03 -2.719537496566772461e+00
6.213000000000000000e+03 -2.718315362930297852e+00
6.214000000000000000e+03 -2.712443828582763672e+00
6.215000000000000000e+03 -2.715282678604125977e+00
6.216000000000000000e+03 -2.686783552169799805e+00
6.217000000000000000e+03 -2.674077033996582031e+00
6.218000000000000000e+03 -2.691665887832641602e+00
6.219000000000000000e+03 -2.705428838729858398e+00
6.220000000000000000e+03 -2.689947605133056641e+00
6.221000000000000000e+03 -2.693052053451538086e+00
6.222000000000000000e+03 -2.685047626495361328e+00
6.223000000000000000e+03 -2.703114271163940430e+00
6.224000000000000000e+03 -2.674844503402709961e+00
6.225000000000000000e+03 -2.702448606491088867e+00
6.226000000000000000e+03 -2.706780433654785156e+00
6.227000000000000000e+03 -2.698471069335937500e+00
6.228000000000000000e+03 -2.729640960693359375e+00
6.229000000000000000e+03 -2.720239162445068359e+00
6.230000000000000000e+03 -2.760028123855590820e+00
6.231000000000000000e+03 -2.698580741882324219e+00
6.232000000000000000e+03 -2.701257944107055664e+00
6.233000000000000000e+03 -2.731169462203979492e+00
6.234000000000000000e+03 -2.688698291778564453e+00
6.235000000000000000e+03 -2.726152658462524414e+00
6.236000000000000000e+03 -2.744345426559448242e+00
6.237000000000000000e+03 -2.732938528060913086e+00
6.238000000000000000e+03 -2.733874797821044922e+00
6.239000000000000000e+03 -2.696730136871337891e+00
6.240000000000000000e+03 -2.705719709396362305e+00
6.241000000000000000e+03 -2.681594848632812500e+00
6.242000000000000000e+03 -2.684242010116577148e+00
6.243000000000000000e+03 -2.659158229827880859e+00
6.244000000000000000e+03 -2.659035205841064453e+00
6.245000000000000000e+03 -2.668861150741577148e+00
6.246000000000000000e+03 -2.670214176177978516e+00
6.247000000000000000e+03 -2.635245800018310547e+00
6.248000000000000000e+03 -2.651522397994995117e+00
6.249000000000000000e+03 -2.659824609756469727e+00
6.250000000000000000e+03 -2.660631656646728516e+00
6.251000000000000000e+03 -2.627414464950561523e+00
6.252000000000000000e+03 -2.640984296798706055e+00
6.253000000000000000e+03 -2.602593660354614258e+00
6.254000000000000000e+03 -2.617145538330078125e+00
6.255000000000000000e+03 -2.620258808135986328e+00
6.256000000000000000e+03 -2.648831367492675781e+00
6.257000000000000000e+03 -2.613024234771728516e+00
6.258000000000000000e+03 -2.654474258422851562e+00
6.259000000000000000e+03 -2.633755207061767578e+00
6.260000000000000000e+03 -2.613401412963867188e+00
6.261000000000000000e+03 -2.642997264862060547e+00
6.262000000000000000e+03 -2.661668777465820312e+00
6.263000000000000000e+03 -2.652571678161621094e+00
6.264000000000000000e+03 -2.686011552810668945e+00
6.265000000000000000e+03 -2.675142049789428711e+00
6.266000000000000000e+03 -2.680494785308837891e+00
6.267000000000000000e+03 -2.639943838119506836e+00
6.268000000000000000e+03 -2.636167764663696289e+00
6.269000000000000000e+03 -2.638923645019531250e+00
6.270000000000000000e+03 -2.634188175201416016e+00
6.271000000000000000e+03 -2.647238731384277344e+00
6.272000000000000000e+03 -2.681896209716796875e+00
6.273000000000000000e+03 -2.651122570037841797e+00
6.274000000000000000e+03 -2.635730504989624023e+00
6.275000000000000000e+03 -2.637118816375732422e+00
6.276000000000000000e+03 -2.631368637084960938e+00
6.277000000000000000e+03 -2.651436567306518555e+00
6.278000000000000000e+03 -2.672884941101074219e+00
6.279000000000000000e+03 -2.710750102996826172e+00
6.280000000000000000e+03 -2.696440696716308594e+00
6.281000000000000000e+03 -2.690182209014892578e+00
6.282000000000000000e+03 -2.715595483779907227e+00
6.283000000000000000e+03 -2.658668518066406250e+00
6.284000000000000000e+03 -2.659080743789672852e+00
6.285000000000000000e+03 -2.683907747268676758e+00
6.286000000000000000e+03 -2.658416509628295898e+00
6.287000000000000000e+03 -2.662885904312133789e+00
6.288000000000000000e+03 -2.640420675277709961e+00
6.289000000000000000e+03 -2.656722784042358398e+00
6.290000000000000000e+03 -2.667055845260620117e+00
6.291000000000000000e+03 -2.644606113433837891e+00
6.292000000000000000e+03 -2.653479099273681641e+00
6.293000000000000000e+03 -2.703528404235839844e+00
6.294000000000000000e+03 -2.659376144409179688e+00
6.295000000000000000e+03 -2.675362348556518555e+00
6.296000000000000000e+03 -2.657992124557495117e+00
6.297000000000000000e+03 -2.676274538040161133e+00
6.298000000000000000e+03 -2.652859210968017578e+00
6.299000000000000000e+03 -2.654085397720336914e+00
6.300000000000000000e+03 -2.656386375427246094e+00
6.301000000000000000e+03 -2.704012870788574219e+00
6.302000000000000000e+03 -2.678340911865234375e+00
6.303000000000000000e+03 -2.677301883697509766e+00
6.304000000000000000e+03 -2.641745567321777344e+00
6.305000000000000000e+03 -2.661778450012207031e+00
6.306000000000000000e+03 -2.672059535980224609e+00
6.307000000000000000e+03 -2.692183732986450195e+00
6.308000000000000000e+03 -2.701182842254638672e+00
6.309000000000000000e+03 -2.651451349258422852e+00
6.310000000000000000e+03 -2.637876987457275391e+00
6.311000000000000000e+03 -2.648134469985961914e+00
6.312000000000000000e+03 -2.641159057617187500e+00
6.313000000000000000e+03 -2.650741815567016602e+00
6.314000000000000000e+03 -2.659772634506225586e+00
6.315000000000000000e+03 -2.659598827362060547e+00
6.316000000000000000e+03 -2.679303407669067383e+00
6.317000000000000000e+03 -2.640103340148925781e+00
6.318000000000000000e+03 -2.654038429260253906e+00
6.319000000000000000e+03 -2.658401012420654297e+00
6.320000000000000000e+03 -2.663670063018798828e+00
6.321000000000000000e+03 -2.699098110198974609e+00
6.322000000000000000e+03 -2.686392545700073242e+00
6.323000000000000000e+03 -2.629472255706787109e+00
6.324000000000000000e+03 -2.688775539398193359e+00
6.325000000000000000e+03 -2.669381380081176758e+00
6.326000000000000000e+03 -2.655622243881225586e+00
6.327000000000000000e+03 -2.673779487609863281e+00
6.328000000000000000e+03 -2.661634445190429688e+00
6.329000000000000000e+03 -2.671096324920654297e+00
6.330000000000000000e+03 -2.634501218795776367e+00
6.331000000000000000e+03 -2.643090963363647461e+00
6.332000000000000000e+03 -2.642553091049194336e+00
6.333000000000000000e+03 -2.673326253890991211e+00
6.334000000000000000e+03 -2.672719478607177734e+00
6.335000000000000000e+03 -2.679203987121582031e+00
6.336000000000000000e+03 -2.682471752166748047e+00
6.337000000000000000e+03 -2.677515745162963867e+00
6.338000000000000000e+03 -2.692498683929443359e+00
6.339000000000000000e+03 -2.669146537780761719e+00
6.340000000000000000e+03 -2.660119771957397461e+00
6.341000000000000000e+03 -2.665132045745849609e+00
6.342000000000000000e+03 -2.654328823089599609e+00
6.343000000000000000e+03 -2.671454429626464844e+00
6.344000000000000000e+03 -2.654369354248046875e+00
6.345000000000000000e+03 -2.684928894042968750e+00
6.346000000000000000e+03 -2.661054134368896484e+00
6.347000000000000000e+03 -2.656540632247924805e+00
6.348000000000000000e+03 -2.646967172622680664e+00
6.349000000000000000e+03 -2.636040449142456055e+00
6.350000000000000000e+03 -2.682426691055297852e+00
6.351000000000000000e+03 -2.669357538223266602e+00
6.352000000000000000e+03 -2.637102127075195312e+00
6.353000000000000000e+03 -2.628090381622314453e+00
6.354000000000000000e+03 -2.676971673965454102e+00
6.355000000000000000e+03 -2.701149940490722656e+00
6.356000000000000000e+03 -2.720627546310424805e+00
6.357000000000000000e+03 -2.731907367706298828e+00
6.358000000000000000e+03 -2.672525405883789062e+00
6.359000000000000000e+03 -2.687217712402343750e+00
6.360000000000000000e+03 -2.667664051055908203e+00
6.361000000000000000e+03 -2.665616989135742188e+00
6.362000000000000000e+03 -2.698223114013671875e+00
6.363000000000000000e+03 -2.683953285217285156e+00
6.364000000000000000e+03 -2.663362264633178711e+00
6.365000000000000000e+03 -2.677378654479980469e+00
6.366000000000000000e+03 -2.672037363052368164e+00
6.367000000000000000e+03 -2.672806024551391602e+00
6.368000000000000000e+03 -2.673745155334472656e+00
6.369000000000000000e+03 -2.691974639892578125e+00
6.370000000000000000e+03 -2.661496877670288086e+00
6.371000000000000000e+03 -2.674478530883789062e+00
6.372000000000000000e+03 -2.681258916854858398e+00
6.373000000000000000e+03 -2.668301820755004883e+00
6.374000000000000000e+03 -2.654286861419677734e+00
6.375000000000000000e+03 -2.647652149200439453e+00
6.376000000000000000e+03 -2.643004894256591797e+00
6.377000000000000000e+03 -2.634794712066650391e+00
6.378000000000000000e+03 -2.629821777343750000e+00
6.379000000000000000e+03 -2.626298904418945312e+00
6.380000000000000000e+03 -2.617891788482666016e+00
6.381000000000000000e+03 -2.641081333160400391e+00
6.382000000000000000e+03 -2.641340970993041992e+00
6.383000000000000000e+03 -2.655263662338256836e+00
6.384000000000000000e+03 -2.694287300109863281e+00
6.385000000000000000e+03 -2.659072875976562500e+00
6.386000000000000000e+03 -2.635588169097900391e+00
6.387000000000000000e+03 -2.629408597946166992e+00
6.388000000000000000e+03 -2.641379594802856445e+00
6.389000000000000000e+03 -2.640374660491943359e+00
6.390000000000000000e+03 -2.673686504364013672e+00
6.391000000000000000e+03 -2.636718750000000000e+00
6.392000000000000000e+03 -2.640401601791381836e+00
6.393000000000000000e+03 -2.635951995849609375e+00
6.394000000000000000e+03 -2.658520698547363281e+00
6.395000000000000000e+03 -2.680555105209350586e+00
6.396000000000000000e+03 -2.661959171295166016e+00
6.397000000000000000e+03 -2.674945354461669922e+00
6.398000000000000000e+03 -2.645214557647705078e+00
6.399000000000000000e+03 -2.656847953796386719e+00
6.400000000000000000e+03 -2.690656185150146484e+00
6.401000000000000000e+03 -2.658374309539794922e+00
6.402000000000000000e+03 -2.683063030242919922e+00
6.403000000000000000e+03 -2.680538177490234375e+00
6.404000000000000000e+03 -2.662507295608520508e+00
6.405000000000000000e+03 -2.678805112838745117e+00
6.406000000000000000e+03 -2.676914930343627930e+00
6.407000000000000000e+03 -2.659337520599365234e+00
6.408000000000000000e+03 -2.687187194824218750e+00
6.409000000000000000e+03 -2.655367851257324219e+00
6.410000000000000000e+03 -2.640597343444824219e+00
6.411000000000000000e+03 -2.629378557205200195e+00
6.412000000000000000e+03 -2.652842044830322266e+00
6.413000000000000000e+03 -2.639543056488037109e+00
6.414000000000000000e+03 -2.666345834732055664e+00
6.415000000000000000e+03 -2.676500320434570312e+00
6.416000000000000000e+03 -2.697962522506713867e+00
6.417000000000000000e+03 -2.704302072525024414e+00
6.418000000000000000e+03 -2.675709247589111328e+00
6.419000000000000000e+03 -2.709315538406372070e+00
6.420000000000000000e+03 -2.710106849670410156e+00
6.421000000000000000e+03 -2.662492513656616211e+00
6.422000000000000000e+03 -2.713681459426879883e+00
6.423000000000000000e+03 -2.707716941833496094e+00
6.424000000000000000e+03 -2.735420227050781250e+00
6.425000000000000000e+03 -2.707576751708984375e+00
6.426000000000000000e+03 -2.724962711334228516e+00
6.427000000000000000e+03 -2.688687562942504883e+00
6.428000000000000000e+03 -2.685575962066650391e+00
6.429000000000000000e+03 -2.670933723449707031e+00
6.430000000000000000e+03 -2.668555498123168945e+00
6.431000000000000000e+03 -2.726316452026367188e+00
6.432000000000000000e+03 -2.699016332626342773e+00
6.433000000000000000e+03 -2.696885108947753906e+00
6.434000000000000000e+03 -2.703644990921020508e+00
6.435000000000000000e+03 -2.707845449447631836e+00
6.436000000000000000e+03 -2.695703268051147461e+00
6.437000000000000000e+03 -2.653411865234375000e+00
6.438000000000000000e+03 -2.690901041030883789e+00
6.439000000000000000e+03 -2.685150384902954102e+00
6.440000000000000000e+03 -2.654787540435791016e+00
6.441000000000000000e+03 -2.671300411224365234e+00
6.442000000000000000e+03 -2.650652647018432617e+00
6.443000000000000000e+03 -2.658915758132934570e+00
6.444000000000000000e+03 -2.657812833786010742e+00
6.445000000000000000e+03 -2.683979034423828125e+00
6.446000000000000000e+03 -2.670970201492309570e+00
6.447000000000000000e+03 -2.676201343536376953e+00
6.448000000000000000e+03 -2.694248914718627930e+00
6.449000000000000000e+03 -2.689224004745483398e+00
6.450000000000000000e+03 -2.648605585098266602e+00
6.451000000000000000e+03 -2.642879724502563477e+00
6.452000000000000000e+03 -2.624394416809082031e+00
6.453000000000000000e+03 -2.643845558166503906e+00
6.454000000000000000e+03 -2.630137443542480469e+00
6.455000000000000000e+03 -2.642638206481933594e+00
6.456000000000000000e+03 -2.653330087661743164e+00
6.457000000000000000e+03 -2.683318614959716797e+00
6.458000000000000000e+03 -2.650665283203125000e+00
6.459000000000000000e+03 -2.661866903305053711e+00
6.460000000000000000e+03 -2.672360181808471680e+00
6.461000000000000000e+03 -2.649943351745605469e+00
6.462000000000000000e+03 -2.701463937759399414e+00
6.463000000000000000e+03 -2.669066429138183594e+00
6.464000000000000000e+03 -2.705895185470581055e+00
6.465000000000000000e+03 -2.710289478302001953e+00
6.466000000000000000e+03 -2.662147045135498047e+00
6.467000000000000000e+03 -2.708334684371948242e+00
6.468000000000000000e+03 -2.688487529754638672e+00
6.469000000000000000e+03 -2.640530586242675781e+00
6.470000000000000000e+03 -2.649675846099853516e+00
6.471000000000000000e+03 -2.670806407928466797e+00
6.472000000000000000e+03 -2.666270732879638672e+00
6.473000000000000000e+03 -2.657396078109741211e+00
6.474000000000000000e+03 -2.630304574966430664e+00
6.475000000000000000e+03 -2.664714813232421875e+00
6.476000000000000000e+03 -2.675683021545410156e+00
6.477000000000000000e+03 -2.656310796737670898e+00
6.478000000000000000e+03 -2.683195352554321289e+00
6.479000000000000000e+03 -2.673083543777465820e+00
6.480000000000000000e+03 -2.673620223999023438e+00
6.481000000000000000e+03 -2.644798278808593750e+00
6.482000000000000000e+03 -2.690576076507568359e+00
6.483000000000000000e+03 -2.717311620712280273e+00
6.484000000000000000e+03 -2.678007841110229492e+00
6.485000000000000000e+03 -2.655150413513183594e+00
6.486000000000000000e+03 -2.679345607757568359e+00
6.487000000000000000e+03 -2.673126697540283203e+00
6.488000000000000000e+03 -2.675448894500732422e+00
6.489000000000000000e+03 -2.686439275741577148e+00
6.490000000000000000e+03 -2.641134023666381836e+00
6.491000000000000000e+03 -2.659586668014526367e+00
6.492000000000000000e+03 -2.643950700759887695e+00
6.493000000000000000e+03 -2.654905796051025391e+00
6.494000000000000000e+03 -2.623013019561767578e+00
6.495000000000000000e+03 -2.689817428588867188e+00
6.496000000000000000e+03 -2.673055410385131836e+00
6.497000000000000000e+03 -2.632093429565429688e+00
6.498000000000000000e+03 -2.642990112304687500e+00
6.499000000000000000e+03 -2.685849905014038086e+00
6.500000000000000000e+03 -2.680665493011474609e+00
6.501000000000000000e+03 -2.685877323150634766e+00
6.502000000000000000e+03 -2.702784061431884766e+00
6.503000000000000000e+03 -2.651338338851928711e+00
6.504000000000000000e+03 -2.680773019790649414e+00
6.505000000000000000e+03 -2.625338315963745117e+00
6.506000000000000000e+03 -2.632266044616699219e+00
6.507000000000000000e+03 -2.649062633514404297e+00
6.508000000000000000e+03 -2.672463417053222656e+00
6.509000000000000000e+03 -2.669788122177124023e+00
6.510000000000000000e+03 -2.692512512207031250e+00
6.511000000000000000e+03 -2.678121805191040039e+00
6.512000000000000000e+03 -2.704605579376220703e+00
6.513000000000000000e+03 -2.691299438476562500e+00
6.514000000000000000e+03 -2.646673917770385742e+00
6.515000000000000000e+03 -2.653733968734741211e+00
6.516000000000000000e+03 -2.648837327957153320e+00
6.517000000000000000e+03 -2.632156610488891602e+00
6.518000000000000000e+03 -2.655304670333862305e+00
6.519000000000000000e+03 -2.668987989425659180e+00
6.520000000000000000e+03 -2.632631778717041016e+00
6.521000000000000000e+03 -2.683631420135498047e+00
6.522000000000000000e+03 -2.657459735870361328e+00
6.523000000000000000e+03 -2.653589487075805664e+00
6.524000000000000000e+03 -2.671970844268798828e+00
6.525000000000000000e+03 -2.653252363204956055e+00
6.526000000000000000e+03 -2.669240236282348633e+00
6.527000000000000000e+03 -2.690798521041870117e+00
6.528000000000000000e+03 -2.691522598266601562e+00
6.529000000000000000e+03 -2.691681385040283203e+00
6.530000000000000000e+03 -2.681467771530151367e+00
6.531000000000000000e+03 -2.680848836898803711e+00
6.532000000000000000e+03 -2.652626514434814453e+00
6.533000000000000000e+03 -2.631870985031127930e+00
6.534000000000000000e+03 -2.695358276367187500e+00
6.535000000000000000e+03 -2.674304962158203125e+00
6.536000000000000000e+03 -2.650633811950683594e+00
6.537000000000000000e+03 -2.674433231353759766e+00
6.538000000000000000e+03 -2.690709114074707031e+00
6.539000000000000000e+03 -2.655283212661743164e+00
6.540000000000000000e+03 -2.679301738739013672e+00
6.541000000000000000e+03 -2.703466176986694336e+00
6.542000000000000000e+03 -2.676452159881591797e+00
6.543000000000000000e+03 -2.701425313949584961e+00
6.544000000000000000e+03 -2.661361455917358398e+00
6.545000000000000000e+03 -2.683984279632568359e+00
6.546000000000000000e+03 -2.708094120025634766e+00
6.547000000000000000e+03 -2.666356325149536133e+00
6.548000000000000000e+03 -2.673983097076416016e+00
6.549000000000000000e+03 -2.717944622039794922e+00
6.550000000000000000e+03 -2.690150976181030273e+00
6.551000000000000000e+03 -2.707706451416015625e+00
6.552000000000000000e+03 -2.670912504196166992e+00
6.553000000000000000e+03 -2.672045946121215820e+00
6.554000000000000000e+03 -2.698058366775512695e+00
6.555000000000000000e+03 -2.674254179000854492e+00
6.556000000000000000e+03 -2.697326421737670898e+00
6.557000000000000000e+03 -2.689866542816162109e+00
6.558000000000000000e+03 -2.701308727264404297e+00
6.559000000000000000e+03 -2.677462577819824219e+00
6.560000000000000000e+03 -2.699559688568115234e+00
6.561000000000000000e+03 -2.695417404174804688e+00
6.562000000000000000e+03 -2.709371089935302734e+00
6.563000000000000000e+03 -2.704452276229858398e+00
6.564000000000000000e+03 -2.694388628005981445e+00
6.565000000000000000e+03 -2.682418107986450195e+00
6.566000000000000000e+03 -2.679025173187255859e+00
6.567000000000000000e+03 -2.663754463195800781e+00
6.568000000000000000e+03 -2.681387662887573242e+00
6.569000000000000000e+03 -2.670901775360107422e+00
6.570000000000000000e+03 -2.663418054580688477e+00
6.571000000000000000e+03 -2.639409780502319336e+00
6.572000000000000000e+03 -2.650023698806762695e+00
6.573000000000000000e+03 -2.643259525299072266e+00
6.574000000000000000e+03 -2.683260679244995117e+00
6.575000000000000000e+03 -2.669351100921630859e+00
6.576000000000000000e+03 -2.657856225967407227e+00
6.577000000000000000e+03 -2.669246435165405273e+00
6.578000000000000000e+03 -2.676902770996093750e+00
6.579000000000000000e+03 -2.678036212921142578e+00
6.580000000000000000e+03 -2.630189418792724609e+00
6.581000000000000000e+03 -2.648633718490600586e+00
6.582000000000000000e+03 -2.668382167816162109e+00
6.583000000000000000e+03 -2.661450386047363281e+00
6.584000000000000000e+03 -2.659845829010009766e+00
6.585000000000000000e+03 -2.659077882766723633e+00
6.586000000000000000e+03 -2.629031896591186523e+00
6.587000000000000000e+03 -2.622455358505249023e+00
6.588000000000000000e+03 -2.694383382797241211e+00
6.589000000000000000e+03 -2.648008346557617188e+00
6.590000000000000000e+03 -2.674994230270385742e+00
6.591000000000000000e+03 -2.682380676269531250e+00
6.592000000000000000e+03 -2.679724693298339844e+00
6.593000000000000000e+03 -2.661190748214721680e+00
6.594000000000000000e+03 -2.673090696334838867e+00
6.595000000000000000e+03 -2.675678968429565430e+00
6.596000000000000000e+03 -2.673578500747680664e+00
6.597000000000000000e+03 -2.668252229690551758e+00
6.598000000000000000e+03 -2.664751052856445312e+00
6.599000000000000000e+03 -2.692620754241943359e+00
6.600000000000000000e+03 -2.629971504211425781e+00
6.601000000000000000e+03 -2.636117458343505859e+00
6.602000000000000000e+03 -2.633083581924438477e+00
6.603000000000000000e+03 -2.652883291244506836e+00
6.604000000000000000e+03 -2.661166429519653320e+00
6.605000000000000000e+03 -2.659131050109863281e+00
6.606000000000000000e+03 -2.645829439163208008e+00
6.607000000000000000e+03 -2.621204614639282227e+00
6.608000000000000000e+03 -2.636497974395751953e+00
6.609000000000000000e+03 -2.647886991500854492e+00
6.610000000000000000e+03 -2.660284996032714844e+00
6.611000000000000000e+03 -2.603102207183837891e+00
6.612000000000000000e+03 -2.643808126449584961e+00
6.613000000000000000e+03 -2.626710653305053711e+00
6.614000000000000000e+03 -2.604021787643432617e+00
6.615000000000000000e+03 -2.626863956451416016e+00
6.616000000000000000e+03 -2.652066946029663086e+00
6.617000000000000000e+03 -2.640085220336914062e+00
6.618000000000000000e+03 -2.624896526336669922e+00
6.619000000000000000e+03 -2.652696132659912109e+00
6.620000000000000000e+03 -2.646654605865478516e+00
6.621000000000000000e+03 -2.669029235839843750e+00
6.622000000000000000e+03 -2.630764245986938477e+00
6.623000000000000000e+03 -2.650991439819335938e+00
6.624000000000000000e+03 -2.659495592117309570e+00
6.625000000000000000e+03 -2.675266265869140625e+00
6.626000000000000000e+03 -2.645373582839965820e+00
6.627000000000000000e+03 -2.646018028259277344e+00
6.628000000000000000e+03 -2.606211423873901367e+00
6.629000000000000000e+03 -2.612873554229736328e+00
6.630000000000000000e+03 -2.603254795074462891e+00
6.631000000000000000e+03 -2.630945205688476562e+00
6.632000000000000000e+03 -2.620955467224121094e+00
6.633000000000000000e+03 -2.605324983596801758e+00
6.634000000000000000e+03 -2.632911920547485352e+00
6.635000000000000000e+03 -2.635874748229980469e+00
6.636000000000000000e+03 -2.643174409866333008e+00
6.637000000000000000e+03 -2.611901044845581055e+00
6.638000000000000000e+03 -2.622040271759033203e+00
6.639000000000000000e+03 -2.669550657272338867e+00
6.640000000000000000e+03 -2.639794349670410156e+00
6.641000000000000000e+03 -2.642868995666503906e+00
6.642000000000000000e+03 -2.633202552795410156e+00
6.643000000000000000e+03 -2.636265993118286133e+00
6.644000000000000000e+03 -2.662962913513183594e+00
6.645000000000000000e+03 -2.670506238937377930e+00
6.646000000000000000e+03 -2.648771762847900391e+00
6.647000000000000000e+03 -2.665528774261474609e+00
6.648000000000000000e+03 -2.630153417587280273e+00
6.649000000000000000e+03 -2.668714523315429688e+00
6.650000000000000000e+03 -2.637726545333862305e+00
6.651000000000000000e+03 -2.608974456787109375e+00
6.652000000000000000e+03 -2.632759094238281250e+00
6.653000000000000000e+03 -2.651061534881591797e+00
6.654000000000000000e+03 -2.655247449874877930e+00
6.655000000000000000e+03 -2.625729560852050781e+00
6.656000000000000000e+03 -2.650063276290893555e+00
6.657000000000000000e+03 -2.665984153747558594e+00
6.658000000000000000e+03 -2.671397209167480469e+00
6.659000000000000000e+03 -2.662289857864379883e+00
6.660000000000000000e+03 -2.680976629257202148e+00
6.661000000000000000e+03 -2.638112783432006836e+00
6.662000000000000000e+03 -2.672625303268432617e+00
6.663000000000000000e+03 -2.635414361953735352e+00
6.664000000000000000e+03 -2.643157482147216797e+00
6.665000000000000000e+03 -2.659869432449340820e+00
6.666000000000000000e+03 -2.684034824371337891e+00
6.667000000000000000e+03 -2.673867940902709961e+00
6.668000000000000000e+03 -2.688826084136962891e+00
6.669000000000000000e+03 -2.682592153549194336e+00
6.670000000000000000e+03 -2.644296169281005859e+00
6.671000000000000000e+03 -2.601529121398925781e+00
6.672000000000000000e+03 -2.631119012832641602e+00
6.673000000000000000e+03 -2.635578155517578125e+00
6.674000000000000000e+03 -2.639302492141723633e+00
6.675000000000000000e+03 -2.658221721649169922e+00
6.676000000000000000e+03 -2.655127525329589844e+00
6.677000000000000000e+03 -2.636432170867919922e+00
6.678000000000000000e+03 -2.642808198928833008e+00
6.679000000000000000e+03 -2.640607833862304688e+00
6.680000000000000000e+03 -2.642097949981689453e+00
6.681000000000000000e+03 -2.663170099258422852e+00
6.682000000000000000e+03 -2.685859680175781250e+00
6.683000000000000000e+03 -2.681136369705200195e+00
6.684000000000000000e+03 -2.659022331237792969e+00
6.685000000000000000e+03 -2.660405874252319336e+00
6.686000000000000000e+03 -2.644469022750854492e+00
6.687000000000000000e+03 -2.681678056716918945e+00
6.688000000000000000e+03 -2.699486017227172852e+00
6.689000000000000000e+03 -2.670738935470581055e+00
6.690000000000000000e+03 -2.655033588409423828e+00
6.691000000000000000e+03 -2.656307697296142578e+00
6.692000000000000000e+03 -2.666558742523193359e+00
6.693000000000000000e+03 -2.657778978347778320e+00
6.694000000000000000e+03 -2.663633584976196289e+00
6.695000000000000000e+03 -2.668825387954711914e+00
6.696000000000000000e+03 -2.642033815383911133e+00
6.697000000000000000e+03 -2.657550573348999023e+00
6.698000000000000000e+03 -2.683081150054931641e+00
6.699000000000000000e+03 -2.679670572280883789e+00
6.700000000000000000e+03 -2.652029037475585938e+00
6.701000000000000000e+03 -2.659331321716308594e+00
6.702000000000000000e+03 -2.703143358230590820e+00
6.703000000000000000e+03 -2.695203781127929688e+00
6.704000000000000000e+03 -2.653774023056030273e+00
6.705000000000000000e+03 -2.652887582778930664e+00
6.706000000000000000e+03 -2.641299247741699219e+00
6.707000000000000000e+03 -2.629814863204956055e+00
6.708000000000000000e+03 -2.670002937316894531e+00
6.709000000000000000e+03 -2.631975173950195312e+00
6.710000000000000000e+03 -2.603520870208740234e+00
6.711000000000000000e+03 -2.617602825164794922e+00
6.712000000000000000e+03 -2.632241010665893555e+00
6.713000000000000000e+03 -2.645414829254150391e+00
6.714000000000000000e+03 -2.651898145675659180e+00
6.715000000000000000e+03 -2.657731056213378906e+00
6.716000000000000000e+03 -2.644391059875488281e+00
6.717000000000000000e+03 -2.659345388412475586e+00
6.718000000000000000e+03 -2.643468618392944336e+00
6.719000000000000000e+03 -2.629193305969238281e+00
6.720000000000000000e+03 -2.642552852630615234e+00
6.721000000000000000e+03 -2.669103384017944336e+00
6.722000000000000000e+03 -2.686428308486938477e+00
6.723000000000000000e+03 -2.689981937408447266e+00
6.724000000000000000e+03 -2.706833124160766602e+00
6.725000000000000000e+03 -2.695372343063354492e+00
6.726000000000000000e+03 -2.696505069732666016e+00
6.727000000000000000e+03 -2.705417871475219727e+00
6.728000000000000000e+03 -2.688126087188720703e+00
6.729000000000000000e+03 -2.680372238159179688e+00
6.730000000000000000e+03 -2.676727771759033203e+00
6.731000000000000000e+03 -2.728296041488647461e+00
6.732000000000000000e+03 -2.717609405517578125e+00
6.733000000000000000e+03 -2.696810960769653320e+00
6.734000000000000000e+03 -2.666844367980957031e+00
6.735000000000000000e+03 -2.699144840240478516e+00
6.736000000000000000e+03 -2.662384033203125000e+00
6.737000000000000000e+03 -2.644170045852661133e+00
6.738000000000000000e+03 -2.663385629653930664e+00
6.739000000000000000e+03 -2.669710159301757812e+00
6.740000000000000000e+03 -2.668280363082885742e+00
6.741000000000000000e+03 -2.620102643966674805e+00
6.742000000000000000e+03 -2.625206708908081055e+00
6.743000000000000000e+03 -2.685098648071289062e+00
6.744000000000000000e+03 -2.619954109191894531e+00
6.745000000000000000e+03 -2.607084751129150391e+00
6.746000000000000000e+03 -2.639034271240234375e+00
6.747000000000000000e+03 -2.626450300216674805e+00
6.748000000000000000e+03 -2.623205900192260742e+00
6.749000000000000000e+03 -2.634356498718261719e+00
6.750000000000000000e+03 -2.674681901931762695e+00
6.751000000000000000e+03 -2.677689552307128906e+00
6.752000000000000000e+03 -2.658855676651000977e+00
6.753000000000000000e+03 -2.676558017730712891e+00
6.754000000000000000e+03 -2.648565769195556641e+00
6.755000000000000000e+03 -2.654802322387695312e+00
6.756000000000000000e+03 -2.606539249420166016e+00
6.757000000000000000e+03 -2.628350973129272461e+00
6.758000000000000000e+03 -2.624660015106201172e+00
6.759000000000000000e+03 -2.654619932174682617e+00
6.760000000000000000e+03 -2.680945158004760742e+00
6.761000000000000000e+03 -2.651321172714233398e+00
6.762000000000000000e+03 -2.667592763900756836e+00
6.763000000000000000e+03 -2.674118280410766602e+00
6.764000000000000000e+03 -2.639964103698730469e+00
6.765000000000000000e+03 -2.645578384399414062e+00
6.766000000000000000e+03 -2.644751310348510742e+00
6.767000000000000000e+03 -2.617492198944091797e+00
6.768000000000000000e+03 -2.647464513778686523e+00
6.769000000000000000e+03 -2.670587301254272461e+00
6.770000000000000000e+03 -2.660049438476562500e+00
6.771000000000000000e+03 -2.640236616134643555e+00
6.772000000000000000e+03 -2.643315315246582031e+00
6.773000000000000000e+03 -2.635682582855224609e+00
6.774000000000000000e+03 -2.649275064468383789e+00
6.775000000000000000e+03 -2.644375801086425781e+00
6.776000000000000000e+03 -2.628068208694458008e+00
6.777000000000000000e+03 -2.650373935699462891e+00
6.778000000000000000e+03 -2.615421772003173828e+00
6.779000000000000000e+03 -2.645051956176757812e+00
6.780000000000000000e+03 -2.630901575088500977e+00
6.781000000000000000e+03 -2.606372833251953125e+00
6.782000000000000000e+03 -2.631368398666381836e+00
6.783000000000000000e+03 -2.601894140243530273e+00
6.784000000000000000e+03 -2.658617258071899414e+00
6.785000000000000000e+03 -2.666343927383422852e+00
6.786000000000000000e+03 -2.664750576019287109e+00
6.787000000000000000e+03 -2.607322692871093750e+00
6.788000000000000000e+03 -2.662062883377075195e+00
6.789000000000000000e+03 -2.612031698226928711e+00
6.790000000000000000e+03 -2.633033752441406250e+00
6.791000000000000000e+03 -2.611815690994262695e+00
6.792000000000000000e+03 -2.595279216766357422e+00
6.793000000000000000e+03 -2.644546747207641602e+00
6.794000000000000000e+03 -2.634814500808715820e+00
6.795000000000000000e+03 -2.611849784851074219e+00
6.796000000000000000e+03 -2.608496427536010742e+00
6.797000000000000000e+03 -2.607830047607421875e+00
6.798000000000000000e+03 -2.616239786148071289e+00
6.799000000000000000e+03 -2.662582874298095703e+00
6.800000000000000000e+03 -2.635938167572021484e+00
6.801000000000000000e+03 -2.645997047424316406e+00
6.802000000000000000e+03 -2.620093345642089844e+00
6.803000000000000000e+03 -2.654397487640380859e+00
6.804000000000000000e+03 -2.646963596343994141e+00
6.805000000000000000e+03 -2.676030158996582031e+00
6.806000000000000000e+03 -2.646243572235107422e+00
6.807000000000000000e+03 -2.647173881530761719e+00
6.808000000000000000e+03 -2.622624874114990234e+00
6.809000000000000000e+03 -2.657492160797119141e+00
6.810000000000000000e+03 -2.651246547698974609e+00
6.811000000000000000e+03 -2.637521028518676758e+00
6.812000000000000000e+03 -2.630350589752197266e+00
6.813000000000000000e+03 -2.621200561523437500e+00
6.814000000000000000e+03 -2.594192504882812500e+00
6.815000000000000000e+03 -2.568697214126586914e+00
6.816000000000000000e+03 -2.589970588684082031e+00
6.817000000000000000e+03 -2.591778755187988281e+00
6.818000000000000000e+03 -2.622175216674804688e+00
6.819000000000000000e+03 -2.626626968383789062e+00
6.820000000000000000e+03 -2.628180265426635742e+00
6.821000000000000000e+03 -2.633038282394409180e+00
6.822000000000000000e+03 -2.601498603820800781e+00
6.823000000000000000e+03 -2.628887414932250977e+00
6.824000000000000000e+03 -2.621403217315673828e+00
6.825000000000000000e+03 -2.640602111816406250e+00
6.826000000000000000e+03 -2.624626874923706055e+00
6.827000000000000000e+03 -2.611860752105712891e+00
6.828000000000000000e+03 -2.624485492706298828e+00
6.829000000000000000e+03 -2.652163505554199219e+00
6.830000000000000000e+03 -2.615104198455810547e+00
6.831000000000000000e+03 -2.608747959136962891e+00
6.832000000000000000e+03 -2.603682518005371094e+00
6.833000000000000000e+03 -2.599819898605346680e+00
6.834000000000000000e+03 -2.594792842864990234e+00
6.835000000000000000e+03 -2.635135173797607422e+00
6.836000000000000000e+03 -2.639213562011718750e+00
6.837000000000000000e+03 -2.598936080932617188e+00
6.838000000000000000e+03 -2.622428417205810547e+00
6.839000000000000000e+03 -2.606048107147216797e+00
6.840000000000000000e+03 -2.601456880569458008e+00
6.841000000000000000e+03 -2.632121562957763672e+00
6.842000000000000000e+03 -2.627641201019287109e+00
6.843000000000000000e+03 -2.626158714294433594e+00
6.844000000000000000e+03 -2.654448509216308594e+00
6.845000000000000000e+03 -2.626964092254638672e+00
6.846000000000000000e+03 -2.644693613052368164e+00
6.847000000000000000e+03 -2.637727499008178711e+00
6.848000000000000000e+03 -2.605153083801269531e+00
6.849000000000000000e+03 -2.638748884201049805e+00
6.850000000000000000e+03 -2.619907140731811523e+00
6.851000000000000000e+03 -2.646321535110473633e+00
6.852000000000000000e+03 -2.673152923583984375e+00
6.853000000000000000e+03 -2.657826662063598633e+00
6.854000000000000000e+03 -2.619140148162841797e+00
6.855000000000000000e+03 -2.632636070251464844e+00
6.856000000000000000e+03 -2.628009796142578125e+00
6.857000000000000000e+03 -2.615822315216064453e+00
6.858000000000000000e+03 -2.608086109161376953e+00
6.859000000000000000e+03 -2.654054880142211914e+00
6.860000000000000000e+03 -2.635145664215087891e+00
6.861000000000000000e+03 -2.651462554931640625e+00
6.862000000000000000e+03 -2.633208513259887695e+00
6.863000000000000000e+03 -2.630241394042968750e+00
6.864000000000000000e+03 -2.618708610534667969e+00
6.865000000000000000e+03 -2.589343309402465820e+00
6.866000000000000000e+03 -2.610332489013671875e+00
6.867000000000000000e+03 -2.588680028915405273e+00
6.868000000000000000e+03 -2.607429981231689453e+00
6.869000000000000000e+03 -2.631727457046508789e+00
6.870000000000000000e+03 -2.619040966033935547e+00
6.871000000000000000e+03 -2.623805761337280273e+00
6.872000000000000000e+03 -2.643644094467163086e+00
6.873000000000000000e+03 -2.600548505783081055e+00
6.874000000000000000e+03 -2.568148136138916016e+00
6.875000000000000000e+03 -2.590631961822509766e+00
6.876000000000000000e+03 -2.636005878448486328e+00
6.877000000000000000e+03 -2.599160909652709961e+00
6.878000000000000000e+03 -2.634693622589111328e+00
6.879000000000000000e+03 -2.656454801559448242e+00
6.880000000000000000e+03 -2.646349430084228516e+00
6.881000000000000000e+03 -2.642686605453491211e+00
6.882000000000000000e+03 -2.618929624557495117e+00
6.883000000000000000e+03 -2.621667385101318359e+00
6.884000000000000000e+03 -2.622446775436401367e+00
6.885000000000000000e+03 -2.627082824707031250e+00
6.886000000000000000e+03 -2.617180109024047852e+00
6.887000000000000000e+03 -2.633193969726562500e+00
6.888000000000000000e+03 -2.607740640640258789e+00
6.889000000000000000e+03 -2.627323150634765625e+00
6.890000000000000000e+03 -2.617653369903564453e+00
6.891000000000000000e+03 -2.629148483276367188e+00
6.892000000000000000e+03 -2.618075609207153320e+00
6.893000000000000000e+03 -2.629257440567016602e+00
6.894000000000000000e+03 -2.601524353027343750e+00
6.895000000000000000e+03 -2.606279850006103516e+00
6.896000000000000000e+03 -2.621820449829101562e+00
6.897000000000000000e+03 -2.630191326141357422e+00
6.898000000000000000e+03 -2.638095855712890625e+00
6.899000000000000000e+03 -2.596422433853149414e+00
6.900000000000000000e+03 -2.589908123016357422e+00
6.901000000000000000e+03 -2.611893892288208008e+00
6.902000000000000000e+03 -2.617889642715454102e+00
6.903000000000000000e+03 -2.647274494171142578e+00
6.904000000000000000e+03 -2.649804115295410156e+00
6.905000000000000000e+03 -2.660748243331909180e+00
6.906000000000000000e+03 -2.656456708908081055e+00
6.907000000000000000e+03 -2.611464738845825195e+00
6.908000000000000000e+03 -2.643134355545043945e+00
6.909000000000000000e+03 -2.623308658599853516e+00
6.910000000000000000e+03 -2.641486644744873047e+00
6.911000000000000000e+03 -2.625869989395141602e+00
6.912000000000000000e+03 -2.574058055877685547e+00
6.913000000000000000e+03 -2.611560344696044922e+00
6.914000000000000000e+03 -2.633077859878540039e+00
6.915000000000000000e+03 -2.636743307113647461e+00
6.916000000000000000e+03 -2.593589067459106445e+00
6.917000000000000000e+03 -2.578917980194091797e+00
6.918000000000000000e+03 -2.614024639129638672e+00
6.919000000000000000e+03 -2.649736166000366211e+00
6.920000000000000000e+03 -2.616062879562377930e+00
6.921000000000000000e+03 -2.637802839279174805e+00
6.922000000000000000e+03 -2.665708541870117188e+00
6.923000000000000000e+03 -2.675774812698364258e+00
6.924000000000000000e+03 -2.661707878112792969e+00
6.925000000000000000e+03 -2.627863407135009766e+00
6.926000000000000000e+03 -2.649224519729614258e+00
6.927000000000000000e+03 -2.643553495407104492e+00
6.928000000000000000e+03 -2.643004179000854492e+00
6.929000000000000000e+03 -2.636250257492065430e+00
6.930000000000000000e+03 -2.627017736434936523e+00
6.931000000000000000e+03 -2.639223814010620117e+00
6.932000000000000000e+03 -2.652547597885131836e+00
6.933000000000000000e+03 -2.641497611999511719e+00
6.934000000000000000e+03 -2.674366235733032227e+00
6.935000000000000000e+03 -2.671209096908569336e+00
6.936000000000000000e+03 -2.671995401382446289e+00
6.937000000000000000e+03 -2.631454944610595703e+00
6.938000000000000000e+03 -2.681902885437011719e+00
6.939000000000000000e+03 -2.664153814315795898e+00
6.940000000000000000e+03 -2.646379709243774414e+00
6.941000000000000000e+03 -2.678442478179931641e+00
6.942000000000000000e+03 -2.678791761398315430e+00
6.943000000000000000e+03 -2.673696041107177734e+00
6.944000000000000000e+03 -2.639619827270507812e+00
6.945000000000000000e+03 -2.655274868011474609e+00
6.946000000000000000e+03 -2.647104740142822266e+00
6.947000000000000000e+03 -2.637300491333007812e+00
6.948000000000000000e+03 -2.648457050323486328e+00
6.949000000000000000e+03 -2.668358564376831055e+00
6.950000000000000000e+03 -2.629458427429199219e+00
6.951000000000000000e+03 -2.627651691436767578e+00
6.952000000000000000e+03 -2.636064529418945312e+00
6.953000000000000000e+03 -2.672085523605346680e+00
6.954000000000000000e+03 -2.677468299865722656e+00
6.955000000000000000e+03 -2.664228916168212891e+00
6.956000000000000000e+03 -2.639108180999755859e+00
6.957000000000000000e+03 -2.670092582702636719e+00
6.958000000000000000e+03 -2.634435176849365234e+00
6.959000000000000000e+03 -2.612264156341552734e+00
6.960000000000000000e+03 -2.662698984146118164e+00
6.961000000000000000e+03 -2.628066539764404297e+00
6.962000000000000000e+03 -2.642721891403198242e+00
6.963000000000000000e+03 -2.645537614822387695e+00
6.964000000000000000e+03 -2.663256168365478516e+00
6.965000000000000000e+03 -2.678036212921142578e+00
6.966000000000000000e+03 -2.640306711196899414e+00
6.967000000000000000e+03 -2.638534307479858398e+00
6.968000000000000000e+03 -2.675401926040649414e+00
6.969000000000000000e+03 -2.692667245864868164e+00
6.970000000000000000e+03 -2.668386936187744141e+00
6.971000000000000000e+03 -2.647608995437622070e+00
6.972000000000000000e+03 -2.679691791534423828e+00
6.973000000000000000e+03 -2.677438974380493164e+00
6.974000000000000000e+03 -2.668669700622558594e+00
6.975000000000000000e+03 -2.681324243545532227e+00
6.976000000000000000e+03 -2.684393167495727539e+00
6.977000000000000000e+03 -2.659993886947631836e+00
6.978000000000000000e+03 -2.658439397811889648e+00
6.979000000000000000e+03 -2.630380153656005859e+00
6.980000000000000000e+03 -2.643937826156616211e+00
6.981000000000000000e+03 -2.648890256881713867e+00
6.982000000000000000e+03 -2.655533313751220703e+00
6.983000000000000000e+03 -2.684349298477172852e+00
6.984000000000000000e+03 -2.671964168548583984e+00
6.985000000000000000e+03 -2.654122114181518555e+00
6.986000000000000000e+03 -2.646132469177246094e+00
6.987000000000000000e+03 -2.614737272262573242e+00
6.988000000000000000e+03 -2.626737356185913086e+00
6.989000000000000000e+03 -2.645634651184082031e+00
6.990000000000000000e+03 -2.690528392791748047e+00
6.991000000000000000e+03 -2.690874814987182617e+00
6.992000000000000000e+03 -2.677047967910766602e+00
6.993000000000000000e+03 -2.626267433166503906e+00
6.994000000000000000e+03 -2.636962652206420898e+00
6.995000000000000000e+03 -2.622467041015625000e+00
6.996000000000000000e+03 -2.628374338150024414e+00
6.997000000000000000e+03 -2.631652832031250000e+00
6.998000000000000000e+03 -2.618052482604980469e+00
6.999000000000000000e+03 -2.661427259445190430e+00
7.000000000000000000e+03 -2.654736518859863281e+00
7.001000000000000000e+03 -2.616653442382812500e+00
7.002000000000000000e+03 -2.649761438369750977e+00
7.003000000000000000e+03 -2.652156829833984375e+00
7.004000000000000000e+03 -2.653055906295776367e+00
7.005000000000000000e+03 -2.649087429046630859e+00
7.006000000000000000e+03 -2.641024589538574219e+00
7.007000000000000000e+03 -2.661071300506591797e+00
7.008000000000000000e+03 -2.650269508361816406e+00
7.009000000000000000e+03 -2.639974832534790039e+00
7.010000000000000000e+03 -2.644115209579467773e+00
7.011000000000000000e+03 -2.644743680953979492e+00
7.012000000000000000e+03 -2.658321142196655273e+00
7.013000000000000000e+03 -2.675608873367309570e+00
7.014000000000000000e+03 -2.647166252136230469e+00
7.015000000000000000e+03 -2.630068063735961914e+00
7.016000000000000000e+03 -2.620025157928466797e+00
7.017000000000000000e+03 -2.612146854400634766e+00
7.018000000000000000e+03 -2.604209899902343750e+00
7.019000000000000000e+03 -2.626543521881103516e+00
7.020000000000000000e+03 -2.617263078689575195e+00
7.021000000000000000e+03 -2.635534286499023438e+00
7.022000000000000000e+03 -2.649031639099121094e+00
7.023000000000000000e+03 -2.639249801635742188e+00
7.024000000000000000e+03 -2.632102966308593750e+00
7.025000000000000000e+03 -2.682984352111816406e+00
7.026000000000000000e+03 -2.670371770858764648e+00
7.027000000000000000e+03 -2.641830205917358398e+00
7.028000000000000000e+03 -2.650725603103637695e+00
7.029000000000000000e+03 -2.656464576721191406e+00
7.030000000000000000e+03 -2.628494739532470703e+00
7.031000000000000000e+03 -2.627955913543701172e+00
7.032000000000000000e+03 -2.613401412963867188e+00
7.033000000000000000e+03 -2.641364097595214844e+00
7.034000000000000000e+03 -2.624269723892211914e+00
7.035000000000000000e+03 -2.626117467880249023e+00
7.036000000000000000e+03 -2.608770608901977539e+00
7.037000000000000000e+03 -2.606744050979614258e+00
7.038000000000000000e+03 -2.656223535537719727e+00
7.039000000000000000e+03 -2.666374444961547852e+00
7.040000000000000000e+03 -2.676470756530761719e+00
7.041000000000000000e+03 -2.642950057983398438e+00
7.042000000000000000e+03 -2.625456333160400391e+00
7.043000000000000000e+03 -2.641392707824707031e+00
7.044000000000000000e+03 -2.654820442199707031e+00
7.045000000000000000e+03 -2.650189876556396484e+00
7.046000000000000000e+03 -2.622926473617553711e+00
7.047000000000000000e+03 -2.646201610565185547e+00
7.048000000000000000e+03 -2.644637107849121094e+00
7.049000000000000000e+03 -2.637013673782348633e+00
7.050000000000000000e+03 -2.658327817916870117e+00
7.051000000000000000e+03 -2.682819843292236328e+00
7.052000000000000000e+03 -2.657712697982788086e+00
7.053000000000000000e+03 -2.648717164993286133e+00
7.054000000000000000e+03 -2.628660440444946289e+00
7.055000000000000000e+03 -2.649621725082397461e+00
7.056000000000000000e+03 -2.650734663009643555e+00
7.057000000000000000e+03 -2.649613857269287109e+00
7.058000000000000000e+03 -2.647110462188720703e+00
7.059000000000000000e+03 -2.643161773681640625e+00
7.060000000000000000e+03 -2.643661260604858398e+00
7.061000000000000000e+03 -2.668623685836791992e+00
7.062000000000000000e+03 -2.635022163391113281e+00
7.063000000000000000e+03 -2.634990453720092773e+00
7.064000000000000000e+03 -2.624554395675659180e+00
7.065000000000000000e+03 -2.636742115020751953e+00
7.066000000000000000e+03 -2.651129961013793945e+00
7.067000000000000000e+03 -2.662993669509887695e+00
7.068000000000000000e+03 -2.655818462371826172e+00
7.069000000000000000e+03 -2.628337383270263672e+00
7.070000000000000000e+03 -2.594885349273681641e+00
7.071000000000000000e+03 -2.632452964782714844e+00
7.072000000000000000e+03 -2.630290746688842773e+00
7.073000000000000000e+03 -2.654152631759643555e+00
7.074000000000000000e+03 -2.644296169281005859e+00
7.075000000000000000e+03 -2.648050546646118164e+00
7.076000000000000000e+03 -2.637931585311889648e+00
7.077000000000000000e+03 -2.615284681320190430e+00
7.078000000000000000e+03 -2.614922046661376953e+00
7.079000000000000000e+03 -2.616125822067260742e+00
7.080000000000000000e+03 -2.612054347991943359e+00
7.081000000000000000e+03 -2.659280061721801758e+00
7.082000000000000000e+03 -2.653147697448730469e+00
7.083000000000000000e+03 -2.660366535186767578e+00
7.084000000000000000e+03 -2.620568990707397461e+00
7.085000000000000000e+03 -2.634619951248168945e+00
7.086000000000000000e+03 -2.628549575805664062e+00
7.087000000000000000e+03 -2.609715938568115234e+00
7.088000000000000000e+03 -2.643664121627807617e+00
7.089000000000000000e+03 -2.641658067703247070e+00
7.090000000000000000e+03 -2.655017852783203125e+00
7.091000000000000000e+03 -2.664680957794189453e+00
7.092000000000000000e+03 -2.643435955047607422e+00
7.093000000000000000e+03 -2.656008481979370117e+00
7.094000000000000000e+03 -2.616573333740234375e+00
7.095000000000000000e+03 -2.596344947814941406e+00
7.096000000000000000e+03 -2.618155956268310547e+00
7.097000000000000000e+03 -2.618028402328491211e+00
7.098000000000000000e+03 -2.604154586791992188e+00
7.099000000000000000e+03 -2.633125305175781250e+00
7.100000000000000000e+03 -2.584380149841308594e+00
7.101000000000000000e+03 -2.608314037322998047e+00
7.102000000000000000e+03 -2.633915185928344727e+00
7.103000000000000000e+03 -2.636201858520507812e+00
7.104000000000000000e+03 -2.644918203353881836e+00
7.105000000000000000e+03 -2.655336856842041016e+00
7.106000000000000000e+03 -2.621113777160644531e+00
7.107000000000000000e+03 -2.619846343994140625e+00
7.108000000000000000e+03 -2.590074539184570312e+00
7.109000000000000000e+03 -2.653809547424316406e+00
7.110000000000000000e+03 -2.604702472686767578e+00
7.111000000000000000e+03 -2.619373798370361328e+00
7.112000000000000000e+03 -2.616070032119750977e+00
7.113000000000000000e+03 -2.625813007354736328e+00
7.114000000000000000e+03 -2.632428407669067383e+00
7.115000000000000000e+03 -2.647501230239868164e+00
7.116000000000000000e+03 -2.625162839889526367e+00
7.117000000000000000e+03 -2.622393608093261719e+00
7.118000000000000000e+03 -2.610764026641845703e+00
7.119000000000000000e+03 -2.606726884841918945e+00
7.120000000000000000e+03 -2.639312267303466797e+00
7.121000000000000000e+03 -2.667588710784912109e+00
7.122000000000000000e+03 -2.649749040603637695e+00
7.123000000000000000e+03 -2.664744138717651367e+00
7.124000000000000000e+03 -2.660040378570556641e+00
7.125000000000000000e+03 -2.674679040908813477e+00
7.126000000000000000e+03 -2.630921363830566406e+00
7.127000000000000000e+03 -2.634259223937988281e+00
7.128000000000000000e+03 -2.596274614334106445e+00
7.129000000000000000e+03 -2.605935096740722656e+00
7.130000000000000000e+03 -2.607039690017700195e+00
7.131000000000000000e+03 -2.648473262786865234e+00
7.132000000000000000e+03 -2.667209863662719727e+00
7.133000000000000000e+03 -2.608122110366821289e+00
7.134000000000000000e+03 -2.606935977935791016e+00
7.135000000000000000e+03 -2.620487689971923828e+00
7.136000000000000000e+03 -2.639725685119628906e+00
7.137000000000000000e+03 -2.685493230819702148e+00
7.138000000000000000e+03 -2.669955730438232422e+00
7.139000000000000000e+03 -2.638075590133666992e+00
7.140000000000000000e+03 -2.658518075942993164e+00
7.141000000000000000e+03 -2.672154188156127930e+00
7.142000000000000000e+03 -2.626930236816406250e+00
7.143000000000000000e+03 -2.636371135711669922e+00
7.144000000000000000e+03 -2.643563508987426758e+00
7.145000000000000000e+03 -2.654883861541748047e+00
7.146000000000000000e+03 -2.619813203811645508e+00
7.147000000000000000e+03 -2.590086936950683594e+00
7.148000000000000000e+03 -2.651343584060668945e+00
7.149000000000000000e+03 -2.671814918518066406e+00
7.150000000000000000e+03 -2.656959295272827148e+00
7.151000000000000000e+03 -2.639968872070312500e+00
7.152000000000000000e+03 -2.654999494552612305e+00
7.153000000000000000e+03 -2.668683528900146484e+00
7.154000000000000000e+03 -2.673718452453613281e+00
7.155000000000000000e+03 -2.631578922271728516e+00
7.156000000000000000e+03 -2.639704704284667969e+00
7.157000000000000000e+03 -2.630976438522338867e+00
7.158000000000000000e+03 -2.620778799057006836e+00
7.159000000000000000e+03 -2.614549875259399414e+00
7.160000000000000000e+03 -2.634161710739135742e+00
7.161000000000000000e+03 -2.616214036941528320e+00
7.162000000000000000e+03 -2.632073879241943359e+00
7.163000000000000000e+03 -2.660566806793212891e+00
7.164000000000000000e+03 -2.645603895187377930e+00
7.165000000000000000e+03 -2.600167989730834961e+00
7.166000000000000000e+03 -2.613579750061035156e+00
7.167000000000000000e+03 -2.603553533554077148e+00
7.168000000000000000e+03 -2.615470409393310547e+00
7.169000000000000000e+03 -2.645479440689086914e+00
7.170000000000000000e+03 -2.589596271514892578e+00
7.171000000000000000e+03 -2.581843137741088867e+00
7.172000000000000000e+03 -2.600737333297729492e+00
7.173000000000000000e+03 -2.563377857208251953e+00
7.174000000000000000e+03 -2.598228454589843750e+00
7.175000000000000000e+03 -2.608838081359863281e+00
7.176000000000000000e+03 -2.575905323028564453e+00
7.177000000000000000e+03 -2.571956396102905273e+00
7.178000000000000000e+03 -2.574940204620361328e+00
7.179000000000000000e+03 -2.613370895385742188e+00
7.180000000000000000e+03 -2.606904268264770508e+00
7.181000000000000000e+03 -2.581101894378662109e+00
7.182000000000000000e+03 -2.586444377899169922e+00
7.183000000000000000e+03 -2.609001874923706055e+00
7.184000000000000000e+03 -2.624263763427734375e+00
7.185000000000000000e+03 -2.618550300598144531e+00
7.186000000000000000e+03 -2.605659484863281250e+00
7.187000000000000000e+03 -2.617782115936279297e+00
7.188000000000000000e+03 -2.649250984191894531e+00
7.189000000000000000e+03 -2.641851425170898438e+00
7.190000000000000000e+03 -2.649992704391479492e+00
7.191000000000000000e+03 -2.605596065521240234e+00
7.192000000000000000e+03 -2.593974828720092773e+00
7.193000000000000000e+03 -2.620747804641723633e+00
7.194000000000000000e+03 -2.564146995544433594e+00
7.195000000000000000e+03 -2.581309556961059570e+00
7.196000000000000000e+03 -2.616859674453735352e+00
7.197000000000000000e+03 -2.627507686614990234e+00
7.198000000000000000e+03 -2.641440391540527344e+00
7.199000000000000000e+03 -2.607310771942138672e+00
7.200000000000000000e+03 -2.593500137329101562e+00
7.201000000000000000e+03 -2.616017103195190430e+00
7.202000000000000000e+03 -2.600732564926147461e+00
7.203000000000000000e+03 -2.583920478820800781e+00
7.204000000000000000e+03 -2.612790822982788086e+00
7.205000000000000000e+03 -2.594973087310791016e+00
7.206000000000000000e+03 -2.608292579650878906e+00
7.207000000000000000e+03 -2.608706474304199219e+00
7.208000000000000000e+03 -2.649115324020385742e+00
7.209000000000000000e+03 -2.636884212493896484e+00
7.210000000000000000e+03 -2.618540763854980469e+00
7.211000000000000000e+03 -2.603055715560913086e+00
7.212000000000000000e+03 -2.624993801116943359e+00
7.213000000000000000e+03 -2.623810529708862305e+00
7.214000000000000000e+03 -2.626175403594970703e+00
7.215000000000000000e+03 -2.624970436096191406e+00
7.216000000000000000e+03 -2.645000934600830078e+00
7.217000000000000000e+03 -2.636601686477661133e+00
7.218000000000000000e+03 -2.657791137695312500e+00
7.219000000000000000e+03 -2.609548807144165039e+00
7.220000000000000000e+03 -2.602900981903076172e+00
7.221000000000000000e+03 -2.584054470062255859e+00
7.222000000000000000e+03 -2.582298994064331055e+00
7.223000000000000000e+03 -2.589215993881225586e+00
7.224000000000000000e+03 -2.610455989837646484e+00
7.225000000000000000e+03 -2.626354694366455078e+00
7.226000000000000000e+03 -2.644549131393432617e+00
7.227000000000000000e+03 -2.608048915863037109e+00
7.228000000000000000e+03 -2.637125730514526367e+00
7.229000000000000000e+03 -2.637667179107666016e+00
7.230000000000000000e+03 -2.595099687576293945e+00
7.231000000000000000e+03 -2.578352689743041992e+00
7.232000000000000000e+03 -2.561301708221435547e+00
7.233000000000000000e+03 -2.527829647064208984e+00
7.234000000000000000e+03 -2.557788610458374023e+00
7.235000000000000000e+03 -2.571588277816772461e+00
7.236000000000000000e+03 -2.564748764038085938e+00
7.237000000000000000e+03 -2.579456567764282227e+00
7.238000000000000000e+03 -2.522512197494506836e+00
7.239000000000000000e+03 -2.592054843902587891e+00
7.240000000000000000e+03 -2.573413848876953125e+00
7.241000000000000000e+03 -2.549347639083862305e+00
7.242000000000000000e+03 -2.518797159194946289e+00
7.243000000000000000e+03 -2.531821012496948242e+00
7.244000000000000000e+03 -2.576976776123046875e+00
7.245000000000000000e+03 -2.572579622268676758e+00
7.246000000000000000e+03 -2.572761535644531250e+00
7.247000000000000000e+03 -2.589372158050537109e+00
7.248000000000000000e+03 -2.588611125946044922e+00
7.249000000000000000e+03 -2.570015907287597656e+00
7.250000000000000000e+03 -2.585159778594970703e+00
7.251000000000000000e+03 -2.584774494171142578e+00
7.252000000000000000e+03 -2.586894035339355469e+00
7.253000000000000000e+03 -2.565346240997314453e+00
7.254000000000000000e+03 -2.600663661956787109e+00
7.255000000000000000e+03 -2.587484598159790039e+00
7.256000000000000000e+03 -2.620496749877929688e+00
7.257000000000000000e+03 -2.625584602355957031e+00
7.258000000000000000e+03 -2.592479705810546875e+00
7.259000000000000000e+03 -2.617448329925537109e+00
7.260000000000000000e+03 -2.641354322433471680e+00
7.261000000000000000e+03 -2.623828172683715820e+00
7.262000000000000000e+03 -2.626999855041503906e+00
7.263000000000000000e+03 -2.631659030914306641e+00
7.264000000000000000e+03 -2.648980617523193359e+00
7.265000000000000000e+03 -2.656299114227294922e+00
7.266000000000000000e+03 -2.642160892486572266e+00
7.267000000000000000e+03 -2.617496252059936523e+00
7.268000000000000000e+03 -2.613408565521240234e+00
7.269000000000000000e+03 -2.613504886627197266e+00
7.270000000000000000e+03 -2.637213706970214844e+00
7.271000000000000000e+03 -2.640853881835937500e+00
7.272000000000000000e+03 -2.601860523223876953e+00
7.273000000000000000e+03 -2.597485542297363281e+00
7.274000000000000000e+03 -2.633129119873046875e+00
7.275000000000000000e+03 -2.607188224792480469e+00
7.276000000000000000e+03 -2.592924594879150391e+00
7.277000000000000000e+03 -2.600090265274047852e+00
7.278000000000000000e+03 -2.599699497222900391e+00
7.279000000000000000e+03 -2.600551366806030273e+00
7.280000000000000000e+03 -2.595591783523559570e+00
7.281000000000000000e+03 -2.614667415618896484e+00
7.282000000000000000e+03 -2.585282564163208008e+00
7.283000000000000000e+03 -2.583252191543579102e+00
7.284000000000000000e+03 -2.593966484069824219e+00
7.285000000000000000e+03 -2.615912437438964844e+00
7.286000000000000000e+03 -2.602837085723876953e+00
7.287000000000000000e+03 -2.624170064926147461e+00
7.288000000000000000e+03 -2.608232021331787109e+00
7.289000000000000000e+03 -2.622234821319580078e+00
7.290000000000000000e+03 -2.629080295562744141e+00
7.291000000000000000e+03 -2.620379686355590820e+00
7.292000000000000000e+03 -2.616961717605590820e+00
7.293000000000000000e+03 -2.617164373397827148e+00
7.294000000000000000e+03 -2.606507539749145508e+00
7.295000000000000000e+03 -2.605846643447875977e+00
7.296000000000000000e+03 -2.597841978073120117e+00
7.297000000000000000e+03 -2.607940673828125000e+00
7.298000000000000000e+03 -2.585856914520263672e+00
7.299000000000000000e+03 -2.578782796859741211e+00
7.300000000000000000e+03 -2.603530645370483398e+00
7.301000000000000000e+03 -2.647059202194213867e+00
7.302000000000000000e+03 -2.580324888229370117e+00
7.303000000000000000e+03 -2.576247215270996094e+00
7.304000000000000000e+03 -2.615044593811035156e+00
7.305000000000000000e+03 -2.598775863647460938e+00
7.306000000000000000e+03 -2.635038137435913086e+00
7.307000000000000000e+03 -2.621366739273071289e+00
7.308000000000000000e+03 -2.590678215026855469e+00
7.309000000000000000e+03 -2.617997169494628906e+00
7.310000000000000000e+03 -2.628649950027465820e+00
7.311000000000000000e+03 -2.666859626770019531e+00
7.312000000000000000e+03 -2.640872955322265625e+00
7.313000000000000000e+03 -2.637658834457397461e+00
7.314000000000000000e+03 -2.642005920410156250e+00
7.315000000000000000e+03 -2.643493175506591797e+00
7.316000000000000000e+03 -2.645872116088867188e+00
7.317000000000000000e+03 -2.609894752502441406e+00
7.318000000000000000e+03 -2.610199213027954102e+00
7.319000000000000000e+03 -2.628407001495361328e+00
7.320000000000000000e+03 -2.643035888671875000e+00
7.321000000000000000e+03 -2.609682083129882812e+00
7.322000000000000000e+03 -2.610865592956542969e+00
7.323000000000000000e+03 -2.638904094696044922e+00
7.324000000000000000e+03 -2.650757074356079102e+00
7.325000000000000000e+03 -2.657924652099609375e+00
7.326000000000000000e+03 -2.614251375198364258e+00
7.327000000000000000e+03 -2.609140634536743164e+00
7.328000000000000000e+03 -2.617393732070922852e+00
7.329000000000000000e+03 -2.656423091888427734e+00
7.330000000000000000e+03 -2.614081382751464844e+00
7.331000000000000000e+03 -2.597502708435058594e+00
7.332000000000000000e+03 -2.621052503585815430e+00
7.333000000000000000e+03 -2.620022296905517578e+00
7.334000000000000000e+03 -2.613347768783569336e+00
7.335000000000000000e+03 -2.646816730499267578e+00
7.336000000000000000e+03 -2.619072914123535156e+00
7.337000000000000000e+03 -2.638919353485107422e+00
7.338000000000000000e+03 -2.644287347793579102e+00
7.339000000000000000e+03 -2.647397518157958984e+00
7.340000000000000000e+03 -2.630955219268798828e+00
7.341000000000000000e+03 -2.633991479873657227e+00
7.342000000000000000e+03 -2.664778470993041992e+00
7.343000000000000000e+03 -2.630993604660034180e+00
7.344000000000000000e+03 -2.645677089691162109e+00
7.345000000000000000e+03 -2.621751308441162109e+00
7.346000000000000000e+03 -2.632304191589355469e+00
7.347000000000000000e+03 -2.596724033355712891e+00
7.348000000000000000e+03 -2.609743833541870117e+00
7.349000000000000000e+03 -2.607334852218627930e+00
7.350000000000000000e+03 -2.632113695144653320e+00
7.351000000000000000e+03 -2.640061855316162109e+00
7.352000000000000000e+03 -2.605325222015380859e+00
7.353000000000000000e+03 -2.617575168609619141e+00
7.354000000000000000e+03 -2.587727069854736328e+00
7.355000000000000000e+03 -2.585653305053710938e+00
7.356000000000000000e+03 -2.570865631103515625e+00
7.357000000000000000e+03 -2.592808723449707031e+00
7.358000000000000000e+03 -2.599769830703735352e+00
7.359000000000000000e+03 -2.587067127227783203e+00
7.360000000000000000e+03 -2.583988666534423828e+00
7.361000000000000000e+03 -2.559078693389892578e+00
7.362000000000000000e+03 -2.588904380798339844e+00
7.363000000000000000e+03 -2.600281476974487305e+00
7.364000000000000000e+03 -2.578069448471069336e+00
7.365000000000000000e+03 -2.583485603332519531e+00
7.366000000000000000e+03 -2.586280822753906250e+00
7.367000000000000000e+03 -2.585337638854980469e+00
7.368000000000000000e+03 -2.613073348999023438e+00
7.369000000000000000e+03 -2.645910024642944336e+00
7.370000000000000000e+03 -2.630633115768432617e+00
7.371000000000000000e+03 -2.578313589096069336e+00
7.372000000000000000e+03 -2.640147924423217773e+00
7.373000000000000000e+03 -2.610468149185180664e+00
7.374000000000000000e+03 -2.585062026977539062e+00
7.375000000000000000e+03 -2.585427999496459961e+00
7.376000000000000000e+03 -2.596396923065185547e+00
7.377000000000000000e+03 -2.601606369018554688e+00
7.378000000000000000e+03 -2.619483470916748047e+00
7.379000000000000000e+03 -2.592548847198486328e+00
7.380000000000000000e+03 -2.626535415649414062e+00
7.381000000000000000e+03 -2.650723457336425781e+00
7.382000000000000000e+03 -2.657224655151367188e+00
7.383000000000000000e+03 -2.664376974105834961e+00
7.384000000000000000e+03 -2.633355140686035156e+00
7.385000000000000000e+03 -2.591426849365234375e+00
7.386000000000000000e+03 -2.606016397476196289e+00
7.387000000000000000e+03 -2.605014801025390625e+00
7.388000000000000000e+03 -2.589929580688476562e+00
7.389000000000000000e+03 -2.595155239105224609e+00
7.390000000000000000e+03 -2.585375308990478516e+00
7.391000000000000000e+03 -2.567142009735107422e+00
7.392000000000000000e+03 -2.575014591217041016e+00
7.393000000000000000e+03 -2.590879917144775391e+00
7.394000000000000000e+03 -2.552923679351806641e+00
7.395000000000000000e+03 -2.575598716735839844e+00
7.396000000000000000e+03 -2.581049442291259766e+00
7.397000000000000000e+03 -2.569695472717285156e+00
7.398000000000000000e+03 -2.584403514862060547e+00
7.399000000000000000e+03 -2.606954813003540039e+00
7.400000000000000000e+03 -2.566929817199707031e+00
7.401000000000000000e+03 -2.561593055725097656e+00
7.402000000000000000e+03 -2.564401149749755859e+00
7.403000000000000000e+03 -2.591138124465942383e+00
7.404000000000000000e+03 -2.612043380737304688e+00
7.405000000000000000e+03 -2.599650859832763672e+00
7.406000000000000000e+03 -2.576308012008666992e+00
7.407000000000000000e+03 -2.583674430847167969e+00
7.408000000000000000e+03 -2.599810123443603516e+00
7.409000000000000000e+03 -2.579300880432128906e+00
7.410000000000000000e+03 -2.575979948043823242e+00
7.411000000000000000e+03 -2.577759027481079102e+00
7.412000000000000000e+03 -2.558044433593750000e+00
7.413000000000000000e+03 -2.556929826736450195e+00
7.414000000000000000e+03 -2.564254760742187500e+00
7.415000000000000000e+03 -2.537136554718017578e+00
7.416000000000000000e+03 -2.565572261810302734e+00
7.417000000000000000e+03 -2.580248355865478516e+00
7.418000000000000000e+03 -2.589939594268798828e+00
7.419000000000000000e+03 -2.569130420684814453e+00
7.420000000000000000e+03 -2.566189765930175781e+00
7.421000000000000000e+03 -2.587096214294433594e+00
7.422000000000000000e+03 -2.585556507110595703e+00
7.423000000000000000e+03 -2.593762636184692383e+00
7.424000000000000000e+03 -2.578033447265625000e+00
7.425000000000000000e+03 -2.610339641571044922e+00
7.426000000000000000e+03 -2.584463119506835938e+00
7.427000000000000000e+03 -2.581027507781982422e+00
7.428000000000000000e+03 -2.579532146453857422e+00
7.429000000000000000e+03 -2.568507194519042969e+00
7.430000000000000000e+03 -2.539813280105590820e+00
7.431000000000000000e+03 -2.567796707153320312e+00
7.432000000000000000e+03 -2.606785058975219727e+00
7.433000000000000000e+03 -2.557677507400512695e+00
7.434000000000000000e+03 -2.551021575927734375e+00
7.435000000000000000e+03 -2.576527595520019531e+00
7.436000000000000000e+03 -2.546585559844970703e+00
7.437000000000000000e+03 -2.572407722473144531e+00
7.438000000000000000e+03 -2.569819688796997070e+00
7.439000000000000000e+03 -2.554447412490844727e+00
7.440000000000000000e+03 -2.557360172271728516e+00
7.441000000000000000e+03 -2.542115688323974609e+00
7.442000000000000000e+03 -2.533705472946166992e+00
7.443000000000000000e+03 -2.533594369888305664e+00
7.444000000000000000e+03 -2.569846391677856445e+00
7.445000000000000000e+03 -2.541464567184448242e+00
7.446000000000000000e+03 -2.552032470703125000e+00
7.447000000000000000e+03 -2.606432437896728516e+00
7.448000000000000000e+03 -2.557884216308593750e+00
7.449000000000000000e+03 -2.571860551834106445e+00
7.450000000000000000e+03 -2.546366453170776367e+00
7.451000000000000000e+03 -2.600791454315185547e+00
7.452000000000000000e+03 -2.584773063659667969e+00
7.453000000000000000e+03 -2.570157527923583984e+00
7.454000000000000000e+03 -2.573457241058349609e+00
7.455000000000000000e+03 -2.590242862701416016e+00
7.456000000000000000e+03 -2.599193096160888672e+00
7.457000000000000000e+03 -2.595581054687500000e+00
7.458000000000000000e+03 -2.603399038314819336e+00
7.459000000000000000e+03 -2.583868980407714844e+00
7.460000000000000000e+03 -2.584603548049926758e+00
7.461000000000000000e+03 -2.624674797058105469e+00
7.462000000000000000e+03 -2.605970621109008789e+00
7.463000000000000000e+03 -2.564991712570190430e+00
7.464000000000000000e+03 -2.612548351287841797e+00
7.465000000000000000e+03 -2.588292598724365234e+00
7.466000000000000000e+03 -2.564553022384643555e+00
7.467000000000000000e+03 -2.594032764434814453e+00
7.468000000000000000e+03 -2.587013244628906250e+00
7.469000000000000000e+03 -2.564416408538818359e+00
7.470000000000000000e+03 -2.569419384002685547e+00
7.471000000000000000e+03 -2.542975902557373047e+00
7.472000000000000000e+03 -2.573248624801635742e+00
7.473000000000000000e+03 -2.619009733200073242e+00
7.474000000000000000e+03 -2.623146057128906250e+00
7.475000000000000000e+03 -2.590779781341552734e+00
7.476000000000000000e+03 -2.587759494781494141e+00
7.477000000000000000e+03 -2.602849960327148438e+00
7.478000000000000000e+03 -2.580521106719970703e+00
7.479000000000000000e+03 -2.593917846679687500e+00
7.480000000000000000e+03 -2.609951972961425781e+00
7.481000000000000000e+03 -2.615365982055664062e+00
7.482000000000000000e+03 -2.618513584136962891e+00
7.483000000000000000e+03 -2.617862939834594727e+00
7.484000000000000000e+03 -2.609965085983276367e+00
7.485000000000000000e+03 -2.596817255020141602e+00
7.486000000000000000e+03 -2.596188068389892578e+00
7.487000000000000000e+03 -2.579594612121582031e+00
7.488000000000000000e+03 -2.595309734344482422e+00
7.489000000000000000e+03 -2.560880661010742188e+00
7.490000000000000000e+03 -2.548258543014526367e+00
7.491000000000000000e+03 -2.566111087799072266e+00
7.492000000000000000e+03 -2.542927265167236328e+00
7.493000000000000000e+03 -2.561684131622314453e+00
7.494000000000000000e+03 -2.580029010772705078e+00
7.495000000000000000e+03 -2.570601463317871094e+00
7.496000000000000000e+03 -2.585741281509399414e+00
7.497000000000000000e+03 -2.611342906951904297e+00
7.498000000000000000e+03 -2.578143835067749023e+00
7.499000000000000000e+03 -2.610602378845214844e+00
7.500000000000000000e+03 -2.594232082366943359e+00
7.501000000000000000e+03 -2.615349531173706055e+00
7.502000000000000000e+03 -2.610352516174316406e+00
7.503000000000000000e+03 -2.607500553131103516e+00
7.504000000000000000e+03 -2.585866451263427734e+00
7.505000000000000000e+03 -2.606772899627685547e+00
7.506000000000000000e+03 -2.580537557601928711e+00
7.507000000000000000e+03 -2.588393211364746094e+00
7.508000000000000000e+03 -2.634160041809082031e+00
7.509000000000000000e+03 -2.638147354125976562e+00
7.510000000000000000e+03 -2.628020286560058594e+00
7.511000000000000000e+03 -2.645143508911132812e+00
7.512000000000000000e+03 -2.603536367416381836e+00
7.513000000000000000e+03 -2.645628690719604492e+00
7.514000000000000000e+03 -2.636093616485595703e+00
7.515000000000000000e+03 -2.596275329589843750e+00
7.516000000000000000e+03 -2.603682041168212891e+00
7.517000000000000000e+03 -2.617200851440429688e+00
7.518000000000000000e+03 -2.594012260437011719e+00
7.519000000000000000e+03 -2.593922615051269531e+00
7.520000000000000000e+03 -2.617963314056396484e+00
7.521000000000000000e+03 -2.624747514724731445e+00
7.522000000000000000e+03 -2.623960971832275391e+00
7.523000000000000000e+03 -2.604269981384277344e+00
7.524000000000000000e+03 -2.645962715148925781e+00
7.525000000000000000e+03 -2.618621349334716797e+00
7.526000000000000000e+03 -2.610026836395263672e+00
7.527000000000000000e+03 -2.574783325195312500e+00
7.528000000000000000e+03 -2.574347972869873047e+00
7.529000000000000000e+03 -2.589858293533325195e+00
7.530000000000000000e+03 -2.576464176177978516e+00
7.531000000000000000e+03 -2.567027807235717773e+00
7.532000000000000000e+03 -2.593367576599121094e+00
7.533000000000000000e+03 -2.593945026397705078e+00
7.534000000000000000e+03 -2.586280345916748047e+00
7.535000000000000000e+03 -2.580880880355834961e+00
7.536000000000000000e+03 -2.557929992675781250e+00
7.537000000000000000e+03 -2.556274175643920898e+00
7.538000000000000000e+03 -2.553099632263183594e+00
7.539000000000000000e+03 -2.543297529220581055e+00
7.540000000000000000e+03 -2.564859390258789062e+00
7.541000000000000000e+03 -2.601162672042846680e+00
7.542000000000000000e+03 -2.570212841033935547e+00
7.543000000000000000e+03 -2.573991775512695312e+00
7.544000000000000000e+03 -2.566710948944091797e+00
7.545000000000000000e+03 -2.630721569061279297e+00
7.546000000000000000e+03 -2.578235626220703125e+00
7.547000000000000000e+03 -2.630485534667968750e+00
7.548000000000000000e+03 -2.605555057525634766e+00
7.549000000000000000e+03 -2.630110025405883789e+00
7.550000000000000000e+03 -2.666207790374755859e+00
7.551000000000000000e+03 -2.647727966308593750e+00
7.552000000000000000e+03 -2.615882396697998047e+00
7.553000000000000000e+03 -2.617812633514404297e+00
7.554000000000000000e+03 -2.653500556945800781e+00
7.555000000000000000e+03 -2.609205484390258789e+00
7.556000000000000000e+03 -2.629673719406127930e+00
7.557000000000000000e+03 -2.637346267700195312e+00
7.558000000000000000e+03 -2.618000268936157227e+00
7.559000000000000000e+03 -2.561830759048461914e+00
7.560000000000000000e+03 -2.583798885345458984e+00
7.561000000000000000e+03 -2.623788356781005859e+00
7.562000000000000000e+03 -2.613105297088623047e+00
7.563000000000000000e+03 -2.582037925720214844e+00
7.564000000000000000e+03 -2.617417335510253906e+00
7.565000000000000000e+03 -2.632482290267944336e+00
7.566000000000000000e+03 -2.611829996109008789e+00
7.567000000000000000e+03 -2.607079029083251953e+00
7.568000000000000000e+03 -2.623586893081665039e+00
7.569000000000000000e+03 -2.593585729598999023e+00
7.570000000000000000e+03 -2.614041328430175781e+00
7.571000000000000000e+03 -2.603476047515869141e+00
7.572000000000000000e+03 -2.609784126281738281e+00
7.573000000000000000e+03 -2.634172439575195312e+00
7.574000000000000000e+03 -2.613166332244873047e+00
7.575000000000000000e+03 -2.629209518432617188e+00
7.576000000000000000e+03 -2.633599519729614258e+00
7.577000000000000000e+03 -2.644006729125976562e+00
7.578000000000000000e+03 -2.657768964767456055e+00
7.579000000000000000e+03 -2.657488107681274414e+00
7.580000000000000000e+03 -2.643205881118774414e+00
7.581000000000000000e+03 -2.609527587890625000e+00
7.582000000000000000e+03 -2.642736673355102539e+00
7.583000000000000000e+03 -2.651457548141479492e+00
7.584000000000000000e+03 -2.645460367202758789e+00
7.585000000000000000e+03 -2.646395444869995117e+00
7.586000000000000000e+03 -2.595073699951171875e+00
7.587000000000000000e+03 -2.627028465270996094e+00
7.588000000000000000e+03 -2.631726026535034180e+00
7.589000000000000000e+03 -2.630451917648315430e+00
7.590000000000000000e+03 -2.663865566253662109e+00
7.591000000000000000e+03 -2.639511585235595703e+00
7.592000000000000000e+03 -2.641453981399536133e+00
7.593000000000000000e+03 -2.615730047225952148e+00
7.594000000000000000e+03 -2.626926660537719727e+00
7.595000000000000000e+03 -2.630306243896484375e+00
7.596000000000000000e+03 -2.603240728378295898e+00
7.597000000000000000e+03 -2.631067276000976562e+00
7.598000000000000000e+03 -2.607340574264526367e+00
7.599000000000000000e+03 -2.616250753402709961e+00
7.600000000000000000e+03 -2.614302158355712891e+00
7.601000000000000000e+03 -2.631344795227050781e+00
7.602000000000000000e+03 -2.627164602279663086e+00
7.603000000000000000e+03 -2.622094869613647461e+00
7.604000000000000000e+03 -2.611977577209472656e+00
7.605000000000000000e+03 -2.628550529479980469e+00
7.606000000000000000e+03 -2.587636470794677734e+00
7.607000000000000000e+03 -2.593248605728149414e+00
7.608000000000000000e+03 -2.583403110504150391e+00
7.609000000000000000e+03 -2.561446189880371094e+00
7.610000000000000000e+03 -2.569612264633178711e+00
7.611000000000000000e+03 -2.587672472000122070e+00
7.612000000000000000e+03 -2.614717006683349609e+00
7.613000000000000000e+03 -2.596653699874877930e+00
7.614000000000000000e+03 -2.595878601074218750e+00
7.615000000000000000e+03 -2.600975275039672852e+00
7.616000000000000000e+03 -2.591496467590332031e+00
7.617000000000000000e+03 -2.562773466110229492e+00
7.618000000000000000e+03 -2.586552143096923828e+00
7.619000000000000000e+03 -2.603749752044677734e+00
7.620000000000000000e+03 -2.613116025924682617e+00
7.621000000000000000e+03 -2.597851753234863281e+00
7.622000000000000000e+03 -2.566396236419677734e+00
7.623000000000000000e+03 -2.566189289093017578e+00
7.624000000000000000e+03 -2.602848291397094727e+00
7.625000000000000000e+03 -2.580563545227050781e+00
7.626000000000000000e+03 -2.575042009353637695e+00
7.627000000000000000e+03 -2.580260276794433594e+00
7.628000000000000000e+03 -2.601269721984863281e+00
7.629000000000000000e+03 -2.609616041183471680e+00
7.630000000000000000e+03 -2.595268964767456055e+00
7.631000000000000000e+03 -2.603693485260009766e+00
7.632000000000000000e+03 -2.586839675903320312e+00
7.633000000000000000e+03 -2.608534336090087891e+00
7.634000000000000000e+03 -2.585661411285400391e+00
7.635000000000000000e+03 -2.557172298431396484e+00
7.636000000000000000e+03 -2.600905418395996094e+00
7.637000000000000000e+03 -2.601476907730102539e+00
7.638000000000000000e+03 -2.620639324188232422e+00
7.639000000000000000e+03 -2.606706857681274414e+00
7.640000000000000000e+03 -2.610977649688720703e+00
7.641000000000000000e+03 -2.619657039642333984e+00
7.642000000000000000e+03 -2.644268751144409180e+00
7.643000000000000000e+03 -2.642539501190185547e+00
7.644000000000000000e+03 -2.614611625671386719e+00
7.645000000000000000e+03 -2.608075618743896484e+00
7.646000000000000000e+03 -2.625838518142700195e+00
7.647000000000000000e+03 -2.639231204986572266e+00
7.648000000000000000e+03 -2.635015726089477539e+00
7.649000000000000000e+03 -2.612419128417968750e+00
7.650000000000000000e+03 -2.635068655014038086e+00
7.651000000000000000e+03 -2.609624385833740234e+00
7.652000000000000000e+03 -2.616859436035156250e+00
7.653000000000000000e+03 -2.618274211883544922e+00
7.654000000000000000e+03 -2.626814126968383789e+00
7.655000000000000000e+03 -2.622529268264770508e+00
7.656000000000000000e+03 -2.631341695785522461e+00
7.657000000000000000e+03 -2.577939748764038086e+00
7.658000000000000000e+03 -2.580740213394165039e+00
7.659000000000000000e+03 -2.587552547454833984e+00
7.660000000000000000e+03 -2.591518640518188477e+00
7.661000000000000000e+03 -2.625725269317626953e+00
7.662000000000000000e+03 -2.605355024337768555e+00
7.663000000000000000e+03 -2.595284938812255859e+00
7.664000000000000000e+03 -2.563506126403808594e+00
7.665000000000000000e+03 -2.608209133148193359e+00
7.666000000000000000e+03 -2.600623607635498047e+00
7.667000000000000000e+03 -2.600890159606933594e+00
7.668000000000000000e+03 -2.621326208114624023e+00
7.669000000000000000e+03 -2.596253156661987305e+00
7.670000000000000000e+03 -2.572746753692626953e+00
7.671000000000000000e+03 -2.593494176864624023e+00
7.672000000000000000e+03 -2.577267169952392578e+00
7.673000000000000000e+03 -2.585266351699829102e+00
7.674000000000000000e+03 -2.600744485855102539e+00
7.675000000000000000e+03 -2.605257272720336914e+00
7.676000000000000000e+03 -2.614513397216796875e+00
7.677000000000000000e+03 -2.574757337570190430e+00
7.678000000000000000e+03 -2.596121311187744141e+00
7.679000000000000000e+03 -2.606616973876953125e+00
7.680000000000000000e+03 -2.582760810852050781e+00
7.681000000000000000e+03 -2.571950435638427734e+00
7.682000000000000000e+03 -2.575669288635253906e+00
7.683000000000000000e+03 -2.615452766418457031e+00
7.684000000000000000e+03 -2.613346338272094727e+00
7.685000000000000000e+03 -2.599271774291992188e+00
7.686000000000000000e+03 -2.613883972167968750e+00
7.687000000000000000e+03 -2.605309009552001953e+00
7.688000000000000000e+03 -2.635706663131713867e+00
7.689000000000000000e+03 -2.617145538330078125e+00
7.690000000000000000e+03 -2.625607252120971680e+00
7.691000000000000000e+03 -2.627407789230346680e+00
7.692000000000000000e+03 -2.603437900543212891e+00
7.693000000000000000e+03 -2.608142137527465820e+00
7.694000000000000000e+03 -2.641267776489257812e+00
7.695000000000000000e+03 -2.649333477020263672e+00
7.696000000000000000e+03 -2.612235546112060547e+00
7.697000000000000000e+03 -2.620838642120361328e+00
7.698000000000000000e+03 -2.643420696258544922e+00
7.699000000000000000e+03 -2.631025791168212891e+00
7.700000000000000000e+03 -2.616825103759765625e+00
7.701000000000000000e+03 -2.624865770339965820e+00
7.702000000000000000e+03 -2.630182027816772461e+00
7.703000000000000000e+03 -2.637899398803710938e+00
7.704000000000000000e+03 -2.637358188629150391e+00
7.705000000000000000e+03 -2.642667770385742188e+00
7.706000000000000000e+03 -2.614920854568481445e+00
7.707000000000000000e+03 -2.616289138793945312e+00
7.708000000000000000e+03 -2.625617504119873047e+00
7.709000000000000000e+03 -2.626123428344726562e+00
7.710000000000000000e+03 -2.637235879898071289e+00
7.711000000000000000e+03 -2.634182691574096680e+00
7.712000000000000000e+03 -2.623291015625000000e+00
7.713000000000000000e+03 -2.624044895172119141e+00
7.714000000000000000e+03 -2.662981510162353516e+00
7.715000000000000000e+03 -2.659591436386108398e+00
7.716000000000000000e+03 -2.652477502822875977e+00
7.717000000000000000e+03 -2.659827232360839844e+00
7.718000000000000000e+03 -2.624280214309692383e+00
7.719000000000000000e+03 -2.628846168518066406e+00
7.720000000000000000e+03 -2.651974678039550781e+00
7.721000000000000000e+03 -2.630310773849487305e+00
7.722000000000000000e+03 -2.640415430068969727e+00
7.723000000000000000e+03 -2.639540433883666992e+00
7.724000000000000000e+03 -2.643996477127075195e+00
7.725000000000000000e+03 -2.617991447448730469e+00
7.726000000000000000e+03 -2.640685319900512695e+00
7.727000000000000000e+03 -2.613602161407470703e+00
7.728000000000000000e+03 -2.608477592468261719e+00
7.729000000000000000e+03 -2.659420967102050781e+00
7.730000000000000000e+03 -2.687433004379272461e+00
7.731000000000000000e+03 -2.644005060195922852e+00
7.732000000000000000e+03 -2.662698984146118164e+00
7.733000000000000000e+03 -2.658628702163696289e+00
7.734000000000000000e+03 -2.662869930267333984e+00
7.735000000000000000e+03 -2.646252870559692383e+00
7.736000000000000000e+03 -2.657459259033203125e+00
7.737000000000000000e+03 -2.648309230804443359e+00
7.738000000000000000e+03 -2.659800052642822266e+00
7.739000000000000000e+03 -2.596054077148437500e+00
7.740000000000000000e+03 -2.623004436492919922e+00
7.741000000000000000e+03 -2.641069173812866211e+00
7.742000000000000000e+03 -2.627326488494873047e+00
7.743000000000000000e+03 -2.594878673553466797e+00
7.744000000000000000e+03 -2.650548219680786133e+00
7.745000000000000000e+03 -2.646182537078857422e+00
7.746000000000000000e+03 -2.652439355850219727e+00
7.747000000000000000e+03 -2.631896018981933594e+00
7.748000000000000000e+03 -2.643898963928222656e+00
7.749000000000000000e+03 -2.608488559722900391e+00
7.750000000000000000e+03 -2.641537904739379883e+00
7.751000000000000000e+03 -2.641863107681274414e+00
7.752000000000000000e+03 -2.645287752151489258e+00
7.753000000000000000e+03 -2.622689008712768555e+00
7.754000000000000000e+03 -2.663096189498901367e+00
7.755000000000000000e+03 -2.651012659072875977e+00
7.756000000000000000e+03 -2.668259143829345703e+00
7.757000000000000000e+03 -2.664149999618530273e+00
7.758000000000000000e+03 -2.617302894592285156e+00
7.759000000000000000e+03 -2.635733604431152344e+00
7.760000000000000000e+03 -2.601425886154174805e+00
7.761000000000000000e+03 -2.630358695983886719e+00
7.762000000000000000e+03 -2.621705055236816406e+00
7.763000000000000000e+03 -2.636767148971557617e+00
7.764000000000000000e+03 -2.647854804992675781e+00
7.765000000000000000e+03 -2.617194175720214844e+00
7.766000000000000000e+03 -2.615931034088134766e+00
7.767000000000000000e+03 -2.640020370483398438e+00
7.768000000000000000e+03 -2.593966007232666016e+00
7.769000000000000000e+03 -2.608788251876831055e+00
7.770000000000000000e+03 -2.621347188949584961e+00
7.771000000000000000e+03 -2.615753650665283203e+00
7.772000000000000000e+03 -2.642438173294067383e+00
7.773000000000000000e+03 -2.612180233001708984e+00
7.774000000000000000e+03 -2.615293979644775391e+00
7.775000000000000000e+03 -2.631314277648925781e+00
7.776000000000000000e+03 -2.630403995513916016e+00
7.777000000000000000e+03 -2.621705532073974609e+00
7.778000000000000000e+03 -2.632491111755371094e+00
7.779000000000000000e+03 -2.607156991958618164e+00
7.780000000000000000e+03 -2.642464160919189453e+00
7.781000000000000000e+03 -2.619217395782470703e+00
7.782000000000000000e+03 -2.615955829620361328e+00
7.783000000000000000e+03 -2.584166526794433594e+00
7.784000000000000000e+03 -2.618819236755371094e+00
7.785000000000000000e+03 -2.601435422897338867e+00
7.786000000000000000e+03 -2.607644557952880859e+00
7.787000000000000000e+03 -2.579032897949218750e+00
7.788000000000000000e+03 -2.600432395935058594e+00
7.789000000000000000e+03 -2.586901187896728516e+00
7.790000000000000000e+03 -2.589929580688476562e+00
7.791000000000000000e+03 -2.578041315078735352e+00
7.792000000000000000e+03 -2.582567214965820312e+00
7.793000000000000000e+03 -2.579643726348876953e+00
7.794000000000000000e+03 -2.579146862030029297e+00
7.795000000000000000e+03 -2.594696044921875000e+00
7.796000000000000000e+03 -2.608660697937011719e+00
7.797000000000000000e+03 -2.591968059539794922e+00
7.798000000000000000e+03 -2.568075895309448242e+00
7.799000000000000000e+03 -2.605718135833740234e+00
7.800000000000000000e+03 -2.570684671401977539e+00
7.801000000000000000e+03 -2.600694179534912109e+00
7.802000000000000000e+03 -2.594037294387817383e+00
7.803000000000000000e+03 -2.609927654266357422e+00
7.804000000000000000e+03 -2.606184720993041992e+00
7.805000000000000000e+03 -2.636905670166015625e+00
7.806000000000000000e+03 -2.593733310699462891e+00
7.807000000000000000e+03 -2.582615852355957031e+00
7.808000000000000000e+03 -2.606415271759033203e+00
7.809000000000000000e+03 -2.582752704620361328e+00
7.810000000000000000e+03 -2.608736276626586914e+00
7.811000000000000000e+03 -2.611237525939941406e+00
7.812000000000000000e+03 -2.614357471466064453e+00
7.813000000000000000e+03 -2.605875253677368164e+00
7.814000000000000000e+03 -2.602817773818969727e+00
7.815000000000000000e+03 -2.591697216033935547e+00
7.816000000000000000e+03 -2.598346948623657227e+00
7.817000000000000000e+03 -2.576274156570434570e+00
7.818000000000000000e+03 -2.538827896118164062e+00
7.819000000000000000e+03 -2.562374830245971680e+00
7.820000000000000000e+03 -2.551805257797241211e+00
7.821000000000000000e+03 -2.593428850173950195e+00
7.822000000000000000e+03 -2.560002803802490234e+00
7.823000000000000000e+03 -2.603000402450561523e+00
7.824000000000000000e+03 -2.619923591613769531e+00
7.825000000000000000e+03 -2.603088855743408203e+00
7.826000000000000000e+03 -2.580338478088378906e+00
7.827000000000000000e+03 -2.566351652145385742e+00
7.828000000000000000e+03 -2.601787090301513672e+00
7.829000000000000000e+03 -2.586714506149291992e+00
7.830000000000000000e+03 -2.601464986801147461e+00
7.831000000000000000e+03 -2.592801094055175781e+00
7.832000000000000000e+03 -2.563745498657226562e+00
7.833000000000000000e+03 -2.568537235260009766e+00
7.834000000000000000e+03 -2.586363077163696289e+00
7.835000000000000000e+03 -2.560694694519042969e+00
7.836000000000000000e+03 -2.593939065933227539e+00
7.837000000000000000e+03 -2.600231885910034180e+00
7.838000000000000000e+03 -2.611743927001953125e+00
7.839000000000000000e+03 -2.557886362075805664e+00
7.840000000000000000e+03 -2.582263708114624023e+00
7.841000000000000000e+03 -2.593131542205810547e+00
7.842000000000000000e+03 -2.588172435760498047e+00
7.843000000000000000e+03 -2.594972610473632812e+00
7.844000000000000000e+03 -2.601934194564819336e+00
7.845000000000000000e+03 -2.594622611999511719e+00
7.846000000000000000e+03 -2.588519096374511719e+00
7.847000000000000000e+03 -2.568443536758422852e+00
7.848000000000000000e+03 -2.563817977905273438e+00
7.849000000000000000e+03 -2.599495887756347656e+00
7.850000000000000000e+03 -2.583496332168579102e+00
7.851000000000000000e+03 -2.546805620193481445e+00
7.852000000000000000e+03 -2.578360795974731445e+00
7.853000000000000000e+03 -2.572323799133300781e+00
7.854000000000000000e+03 -2.559305191040039062e+00
7.855000000000000000e+03 -2.549220085144042969e+00
7.856000000000000000e+03 -2.548215627670288086e+00
7.857000000000000000e+03 -2.568778991699218750e+00
7.858000000000000000e+03 -2.552793502807617188e+00
7.859000000000000000e+03 -2.571776390075683594e+00
7.860000000000000000e+03 -2.573087215423583984e+00
7.861000000000000000e+03 -2.598727941513061523e+00
7.862000000000000000e+03 -2.608871221542358398e+00
7.863000000000000000e+03 -2.602782011032104492e+00
7.864000000000000000e+03 -2.617856979370117188e+00
7.865000000000000000e+03 -2.624616146087646484e+00
7.866000000000000000e+03 -2.607610225677490234e+00
7.867000000000000000e+03 -2.610571384429931641e+00
7.868000000000000000e+03 -2.583237409591674805e+00
7.869000000000000000e+03 -2.592135906219482422e+00
7.870000000000000000e+03 -2.574475288391113281e+00
7.871000000000000000e+03 -2.587203979492187500e+00
7.872000000000000000e+03 -2.573850870132446289e+00
7.873000000000000000e+03 -2.607651710510253906e+00
7.874000000000000000e+03 -2.598994731903076172e+00
7.875000000000000000e+03 -2.552285671234130859e+00
7.876000000000000000e+03 -2.558729171752929688e+00
7.877000000000000000e+03 -2.598874807357788086e+00
7.878000000000000000e+03 -2.544277667999267578e+00
7.879000000000000000e+03 -2.565014362335205078e+00
7.880000000000000000e+03 -2.557467222213745117e+00
7.881000000000000000e+03 -2.542823076248168945e+00
7.882000000000000000e+03 -2.561188459396362305e+00
7.883000000000000000e+03 -2.582123279571533203e+00
7.884000000000000000e+03 -2.561452865600585938e+00
7.885000000000000000e+03 -2.550353527069091797e+00
7.886000000000000000e+03 -2.578261137008666992e+00
7.887000000000000000e+03 -2.549460649490356445e+00
7.888000000000000000e+03 -2.592177152633666992e+00
7.889000000000000000e+03 -2.614180564880371094e+00
7.890000000000000000e+03 -2.605643510818481445e+00
7.891000000000000000e+03 -2.598721742630004883e+00
7.892000000000000000e+03 -2.594243764877319336e+00
7.893000000000000000e+03 -2.562056541442871094e+00
7.894000000000000000e+03 -2.578197002410888672e+00
7.895000000000000000e+03 -2.597945213317871094e+00
7.896000000000000000e+03 -2.604508399963378906e+00
7.897000000000000000e+03 -2.601992607116699219e+00
7.898000000000000000e+03 -2.608346462249755859e+00
7.899000000000000000e+03 -2.624244451522827148e+00
7.900000000000000000e+03 -2.591979503631591797e+00
7.901000000000000000e+03 -2.593548059463500977e+00
7.902000000000000000e+03 -2.576147317886352539e+00
7.903000000000000000e+03 -2.575541019439697266e+00
7.904000000000000000e+03 -2.573869705200195312e+00
7.905000000000000000e+03 -2.613667726516723633e+00
7.906000000000000000e+03 -2.581719160079956055e+00
7.907000000000000000e+03 -2.614420413970947266e+00
7.908000000000000000e+03 -2.628097295761108398e+00
7.909000000000000000e+03 -2.673631191253662109e+00
7.910000000000000000e+03 -2.633322715759277344e+00
7.911000000000000000e+03 -2.626997947692871094e+00
7.912000000000000000e+03 -2.637685775756835938e+00
7.913000000000000000e+03 -2.618929862976074219e+00
7.914000000000000000e+03 -2.620352506637573242e+00
7.915000000000000000e+03 -2.619078397750854492e+00
7.916000000000000000e+03 -2.598188877105712891e+00
7.917000000000000000e+03 -2.632683992385864258e+00
7.918000000000000000e+03 -2.594582080841064453e+00
7.919000000000000000e+03 -2.588449478149414062e+00
7.920000000000000000e+03 -2.618889331817626953e+00
7.921000000000000000e+03 -2.647320270538330078e+00
7.922000000000000000e+03 -2.657361268997192383e+00
7.923000000000000000e+03 -2.631397247314453125e+00
7.924000000000000000e+03 -2.626238822937011719e+00
7.925000000000000000e+03 -2.629995822906494141e+00
7.926000000000000000e+03 -2.631650924682617188e+00
7.927000000000000000e+03 -2.628059148788452148e+00
7.928000000000000000e+03 -2.596672058105468750e+00
7.929000000000000000e+03 -2.601202011108398438e+00
7.930000000000000000e+03 -2.596294879913330078e+00
7.931000000000000000e+03 -2.619423627853393555e+00
7.932000000000000000e+03 -2.602875709533691406e+00
7.933000000000000000e+03 -2.565922737121582031e+00
7.934000000000000000e+03 -2.560065746307373047e+00
7.935000000000000000e+03 -2.606652736663818359e+00
7.936000000000000000e+03 -2.592004537582397461e+00
7.937000000000000000e+03 -2.621304750442504883e+00
7.938000000000000000e+03 -2.604878664016723633e+00
7.939000000000000000e+03 -2.595096349716186523e+00
7.940000000000000000e+03 -2.601722240447998047e+00
7.941000000000000000e+03 -2.619973182678222656e+00
7.942000000000000000e+03 -2.635958909988403320e+00
7.943000000000000000e+03 -2.592647075653076172e+00
7.944000000000000000e+03 -2.606968879699707031e+00
7.945000000000000000e+03 -2.607445955276489258e+00
7.946000000000000000e+03 -2.639707565307617188e+00
7.947000000000000000e+03 -2.616865634918212891e+00
7.948000000000000000e+03 -2.628485679626464844e+00
7.949000000000000000e+03 -2.607970237731933594e+00
7.950000000000000000e+03 -2.582368612289428711e+00
7.951000000000000000e+03 -2.622890472412109375e+00
7.952000000000000000e+03 -2.607055187225341797e+00
7.953000000000000000e+03 -2.584162235260009766e+00
7.954000000000000000e+03 -2.609203577041625977e+00
7.955000000000000000e+03 -2.602389335632324219e+00
7.956000000000000000e+03 -2.608678340911865234e+00
7.957000000000000000e+03 -2.620813131332397461e+00
7.958000000000000000e+03 -2.640093326568603516e+00
7.959000000000000000e+03 -2.643721103668212891e+00
7.960000000000000000e+03 -2.608253002166748047e+00
7.961000000000000000e+03 -2.602368354797363281e+00
7.962000000000000000e+03 -2.605055332183837891e+00
7.963000000000000000e+03 -2.624847888946533203e+00
7.964000000000000000e+03 -2.591279029846191406e+00
7.965000000000000000e+03 -2.645972728729248047e+00
7.966000000000000000e+03 -2.656533002853393555e+00
7.967000000000000000e+03 -2.626900911331176758e+00
7.968000000000000000e+03 -2.642885208129882812e+00
7.969000000000000000e+03 -2.563306331634521484e+00
7.970000000000000000e+03 -2.614672422409057617e+00
7.971000000000000000e+03 -2.644120216369628906e+00
7.972000000000000000e+03 -2.622450590133666992e+00
7.973000000000000000e+03 -2.561905384063720703e+00
7.974000000000000000e+03 -2.536447048187255859e+00
7.975000000000000000e+03 -2.576979637145996094e+00
7.976000000000000000e+03 -2.550948381423950195e+00
7.977000000000000000e+03 -2.587316989898681641e+00
7.978000000000000000e+03 -2.588604688644409180e+00
7.979000000000000000e+03 -2.617946863174438477e+00
7.980000000000000000e+03 -2.598750591278076172e+00
7.981000000000000000e+03 -2.599888801574707031e+00
7.982000000000000000e+03 -2.583742141723632812e+00
7.983000000000000000e+03 -2.601078033447265625e+00
7.984000000000000000e+03 -2.568505048751831055e+00
7.985000000000000000e+03 -2.558288097381591797e+00
7.986000000000000000e+03 -2.622422218322753906e+00
7.987000000000000000e+03 -2.570201396942138672e+00
7.988000000000000000e+03 -2.618629932403564453e+00
7.989000000000000000e+03 -2.592235565185546875e+00
7.990000000000000000e+03 -2.551656007766723633e+00
7.991000000000000000e+03 -2.598112344741821289e+00
7.992000000000000000e+03 -2.606040954589843750e+00
7.993000000000000000e+03 -2.621094703674316406e+00
7.994000000000000000e+03 -2.604327440261840820e+00
7.995000000000000000e+03 -2.587736129760742188e+00
7.996000000000000000e+03 -2.577992916107177734e+00
7.997000000000000000e+03 -2.595338344573974609e+00
7.998000000000000000e+03 -2.614625930786132812e+00
7.999000000000000000e+03 -2.633414745330810547e+00
8.000000000000000000e+03 -2.602169036865234375e+00
8.001000000000000000e+03 -2.593516349792480469e+00
8.002000000000000000e+03 -2.634480714797973633e+00
8.003000000000000000e+03 -2.633509874343872070e+00
8.004000000000000000e+03 -2.611563205718994141e+00
8.005000000000000000e+03 -2.644434928894042969e+00
8.006000000000000000e+03 -2.610729694366455078e+00
8.007000000000000000e+03 -2.611913681030273438e+00
8.008000000000000000e+03 -2.624685764312744141e+00
8.009000000000000000e+03 -2.658092737197875977e+00
8.010000000000000000e+03 -2.629654884338378906e+00
8.011000000000000000e+03 -2.615015983581542969e+00
8.012000000000000000e+03 -2.621459007263183594e+00
8.013000000000000000e+03 -2.616733789443969727e+00
8.014000000000000000e+03 -2.611847639083862305e+00
8.015000000000000000e+03 -2.612689018249511719e+00
8.016000000000000000e+03 -2.637299299240112305e+00
8.017000000000000000e+03 -2.604714393615722656e+00
8.018000000000000000e+03 -2.614072561264038086e+00
8.019000000000000000e+03 -2.624689340591430664e+00
8.020000000000000000e+03 -2.598469257354736328e+00
8.021000000000000000e+03 -2.637413978576660156e+00
8.022000000000000000e+03 -2.593778610229492188e+00
8.023000000000000000e+03 -2.619320154190063477e+00
8.024000000000000000e+03 -2.617561817169189453e+00
8.025000000000000000e+03 -2.631114959716796875e+00
8.026000000000000000e+03 -2.600583076477050781e+00
8.027000000000000000e+03 -2.624052047729492188e+00
8.028000000000000000e+03 -2.627691984176635742e+00
8.029000000000000000e+03 -2.646542310714721680e+00
8.030000000000000000e+03 -2.604033231735229492e+00
8.031000000000000000e+03 -2.644901514053344727e+00
8.032000000000000000e+03 -2.656374216079711914e+00
8.033000000000000000e+03 -2.654165029525756836e+00
8.034000000000000000e+03 -2.634181499481201172e+00
8.035000000000000000e+03 -2.666769981384277344e+00
8.036000000000000000e+03 -2.692863941192626953e+00
8.037000000000000000e+03 -2.665223836898803711e+00
8.038000000000000000e+03 -2.646432399749755859e+00
8.039000000000000000e+03 -2.649248361587524414e+00
8.040000000000000000e+03 -2.636275529861450195e+00
8.041000000000000000e+03 -2.653988599777221680e+00
8.042000000000000000e+03 -2.647067070007324219e+00
8.043000000000000000e+03 -2.628602743148803711e+00
8.044000000000000000e+03 -2.632775783538818359e+00
8.045000000000000000e+03 -2.659458160400390625e+00
8.046000000000000000e+03 -2.619034290313720703e+00
8.047000000000000000e+03 -2.599611043930053711e+00
8.048000000000000000e+03 -2.617312908172607422e+00
8.049000000000000000e+03 -2.624356508255004883e+00
8.050000000000000000e+03 -2.673994064331054688e+00
8.051000000000000000e+03 -2.630512237548828125e+00
8.052000000000000000e+03 -2.649441719055175781e+00
8.053000000000000000e+03 -2.625880718231201172e+00
8.054000000000000000e+03 -2.644989728927612305e+00
8.055000000000000000e+03 -2.637614488601684570e+00
8.056000000000000000e+03 -2.650753259658813477e+00
8.057000000000000000e+03 -2.607373714447021484e+00
8.058000000000000000e+03 -2.643554210662841797e+00
8.059000000000000000e+03 -2.595777511596679688e+00
8.060000000000000000e+03 -2.647194147109985352e+00
8.061000000000000000e+03 -2.659039020538330078e+00
8.062000000000000000e+03 -2.641809463500976562e+00
8.063000000000000000e+03 -2.661950111389160156e+00
8.064000000000000000e+03 -2.634768962860107422e+00
8.065000000000000000e+03 -2.641574382781982422e+00
8.066000000000000000e+03 -2.668679714202880859e+00
8.067000000000000000e+03 -2.664368867874145508e+00
8.068000000000000000e+03 -2.643551111221313477e+00
8.069000000000000000e+03 -2.673888921737670898e+00
8.070000000000000000e+03 -2.651335954666137695e+00
8.071000000000000000e+03 -2.614950895309448242e+00
8.072000000000000000e+03 -2.620309829711914062e+00
8.073000000000000000e+03 -2.618257045745849609e+00
8.074000000000000000e+03 -2.636134624481201172e+00
8.075000000000000000e+03 -2.674623250961303711e+00
8.076000000000000000e+03 -2.652595281600952148e+00
8.077000000000000000e+03 -2.699459314346313477e+00
8.078000000000000000e+03 -2.686220169067382812e+00
8.079000000000000000e+03 -2.662269592285156250e+00
8.080000000000000000e+03 -2.659475326538085938e+00
8.081000000000000000e+03 -2.664605140686035156e+00
8.082000000000000000e+03 -2.691029310226440430e+00
8.083000000000000000e+03 -2.657312154769897461e+00
8.084000000000000000e+03 -2.661360025405883789e+00
8.085000000000000000e+03 -2.669886589050292969e+00
8.086000000000000000e+03 -2.641958713531494141e+00
8.087000000000000000e+03 -2.644991874694824219e+00
8.088000000000000000e+03 -2.642290115356445312e+00
8.089000000000000000e+03 -2.665714740753173828e+00
8.090000000000000000e+03 -2.683252811431884766e+00
8.091000000000000000e+03 -2.659802198410034180e+00
8.092000000000000000e+03 -2.627845764160156250e+00
8.093000000000000000e+03 -2.671847820281982422e+00
8.094000000000000000e+03 -2.650763988494873047e+00
8.095000000000000000e+03 -2.626912117004394531e+00
8.096000000000000000e+03 -2.645699501037597656e+00
8.097000000000000000e+03 -2.650239944458007812e+00
8.098000000000000000e+03 -2.655097723007202148e+00
8.099000000000000000e+03 -2.639184236526489258e+00
8.100000000000000000e+03 -2.647725105285644531e+00
8.101000000000000000e+03 -2.642199039459228516e+00
8.102000000000000000e+03 -2.628778696060180664e+00
8.103000000000000000e+03 -2.595556497573852539e+00
8.104000000000000000e+03 -2.625887632369995117e+00
8.105000000000000000e+03 -2.598690032958984375e+00
8.106000000000000000e+03 -2.587483882904052734e+00
8.107000000000000000e+03 -2.597812652587890625e+00
8.108000000000000000e+03 -2.599030017852783203e+00
8.109000000000000000e+03 -2.595291137695312500e+00
8.110000000000000000e+03 -2.573199510574340820e+00
8.111000000000000000e+03 -2.573363780975341797e+00
8.112000000000000000e+03 -2.582992792129516602e+00
8.113000000000000000e+03 -2.592211246490478516e+00
8.114000000000000000e+03 -2.624156951904296875e+00
8.115000000000000000e+03 -2.621532917022705078e+00
8.116000000000000000e+03 -2.625692129135131836e+00
8.117000000000000000e+03 -2.621022939682006836e+00
8.118000000000000000e+03 -2.621279478073120117e+00
8.119000000000000000e+03 -2.615606069564819336e+00
8.120000000000000000e+03 -2.589719295501708984e+00
8.121000000000000000e+03 -2.648350954055786133e+00
8.122000000000000000e+03 -2.632261276245117188e+00
8.123000000000000000e+03 -2.630140304565429688e+00
8.124000000000000000e+03 -2.656728506088256836e+00
8.125000000000000000e+03 -2.640573740005493164e+00
8.126000000000000000e+03 -2.616935014724731445e+00
8.127000000000000000e+03 -2.639888763427734375e+00
8.128000000000000000e+03 -2.656584262847900391e+00
8.129000000000000000e+03 -2.635174274444580078e+00
8.130000000000000000e+03 -2.622921466827392578e+00
8.131000000000000000e+03 -2.626913070678710938e+00
8.132000000000000000e+03 -2.618962526321411133e+00
8.133000000000000000e+03 -2.631664991378784180e+00
8.134000000000000000e+03 -2.610702991485595703e+00
8.135000000000000000e+03 -2.630778551101684570e+00
8.136000000000000000e+03 -2.650286912918090820e+00
8.137000000000000000e+03 -2.643181085586547852e+00
8.138000000000000000e+03 -2.616848468780517578e+00
8.139000000000000000e+03 -2.598392963409423828e+00
8.140000000000000000e+03 -2.647842407226562500e+00
8.141000000000000000e+03 -2.627009153366088867e+00
8.142000000000000000e+03 -2.637725830078125000e+00
8.143000000000000000e+03 -2.630771875381469727e+00
8.144000000000000000e+03 -2.626657724380493164e+00
8.145000000000000000e+03 -2.656946182250976562e+00
8.146000000000000000e+03 -2.648115158081054688e+00
8.147000000000000000e+03 -2.645648717880249023e+00
8.148000000000000000e+03 -2.622648000717163086e+00
8.149000000000000000e+03 -2.648727893829345703e+00
8.150000000000000000e+03 -2.646223545074462891e+00
8.151000000000000000e+03 -2.643131971359252930e+00
8.152000000000000000e+03 -2.621944904327392578e+00
8.153000000000000000e+03 -2.599135160446166992e+00
8.154000000000000000e+03 -2.615943193435668945e+00
8.155000000000000000e+03 -2.636023521423339844e+00
8.156000000000000000e+03 -2.595649480819702148e+00
8.157000000000000000e+03 -2.612385749816894531e+00
8.158000000000000000e+03 -2.634801387786865234e+00
8.159000000000000000e+03 -2.628950119018554688e+00
8.160000000000000000e+03 -2.603394031524658203e+00
8.161000000000000000e+03 -2.605690002441406250e+00
8.162000000000000000e+03 -2.589770793914794922e+00
8.163000000000000000e+03 -2.595840215682983398e+00
8.164000000000000000e+03 -2.618526697158813477e+00
8.165000000000000000e+03 -2.630088329315185547e+00
8.166000000000000000e+03 -2.615931510925292969e+00
8.167000000000000000e+03 -2.621760845184326172e+00
8.168000000000000000e+03 -2.609394311904907227e+00
8.169000000000000000e+03 -2.624889612197875977e+00
8.170000000000000000e+03 -2.653325080871582031e+00
8.171000000000000000e+03 -2.623496532440185547e+00
8.172000000000000000e+03 -2.603049039840698242e+00
8.173000000000000000e+03 -2.604116439819335938e+00
8.174000000000000000e+03 -2.629250049591064453e+00
8.175000000000000000e+03 -2.646618843078613281e+00
8.176000000000000000e+03 -2.620553493499755859e+00
8.177000000000000000e+03 -2.588415622711181641e+00
8.178000000000000000e+03 -2.655350446701049805e+00
8.179000000000000000e+03 -2.606353759765625000e+00
8.180000000000000000e+03 -2.620058059692382812e+00
8.181000000000000000e+03 -2.640948534011840820e+00
8.182000000000000000e+03 -2.610467910766601562e+00
8.183000000000000000e+03 -2.649260759353637695e+00
8.184000000000000000e+03 -2.605893850326538086e+00
8.185000000000000000e+03 -2.586683750152587891e+00
8.186000000000000000e+03 -2.604978084564208984e+00
8.187000000000000000e+03 -2.640017986297607422e+00
8.188000000000000000e+03 -2.624950885772705078e+00
8.189000000000000000e+03 -2.610576629638671875e+00
8.190000000000000000e+03 -2.641506195068359375e+00
8.191000000000000000e+03 -2.640774965286254883e+00
8.192000000000000000e+03 -2.632290124893188477e+00
8.193000000000000000e+03 -2.602975368499755859e+00
8.194000000000000000e+03 -2.617452621459960938e+00
8.195000000000000000e+03 -2.628563165664672852e+00
8.196000000000000000e+03 -2.627456426620483398e+00
8.197000000000000000e+03 -2.639085292816162109e+00
8.198000000000000000e+03 -2.651410579681396484e+00
8.199000000000000000e+03 -2.660683631896972656e+00
8.200000000000000000e+03 -2.615247964859008789e+00
8.201000000000000000e+03 -2.626503467559814453e+00
8.202000000000000000e+03 -2.644818305969238281e+00
8.203000000000000000e+03 -2.619374036788940430e+00
8.204000000000000000e+03 -2.603713512420654297e+00
8.205000000000000000e+03 -2.616399288177490234e+00
8.206000000000000000e+03 -2.654618501663208008e+00
8.207000000000000000e+03 -2.658285379409790039e+00
8.208000000000000000e+03 -2.655269861221313477e+00
8.209000000000000000e+03 -2.684887170791625977e+00
8.210000000000000000e+03 -2.656385898590087891e+00
8.211000000000000000e+03 -2.654127120971679688e+00
8.212000000000000000e+03 -2.658174037933349609e+00
8.213000000000000000e+03 -2.674811363220214844e+00
8.214000000000000000e+03 -2.655717849731445312e+00
8.215000000000000000e+03 -2.668125152587890625e+00
8.216000000000000000e+03 -2.672156572341918945e+00
8.217000000000000000e+03 -2.637930870056152344e+00
8.218000000000000000e+03 -2.630944252014160156e+00
8.219000000000000000e+03 -2.626780986785888672e+00
8.220000000000000000e+03 -2.638908863067626953e+00
8.221000000000000000e+03 -2.655570030212402344e+00
8.222000000000000000e+03 -2.651898145675659180e+00
8.223000000000000000e+03 -2.624197959899902344e+00
8.224000000000000000e+03 -2.628682613372802734e+00
8.225000000000000000e+03 -2.650254011154174805e+00
8.226000000000000000e+03 -2.643382072448730469e+00
8.227000000000000000e+03 -2.643666267395019531e+00
8.228000000000000000e+03 -2.625091791152954102e+00
8.229000000000000000e+03 -2.618251085281372070e+00
8.230000000000000000e+03 -2.631801128387451172e+00
8.231000000000000000e+03 -2.650385141372680664e+00
8.232000000000000000e+03 -2.630017757415771484e+00
8.233000000000000000e+03 -2.650897741317749023e+00
8.234000000000000000e+03 -2.634865045547485352e+00
8.235000000000000000e+03 -2.634409427642822266e+00
8.236000000000000000e+03 -2.682228088378906250e+00
8.237000000000000000e+03 -2.675971031188964844e+00
8.238000000000000000e+03 -2.625707626342773438e+00
8.239000000000000000e+03 -2.587063550949096680e+00
8.240000000000000000e+03 -2.624014377593994141e+00
8.241000000000000000e+03 -2.620386362075805664e+00
8.242000000000000000e+03 -2.598464965820312500e+00
8.243000000000000000e+03 -2.640822649002075195e+00
8.244000000000000000e+03 -2.612055778503417969e+00
8.245000000000000000e+03 -2.620675086975097656e+00
8.246000000000000000e+03 -2.643191337585449219e+00
8.247000000000000000e+03 -2.619990825653076172e+00
8.248000000000000000e+03 -2.636948108673095703e+00
8.249000000000000000e+03 -2.610740900039672852e+00
8.250000000000000000e+03 -2.597738027572631836e+00
8.251000000000000000e+03 -2.616414546966552734e+00
8.252000000000000000e+03 -2.631067037582397461e+00
8.253000000000000000e+03 -2.618298292160034180e+00
8.254000000000000000e+03 -2.622927188873291016e+00
8.255000000000000000e+03 -2.633381366729736328e+00
8.256000000000000000e+03 -2.629734754562377930e+00
8.257000000000000000e+03 -2.637141227722167969e+00
8.258000000000000000e+03 -2.617931842803955078e+00
8.259000000000000000e+03 -2.633826017379760742e+00
8.260000000000000000e+03 -2.633066177368164062e+00
8.261000000000000000e+03 -2.652416229248046875e+00
8.262000000000000000e+03 -2.634739398956298828e+00
8.263000000000000000e+03 -2.634277343750000000e+00
8.264000000000000000e+03 -2.608264684677124023e+00
8.265000000000000000e+03 -2.611267089843750000e+00
8.266000000000000000e+03 -2.645068168640136719e+00
8.267000000000000000e+03 -2.645638227462768555e+00
8.268000000000000000e+03 -2.631144285202026367e+00
8.269000000000000000e+03 -2.634012937545776367e+00
8.270000000000000000e+03 -2.642593860626220703e+00
8.271000000000000000e+03 -2.638737201690673828e+00
8.272000000000000000e+03 -2.649219989776611328e+00
8.273000000000000000e+03 -2.635375738143920898e+00
8.274000000000000000e+03 -2.631060123443603516e+00
8.275000000000000000e+03 -2.624773740768432617e+00
8.276000000000000000e+03 -2.622997522354125977e+00
8.277000000000000000e+03 -2.653891086578369141e+00
8.278000000000000000e+03 -2.617406606674194336e+00
8.279000000000000000e+03 -2.661738157272338867e+00
8.280000000000000000e+03 -2.642997264862060547e+00
8.281000000000000000e+03 -2.588657379150390625e+00
8.282000000000000000e+03 -2.604848861694335938e+00
8.283000000000000000e+03 -2.600916385650634766e+00
8.284000000000000000e+03 -2.623632192611694336e+00
8.285000000000000000e+03 -2.595265865325927734e+00
8.286000000000000000e+03 -2.622910022735595703e+00
8.287000000000000000e+03 -2.620923757553100586e+00
8.288000000000000000e+03 -2.644316911697387695e+00
8.289000000000000000e+03 -2.660075664520263672e+00
8.290000000000000000e+03 -2.625982999801635742e+00
8.291000000000000000e+03 -2.647716999053955078e+00
8.292000000000000000e+03 -2.620351791381835938e+00
8.293000000000000000e+03 -2.654801130294799805e+00
8.294000000000000000e+03 -2.652352333068847656e+00
8.295000000000000000e+03 -2.648032426834106445e+00
8.296000000000000000e+03 -2.639432907104492188e+00
8.297000000000000000e+03 -2.646462917327880859e+00
8.298000000000000000e+03 -2.599164247512817383e+00
8.299000000000000000e+03 -2.609204769134521484e+00
8.300000000000000000e+03 -2.643094062805175781e+00
8.301000000000000000e+03 -2.607077121734619141e+00
8.302000000000000000e+03 -2.605114459991455078e+00
8.303000000000000000e+03 -2.587892532348632812e+00
8.304000000000000000e+03 -2.615357398986816406e+00
8.305000000000000000e+03 -2.639176130294799805e+00
8.306000000000000000e+03 -2.602728366851806641e+00
8.307000000000000000e+03 -2.590972423553466797e+00
8.308000000000000000e+03 -2.617968797683715820e+00
8.309000000000000000e+03 -2.638390779495239258e+00
8.310000000000000000e+03 -2.627075672149658203e+00
8.311000000000000000e+03 -2.592653751373291016e+00
8.312000000000000000e+03 -2.597898960113525391e+00
8.313000000000000000e+03 -2.607326984405517578e+00
8.314000000000000000e+03 -2.599962711334228516e+00
8.315000000000000000e+03 -2.584056138992309570e+00
8.316000000000000000e+03 -2.577483654022216797e+00
8.317000000000000000e+03 -2.571028947830200195e+00
8.318000000000000000e+03 -2.595918655395507812e+00
8.319000000000000000e+03 -2.635035037994384766e+00
8.320000000000000000e+03 -2.613940715789794922e+00
8.321000000000000000e+03 -2.633959770202636719e+00
8.322000000000000000e+03 -2.614983081817626953e+00
8.323000000000000000e+03 -2.603556632995605469e+00
8.324000000000000000e+03 -2.603303670883178711e+00
8.325000000000000000e+03 -2.598486185073852539e+00
8.326000000000000000e+03 -2.575861692428588867e+00
8.327000000000000000e+03 -2.605298042297363281e+00
8.328000000000000000e+03 -2.570432186126708984e+00
8.329000000000000000e+03 -2.589610815048217773e+00
8.330000000000000000e+03 -2.592610836029052734e+00
8.331000000000000000e+03 -2.584393024444580078e+00
8.332000000000000000e+03 -2.584362983703613281e+00
8.333000000000000000e+03 -2.565806627273559570e+00
8.334000000000000000e+03 -2.594437122344970703e+00
8.335000000000000000e+03 -2.611392498016357422e+00
8.336000000000000000e+03 -2.610774278640747070e+00
8.337000000000000000e+03 -2.614845752716064453e+00
8.338000000000000000e+03 -2.592092275619506836e+00
8.339000000000000000e+03 -2.573178052902221680e+00
8.340000000000000000e+03 -2.586751937866210938e+00
8.341000000000000000e+03 -2.620486497879028320e+00
8.342000000000000000e+03 -2.594370603561401367e+00
8.343000000000000000e+03 -2.598140954971313477e+00
8.344000000000000000e+03 -2.596128940582275391e+00
8.345000000000000000e+03 -2.560724258422851562e+00
8.346000000000000000e+03 -2.591101408004760742e+00
8.347000000000000000e+03 -2.633606433868408203e+00
8.348000000000000000e+03 -2.628789901733398438e+00
8.349000000000000000e+03 -2.607185840606689453e+00
8.350000000000000000e+03 -2.643866539001464844e+00
8.351000000000000000e+03 -2.641814231872558594e+00
8.352000000000000000e+03 -2.624722480773925781e+00
8.353000000000000000e+03 -2.619458198547363281e+00
8.354000000000000000e+03 -2.620591640472412109e+00
8.355000000000000000e+03 -2.657198429107666016e+00
8.356000000000000000e+03 -2.617013454437255859e+00
8.357000000000000000e+03 -2.608187913894653320e+00
8.358000000000000000e+03 -2.612361669540405273e+00
8.359000000000000000e+03 -2.611742973327636719e+00
8.360000000000000000e+03 -2.578886032104492188e+00
8.361000000000000000e+03 -2.585791349411010742e+00
8.362000000000000000e+03 -2.588006496429443359e+00
8.363000000000000000e+03 -2.617902755737304688e+00
8.364000000000000000e+03 -2.627058744430541992e+00
8.365000000000000000e+03 -2.602164506912231445e+00
8.366000000000000000e+03 -2.594637393951416016e+00
8.367000000000000000e+03 -2.605194568634033203e+00
8.368000000000000000e+03 -2.571718692779541016e+00
8.369000000000000000e+03 -2.604353904724121094e+00
8.370000000000000000e+03 -2.594209194183349609e+00
8.371000000000000000e+03 -2.635219812393188477e+00
8.372000000000000000e+03 -2.602790832519531250e+00
8.373000000000000000e+03 -2.564840793609619141e+00
8.374000000000000000e+03 -2.575633764266967773e+00
8.375000000000000000e+03 -2.609523057937622070e+00
8.376000000000000000e+03 -2.597072124481201172e+00
8.377000000000000000e+03 -2.590335369110107422e+00
8.378000000000000000e+03 -2.587157011032104492e+00
8.379000000000000000e+03 -2.525783061981201172e+00
8.380000000000000000e+03 -2.536398649215698242e+00
8.381000000000000000e+03 -2.545718193054199219e+00
8.382000000000000000e+03 -2.594487667083740234e+00
8.383000000000000000e+03 -2.625636339187622070e+00
8.384000000000000000e+03 -2.612547397613525391e+00
8.385000000000000000e+03 -2.602650642395019531e+00
8.386000000000000000e+03 -2.618252277374267578e+00
8.387000000000000000e+03 -2.554777145385742188e+00
8.388000000000000000e+03 -2.573801279067993164e+00
8.389000000000000000e+03 -2.572504281997680664e+00
8.390000000000000000e+03 -2.577697038650512695e+00
8.391000000000000000e+03 -2.615309715270996094e+00
8.392000000000000000e+03 -2.612148284912109375e+00
8.393000000000000000e+03 -2.590530872344970703e+00
8.394000000000000000e+03 -2.617825269699096680e+00
8.395000000000000000e+03 -2.621635437011718750e+00
8.396000000000000000e+03 -2.625080823898315430e+00
8.397000000000000000e+03 -2.644413232803344727e+00
8.398000000000000000e+03 -2.648960828781127930e+00
8.399000000000000000e+03 -2.615895748138427734e+00
8.400000000000000000e+03 -2.640377044677734375e+00
8.401000000000000000e+03 -2.634908199310302734e+00
8.402000000000000000e+03 -2.647521495819091797e+00
8.403000000000000000e+03 -2.632808923721313477e+00
8.404000000000000000e+03 -2.615896940231323242e+00
8.405000000000000000e+03 -2.655972957611083984e+00
8.406000000000000000e+03 -2.684237957000732422e+00
8.407000000000000000e+03 -2.665262222290039062e+00
8.408000000000000000e+03 -2.646292686462402344e+00
8.409000000000000000e+03 -2.625648975372314453e+00
8.410000000000000000e+03 -2.634515762329101562e+00
8.411000000000000000e+03 -2.614347219467163086e+00
8.412000000000000000e+03 -2.650113105773925781e+00
8.413000000000000000e+03 -2.631021499633789062e+00
8.414000000000000000e+03 -2.653739213943481445e+00
8.415000000000000000e+03 -2.650052785873413086e+00
8.416000000000000000e+03 -2.628113746643066406e+00
8.417000000000000000e+03 -2.626331329345703125e+00
8.418000000000000000e+03 -2.664870262145996094e+00
8.419000000000000000e+03 -2.671521902084350586e+00
8.420000000000000000e+03 -2.646536827087402344e+00
8.421000000000000000e+03 -2.620197296142578125e+00
8.422000000000000000e+03 -2.626818180084228516e+00
8.423000000000000000e+03 -2.667804241180419922e+00
8.424000000000000000e+03 -2.655273675918579102e+00
8.425000000000000000e+03 -2.642078638076782227e+00
8.426000000000000000e+03 -2.610001802444458008e+00
8.427000000000000000e+03 -2.605262279510498047e+00
8.428000000000000000e+03 -2.617276430130004883e+00
8.429000000000000000e+03 -2.635655879974365234e+00
8.430000000000000000e+03 -2.629037618637084961e+00
8.431000000000000000e+03 -2.608752012252807617e+00
8.432000000000000000e+03 -2.631410121917724609e+00
8.433000000000000000e+03 -2.660668611526489258e+00
8.434000000000000000e+03 -2.665378570556640625e+00
8.435000000000000000e+03 -2.623497247695922852e+00
8.436000000000000000e+03 -2.646755695343017578e+00
8.437000000000000000e+03 -2.618088483810424805e+00
8.438000000000000000e+03 -2.635983467102050781e+00
8.439000000000000000e+03 -2.624917507171630859e+00
8.440000000000000000e+03 -2.632612705230712891e+00
8.441000000000000000e+03 -2.585215568542480469e+00
8.442000000000000000e+03 -2.600529670715332031e+00
8.443000000000000000e+03 -2.585511207580566406e+00
8.444000000000000000e+03 -2.574073314666748047e+00
8.445000000000000000e+03 -2.599072933197021484e+00
8.446000000000000000e+03 -2.607735395431518555e+00
8.447000000000000000e+03 -2.645371198654174805e+00
8.448000000000000000e+03 -2.623071432113647461e+00
8.449000000000000000e+03 -2.598374843597412109e+00
8.450000000000000000e+03 -2.631489753723144531e+00
8.451000000000000000e+03 -2.624724149703979492e+00
8.452000000000000000e+03 -2.650122642517089844e+00
8.453000000000000000e+03 -2.665872335433959961e+00
8.454000000000000000e+03 -2.678396940231323242e+00
8.455000000000000000e+03 -2.645724296569824219e+00
8.456000000000000000e+03 -2.630738258361816406e+00
8.457000000000000000e+03 -2.641616344451904297e+00
8.458000000000000000e+03 -2.636048316955566406e+00
8.459000000000000000e+03 -2.656113147735595703e+00
8.460000000000000000e+03 -2.650769233703613281e+00
8.461000000000000000e+03 -2.680299282073974609e+00
8.462000000000000000e+03 -2.645234346389770508e+00
8.463000000000000000e+03 -2.610595703125000000e+00
8.464000000000000000e+03 -2.627372741699218750e+00
8.465000000000000000e+03 -2.641828536987304688e+00
8.466000000000000000e+03 -2.648764610290527344e+00
8.467000000000000000e+03 -2.601860284805297852e+00
8.468000000000000000e+03 -2.632848501205444336e+00
8.469000000000000000e+03 -2.620532751083374023e+00
8.470000000000000000e+03 -2.632668018341064453e+00
8.471000000000000000e+03 -2.655386924743652344e+00
8.472000000000000000e+03 -2.652430534362792969e+00
8.473000000000000000e+03 -2.630464076995849609e+00
8.474000000000000000e+03 -2.642434835433959961e+00
8.475000000000000000e+03 -2.608042716979980469e+00
8.476000000000000000e+03 -2.616375446319580078e+00
8.477000000000000000e+03 -2.652283906936645508e+00
8.478000000000000000e+03 -2.641359806060791016e+00
8.479000000000000000e+03 -2.666708707809448242e+00
8.480000000000000000e+03 -2.638302326202392578e+00
8.481000000000000000e+03 -2.635218620300292969e+00
8.482000000000000000e+03 -2.633620262145996094e+00
8.483000000000000000e+03 -2.656775474548339844e+00
8.484000000000000000e+03 -2.620628118515014648e+00
8.485000000000000000e+03 -2.599445819854736328e+00
8.486000000000000000e+03 -2.647523880004882812e+00
8.487000000000000000e+03 -2.637225627899169922e+00
8.488000000000000000e+03 -2.637225151062011719e+00
8.489000000000000000e+03 -2.629783630371093750e+00
8.490000000000000000e+03 -2.629440307617187500e+00
8.491000000000000000e+03 -2.616972923278808594e+00
8.492000000000000000e+03 -2.607866525650024414e+00
8.493000000000000000e+03 -2.605584859848022461e+00
8.494000000000000000e+03 -2.613801956176757812e+00
8.495000000000000000e+03 -2.596539020538330078e+00
8.496000000000000000e+03 -2.588740348815917969e+00
8.497000000000000000e+03 -2.600076198577880859e+00
8.498000000000000000e+03 -2.600272893905639648e+00
8.499000000000000000e+03 -2.603732824325561523e+00
8.500000000000000000e+03 -2.586293220520019531e+00
8.501000000000000000e+03 -2.608621597290039062e+00
8.502000000000000000e+03 -2.604176282882690430e+00
8.503000000000000000e+03 -2.618226766586303711e+00
8.504000000000000000e+03 -2.629499197006225586e+00
8.505000000000000000e+03 -2.634699106216430664e+00
8.506000000000000000e+03 -2.595032215118408203e+00
8.507000000000000000e+03 -2.593341350555419922e+00
8.508000000000000000e+03 -2.603048324584960938e+00
8.509000000000000000e+03 -2.624613285064697266e+00
8.510000000000000000e+03 -2.596728563308715820e+00
8.511000000000000000e+03 -2.607330322265625000e+00
8.512000000000000000e+03 -2.584230422973632812e+00
8.513000000000000000e+03 -2.574593782424926758e+00
8.514000000000000000e+03 -2.649303197860717773e+00
8.515000000000000000e+03 -2.621917724609375000e+00
8.516000000000000000e+03 -2.615611314773559570e+00
8.517000000000000000e+03 -2.619248867034912109e+00
8.518000000000000000e+03 -2.598081111907958984e+00
8.519000000000000000e+03 -2.613819360733032227e+00
8.520000000000000000e+03 -2.576510429382324219e+00
8.521000000000000000e+03 -2.612151145935058594e+00
8.522000000000000000e+03 -2.611074447631835938e+00
8.523000000000000000e+03 -2.642343521118164062e+00
8.524000000000000000e+03 -2.599820613861083984e+00
8.525000000000000000e+03 -2.574784994125366211e+00
8.526000000000000000e+03 -2.595398902893066406e+00
8.527000000000000000e+03 -2.599715471267700195e+00
8.528000000000000000e+03 -2.610830307006835938e+00
8.529000000000000000e+03 -2.606202602386474609e+00
8.530000000000000000e+03 -2.602937459945678711e+00
8.531000000000000000e+03 -2.601650953292846680e+00
8.532000000000000000e+03 -2.614697933197021484e+00
8.533000000000000000e+03 -2.619680166244506836e+00
8.534000000000000000e+03 -2.623276233673095703e+00
8.535000000000000000e+03 -2.648473978042602539e+00
8.536000000000000000e+03 -2.621394157409667969e+00
8.537000000000000000e+03 -2.631988763809204102e+00
8.538000000000000000e+03 -2.606825828552246094e+00
8.539000000000000000e+03 -2.610963582992553711e+00
8.540000000000000000e+03 -2.656078100204467773e+00
8.541000000000000000e+03 -2.614932060241699219e+00
8.542000000000000000e+03 -2.634221553802490234e+00
8.543000000000000000e+03 -2.601933956146240234e+00
8.544000000000000000e+03 -2.616023540496826172e+00
8.545000000000000000e+03 -2.587543249130249023e+00
8.546000000000000000e+03 -2.596318244934082031e+00
8.547000000000000000e+03 -2.634283781051635742e+00
8.548000000000000000e+03 -2.629902839660644531e+00
8.549000000000000000e+03 -2.588261604309082031e+00
8.550000000000000000e+03 -2.547029018402099609e+00
8.551000000000000000e+03 -2.619693756103515625e+00
8.552000000000000000e+03 -2.592751264572143555e+00
8.553000000000000000e+03 -2.602273941040039062e+00
8.554000000000000000e+03 -2.595928907394409180e+00
8.555000000000000000e+03 -2.581580638885498047e+00
8.556000000000000000e+03 -2.593330383300781250e+00
8.557000000000000000e+03 -2.598783969879150391e+00
8.558000000000000000e+03 -2.637697458267211914e+00
8.559000000000000000e+03 -2.593358755111694336e+00
8.560000000000000000e+03 -2.587893962860107422e+00
8.561000000000000000e+03 -2.616876125335693359e+00
8.562000000000000000e+03 -2.602239847183227539e+00
8.563000000000000000e+03 -2.589272260665893555e+00
8.564000000000000000e+03 -2.589363574981689453e+00
8.565000000000000000e+03 -2.581184148788452148e+00
8.566000000000000000e+03 -2.588784217834472656e+00
8.567000000000000000e+03 -2.625664710998535156e+00
8.568000000000000000e+03 -2.633295536041259766e+00
8.569000000000000000e+03 -2.627017259597778320e+00
8.570000000000000000e+03 -2.619982242584228516e+00
8.571000000000000000e+03 -2.622092247009277344e+00
8.572000000000000000e+03 -2.620388507843017578e+00
8.573000000000000000e+03 -2.637537479400634766e+00
8.574000000000000000e+03 -2.632304906845092773e+00
8.575000000000000000e+03 -2.633101701736450195e+00
8.576000000000000000e+03 -2.624826669692993164e+00
8.577000000000000000e+03 -2.613172054290771484e+00
8.578000000000000000e+03 -2.611729145050048828e+00
8.579000000000000000e+03 -2.620744228363037109e+00
8.580000000000000000e+03 -2.628866672515869141e+00
8.581000000000000000e+03 -2.620296239852905273e+00
8.582000000000000000e+03 -2.620893478393554688e+00
8.583000000000000000e+03 -2.626830101013183594e+00
8.584000000000000000e+03 -2.676468372344970703e+00
8.585000000000000000e+03 -2.637499570846557617e+00
8.586000000000000000e+03 -2.620118379592895508e+00
8.587000000000000000e+03 -2.640915870666503906e+00
8.588000000000000000e+03 -2.644509315490722656e+00
8.589000000000000000e+03 -2.657135248184204102e+00
8.590000000000000000e+03 -2.672302246093750000e+00
8.591000000000000000e+03 -2.638678789138793945e+00
8.592000000000000000e+03 -2.644597768783569336e+00
8.593000000000000000e+03 -2.665149450302124023e+00
8.594000000000000000e+03 -2.645713806152343750e+00
8.595000000000000000e+03 -2.664967775344848633e+00
8.596000000000000000e+03 -2.670380592346191406e+00
8.597000000000000000e+03 -2.661129474639892578e+00
8.598000000000000000e+03 -2.643287181854248047e+00
8.599000000000000000e+03 -2.633567810058593750e+00
8.600000000000000000e+03 -2.644031047821044922e+00
8.601000000000000000e+03 -2.657644987106323242e+00
8.602000000000000000e+03 -2.642400503158569336e+00
8.603000000000000000e+03 -2.679005861282348633e+00
8.604000000000000000e+03 -2.652145147323608398e+00
8.605000000000000000e+03 -2.681894063949584961e+00
8.606000000000000000e+03 -2.655574798583984375e+00
8.607000000000000000e+03 -2.613091230392456055e+00
8.608000000000000000e+03 -2.640911579132080078e+00
8.609000000000000000e+03 -2.652164220809936523e+00
8.610000000000000000e+03 -2.633589506149291992e+00
8.611000000000000000e+03 -2.627275228500366211e+00
8.612000000000000000e+03 -2.620091438293457031e+00
8.613000000000000000e+03 -2.629596710205078125e+00
8.614000000000000000e+03 -2.664961338043212891e+00
8.615000000000000000e+03 -2.637209892272949219e+00
8.616000000000000000e+03 -2.640583515167236328e+00
8.617000000000000000e+03 -2.650477409362792969e+00
8.618000000000000000e+03 -2.664988756179809570e+00
8.619000000000000000e+03 -2.626091957092285156e+00
8.620000000000000000e+03 -2.636422872543334961e+00
8.621000000000000000e+03 -2.647436857223510742e+00
8.622000000000000000e+03 -2.642673254013061523e+00
8.623000000000000000e+03 -2.617260456085205078e+00
8.624000000000000000e+03 -2.639611005783081055e+00
8.625000000000000000e+03 -2.642560720443725586e+00
8.626000000000000000e+03 -2.586175441741943359e+00
8.627000000000000000e+03 -2.606511116027832031e+00
8.628000000000000000e+03 -2.617569446563720703e+00
8.629000000000000000e+03 -2.603275775909423828e+00
8.630000000000000000e+03 -2.610866546630859375e+00
8.631000000000000000e+03 -2.634707450866699219e+00
8.632000000000000000e+03 -2.612070322036743164e+00
8.633000000000000000e+03 -2.628279209136962891e+00
8.634000000000000000e+03 -2.673569202423095703e+00
8.635000000000000000e+03 -2.659768342971801758e+00
8.636000000000000000e+03 -2.672826290130615234e+00
8.637000000000000000e+03 -2.633769989013671875e+00
8.638000000000000000e+03 -2.653778314590454102e+00
8.639000000000000000e+03 -2.667853593826293945e+00
8.640000000000000000e+03 -2.663287878036499023e+00
8.641000000000000000e+03 -2.624670028686523438e+00
8.642000000000000000e+03 -2.654991149902343750e+00
8.643000000000000000e+03 -2.654258728027343750e+00
8.644000000000000000e+03 -2.653192281723022461e+00
8.645000000000000000e+03 -2.687455892562866211e+00
8.646000000000000000e+03 -2.621555566787719727e+00
8.647000000000000000e+03 -2.646819591522216797e+00
8.648000000000000000e+03 -2.679695367813110352e+00
8.649000000000000000e+03 -2.677643775939941406e+00
8.650000000000000000e+03 -2.668134450912475586e+00
8.651000000000000000e+03 -2.641470432281494141e+00
8.652000000000000000e+03 -2.610914945602416992e+00
8.653000000000000000e+03 -2.628614425659179688e+00
8.654000000000000000e+03 -2.640903949737548828e+00
8.655000000000000000e+03 -2.630232810974121094e+00
8.656000000000000000e+03 -2.626995086669921875e+00
8.657000000000000000e+03 -2.623928070068359375e+00
8.658000000000000000e+03 -2.633173227310180664e+00
8.659000000000000000e+03 -2.636199951171875000e+00
8.660000000000000000e+03 -2.657643795013427734e+00
8.661000000000000000e+03 -2.609523773193359375e+00
8.662000000000000000e+03 -2.617569923400878906e+00
8.663000000000000000e+03 -2.611406326293945312e+00
8.664000000000000000e+03 -2.673761844635009766e+00
8.665000000000000000e+03 -2.655140876770019531e+00
8.666000000000000000e+03 -2.621620178222656250e+00
8.667000000000000000e+03 -2.626934766769409180e+00
8.668000000000000000e+03 -2.606773138046264648e+00
8.669000000000000000e+03 -2.620433092117309570e+00
8.670000000000000000e+03 -2.615928411483764648e+00
8.671000000000000000e+03 -2.574069976806640625e+00
8.672000000000000000e+03 -2.599429130554199219e+00
8.673000000000000000e+03 -2.666642427444458008e+00
8.674000000000000000e+03 -2.623171567916870117e+00
8.675000000000000000e+03 -2.594033718109130859e+00
8.676000000000000000e+03 -2.610651493072509766e+00
8.677000000000000000e+03 -2.623579025268554688e+00
8.678000000000000000e+03 -2.598081111907958984e+00
8.679000000000000000e+03 -2.614796876907348633e+00
8.680000000000000000e+03 -2.613825798034667969e+00
8.681000000000000000e+03 -2.634551525115966797e+00
8.682000000000000000e+03 -2.632512807846069336e+00
8.683000000000000000e+03 -2.624199867248535156e+00
8.684000000000000000e+03 -2.621337175369262695e+00
8.685000000000000000e+03 -2.658546924591064453e+00
8.686000000000000000e+03 -2.646750211715698242e+00
8.687000000000000000e+03 -2.641521930694580078e+00
8.688000000000000000e+03 -2.616801023483276367e+00
8.689000000000000000e+03 -2.600847244262695312e+00
8.690000000000000000e+03 -2.648300647735595703e+00
8.691000000000000000e+03 -2.611586809158325195e+00
8.692000000000000000e+03 -2.623807430267333984e+00
8.693000000000000000e+03 -2.624179124832153320e+00
8.694000000000000000e+03 -2.606516361236572266e+00
8.695000000000000000e+03 -2.620651721954345703e+00
8.696000000000000000e+03 -2.610057115554809570e+00
8.697000000000000000e+03 -2.627034664154052734e+00
8.698000000000000000e+03 -2.657143592834472656e+00
8.699000000000000000e+03 -2.671067953109741211e+00
8.700000000000000000e+03 -2.631367921829223633e+00
8.701000000000000000e+03 -2.620468854904174805e+00
8.702000000000000000e+03 -2.643779754638671875e+00
8.703000000000000000e+03 -2.599786043167114258e+00
8.704000000000000000e+03 -2.658957719802856445e+00
8.705000000000000000e+03 -2.665299415588378906e+00
8.706000000000000000e+03 -2.638819217681884766e+00
8.707000000000000000e+03 -2.649343013763427734e+00
8.708000000000000000e+03 -2.638463973999023438e+00
8.709000000000000000e+03 -2.622013568878173828e+00
8.710000000000000000e+03 -2.605495929718017578e+00
8.711000000000000000e+03 -2.595487594604492188e+00
8.712000000000000000e+03 -2.611669063568115234e+00
8.713000000000000000e+03 -2.612225055694580078e+00
8.714000000000000000e+03 -2.608491659164428711e+00
8.715000000000000000e+03 -2.613619804382324219e+00
8.716000000000000000e+03 -2.589271545410156250e+00
8.717000000000000000e+03 -2.626976013183593750e+00
8.718000000000000000e+03 -2.619451999664306641e+00
8.719000000000000000e+03 -2.584473848342895508e+00
8.720000000000000000e+03 -2.603950262069702148e+00
8.721000000000000000e+03 -2.617372035980224609e+00
8.722000000000000000e+03 -2.602310895919799805e+00
8.723000000000000000e+03 -2.610054254531860352e+00
8.724000000000000000e+03 -2.643301248550415039e+00
8.725000000000000000e+03 -2.626009702682495117e+00
8.726000000000000000e+03 -2.662167549133300781e+00
8.727000000000000000e+03 -2.646287202835083008e+00
8.728000000000000000e+03 -2.647803783416748047e+00
8.729000000000000000e+03 -2.631304264068603516e+00
8.730000000000000000e+03 -2.633999586105346680e+00
8.731000000000000000e+03 -2.610403299331665039e+00
8.732000000000000000e+03 -2.636715412139892578e+00
8.733000000000000000e+03 -2.659288406372070312e+00
8.734000000000000000e+03 -2.643784523010253906e+00
8.735000000000000000e+03 -2.633667945861816406e+00
8.736000000000000000e+03 -2.664136886596679688e+00
8.737000000000000000e+03 -2.670114994049072266e+00
8.738000000000000000e+03 -2.659276962280273438e+00
8.739000000000000000e+03 -2.633333444595336914e+00
8.740000000000000000e+03 -2.681667566299438477e+00
8.741000000000000000e+03 -2.690543174743652344e+00
8.742000000000000000e+03 -2.668122529983520508e+00
8.743000000000000000e+03 -2.692446708679199219e+00
8.744000000000000000e+03 -2.670117616653442383e+00
8.745000000000000000e+03 -2.647446155548095703e+00
8.746000000000000000e+03 -2.665883302688598633e+00
8.747000000000000000e+03 -2.663889408111572266e+00
8.748000000000000000e+03 -2.683675050735473633e+00
8.749000000000000000e+03 -2.685091972351074219e+00
8.750000000000000000e+03 -2.642286300659179688e+00
8.751000000000000000e+03 -2.636172056198120117e+00
8.752000000000000000e+03 -2.613561153411865234e+00
8.753000000000000000e+03 -2.652350902557373047e+00
8.754000000000000000e+03 -2.627449989318847656e+00
8.755000000000000000e+03 -2.648962020874023438e+00
8.756000000000000000e+03 -2.656151294708251953e+00
8.757000000000000000e+03 -2.674223184585571289e+00
8.758000000000000000e+03 -2.676970005035400391e+00
8.759000000000000000e+03 -2.655487060546875000e+00
8.760000000000000000e+03 -2.651281833648681641e+00
8.761000000000000000e+03 -2.653392314910888672e+00
8.762000000000000000e+03 -2.668262004852294922e+00
8.763000000000000000e+03 -2.665702819824218750e+00
8.764000000000000000e+03 -2.682702064514160156e+00
8.765000000000000000e+03 -2.686552286148071289e+00
8.766000000000000000e+03 -2.649792432785034180e+00
8.767000000000000000e+03 -2.638268947601318359e+00
8.768000000000000000e+03 -2.634898185729980469e+00
8.769000000000000000e+03 -2.641628265380859375e+00
8.770000000000000000e+03 -2.661339998245239258e+00
8.771000000000000000e+03 -2.642714738845825195e+00
8.772000000000000000e+03 -2.658322334289550781e+00
8.773000000000000000e+03 -2.671554327011108398e+00
8.774000000000000000e+03 -2.668295145034790039e+00
8.775000000000000000e+03 -2.730043888092041016e+00
8.776000000000000000e+03 -2.711301326751708984e+00
8.777000000000000000e+03 -2.661542892456054688e+00
8.778000000000000000e+03 -2.665126800537109375e+00
8.779000000000000000e+03 -2.688510656356811523e+00
8.780000000000000000e+03 -2.662832021713256836e+00
8.781000000000000000e+03 -2.649069786071777344e+00
8.782000000000000000e+03 -2.684724092483520508e+00
8.783000000000000000e+03 -2.706456422805786133e+00
8.784000000000000000e+03 -2.695491790771484375e+00
8.785000000000000000e+03 -2.684369802474975586e+00
8.786000000000000000e+03 -2.715631484985351562e+00
8.787000000000000000e+03 -2.695201158523559570e+00
8.788000000000000000e+03 -2.667354106903076172e+00
8.789000000000000000e+03 -2.642959117889404297e+00
8.790000000000000000e+03 -2.647050619125366211e+00
8.791000000000000000e+03 -2.692635059356689453e+00
8.792000000000000000e+03 -2.661432981491088867e+00
8.793000000000000000e+03 -2.636962413787841797e+00
8.794000000000000000e+03 -2.626278877258300781e+00
8.795000000000000000e+03 -2.657923698425292969e+00
8.796000000000000000e+03 -2.627279520034790039e+00
8.797000000000000000e+03 -2.684505224227905273e+00
8.798000000000000000e+03 -2.702543973922729492e+00
8.799000000000000000e+03 -2.691371440887451172e+00
8.800000000000000000e+03 -2.647058725357055664e+00
8.801000000000000000e+03 -2.679025888442993164e+00
8.802000000000000000e+03 -2.651346445083618164e+00
8.803000000000000000e+03 -2.663781881332397461e+00
8.804000000000000000e+03 -2.677767515182495117e+00
8.805000000000000000e+03 -2.672499656677246094e+00
8.806000000000000000e+03 -2.646633863449096680e+00
8.807000000000000000e+03 -2.662397384643554688e+00
8.808000000000000000e+03 -2.645537853240966797e+00
8.809000000000000000e+03 -2.649150609970092773e+00
8.810000000000000000e+03 -2.630558013916015625e+00
8.811000000000000000e+03 -2.638543128967285156e+00
8.812000000000000000e+03 -2.662106990814208984e+00
8.813000000000000000e+03 -2.602524042129516602e+00
8.814000000000000000e+03 -2.634601593017578125e+00
8.815000000000000000e+03 -2.606782436370849609e+00
8.816000000000000000e+03 -2.647628068923950195e+00
8.817000000000000000e+03 -2.650508880615234375e+00
8.818000000000000000e+03 -2.622328996658325195e+00
8.819000000000000000e+03 -2.618906021118164062e+00
8.820000000000000000e+03 -2.653791189193725586e+00
8.821000000000000000e+03 -2.639611005783081055e+00
8.822000000000000000e+03 -2.617813348770141602e+00
8.823000000000000000e+03 -2.645625352859497070e+00
8.824000000000000000e+03 -2.643964052200317383e+00
8.825000000000000000e+03 -2.656820297241210938e+00
8.826000000000000000e+03 -2.671208143234252930e+00
8.827000000000000000e+03 -2.634458780288696289e+00
8.828000000000000000e+03 -2.649150371551513672e+00
8.829000000000000000e+03 -2.625839948654174805e+00
8.830000000000000000e+03 -2.598683118820190430e+00
8.831000000000000000e+03 -2.626559257507324219e+00
8.832000000000000000e+03 -2.671375513076782227e+00
8.833000000000000000e+03 -2.623149871826171875e+00
8.834000000000000000e+03 -2.631055593490600586e+00
8.835000000000000000e+03 -2.614678382873535156e+00
8.836000000000000000e+03 -2.641685962677001953e+00
8.837000000000000000e+03 -2.604449272155761719e+00
8.838000000000000000e+03 -2.634663820266723633e+00
8.839000000000000000e+03 -2.652210712432861328e+00
8.840000000000000000e+03 -2.668820858001708984e+00
8.841000000000000000e+03 -2.631813526153564453e+00
8.842000000000000000e+03 -2.615611076354980469e+00
8.843000000000000000e+03 -2.647349119186401367e+00
8.844000000000000000e+03 -2.622703075408935547e+00
8.845000000000000000e+03 -2.599204063415527344e+00
8.846000000000000000e+03 -2.625700712203979492e+00
8.847000000000000000e+03 -2.612540721893310547e+00
8.848000000000000000e+03 -2.636196136474609375e+00
8.849000000000000000e+03 -2.660760879516601562e+00
8.850000000000000000e+03 -2.636045217514038086e+00
8.851000000000000000e+03 -2.644634246826171875e+00
8.852000000000000000e+03 -2.636696100234985352e+00
8.853000000000000000e+03 -2.653913259506225586e+00
8.854000000000000000e+03 -2.647694349288940430e+00
8.855000000000000000e+03 -2.672472000122070312e+00
8.856000000000000000e+03 -2.632198810577392578e+00
8.857000000000000000e+03 -2.664916038513183594e+00
8.858000000000000000e+03 -2.635080337524414062e+00
8.859000000000000000e+03 -2.606702804565429688e+00
8.860000000000000000e+03 -2.651853799819946289e+00
8.861000000000000000e+03 -2.667961120605468750e+00
8.862000000000000000e+03 -2.632446050643920898e+00
8.863000000000000000e+03 -2.613150596618652344e+00
8.864000000000000000e+03 -2.636629581451416016e+00
8.865000000000000000e+03 -2.644639492034912109e+00
8.866000000000000000e+03 -2.664043188095092773e+00
8.867000000000000000e+03 -2.614840269088745117e+00
8.868000000000000000e+03 -2.649853944778442383e+00
8.869000000000000000e+03 -2.645692586898803711e+00
8.870000000000000000e+03 -2.628081798553466797e+00
8.871000000000000000e+03 -2.636543989181518555e+00
8.872000000000000000e+03 -2.656666755676269531e+00
8.873000000000000000e+03 -2.648890972137451172e+00
8.874000000000000000e+03 -2.650646686553955078e+00
8.875000000000000000e+03 -2.635805845260620117e+00
8.876000000000000000e+03 -2.644744396209716797e+00
8.877000000000000000e+03 -2.616514205932617188e+00
8.878000000000000000e+03 -2.641907215118408203e+00
8.879000000000000000e+03 -2.632456779479980469e+00
8.880000000000000000e+03 -2.641321659088134766e+00
8.881000000000000000e+03 -2.647553920745849609e+00
8.882000000000000000e+03 -2.625386238098144531e+00
8.883000000000000000e+03 -2.638510704040527344e+00
8.884000000000000000e+03 -2.644086360931396484e+00
8.885000000000000000e+03 -2.645202398300170898e+00
8.886000000000000000e+03 -2.615818977355957031e+00
8.887000000000000000e+03 -2.644283771514892578e+00
8.888000000000000000e+03 -2.677240610122680664e+00
8.889000000000000000e+03 -2.684604406356811523e+00
8.890000000000000000e+03 -2.677516937255859375e+00
8.891000000000000000e+03 -2.670089244842529297e+00
8.892000000000000000e+03 -2.632384538650512695e+00
8.893000000000000000e+03 -2.642287731170654297e+00
8.894000000000000000e+03 -2.672818183898925781e+00
8.895000000000000000e+03 -2.643539905548095703e+00
8.896000000000000000e+03 -2.676848173141479492e+00
8.897000000000000000e+03 -2.660248994827270508e+00
8.898000000000000000e+03 -2.626154661178588867e+00
8.899000000000000000e+03 -2.644838809967041016e+00
8.900000000000000000e+03 -2.650528907775878906e+00
8.901000000000000000e+03 -2.644620895385742188e+00
8.902000000000000000e+03 -2.630109786987304688e+00
8.903000000000000000e+03 -2.635014057159423828e+00
8.904000000000000000e+03 -2.615532875061035156e+00
8.905000000000000000e+03 -2.647223711013793945e+00
8.906000000000000000e+03 -2.635631561279296875e+00
8.907000000000000000e+03 -2.629067182540893555e+00
8.908000000000000000e+03 -2.572880029678344727e+00
8.909000000000000000e+03 -2.604482650756835938e+00
8.910000000000000000e+03 -2.625971317291259766e+00
8.911000000000000000e+03 -2.626444339752197266e+00
8.912000000000000000e+03 -2.626307487487792969e+00
8.913000000000000000e+03 -2.583766222000122070e+00
8.914000000000000000e+03 -2.614002466201782227e+00
8.915000000000000000e+03 -2.629873991012573242e+00
8.916000000000000000e+03 -2.639254570007324219e+00
8.917000000000000000e+03 -2.625961780548095703e+00
8.918000000000000000e+03 -2.637902259826660156e+00
8.919000000000000000e+03 -2.616770744323730469e+00
8.920000000000000000e+03 -2.614989280700683594e+00
8.921000000000000000e+03 -2.620572090148925781e+00
8.922000000000000000e+03 -2.642584085464477539e+00
8.923000000000000000e+03 -2.676506519317626953e+00
8.924000000000000000e+03 -2.636639595031738281e+00
8.925000000000000000e+03 -2.626341104507446289e+00
8.926000000000000000e+03 -2.633509635925292969e+00
8.927000000000000000e+03 -2.635955572128295898e+00
8.928000000000000000e+03 -2.624048471450805664e+00
8.929000000000000000e+03 -2.601554393768310547e+00
8.930000000000000000e+03 -2.630134582519531250e+00
8.931000000000000000e+03 -2.578705787658691406e+00
8.932000000000000000e+03 -2.615890026092529297e+00
8.933000000000000000e+03 -2.627727031707763672e+00
8.934000000000000000e+03 -2.618670701980590820e+00
8.935000000000000000e+03 -2.594202995300292969e+00
8.936000000000000000e+03 -2.579978466033935547e+00
8.937000000000000000e+03 -2.570350408554077148e+00
8.938000000000000000e+03 -2.624052286148071289e+00
8.939000000000000000e+03 -2.604578018188476562e+00
8.940000000000000000e+03 -2.603317737579345703e+00
8.941000000000000000e+03 -2.620841979980468750e+00
8.942000000000000000e+03 -2.650169372558593750e+00
8.943000000000000000e+03 -2.625177383422851562e+00
8.944000000000000000e+03 -2.630630016326904297e+00
8.945000000000000000e+03 -2.592804431915283203e+00
8.946000000000000000e+03 -2.590395212173461914e+00
8.947000000000000000e+03 -2.586460590362548828e+00
8.948000000000000000e+03 -2.605233669281005859e+00
8.949000000000000000e+03 -2.592408657073974609e+00
8.950000000000000000e+03 -2.570366144180297852e+00
8.951000000000000000e+03 -2.600297927856445312e+00
8.952000000000000000e+03 -2.656412839889526367e+00
8.953000000000000000e+03 -2.627474308013916016e+00
8.954000000000000000e+03 -2.617647171020507812e+00
8.955000000000000000e+03 -2.620142221450805664e+00
8.956000000000000000e+03 -2.607820034027099609e+00
8.957000000000000000e+03 -2.582034111022949219e+00
8.958000000000000000e+03 -2.592029094696044922e+00
8.959000000000000000e+03 -2.605612754821777344e+00
8.960000000000000000e+03 -2.645099401473999023e+00
8.961000000000000000e+03 -2.613637208938598633e+00
8.962000000000000000e+03 -2.616011857986450195e+00
8.963000000000000000e+03 -2.635918140411376953e+00
8.964000000000000000e+03 -2.628179311752319336e+00
8.965000000000000000e+03 -2.638077735900878906e+00
8.966000000000000000e+03 -2.613101005554199219e+00
8.967000000000000000e+03 -2.585865259170532227e+00
8.968000000000000000e+03 -2.617894172668457031e+00
8.969000000000000000e+03 -2.633310079574584961e+00
8.970000000000000000e+03 -2.623669385910034180e+00
8.971000000000000000e+03 -2.621484518051147461e+00
8.972000000000000000e+03 -2.621219635009765625e+00
8.973000000000000000e+03 -2.659244298934936523e+00
8.974000000000000000e+03 -2.663434505462646484e+00
8.975000000000000000e+03 -2.612432718276977539e+00
8.976000000000000000e+03 -2.654016494750976562e+00
8.977000000000000000e+03 -2.635798215866088867e+00
8.978000000000000000e+03 -2.646859645843505859e+00
8.979000000000000000e+03 -2.612790107727050781e+00
8.980000000000000000e+03 -2.639976978302001953e+00
8.981000000000000000e+03 -2.659790515899658203e+00
8.982000000000000000e+03 -2.638125181198120117e+00
8.983000000000000000e+03 -2.644367456436157227e+00
8.984000000000000000e+03 -2.645682334899902344e+00
8.985000000000000000e+03 -2.655426502227783203e+00
8.986000000000000000e+03 -2.638552665710449219e+00
8.987000000000000000e+03 -2.649692535400390625e+00
8.988000000000000000e+03 -2.673643350601196289e+00
8.989000000000000000e+03 -2.671662807464599609e+00
8.990000000000000000e+03 -2.664300441741943359e+00
8.991000000000000000e+03 -2.684660673141479492e+00
8.992000000000000000e+03 -2.664112329483032227e+00
8.993000000000000000e+03 -2.643674373626708984e+00
8.994000000000000000e+03 -2.651284217834472656e+00
8.995000000000000000e+03 -2.706964015960693359e+00
8.996000000000000000e+03 -2.684805393218994141e+00
8.997000000000000000e+03 -2.668738603591918945e+00
8.998000000000000000e+03 -2.625002384185791016e+00
8.999000000000000000e+03 -2.645760536193847656e+00
9.000000000000000000e+03 -2.663815975189208984e+00
9.001000000000000000e+03 -2.655214786529541016e+00
9.002000000000000000e+03 -2.622001886367797852e+00
9.003000000000000000e+03 -2.674937486648559570e+00
9.004000000000000000e+03 -2.658012628555297852e+00
9.005000000000000000e+03 -2.653769731521606445e+00
9.006000000000000000e+03 -2.640955448150634766e+00
9.007000000000000000e+03 -2.656078338623046875e+00
9.008000000000000000e+03 -2.646158218383789062e+00
9.009000000000000000e+03 -2.610822677612304688e+00
9.010000000000000000e+03 -2.643148899078369141e+00
9.011000000000000000e+03 -2.638810873031616211e+00
9.012000000000000000e+03 -2.643435716629028320e+00
9.013000000000000000e+03 -2.655609130859375000e+00
9.014000000000000000e+03 -2.628089427947998047e+00
9.015000000000000000e+03 -2.602190017700195312e+00
9.016000000000000000e+03 -2.613093852996826172e+00
9.017000000000000000e+03 -2.609508037567138672e+00
9.018000000000000000e+03 -2.623107433319091797e+00
9.019000000000000000e+03 -2.619721651077270508e+00
9.020000000000000000e+03 -2.607010841369628906e+00
9.021000000000000000e+03 -2.599867105484008789e+00
9.022000000000000000e+03 -2.630431175231933594e+00
9.023000000000000000e+03 -2.629689216613769531e+00
9.024000000000000000e+03 -2.640857934951782227e+00
9.025000000000000000e+03 -2.629482507705688477e+00
9.026000000000000000e+03 -2.637210130691528320e+00
9.027000000000000000e+03 -2.631084680557250977e+00
9.028000000000000000e+03 -2.625247478485107422e+00
9.029000000000000000e+03 -2.590490818023681641e+00
9.030000000000000000e+03 -2.607154846191406250e+00
9.031000000000000000e+03 -2.640108346939086914e+00
9.032000000000000000e+03 -2.604393243789672852e+00
9.033000000000000000e+03 -2.603236198425292969e+00
9.034000000000000000e+03 -2.611739873886108398e+00
9.035000000000000000e+03 -2.632433414459228516e+00
9.036000000000000000e+03 -2.622067451477050781e+00
9.037000000000000000e+03 -2.632073879241943359e+00
9.038000000000000000e+03 -2.633217096328735352e+00
9.039000000000000000e+03 -2.652091026306152344e+00
9.040000000000000000e+03 -2.632595539093017578e+00
9.041000000000000000e+03 -2.670853614807128906e+00
9.042000000000000000e+03 -2.657679080963134766e+00
9.043000000000000000e+03 -2.639252901077270508e+00
9.044000000000000000e+03 -2.650147676467895508e+00
9.045000000000000000e+03 -2.648826122283935547e+00
9.046000000000000000e+03 -2.663319587707519531e+00
9.047000000000000000e+03 -2.657209634780883789e+00
9.048000000000000000e+03 -2.643021821975708008e+00
9.049000000000000000e+03 -2.653933286666870117e+00
9.050000000000000000e+03 -2.673165798187255859e+00
9.051000000000000000e+03 -2.663386344909667969e+00
9.052000000000000000e+03 -2.619459152221679688e+00
9.053000000000000000e+03 -2.649586915969848633e+00
9.054000000000000000e+03 -2.619831562042236328e+00
9.055000000000000000e+03 -2.638986587524414062e+00
9.056000000000000000e+03 -2.602088212966918945e+00
9.057000000000000000e+03 -2.617463827133178711e+00
9.058000000000000000e+03 -2.651513338088989258e+00
9.059000000000000000e+03 -2.632048845291137695e+00
9.060000000000000000e+03 -2.652576446533203125e+00
9.061000000000000000e+03 -2.626446247100830078e+00
9.062000000000000000e+03 -2.618635177612304688e+00
9.063000000000000000e+03 -2.636420965194702148e+00
9.064000000000000000e+03 -2.654479265213012695e+00
9.065000000000000000e+03 -2.655056715011596680e+00
9.066000000000000000e+03 -2.632748603820800781e+00
9.067000000000000000e+03 -2.640026092529296875e+00
9.068000000000000000e+03 -2.638105630874633789e+00
9.069000000000000000e+03 -2.632430076599121094e+00
9.070000000000000000e+03 -2.628706932067871094e+00
9.071000000000000000e+03 -2.600451469421386719e+00
9.072000000000000000e+03 -2.631024837493896484e+00
9.073000000000000000e+03 -2.624569177627563477e+00
9.074000000000000000e+03 -2.613357067108154297e+00
9.075000000000000000e+03 -2.629518747329711914e+00
9.076000000000000000e+03 -2.662242889404296875e+00
9.077000000000000000e+03 -2.656323909759521484e+00
9.078000000000000000e+03 -2.631590604782104492e+00
9.079000000000000000e+03 -2.622521400451660156e+00
9.080000000000000000e+03 -2.615102529525756836e+00
9.081000000000000000e+03 -2.622302293777465820e+00
9.082000000000000000e+03 -2.630330562591552734e+00
9.083000000000000000e+03 -2.645560979843139648e+00
9.084000000000000000e+03 -2.615459680557250977e+00
9.085000000000000000e+03 -2.628203630447387695e+00
9.086000000000000000e+03 -2.634175300598144531e+00
9.087000000000000000e+03 -2.618425607681274414e+00
9.088000000000000000e+03 -2.603703975677490234e+00
9.089000000000000000e+03 -2.653491973876953125e+00
9.090000000000000000e+03 -2.587354660034179688e+00
9.091000000000000000e+03 -2.641331672668457031e+00
9.092000000000000000e+03 -2.642205476760864258e+00
9.093000000000000000e+03 -2.642545938491821289e+00
9.094000000000000000e+03 -2.593241214752197266e+00
9.095000000000000000e+03 -2.593331336975097656e+00
9.096000000000000000e+03 -2.636532783508300781e+00
9.097000000000000000e+03 -2.574168682098388672e+00
9.098000000000000000e+03 -2.613855361938476562e+00
9.099000000000000000e+03 -2.616571903228759766e+00
9.100000000000000000e+03 -2.633248090744018555e+00
9.101000000000000000e+03 -2.666637897491455078e+00
9.102000000000000000e+03 -2.605635643005371094e+00
9.103000000000000000e+03 -2.634493827819824219e+00
9.104000000000000000e+03 -2.663028240203857422e+00
9.105000000000000000e+03 -2.654727935791015625e+00
9.106000000000000000e+03 -2.655290603637695312e+00
9.107000000000000000e+03 -2.641872167587280273e+00
9.108000000000000000e+03 -2.614733695983886719e+00
9.109000000000000000e+03 -2.625541925430297852e+00
9.110000000000000000e+03 -2.659452438354492188e+00
9.111000000000000000e+03 -2.647328138351440430e+00
9.112000000000000000e+03 -2.604793310165405273e+00
9.113000000000000000e+03 -2.613173961639404297e+00
9.114000000000000000e+03 -2.598336696624755859e+00
9.115000000000000000e+03 -2.618217229843139648e+00
9.116000000000000000e+03 -2.595472335815429688e+00
9.117000000000000000e+03 -2.606540679931640625e+00
9.118000000000000000e+03 -2.608912467956542969e+00
9.119000000000000000e+03 -2.658650875091552734e+00
9.120000000000000000e+03 -2.645354986190795898e+00
9.121000000000000000e+03 -2.650434017181396484e+00
9.122000000000000000e+03 -2.650055408477783203e+00
9.123000000000000000e+03 -2.642044305801391602e+00
9.124000000000000000e+03 -2.643341541290283203e+00
9.125000000000000000e+03 -2.609567165374755859e+00
9.126000000000000000e+03 -2.629925251007080078e+00
9.127000000000000000e+03 -2.636886596679687500e+00
9.128000000000000000e+03 -2.613891363143920898e+00
9.129000000000000000e+03 -2.629664897918701172e+00
9.130000000000000000e+03 -2.615666866302490234e+00
9.131000000000000000e+03 -2.634058952331542969e+00
9.132000000000000000e+03 -2.627418041229248047e+00
9.133000000000000000e+03 -2.623434305191040039e+00
9.134000000000000000e+03 -2.622698783874511719e+00
9.135000000000000000e+03 -2.631572723388671875e+00
9.136000000000000000e+03 -2.635471820831298828e+00
9.137000000000000000e+03 -2.588989973068237305e+00
9.138000000000000000e+03 -2.637705087661743164e+00
9.139000000000000000e+03 -2.637561082839965820e+00
9.140000000000000000e+03 -2.629536151885986328e+00
9.141000000000000000e+03 -2.642184257507324219e+00
9.142000000000000000e+03 -2.672541379928588867e+00
9.143000000000000000e+03 -2.675730705261230469e+00
9.144000000000000000e+03 -2.624603033065795898e+00
9.145000000000000000e+03 -2.606064558029174805e+00
9.146000000000000000e+03 -2.644641160964965820e+00
9.147000000000000000e+03 -2.612670421600341797e+00
9.148000000000000000e+03 -2.595642089843750000e+00
9.149000000000000000e+03 -2.592803955078125000e+00
9.150000000000000000e+03 -2.601026058197021484e+00
9.151000000000000000e+03 -2.610649585723876953e+00
9.152000000000000000e+03 -2.603347778320312500e+00
9.153000000000000000e+03 -2.595018625259399414e+00
9.154000000000000000e+03 -2.598705291748046875e+00
9.155000000000000000e+03 -2.624256372451782227e+00
9.156000000000000000e+03 -2.626993656158447266e+00
9.157000000000000000e+03 -2.593814849853515625e+00
9.158000000000000000e+03 -2.610973834991455078e+00
9.159000000000000000e+03 -2.571355104446411133e+00
9.160000000000000000e+03 -2.576077938079833984e+00
9.161000000000000000e+03 -2.621423721313476562e+00
9.162000000000000000e+03 -2.621435642242431641e+00
9.163000000000000000e+03 -2.608587265014648438e+00
9.164000000000000000e+03 -2.628380775451660156e+00
9.165000000000000000e+03 -2.625320672988891602e+00
9.166000000000000000e+03 -2.671169519424438477e+00
9.167000000000000000e+03 -2.679617881774902344e+00
9.168000000000000000e+03 -2.634419918060302734e+00
9.169000000000000000e+03 -2.649121761322021484e+00
9.170000000000000000e+03 -2.662837743759155273e+00
9.171000000000000000e+03 -2.652988672256469727e+00
9.172000000000000000e+03 -2.646663904190063477e+00
9.173000000000000000e+03 -2.669826269149780273e+00
9.174000000000000000e+03 -2.657656669616699219e+00
9.175000000000000000e+03 -2.667142391204833984e+00
9.176000000000000000e+03 -2.648829460144042969e+00
9.177000000000000000e+03 -2.657354831695556641e+00
9.178000000000000000e+03 -2.687590122222900391e+00
9.179000000000000000e+03 -2.630594968795776367e+00
9.180000000000000000e+03 -2.620744943618774414e+00
9.181000000000000000e+03 -2.620568037033081055e+00
9.182000000000000000e+03 -2.629305601119995117e+00
9.183000000000000000e+03 -2.630630016326904297e+00
9.184000000000000000e+03 -2.628650188446044922e+00
9.185000000000000000e+03 -2.634492874145507812e+00
9.186000000000000000e+03 -2.608937501907348633e+00
9.187000000000000000e+03 -2.660079956054687500e+00
9.188000000000000000e+03 -2.620968103408813477e+00
9.189000000000000000e+03 -2.624690055847167969e+00
9.190000000000000000e+03 -2.664297819137573242e+00
9.191000000000000000e+03 -2.639804601669311523e+00
9.192000000000000000e+03 -2.647520065307617188e+00
9.193000000000000000e+03 -2.643273830413818359e+00
9.194000000000000000e+03 -2.670716524124145508e+00
9.195000000000000000e+03 -2.673989772796630859e+00
9.196000000000000000e+03 -2.660485506057739258e+00
9.197000000000000000e+03 -2.659127712249755859e+00
9.198000000000000000e+03 -2.639801740646362305e+00
9.199000000000000000e+03 -2.647972583770751953e+00
9.200000000000000000e+03 -2.648282527923583984e+00
9.201000000000000000e+03 -2.647843360900878906e+00
9.202000000000000000e+03 -2.623452663421630859e+00
9.203000000000000000e+03 -2.592457771301269531e+00
9.204000000000000000e+03 -2.620398759841918945e+00
9.205000000000000000e+03 -2.663174629211425781e+00
9.206000000000000000e+03 -2.649515867233276367e+00
9.207000000000000000e+03 -2.668327808380126953e+00
9.208000000000000000e+03 -2.650683641433715820e+00
9.209000000000000000e+03 -2.648562192916870117e+00
9.210000000000000000e+03 -2.621621131896972656e+00
9.211000000000000000e+03 -2.638346195220947266e+00
9.212000000000000000e+03 -2.637578010559082031e+00
9.213000000000000000e+03 -2.657461881637573242e+00
9.214000000000000000e+03 -2.643252372741699219e+00
9.215000000000000000e+03 -2.661404371261596680e+00
9.216000000000000000e+03 -2.664891958236694336e+00
9.217000000000000000e+03 -2.646237373352050781e+00
9.218000000000000000e+03 -2.651846647262573242e+00
9.219000000000000000e+03 -2.623808383941650391e+00
9.220000000000000000e+03 -2.638144731521606445e+00
9.221000000000000000e+03 -2.640110015869140625e+00
9.222000000000000000e+03 -2.665842056274414062e+00
9.223000000000000000e+03 -2.643106698989868164e+00
9.224000000000000000e+03 -2.624939680099487305e+00
9.225000000000000000e+03 -2.646680116653442383e+00
9.226000000000000000e+03 -2.648764610290527344e+00
9.227000000000000000e+03 -2.668797016143798828e+00
9.228000000000000000e+03 -2.637013912200927734e+00
9.229000000000000000e+03 -2.624863624572753906e+00
9.230000000000000000e+03 -2.653646945953369141e+00
9.231000000000000000e+03 -2.622260332107543945e+00
9.232000000000000000e+03 -2.641906738281250000e+00
9.233000000000000000e+03 -2.626348495483398438e+00
9.234000000000000000e+03 -2.645882606506347656e+00
9.235000000000000000e+03 -2.666824817657470703e+00
9.236000000000000000e+03 -2.684520959854125977e+00
9.237000000000000000e+03 -2.659172058105468750e+00
9.238000000000000000e+03 -2.642986774444580078e+00
9.239000000000000000e+03 -2.681266307830810547e+00
9.240000000000000000e+03 -2.682774543762207031e+00
9.241000000000000000e+03 -2.691870450973510742e+00
9.242000000000000000e+03 -2.688779354095458984e+00
9.243000000000000000e+03 -2.713028430938720703e+00
9.244000000000000000e+03 -2.688809156417846680e+00
9.245000000000000000e+03 -2.712162256240844727e+00
9.246000000000000000e+03 -2.711118936538696289e+00
9.247000000000000000e+03 -2.673489809036254883e+00
9.248000000000000000e+03 -2.672093391418457031e+00
9.249000000000000000e+03 -2.615573406219482422e+00
9.250000000000000000e+03 -2.648388862609863281e+00
9.251000000000000000e+03 -2.678788423538208008e+00
9.252000000000000000e+03 -2.667188644409179688e+00
9.253000000000000000e+03 -2.658246517181396484e+00
9.254000000000000000e+03 -2.660077810287475586e+00
9.255000000000000000e+03 -2.643175125122070312e+00
9.256000000000000000e+03 -2.634061813354492188e+00
9.257000000000000000e+03 -2.624722480773925781e+00
9.258000000000000000e+03 -2.655465364456176758e+00
9.259000000000000000e+03 -2.678111076354980469e+00
9.260000000000000000e+03 -2.710692882537841797e+00
9.261000000000000000e+03 -2.701633691787719727e+00
9.262000000000000000e+03 -2.694604396820068359e+00
9.263000000000000000e+03 -2.660378932952880859e+00
9.264000000000000000e+03 -2.679096698760986328e+00
9.265000000000000000e+03 -2.664013147354125977e+00
9.266000000000000000e+03 -2.654825925827026367e+00
9.267000000000000000e+03 -2.640375852584838867e+00
9.268000000000000000e+03 -2.629528760910034180e+00
9.269000000000000000e+03 -2.644553661346435547e+00
9.270000000000000000e+03 -2.667127847671508789e+00
9.271000000000000000e+03 -2.646927356719970703e+00
9.272000000000000000e+03 -2.646523714065551758e+00
9.273000000000000000e+03 -2.667226314544677734e+00
9.274000000000000000e+03 -2.682563304901123047e+00
9.275000000000000000e+03 -2.636749505996704102e+00
9.276000000000000000e+03 -2.618391752243041992e+00
9.277000000000000000e+03 -2.619091510772705078e+00
9.278000000000000000e+03 -2.668738842010498047e+00
9.279000000000000000e+03 -2.636008739471435547e+00
9.280000000000000000e+03 -2.621028661727905273e+00
9.281000000000000000e+03 -2.651668548583984375e+00
9.282000000000000000e+03 -2.670486927032470703e+00
9.283000000000000000e+03 -2.662350893020629883e+00
9.284000000000000000e+03 -2.656176805496215820e+00
9.285000000000000000e+03 -2.667315483093261719e+00
9.286000000000000000e+03 -2.674529790878295898e+00
9.287000000000000000e+03 -2.682594060897827148e+00
9.288000000000000000e+03 -2.670620441436767578e+00
9.289000000000000000e+03 -2.639765262603759766e+00
9.290000000000000000e+03 -2.656560182571411133e+00
9.291000000000000000e+03 -2.669972658157348633e+00
9.292000000000000000e+03 -2.635472536087036133e+00
9.293000000000000000e+03 -2.626713752746582031e+00
9.294000000000000000e+03 -2.624162912368774414e+00
9.295000000000000000e+03 -2.617297410964965820e+00
9.296000000000000000e+03 -2.629649877548217773e+00
9.297000000000000000e+03 -2.640775203704833984e+00
9.298000000000000000e+03 -2.634314537048339844e+00
9.299000000000000000e+03 -2.667497634887695312e+00
9.300000000000000000e+03 -2.633121490478515625e+00
9.301000000000000000e+03 -2.640248060226440430e+00
9.302000000000000000e+03 -2.666369676589965820e+00
9.303000000000000000e+03 -2.674370050430297852e+00
9.304000000000000000e+03 -2.649369239807128906e+00
9.305000000000000000e+03 -2.651052474975585938e+00
9.306000000000000000e+03 -2.645262718200683594e+00
9.307000000000000000e+03 -2.679508209228515625e+00
9.308000000000000000e+03 -2.678930282592773438e+00
9.309000000000000000e+03 -2.665989875793457031e+00
9.310000000000000000e+03 -2.667178630828857422e+00
9.311000000000000000e+03 -2.694991350173950195e+00
9.312000000000000000e+03 -2.702378034591674805e+00
9.313000000000000000e+03 -2.669135570526123047e+00
9.314000000000000000e+03 -2.688114166259765625e+00
9.315000000000000000e+03 -2.680414676666259766e+00
9.316000000000000000e+03 -2.667987346649169922e+00
9.317000000000000000e+03 -2.702236652374267578e+00
9.318000000000000000e+03 -2.666674137115478516e+00
9.319000000000000000e+03 -2.685636758804321289e+00
9.320000000000000000e+03 -2.682927131652832031e+00
9.321000000000000000e+03 -2.659783601760864258e+00
9.322000000000000000e+03 -2.696080923080444336e+00
9.323000000000000000e+03 -2.692522048950195312e+00
9.324000000000000000e+03 -2.707853317260742188e+00
9.325000000000000000e+03 -2.726829528808593750e+00
9.326000000000000000e+03 -2.715068101882934570e+00
9.327000000000000000e+03 -2.749057531356811523e+00
9.328000000000000000e+03 -2.725814580917358398e+00
9.329000000000000000e+03 -2.750176429748535156e+00
9.330000000000000000e+03 -2.709945440292358398e+00
9.331000000000000000e+03 -2.707914113998413086e+00
9.332000000000000000e+03 -2.686956405639648438e+00
9.333000000000000000e+03 -2.667497634887695312e+00
9.334000000000000000e+03 -2.646932840347290039e+00
9.335000000000000000e+03 -2.652975082397460938e+00
9.336000000000000000e+03 -2.696785211563110352e+00
9.337000000000000000e+03 -2.697798252105712891e+00
9.338000000000000000e+03 -2.702001810073852539e+00
9.339000000000000000e+03 -2.694848060607910156e+00
9.340000000000000000e+03 -2.670349836349487305e+00
9.341000000000000000e+03 -2.654583692550659180e+00
9.342000000000000000e+03 -2.670931816101074219e+00
9.343000000000000000e+03 -2.657899379730224609e+00
9.344000000000000000e+03 -2.673336029052734375e+00
9.345000000000000000e+03 -2.683691263198852539e+00
9.346000000000000000e+03 -2.666382074356079102e+00
9.347000000000000000e+03 -2.690469503402709961e+00
9.348000000000000000e+03 -2.710852146148681641e+00
9.349000000000000000e+03 -2.687948703765869141e+00
9.350000000000000000e+03 -2.701056957244873047e+00
9.351000000000000000e+03 -2.653798580169677734e+00
9.352000000000000000e+03 -2.652963638305664062e+00
9.353000000000000000e+03 -2.702162504196166992e+00
9.354000000000000000e+03 -2.694283962249755859e+00
9.355000000000000000e+03 -2.721621751785278320e+00
9.356000000000000000e+03 -2.712548732757568359e+00
9.357000000000000000e+03 -2.682114601135253906e+00
9.358000000000000000e+03 -2.699394941329956055e+00
9.359000000000000000e+03 -2.694483995437622070e+00
9.360000000000000000e+03 -2.726754665374755859e+00
9.361000000000000000e+03 -2.671706199645996094e+00
9.362000000000000000e+03 -2.685137987136840820e+00
9.363000000000000000e+03 -2.679098844528198242e+00
9.364000000000000000e+03 -2.667945861816406250e+00
9.365000000000000000e+03 -2.706615924835205078e+00
9.366000000000000000e+03 -2.753842592239379883e+00
9.367000000000000000e+03 -2.730668783187866211e+00
9.368000000000000000e+03 -2.708353519439697266e+00
9.369000000000000000e+03 -2.725402116775512695e+00
9.370000000000000000e+03 -2.715545654296875000e+00
9.371000000000000000e+03 -2.723097324371337891e+00
9.372000000000000000e+03 -2.719473838806152344e+00
9.373000000000000000e+03 -2.714474678039550781e+00
9.374000000000000000e+03 -2.705741405487060547e+00
9.375000000000000000e+03 -2.684880971908569336e+00
9.376000000000000000e+03 -2.684587955474853516e+00
9.377000000000000000e+03 -2.677625894546508789e+00
9.378000000000000000e+03 -2.674941778182983398e+00
9.379000000000000000e+03 -2.637366294860839844e+00
9.380000000000000000e+03 -2.689311027526855469e+00
9.381000000000000000e+03 -2.686853885650634766e+00
9.382000000000000000e+03 -2.703411102294921875e+00
9.383000000000000000e+03 -2.696157455444335938e+00
9.384000000000000000e+03 -2.687016963958740234e+00
9.385000000000000000e+03 -2.679044008255004883e+00
9.386000000000000000e+03 -2.684351205825805664e+00
9.387000000000000000e+03 -2.705853700637817383e+00
9.388000000000000000e+03 -2.690710067749023438e+00
9.389000000000000000e+03 -2.665866851806640625e+00
9.390000000000000000e+03 -2.686285018920898438e+00
9.391000000000000000e+03 -2.654524564743041992e+00
9.392000000000000000e+03 -2.680112361907958984e+00
9.393000000000000000e+03 -2.717911481857299805e+00
9.394000000000000000e+03 -2.681353569030761719e+00
9.395000000000000000e+03 -2.689816236495971680e+00
9.396000000000000000e+03 -2.688256025314331055e+00
9.397000000000000000e+03 -2.678372144699096680e+00
9.398000000000000000e+03 -2.689271926879882812e+00
9.399000000000000000e+03 -2.640303850173950195e+00
9.400000000000000000e+03 -2.660024642944335938e+00
9.401000000000000000e+03 -2.685767889022827148e+00
9.402000000000000000e+03 -2.678655624389648438e+00
9.403000000000000000e+03 -2.685020685195922852e+00
9.404000000000000000e+03 -2.698868274688720703e+00
9.405000000000000000e+03 -2.663080215454101562e+00
9.406000000000000000e+03 -2.672226428985595703e+00
9.407000000000000000e+03 -2.669331073760986328e+00
9.408000000000000000e+03 -2.670870542526245117e+00
9.409000000000000000e+03 -2.671059608459472656e+00
9.410000000000000000e+03 -2.667685508728027344e+00
9.411000000000000000e+03 -2.668020486831665039e+00
9.412000000000000000e+03 -2.684139251708984375e+00
9.413000000000000000e+03 -2.701756238937377930e+00
9.414000000000000000e+03 -2.697821140289306641e+00
9.415000000000000000e+03 -2.702517986297607422e+00
9.416000000000000000e+03 -2.650921583175659180e+00
9.417000000000000000e+03 -2.663740158081054688e+00
9.418000000000000000e+03 -2.667511701583862305e+00
9.419000000000000000e+03 -2.684602022171020508e+00
9.420000000000000000e+03 -2.650550603866577148e+00
9.421000000000000000e+03 -2.650933027267456055e+00
9.422000000000000000e+03 -2.700026512145996094e+00
9.423000000000000000e+03 -2.677787542343139648e+00
9.424000000000000000e+03 -2.660501480102539062e+00
9.425000000000000000e+03 -2.662020921707153320e+00
9.426000000000000000e+03 -2.655995845794677734e+00
9.427000000000000000e+03 -2.711152076721191406e+00
9.428000000000000000e+03 -2.698872327804565430e+00
9.429000000000000000e+03 -2.676871061325073242e+00
9.430000000000000000e+03 -2.677940130233764648e+00
9.431000000000000000e+03 -2.716098785400390625e+00
9.432000000000000000e+03 -2.676098823547363281e+00
9.433000000000000000e+03 -2.696835041046142578e+00
9.434000000000000000e+03 -2.694990873336791992e+00
9.435000000000000000e+03 -2.670614242553710938e+00
9.436000000000000000e+03 -2.694891452789306641e+00
9.437000000000000000e+03 -2.676362514495849609e+00
9.438000000000000000e+03 -2.638985157012939453e+00
9.439000000000000000e+03 -2.674549102783203125e+00
9.440000000000000000e+03 -2.677896499633789062e+00
9.441000000000000000e+03 -2.675715208053588867e+00
9.442000000000000000e+03 -2.681020736694335938e+00
9.443000000000000000e+03 -2.639374017715454102e+00
9.444000000000000000e+03 -2.658620119094848633e+00
9.445000000000000000e+03 -2.656066656112670898e+00
9.446000000000000000e+03 -2.682570695877075195e+00
9.447000000000000000e+03 -2.668019533157348633e+00
9.448000000000000000e+03 -2.677783012390136719e+00
9.449000000000000000e+03 -2.703438043594360352e+00
9.450000000000000000e+03 -2.686135292053222656e+00
9.451000000000000000e+03 -2.670300960540771484e+00
9.452000000000000000e+03 -2.607551097869873047e+00
9.453000000000000000e+03 -2.624364852905273438e+00
9.454000000000000000e+03 -2.681761741638183594e+00
9.455000000000000000e+03 -2.656512975692749023e+00
9.456000000000000000e+03 -2.647604227066040039e+00
9.457000000000000000e+03 -2.644649982452392578e+00
9.458000000000000000e+03 -2.664234399795532227e+00
9.459000000000000000e+03 -2.623086929321289062e+00
9.460000000000000000e+03 -2.649748802185058594e+00
9.461000000000000000e+03 -2.635314226150512695e+00
9.462000000000000000e+03 -2.646494626998901367e+00
9.463000000000000000e+03 -2.636862754821777344e+00
9.464000000000000000e+03 -2.659197330474853516e+00
9.465000000000000000e+03 -2.658443689346313477e+00
9.466000000000000000e+03 -2.645839214324951172e+00
9.467000000000000000e+03 -2.618951320648193359e+00
9.468000000000000000e+03 -2.615217208862304688e+00
9.469000000000000000e+03 -2.625457763671875000e+00
9.470000000000000000e+03 -2.620752334594726562e+00
9.471000000000000000e+03 -2.622277975082397461e+00
9.472000000000000000e+03 -2.630515575408935547e+00
9.473000000000000000e+03 -2.656865119934082031e+00
9.474000000000000000e+03 -2.660822868347167969e+00
9.475000000000000000e+03 -2.628682136535644531e+00
9.476000000000000000e+03 -2.643310546875000000e+00
9.477000000000000000e+03 -2.647641658782958984e+00
9.478000000000000000e+03 -2.627299547195434570e+00
9.479000000000000000e+03 -2.605945348739624023e+00
9.480000000000000000e+03 -2.603963851928710938e+00
9.481000000000000000e+03 -2.626965045928955078e+00
9.482000000000000000e+03 -2.646324872970581055e+00
9.483000000000000000e+03 -2.626835346221923828e+00
9.484000000000000000e+03 -2.614734649658203125e+00
9.485000000000000000e+03 -2.621134757995605469e+00
9.486000000000000000e+03 -2.618921041488647461e+00
9.487000000000000000e+03 -2.597465276718139648e+00
9.488000000000000000e+03 -2.647468805313110352e+00
9.489000000000000000e+03 -2.655534982681274414e+00
9.490000000000000000e+03 -2.648488283157348633e+00
9.491000000000000000e+03 -2.647140741348266602e+00
9.492000000000000000e+03 -2.643746137619018555e+00
9.493000000000000000e+03 -2.622319459915161133e+00
9.494000000000000000e+03 -2.611391782760620117e+00
9.495000000000000000e+03 -2.632831573486328125e+00
9.496000000000000000e+03 -2.625215053558349609e+00
9.497000000000000000e+03 -2.639555692672729492e+00
9.498000000000000000e+03 -2.666807174682617188e+00
9.499000000000000000e+03 -2.621298789978027344e+00
9.500000000000000000e+03 -2.621858119964599609e+00
9.501000000000000000e+03 -2.600151538848876953e+00
9.502000000000000000e+03 -2.648069858551025391e+00
9.503000000000000000e+03 -2.645144939422607422e+00
9.504000000000000000e+03 -2.661562204360961914e+00
9.505000000000000000e+03 -2.651490688323974609e+00
9.506000000000000000e+03 -2.645845651626586914e+00
9.507000000000000000e+03 -2.649974822998046875e+00
9.508000000000000000e+03 -2.637337207794189453e+00
9.509000000000000000e+03 -2.645309209823608398e+00
9.510000000000000000e+03 -2.644182205200195312e+00
9.511000000000000000e+03 -2.661319017410278320e+00
9.512000000000000000e+03 -2.611210346221923828e+00
9.513000000000000000e+03 -2.642499208450317383e+00
9.514000000000000000e+03 -2.636081457138061523e+00
9.515000000000000000e+03 -2.659240484237670898e+00
9.516000000000000000e+03 -2.629961490631103516e+00
9.517000000000000000e+03 -2.605759143829345703e+00
9.518000000000000000e+03 -2.649433135986328125e+00
9.519000000000000000e+03 -2.673521041870117188e+00
9.520000000000000000e+03 -2.638672351837158203e+00
9.521000000000000000e+03 -2.671319007873535156e+00
9.522000000000000000e+03 -2.634293079376220703e+00
9.523000000000000000e+03 -2.642595291137695312e+00
9.524000000000000000e+03 -2.574200153350830078e+00
9.525000000000000000e+03 -2.610317707061767578e+00
9.526000000000000000e+03 -2.623136758804321289e+00
9.527000000000000000e+03 -2.614637374877929688e+00
9.528000000000000000e+03 -2.585654258728027344e+00
9.529000000000000000e+03 -2.591992855072021484e+00
9.530000000000000000e+03 -2.579251289367675781e+00
9.531000000000000000e+03 -2.566631793975830078e+00
9.532000000000000000e+03 -2.618630409240722656e+00
9.533000000000000000e+03 -2.602144718170166016e+00
9.534000000000000000e+03 -2.632363080978393555e+00
9.535000000000000000e+03 -2.650462627410888672e+00
9.536000000000000000e+03 -2.659412622451782227e+00
9.537000000000000000e+03 -2.627320766448974609e+00
9.538000000000000000e+03 -2.597546815872192383e+00
9.539000000000000000e+03 -2.598056316375732422e+00
9.540000000000000000e+03 -2.619999408721923828e+00
9.541000000000000000e+03 -2.605012178421020508e+00
9.542000000000000000e+03 -2.610156297683715820e+00
9.543000000000000000e+03 -2.612602233886718750e+00
9.544000000000000000e+03 -2.633039951324462891e+00
9.545000000000000000e+03 -2.610025405883789062e+00
9.546000000000000000e+03 -2.631453514099121094e+00
9.547000000000000000e+03 -2.621067285537719727e+00
9.548000000000000000e+03 -2.566425323486328125e+00
9.549000000000000000e+03 -2.592827081680297852e+00
9.550000000000000000e+03 -2.628437042236328125e+00
9.551000000000000000e+03 -2.578938007354736328e+00
9.552000000000000000e+03 -2.608092308044433594e+00
9.553000000000000000e+03 -2.626566886901855469e+00
9.554000000000000000e+03 -2.609269142150878906e+00
9.555000000000000000e+03 -2.598582506179809570e+00
9.556000000000000000e+03 -2.577624797821044922e+00
9.557000000000000000e+03 -2.581176519393920898e+00
9.558000000000000000e+03 -2.615548372268676758e+00
9.559000000000000000e+03 -2.631173610687255859e+00
9.560000000000000000e+03 -2.605054855346679688e+00
9.561000000000000000e+03 -2.589926004409790039e+00
9.562000000000000000e+03 -2.597558975219726562e+00
9.563000000000000000e+03 -2.585222959518432617e+00
9.564000000000000000e+03 -2.582587957382202148e+00
9.565000000000000000e+03 -2.587937593460083008e+00
9.566000000000000000e+03 -2.605158805847167969e+00
9.567000000000000000e+03 -2.627548456192016602e+00
9.568000000000000000e+03 -2.645229578018188477e+00
9.569000000000000000e+03 -2.629854440689086914e+00
9.570000000000000000e+03 -2.629989147186279297e+00
9.571000000000000000e+03 -2.610469102859497070e+00
9.572000000000000000e+03 -2.656727552413940430e+00
9.573000000000000000e+03 -2.620198965072631836e+00
9.574000000000000000e+03 -2.621194362640380859e+00
9.575000000000000000e+03 -2.671605587005615234e+00
9.576000000000000000e+03 -2.660812377929687500e+00
9.577000000000000000e+03 -2.627473831176757812e+00
9.578000000000000000e+03 -2.595136642456054688e+00
9.579000000000000000e+03 -2.607591629028320312e+00
9.580000000000000000e+03 -2.631846904754638672e+00
9.581000000000000000e+03 -2.622265338897705078e+00
9.582000000000000000e+03 -2.602536201477050781e+00
9.583000000000000000e+03 -2.603523731231689453e+00
9.584000000000000000e+03 -2.652421474456787109e+00
9.585000000000000000e+03 -2.595581531524658203e+00
9.586000000000000000e+03 -2.602020263671875000e+00
9.587000000000000000e+03 -2.625734806060791016e+00
9.588000000000000000e+03 -2.627359151840209961e+00
9.589000000000000000e+03 -2.647469043731689453e+00
9.590000000000000000e+03 -2.629551172256469727e+00
9.591000000000000000e+03 -2.647150516510009766e+00
9.592000000000000000e+03 -2.652902841567993164e+00
9.593000000000000000e+03 -2.675271987915039062e+00
9.594000000000000000e+03 -2.657350063323974609e+00
9.595000000000000000e+03 -2.626137495040893555e+00
9.596000000000000000e+03 -2.611996173858642578e+00
9.597000000000000000e+03 -2.620320081710815430e+00
9.598000000000000000e+03 -2.651057481765747070e+00
9.599000000000000000e+03 -2.621592044830322266e+00
9.600000000000000000e+03 -2.636669635772705078e+00
9.601000000000000000e+03 -2.650009870529174805e+00
9.602000000000000000e+03 -2.640164613723754883e+00
9.603000000000000000e+03 -2.635198831558227539e+00
9.604000000000000000e+03 -2.651244163513183594e+00
9.605000000000000000e+03 -2.631113052368164062e+00
9.606000000000000000e+03 -2.624351739883422852e+00
9.607000000000000000e+03 -2.676289081573486328e+00
9.608000000000000000e+03 -2.665634393692016602e+00
9.609000000000000000e+03 -2.674170017242431641e+00
9.610000000000000000e+03 -2.675715208053588867e+00
9.611000000000000000e+03 -2.654595136642456055e+00
9.612000000000000000e+03 -2.665204763412475586e+00
9.613000000000000000e+03 -2.639911890029907227e+00
9.614000000000000000e+03 -2.649670124053955078e+00
9.615000000000000000e+03 -2.674519538879394531e+00
9.616000000000000000e+03 -2.664990425109863281e+00
9.617000000000000000e+03 -2.660614967346191406e+00
9.618000000000000000e+03 -2.650043010711669922e+00
9.619000000000000000e+03 -2.658336877822875977e+00
9.620000000000000000e+03 -2.669197797775268555e+00
9.621000000000000000e+03 -2.667631387710571289e+00
9.622000000000000000e+03 -2.650630950927734375e+00
9.623000000000000000e+03 -2.677333831787109375e+00
9.624000000000000000e+03 -2.676619529724121094e+00
9.625000000000000000e+03 -2.642214775085449219e+00
9.626000000000000000e+03 -2.645047426223754883e+00
9.627000000000000000e+03 -2.658005475997924805e+00
9.628000000000000000e+03 -2.618565320968627930e+00
9.629000000000000000e+03 -2.637574434280395508e+00
9.630000000000000000e+03 -2.657910346984863281e+00
9.631000000000000000e+03 -2.621131658554077148e+00
9.632000000000000000e+03 -2.660142183303833008e+00
9.633000000000000000e+03 -2.684966564178466797e+00
9.634000000000000000e+03 -2.664286375045776367e+00
9.635000000000000000e+03 -2.657267570495605469e+00
9.636000000000000000e+03 -2.669098615646362305e+00
9.637000000000000000e+03 -2.667053699493408203e+00
9.638000000000000000e+03 -2.627263307571411133e+00
9.639000000000000000e+03 -2.654064655303955078e+00
9.640000000000000000e+03 -2.651187181472778320e+00
9.641000000000000000e+03 -2.658980607986450195e+00
9.642000000000000000e+03 -2.687472820281982422e+00
9.643000000000000000e+03 -2.689336776733398438e+00
9.644000000000000000e+03 -2.685791254043579102e+00
9.645000000000000000e+03 -2.667117357254028320e+00
9.646000000000000000e+03 -2.703149795532226562e+00
9.647000000000000000e+03 -2.682364702224731445e+00
9.648000000000000000e+03 -2.658876657485961914e+00
9.649000000000000000e+03 -2.670317649841308594e+00
9.650000000000000000e+03 -2.688106060028076172e+00
9.651000000000000000e+03 -2.694457292556762695e+00
9.652000000000000000e+03 -2.708218097686767578e+00
9.653000000000000000e+03 -2.665298461914062500e+00
9.654000000000000000e+03 -2.667242765426635742e+00
9.655000000000000000e+03 -2.670574903488159180e+00
9.656000000000000000e+03 -2.677438497543334961e+00
9.657000000000000000e+03 -2.664274692535400391e+00
9.658000000000000000e+03 -2.677399396896362305e+00
9.659000000000000000e+03 -2.634176731109619141e+00
9.660000000000000000e+03 -2.665454387664794922e+00
9.661000000000000000e+03 -2.688300609588623047e+00
9.662000000000000000e+03 -2.679271936416625977e+00
9.663000000000000000e+03 -2.704512596130371094e+00
9.664000000000000000e+03 -2.683340311050415039e+00
9.665000000000000000e+03 -2.663249969482421875e+00
9.666000000000000000e+03 -2.651051998138427734e+00
9.667000000000000000e+03 -2.672960519790649414e+00
9.668000000000000000e+03 -2.689985752105712891e+00
9.669000000000000000e+03 -2.709783315658569336e+00
9.670000000000000000e+03 -2.671444654464721680e+00
9.671000000000000000e+03 -2.684196949005126953e+00
9.672000000000000000e+03 -2.688381671905517578e+00
9.673000000000000000e+03 -2.696995258331298828e+00
9.674000000000000000e+03 -2.732280254364013672e+00
9.675000000000000000e+03 -2.703457832336425781e+00
9.676000000000000000e+03 -2.660206079483032227e+00
9.677000000000000000e+03 -2.651354551315307617e+00
9.678000000000000000e+03 -2.662495136260986328e+00
9.679000000000000000e+03 -2.691060781478881836e+00
9.680000000000000000e+03 -2.682663679122924805e+00
9.681000000000000000e+03 -2.740266323089599609e+00
9.682000000000000000e+03 -2.716915369033813477e+00
9.683000000000000000e+03 -2.692023515701293945e+00
9.684000000000000000e+03 -2.668497562408447266e+00
9.685000000000000000e+03 -2.688260078430175781e+00
9.686000000000000000e+03 -2.680340290069580078e+00
9.687000000000000000e+03 -2.697397232055664062e+00
9.688000000000000000e+03 -2.680595159530639648e+00
9.689000000000000000e+03 -2.669584274291992188e+00
9.690000000000000000e+03 -2.676608085632324219e+00
9.691000000000000000e+03 -2.658864259719848633e+00
9.692000000000000000e+03 -2.657901525497436523e+00
9.693000000000000000e+03 -2.669661521911621094e+00
9.694000000000000000e+03 -2.640585184097290039e+00
9.695000000000000000e+03 -2.630868911743164062e+00
9.696000000000000000e+03 -2.660197734832763672e+00
9.697000000000000000e+03 -2.661191463470458984e+00
9.698000000000000000e+03 -2.653874397277832031e+00
9.699000000000000000e+03 -2.658222198486328125e+00
9.700000000000000000e+03 -2.651664972305297852e+00
9.701000000000000000e+03 -2.620350837707519531e+00
9.702000000000000000e+03 -2.618885517120361328e+00
9.703000000000000000e+03 -2.664309263229370117e+00
9.704000000000000000e+03 -2.679258823394775391e+00
9.705000000000000000e+03 -2.686477184295654297e+00
9.706000000000000000e+03 -2.659687042236328125e+00
9.707000000000000000e+03 -2.650370836257934570e+00
9.708000000000000000e+03 -2.663305997848510742e+00
9.709000000000000000e+03 -2.670753479003906250e+00
9.710000000000000000e+03 -2.664669513702392578e+00
9.711000000000000000e+03 -2.672775983810424805e+00
9.712000000000000000e+03 -2.635672807693481445e+00
9.713000000000000000e+03 -2.694125413894653320e+00
9.714000000000000000e+03 -2.691171407699584961e+00
9.715000000000000000e+03 -2.629246234893798828e+00
9.716000000000000000e+03 -2.654552459716796875e+00
9.717000000000000000e+03 -2.658994197845458984e+00
9.718000000000000000e+03 -2.648739099502563477e+00
9.719000000000000000e+03 -2.605042695999145508e+00
9.720000000000000000e+03 -2.635926961898803711e+00
9.721000000000000000e+03 -2.653084516525268555e+00
9.722000000000000000e+03 -2.630192518234252930e+00
9.723000000000000000e+03 -2.654914617538452148e+00
9.724000000000000000e+03 -2.657300710678100586e+00
9.725000000000000000e+03 -2.699218034744262695e+00
9.726000000000000000e+03 -2.691219091415405273e+00
9.727000000000000000e+03 -2.706531763076782227e+00
9.728000000000000000e+03 -2.698887109756469727e+00
9.729000000000000000e+03 -2.653435945510864258e+00
9.730000000000000000e+03 -2.682578086853027344e+00
9.731000000000000000e+03 -2.671050786972045898e+00
9.732000000000000000e+03 -2.677438020706176758e+00
9.733000000000000000e+03 -2.689198732376098633e+00
9.734000000000000000e+03 -2.721898078918457031e+00
9.735000000000000000e+03 -2.660518884658813477e+00
9.736000000000000000e+03 -2.654256582260131836e+00
9.737000000000000000e+03 -2.622011661529541016e+00
9.738000000000000000e+03 -2.662525653839111328e+00
9.739000000000000000e+03 -2.674508810043334961e+00
9.740000000000000000e+03 -2.688796997070312500e+00
9.741000000000000000e+03 -2.687446117401123047e+00
9.742000000000000000e+03 -2.665805816650390625e+00
9.743000000000000000e+03 -2.646345615386962891e+00
9.744000000000000000e+03 -2.669245243072509766e+00
9.745000000000000000e+03 -2.637378931045532227e+00
9.746000000000000000e+03 -2.644841670989990234e+00
9.747000000000000000e+03 -2.656598567962646484e+00
9.748000000000000000e+03 -2.674857616424560547e+00
9.749000000000000000e+03 -2.726012468338012695e+00
9.750000000000000000e+03 -2.734535694122314453e+00
9.751000000000000000e+03 -2.728067636489868164e+00
9.752000000000000000e+03 -2.724765539169311523e+00
9.753000000000000000e+03 -2.732940196990966797e+00
9.754000000000000000e+03 -2.715336084365844727e+00
9.755000000000000000e+03 -2.717303752899169922e+00
9.756000000000000000e+03 -2.679744482040405273e+00
9.757000000000000000e+03 -2.683094978332519531e+00
9.758000000000000000e+03 -2.680366039276123047e+00
9.759000000000000000e+03 -2.699430465698242188e+00
9.760000000000000000e+03 -2.668010234832763672e+00
9.761000000000000000e+03 -2.639055252075195312e+00
9.762000000000000000e+03 -2.672115325927734375e+00
9.763000000000000000e+03 -2.730156660079956055e+00
9.764000000000000000e+03 -2.738472938537597656e+00
9.765000000000000000e+03 -2.715126991271972656e+00
9.766000000000000000e+03 -2.683315277099609375e+00
9.767000000000000000e+03 -2.691166162490844727e+00
9.768000000000000000e+03 -2.674758434295654297e+00
9.769000000000000000e+03 -2.697000741958618164e+00
9.770000000000000000e+03 -2.650491714477539062e+00
9.771000000000000000e+03 -2.666187286376953125e+00
9.772000000000000000e+03 -2.672515392303466797e+00
9.773000000000000000e+03 -2.653116703033447266e+00
9.774000000000000000e+03 -2.614960908889770508e+00
9.775000000000000000e+03 -2.636517286300659180e+00
9.776000000000000000e+03 -2.677258968353271484e+00
9.777000000000000000e+03 -2.669291496276855469e+00
9.778000000000000000e+03 -2.666557073593139648e+00
9.779000000000000000e+03 -2.673231840133666992e+00
9.780000000000000000e+03 -2.659170389175415039e+00
9.781000000000000000e+03 -2.669209957122802734e+00
9.782000000000000000e+03 -2.662322521209716797e+00
9.783000000000000000e+03 -2.682849168777465820e+00
9.784000000000000000e+03 -2.688937902450561523e+00
9.785000000000000000e+03 -2.677940607070922852e+00
9.786000000000000000e+03 -2.682623624801635742e+00
9.787000000000000000e+03 -2.668573617935180664e+00
9.788000000000000000e+03 -2.683215618133544922e+00
9.789000000000000000e+03 -2.698876380920410156e+00
9.790000000000000000e+03 -2.668604850769042969e+00
9.791000000000000000e+03 -2.674498319625854492e+00
9.792000000000000000e+03 -2.640179395675659180e+00
9.793000000000000000e+03 -2.685350418090820312e+00
9.794000000000000000e+03 -2.687060117721557617e+00
9.795000000000000000e+03 -2.658252239227294922e+00
9.796000000000000000e+03 -2.636129856109619141e+00
9.797000000000000000e+03 -2.633906841278076172e+00
9.798000000000000000e+03 -2.640276908874511719e+00
9.799000000000000000e+03 -2.639944076538085938e+00
9.800000000000000000e+03 -2.684064626693725586e+00
9.801000000000000000e+03 -2.656432390213012695e+00
9.802000000000000000e+03 -2.680342912673950195e+00
9.803000000000000000e+03 -2.666637659072875977e+00
9.804000000000000000e+03 -2.648818254470825195e+00
9.805000000000000000e+03 -2.610881567001342773e+00
9.806000000000000000e+03 -2.616878509521484375e+00
9.807000000000000000e+03 -2.628561496734619141e+00
9.808000000000000000e+03 -2.639878988265991211e+00
9.809000000000000000e+03 -2.607376575469970703e+00
9.810000000000000000e+03 -2.635019063949584961e+00
9.811000000000000000e+03 -2.648745298385620117e+00
9.812000000000000000e+03 -2.646954774856567383e+00
9.813000000000000000e+03 -2.624361038208007812e+00
9.814000000000000000e+03 -2.634171962738037109e+00
9.815000000000000000e+03 -2.663401126861572266e+00
9.816000000000000000e+03 -2.646562337875366211e+00
9.817000000000000000e+03 -2.631865978240966797e+00
9.818000000000000000e+03 -2.660428047180175781e+00
9.819000000000000000e+03 -2.661688327789306641e+00
9.820000000000000000e+03 -2.638366460800170898e+00
9.821000000000000000e+03 -2.603605747222900391e+00
9.822000000000000000e+03 -2.634110212326049805e+00
9.823000000000000000e+03 -2.651778221130371094e+00
9.824000000000000000e+03 -2.617982149124145508e+00
9.825000000000000000e+03 -2.621997594833374023e+00
9.826000000000000000e+03 -2.666530132293701172e+00
9.827000000000000000e+03 -2.616805791854858398e+00
9.828000000000000000e+03 -2.603642463684082031e+00
9.829000000000000000e+03 -2.620007038116455078e+00
9.830000000000000000e+03 -2.619711637496948242e+00
9.831000000000000000e+03 -2.641906261444091797e+00
9.832000000000000000e+03 -2.630463123321533203e+00
9.833000000000000000e+03 -2.637972831726074219e+00
9.834000000000000000e+03 -2.655965805053710938e+00
9.835000000000000000e+03 -2.636847496032714844e+00
9.836000000000000000e+03 -2.647922754287719727e+00
9.837000000000000000e+03 -2.666605472564697266e+00
9.838000000000000000e+03 -2.690726280212402344e+00
9.839000000000000000e+03 -2.661775588989257812e+00
9.840000000000000000e+03 -2.684875011444091797e+00
9.841000000000000000e+03 -2.666843414306640625e+00
9.842000000000000000e+03 -2.645792484283447266e+00
9.843000000000000000e+03 -2.644184589385986328e+00
9.844000000000000000e+03 -2.685134887695312500e+00
9.845000000000000000e+03 -2.682579994201660156e+00
9.846000000000000000e+03 -2.663235425949096680e+00
9.847000000000000000e+03 -2.644729614257812500e+00
9.848000000000000000e+03 -2.644860982894897461e+00
9.849000000000000000e+03 -2.673273563385009766e+00
9.850000000000000000e+03 -2.660401582717895508e+00
9.851000000000000000e+03 -2.663153409957885742e+00
9.852000000000000000e+03 -2.651180028915405273e+00
9.853000000000000000e+03 -2.704058408737182617e+00
9.854000000000000000e+03 -2.693089246749877930e+00
9.855000000000000000e+03 -2.660130739212036133e+00
9.856000000000000000e+03 -2.664578914642333984e+00
9.857000000000000000e+03 -2.669557571411132812e+00
9.858000000000000000e+03 -2.664700746536254883e+00
9.859000000000000000e+03 -2.642344236373901367e+00
9.860000000000000000e+03 -2.642611026763916016e+00
9.861000000000000000e+03 -2.622986793518066406e+00
9.862000000000000000e+03 -2.640687704086303711e+00
9.863000000000000000e+03 -2.664754629135131836e+00
9.864000000000000000e+03 -2.661277532577514648e+00
9.865000000000000000e+03 -2.671427726745605469e+00
9.866000000000000000e+03 -2.684140205383300781e+00
9.867000000000000000e+03 -2.683211088180541992e+00
9.868000000000000000e+03 -2.632739543914794922e+00
9.869000000000000000e+03 -2.642239809036254883e+00
9.870000000000000000e+03 -2.647884845733642578e+00
9.871000000000000000e+03 -2.605404615402221680e+00
9.872000000000000000e+03 -2.615057945251464844e+00
9.873000000000000000e+03 -2.648757934570312500e+00
9.874000000000000000e+03 -2.662251234054565430e+00
9.875000000000000000e+03 -2.637412309646606445e+00
9.876000000000000000e+03 -2.624875068664550781e+00
9.877000000000000000e+03 -2.614418506622314453e+00
9.878000000000000000e+03 -2.679018497467041016e+00
9.879000000000000000e+03 -2.659199237823486328e+00
9.880000000000000000e+03 -2.670434474945068359e+00
9.881000000000000000e+03 -2.642536163330078125e+00
9.882000000000000000e+03 -2.653858184814453125e+00
9.883000000000000000e+03 -2.684011459350585938e+00
9.884000000000000000e+03 -2.690639972686767578e+00
9.885000000000000000e+03 -2.679929971694946289e+00
9.886000000000000000e+03 -2.656303167343139648e+00
9.887000000000000000e+03 -2.650328636169433594e+00
9.888000000000000000e+03 -2.637472867965698242e+00
9.889000000000000000e+03 -2.647666692733764648e+00
9.890000000000000000e+03 -2.647174358367919922e+00
9.891000000000000000e+03 -2.666797161102294922e+00
9.892000000000000000e+03 -2.702057600021362305e+00
9.893000000000000000e+03 -2.674274682998657227e+00
9.894000000000000000e+03 -2.633951663970947266e+00
9.895000000000000000e+03 -2.647736310958862305e+00
9.896000000000000000e+03 -2.684603929519653320e+00
9.897000000000000000e+03 -2.677508115768432617e+00
9.898000000000000000e+03 -2.677683353424072266e+00
9.899000000000000000e+03 -2.665947437286376953e+00
9.900000000000000000e+03 -2.661373376846313477e+00
9.901000000000000000e+03 -2.676641464233398438e+00
9.902000000000000000e+03 -2.660294532775878906e+00
9.903000000000000000e+03 -2.659742832183837891e+00
9.904000000000000000e+03 -2.654456138610839844e+00
9.905000000000000000e+03 -2.652498245239257812e+00
9.906000000000000000e+03 -2.667593479156494141e+00
9.907000000000000000e+03 -2.663888692855834961e+00
9.908000000000000000e+03 -2.682208776473999023e+00
9.909000000000000000e+03 -2.675232887268066406e+00
9.910000000000000000e+03 -2.675599336624145508e+00
9.911000000000000000e+03 -2.676099300384521484e+00
9.912000000000000000e+03 -2.691199064254760742e+00
9.913000000000000000e+03 -2.669798851013183594e+00
9.914000000000000000e+03 -2.676687955856323242e+00
9.915000000000000000e+03 -2.678495407104492188e+00
9.916000000000000000e+03 -2.620783329010009766e+00
9.917000000000000000e+03 -2.660252571105957031e+00
9.918000000000000000e+03 -2.689947605133056641e+00
9.919000000000000000e+03 -2.684355258941650391e+00
9.920000000000000000e+03 -2.641942262649536133e+00
9.921000000000000000e+03 -2.715511560440063477e+00
9.922000000000000000e+03 -2.659798622131347656e+00
9.923000000000000000e+03 -2.649116277694702148e+00
9.924000000000000000e+03 -2.628767728805541992e+00
9.925000000000000000e+03 -2.645772695541381836e+00
9.926000000000000000e+03 -2.678386688232421875e+00
9.927000000000000000e+03 -2.696269273757934570e+00
9.928000000000000000e+03 -2.667567729949951172e+00
9.929000000000000000e+03 -2.653182268142700195e+00
9.930000000000000000e+03 -2.651046752929687500e+00
9.931000000000000000e+03 -2.677358150482177734e+00
9.932000000000000000e+03 -2.702661037445068359e+00
9.933000000000000000e+03 -2.701888561248779297e+00
9.934000000000000000e+03 -2.672349214553833008e+00
9.935000000000000000e+03 -2.637513875961303711e+00
9.936000000000000000e+03 -2.652553081512451172e+00
9.937000000000000000e+03 -2.666001081466674805e+00
9.938000000000000000e+03 -2.684780836105346680e+00
9.939000000000000000e+03 -2.688655614852905273e+00
9.940000000000000000e+03 -2.689625263214111328e+00
9.941000000000000000e+03 -2.649713516235351562e+00
9.942000000000000000e+03 -2.685730218887329102e+00
9.943000000000000000e+03 -2.726349592208862305e+00
9.944000000000000000e+03 -2.675754547119140625e+00
9.945000000000000000e+03 -2.685627222061157227e+00
9.946000000000000000e+03 -2.662709236145019531e+00
9.947000000000000000e+03 -2.672142982482910156e+00
9.948000000000000000e+03 -2.664998531341552734e+00
9.949000000000000000e+03 -2.697051525115966797e+00
9.950000000000000000e+03 -2.720225334167480469e+00
9.951000000000000000e+03 -2.694213390350341797e+00
9.952000000000000000e+03 -2.693592071533203125e+00
9.953000000000000000e+03 -2.695660114288330078e+00
9.954000000000000000e+03 -2.696874618530273438e+00
9.955000000000000000e+03 -2.688403844833374023e+00
9.956000000000000000e+03 -2.687799215316772461e+00
9.957000000000000000e+03 -2.725008487701416016e+00
9.958000000000000000e+03 -2.713890552520751953e+00
9.959000000000000000e+03 -2.653577327728271484e+00
9.960000000000000000e+03 -2.667137622833251953e+00
9.961000000000000000e+03 -2.677153348922729492e+00
9.962000000000000000e+03 -2.689173698425292969e+00
9.963000000000000000e+03 -2.694378376007080078e+00
9.964000000000000000e+03 -2.690199136734008789e+00
9.965000000000000000e+03 -2.687958478927612305e+00
9.966000000000000000e+03 -2.661160945892333984e+00
9.967000000000000000e+03 -2.672282695770263672e+00
9.968000000000000000e+03 -2.688986301422119141e+00
9.969000000000000000e+03 -2.660532951354980469e+00
9.970000000000000000e+03 -2.694717407226562500e+00
9.971000000000000000e+03 -2.704653024673461914e+00
9.972000000000000000e+03 -2.671950340270996094e+00
9.973000000000000000e+03 -2.659691810607910156e+00
9.974000000000000000e+03 -2.680997133255004883e+00
9.975000000000000000e+03 -2.662108898162841797e+00
9.976000000000000000e+03 -2.652456045150756836e+00
9.977000000000000000e+03 -2.659789085388183594e+00
9.978000000000000000e+03 -2.670149803161621094e+00
9.979000000000000000e+03 -2.700436830520629883e+00
9.980000000000000000e+03 -2.720429420471191406e+00
9.981000000000000000e+03 -2.715533018112182617e+00
9.982000000000000000e+03 -2.676884651184082031e+00
9.983000000000000000e+03 -2.689983367919921875e+00
9.984000000000000000e+03 -2.687980175018310547e+00
9.985000000000000000e+03 -2.691408395767211914e+00
9.986000000000000000e+03 -2.643192291259765625e+00
9.987000000000000000e+03 -2.702536582946777344e+00
9.988000000000000000e+03 -2.690081357955932617e+00
9.989000000000000000e+03 -2.692664146423339844e+00
9.990000000000000000e+03 -2.692291021347045898e+00
9.991000000000000000e+03 -2.699926614761352539e+00
9.992000000000000000e+03 -2.683298826217651367e+00
9.993000000000000000e+03 -2.682564973831176758e+00
9.994000000000000000e+03 -2.657071828842163086e+00
9.995000000000000000e+03 -2.687581062316894531e+00
9.996000000000000000e+03 -2.705658912658691406e+00
9.997000000000000000e+03 -2.690154552459716797e+00
9.998000000000000000e+03 -2.670223236083984375e+00
9.999000000000000000e+03 -2.658923864364624023e+00
