#"Step","Time (ps)","Potential Energy (kJ/mole)","Kinetic Energy (kJ/mole)","Total Energy (kJ/mole)","Temperature (K)","Box Volume (nm^3)","Density (g/mL)","Speed (ns/day)"
1000,4.000000000000003,-856427.4656896302,3017.210140272513,-853410.2555493577,6.908974358947699,520.3953654581676,1.0033649631677077,0
2000,7.999999999999562,-855300.7156896302,5342.901221622486,-849957.8144680078,12.234470198103617,520.3953654581676,1.0033649631677077,1.03e+03
3000,11.999999999999122,-853527.7156896302,7887.538766581914,-845640.1769230483,18.06132173763623,520.3953654581676,1.0033649631677077,613
4000,15.999999999998682,-851902.9656896302,10472.081258626204,-841430.8844310041,23.979549828150333,520.3953654581676,1.0033649631677077,706
5000,20.000000000000018,-850257.7156896302,13111.830593941915,-837145.8850956883,30.024193596349466,520.3953654581676,1.0033649631677077,692
6000,24.000000000001354,-848502.4656896302,15810.755770239048,-832691.7099193912,36.20434147231781,520.3953654581676,1.0033649631677077,738
7000,28.00000000000269,-846829.4656896302,18399.66419338406,-828429.8014962461,42.13256691290878,520.3953654581676,1.0033649631677077,772
8000,32.00000000000402,-844782.4656896302,20820.01906571495,-823962.4466239153,47.67482912702753,520.3953654581676,1.0033649631677077,767
9000,36.000000000001805,-843133.4656896302,23674.7317194802,-819458.73397015,54.21170776990729,520.3953654581676,1.0033649631677077,790
10000,39.99999999999959,-841387.2156896302,26154.15748060163,-815233.0582090286,59.88923376647415,520.3953654581676,1.0033649631677077,772
11000,43.99999999999737,-839370.4656896302,28830.747580143186,-810539.7181094871,66.0182375505711,520.3953654581676,1.0033649631677077,789
12000,47.999999999995154,-837516.7156896302,31609.180138750875,-805907.5355508793,72.38044582014564,520.3953654581676,1.0033649631677077,803
13000,51.99999999999294,-835711.9656896302,34290.453730917136,-801421.5119587131,78.5201741242296,520.3953654581676,1.0033649631677077,788
14000,55.99999999999072,-833914.4656896302,36833.853679582026,-797080.6120100482,84.34419174743945,520.3953654581676,1.0033649631677077,800
15000,59.9999999999885,-831784.4656896302,39588.690305174125,-792195.7753844562,90.65236874686674,520.3953654581676,1.0033649631677077,786
16000,63.99999999998629,-829934.9656896302,41984.2379847946,-787950.7277048356,96.13782608151551,520.3953654581676,1.0033649631677077,796
17000,67.99999999999118,-827834.9656896302,44717.658763338506,-783117.3069262918,102.39696389200591,520.3953654581676,1.0033649631677077,805
18000,71.99999999999606,-825717.4656896302,47331.730145581096,-778385.7355440492,108.38280886558199,520.3953654581676,1.0033649631677077,786
19000,76.00000000000095,-823169.9656896302,49627.51728916666,-773542.4484004636,113.63982901705273,520.3953654581676,1.0033649631677077,794
20000,80.00000000000584,-820808.4656896302,52798.69029709458,-768009.7753925356,120.90135605062626,520.3953654581676,1.0033649631677077,790
21000,84.00000000001073,-818770.9656896302,55319.43867796654,-763451.5270116637,126.67350486331397,520.3953654581676,1.0033649631677077,797
22000,88.00000000001562,-816076.9656896302,57435.48656800724,-758641.479121623,131.51894814863851,520.3953654581676,1.0033649631677077,803
23000,92.0000000000205,-813456.9656896302,60412.76268286834,-753044.2030067618,138.33647937144718,520.3953654581676,1.0033649631677077,794
24000,96.0000000000254,-810814.2156896302,62724.46918644878,-748089.7465031815,143.62995255233986,520.3953654581676,1.0033649631677077,800
25000,100.00000000003028,-807823.4656896302,65139.390575475525,-742684.0751141547,149.1597728764069,520.3953654581676,1.0033649631677077,791
26000,104.00000000003517,-805420.9656896302,68853.4349133183,-736567.530776312,157.66439665306996,520.3953654581676,1.0033649631677077,797
27000,108.00000000004006,-802132.9656896302,70804.51042034337,-731328.4552692869,162.13207706766306,520.3953654581676,1.0033649631677077,802
28000,112.00000000004495,-799591.7156896302,73297.32755097817,-726294.3881386521,167.84026736147726,520.3953654581676,1.0033649631677077,794
29000,116.00000000004984,-796457.9656896302,76034.80718580273,-720423.1585038275,174.10869936516798,520.3953654581676,1.0033649631677077,798
30000,120.00000000005473,-792704.9656896302,78115.91050733128,-714589.055182299,178.87412464822867,520.3953654581676,1.0033649631677077,791
31000,124.00000000005961,-789016.9656896302,80924.60843441368,-708092.3572552166,185.30563622948338,520.3953654581676,1.0033649631677077,795
32000,128.0000000000645,-785370.4656896302,83804.29077817666,-701566.1749114536,191.89969184709304,520.3953654581676,1.0033649631677077,799
33000,132.00000000005517,-780040.7156896302,86189.63307447208,-693851.0826151582,197.3617803315663,520.3953654581676,1.0033649631677077,792
34000,136.00000000004584,-774514.9656896302,88945.12197642075,-685569.8437132095,203.67145094940693,520.3953654581676,1.0033649631677077,795
35000,140.00000000003652,-769355.7156896302,91059.2888299225,-678296.4268597078,208.51258693341285,520.3953654581676,1.0033649631677077,789
36000,144.0000000000272,-762412.4656896302,93691.91153757263,-668720.5541520576,214.5409117561232,520.3953654581676,1.0033649631677077,792
37000,148.00000000001788,-755168.9656896302,96504.43235443212,-658664.5333351982,220.98117720145075,520.3953654581676,1.0033649631677077,795
38000,152.00000000000855,-748020.2156896302,99180.4961050887,-648839.7195845415,227.1089757228112,520.3953654581676,1.0033649631677077,789
39000,155.99999999999923,-740920.7156896302,101346.87616217937,-639573.8395274509,232.06967238307868,520.3953654581676,1.0033649631677077,792
40000,159.9999999999899,-733975.4656896302,104877.62790018384,-629097.8377894463,240.15458264507313,520.3953654581676,1.0033649631677077,786
41000,163.9999999999806,-728220.4656896302,107486.54783640761,-620733.9178532227,246.12863155314471,520.3953654581676,1.0033649631677077,788
42000,167.99999999997127,-721677.4656896302,109959.57263676816,-611717.893052862,251.79150027636516,520.3953654581676,1.0033649631677077,791
43000,171.99999999996194,-716310.9656896302,111578.27130178348,-604732.6943878467,255.49808584764511,520.3953654581676,1.0033649631677077,786
44000,175.99999999995262,-710863.9656896302,115009.34786686301,-595854.6178227672,263.3547543956236,520.3953654581676,1.0033649631677077,788
45000,179.9999999999433,-703172.4656896302,118543.67864496639,-584628.7870446639,271.44786014123486,520.3953654581676,1.0033649631677077,783
46000,183.99999999993398,-697903.4656896302,119794.47452306573,-578108.9911665645,274.31200159917296,520.3953654581676,1.0033649631677077,785
47000,187.99999999992465,-693182.4656896302,123374.13227208733,-569808.333417543,282.50889954528844,520.3953654581676,1.0033649631677077,788
48000,191.99999999991533,-688660.4656896302,125834.76543698995,-562825.7002526403,288.1433932174969,520.3953654581676,1.0033649631677077,783
49000,195.999999999906,-683321.4656896302,128375.02757979732,-554946.4381098329,293.9602257196164,520.3953654581676,1.0033649631677077,785
50000,199.9999999998967,-678755.4656896302,130952.33877449238,-547803.1269151379,299.8618951862213,520.3953654581676,1.0033649631677077,783
51000,203.99999999988736,-676004.9656896302,131127.99703795172,-544876.9686516785,300.2641271759587,520.3953654581676,1.0033649631677077,785
52000,207.99999999987804,-676357.5214251364,131967.97978169908,-544389.5416434372,302.1875660379218,520.3953654581676,1.0033649631677077,731
53000,211.99999999986872,-676900.4496525344,131196.82736726716,-545703.6222852673,300.42173866413816,520.3953654581676,1.0033649631677077,721
54000,215.9999999998594,-677538.7701281286,132368.6158879418,-545170.1542401868,303.10496471306,520.3953654581676,1.0033649631677077,718
55000,219.99999999985008,-677154.6340025044,131627.63116901956,-545527.0028334849,301.40821699400874,520.3953654581676,1.0033649631677077,709
56000,223.99999999984075,-677813.5342291924,133002.91782132233,-544810.6164078701,304.55742429983616,520.3953654581676,1.0033649631677077,706
57000,227.99999999983143,-677483.2980144601,132351.45785099466,-545131.8401634655,303.0656752927656,520.3953654581676,1.0033649631677077,703
58000,231.9999999998221,-677400.4339990453,131991.56957719754,-545408.8644218477,302.24158325404346,520.3953654581676,1.0033649631677077,696
59000,235.9999999998128,-678818.8708013846,131437.16471263656,-547381.7060887481,300.97207638655635,520.3953654581676,1.0033649631677077,693
60000,239.99999999980346,-678401.0157044022,131168.373922118,-547232.6417822842,300.3565843945248,520.3953654581676,1.0033649631677077,686
61000,243.99999999979414,-677662.1555754179,132016.32039845787,-545645.8351769601,302.2982590510548,520.3953654581676,1.0033649631677077,684
62000,247.99999999978482,-676537.7137934943,131721.0605825752,-544816.6532109191,301.6221568233933,520.3953654581676,1.0033649631677077,681
63000,251.9999999997755,-677098.6171725378,132502.18781604257,-544596.4293564953,303.4108250885127,520.3953654581676,1.0033649631677077,675
64000,255.99999999976617,-675705.6190032917,131223.89078699594,-544481.7282162958,300.48370997680075,520.3953654581676,1.0033649631677077,673
65000,259.99999999978525,-678129.8379449681,131275.889718818,-546853.9482261501,300.6027800017407,520.3953654581676,1.0033649631677077,668
66000,263.99999999980434,-677801.4594626809,130973.02681232008,-546828.4326503607,299.90926779742284,520.3953654581676,1.0033649631677077,666
67000,267.99999999982344,-677923.6882155961,131429.60571619257,-546494.0824994035,300.9547673791678,520.3953654581676,1.0033649631677077,664
68000,271.99999999984254,-677330.3606424276,131141.90888884943,-546188.4517535781,300.29598330021565,520.3953654581676,1.0033649631677077,659
69000,275.99999999986164,-678191.4306142488,130699.74248429417,-547491.6881299547,299.2834862551194,520.3953654581676,1.0033649631677077,657
70000,279.99999999988074,-677222.9963547275,131129.2184195792,-546093.7779351483,300.2669239630417,520.3953654581676,1.0033649631677077,653
71000,283.99999999989984,-675740.1442430583,132080.14859804022,-543659.9956450181,302.44441638640444,520.3953654581676,1.0033649631677077,651
72000,287.99999999991894,-678021.5739208283,131973.11453630403,-546048.4593845243,302.19932388250527,520.3953654581676,1.0033649631677077,650
73000,291.99999999993804,-677058.4223160469,131506.6810954456,-545551.7412206014,301.1312588379023,520.3953654581676,1.0033649631677077,645
74000,295.99999999995714,-677053.0278595686,131230.04753437778,-545822.9803251908,300.4978080368689,520.3953654581676,1.0033649631677077,644
75000,299.99999999997624,-678753.2688028864,132359.6114535706,-546393.6573493157,303.08434586210325,520.3953654581676,1.0033649631677077,640
76000,303.99999999999534,-678890.669893716,131796.26248941646,-547094.4074042996,301.79435830156524,520.3953654581676,1.0033649631677077,639
77000,308.00000000001444,-677146.2894151593,132012.06621316093,-545134.2232019983,302.2885175826889,520.3953654581676,1.0033649631677077,638
78000,312.00000000003354,-678079.108058237,130365.01605198148,-547714.0920062555,298.5170111902101,520.3953654581676,1.0033649631677077,634
79000,316.00000000005264,-679093.9345777803,131020.09669652657,-548073.8378812538,300.0170510170006,520.3953654581676,1.0033649631677077,633
80000,320.00000000007174,-678249.2349880626,132063.21973133273,-546186.0152567299,302.4056517327773,520.3953654581676,1.0033649631677077,629
81000,324.00000000009084,-677777.8062946615,131678.01665568122,-546099.7896389803,301.5235924631423,520.3953654581676,1.0033649631677077,628
82000,328.00000000010994,-677518.7174649625,131992.02281185123,-545526.6946531113,302.24262109577654,520.3953654581676,1.0033649631677077,628
83000,332.00000000012903,-677979.7607417931,131215.30650361,-546764.4542381831,300.4640532107665,520.3953654581676,1.0033649631677077,624
84000,336.00000000014813,-678733.9003338986,132015.5590198427,-546718.341314056,302.2965156042662,520.3953654581676,1.0033649631677077,624
85000,340.00000000016723,-678156.645824323,130981.40511955693,-547175.240704766,299.928452907899,520.3953654581676,1.0033649631677077,620
86000,344.00000000018633,-677999.3339649001,131727.82298944786,-546271.5109754523,301.63764175600187,520.3953654581676,1.0033649631677077,620
87000,348.00000000020543,-677466.7385387877,131409.887320822,-546056.8512179657,300.9096151087984,520.3953654581676,1.0033649631677077,619
88000,352.00000000022453,-678172.067310398,132438.26784050436,-545733.7994698936,303.2644575995123,520.3953654581676,1.0033649631677077,616
89000,356.00000000024363,-678228.9672139902,130624.3613267176,-547604.6058872726,299.1108743187174,520.3953654581676,1.0033649631677077,615
90000,360.00000000026273,-678543.1696617049,131144.3607039282,-547398.8089577768,300.3015976017474,520.3953654581676,1.0033649631677077,613
91000,364.00000000028183,-678632.1212526909,131200.5222397258,-547431.5990129651,300.4301993870874,520.3953654581676,1.0033649631677077,612
92000,368.00000000030093,-678632.7891235161,131188.9913202157,-547443.7978033004,300.4037952509726,520.3953654581676,1.0033649631677077,612
93000,372.00000000032003,-677708.1444583777,130251.66473510867,-547456.4797232691,298.25745308672435,520.3953654581676,1.0033649631677077,609
94000,376.0000000003391,-677537.5536836726,131747.80922258546,-545789.744461087,301.6834073360775,520.3953654581676,1.0033649631677077,608
95000,380.0000000003582,-676577.2534933072,131746.57695403777,-544830.6765392694,301.6805856195236,520.3953654581676,1.0033649631677077,606
96000,384.0000000003773,-678806.0500779725,131757.75155793526,-547048.2985200372,301.70617384447644,520.3953654581676,1.0033649631677077,605
97000,388.0000000003964,-677907.0840720474,130417.04975296254,-547490.0343190848,298.6361608314899,520.3953654581676,1.0033649631677077,605
98000,392.0000000004155,-677848.136465833,130652.09333018298,-547196.0431356501,299.1743765913325,520.3953654581676,1.0033649631677077,603
99000,396.0000000004346,-676418.9515324295,132181.28199216077,-544237.6695402688,302.6759972158223,520.3953654581676,1.0033649631677077,602
100000,400.0000000004537,-676794.141634549,131316.71920751082,-545477.4224270382,300.69627361913984,520.3953654581676,1.0033649631677077,600
101000,404.0000000004728,-677197.1856857487,131795.44024636556,-545401.7454393832,301.7924754840314,520.3953654581676,1.0033649631677077,600
102000,408.0000000004919,-677511.7658588788,131371.02197279257,-546140.7438860863,300.82061908913016,520.3953654581676,1.0033649631677077,599
103000,412.000000000511,-678504.189111724,130987.45106700907,-547516.738044715,299.9422972521708,520.3953654581676,1.0033649631677077,597
104000,416.0000000005301,-678444.1814278653,130823.8111117233,-547620.370316142,299.5675854480183,520.3953654581676,1.0033649631677077,597
105000,420.0000000005492,-677207.6292663584,132277.3642247673,-544930.2650415911,302.89601161673147,520.3953654581676,1.0033649631677077,595
106000,424.0000000005683,-677626.4439051352,131097.16102210965,-546529.2828830255,300.19351716443146,520.3953654581676,1.0033649631677077,594
107000,428.0000000005874,-677538.9722567061,131349.94716947922,-546189.0250872269,300.77236084096626,520.3953654581676,1.0033649631677077,594
108000,432.0000000006065,-679513.5668450431,131233.7480263475,-548279.8188186956,300.5062816276847,520.3953654581676,1.0033649631677077,592
109000,436.0000000006256,-678448.6069911486,130566.07379842544,-547882.533192723,298.97740431838764,520.3953654581676,1.0033649631677077,592
110000,440.0000000006447,-678059.2488487186,131626.563956689,-546432.6848920296,301.40577323229354,520.3953654581676,1.0033649631677077,590
111000,444.0000000006638,-679366.3100684523,131706.15392350842,-547660.1561449438,301.58802273246766,520.3953654581676,1.0033649631677077,590
112000,448.0000000006829,-677473.9705744884,131505.29951985125,-545968.6710546372,301.1280952298298,520.3953654581676,1.0033649631677077,589
113000,452.000000000702,-677483.9056953872,131337.7833900681,-546146.1223053191,300.74450754731015,520.3953654581676,1.0033649631677077,587
114000,456.0000000007211,-678232.0223456863,131598.41337101426,-546633.608974672,301.3413124670256,520.3953654581676,1.0033649631677077,587
115000,460.0000000007402,-678763.7953394037,130301.45613925505,-548462.3392001486,298.3714681929152,520.3953654581676,1.0033649631677077,585
116000,464.0000000007593,-678223.6585523663,131825.813363333,-546397.8451890333,301.862025524159,520.3953654581676,1.0033649631677077,585
117000,468.0000000007784,-677234.0544073088,131324.99752759945,-545909.0568797094,300.71522977352373,520.3953654581676,1.0033649631677077,585
118000,472.0000000007975,-677763.5370476954,131236.10665331726,-546527.4303943781,300.51168254193954,520.3953654581676,1.0033649631677077,583
119000,476.0000000008166,-677840.2706359769,130539.5666336324,-547300.7040023445,298.91670674898774,520.3953654581676,1.0033649631677077,583
120000,480.0000000008357,-678036.3702812036,131538.85463864534,-546497.5156425583,301.20493159341794,520.3953654581676,1.0033649631677077,582
121000,484.0000000008548,-677177.9334775414,130820.07768501551,-546357.8557925259,299.55903644142086,520.3953654581676,1.0033649631677077,581
122000,488.0000000008739,-678501.7343000672,132097.44046831128,-546404.2938317559,302.4840122656329,520.3953654581676,1.0033649631677077,581
123000,492.000000000893,-676256.077007961,130865.50570326432,-545390.5713046966,299.66306002568155,520.3953654581676,1.0033649631677077,580
124000,496.0000000009121,-676755.0987016377,131561.71748320828,-545193.3812184294,301.2572841971526,520.3953654581676,1.0033649631677077,580
125000,500.0000000009312,-677952.3341530161,131530.77923754964,-546421.5549154665,301.18644009414726,520.3953654581676,1.0033649631677077,578
126000,504.0000000009503,-679304.137473796,132376.90271654853,-546927.2347572475,303.1239403507183,520.3953654581676,1.0033649631677077,578
127000,508.0000000009694,-678131.1893503275,130853.27295179394,-547277.9163985335,299.6350487959961,520.3953654581676,1.0033649631677077,578
128000,512.0000000009885,-677939.4192487858,132391.59958035377,-545547.819668432,303.1575940408714,520.3953654581676,1.0033649631677077,576
129000,516.0000000010076,-678202.355523074,130559.1197749484,-547643.2357481257,298.96148061149927,520.3953654581676,1.0033649631677077,576
130000,520.0000000010267,-677445.9252616297,131383.87821386816,-546062.0470477616,300.8500580197363,520.3953654581676,1.0033649631677077,575
131000,524.0000000010458,-676775.847063595,129838.86376051261,-546936.9833030824,297.3121986244099,520.3953654581676,1.0033649631677077,575
132000,528.0000000010649,-677130.8439502306,131998.46687474463,-545132.377075486,302.2573770667656,520.3953654581676,1.0033649631677077,575
133000,532.000000001084,-678058.399543792,130444.1664967452,-547614.2330470468,298.69825424851507,520.3953654581676,1.0033649631677077,573
134000,536.0000000011031,-678143.257323462,131031.20774573187,-547112.0495777302,300.04249371091043,520.3953654581676,1.0033649631677077,573
135000,540.0000000011222,-676871.996716613,130123.19045884773,-546748.8062577653,297.96326559589517,520.3953654581676,1.0033649631677077,572
136000,544.0000000011413,-679120.7692181645,131176.45317365657,-547944.3160445079,300.3750847107523,520.3953654581676,1.0033649631677077,572
137000,548.0000000011604,-679116.0377288423,130693.52084994367,-548422.5168788987,299.2692396132881,520.3953654581676,1.0033649631677077,572
138000,552.0000000011795,-677377.0334829469,130817.84015867385,-546559.1933242731,299.55391283007015,520.3953654581676,1.0033649631677077,571
139000,556.0000000011986,-676289.9014059938,131412.51821750816,-544877.3831884856,300.9156394812818,520.3953654581676,1.0033649631677077,571
140000,560.0000000012177,-677768.1060337587,131125.2041066212,-546642.9019271375,300.2577317676008,520.3953654581676,1.0033649631677077,569
141000,564.0000000012368,-677879.105715048,130838.16064025188,-547040.9450747962,299.6004437906785,520.3953654581676,1.0033649631677077,569
142000,568.0000000012559,-678099.0729324315,132415.38691523293,-545683.6860171985,303.21206359357313,520.3953654581676,1.0033649631677077,569
143000,572.000000001275,-677813.0703371451,131838.84668687102,-545974.2236502741,301.8918699479643,520.3953654581676,1.0033649631677077,568
144000,576.0000000012941,-677222.0208201478,130991.22880872234,-546230.7920114255,299.95094773371443,520.3953654581676,1.0033649631677077,568
145000,580.0000000013132,-677653.8076616521,131546.50346157304,-546107.3042000791,301.22244629044826,520.3953654581676,1.0033649631677077,567
146000,584.0000000013323,-677143.8161361893,131012.48055000429,-546131.335586185,299.9996111442075,520.3953654581676,1.0033649631677077,567
147000,588.0000000013514,-677412.142168459,130468.63276589994,-546943.5094025591,298.75427846240495,520.3953654581676,1.0033649631677077,567
148000,592.0000000013705,-676328.9064897913,130688.51564877079,-545640.3908410205,299.25777842730594,520.3953654581676,1.0033649631677077,566
149000,596.0000000013896,-678617.3346773158,131502.7041617884,-547114.6305155274,301.1221522356481,520.3953654581676,1.0033649631677077,566
150000,600.0000000014087,-675480.353681061,131611.00691799048,-543869.3467630704,301.3701498661797,520.3953654581676,1.0033649631677077,565
151000,604.0000000014278,-676734.7208667747,131633.53146510024,-545101.1894016744,301.42172781772877,520.3953654581676,1.0033649631677077,565
152000,608.0000000014469,-677901.5307090431,130801.11135818996,-547100.4193508532,299.51560629912746,520.3953654581676,1.0033649631677077,565
153000,612.000000001466,-677643.2971549244,131826.49356247028,-545816.8035924541,301.8635830816972,520.3953654581676,1.0033649631677077,564
154000,616.0000000014851,-677653.4067699863,130844.75611410645,-546808.6506558799,299.61554647084586,520.3953654581676,1.0033649631677077,564
155000,620.0000000015042,-677928.9724080926,131391.21572658047,-546537.7566815121,300.866859861448,520.3953654581676,1.0033649631677077,563
156000,624.0000000015233,-677764.2042876128,131606.7527325197,-546157.451555093,301.3604083974157,520.3953654581676,1.0033649631677077,563
157000,628.0000000015424,-677076.359669474,131427.508949079,-545648.850720395,300.9499660860689,520.3953654581676,1.0033649631677077,563
158000,632.0000000015615,-678350.3209417318,131273.65800560906,-547076.6629361227,300.5976697016223,520.3953654581676,1.0033649631677077,562
159000,636.0000000015806,-677316.6556342184,131436.7385569095,-545879.9170773089,300.97110055164455,520.3953654581676,1.0033649631677077,562
160000,640.0000000015997,-677625.5672981837,131295.80831147975,-546329.7589867039,300.6483906949203,520.3953654581676,1.0033649631677077,561
161000,644.0000000016188,-678127.7890377562,131070.05515990703,-547057.7338778491,300.13144866464904,520.3953654581676,1.0033649631677077,561
162000,648.0000000016379,-677270.4926242991,131449.48553261056,-545821.0070916886,301.0002892803636,520.3953654581676,1.0033649631677077,561
163000,652.000000001657,-677996.3773459559,131708.87112587015,-546287.5062200858,301.5942447324519,520.3953654581676,1.0033649631677077,560
164000,656.0000000016761,-678112.4272928,131370.22237918514,-546742.2049136149,300.81878813554243,520.3953654581676,1.0033649631677077,560
165000,660.0000000016952,-677574.6992976959,132416.0750989886,-545158.6241987073,303.2136394347314,520.3953654581676,1.0033649631677077,559
166000,664.0000000017143,-675504.8313112725,131747.2512383376,-543757.5800729349,301.6821296329405,520.3953654581676,1.0033649631677077,559
167000,668.0000000017334,-676895.8500686456,131733.39756479504,-545162.4525038505,301.6504067264034,520.3953654581676,1.0033649631677077,559
168000,672.0000000017525,-678108.091652804,130682.61044926051,-547425.4812035435,299.2442563754421,520.3953654581676,1.0033649631677077,558
169000,676.0000000017716,-677315.6492542615,130654.04632020899,-546661.6029340525,299.1788486557183,520.3953654581676,1.0033649631677077,558
170000,680.0000000017907,-677183.200439008,132157.20099205547,-545025.9994469525,302.6208552122725,520.3953654581676,1.0033649631677077,557
171000,684.0000000018098,-677729.3770748018,131125.8146309235,-546603.5624438783,300.25912977985513,520.3953654581676,1.0033649631677077,557
172000,688.0000000018289,-676659.6568207475,131153.9647640288,-545505.6920567187,300.32358950880456,520.3953654581676,1.0033649631677077,557
173000,692.000000001848,-676829.8039009045,131389.21060742837,-545440.5932934762,300.8622684289112,520.3953654581676,1.0033649631677077,556
174000,696.0000000018671,-677865.1744798054,130702.35851688337,-547162.8159629221,299.289476590973,520.3953654581676,1.0033649631677077,557
175000,700.0000000018862,-679030.9099629838,130213.60526906734,-548817.3046939165,298.17030242012504,520.3953654581676,1.0033649631677077,556
176000,704.0000000019053,-678398.6735153254,131777.21810079337,-546621.455414532,301.7507494090581,520.3953654581676,1.0033649631677077,556
177000,708.0000000019244,-679118.7647584062,131994.06199212014,-547124.7027662861,302.24729052333913,520.3953654581676,1.0033649631677077,556
178000,712.0000000019435,-677432.2270171549,131446.4526692807,-545985.7743478742,300.9933444624669,520.3953654581676,1.0033649631677077,555
179000,716.0000000019626,-677764.769227921,132099.22019534558,-545665.5490325755,302.4880875828545,520.3953654581676,1.0033649631677077,555
180000,720.0000000019817,-677009.258365483,131924.31694311055,-545084.9414223725,302.0875844595025,520.3953654581676,1.0033649631677077,554
181000,724.0000000020008,-678053.2442510282,132065.90724911494,-545987.3370019132,302.41180575937244,520.3953654581676,1.0033649631677077,554
182000,728.0000000020199,-678763.5959743992,130667.64292722603,-548095.9530471732,299.2099829171327,520.3953654581676,1.0033649631677077,554
183000,732.000000002039,-678207.5501183099,130413.35281621129,-547794.1973020986,298.62769538160956,520.3953654581676,1.0033649631677077,553
184000,736.0000000020581,-678982.6239313334,131146.39117593452,-547836.2327553988,300.30624708864957,520.3953654581676,1.0033649631677077,553
185000,740.0000000020772,-678604.3058027537,131635.69137334847,-546968.6144294052,301.4266736948838,520.3953654581676,1.0033649631677077,553
186000,744.0000000020963,-676408.8919953494,131921.9254703652,-544486.9665249842,302.0821083331774,520.3953654581676,1.0033649631677077,553
187000,748.0000000021154,-678649.0513228965,131861.25591128878,-546787.7954116077,301.9431838272463,520.3953654581676,1.0033649631677077,553
188000,752.0000000021345,-678294.2740643085,131107.91306029016,-547186.3610040183,300.2181377750757,520.3953654581676,1.0033649631677077,552
189000,756.0000000021536,-677584.4546487723,131326.1383965684,-546258.3162522039,300.717842198276,520.3953654581676,1.0033649631677077,552
190000,760.0000000021727,-678451.8238751437,131525.32007115468,-546926.5038039889,301.1739393935363,520.3953654581676,1.0033649631677077,551
191000,764.0000000021918,-677513.6239803438,131890.31108262332,-545623.3128977205,302.00971596270006,520.3953654581676,1.0033649631677077,551
192000,768.0000000022109,-676053.6804183405,131666.69966711116,-544386.9807512293,301.4976781979052,520.3953654581676,1.0033649631677077,551
193000,772.00000000223,-677424.5899837478,132672.0773447425,-544752.5126390053,303.799847510907,520.3953654581676,1.0033649631677077,551
194000,776.0000000022491,-677732.2033766871,131698.51637413655,-546033.6870025506,301.5705338502479,520.3953654581676,1.0033649631677077,551
195000,780.0000000022682,-677295.4715671423,131601.19325243836,-545694.278314704,301.34767799298737,520.3953654581676,1.0033649631677077,550
196000,784.0000000022873,-677171.8372262688,130867.93001172591,-546303.907214543,299.6686113410426,520.3953654581676,1.0033649631677077,550
197000,788.0000000023064,-677052.1861259928,130984.47083887215,-546067.7152871207,299.9354729612449,520.3953654581676,1.0033649631677077,550
198000,792.0000000023255,-677661.9237826364,131022.10652883162,-546639.8172538048,300.0216532419753,520.3953654581676,1.0033649631677077,549
199000,796.0000000023446,-676783.5336255017,130745.5385960163,-546037.9950294853,299.3883527201377,520.3953654581676,1.0033649631677077,549
200000,800.0000000023637,-679623.8206667369,131533.60342923683,-548090.2172375001,301.1929070841958,520.3953654581676,1.0033649631677077,549
201000,804.0000000023828,-677027.9698538021,130973.59342629631,-546054.3764275059,299.91056526138834,520.3953654581676,1.0033649631677077,549
202000,808.0000000024019,-679247.0741258846,131415.85371649748,-547831.220409387,300.92327729102,520.3953654581676,1.0033649631677077,549
203000,812.000000002421,-678886.9922264353,131782.48955890373,-547104.5026675316,301.7628202848756,520.3953654581676,1.0033649631677077,548
204000,816.0000000024401,-676989.9420052283,131021.6661285276,-545968.2758767006,300.0206447890447,520.3953654581676,1.0033649631677077,548
205000,820.0000000024592,-678165.7471508225,130961.60218632902,-547204.1449644936,299.8831070580765,520.3953654581676,1.0033649631677077,548
206000,824.0000000024783,-677490.4497517119,131478.52751005028,-546011.9222416617,301.0667912037086,520.3953654581676,1.0033649631677077,548
207000,828.0000000024974,-678202.5358983949,131692.4879346578,-546510.047963737,301.55672959670017,520.3953654581676,1.0033649631677077,548
208000,832.0000000025165,-676635.2914373879,132457.58936950215,-544177.7020678858,303.3087011033504,520.3953654581676,1.0033649631677077,547
209000,836.0000000025356,-677180.6204799716,132337.29883593717,-544843.3216440345,303.0332531983697,520.3953654581676,1.0033649631677077,547
210000,840.0000000025547,-677574.2193057518,132014.73901706672,-545559.4802886851,302.29463791663744,520.3953654581676,1.0033649631677077,547
211000,844.0000000025738,-678251.1694892203,131585.6732934556,-546665.4961957646,301.3121395340538,520.3953654581676,1.0033649631677077,547
212000,848.0000000025929,-676138.1752029373,131901.50693070632,-544236.668272231,302.0353528337617,520.3953654581676,1.0033649631677077,547
213000,852.000000002612,-676134.961670002,131313.72910349336,-544821.2325665086,300.6894267138775,520.3953654581676,1.0033649631677077,546
214000,856.000000002631,-677272.8438042928,131185.8971730254,-546086.9466312674,300.39671010190887,520.3953654581676,1.0033649631677077,546
215000,860.0000000026502,-677649.9650788959,132298.05479297158,-545351.9102859243,302.94339002212894,520.3953654581676,1.0033649631677077,546
216000,864.0000000026693,-677891.1362718088,131634.6579405306,-546256.4783312782,301.4243072833617,520.3953654581676,1.0033649631677077,546
217000,868.0000000026884,-677266.9955654549,131608.8760453855,-545658.1195200694,301.36527047644364,520.3953654581676,1.0033649631677077,546
218000,872.0000000027075,-677281.5448894016,131723.4031799551,-545558.1417094466,301.6275210322082,520.3953654581676,1.0033649631677077,545
219000,876.0000000027266,-676426.2054809043,131292.43920616503,-545133.7662747393,300.6406759315628,520.3953654581676,1.0033649631677077,545
220000,880.0000000027457,-677920.1375434259,131379.12655529846,-546541.0109881274,300.839177409605,520.3953654581676,1.0033649631677077,545
221000,884.0000000027648,-677652.5153731029,131623.69249677414,-546028.8228763287,301.3991980048476,520.3953654581676,1.0033649631677077,545
222000,888.0000000027838,-677732.5533847664,131906.53593081995,-545826.0174539465,302.0468685158723,520.3953654581676,1.0033649631677077,545
223000,892.000000002803,-677731.6911920998,131099.91924674762,-546631.7719453522,300.19983309948867,520.3953654581676,1.0033649631677077,544
224000,896.000000002822,-679145.176958668,131236.46693640837,-547908.7100222597,300.5125075380528,520.3953654581676,1.0033649631677077,544
225000,900.0000000028411,-677239.485614602,130663.19846099883,-546576.2871536032,299.19980573298733,520.3953654581676,1.0033649631677077,544
226000,904.0000000028602,-678031.9980019187,130740.19065760716,-547291.8073443115,299.37610671550954,520.3953654581676,1.0033649631677077,544
227000,908.0000000028793,-678646.0674020182,130791.42792212259,-547854.6394798956,299.4934326325992,520.3953654581676,1.0033649631677077,544
228000,912.0000000028984,-678043.2805808857,131368.11347308062,-546675.1671078051,300.8139590459119,520.3953654581676,1.0033649631677077,543
229000,916.0000000029175,-677498.7369211647,130987.48979744688,-546511.2471237178,299.9423859392656,520.3953654581676,1.0033649631677077,543
230000,920.0000000029366,-677188.7246023468,131984.60343930929,-545204.1211630375,302.2256318069074,520.3953654581676,1.0033649631677077,543
231000,924.0000000029557,-675920.5316548776,131639.03478303313,-544281.4968718444,301.43432961896895,520.3953654581676,1.0033649631677077,543
232000,928.0000000029748,-676749.8138020658,131365.03870316467,-545384.7750989011,300.8069182680007,520.3953654581676,1.0033649631677077,543
233000,932.0000000029939,-677082.5014579892,132110.24211088824,-544972.259347101,302.5133261735825,520.3953654581676,1.0033649631677077,542
234000,936.000000003013,-678102.0332842646,131835.20615396652,-546266.8271302981,301.88353365472625,520.3953654581676,1.0033649631677077,543
235000,940.0000000030321,-678623.5678363214,130896.85282063804,-547726.7150156833,299.7348403857138,520.3953654581676,1.0033649631677077,542
236000,944.0000000030512,-677211.6935459673,130461.86317633578,-546749.8303696315,298.7387770824729,520.3953654581676,1.0033649631677077,542
237000,948.0000000030703,-677812.5754701104,130788.61265395692,-547023.9628161534,299.4869860761229,520.3953654581676,1.0033649631677077,542
238000,952.0000000030894,-678433.3722775872,132328.5025966626,-546104.8696809246,303.0131110840397,520.3953654581676,1.0033649631677077,542
239000,956.0000000031085,-677551.6564432075,130518.14022746746,-547033.51621574,298.8676433812023,520.3953654581676,1.0033649631677077,542
240000,960.0000000031276,-679201.4914085115,130736.20092193875,-548465.2904865728,299.36697079850325,520.3953654581676,1.0033649631677077,541
241000,964.0000000031467,-678885.0264082435,131743.87916068762,-547141.1472475559,301.67440806336566,520.3953654581676,1.0033649631677077,541
242000,968.0000000031658,-677799.5961822201,130897.11817142973,-546902.4780107904,299.73544800060665,520.3953654581676,1.0033649631677077,541
243000,972.0000000031849,-677018.4294278468,132199.9805160737,-544818.448911773,302.718814128221,520.3953654581676,1.0033649631677077,541
244000,976.000000003204,-677092.6593337809,131211.0597517626,-545881.5995820183,300.45432876392374,520.3953654581676,1.0033649631677077,541
245000,980.0000000032231,-677021.1315631107,131990.29922781087,-545030.8323352998,302.2386743378821,520.3953654581676,1.0033649631677077,540
246000,984.0000000032422,-676271.9868523292,131167.25072750705,-545104.7361248222,300.3540124414933,520.3953654581676,1.0033649631677077,540
247000,988.0000000032613,-678643.5433183159,131537.00288426905,-547106.5404340469,301.200691344012,520.3953654581676,1.0033649631677077,541
248000,992.0000000032804,-677988.861080261,131512.73500985687,-546476.1260704041,301.14512142535705,520.3953654581676,1.0033649631677077,540
249000,996.0000000032995,-677355.5891306326,131429.90073008998,-545925.6884005426,300.95544291827775,520.3953654581676,1.0033649631677077,540
250000,1000.0000000033186,-677976.6290405458,131226.41764103808,-546750.2113995077,300.48949610669365,520.3953654581676,1.0033649631677077,540
251000,1004.0000000033377,-678213.4217905062,130701.28742688056,-547512.1343636257,299.2870239499498,520.3953654581676,1.0033649631677077,540
252000,1008.0000000033568,-677175.4684533724,132162.22451179993,-545013.2439415725,302.6323583451312,520.3953654581676,1.0033649631677077,540
253000,1012.0000000033759,-677639.2250314541,131354.0918299693,-546285.1332014848,300.78185151338255,520.3953654581676,1.0033649631677077,539
254000,1016.000000003395,-677068.8886184185,131737.747283916,-545331.1413345025,301.6603669533939,520.3953654581676,1.0033649631677077,539
255000,1020.0000000034141,-677950.3838749328,131430.97903059953,-546519.4048443332,300.9579120703174,520.3953654581676,1.0033649631677077,539
256000,1024.0000000034331,-678311.6144245737,132092.10936650436,-546219.5050580694,302.471804814386,520.3953654581676,1.0033649631677077,539
257000,1028.0000000033385,-676625.4851313629,131858.9887144998,-544766.496416863,301.9379922748672,520.3953654581676,1.0033649631677077,539
258000,1032.000000003244,-677137.079893792,132046.39690370072,-545090.6829900914,302.3671298932795,520.3953654581676,1.0033649631677077,539
259000,1036.0000000031494,-676252.3612460843,131729.50009243994,-544522.8611536444,301.64148207902576,520.3953654581676,1.0033649631677077,539
260000,1040.0000000030548,-677700.6484677303,130851.64062274041,-546849.0078449899,299.63131099880866,520.3953654581676,1.0033649631677077,538
261000,1044.0000000029602,-677644.2716066181,131222.5741013693,-546421.6975052487,300.4806949573589,520.3953654581676,1.0033649631677077,538
262000,1048.0000000028656,-678669.4317517802,131327.56584380678,-547341.8659079734,300.72111084577165,520.3953654581676,1.0033649631677077,538
263000,1052.000000002771,-677978.0906043011,131457.9551270582,-546520.1354772429,301.0196834253349,520.3953654581676,1.0033649631677077,538
264000,1056.0000000026764,-677953.6465843143,130687.4090625596,-547266.2375217547,299.2552445051051,520.3953654581676,1.0033649631677077,538
265000,1060.0000000025818,-678642.2554141837,132492.46222198172,-546149.793192202,303.3885548862835,520.3953654581676,1.0033649631677077,538
266000,1064.0000000024872,-677993.1013870658,130753.51531240199,-547239.5860746638,299.40661824571106,520.3953654581676,1.0033649631677077,538
267000,1068.0000000023927,-678225.2200832516,131252.6194650398,-546972.6006182118,300.5494944898919,520.3953654581676,1.0033649631677077,538
268000,1072.000000002298,-677732.9112145794,131267.2470325249,-546465.6641820545,300.58298950150527,520.3953654581676,1.0033649631677077,537
269000,1076.0000000022035,-677733.569451008,131639.14924325136,-546094.4202077566,301.4345917162959,520.3953654581676,1.0033649631677077,537
270000,1080.000000002109,-679016.0368396584,131893.26692313072,-547122.7699165277,302.01648440948543,520.3953654581676,1.0033649631677077,537
271000,1084.0000000020143,-678185.2532619499,131636.12490978334,-546549.1283521665,301.42766643054784,520.3953654581676,1.0033649631677077,537
272000,1088.0000000019197,-677511.0317949974,131655.59161251478,-545855.4401824826,301.4722423612162,520.3953654581676,1.0033649631677077,537
273000,1092.0000000018251,-677356.0633339416,131645.31305999774,-545710.7502739439,301.44870596418525,520.3953654581676,1.0033649631677077,537
274000,1096.0000000017305,-678523.3114655525,131714.76647853435,-546808.5449870182,301.607744236464,520.3953654581676,1.0033649631677077,537
275000,1100.000000001636,-679561.2538130889,131680.20395447838,-547881.0498586105,301.52860106068846,520.3953654581676,1.0033649631677077,536
276000,1104.0000000015414,-676981.8761225981,131286.9108620062,-545694.9652605918,300.6280168238888,520.3953654581676,1.0033649631677077,537
277000,1108.0000000014468,-676775.4693665127,130830.10133657782,-545945.3680299349,299.5819891521726,520.3953654581676,1.0033649631677077,537
278000,1112.0000000013522,-679011.4426162578,131882.2943135327,-547129.148302725,301.99135872223167,520.3953654581676,1.0033649631677077,536
279000,1116.0000000012576,-677887.4954414088,131394.64934464474,-546492.8460967641,300.87472234966117,520.3953654581676,1.0033649631677077,536
280000,1120.000000001163,-678659.1879289895,131684.6497876232,-546974.5381413663,301.5387813748773,520.3953654581676,1.0033649631677077,536
281000,1124.0000000010684,-676262.239572092,132026.31594386575,-544235.9236282262,302.3211474027824,520.3953654581676,1.0033649631677077,536
282000,1128.0000000009738,-677057.4817472054,131975.2867249312,-545082.1950222742,302.20429787995,520.3953654581676,1.0033649631677077,536
283000,1132.0000000008793,-677470.1489054682,131480.65979911375,-545989.4891063544,301.0716738369295,520.3953654581676,1.0033649631677077,536
284000,1136.0000000007847,-678573.1906040017,132892.54553240474,-545680.6450715971,304.30468773903397,520.3953654581676,1.0033649631677077,536
285000,1140.00000000069,-676933.0766408476,131611.98170586003,-545321.0949349876,301.3723819892613,520.3953654581676,1.0033649631677077,535
286000,1144.0000000005955,-677504.1318490575,131391.40473720134,-546112.7271118562,300.86729266840297,520.3953654581676,1.0033649631677077,535
287000,1148.000000000501,-677531.2154369522,132681.5135862762,-544849.701850676,303.8214551377445,520.3953654581676,1.0033649631677077,536
288000,1152.0000000004063,-678052.1362245558,131145.19019860314,-546906.9460259527,300.3034970244504,520.3953654581676,1.0033649631677077,535
289000,1156.0000000003117,-677971.2987573519,131191.35299707085,-546779.945760281,300.4092031490234,520.3953654581676,1.0033649631677077,535
290000,1160.0000000002171,-677584.6150516123,131985.99166794913,-545598.6233836631,302.22881064949087,520.3953654581676,1.0033649631677077,535
291000,1164.0000000001226,-677463.8400955885,130662.56196757942,-546801.278128009,299.19834825521485,520.3953654581676,1.0033649631677077,535
292000,1168.000000000028,-678695.8750943234,131979.99170345918,-546715.8833908642,302.21507159954456,520.3953654581676,1.0033649631677077,535
293000,1171.9999999999334,-679407.1140439874,130439.95818184078,-548967.1558621465,298.6886178167065,520.3953654581676,1.0033649631677077,535
294000,1175.9999999998388,-677586.5363025148,132221.2259723784,-545365.3103301364,302.7674631470262,520.3953654581676,1.0033649631677077,535
295000,1179.9999999997442,-676826.9947544024,131169.9152926398,-545657.0794617627,300.3601139098446,520.3953654581676,1.0033649631677077,534
296000,1183.9999999996496,-677076.4615297206,130894.83862618761,-546181.6229035329,299.7302281720579,520.3953654581676,1.0033649631677077,534
297000,1187.999999999555,-679644.7905386626,131616.78283238498,-548028.0077062775,301.3833758738477,520.3953654581676,1.0033649631677077,534
298000,1191.9999999994604,-676505.2605439085,131394.89275879553,-545110.3677851129,300.8752797328225,520.3953654581676,1.0033649631677077,534
299000,1195.9999999993659,-678399.9423959255,131877.07502804673,-546522.8673678788,301.97940731416986,520.3953654581676,1.0033649631677077,534
300000,1199.9999999992713,-678216.8533932273,131778.5859086982,-546438.2674845292,301.75388149111507,520.3953654581676,1.0033649631677077,534
301000,1203.9999999991767,-678102.3245619978,131799.9761350255,-546302.3484269723,301.80286201231064,520.3953654581676,1.0033649631677077,534
302000,1207.999999999082,-677695.5996221984,132594.02261902334,-545101.577003175,303.62111349056477,520.3953654581676,1.0033649631677077,534
303000,1211.9999999989875,-678003.4360673823,131863.20781565236,-546140.22825173,301.94765340562236,520.3953654581676,1.0033649631677077,534
304000,1215.999999998893,-678051.444783025,132019.44885199185,-546031.995931033,302.30542275667835,520.3953654581676,1.0033649631677077,534
305000,1219.9999999987983,-678015.0871071611,130984.79212620517,-547030.2949809559,299.93620866271823,520.3953654581676,1.0033649631677077,533
306000,1223.9999999987037,-676762.988267161,131311.64657452249,-545451.3416926385,300.6846580240639,520.3953654581676,1.0033649631677077,533
307000,1227.9999999986092,-676918.4383864021,131109.0038245842,-545809.4345618179,300.2206354673771,520.3953654581676,1.0033649631677077,533
308000,1231.9999999985146,-677455.696583828,133044.51833796862,-544411.1782458593,304.6526834596115,520.3953654581676,1.0033649631677077,533
309000,1235.99999999842,-676631.9743538895,132023.88692622946,-544608.08742766,302.31558530409313,520.3953654581676,1.0033649631677077,533
310000,1239.9999999983254,-677424.7889218121,131229.8685712522,-546194.9203505599,300.49739823722336,520.3953654581676,1.0033649631677077,533
311000,1243.9999999982308,-678260.07087499,132096.34486133815,-546163.7260136518,302.4815034842975,520.3953654581676,1.0033649631677077,533
312000,1247.9999999981362,-677921.2118706433,131774.7494823925,-546146.4623882507,301.74509663035167,520.3953654581676,1.0033649631677077,533
313000,1251.9999999980416,-680088.7762317806,130996.0501725885,-549092.7260591921,299.961987958882,520.3953654581676,1.0033649631677077,533
314000,1255.999999997947,-679270.8970743255,131333.28952388954,-547937.6075504359,300.73421724442875,520.3953654581676,1.0033649631677077,533
315000,1259.9999999978525,-676882.0570310019,131053.17999622866,-545828.8770347732,300.09280698318287,520.3953654581676,1.0033649631677077,532
316000,1263.9999999977579,-678119.0506106885,131827.62543549496,-546291.4251751936,301.8661749070397,520.3953654581676,1.0033649631677077,533
317000,1267.9999999976633,-677114.3695124774,132516.38009240304,-544597.9894200744,303.4433233464765,520.3953654581676,1.0033649631677077,533
318000,1271.9999999975687,-678350.6425606436,131368.92046623817,-546981.7220944054,300.815806943398,520.3953654581676,1.0033649631677077,532
319000,1275.999999997474,-678410.9984483174,131407.160178684,-547003.8382696335,300.9033703481656,520.3953654581676,1.0033649631677077,532
320000,1279.9999999973795,-678735.9077764805,131500.86052195268,-547235.0472545279,301.1179305673652,520.3953654581676,1.0033649631677077,532
321000,1283.999999997285,-678467.3924457519,131592.0717232292,-546875.3207225227,301.3267910118059,520.3953654581676,1.0033649631677077,532
322000,1287.9999999971903,-677084.9329850096,131234.7507136478,-545850.1822713618,300.50857763642324,520.3953654581676,1.0033649631677077,532
323000,1291.9999999970958,-678519.6122802184,132047.8625886623,-546471.7496915561,302.3704860996248,520.3953654581676,1.0033649631677077,532
324000,1295.9999999970012,-676248.7026252635,130518.48639368408,-545730.2162315794,298.8684360517169,520.3953654581676,1.0033649631677077,532
325000,1299.9999999969066,-677022.4124563616,132129.37689791885,-544893.0355584427,302.5571420653541,520.3953654581676,1.0033649631677077,532
326000,1303.999999996812,-678910.094453149,132183.43600792275,-546726.6584452263,302.680929600037,520.3953654581676,1.0033649631677077,532
327000,1307.9999999967174,-679557.1418294413,131145.2413036205,-548411.9005258208,300.3036140475407,520.3953654581676,1.0033649631677077,532
328000,1311.9999999966228,-677820.0706062159,131357.57396525925,-546462.4966409566,300.7898250990177,520.3953654581676,1.0033649631677077,531
329000,1315.9999999965282,-677789.5995493191,131451.9965107062,-546337.603038613,301.00603905663775,520.3953654581676,1.0033649631677077,532
330000,1319.9999999964336,-677806.0311839059,131560.5222469674,-546245.5089369385,301.2545472792194,520.3953654581676,1.0033649631677077,531
331000,1323.999999996339,-677768.433389884,131226.39235083945,-546542.0410390445,300.4894381958006,520.3953654581676,1.0033649631677077,531
332000,1327.9999999962445,-676635.0883748354,131258.3002411451,-545376.7881336904,300.5625026446527,520.3953654581676,1.0033649631677077,531
333000,1331.9999999961499,-677736.9960305304,131756.6855030293,-545980.3105275012,301.703732733096,520.3953654581676,1.0033649631677077,531
334000,1335.9999999960553,-679646.4819978098,131091.77515456453,-548554.7068432453,300.18118430757363,520.3953654581676,1.0033649631677077,531
335000,1339.9999999959607,-677823.6676867208,132151.6905001427,-545671.9771865781,302.60823698365715,520.3953654581676,1.0033649631677077,531
336000,1343.9999999958661,-678144.2224392248,131702.25152071274,-546441.9709185121,301.579086795095,520.3953654581676,1.0033649631677077,531
337000,1347.9999999957715,-677336.6347503387,132137.3260239597,-545199.3087263791,302.57534441303255,520.3953654581676,1.0033649631677077,531
338000,1351.999999995677,-678868.200403335,130910.82177719814,-547957.3786261369,299.7668272736693,520.3953654581676,1.0033649631677077,531
339000,1355.9999999955824,-677482.4163624747,131773.12225198606,-545709.2941104886,301.7413705083278,520.3953654581676,1.0033649631677077,531
340000,1359.9999999954878,-677148.9908842202,131115.79303416988,-546033.1978500504,300.23618177431774,520.3953654581676,1.0033649631677077,530
341000,1363.9999999953932,-676865.7979382421,131944.45583134482,-544921.3421068973,302.13369959764657,520.3953654581676,1.0033649631677077,530
342000,1367.9999999952986,-677272.3301183255,131499.6616045757,-545772.6685137498,301.1151852201633,520.3953654581676,1.0033649631677077,531
343000,1371.999999995204,-677982.9532679971,131803.39523535094,-546179.5580326462,301.81069125700395,520.3953654581676,1.0033649631677077,530
344000,1375.9999999951094,-677354.648570356,132028.56846637034,-545326.0801039856,302.3263053531749,520.3953654581676,1.0033649631677077,530
345000,1379.9999999950148,-677290.0778743415,131317.0711005521,-545973.0067737894,300.6970794032538,520.3953654581676,1.0033649631677077,530
346000,1383.9999999949202,-677483.926912074,131133.75491802412,-546350.1719940498,300.2773118876403,520.3953654581676,1.0033649631677077,530
347000,1387.9999999948257,-678598.4299308886,131657.52696779638,-546940.9029630922,301.47667404459077,520.3953654581676,1.0033649631677077,530
348000,1391.999999994731,-677174.9546165955,131853.97991471755,-545320.9747018779,301.92652284859065,520.3953654581676,1.0033649631677077,530
349000,1395.9999999946365,-677795.3386275736,131547.78636194885,-546247.5522656247,301.2253839465575,520.3953654581676,1.0033649631677077,530
350000,1399.999999994542,-677474.0017099031,131547.12443601133,-545926.8772738918,301.22386823200094,520.3953654581676,1.0033649631677077,530
351000,1403.9999999944473,-677900.0614663074,131873.50392684742,-546026.55753946,301.9712300094837,520.3953654581676,1.0033649631677077,530
352000,1407.9999999943527,-678121.5809483984,132363.87548623694,-545757.7054621615,303.0941098795193,520.3953654581676,1.0033649631677077,530
353000,1411.9999999942581,-675962.9763576202,132525.54814194812,-543437.428215672,303.4643168524916,520.3953654581676,1.0033649631677077,530
354000,1415.9999999941635,-677323.7903333898,131481.8287121667,-545841.961621223,301.07435047857365,520.3953654581676,1.0033649631677077,530
355000,1419.999999994069,-678448.2934294115,131517.93335304526,-546930.3600763662,301.1570248785896,520.3953654581676,1.0033649631677077,529
356000,1423.9999999939744,-677223.1578266146,130565.83351576922,-546657.3243108453,298.9768541058955,520.3953654581676,1.0033649631677077,529
357000,1427.9999999938798,-678118.1194303203,130542.59018577775,-547575.5292445426,298.92363024562,520.3953654581676,1.0033649631677077,529
358000,1431.9999999937852,-677890.9742443138,131151.35936915473,-546739.614875159,300.3176235317785,520.3953654581676,1.0033649631677077,529
359000,1435.9999999936906,-677890.0281930892,132165.32407695032,-545724.7041161389,302.63945590053913,520.3953654581676,1.0033649631677077,529
360000,1439.999999993596,-676661.9408068522,131300.24111836433,-545361.6996884879,300.65854118085923,520.3953654581676,1.0033649631677077,529
361000,1443.9999999935014,-678751.1005673767,132019.90393950942,-546731.1966278673,302.3064648412014,520.3953654581676,1.0033649631677077,529
362000,1447.9999999934068,-678335.2532334458,131592.12669770987,-546743.1265357359,301.32691689540684,520.3953654581676,1.0033649631677077,529
363000,1451.9999999933123,-679610.596969977,132475.27143433416,-547135.3255356429,303.34919047162714,520.3953654581676,1.0033649631677077,529
364000,1455.9999999932177,-677546.6623031013,131784.95567519887,-545761.7066279023,301.76846733412214,520.3953654581676,1.0033649631677077,529
365000,1459.999999993123,-678793.9312928393,132383.81190878927,-546410.1193840501,303.1397614005667,520.3953654581676,1.0033649631677077,529
366000,1463.9999999930285,-678651.9659221638,131433.49774202006,-547218.4681801437,300.96367955478576,520.3953654581676,1.0033649631677077,529
367000,1467.999999992934,-678493.2052941918,132466.82168864622,-546026.3836055456,303.3298417774416,520.3953654581676,1.0033649631677077,529
368000,1471.9999999928393,-678154.7460249877,130223.37528328123,-547931.3707417065,298.1926743380732,520.3953654581676,1.0033649631677077,529
369000,1475.9999999927447,-677697.4909107466,131705.2646831947,-545992.2262275519,301.5859865009024,520.3953654581676,1.0033649631677077,529
370000,1479.9999999926501,-677127.4700406534,131661.1657297708,-545466.3043108826,301.48500628265526,520.3953654581676,1.0033649631677077,528
371000,1483.9999999925556,-678048.7353356904,131633.29663957492,-546415.4386961155,301.42119010127624,520.3953654581676,1.0033649631677077,528
372000,1487.999999992461,-677425.070416043,131691.8749776501,-545733.1954383929,301.55532601390263,520.3953654581676,1.0033649631677077,529
373000,1491.9999999923664,-677511.9590071235,131714.2404614268,-545797.7185456967,301.6065397334498,520.3953654581676,1.0033649631677077,528
374000,1495.9999999922718,-676368.156512992,132260.91435394256,-544107.2421590495,302.85834379432185,520.3953654581676,1.0033649631677077,528
375000,1499.9999999921772,-678186.7866487638,131918.66772304324,-546268.1189257206,302.07464856349975,520.3953654581676,1.0033649631677077,528
376000,1503.9999999920826,-677062.1158866282,130888.16836829414,-546173.947518334,299.71495424726936,520.3953654581676,1.0033649631677077,528
377000,1507.999999991988,-677732.9199733743,131407.19677134766,-546325.7232020267,300.9034541400672,520.3953654581676,1.0033649631677077,528
378000,1511.9999999918934,-677288.7309113531,130869.18655605463,-546419.5443552985,299.6714886456202,520.3953654581676,1.0033649631677077,528
379000,1515.9999999917989,-677684.0201897346,131594.997610632,-546089.0225791027,301.3334908703187,520.3953654581676,1.0033649631677077,528
380000,1519.9999999917043,-678716.930101647,132157.02983176732,-546559.9002698797,302.62046327999496,520.3953654581676,1.0033649631677077,528
381000,1523.9999999916097,-678693.1276024226,131141.21435374214,-547551.9132486805,300.29439291538176,520.3953654581676,1.0033649631677077,528
382000,1527.999999991515,-676974.322073922,130824.73563566036,-546149.5864382617,299.5697024739722,520.3953654581676,1.0033649631677077,528
383000,1531.9999999914205,-677443.0583981681,131054.53648380365,-546388.5219143644,300.0959131433235,520.3953654581676,1.0033649631677077,528
384000,1535.999999991326,-678336.2269402975,131957.5528733168,-546378.6740669807,302.16368992743986,520.3953654581676,1.0033649631677077,528
385000,1539.9999999912313,-676879.33689326,131663.6626542008,-545215.6742390592,301.49072387806996,520.3953654581676,1.0033649631677077,527
386000,1543.9999999911367,-676374.679033963,131058.83452384689,-545315.8445101161,300.10575503270877,520.3953654581676,1.0033649631677077,528
387000,1547.9999999910422,-677837.2273375154,131062.65307479107,-546774.5742627244,300.1144989614824,520.3953654581676,1.0033649631677077,528
388000,1551.9999999909476,-678870.8335960093,131375.4884555909,-547495.3451404184,300.83084668803565,520.3953654581676,1.0033649631677077,527
389000,1555.999999990853,-677647.1532969642,131584.02553520253,-546063.1277617617,301.30836640623346,520.3953654581676,1.0033649631677077,527
390000,1559.9999999907584,-676675.4401652892,131856.2247919024,-544819.2153733869,301.9316632923079,520.3953654581676,1.0033649631677077,527
391000,1563.9999999906638,-676877.3285925612,131285.667951281,-545591.6606412802,300.62517073828934,520.3953654581676,1.0033649631677077,527
392000,1567.9999999905692,-678019.5781466942,131149.85505226906,-546869.7230944252,300.3141788639205,520.3953654581676,1.0033649631677077,527
393000,1571.9999999904746,-678027.9977763346,130926.19514635863,-547101.8026299761,299.80203006313457,520.3953654581676,1.0033649631677077,527
394000,1575.99999999038,-676479.2616322138,131604.30165019893,-544874.959982015,301.35479577379374,520.3953654581676,1.0033649631677077,527
395000,1579.9999999902855,-677942.9159523537,131458.53606461152,-546484.3798877422,301.021013688218,520.3953654581676,1.0033649631677077,527
396000,1583.9999999901909,-677300.2435593898,131372.16690440534,-545928.0766549845,300.8232408167486,520.3953654581676,1.0033649631677077,527
397000,1587.9999999900963,-676755.9780915496,130872.24531824791,-545883.7327733017,299.6784927681642,520.3953654581676,1.0033649631677077,527
398000,1591.9999999900017,-677060.6126910178,131707.21243718592,-545353.4002538319,301.59044657552676,520.3953654581676,1.0033649631677077,527
399000,1595.999999989907,-677113.6272109845,131240.1858748545,-545873.44133613,300.52102336862885,520.3953654581676,1.0033649631677077,527
400000,1599.9999999898125,-677847.1079391958,131273.60273265245,-546573.5052065434,300.5975431345546,520.3953654581676,1.0033649631677077,527
401000,1603.999999989718,-678221.8639725754,132445.1674699079,-545776.6965026675,303.2802567518482,520.3953654581676,1.0033649631677077,527
402000,1607.9999999896233,-675841.4328991529,131986.55245332027,-543854.8804458326,302.2300947667946,520.3953654581676,1.0033649631677077,527
403000,1611.9999999895288,-676328.3132596454,132133.8770168505,-544194.4362427949,302.56744668613476,520.3953654581676,1.0033649631677077,527
404000,1615.9999999894342,-678886.9888202082,131238.41574496392,-547648.5730752443,300.51697002747676,520.3953654581676,1.0033649631677077,527
405000,1619.9999999893396,-678637.108337814,131202.17489214265,-547434.9334456713,300.4339837218342,520.3953654581676,1.0033649631677077,526
406000,1623.999999989245,-677255.5892954092,132259.78823263186,-544995.8010627773,302.85576513957164,520.3953654581676,1.0033649631677077,526
407000,1627.9999999891504,-676990.1241967073,130481.40154573438,-546508.7226509729,298.7835171194324,520.3953654581676,1.0033649631677077,527
408000,1631.9999999890558,-678069.5649037743,131087.85666140396,-546981.7082423703,300.1722115255951,520.3953654581676,1.0033649631677077,526
409000,1635.9999999889612,-677615.1136875474,132510.04471156886,-545105.0689759785,303.4288162416669,520.3953654581676,1.0033649631677077,526
410000,1639.9999999888666,-675584.8351206919,131569.60467306903,-544015.230447623,301.2753447199464,520.3953654581676,1.0033649631677077,526
411000,1643.999999988772,-675976.9762805025,131796.2645760886,-544180.7117044139,301.7943630797423,520.3953654581676,1.0033649631677077,526
412000,1647.9999999886775,-677150.4998034067,131127.5218500126,-546022.9779533941,300.2630390643807,520.3953654581676,1.0033649631677077,526
413000,1651.9999999885829,-676465.3469711654,131085.41224373295,-545379.9347274324,300.16661416305607,520.3953654581676,1.0033649631677077,526
414000,1655.9999999884883,-678941.3912566565,132773.53822204424,-546167.8530346123,304.0321782293934,520.3953654581676,1.0033649631677077,526
415000,1659.9999999883937,-676832.5309236827,131889.39642632083,-544943.134497362,302.0076215322006,520.3953654581676,1.0033649631677077,526
416000,1663.9999999882991,-677597.459658579,131855.543780273,-545741.9158783059,301.93010387428035,520.3953654581676,1.0033649631677077,526
417000,1667.9999999882045,-678112.5254263743,131810.14811624202,-546302.3773101323,301.82615437649395,520.3953654581676,1.0033649631677077,526
418000,1671.99999998811,-677687.2279199562,131770.85392453964,-545916.3739954166,301.736176366907,520.3953654581676,1.0033649631677077,526
419000,1675.9999999880154,-677366.8662095056,131607.0997770197,-545759.7664324859,301.3612030790721,520.3953654581676,1.0033649631677077,526
420000,1679.9999999879208,-677377.7749944534,132239.15743429982,-545138.6175601536,302.8085235985274,520.3953654581676,1.0033649631677077,526
421000,1683.9999999878262,-677189.9387285742,131642.89057488798,-545547.0481536862,301.4431588240359,520.3953654581676,1.0033649631677077,526
422000,1687.9999999877316,-677728.993475941,131248.42775334622,-546480.5657225947,300.5398960770321,520.3953654581676,1.0033649631677077,526
423000,1691.999999987637,-678262.1276907348,132055.1120344964,-546207.0156562384,302.38708628093656,520.3953654581676,1.0033649631677077,526
424000,1695.9999999875424,-678775.0767499865,129621.29475598433,-549153.7819940022,296.81399710588664,520.3953654581676,1.0033649631677077,526
425000,1699.9999999874478,-678063.3285317193,131292.4488270303,-546770.8797046889,300.64069796195133,520.3953654581676,1.0033649631677077,525
426000,1703.9999999873532,-676857.52814672,132195.03371778413,-544662.4944289359,302.70748667638554,520.3953654581676,1.0033649631677077,525
427000,1707.9999999872587,-677879.3358452455,131087.35611329623,-546791.9797319493,300.1710653429028,520.3953654581676,1.0033649631677077,526
428000,1711.999999987164,-678315.7779098144,131121.90751707787,-547193.8703927365,300.25018305486026,520.3953654581676,1.0033649631677077,525
429000,1715.9999999870695,-678551.0926909009,131085.27048518922,-547465.8222057116,300.1662895565161,520.3953654581676,1.0033649631677077,525
430000,1719.999999986975,-677375.2758415025,131041.04026283592,-546334.2355786666,300.0650087514272,520.3953654581676,1.0033649631677077,525
431000,1723.9999999868803,-678162.3856504653,130905.94194642769,-547256.4437040376,299.7556531677563,520.3953654581676,1.0033649631677077,525
432000,1727.9999999867857,-678690.2732816786,131787.20343028783,-546903.0698513908,301.77361436782314,520.3953654581676,1.0033649631677077,525
433000,1731.9999999866911,-677888.2310670088,131480.17087490566,-546408.0601921031,301.0705542712844,520.3953654581676,1.0033649631677077,525
434000,1735.9999999865965,-677528.6485546771,131303.66230256204,-546224.9862521151,300.66637519731825,520.3953654581676,1.0033649631677077,525
435000,1739.999999986502,-676956.175675353,131272.20917688124,-545683.9664984718,300.5943520936117,520.3953654581676,1.0033649631677077,525
436000,1743.9999999864074,-678684.6423656517,130674.34027704643,-548010.3020886052,299.22531887851125,520.3953654581676,1.0033649631677077,525
437000,1747.9999999863128,-678596.8992744582,130001.54661391547,-548595.3526605427,297.6847188038295,520.3953654581676,1.0033649631677077,525
438000,1751.9999999862182,-677759.3942213408,130648.38648649276,-547111.007734848,299.1658884559963,520.3953654581676,1.0033649631677077,525
439000,1755.9999999861236,-677723.3677811343,130691.10408111697,-547032.2637000174,299.2637055625992,520.3953654581676,1.0033649631677077,525
440000,1759.999999986029,-678254.0221355665,130872.0039700882,-547382.0181654783,299.6779401158233,520.3953654581676,1.0033649631677077,525
441000,1763.9999999859344,-677853.721812617,131720.59947744483,-546133.1223351723,301.62110095940824,520.3953654581676,1.0033649631677077,525
442000,1767.9999999858398,-677316.9283147142,131520.30805021088,-545796.6202645034,301.1624625912661,520.3953654581676,1.0033649631677077,525
443000,1771.9999999857453,-677375.8468895312,130931.55773551369,-546444.2891540176,299.81430961584965,520.3953654581676,1.0033649631677077,525
444000,1775.9999999856507,-677625.1240724637,132124.7301085671,-545500.3939638967,302.5465015905479,520.3953654581676,1.0033649631677077,525
445000,1779.999999985556,-676257.6082535731,132145.74330675864,-544111.8649468145,302.5946187719026,520.3953654581676,1.0033649631677077,524
446000,1783.9999999854615,-676309.0576535692,131844.16944999294,-544464.8882035762,301.9040583048299,520.3953654581676,1.0033649631677077,525
447000,1787.999999985367,-677215.5724996962,131249.3516337577,-545966.2208659385,300.54201162940564,520.3953654581676,1.0033649631677077,525
448000,1791.9999999852723,-676228.6222295864,130925.57885956997,-545303.0433700164,299.8006188556208,520.3953654581676,1.0033649631677077,524
449000,1795.9999999851777,-676799.0405531684,130950.48860623833,-545848.5519469301,299.8576585688056,520.3953654581676,1.0033649631677077,525
450000,1799.9999999850832,-677041.2682140116,131002.62965546403,-546038.6385585475,299.97705402202274,520.3953654581676,1.0033649631677077,524
451000,1803.9999999849886,-676726.5059422418,131803.98334728135,-544922.5225949604,301.81203794817174,520.3953654581676,1.0033649631677077,524
452000,1807.999999984894,-679537.3396353219,131934.38421146816,-547602.9554238537,302.1106370464003,520.3953654581676,1.0033649631677077,525
453000,1811.9999999847994,-678790.921769686,132791.21285824475,-545999.7089114413,304.07265058717957,520.3953654581676,1.0033649631677077,524
454000,1815.9999999847048,-677124.9870465216,130161.70548787367,-546963.281558648,298.0514594357681,520.3953654581676,1.0033649631677077,524
455000,1819.9999999846102,-676898.9595555519,130880.99748504686,-546017.962070505,299.6985339629063,520.3953654581676,1.0033649631677077,524
456000,1823.9999999845156,-677048.031988793,131143.36541935877,-545904.6665694343,300.29931854419084,520.3953654581676,1.0033649631677077,524
457000,1827.999999984421,-677688.1563166748,131350.2061437487,-546337.9501729261,300.7729538545465,520.3953654581676,1.0033649631677077,524
458000,1831.9999999843265,-678306.2623681482,131870.50867759017,-546435.753690558,301.9643713223671,520.3953654581676,1.0033649631677077,524
459000,1835.9999999842319,-676295.2901693545,131277.6727435143,-545017.6174258402,300.60686287013084,520.3953654581676,1.0033649631677077,524
460000,1839.9999999841373,-676640.3700165781,131239.56579354586,-545400.8042230322,300.5196034722137,520.3953654581676,1.0033649631677077,524
461000,1843.9999999840427,-677748.8931693952,131015.2632523225,-546733.6299170726,300.00598312960835,520.3953654581676,1.0033649631677077,524
462000,1847.999999983948,-676478.8893751693,131301.0152233002,-545177.8741518691,300.66031376907966,520.3953654581676,1.0033649631677077,524
463000,1851.9999999838535,-676601.66175124,131475.97904784582,-545125.6827033942,301.06095559425256,520.3953654581676,1.0033649631677077,524
464000,1855.999999983759,-678194.3319086363,130179.02220183105,-548015.3097068053,298.09111220344107,520.3953654581676,1.0033649631677077,524
465000,1859.9999999836643,-678490.4389936454,131040.34494055249,-547450.0940530929,300.0634165640739,520.3953654581676,1.0033649631677077,524
466000,1863.9999999835698,-675140.2281862102,131611.12509467488,-543529.1030915353,301.3704204736762,520.3953654581676,1.0033649631677077,524
467000,1867.9999999834752,-676789.4243361377,132293.82566897024,-544495.5986671675,302.93370594050134,520.3953654581676,1.0033649631677077,524
468000,1871.9999999833806,-678685.0870335824,131317.28054382466,-547367.8064897577,300.69755899802266,520.3953654581676,1.0033649631677077,524
469000,1875.999999983286,-677875.4874949162,132300.37222125736,-545575.1152736589,302.94869659736264,520.3953654581676,1.0033649631677077,524
470000,1879.9999999831914,-677021.3416945348,130427.803080054,-546593.5386144808,298.6607843935536,520.3953654581676,1.0033649631677077,524
471000,1883.9999999830968,-677125.7736688713,131681.370293524,-545444.4033753473,301.53127180822855,520.3953654581676,1.0033649631677077,524
472000,1887.9999999830022,-678388.5772684775,132384.8933819966,-546003.683886481,303.1422378176249,520.3953654581676,1.0033649631677077,524
473000,1891.9999999829076,-677793.3450270467,131589.39932269236,-546203.9457043544,301.32067160151377,520.3953654581676,1.0033649631677077,524
474000,1895.999999982813,-676713.0007249652,131725.3714755501,-544987.6292494151,301.6320281441311,520.3953654581676,1.0033649631677077,524
475000,1899.9999999827185,-677308.2630513418,130947.70591246884,-546360.5571388729,299.8512866029801,520.3953654581676,1.0033649631677077,523
476000,1903.9999999826239,-678449.0524697159,130382.49927841296,-548066.553191303,298.5570452473394,520.3953654581676,1.0033649631677077,523
477000,1907.9999999825293,-677137.9831330972,131671.96310005893,-545466.0200330382,301.5097306972624,520.3953654581676,1.0033649631677077,524
478000,1911.9999999824347,-678673.7929476476,131738.68187624033,-546935.1110714073,301.66250703449685,520.3953654581676,1.0033649631677077,523
479000,1915.9999999823401,-678328.5126557252,131607.5712157709,-546720.9414399543,301.3622826055527,520.3953654581676,1.0033649631677077,523
480000,1919.9999999822455,-678043.3063841681,131240.8195919292,-546802.4867922389,300.5224744889739,520.3953654581676,1.0033649631677077,523
481000,1923.999999982151,-677141.463403732,131931.8013378642,-545209.6620658678,302.1047226398218,520.3953654581676,1.0033649631677077,523
482000,1927.9999999820564,-676193.0975397425,131929.6548961104,-544263.4426436321,302.09980759898923,520.3953654581676,1.0033649631677077,523
483000,1931.9999999819618,-678538.2252753046,131074.79935466405,-547463.4259206406,300.1423121837299,520.3953654581676,1.0033649631677077,523
484000,1935.9999999818672,-679222.8367919596,131772.41064278327,-547450.4261491763,301.73974102628745,520.3953654581676,1.0033649631677077,523
485000,1939.9999999817726,-677381.1561633586,131931.45613007905,-545449.7000332796,302.10393216397654,520.3953654581676,1.0033649631677077,523
486000,1943.999999981678,-677785.1288777944,131858.19559900026,-545926.9332787942,301.93617615520856,520.3953654581676,1.0033649631677077,523
487000,1947.9999999815834,-677122.8097756915,130275.53805949481,-546847.2717161967,298.3121195429466,520.3953654581676,1.0033649631677077,523
488000,1951.9999999814888,-678129.7682866189,131978.80233834882,-546150.96594827,302.2123481256502,520.3953654581676,1.0033649631677077,523
489000,1955.9999999813942,-676826.9688565703,131956.7782685716,-544870.1905879987,302.16191619472846,520.3953654581676,1.0033649631677077,523
490000,1959.9999999812997,-677457.1136734746,131933.567684385,-545523.5459890896,302.1087673176049,520.3953654581676,1.0033649631677077,523
491000,1963.999999981205,-677293.9261727696,132188.26656489616,-545105.6596078735,302.69199087608905,520.3953654581676,1.0033649631677077,523
492000,1967.9999999811105,-677303.56946427,131432.59692192118,-545870.9725423488,300.9616168071892,520.3953654581676,1.0033649631677077,523
493000,1971.999999981016,-678402.0793483723,131562.3901739203,-546839.689174452,301.2588245614842,520.3953654581676,1.0033649631677077,523
494000,1975.9999999809213,-678600.4963588556,131078.38662118348,-547522.1097376721,300.1505265046586,520.3953654581676,1.0033649631677077,523
495000,1979.9999999808267,-678253.9485093863,130800.3991366192,-547453.5493727671,299.513975414853,520.3953654581676,1.0033649631677077,523
496000,1983.9999999807321,-678192.9929223107,131319.70805611694,-546873.2848661938,300.7031176496921,520.3953654581676,1.0033649631677077,523
497000,1987.9999999806375,-677908.4451563731,131875.98350373073,-546032.4616526423,301.9769078815281,520.3953654581676,1.0033649631677077,523
498000,1991.999999980543,-678664.987436716,131884.84513434517,-546780.1423023709,301.9971997325585,520.3953654581676,1.0033649631677077,523
499000,1995.9999999804484,-678673.5577680501,130339.02230298682,-548334.5354650633,298.4574892686509,520.3953654581676,1.0033649631677077,523
500000,1999.9999999803538,-677192.1968268738,131538.4711721401,-545653.7256547337,301.2040535106431,520.3953654581676,1.0033649631677077,523
501000,2003.9999999802592,-678358.6572955744,132086.78862825636,-546271.868667318,302.4596210941885,520.3953654581676,1.0033649631677077,523
502000,2007.9999999801646,-678759.6923673502,132313.28844598238,-546446.4039213678,302.978272881841,520.3953654581676,1.0033649631677077,523
503000,2011.99999998007,-677280.4974087393,131173.3725933896,-546107.1248153497,300.3680306279785,520.3953654581676,1.0033649631677077,523
504000,2015.9999999799754,-676812.8021860346,131047.23824837618,-545765.5639376584,300.07920124090714,520.3953654581676,1.0033649631677077,523
505000,2019.9999999798808,-678456.7144615445,131287.13152174343,-547169.582939801,300.6285221027377,520.3953654581676,1.0033649631677077,522
506000,2023.9999999797863,-677245.9519939618,131477.2426433328,-545768.709350629,301.0638490449616,520.3953654581676,1.0033649631677077,523
507000,2027.9999999796917,-677579.3274297263,132066.2545362811,-545513.0728934451,302.4126009966992,520.3953654581676,1.0033649631677077,523
508000,2031.999999979597,-678165.6418374437,131762.78774167632,-546402.8540957674,301.7177059760537,520.3953654581676,1.0033649631677077,522
509000,2035.9999999795025,-678362.1343028178,131470.5232701192,-546891.6110326985,301.04846265320145,520.3953654581676,1.0033649631677077,523
510000,2039.999999979408,-677682.9109341237,131472.92539976948,-546209.9855343542,301.0539631822959,520.3953654581676,1.0033649631677077,522
511000,2043.9999999793133,-678209.4158179099,130469.01586699544,-547740.3999509144,298.7551557084444,520.3953654581676,1.0033649631677077,522
512000,2047.9999999792187,-678439.7821604726,131908.53212010558,-546531.250040367,302.0514395003079,520.3953654581676,1.0033649631677077,523
513000,2051.9999999791244,-676793.0587532884,131817.58149495782,-544975.4772583306,301.84317573747313,520.3953654581676,1.0033649631677077,522
514000,2055.99999997903,-677045.5569102252,132075.88950831402,-544969.6674019112,302.4346636876056,520.3953654581676,1.0033649631677077,522
515000,2059.999999978935,-677326.4256329802,130945.96932834682,-546380.4563046334,299.84731007678096,520.3953654581676,1.0033649631677077,522
516000,2063.9999999788406,-678949.9229449895,131063.06984382891,-547886.8531011606,300.115453302235,520.3953654581676,1.0033649631677077,522
517000,2067.999999978746,-676717.9042393845,131939.67718285503,-544778.2270565294,302.1227571845061,520.3953654581676,1.0033649631677077,522
518000,2071.9999999786514,-677569.0966618368,132033.02095406357,-545536.0757077732,302.33650090531603,520.3953654581676,1.0033649631677077,522
519000,2075.999999978557,-677662.3268624232,130960.9397736468,-546701.3870887764,299.8815902289451,520.3953654581676,1.0033649631677077,522
520000,2079.9999999784623,-676938.3350624791,131343.75822245583,-545594.5768400233,300.7581890483812,520.3953654581676,1.0033649631677077,522
521000,2083.9999999783677,-677984.6478002211,131804.150581831,-546180.4972183901,301.8124208910765,520.3953654581676,1.0033649631677077,522
522000,2087.999999978273,-677911.6509894859,130869.15898681687,-547042.492002669,299.6714255160574,520.3953654581676,1.0033649631677077,522
523000,2091.9999999781785,-679665.2441162243,131380.91342588916,-548284.3306903352,300.8432690845365,520.3953654581676,1.0033649631677077,522
524000,2095.999999978084,-678490.5017743651,131524.34696126764,-546966.1548130974,301.1717111127916,520.3953654581676,1.0033649631677077,522
525000,2099.9999999779893,-677582.3124860353,131558.33220325864,-546023.9802827766,301.2495323962231,520.3953654581676,1.0033649631677077,522
526000,2103.9999999778947,-677300.4212385206,131495.54692401824,-545804.8743145023,301.1057631974519,520.3953654581676,1.0033649631677077,522
527000,2107.9999999778,-677362.2170634563,131346.45844901155,-546015.7586144448,300.76437217622765,520.3953654581676,1.0033649631677077,522
528000,2111.9999999777056,-677504.7199682654,131485.2739384413,-546019.4460298241,301.08223954790776,520.3953654581676,1.0033649631677077,522
529000,2115.999999977611,-676190.2588295927,132128.44374959604,-544061.8150799967,302.5550052908056,520.3953654581676,1.0033649631677077,522
530000,2119.9999999775164,-677200.6447174605,130603.94202008937,-546596.7026973711,299.06411706305295,520.3953654581676,1.0033649631677077,522
531000,2123.999999977422,-675975.4647894027,131563.10206371796,-544412.3627256847,301.26045468604616,520.3953654581676,1.0033649631677077,522
532000,2127.999999977327,-678124.1290664836,131615.5959889436,-546508.53307754,301.3806581742101,520.3953654581676,1.0033649631677077,522
533000,2131.9999999772326,-679941.2526497878,131769.94549908867,-548171.3071506992,301.7340962041553,520.3953654581676,1.0033649631677077,522
534000,2135.999999977138,-677719.404367906,131034.1761186363,-546685.2282492698,300.0492908550704,520.3953654581676,1.0033649631677077,522
535000,2139.9999999770434,-678625.0345555712,130944.37935037632,-547680.6552051948,299.84366925744166,520.3953654581676,1.0033649631677077,522
536000,2143.999999976949,-678983.9190221708,132343.7438667009,-546640.1751554699,303.0480113856418,520.3953654581676,1.0033649631677077,522
537000,2147.9999999768543,-678093.1244160794,131348.16843786728,-546744.9559782121,300.76828780311774,520.3953654581676,1.0033649631677077,522
538000,2151.9999999767597,-678905.7375050313,130227.31928340314,-548678.4182216282,298.2017055273,520.3953654581676,1.0033649631677077,522
539000,2155.999999976665,-677965.3922683438,131282.14913670422,-546683.2431316397,300.61711316239814,520.3953654581676,1.0033649631677077,522
540000,2159.9999999765705,-677315.4323788919,132138.2379466499,-545177.194432242,302.5774325839557,520.3953654581676,1.0033649631677077,522
541000,2163.999999976476,-676940.7400350794,131530.37625815265,-545410.3637769268,301.1855173296756,520.3953654581676,1.0033649631677077,522
542000,2167.9999999763813,-677875.9659150168,132037.55892553704,-545838.4069894798,302.34689220293683,520.3953654581676,1.0033649631677077,522
543000,2171.9999999762867,-677362.779143319,131715.11615989078,-545647.6629834282,301.6085449561398,520.3953654581676,1.0033649631677077,522
544000,2175.999999976192,-675800.7232191074,131082.18157491193,-544718.5416441954,300.1592163992249,520.3953654581676,1.0033649631677077,522
545000,2179.9999999760976,-676451.7952450137,131973.9767436427,-544477.818501371,302.2012982124717,520.3953654581676,1.0033649631677077,521
546000,2183.999999976003,-677517.3554532547,131796.83752616798,-545720.5179270867,301.79567505246655,520.3953654581676,1.0033649631677077,521
547000,2187.9999999759084,-678900.2343679657,132213.6326668585,-546686.6017011072,302.75007557682136,520.3953654581676,1.0033649631677077,522
548000,2191.999999975814,-678440.518395768,130603.51587661228,-547837.0025191557,299.06314125619184,520.3953654581676,1.0033649631677077,521
549000,2195.999999975719,-678236.9479356431,130254.36460317645,-547982.5833324667,298.26363539368526,520.3953654581676,1.0033649631677077,521
550000,2199.9999999756246,-677374.9720697151,131080.13570933937,-546294.8363603757,300.15453166328496,520.3953654581676,1.0033649631677077,521
551000,2203.99999997553,-677238.4379232959,132060.90807739017,-545177.5298459057,302.4003583799535,520.3953654581676,1.0033649631677077,521
552000,2207.9999999754355,-677187.4602050176,131544.55281020602,-545642.9073948115,301.21797958125285,520.3953654581676,1.0033649631677077,521
553000,2211.999999975341,-678162.311044639,130807.96098165784,-547354.3500629811,299.5312909451109,520.3953654581676,1.0033649631677077,521
554000,2215.9999999752463,-678357.9570083995,131553.4750449671,-546804.4819634324,301.23841020700416,520.3953654581676,1.0033649631677077,521
555000,2219.9999999751517,-677363.8663768652,130825.89839721151,-546537.9679796537,299.5723650295679,520.3953654581676,1.0033649631677077,521
556000,2223.999999975057,-678152.7924721716,132046.14114147628,-546106.6513306953,302.3665442348174,520.3953654581676,1.0033649631677077,521
557000,2227.9999999749625,-677960.4853831241,131795.82006847335,-546164.6653146507,301.7933452216637,520.3953654581676,1.0033649631677077,521
558000,2231.999999974868,-678715.1853235802,131951.5008031549,-546763.6845204253,302.1498315630492,520.3953654581676,1.0033649631677077,521
559000,2235.9999999747733,-677063.6378934826,130699.89365232951,-546363.7442411531,299.28383240803277,520.3953654581676,1.0033649631677077,521
560000,2239.9999999746788,-679903.3302853843,130891.03273689374,-549012.2975484906,299.72151323663013,520.3953654581676,1.0033649631677077,521
561000,2243.999999974584,-678693.2538675172,131318.69740186445,-547374.5564656528,300.7008033977867,520.3953654581676,1.0033649631677077,521
562000,2247.9999999744896,-677692.7626504949,131314.68386860995,-546378.078781885,300.6916129877539,520.3953654581676,1.0033649631677077,521
563000,2251.999999974395,-677567.559340159,130617.91553873921,-546949.6438014198,299.0961143975334,520.3953654581676,1.0033649631677077,521
564000,2255.9999999743004,-678182.0597130689,131282.3940245167,-546899.6656885522,300.61767392003134,520.3953654581676,1.0033649631677077,521
565000,2259.999999974206,-677345.469763,132299.91590660496,-545045.5538563951,302.94765170287855,520.3953654581676,1.0033649631677077,521
566000,2263.9999999741112,-678116.5986849703,131883.94752348683,-546232.6511614835,301.9951443336581,520.3953654581676,1.0033649631677077,521
567000,2267.9999999740166,-678698.4542805571,132119.83547450008,-546578.618806057,302.5352935872292,520.3953654581676,1.0033649631677077,521
568000,2271.999999973922,-678465.5159372268,131472.16233563132,-546993.3536015955,301.0522158759037,520.3953654581676,1.0033649631677077,521
569000,2275.9999999738275,-677611.4276734395,132051.81719597685,-545559.6104774626,302.379541577787,520.3953654581676,1.0033649631677077,521
570000,2279.999999973733,-678899.3636661605,131121.18777925498,-547778.1758869055,300.2485349594567,520.3953654581676,1.0033649631677077,521
571000,2283.9999999736383,-678836.8326990837,131794.10402265147,-547042.7286764323,301.7894157251981,520.3953654581676,1.0033649631677077,521
572000,2287.9999999735437,-677295.3496108255,130730.05737392898,-546565.2922368966,299.352902963086,520.3953654581676,1.0033649631677077,521
573000,2291.999999973449,-677107.3262262121,130590.06600300007,-546517.260223212,299.0323429930289,520.3953654581676,1.0033649631677077,521
574000,2295.9999999733545,-678133.9788111066,132500.08669413452,-545633.8921169721,303.406013823565,520.3953654581676,1.0033649631677077,521
575000,2299.99999997326,-678176.5267119426,131340.15569493652,-546836.3710170061,300.74993978197244,520.3953654581676,1.0033649631677077,521
576000,2303.9999999731654,-677788.6703947703,130919.58170457702,-546869.0886901934,299.7868862390158,520.3953654581676,1.0033649631677077,521
577000,2307.9999999730708,-677098.2701887186,131175.9584952182,-545922.3116935004,300.37395196875286,520.3953654581676,1.0033649631677077,521
578000,2311.999999972976,-677519.2340954798,132476.88362621795,-545042.3504692619,303.3528821576115,520.3953654581676,1.0033649631677077,521
579000,2315.9999999728816,-676468.7279171422,131191.86555903548,-545276.8623581068,300.4103768417085,520.3953654581676,1.0033649631677077,521
580000,2319.999999972787,-677769.6200613584,131374.0563136302,-546395.5637477282,300.8275672903057,520.3953654581676,1.0033649631677077,521
581000,2323.9999999726924,-678072.082395664,131713.4112405546,-546358.6711551093,301.60464093771543,520.3953654581676,1.0033649631677077,521
582000,2327.999999972598,-678287.8248375347,131944.14777956117,-546343.6770579736,302.13299420366485,520.3953654581676,1.0033649631677077,521
583000,2331.9999999725032,-676905.0573719828,131321.62508204207,-545583.4322899408,300.7075073614942,520.3953654581676,1.0033649631677077,521
584000,2335.9999999724087,-678590.6975485142,131301.07484686153,-547289.6227016527,300.66045029840217,520.3953654581676,1.0033649631677077,521
585000,2339.999999972314,-677842.7159461416,130627.57641764183,-547215.1395284998,299.1182364114204,520.3953654581676,1.0033649631677077,520
586000,2343.9999999722195,-677658.1152543835,131364.28678970458,-546293.828464679,300.80519649504674,520.3953654581676,1.0033649631677077,521
587000,2347.999999972125,-678006.9467475326,132530.98695609753,-545475.959791435,303.47677094940707,520.3953654581676,1.0033649631677077,521
588000,2351.9999999720303,-676468.415042019,130889.90817181213,-545578.5068702069,299.71893814541914,520.3953654581676,1.0033649631677077,520
589000,2355.9999999719357,-677453.3997628563,131339.60480279737,-546113.794960059,300.7486783187376,520.3953654581676,1.0033649631677077,521
590000,2359.999999971841,-677540.7712183692,131618.4611545154,-545922.3100638539,301.38721898852185,520.3953654581676,1.0033649631677077,520
591000,2363.9999999717465,-679047.1829626136,131638.71164446895,-547408.4713181447,301.4335896784442,520.3953654581676,1.0033649631677077,520
592000,2367.999999971652,-677298.9246768253,130801.3776776914,-546497.5469991339,299.5162161322253,520.3953654581676,1.0033649631677077,520
593000,2371.9999999715574,-677141.8468244886,132182.56059294046,-544959.2862315482,302.67892502647896,520.3953654581676,1.0033649631677077,520
594000,2375.999999971463,-676506.0669583571,131427.17526713246,-545078.8916912246,300.9492020027252,520.3953654581676,1.0033649631677077,520
595000,2379.999999971368,-677181.676816429,132065.5577082674,-545116.1191081617,302.41100536144165,520.3953654581676,1.0033649631677077,520
596000,2383.9999999712736,-677120.9664005036,132129.88917225588,-544991.0772282478,302.5583150994137,520.3953654581676,1.0033649631677077,520
597000,2387.999999971179,-676144.1623289557,131660.37809757475,-544483.784231381,301.48320271896773,520.3953654581676,1.0033649631677077,520
598000,2391.9999999710844,-677534.9411682272,131652.5808304435,-545882.3603377837,301.46534810620454,520.3953654581676,1.0033649631677077,520
599000,2395.99999997099,-678756.8887387048,131580.42093739926,-547176.4678013056,301.3001123991743,520.3953654581676,1.0033649631677077,520
600000,2399.9999999708953,-676958.079255905,131291.12891359802,-545666.950342307,300.63767555130175,520.3953654581676,1.0033649631677077,520
601000,2403.9999999708007,-676637.2517344211,132334.6447680133,-544302.6069664079,303.02717576710694,520.3953654581676,1.0033649631677077,520
602000,2407.999999970706,-677288.5473881112,130931.0390015479,-546357.5083865633,299.81312179017556,520.3953654581676,1.0033649631677077,520
603000,2411.9999999706115,-677746.7077449718,131800.2863022884,-545946.4214426834,301.8035722504336,520.3953654581676,1.0033649631677077,520
604000,2415.999999970517,-676944.2453182302,131125.41062244744,-545818.8346957827,300.25820465894145,520.3953654581676,1.0033649631677077,520
605000,2419.9999999704223,-678010.4124958958,130520.52701257108,-547489.8854833246,298.87310877350666,520.3953654581676,1.0033649631677077,520
606000,2423.9999999703277,-678197.5988260354,131094.5300781979,-547103.0687478376,300.1874926838082,520.3953654581676,1.0033649631677077,520
607000,2427.999999970233,-677981.2048914167,131113.9136586032,-546867.2912328135,300.23187827638515,520.3953654581676,1.0033649631677077,520
608000,2431.9999999701386,-678091.2424043058,132189.05834890937,-545902.1840553965,302.6938039468368,520.3953654581676,1.0033649631677077,520
609000,2435.999999970044,-677760.238924494,131960.83631292952,-545799.4026115645,302.1712085287433,520.3953654581676,1.0033649631677077,520
610000,2439.9999999699494,-676447.9683241113,132050.68735117494,-544397.2809729364,302.376954396781,520.3953654581676,1.0033649631677077,520
611000,2443.999999969855,-676938.1754326164,132331.96068878367,-544606.2147438327,303.02102961429927,520.3953654581676,1.0033649631677077,520
612000,2447.99999996976,-677792.3663066132,131738.1889595918,-546054.1773470214,301.6613783267412,520.3953654581676,1.0033649631677077,520
613000,2451.9999999696656,-676761.3449852872,131042.56767711719,-545718.77730817,300.06850630897674,520.3953654581676,1.0033649631677077,520
614000,2455.999999969571,-677087.9253049293,131848.98035803187,-545238.9449468974,301.915074587667,520.3953654581676,1.0033649631677077,520
615000,2459.9999999694764,-679329.8789592222,131224.01507940417,-548105.863879818,300.4839945884193,520.3953654581676,1.0033649631677077,520
616000,2463.999999969382,-676812.4608899639,130856.525362082,-545955.9355278818,299.64249634463886,520.3953654581676,1.0033649631677077,520
617000,2467.9999999692873,-678199.3130791462,130374.69067255768,-547824.6224065885,298.53916467054,520.3953654581676,1.0033649631677077,520
618000,2471.9999999691927,-677989.054836724,130995.32771147136,-546993.7271252526,299.960333627529,520.3953654581676,1.0033649631677077,520
619000,2475.999999969098,-677662.1735255504,130202.83438332455,-547459.3391422259,298.14563865129213,520.3953654581676,1.0033649631677077,520
620000,2479.9999999690035,-679031.6319791754,131693.60511758178,-547338.0268615936,301.559287783839,520.3953654581676,1.0033649631677077,520
621000,2483.999999968909,-678022.2882523937,131882.77673251892,-546139.5115198748,301.9924633918606,520.3953654581676,1.0033649631677077,520
622000,2487.9999999688143,-676646.8861617986,131436.19943249112,-545210.6867293075,300.9698660347864,520.3953654581676,1.0033649631677077,520
623000,2491.9999999687197,-677220.4788745902,132532.6721785781,-544687.8066960122,303.48062986488395,520.3953654581676,1.0033649631677077,520
624000,2495.999999968625,-679048.4021608564,131469.54175994598,-547578.8604009105,301.0462151370177,520.3953654581676,1.0033649631677077,520
625000,2499.9999999685306,-677985.8903640523,130478.19216641539,-547507.6981976369,298.7761681054784,520.3953654581676,1.0033649631677077,520
626000,2503.999999968436,-676644.3446771996,131061.01147255057,-545583.333204649,300.1107399300395,520.3953654581676,1.0033649631677077,520
627000,2507.9999999683414,-678330.3853094894,131959.49597648153,-546370.8893330079,302.16813935234495,520.3953654581676,1.0033649631677077,520
628000,2511.999999968247,-678786.9699726244,131215.90774693707,-547571.0622256873,300.4654299709314,520.3953654581676,1.0033649631677077,520
629000,2515.999999968152,-677122.6702755704,130900.65961787742,-546222.0106576929,299.7435574002053,520.3953654581676,1.0033649631677077,520
630000,2519.9999999680576,-677930.3119502994,130753.8810225213,-547176.4309277781,299.40745566893304,520.3953654581676,1.0033649631677077,520
631000,2523.999999967963,-677420.1715945513,131499.87148369369,-545920.3001108576,301.11566581295506,520.3953654581676,1.0033649631677077,520
632000,2527.9999999678685,-678475.8378219055,131462.8239548374,-547013.0138670681,301.030832335991,520.3953654581676,1.0033649631677077,520
633000,2531.999999967774,-678320.9322347147,131781.53418171406,-546539.3980530007,301.76063260944045,520.3953654581676,1.0033649631677077,519
634000,2535.9999999676793,-677025.0512338285,131008.86197025154,-546016.189263577,299.9913251205084,520.3953654581676,1.0033649631677077,520
635000,2539.9999999675847,-676670.2843278116,131267.5882090556,-545402.696118756,300.58377074636155,520.3953654581676,1.0033649631677077,519
636000,2543.99999996749,-677285.3141108896,132214.95890442745,-545070.3552064621,302.7531124688282,520.3953654581676,1.0033649631677077,519
637000,2547.9999999673955,-677264.5218387134,131806.9573245973,-545457.5645141162,301.81884792562266,520.3953654581676,1.0033649631677077,520
638000,2551.999999967301,-677395.9893084974,131639.2927504853,-545756.6965580122,301.43492032708326,520.3953654581676,1.0033649631677077,519
639000,2555.9999999672063,-677653.4838151135,131887.84848286142,-545765.6353322521,302.00407696580544,520.3953654581676,1.0033649631677077,519
640000,2559.9999999671118,-676767.2581501459,131446.7156008984,-545320.5425492475,300.99394653780155,520.3953654581676,1.0033649631677077,519
641000,2563.999999967017,-677949.2777835615,131001.4204963335,-546947.857287228,299.97428522268814,520.3953654581676,1.0033649631677077,519
642000,2567.9999999669226,-678420.5913929082,131167.68022586254,-547252.9111670457,300.3549959305402,520.3953654581676,1.0033649631677077,519
643000,2571.999999966828,-678107.7263533603,131395.3447834599,-546712.3815699004,300.87631480385517,520.3953654581676,1.0033649631677077,519
644000,2575.9999999667334,-676996.7205316182,131741.571335927,-545255.1491956912,301.6691234788141,520.3953654581676,1.0033649631677077,519
645000,2579.999999966639,-677797.2338458025,131046.24216896693,-546750.9916768356,300.07692036328245,520.3953654581676,1.0033649631677077,519
646000,2583.9999999665442,-677283.5415274091,130622.54752852279,-546660.9939988863,299.10672098347135,520.3953654581676,1.0033649631677077,519
647000,2587.9999999664496,-677734.7309653852,131298.5560930716,-546436.1748723136,300.6546827169139,520.3953654581676,1.0033649631677077,519
648000,2591.999999966355,-676573.3495846819,131064.02028440978,-545509.3293002722,300.11762967355077,520.3953654581676,1.0033649631677077,519
649000,2595.9999999662605,-678036.7983028688,132068.67609610083,-545968.122206768,302.4181460180684,520.3953654581676,1.0033649631677077,519
650000,2599.999999966166,-676768.341973504,131294.83845086463,-545473.5035226394,300.6461698545379,520.3953654581676,1.0033649631677077,519
651000,2603.9999999660713,-676800.5270443563,132700.78257835284,-544099.7444660035,303.8655783396399,520.3953654581676,1.0033649631677077,519
652000,2607.9999999659767,-676293.1605217718,130670.44470508245,-545622.7158166893,299.2163985827541,520.3953654581676,1.0033649631677077,519
653000,2611.999999965882,-678293.8042737725,131601.5359346232,-546692.2683391493,301.3484626855737,520.3953654581676,1.0033649631677077,519
654000,2615.9999999657875,-677052.4526750199,131421.6190234956,-545630.8336515243,300.9364790092861,520.3953654581676,1.0033649631677077,519
655000,2619.999999965693,-677126.1532324171,131545.8824315928,-545580.2708008243,301.22102422171247,520.3953654581676,1.0033649631677077,519
656000,2623.9999999655984,-677509.5709337592,131275.65549682447,-546233.9154369347,300.6022436672886,520.3953654581676,1.0033649631677077,519
657000,2627.999999965504,-676944.5539288116,131768.7477838893,-545175.8061449223,301.7313536097661,520.3953654581676,1.0033649631677077,519
658000,2631.999999965409,-677122.9050782202,130470.70430576068,-546652.2007724595,298.75902198874746,520.3953654581676,1.0033649631677077,519
659000,2635.9999999653146,-678766.8395393323,131705.65882441506,-547061.1807149173,301.5868890272293,520.3953654581676,1.0033649631677077,519
660000,2639.99999996522,-678503.0214178972,131720.24977436604,-546782.7716435312,301.6203001899914,520.3953654581676,1.0033649631677077,519
661000,2643.9999999651254,-677432.6407066393,131166.00177728938,-546266.6389293498,300.3511525263305,520.3953654581676,1.0033649631677077,519
662000,2647.999999965031,-678604.6228630403,130311.08314568864,-548293.5397173517,298.3935126437525,520.3953654581676,1.0033649631677077,519
663000,2651.9999999649363,-677226.1650321488,130377.01959975786,-546849.145432391,298.54449757662263,520.3953654581676,1.0033649631677077,519
664000,2655.9999999648417,-677945.06783687,131593.95069278002,-546351.1171440899,301.33109358002105,520.3953654581676,1.0033649631677077,519
665000,2659.999999964747,-676388.3399594682,131696.17949095322,-544692.160468515,301.5651827261157,520.3953654581676,1.0033649631677077,519
666000,2663.9999999646525,-677188.9448157162,131900.43823597804,-545288.5065797382,302.0329056775704,520.3953654581676,1.0033649631677077,519
667000,2667.999999964558,-676669.9080583388,131130.7549230468,-545539.153135292,300.27044233351194,520.3953654581676,1.0033649631677077,519
668000,2671.9999999644633,-677133.5777604016,131823.75376561703,-545309.8239947846,301.85730934359884,520.3953654581676,1.0033649631677077,519
669000,2675.9999999643687,-677899.6321945516,131393.37859433895,-546506.2536002127,300.87181251545303,520.3953654581676,1.0033649631677077,519
670000,2679.999999964274,-677033.2703802986,131998.90898589595,-545034.3613944027,302.2583894372888,520.3953654581676,1.0033649631677077,519
671000,2683.9999999641796,-677742.379143965,131596.21763894282,-546146.1615050221,301.33628455850237,520.3953654581676,1.0033649631677077,519
672000,2687.999999964085,-676746.8648610162,132296.8623187989,-544450.0025422173,302.940659428932,520.3953654581676,1.0033649631677077,519
673000,2691.9999999639904,-677557.4012656109,132728.64822406857,-544828.7530415424,303.9293866336582,520.3953654581676,1.0033649631677077,519
674000,2695.999999963896,-676845.5731835659,130894.153864044,-545951.4193195219,299.7286601658958,520.3953654581676,1.0033649631677077,519
675000,2699.999999963801,-677918.3200070993,131487.18599412206,-546431.1340129772,301.0866178785699,520.3953654581676,1.0033649631677077,519
676000,2703.9999999637066,-677675.6534949718,131813.74561084958,-545861.9078841222,301.8343921182635,520.3953654581676,1.0033649631677077,519
677000,2707.999999963612,-678894.0667470563,130576.39509081385,-548317.6716562425,299.0010385835358,520.3953654581676,1.0033649631677077,519
678000,2711.9999999635174,-678115.5098670674,131257.8146017128,-546857.6952653546,300.5613906006685,520.3953654581676,1.0033649631677077,519
679000,2715.999999963423,-678729.740212231,131048.01076176134,-547681.7294504696,300.08097018470687,520.3953654581676,1.0033649631677077,519
680000,2719.9999999633283,-677487.4207216613,131814.54068801168,-545672.8800336496,301.8362127298454,520.3953654581676,1.0033649631677077,519
681000,2723.9999999632337,-676607.2871479839,131045.9176526228,-545561.3694953611,300.07617726784116,520.3953654581676,1.0033649631677077,519
682000,2727.999999963139,-678190.481028283,131556.2661049791,-546634.2149233039,301.2448013303136,520.3953654581676,1.0033649631677077,519
683000,2731.9999999630445,-677713.9796878598,130473.9441585945,-547240.0355292653,298.7664407826382,520.3953654581676,1.0033649631677077,519
684000,2735.99999996295,-677916.6343472325,131015.86388684792,-546900.7704603847,300.0073584957056,520.3953654581676,1.0033649631677077,519
685000,2739.9999999628553,-677835.7893263269,131015.30439916742,-546820.4849271595,300.0060773499256,520.3953654581676,1.0033649631677077,519
686000,2743.9999999627607,-678038.3813110893,130913.27882149338,-547125.1024895959,299.7724535493496,520.3953654581676,1.0033649631677077,519
687000,2747.999999962666,-676484.034785918,130714.25573435042,-545769.7790515675,299.31671949637274,520.3953654581676,1.0033649631677077,519
688000,2751.9999999625716,-677871.6071751118,131594.01772727224,-546277.5894478395,301.3312470793023,520.3953654581676,1.0033649631677077,519
689000,2755.999999962477,-678034.4533110973,131549.05024608815,-546485.4030650092,301.2282780582385,520.3953654581676,1.0033649631677077,519
690000,2759.9999999623824,-676984.7798507488,132017.34398270695,-544967.4358680418,302.30060291078024,520.3953654581676,1.0033649631677077,518
691000,2763.999999962288,-677514.1521322448,131039.02606085537,-546475.1260713894,300.0603965205283,520.3953654581676,1.0033649631677077,518
692000,2767.999999962193,-678290.3342626095,131874.8163065748,-546415.5179560347,301.97423516903973,520.3953654581676,1.0033649631677077,519
693000,2771.9999999620986,-677404.6771693635,131872.17043469351,-545532.5067346699,301.9681765055277,520.3953654581676,1.0033649631677077,518
694000,2775.999999962004,-677475.4628540939,132055.93635924684,-545419.526494847,302.38897386526105,520.3953654581676,1.0033649631677077,518
695000,2779.9999999619095,-677818.801395922,131114.3702105001,-546704.4311854219,300.2329237141248,520.3953654581676,1.0033649631677077,518
696000,2783.999999961815,-678291.3353543603,132327.6231322736,-545963.7122220867,303.0110972379266,520.3953654581676,1.0033649631677077,518
697000,2787.9999999617203,-677276.3640153739,132054.5261364614,-545221.8378789125,302.38574465926877,520.3953654581676,1.0033649631677077,518
698000,2791.9999999616257,-677452.188201292,132844.56795191986,-544607.6202493721,304.19482602640414,520.3953654581676,1.0033649631677077,518
699000,2795.999999961531,-677731.0688811713,131994.6837497356,-545736.3851314357,302.2487142582541,520.3953654581676,1.0033649631677077,518
700000,2799.9999999614365,-677317.7830903241,131944.95383856347,-545372.8292517606,302.13483996207077,520.3953654581676,1.0033649631677077,518
701000,2803.999999961342,-677382.6669978974,132114.23925289197,-545268.4277450055,302.52247905002434,520.3953654581676,1.0033649631677077,518
702000,2807.9999999612473,-677430.3796626288,130943.36457150959,-546487.0150911191,299.8413455607668,520.3953654581676,1.0033649631677077,518
703000,2811.9999999611528,-677587.8016800811,131057.47287145245,-546530.3288086286,300.1026370458793,520.3953654581676,1.0033649631677077,518
704000,2815.999999961058,-677044.2467498207,132079.8587288517,-544964.388020969,302.44375262793295,520.3953654581676,1.0033649631677077,518
705000,2819.9999999609636,-676721.7178142057,131497.39708092503,-545224.3207332806,301.10999978888395,520.3953654581676,1.0033649631677077,518
706000,2823.999999960869,-677591.7552366238,130860.73329619877,-546731.021940425,299.6521319044989,520.3953654581676,1.0033649631677077,518
707000,2827.9999999607744,-677693.8036470436,131360.88313631754,-546332.920510726,300.7974026216059,520.3953654581676,1.0033649631677077,518
708000,2831.99999996068,-678722.9651128459,131915.26716727554,-546807.6979455703,302.0668617831587,520.3953654581676,1.0033649631677077,518
709000,2835.9999999605852,-676965.9303961988,131081.9000671679,-545884.0303290308,300.15857178725065,520.3953654581676,1.0033649631677077,518
710000,2839.9999999604906,-677120.4367880551,131796.07820423646,-545324.3585838187,301.7939363151857,520.3953654581676,1.0033649631677077,518
711000,2843.999999960396,-678398.8001058758,131830.31800487096,-546568.4821010048,301.8723405010532,520.3953654581676,1.0033649631677077,518
712000,2847.9999999603015,-679535.0854366487,130403.44960909057,-549131.6358275581,298.60501847118985,520.3953654581676,1.0033649631677077,518
713000,2851.999999960207,-677828.5915483092,131629.405846398,-546199.1857019112,301.41228074824954,520.3953654581676,1.0033649631677077,518
714000,2855.9999999601123,-678953.0698363632,131672.005726274,-547281.0641100892,301.509828305123,520.3953654581676,1.0033649631677077,518
715000,2859.9999999600177,-677435.458792917,131311.06408166187,-546124.3947112551,300.68332419975224,520.3953654581676,1.0033649631677077,518
716000,2863.999999959923,-679161.4365329421,130723.38021245715,-548438.056320485,299.3376132301027,520.3953654581676,1.0033649631677077,518
717000,2867.9999999598285,-677526.7032198929,131425.315875025,-546101.3873448679,300.94494426402076,520.3953654581676,1.0033649631677077,518
718000,2871.999999959734,-677033.7006377107,132143.38099873113,-544890.3196389796,302.58920942855855,520.3953654581676,1.0033649631677077,518
719000,2875.9999999596394,-678063.7147248187,131023.64807173202,-547040.0666530867,300.025183152017,520.3953654581676,1.0033649631677077,518
720000,2879.9999999595448,-678114.0131315514,132126.58157718985,-545987.4315543616,302.5507411856196,520.3953654581676,1.0033649631677077,518
721000,2883.99999995945,-676693.8077780106,130839.13683941506,-545854.6709385955,299.60267914541816,520.3953654581676,1.0033649631677077,518
722000,2887.9999999593556,-678587.6299906471,130876.5606101004,-547711.0693805467,299.68837416169464,520.3953654581676,1.0033649631677077,518
723000,2891.999999959261,-676906.9032663736,130950.18522654986,-545956.7180398237,299.85696387324543,520.3953654581676,1.0033649631677077,518
724000,2895.9999999591664,-676905.343325729,131889.07084705232,-545016.2724786766,302.00687600281634,520.3953654581676,1.0033649631677077,518
725000,2899.999999959072,-677268.682208397,132535.3783255667,-544733.3038828303,303.48682654966444,520.3953654581676,1.0033649631677077,518
726000,2903.9999999589772,-678072.3211614029,132154.9496269203,-545917.3715344826,302.6156999120885,520.3953654581676,1.0033649631677077,518
727000,2907.9999999588827,-676604.7480555177,132116.94015684992,-544487.8078986678,302.5286637290237,520.3953654581676,1.0033649631677077,518
728000,2911.999999958788,-677651.8204898974,131739.9395631151,-545911.8809267823,301.66538695533944,520.3953654581676,1.0033649631677077,518
729000,2915.9999999586935,-678195.6800339553,131556.58927226148,-546639.0907616938,301.2455413365988,520.3953654581676,1.0033649631677077,518
730000,2919.999999958599,-677720.621459377,131325.13959123575,-546395.4818681412,300.71555507868146,520.3953654581676,1.0033649631677077,518
731000,2923.9999999585043,-678268.8186080134,131739.37612321926,-546529.4424847942,301.6640967595585,520.3953654581676,1.0033649631677077,518
732000,2927.9999999584097,-678126.2194137843,130478.74657065043,-547647.4728431338,298.77743761090437,520.3953654581676,1.0033649631677077,518
733000,2931.999999958315,-677119.7523040012,131594.15289583604,-545525.5994081652,301.3315565957423,520.3953654581676,1.0033649631677077,518
734000,2935.9999999582205,-677119.1007868452,129923.02177395934,-547196.0790128859,297.5049082899525,520.3953654581676,1.0033649631677077,518
735000,2939.999999958126,-677333.2740527322,131555.2303392199,-545778.0437135122,301.2424295766937,520.3953654581676,1.0033649631677077,518
736000,2943.9999999580314,-678589.6243402008,130957.29062971554,-547632.3337104853,299.87323421770253,520.3953654581676,1.0033649631677077,518
737000,2947.999999957937,-677402.224173394,131815.45872267222,-545586.7654507218,301.8383148962956,520.3953654581676,1.0033649631677077,518
738000,2951.999999957842,-677355.6763095101,131748.78987120884,-545606.8864383013,301.68565287943676,520.3953654581676,1.0033649631677077,518
739000,2955.9999999577476,-677401.2353623868,131682.44595850495,-545718.7894038819,301.53373492528925,520.3953654581676,1.0033649631677077,518
740000,2959.999999957653,-678929.111040677,131615.73368630547,-547313.3773543715,301.3809734812316,520.3953654581676,1.0033649631677077,518
741000,2963.9999999575584,-676682.6613198491,131253.2967062858,-545429.3646135633,300.5510452742874,520.3953654581676,1.0033649631677077,518
742000,2967.999999957464,-677838.5862445091,131670.81491984852,-546167.7713246606,301.5071015308257,520.3953654581676,1.0033649631677077,518
743000,2971.9999999573693,-677360.0840221904,131475.84399348323,-545884.2400287072,301.0606463393168,520.3953654581676,1.0033649631677077,518
744000,2975.9999999572747,-677582.4662548276,130718.97713177605,-546863.4891230515,299.32753081286563,520.3953654581676,1.0033649631677077,518
745000,2979.99999995718,-676995.7119425852,131073.78669901064,-545921.9252435745,300.1399933489062,520.3953654581676,1.0033649631677077,518
746000,2983.9999999570855,-676754.4268690064,132507.30040703766,-544247.1264619688,303.42253218163864,520.3953654581676,1.0033649631677077,518
747000,2987.999999956991,-676235.6341467802,131468.67471861816,-544766.9594281621,301.04422973791606,520.3953654581676,1.0033649631677077,518
748000,2991.9999999568963,-676076.1476837411,131869.018881707,-544207.1288020341,301.96095990550236,520.3953654581676,1.0033649631677077,518
749000,2995.9999999568017,-676868.7828478632,132044.38970961864,-544824.3931382445,302.3625337094535,520.3953654581676,1.0033649631677077,518
750000,2999.999999956707,-677896.0161586781,131272.8543382777,-546623.1618204004,300.59582941979664,520.3953654581676,1.0033649631677077,517
751000,3003.9999999566126,-678997.2200106652,130705.65692611947,-548291.5630845458,299.2970294705465,520.3953654581676,1.0033649631677077,518
752000,3007.999999956518,-676501.3737570667,130775.12928551473,-545726.244471552,299.4561111146491,520.3953654581676,1.0033649631677077,518
753000,3011.9999999564234,-677619.9024973791,131852.01065859175,-545767.8918387874,301.9220135371915,520.3953654581676,1.0033649631677077,517
754000,3015.999999956329,-677456.5849712454,130662.97296497133,-546793.612006274,299.19928937973395,520.3953654581676,1.0033649631677077,518
755000,3019.999999956234,-676956.2173923831,131838.93761887704,-545117.2797735061,301.89207816909203,520.3953654581676,1.0033649631677077,517
756000,3023.9999999561396,-678153.0071605118,131052.6096889822,-547100.3974715297,300.09150106216333,520.3953654581676,1.0033649631677077,517
757000,3027.999999956045,-678518.5615704171,130475.06026436528,-548043.5013060519,298.7689965032522,520.3953654581676,1.0033649631677077,518
758000,3031.9999999559504,-677435.4782853276,131312.94787487458,-546122.530410453,300.68763781345467,520.3953654581676,1.0033649631677077,517
759000,3035.999999955856,-678036.0537942895,131236.06784413784,-546799.9859501517,300.5115936745379,520.3953654581676,1.0033649631677077,517
760000,3039.9999999557613,-677867.301529353,131204.0111801985,-546663.2903491545,300.4381885556056,520.3953654581676,1.0033649631677077,517
761000,3043.9999999556667,-677787.6051942604,130708.70118265064,-547078.9040116097,299.30400037722455,520.3953654581676,1.0033649631677077,517
762000,3047.999999955572,-677790.8384117461,132103.42742488655,-545687.4109868596,302.497721529338,520.3953654581676,1.0033649631677077,517
763000,3051.9999999554775,-676583.8809852796,131582.8902825581,-545000.9907027215,301.3057668420511,520.3953654581676,1.0033649631677077,517
764000,3055.999999955383,-676358.9180343947,131852.42541068787,-544506.4926237068,301.9229632594396,520.3953654581676,1.0033649631677077,517
765000,3059.9999999552883,-676907.1252402607,131947.47531184254,-544959.6499284182,302.14061377079537,520.3953654581676,1.0033649631677077,517
766000,3063.9999999551937,-677869.9886501543,131628.88096848084,-546241.1076816735,301.4110788538164,520.3953654581676,1.0033649631677077,517
767000,3067.999999955099,-678881.4715272859,130884.43986739503,-547997.0316598909,299.7064165200606,520.3953654581676,1.0033649631677077,517
768000,3071.9999999550046,-676910.7222273392,130721.10224072362,-546189.6199866156,299.3323970046607,520.3953654581676,1.0033649631677077,517
769000,3075.99999995491,-676889.971699826,131550.8462590082,-545339.1254408178,301.23239066778046,520.3953654581676,1.0033649631677077,517
770000,3079.9999999548154,-676842.2119063055,132388.02514478704,-544454.1867615185,303.1494091009666,520.3953654581676,1.0033649631677077,517
771000,3083.999999954721,-678096.6154078413,131295.54285427852,-546801.0725535627,300.6477828363651,520.3953654581676,1.0033649631677077,517
772000,3087.999999954626,-678180.8733432288,131108.1515927666,-547072.7217504622,300.21868397990966,520.3953654581676,1.0033649631677077,517
773000,3091.9999999545316,-676901.8778143232,131486.01927111344,-545415.8585432097,301.0839462518101,520.3953654581676,1.0033649631677077,517
774000,3095.999999954437,-678811.2534515914,131258.85116461886,-547552.4022869725,300.56376417963924,520.3953654581676,1.0033649631677077,517
775000,3099.9999999543425,-678944.9261734546,132391.89526738622,-546553.0309060684,303.1582711213631,520.3953654581676,1.0033649631677077,517
776000,3103.999999954248,-678430.4762940998,131858.26185011028,-546572.2144439896,301.936327860658,520.3953654581676,1.0033649631677077,517
777000,3107.9999999541533,-677439.5009767665,130983.63808564839,-546455.862891118,299.9335660769369,520.3953654581676,1.0033649631677077,517
778000,3111.9999999540587,-677927.2022596635,132518.75165896537,-545408.4506006981,303.44875389052476,520.3953654581676,1.0033649631677077,517
779000,3115.999999953964,-678191.2510526185,131556.61367011763,-546634.6373825008,301.2455972041568,520.3953654581676,1.0033649631677077,517
780000,3119.9999999538695,-677215.3914385824,131695.91513353097,-545519.4763050515,301.5645773858951,520.3953654581676,1.0033649631677077,517
781000,3123.999999953775,-677427.4276515967,130565.09643801092,-546862.3312135858,298.97516630455056,520.3953654581676,1.0033649631677077,517
782000,3127.9999999536803,-678469.7103824448,132242.99402002234,-546226.7163624224,302.81730882433214,520.3953654581676,1.0033649631677077,517
783000,3131.9999999535858,-678099.983782291,130790.33656602578,-547309.6472162652,299.4909335851551,520.3953654581676,1.0033649631677077,517
784000,3135.999999953491,-677460.640823924,131415.5965940347,-546045.0442298893,300.92268851780904,520.3953654581676,1.0033649631677077,517
785000,3139.9999999533966,-677540.3950334699,131070.82579581754,-546469.5692376524,300.1332133093036,520.3953654581676,1.0033649631677077,517
786000,3143.999999953302,-677271.8806478446,132102.62501248915,-545169.2556353555,302.49588412112934,520.3953654581676,1.0033649631677077,517
787000,3147.9999999532074,-677053.5279917121,132036.03453412076,-545017.4934575914,302.3434015673103,520.3953654581676,1.0033649631677077,517
788000,3151.999999953113,-678467.3133543972,131862.29610093177,-546605.0172534655,301.9455657109195,520.3953654581676,1.0033649631677077,517
789000,3155.9999999530182,-677565.7018210962,132529.93976275,-545035.7620583463,303.47437302826444,520.3953654581676,1.0033649631677077,517
790000,3159.9999999529236,-678216.4702571682,131905.46906914603,-546311.0011880221,302.04442555711006,520.3953654581676,1.0033649631677077,517
791000,3163.999999952829,-676610.0159787699,130554.44673319452,-546055.5692455753,298.95078002249323,520.3953654581676,1.0033649631677077,517
792000,3167.9999999527345,-678715.9353236132,131547.22104175575,-547168.7142818575,301.2240894451681,520.3953654581676,1.0033649631677077,517
793000,3171.99999995264,-676941.7854277748,131175.24980407173,-545766.535623703,300.372329168639,520.3953654581676,1.0033649631677077,517
794000,3175.9999999525453,-677567.1748649101,131615.22553015695,-545951.9493347531,301.3798098772275,520.3953654581676,1.0033649631677077,517
795000,3179.9999999524507,-677069.2494690558,131343.3210754732,-545725.9283935826,300.7571880450856,520.3953654581676,1.0033649631677077,517
796000,3183.999999952356,-678376.1863300814,131902.67662480223,-546473.5097052793,302.0380312638812,520.3953654581676,1.0033649631677077,517
797000,3187.9999999522615,-676783.1348532457,131580.33212723112,-545202.8027260145,301.29990903674803,520.3953654581676,1.0033649631677077,517
798000,3191.999999952167,-676647.374065733,132595.9503749119,-544051.4236908212,303.62552777242945,520.3953654581676,1.0033649631677077,517
799000,3195.9999999520724,-675896.7921487857,131224.9448624734,-544671.8472863123,300.48612365702445,520.3953654581676,1.0033649631677077,517
800000,3199.9999999519778,-677744.3666176186,131700.17234030584,-546044.1942773127,301.574325773008,520.3953654581676,1.0033649631677077,517
801000,3203.999999951883,-678809.7716741404,131713.04492412694,-547096.7267500134,301.60380212613507,520.3953654581676,1.0033649631677077,517
802000,3207.9999999517886,-677082.0033272705,131455.03424389416,-545626.9690833763,301.01299502580434,520.3953654581676,1.0033649631677077,517
803000,3211.999999951694,-678834.6971649011,130319.20373703376,-548515.4934278673,298.4121076221513,520.3953654581676,1.0033649631677077,517
804000,3215.9999999515994,-678258.3955699885,130908.95290879102,-547349.4426611975,299.76254783561075,520.3953654581676,1.0033649631677077,517
805000,3219.999999951505,-677624.7595058265,132218.69012852246,-545406.069377304,302.7616564317613,520.3953654581676,1.0033649631677077,517
806000,3223.9999999514102,-676510.4360269373,131653.0717043947,-544857.3643225427,301.4664721364791,520.3953654581676,1.0033649631677077,517
807000,3227.9999999513157,-677436.7907434418,131118.22804413055,-546318.5626993112,300.2417575945622,520.3953654581676,1.0033649631677077,517
808000,3231.999999951221,-678108.809533352,130296.20434361295,-547812.605189739,298.359442341303,520.3953654581676,1.0033649631677077,517
809000,3235.9999999511265,-676888.0592556763,130959.4935925511,-545928.5656631252,299.87827868362865,520.3953654581676,1.0033649631677077,517
810000,3239.999999951032,-676983.253808157,130975.25149231474,-546008.0023158423,299.91436199249887,520.3953654581676,1.0033649631677077,517
811000,3243.9999999509373,-677679.0996621414,130544.84157066274,-547134.2580914786,298.9287855910283,520.3953654581676,1.0033649631677077,517
812000,3247.9999999508427,-678566.3232467743,130749.15627585075,-547817.1669709235,299.39663668315427,520.3953654581676,1.0033649631677077,517
813000,3251.999999950748,-676980.6696625995,130975.74466794901,-546004.9249946504,299.9154912932944,520.3953654581676,1.0033649631677077,517
814000,3255.9999999506535,-678472.0563723212,131048.93926770467,-547423.1171046165,300.0830963288786,520.3953654581676,1.0033649631677077,517
815000,3259.999999950559,-675490.5276687094,132030.36408418813,-543460.1635845213,302.33041705798985,520.3953654581676,1.0033649631677077,517
816000,3263.9999999504644,-676300.4178068703,132358.40566404187,-543942.0121428284,303.0815847786689,520.3953654581676,1.0033649631677077,517
817000,3267.99999995037,-677977.0854771901,130667.43502514233,-547309.6504520478,299.20950685146323,520.3953654581676,1.0033649631677077,517
818000,3271.999999950275,-678243.3832647814,131304.31548699155,-546939.0677777899,300.66787089508716,520.3953654581676,1.0033649631677077,517
819000,3275.9999999501806,-676640.0561315529,130764.2825175267,-545875.7736140261,299.43127358646154,520.3953654581676,1.0033649631677077,517
820000,3279.999999950086,-678662.6359554366,131441.5583498207,-547221.077605616,300.9821371795527,520.3953654581676,1.0033649631677077,517
821000,3283.9999999499914,-677536.7315275073,131095.9868876607,-546440.7446398466,300.19082856654643,520.3953654581676,1.0033649631677077,517
822000,3287.999999949897,-677798.6237998493,131083.9640168856,-546714.6597829637,300.16329793326463,520.3953654581676,1.0033649631677077,517
823000,3291.9999999498023,-676604.7218671828,130929.01909943478,-545675.7027677479,299.8084965067984,520.3953654581676,1.0033649631677077,517
824000,3295.9999999497077,-677406.1204499071,131018.00742387096,-546388.1130260362,300.01226688512537,520.3953654581676,1.0033649631677077,517
825000,3299.999999949613,-676826.7893515783,130460.03752072918,-546366.7518308491,298.73459659547063,520.3953654581676,1.0033649631677077,516
826000,3303.9999999495185,-676231.7305794391,130978.42642251664,-545253.3041569225,299.9216321229627,520.3953654581676,1.0033649631677077,517
827000,3307.999999949424,-677554.997892057,131437.89115068992,-546117.1067413671,300.97373982451745,520.3953654581676,1.0033649631677077,517
828000,3311.9999999493293,-678961.508206611,131315.09379931015,-547646.4144073009,300.69255166970345,520.3953654581676,1.0033649631677077,516
829000,3315.9999999492347,-679340.9580871449,131109.8937085382,-548231.0643786066,300.2226731727854,520.3953654581676,1.0033649631677077,517
830000,3319.99999994914,-678323.5653611482,130970.63808484469,-547352.9272763035,299.9037979573684,520.3953654581676,1.0033649631677077,516
831000,3323.9999999490456,-676457.7805349249,131335.3231436615,-545122.4573912635,300.7388739392584,520.3953654581676,1.0033649631677077,516
832000,3327.999999948951,-677437.6418581391,132331.41584123118,-545106.226016908,303.0197819922926,520.3953654581676,1.0033649631677077,517
833000,3331.9999999488564,-676962.650560006,131330.2297419853,-545632.4208180207,300.7272107868943,520.3953654581676,1.0033649631677077,516
834000,3335.999999948762,-675422.6086157686,131265.31946259586,-544157.2891531728,300.5785756454609,520.3953654581676,1.0033649631677077,516
835000,3339.999999948667,-677729.341648248,131667.78302811144,-546061.5586201366,301.5001589377359,520.3953654581676,1.0033649631677077,516
836000,3343.9999999485726,-677359.9828716083,131477.86805923062,-545882.1148123777,301.0652811568135,520.3953654581676,1.0033649631677077,516
837000,3347.999999948478,-678136.2315231217,130891.41370675573,-547244.817816366,299.7223856024534,520.3953654581676,1.0033649631677077,516
838000,3351.9999999483834,-678326.5652386914,131845.36809844704,-546481.1971402443,301.9068030362373,520.3953654581676,1.0033649631677077,516
839000,3355.999999948289,-676352.1889224853,131833.04724957712,-544519.1416729082,301.8785900762626,520.3953654581676,1.0033649631677077,516
840000,3359.9999999481943,-678597.1929945559,131829.59324620222,-546767.5997483537,301.8706809086397,520.3953654581676,1.0033649631677077,516
841000,3363.9999999480997,-677933.109017754,131072.05420794513,-546861.0548098088,300.1360261952138,520.3953654581676,1.0033649631677077,516
842000,3367.999999948005,-678348.1312995972,132297.22998874146,-546050.9013108558,302.94150133986545,520.3953654581676,1.0033649631677077,516
843000,3371.9999999479105,-678818.062319092,131088.29582432908,-547729.7664947629,300.1732171451071,520.3953654581676,1.0033649631677077,516
844000,3375.999999947816,-677999.7222417207,130865.0503317673,-547134.6719099534,299.66201729088664,520.3953654581676,1.0033649631677077,516
845000,3379.9999999477213,-678361.2623276818,131318.2983249555,-547042.9640027263,300.6998895694476,520.3953654581676,1.0033649631677077,516
846000,3383.9999999476267,-677788.264059369,131013.62844528117,-546774.6356140878,300.00223965818765,520.3953654581676,1.0033649631677077,516
847000,3387.999999947532,-677324.289071905,131732.31052564562,-545591.9785462593,301.64791756414377,520.3953654581676,1.0033649631677077,516
848000,3391.9999999474376,-677376.1175274155,132502.26790292357,-544873.849624492,303.4110084758744,520.3953654581676,1.0033649631677077,516
849000,3395.999999947343,-678925.2341607814,132263.6279128404,-546661.606247941,302.8645574513013,520.3953654581676,1.0033649631677077,516
850000,3399.9999999472484,-677250.8832138684,131789.0459712143,-545461.8372426541,301.777833519763,520.3953654581676,1.0033649631677077,516
851000,3403.999999947154,-677040.7820510045,131724.43166713673,-545316.3503838677,301.6298761189394,520.3953654581676,1.0033649631677077,516
852000,3407.999999947059,-676865.781064318,131926.29786327365,-544939.4832010444,302.09212047985835,520.3953654581676,1.0033649631677077,516
853000,3411.9999999469646,-677659.5909982668,132855.26466843567,-544804.3263298312,304.21931995844625,520.3953654581676,1.0033649631677077,516
854000,3415.99999994687,-677991.1672340971,131127.5353700167,-546863.6318640804,300.26307002323256,520.3953654581676,1.0033649631677077,516
855000,3419.9999999467755,-676531.1438446995,131654.68810005242,-544876.4557446471,301.4701734484971,520.3953654581676,1.0033649631677077,516
856000,3423.999999946681,-677977.3526679119,131348.80429662904,-546628.5483712829,300.7697438276161,520.3953654581676,1.0033649631677077,516
857000,3427.9999999465863,-677912.328941239,130872.73809324368,-547039.5908479954,299.6796211515555,520.3953654581676,1.0033649631677077,516
858000,3431.9999999464917,-677689.0686494187,131088.36888682563,-546600.699762593,300.1733844476455,520.3953654581676,1.0033649631677077,516
859000,3435.999999946397,-678252.9246888342,131434.91130387783,-546818.0133849564,300.9669164067703,520.3953654581676,1.0033649631677077,516
860000,3439.9999999463025,-678929.9934377861,130185.63799289166,-548744.3554448944,298.1062614070686,520.3953654581676,1.0033649631677077,516
861000,3443.999999946208,-677878.9354192652,131440.33965199988,-546438.5957672653,300.9793465379985,520.3953654581676,1.0033649631677077,516
862000,3447.9999999461133,-677393.5123412651,130483.35406230413,-546910.158278961,298.787988099672,520.3953654581676,1.0033649631677077,516
863000,3451.9999999460188,-677900.0637260168,132454.23710928543,-545445.8266167314,303.3010249128283,520.3953654581676,1.0033649631677077,516
864000,3455.999999945924,-678044.1126336134,131709.16232802405,-546334.9503055894,301.5949115432211,520.3953654581676,1.0033649631677077,516
865000,3459.9999999458296,-677374.3481451846,131721.3463230218,-545653.0018221628,301.6228111276437,520.3953654581676,1.0033649631677077,516
866000,3463.999999945735,-677760.0707154078,131198.89159541513,-546561.1791199928,300.42646544771713,520.3953654581676,1.0033649631677077,516
867000,3467.9999999456404,-678513.4938853174,131819.96885601105,-546693.5250293063,301.84864244861876,520.3953654581676,1.0033649631677077,516
868000,3471.999999945546,-677985.7847154173,132237.89160494585,-545747.8931104714,302.8056250325864,520.3953654581676,1.0033649631677077,516
869000,3475.9999999454512,-677977.7293597017,132016.3042073298,-545961.4251523719,302.2982219757158,520.3953654581676,1.0033649631677077,516
870000,3479.9999999453566,-677606.3878498352,131818.2708774021,-545788.1169724332,301.8447543234548,520.3953654581676,1.0033649631677077,516
871000,3483.999999945262,-676951.8220505286,131147.0352885796,-545804.7867619491,300.3077220133456,520.3953654581676,1.0033649631677077,516
872000,3487.9999999451675,-678813.9094627299,131760.57091186894,-547053.338550861,301.7126297567699,520.3953654581676,1.0033649631677077,516
873000,3491.999999945073,-677622.7700629807,132286.50141706533,-545336.2686459154,302.9169344641185,520.3953654581676,1.0033649631677077,516
874000,3495.9999999449783,-676054.3114406862,130565.93498721399,-545488.3764534723,298.97708646081196,520.3953654581676,1.0033649631677077,516
875000,3499.9999999448837,-678510.2377090189,132299.44570130395,-546210.792007715,302.9465750008203,520.3953654581676,1.0033649631677077,516
876000,3503.999999944789,-677611.7705954676,132258.46466689848,-545353.3059285692,302.85273436568144,520.3953654581676,1.0033649631677077,516
877000,3507.9999999446945,-677691.9429656151,131350.1393073186,-546341.8036582965,300.7728008087988,520.3953654581676,1.0033649631677077,516
878000,3511.9999999446,-677259.6986041074,131919.89889330568,-545339.7997108017,302.07746776513943,520.3953654581676,1.0033649631677077,516
879000,3515.9999999445054,-677938.0764702242,131009.79547461815,-546928.280995606,299.99346271034574,520.3953654581676,1.0033649631677077,516
880000,3519.999999944411,-677296.857748508,132316.2157699517,-544980.6419785563,302.98497602988306,520.3953654581676,1.0033649631677077,516
881000,3523.999999944316,-678529.961456208,132403.52891982754,-546126.4325363805,303.18491050101557,520.3953654581676,1.0033649631677077,516
882000,3527.9999999442216,-677953.3624883704,132140.2836081839,-545813.0788801864,302.582116852677,520.3953654581676,1.0033649631677077,516
883000,3531.999999944127,-676685.2675542384,131493.79890693194,-545191.4686473066,301.1017604914199,520.3953654581676,1.0033649631677077,516
884000,3535.9999999440324,-677461.0486099417,130506.56560422643,-546954.4830057153,298.84113916987167,520.3953654581676,1.0033649631677077,516
885000,3539.999999943938,-678266.6905000336,131394.10300298373,-546872.5874970498,300.8734713063623,520.3953654581676,1.0033649631677077,516
886000,3543.9999999438432,-676860.3629370057,131930.6907309516,-544929.6722060541,302.10217951079693,520.3953654581676,1.0033649631677077,516
887000,3547.9999999437487,-677387.2456564102,131488.79415455222,-545898.451501858,301.09030033310916,520.3953654581676,1.0033649631677077,516
888000,3551.999999943654,-676054.1143055148,131203.0859006031,-544851.0284049117,300.43606979930354,520.3953654581676,1.0033649631677077,516
889000,3555.9999999435595,-677238.4995639864,131992.79597163037,-545245.7035923561,302.24439151972484,520.3953654581676,1.0033649631677077,516
890000,3559.999999943465,-677141.2029911503,131917.409413511,-545223.7935776394,302.0717672168617,520.3953654581676,1.0033649631677077,516
891000,3563.9999999433703,-677985.3401938723,130463.80963995401,-547521.5305539183,298.74323420232986,520.3953654581676,1.0033649631677077,516
892000,3567.9999999432757,-677505.1221807012,131369.32133801014,-546135.8008426911,300.8167248817135,520.3953654581676,1.0033649631677077,516
893000,3571.999999943181,-676697.7994112107,131936.4745716399,-544761.3248395708,302.11542366853,520.3953654581676,1.0033649631677077,516
894000,3575.9999999430866,-676908.1147408993,130891.94164872228,-546016.173092177,299.72359451311604,520.3953654581676,1.0033649631677077,516
895000,3579.999999942992,-677371.5411167378,130337.74841559684,-547033.792701141,298.45457225097414,520.3953654581676,1.0033649631677077,516
896000,3583.9999999428974,-677636.1598336948,131531.1430747752,-546105.0167589196,301.18727322871376,520.3953654581676,1.0033649631677077,516
897000,3587.999999942803,-678501.7017775467,131002.36999495281,-547499.3317825939,299.97645943704833,520.3953654581676,1.0033649631677077,516
898000,3591.999999942708,-676872.5703492546,130900.52789523761,-545972.0424540171,299.74325577443227,520.3953654581676,1.0033649631677077,516
899000,3595.9999999426136,-677574.4387083105,131128.15330916975,-546446.2853991408,300.2644850144215,520.3953654581676,1.0033649631677077,516
900000,3599.999999942519,-677383.972655402,131149.93945812585,-546234.0331972762,300.31437214111145,520.3953654581676,1.0033649631677077,516
901000,3603.9999999424244,-677474.6105387495,132095.91371791472,-545378.6968208348,302.48051622828314,520.3953654581676,1.0033649631677077,516
902000,3607.99999994233,-678823.9212796153,131857.0041921381,-546966.9170874772,301.9334480059982,520.3953654581676,1.0033649631677077,516
903000,3611.9999999422353,-677568.6613488197,131733.09497226402,-545835.5663765557,301.64971383331977,520.3953654581676,1.0033649631677077,516
904000,3615.9999999421407,-676683.3825976481,131162.27916860848,-545521.1034290396,300.34262829144825,520.3953654581676,1.0033649631677077,516
905000,3619.999999942046,-677979.3990870938,131950.56875867024,-546028.8303284235,302.1476973161302,520.3953654581676,1.0033649631677077,516
906000,3623.9999999419515,-678312.4541890109,132061.75383397762,-546250.7003550333,302.4022950400815,520.3953654581676,1.0033649631677077,516
907000,3627.999999941857,-676185.2816045494,129988.63833478169,-546196.6432697678,297.65516071360463,520.3953654581676,1.0033649631677077,516
908000,3631.9999999417623,-676786.2607695335,131540.44114646188,-545245.8196230716,301.2085644666071,520.3953654581676,1.0033649631677077,516
909000,3635.9999999416677,-677608.2723705755,131631.18333282234,-545977.0890377532,301.4163509347988,520.3953654581676,1.0033649631677077,516
910000,3639.999999941573,-677460.9193652668,131387.36533273768,-546073.5540325291,300.8580430170471,520.3953654581676,1.0033649631677077,516
911000,3643.9999999414786,-678183.9816857032,131191.72515688685,-546992.2565288163,300.41005534111696,520.3953654581676,1.0033649631677077,516
912000,3647.999999941384,-678011.8625264601,131487.6469077376,-546524.2156187225,301.0876733040137,520.3953654581676,1.0033649631677077,516
913000,3651.9999999412894,-676536.0502354647,131477.40497420973,-545058.645261255,301.06422075916583,520.3953654581676,1.0033649631677077,516
914000,3655.999999941195,-677240.6280254847,131926.74011084376,-545313.887914641,302.09313316276075,520.3953654581676,1.0033649631677077,516
915000,3659.9999999411,-677472.15336351,132470.5434795931,-545001.6098839169,303.3383641398313,520.3953654581676,1.0033649631677077,515
916000,3663.9999999410056,-676159.4012824362,132288.83764753543,-543870.5636349008,302.9222840936319,520.3953654581676,1.0033649631677077,516
917000,3667.999999940911,-678617.1786878407,131440.68333870865,-547176.495349132,300.9801335307991,520.3953654581676,1.0033649631677077,516
918000,3671.9999999408165,-677341.583940703,132468.79555292265,-544872.7883877803,303.3343616408385,520.3953654581676,1.0033649631677077,516
919000,3675.999999940722,-677917.9360243939,130713.37989407184,-547204.556130322,299.3147139489478,520.3953654581676,1.0033649631677077,516
920000,3679.9999999406273,-678133.5761099379,131128.36828157643,-547005.2078283614,300.2649772701069,520.3953654581676,1.0033649631677077,515
921000,3683.9999999405327,-678638.6344530885,131629.26101978988,-547009.3734332987,301.4119491162864,520.3953654581676,1.0033649631677077,515
922000,3687.999999940438,-678741.1892798175,130597.87412136502,-548143.3151584525,299.0502224535461,520.3953654581676,1.0033649631677077,516
923000,3691.9999999403435,-678578.7311535175,131691.70774614904,-546887.0234073685,301.5549430779787,520.3953654581676,1.0033649631677077,515
924000,3695.999999940249,-678777.1425448433,131197.08607850055,-547580.0564663426,300.4223310754038,520.3953654581676,1.0033649631677077,516
925000,3699.9999999401543,-677798.9054673747,131266.19526781735,-546532.7101995574,300.5805811126101,520.3953654581676,1.0033649631677077,515
926000,3703.9999999400598,-678491.0098654167,130262.99883834057,-548228.011027076,298.28340654205897,520.3953654581676,1.0033649631677077,515
927000,3707.999999939965,-678535.2291996307,132195.80437142344,-546339.4248282072,302.7092513616365,520.3953654581676,1.0033649631677077,516
928000,3711.9999999398706,-677564.6581733832,132218.36323447945,-545346.2949389038,302.76090789173384,520.3953654581676,1.0033649631677077,515
929000,3715.999999939776,-677060.172260609,132286.43813913886,-544773.7341214701,302.9167895668289,520.3953654581676,1.0033649631677077,515
930000,3719.9999999396814,-677888.8072651676,132032.2194779421,-545856.5877872255,302.3346656410437,520.3953654581676,1.0033649631677077,515
931000,3723.999999939587,-677913.4768811655,131771.93233136737,-546141.5445497981,301.73864576239976,520.3953654581676,1.0033649631677077,515
932000,3727.999999939492,-678750.2508103712,130536.9785752988,-548213.2722350725,298.9107804701291,520.3953654581676,1.0033649631677077,515
933000,3731.9999999393976,-677505.7551591159,131587.31499623164,-545918.4401628843,301.3158987957086,520.3953654581676,1.0033649631677077,515
934000,3735.999999939303,-678155.1433043773,131036.33578890876,-547118.8075154686,300.0542361872954,520.3953654581676,1.0033649631677077,515
935000,3739.9999999392085,-677131.277310729,131388.03775060014,-545743.2395601289,300.85958275659266,520.3953654581676,1.0033649631677077,515
936000,3743.999999939114,-677236.7027142704,130708.79527197662,-546527.9074422938,299.30421582815785,520.3953654581676,1.0033649631677077,515
937000,3747.9999999390193,-677701.4826831473,131350.71311098879,-546350.7695721586,300.77411473612244,520.3953654581676,1.0033649631677077,515
938000,3751.9999999389247,-678028.3778183181,131290.48457789957,-546737.8932404185,300.6362001158458,520.3953654581676,1.0033649631677077,515
939000,3755.99999993883,-679573.5509613752,131654.61226492876,-547918.9386964465,301.4699997970441,520.3953654581676,1.0033649631677077,515
940000,3759.9999999387355,-677681.1124134227,132314.47859694145,-545366.6338164812,302.9809981552151,520.3953654581676,1.0033649631677077,515
941000,3763.999999938641,-678768.7230325532,131052.9974726899,-547715.7255598633,300.09238903070667,520.3953654581676,1.0033649631677077,515
942000,3767.9999999385464,-678646.1523057758,131074.57328855354,-547571.5790172223,300.1417945250691,520.3953654581676,1.0033649631677077,515
943000,3771.9999999384518,-677430.008677498,132120.92891768,-545309.079759818,302.5377974137914,520.3953654581676,1.0033649631677077,515
944000,3775.999999938357,-678865.8348658243,131071.72658525751,-547794.1082805668,300.1352759866957,520.3953654581676,1.0033649631677077,515
945000,3779.9999999382626,-677420.3244749913,131586.89027985488,-545833.4341951364,301.3149262567006,520.3953654581676,1.0033649631677077,515
946000,3783.999999938168,-677073.6212307629,131247.0102468103,-545826.6109839526,300.5366501923058,520.3953654581676,1.0033649631677077,515
947000,3787.9999999380734,-677582.3202370009,132883.47335941077,-544698.8468775902,304.2839137764389,520.3953654581676,1.0033649631677077,515
948000,3791.999999937979,-678256.9016806656,131846.05254706996,-546410.8491335956,301.90837032448235,520.3953654581676,1.0033649631677077,515
949000,3795.9999999378842,-677454.3729248503,132046.7122868708,-545407.6606379795,302.36785207507467,520.3953654581676,1.0033649631677077,515
950000,3799.9999999377897,-677945.29771177,132424.49232593022,-545520.8053858399,303.23291366569623,520.3953654581676,1.0033649631677077,515
951000,3803.999999937695,-678452.0760212443,131557.90038200386,-546894.1756392404,301.2485435880731,520.3953654581676,1.0033649631677077,515
952000,3807.9999999376005,-677526.7374409167,131139.45268617047,-546387.2847547462,300.2903589517148,520.3953654581676,1.0033649631677077,515
953000,3811.999999937506,-678139.2566717099,130065.32756886621,-548073.9291028437,297.83076795581337,520.3953654581676,1.0033649631677077,515
954000,3815.9999999374113,-677396.2897605984,131492.09743124293,-545904.1923293555,301.097864358449,520.3953654581676,1.0033649631677077,515
955000,3819.9999999373167,-676548.2044170387,130943.06631168467,-545605.138105354,299.8406625889528,520.3953654581676,1.0033649631677077,515
956000,3823.999999937222,-676983.44999428,132457.7908568791,-544525.6591374009,303.30916248027023,520.3953654581676,1.0033649631677077,515
957000,3827.9999999371275,-677211.2294119652,130900.82854974945,-546310.4008622158,299.7439442297326,520.3953654581676,1.0033649631677077,515
958000,3831.999999937033,-677162.2640712718,131299.05801535776,-545863.206055914,300.6558320462758,520.3953654581676,1.0033649631677077,515
959000,3835.9999999369384,-677351.1327419728,131219.42491211335,-546131.7078298595,300.47348376993426,520.3953654581676,1.0033649631677077,515
960000,3839.999999936844,-677090.03190134,131259.42555155,-545830.60634979,300.565079442546,520.3953654581676,1.0033649631677077,515
961000,3843.999999936749,-676871.7116531739,131466.03414056136,-545405.6775126125,301.03818319649565,520.3953654581676,1.0033649631677077,515
962000,3847.9999999366546,-677735.2549354271,131623.18613688345,-546112.0687985437,301.3980385140138,520.3953654581676,1.0033649631677077,515
963000,3851.99999993656,-676363.0263357945,132133.32550436736,-544229.7008314271,302.5661838024019,520.3953654581676,1.0033649631677077,515
964000,3855.9999999364654,-677427.3764597811,130270.1641697635,-547157.2122900176,298.29981411354817,520.3953654581676,1.0033649631677077,515
965000,3859.999999936371,-677587.3288194248,131704.68287479726,-545882.6459446276,301.58465424391244,520.3953654581676,1.0033649631677077,515
966000,3863.9999999362763,-679001.0120891705,130879.36937461409,-548121.6427145564,299.6948058257496,520.3953654581676,1.0033649631677077,515
967000,3867.9999999361817,-678778.9847227335,130350.38794442813,-548428.5967783054,298.48351494191866,520.3953654581676,1.0033649631677077,515
968000,3871.999999936087,-678069.6847071764,130869.11501570605,-547200.5696914704,299.6713248285802,520.3953654581676,1.0033649631677077,515
969000,3875.9999999359925,-678567.4798210599,131093.30239298905,-547474.1774280708,300.1846814624367,520.3953654581676,1.0033649631677077,515
970000,3879.999999935898,-678221.4555957974,131075.1704983101,-547146.2850974873,300.14316204894146,520.3953654581676,1.0033649631677077,515
971000,3883.9999999358033,-677694.8925497746,131569.60594677652,-546125.2866029982,301.2753476365521,520.3953654581676,1.0033649631677077,515
972000,3887.9999999357087,-677106.1565333507,131604.7719294528,-545501.3846038979,301.3558726451933,520.3953654581676,1.0033649631677077,515
973000,3891.999999935614,-676443.6772569362,131843.63141780946,-544600.0458391267,301.90282628903145,520.3953654581676,1.0033649631677077,515
974000,3895.9999999355196,-676647.1443779129,132327.05061962968,-544320.0937582832,303.0097862668662,520.3953654581676,1.0033649631677077,515
975000,3899.999999935425,-676661.0015471783,131590.26715300907,-545070.7343941692,301.32265880728573,520.3953654581676,1.0033649631677077,515
976000,3903.9999999353304,-679265.1410533292,131141.2323173695,-548123.9087359598,300.2944340494875,520.3953654581676,1.0033649631677077,515
977000,3907.999999935236,-677503.2453378872,131671.8808143076,-545831.3645235796,301.50954227480605,520.3953654581676,1.0033649631677077,515
978000,3911.999999935141,-678449.6607295158,131436.5566634572,-547013.1040660586,300.9706840419751,520.3953654581676,1.0033649631677077,515
979000,3915.9999999350466,-677179.0167070739,131782.50527506816,-545396.5114320058,301.7628562726166,520.3953654581676,1.0033649631677077,515
980000,3919.999999934952,-678217.7494786805,131725.93109690127,-546491.8183817792,301.6333095959976,520.3953654581676,1.0033649631677077,515
981000,3923.9999999348574,-677670.0084267738,131219.64755329193,-546450.360873482,300.473993585997,520.3953654581676,1.0033649631677077,515
982000,3927.999999934763,-676909.2097631469,131264.89915342093,-545644.310609726,300.5776131983069,520.3953654581676,1.0033649631677077,515
983000,3931.9999999346683,-677285.0415048269,131067.66663629981,-546217.374868527,300.12597929142316,520.3953654581676,1.0033649631677077,515
984000,3935.9999999345737,-679886.9507645881,130896.85223104444,-548990.0985335436,299.7348390356299,520.3953654581676,1.0033649631677077,515
985000,3939.999999934479,-678826.2787208785,132181.26556935505,-546645.0131515234,302.67595960997505,520.3953654581676,1.0033649631677077,515
986000,3943.9999999343845,-678829.7229893561,130679.0373061593,-548150.6856831969,299.2360743950962,520.3953654581676,1.0033649631677077,515
987000,3947.99999993429,-679402.5573368301,131565.72226623306,-547836.835070597,301.2664545704263,520.3953654581676,1.0033649631677077,515
988000,3951.9999999341953,-677632.4707401413,131030.72981727123,-546601.7409228701,300.04139932393485,520.3953654581676,1.0033649631677077,515
989000,3955.9999999341007,-677989.3865474742,130936.9504065268,-547052.4361409474,299.826658051664,520.3953654581676,1.0033649631677077,515
990000,3959.999999934006,-677688.8871956752,130938.76913685206,-546750.118058823,299.8308226807747,520.3953654581676,1.0033649631677077,515
991000,3963.9999999339116,-678740.1326460815,131087.93471207097,-547652.1979340105,300.1723902503216,520.3953654581676,1.0033649631677077,515
992000,3967.999999933817,-676601.2889196672,131791.37431185145,-544809.9146078158,301.7831650827013,520.3953654581676,1.0033649631677077,515
993000,3971.9999999337224,-678241.1179711572,131603.4121373532,-546637.705833804,301.3527589181697,520.3953654581676,1.0033649631677077,515
994000,3975.999999933628,-676877.8873291835,130997.02398185548,-545880.863347328,299.9642178411054,520.3953654581676,1.0033649631677077,515
995000,3979.999999933533,-677297.2413527183,131401.67946124202,-545895.5618914763,300.8908202987774,520.3953654581676,1.0033649631677077,515
996000,3983.9999999334386,-676716.9242546447,131203.97573636705,-545512.9485182776,300.43810739436356,520.3953654581676,1.0033649631677077,515
997000,3987.999999933344,-677606.9300625343,132475.99429264356,-545130.9357698907,303.35084571249286,520.3953654581676,1.0033649631677077,515
998000,3991.9999999332495,-677083.1693011383,131618.34945489117,-545464.8198462471,301.3869632125554,520.3953654581676,1.0033649631677077,515
999000,3995.999999933155,-677809.2545729689,132530.61644803232,-545278.6381249366,303.4759225395836,520.3953654581676,1.0033649631677077,515
1000000,3999.9999999330603,-677903.585733789,130885.24900614758,-547018.3367276414,299.7082693306486,520.3953654581676,1.0033649631677077,515
1001000,4003.9999999329657,-676582.6685697823,131250.78201389467,-545331.8865558876,300.54528699281434,520.3953654581676,1.0033649631677077,515
1002000,4007.999999932871,-677437.8348580189,131794.31504052723,-545643.5198174916,301.7898989255803,520.3953654581676,1.0033649631677077,515
1003000,4011.9999999327765,-678903.1215750524,130676.9524378932,-548226.1691371591,299.2313003486352,520.3953654581676,1.0033649631677077,515
1004000,4015.999999932682,-677828.62942068,131145.85599704113,-546682.7734236389,300.30502160647234,520.3953654581676,1.0033649631677077,515
1005000,4019.9999999325873,-677712.2538210303,131269.4485836514,-546442.8052373789,300.588030734822,520.3953654581676,1.0033649631677077,515
1006000,4023.9999999324928,-677783.2200518036,131023.57412599158,-546759.6459258121,300.025013826978,520.3953654581676,1.0033649631677077,515
1007000,4027.999999932398,-678049.3701374144,131443.21355743564,-546606.1565799788,300.98592736533317,520.3953654581676,1.0033649631677077,515
1008000,4031.9999999323036,-676790.5334836976,132282.3436985989,-544508.1897850987,302.9074138908271,520.3953654581676,1.0033649631677077,515
1009000,4035.999999932209,-676984.081107839,131852.7627165871,-545131.3183912518,301.9237356411102,520.3953654581676,1.0033649631677077,515
1010000,4039.9999999321144,-677984.9618274462,131679.80488660524,-546305.156940841,301.5276872530401,520.3953654581676,1.0033649631677077,515
1011000,4043.99999993202,-678849.1577821076,131517.48317178397,-547331.6746103236,301.15599402868304,520.3953654581676,1.0033649631677077,515
1012000,4047.9999999319252,-678780.437645596,132003.37197666324,-546777.0656689327,302.2686090399489,520.3953654581676,1.0033649631677077,515
1013000,4051.9999999318306,-677261.7147417157,130740.69278154359,-546521.0219601721,299.37725650662134,520.3953654581676,1.0033649631677077,515
1014000,4055.999999931736,-678157.5718956003,130629.03587783914,-547528.5360177611,299.1215783639568,520.3953654581676,1.0033649631677077,515
1015000,4059.9999999316415,-677180.253034499,131101.80564364512,-546078.4473908539,300.20415267525226,520.3953654581676,1.0033649631677077,515
1016000,4063.999999931547,-677159.6314347214,131874.7430751386,-545284.8883595828,301.97406747965397,520.3953654581676,1.0033649631677077,515
1017000,4067.9999999314523,-678264.8391082389,131728.47683216404,-546536.362276075,301.63913896115196,520.3953654581676,1.0033649631677077,515
1018000,4071.9999999313577,-677890.7297997847,131339.0768585052,-546551.6529412796,300.7474694027496,520.3953654581676,1.0033649631677077,515
1019000,4075.999999931263,-676929.4068469219,131158.8585516197,-545770.5482953022,300.33479557381554,520.3953654581676,1.0033649631677077,515
1020000,4079.9999999311685,-676882.8200303754,131432.99341424616,-545449.8266161293,300.96252471720527,520.3953654581676,1.0033649631677077,515
1021000,4083.999999931074,-677116.5805155635,130966.60016174975,-546149.9803538137,299.89455169813243,520.3953654581676,1.0033649631677077,515
1022000,4087.9999999309794,-677994.5139948875,131617.82664375106,-546376.6873511365,301.3857660507424,520.3953654581676,1.0033649631677077,515
1023000,4091.9999999308848,-677978.0218071351,130861.47353881638,-547116.5482683186,299.6538269529134,520.3953654581676,1.0033649631677077,515
1024000,4095.99999993079,-677096.9922004854,132225.33049000113,-544871.6617104843,302.77686189808855,520.3953654581676,1.0033649631677077,515
1025000,4099.999999930696,-676493.6421820056,131233.34244047268,-545260.2997415329,300.5053528947563,520.3953654581676,1.0033649631677077,515
1026000,4103.999999930601,-677419.6767444708,132079.98649036908,-545339.6902541018,302.44404518330913,520.3953654581676,1.0033649631677077,515
1027000,4107.999999930506,-677299.9624460698,131269.95405995182,-546030.008386118,300.58918820236204,520.3953654581676,1.0033649631677077,515
1028000,4111.999999930412,-678453.3133095708,130700.05082187263,-547753.2624876981,299.2841923035299,520.3953654581676,1.0033649631677077,515
1029000,4115.999999930317,-676591.4310350358,132340.5512931738,-544250.879741862,303.0407008545179,520.3953654581676,1.0033649631677077,515
1030000,4119.999999930223,-677228.2282863804,130811.11557503196,-546417.1127113485,299.53851450718366,520.3953654581676,1.0033649631677077,514
1031000,4123.999999930128,-676744.6298667602,130623.33071497793,-546121.2991517823,299.10851436705593,520.3953654581676,1.0033649631677077,515
1032000,4127.9999999300335,-678025.4702528683,130925.92592141805,-547099.5443314502,299.80141357700177,520.3953654581676,1.0033649631677077,515
1033000,4131.999999929939,-677105.7199000465,131532.03303391277,-545573.6868661337,301.1893111062814,520.3953654581676,1.0033649631677077,515
1034000,4135.999999929844,-676654.740664388,132388.48059867922,-544266.2600657088,303.15045202443446,520.3953654581676,1.0033649631677077,515
1035000,4139.99999992975,-677087.3635259909,130833.9579908154,-546253.4055351755,299.59082033197114,520.3953654581676,1.0033649631677077,514
1036000,4143.999999929655,-675897.7510403455,131207.30432496266,-544690.4467153829,300.4457293803007,520.3953654581676,1.0033649631677077,515
1037000,4147.9999999295605,-677893.7076629191,131919.74122218526,-545973.9664407338,302.0771067211029,520.3953654581676,1.0033649631677077,515
1038000,4151.999999929466,-678384.4906317359,131653.29508061538,-546731.1955511204,301.4669836356818,520.3953654581676,1.0033649631677077,514
1039000,4155.999999929371,-677608.4047476207,131936.05632131605,-545672.3484263046,302.1144659358469,520.3953654581676,1.0033649631677077,515
1040000,4159.999999929277,-677387.0280220415,130289.98243413388,-547097.0455879077,298.3451950694671,520.3953654581676,1.0033649631677077,514
1041000,4163.999999929182,-677982.7213154701,131697.14557012246,-546285.5757453477,301.56739490753455,520.3953654581676,1.0033649631677077,514
1042000,4167.999999929088,-676442.3249249998,131723.9265776528,-544718.398347347,301.6287195371532,520.3953654581676,1.0033649631677077,515
1043000,4171.999999928993,-677150.0087920134,131170.5211313268,-545979.4876606866,300.36150119271826,520.3953654581676,1.0033649631677077,514
1044000,4175.999999928898,-678257.6211514007,131906.15617113095,-546351.4649802698,302.04599892116994,520.3953654581676,1.0033649631677077,514
1045000,4179.999999928804,-677910.848893791,131472.448531924,-546438.4003618669,301.0528712239755,520.3953654581676,1.0033649631677077,514
1046000,4183.999999928709,-678411.2805875214,131111.61231571448,-547299.6682718069,300.22660853438174,520.3953654581676,1.0033649631677077,514
1047000,4187.999999928615,-677568.8941439744,131954.39406785573,-545614.5000761186,302.1564567202979,520.3953654581676,1.0033649631677077,514
1048000,4191.99999992852,-678054.3952451879,131248.66988878528,-546805.7253564026,300.5404505321287,520.3953654581676,1.0033649631677077,514
1049000,4195.9999999284255,-677362.5608465625,130840.99276592559,-546521.5680806369,299.6069289484075,520.3953654581676,1.0033649631677077,514
1050000,4199.999999928331,-676970.3894708948,131908.9330313059,-545061.4564395889,302.05235752890866,520.3953654581676,1.0033649631677077,514
1051000,4203.999999928236,-676964.8360526725,131765.5115918746,-545199.324460798,301.7239431986211,520.3953654581676,1.0033649631677077,514
1052000,4207.999999928142,-677937.5995552479,130887.02092067036,-547050.5786345776,299.71232675835,520.3953654581676,1.0033649631677077,514
1053000,4211.999999928047,-677503.8037306084,130962.78739913001,-546541.0163314784,299.88582102378365,520.3953654581676,1.0033649631677077,514
1054000,4215.999999927953,-677733.5533881374,131014.47005579702,-546719.0833323403,300.00416682441204,520.3953654581676,1.0033649631677077,514
1055000,4219.999999927858,-677981.6069150516,131067.3002826997,-546914.3066323518,300.12514039472325,520.3953654581676,1.0033649631677077,514
1056000,4223.999999927763,-677978.8524075877,131777.2382493706,-546201.6141582171,301.75079554638256,520.3953654581676,1.0033649631677077,514
1057000,4227.999999927669,-677364.3545822799,132133.71674491133,-545230.6378373685,302.56707968659987,520.3953654581676,1.0033649631677077,514
1058000,4231.999999927574,-676563.3861016342,133012.16979400677,-543551.2163076275,304.5786099776891,520.3953654581676,1.0033649631677077,514
1059000,4235.99999992748,-677479.9819346913,132137.5507716713,-545342.43116302,302.57585905275084,520.3953654581676,1.0033649631677077,514
1060000,4239.999999927385,-678189.5379710621,132061.7636972481,-546127.774273814,302.4023176255428,520.3953654581676,1.0033649631677077,514
1061000,4243.99999992729,-677951.9591830401,130467.65973583545,-547484.2994472047,298.7520503644424,520.3953654581676,1.0033649631677077,514
1062000,4247.999999927196,-677069.5366732101,132158.24516856542,-544911.2915046447,302.6232462252938,520.3953654581676,1.0033649631677077,514
1063000,4251.999999927101,-676355.5290743504,131635.68101803068,-544719.8480563196,301.4266499827054,520.3953654581676,1.0033649631677077,514
1064000,4255.999999927007,-677019.3799837115,130777.92102472647,-546241.458958985,299.46250379322765,520.3953654581676,1.0033649631677077,514
1065000,4259.999999926912,-678942.1797626046,131006.38169754832,-547935.7980650563,299.98564565513703,520.3953654581676,1.0033649631677077,514
1066000,4263.9999999268175,-679058.9442778826,132148.63357745908,-546910.3107004235,302.60123707332394,520.3953654581676,1.0033649631677077,514
1067000,4267.999999926723,-678314.4193626298,131007.73291603883,-547306.6864465909,299.9887397498372,520.3953654581676,1.0033649631677077,514
1068000,4271.999999926628,-677222.7184167723,132360.22538578877,-544862.4930309835,303.08575167799154,520.3953654581676,1.0033649631677077,514
1069000,4275.999999926534,-676558.7668485045,131032.18292881246,-545526.5839196921,300.04472673896805,520.3953654581676,1.0033649631677077,514
1070000,4279.999999926439,-677941.2620103615,130453.50181547122,-547487.7601948903,298.7196307767356,520.3953654581676,1.0033649631677077,514
1071000,4283.999999926345,-677767.8971046316,131413.48075066833,-546354.4163539633,300.9178435428533,520.3953654581676,1.0033649631677077,514
1072000,4287.99999992625,-679350.3607567013,132109.34744000784,-547241.0133166935,302.5112775068059,520.3953654581676,1.0033649631677077,514
1073000,4291.999999926155,-677000.8991740234,130391.47676031076,-546609.4224137126,298.5776023810345,520.3953654581676,1.0033649631677077,514
1074000,4295.999999926061,-677651.7867517709,132154.28153898218,-545497.5052127887,302.6141700874427,520.3953654581676,1.0033649631677077,514
1075000,4299.999999925966,-675868.8022222421,131842.2565674566,-544026.5456547855,301.8996780807882,520.3953654581676,1.0033649631677077,514
1076000,4303.999999925872,-678609.624043724,130957.19375801692,-547652.4302857071,299.87301239553875,520.3953654581676,1.0033649631677077,514
1077000,4307.999999925777,-677225.4182157493,131420.48273520218,-545804.9354805471,300.93387707361745,520.3953654581676,1.0033649631677077,514
1078000,4311.9999999256825,-677016.504366559,131459.25905467497,-545557.245311884,301.02266923078145,520.3953654581676,1.0033649631677077,514
1079000,4315.999999925588,-678031.2164214989,131725.1288148064,-546306.0876066925,301.63147248616286,520.3953654581676,1.0033649631677077,514
1080000,4319.999999925493,-679001.7243143106,131480.7123371198,-547521.0119771909,301.07179414135635,520.3953654581676,1.0033649631677077,514
1081000,4323.999999925399,-678184.482070548,130638.23513437016,-547546.2469361778,299.14264332945123,520.3953654581676,1.0033649631677077,514
1082000,4327.999999925304,-677857.7518563261,131156.25797198422,-546701.4938843419,300.3288406229886,520.3953654581676,1.0033649631677077,514
1083000,4331.9999999252095,-678224.0848583691,131348.5840620884,-546875.5007962807,300.7692395224058,520.3953654581676,1.0033649631677077,514
1084000,4335.999999925115,-677108.463326525,131380.97392823768,-545727.4893982873,300.8434076261545,520.3953654581676,1.0033649631677077,514
1085000,4339.99999992502,-678230.3849304835,130981.68792425236,-547248.6970062312,299.9291004897042,520.3953654581676,1.0033649631677077,514
1086000,4343.999999924926,-677006.6163903768,130805.12338461552,-546201.4930057613,299.5247932587401,520.3953654581676,1.0033649631677077,514
1087000,4347.999999924831,-677879.3598311627,131709.92583990493,-546169.4339912578,301.5966598748793,520.3953654581676,1.0033649631677077,514
1088000,4351.999999924737,-678586.0446219076,130980.6737790982,-547605.3708428094,299.92677824413937,520.3953654581676,1.0033649631677077,514
1089000,4355.999999924642,-677286.697291756,132300.23237059743,-544986.4649211586,302.9483763596004,520.3953654581676,1.0033649631677077,514
1090000,4359.999999924547,-677298.4142828551,131898.80244103703,-545399.6118418181,302.02915994400246,520.3953654581676,1.0033649631677077,514
1091000,4363.999999924453,-678017.6991910916,132409.30109786752,-545608.398093224,303.1981279529727,520.3953654581676,1.0033649631677077,514
1092000,4367.999999924358,-679217.7468051198,131635.02641751064,-547582.7203876092,301.4251510422942,520.3953654581676,1.0033649631677077,514
1093000,4371.999999924264,-676950.1476437193,130978.23279602572,-545971.9148476936,299.92118874633366,520.3953654581676,1.0033649631677077,514
1094000,4375.999999924169,-678062.3788218438,131863.53438261914,-546198.8444392246,301.9484011966926,520.3953654581676,1.0033649631677077,514
1095000,4379.9999999240745,-680142.4774834667,131991.40917628945,-548151.0683071773,302.2412159591884,520.3953654581676,1.0033649631677077,514
1096000,4383.99999992398,-677202.0667434405,131027.16321651233,-546174.9035269282,300.0332323246056,520.3953654581676,1.0033649631677077,514
1097000,4387.999999923885,-677372.4534725128,131631.7150394722,-545740.7384330406,301.41756846604113,520.3953654581676,1.0033649631677077,514
1098000,4391.999999923791,-677311.2133967578,131106.6599875477,-546204.5534092102,300.21526841992807,520.3953654581676,1.0033649631677077,514
1099000,4395.999999923696,-677761.6758741369,132216.17104312807,-545545.5048310088,302.7558880909468,520.3953654581676,1.0033649631677077,514
1100000,4399.9999999236015,-677225.4803374377,132412.72398352786,-544812.7563539098,303.2059658655348,520.3953654581676,1.0033649631677077,514
1101000,4403.999999923507,-677284.118416254,131294.89973580555,-545989.2186804484,300.64631018817914,520.3953654581676,1.0033649631677077,514
1102000,4407.999999923412,-676654.33335402,131952.05555464164,-544702.2777993784,302.1511018636313,520.3953654581676,1.0033649631677077,514
1103000,4411.999999923318,-677769.5796688409,131535.2324485835,-546234.3472202574,301.19663730263375,520.3953654581676,1.0033649631677077,514
1104000,4415.999999923223,-677928.3808115725,130423.09024163871,-547505.2905699338,298.64999267595516,520.3953654581676,1.0033649631677077,514
1105000,4419.999999923129,-678113.1357359826,131595.31023337005,-546517.8255026125,301.3342067311241,520.3953654581676,1.0033649631677077,514
1106000,4423.999999923034,-677700.7546704942,130706.55900121914,-546994.1956692751,299.29909509191316,520.3953654581676,1.0033649631677077,514
1107000,4427.999999922939,-677915.3379267426,130945.20903839295,-546970.1288883496,299.8455691228691,520.3953654581676,1.0033649631677077,514
1108000,4431.999999922845,-677285.6298971586,130429.32070186135,-546856.3091952973,298.66425952775575,520.3953654581676,1.0033649631677077,514
1109000,4435.99999992275,-677605.6146511799,131260.53798704362,-546345.0766641363,300.5676267587567,520.3953654581676,1.0033649631677077,514
1110000,4439.999999922656,-678467.8330287961,132651.08196142782,-545816.7510673683,303.75177112304084,520.3953654581676,1.0033649631677077,514
1111000,4443.999999922561,-677561.4514200487,131927.2126505319,-545634.2387695168,302.09421521022756,520.3953654581676,1.0033649631677077,514
1112000,4447.9999999224665,-678304.4934325861,132179.2910095753,-546125.2024230107,302.6714381539762,520.3953654581676,1.0033649631677077,514
1113000,4451.999999922372,-676524.6236482896,130967.1299490162,-545557.4936992733,299.89576483426464,520.3953654581676,1.0033649631677077,514
1114000,4455.999999922277,-677714.0313412044,131397.85468866446,-546316.17665254,300.8820621233641,520.3953654581676,1.0033649631677077,514
1115000,4459.999999922183,-678273.4874118865,130481.43188955195,-547792.0555223345,298.7835866023812,520.3953654581676,1.0033649631677077,514
1116000,4463.999999922088,-676446.2329436629,131534.21998685366,-544912.0129568093,301.1943189118669,520.3953654581676,1.0033649631677077,514
1117000,4467.999999921994,-679268.0951195392,131311.28861344449,-547956.8065060948,300.6838383450244,520.3953654581676,1.0033649631677077,514
1118000,4471.999999921899,-676958.6496419595,131582.14394975238,-545376.505692207,301.3040578479877,520.3953654581676,1.0033649631677077,514
1119000,4475.999999921804,-677878.7456792444,132593.2230076042,-545285.5226716402,303.61928249619075,520.3953654581676,1.0033649631677077,514
1120000,4479.99999992171,-678382.2434968231,130460.17570132058,-547922.0677955025,298.73491300901776,520.3953654581676,1.0033649631677077,514
1121000,4483.999999921615,-677680.6649460653,132024.77250968618,-545655.8924363791,302.31761316198526,520.3953654581676,1.0033649631677077,514
1122000,4487.999999921521,-676494.2207217533,131502.9693071216,-544991.2514146317,301.1227593800707,520.3953654581676,1.0033649631677077,514
1123000,4491.999999921426,-676402.0460982639,131475.9586010435,-544926.0874972204,301.06090877403574,520.3953654581676,1.0033649631677077,514
1124000,4495.999999921331,-678165.7888557496,131785.09748116933,-546380.6913745804,301.76879204926246,520.3953654581676,1.0033649631677077,514
1125000,4499.999999921237,-678910.6055785245,131553.23406024,-547357.3715182845,301.23785838687127,520.3953654581676,1.0033649631677077,514
1126000,4503.999999921142,-678966.6810312769,130825.20459808756,-548141.4764331894,299.5707763300294,520.3953654581676,1.0033649631677077,514
1127000,4507.999999921048,-676123.4982449007,131352.63489135687,-544770.8633535439,300.7785153349105,520.3953654581676,1.0033649631677077,514
1128000,4511.999999920953,-677488.2646948765,131023.53125992499,-546464.7334349515,300.0249156698921,520.3953654581676,1.0033649631677077,514
1129000,4515.9999999208585,-677057.8172363369,132504.63438914766,-544553.1828471893,303.41642738668367,520.3953654581676,1.0033649631677077,514
1130000,4519.999999920764,-678027.1000281321,131400.39477803028,-546626.7052501019,300.88787856023197,520.3953654581676,1.0033649631677077,514
1131000,4523.999999920669,-677967.9890176184,131437.26918915415,-546530.7198284642,300.9723156226545,520.3953654581676,1.0033649631677077,514
1132000,4527.999999920575,-678203.5750646233,132193.73981467017,-546009.8352499531,302.704523825599,520.3953654581676,1.0033649631677077,514
1133000,4531.99999992048,-676813.1163098882,132571.39714803605,-544241.7191618521,303.5693044379489,520.3953654581676,1.0033649631677077,514
1134000,4535.999999920386,-677906.4445105935,130720.83273644338,-547185.6117741502,299.3317798788805,520.3953654581676,1.0033649631677077,514
1135000,4539.999999920291,-677464.3929753676,132553.11543522368,-544911.2775401439,303.52744196262034,520.3953654581676,1.0033649631677077,514
1136000,4543.999999920196,-678270.6495238245,131628.7985478344,-546641.8509759901,301.41089012246977,520.3953654581676,1.0033649631677077,514
1137000,4547.999999920102,-678994.1284394562,131427.07887508738,-547567.0495643688,300.9489812788986,520.3953654581676,1.0033649631677077,514
1138000,4551.999999920007,-678096.7758273217,132415.67634667782,-545681.0994806439,303.2127263496751,520.3953654581676,1.0033649631677077,514
1139000,4555.999999919913,-679825.3214591411,132698.10111324827,-547127.2203458928,303.85943817280014,520.3953654581676,1.0033649631677077,514
1140000,4559.999999919818,-678744.6536777625,130480.28812443794,-548264.3655533246,298.78096754587597,520.3953654581676,1.0033649631677077,514
1141000,4563.999999919723,-677204.4409714588,130925.38638176193,-546279.0545896969,299.80017810930923,520.3953654581676,1.0033649631677077,514
1142000,4567.999999919629,-678017.6975561338,131129.95607801166,-546887.7414781222,300.2686130940463,520.3953654581676,1.0033649631677077,514
1143000,4571.999999919534,-677252.5168472813,131474.69226711313,-545777.8245801681,301.05800905268785,520.3953654581676,1.0033649631677077,514
1144000,4575.99999991944,-677072.5998097574,131559.2450375168,-545513.3547722406,301.2516226545049,520.3953654581676,1.0033649631677077,514
1145000,4579.999999919345,-678335.667168891,132221.83479011722,-546113.8323787738,302.7688572514973,520.3953654581676,1.0033649631677077,514
1146000,4583.9999999192505,-676655.9751283722,131608.46052758518,-545047.5146007871,301.3643190008438,520.3953654581676,1.0033649631677077,514
1147000,4587.999999919156,-677385.3342658188,132312.40744806477,-545072.926817754,302.97625552416946,520.3953654581676,1.0033649631677077,514
1148000,4591.999999919061,-678978.1879085773,132424.6694663451,-546553.5184422322,303.23331929159815,520.3953654581676,1.0033649631677077,514
1149000,4595.999999918967,-677652.9038763824,131412.26633628883,-546240.6375400936,300.9150627097594,520.3953654581676,1.0033649631677077,514
1150000,4599.999999918872,-676965.7379517811,130864.940447793,-546100.7975039881,299.66176567249556,520.3953654581676,1.0033649631677077,514
1151000,4603.999999918778,-677599.443959468,132173.0704004343,-545426.3735590337,302.65719385972625,520.3953654581676,1.0033649631677077,514
1152000,4607.999999918683,-676829.6643077447,131088.43196915236,-545741.2323385924,300.17352889704,520.3953654581676,1.0033649631677077,514
1153000,4611.999999918588,-678059.5929198666,131614.88812069685,-546444.7047991697,301.37903725841744,520.3953654581676,1.0033649631677077,514
1154000,4615.999999918494,-678900.5462587518,131790.27076965314,-547110.2754890986,301.7806381308492,520.3953654581676,1.0033649631677077,514
1155000,4619.999999918399,-677840.7697192393,131632.25819665898,-546208.5115225804,301.418812217355,520.3953654581676,1.0033649631677077,514
1156000,4623.999999918305,-676999.7598710144,131438.75799856125,-545561.0018724531,300.9757247806318,520.3953654581676,1.0033649631677077,514
1157000,4627.99999991821,-678340.2165998137,131588.16172681085,-546752.0548730028,301.3178376861368,520.3953654581676,1.0033649631677077,514
1158000,4631.9999999181155,-678683.6264804676,131505.73902320373,-547177.8874572639,301.1291016288712,520.3953654581676,1.0033649631677077,514
1159000,4635.999999918021,-676964.1411617352,130663.44420265968,-546300.6969590755,299.2003684458097,520.3953654581676,1.0033649631677077,514
1160000,4639.999999917926,-677413.0829173555,132422.61416773047,-544990.468749625,303.22861295535756,520.3953654581676,1.0033649631677077,514
1161000,4643.999999917832,-677726.1495178947,131680.15404165725,-546045.9954762375,301.528486767555,520.3953654581676,1.0033649631677077,514
1162000,4647.999999917737,-677074.702553743,131243.31459902882,-545831.3879547142,300.5281876939796,520.3953654581676,1.0033649631677077,514
1163000,4651.9999999176425,-676107.4188116034,130312.6842379767,-545794.7345736268,298.39717891326984,520.3953654581676,1.0033649631677077,514
1164000,4655.999999917548,-678194.9938337388,131175.80222048028,-547019.1916132586,300.37359412223014,520.3953654581676,1.0033649631677077,514
1165000,4659.999999917453,-678770.7440054277,131793.15229291134,-546977.5917125164,301.7872364018943,520.3953654581676,1.0033649631677077,514
1166000,4663.999999917359,-677526.5053778179,132034.14789996343,-545492.3574778545,302.339081448256,520.3953654581676,1.0033649631677077,514
1167000,4667.999999917264,-676509.6154418653,131930.67063098226,-544578.944810883,302.10213348477737,520.3953654581676,1.0033649631677077,514
1168000,4671.99999991717,-676197.2658372838,131442.0043058829,-544755.261531401,300.9831583543651,520.3953654581676,1.0033649631677077,514
1169000,4675.999999917075,-675831.8963784943,131688.69070975226,-544143.2056687421,301.54803450146716,520.3953654581676,1.0033649631677077,514
1170000,4679.99999991698,-675787.3010580894,131404.5517561182,-544382.7493019712,300.89739743816386,520.3953654581676,1.0033649631677077,514
1171000,4683.999999916886,-679050.1802668953,132813.7489854101,-546236.4312814852,304.1242550553792,520.3953654581676,1.0033649631677077,514
1172000,4687.999999916791,-678178.018986214,131733.48897268588,-546444.5300135281,301.6506160372385,520.3953654581676,1.0033649631677077,514
1173000,4691.999999916697,-677867.3678647429,132764.86606423685,-545102.501800506,304.0123202436574,520.3953654581676,1.0033649631677077,514
1174000,4695.999999916602,-677446.3247617953,131161.70202092762,-546284.6227408678,300.3413067068244,520.3953654581676,1.0033649631677077,514
1175000,4699.9999999165075,-676413.4183354732,131912.6421452667,-544500.7761902064,302.0608508628357,520.3953654581676,1.0033649631677077,514
1176000,4703.999999916413,-677397.7410910996,130322.13986074878,-547075.6012303508,298.4188309203369,520.3953654581676,1.0033649631677077,514
1177000,4707.999999916318,-677859.1322179711,131996.3428175901,-545862.789400381,302.2525132834243,520.3953654581676,1.0033649631677077,514
1178000,4711.999999916224,-677864.6220331825,131632.81607157225,-546231.8059616103,301.42008967013163,520.3953654581676,1.0033649631677077,514
1179000,4715.999999916129,-678099.3914014678,132311.88710716896,-545787.5042942988,302.9750640188583,520.3953654581676,1.0033649631677077,514
1180000,4719.9999999160345,-676325.4941572216,130579.6379455004,-545745.8562117212,299.0084642512346,520.3953654581676,1.0033649631677077,514
1181000,4723.99999991594,-679002.9795432677,131141.80951361643,-547861.1700296514,300.2957557453207,520.3953654581676,1.0033649631677077,514
1182000,4727.999999915845,-676822.5363309928,131533.85736800238,-545288.6789629904,301.1934885672011,520.3953654581676,1.0033649631677077,514
1183000,4731.999999915751,-677247.165761794,131499.07598335738,-545748.0897784366,301.1138442323655,520.3953654581676,1.0033649631677077,514
1184000,4735.999999915656,-677208.1546419812,132423.5776091569,-544784.5770328243,303.23081909672726,520.3953654581676,1.0033649631677077,514
1185000,4739.999999915562,-677027.3580926335,130983.91550610884,-546043.4425865246,299.9342013296236,520.3953654581676,1.0033649631677077,514
1186000,4743.999999915467,-677783.5993220578,131072.8842365518,-546710.715085506,300.1379268405431,520.3953654581676,1.0033649631677077,514
1187000,4747.999999915372,-678729.1283172886,131343.44250024122,-547385.6858170474,300.75746609022326,520.3953654581676,1.0033649631677077,514
1188000,4751.999999915278,-677545.3037475557,133178.2325700138,-544367.071177542,304.95886969049275,520.3953654581676,1.0033649631677077,514
1189000,4755.999999915183,-676775.8229613244,131947.51522263174,-544828.3077386926,302.14070516072394,520.3953654581676,1.0033649631677077,514
1190000,4759.999999915089,-677451.3936029281,131499.8185689978,-545951.5750339304,301.1155446459631,520.3953654581676,1.0033649631677077,514
1191000,4763.999999914994,-677435.9024853026,132202.989039352,-545232.9134459507,302.72570321092377,520.3953654581676,1.0033649631677077,514
1192000,4767.9999999148995,-677151.468806332,131773.69877960742,-545377.7700267246,301.74269067310524,520.3953654581676,1.0033649631677077,514
1193000,4771.999999914805,-678015.2617095136,131681.41492970195,-546333.8467798117,301.5313740186132,520.3953654581676,1.0033649631677077,514
1194000,4775.99999991471,-678083.2604754139,131255.68747471948,-546827.5730006944,300.55651978784084,520.3953654581676,1.0033649631677077,514
1195000,4779.999999914616,-677172.7605401753,132172.7634207396,-544999.9971194357,302.6564909206729,520.3953654581676,1.0033649631677077,513
1196000,4783.999999914521,-677902.8545695553,130735.30323551499,-547167.5513340402,299.364915226569,520.3953654581676,1.0033649631677077,514
1197000,4787.999999914427,-676518.2231987151,131231.7638625649,-545286.4593361502,300.5017381799099,520.3953654581676,1.0033649631677077,514
1198000,4791.999999914332,-678711.5120151616,131471.61690105498,-547239.8951141066,301.0509669096974,520.3953654581676,1.0033649631677077,513
1199000,4795.999999914237,-675863.5240648063,131237.38337373882,-544626.1406910674,300.5146060468484,520.3953654581676,1.0033649631677077,514
1200000,4799.999999914143,-676555.8593759947,131834.0003805207,-544721.858995474,301.88077260811946,520.3953654581676,1.0033649631677077,513
1201000,4803.999999914048,-676775.8025433677,131516.932570194,-545258.8699731737,301.1547332307637,520.3953654581676,1.0033649631677077,513
1202000,4807.999999913954,-677437.1370858378,131311.8232213889,-546125.3138644488,300.68506251981125,520.3953654581676,1.0033649631677077,514
1203000,4811.999999913859,-676555.2004863909,130710.85095575148,-545844.3495306394,299.30892304635955,520.3953654581676,1.0033649631677077,513
1204000,4815.999999913764,-677390.1764670596,132387.16428932606,-545003.0121777336,303.1474378666043,520.3953654581676,1.0033649631677077,513
1205000,4819.99999991367,-678059.7943217428,131393.23327619053,-546666.5610455524,300.87147975793374,520.3953654581676,1.0033649631677077,513
1206000,4823.999999913575,-678092.3496566587,131217.4286762823,-546874.9209803764,300.4689126789164,520.3953654581676,1.0033649631677077,513
1207000,4827.999999913481,-677683.43543156,131330.75964659624,-546352.6757849638,300.7284241917283,520.3953654581676,1.0033649631677077,513
1208000,4831.999999913386,-675788.4827533658,131682.17042401596,-544106.3123293498,301.53310399120414,520.3953654581676,1.0033649631677077,513
1209000,4835.9999999132915,-678356.3334323307,130355.08890975639,-548001.2445225744,298.49427947186695,520.3953654581676,1.0033649631677077,513
1210000,4839.999999913197,-677773.904522778,131996.51391194575,-545777.3906108323,302.25290506472595,520.3953654581676,1.0033649631677077,513
1211000,4843.999999913102,-677316.8024940542,131608.27499292605,-545708.5275011281,301.363894153338,520.3953654581676,1.0033649631677077,513
1212000,4847.999999913008,-678715.954000433,131467.2826326954,-547248.6713677376,301.04104206271325,520.3953654581676,1.0033649631677077,514
1213000,4851.999999912913,-677843.3573905588,131554.2947355806,-546289.0626549782,301.2402871798259,520.3953654581676,1.0033649631677077,513
1214000,4855.999999912819,-677424.1726119579,132381.0673613915,-545043.1052505664,303.1334767844092,520.3953654581676,1.0033649631677077,513
1215000,4859.999999912724,-677846.2592017851,131277.3849937256,-546568.8742080595,300.60620396477805,520.3953654581676,1.0033649631677077,513
1216000,4863.999999912629,-677992.0167933907,130995.59922660832,-546996.4175667824,299.9609553578799,520.3953654581676,1.0033649631677077,513
1217000,4867.999999912535,-678102.3521650224,132099.3154047049,-546003.0367603175,302.48830559850194,520.3953654581676,1.0033649631677077,513
1218000,4871.99999991244,-678010.819434802,131290.89009654033,-546719.9293382617,300.63712869481805,520.3953654581676,1.0033649631677077,513
1219000,4875.999999912346,-678536.4426315352,132196.81399150542,-546339.6286400298,302.7115632454412,520.3953654581676,1.0033649631677077,513
1220000,4879.999999912251,-677071.5286301244,130568.10313014695,-546503.4254999774,298.9820511942027,520.3953654581676,1.0033649631677077,513
1221000,4883.999999912156,-676990.0524450266,131229.33693239355,-545760.7155126331,300.4961808612131,520.3953654581676,1.0033649631677077,513
1222000,4887.999999912062,-677195.6724880096,131471.6106100736,-545724.0618779359,301.050952504261,520.3953654581676,1.0033649631677077,513
1223000,4891.999999911967,-677328.8738192706,131794.25158854784,-545534.6222307228,301.7897536297347,520.3953654581676,1.0033649631677077,513
1224000,4895.999999911873,-678105.1416445537,131905.67165333324,-546199.4699912205,302.0448894455666,520.3953654581676,1.0033649631677077,513
1225000,4899.999999911778,-678072.107929531,130789.95583795889,-547282.1520915722,299.4900617730076,520.3953654581676,1.0033649631677077,513
1226000,4903.9999999116835,-677529.4721815046,131120.2570545675,-546409.215126937,300.2464037346822,520.3953654581676,1.0033649631677077,513
1227000,4907.999999911589,-678039.0730937598,131465.44335478183,-546573.629738978,301.03683038260056,520.3953654581676,1.0033649631677077,513
1228000,4911.999999911494,-678022.129650454,132091.73795340984,-545930.3916970443,302.4709543321765,520.3953654581676,1.0033649631677077,513
1229000,4915.9999999114,-676999.52112361,131792.54906457156,-545206.9720590385,301.7858550963377,520.3953654581676,1.0033649631677077,513
1230000,4919.999999911305,-676176.4484145069,131533.01174233155,-544643.4366721753,301.19155220685315,520.3953654581676,1.0033649631677077,513
1231000,4923.999999911211,-677946.1083928016,129998.1317279581,-547947.9766648435,297.67689920942894,520.3953654581676,1.0033649631677077,513
1232000,4927.999999911116,-678410.2029059231,131732.5378496147,-546677.6650563085,301.6484381031186,520.3953654581676,1.0033649631677077,513
1233000,4931.999999911021,-677225.5607203022,130473.61179770529,-546751.9489225969,298.7656797243245,520.3953654581676,1.0033649631677077,513
1234000,4935.999999910927,-678448.5133973379,131070.04502861388,-547378.468368724,300.13142546545464,520.3953654581676,1.0033649631677077,513
1235000,4939.999999910832,-677281.6899412316,132247.9787126585,-545033.7112285731,302.82872304873473,520.3953654581676,1.0033649631677077,513
1236000,4943.999999910738,-678301.5188910919,131420.9570538062,-546880.5618372858,300.934963194544,520.3953654581676,1.0033649631677077,513
1237000,4947.999999910643,-677051.0115550654,131750.82887617685,-545300.1826788886,301.6903219055857,520.3953654581676,1.0033649631677077,513
1238000,4951.9999999105485,-678873.2902174899,130997.11000382935,-547876.1802136606,299.96441481897045,520.3953654581676,1.0033649631677077,513
1239000,4955.999999910454,-678099.0121474913,131696.0447547522,-546402.9673927391,301.5648741997238,520.3953654581676,1.0033649631677077,513
1240000,4959.999999910359,-676854.9117500256,131226.20859168086,-545628.7031583447,300.489017413934,520.3953654581676,1.0033649631677077,513
1241000,4963.999999910265,-678557.1117128651,131564.89685558475,-546992.2148572803,301.264564499553,520.3953654581676,1.0033649631677077,513
1242000,4967.99999991017,-676824.1571172327,131294.49104886758,-545529.6660683651,300.6453743542651,520.3953654581676,1.0033649631677077,513
1243000,4971.9999999100755,-678151.1226240778,131018.38047651312,-547132.7421475647,300.0131211216616,520.3953654581676,1.0033649631677077,513
1244000,4975.999999909981,-678883.5755660571,132165.16153287605,-546718.414033181,302.63908369814385,520.3953654581676,1.0033649631677077,513
1245000,4979.999999909886,-678477.0450638654,131546.77909554727,-546930.2659683181,301.22307745234014,520.3953654581676,1.0033649631677077,513
1246000,4983.999999909792,-676941.2682141582,131397.51862388663,-545543.7495902716,300.8812925836817,520.3953654581676,1.0033649631677077,513
1247000,4987.999999909697,-677319.539099568,131589.74713034055,-545729.7919692275,301.321468030669,520.3953654581676,1.0033649631677077,513
1248000,4991.999999909603,-679161.5050413115,131411.7477503759,-547749.7572909356,300.9138752231049,520.3953654581676,1.0033649631677077,513
1249000,4995.999999909508,-677635.6947698388,131810.55795900113,-545825.1368108377,301.8270928570711,520.3953654581676,1.0033649631677077,513
1250000,4999.999999909413,-677165.342027605,131654.41176321977,-545510.9302643853,301.46954067716126,520.3953654581676,1.0033649631677077,513
1251000,5003.999999909319,-677617.9888526262,131160.79528551653,-546457.1935671096,300.3392304140193,520.3953654581676,1.0033649631677077,513
1252000,5007.999999909224,-676263.434910527,131730.05399208883,-544533.3809184381,301.6427504290225,520.3953654581676,1.0033649631677077,513
1253000,5011.99999990913,-677873.8278532494,131063.49360554194,-546810.3342477074,300.1164236552013,520.3953654581676,1.0033649631677077,513
1254000,5015.999999909035,-678316.2317365333,130046.97757372982,-548269.2541628035,297.78874912384936,520.3953654581676,1.0033649631677077,513
1255000,5019.9999999089405,-678801.6527550342,132389.40534955065,-546412.2474054835,303.1525695700352,520.3953654581676,1.0033649631677077,513
1256000,5023.999999908846,-677571.6817066004,131417.9605072724,-546153.721199328,300.928101536852,520.3953654581676,1.0033649631677077,513
1257000,5027.999999908751,-676737.450164774,131514.90427567603,-545222.545889098,301.1500887299946,520.3953654581676,1.0033649631677077,513
1258000,5031.999999908657,-678545.0492935819,131595.43466549576,-546949.6146280861,301.3344916626755,520.3953654581676,1.0033649631677077,513
1259000,5035.999999908562,-677796.1177374348,130594.11417568801,-547202.0035617468,299.0416127223489,520.3953654581676,1.0033649631677077,513
1260000,5039.9999999084675,-679062.4236237649,130708.76667541618,-548353.6569483487,299.30415034617494,520.3953654581676,1.0033649631677077,513
1261000,5043.999999908373,-677542.9897616669,130788.15164159314,-546754.8381200738,299.4859304245599,520.3953654581676,1.0033649631677077,513
1262000,5047.999999908278,-675747.013244079,131373.08034179648,-544373.9329022825,300.82533245611756,520.3953654581676,1.0033649631677077,513
1263000,5051.999999908184,-677630.3228544244,130320.18467546371,-547310.1381789607,298.4143538291257,520.3953654581676,1.0033649631677077,513
1264000,5055.999999908089,-677635.966409299,131006.89231762273,-546629.0740916764,299.9868149011747,520.3953654581676,1.0033649631677077,513
1265000,5059.999999907995,-677018.4373302772,132030.11941761646,-544988.3179126608,302.32985680696606,520.3953654581676,1.0033649631677077,513
1266000,5063.9999999079,-677293.3194406829,130696.78831888165,-546596.5311218012,299.2767216440588,520.3953654581676,1.0033649631677077,513
1267000,5067.999999907805,-677672.5310347481,131556.20810080483,-546116.3229339432,301.2446685091529,520.3953654581676,1.0033649631677077,513
1268000,5071.999999907711,-676935.9953945205,131934.11916964524,-545001.8762248752,302.11003013900125,520.3953654581676,1.0033649631677077,513
1269000,5075.999999907616,-677585.6299993438,132173.1601236962,-545412.4698756476,302.6573993130049,520.3953654581676,1.0033649631677077,513
1270000,5079.999999907522,-677803.1906792745,131656.78042504482,-546146.4102542297,301.4749645697817,520.3953654581676,1.0033649631677077,513
1271000,5083.999999907427,-678098.1843127655,131577.84728505462,-546520.3370277109,301.2942191079445,520.3953654581676,1.0033649631677077,513
1272000,5087.9999999073325,-678209.1917492189,133151.77825925685,-545057.413489962,304.8982931491827,520.3953654581676,1.0033649631677077,513
1273000,5091.999999907238,-677321.9755592444,131149.78130464,-546172.1942546044,300.3140099925279,520.3953654581676,1.0033649631677077,513
1274000,5095.999999907143,-676665.0247623972,130611.21872516564,-546053.8060372316,299.0807796640825,520.3953654581676,1.0033649631677077,513
1275000,5099.999999907049,-678178.5610597883,132256.76415120493,-545921.7969085834,302.8488404309611,520.3953654581676,1.0033649631677077,513
1276000,5103.999999906954,-676942.0617355118,132596.5604644117,-544345.5012711,303.6269247890491,520.3953654581676,1.0033649631677077,513
1277000,5107.99999990686,-677657.471054126,131127.37052858947,-546530.1005255366,300.2626925602316,520.3953654581676,1.0033649631677077,513
1278000,5111.999999906765,-678057.2555549038,131620.6316751535,-546436.6238797503,301.3921891665131,520.3953654581676,1.0033649631677077,513
1279000,5115.99999990667,-677579.1539648175,131437.44048459397,-546141.7134802236,300.97270786440976,520.3953654581676,1.0033649631677077,513
1280000,5119.999999906576,-677222.6240448239,131476.56530354294,-545746.058741281,301.062298034915,520.3953654581676,1.0033649631677077,513
1281000,5123.999999906481,-675544.313824241,131365.19807815144,-544179.1157460896,300.8072832136445,520.3953654581676,1.0033649631677077,513
1282000,5127.999999906387,-677223.2417094898,131053.50114398007,-546169.7405655098,300.0935423650345,520.3953654581676,1.0033649631677077,513
1283000,5131.999999906292,-676183.4928199407,131244.81724334008,-544938.6755766006,300.53162853188434,520.3953654581676,1.0033649631677077,513
1284000,5135.999999906197,-676538.5511626196,130884.79535956285,-545653.7558030568,299.70723054565315,520.3953654581676,1.0033649631677077,513
1285000,5139.999999906103,-678059.4530627192,131516.89348078065,-546542.5595819385,301.1546437216669,520.3953654581676,1.0033649631677077,513
1286000,5143.999999906008,-678040.0858749738,131563.87315328445,-546476.2127216894,301.2622203695073,520.3953654581676,1.0033649631677077,513
1287000,5147.999999905914,-678771.7115298123,131473.11535121046,-547298.5961786018,301.05439814359266,520.3953654581676,1.0033649631677077,513
1288000,5151.999999905819,-678467.9429479497,131643.09977215203,-546824.8431757977,301.44363785548086,520.3953654581676,1.0033649631677077,513
1289000,5155.9999999057245,-677381.6274725832,130839.28204138717,-546542.345431196,299.6030116369105,520.3953654581676,1.0033649631677077,513
1290000,5159.99999990563,-677366.873001324,131855.33607095663,-545511.5369303674,301.92962825002013,520.3953654581676,1.0033649631677077,513
1291000,5163.999999905535,-678056.1110436707,130509.99438065558,-547546.1166630151,298.84899057144145,520.3953654581676,1.0033649631677077,513
1292000,5167.999999905441,-678573.4718973846,130965.7692298431,-547607.7026675416,299.89264898437693,520.3953654581676,1.0033649631677077,513
1293000,5171.999999905346,-676595.7568361517,131598.26045790873,-544997.496378243,301.34096231815425,520.3953654581676,1.0033649631677077,513
1294000,5175.999999905252,-678795.427967465,131539.05472125218,-547256.3732462128,301.2053897536176,520.3953654581676,1.0033649631677077,513
1295000,5179.999999905157,-676721.6971948682,130517.11560670123,-546204.581588167,298.86529714800264,520.3953654581676,1.0033649631677077,513
1296000,5183.999999905062,-677794.8099108422,131948.42847080142,-545846.3814400408,302.1427963668031,520.3953654581676,1.0033649631677077,513
1297000,5187.999999904968,-677472.5400662562,131292.61765127775,-546179.9224149785,300.64108454503383,520.3953654581676,1.0033649631677077,513
1298000,5191.999999904873,-677003.1900526201,132187.67533832847,-544815.5147142917,302.6906370528528,520.3953654581676,1.0033649631677077,513
1299000,5195.999999904779,-679711.7615030394,130482.0996256083,-549229.6618774311,298.7851156212686,520.3953654581676,1.0033649631677077,513
1300000,5199.999999904684,-678491.0139401872,131074.36866513698,-547416.6452750502,300.14132596707253,520.3953654581676,1.0033649631677077,513
1301000,5203.9999999045895,-676533.9579521818,131376.90279958496,-545157.0551525969,300.83408533099896,520.3953654581676,1.0033649631677077,513
1302000,5207.999999904495,-677021.5999013963,131806.26243692858,-545215.3374644677,301.8172567334742,520.3953654581676,1.0033649631677077,513
1303000,5211.9999999044,-678339.5704392083,130868.30181295404,-547471.2686262543,299.66946271202187,520.3953654581676,1.0033649631677077,513
1304000,5215.999999904306,-675870.4630887602,131871.32902972022,-543999.1340590399,301.96624980996603,520.3953654581676,1.0033649631677077,513
1305000,5219.999999904211,-677971.4473318104,131668.79777680605,-546302.6495550043,301.5024825653209,520.3953654581676,1.0033649631677077,513
1306000,5223.9999999041165,-677621.2323483634,131688.76172941996,-545932.4706189435,301.5481971262233,520.3953654581676,1.0033649631677077,513
1307000,5227.999999904022,-678285.8169673299,132071.9421695161,-546213.8747978138,302.42562485329415,520.3953654581676,1.0033649631677077,513
1308000,5231.999999903927,-677813.1769098113,131637.16818133323,-546176.0087284781,301.43005537134167,520.3953654581676,1.0033649631677077,513
1309000,5235.999999903833,-678741.9203102337,131073.58243465715,-547668.3378755766,300.1395256131122,520.3953654581676,1.0033649631677077,513
1310000,5239.999999903738,-676567.927386364,131497.7024443957,-545070.2249419682,301.11069902701814,520.3953654581676,1.0033649631677077,513
1311000,5243.999999903644,-676936.5191702656,131350.24059539815,-545586.2785748675,300.7730327438354,520.3953654581676,1.0033649631677077,513
1312000,5247.999999903549,-677380.8588634119,130666.67315490067,-546714.1857085113,299.2077622789211,520.3953654581676,1.0033649631677077,513
1313000,5251.999999903454,-676945.7579181464,131011.29607973446,-545934.461838412,299.99689887878924,520.3953654581676,1.0033649631677077,513
1314000,5255.99999990336,-677366.7473514364,130788.40677719202,-546578.3405742444,299.4865146481402,520.3953654581676,1.0033649631677077,513
1315000,5259.999999903265,-677078.6436261609,131504.23542536746,-545574.4082007934,301.1256586075323,520.3953654581676,1.0033649631677077,513
1316000,5263.999999903171,-678712.9438253078,130598.4209450034,-548114.5228803044,299.05147460050335,520.3953654581676,1.0033649631677077,513
1317000,5267.999999903076,-677876.9609814067,131513.4784562147,-546363.482525192,301.1468238098728,520.3953654581676,1.0033649631677077,513
1318000,5271.9999999029815,-676860.2499140347,131553.64617732377,-545306.603736711,301.2388020753226,520.3953654581676,1.0033649631677077,513
1319000,5275.999999902887,-677978.5609184527,131376.90061674124,-546601.6603017114,300.8340803326029,520.3953654581676,1.0033649631677077,513
1320000,5279.999999902792,-677816.1579439663,131114.97100147806,-546701.1869424883,300.23429943847566,520.3953654581676,1.0033649631677077,513
1321000,5283.999999902698,-678728.7659446048,132096.56022330586,-546632.2057212989,302.48199663202126,520.3953654581676,1.0033649631677077,513
1322000,5287.999999902603,-677693.0237841439,131145.12823463426,-546547.8955495096,300.30335513593343,520.3953654581676,1.0033649631677077,513
1323000,5291.9999999025085,-678375.5635022968,131090.28546446585,-547285.278037831,300.1777731329401,520.3953654581676,1.0033649631677077,513
1324000,5295.999999902414,-678370.9132031826,131177.64889755237,-547193.2643056302,300.3778227453446,520.3953654581676,1.0033649631677077,513
1325000,5299.999999902319,-679678.8644674076,131536.7648836443,-548142.0995837633,301.20014635704143,520.3953654581676,1.0033649631677077,513
1326000,5303.999999902225,-679125.5584769403,131733.15221644918,-547392.4062604911,301.64984491421535,520.3953654581676,1.0033649631677077,513
1327000,5307.99999990213,-678160.7664361531,132040.40992212482,-546120.3565140283,302.3534205723266,520.3953654581676,1.0033649631677077,513
1328000,5311.999999902036,-677967.629741847,132675.47495842678,-545292.1547834203,303.80762755430305,520.3953654581676,1.0033649631677077,513
1329000,5315.999999901941,-679002.0688750218,131278.8798256999,-547723.1890493219,300.60962691356224,520.3953654581676,1.0033649631677077,513
1330000,5319.999999901846,-678434.7842599503,131748.70211974173,-546686.0821402086,301.6854519412827,520.3953654581676,1.0033649631677077,513
1331000,5323.999999901752,-678093.3795727012,131580.95191406977,-546512.4276586315,301.3013282588695,520.3953654581676,1.0033649631677077,513
1332000,5327.999999901657,-676822.0464933151,131675.40178101987,-545146.6447122953,301.5176047787759,520.3953654581676,1.0033649631677077,513
1333000,5331.999999901563,-677774.0760159129,131329.6514292614,-546444.4245866515,300.7258865344905,520.3953654581676,1.0033649631677077,513
1334000,5335.999999901468,-676859.2524383543,132214.76971729728,-544644.482721057,302.7526792576925,520.3953654581676,1.0033649631677077,513
1335000,5339.9999999013735,-678471.6967951134,131283.06047047873,-547188.6363246347,300.6191999847896,520.3953654581676,1.0033649631677077,513
1336000,5343.999999901279,-677472.1208969844,129973.77539586206,-547498.3455011223,297.62112673548575,520.3953654581676,1.0033649631677077,513
1337000,5347.999999901184,-677948.0415315386,132038.5241310171,-545909.5174005216,302.34910238373385,520.3953654581676,1.0033649631677077,513
1338000,5351.99999990109,-677091.0984858884,130997.40498419215,-546093.6935016963,299.965090281291,520.3953654581676,1.0033649631677077,513
1339000,5355.999999900995,-676196.869736718,131717.7293443248,-544479.1403923932,301.61452877013033,520.3953654581676,1.0033649631677077,513
1340000,5359.999999900901,-676184.9763881182,131785.43690543383,-544399.5394826843,301.76956928168283,520.3953654581676,1.0033649631677077,513
1341000,5363.999999900806,-677071.9689495647,131617.38447124255,-545454.5844783222,301.3847535397202,520.3953654581676,1.0033649631677077,513
1342000,5367.999999900711,-676263.3681838629,131234.5395935385,-545028.8285903244,300.50809420194105,520.3953654581676,1.0033649631677077,513
1343000,5371.999999900617,-678258.3962347982,132065.632288235,-546192.7639465632,302.41117613876906,520.3953654581676,1.0033649631677077,513
1344000,5375.999999900522,-677751.9489409262,131541.5855982356,-546210.3633426906,301.21118509546363,520.3953654581676,1.0033649631677077,513
1345000,5379.999999900428,-677054.1116060615,131047.27384738869,-546006.8377586728,300.0792827574914,520.3953654581676,1.0033649631677077,513
1346000,5383.999999900333,-676737.6049299426,130860.61753069784,-545876.9873992448,299.65186681826344,520.3953654581676,1.0033649631677077,513
1347000,5387.999999900238,-677296.5913828625,131077.80602295406,-546218.7853599085,300.1491970187782,520.3953654581676,1.0033649631677077,513
1348000,5391.999999900144,-678154.9390018899,131544.99567870016,-546609.9433231897,301.21899368598145,520.3953654581676,1.0033649631677077,513
1349000,5395.999999900049,-677383.1910378854,130977.10098413943,-546406.090053746,299.9185970609892,520.3953654581676,1.0033649631677077,513
1350000,5399.999999899955,-678449.202639271,130632.04369569506,-547817.158943576,299.1284658313445,520.3953654581676,1.0033649631677077,513
1351000,5403.99999989986,-676745.4874288836,131382.5280381639,-545362.9593907197,300.8469663128657,520.3953654581676,1.0033649631677077,513
1352000,5407.9999998997655,-676934.7549443301,130716.1343399135,-546218.6206044166,299.3210212311086,520.3953654581676,1.0033649631677077,513
1353000,5411.999999899671,-677108.9135809662,131128.49457954871,-545980.4190014175,300.26526647417677,520.3953654581676,1.0033649631677077,513
1354000,5415.999999899576,-678110.6398342662,130882.33913701074,-547228.3006972554,299.7016061516456,520.3953654581676,1.0033649631677077,513
1355000,5419.999999899482,-676292.7692734832,131340.5891828853,-544952.1800905978,300.7509324066104,520.3953654581676,1.0033649631677077,513
1356000,5423.999999899387,-677522.7381462576,131310.01297555852,-546212.7251706991,300.6809173189654,520.3953654581676,1.0033649631677077,513
1357000,5427.999999899293,-678106.5961337467,132498.96918161015,-545607.6269521365,303.40345488168896,520.3953654581676,1.0033649631677077,513
1358000,5431.999999899198,-676638.3592618494,131622.21846616225,-545016.1407956872,301.39582268817145,520.3953654581676,1.0033649631677077,513
1359000,5435.999999899103,-677655.1465165936,132077.17899329925,-545577.9675232944,302.43761642151713,520.3953654581676,1.0033649631677077,513
1360000,5439.999999899009,-677274.6391613171,131052.8124187953,-546221.8267425218,300.09196528408205,520.3953654581676,1.0033649631677077,513
1361000,5443.999999898914,-677301.6936799856,131216.38218938193,-546085.3114906037,300.46651637543556,520.3953654581676,1.0033649631677077,513
1362000,5447.99999989882,-678037.154473783,130996.09720478824,-547041.0572689947,299.9620956558096,520.3953654581676,1.0033649631677077,513
1363000,5451.999999898725,-677208.7508947332,130488.45117353264,-546720.2997212006,298.79965974637383,520.3953654581676,1.0033649631677077,513
1364000,5455.99999989863,-676746.6315881186,130646.8269391103,-546099.8046490083,299.1623173182975,520.3953654581676,1.0033649631677077,513
1365000,5459.999999898536,-677592.8208486936,131227.87677687674,-546364.9440718169,300.49283731649575,520.3953654581676,1.0033649631677077,513
1366000,5463.999999898441,-677197.6954649491,131476.68436032525,-545721.0111046239,301.0625706577082,520.3953654581676,1.0033649631677077,513
1367000,5467.999999898347,-677578.8481978695,131338.71634444332,-546240.1318534261,300.7466438777468,520.3953654581676,1.0033649631677077,513
1368000,5471.999999898252,-677716.6983496896,131595.2800407475,-546121.4183089421,301.33413759439003,520.3953654581676,1.0033649631677077,513
1369000,5475.9999998981575,-677407.3123963252,132141.24485671177,-545266.0675396135,302.5843179726265,520.3953654581676,1.0033649631677077,513
1370000,5479.999999898063,-675704.170540317,131518.93638406537,-544185.2341562517,301.1593216743966,520.3953654581676,1.0033649631677077,513
1371000,5483.999999897968,-677735.7126006433,131198.0643836353,-546537.648217008,300.42457125251343,520.3953654581676,1.0033649631677077,513
1372000,5487.999999897874,-677845.8043624698,131554.78726530774,-546291.0170971621,301.2414150015876,520.3953654581676,1.0033649631677077,513
1373000,5491.999999897779,-676847.6667976412,131235.27409434482,-545612.3927032964,300.509776102439,520.3953654581676,1.0033649631677077,513
1374000,5495.999999897685,-677085.3227718892,132486.40320293524,-544598.9195689539,303.3746806099532,520.3953654581676,1.0033649631677077,513
1375000,5499.99999989759,-678412.1660033814,131448.10082608007,-546964.0651773013,300.9971185029006,520.3953654581676,1.0033649631677077,513
1376000,5503.999999897495,-677362.0325724822,132052.88260328484,-545309.1499691973,302.3819812062618,520.3953654581676,1.0033649631677077,513
1377000,5507.999999897401,-677258.7871319517,131010.31597539218,-546248.4711565594,299.99465458175484,520.3953654581676,1.0033649631677077,513
1378000,5511.999999897306,-678407.3392451028,130615.78345748395,-547791.5557876189,299.0912322401632,520.3953654581676,1.0033649631677077,513
1379000,5515.999999897212,-677133.2708597723,131023.29609635222,-546109.9747634202,300.0243771793598,520.3953654581676,1.0033649631677077,513
1380000,5519.999999897117,-676516.7201714981,130959.40300167115,-545557.317169827,299.87807124363025,520.3953654581676,1.0033649631677077,513
1381000,5523.9999998970225,-677164.137863976,131421.16463417327,-545742.9732298027,300.93543852352906,520.3953654581676,1.0033649631677077,513
1382000,5527.999999896928,-675801.1156980786,132898.85013999927,-542902.2655580794,304.3191243775804,520.3953654581676,1.0033649631677077,513
1383000,5531.999999896833,-678356.0515927337,131080.3693766948,-547275.6822160389,300.1550667276961,520.3953654581676,1.0033649631677077,513
1384000,5535.999999896739,-677180.2166502057,130796.03877955046,-546384.1778706552,299.5039908285023,520.3953654581676,1.0033649631677077,513
1385000,5539.999999896644,-678105.7087440551,132011.96260698905,-546093.746137066,302.2882803395564,520.3953654581676,1.0033649631677077,513
1386000,5543.9999998965495,-677967.5188457496,130846.37433819275,-547121.1445075568,299.61925196970066,520.3953654581676,1.0033649631677077,513
1387000,5547.999999896455,-678324.0910025262,131244.1744433199,-547079.9165592063,300.5301566129092,520.3953654581676,1.0033649631677077,513
1388000,5551.99999989636,-677771.9662358467,131020.98350272281,-546750.9827331239,300.0190816747892,520.3953654581676,1.0033649631677077,513
1389000,5555.999999896266,-677892.2980670929,131140.24992924847,-546752.0481378444,300.2921845229305,520.3953654581676,1.0033649631677077,513
1390000,5559.999999896171,-678363.3564878367,131384.22003968948,-546979.1364481472,300.85084075137416,520.3953654581676,1.0033649631677077,513
1391000,5563.999999896077,-677888.1626799358,131773.32317096274,-546114.8395089731,301.74183058369334,520.3953654581676,1.0033649631677077,513
1392000,5567.999999895982,-676847.1575156199,131912.32499455073,-544934.8325210691,302.0601246336164,520.3953654581676,1.0033649631677077,513
1393000,5571.999999895887,-679746.5512116323,131891.31910551488,-547855.2321061174,302.01202418916995,520.3953654581676,1.0033649631677077,513
1394000,5575.999999895793,-678949.1384181096,132171.62156783522,-546777.5168502744,302.65387624285097,520.3953654581676,1.0033649631677077,513
1395000,5579.999999895698,-677905.8556973515,131081.58577760163,-546824.2699197498,300.1578521096499,520.3953654581676,1.0033649631677077,513
1396000,5583.999999895604,-677131.0489838603,131753.18412227233,-545377.864861588,301.695715078128,520.3953654581676,1.0033649631677077,513
1397000,5587.999999895509,-677062.4599337704,131339.84915754962,-545722.6107762207,300.74923785574003,520.3953654581676,1.0033649631677077,513
1398000,5591.9999998954145,-676573.7490747496,131830.7621940116,-544742.986880738,301.87335762987107,520.3953654581676,1.0033649631677077,513
1399000,5595.99999989532,-676603.1175901298,131312.3224104842,-545290.7951796456,300.68620559056177,520.3953654581676,1.0033649631677077,513
1400000,5599.999999895225,-677191.9217281574,131205.74369287468,-545986.1780352828,300.4421557587834,520.3953654581676,1.0033649631677077,513
1401000,5603.999999895131,-677608.6572419284,132212.16526988655,-545396.4919720418,302.7467154502202,520.3953654581676,1.0033649631677077,513
1402000,5607.999999895036,-675469.3293979205,131806.07587275724,-543663.2535251633,301.8168295285345,520.3953654581676,1.0033649631677077,513
1403000,5611.9999998949415,-678808.6997421738,132237.95819744395,-546570.7415447298,302.8057775197651,520.3953654581676,1.0033649631677077,513
1404000,5615.999999894847,-677631.4235973745,131715.56048794265,-545915.8631094318,301.60956240304427,520.3953654581676,1.0033649631677077,513
1405000,5619.999999894752,-676357.7989368364,131246.10914751072,-545111.6897893257,300.5345868053801,520.3953654581676,1.0033649631677077,513
1406000,5623.999999894658,-677913.9770559515,131755.1521416217,-546158.8249143298,301.7002215574882,520.3953654581676,1.0033649631677077,513
1407000,5627.999999894563,-677916.8227037191,132050.81571528065,-545866.0069884385,302.3772483319972,520.3953654581676,1.0033649631677077,513
1408000,5631.999999894469,-678309.0763051827,132291.2836425437,-546017.7926626389,302.927885068045,520.3953654581676,1.0033649631677077,513
1409000,5635.999999894374,-676886.8457024111,130803.42725535342,-546083.4184470577,299.5209093683127,520.3953654581676,1.0033649631677077,513
1410000,5639.999999894279,-676409.8363275696,131082.59160602646,-545327.244721543,300.1601553111087,520.3953654581676,1.0033649631677077,513
1411000,5643.999999894185,-679441.8562183664,132314.87295986275,-547126.9832585037,302.981901189205,520.3953654581676,1.0033649631677077,513
1412000,5647.99999989409,-676847.3503054129,130975.06854790787,-545872.281757505,299.9139430762957,520.3953654581676,1.0033649631677077,513
1413000,5651.999999893996,-679232.3860556232,132213.45827263768,-547018.9277829855,302.7496762393063,520.3953654581676,1.0033649631677077,513
1414000,5655.999999893901,-677295.1474162787,131667.14311150298,-545628.0043047757,301.49869362135604,520.3953654581676,1.0033649631677077,513
1415000,5659.9999998938065,-679039.8165856795,131101.89452851316,-547937.9220571663,300.2043562087304,520.3953654581676,1.0033649631677077,513
1416000,5663.999999893712,-677966.8667564387,131957.39088160248,-546009.4758748363,302.16331898986886,520.3953654581676,1.0033649631677077,513
1417000,5667.999999893617,-676928.0592546584,131068.32924090442,-545859.730013754,300.12749656002904,520.3953654581676,1.0033649631677077,513
1418000,5671.999999893523,-677854.7660112279,131268.19898646465,-546586.5670247632,300.58516933819374,520.3953654581676,1.0033649631677077,513
1419000,5675.999999893428,-677915.7438495615,131577.3739905872,-546338.3698589744,301.2931353321424,520.3953654581676,1.0033649631677077,513
1420000,5679.999999893334,-676081.174111045,131396.6223566454,-544684.5517543996,300.87924026147,520.3953654581676,1.0033649631677077,513
1421000,5683.999999893239,-676872.3108579102,132054.8066690518,-544817.5041888584,302.38638703828235,520.3953654581676,1.0033649631677077,513
1422000,5687.999999893144,-677821.042544852,131998.2957948849,-545822.7467499671,302.2569853186576,520.3953654581676,1.0033649631677077,513
1423000,5691.99999989305,-677149.5067742774,132272.13319348026,-544877.3735807971,302.8840333124858,520.3953654581676,1.0033649631677077,513
1424000,5695.999999892955,-678363.9360453929,131745.329186595,-546618.6068587978,301.6777284127441,520.3953654581676,1.0033649631677077,513
1425000,5699.999999892861,-676915.7363008675,131719.60916200452,-545196.127138863,301.61883328043785,520.3953654581676,1.0033649631677077,513
1426000,5703.999999892766,-678312.7589345998,131200.33812852344,-547112.4208060764,300.4297777990914,520.3953654581676,1.0033649631677077,513
1427000,5707.999999892671,-677190.8372197188,132250.01814399043,-544940.8190757284,302.83339305119523,520.3953654581676,1.0033649631677077,513
1428000,5711.999999892577,-677613.4643925596,131147.27575018298,-546466.1886423766,300.3082726356009,520.3953654581676,1.0033649631677077,513
1429000,5715.999999892482,-677513.7881857138,131912.22725010233,-545601.5609356115,302.059900812982,520.3953654581676,1.0033649631677077,513
1430000,5719.999999892388,-676348.5906474208,130135.47814220027,-546213.1125052206,297.9914026116371,520.3953654581676,1.0033649631677077,513
1431000,5723.999999892293,-677905.8678602506,132047.9161197208,-545857.9517405299,302.37060867799795,520.3953654581676,1.0033649631677077,513
1432000,5727.9999998921985,-677727.8567190794,131032.50791981485,-546695.3487992645,300.04547092130804,520.3953654581676,1.0033649631677077,513
1433000,5731.999999892104,-679319.7963213902,130700.39200877066,-548619.4043126195,299.28497357212586,520.3953654581676,1.0033649631677077,513
1434000,5735.999999892009,-676880.8072582353,130890.5527702063,-545990.254488029,299.72041418241037,520.3953654581676,1.0033649631677077,513
1435000,5739.999999891915,-678438.6825143094,131537.7874014634,-546900.895112846,301.2024877747967,520.3953654581676,1.0033649631677077,513
1436000,5743.99999989182,-677472.1586413565,130248.55518684554,-547223.6034545109,298.2503326714337,520.3953654581676,1.0033649631677077,513
1437000,5747.999999891726,-676324.9776094384,132677.08265473106,-543647.8949547072,303.8113089460613,520.3953654581676,1.0033649631677077,513
1438000,5751.999999891631,-677123.3415419487,131427.93492451377,-545695.4066174349,300.9509415081375,520.3953654581676,1.0033649631677077,512
1439000,5755.999999891536,-677845.4105001525,131338.96387861227,-546506.4466215402,300.74721069515317,520.3953654581676,1.0033649631677077,513
1440000,5759.999999891442,-678551.0846337709,130473.76527634346,-548077.3193574274,298.76603116818376,520.3953654581676,1.0033649631677077,512
1441000,5763.999999891347,-677498.9871940878,130926.50159410987,-546572.4855999779,299.8027317841143,520.3953654581676,1.0033649631677077,513
1442000,5767.999999891253,-678174.3670632085,131621.2606315788,-546553.1064316297,301.3936293856604,520.3953654581676,1.0033649631677077,513
1443000,5771.999999891158,-677688.8867312139,130917.90395516968,-546770.9827760442,299.7830444357946,520.3953654581676,1.0033649631677077,513
1444000,5775.999999891063,-677384.3924444057,130913.32842141384,-546471.0640229918,299.77256712598586,520.3953654581676,1.0033649631677077,513
1445000,5779.999999890969,-677534.9226849773,131035.78353439749,-546499.1391505798,300.0529716044256,520.3953654581676,1.0033649631677077,512
1446000,5783.999999890874,-677559.3335196548,132255.01057549543,-545304.3229441594,302.8448249964868,520.3953654581676,1.0033649631677077,513
1447000,5787.99999989078,-676695.2957212161,131509.17821656645,-545186.1175046497,301.13697688371053,520.3953654581676,1.0033649631677077,513
1448000,5791.999999890685,-677097.5887451004,131718.92359720115,-545378.6651478993,301.6172634363012,520.3953654581676,1.0033649631677077,512
1449000,5795.9999998905905,-679036.559240065,132267.2810747201,-546769.278165345,302.872922663064,520.3953654581676,1.0033649631677077,513
1450000,5799.999999890496,-677621.5285891248,132420.8504019786,-545200.6781871462,303.2245741871617,520.3953654581676,1.0033649631677077,512
1451000,5803.999999890401,-677193.6790573341,131415.48894609214,-545778.190111242,300.9224420196069,520.3953654581676,1.0033649631677077,512
1452000,5807.999999890307,-677240.0997382491,131140.69267632096,-546099.4070619282,300.2931983496211,520.3953654581676,1.0033649631677077,513
1453000,5811.999999890212,-677452.8858972327,132267.76176235898,-545185.1241348737,302.8740233681582,520.3953654581676,1.0033649631677077,512
1454000,5815.999999890118,-676742.4942039489,131325.18768770905,-545417.3065162399,300.7156652126414,520.3953654581676,1.0033649631677077,512
1455000,5819.999999890023,-676414.3327669445,131089.97871222475,-545324.3540547198,300.1770707147227,520.3953654581676,1.0033649631677077,512
1456000,5823.999999889928,-677329.3525475222,131431.91894559498,-545897.4336019272,300.9600643395665,520.3953654581676,1.0033649631677077,512
1457000,5827.999999889834,-678137.1440787171,130695.73952217645,-547441.4045565407,299.27432005145926,520.3953654581676,1.0033649631677077,512
1458000,5831.999999889739,-676409.2777583743,131866.97786915884,-544542.2998892155,301.9562862822856,520.3953654581676,1.0033649631677077,512
1459000,5835.999999889645,-677724.1747826827,131118.9235176397,-546605.2512650429,300.24335012820046,520.3953654581676,1.0033649631677077,512
1460000,5839.99999988955,-676883.026200918,130806.5285628651,-546076.4976380529,299.52801091347567,520.3953654581676,1.0033649631677077,512
1461000,5843.9999998894555,-676638.6719884234,132207.97006664076,-544430.7019217827,302.73710904221144,520.3953654581676,1.0033649631677077,512
1462000,5847.999999889361,-677512.2514493647,132225.7685555506,-545286.4828938141,302.77786500476935,520.3953654581676,1.0033649631677077,512
1463000,5851.999999889266,-678206.868880338,131789.5831030145,-546417.2857773235,301.77906347381406,520.3953654581676,1.0033649631677077,512
1464000,5855.999999889172,-679215.4235796575,130707.83013210862,-548507.5934475488,299.3020057976029,520.3953654581676,1.0033649631677077,512
1465000,5859.999999889077,-678767.6121712052,131737.94694928074,-547029.6652219244,301.66082415816965,520.3953654581676,1.0033649631677077,512
1466000,5863.9999998889825,-677519.4103108114,131903.31101533596,-545616.0992954754,302.03948392634993,520.3953654581676,1.0033649631677077,512
1467000,5867.999999888888,-676982.5512306318,130924.10003553727,-546058.4511950945,299.797232562705,520.3953654581676,1.0033649631677077,512
1468000,5871.999999888793,-677788.1496405858,132052.4677900027,-545735.6818505831,302.3810313439066,520.3953654581676,1.0033649631677077,512
1469000,5875.999999888699,-676190.1331237387,132214.68623137358,-543975.4468923651,302.75248808701514,520.3953654581676,1.0033649631677077,512
1470000,5879.999999888604,-678015.890353885,130161.90639520643,-547853.9839586786,298.0519194844707,520.3953654581676,1.0033649631677077,512
1471000,5883.99999988851,-678020.9023025716,131349.0836194277,-546671.8186831439,300.7703834363818,520.3953654581676,1.0033649631677077,512
1472000,5887.999999888415,-678082.6170803327,131604.7260159133,-546477.8910644194,301.3557675098357,520.3953654581676,1.0033649631677077,512
1473000,5891.99999988832,-677524.5445085224,130980.92362961714,-546543.6208789053,299.9273503656519,520.3953654581676,1.0033649631677077,512
1474000,5895.999999888226,-677918.2947221077,130097.49369709322,-547820.8010250145,297.904423732115,520.3953654581676,1.0033649631677077,512
1475000,5899.999999888131,-678079.187023832,132206.633689513,-545872.553334319,302.7340489320831,520.3953654581676,1.0033649631677077,512
1476000,5903.999999888037,-677550.388755904,129956.78913663537,-547593.5996192687,297.5822306612995,520.3953654581676,1.0033649631677077,512
1477000,5907.999999887942,-677159.4209346841,129996.75395578542,-547162.6669788987,297.6737443106413,520.3953654581676,1.0033649631677077,512
1478000,5911.9999998878475,-678090.0041117901,132487.1823244972,-545602.8217872928,303.376464685521,520.3953654581676,1.0033649631677077,512
1479000,5915.999999887753,-678001.003037211,131810.63397067937,-546190.3690665317,301.8272669128085,520.3953654581676,1.0033649631677077,512
1480000,5919.999999887658,-675940.1898399666,131221.35191152222,-544718.8379284444,300.47789631957005,520.3953654581676,1.0033649631677077,512
1481000,5923.999999887564,-677048.3844686975,132372.9777726283,-544675.4066960692,303.1149527974342,520.3953654581676,1.0033649631677077,512
1482000,5927.999999887469,-677439.1660658079,131295.69377927604,-546143.4722865319,300.64812843275695,520.3953654581676,1.0033649631677077,512
1483000,5931.9999998873745,-678514.6853377325,131364.48309024796,-547150.2022474846,300.8056459948687,520.3953654581676,1.0033649631677077,512
1484000,5935.99999988728,-677669.1988862329,130407.08801815964,-547262.1108680733,298.6133499011523,520.3953654581676,1.0033649631677077,512
1485000,5939.999999887185,-677545.3454852859,131560.71553835136,-545984.6299469345,301.254989888502,520.3953654581676,1.0033649631677077,512
1486000,5943.999999887091,-676674.1066444651,131061.03126076568,-545613.0753836995,300.1107852421869,520.3953654581676,1.0033649631677077,512
1487000,5947.999999886996,-677541.0833550463,131398.1184538448,-546142.9649012015,300.8826661074365,520.3953654581676,1.0033649631677077,512
1488000,5951.999999886902,-677575.7452298021,131907.1018638044,-545668.6433659977,302.0481644204652,520.3953654581676,1.0033649631677077,512
1489000,5955.999999886807,-677946.2420547395,131464.82806111558,-546481.4139936239,301.0354214491933,520.3953654581676,1.0033649631677077,512
1490000,5959.999999886712,-679110.9115181165,130993.23107248609,-548117.6804456303,299.9555326278254,520.3953654581676,1.0033649631677077,512
1491000,5963.999999886618,-677964.5400928934,132305.96543513407,-545658.5746577594,302.9615042472981,520.3953654581676,1.0033649631677077,512
1492000,5967.999999886523,-677982.1159601724,131323.66942244157,-546658.4465377307,300.7121886050087,520.3953654581676,1.0033649631677077,512
1493000,5971.999999886429,-678218.5504692388,131814.41894567327,-546404.1315235655,301.8359339575175,520.3953654581676,1.0033649631677077,512
1494000,5975.999999886334,-678409.3354170467,131633.57000218832,-546775.7654148584,301.42181606208067,520.3953654581676,1.0033649631677077,512
1495000,5979.9999998862395,-677819.0073231542,132219.971272612,-545599.0360505423,302.7645900662293,520.3953654581676,1.0033649631677077,512
1496000,5983.999999886145,-677185.6265489217,132134.7756552109,-545050.8508937107,302.56950443786604,520.3953654581676,1.0033649631677077,512
1497000,5987.99999988605,-677896.7934663091,131481.58808862884,-546415.2053776802,301.07379948551187,520.3953654581676,1.0033649631677077,512
1498000,5991.999999885956,-679219.1076748627,131562.20868383697,-547656.8989910258,301.2584089754713,520.3953654581676,1.0033649631677077,512
1499000,5995.999999885861,-677321.8289217111,130444.88399096014,-546876.9449307509,298.69989720638125,520.3953654581676,1.0033649631677077,512
1500000,5999.999999885767,-677610.2428247458,131958.21368374664,-545652.0291409992,302.1652030876454,520.3953654581676,1.0033649631677077,512
1501000,6003.999999885672,-677326.0527456068,131270.0227288704,-546056.0300167364,300.58934544424295,520.3953654581676,1.0033649631677077,512
1502000,6007.999999885577,-678256.1660853736,130802.70656384708,-547453.4595215265,299.5192590891122,520.3953654581676,1.0033649631677077,512
1503000,6011.999999885483,-678034.793815448,131976.82183360134,-546057.9719818466,302.20781305653605,520.3953654581676,1.0033649631677077,512
1504000,6015.999999885388,-677867.9884959608,130885.52672753064,-546982.4617684302,299.70890527240454,520.3953654581676,1.0033649631677077,512
1505000,6019.999999885294,-677614.6893005632,130004.17131419558,-547610.5179863676,297.69072898744025,520.3953654581676,1.0033649631677077,512
1506000,6023.999999885199,-677002.2862042319,131393.44643566178,-545608.8397685701,300.87196786225957,520.3953654581676,1.0033649631677077,512
1507000,6027.999999885104,-678120.0677047265,132359.34860800405,-545760.7190967224,303.0837439838133,520.3953654581676,1.0033649631677077,512
1508000,6031.99999988501,-677400.2419154197,131922.36053782608,-545477.8813775936,302.0831045746693,520.3953654581676,1.0033649631677077,512
1509000,6035.999999884915,-677679.551692869,132232.33084598283,-545447.2208468863,302.7928916997041,520.3953654581676,1.0033649631677077,512
1510000,6039.999999884821,-677193.5700345868,131905.07505538905,-545288.4949791977,302.04352332265586,520.3953654581676,1.0033649631677077,512
1511000,6043.999999884726,-678621.5714573222,131396.13819484203,-547225.4332624802,300.8781316010421,520.3953654581676,1.0033649631677077,512
1512000,6047.9999998846315,-678532.5638768598,132294.02967239104,-546238.5342044688,302.9341730787973,520.3953654581676,1.0033649631677077,512
1513000,6051.999999884537,-677195.0232228353,130705.1107059978,-546489.9125168375,299.29577870555516,520.3953654581676,1.0033649631677077,512
1514000,6055.999999884442,-677765.4346698611,131667.6052737052,-546097.8293961559,301.49975190588265,520.3953654581676,1.0033649631677077,512
1515000,6059.999999884348,-677894.5567161222,131564.71944804688,-546329.8372680753,301.2641582619781,520.3953654581676,1.0033649631677077,512
1516000,6063.999999884253,-678755.4088809793,130912.04023785479,-547843.3686431245,299.76961737215197,520.3953654581676,1.0033649631677077,512
1517000,6067.999999884159,-678010.1352364854,130741.20043653128,-547268.9347999541,299.37841896303973,520.3953654581676,1.0033649631677077,512
1518000,6071.999999884064,-676797.5980811128,131268.11096894916,-545529.4871121637,300.5849677908273,520.3953654581676,1.0033649631677077,512
1519000,6075.999999883969,-678936.1248799404,130962.10482384881,-547974.0200560916,299.8842580252199,520.3953654581676,1.0033649631677077,512
1520000,6079.999999883875,-677571.9270805628,131865.32986675785,-545706.597213805,301.95251259540186,520.3953654581676,1.0033649631677077,512
1521000,6083.99999988378,-677442.3961988408,131588.07470503985,-545854.321493801,301.3176384188811,520.3953654581676,1.0033649631677077,512
1522000,6087.999999883686,-677359.8644908979,131172.88925070091,-546186.9752401969,300.3669238432047,520.3953654581676,1.0033649631677077,512
1523000,6091.999999883591,-677525.5612674272,130827.471886385,-546698.0893810422,299.5759680919495,520.3953654581676,1.0033649631677077,512
1524000,6095.9999998834965,-677328.4064538768,132508.98564125557,-544819.4208126212,303.4263911239924,520.3953654581676,1.0033649631677077,512
1525000,6099.999999883402,-678517.8357805079,132156.53233315327,-546361.3034473546,302.6193240802017,520.3953654581676,1.0033649631677077,512
1526000,6103.999999883307,-677946.8228240032,132001.1424705265,-545945.6803534767,302.26350379370626,520.3953654581676,1.0033649631677077,512
1527000,6107.999999883213,-678541.9469072926,131430.63345409418,-547111.3134531984,300.95712075015615,520.3953654581676,1.0033649631677077,512
1528000,6111.999999883118,-677205.0287004448,132161.20039264887,-545043.828307796,302.63001326055763,520.3953654581676,1.0033649631677077,512
1529000,6115.9999998830235,-678553.0064775781,132214.89955135644,-546338.1069262216,302.7529765588893,520.3953654581676,1.0033649631677077,512
1530000,6119.999999882929,-677041.0326894252,131524.54449675087,-545516.4881926742,301.172163440447,520.3953654581676,1.0033649631677077,512
1531000,6123.999999882834,-678028.3702913532,131202.95672542788,-546825.4135659253,300.4357740068556,520.3953654581676,1.0033649631677077,512
1532000,6127.99999988274,-678305.7071830314,131579.72067548853,-546725.9865075429,301.29850890078967,520.3953654581676,1.0033649631677077,512
1533000,6131.999999882645,-678175.7745950259,132582.28813045938,-545593.4864645666,303.5942432107915,520.3953654581676,1.0033649631677077,512
1534000,6135.999999882551,-678624.6254956508,132662.3041851326,-545962.3213105182,303.7774683904575,520.3953654581676,1.0033649631677077,512
1535000,6139.999999882456,-678666.4729778725,131940.16608227277,-546726.3068955997,302.12387669338494,520.3953654581676,1.0033649631677077,512
1536000,6143.999999882361,-677468.8740201462,131058.9721078173,-546409.9019123289,300.10607008008014,520.3953654581676,1.0033649631677077,512
1537000,6147.999999882267,-677301.9036942925,130776.67705614137,-546525.2266381511,299.45965528528217,520.3953654581676,1.0033649631677077,512
1538000,6151.999999882172,-677685.6709117214,131455.90762948577,-546229.7632822357,301.0149949523515,520.3953654581676,1.0033649631677077,512
1539000,6155.999999882078,-677784.0173833496,131601.45195093902,-546182.5654324106,301.34827037509694,520.3953654581676,1.0033649631677077,512
1540000,6159.999999881983,-678344.9995020526,131194.96008242868,-547150.0394196239,300.4174628522224,520.3953654581676,1.0033649631677077,512
1541000,6163.9999998818885,-677425.3669405435,131761.26299106714,-545664.1039494764,301.71421451792753,520.3953654581676,1.0033649631677077,512
1542000,6167.999999881794,-676605.6315616746,131639.06022924907,-544966.5713324256,301.43438788711904,520.3953654581676,1.0033649631677077,512
1543000,6171.999999881699,-677284.7214416512,131548.37721211684,-545736.3442295344,301.2267369078929,520.3953654581676,1.0033649631677077,512
1544000,6175.999999881605,-678249.9312062468,131430.10885030107,-546819.8223559458,300.95591948342735,520.3953654581676,1.0033649631677077,512
1545000,6179.99999988151,-677080.6149963848,131830.6297408931,-545249.9852554917,301.8730543314077,520.3953654581676,1.0033649631677077,512
1546000,6183.9999998814155,-678108.2917559361,132320.05297593947,-545788.2387799966,302.9937626760055,520.3953654581676,1.0033649631677077,512
1547000,6187.999999881321,-676815.7792222472,131950.08803185902,-544865.6911903882,302.146596521337,520.3953654581676,1.0033649631677077,512
1548000,6191.999999881226,-677732.9381806422,131678.20585870522,-546054.732321937,301.5240257106725,520.3953654581676,1.0033649631677077,512
1549000,6195.999999881132,-677028.1475504218,131305.98924022913,-545722.1583101926,300.67170354765824,520.3953654581676,1.0033649631677077,512
1550000,6199.999999881037,-679277.084600884,130375.6803128171,-548901.4042880669,298.54143080344386,520.3953654581676,1.0033649631677077,512
1551000,6203.999999880943,-676999.321797017,130903.00829253648,-546096.3135044805,299.7489355251097,520.3953654581676,1.0033649631677077,512
1552000,6207.999999880848,-676140.0312761343,131323.39974537122,-544816.6315307631,300.7115710835642,520.3953654581676,1.0033649631677077,512
1553000,6211.999999880753,-677449.7459641327,131601.7858063762,-545847.9601577565,301.3490348557091,520.3953654581676,1.0033649631677077,512
1554000,6215.999999880659,-678111.4680105071,131136.52957135782,-546974.9384391492,300.28366544203203,520.3953654581676,1.0033649631677077,512
1555000,6219.999999880564,-678115.0631409069,131496.98374609347,-546618.0793948134,301.10905331196653,520.3953654581676,1.0033649631677077,512
1556000,6223.99999988047,-676897.191108522,131140.99516802185,-545756.1959405001,300.2938910118183,520.3953654581676,1.0033649631677077,512
1557000,6227.999999880375,-678096.8873388865,131867.01151216356,-546229.875826723,301.9563633198952,520.3953654581676,1.0033649631677077,512
1558000,6231.9999998802805,-678084.0180588057,131162.71787994978,-546921.3001788559,300.34363287689877,520.3953654581676,1.0033649631677077,512
1559000,6235.999999880186,-676090.8556197486,131205.95940251334,-544884.8962172352,300.44264970262327,520.3953654581676,1.0033649631677077,512
1560000,6239.999999880091,-678109.8372245929,130351.36079571521,-547758.4764288777,298.4857426305068,520.3953654581676,1.0033649631677077,512
1561000,6243.999999879997,-676471.2202354176,131350.48317539174,-545120.7370600258,300.77358821689756,520.3953654581676,1.0033649631677077,512
1562000,6247.999999879902,-678672.7526408448,132209.0697578612,-546463.6828829836,302.7396271758818,520.3953654581676,1.0033649631677077,512
1563000,6251.999999879808,-677265.5045428318,130771.06064616109,-546494.4438966707,299.4467945196281,520.3953654581676,1.0033649631677077,512
1564000,6255.999999879713,-677599.3916585632,131414.56064237957,-546184.8310161836,300.92031633851434,520.3953654581676,1.0033649631677077,512
1565000,6259.999999879618,-678030.0788943721,130866.54734677402,-547163.5315475981,299.66544523849905,520.3953654581676,1.0033649631677077,512
1566000,6263.999999879524,-676974.9702711166,131395.5564082309,-545579.4138628857,300.8767993939396,520.3953654581676,1.0033649631677077,512
1567000,6267.999999879429,-678873.1257217941,131217.30097402632,-547655.8247477678,300.46862025924025,520.3953654581676,1.0033649631677077,512
1568000,6271.999999879335,-677510.2159300917,130433.5835264835,-547076.6324036082,298.6740207789256,520.3953654581676,1.0033649631677077,512
1569000,6275.99999987924,-677967.9979250501,131730.43967091606,-546237.558254134,301.6436335776944,520.3953654581676,1.0033649631677077,512
1570000,6279.999999879145,-678831.9956987565,131174.87889863094,-547657.1168001256,300.37147984888304,520.3953654581676,1.0033649631677077,512
1571000,6283.999999879051,-676461.513706834,131468.1349438592,-544993.3787629749,301.0429937318721,520.3953654581676,1.0033649631677077,512
1572000,6287.999999878956,-675319.3627776145,131503.4053694358,-543815.9574081787,301.1237578996327,520.3953654581676,1.0033649631677077,512
1573000,6291.999999878862,-676292.9925830308,130607.3364793905,-545685.6561036403,299.0718898833684,520.3953654581676,1.0033649631677077,512
1574000,6295.999999878767,-677481.7340371413,132044.85753183308,-545436.8765053082,302.36360495458854,520.3953654581676,1.0033649631677077,512
1575000,6299.9999998786725,-679166.5148075377,130780.43365043716,-548386.0811571005,299.4682573423017,520.3953654581676,1.0033649631677077,512
1576000,6303.999999878578,-678221.4935004888,131108.71644935,-547112.7770511388,300.2199774196999,520.3953654581676,1.0033649631677077,512
1577000,6307.999999878483,-677607.6382887335,130900.78932240617,-546706.8489663274,299.74385440479625,520.3953654581676,1.0033649631677077,512
1578000,6311.999999878389,-677706.9970817682,130837.10798219097,-546869.8890995772,299.5980333561335,520.3953654581676,1.0033649631677077,512
1579000,6315.999999878294,-678115.8051503995,131089.5970304973,-547026.2081199022,300.17619671883057,520.3953654581676,1.0033649631677077,512
1580000,6319.9999998782,-677202.8180582817,131657.40069846972,-545545.417359812,301.47638490611524,520.3953654581676,1.0033649631677077,512
1581000,6323.999999878105,-678357.7111739311,131437.78896917502,-546919.9222047562,300.97350584364324,520.3953654581676,1.0033649631677077,512
1582000,6327.99999987801,-678435.899919711,131305.8810307359,-547130.0188889751,300.67145576358644,520.3953654581676,1.0033649631677077,512
1583000,6331.999999877916,-677056.6256722948,132129.98704348656,-544926.6386288082,302.5585392103611,520.3953654581676,1.0033649631677077,512
1584000,6335.999999877821,-677894.0484110252,131022.376715525,-546871.6716955001,300.0222719303828,520.3953654581676,1.0033649631677077,512
1585000,6339.999999877727,-677986.4381432021,130889.70648960661,-547096.7316535955,299.7184763223701,520.3953654581676,1.0033649631677077,512
1586000,6343.999999877632,-674958.1077236729,131771.1607706402,-543186.9469530326,301.736879000049,520.3953654581676,1.0033649631677077,512
1587000,6347.999999877537,-678097.4770300165,132061.27582386968,-546036.2012061467,302.40120046614555,520.3953654581676,1.0033649631677077,512
1588000,6351.999999877443,-677980.3328782758,131905.49756169628,-546074.8353165796,302.04449080092473,520.3953654581676,1.0033649631677077,512
1589000,6355.999999877348,-678004.3504341352,131486.6562080455,-546517.6942260896,301.08540474516235,520.3953654581676,1.0033649631677077,512
1590000,6359.999999877254,-677421.1688819663,132281.11930435325,-545140.049577613,302.90461020528477,520.3953654581676,1.0033649631677077,512
1591000,6363.999999877159,-678073.76485644,131800.7911498822,-546272.9737065579,301.80472827832637,520.3953654581676,1.0033649631677077,512
1592000,6367.9999998770645,-676993.9475806202,129674.73763801157,-547319.2099426086,296.9363735677267,520.3953654581676,1.0033649631677077,512
1593000,6371.99999987697,-678079.874746683,132068.66361388832,-546011.2111327947,302.418117435609,520.3953654581676,1.0033649631677077,512
1594000,6375.999999876875,-676478.6101855552,130360.17410093755,-546118.4360846176,298.5059238233863,520.3953654581676,1.0033649631677077,512
1595000,6379.999999876781,-677836.8125421517,132677.53827929602,-545159.2742628556,303.8123522603451,520.3953654581676,1.0033649631677077,512
1596000,6383.999999876686,-676584.0010745614,131185.15300352528,-545398.8480710362,300.395006061502,520.3953654581676,1.0033649631677077,512
1597000,6387.999999876592,-676750.9159962074,130463.89699906972,-546287.0189971377,298.7434342420561,520.3953654581676,1.0033649631677077,512
1598000,6391.999999876497,-677643.5250572874,131811.4529253135,-545832.0721319739,301.8291422003441,520.3953654581676,1.0033649631677077,512
1599000,6395.999999876402,-676314.6778478846,131332.44219216402,-544982.2356557206,300.73227697746256,520.3953654581676,1.0033649631677077,512
1600000,6399.999999876308,-676837.3422315097,131001.88805647421,-545835.4541750355,299.9753558677122,520.3953654581676,1.0033649631677077,512
1601000,6403.999999876213,-676809.2451504576,131791.0768351829,-545018.1683152746,301.78248390420197,520.3953654581676,1.0033649631677077,512
1602000,6407.999999876119,-678982.0687132124,131628.45196912612,-547353.6167440863,301.410096507409,520.3953654581676,1.0033649631677077,512
1603000,6411.999999876024,-678183.990673759,130414.88508270739,-547769.1055910516,298.63120405002854,520.3953654581676,1.0033649631677077,512
1604000,6415.9999998759295,-677582.2561532361,131745.36059866368,-545836.8955545725,301.67780034183323,520.3953654581676,1.0033649631677077,512
1605000,6419.999999875835,-678424.1269284035,131330.8812897614,-547093.2456386421,300.72870273696384,520.3953654581676,1.0033649631677077,511
1606000,6423.99999987574,-677204.7089531897,132524.0707780074,-544680.6381751823,303.460933902975,520.3953654581676,1.0033649631677077,511
1607000,6427.999999875646,-678108.5404486894,130624.84639046373,-547483.6940582256,299.11198504446355,520.3953654581676,1.0033649631677077,512
1608000,6431.999999875551,-677735.3225236502,131502.02309540246,-546233.2994282478,301.120592692236,520.3953654581676,1.0033649631677077,511
1609000,6435.9999998754565,-678300.2838227446,131338.58063576277,-546961.7031869818,300.7463331245176,520.3953654581676,1.0033649631677077,511
1610000,6439.999999875362,-678384.4283226584,130945.59354982257,-547438.8347728358,299.8464495983695,520.3953654581676,1.0033649631677077,511
1611000,6443.999999875267,-678001.237112816,130281.24475939962,-547719.9923534163,298.3251870594548,520.3953654581676,1.0033649631677077,511
1612000,6447.999999875173,-678258.5466952203,131601.5727888043,-546656.973906416,301.34854707631223,520.3953654581676,1.0033649631677077,512
1613000,6451.999999875078,-678436.6726688189,131297.62789754278,-547139.0447712761,300.6525572835465,520.3953654581676,1.0033649631677077,511
1614000,6455.999999874984,-677538.9543261784,132318.44566132675,-545220.5086648517,302.99008215826564,520.3953654581676,1.0033649631677077,511
1615000,6459.999999874889,-678528.6201650854,131876.527835508,-546652.0923295774,301.9781543224842,520.3953654581676,1.0033649631677077,511
1616000,6463.999999874794,-677993.2877088771,130592.3748886598,-547400.9128202173,299.0376300068859,520.3953654581676,1.0033649631677077,511
1617000,6467.9999998747,-677412.129355534,130546.86365011916,-546865.2657054148,298.9334158602063,520.3953654581676,1.0033649631677077,511
1618000,6471.999999874605,-678102.4559188951,132070.18829867576,-546032.2676202194,302.42160874301294,520.3953654581676,1.0033649631677077,511
1619000,6475.999999874511,-676977.6197407688,131144.86266539164,-545832.7570753772,300.30274702081965,520.3953654581676,1.0033649631677077,511
1620000,6479.999999874416,-677893.425040618,132334.2171587486,-545559.2078818695,303.02619660380435,520.3953654581676,1.0033649631677077,511
1621000,6483.9999998743215,-677454.0227908427,130938.75923745148,-546515.2635533912,299.83080001258065,520.3953654581676,1.0033649631677077,511
1622000,6487.999999874227,-676450.8424834479,131819.5267349513,-544631.3157484966,301.8476300554067,520.3953654581676,1.0033649631677077,511
1623000,6491.999999874132,-677899.0765611669,131030.9742078564,-546868.1023533104,300.0419589429896,520.3953654581676,1.0033649631677077,511
1624000,6495.999999874038,-677378.690848805,132161.83858433185,-545216.8522644732,302.6314746271078,520.3953654581676,1.0033649631677077,511
1625000,6499.999999873943,-677029.2571579465,131196.27580217423,-545832.9813557722,300.4204756599365,520.3953654581676,1.0033649631677077,511
1626000,6503.9999998738485,-676533.1856328873,131722.2606398443,-544810.9249930431,301.6249047807831,520.3953654581676,1.0033649631677077,511
1627000,6507.999999873754,-676799.3550694399,132124.52518411796,-544674.8298853219,302.5460323432304,520.3953654581676,1.0033649631677077,511
1628000,6511.999999873659,-677692.2930442295,131468.03392092075,-546224.2591233088,301.0427624039702,520.3953654581676,1.0033649631677077,511
1629000,6515.999999873565,-677501.034118447,131685.19252436404,-545815.841594083,301.54002416343087,520.3953654581676,1.0033649631677077,511
1630000,6519.99999987347,-677300.3436956787,130990.54632701866,-546309.7973686601,299.94938494942966,520.3953654581676,1.0033649631677077,511
1631000,6523.999999873376,-676548.8428510223,131153.0111897916,-545395.8316612307,300.3214059618696,520.3953654581676,1.0033649631677077,511
1632000,6527.999999873281,-677539.8314407063,131538.66551961325,-546001.165921093,301.204498538217,520.3953654581676,1.0033649631677077,511
1633000,6531.999999873186,-677540.7275488963,130585.296911201,-546955.4306376954,299.02142246332653,520.3953654581676,1.0033649631677077,511
1634000,6535.999999873092,-679139.9493147042,133016.2665802964,-546123.6827344077,304.5879910251181,520.3953654581676,1.0033649631677077,511
1635000,6539.999999872997,-676394.9294235287,131964.9373839061,-544429.9920396226,302.180599387485,520.3953654581676,1.0033649631677077,511
1636000,6543.999999872903,-677617.0778171578,131080.52319430912,-546536.5546228488,300.15541894776163,520.3953654581676,1.0033649631677077,511
1637000,6547.999999872808,-677417.8791446518,131230.26084899646,-546187.6182956554,300.4982964964598,520.3953654581676,1.0033649631677077,511
1638000,6551.9999998727135,-678853.3155435631,132010.80284505172,-546842.5126985114,302.285624652642,520.3953654581676,1.0033649631677077,511
1639000,6555.999999872619,-677502.3147751181,132082.46483775924,-545419.8499373589,302.44972023999236,520.3953654581676,1.0033649631677077,511
1640000,6559.999999872524,-676765.6777436817,131576.6914895731,-545188.9862541086,301.2915725036396,520.3953654581676,1.0033649631677077,511
1641000,6563.99999987243,-677613.7819151399,131654.5487362477,-545959.2331788922,301.46985432556284,520.3953654581676,1.0033649631677077,511
1642000,6567.999999872335,-679057.9614603608,130784.97925151745,-548272.9822088433,299.4786661106173,520.3953654581676,1.0033649631677077,511
1643000,6571.999999872241,-678236.0832918747,130438.57024541788,-547797.5130464569,298.68543964325755,520.3953654581676,1.0033649631677077,511
1644000,6575.999999872146,-677380.9764300943,132099.2180095719,-545281.7584205224,302.48808257774925,520.3953654581676,1.0033649631677077,511
1645000,6579.999999872051,-677818.7852319786,132118.26613048278,-545700.5191014959,302.53170001665507,520.3953654581676,1.0033649631677077,511
1646000,6583.999999871957,-676542.2547412859,130926.5201162339,-545615.734625052,299.8027741970965,520.3953654581676,1.0033649631677077,511
1647000,6587.999999871862,-677871.7034201515,131509.5480491944,-546362.1553709571,301.13782374688043,520.3953654581676,1.0033649631677077,511
1648000,6591.999999871768,-677139.2348877275,131683.8047560081,-545455.4301317194,301.536846374831,520.3953654581676,1.0033649631677077,511
1649000,6595.999999871673,-679089.5963560306,130849.67550482112,-548239.9208512094,299.6268111633032,520.3953654581676,1.0033649631677077,511
1650000,6599.999999871578,-677264.7817267962,131147.09878460586,-546117.6829421903,300.30786741005215,520.3953654581676,1.0033649631677077,511
1651000,6603.999999871484,-678186.1358573539,132274.66671549954,-545911.4691418544,302.889834711081,520.3953654581676,1.0033649631677077,511
1652000,6607.999999871389,-678783.4245690801,131600.43394471938,-547182.9906243607,301.34593928825115,520.3953654581676,1.0033649631677077,511
1653000,6611.999999871295,-677355.2820721837,131123.89686253876,-546231.3852096449,300.25473836792804,520.3953654581676,1.0033649631677077,511
1654000,6615.9999998712,-677579.0030999999,130385.23625377868,-547193.7668462212,298.56331252463985,520.3953654581676,1.0033649631677077,511
1655000,6619.9999998711055,-678324.9316886826,131209.98837244825,-547114.9433162344,300.45187546041905,520.3953654581676,1.0033649631677077,511
1656000,6623.999999871011,-677168.4272136628,130920.41689637094,-546248.0103172918,299.78879870729634,520.3953654581676,1.0033649631677077,511
1657000,6627.999999870916,-678460.6220139596,132174.0874896947,-546286.5345242649,302.659522846868,520.3953654581676,1.0033649631677077,511
1658000,6631.999999870822,-678169.322192349,131553.39513129427,-546615.9270610547,301.238227216264,520.3953654581676,1.0033649631677077,511
1659000,6635.999999870727,-676560.2510515689,131134.737273542,-545425.5137780269,300.27956133954086,520.3953654581676,1.0033649631677077,511
1660000,6639.999999870633,-677001.9634760297,130207.66383995989,-546794.2996360698,298.1566974077294,520.3953654581676,1.0033649631677077,511
1661000,6643.999999870538,-677982.4414485432,131698.66900537733,-546283.7724431659,301.5708833536898,520.3953654581676,1.0033649631677077,511
1662000,6647.999999870443,-676068.0663987515,131491.10728208907,-544576.9591166624,301.09559706025044,520.3953654581676,1.0033649631677077,511
1663000,6651.999999870349,-679555.2484932444,131717.93472178146,-547837.313771463,301.61499905476944,520.3953654581676,1.0033649631677077,511
1664000,6655.999999870254,-676961.7393175787,130693.55049182684,-546268.1888257519,299.2693074889087,520.3953654581676,1.0033649631677077,511
1665000,6659.99999987016,-677839.8854690627,131464.20836885757,-546375.6771002051,301.03400244364775,520.3953654581676,1.0033649631677077,511
1666000,6663.999999870065,-679156.5625940952,131346.96758841496,-547809.5950056803,300.7655380317431,520.3953654581676,1.0033649631677077,511
1667000,6667.99999986997,-678359.4405118693,131416.8815300658,-546942.5589818035,300.92563083527415,520.3953654581676,1.0033649631677077,511
1668000,6671.999999869876,-677222.6088054096,132109.45931975578,-545113.1494856538,302.5115336952296,520.3953654581676,1.0033649631677077,511
1669000,6675.999999869781,-677399.0127906618,131795.64319332174,-545603.36959734,301.79294020317633,520.3953654581676,1.0033649631677077,511
1670000,6679.999999869687,-676702.0121252355,131189.01125741133,-545513.0008678242,300.4038409042639,520.3953654581676,1.0033649631677077,511
1671000,6683.999999869592,-678433.4901992613,131790.59520130476,-546642.8949979566,301.78138103235693,520.3953654581676,1.0033649631677077,511
1672000,6687.9999998694975,-677479.6096165599,131560.57964123343,-545919.0299753265,301.25467870377855,520.3953654581676,1.0033649631677077,511
1673000,6691.999999869403,-677545.2612185646,130969.77142671734,-546575.4897918473,299.9018134357403,520.3953654581676,1.0033649631677077,511
1674000,6695.999999869308,-678222.6856288407,131000.73290536704,-547221.9527234737,299.9727107389313,520.3953654581676,1.0033649631677077,511
1675000,6699.999999869214,-676611.6086658146,131508.73436074133,-545102.8743050733,301.13596051813704,520.3953654581676,1.0033649631677077,511
1676000,6703.999999869119,-677510.3478737064,130998.54012726527,-546511.8077464411,299.9676895945709,520.3953654581676,1.0033649631677077,511
1677000,6707.999999869025,-677415.4423963963,132340.5582431334,-545074.884153263,303.040716768919,520.3953654581676,1.0033649631677077,511
1678000,6711.99999986893,-677477.7269908749,131360.52885786613,-546117.1981330088,300.79659137524817,520.3953654581676,1.0033649631677077,511
1679000,6715.999999868835,-676954.5105753429,131679.65514467633,-545274.8554306666,301.52734436570404,520.3953654581676,1.0033649631677077,511
1680000,6719.999999868741,-677215.3804545719,131381.12164479867,-545834.2588097733,300.8437458756912,520.3953654581676,1.0033649631677077,511
1681000,6723.999999868646,-678353.3659343198,130566.16762641934,-547787.1983079005,298.9776191709083,520.3953654581676,1.0033649631677077,511
1682000,6727.999999868552,-678283.754595161,130909.53104116017,-547374.2235540007,299.7638716750282,520.3953654581676,1.0033649631677077,511
1683000,6731.999999868457,-677337.0000700904,130875.6980725947,-546461.3019974957,299.6863990756935,520.3953654581676,1.0033649631677077,511
1684000,6735.9999998683625,-678184.5488477335,131922.53269444592,-546262.0161532876,302.08349878840215,520.3953654581676,1.0033649631677077,511
1685000,6739.999999868268,-678397.0170163005,131826.3926211581,-546570.6243951423,301.8633519407076,520.3953654581676,1.0033649631677077,511
1686000,6743.999999868173,-678435.0595489019,130848.81936020765,-547586.2401886942,299.6248507160997,520.3953654581676,1.0033649631677077,511
1687000,6747.999999868079,-676437.2338926168,131848.54425177735,-544588.6896408395,301.91407596748803,520.3953654581676,1.0033649631677077,511
1688000,6751.999999867984,-677653.8506930401,131405.15377068747,-546248.6969223525,300.89877596436173,520.3953654581676,1.0033649631677077,511
1689000,6755.9999998678895,-678529.1747602862,131361.47829373032,-547167.6964665559,300.7987654459082,520.3953654581676,1.0033649631677077,511
1690000,6759.999999867795,-676175.7063718755,131515.57039960136,-544660.1359722741,301.15161405733545,520.3953654581676,1.0033649631677077,511
1691000,6763.9999998677,-677504.0544406576,130470.31917247808,-547033.7352681796,298.7581400892939,520.3953654581676,1.0033649631677077,511
1692000,6767.999999867606,-677372.072372736,131554.8832595757,-545817.1891131602,301.2416348145622,520.3953654581676,1.0033649631677077,511
1693000,6771.999999867511,-678216.4228591882,131590.07135281767,-546626.3515063705,301.3222104531974,520.3953654581676,1.0033649631677077,511
1694000,6775.999999867417,-678212.8848883882,130991.24456580018,-547221.640322588,299.9509838151412,520.3953654581676,1.0033649631677077,511
1695000,6779.999999867322,-677002.3774309196,131813.89159202785,-545188.4858388917,301.8347263940251,520.3953654581676,1.0033649631677077,511
1696000,6783.999999867227,-677118.5226443633,130676.17489336373,-546442.3477509996,299.22951988424353,520.3953654581676,1.0033649631677077,511
1697000,6787.999999867133,-678107.9179144981,132136.95982822287,-545970.9580862753,302.5745058778168,520.3953654581676,1.0033649631677077,511
1698000,6791.999999867038,-676634.2059512497,131575.16069749882,-545059.0452537509,301.2880672114331,520.3953654581676,1.0033649631677077,511
1699000,6795.999999866944,-679079.7681293408,130992.22275608851,-548087.5453732524,299.9532237292692,520.3953654581676,1.0033649631677077,511
1700000,6799.999999866849,-678884.5041467748,130706.01837491023,-548178.4857718645,299.29785713594316,520.3953654581676,1.0033649631677077,511
1701000,6803.9999998667545,-677026.1563188438,130820.10479707515,-546206.0515217687,299.55909852411185,520.3953654581676,1.0033649631677077,511
1702000,6807.99999986666,-676966.8342497968,131666.437466634,-545300.3967831628,301.4970777967765,520.3953654581676,1.0033649631677077,511
1703000,6811.999999866565,-677036.6539555313,131315.95785390906,-545720.6961016222,300.69453022962836,520.3953654581676,1.0033649631677077,511
1704000,6815.999999866471,-677605.255497878,130700.09983517963,-546905.1556626983,299.28430453690623,520.3953654581676,1.0033649631677077,511
1705000,6819.999999866376,-678601.961974483,132071.6994428265,-546530.2625316565,302.4250690443194,520.3953654581676,1.0033649631677077,511
1706000,6823.9999998662815,-679068.220065596,130594.77771387034,-548473.4423517257,299.0431321287126,520.3953654581676,1.0033649631677077,511
1707000,6827.999999866187,-678509.814631978,131466.78200768185,-547043.0326242961,301.0398957039178,520.3953654581676,1.0033649631677077,511
1708000,6831.999999866092,-678309.6888371338,130663.20563825229,-547646.4831988815,299.19982216785854,520.3953654581676,1.0033649631677077,511
1709000,6835.999999865998,-678213.0574150984,132244.0285031445,-545969.0289119539,302.819677640899,520.3953654581676,1.0033649631677077,511
1710000,6839.999999865903,-676788.640093049,130798.2686267017,-545990.3714663474,299.5090968556188,520.3953654581676,1.0033649631677077,511
1711000,6843.999999865809,-676873.6873340965,131636.22777400748,-545237.459560089,301.42790197472743,520.3953654581676,1.0033649631677077,511
1712000,6847.999999865714,-675986.6713155732,131493.0891647232,-544493.58215085,301.10013528452555,520.3953654581676,1.0033649631677077,511
1713000,6851.999999865619,-677099.6003762828,131076.97151301883,-546022.628863264,300.1472861118553,520.3953654581676,1.0033649631677077,511
1714000,6855.999999865525,-678801.7372901542,130502.58331009292,-548299.1539800613,298.8320202929028,520.3953654581676,1.0033649631677077,511
1715000,6859.99999986543,-676864.2674516356,131558.22333150532,-545306.0441201302,301.24928309567156,520.3953654581676,1.0033649631677077,511
1716000,6863.999999865336,-677390.8034405629,131555.52988807525,-545835.2735524876,301.2431155002007,520.3953654581676,1.0033649631677077,511
1717000,6867.999999865241,-676493.8528786115,131633.23744994443,-544860.615428667,301.42105456559244,520.3953654581676,1.0033649631677077,511
1718000,6871.9999998651465,-676964.1866524755,131981.9199305278,-544982.2667219477,302.21948696034343,520.3953654581676,1.0033649631677077,511
1719000,6875.999999865052,-678745.8394066966,130827.39121749031,-547918.4481892063,299.5757833718607,520.3953654581676,1.0033649631677077,511
1720000,6879.999999864957,-677842.7501142849,131748.79046638505,-546093.9596478998,301.68565424230417,520.3953654581676,1.0033649631677077,511
1721000,6883.999999864863,-677447.9572293158,132045.61249778263,-545402.3447315332,302.3653337173013,520.3953654581676,1.0033649631677077,511
1722000,6887.999999864768,-677642.7645458402,130978.53296120779,-546664.2315846324,299.9218760811396,520.3953654581676,1.0033649631677077,511
1723000,6891.999999864674,-680237.1605942207,130964.98967247084,-549272.1709217499,299.89086391086664,520.3953654581676,1.0033649631677077,511
1724000,6895.999999864579,-677701.8763714926,131872.1242791783,-545829.7520923143,301.96807081608074,520.3953654581676,1.0033649631677077,511
1725000,6899.999999864484,-677539.6326828385,131228.6922624153,-546310.9404204232,300.4947046603048,520.3953654581676,1.0033649631677077,511
1726000,6903.99999986439,-678759.5158639355,130486.27582551714,-548273.2400384183,298.7946785143873,520.3953654581676,1.0033649631677077,511
1727000,6907.999999864295,-677558.5540977833,130666.30962450226,-546892.2444732811,299.2069298469444,520.3953654581676,1.0033649631677077,511
1728000,6911.999999864201,-677394.5573728578,131451.87414562627,-545942.6832272315,301.00575885832194,520.3953654581676,1.0033649631677077,511
1729000,6915.999999864106,-676720.3774112705,131602.7351500251,-545117.6422612454,301.3512087152095,520.3953654581676,1.0033649631677077,511
1730000,6919.999999864011,-678184.932439175,130754.46352530213,-547430.4689138728,299.4087895159605,520.3953654581676,1.0033649631677077,511
1731000,6923.999999863917,-678075.2606241782,132468.21864466253,-545607.0419795157,303.33304060445346,520.3953654581676,1.0033649631677077,511
1732000,6927.999999863822,-678837.4326940738,132315.04028435642,-546522.3924097173,302.98228433806855,520.3953654581676,1.0033649631677077,511
1733000,6931.999999863728,-676460.0452198298,131995.83566124807,-544464.2095585817,302.2513519688323,520.3953654581676,1.0033649631677077,511
1734000,6935.999999863633,-678375.591676211,132719.25133060047,-545656.3403456105,303.9078691081938,520.3953654581676,1.0033649631677077,511
1735000,6939.9999998635385,-676489.1592176841,131843.49359326693,-544645.6656244171,301.9025106907847,520.3953654581676,1.0033649631677077,511
1736000,6943.999999863444,-676800.0748684849,130880.22056047863,-545919.8543080062,299.6967549181361,520.3953654581676,1.0033649631677077,511
1737000,6947.999999863349,-678248.2868375676,130965.66851975443,-547282.6183178131,299.89241837285573,520.3953654581676,1.0033649631677077,511
1738000,6951.999999863255,-677579.6648069201,131494.85029080327,-546084.8145161169,301.1041680082552,520.3953654581676,1.0033649631677077,511
1739000,6955.99999986316,-677367.887780448,130942.28644554404,-546425.6013349039,299.8388768084077,520.3953654581676,1.0033649631677077,511
1740000,6959.999999863066,-677765.1000398803,130545.02706726125,-547220.072972619,298.9292103513808,520.3953654581676,1.0033649631677077,511
1741000,6963.999999862971,-677102.2147765327,130948.7428932786,-546153.4718832541,299.8536611388899,520.3953654581676,1.0033649631677077,511
1742000,6967.999999862876,-677838.3568614176,131926.46922498776,-545911.8876364299,302.09251287337213,520.3953654581676,1.0033649631677077,511
1743000,6971.999999862782,-677595.0117690982,130815.32220955845,-546779.6895595398,299.5481470911701,520.3953654581676,1.0033649631677077,511
1744000,6975.999999862687,-677495.8262525997,130332.53655228775,-547163.289700312,298.4426378386228,520.3953654581676,1.0033649631677077,511
1745000,6979.999999862593,-679100.3272091844,131638.45643726093,-547461.8707719235,301.43300529088935,520.3953654581676,1.0033649631677077,511
1746000,6983.999999862498,-678429.8669333393,131814.6168892251,-546615.2500441142,301.8363872195909,520.3953654581676,1.0033649631677077,511
1747000,6987.9999998624035,-678877.6836685017,131494.55519110413,-547383.1284773976,301.10349227267176,520.3953654581676,1.0033649631677077,511
1748000,6991.999999862309,-677465.5802165363,131004.56811236008,-546461.0121041762,299.9814928076452,520.3953654581676,1.0033649631677077,511
1749000,6995.999999862214,-676473.0949035273,130735.68915245822,-545737.4057510691,299.365798920492,520.3953654581676,1.0033649631677077,511
1750000,6999.99999986212,-677004.2737616482,131185.21717647032,-545819.0565851779,300.3951530082545,520.3953654581676,1.0033649631677077,511
1751000,7003.999999862025,-678472.0831207731,130608.66417606827,-547863.4189447048,299.07493011652303,520.3953654581676,1.0033649631677077,511
1752000,7007.9999998619305,-677198.3171669696,132404.1219027365,-544794.1952642332,303.186268346019,520.3953654581676,1.0033649631677077,511
1753000,7011.999999861836,-679535.9762543668,130901.57823569194,-548634.3980186749,299.7456609019938,520.3953654581676,1.0033649631677077,511
1754000,7015.999999861741,-678675.4444228639,132122.6955861358,-546552.748836728,302.54184282875894,520.3953654581676,1.0033649631677077,511
1755000,7019.999999861647,-677607.3514066921,131388.76063594891,-546218.5907707431,300.86123805937467,520.3953654581676,1.0033649631677077,511
1756000,7023.999999861552,-678385.0479968735,131932.88247777842,-546452.165519095,302.10719829368696,520.3953654581676,1.0033649631677077,511
1757000,7027.999999861458,-677850.6645811242,132314.69265697885,-545535.9719241454,302.98148832170693,520.3953654581676,1.0033649631677077,511
1758000,7031.999999861363,-677899.8550433042,130646.07834910444,-547253.7766941998,299.1606031555726,520.3953654581676,1.0033649631677077,511
1759000,7035.999999861268,-676839.5505798054,130450.61150526139,-546388.939074544,298.71301238484347,520.3953654581676,1.0033649631677077,511
1760000,7039.999999861174,-676532.9491927614,131705.71230120066,-544827.2368915607,301.5870114813254,520.3953654581676,1.0033649631677077,511
1761000,7043.999999861079,-677307.1404511523,131056.11049347074,-546251.0299576817,300.0995173975601,520.3953654581676,1.0033649631677077,511
1762000,7047.999999860985,-677940.5011033816,131738.72992862586,-546201.7711747558,301.66261706750225,520.3953654581676,1.0033649631677077,511
1763000,7051.99999986089,-677918.3166117207,131061.58494813461,-546856.7316635861,300.1120531060933,520.3953654581676,1.0033649631677077,511
1764000,7055.9999998607955,-678199.9118375978,131112.58594734443,-547087.3258902534,300.22883800984204,520.3953654581676,1.0033649631677077,511
1765000,7059.999999860701,-677852.5001462963,132390.04487266683,-545462.4552736295,303.1540339853746,520.3953654581676,1.0033649631677077,511
1766000,7063.999999860606,-677848.9613725273,132368.33977253636,-545480.6215999909,303.1043324487603,520.3953654581676,1.0033649631677077,511
1767000,7067.999999860512,-677300.4301944356,132151.44011913624,-545148.9900752994,302.6076636474051,520.3953654581676,1.0033649631677077,511
1768000,7071.999999860417,-678222.2020983882,130797.58201302105,-547424.6200853672,299.507524609705,520.3953654581676,1.0033649631677077,511
1769000,7075.9999998603225,-676769.9284313279,132617.48903111496,-544152.439400213,303.6748481765495,520.3953654581676,1.0033649631677077,511
1770000,7079.999999860228,-677320.7562968791,131782.19393661187,-545538.5623602673,301.76214335263046,520.3953654581676,1.0033649631677077,511
1771000,7083.999999860133,-677800.5251302952,131356.26411737798,-546444.2610129172,300.7868257370227,520.3953654581676,1.0033649631677077,511
1772000,7087.999999860039,-675942.9664204353,131977.56501670944,-543965.4014037258,302.20951483824797,520.3953654581676,1.0033649631677077,511
1773000,7091.999999859944,-678077.2558651473,131792.660812565,-546284.5950525823,301.78611098306266,520.3953654581676,1.0033649631677077,511
1774000,7095.99999985985,-677602.6778018209,131436.22239421145,-546166.4554076095,300.96991861380127,520.3953654581676,1.0033649631677077,511
1775000,7099.999999859755,-677209.5098516284,131622.5525967154,-545586.957254913,301.39658779875936,520.3953654581676,1.0033649631677077,511
1776000,7103.99999985966,-677145.3715033098,131588.24530554656,-545557.1261977633,301.3180290693402,520.3953654581676,1.0033649631677077,511
1777000,7107.999999859566,-677728.6983561628,132384.20573936444,-545344.4926167983,303.14066321556106,520.3953654581676,1.0033649631677077,511
1778000,7111.999999859471,-676919.1718875482,132178.23958423972,-544740.9323033085,302.66903054219375,520.3953654581676,1.0033649631677077,511
1779000,7115.999999859377,-678091.0050894567,131794.69317846734,-546296.3119109893,301.7907648067125,520.3953654581676,1.0033649631677077,511
1780000,7119.999999859282,-677597.0688032345,131113.17448987754,-546483.894313357,300.2301856870277,520.3953654581676,1.0033649631677077,511
1781000,7123.9999998591875,-678173.8458222565,131431.19866877585,-546742.6471534807,300.95841500993964,520.3953654581676,1.0033649631677077,511
1782000,7127.999999859093,-676545.6126970784,131551.6140161018,-544993.9986809766,301.2341487203612,520.3953654581676,1.0033649631677077,511
1783000,7131.999999858998,-678424.2149155932,131252.45188031683,-547171.7630352763,300.5491107451409,520.3953654581676,1.0033649631677077,511
1784000,7135.999999858904,-677136.1877154978,131026.46911081544,-546109.7186046824,300.0316429230594,520.3953654581676,1.0033649631677077,511
1785000,7139.999999858809,-677694.1142418948,130928.15589366434,-546765.9583482305,299.80651989056776,520.3953654581676,1.0033649631677077,511
1786000,7143.999999858715,-677743.3931318182,130607.21342815633,-547136.1797036618,299.0716081138587,520.3953654581676,1.0033649631677077,511
1787000,7147.99999985862,-678264.6639268026,131474.10706919932,-546790.5568576033,301.05666903419615,520.3953654581676,1.0033649631677077,511
1788000,7151.999999858525,-677334.8190704696,132939.73612042284,-544395.0829500468,304.41274735286356,520.3953654581676,1.0033649631677077,511
1789000,7155.999999858431,-675487.8484617267,133275.85438285358,-542211.9940788731,305.18240950722,520.3953654581676,1.0033649631677077,511
1790000,7159.999999858336,-676697.7699250528,131775.54563413106,-544922.2242909217,301.74691970255805,520.3953654581676,1.0033649631677077,511
1791000,7163.999999858242,-675999.6195398788,131864.12103214316,-544135.4985077357,301.9497445391615,520.3953654581676,1.0033649631677077,511
1792000,7167.999999858147,-678230.5829836461,132069.20224552022,-546161.3807381259,302.4193508240576,520.3953654581676,1.0033649631677077,511
1793000,7171.999999858052,-678206.1448825574,132190.91053120175,-546015.2343513557,302.6980451761087,520.3953654581676,1.0033649631677077,511
1794000,7175.999999857958,-676956.368365739,131694.16772089736,-545262.2006448417,301.56057606397223,520.3953654581676,1.0033649631677077,511
1795000,7179.999999857863,-677766.4975517355,131692.4426945693,-546074.0548571663,301.5566260034478,520.3953654581676,1.0033649631677077,511
1796000,7183.999999857769,-677499.8813283173,130895.04969700624,-546604.8316313111,299.73071149367155,520.3953654581676,1.0033649631677077,511
1797000,7187.999999857674,-676602.0720069027,130628.827492754,-545973.2445141487,299.12110119228396,520.3953654581676,1.0033649631677077,511
1798000,7191.9999998575795,-677911.920432746,131270.86648735483,-546641.0539453911,300.5912775290044,520.3953654581676,1.0033649631677077,511
1799000,7195.999999857485,-677458.6362025477,130669.26270617207,-546789.3734963756,299.21369197639115,520.3953654581676,1.0033649631677077,511
1800000,7199.99999985739,-677802.358112962,130772.90111415088,-547029.4569988111,299.4510089248431,520.3953654581676,1.0033649631677077,511
1801000,7203.999999857296,-677554.8299401538,131805.08787198685,-545749.7420681668,301.81456714982306,520.3953654581676,1.0033649631677077,511
1802000,7207.999999857201,-678661.6619762676,131189.35415523313,-547472.3078210345,300.40462609062763,520.3953654581676,1.0033649631677077,511
1803000,7211.999999857107,-676735.9216042487,131989.9724180103,-544745.9491862385,302.2379259907576,520.3953654581676,1.0033649631677077,511
1804000,7215.999999857012,-678245.0471249912,130516.78024842252,-547728.2668765687,298.86452922610096,520.3953654581676,1.0033649631677077,511
1805000,7219.999999856917,-678000.3820514684,132342.38223327973,-545657.9998181886,303.0448934422584,520.3953654581676,1.0033649631677077,511
1806000,7223.999999856823,-676416.2052048775,131593.245861998,-544822.9593428795,301.32947961958274,520.3953654581676,1.0033649631677077,511
1807000,7227.999999856728,-676814.3337045931,131940.7175367963,-544873.6161677968,302.1251394443986,520.3953654581676,1.0033649631677077,511
1808000,7231.999999856634,-677676.3591912072,130467.40596755128,-547208.9532236559,298.7514692718148,520.3953654581676,1.0033649631677077,511
1809000,7235.999999856539,-677009.296965953,131635.2970129368,-545373.9999530162,301.4257706666406,520.3953654581676,1.0033649631677077,511
1810000,7239.999999856444,-677342.3524798411,131863.91745227494,-545478.4350275662,301.94927837073965,520.3953654581676,1.0033649631677077,511
1811000,7243.99999985635,-677899.3825371894,131640.70607637885,-546258.6764608106,301.4381566387438,520.3953654581676,1.0033649631677077,511
1812000,7247.999999856255,-678400.570932473,131652.00360910152,-546748.5673233715,301.4640263529074,520.3953654581676,1.0033649631677077,511
1813000,7251.999999856161,-678142.5499122175,130783.67805881382,-547358.8718534037,299.47568656772586,520.3953654581676,1.0033649631677077,511
1814000,7255.999999856066,-677785.5370047088,131169.30772717446,-546616.2292775343,300.35872267289835,520.3953654581676,1.0033649631677077,511
1815000,7259.9999998559715,-677152.4087612624,132015.57439423946,-545136.834367023,302.2965508094087,520.3953654581676,1.0033649631677077,511
1816000,7263.999999855877,-678226.4117978909,130770.6445320432,-547455.7672658477,299.4458416785473,520.3953654581676,1.0033649631677077,511
1817000,7267.999999855782,-677713.6844642526,132084.48141102277,-545629.2030532297,302.4543379007859,520.3953654581676,1.0033649631677077,511
1818000,7271.999999855688,-677245.0186009165,131127.15557534638,-546117.86302557,300.262200348428,520.3953654581676,1.0033649631677077,511
1819000,7275.999999855593,-677232.9823513092,132307.82771007193,-544925.1546412372,302.9657685872667,520.3953654581676,1.0033649631677077,511
1820000,7279.999999855499,-677608.13862669,131619.23885335878,-545988.8997733312,301.38899980627,520.3953654581676,1.0033649631677077,511
1821000,7283.999999855404,-678492.1138593294,132303.79950232094,-546188.3143570084,302.9565445747617,520.3953654581676,1.0033649631677077,511
1822000,7287.999999855309,-678247.8042429728,131943.4178581948,-546304.386384778,302.1313227894213,520.3953654581676,1.0033649631677077,511
1823000,7291.999999855215,-678280.7300530085,132076.30723365955,-546204.422819349,302.4356202181644,520.3953654581676,1.0033649631677077,511
1824000,7295.99999985512,-678437.9371591061,131069.29941245797,-547368.6377466482,300.12971811241545,520.3953654581676,1.0033649631677077,511
1825000,7299.999999855026,-677918.5107307062,131685.1112217106,-546233.3995089956,301.53983799212637,520.3953654581676,1.0033649631677077,511
1826000,7303.999999854931,-677847.4226444578,130187.34870384855,-547660.0739406092,298.11017868746575,520.3953654581676,1.0033649631677077,511
1827000,7307.9999998548365,-677789.4152668207,131042.05512156017,-546747.3601452606,300.06733263096413,520.3953654581676,1.0033649631677077,511
1828000,7311.999999854742,-677116.348205992,132228.23830017808,-544888.1099058139,302.7835203623716,520.3953654581676,1.0033649631677077,511
1829000,7315.999999854647,-677837.8679347988,131599.59833326732,-546238.2696015316,301.34402585901427,520.3953654581676,1.0033649631677077,511
1830000,7319.999999854553,-677686.1030681152,132063.06098604482,-545623.0420820704,302.4052882290527,520.3953654581676,1.0033649631677077,511
1831000,7323.999999854458,-677826.5894362065,131542.15963702602,-546284.4297991805,301.2124995611785,520.3953654581676,1.0033649631677077,511
1832000,7327.9999998543635,-677927.4600883131,131185.3585877256,-546742.1015005875,300.3954768195542,520.3953654581676,1.0033649631677077,511
1833000,7331.999999854269,-677255.4270462394,130692.41831123631,-546563.0087350031,299.26671495928497,520.3953654581676,1.0033649631677077,511
1834000,7335.999999854174,-677248.126567719,131028.23735661502,-546219.889211104,300.0356919499159,520.3953654581676,1.0033649631677077,511
1835000,7339.99999985408,-677601.8589652521,130611.3046672456,-546990.5542980065,299.08097645900204,520.3953654581676,1.0033649631677077,511
1836000,7343.999999853985,-677453.4192355447,131966.47586716514,-545486.9433683796,302.184122291391,520.3953654581676,1.0033649631677077,511
1837000,7347.999999853891,-678127.6798585709,131341.994830727,-546785.6850278439,300.75415113664394,520.3953654581676,1.0033649631677077,511
1838000,7351.999999853796,-676951.9980626334,131118.75159326362,-545833.2464693699,300.2429564462723,520.3953654581676,1.0033649631677077,511
1839000,7355.999999853701,-678904.118144019,130894.67354642897,-548009.44459759,299.7298501633125,520.3953654581676,1.0033649631677077,511
1840000,7359.999999853607,-677673.1350091137,131556.40125801263,-546116.7337511011,301.2451108111915,520.3953654581676,1.0033649631677077,511
1841000,7363.999999853512,-677545.3939981926,132103.95622830634,-545441.4377698863,302.4989324126038,520.3953654581676,1.0033649631677077,511
1842000,7367.999999853418,-677492.0828873189,131587.60534917196,-545904.477538147,301.31656366190174,520.3953654581676,1.0033649631677077,511
1843000,7371.999999853323,-677544.3797940835,132153.87157233962,-545390.5082217439,302.61323132319035,520.3953654581676,1.0033649631677077,511
1844000,7375.9999998532285,-676800.117218927,131560.9949098811,-545239.1223090459,301.2556296088548,520.3953654581676,1.0033649631677077,511
1845000,7379.999999853134,-676485.358180217,131616.10935224555,-544869.2488279714,301.3818337018417,520.3953654581676,1.0033649631677077,511
1846000,7383.999999853039,-677206.1566448337,131405.8810249947,-545800.2756198391,300.900441271426,520.3953654581676,1.0033649631677077,511
1847000,7387.999999852945,-677021.4944194779,132024.47094735567,-544997.0234721221,302.31692262791165,520.3953654581676,1.0033649631677077,511
1848000,7391.99999985285,-676520.7216135585,130997.45288895449,-545523.268724604,299.9651999762606,520.3953654581676,1.0033649631677077,511
1849000,7395.9999998527555,-678228.1925114826,131357.58578569547,-546870.6067257872,300.7898521661052,520.3953654581676,1.0033649631677077,511
1850000,7399.999999852661,-677536.8518354604,131619.05153583223,-545917.8002996282,301.388570876256,520.3953654581676,1.0033649631677077,511
1851000,7403.999999852566,-677561.417882965,131627.10451624502,-545934.31336672,301.40701103540914,520.3953654581676,1.0033649631677077,511
1852000,7407.999999852472,-678686.2344545787,131198.8126921186,-547487.4217624601,300.42628477059253,520.3953654581676,1.0033649631677077,511
1853000,7411.999999852377,-678154.8018833539,131723.9138257339,-546430.8880576199,301.62869033710524,520.3953654581676,1.0033649631677077,511
1854000,7415.999999852283,-677916.42879896,130780.48951534464,-547135.9392836154,299.4683852648511,520.3953654581676,1.0033649631677077,511
1855000,7419.999999852188,-677487.6493762885,130631.96813485282,-546855.6812414357,299.1282928079562,520.3953654581676,1.0033649631677077,511
1856000,7423.999999852093,-678528.3795314743,130652.81227186453,-547875.5672596098,299.17602286368754,520.3953654581676,1.0033649631677077,511
1857000,7427.999999851999,-677474.6792516448,130983.79058440641,-546490.8886672384,299.9339152770125,520.3953654581676,1.0033649631677077,511
1858000,7431.999999851904,-678258.4157274426,132654.61671795894,-545603.7990094837,303.75986520369923,520.3953654581676,1.0033649631677077,511
1859000,7435.99999985181,-677563.3855368071,131391.02843079195,-546172.3571060152,300.8664309812109,520.3953654581676,1.0033649631677077,511
1860000,7439.999999851715,-678491.7466461412,131093.17107912857,-547398.5755670127,300.1843807727092,520.3953654581676,1.0033649631677077,511
1861000,7443.9999998516205,-676934.0684731044,131028.40698917,-545905.6614839344,300.03608038390564,520.3953654581676,1.0033649631677077,511
1862000,7447.999999851526,-678247.2688865657,131294.06649092675,-546953.2023956389,300.64440217805236,520.3953654581676,1.0033649631677077,511
1863000,7451.999999851431,-677521.5225885157,129738.14854144881,-547783.3740470668,297.08157535532445,520.3953654581676,1.0033649631677077,511
1864000,7455.999999851337,-676743.2057453804,131169.26290335157,-545573.9428420288,300.35862003283404,520.3953654581676,1.0033649631677077,511
1865000,7459.999999851242,-676660.5379096945,130736.9326624904,-545923.6052472041,299.3686463784177,520.3953654581676,1.0033649631677077,511
1866000,7463.999999851148,-676679.4922180641,131437.53581707063,-545241.9564009935,300.97292616197814,520.3953654581676,1.0033649631677077,511
1867000,7467.999999851053,-677256.9177289009,131357.09673482692,-545899.820994074,300.788732310426,520.3953654581676,1.0033649631677077,511
1868000,7471.999999850958,-677237.3014374082,130843.99065628531,-546393.3107811229,299.61379368326624,520.3953654581676,1.0033649631677077,511
1869000,7475.999999850864,-677143.8772944231,131172.50924514694,-545971.3680492761,300.3660536855071,520.3953654581676,1.0033649631677077,511
1870000,7479.999999850769,-677305.5089109275,130804.54507540737,-546500.9638355201,299.5234690143869,520.3953654581676,1.0033649631677077,511
1871000,7483.999999850675,-678418.4083402446,131303.78590116312,-547114.6224390814,300.6666582202189,520.3953654581676,1.0033649631677077,511
1872000,7487.99999985058,-677287.3899464929,131719.20083998065,-545568.1891065122,301.6178982821242,520.3953654581676,1.0033649631677077,511
1873000,7491.999999850485,-676791.8443657313,131325.59576210135,-545466.24860363,300.7165996439146,520.3953654581676,1.0033649631677077,511
1874000,7495.999999850391,-676499.095528427,131678.96803534625,-544820.1274930808,301.5257709848248,520.3953654581676,1.0033649631677077,511
1875000,7499.999999850296,-677949.596860074,131249.68473505927,-546699.9121250147,300.5427743831565,520.3953654581676,1.0033649631677077,510
1876000,7503.999999850202,-676618.4603179111,131575.56507164863,-545042.8952462624,301.28899316968676,520.3953654581676,1.0033649631677077,511
1877000,7507.999999850107,-678397.9197731065,131503.11148173525,-546894.8082913712,301.12308493935046,520.3953654581676,1.0033649631677077,511
1878000,7511.9999998500125,-677137.7777116299,131793.14272894606,-545344.6349826838,301.7872145017986,520.3953654581676,1.0033649631677077,510
1879000,7515.999999849918,-678310.6958141387,130893.24505790137,-547417.4507562374,299.7265791314153,520.3953654581676,1.0033649631677077,511
1880000,7519.999999849823,-677898.0336114494,130859.57572659454,-547038.4578848549,299.64948123770984,520.3953654581676,1.0033649631677077,510
1881000,7523.999999849729,-677697.1273110686,132171.0213919513,-545526.1059191173,302.65250192697636,520.3953654581676,1.0033649631677077,510
1882000,7527.999999849634,-677854.5915122824,131292.17146912822,-546562.4200431542,300.64006285251423,520.3953654581676,1.0033649631677077,511
1883000,7531.99999984954,-679708.9629323371,130935.70646402729,-548773.2564683098,299.8238096034508,520.3953654581676,1.0033649631677077,510
1884000,7535.999999849445,-678024.6764488132,131140.00341559495,-546884.6730332182,300.29162004235667,520.3953654581676,1.0033649631677077,510
1885000,7539.99999984935,-677343.0096514081,131334.4300713088,-546008.5795800993,300.73682893287884,520.3953654581676,1.0033649631677077,510
1886000,7543.999999849256,-677474.403703656,131845.53326473146,-545628.8704389245,301.90718124311417,520.3953654581676,1.0033649631677077,510
1887000,7547.999999849161,-677313.4294346771,131175.66894233756,-546137.7604923395,300.37328893458067,520.3953654581676,1.0033649631677077,510
1888000,7551.999999849067,-677517.2687517586,131319.6536637068,-546197.6150880519,300.7029930989483,520.3953654581676,1.0033649631677077,510
1889000,7555.999999848972,-677743.4662286793,130861.28325258265,-546882.1829760966,299.6533912249897,520.3953654581676,1.0033649631677077,510
1890000,7559.999999848877,-677068.7252574083,131161.22228905713,-545907.5029683512,300.3402081903014,520.3953654581676,1.0033649631677077,510
1891000,7563.999999848783,-677358.939049432,131409.8471069051,-545949.091942527,300.90952302475125,520.3953654581676,1.0033649631677077,510
1892000,7567.999999848688,-677792.6965167257,131352.89681803808,-546439.7996986876,300.77911510908604,520.3953654581676,1.0033649631677077,510
1893000,7571.999999848594,-676990.3489179718,130611.59347285202,-546378.7554451198,299.0816377820246,520.3953654581676,1.0033649631677077,510
1894000,7575.999999848499,-677057.949660101,131391.01209825766,-545666.9375618433,300.8663935820722,520.3953654581676,1.0033649631677077,510
1895000,7579.9999998484045,-677729.7043131599,130633.14915960169,-547096.5551535583,299.13099718363037,520.3953654581676,1.0033649631677077,510
1896000,7583.99999984831,-678473.5611961801,130869.77077772122,-547603.7904184589,299.67282642864706,520.3953654581676,1.0033649631677077,510
1897000,7587.999999848215,-678469.1480308119,130958.93985016336,-547510.2081806485,299.8770106937372,520.3953654581676,1.0033649631677077,510
1898000,7591.999999848121,-676208.5220745527,131379.48522815917,-544829.0368463935,300.83999871852376,520.3953654581676,1.0033649631677077,510
1899000,7595.999999848026,-677029.5705877086,131948.72227819456,-545080.8483095141,302.14346914319304,520.3953654581676,1.0033649631677077,510
1900000,7599.999999847932,-678090.122329188,130787.16863962126,-547302.9536895668,299.48367949237326,520.3953654581676,1.0033649631677077,510
1901000,7603.999999847837,-677003.7224471364,131037.47797698778,-545966.2444701486,300.05685163261876,520.3953654581676,1.0033649631677077,510
1902000,7607.999999847742,-678677.9297674033,129743.69857207406,-548934.2311953292,297.09428412186656,520.3953654581676,1.0033649631677077,510
1903000,7611.999999847648,-677357.5344096622,130124.52748490428,-547233.006924758,297.9663271919764,520.3953654581676,1.0033649631677077,510
1904000,7615.999999847553,-677025.8366563707,130675.13278315112,-546350.7038732196,299.2271336027439,520.3953654581676,1.0033649631677077,510
1905000,7619.999999847459,-676580.2395474263,130722.59219568252,-545857.6473517439,299.33580878578584,520.3953654581676,1.0033649631677077,510
1906000,7623.999999847364,-677588.0262216837,131294.5692186308,-546293.4570030529,300.64555335170456,520.3953654581676,1.0033649631677077,510
1907000,7627.9999998472695,-679211.1123782713,132045.14501524478,-547165.9673630265,302.3642632499765,520.3953654581676,1.0033649631677077,510
1908000,7631.999999847175,-677621.8822207861,132041.5858830214,-545580.2963377647,302.3561133525123,520.3953654581676,1.0033649631677077,510
1909000,7635.99999984708,-678513.8377755992,131310.66270023346,-547203.1750753657,300.68240509439727,520.3953654581676,1.0033649631677077,510
1910000,7639.999999846986,-676823.2415445773,131502.6044480614,-545320.6370965159,301.1219239056509,520.3953654581676,1.0033649631677077,510
1911000,7643.999999846891,-678226.8273788299,129815.64358688006,-548411.1837919499,297.2590277888436,520.3953654581676,1.0033649631677077,510
1912000,7647.9999998467965,-677453.6440672805,132021.54876879562,-545432.0952984849,302.31023126211176,520.3953654581676,1.0033649631677077,510
1913000,7651.999999846702,-677192.9943166114,131845.16381820675,-545347.8304984047,301.9063352640648,520.3953654581676,1.0033649631677077,510
1914000,7655.999999846607,-676604.3054798841,131083.5534760806,-545520.7520038036,300.16235785426335,520.3953654581676,1.0033649631677077,510
1915000,7659.999999846513,-676643.642283388,131801.82831760234,-544841.8139657855,301.8071032422339,520.3953654581676,1.0033649631677077,510
1916000,7663.999999846418,-677480.5883169221,130796.2500679851,-546684.3382489369,299.5044746484252,520.3953654581676,1.0033649631677077,510
1917000,7667.999999846324,-677497.5028833658,131138.5364075635,-546358.9664758024,300.2882608063729,520.3953654581676,1.0033649631677077,510
1918000,7671.999999846229,-679028.3184924466,131400.36180077732,-547627.9566916693,300.88780304709746,520.3953654581676,1.0033649631677077,510
1919000,7675.999999846134,-676750.519664485,132024.9812020288,-544725.5384624562,302.3180910372333,520.3953654581676,1.0033649631677077,510
1920000,7679.99999984604,-676488.4912666762,131851.7741946861,-544636.7170719901,301.92147206908515,520.3953654581676,1.0033649631677077,510
1921000,7683.999999845945,-678743.5569267501,130904.25337035512,-547839.303556395,299.7517865730393,520.3953654581676,1.0033649631677077,510
1922000,7687.999999845851,-677612.9931095336,132167.12574410648,-545445.8673654271,302.64358145746314,520.3953654581676,1.0033649631677077,510
1923000,7691.999999845756,-679186.0239133392,131412.6655583375,-547773.3583550018,300.9159768704475,520.3953654581676,1.0033649631677077,510
1924000,7695.9999998456615,-677336.0448609935,131666.4739674707,-545669.5708935228,301.4971613784076,520.3953654581676,1.0033649631677077,510
1925000,7699.999999845567,-677952.3433795744,132179.1144869097,-545773.2288926647,302.67103394263074,520.3953654581676,1.0033649631677077,510
1926000,7703.999999845472,-677849.2603832614,130775.19746213057,-547074.0629211308,299.45626722922805,520.3953654581676,1.0033649631677077,510
1927000,7707.999999845378,-677602.1157339131,131295.45431495243,-546306.6614189607,300.6475800941279,520.3953654581676,1.0033649631677077,510
1928000,7711.999999845283,-677966.926347116,130964.5921709328,-547002.3341761832,299.88995368989885,520.3953654581676,1.0033649631677077,510
1929000,7715.9999998451885,-677376.5811561043,131432.38077068015,-545944.2003854242,300.9611218521438,520.3953654581676,1.0033649631677077,510
1930000,7719.999999845094,-676539.8557853037,132034.24498202512,-544505.6108032786,302.3393037521208,520.3953654581676,1.0033649631677077,510
1931000,7723.999999844999,-679646.572757395,131568.84713711776,-548077.7256202772,301.2736100723017,520.3953654581676,1.0033649631677077,510
1932000,7727.999999844905,-677815.4944133945,130803.3601873893,-547012.1342260052,299.5207557923856,520.3953654581676,1.0033649631677077,510
1933000,7731.99999984481,-678696.8172115115,130973.60284115799,-547723.2143703536,299.91058682005837,520.3953654581676,1.0033649631677077,510
1934000,7735.999999844716,-677267.2557479264,131906.26941172156,-545360.9863362049,302.0462582257263,520.3953654581676,1.0033649631677077,510
1935000,7739.999999844621,-677772.7651243857,130373.20950461726,-547399.5556197684,298.5357730104149,520.3953654581676,1.0033649631677077,510
1936000,7743.999999844526,-678168.1269408995,132564.1395143007,-545603.9874265988,303.55268550752885,520.3953654581676,1.0033649631677077,510
1937000,7747.999999844432,-679311.3441620306,131825.8583899117,-547485.4857721189,301.8621286285048,520.3953654581676,1.0033649631677077,510
1938000,7751.999999844337,-677649.9209579597,131030.11199336953,-546619.8089645902,300.0399845966548,520.3953654581676,1.0033649631677077,510
1939000,7755.999999844243,-679033.9971076464,130654.03663927224,-548379.9604683742,299.17882648777487,520.3953654581676,1.0033649631677077,510
1940000,7759.999999844148,-677755.5302340062,131341.18730804848,-546414.3429259578,300.75230202663147,520.3953654581676,1.0033649631677077,510
1941000,7763.9999998440535,-678220.8582704165,130617.50494939456,-547603.3533210219,299.0951742073835,520.3953654581676,1.0033649631677077,510
1942000,7767.999999843959,-677934.9522239049,130467.81709175953,-547467.1351321454,298.752410686725,520.3953654581676,1.0033649631677077,510
1943000,7771.999999843864,-678432.9260509894,131983.03355359187,-546449.8924973975,302.22203699591853,520.3953654581676,1.0033649631677077,510
1944000,7775.99999984377,-677150.7493160488,131040.8173442774,-546109.9319717714,300.06449830020455,520.3953654581676,1.0033649631677077,510
1945000,7779.999999843675,-678869.0452053095,130652.59111890447,-548216.454086405,299.1755164554298,520.3953654581676,1.0033649631677077,510
1946000,7783.999999843581,-676939.2084263978,132297.55338792122,-544641.6550384766,302.94224187716213,520.3953654581676,1.0033649631677077,510
1947000,7787.999999843486,-676609.3471762864,131324.56318463566,-545284.7839916507,300.71423519102524,520.3953654581676,1.0033649631677077,510
1948000,7791.999999843391,-676085.274935199,131129.04260153748,-544956.2323336615,300.2665213651828,520.3953654581676,1.0033649631677077,510
1949000,7795.999999843297,-676708.6919219294,132164.84344680913,-544543.8484751203,302.6383553271063,520.3953654581676,1.0033649631677077,510
1950000,7799.999999843202,-677676.2325501083,131102.15637826105,-546574.0761718473,300.20495580673986,520.3953654581676,1.0033649631677077,510
1951000,7803.999999843108,-677707.2358061536,130805.75133832102,-546901.4844678326,299.5262311818042,520.3953654581676,1.0033649631677077,510
1952000,7807.999999843013,-678068.0512485392,131617.09535806812,-546450.9558904711,301.3840915124115,520.3953654581676,1.0033649631677077,510
1953000,7811.999999842918,-677431.4844889008,130409.13959998489,-547022.3448889159,298.61804772648327,520.3953654581676,1.0033649631677077,510
1954000,7815.999999842824,-677385.7295320649,132575.08286833088,-544810.646663734,303.57774420376813,520.3953654581676,1.0033649631677077,510
1955000,7819.999999842729,-676421.2447697856,131808.83526363992,-544612.4095061456,301.82314813412324,520.3953654581676,1.0033649631677077,510
1956000,7823.999999842635,-677655.6323533566,131178.3544430704,-546477.2779102862,300.3794383424248,520.3953654581676,1.0033649631677077,510
1957000,7827.99999984254,-677701.8363350853,130800.09521308303,-546901.7411220022,299.5132794739603,520.3953654581676,1.0033649631677077,510
1958000,7831.9999998424455,-676328.1919006198,132605.09042206756,-543723.1014785522,303.64645715702727,520.3953654581676,1.0033649631677077,510
1959000,7835.999999842351,-675130.7950186147,131292.0959001616,-543838.6991184531,300.6398898105223,520.3953654581676,1.0033649631677077,510
1960000,7839.999999842256,-677490.6413510051,132232.15819325764,-545258.4831577474,302.7924963499619,520.3953654581676,1.0033649631677077,510
1961000,7843.999999842162,-676065.0132752815,131854.59337689483,-544210.4198983867,301.9279275881534,520.3953654581676,1.0033649631677077,510
1962000,7847.999999842067,-677154.7560061486,131134.88774153718,-546019.8682646115,300.2799058894635,520.3953654581676,1.0033649631677077,510
1963000,7851.999999841973,-676434.6849938286,131784.47780695447,-544650.2071868742,301.7673730850331,520.3953654581676,1.0033649631677077,510
1964000,7855.999999841878,-678332.0510211233,131150.4715104889,-547181.5795106344,300.3155904639869,520.3953654581676,1.0033649631677077,510
1965000,7859.999999841783,-677920.2217790005,131620.92939663693,-546299.2923823636,301.392870905603,520.3953654581676,1.0033649631677077,510
1966000,7863.999999841689,-677328.4081326765,132074.71495750174,-545253.6931751748,302.4319741363089,520.3953654581676,1.0033649631677077,510
1967000,7867.999999841594,-677493.5654805084,131128.63533384295,-546364.9301466654,300.26558878113076,520.3953654581676,1.0033649631677077,510
1968000,7871.9999998415,-677487.2149904841,131847.91121100902,-545639.303779475,301.91262639578656,520.3953654581676,1.0033649631677077,510
1969000,7875.999999841405,-676736.8126451131,130383.19034714287,-546353.6222979702,298.558627694671,520.3953654581676,1.0033649631677077,510
1970000,7879.9999998413105,-676317.4038731116,131090.848856038,-545226.5550170736,300.1790632180668,520.3953654581676,1.0033649631677077,510
1971000,7883.999999841216,-678180.9981408855,131519.10489532736,-546661.8932455581,301.15970754078785,520.3953654581676,1.0033649631677077,510
1972000,7887.999999841121,-677703.7384257764,131012.29947659143,-546691.438949185,299.9991965123097,520.3953654581676,1.0033649631677077,510
1973000,7891.999999841027,-678149.4665018278,131992.2844134724,-546157.1820883554,302.2432201256117,520.3953654581676,1.0033649631677077,510
1974000,7895.999999840932,-677612.1022191942,131863.53474423417,-545748.56747496,301.94840202473864,520.3953654581676,1.0033649631677077,510
1975000,7899.9999998408375,-678048.562336171,131525.14753533492,-546523.4148008361,301.17354431149045,520.3953654581676,1.0033649631677077,510
1976000,7903.999999840743,-677684.489091998,132045.81568255718,-545638.6734094408,302.36579898101587,520.3953654581676,1.0033649631677077,510
1977000,7907.999999840648,-677931.9630721933,132641.60841867747,-545290.3546535159,303.73007808181814,520.3953654581676,1.0033649631677077,510
1978000,7911.999999840554,-677711.6774376365,131778.36890614615,-545933.3085314904,301.75338458669063,520.3953654581676,1.0033649631677077,510
1979000,7915.999999840459,-676830.6791060041,132447.36713193113,-544383.311974073,303.2852936593919,520.3953654581676,1.0033649631677077,510
1980000,7919.999999840365,-677322.2827952825,130723.95645464724,-546598.3263406353,299.3389327412838,520.3953654581676,1.0033649631677077,510
1981000,7923.99999984027,-677997.860474092,131412.65957622963,-546585.2008978623,300.91596317228664,520.3953654581676,1.0033649631677077,510
1982000,7927.999999840175,-677023.1839477364,130617.65922050332,-546405.5247272331,299.0955274658856,520.3953654581676,1.0033649631677077,510
1983000,7931.999999840081,-676855.0559887914,130835.03704639914,-546020.0189423922,299.5932912130213,520.3953654581676,1.0033649631677077,510
1984000,7935.999999839986,-677485.2594289854,130659.70764325956,-546825.5517857259,299.19181226580037,520.3953654581676,1.0033649631677077,510
1985000,7939.999999839892,-678749.696691657,131801.3510330181,-546948.3456586389,301.80601032964205,520.3953654581676,1.0033649631677077,510
1986000,7943.999999839797,-676512.6506530549,131426.7081952343,-545085.9424578206,300.9481324757058,520.3953654581676,1.0033649631677077,510
1987000,7947.9999998397025,-676308.0242384654,131960.8829607542,-544347.1412777111,302.1713153455077,520.3953654581676,1.0033649631677077,510
1988000,7951.999999839608,-677631.1213793023,131119.5714227524,-546511.5499565499,300.2448337370983,520.3953654581676,1.0033649631677077,510
1989000,7955.999999839513,-677500.0089883222,131475.70881388895,-546024.3001744333,301.06033679761856,520.3953654581676,1.0033649631677077,510
1990000,7959.999999839419,-675606.4531489909,130720.15239559632,-544886.3007533946,299.33022199684746,520.3953654581676,1.0033649631677077,510
1991000,7963.999999839324,-677005.616943344,131542.9773654032,-545462.6395779408,301.21437204076324,520.3953654581676,1.0033649631677077,510
1992000,7967.9999998392295,-677747.8906119559,131607.8963989881,-546139.9942129678,301.3630272280367,520.3953654581676,1.0033649631677077,510
1993000,7971.999999839135,-678108.9520532978,131957.20006082542,-546151.7519924723,302.16288203791834,520.3953654581676,1.0033649631677077,510
1994000,7975.99999983904,-677263.3773983615,131100.77502227348,-546162.602376088,300.201792701535,520.3953654581676,1.0033649631677077,510
1995000,7979.999999838946,-678455.0166242821,131562.7463467705,-546892.2702775116,301.25964014574083,520.3953654581676,1.0033649631677077,510
1996000,7983.999999838851,-677307.9701122264,132408.84493867116,-544899.1251735552,303.1970834144604,520.3953654581676,1.0033649631677077,510
1997000,7987.999999838757,-678380.7219678839,130827.26047220896,-547553.4614956749,299.57548398409705,520.3953654581676,1.0033649631677077,510
1998000,7991.999999838662,-676669.8309268593,131361.161713899,-545308.6692129603,300.7980405239321,520.3953654581676,1.0033649631677077,510
1999000,7995.999999838567,-678199.6323556216,132372.7246772427,-545826.9076783789,303.11437324564685,520.3953654581676,1.0033649631677077,510
2000000,7999.999999838473,-678519.4462984591,131416.8425161587,-547102.6037823004,300.92554149907573,520.3953654581676,1.0033649631677077,510
2001000,8003.999999838378,-677020.9972971133,132041.23851086828,-544979.758786245,302.35531792057765,520.3953654581676,1.0033649631677077,510
2002000,8007.999999838284,-678554.8700657496,131907.32731306634,-546647.5427526833,302.0486806666322,520.3953654581676,1.0033649631677077,510
2003000,8011.999999838189,-678255.7490759185,132060.18229033134,-546195.5667855871,302.3986964326756,520.3953654581676,1.0033649631677077,510
2004000,8015.9999998380945,-679395.2393616722,131981.92271522555,-547413.3166464467,302.21949333689815,520.3953654581676,1.0033649631677077,510
2005000,8019.999999838,-677290.9107975559,131707.85925923823,-545583.0515383177,301.5919277043731,520.3953654581676,1.0033649631677077,510
2006000,8023.999999837905,-677189.0284619904,132022.47297515254,-545166.5554868379,302.31234756085314,520.3953654581676,1.0033649631677077,510
2007000,8027.999999837811,-677383.0529397018,132533.20056055434,-544849.8523791474,303.48183978310504,520.3953654581676,1.0033649631677077,510
2008000,8031.999999837716,-679469.1177343545,130745.11591846874,-548724.0018158858,299.38738484975335,520.3953654581676,1.0033649631677077,510
2009000,8035.9999998376215,-678343.1459625727,131315.3214946601,-547027.8244679125,300.69307305908677,520.3953654581676,1.0033649631677077,510
2010000,8039.999999837527,-678406.0449273363,131674.56024450925,-546731.484682827,301.5156777820127,520.3953654581676,1.0033649631677077,510
2011000,8043.999999837432,-677557.7192596658,130870.59579518612,-546687.1234644797,299.67471559918727,520.3953654581676,1.0033649631677077,510
2012000,8047.999999837338,-677372.6795865414,131576.1761586524,-545796.503427889,301.290392470446,520.3953654581676,1.0033649631677077,510
2013000,8051.999999837243,-677144.655746975,132022.004815593,-545122.650931382,302.3112755432467,520.3953654581676,1.0033649631677077,510
2014000,8055.999999837149,-678406.9583500046,132037.55451422924,-546369.4038357753,302.34688210168065,520.3953654581676,1.0033649631677077,510
2015000,8059.999999837054,-677732.8110380997,131794.49744204062,-545938.3135960591,301.790316598636,520.3953654581676,1.0033649631677077,510
2016000,8063.999999836959,-677023.1704442161,131222.94064119773,-545800.2298030184,300.48153428049454,520.3953654581676,1.0033649631677077,510
2017000,8067.999999836865,-677068.8101658751,131653.63413955615,-545415.1760263189,301.4677600315638,520.3953654581676,1.0033649631677077,510
2018000,8071.99999983677,-677982.6140680364,130876.70915935672,-547105.9049086797,299.68871431798317,520.3953654581676,1.0033649631677077,510
2019000,8075.999999836676,-677087.3900997033,131862.68148216762,-545224.7086175357,301.9464481781502,520.3953654581676,1.0033649631677077,510
2020000,8079.999999836581,-677444.580174759,131019.15483763046,-546425.4253371286,300.0148942965004,520.3953654581676,1.0033649631677077,510
2021000,8083.9999998364865,-677536.9463049974,131166.23158318578,-546370.7147218117,300.3516787485596,520.3953654581676,1.0033649631677077,510
2022000,8087.999999836392,-677939.3737251288,132161.30460459023,-545778.0691205387,302.6302518908145,520.3953654581676,1.0033649631677077,510
2023000,8091.999999836297,-676986.2642097613,132185.49531248887,-544800.7688972724,302.6856451093264,520.3953654581676,1.0033649631677077,510
2024000,8095.999999836203,-677245.865557563,132500.1697477209,-544745.6958098421,303.4062040042525,520.3953654581676,1.0033649631677077,510
2025000,8099.999999836108,-676341.799215138,131114.6715647032,-545227.1276504347,300.2336137716168,520.3953654581676,1.0033649631677077,510
2026000,8103.999999836014,-677821.4255288797,131901.98446078657,-545919.4410680932,302.03644630850386,520.3953654581676,1.0033649631677077,510
2027000,8107.999999835919,-677701.4810136482,131025.40700311132,-546676.0740105369,300.02921085019966,520.3953654581676,1.0033649631677077,510
2028000,8111.999999835824,-677461.1570058563,130508.19152959925,-546952.965476257,298.8448623035574,520.3953654581676,1.0033649631677077,510
2029000,8115.99999983573,-678830.2407039325,131785.47750738228,-547044.7631965502,301.76966225426605,520.3953654581676,1.0033649631677077,510
2030000,8119.999999835635,-678195.9862809861,131344.89050554007,-546851.095775446,300.7607818127007,520.3953654581676,1.0033649631677077,510
2031000,8123.999999835541,-676736.9686079752,131279.10548531485,-545457.8631226603,300.6101436414072,520.3953654581676,1.0033649631677077,510
2032000,8127.999999835446,-677466.453102102,131101.14677615766,-546365.3063259444,300.2026439641035,520.3953654581676,1.0033649631677077,510
2033000,8131.999999835351,-678814.2090892121,131168.7368287607,-547645.4722604514,300.3574153981914,520.3953654581676,1.0033649631677077,510
2034000,8135.999999835257,-677939.8007300687,131312.3173624777,-546627.4833675909,300.68619403135784,520.3953654581676,1.0033649631677077,510
2035000,8139.999999835162,-677268.2922673924,132009.81863140548,-545258.4736359869,302.2833709458966,520.3953654581676,1.0033649631677077,510
2036000,8143.999999835068,-676413.8576408932,131434.7548220602,-544979.102818833,300.96655808606494,520.3953654581676,1.0033649631677077,510
2037000,8147.999999834973,-677950.5723934127,132561.88657893753,-545388.6858144752,303.54752661174996,520.3953654581676,1.0033649631677077,510
2038000,8151.9999998348785,-676626.6831625602,130571.91276846752,-546054.7703940927,298.99077471435874,520.3953654581676,1.0033649631677077,510
2039000,8155.999999834784,-677457.296949835,131418.41952538505,-546038.87742445,300.9291526218687,520.3953654581676,1.0033649631677077,510
2040000,8159.999999834689,-676707.7126225187,131316.4265569448,-545391.2860655738,300.6956034917166,520.3953654581676,1.0033649631677077,510
2041000,8163.999999834595,-678012.3530854615,131871.74814793767,-546140.6049375238,301.9672095299998,520.3953654581676,1.0033649631677077,510
2042000,8167.9999998345,-675772.3500805628,130758.64625196182,-545013.7038286009,299.41836735439364,520.3953654581676,1.0033649631677077,510
2043000,8171.999999834406,-677550.5871930728,131719.19816187577,-545831.389031197,301.61789214965177,520.3953654581676,1.0033649631677077,510
2044000,8175.999999834311,-677758.113644612,131864.17309610912,-545893.9405485028,301.9498637581052,520.3953654581676,1.0033649631677077,510
2045000,8179.999999834216,-678684.3642866407,131886.8843457353,-546797.4799409054,302.0018692313842,520.3953654581676,1.0033649631677077,510
2046000,8183.999999834122,-677128.886953983,131220.26123042707,-545908.6257235559,300.4753988177821,520.3953654581676,1.0033649631677077,510
2047000,8187.999999834027,-675934.4875399899,131252.59928243438,-544681.8882575554,300.5494482746478,520.3953654581676,1.0033649631677077,510
2048000,8191.999999833933,-678112.0354400929,131350.91592819593,-546761.119511897,300.77457915816086,520.3953654581676,1.0033649631677077,510
2049000,8195.999999834747,-677419.1158294976,131825.75622171408,-545593.3596077835,301.86189467812517,520.3953654581676,1.0033649631677077,510
2050000,8199.999999835562,-677793.4520507697,130898.19708097132,-546895.2549697984,299.7379185472414,520.3953654581676,1.0033649631677077,510
2051000,8203.999999836376,-678240.3943358934,131713.05237798882,-546527.3419579046,301.60381919439953,520.3953654581676,1.0033649631677077,510
2052000,8207.999999837191,-678975.73838297,131913.51281855343,-547062.2255644165,302.0628445785974,520.3953654581676,1.0033649631677077,510
2053000,8211.999999838006,-677808.7188887862,131356.83256935573,-546451.8863194304,300.78812740974547,520.3953654581676,1.0033649631677077,510
2054000,8215.999999838821,-678172.1694732262,132418.5299264068,-545753.6395468194,303.21926063408426,520.3953654581676,1.0033649631677077,510
2055000,8219.999999839636,-677320.8875776269,131380.48605645268,-545940.4015211742,300.84229047040577,520.3953654581676,1.0033649631677077,510
2056000,8223.999999840451,-678145.8511083876,132551.904535244,-545593.9465731436,303.5246691769932,520.3953654581676,1.0033649631677077,510
2057000,8227.999999841266,-678741.3585550515,130956.01920868328,-547785.3393463682,299.8703228476279,520.3953654581676,1.0033649631677077,510
2058000,8231.99999984208,-678719.4839567388,131563.9896626065,-547155.4942941323,301.2624871589853,520.3953654581676,1.0033649631677077,510
2059000,8235.999999842896,-677000.3427909194,131777.4947734966,-545222.8480174227,301.751382949489,520.3953654581676,1.0033649631677077,510
2060000,8239.99999984371,-678534.5318050464,130502.81293593929,-548031.7188691071,298.8325461028435,520.3953654581676,1.0033649631677077,510
2061000,8243.999999844526,-679462.1742641274,130887.92473718604,-548574.2495269413,299.71439636730724,520.3953654581676,1.0033649631677077,510
2062000,8247.99999984534,-677199.9272801089,132188.49651874742,-545011.4307613615,302.6925174371134,520.3953654581676,1.0033649631677077,510
2063000,8251.999999846155,-678728.6786754099,131701.8941006827,-547026.7845747272,301.57826835497707,520.3953654581676,1.0033649631677077,510
2064000,8255.99999984697,-678693.6111669973,131486.35541301942,-547207.2557539779,301.0847159681048,520.3953654581676,1.0033649631677077,510
2065000,8259.999999847785,-678455.3448980069,132027.06373700104,-546428.2811610058,302.32285974078917,520.3953654581676,1.0033649631677077,510
2066000,8263.9999998486,-676855.3221285706,131284.00312954816,-545571.3189990225,300.62135853757087,520.3953654581676,1.0033649631677077,510
2067000,8267.999999849415,-677614.8817205434,130839.34324626185,-546775.5384742816,299.60315178721163,520.3953654581676,1.0033649631677077,510
2068000,8271.99999985023,-677842.263624548,131128.85909699555,-546713.4045275524,300.2661011663515,520.3953654581676,1.0033649631677077,510
2069000,8275.999999851045,-676870.9083691193,131959.18499114807,-544911.7233779712,302.1674272409589,520.3953654581676,1.0033649631677077,510
2070000,8279.99999985186,-677714.0053068586,131259.42891736838,-546454.5763894902,300.5650871497828,520.3953654581676,1.0033649631677077,510
2071000,8283.999999852675,-677593.6808714308,132458.55034940754,-545135.1305220232,303.3109016081934,520.3953654581676,1.0033649631677077,510
2072000,8287.99999985349,-677476.8184725381,131058.03120916507,-546418.787263373,300.1039155583994,520.3953654581676,1.0033649631677077,510
2073000,8291.999999854304,-678576.9561610911,131080.01947367028,-547496.9366874208,300.15426550043253,520.3953654581676,1.0033649631677077,510
2074000,8295.99999985512,-677462.8320562951,130791.66148275603,-546671.1705735391,299.4939674526325,520.3953654581676,1.0033649631677077,510
2075000,8299.999999855934,-677606.339924511,132031.18635129952,-545575.1535732115,302.3322999306188,520.3953654581676,1.0033649631677077,510
2076000,8303.99999985675,-677593.2104099034,132193.75776523282,-545399.4526446706,302.7045649297884,520.3953654581676,1.0033649631677077,510
2077000,8307.999999857564,-678683.6564161847,131667.112687536,-547016.5437286487,301.49862395487673,520.3953654581676,1.0033649631677077,510
2078000,8311.999999858379,-676993.4038273641,132266.8711788209,-544726.5326485431,302.87198406080375,520.3953654581676,1.0033649631677077,510
2079000,8315.999999859194,-677479.3678740053,132266.3895973754,-545212.9782766299,302.8708813090218,520.3953654581676,1.0033649631677077,510
2080000,8319.999999860009,-678494.1222986337,131849.75580790255,-546644.3664907311,301.9168502555933,520.3953654581676,1.0033649631677077,510
2081000,8323.999999860824,-678171.3928827904,132024.17643587128,-546147.2164469191,302.3162482392547,520.3953654581676,1.0033649631677077,510
2082000,8327.999999861639,-676635.1407884178,130931.58740807488,-545703.5533803429,299.81437756171846,520.3953654581676,1.0033649631677077,510
2083000,8331.999999862453,-678064.3338438515,132433.1078241706,-545631.2260196808,303.2526419092276,520.3953654581676,1.0033649631677077,510
2084000,8335.999999863268,-677135.733411632,130540.05529740616,-546595.6781142259,298.91782571827594,520.3953654581676,1.0033649631677077,510
2085000,8339.999999864083,-677656.2452390068,130969.26580914378,-546686.979429863,299.9006556447053,520.3953654581676,1.0033649631677077,510
2086000,8343.999999864898,-678038.3601515396,130178.10567719728,-547860.2544743423,298.0890134947335,520.3953654581676,1.0033649631677077,510
2087000,8347.999999865713,-677884.2699588165,131018.55538080088,-546865.7145780156,300.01352162715614,520.3953654581676,1.0033649631677077,510
2088000,8351.999999866528,-676924.7777288877,131099.3447176054,-545825.4330112824,300.1985175109391,520.3953654581676,1.0033649631677077,510
2089000,8355.999999867343,-676005.9390146369,131996.43091757374,-544009.5080970632,302.25271501963084,520.3953654581676,1.0033649631677077,510
2090000,8359.999999868158,-677594.4611491421,131564.00627954,-546030.4548696021,301.2625252093571,520.3953654581676,1.0033649631677077,510
2091000,8363.999999868973,-677772.2764453772,132682.37994654645,-545089.8964988308,303.8234389773229,520.3953654581676,1.0033649631677077,510
2092000,8367.999999869788,-679104.3850225676,131828.6100247138,-547275.7749978538,301.868429473792,520.3953654581676,1.0033649631677077,510
2093000,8371.999999870603,-676889.2283627167,131220.6205455411,-545668.6078171756,300.4762215973679,520.3953654581676,1.0033649631677077,510
2094000,8375.999999871417,-677783.4560660403,130382.82325880066,-547400.6328072397,298.5577871155181,520.3953654581676,1.0033649631677077,510
2095000,8379.999999872232,-678671.0982642625,131216.8875228112,-547454.2107414514,300.4676735158213,520.3953654581676,1.0033649631677077,510
2096000,8383.999999873047,-678915.8091586987,131455.1735113297,-547460.635647369,301.0133139280672,520.3953654581676,1.0033649631677077,510
2097000,8387.999999873862,-678258.0183769129,130229.00386610148,-548029.0145108114,298.20556297776824,520.3953654581676,1.0033649631677077,510
2098000,8391.999999874677,-677968.0234456072,131247.9881369648,-546720.0353086423,300.5388894191708,520.3953654581676,1.0033649631677077,510
2099000,8395.999999875492,-678777.062449886,131991.38567998924,-546785.6767698968,302.24116215606296,520.3953654581676,1.0033649631677077,510
2100000,8399.999999876307,-678133.9715826632,131533.25615763664,-546600.7154250266,301.1921118825129,520.3953654581676,1.0033649631677077,510
2101000,8403.999999877122,-677733.7051371648,130865.95203008957,-546867.7531070752,299.66408204948766,520.3953654581676,1.0033649631677077,510
2102000,8407.999999877937,-677115.89903941,131767.7036250513,-545348.1954143587,301.728962637211,520.3953654581676,1.0033649631677077,510
2103000,8411.999999878752,-676841.4006984169,130839.73131005312,-546001.6693883637,299.60404039710585,520.3953654581676,1.0033649631677077,510
2104000,8415.999999879567,-678211.2804308957,131915.12415344745,-546296.1562774483,302.06653430219933,520.3953654581676,1.0033649631677077,510
2105000,8419.999999880381,-677898.1822772864,132554.01859159896,-545344.1636856875,303.5295100599516,520.3953654581676,1.0033649631677077,510
2106000,8423.999999881196,-676978.4608129486,131726.19686980778,-545252.2639431409,301.6339181774722,520.3953654581676,1.0033649631677077,510
2107000,8427.999999882011,-677525.9548309362,130720.38349479588,-546805.5713361403,299.3307511805536,520.3953654581676,1.0033649631677077,510
2108000,8431.999999882826,-677191.83966213,130710.92454798978,-546480.9151141403,299.3090915619298,520.3953654581676,1.0033649631677077,510
2109000,8435.999999883641,-677892.6008326747,130686.9104450827,-547205.690387592,299.2541027432779,520.3953654581676,1.0033649631677077,510
2110000,8439.999999884456,-677213.0661607427,130740.58014575928,-546472.4860149834,299.37699858698386,520.3953654581676,1.0033649631677077,510
2111000,8443.99999988527,-678467.3134044013,131055.06454851758,-547412.2488558837,300.09712233505985,520.3953654581676,1.0033649631677077,510
2112000,8447.999999886086,-678594.1667244923,130584.62208601751,-548009.5446384748,299.01987721136436,520.3953654581676,1.0033649631677077,510
2113000,8451.9999998869,-677496.0828154827,131750.30276438268,-545745.7800511001,301.6891171857529,520.3953654581676,1.0033649631677077,510
2114000,8455.999999887716,-676834.2658086163,131462.55849774077,-545371.7073108755,301.03022447767535,520.3953654581676,1.0033649631677077,510
2115000,8459.99999988853,-676727.2864880753,130259.63090760482,-546467.6555804705,298.2756944683173,520.3953654581676,1.0033649631677077,510
2116000,8463.999999889345,-678066.4982248796,131854.49325471738,-546212.0049701622,301.92769832286376,520.3953654581676,1.0033649631677077,510
2117000,8467.99999989016,-678647.8307317453,132265.49250498635,-546382.338226759,302.86882709734095,520.3953654581676,1.0033649631677077,510
2118000,8471.999999890975,-678791.7191772121,131688.7736198104,-547102.9455574017,301.54822435349575,520.3953654581676,1.0033649631677077,510
2119000,8475.99999989179,-678262.6676533143,130781.88034417608,-547480.7873091382,299.47157006149683,520.3953654581676,1.0033649631677077,510
2120000,8479.999999892605,-677616.6728427517,131129.62145864754,-546487.0513841042,300.2678468641521,520.3953654581676,1.0033649631677077,510
2121000,8483.99999989342,-678096.4348933711,131898.07714432728,-546198.3577490437,302.02749911955294,520.3953654581676,1.0033649631677077,510
2122000,8487.999999894235,-678741.7625355902,130485.992123581,-548255.7704120092,298.79402887803076,520.3953654581676,1.0033649631677077,510
2123000,8491.99999989505,-677502.5079568424,130678.63723169093,-546823.8707251515,299.2351582824905,520.3953654581676,1.0033649631677077,510
2124000,8495.999999895865,-676524.0469023851,132099.61742689816,-544424.429475487,302.4889971855947,520.3953654581676,1.0033649631677077,510
2125000,8499.99999989668,-677113.3779528788,131637.66973943138,-545475.7082134475,301.43120386676577,520.3953654581676,1.0033649631677077,510
2126000,8503.999999897494,-676873.3395692329,130776.1537897005,-546097.1857795324,299.4584570808964,520.3953654581676,1.0033649631677077,510
2127000,8507.99999989831,-679339.3603333277,131240.10859728674,-548099.2517360409,300.5208464141877,520.3953654581676,1.0033649631677077,510
2128000,8511.999999899124,-678528.0838831812,132742.67940909567,-545785.4044740855,303.961516015793,520.3953654581676,1.0033649631677077,510
2129000,8515.99999989994,-676688.3448276483,130554.34875775862,-546133.9960698896,298.95055567293093,520.3953654581676,1.0033649631677077,510
2130000,8519.999999900754,-676441.5617636885,132006.59828534594,-544434.9634783425,302.27599681969457,520.3953654581676,1.0033649631677077,510
2131000,8523.999999901569,-677245.8652933594,131486.8198693205,-545759.0454240389,301.0857795057855,520.3953654581676,1.0033649631677077,510
2132000,8527.999999902384,-677584.5367411422,132030.9896846303,-545553.5470565119,302.33184959242163,520.3953654581676,1.0033649631677077,510
2133000,8531.999999903199,-677533.6998955905,131586.36984930956,-545947.330046281,301.313734546105,520.3953654581676,1.0033649631677077,510
2134000,8535.999999904014,-677300.4673977671,130699.39399783485,-546601.0733999322,299.282688271585,520.3953654581676,1.0033649631677077,510
2135000,8539.999999904829,-678539.0751665086,131568.33607080462,-546970.7390957039,301.272439804442,520.3953654581676,1.0033649631677077,510
2136000,8543.999999905644,-677554.4660402229,131412.2199453044,-546142.2460949186,300.91495648112203,520.3953654581676,1.0033649631677077,510
2137000,8547.999999906458,-678242.8857851336,131696.84313674143,-546546.0426483921,301.56670237888136,520.3953654581676,1.0033649631677077,510
2138000,8551.999999907273,-678268.3422147948,130550.77701632149,-547717.5651984734,298.94237690219285,520.3953654581676,1.0033649631677077,510
2139000,8555.999999908088,-678392.4370367872,131187.74955767574,-547204.6874791114,300.40095179455113,520.3953654581676,1.0033649631677077,510
2140000,8559.999999908903,-677175.6457707309,132002.8170917986,-545172.8286789323,302.2673384339507,520.3953654581676,1.0033649631677077,510
2141000,8563.999999909718,-676581.8406049553,129891.29793420309,-546690.5426707523,297.43226529020984,520.3953654581676,1.0033649631677077,510
2142000,8567.999999910533,-678619.0592273478,130504.96132240194,-548114.097904946,298.83746559677775,520.3953654581676,1.0033649631677077,510
2143000,8571.999999911348,-677252.7449915526,130534.98482536245,-546717.7601661901,298.90621507145016,520.3953654581676,1.0033649631677077,510
2144000,8575.999999912163,-676604.4817642802,131292.6850198448,-545311.7967444354,300.64123880929804,520.3953654581676,1.0033649631677077,510
2145000,8579.999999912978,-677319.9649229068,130338.12140155281,-546981.843521354,298.45542633480864,520.3953654581676,1.0033649631677077,510
2146000,8583.999999913793,-678527.7731265975,130895.70181799168,-547632.0713086058,299.7322047563075,520.3953654581676,1.0033649631677077,510
2147000,8587.999999914608,-677870.0325734625,131143.79059319413,-546726.2419802684,300.3002921307129,520.3953654581676,1.0033649631677077,510
2148000,8591.999999915422,-676392.5399190686,130619.85310099914,-545772.6868180694,299.1005511345687,520.3953654581676,1.0033649631677077,510
2149000,8595.999999916237,-678482.4459067718,130738.91379949928,-547743.5321072725,299.37318289531896,520.3953654581676,1.0033649631677077,510
2150000,8599.999999917052,-676190.8950558985,131011.12495041842,-545179.77010548,299.9965070174334,520.3953654581676,1.0033649631677077,510
2151000,8603.999999917867,-677266.1390913432,130354.85290057265,-546911.2861907706,298.493739045008,520.3953654581676,1.0033649631677077,510
2152000,8607.999999918682,-677109.1733297892,131737.9455950011,-545371.2277347881,301.66082105706533,520.3953654581676,1.0033649631677077,510
2153000,8611.999999919497,-678392.0744847823,131050.94618107419,-547341.128303708,300.0876918699135,520.3953654581676,1.0033649631677077,510
2154000,8615.999999920312,-678450.720445009,131516.2174165931,-546934.5030284158,301.1530956325649,520.3953654581676,1.0033649631677077,510
2155000,8619.999999921127,-677829.3607257917,131857.70110630646,-545971.6596194853,301.9350438385374,520.3953654581676,1.0033649631677077,510
2156000,8623.999999921942,-677557.6713555795,131420.62032704143,-546137.051028538,300.9341921390074,520.3953654581676,1.0033649631677077,510
2157000,8627.999999922757,-677516.821388883,129937.34147415077,-547579.4799147323,297.53769833003946,520.3953654581676,1.0033649631677077,510
2158000,8631.999999923572,-677503.5237917621,131834.88917944834,-545668.6346123137,301.8828078289744,520.3953654581676,1.0033649631677077,510
2159000,8635.999999924386,-677314.7573255962,130881.31404622643,-546433.4432793697,299.6992588421726,520.3953654581676,1.0033649631677077,510
2160000,8639.999999925201,-677271.8955009151,132275.29282707605,-544996.6026738391,302.8912684159364,520.3953654581676,1.0033649631677077,510
2161000,8643.999999926016,-676733.6146966983,131689.28788032586,-545044.3268163723,301.5494019356163,520.3953654581676,1.0033649631677077,510
2162000,8647.999999926831,-677891.6012850525,131935.6483107427,-545955.9529743098,302.11353165070983,520.3953654581676,1.0033649631677077,510
2163000,8651.999999927646,-677555.5215406823,130966.50687332143,-546589.0146673608,299.8943380811388,520.3953654581676,1.0033649631677077,510
2164000,8655.999999928461,-678392.8640410756,130535.87579454147,-547856.9882465341,298.9082552618666,520.3953654581676,1.0033649631677077,510
2165000,8659.999999929276,-676958.5178359076,130985.33270872514,-545973.1851271825,299.93744651841797,520.3953654581676,1.0033649631677077,510
2166000,8663.99999993009,-678696.80563134,132026.3991194372,-546670.4065119028,302.32133786279803,520.3953654581676,1.0033649631677077,510
2167000,8667.999999930906,-677753.7240856863,130535.95852825034,-547217.7655574359,298.90844471008086,520.3953654581676,1.0033649631677077,510
2168000,8671.99999993172,-678624.3500668397,131807.13018746872,-546817.219879371,301.8192437565694,520.3953654581676,1.0033649631677077,510
2169000,8675.999999932536,-677072.3803861747,133330.73190590285,-543741.6484802718,305.3080710892786,520.3953654581676,1.0033649631677077,510
2170000,8679.99999993335,-677470.448719848,130857.90135373839,-546612.5473661096,299.64564716630196,520.3953654581676,1.0033649631677077,510
2171000,8683.999999934165,-675354.0262220912,131732.87070665494,-543621.1555154362,301.64920029754643,520.3953654581676,1.0033649631677077,510
2172000,8687.99999993498,-678223.2434274321,132505.1433945484,-545718.1000328837,303.4175929353524,520.3953654581676,1.0033649631677077,510
2173000,8691.999999935795,-677722.2097030128,131990.58155809774,-545731.6281449151,302.23932083336035,520.3953654581676,1.0033649631677077,510
2174000,8695.99999993661,-678563.043407674,131696.068959522,-546866.9744481519,301.5649296251421,520.3953654581676,1.0033649631677077,510
2175000,8699.999999937425,-676548.2580801956,131245.69709615438,-545302.5609840413,300.533643267435,520.3953654581676,1.0033649631677077,510
2176000,8703.99999993824,-677503.4667270714,131494.94622397062,-546008.5205031008,301.1043876813183,520.3953654581676,1.0033649631677077,510
2177000,8707.999999939055,-678514.8187440056,132209.74887775665,-546305.069866249,302.7411822621125,520.3953654581676,1.0033649631677077,510
2178000,8711.99999993987,-677523.4420701279,131743.59729026945,-545779.8447798585,301.6737626209201,520.3953654581676,1.0033649631677077,510
2179000,8715.999999940685,-677984.9840121991,131526.79829467685,-546458.1857175223,301.1773243113698,520.3953654581676,1.0033649631677077,510
2180000,8719.9999999415,-677530.2689153343,131922.99858723918,-545607.2703280951,302.084565615442,520.3953654581676,1.0033649631677077,510
2181000,8723.999999942314,-677851.3119892753,131515.0037028037,-546336.3082864715,301.15031640372086,520.3953654581676,1.0033649631677077,510
2182000,8727.99999994313,-677417.1917267153,131466.00958187017,-545951.1821448451,301.0381269606487,520.3953654581676,1.0033649631677077,510
2183000,8731.999999943944,-677809.8421633304,131128.9027571989,-546680.9394061315,300.2662011418956,520.3953654581676,1.0033649631677077,510
2184000,8735.99999994476,-677830.5399880302,130872.21996174572,-546958.3200262845,299.6784347054455,520.3953654581676,1.0033649631677077,510
2185000,8739.999999945574,-677720.5707120774,131373.5433256602,-546347.0273864173,300.82639262212996,520.3953654581676,1.0033649631677077,510
2186000,8743.999999946389,-677519.4755910672,131738.83376249543,-545780.6418285718,301.66285483202944,520.3953654581676,1.0033649631677077,510
2187000,8747.999999947204,-677625.1333327512,131224.98190459472,-546400.1514281565,300.4862084781189,520.3953654581676,1.0033649631677077,510
2188000,8751.999999948019,-676927.4018246736,131012.14195661078,-545915.2598680628,299.99883581436137,520.3953654581676,1.0033649631677077,510
2189000,8755.999999948834,-678395.3120913617,131578.8367823312,-546816.4753090305,301.2964849134384,520.3953654581676,1.0033649631677077,510
2190000,8759.999999949649,-677668.8072879883,131548.4517130066,-546120.3555749817,301.22690750414347,520.3953654581676,1.0033649631677077,510
2191000,8763.999999950463,-676019.9206740679,132605.25635606833,-543414.6643179996,303.6468371218634,520.3953654581676,1.0033649631677077,510
2192000,8767.999999951278,-677427.3470456074,132325.6533267516,-545101.6937188557,303.00658666848966,520.3953654581676,1.0033649631677077,510
2193000,8771.999999952093,-676305.426923776,131084.80422880733,-545220.6226949687,300.16522189691096,520.3953654581676,1.0033649631677077,510
2194000,8775.999999952908,-678129.4449823415,132415.90430402744,-545713.540678314,303.2132483389998,520.3953654581676,1.0033649631677077,510
2195000,8779.999999953723,-677961.5909898686,131376.41356324535,-546585.1774266233,300.83296505061793,520.3953654581676,1.0033649631677077,510
2196000,8783.999999954538,-676569.4362095236,131615.93715820299,-544953.4990513206,301.38143940241616,520.3953654581676,1.0033649631677077,510
2197000,8787.999999955353,-678798.8653956009,131266.73057994188,-547532.134815659,300.58180689986733,520.3953654581676,1.0033649631677077,510
2198000,8791.999999956168,-677155.2932601878,131117.50822114793,-546037.7850390399,300.24010930415534,520.3953654581676,1.0033649631677077,510
2199000,8795.999999956983,-677689.805279641,130434.27448121586,-547255.5307984251,298.67560296521924,520.3953654581676,1.0033649631677077,510
2200000,8799.999999957798,-677985.4372878186,132083.6373602955,-545901.7999275231,302.4524051468307,520.3953654581676,1.0033649631677077,510
2201000,8803.999999958613,-677202.3207208887,130671.47116350452,-546530.8495573842,299.2187490239196,520.3953654581676,1.0033649631677077,510
2202000,8807.999999959427,-677273.8170691817,132037.82873524207,-545235.9883339396,302.3475100280955,520.3953654581676,1.0033649631677077,510
2203000,8811.999999960242,-678455.9990400486,131398.2561476814,-547057.7428923672,300.88298140638557,520.3953654581676,1.0033649631677077,510
2204000,8815.999999961057,-676227.2323421137,130309.45953057392,-545917.7728115398,298.3897948002233,520.3953654581676,1.0033649631677077,510
2205000,8819.999999961872,-677130.1434968831,131059.46866853675,-546070.6748283464,300.1072071322306,520.3953654581676,1.0033649631677077,510
2206000,8823.999999962687,-675928.5922797662,132436.8283514029,-543491.7639283633,303.2611613778938,520.3953654581676,1.0033649631677077,510
2207000,8827.999999963502,-677461.378804482,131112.1150667926,-546349.2637376895,300.22775976155725,520.3953654581676,1.0033649631677077,510
2208000,8831.999999964317,-677810.427505869,132108.17500468052,-545702.2525011884,302.5085927996634,520.3953654581676,1.0033649631677077,510
2209000,8835.999999965132,-676536.5965908775,131430.52957467,-545106.0670162075,300.95688288131555,520.3953654581676,1.0033649631677077,510
2210000,8839.999999965947,-678237.9629868162,132449.5822632555,-545788.3807235607,303.2903659893956,520.3953654581676,1.0033649631677077,510
2211000,8843.999999966762,-678590.2920143749,130941.8862147493,-547648.4057996256,299.8379603378372,520.3953654581676,1.0033649631677077,510
2212000,8847.999999967577,-676132.7437111773,131753.24322833904,-544379.5004828383,301.69585042246274,520.3953654581676,1.0033649631677077,510
2213000,8851.999999968391,-677619.0855372786,131524.37565095443,-546094.7098863241,301.17177680802035,520.3953654581676,1.0033649631677077,510
2214000,8855.999999969206,-678127.7561381147,131464.41070565628,-546663.3454324584,301.03446576562044,520.3953654581676,1.0033649631677077,510
2215000,8859.999999970021,-678679.7432923405,131517.22054965503,-547162.5227426855,301.1553926620329,520.3953654581676,1.0033649631677077,510
2216000,8863.999999970836,-676943.9025341547,130960.6524762046,-545983.2500579502,299.8809323594003,520.3953654581676,1.0033649631677077,510
2217000,8867.999999971651,-678010.6605387838,131287.79750536117,-546722.8630334226,300.6300471087945,520.3953654581676,1.0033649631677077,510
2218000,8871.999999972466,-677407.814811632,130652.08930844453,-546755.7255031875,299.1743673821337,520.3953654581676,1.0033649631677077,510
2219000,8875.99999997328,-677921.3509853338,130662.15276976189,-547259.1982155719,299.1974112514605,520.3953654581676,1.0033649631677077,510
2220000,8879.999999974096,-678491.9120902326,131176.72654569568,-547315.1855445369,300.3757106931402,520.3953654581676,1.0033649631677077,510
2221000,8883.99999997491,-677907.074191039,131231.01977293682,-546676.0544181021,300.5000343223985,520.3953654581676,1.0033649631677077,510
2222000,8887.999999975726,-678652.3224556707,130780.76043023216,-547871.5620254385,299.4690056207178,520.3953654581676,1.0033649631677077,510
2223000,8891.99999997654,-678004.7833730974,131547.31556547165,-546457.4678076258,301.2243058907914,520.3953654581676,1.0033649631677077,510
2224000,8895.999999977355,-677450.3650715365,131126.94560353912,-546323.4194679974,300.2617195433913,520.3953654581676,1.0033649631677077,510
2225000,8899.99999997817,-677807.5474962117,131129.2315832855,-546678.3159129262,300.2669541060231,520.3953654581676,1.0033649631677077,510
2226000,8903.999999978985,-676650.2754951199,131976.5568624547,-544673.7186326652,302.20720631097544,520.3953654581676,1.0033649631677077,510
2227000,8907.9999999798,-677075.8481897986,130565.91545142268,-546509.932738376,298.97704172667846,520.3953654581676,1.0033649631677077,510
2228000,8911.999999980615,-677785.1958746193,131347.19821157237,-546437.9976630469,300.7660661253816,520.3953654581676,1.0033649631677077,510
2229000,8915.99999998143,-679442.0883102464,130920.96921935934,-548521.119090887,299.79006344696893,520.3953654581676,1.0033649631677077,510
2230000,8919.999999982245,-679419.3649935327,132759.7194022364,-546659.6455912963,304.00053513286235,520.3953654581676,1.0033649631677077,510
2231000,8923.99999998306,-676209.3609911194,131836.18135730003,-544373.1796338194,301.8857667291602,520.3953654581676,1.0033649631677077,510
2232000,8927.999999983875,-677945.7153092958,131352.57406948574,-546593.14123981,300.778376061632,520.3953654581676,1.0033649631677077,510
2233000,8931.99999998469,-678212.9214098947,132434.60243717598,-545778.3189727187,303.2560643566046,520.3953654581676,1.0033649631677077,510
2234000,8935.999999985504,-677872.1202093312,131310.21151414048,-546561.9086951907,300.68137194357166,520.3953654581676,1.0033649631677077,510
2235000,8939.99999998632,-678256.8047461822,132086.04597286036,-546170.7587733218,302.45792052086085,520.3953654581676,1.0033649631677077,510
2236000,8943.999999987134,-677480.8916401351,131593.0285011107,-545887.8631390244,301.32898189462253,520.3953654581676,1.0033649631677077,510
2237000,8947.99999998795,-676504.5171192386,131542.78744551912,-544961.7296737195,301.21393715172724,520.3953654581676,1.0033649631677077,510
2238000,8951.999999988764,-677611.4358706647,131637.49972738378,-545973.9361432809,301.43081456379286,520.3953654581676,1.0033649631677077,510
2239000,8955.999999989579,-676335.0711747012,130594.04952736944,-545741.0216473318,299.0414646870597,520.3953654581676,1.0033649631677077,510
2240000,8959.999999990394,-679408.3633110267,132351.17179808527,-547057.1915129414,303.06502027302076,520.3953654581676,1.0033649631677077,510
2241000,8963.999999991209,-678011.7003259524,130255.5245272083,-547756.1757987441,298.26629145177264,520.3953654581676,1.0033649631677077,510
2242000,8967.999999992024,-678092.801993343,131133.83322073665,-546958.9687726065,300.27749118951454,520.3953654581676,1.0033649631677077,510
2243000,8971.999999992839,-678270.2735219742,132261.53091701094,-546008.7426049632,302.8597556344762,520.3953654581676,1.0033649631677077,510
2244000,8975.999999993654,-678121.4819609812,130816.75958571944,-547304.7223752617,299.55143847446084,520.3953654581676,1.0033649631677077,510
2245000,8979.999999994468,-677391.1482300158,130585.44430382471,-546805.7039261911,299.02175997109384,520.3953654581676,1.0033649631677077,510
2246000,8983.999999995283,-676375.6677336055,131391.6067051696,-544984.0610284358,300.8677551458073,520.3953654581676,1.0033649631677077,510
2247000,8987.999999996098,-678425.5389989959,132304.13109389273,-546121.4079051032,302.95730387144994,520.3953654581676,1.0033649631677077,510
2248000,8991.999999996913,-678123.9708803822,131754.5150065422,-546369.45587384,301.6987626104071,520.3953654581676,1.0033649631677077,510
2249000,8995.999999997728,-677860.9906099904,132117.06179015472,-545743.9288198357,302.5289422516804,520.3953654581676,1.0033649631677077,510
2250000,8999.999999998543,-677057.0150546632,131655.8900154112,-545401.125039252,301.4729256606432,520.3953654581676,1.0033649631677077,510
2251000,9003.999999999358,-678809.6972172298,130772.70156972553,-548036.9956475042,299.4505519970011,520.3953654581676,1.0033649631677077,510
2252000,9008.000000000173,-678987.8499580016,131474.71062238584,-547513.1393356158,301.0580510836047,520.3953654581676,1.0033649631677077,510
2253000,9012.000000000988,-677100.070741877,130941.7718828312,-546158.2988590457,299.8376985342989,520.3953654581676,1.0033649631677077,510
2254000,9016.000000001803,-677375.8280024622,130745.1115502874,-546630.7164521748,299.38737484725056,520.3953654581676,1.0033649631677077,510
2255000,9020.000000002618,-676697.525399121,132098.4747931594,-544599.0506059616,302.486380719775,520.3953654581676,1.0033649631677077,510
2256000,9024.000000003432,-678206.2690360723,131797.98006544146,-546408.2889706308,301.79829130197436,520.3953654581676,1.0033649631677077,510
2257000,9028.000000004247,-677377.4334204011,131775.58025565883,-545601.8531647422,301.7469989808438,520.3953654581676,1.0033649631677077,510
2258000,9032.000000005062,-677747.6578085879,131900.1323078886,-545847.5255006993,302.03220514654095,520.3953654581676,1.0033649631677077,510
2259000,9036.000000005877,-679612.8959872052,131276.21359183418,-548336.682395371,300.6035216240541,520.3953654581676,1.0033649631677077,510
2260000,9040.000000006692,-678291.5832864507,131627.9617665892,-546663.6215198615,301.4089740145759,520.3953654581676,1.0033649631677077,510
2261000,9044.000000007507,-678048.975544103,131210.69975098874,-546838.2757931142,300.4535044142762,520.3953654581676,1.0033649631677077,510
2262000,9048.000000008322,-677646.9011148266,131103.17749312174,-546543.7236217048,300.20729401192347,520.3953654581676,1.0033649631677077,510
2263000,9052.000000009137,-675905.4801793606,132650.72263018042,-543254.7575491802,303.75094830651193,520.3953654581676,1.0033649631677077,510
2264000,9056.000000009952,-677606.9739564066,130702.20097831887,-546904.7729780877,299.2891158504703,520.3953654581676,1.0033649631677077,510
2265000,9060.000000010767,-677745.4104775591,131848.14070743977,-545897.2697701193,301.9131519093842,520.3953654581676,1.0033649631677077,510
2266000,9064.000000011582,-678399.3436367684,131741.32506642677,-546658.0185703416,301.668559557316,520.3953654581676,1.0033649631677077,510
2267000,9068.000000012396,-678090.0845944975,132485.66699887707,-545604.4175956204,303.3729948092551,520.3953654581676,1.0033649631677077,510
2268000,9072.000000013211,-677101.5395662747,131585.8277934967,-545515.7117727781,301.3124933167779,520.3953654581676,1.0033649631677077,510
2269000,9076.000000014026,-678394.4668425331,131520.5451834557,-546873.9216590774,301.16300559206223,520.3953654581676,1.0033649631677077,510
2270000,9080.000000014841,-677812.6335499389,131359.49922204175,-546453.1343278971,300.79423365829143,520.3953654581676,1.0033649631677077,510
2271000,9084.000000015656,-676417.4114270923,131888.15840580605,-544529.2530212862,302.0047866444749,520.3953654581676,1.0033649631677077,510
2272000,9088.000000016471,-678335.1676317216,131713.28902787372,-546621.8786038479,301.60436108837143,520.3953654581676,1.0033649631677077,510
2273000,9092.000000017286,-678248.9929277464,131220.52021935274,-547028.4727083936,300.4759918649227,520.3953654581676,1.0033649631677077,510
2274000,9096.0000000181,-678995.8587021274,130789.61666187702,-548206.2420402503,299.4892851088894,520.3953654581676,1.0033649631677077,510
2275000,9100.000000018916,-677045.2409567586,131098.44785961928,-545946.7930971393,300.1964638360071,520.3953654581676,1.0033649631677077,510
2276000,9104.00000001973,-678872.0314199287,131702.20878164133,-547169.8226382873,301.5789889288096,520.3953654581676,1.0033649631677077,510
2277000,9108.000000020545,-676268.2636176976,131758.510158677,-544509.7534590206,301.7079109303371,520.3953654581676,1.0033649631677077,510
2278000,9112.00000002136,-677333.6860963213,132828.79297848948,-544504.8931178318,304.15870362130914,520.3953654581676,1.0033649631677077,510
2279000,9116.000000022175,-678043.4170936071,132337.80493562168,-545705.6121579855,303.034412093369,520.3953654581676,1.0033649631677077,510
2280000,9120.00000002299,-677290.1194613795,131724.33066418793,-545565.7887971916,301.62964483681094,520.3953654581676,1.0033649631677077,509
2281000,9124.000000023805,-678173.5433567832,130922.57605504777,-547250.9673017354,299.7937428680414,520.3953654581676,1.0033649631677077,510
2282000,9128.00000002462,-677811.3666708609,132217.20313260076,-545594.1635382602,302.7582514264029,520.3953654581676,1.0033649631677077,510
2283000,9132.000000025435,-678361.0383393317,131561.4066637277,-546799.631675604,301.25657246554573,520.3953654581676,1.0033649631677077,509
2284000,9136.00000002625,-678392.4380250131,132207.36726490827,-546185.0707601048,302.73572871352377,520.3953654581676,1.0033649631677077,510
2285000,9140.000000027065,-678365.0521510234,131169.07121104043,-547195.9809399829,300.3581810851967,520.3953654581676,1.0033649631677077,509
2286000,9144.00000002788,-677875.8755637002,131942.50846880453,-545933.3670948957,302.1292404193882,520.3953654581676,1.0033649631677077,510
2287000,9148.000000028695,-675513.712256901,131297.05810725622,-544216.6541496448,300.65125254629027,520.3953654581676,1.0033649631677077,510
2288000,9152.00000002951,-677762.3130311561,131212.78743909555,-546549.5255920605,300.45828491776416,520.3953654581676,1.0033649631677077,509
2289000,9156.000000030324,-678246.7343405951,130564.78832719335,-547681.9460134017,298.97446077538973,520.3953654581676,1.0033649631677077,510
2290000,9160.00000003114,-677506.5815258571,130952.05720796931,-546554.5243178878,299.8612504396515,520.3953654581676,1.0033649631677077,509
2291000,9164.000000031954,-678399.4873140226,131365.0360213066,-547034.451292716,300.806912126934,520.3953654581676,1.0033649631677077,510
2292000,9168.00000003277,-677608.0041744602,132456.4042128186,-545151.5999616416,303.3059872661441,520.3953654581676,1.0033649631677077,510
2293000,9172.000000033584,-677809.6110261399,131389.35666643232,-546420.2543597076,300.8626028828823,520.3953654581676,1.0033649631677077,509
2294000,9176.000000034399,-677825.7916013026,131000.98289508349,-546824.8087062191,299.97328317918596,520.3953654581676,1.0033649631677077,510
2295000,9180.000000035214,-678405.3907692637,131515.50048041384,-546889.8902888498,301.15145395251966,520.3953654581676,1.0033649631677077,509
2296000,9184.000000036029,-676436.858500801,131101.4646216408,-545335.3938791603,300.203371784239,520.3953654581676,1.0033649631677077,509
2297000,9188.000000036844,-678200.3193971734,131517.74641699056,-546682.5729801828,301.1565968220908,520.3953654581676,1.0033649631677077,510
2298000,9192.000000037659,-676428.5744394492,132255.92106680674,-544172.6533726425,302.84690988975956,520.3953654581676,1.0033649631677077,509
2299000,9196.000000038473,-677976.0323414365,130664.10580332595,-547311.9265381105,299.2018834155422,520.3953654581676,1.0033649631677077,510
2300000,9200.000000039288,-677134.2659846977,131408.80797363422,-545725.4580110635,300.9071435600172,520.3953654581676,1.0033649631677077,509
2301000,9204.000000040103,-677466.1738254023,131618.30403169474,-545847.8697937075,301.3868592000124,520.3953654581676,1.0033649631677077,509
2302000,9208.000000040918,-677119.8378427741,131231.5771477425,-545888.2606950316,300.5013106300011,520.3953654581676,1.0033649631677077,510
2303000,9212.000000041733,-678442.0497203842,130832.83548359788,-547609.2142367864,299.588249952971,520.3953654581676,1.0033649631677077,509
2304000,9216.000000042548,-678737.1286954586,130967.41961112607,-547769.7090843326,299.896428118556,520.3953654581676,1.0033649631677077,509
2305000,9220.000000043363,-676962.7223432572,131599.4039348518,-545363.3184084054,301.3435807147897,520.3953654581676,1.0033649631677077,509
2306000,9224.000000044178,-678709.2658012123,131431.42181309557,-547277.8439881167,300.95892597812275,520.3953654581676,1.0033649631677077,509
2307000,9228.000000044993,-678050.7093868069,130755.96017424925,-547294.7492125577,299.4122166253494,520.3953654581676,1.0033649631677077,509
2308000,9232.000000045808,-677846.7672685725,130721.46424204153,-547125.3030265309,299.3332259352646,520.3953654581676,1.0033649631677077,509
2309000,9236.000000046623,-678563.8319724752,132167.95321506495,-546395.8787574102,302.64547624614835,520.3953654581676,1.0033649631677077,509
2310000,9240.000000047437,-679056.307157197,131619.9410145125,-547436.3661426846,301.39060765364604,520.3953654581676,1.0033649631677077,509
2311000,9244.000000048252,-677467.5970792747,131258.51541102174,-546209.0816682529,300.56299535251566,520.3953654581676,1.0033649631677077,509
2312000,9248.000000049067,-676430.2697102814,131129.3973219348,-545300.8723883466,300.26733362353275,520.3953654581676,1.0033649631677077,509
2313000,9252.000000049882,-678124.8800787311,130901.26501728455,-547223.6150614466,299.74494367719177,520.3953654581676,1.0033649631677077,509
2314000,9256.000000050697,-676919.6281458214,131486.02320294158,-545433.6049428799,301.08395525512725,520.3953654581676,1.0033649631677077,509
2315000,9260.000000051512,-676350.0237419493,130895.98668463412,-545454.0370573152,299.73285705967277,520.3953654581676,1.0033649631677077,509
2316000,9264.000000052327,-678016.3903717394,132735.20202368798,-545281.1883480514,303.9443938858611,520.3953654581676,1.0033649631677077,509
2317000,9268.000000053142,-676907.5007108296,131907.84613750305,-544999.6545733266,302.0498686994716,520.3953654581676,1.0033649631677077,509
2318000,9272.000000053957,-678141.5901368605,131520.58361637814,-546621.0065204824,301.1630935978899,520.3953654581676,1.0033649631677077,509
2319000,9276.000000054772,-679369.1175196478,131141.78186724219,-548227.3356524056,300.2956924391266,520.3953654581676,1.0033649631677077,509
2320000,9280.000000055586,-677376.0880262093,130740.42789730913,-546635.6601289001,299.3766499600771,520.3953654581676,1.0033649631677077,509
2321000,9284.000000056401,-677644.1224774774,131224.38951884117,-546419.7329586362,300.4848520005149,520.3953654581676,1.0033649631677077,509
2322000,9288.000000057216,-677465.5681418036,130930.736345276,-546534.8317965276,299.8124287511345,520.3953654581676,1.0033649631677077,509
2323000,9292.000000058031,-676471.0251929997,130819.00585150445,-545652.0193414954,299.55658209787146,520.3953654581676,1.0033649631677077,509
2324000,9296.000000058846,-677363.4884369308,132643.8165161009,-544719.6719208299,303.73513430520705,520.3953654581676,1.0033649631677077,509
2325000,9300.000000059661,-677387.014941447,130926.01599847304,-546460.9989429739,299.8016198404154,520.3953654581676,1.0033649631677077,509
2326000,9304.000000060476,-677958.0059457207,129712.3486543604,-548245.6572913603,297.0224973494612,520.3953654581676,1.0033649631677077,509
2327000,9308.00000006129,-678156.7554531405,131772.4691096802,-546384.2863434602,301.739874907016,520.3953654581676,1.0033649631677077,509
2328000,9312.000000062106,-678917.9882065328,131606.498896363,-547311.4893101698,301.3598271493699,520.3953654581676,1.0033649631677077,509
2329000,9316.00000006292,-677602.0715649216,131958.81150821433,-545643.2600567073,302.16657201911727,520.3953654581676,1.0033649631677077,509
2330000,9320.000000063736,-678971.420051903,131500.95323757338,-547470.4668143296,301.11814287271227,520.3953654581676,1.0033649631677077,509
2331000,9324.00000006455,-677375.530326073,131362.31329082453,-546013.2170352485,300.8006774683546,520.3953654581676,1.0033649631677077,509
2332000,9328.000000065365,-677535.6970627275,131629.39866186108,-545906.2984008664,301.41226429670024,520.3953654581676,1.0033649631677077,509
2333000,9332.00000006618,-677989.3427060721,131569.00465455843,-546420.3380515138,301.2739707644339,520.3953654581676,1.0033649631677077,509
2334000,9336.000000066995,-678464.9176991652,131470.5940866074,-546994.3236125577,301.0486248127059,520.3953654581676,1.0033649631677077,509
2335000,9340.00000006781,-679439.7854019566,131550.34971102932,-547889.4356909273,301.23125364480416,520.3953654581676,1.0033649631677077,509
2336000,9344.000000068625,-677814.5776116182,130445.28164697153,-547369.2959646466,298.7008077810707,520.3953654581676,1.0033649631677077,509
2337000,9348.00000006944,-678771.6429828005,130314.68003122846,-548456.962951572,298.40174899084514,520.3953654581676,1.0033649631677077,509
2338000,9352.000000070255,-677314.1370780501,132073.23997332138,-545240.8971047287,302.42859663609903,520.3953654581676,1.0033649631677077,509
2339000,9356.00000007107,-677010.170231068,131686.11411061347,-545324.0561204546,301.5421344625055,520.3953654581676,1.0033649631677077,509
2340000,9360.000000071885,-677798.6790818148,131578.79638672702,-546219.8826950878,301.2963924133537,520.3953654581676,1.0033649631677077,509
2341000,9364.0000000727,-678366.8207511436,131335.13554470608,-547031.6852064375,300.738444364813,520.3953654581676,1.0033649631677077,509
2342000,9368.000000073514,-677657.529640092,131797.16045299917,-545860.3691870929,301.79641450815336,520.3953654581676,1.0033649631677077,509
2343000,9372.00000007433,-676847.385361277,131151.64035338152,-545695.7450078955,300.318266944974,520.3953654581676,1.0033649631677077,509
2344000,9376.000000075144,-677094.3228172478,130716.6829162403,-546377.6399010075,299.32227739146856,520.3953654581676,1.0033649631677077,509
2345000,9380.00000007596,-678377.3879918978,131462.86731329234,-546914.5206786054,301.03093162057496,520.3953654581676,1.0033649631677077,509
2346000,9384.000000076774,-679434.3833965333,130788.51204501948,-548645.8713515138,299.4867556962233,520.3953654581676,1.0033649631677077,509
2347000,9388.000000077589,-677718.8208046905,130693.35701902024,-547025.4637856702,299.26886446419456,520.3953654581676,1.0033649631677077,509
2348000,9392.000000078404,-678964.6323222546,131545.3890375343,-547419.2432847202,301.21989442075716,520.3953654581676,1.0033649631677077,509
2349000,9396.000000079219,-678358.708896209,131270.7426492407,-547087.9662469684,300.5909939576536,520.3953654581676,1.0033649631677077,509
2350000,9400.000000080034,-677743.7202040413,130778.1752235663,-546965.544980475,299.4630858717654,520.3953654581676,1.0033649631677077,509
2351000,9404.000000080849,-678216.0453199646,130271.09229155252,-547944.9530284121,298.3019393780622,520.3953654581676,1.0033649631677077,509
2352000,9408.000000081664,-676465.1164335981,131511.93962537823,-544953.1768082199,301.1433001100648,520.3953654581676,1.0033649631677077,509
2353000,9412.000000082478,-677475.1055163317,130781.54337317264,-546693.5621431591,299.470798446689,520.3953654581676,1.0033649631677077,509
2354000,9416.000000083293,-677113.6866803449,131240.93609143794,-545872.7505889069,300.52274125598086,520.3953654581676,1.0033649631677077,509
2355000,9420.000000084108,-676792.0953805256,130379.33691439335,-546412.7584661322,298.54980389161364,520.3953654581676,1.0033649631677077,509
2356000,9424.000000084923,-677782.1431765361,130889.56778723028,-546892.5753893058,299.7181587140111,520.3953654581676,1.0033649631677077,509
2357000,9428.000000085738,-678110.3818574403,130759.83278132544,-547350.5490761149,299.42108433483855,520.3953654581676,1.0033649631677077,509
2358000,9432.000000086553,-678705.1660589315,131045.00954590389,-547660.1565130276,300.0740978349398,520.3953654581676,1.0033649631677077,509
2359000,9436.000000087368,-677405.4484682931,131637.1490418606,-545768.2994264325,301.43001154472057,520.3953654581676,1.0033649631677077,509
2360000,9440.000000088183,-677339.8926892327,131392.9929814506,-545946.8997077821,300.8709295177717,520.3953654581676,1.0033649631677077,509
2361000,9444.000000088998,-677676.4278918654,130947.21652014466,-546729.2113717208,299.850165965417,520.3953654581676,1.0033649631677077,509
2362000,9448.000000089813,-677328.3571681827,130967.47713368086,-546360.8800345019,299.89655983687777,520.3953654581676,1.0033649631677077,509
2363000,9452.000000090628,-675904.8075317992,131998.72805968323,-543906.079472116,302.257975142458,520.3953654581676,1.0033649631677077,509
2364000,9456.000000091442,-677268.0600739517,132266.33386678982,-545001.7262071619,302.87075369405005,520.3953654581676,1.0033649631677077,509
2365000,9460.000000092257,-678390.4669388696,131266.05770667843,-547124.4092321912,300.5802661175195,520.3953654581676,1.0033649631677077,509
2366000,9464.000000093072,-676559.9872361696,131030.92153614259,-545529.065700027,300.0418383323913,520.3953654581676,1.0033649631677077,509
2367000,9468.000000093887,-677930.9970968473,130932.55788023368,-546998.4392166135,299.8165998024473,520.3953654581676,1.0033649631677077,509
2368000,9472.000000094702,-677564.1786208409,131388.91221760283,-546175.266403238,300.86158515941463,520.3953654581676,1.0033649631677077,509
2369000,9476.000000095517,-677609.1332448726,131717.7287134516,-545891.4045314209,301.6145273255221,520.3953654581676,1.0033649631677077,509
2370000,9480.000000096332,-677807.006638749,131710.47454598127,-546096.5320927678,301.5979163323469,520.3953654581676,1.0033649631677077,509
2371000,9484.000000097147,-676250.2486851299,131654.84675132044,-544595.4019338095,301.4705367369298,520.3953654581676,1.0033649631677077,509
2372000,9488.000000097962,-676430.843547388,131852.10685286875,-544578.7366945192,301.9222338081578,520.3953654581676,1.0033649631677077,509
2373000,9492.000000098777,-677778.2851235485,131666.95835595182,-546111.3267675966,301.49827055789467,520.3953654581676,1.0033649631677077,509
2374000,9496.000000099591,-675550.0191350617,131655.69310708338,-543894.3260279782,301.47247476908296,520.3953654581676,1.0033649631677077,509
2375000,9500.000000100406,-677568.6495041419,131500.90183461038,-546067.7476695315,301.1180251673697,520.3953654581676,1.0033649631677077,509
2376000,9504.000000101221,-678171.7471249853,131796.8808991725,-546374.8662258128,301.795774370367,520.3953654581676,1.0033649631677077,509
2377000,9508.000000102036,-676742.2096240367,131565.16383527918,-545177.0457887575,301.26517584439716,520.3953654581676,1.0033649631677077,509
2378000,9512.000000102851,-677544.3892231896,130191.91469221539,-547352.4745309742,298.1206341397157,520.3953654581676,1.0033649631677077,509
2379000,9516.000000103666,-678409.9332081312,131116.51097855507,-547293.4222295762,300.2378257630086,520.3953654581676,1.0033649631677077,509
2380000,9520.000000104481,-677147.7476264206,131305.66196998017,-545842.0856564404,300.6709541461737,520.3953654581676,1.0033649631677077,509
2381000,9524.000000105296,-677654.2940523601,131388.04230515452,-546266.2517472056,300.85959318586276,520.3953654581676,1.0033649631677077,509
2382000,9528.00000010611,-679030.6492617908,131327.28160747583,-547703.367654315,300.7204599857284,520.3953654581676,1.0033649631677077,509
2383000,9532.000000106926,-678624.06535309,130973.11068010319,-547650.9546729868,299.90945984250294,520.3953654581676,1.0033649631677077,509
2384000,9536.00000010774,-677771.5501077538,130991.91806143074,-546779.632046323,299.9525260226197,520.3953654581676,1.0033649631677077,509
2385000,9540.000000108555,-675624.1169846463,130815.32883313997,-544808.7881515063,299.54816225821276,520.3953654581676,1.0033649631677077,509
2386000,9544.00000010937,-677350.7226542672,131428.53687779757,-545922.1857764696,300.9523198940005,520.3953654581676,1.0033649631677077,509
2387000,9548.000000110185,-677560.9259737399,132106.91605871968,-545454.0099150203,302.50570999569607,520.3953654581676,1.0033649631677077,509
2388000,9552.000000111,-677114.4049655995,132213.70080996925,-544900.7041556303,302.75023161467857,520.3953654581676,1.0033649631677077,509
2389000,9556.000000111815,-676979.9386445791,131592.16944872905,-545387.7691958501,301.32701478905085,520.3953654581676,1.0033649631677077,509
2390000,9560.00000011263,-676561.8718050392,130989.8068578098,-545572.0649472295,299.94769167200917,520.3953654581676,1.0033649631677077,509
2391000,9564.000000113445,-677919.1791250063,131320.38659682183,-546598.7925281845,300.7046714096603,520.3953654581676,1.0033649631677077,509
2392000,9568.00000011426,-676806.1093391012,131184.57572533714,-545621.5336137641,300.39368417803536,520.3953654581676,1.0033649631677077,509
2393000,9572.000000115075,-676696.5199969024,130797.95727205032,-545898.5627248521,299.50838389854823,520.3953654581676,1.0033649631677077,509
2394000,9576.00000011589,-676784.5994715989,131224.8225295524,-545559.7769420465,300.4858435323479,520.3953654581676,1.0033649631677077,509
2395000,9580.000000116705,-679048.9576984667,131510.87015118386,-547538.0875472829,301.14085116900895,520.3953654581676,1.0033649631677077,509
2396000,9584.00000011752,-677572.4825114771,132026.19005347742,-545546.2924579997,302.3208591320208,520.3953654581676,1.0033649631677077,509
2397000,9588.000000118334,-677406.3772384613,130727.30784485786,-546679.0693936034,299.3466069396179,520.3953654581676,1.0033649631677077,509
2398000,9592.00000011915,-678245.8508219579,130786.97073173604,-547458.8800902219,299.48322631197124,520.3953654581676,1.0033649631677077,509
2399000,9596.000000119964,-678891.3625121377,131537.04633621828,-547354.3161759195,301.2007908426843,520.3953654581676,1.0033649631677077,509
2400000,9600.000000120779,-678598.8017579173,131109.01375516108,-547489.7880027562,300.22065820696037,520.3953654581676,1.0033649631677077,509
2401000,9604.000000121594,-675972.5846858732,131740.755537167,-544231.8291487063,301.6672554177733,520.3953654581676,1.0033649631677077,509
2402000,9608.000000122409,-676178.1104773856,130826.93234167859,-545351.178135707,299.57473261269257,520.3953654581676,1.0033649631677077,509
2403000,9612.000000123224,-676700.0608256371,131168.79360522854,-545531.2672204085,300.357545408082,520.3953654581676,1.0033649631677077,509
2404000,9616.000000124039,-678283.625847613,132194.30929860112,-546089.3165490119,302.7058278613452,520.3953654581676,1.0033649631677077,509
2405000,9620.000000124854,-678288.9948815913,131698.4571933396,-546590.5376882517,301.57039833479166,520.3953654581676,1.0033649631677077,509
2406000,9624.000000125669,-677163.7710122853,131364.59465894714,-545799.1763533382,300.8059014710358,520.3953654581676,1.0033649631677077,509
2407000,9628.000000126483,-677693.6457603015,131830.90574568335,-545862.7400146181,301.87368634241454,520.3953654581676,1.0033649631677077,509
2408000,9632.000000127298,-677717.548992605,131665.46963252022,-546052.0793600847,301.49486159678884,520.3953654581676,1.0033649631677077,509
2409000,9636.000000128113,-678177.4656276088,132157.1916250717,-546020.2740025371,302.6208337632359,520.3953654581676,1.0033649631677077,509
2410000,9640.000000128928,-677545.1083265943,131480.07923384337,-546065.029092751,301.0703444265205,520.3953654581676,1.0033649631677077,509
2411000,9644.000000129743,-678057.6550456407,132086.1850593342,-545971.4699863065,302.4582390087476,520.3953654581676,1.0033649631677077,509
2412000,9648.000000130558,-677667.3451123396,132460.11291318032,-545207.2321991592,303.3144796529892,520.3953654581676,1.0033649631677077,509
2413000,9652.000000131373,-677774.5627850946,131692.70008706336,-546081.8626980312,301.5572153949913,520.3953654581676,1.0033649631677077,509
2414000,9656.000000132188,-676656.7923997198,132342.8855259159,-544313.9068738039,303.04604590952334,520.3953654581676,1.0033649631677077,509
2415000,9660.000000133003,-677169.0656854957,131701.4454462341,-545467.6202392617,301.57724100125057,520.3953654581676,1.0033649631677077,509
2416000,9664.000000133818,-677792.1781965373,130596.69221926562,-547195.4859772717,299.0475160688663,520.3953654581676,1.0033649631677077,509
2417000,9668.000000134633,-677385.9893352594,132272.30588056636,-545113.6834546931,302.8844287409096,520.3953654581676,1.0033649631677077,509
2418000,9672.000000135447,-677358.6107411883,130914.50301443879,-546444.1077267495,299.7752567739435,520.3953654581676,1.0033649631677077,509
2419000,9676.000000136262,-677874.3792246142,131707.35031939263,-546167.0289052216,301.59076230581616,520.3953654581676,1.0033649631677077,509
2420000,9680.000000137077,-678173.4376876545,131393.40164099477,-546780.0360466598,300.87186528895785,520.3953654581676,1.0033649631677077,509
2421000,9684.000000137892,-676641.7080813847,132434.8050088226,-544206.9030725621,303.256528216345,520.3953654581676,1.0033649631677077,509
2422000,9688.000000138707,-677550.0854870337,131366.20093458623,-546183.8845524475,300.8095796096764,520.3953654581676,1.0033649631677077,509
2423000,9692.000000139522,-677921.1531867608,131463.05742060672,-546458.0957661541,301.0313669387993,520.3953654581676,1.0033649631677077,509
2424000,9696.000000140337,-677068.8700368251,131222.91447793064,-545845.9555588944,300.48147437040114,520.3953654581676,1.0033649631677077,509
2425000,9700.000000141152,-677919.7567267199,131452.5175350405,-546467.2391916794,301.0072321269241,520.3953654581676,1.0033649631677077,509
2426000,9704.000000141967,-676714.4589552032,131784.61257895373,-544929.8463762495,301.7676816933977,520.3953654581676,1.0033649631677077,509
2427000,9708.000000142782,-677984.7880000798,131846.96127425798,-546137.8267258218,301.91045117816816,520.3953654581676,1.0033649631677077,509
2428000,9712.000000143596,-678548.3142663077,131897.0077485431,-546651.3065177647,302.0250503580452,520.3953654581676,1.0033649631677077,509
2429000,9716.000000144411,-677300.7096248511,132577.65980711975,-544723.0498177314,303.58364502047937,520.3953654581676,1.0033649631677077,509
2430000,9720.000000145226,-677437.3786861869,131210.91110946416,-546226.4675767227,300.45398839458227,520.3953654581676,1.0033649631677077,509
2431000,9724.000000146041,-677998.7489733566,130626.76933352102,-547371.9796398355,299.1163883056416,520.3953654581676,1.0033649631677077,509
2432000,9728.000000146856,-677229.7201143946,130866.12599641993,-546363.5941179746,299.6644804071955,520.3953654581676,1.0033649631677077,509
2433000,9732.000000147671,-677607.0016326909,131724.76909422711,-545882.2325384638,301.6306487781203,520.3953654581676,1.0033649631677077,509
2434000,9736.000000148486,-677042.3668890442,131010.85412726147,-546031.5127617827,299.99588687161645,520.3953654581676,1.0033649631677077,509
2435000,9740.0000001493,-676191.1407017042,131706.73079808126,-544484.4099036229,301.5893436917137,520.3953654581676,1.0033649631677077,509
2436000,9744.000000150116,-677992.7941031661,131357.8916048922,-546634.9024982739,300.7905524477861,520.3953654581676,1.0033649631677077,509
2437000,9748.00000015093,-677537.5464166999,131477.9179599029,-546059.628456797,301.06539542212795,520.3953654581676,1.0033649631677077,509
2438000,9752.000000151746,-678157.3696314697,132051.52749116067,-546105.842140309,302.3788781957043,520.3953654581676,1.0033649631677077,509
2439000,9756.00000015256,-678332.5538302967,131805.3917518597,-546527.162078437,301.815262990733,520.3953654581676,1.0033649631677077,509
2440000,9760.000000153375,-678051.0657538464,133197.0150889547,-544854.0506648917,305.0018789393439,520.3953654581676,1.0033649631677077,509
2441000,9764.00000015419,-676984.8110656645,131190.69177293906,-545794.1192927255,300.40768904150036,520.3953654581676,1.0033649631677077,509
2442000,9768.000000155005,-678316.2524883435,131826.2424334454,-546490.0100548981,301.86300803259127,520.3953654581676,1.0033649631677077,509
2443000,9772.00000015582,-679101.7111829314,130333.13981113247,-548768.571371799,298.44401921403124,520.3953654581676,1.0033649631677077,509
2444000,9776.000000156635,-677523.7470289795,131599.63042869512,-545924.1166002844,301.3440993528968,520.3953654581676,1.0033649631677077,509
2445000,9780.00000015745,-677985.383779149,131478.17530892565,-546507.2084702234,301.06598471412843,520.3953654581676,1.0033649631677077,509
2446000,9784.000000158265,-677304.117050007,131700.68843508983,-545603.4286149172,301.57550755533794,520.3953654581676,1.0033649631677077,509
2447000,9788.00000015908,-676413.9763029474,130804.44929285656,-545609.5270100909,299.5232496862139,520.3953654581676,1.0033649631677077,509
2448000,9792.000000159895,-676533.1846415997,132006.3541198572,-544526.8305217425,302.27543771607805,520.3953654581676,1.0033649631677077,509
2449000,9796.00000016071,-676946.8896961845,131471.97184628854,-545474.917849896,301.0517796828897,520.3953654581676,1.0033649631677077,509
2450000,9800.000000161524,-678142.6824261919,132547.9384372607,-545594.7439889312,303.51558738686333,520.3953654581676,1.0033649631677077,509
2451000,9804.00000016234,-677297.474559559,131820.47399254417,-545477.0005670148,301.8497991381408,520.3953654581676,1.0033649631677077,509
2452000,9808.000000163154,-678159.5726311225,130603.21189461986,-547556.3607365027,299.06244518144274,520.3953654581676,1.0033649631677077,509
2453000,9812.00000016397,-677677.5783008575,131419.62713502796,-546257.9511658296,300.931917873101,520.3953654581676,1.0033649631677077,509
2454000,9816.000000164784,-677566.8654882573,131980.8569973174,-545586.0084909399,302.2170529971939,520.3953654581676,1.0033649631677077,509
2455000,9820.000000165599,-676401.9919869541,132164.07719884673,-544237.9147881074,302.6366007302176,520.3953654581676,1.0033649631677077,509
2456000,9824.000000166414,-676757.2224985873,131564.050654275,-545193.1718443123,301.26262682107523,520.3953654581676,1.0033649631677077,509
2457000,9828.000000167229,-678075.1062343246,130871.4990999358,-547203.6071343889,299.67678403627446,520.3953654581676,1.0033649631677077,509
2458000,9832.000000168044,-677204.7716689799,131737.17304865236,-545467.5986203275,301.6590520377838,520.3953654581676,1.0033649631677077,509
2459000,9836.000000168859,-678613.7377543696,131792.09805321065,-546821.639701159,301.7848223456232,520.3953654581676,1.0033649631677077,509
2460000,9840.000000169674,-676851.2576999618,131146.19909380339,-545705.0586061584,300.30580724838086,520.3953654581676,1.0033649631677077,509
2461000,9844.000000170488,-676400.0280805812,130587.75261128228,-545812.2754692989,299.0270456609515,520.3953654581676,1.0033649631677077,509
2462000,9848.000000171303,-676065.517843619,131818.22495280876,-544247.2928908102,301.84464916278546,520.3953654581676,1.0033649631677077,509
2463000,9852.000000172118,-678224.7698587105,130611.27678987395,-547613.4930688365,299.08091262385733,520.3953654581676,1.0033649631677077,509
2464000,9856.000000172933,-677514.4891590686,131439.21924637444,-546075.2699126941,300.9767809713399,520.3953654581676,1.0033649631677077,509
2465000,9860.000000173748,-678594.6587795718,131366.52457961364,-547228.1341999581,300.8103207099286,520.3953654581676,1.0033649631677077,509
2466000,9864.000000174563,-677985.8394259955,131009.47592469427,-546976.3635013013,299.9927309872877,520.3953654581676,1.0033649631677077,509
2467000,9868.000000175378,-677717.2077101981,130188.24472064537,-547528.9629895528,298.1122304361961,520.3953654581676,1.0033649631677077,509
2468000,9872.000000176193,-678946.6848231563,131165.9325194239,-547780.7523037324,300.3509939358464,520.3953654581676,1.0033649631677077,509
2469000,9876.000000177008,-677316.8523883475,131508.4817838815,-545808.370604466,301.13538215369863,520.3953654581676,1.0033649631677077,509
2470000,9880.000000177823,-678039.6876517436,130872.338804061,-547167.3488476826,299.67870683714034,520.3953654581676,1.0033649631677077,509
2471000,9884.000000178637,-676281.3389358679,132041.02088908275,-544240.3180467852,302.3548195981983,520.3953654581676,1.0033649631677077,509
2472000,9888.000000179452,-677774.5776137626,131506.77747553706,-546267.8001382255,301.13147953435686,520.3953654581676,1.0033649631677077,509
2473000,9892.000000180267,-677025.4082092624,131331.2794951907,-545694.1287140717,300.72961456974076,520.3953654581676,1.0033649631677077,509
2474000,9896.000000181082,-676019.6510563227,131010.14858224112,-545009.5024740816,299.99427127567577,520.3953654581676,1.0033649631677077,509
2475000,9900.000000181897,-678859.3036327665,131720.91950848873,-547138.3841242777,301.6218337841615,520.3953654581676,1.0033649631677077,509
2476000,9904.000000182712,-677367.051849985,131563.5862938242,-545803.4655561608,301.2615635028777,520.3953654581676,1.0033649631677077,509
2477000,9908.000000183527,-677160.983201086,131329.4685257842,-545831.5146753018,300.72546771201036,520.3953654581676,1.0033649631677077,509
2478000,9912.000000184342,-677886.613919395,131212.13127947302,-546674.4826399221,300.456782407234,520.3953654581676,1.0033649631677077,509
2479000,9916.000000185157,-676853.4988900507,131024.14774152418,-545829.3511485265,300.0263273234938,520.3953654581676,1.0033649631677077,509
2480000,9920.000000185972,-678538.787729274,131635.561680538,-546903.226048736,301.42637671712606,520.3953654581676,1.0033649631677077,509
2481000,9924.000000186787,-679207.8981146323,131346.94899981027,-547860.9491148221,300.7654954665298,520.3953654581676,1.0033649631677077,509
2482000,9928.000000187601,-677735.3719117679,130756.7941067543,-546978.5778050136,299.41412621004076,520.3953654581676,1.0033649631677077,509
2483000,9932.000000188416,-676932.8655706868,132441.51451084137,-544491.3510598454,303.2718920044983,520.3953654581676,1.0033649631677077,509
2484000,9936.000000189231,-677173.3050044202,131587.69615301714,-545585.6088514031,301.31677158955966,520.3953654581676,1.0033649631677077,509
2485000,9940.000000190046,-678119.2408884652,130807.65775553044,-547311.5831329348,299.5305966011834,520.3953654581676,1.0033649631677077,509
2486000,9944.000000190861,-676000.3885772377,131851.00689837,-544149.3816788677,301.91971507161827,520.3953654581676,1.0033649631677077,509
2487000,9948.000000191676,-676919.447234421,130711.76661375104,-546207.68062067,299.31101977060024,520.3953654581676,1.0033649631677077,509
2488000,9952.000000192491,-678345.097694831,130955.64858845877,-547389.4491063722,299.86947418097594,520.3953654581676,1.0033649631677077,509
2489000,9956.000000193306,-676889.6864214321,130600.42183559207,-546289.26458584,299.05605635024216,520.3953654581676,1.0033649631677077,509
2490000,9960.00000019412,-677197.6766097485,131386.8875506851,-545810.7890590634,300.85694896532476,520.3953654581676,1.0033649631677077,509
2491000,9964.000000194936,-678430.8706547013,131855.15341520862,-546575.7172394926,301.92920999480395,520.3953654581676,1.0033649631677077,509
2492000,9968.00000019575,-677564.4851656551,131744.0687436348,-545820.4164220204,301.6748421808649,520.3953654581676,1.0033649631677077,509
2493000,9972.000000196565,-677527.9912483403,131393.8102460673,-546134.181002273,300.87280093541204,520.3953654581676,1.0033649631677077,509
2494000,9976.00000019738,-676914.1446707933,131655.31858439546,-545258.8260863979,301.4716171663548,520.3953654581676,1.0033649631677077,509
2495000,9980.000000198195,-677021.6637895601,131285.99897570675,-545735.6648138533,300.62592873629524,520.3953654581676,1.0033649631677077,509
2496000,9984.00000019901,-678327.1001354153,131911.0077910748,-546416.0923443405,302.05710842837465,520.3953654581676,1.0033649631677077,509
2497000,9988.000000199825,-678042.3438889086,130998.75371240266,-547043.590176506,299.9681786736105,520.3953654581676,1.0033649631677077,509
2498000,9992.00000020064,-678430.8576596305,130736.3607445141,-547694.4969151164,299.3673367690601,520.3953654581676,1.0033649631677077,509
2499000,9996.000000201455,-677617.6778215505,130904.27666034718,-546713.4011612034,299.751839903749,520.3953654581676,1.0033649631677077,509
2500000,10000.00000020227,-676370.9233448277,131848.3393966101,-544522.5839482176,301.91360687881604,520.3953654581676,1.0033649631677077,509
2501000,10004.000000203085,-676720.6983328704,132621.85607634945,-544098.8422565209,303.68484807783136,520.3953654581676,1.0033649631677077,509
2502000,10008.0000002039,-677226.709624806,131464.27422566956,-545762.4353991364,301.0341532462118,520.3953654581676,1.0033649631677077,509
2503000,10012.000000204715,-678241.5359654599,131739.3550490751,-546502.1809163848,301.66404850281975,520.3953654581676,1.0033649631677077,509
2504000,10016.00000020553,-677688.999145065,130990.28582791885,-546698.7133171461,299.94878844420873,520.3953654581676,1.0033649631677077,509
2505000,10020.000000206344,-676504.3426255574,130788.67802092087,-545715.6646046366,299.48713575700583,520.3953654581676,1.0033649631677077,509
2506000,10024.00000020716,-678213.0470519806,130547.05593592307,-547665.9911160576,298.9338561668562,520.3953654581676,1.0033649631677077,509
2507000,10028.000000207974,-677588.861403658,131507.1425868383,-546081.7188168197,301.1323155863722,520.3953654581676,1.0033649631677077,509
2508000,10032.000000208789,-677833.3452401529,131175.8126327268,-546657.5326074262,300.3736179647671,520.3953654581676,1.0033649631677077,509
2509000,10036.000000209604,-678553.6562638273,131535.0067102927,-547018.6495535346,301.1961203946325,520.3953654581676,1.0033649631677077,509
2510000,10040.000000210419,-677655.344438002,131399.81928786833,-546255.5251501336,300.8865607710864,520.3953654581676,1.0033649631677077,509
2511000,10044.000000211234,-677705.1493372079,131258.88254523772,-546446.2667919702,300.56383603671287,520.3953654581676,1.0033649631677077,509
2512000,10048.000000212049,-678097.7329920353,131354.16566951902,-546743.5673225163,300.78202059526024,520.3953654581676,1.0033649631677077,509
2513000,10052.000000212864,-677268.2568487688,131768.53210299724,-545499.7247457716,301.7308597317517,520.3953654581676,1.0033649631677077,509
2514000,10056.000000213679,-678401.76014758,131518.29497677262,-546883.4651708073,301.1578529445657,520.3953654581676,1.0033649631677077,509
2515000,10060.000000214493,-678321.946581231,132455.49270699982,-545866.4538742311,303.30390004979614,520.3953654581676,1.0033649631677077,509
2516000,10064.000000215308,-677421.9029755625,132556.36721044884,-544865.5357651137,303.534888057061,520.3953654581676,1.0033649631677077,509
2517000,10068.000000216123,-677099.6942717563,130729.91532306676,-546369.7789486896,299.3525776871791,520.3953654581676,1.0033649631677077,509
2518000,10072.000000216938,-677567.7505614585,130991.55969029717,-546576.1908711614,299.9517054046124,520.3953654581676,1.0033649631677077,509
2519000,10076.000000217753,-677484.8942647036,132305.6431173747,-545179.2511473289,302.9607661862976,520.3953654581676,1.0033649631677077,509
2520000,10080.000000218568,-677742.8638141779,131613.87224282743,-546128.9915713505,301.3767110451856,520.3953654581676,1.0033649631677077,509
2521000,10084.000000219383,-676648.9386419891,131565.7778936834,-545083.1607483057,301.2665819492333,520.3953654581676,1.0033649631677077,509
2522000,10088.000000220198,-676428.7587551465,131691.4128647861,-544737.3458903604,301.5542678423535,520.3953654581676,1.0033649631677077,509
2523000,10092.000000221013,-677427.9582850332,132225.0924073588,-545202.8658776744,302.77631672330966,520.3953654581676,1.0033649631677077,509
2524000,10096.000000221828,-677525.8876485992,131225.33345183067,-546300.5541967686,300.48701347038866,520.3953654581676,1.0033649631677077,509
2525000,10100.000000222642,-677961.2213240173,132542.6348932436,-545418.5864307736,303.50344303896514,520.3953654581676,1.0033649631677077,509
2526000,10104.000000223457,-678649.5012757317,131939.96002019208,-546709.5412555396,302.12340484105596,520.3953654581676,1.0033649631677077,509
2527000,10108.000000224272,-677439.5769638307,131050.84992994857,-546388.7270338822,300.0874714687721,520.3953654581676,1.0033649631677077,509
2528000,10112.000000225087,-678958.204459242,130601.0694289062,-548357.1350303359,299.05753924516637,520.3953654581676,1.0033649631677077,509
2529000,10116.000000225902,-678287.0492866775,130958.6192243041,-547328.4300623734,299.87627650694293,520.3953654581676,1.0033649631677077,509
2530000,10120.000000226717,-677570.3896109792,130815.78008375246,-546754.6095272268,299.5491955567787,520.3953654581676,1.0033649631677077,509
2531000,10124.000000227532,-677449.4132530242,131081.4539560671,-546367.9592969571,300.1575502574223,520.3953654581676,1.0033649631677077,509
2532000,10128.000000228347,-676697.5567511949,132160.78363331,-544536.7731178849,302.62905894201424,520.3953654581676,1.0033649631677077,509
2533000,10132.000000229162,-679228.9424900166,131397.72183414607,-547831.2206558705,300.881757905753,520.3953654581676,1.0033649631677077,509
2534000,10136.000000229977,-678767.0086022695,131562.40902609087,-547204.5995761786,301.2588677302251,520.3953654581676,1.0033649631677077,509
2535000,10140.000000230792,-677236.7059572847,130884.3123136448,-546352.3936436399,299.7061244404411,520.3953654581676,1.0033649631677077,509
2536000,10144.000000231606,-679190.8950642534,129651.93002050003,-549538.9650437534,296.88414742594335,520.3953654581676,1.0033649631677077,509
2537000,10148.000000232421,-677619.0727820471,131496.4812817471,-546122.5915003,301.10790274136525,520.3953654581676,1.0033649631677077,509
2538000,10152.000000233236,-677951.2598690852,131424.85806890985,-546526.4018001753,300.9438959543029,520.3953654581676,1.0033649631677077,509
2539000,10156.000000234051,-678148.3248967216,130912.06296332466,-547236.261933397,299.76966941018753,520.3953654581676,1.0033649631677077,509
2540000,10160.000000234866,-678986.9679574133,131655.2125393488,-547331.7554180645,301.47137433855227,520.3953654581676,1.0033649631677077,509
2541000,10164.000000235681,-679270.2161107156,132389.4223209502,-546880.7937897654,303.15260843208284,520.3953654581676,1.0033649631677077,509
2542000,10168.000000236496,-677171.3413156988,130716.6029376433,-546454.7383780555,299.3220942520615,520.3953654581676,1.0033649631677077,509
2543000,10172.00000023731,-677455.4883881747,131491.54310585186,-545963.9452823228,301.0965950335643,520.3953654581676,1.0033649631677077,509
2544000,10176.000000238126,-677878.8614140986,131248.01448070887,-546630.8469333898,300.53894974253035,520.3953654581676,1.0033649631677077,509
2545000,10180.00000023894,-676515.3544730213,129684.81197739125,-546830.5424956301,296.9594423462412,520.3953654581676,1.0033649631677077,509
2546000,10184.000000239756,-677374.2597144893,131097.98775317124,-546276.2719613181,300.19541025885997,520.3953654581676,1.0033649631677077,509
2547000,10188.00000024057,-678092.9711222583,131672.80079128104,-546420.1703309773,301.5116488888716,520.3953654581676,1.0033649631677077,509
2548000,10192.000000241385,-677343.2200007886,131656.2354817833,-545686.9845190053,301.4737167286153,520.3953654581676,1.0033649631677077,509
2549000,10196.0000002422,-677803.7533834171,131778.78382794803,-546024.9695554691,301.75433469754034,520.3953654581676,1.0033649631677077,509
2550000,10200.000000243015,-677000.5513038496,130623.28662439348,-546377.2646794561,299.1084134060015,520.3953654581676,1.0033649631677077,509
2551000,10204.00000024383,-678491.9108911809,130948.08215022797,-547543.8287409529,299.852148132973,520.3953654581676,1.0033649631677077,509
2552000,10208.000000244645,-679888.1376630189,131142.95661516435,-548745.1810478545,300.2983824417764,520.3953654581676,1.0033649631677077,509
2553000,10212.00000024546,-678168.4237941727,132204.2221720694,-545964.2016221033,302.7285269063012,520.3953654581676,1.0033649631677077,509
2554000,10216.000000246275,-677834.9893612773,131872.46982984996,-545962.5195314274,301.9688620770865,520.3953654581676,1.0033649631677077,509
2555000,10220.00000024709,-676346.7212496446,131305.5777320974,-545041.1435175473,300.67076125361893,520.3953654581676,1.0033649631677077,509
2556000,10224.000000247905,-676766.7361781532,130331.20406543661,-546435.5321127166,298.4395866366646,520.3953654581676,1.0033649631677077,509
2557000,10228.00000024872,-677875.7197392592,131621.8198938225,-546253.8998454367,301.39491001522276,520.3953654581676,1.0033649631677077,509
2558000,10232.000000249534,-677275.1092628697,131698.26390170841,-545576.8453611613,301.569955724943,520.3953654581676,1.0033649631677077,509
2559000,10236.00000025035,-676829.436064573,131903.39019965945,-544926.0458649136,302.03966524698563,520.3953654581676,1.0033649631677077,509
2560000,10240.000000251164,-678200.7138673086,132194.08267192577,-546006.6311953828,302.7053089190719,520.3953654581676,1.0033649631677077,509
2561000,10244.00000025198,-677435.9482438848,131901.36946403794,-545534.5787798469,302.0350380549949,520.3953654581676,1.0033649631677077,509
2562000,10248.000000252794,-676436.2061821255,131093.40267110878,-545342.8035110168,300.1849110848116,520.3953654581676,1.0033649631677077,509
2563000,10252.000000253609,-678283.4605550463,131652.51744663512,-546630.9431084113,301.4652029664607,520.3953654581676,1.0033649631677077,509
2564000,10256.000000254424,-678453.0958563685,130606.7327224646,-547846.363133904,299.0705073674261,520.3953654581676,1.0033649631677077,509
2565000,10260.000000255239,-677673.4382131989,131576.5818244574,-546096.8563887415,301.291321386403,520.3953654581676,1.0033649631677077,509
2566000,10264.000000256054,-677881.4421321824,131064.53313515522,-546816.9089970272,300.11880402750205,520.3953654581676,1.0033649631677077,509
2567000,10268.000000256869,-678999.4837829424,131033.47936031673,-547966.0044226256,300.04769537940234,520.3953654581676,1.0033649631677077,509
2568000,10272.000000257683,-678092.9824980954,131635.62830397603,-546457.3541941193,301.42652927515275,520.3953654581676,1.0033649631677077,509
2569000,10276.000000258498,-677022.424016885,130955.4562277791,-546066.9677891058,299.8690337028714,520.3953654581676,1.0033649631677077,509
2570000,10280.000000259313,-677154.4760169126,131171.35150773055,-545983.1245091821,300.36340263445254,520.3953654581676,1.0033649631677077,509
2571000,10284.000000260128,-678194.5243828278,131558.8597746737,-546635.6646081541,301.25074045837647,520.3953654581676,1.0033649631677077,509
2572000,10288.000000260943,-677915.7155576432,131337.7391257747,-546577.9764318685,300.7444061884873,520.3953654581676,1.0033649631677077,509
2573000,10292.000000261758,-678354.6052555256,131800.42663821654,-546554.1786173091,301.80389359938977,520.3953654581676,1.0033649631677077,509
2574000,10296.000000262573,-677604.5789856757,131607.59014285053,-545996.9888428252,301.3623259458246,520.3953654581676,1.0033649631677077,509
2575000,10300.000000263388,-678930.5950323911,131129.9730119338,-547800.6220204574,300.26865187027613,520.3953654581676,1.0033649631677077,509
2576000,10304.000000264203,-678072.987763871,130549.26198301034,-547523.7257808606,298.9389076952722,520.3953654581676,1.0033649631677077,509
2577000,10308.000000265018,-677343.4710677848,130897.87454766003,-546445.5965201248,299.7371799926582,520.3953654581676,1.0033649631677077,509
2578000,10312.000000265833,-677012.0233798693,132515.99855850037,-544496.024821369,303.44244968908174,520.3953654581676,1.0033649631677077,509
2579000,10316.000000266647,-678106.5233299895,130290.8280011774,-547815.6953288121,298.347131295567,520.3953654581676,1.0033649631677077,509
2580000,10320.000000267462,-677977.98616509,131120.82191217464,-546857.1642529154,300.2476971768167,520.3953654581676,1.0033649631677077,509
2581000,10324.000000268277,-677624.3415427678,131180.78084226372,-546443.5607005041,300.3849944452588,520.3953654581676,1.0033649631677077,509
2582000,10328.000000269092,-677208.9571144385,131871.20562771265,-545337.7514867259,301.9659672372361,520.3953654581676,1.0033649631677077,509
2583000,10332.000000269907,-677353.3574585109,130829.99496760927,-546523.3624909016,299.5817455826358,520.3953654581676,1.0033649631677077,509
2584000,10336.000000270722,-678241.4560369593,130495.04434306029,-547746.411693899,298.81475714996617,520.3953654581676,1.0033649631677077,509
2585000,10340.000000271537,-677080.0128800632,131442.5455793953,-545637.4673006679,300.9843977923374,520.3953654581676,1.0033649631677077,509
2586000,10344.000000272352,-677109.4376608855,131822.96953923744,-545286.4681216481,301.8555135787378,520.3953654581676,1.0033649631677077,509
2587000,10348.000000273167,-678010.4584622728,131418.01486309586,-546592.443599177,300.92822600381754,520.3953654581676,1.0033649631677077,509
2588000,10352.000000273982,-677571.097146383,131526.9526204334,-546044.1445259496,301.17767769500745,520.3953654581676,1.0033649631677077,509
2589000,10356.000000274797,-677591.1392628583,130635.80532466793,-546955.3339381904,299.1370794170456,520.3953654581676,1.0033649631677077,509
2590000,10360.000000275611,-679265.9677793654,131774.51418445495,-547491.4535949104,301.74455783214347,520.3953654581676,1.0033649631677077,509
2591000,10364.000000276426,-677401.5999103813,131727.54573386314,-545674.0541765181,301.63700688085675,520.3953654581676,1.0033649631677077,509
2592000,10368.000000277241,-677918.3212773884,132095.80807912874,-545822.5131982596,302.4802743307587,520.3953654581676,1.0033649631677077,509
2593000,10372.000000278056,-677003.7276817448,132050.3724474035,-544953.3552343413,302.3762333127393,520.3953654581676,1.0033649631677077,509
2594000,10376.000000278871,-678309.049620002,131432.852343771,-546876.197276231,300.96220168624274,520.3953654581676,1.0033649631677077,509
2595000,10380.000000279686,-679010.8652890623,132231.8949780286,-546778.9703110337,302.7918936251984,520.3953654581676,1.0033649631677077,509
2596000,10384.0000002805,-677094.1069210996,131000.28848688002,-546093.8184342196,299.97169308494347,520.3953654581676,1.0033649631677077,509
2597000,10388.000000281316,-679081.4262967599,132293.74515512818,-546787.6811416317,302.93352157546065,520.3953654581676,1.0033649631677077,509
2598000,10392.00000028213,-676407.08403312,131745.7747938448,-544661.3092392752,301.67874878882657,520.3953654581676,1.0033649631677077,509
2599000,10396.000000282946,-677563.7411315842,131400.38553876226,-546163.355592822,300.8878574036459,520.3953654581676,1.0033649631677077,509
2600000,10400.00000028376,-677211.469685209,131822.99877901757,-545388.4709061914,301.8555805336007,520.3953654581676,1.0033649631677077,509
2601000,10404.000000284575,-677160.5521336179,131517.4333484801,-545643.1187851378,301.1558799405311,520.3953654581676,1.0033649631677077,509
2602000,10408.00000028539,-678383.9406905677,132027.63503333362,-546356.305657234,302.32416792667266,520.3953654581676,1.0033649631677077,509
2603000,10412.000000286205,-678458.4313809024,131866.46022332285,-546591.9711575796,301.9551009482712,520.3953654581676,1.0033649631677077,509
2604000,10416.00000028702,-677047.2390799508,131060.02670270539,-545987.2123772454,300.10848494967894,520.3953654581676,1.0033649631677077,509
2605000,10420.000000287835,-678697.0003198488,132196.0745751949,-546500.9257446539,302.70987008915034,520.3953654581676,1.0033649631677077,509
2606000,10424.00000028865,-677911.6055144523,130963.59062420903,-546948.0148902433,299.88766029291554,520.3953654581676,1.0033649631677077,509
2607000,10428.000000289465,-678105.3132876335,132083.55562441776,-546021.7576632157,302.4522179835052,520.3953654581676,1.0033649631677077,509
2608000,10432.00000029028,-676898.9011771865,131649.83181409084,-545249.0693630957,301.45905325678746,520.3953654581676,1.0033649631677077,509
2609000,10436.000000291095,-678250.9283726024,131164.0399466413,-547086.8884259611,300.34666021820016,520.3953654581676,1.0033649631677077,509
2610000,10440.00000029191,-678000.6635764167,131173.34966161553,-546827.3139148011,300.3679781175362,520.3953654581676,1.0033649631677077,509
2611000,10444.000000292725,-679049.2820684258,131894.82622910108,-547154.4558393247,302.02005499438536,520.3953654581676,1.0033649631677077,509
2612000,10448.00000029354,-677489.3603759129,130448.94339258378,-547040.4169833291,298.70919264833805,520.3953654581676,1.0033649631677077,509
2613000,10452.000000294354,-675703.7366078412,132090.7210740996,-543613.0155337416,302.4686258257901,520.3953654581676,1.0033649631677077,509
2614000,10456.00000029517,-676899.5517680137,131485.51829718903,-545414.0334708247,301.0827990940593,520.3953654581676,1.0033649631677077,509
2615000,10460.000000295984,-677190.8194688768,132392.76716659876,-544798.0523022781,303.1602676443174,520.3953654581676,1.0033649631677077,509
2616000,10464.000000296799,-677945.4315129323,132629.93252886177,-545315.4989840705,303.7033419846939,520.3953654581676,1.0033649631677077,509
2617000,10468.000000297614,-675748.8902285201,131357.12589118176,-544391.7643373384,300.788799074257,520.3953654581676,1.0033649631677077,509
2618000,10472.000000298429,-678048.5294903428,130743.18014097586,-547305.349349367,299.38295219957615,520.3953654581676,1.0033649631677077,509
2619000,10476.000000299244,-676886.9413692714,131960.51273196354,-544926.4286373078,302.17046757518256,520.3953654581676,1.0033649631677077,509
2620000,10480.000000300059,-677175.5990917226,130487.55369364214,-546688.0453980805,298.7976046473708,520.3953654581676,1.0033649631677077,509
2621000,10484.000000300874,-677253.2106769751,132011.01132541263,-545242.1993515624,302.28610204248264,520.3953654581676,1.0033649631677077,509
2622000,10488.000000301688,-677686.9097457062,131806.8300999105,-545880.0796457957,301.81855659951077,520.3953654581676,1.0033649631677077,509
2623000,10492.000000302503,-678591.6268698415,130828.03937166775,-547763.5874981737,299.5772675510807,520.3953654581676,1.0033649631677077,509
2624000,10496.000000303318,-676834.5297453804,131561.7668583959,-545272.7628869845,301.2573972591832,520.3953654581676,1.0033649631677077,509
2625000,10500.000000304133,-678517.0732045216,131408.77414471112,-547108.2990598105,300.9070660966814,520.3953654581676,1.0033649631677077,509
2626000,10504.000000304948,-676736.3625776302,130477.2263738038,-546259.1362038264,298.7739565802351,520.3953654581676,1.0033649631677077,509
2627000,10508.000000305763,-677482.3686464131,131112.66997811722,-546369.6986682959,300.2290304281449,520.3953654581676,1.0033649631677077,509
2628000,10512.000000306578,-677849.5393528133,131394.6668613694,-546454.8724914439,300.8747624604244,520.3953654581676,1.0033649631677077,509
2629000,10516.000000307393,-676894.6431059581,132140.0653049741,-544754.577800984,302.58161696993466,520.3953654581676,1.0033649631677077,509
2630000,10520.000000308208,-677695.7004197948,131017.25946106232,-546678.4409587325,300.0105541585912,520.3953654581676,1.0033649631677077,509
2631000,10524.000000309023,-677749.5682675401,132154.64929026447,-545594.9189772756,302.6150121846324,520.3953654581676,1.0033649631677077,509
2632000,10528.000000309838,-677292.6252321801,130853.4777278896,-546439.1475042906,299.6355177036056,520.3953654581676,1.0033649631677077,509
2633000,10532.000000310652,-677305.0243594074,131421.58715146754,-545883.4372079398,300.93640602695655,520.3953654581676,1.0033649631677077,509
2634000,10536.000000311467,-677991.72647091,131914.52238159755,-546077.2040893125,302.0651563317937,520.3953654581676,1.0033649631677077,509
2635000,10540.000000312282,-677727.947158929,131479.06294962944,-546248.8842092995,301.0680172828185,520.3953654581676,1.0033649631677077,509
2636000,10544.000000313097,-677372.2690457222,131477.3815788065,-545894.8874669157,301.0641671870799,520.3953654581676,1.0033649631677077,509
2637000,10548.000000313912,-679868.6299266955,131063.99198733189,-548804.6379393636,300.11756487733953,520.3953654581676,1.0033649631677077,509
2638000,10552.000000314727,-678029.5360373314,131494.48110488063,-546535.0549324509,301.1033226259469,520.3953654581676,1.0033649631677077,509
2639000,10556.000000315542,-678399.240979841,132455.67649571563,-545943.5644841254,303.30432089934453,520.3953654581676,1.0033649631677077,509
2640000,10560.000000316357,-676592.3407333316,132250.11114475044,-544342.2295885812,302.8336060094701,520.3953654581676,1.0033649631677077,509
2641000,10564.000000317172,-678173.9059301298,131617.25972271734,-546556.6462074125,301.38446788365974,520.3953654581676,1.0033649631677077,509
2642000,10568.000000317987,-678624.5394832348,131583.1171760775,-547041.4223071572,301.3062863953586,520.3953654581676,1.0033649631677077,509
2643000,10572.000000318802,-677958.5503110033,132320.85097239004,-545637.6993386133,302.9955899723352,520.3953654581676,1.0033649631677077,509
2644000,10576.000000319616,-677978.1814242471,131241.34580432903,-546736.8356199181,300.52367943917915,520.3953654581676,1.0033649631677077,509
2645000,10580.000000320431,-677845.5214679609,131909.47546328057,-545936.0460046803,302.0535996195918,520.3953654581676,1.0033649631677077,509
2646000,10584.000000321246,-677287.9588546138,132193.7992639416,-545094.1595906722,302.7046599558229,520.3953654581676,1.0033649631677077,509
2647000,10588.000000322061,-678441.7985813012,131605.2386793407,-546836.5599019605,301.3569414348558,520.3953654581676,1.0033649631677077,509
2648000,10592.000000322876,-677706.4589976198,132291.38783768468,-545415.0711599351,302.92812365983133,520.3953654581676,1.0033649631677077,509
2649000,10596.000000323691,-677174.0980727575,132387.65409908298,-544786.4439736744,303.1485594600281,520.3953654581676,1.0033649631677077,509
2650000,10600.000000324506,-676935.5866974317,131482.30310566575,-545453.283591766,301.07543677099903,520.3953654581676,1.0033649631677077,509
2651000,10604.00000032532,-677039.5551937283,131534.94137303217,-545504.6138206961,301.195970781766,520.3953654581676,1.0033649631677077,509
2652000,10608.000000326136,-678944.0057902597,130657.11129651777,-548286.8944937419,299.18586700768714,520.3953654581676,1.0033649631677077,509
2653000,10612.00000032695,-677835.6501526106,131238.50325639633,-546597.1468962142,300.5171704159862,520.3953654581676,1.0033649631677077,509
2654000,10616.000000327766,-678105.4657343989,131592.75496201363,-546512.7107723854,301.328355529696,520.3953654581676,1.0033649631677077,509
2655000,10620.00000032858,-677524.3411983615,130534.16413267114,-546990.1770656903,298.90433580401526,520.3953654581676,1.0033649631677077,509
2656000,10624.000000329395,-677924.2002455532,131053.06699073478,-546871.1332548184,300.0925482169639,520.3953654581676,1.0033649631677077,509
2657000,10628.00000033021,-676989.4686589679,131133.75405514252,-545855.7146038254,300.2773099117664,520.3953654581676,1.0033649631677077,509
2658000,10632.000000331025,-679117.2387409578,131966.69183001516,-547150.5469109426,302.18461681504834,520.3953654581676,1.0033649631677077,509
2659000,10636.00000033184,-677166.507808126,131915.7489254733,-545250.7588826527,302.06796493967767,520.3953654581676,1.0033649631677077,509
2660000,10640.000000332655,-678761.475714006,131067.89556652115,-547693.5801474848,300.1265035084832,520.3953654581676,1.0033649631677077,509
2661000,10644.00000033347,-677993.3326819926,131202.8788071049,-546790.4538748877,300.43559558517774,520.3953654581676,1.0033649631677077,509
2662000,10648.000000334285,-676560.9907202097,131802.6012301945,-544758.3894900151,301.8088731001598,520.3953654581676,1.0033649631677077,509
2663000,10652.0000003351,-678563.3355258564,131631.99337624258,-546931.3421496138,301.41820581694486,520.3953654581676,1.0033649631677077,509
2664000,10656.000000335915,-677393.5544716269,131586.50289166017,-545807.0515799667,301.3140391938247,520.3953654581676,1.0033649631677077,509
2665000,10660.00000033673,-678244.3562042359,131681.74419316658,-546562.6120110693,301.5321279842731,520.3953654581676,1.0033649631677077,509
2666000,10664.000000337544,-677779.6298767305,131646.68788070325,-546132.9419960272,301.4518541045404,520.3953654581676,1.0033649631677077,509
2667000,10668.00000033836,-678816.2539334148,132441.90031571453,-546374.3536177003,303.272775441797,520.3953654581676,1.0033649631677077,509
2668000,10672.000000339174,-677808.8140912624,130659.6681736953,-547149.1459175671,299.19172188621303,520.3953654581676,1.0033649631677077,509
2669000,10676.00000033999,-677810.354161683,130818.9951213451,-546991.3590403378,299.55655752736016,520.3953654581676,1.0033649631677077,509
2670000,10680.000000340804,-677572.7544473014,131689.04204599094,-545883.7124013104,301.5488390105837,520.3953654581676,1.0033649631677077,509
2671000,10684.000000341619,-677528.3521242654,131559.83130792086,-545968.5208163445,301.25296512884404,520.3953654581676,1.0033649631677077,509
2672000,10688.000000342434,-677696.569354475,131237.8077373209,-546458.7616171541,300.5155777780077,520.3953654581676,1.0033649631677077,509
2673000,10692.000000343249,-677736.2938739229,132468.68628490943,-545267.6075890134,303.3341114329092,520.3953654581676,1.0033649631677077,509
2674000,10696.000000344064,-677738.5605391613,132084.24047328846,-545654.3200658729,302.45378618825976,520.3953654581676,1.0033649631677077,509
2675000,10700.000000344879,-678057.5562385656,131381.8845255314,-546675.6717130342,300.8454927621116,520.3953654581676,1.0033649631677077,509
2676000,10704.000000345693,-677799.131199257,131618.1475564798,-546180.9836427772,301.3865008944262,520.3953654581676,1.0033649631677077,509
2677000,10708.000000346508,-677427.4445916223,132088.463515169,-545338.9810764533,302.4634563427113,520.3953654581676,1.0033649631677077,509
2678000,10712.000000347323,-678401.2174840407,131492.56542343786,-546908.6520606028,301.09893599281475,520.3953654581676,1.0033649631677077,509
2679000,10716.000000348138,-676827.4168348829,131048.77556587377,-545778.6412690091,300.0827214753882,520.3953654581676,1.0033649631677077,509
2680000,10720.000000348953,-676894.0429777903,131888.7711698193,-545005.2718079711,302.006189785343,520.3953654581676,1.0033649631677077,509
2681000,10724.000000349768,-676661.8654798996,132290.5257218696,-544371.3397580299,302.9261495394407,520.3953654581676,1.0033649631677077,509
2682000,10728.000000350583,-676733.9155572425,131158.75103163056,-545575.1645256119,300.33454936860824,520.3953654581676,1.0033649631677077,509
2683000,10732.000000351398,-677883.4195662425,130671.88736838591,-547211.5321978566,299.2197020728357,520.3953654581676,1.0033649631677077,509
2684000,10736.000000352213,-678783.8227873798,131096.20894192118,-547687.6138454587,300.1913370386517,520.3953654581676,1.0033649631677077,509
2685000,10740.000000353028,-677071.9823342194,131975.05872253748,-545096.9236116819,302.2037757874809,520.3953654581676,1.0033649631677077,509
2686000,10744.000000353843,-676487.376183697,131181.37210816634,-545306.0040755307,300.38634835856635,520.3953654581676,1.0033649631677077,509
2687000,10748.000000354657,-677263.500412391,131287.11850042664,-545976.3819119644,300.6284922858076,520.3953654581676,1.0033649631677077,509
2688000,10752.000000355472,-678081.0762297353,131698.44119729038,-546382.635032445,301.57036170615504,520.3953654581676,1.0033649631677077,509
2689000,10756.000000356287,-677288.7708785711,131382.4281401764,-545906.3427383946,300.84673756093855,520.3953654581676,1.0033649631677077,509
2690000,10760.000000357102,-676595.5224581216,131046.31408862805,-545549.2083694936,300.07708504889314,520.3953654581676,1.0033649631677077,509
2691000,10764.000000357917,-676968.2385423384,131461.3511153151,-545506.8874270233,301.02745974673763,520.3953654581676,1.0033649631677077,509
2692000,10768.000000358732,-677412.71796809,131396.42055314058,-546016.2974149494,300.8787781606631,520.3953654581676,1.0033649631677077,509
2693000,10772.000000359547,-677286.2516206689,131717.9836135396,-545568.2680071293,301.6151110098166,520.3953654581676,1.0033649631677077,509
2694000,10776.000000360362,-677661.4064733507,131434.2204345686,-546227.1860387821,300.9653344160831,520.3953654581676,1.0033649631677077,509
2695000,10780.000000361177,-676928.2873508795,131512.81451634312,-545415.4728345363,301.1453034836988,520.3953654581676,1.0033649631677077,509
2696000,10784.000000361992,-678685.2363732969,131265.91418222152,-547419.3221910754,300.57993746729403,520.3953654581676,1.0033649631677077,509
2697000,10788.000000362807,-677925.9147801632,131877.40634203542,-546048.5084381278,301.9801659752329,520.3953654581676,1.0033649631677077,509
2698000,10792.000000363621,-678755.6242214753,131645.56687820854,-547110.0573432668,301.4492871711376,520.3953654581676,1.0033649631677077,509
2699000,10796.000000364436,-678007.4774541957,131101.52804410603,-546905.9494100898,300.20351701250144,520.3953654581676,1.0033649631677077,509
2700000,10800.000000365251,-677410.5769178998,131441.88629418286,-545968.6906237169,300.9828881246589,520.3953654581676,1.0033649631677077,509
2701000,10804.000000366066,-677543.0097420542,130865.22941393155,-546677.7803281227,299.66242736311347,520.3953654581676,1.0033649631677077,509
2702000,10808.000000366881,-678269.7891059136,131220.49530335993,-547049.2938025537,300.47593481090684,520.3953654581676,1.0033649631677077,509
2703000,10812.000000367696,-676762.3437213935,131610.392143637,-545151.9515777566,301.36874212192356,520.3953654581676,1.0033649631677077,509
2704000,10816.00000036851,-679264.4862607946,131757.09166192467,-547507.3945988698,301.7046627781586,520.3953654581676,1.0033649631677077,509
2705000,10820.000000369326,-677459.3646886908,132302.6781957135,-545156.6864929772,302.95397694498484,520.3953654581676,1.0033649631677077,509
2706000,10824.00000037014,-678081.2472430421,130643.89718956008,-547437.350053482,299.15560861602637,520.3953654581676,1.0033649631677077,509
2707000,10828.000000370956,-675553.4289730228,132413.63438556934,-543139.7945874535,303.2080505543925,520.3953654581676,1.0033649631677077,509
2708000,10832.00000037177,-677949.477491322,131741.49501431175,-546207.9824770102,301.6689487133658,520.3953654581676,1.0033649631677077,509
2709000,10836.000000372585,-677362.477459372,131309.47955659856,-546052.9979027734,300.67969586678083,520.3953654581676,1.0033649631677077,509
2710000,10840.0000003734,-678289.7399395253,130506.42715650337,-547783.312783022,298.8408221446317,520.3953654581676,1.0033649631677077,509
2711000,10844.000000374215,-677545.555735671,132340.08675201744,-545205.4689836535,303.0396371225308,520.3953654581676,1.0033649631677077,509
2712000,10848.00000037503,-677143.0080615082,132317.03042034426,-544825.9776411639,302.9868414613287,520.3953654581676,1.0033649631677077,509
2713000,10852.000000375845,-676327.2014787425,132417.59595286218,-543909.6055258804,303.2171219698973,520.3953654581676,1.0033649631677077,509
2714000,10856.00000037666,-677620.693002061,131286.15353885212,-546334.5394632089,300.62628266351885,520.3953654581676,1.0033649631677077,509
2715000,10860.000000377475,-677007.3577183513,131092.19339767442,-545915.1643206768,300.18214202373775,520.3953654581676,1.0033649631677077,509
2716000,10864.00000037829,-678299.0514995814,131082.53771392757,-547216.5137856539,300.1600319060053,520.3953654581676,1.0033649631677077,509
2717000,10868.000000379105,-678019.9817727376,131044.51543448179,-546975.4663382558,300.07296639132556,520.3953654581676,1.0033649631677077,509
2718000,10872.00000037992,-677015.811697999,131932.12292746513,-545083.6887705339,302.10545903344496,520.3953654581676,1.0033649631677077,509
2719000,10876.000000380734,-677943.0583858406,130910.63323864096,-547032.4251471997,299.7663955476719,520.3953654581676,1.0033649631677077,509
2720000,10880.00000038155,-677193.8266907851,130672.54490376014,-546521.281787025,299.221207733638,520.3953654581676,1.0033649631677077,509
2721000,10884.000000382364,-677786.736629941,131836.62402777578,-545950.1126021652,301.8867803804553,520.3953654581676,1.0033649631677077,509
2722000,10888.00000038318,-677692.6955456245,131000.99460739188,-546691.7009382326,299.9733099986763,520.3953654581676,1.0033649631677077,509
2723000,10892.000000383994,-678149.0423815306,131258.7450265407,-546890.2973549899,300.5635211388081,520.3953654581676,1.0033649631677077,509
2724000,10896.000000384809,-679251.9725820022,131546.7092186481,-547705.2633633541,301.2229174443585,520.3953654581676,1.0033649631677077,509
2725000,10900.000000385624,-678870.4780475772,130857.44243736478,-548013.0356102125,299.64459631425296,520.3953654581676,1.0033649631677077,509
2726000,10904.000000386439,-677725.9803752964,131586.69115192327,-546139.2892233732,301.31447028256895,520.3953654581676,1.0033649631677077,509
2727000,10908.000000387254,-676950.9924814058,132030.6012752559,-544920.39120615,302.33096019119216,520.3953654581676,1.0033649631677077,509
2728000,10912.000000388069,-678203.0314082019,131721.13675717928,-546481.8946510226,301.62233125220735,520.3953654581676,1.0033649631677077,509
2729000,10916.000000388884,-676654.7993313218,131940.61424849572,-544714.1850828261,302.12490292914543,520.3953654581676,1.0033649631677077,509
2730000,10920.000000389698,-676624.7808780577,131399.0953699159,-545225.6855081418,300.8849031037915,520.3953654581676,1.0033649631677077,509
2731000,10924.000000390513,-678172.6753265369,130686.68605995725,-547485.9892665796,299.25358893382935,520.3953654581676,1.0033649631677077,509
2732000,10928.000000391328,-677907.9491342306,132369.1993444916,-545538.749789739,303.1063007440802,520.3953654581676,1.0033649631677077,509
2733000,10932.000000392143,-678612.9490204542,130612.52747269622,-548000.4215477579,299.0837765064338,520.3953654581676,1.0033649631677077,509
2734000,10936.000000392958,-677891.2600214933,130757.11302357289,-547134.1469979205,299.41485648337937,520.3953654581676,1.0033649631677077,509
2735000,10940.000000393773,-676756.3618833167,132202.39742951712,-544553.9644537995,302.72434851006125,520.3953654581676,1.0033649631677077,509
2736000,10944.000000394588,-678263.2639745688,130903.38530354202,-547359.8786710268,299.74979882572484,520.3953654581676,1.0033649631677077,509
2737000,10948.000000395403,-677291.3834770992,131242.3339152233,-546049.0495618759,300.52594207005836,520.3953654581676,1.0033649631677077,509
2738000,10952.000000396218,-676785.3815535549,130497.63432615371,-546287.7472274012,298.8206878362462,520.3953654581676,1.0033649631677077,509
2739000,10956.000000397033,-677263.7662588474,131130.34019786242,-546133.4260609851,300.26949267288785,520.3953654581676,1.0033649631677077,509
2740000,10960.000000397848,-676182.4744640659,130929.01068448048,-545253.4637795854,299.80847723777146,520.3953654581676,1.0033649631677077,509
2741000,10964.000000398662,-677857.8457890898,130512.23639453111,-547345.6093945587,298.85412445859487,520.3953654581676,1.0033649631677077,509
2742000,10968.000000399477,-677976.7189595653,131161.73800144042,-546814.9809581249,300.3413890969891,520.3953654581676,1.0033649631677077,509
2743000,10972.000000400292,-678294.3779118517,131342.93157189537,-546951.4463399564,300.75629613828863,520.3953654581676,1.0033649631677077,509
2744000,10976.000000401107,-677491.271572907,130950.75075512973,-546540.5208177773,299.8582588518104,520.3953654581676,1.0033649631677077,509
2745000,10980.000000401922,-677716.988944076,131150.1173700511,-546566.8715740249,300.3147795336604,520.3953654581676,1.0033649631677077,509
2746000,10984.000000402737,-678146.3600772768,131336.5655773885,-546809.7944998883,300.74171893260115,520.3953654581676,1.0033649631677077,509
2747000,10988.000000403552,-677845.1843506917,131843.62575308466,-546001.5585976071,301.90281331763185,520.3953654581676,1.0033649631677077,509
2748000,10992.000000404367,-678485.8225998827,130562.20916014891,-547923.6134397339,298.9685548562959,520.3953654581676,1.0033649631677077,509
2749000,10996.000000405182,-677156.5788310454,131636.82650599326,-545519.7523250522,301.42927298428435,520.3953654581676,1.0033649631677077,509
2750000,11000.000000405997,-677358.955334893,131192.5916911373,-546166.3636437557,300.41203957908493,520.3953654581676,1.0033649631677077,509
2751000,11004.000000406812,-676827.5152338874,131153.90539976157,-545673.6098341257,300.323453573228,520.3953654581676,1.0033649631677077,509
2752000,11008.000000407626,-678179.8657686501,131582.54635531013,-546597.31941334,301.3049792984506,520.3953654581676,1.0033649631677077,509
2753000,11012.000000408441,-677669.1689977464,131465.6093559715,-546203.559641775,301.0372105012895,520.3953654581676,1.0033649631677077,509
2754000,11016.000000409256,-678681.1661820314,131552.80180116283,-547128.3643808686,301.2368685761714,520.3953654581676,1.0033649631677077,509
2755000,11020.000000410071,-677239.2368792943,132100.3771269815,-545138.8597523128,302.49073678878847,520.3953654581676,1.0033649631677077,509
2756000,11024.000000410886,-677378.5027897349,131749.270100201,-545629.2326895338,301.68675253429643,520.3953654581676,1.0033649631677077,509
2757000,11028.000000411701,-677106.6167921359,131249.98677451815,-545856.6300176177,300.54346600978494,520.3953654581676,1.0033649631677077,509
2758000,11032.000000412516,-679546.366757933,129861.16606547276,-549685.2006924603,297.36326767361487,520.3953654581676,1.0033649631677077,509
2759000,11036.00000041333,-678496.926332152,130932.1643368355,-547564.7619953165,299.8156986450467,520.3953654581676,1.0033649631677077,509
2760000,11040.000000414146,-677431.6276602265,130661.23560189479,-546770.3920583318,299.1953110698417,520.3953654581676,1.0033649631677077,509
2761000,11044.00000041496,-677955.713440245,131812.88833379323,-546142.8251064518,301.83242907792976,520.3953654581676,1.0033649631677077,509
2762000,11048.000000415776,-675914.9676501905,131062.43966299016,-544852.5279872003,300.11401027935824,520.3953654581676,1.0033649631677077,509
2763000,11052.00000041659,-677074.5529499319,131666.50424723374,-545408.0487026982,301.49723071468077,520.3953654581676,1.0033649631677077,509
2764000,11056.000000417405,-677653.4800221194,130539.76991134055,-547113.7101107788,298.91717222550676,520.3953654581676,1.0033649631677077,509
2765000,11060.00000041822,-678136.9768636925,131632.218992962,-546504.7578707305,301.41872244656525,520.3953654581676,1.0033649631677077,509
2766000,11064.000000419035,-677495.4999396633,130758.02565383675,-546737.4742858266,299.41694627454376,520.3953654581676,1.0033649631677077,509
2767000,11068.00000041985,-678195.930520942,132226.84353952308,-545969.0869814189,302.7803265624192,520.3953654581676,1.0033649631677077,509
2768000,11072.000000420665,-677555.3437574464,131012.77782330604,-546542.5659341404,300.00029185702624,520.3953654581676,1.0033649631677077,509
2769000,11076.00000042148,-675862.6543785185,131402.7720664813,-544459.8823120372,300.89332220657684,520.3953654581676,1.0033649631677077,509
2770000,11080.000000422295,-678588.0402898933,131648.7239265415,-546939.3163633518,301.45651635471063,520.3953654581676,1.0033649631677077,509
2771000,11084.00000042311,-678299.6883369782,131270.6376244725,-547029.0507125057,300.59075346614094,520.3953654581676,1.0033649631677077,509
2772000,11088.000000423925,-677174.6879247264,131505.53138091287,-545669.1565438135,301.12862615808973,520.3953654581676,1.0033649631677077,509
2773000,11092.00000042474,-677237.4972917861,131925.7089065184,-545311.7883852677,302.09077185416396,520.3953654581676,1.0033649631677077,509
2774000,11096.000000425554,-676210.6435476574,129525.14856672846,-546685.494980929,296.5938362535108,520.3953654581676,1.0033649631677077,509
2775000,11100.00000042637,-678662.6680752668,132434.68891422654,-546227.9791610402,303.2562623765294,520.3953654581676,1.0033649631677077,509
2776000,11104.000000427184,-677983.8735292233,132331.48461078593,-545652.3889184373,303.01993946461585,520.3953654581676,1.0033649631677077,509
2777000,11108.000000428,-677577.0448355782,131649.2140707624,-545927.8307648158,301.45763871400845,520.3953654581676,1.0033649631677077,509
2778000,11112.000000428814,-677469.273265712,131601.94922901806,-545867.3240366939,301.3494090698969,520.3953654581676,1.0033649631677077,509
2779000,11116.000000429629,-677177.4087230186,131250.86124961963,-545926.547473399,300.5454684311519,520.3953654581676,1.0033649631677077,509
2780000,11120.000000430444,-678146.6537983636,130965.73664105014,-547180.9171573136,299.8925743607596,520.3953654581676,1.0033649631677077,509
2781000,11124.000000431259,-676759.4765818948,133082.98102940823,-543676.4955524865,304.74075745398983,520.3953654581676,1.0033649631677077,509
2782000,11128.000000432074,-677745.9360736711,131945.0132760657,-545800.9227976054,302.1349760653449,520.3953654581676,1.0033649631677077,509
2783000,11132.000000432889,-678402.5347049017,131363.27187419837,-547039.2628307034,300.8028724854873,520.3953654581676,1.0033649631677077,509
2784000,11136.000000433703,-678783.290587611,131171.3131773715,-547611.9774102395,300.36331486348024,520.3953654581676,1.0033649631677077,509
2785000,11140.000000434518,-678184.2668408733,131585.40034731274,-546598.8664935606,301.31151452690665,520.3953654581676,1.0033649631677077,509
2786000,11144.000000435333,-678220.9527856079,131668.80269600742,-546552.1500896005,301.50249382957975,520.3953654581676,1.0033649631677077,509
2787000,11148.000000436148,-678432.5969133545,132465.47187676572,-545967.1250365888,303.3267509036747,520.3953654581676,1.0033649631677077,509
2788000,11152.000000436963,-678304.0652188393,130795.71521539259,-547508.3500034467,299.50324991342967,520.3953654581676,1.0033649631677077,509
2789000,11156.000000437778,-678405.6219497235,131374.48585536692,-547031.1360943565,300.8285508786894,520.3953654581676,1.0033649631677077,509
2790000,11160.000000438593,-676660.4462943822,131260.6317113596,-545399.8145830226,300.56784137387,520.3953654581676,1.0033649631677077,509
2791000,11164.000000439408,-677661.4825378461,130600.60190717598,-547060.8806306701,299.05646868809674,520.3953654581676,1.0033649631677077,509
2792000,11168.000000440223,-677838.4003819097,132509.75765322533,-545328.6427286844,303.42815891962346,520.3953654581676,1.0033649631677077,509
2793000,11172.000000441038,-677813.2437754613,132264.07761333097,-545549.1661621304,302.8655872003125,520.3953654581676,1.0033649631677077,509
2794000,11176.000000441853,-678352.5384130408,131382.64426572467,-546969.8941473161,300.8472324571512,520.3953654581676,1.0033649631677077,509
2795000,11180.000000442667,-676101.9915871704,132290.9251605576,-543811.0664266128,302.92706419620146,520.3953654581676,1.0033649631677077,509
2796000,11184.000000443482,-678012.1018642234,132380.4294280464,-545631.672436177,303.1320160094154,520.3953654581676,1.0033649631677077,509
2797000,11188.000000444297,-678684.6079805968,130350.18523408426,-548334.4227465126,298.48305076458166,520.3953654581676,1.0033649631677077,509
2798000,11192.000000445112,-677411.228945238,131778.77970662623,-545632.4492386119,301.75432526031017,520.3953654581676,1.0033649631677077,509
2799000,11196.000000445927,-677798.1975040683,130822.29917343357,-546975.8983306347,299.56412332824857,520.3953654581676,1.0033649631677077,509
2800000,11200.000000446742,-677657.95471555,131309.10771501646,-546348.8470005335,300.67884440339685,520.3953654581676,1.0033649631677077,509
2801000,11204.000000447557,-678377.1685419991,131391.6199161003,-546985.5486258988,300.8677853969258,520.3953654581676,1.0033649631677077,509
2802000,11208.000000448372,-677288.1434083614,131774.89038717718,-545513.2530211841,301.74541928190695,520.3953654581676,1.0033649631677077,509
2803000,11212.000000449187,-677806.7030946221,131832.71134348126,-545973.9917511409,301.87782089993897,520.3953654581676,1.0033649631677077,509
2804000,11216.000000450002,-678374.1498826831,131852.95181504032,-546521.1980676427,301.9241686491885,520.3953654581676,1.0033649631677077,509
2805000,11220.000000450817,-676934.2720109252,131778.81832096796,-545155.4536899573,301.75441368156174,520.3953654581676,1.0033649631677077,509
2806000,11224.000000451631,-677907.8631882826,130794.94291058138,-547112.9202777012,299.50148144723414,520.3953654581676,1.0033649631677077,509
2807000,11228.000000452446,-678588.5034397002,131769.98648221875,-546818.5169574815,301.73419004958924,520.3953654581676,1.0033649631677077,509
2808000,11232.000000453261,-677347.7622895674,131509.09682844536,-545838.6654611221,301.13679051669743,520.3953654581676,1.0033649631677077,509
2809000,11236.000000454076,-677334.0929643181,131221.0757008958,-546113.0172634223,300.4772638372281,520.3953654581676,1.0033649631677077,509
2810000,11240.000000454891,-677439.6273054779,132373.59605492884,-545066.031250549,303.1163685743812,520.3953654581676,1.0033649631677077,509
2811000,11244.000000455706,-678599.8496143287,131325.44020061637,-547274.4094137123,300.7162434306378,520.3953654581676,1.0033649631677077,509
2812000,11248.00000045652,-678128.478859663,131293.67455208633,-546834.8043075767,300.6435046948567,520.3953654581676,1.0033649631677077,509
2813000,11252.000000457336,-677255.5506150709,131328.73002548877,-545926.8205895821,300.7237766532614,520.3953654581676,1.0033649631677077,509
2814000,11256.00000045815,-677081.9383146665,131399.61695785553,-545682.321356811,300.88609746465244,520.3953654581676,1.0033649631677077,509
2815000,11260.000000458966,-676566.3047237727,130125.14834997419,-546441.1563737985,297.9677488830914,520.3953654581676,1.0033649631677077,509
2816000,11264.00000045978,-678163.3883365546,132459.92299184977,-545703.4653447049,303.31404476064097,520.3953654581676,1.0033649631677077,509
2817000,11268.000000460595,-678528.526038677,130996.97529969702,-547531.55073898,299.9641063660112,520.3953654581676,1.0033649631677077,509
2818000,11272.00000046141,-677551.3052409501,132894.38849682856,-544656.9167441216,304.3089078607214,520.3953654581676,1.0033649631677077,509
2819000,11276.000000462225,-678166.6368616847,130770.98991266551,-547395.6469490193,299.44663255016474,520.3953654581676,1.0033649631677077,509
2820000,11280.00000046304,-676518.5052560875,132017.93732479395,-544500.5679312935,302.3019615782494,520.3953654581676,1.0033649631677077,509
2821000,11284.000000463855,-676694.2001434085,131491.66538938333,-545202.5347540252,301.09687504514585,520.3953654581676,1.0033649631677077,509
2822000,11288.00000046467,-678940.3083415176,132913.8834183158,-546026.4249232018,304.35354840825477,520.3953654581676,1.0033649631677077,509
2823000,11292.000000465485,-678017.9059509835,131636.54697743105,-546381.3589735525,301.42863290434985,520.3953654581676,1.0033649631677077,509
2824000,11296.0000004663,-677402.7287669717,132487.63820277684,-544915.0905641948,303.3775085807747,520.3953654581676,1.0033649631677077,509
2825000,11300.000000467115,-678117.478327285,131858.96621617896,-546258.5121111061,301.9379407569701,520.3953654581676,1.0033649631677077,509
2826000,11304.00000046793,-678721.8465018827,132109.36025679065,-546612.486245092,302.5113068553828,520.3953654581676,1.0033649631677077,509
2827000,11308.000000468744,-677957.6098192013,130682.57445626787,-547275.0353629334,299.24417395670037,520.3953654581676,1.0033649631677077,509
2828000,11312.00000046956,-679113.5706881452,130600.9620224869,-548512.6086656584,299.05729330001765,520.3953654581676,1.0033649631677077,509
2829000,11316.000000470374,-677471.1859806594,131711.11929589254,-545760.0666847669,301.5993927162903,520.3953654581676,1.0033649631677077,509
2830000,11320.00000047119,-677340.3365680813,130898.66224036136,-546441.67432772,299.7389836948941,520.3953654581676,1.0033649631677077,509
2831000,11324.000000472004,-678267.7646468687,130672.39346856071,-547595.371178308,299.2208609689576,520.3953654581676,1.0033649631677077,509
2832000,11328.000000472819,-678805.8300630925,131844.64128808537,-546961.1887750071,301.905138745744,520.3953654581676,1.0033649631677077,509
2833000,11332.000000473634,-679049.7227298012,132123.35447562148,-546926.3682541797,302.5433515902805,520.3953654581676,1.0033649631677077,509
2834000,11336.000000474449,-677236.807681039,130677.11308530108,-546559.6945957378,299.2316682079391,520.3953654581676,1.0033649631677077,509
2835000,11340.000000475264,-678405.9821248096,129830.40810795559,-548575.574016854,297.2928364043495,520.3953654581676,1.0033649631677077,509
2836000,11344.000000476079,-678383.65383795,131369.1610773023,-547014.4927606477,300.81635790789676,520.3953654581676,1.0033649631677077,509
2837000,11348.000000476894,-677215.2104775328,130310.55482853169,-546904.6556490011,298.3923028739582,520.3953654581676,1.0033649631677077,509
2838000,11352.000000477708,-677548.9711025767,130778.33908777134,-546770.6320148053,299.463461097069,520.3953654581676,1.0033649631677077,509
2839000,11356.000000478523,-677929.1659839745,132655.0927118645,-545274.07327211,303.76095516082376,520.3953654581676,1.0033649631677077,509
2840000,11360.000000479338,-678358.3087817044,131624.83060767653,-546733.4781740279,301.40180411402685,520.3953654581676,1.0033649631677077,509
2841000,11364.000000480153,-678138.2629966307,131357.68081510428,-546780.5821815265,300.790069769692,520.3953654581676,1.0033649631677077,509
2842000,11368.000000480968,-678820.3747525522,131032.29847395828,-547788.076278594,300.04499132062216,520.3953654581676,1.0033649631677077,509
2843000,11372.000000481783,-678272.6265470223,131702.81544006,-546569.8111069623,301.5803780887502,520.3953654581676,1.0033649631677077,509
2844000,11376.000000482598,-676541.1159729315,130330.03789231583,-546211.0780806157,298.4369162690684,520.3953654581676,1.0033649631677077,509
2845000,11380.000000483413,-678383.9769383981,132528.5640094931,-545855.412928905,303.47122275250166,520.3953654581676,1.0033649631677077,509
2846000,11384.000000484228,-677881.436870541,131268.69541659037,-546612.7414539505,300.5863060913034,520.3953654581676,1.0033649631677077,509
2847000,11388.000000485043,-677264.3251698134,131111.27340512947,-546153.0517646839,300.22583247821296,520.3953654581676,1.0033649631677077,509
2848000,11392.000000485858,-677473.4471907555,131282.21240367505,-546191.2347870804,300.61725803460087,520.3953654581676,1.0033649631677077,509
2849000,11396.000000486672,-678228.5056254552,131379.30877466127,-546849.1968507939,300.8395946655623,520.3953654581676,1.0033649631677077,509
2850000,11400.000000487487,-677883.2937042611,131233.2726892936,-546650.0210149675,300.50519317465546,520.3953654581676,1.0033649631677077,509
2851000,11404.000000488302,-677604.1576058082,131310.41580959165,-546293.7417962166,300.68183975057485,520.3953654581676,1.0033649631677077,509
2852000,11408.000000489117,-677743.5751344478,131864.33062286375,-545879.244511584,301.950224471565,520.3953654581676,1.0033649631677077,509
2853000,11412.000000489932,-676934.6695581423,131252.23297369864,-545682.4365844437,300.5486094806808,520.3953654581676,1.0033649631677077,509
2854000,11416.000000490747,-676710.8585380558,131015.38010830455,-545695.4784297512,300.00625071288766,520.3953654581676,1.0033649631677077,509
2855000,11420.000000491562,-678069.7478026282,131778.6033894961,-546291.1444131321,301.75392151961114,520.3953654581676,1.0033649631677077,509
2856000,11424.000000492377,-677311.6657962543,130928.79900228768,-546382.8667939666,299.8079925161994,520.3953654581676,1.0033649631677077,509
2857000,11428.000000493192,-676104.6005192832,131646.37207575608,-544458.2284435271,301.4511309569368,520.3953654581676,1.0033649631677077,509
2858000,11432.000000494007,-678202.1437487514,131131.00129231816,-547071.1424564333,300.27100648347147,520.3953654581676,1.0033649631677077,509
2859000,11436.000000494822,-677558.9006308424,131075.88013590453,-546483.0204949379,300.1447870162842,520.3953654581676,1.0033649631677077,509
2860000,11440.000000495636,-676916.7792948959,132292.7305231914,-544624.0487717045,302.9311982152341,520.3953654581676,1.0033649631677077,509
2861000,11444.000000496451,-676772.9608818237,131266.71983055235,-545506.2410512713,300.5817822853217,520.3953654581676,1.0033649631677077,509
2862000,11448.000000497266,-676834.7100845012,131255.92112475756,-545578.7889597437,300.5570548125978,520.3953654581676,1.0033649631677077,509
2863000,11452.000000498081,-677062.9673839374,131447.32283557404,-545615.6445483634,300.9953370172872,520.3953654581676,1.0033649631677077,509
2864000,11456.000000498896,-677824.8327712906,131964.49632288198,-545860.3364484085,302.1795894216011,520.3953654581676,1.0033649631677077,509
2865000,11460.000000499711,-677345.0542159202,131327.5166921365,-546017.5375237836,300.72099829556345,520.3953654581676,1.0033649631677077,509
2866000,11464.000000500526,-678314.9345682105,131423.75572962314,-546891.1788385874,300.94137175694414,520.3953654581676,1.0033649631677077,509
2867000,11468.00000050134,-677753.2557488102,131824.01059979957,-545929.2451490107,301.8578974566898,520.3953654581676,1.0033649631677077,509
2868000,11472.000000502156,-678579.037967064,131346.91893293374,-547232.1190341302,300.7654266177359,520.3953654581676,1.0033649631677077,509
2869000,11476.00000050297,-677764.5301549747,131761.23978136736,-546003.2903736073,301.7141613710756,520.3953654581676,1.0033649631677077,509
2870000,11480.000000503785,-678546.1550282845,131086.4038396869,-547459.7511885976,300.16888477421725,520.3953654581676,1.0033649631677077,509
2871000,11484.0000005046,-677571.2616815334,131657.17361188974,-545914.0880696437,301.47586491072695,520.3953654581676,1.0033649631677077,509
2872000,11488.000000505415,-679722.1815156485,131295.48589430796,-548426.6956213405,300.64765240627975,520.3953654581676,1.0033649631677077,509
2873000,11492.00000050623,-677682.5772752492,131588.9367866803,-546093.6404885689,301.3196124610168,520.3953654581676,1.0033649631677077,509
2874000,11496.000000507045,-677785.1453507673,131360.91139658305,-546424.2339541842,300.7974673335221,520.3953654581676,1.0033649631677077,509
2875000,11500.00000050786,-677413.3821715959,131484.83004034747,-545928.5521312484,301.08122308554493,520.3953654581676,1.0033649631677077,509
2876000,11504.000000508675,-677241.8382497835,130523.15051931725,-546718.6877304662,298.87911622409746,520.3953654581676,1.0033649631677077,509
2877000,11508.00000050949,-677169.9600867038,131102.66924482264,-546067.2908418812,300.20613019690785,520.3953654581676,1.0033649631677077,509
2878000,11512.000000510305,-678020.6310743215,132074.19989720662,-545946.4311771148,302.43079472280874,520.3953654581676,1.0033649631677077,509
2879000,11516.00000051112,-676384.3787535508,132024.54334401785,-544359.835409533,302.3170884057857,520.3953654581676,1.0033649631677077,509
2880000,11520.000000511935,-678185.6753644329,131630.2331201689,-546555.442244264,301.4141750854039,520.3953654581676,1.0033649631677077,509
2881000,11524.00000051275,-678295.5352102285,131340.02945397847,-546955.5057562501,300.74965070845695,520.3953654581676,1.0033649631677077,509
2882000,11528.000000513564,-679180.4862337233,130872.21146087773,-548308.2747728457,299.67841523968866,520.3953654581676,1.0033649631677077,509
2883000,11532.00000051438,-676777.1303361994,131404.86374366633,-545372.2665925331,300.8981118444763,520.3953654581676,1.0033649631677077,509
2884000,11536.000000515194,-678282.0082197734,131014.01513173524,-547267.9930880382,300.0031251141791,520.3953654581676,1.0033649631677077,509
2885000,11540.00000051601,-675943.8882156252,130840.63319477055,-545103.2550208546,299.6061055825248,520.3953654581676,1.0033649631677077,509
2886000,11544.000000516824,-677082.4292197255,132991.64943784894,-544090.7797818766,304.5316213332329,520.3953654581676,1.0033649631677077,509
2887000,11548.000000517639,-679127.1834733598,132225.06563605057,-546902.1178373093,302.77625542089004,520.3953654581676,1.0033649631677077,509
2888000,11552.000000518454,-678535.3681505593,130466.31724148855,-548069.0509090708,298.74897624676794,520.3953654581676,1.0033649631677077,509
2889000,11556.000000519269,-677319.7610146236,131618.7040201071,-545701.0569945164,301.3877751155623,520.3953654581676,1.0033649631677077,509
2890000,11560.000000520084,-677925.6138032041,132148.4861055425,-545777.1276976616,302.6008993839875,520.3953654581676,1.0033649631677077,509
2891000,11564.000000520899,-677110.7631504834,131412.68521629518,-545698.0779341882,300.9160218843243,520.3953654581676,1.0033649631677077,509
2892000,11568.000000521713,-678032.5444690827,131685.63646421052,-546346.9080048723,301.54104072140126,520.3953654581676,1.0033649631677077,509
2893000,11572.000000522528,-678922.2582065747,132237.83548765455,-546684.4227189202,302.8054965321146,520.3953654581676,1.0033649631677077,509
2894000,11576.000000523343,-677070.1058788211,132799.6916102196,-544270.4142686015,304.09206570156226,520.3953654581676,1.0033649631677077,509
2895000,11580.000000524158,-677740.1315756924,132248.31546785386,-545491.8161078386,302.82949416937316,520.3953654581676,1.0033649631677077,509
2896000,11584.000000524973,-677866.8057655846,131631.42840062449,-546235.37736496,301.41691210458225,520.3953654581676,1.0033649631677077,509
2897000,11588.000000525788,-677209.0779612954,131538.51297275478,-545670.5649885406,301.20414922799836,520.3953654581676,1.0033649631677077,509
2898000,11592.000000526603,-678438.3861988485,131760.02943990775,-546678.3567589407,301.7113898643786,520.3953654581676,1.0033649631677077,509
2899000,11596.000000527418,-676354.4308901378,131995.7470957979,-544358.6837943399,302.25114916677484,520.3953654581676,1.0033649631677077,509
2900000,11600.000000528233,-678706.0364433499,131438.97783612937,-547267.0586072205,300.9762281768325,520.3953654581676,1.0033649631677077,509
2901000,11604.000000529048,-677609.5272863498,131732.6700609933,-545876.8572253565,301.64874084803273,520.3953654581676,1.0033649631677077,509
2902000,11608.000000529863,-678732.1415380677,130207.56751542306,-548524.5740226447,298.15647683848687,520.3953654581676,1.0033649631677077,509
2903000,11612.000000530677,-678231.4064263091,130763.60151916806,-547467.804907141,299.42971419882207,520.3953654581676,1.0033649631677077,509
2904000,11616.000000531492,-677021.0044274954,131787.22871677435,-545233.775710721,301.773672270216,520.3953654581676,1.0033649631677077,509
2905000,11620.000000532307,-677549.3427953287,131829.1010816896,-545720.2417136391,301.86955392316634,520.3953654581676,1.0033649631677077,509
2906000,11624.000000533122,-677564.9575348934,132171.41495754244,-545393.542577351,302.6534031351956,520.3953654581676,1.0033649631677077,509
2907000,11628.000000533937,-676979.0291708037,131953.96127843042,-545025.0678923733,302.1554656951776,520.3953654581676,1.0033649631677077,509
2908000,11632.000000534752,-678084.3401683923,131525.85926138394,-546558.4809070083,301.17517406109187,520.3953654581676,1.0033649631677077,509
2909000,11636.000000535567,-678064.0922770668,131815.797773675,-546248.2945033917,301.8390912740008,520.3953654581676,1.0033649631677077,509
2910000,11640.000000536382,-677913.4237081818,130915.85238643756,-546997.5713217442,299.77834664044497,520.3953654581676,1.0033649631677077,509
2911000,11644.000000537197,-677594.8350308924,131330.16016992962,-546264.6748609628,300.7270514769601,520.3953654581676,1.0033649631677077,509
2912000,11648.000000538012,-678066.1815959052,131725.32257487258,-546340.8590210327,301.63191616865987,520.3953654581676,1.0033649631677077,509
2913000,11652.000000538826,-678318.8532447591,130377.17968270998,-547941.6735620492,298.5448641434046,520.3953654581676,1.0033649631677077,509
2914000,11656.000000539641,-678000.091218133,130767.91146511398,-547232.179753019,299.4395833510006,520.3953654581676,1.0033649631677077,509
2915000,11660.000000540456,-678203.7664442332,130959.24674348274,-547244.5197007505,299.8777134350034,520.3953654581676,1.0033649631677077,509
2916000,11664.000000541271,-678315.6133190161,130974.11490407276,-547341.4984149433,299.91175936999156,520.3953654581676,1.0033649631677077,509
2917000,11668.000000542086,-676109.140951985,130334.06235628616,-545775.0785956988,298.44613170885776,520.3953654581676,1.0033649631677077,509
2918000,11672.000000542901,-675896.376873041,131140.2334065613,-544756.1434664797,300.29214668836926,520.3953654581676,1.0033649631677077,509
2919000,11676.000000543716,-678724.0127562075,131681.0665729031,-547042.9461833044,301.53057633198245,520.3953654581676,1.0033649631677077,509
2920000,11680.00000054453,-677168.6485116663,131828.88337535076,-545339.7651363156,301.8690554071722,520.3953654581676,1.0033649631677077,509
2921000,11684.000000545346,-678810.6139864135,131097.91164570436,-547712.702340709,300.19523598378044,520.3953654581676,1.0033649631677077,509
2922000,11688.00000054616,-678127.9931614287,130748.16623802794,-547379.8269234007,299.39436963988777,520.3953654581676,1.0033649631677077,509
2923000,11692.000000546976,-677599.2174956095,130400.73242932442,-547198.4850662851,298.5987965229462,520.3953654581676,1.0033649631677077,509
2924000,11696.00000054779,-677775.4147569509,131081.2205044087,-546694.1942525422,300.15701568692606,520.3953654581676,1.0033649631677077,509
2925000,11700.000000548605,-678494.3863815609,131519.7317697627,-546974.6546117982,301.16114299247954,520.3953654581676,1.0033649631677077,509
2926000,11704.00000054942,-678135.9644779386,132009.52601823478,-546126.4384597038,302.2827009041032,520.3953654581676,1.0033649631677077,509
2927000,11708.000000550235,-678769.6820817278,131763.45918394672,-547006.2228977811,301.7192434816347,520.3953654581676,1.0033649631677077,509
2928000,11712.00000055105,-677417.2995891646,131588.37576299877,-545828.9238261657,301.3183277980168,520.3953654581676,1.0033649631677077,509
2929000,11716.000000551865,-677608.8776644338,131122.74771509029,-546486.1299493435,300.25210698665626,520.3953654581676,1.0033649631677077,509
2930000,11720.00000055268,-678407.3598556886,131034.38495636111,-547372.9748993275,300.04976906322264,520.3953654581676,1.0033649631677077,509
2931000,11724.000000553495,-677774.465602044,130742.21896733419,-547032.2466347099,299.3807512511052,520.3953654581676,1.0033649631677077,509
2932000,11728.00000055431,-676144.7379065678,131081.69166707958,-545063.0462394882,300.15809458122266,520.3953654581676,1.0033649631677077,509
2933000,11732.000000555125,-677108.6278194194,130807.28165940865,-546301.3461600107,299.5297353955194,520.3953654581676,1.0033649631677077,509
2934000,11736.00000055594,-678729.9661878217,131521.44373135193,-547208.5224564697,301.1650631366437,520.3953654581676,1.0033649631677077,509
2935000,11740.000000556754,-676473.7484054407,131802.91356761183,-544670.8348378289,301.8095883076221,520.3953654581676,1.0033649631677077,509
2936000,11744.00000055757,-677494.4097523489,130664.73396683285,-546829.675785516,299.2033218190211,520.3953654581676,1.0033649631677077,509
2937000,11748.000000558384,-677423.2362038153,132058.7495626498,-545364.4866411656,302.3954156937297,520.3953654581676,1.0033649631677077,509
2938000,11752.0000005592,-677287.7056973372,131432.92472771514,-545854.7809696221,300.96236743499435,520.3953654581676,1.0033649631677077,509
2939000,11756.000000560014,-676592.3010237287,131243.72264802922,-545348.5783756995,300.52912206710903,520.3953654581676,1.0033649631677077,509
2940000,11760.000000560829,-677422.2948439764,130507.13231278921,-546915.1625311872,298.8424368504266,520.3953654581676,1.0033649631677077,509
2941000,11764.000000561644,-679693.7039636634,131535.56518114806,-548158.1387825154,301.1973992120302,520.3953654581676,1.0033649631677077,509
2942000,11768.000000562459,-676532.5569831817,131229.19560158346,-545303.3613815983,300.49585723412133,520.3953654581676,1.0033649631677077,509
2943000,11772.000000563274,-677587.2124164496,131073.47529593122,-546513.7371205183,300.13928028094244,520.3953654581676,1.0033649631677077,509
2944000,11776.000000564089,-677702.8638711493,132029.71719113516,-545673.1466800141,302.32893576656227,520.3953654581676,1.0033649631677077,509
2945000,11780.000000564904,-676195.7472389843,132111.04715807037,-544084.700080914,302.51516961506667,520.3953654581676,1.0033649631677077,509
2946000,11784.000000565718,-679527.1962362356,132472.8522856416,-547054.343950594,303.34365097139,520.3953654581676,1.0033649631677077,509
2947000,11788.000000566533,-676864.870532061,131054.29070824326,-545810.5798238177,300.09535035287615,520.3953654581676,1.0033649631677077,509
2948000,11792.000000567348,-678106.600045009,130485.73737154226,-547620.8626734668,298.7934455327476,520.3953654581676,1.0033649631677077,509
2949000,11796.000000568163,-676684.8285260014,131090.25037460076,-545594.5781514007,300.1776927822297,520.3953654581676,1.0033649631677077,509
2950000,11800.000000568978,-677935.4723138972,132135.73461853233,-545799.7376953649,302.57170032502376,520.3953654581676,1.0033649631677077,509
2951000,11804.000000569793,-676841.6267462112,131402.94814494957,-545438.6786012617,300.89372540077477,520.3953654581676,1.0033649631677077,509
2952000,11808.000000570608,-677208.9298673617,130105.5686662035,-547103.3612011581,297.9229142422016,520.3953654581676,1.0033649631677077,509
2953000,11812.000000571423,-677833.6821565516,131703.91636730137,-546129.7657892503,301.58289905272954,520.3953654581676,1.0033649631677077,509
2954000,11816.000000572238,-678324.4950017622,132382.77186258,-545941.7231391822,303.13737984533594,520.3953654581676,1.0033649631677077,509
2955000,11820.000000573053,-677610.4922857583,132614.6935990299,-544995.7986867283,303.66844704182574,520.3953654581676,1.0033649631677077,509
2956000,11824.000000573868,-678086.8514045458,131334.47018981553,-546752.3812147303,300.7369207984505,520.3953654581676,1.0033649631677077,509
2957000,11828.000000574682,-678537.5228412668,131311.66421179153,-547225.8586294753,300.68469841085624,520.3953654581676,1.0033649631677077,509
2958000,11832.000000575497,-677533.9977406207,131793.048881426,-545740.9488591948,301.7869996045658,520.3953654581676,1.0033649631677077,509
2959000,11836.000000576312,-677552.3929686518,131457.28090609406,-546095.1120625578,301.01813955694763,520.3953654581676,1.0033649631677077,509
2960000,11840.000000577127,-676029.7626665863,131737.6582142748,-544292.1044523115,301.66016299681195,520.3953654581676,1.0033649631677077,509
2961000,11844.000000577942,-677208.2812759602,131452.04406171176,-545756.2372142484,301.0061479415556,520.3953654581676,1.0033649631677077,509
2962000,11848.000000578757,-677285.7152361749,131269.8905352389,-546015.824700936,300.58904273996717,520.3953654581676,1.0033649631677077,509
2963000,11852.000000579572,-678590.1116042607,132094.8094925281,-546495.3021117327,302.4779877120287,520.3953654581676,1.0033649631677077,509
2964000,11856.000000580387,-678709.0188032845,131372.16110096144,-547336.857702323,300.82322752770233,520.3953654581676,1.0033649631677077,509
2965000,11860.000000581202,-676962.3989930376,131032.04243378819,-545930.3565592495,300.0444050257048,520.3953654581676,1.0033649631677077,509
2966000,11864.000000582017,-678412.4500699169,131070.19386154297,-547342.2562083739,300.13176627131264,520.3953654581676,1.0033649631677077,509
2967000,11868.000000582831,-677306.952211306,131091.3823677012,-546215.5698436047,300.18028488252827,520.3953654581676,1.0033649631677077,509
2968000,11872.000000583646,-678068.567362844,131770.33240436116,-546298.2349584829,301.73498216120925,520.3953654581676,1.0033649631677077,509
2969000,11876.000000584461,-678405.7132628234,132231.86593258567,-546173.8473302377,302.7918271153395,520.3953654581676,1.0033649631677077,509
2970000,11880.000000585276,-678948.8254606803,131742.31637625722,-547206.5090844231,301.6708295132958,520.3953654581676,1.0033649631677077,509
2971000,11884.000000586091,-678040.142196869,131057.96752424538,-546982.1746726236,300.1037697291543,520.3953654581676,1.0033649631677077,509
2972000,11888.000000586906,-677754.3916437584,131747.6937972256,-546006.6978465328,301.68314302871585,520.3953654581676,1.0033649631677077,509
2973000,11892.000000587721,-677220.1128179645,131438.45150012575,-545781.6613178388,300.9750229435925,520.3953654581676,1.0033649631677077,509
2974000,11896.000000588536,-678056.0687491293,130774.4585200047,-547281.6102291245,299.45457515875137,520.3953654581676,1.0033649631677077,509
2975000,11900.00000058935,-677927.7770808027,132265.42894279154,-545662.3481380112,302.86868154911804,520.3953654581676,1.0033649631677077,509
2976000,11904.000000590166,-677264.0552960564,131619.21272164548,-545644.842574411,301.38893996843024,520.3953654581676,1.0033649631677077,509
2977000,11908.00000059098,-677962.9022903726,131799.34440582432,-546163.5578845483,301.8014154439081,520.3953654581676,1.0033649631677077,509
2978000,11912.000000591795,-678264.6338181989,132197.68453700788,-546066.949281191,302.71355666859546,520.3953654581676,1.0033649631677077,509
2979000,11916.00000059261,-677193.3325844198,131497.1699596779,-545696.1626247419,301.109479714113,520.3953654581676,1.0033649631677077,509
2980000,11920.000000593425,-677515.4640722885,131080.10206392244,-546435.362008366,300.1544546201517,520.3953654581676,1.0033649631677077,509
2981000,11924.00000059424,-677084.2112488896,131104.5074423029,-545979.7038065867,300.21033940298474,520.3953654581676,1.0033649631677077,509
2982000,11928.000000595055,-677879.8578073955,131355.72638288978,-546524.1314245057,300.78559440290337,520.3953654581676,1.0033649631677077,509
2983000,11932.00000059587,-678360.725938641,131067.07156389594,-547293.6543747451,300.1246166617789,520.3953654581676,1.0033649631677077,509
2984000,11936.000000596685,-678390.3826663825,130907.46108865997,-547482.9215777225,299.7591317835114,520.3953654581676,1.0033649631677077,509
2985000,11940.0000005975,-676621.1664287634,130833.6759427581,-545787.4904860053,299.59017448275773,520.3953654581676,1.0033649631677077,509
2986000,11944.000000598315,-676591.4468393577,131334.17980801623,-545257.2670313416,300.7362558661745,520.3953654581676,1.0033649631677077,509
2987000,11948.00000059913,-678007.5779668852,131416.36337207563,-546591.2145948096,300.92444432850084,520.3953654581676,1.0033649631677077,509
2988000,11952.000000599945,-677756.7107921941,130295.61695640581,-547461.0938357883,298.3580973096465,520.3953654581676,1.0033649631677077,509
2989000,11956.00000060076,-678859.1632276517,131621.09794448735,-547238.0652831644,301.39325685577643,520.3953654581676,1.0033649631677077,509
2990000,11960.000000601574,-679206.1912590289,131383.82900017785,-547822.3622588511,300.8499453275112,520.3953654581676,1.0033649631677077,509
2991000,11964.00000060239,-677868.1609980091,131425.54758730734,-546442.6134107017,300.9454748515977,520.3953654581676,1.0033649631677077,509
2992000,11968.000000603204,-677977.4353311872,131807.43760528474,-546169.9977259025,301.819947698857,520.3953654581676,1.0033649631677077,509
2993000,11972.000000604019,-677805.0679212864,130347.5326591297,-547457.5352621567,298.47697675200243,520.3953654581676,1.0033649631677077,509
2994000,11976.000000604834,-677770.3133823746,131150.30433546027,-546620.0090469143,300.3152076573766,520.3953654581676,1.0033649631677077,509
2995000,11980.000000605649,-676776.2119017523,131472.63450345123,-545303.5773983011,301.05329707184603,520.3953654581676,1.0033649631677077,509
2996000,11984.000000606464,-676448.8292285972,131593.8268586145,-544855.0023699827,301.33081001771194,520.3953654581676,1.0033649631677077,509
2997000,11988.000000607279,-678673.9851314379,131305.60607170197,-547368.3790597359,300.6708261472101,520.3953654581676,1.0033649631677077,509
2998000,11992.000000608094,-677738.4576324206,131598.19225119054,-546140.26538123,301.3408061346453,520.3953654581676,1.0033649631677077,509
2999000,11996.000000608909,-678533.3843025435,131292.90734350873,-547240.4769590348,300.6417478982982,520.3953654581676,1.0033649631677077,509
3000000,12000.000000609723,-677140.8265247867,131693.80726554012,-545447.0192592465,301.5597506733946,520.3953654581676,1.0033649631677077,509
3001000,12004.000000610538,-678439.7498258404,132419.70149500133,-546020.048330839,303.22194335653415,520.3953654581676,1.0033649631677077,509
3002000,12008.000000611353,-677697.123767918,132203.04469279322,-545494.0790751248,302.7258306492461,520.3953654581676,1.0033649631677077,509
3003000,12012.000000612168,-679067.6077731163,130914.75009541064,-548152.8576777057,299.7758225535942,520.3953654581676,1.0033649631677077,509
3004000,12016.000000612983,-677513.6301333928,131719.98885877687,-545793.6412746159,301.6197027310702,520.3953654581676,1.0033649631677077,509
3005000,12020.000000613798,-677756.0911548426,131890.9719232099,-545865.1192316327,302.0112291919601,520.3953654581676,1.0033649631677077,509
3006000,12024.000000614613,-677444.070675422,132695.2356093367,-544748.8350660852,303.8528765837394,520.3953654581676,1.0033649631677077,509
3007000,12028.000000615428,-678104.1285091569,131704.34940203733,-546399.7791071195,301.58389063957577,520.3953654581676,1.0033649631677077,509
3008000,12032.000000616243,-677993.4114215747,131990.88276530374,-546002.5286562709,302.24001055425026,520.3953654581676,1.0033649631677077,509
3009000,12036.000000617058,-676420.9902543714,130990.96749779722,-545430.0227565742,299.9503493695311,520.3953654581676,1.0033649631677077,509
3010000,12040.000000617873,-677011.7152352366,130658.59106312273,-546353.1241721138,299.18925545895684,520.3953654581676,1.0033649631677077,508
3011000,12044.000000618687,-677089.5925059258,131910.8290696945,-545178.7634362313,302.05669918229086,520.3953654581676,1.0033649631677077,508
3012000,12048.000000619502,-677104.1495407312,131221.3827449402,-545882.766795791,300.4779669236329,520.3953654581676,1.0033649631677077,509
3013000,12052.000000620317,-676683.9665733394,131766.7802247487,-544917.1863485908,301.7268481842173,520.3953654581676,1.0033649631677077,509
3014000,12056.000000621132,-677037.929917749,131834.5018738984,-545203.4280438506,301.8819209553431,520.3953654581676,1.0033649631677077,509
3015000,12060.000000621947,-677431.8813523711,131311.0555384268,-546120.8258139442,300.6833046369809,520.3953654581676,1.0033649631677077,508
3016000,12064.000000622762,-676309.2464827383,131018.66018735786,-545290.5862953805,300.0137616189966,520.3953654581676,1.0033649631677077,509
3017000,12068.000000623577,-678411.3205739129,131479.12345209572,-546932.1971218172,301.06815582470614,520.3953654581676,1.0033649631677077,509
3018000,12072.000000624392,-676255.8398751919,131632.8043281223,-544623.0355470696,301.42006277933154,520.3953654581676,1.0033649631677077,508
3019000,12076.000000625207,-678111.9561328203,132664.0848554842,-545447.8712773361,303.78154586773917,520.3953654581676,1.0033649631677077,509
3020000,12080.000000626022,-675930.0103424261,131378.82688432472,-544551.1834581015,300.83849120646454,520.3953654581676,1.0033649631677077,508
3021000,12084.000000626836,-676894.2108978508,131189.64414207026,-545704.5667557805,300.4052901184974,520.3953654581676,1.0033649631677077,508
3022000,12088.000000627651,-676440.7498439006,131782.12743559538,-544658.6224083052,301.7619910749314,520.3953654581676,1.0033649631677077,509
3023000,12092.000000628466,-678610.0668475959,131196.55365668744,-547413.5131909084,300.42111190654117,520.3953654581676,1.0033649631677077,508
3024000,12096.000000629281,-677656.884493968,131351.35774574883,-546305.5267482192,300.77559085638615,520.3953654581676,1.0033649631677077,508
3025000,12100.000000630096,-676890.6859489894,131939.28167673427,-544951.404272255,302.121851532755,520.3953654581676,1.0033649631677077,508
3026000,12104.000000630911,-676702.3316719886,130907.756688367,-545794.5749836216,299.75980866404063,520.3953654581676,1.0033649631677077,508
3027000,12108.000000631726,-677660.0356211639,131695.56374034798,-545964.4718808159,301.5637727463843,520.3953654581676,1.0033649631677077,508
3028000,12112.00000063254,-678565.2338151657,130589.73943303706,-547975.4943821286,299.03159519509774,520.3953654581676,1.0033649631677077,508
3029000,12116.000000633356,-677417.5867012478,131171.50197400816,-546246.0847272397,300.36374718044226,520.3953654581676,1.0033649631677077,508
3030000,12120.00000063417,-677386.2733228146,132133.66699768289,-545252.6063251317,302.5669657726496,520.3953654581676,1.0033649631677077,508
3031000,12124.000000634986,-679570.1068704645,131046.94981604553,-548523.1570544189,300.07854077263215,520.3953654581676,1.0033649631677077,508
3032000,12128.0000006358,-676898.9761436586,131361.17874000827,-545537.7974036504,300.79807951125713,520.3953654581676,1.0033649631677077,508
3033000,12132.000000636615,-678725.1928747352,131035.16264007386,-547690.0302346614,300.0515498463239,520.3953654581676,1.0033649631677077,508
3034000,12136.00000063743,-677670.7304822095,131171.340757326,-546499.3897248835,300.36337801758265,520.3953654581676,1.0033649631677077,508
3035000,12140.000000638245,-678004.9912446975,131622.543684193,-546382.4475605045,301.3965673903735,520.3953654581676,1.0033649631677077,508
3036000,12144.00000063906,-678884.9844416715,130957.4501172388,-547927.5343244327,299.8735994210386,520.3953654581676,1.0033649631677077,508
3037000,12148.000000639875,-677823.0886713029,132001.16981391492,-545821.918857388,302.2635664061067,520.3953654581676,1.0033649631677077,508
3038000,12152.00000064069,-676768.4461296685,131402.12312094768,-545366.3230087208,300.89183621526576,520.3953654581676,1.0033649631677077,508
3039000,12156.000000641505,-677229.1648287233,131369.81299679435,-545859.351831929,300.817850709142,520.3953654581676,1.0033649631677077,508
3040000,12160.00000064232,-677488.4477880131,130826.71245238249,-546661.7353356306,299.57422909804234,520.3953654581676,1.0033649631677077,508
3041000,12164.000000643135,-677379.3553014575,131811.47518227668,-545567.8801191808,301.82919316556723,520.3953654581676,1.0033649631677077,508
3042000,12168.00000064395,-677810.7019071872,131848.71916619202,-545961.9827409952,301.91447649617174,520.3953654581676,1.0033649631677077,508
3043000,12172.000000644764,-678098.6409314349,131392.5144626021,-546706.1264688328,300.8698337788934,520.3953654581676,1.0033649631677077,508
3044000,12176.00000064558,-676044.8476804215,132343.43271773704,-543701.4149626845,303.0472988995658,520.3953654581676,1.0033649631677077,508
3045000,12180.000000646394,-678068.5149103315,131344.19228419557,-546724.3226261359,300.7591829869173,520.3953654581676,1.0033649631677077,508
3046000,12184.00000064721,-677710.7563467519,131458.64246617386,-546252.1138805781,301.0212573323899,520.3953654581676,1.0033649631677077,508
3047000,12188.000000648024,-677134.1884901207,131515.571735107,-545618.6167550137,301.15161711544994,520.3953654581676,1.0033649631677077,508
3048000,12192.000000648839,-678695.5169838588,131691.98696334474,-547003.530020514,301.5555824449289,520.3953654581676,1.0033649631677077,508
3049000,12196.000000649654,-677572.3794514574,131974.37000498202,-545598.0094464754,302.2021987239984,520.3953654581676,1.0033649631677077,508
3050000,12200.000000650469,-678131.0157204191,130848.67919994978,-547282.3365204693,299.62452976940295,520.3953654581676,1.0033649631677077,508
3051000,12204.000000651284,-678221.8734636311,131104.31959474145,-547117.5538688897,300.20990925926753,520.3953654581676,1.0033649631677077,508
3052000,12208.000000652099,-676372.1408400801,131597.78773083197,-544774.3531092481,301.3398798415947,520.3953654581676,1.0033649631677077,508
3053000,12212.000000652914,-677421.3347819583,131120.23115574557,-546301.1036262127,300.2463444301298,520.3953654581676,1.0033649631677077,508
3054000,12216.000000653728,-678188.2810729453,131889.36120664,-546298.9198663053,302.00754088423093,520.3953654581676,1.0033649631677077,508
3055000,12220.000000654543,-677241.7236026293,130928.02879104309,-546313.6948115862,299.8062288439683,520.3953654581676,1.0033649631677077,508
3056000,12224.000000655358,-677458.1152681215,131321.1704961866,-546136.9447719349,300.7064664257047,520.3953654581676,1.0033649631677077,508
3057000,12228.000000656173,-677835.1216471223,132367.85126407677,-545467.2703830455,303.10321383511905,520.3953654581676,1.0033649631677077,508
3058000,12232.000000656988,-678579.7439436554,131393.68976257238,-547186.054181083,300.8725250456535,520.3953654581676,1.0033649631677077,508
3059000,12236.000000657803,-677759.1044522235,131682.3218507676,-546076.7826014559,301.53345073654026,520.3953654581676,1.0033649631677077,508
3060000,12240.000000658618,-677169.6840960705,132769.27230567933,-544400.4117903912,304.0224098985804,520.3953654581676,1.0033649631677077,508
3061000,12244.000000659433,-676471.5644809483,131071.89744182135,-545399.6670391269,300.13566722348855,520.3953654581676,1.0033649631677077,508
3062000,12248.000000660248,-678382.9394878931,132062.35073984205,-546320.5887480511,302.403661868085,520.3953654581676,1.0033649631677077,508
3063000,12252.000000661063,-676259.3073970829,131253.91126912972,-545005.3961279532,300.5524525342173,520.3953654581676,1.0033649631677077,508
3064000,12256.000000661877,-677556.6550170286,130677.52156727339,-546879.1334497551,299.23260357251155,520.3953654581676,1.0033649631677077,508
3065000,12260.000000662692,-677571.9901210447,131384.57038097497,-546187.4197400697,300.8516429821919,520.3953654581676,1.0033649631677077,508
3066000,12264.000000663507,-677281.7133833719,130782.48807498254,-546499.2253083894,299.4729616770502,520.3953654581676,1.0033649631677077,508
3067000,12268.000000664322,-677866.117027902,131472.97983857023,-546393.1371893318,301.0540878392674,520.3953654581676,1.0033649631677077,508
3068000,12272.000000665137,-678236.6301307003,131166.46595660463,-547070.1641740957,300.3522154297538,520.3953654581676,1.0033649631677077,508
3069000,12276.000000665952,-678422.4370718487,130960.46721816572,-547461.9698536829,299.88050814531476,520.3953654581676,1.0033649631677077,508
3070000,12280.000000666767,-677255.6612638249,131827.09928063862,-545428.5619831863,301.86497008860067,520.3953654581676,1.0033649631677077,508
3071000,12284.000000667582,-676906.1164189572,131777.55756254122,-545128.558856416,301.7515267273099,520.3953654581676,1.0033649631677077,508
3072000,12288.000000668397,-677537.1838089642,131756.20830887998,-545780.9755000842,301.70264002758705,520.3953654581676,1.0033649631677077,508
3073000,12292.000000669212,-677234.997268179,132399.4012251352,-544835.5960430438,303.17545867781956,520.3953654581676,1.0033649631677077,508
3074000,12296.000000670027,-677146.4159856881,131633.9916129124,-545512.4243727757,301.4227814895937,520.3953654581676,1.0033649631677077,508
3075000,12300.000000670841,-677492.5386234634,132008.2286709589,-545484.3099525045,302.2797301666845,520.3953654581676,1.0033649631677077,508
3076000,12304.000000671656,-678173.1655259826,132804.74873762397,-545368.4167883587,304.1036457910961,520.3953654581676,1.0033649631677077,508
3077000,12308.000000672471,-676986.6812819885,131861.093058464,-545125.5882235245,301.94281091785695,520.3953654581676,1.0033649631677077,508
3078000,12312.000000673286,-677462.5363019574,131667.21568007488,-545795.3206218826,301.4988597928785,520.3953654581676,1.0033649631677077,508
3079000,12316.000000674101,-679505.7605665657,131395.68673122348,-548110.0738353422,300.87709781472313,520.3953654581676,1.0033649631677077,508
3080000,12320.000000674916,-678279.1507232161,130926.95266163725,-547352.1980615789,299.8037646634418,520.3953654581676,1.0033649631677077,508
3081000,12324.000000675731,-678266.556587459,131406.39811880683,-546860.1584686523,300.9016253413857,520.3953654581676,1.0033649631677077,508
3082000,12328.000000676546,-677873.6167582772,131796.4534635567,-546077.1632947205,301.79479560469525,520.3953654581676,1.0033649631677077,508
3083000,12332.00000067736,-677416.4714581571,130998.60341263565,-546417.8680455214,299.96783450890604,520.3953654581676,1.0033649631677077,508
3084000,12336.000000678176,-676783.3350525172,131016.38886326755,-545766.9461892496,300.00856061569516,520.3953654581676,1.0033649631677077,508
3085000,12340.00000067899,-677620.9431261797,130577.80816390814,-547043.1349622717,299.00427431632266,520.3953654581676,1.0033649631677077,508
3086000,12344.000000679805,-678234.0310554625,130527.5622660083,-547706.4687894542,298.88921848524257,520.3953654581676,1.0033649631677077,508
3087000,12348.00000068062,-679235.7199868355,132613.93999916303,-546621.7799876725,303.6667214072444,520.3953654581676,1.0033649631677077,508
3088000,12352.000000681435,-677857.6150549599,132241.7466223142,-545615.8684326457,302.81445246419145,520.3953654581676,1.0033649631677077,508
3089000,12356.00000068225,-678347.0381349516,130458.76937418841,-547888.2687607632,298.7316927235074,520.3953654581676,1.0033649631677077,508
3090000,12360.000000683065,-677696.2805248522,131881.49933680298,-545814.7811880492,301.98953834062536,520.3953654581676,1.0033649631677077,508
3091000,12364.00000068388,-678254.9982873732,131336.05034582538,-546918.9479415478,300.740539126922,520.3953654581676,1.0033649631677077,508
3092000,12368.000000684695,-677764.5816888693,131021.53292250138,-546743.0487663678,300.0203397665316,520.3953654581676,1.0033649631677077,508
3093000,12372.00000068551,-678202.2107386282,130979.10880763837,-547223.1019309898,299.9231946860888,520.3953654581676,1.0033649631677077,508
3094000,12376.000000686325,-676580.7910626978,131619.65767440427,-544961.1333882934,301.3899588458231,520.3953654581676,1.0033649631677077,508
3095000,12380.00000068714,-678586.1914239754,131087.75016830652,-547498.4412556689,300.17196767182116,520.3953654581676,1.0033649631677077,508
3096000,12384.000000687955,-677514.8556346986,130188.65087004594,-547326.2047646528,298.11316045951696,520.3953654581676,1.0033649631677077,508
3097000,12388.00000068877,-677232.8199085817,130919.01990421972,-546313.8000043619,299.7855997975408,520.3953654581676,1.0033649631677077,508
3098000,12392.000000689584,-676938.1919325716,130814.09482026496,-546124.0971123066,299.5453365474019,520.3953654581676,1.0033649631677077,508
3099000,12396.0000006904,-677993.2196863508,131600.3893087381,-546392.8303776127,301.34583707831683,520.3953654581676,1.0033649631677077,508
3100000,12400.000000691214,-676987.2193127484,131817.06340535666,-545170.1559073918,301.84198938730077,520.3953654581676,1.0033649631677077,508
3101000,12404.000000692029,-678814.5146071054,131246.638628272,-547567.8759788334,300.5357992396598,520.3953654581676,1.0033649631677077,508
3102000,12408.000000692844,-677010.1972474144,130897.34584320185,-546112.8514042125,299.73596933600015,520.3953654581676,1.0033649631677077,508
3103000,12412.000000693659,-677100.192252663,130924.71297739852,-546175.4792752644,299.79863611081936,520.3953654581676,1.0033649631677077,508
3104000,12416.000000694474,-676848.2393593248,131388.2101106156,-545460.0292487092,300.85997743607203,520.3953654581676,1.0033649631677077,508
3105000,12420.000000695289,-677717.2613208196,131378.9239558869,-546338.3373649328,300.8387134862869,520.3953654581676,1.0033649631677077,508
3106000,12424.000000696104,-677565.1234856574,130648.57981340634,-546916.543672251,299.16633114663654,520.3953654581676,1.0033649631677077,508
3107000,12428.000000696919,-676100.136465908,131091.84602490242,-545008.2904410056,300.1813465903861,520.3953654581676,1.0033649631677077,508
3108000,12432.000000697733,-676782.4748719847,131198.85143787647,-545583.6234341082,300.426373492768,520.3953654581676,1.0033649631677077,508
3109000,12436.000000698548,-676653.9599648924,131283.5241100345,-545370.4358548579,300.6202616522419,520.3953654581676,1.0033649631677077,508
3110000,12440.000000699363,-678034.8547629872,131484.25274662138,-546550.6020163659,301.07990116649864,520.3953654581676,1.0033649631677077,508
3111000,12444.000000700178,-677170.6454316583,131244.4843329735,-545926.1610986848,300.5308662153469,520.3953654581676,1.0033649631677077,508
3112000,12448.000000700993,-677562.9778789226,131073.80789851653,-546489.1699804061,300.1400418927052,520.3953654581676,1.0033649631677077,508
3113000,12452.000000701808,-677758.7786848256,131722.63070691173,-546036.147977914,301.62575218078547,520.3953654581676,1.0033649631677077,508
3114000,12456.000000702623,-678486.4545896226,130991.36884738703,-547495.0857422355,299.9512684019803,520.3953654581676,1.0033649631677077,508
3115000,12460.000000703438,-676611.8343810048,131133.0321306946,-545478.8022503102,300.2756568093082,520.3953654581676,1.0033649631677077,508
3116000,12464.000000704253,-677968.0075232983,131979.67720697084,-545988.3303163274,302.2143514481223,520.3953654581676,1.0033649631677077,508
3117000,12468.000000705068,-678376.2844225629,131487.6597924531,-546888.6246301099,301.0877028081466,520.3953654581676,1.0033649631677077,508
3118000,12472.000000705882,-678248.8939114776,131340.4238026464,-546908.4701088313,300.75055370980874,520.3953654581676,1.0033649631677077,508
3119000,12476.000000706697,-676221.8267812072,130966.69247803901,-545255.1343031682,299.89476308906836,520.3953654581676,1.0033649631677077,508
3120000,12480.000000707512,-677858.7814055253,131534.8608521833,-546323.920553342,301.1957864006808,520.3953654581676,1.0033649631677077,508
3121000,12484.000000708327,-677205.0260034166,130973.6801231514,-546231.3458802652,299.9107637846336,520.3953654581676,1.0033649631677077,508
3122000,12488.000000709142,-677712.3542057499,131752.74802047212,-545959.6061852778,301.6947164681487,520.3953654581676,1.0033649631677077,508
3123000,12492.000000709957,-677453.2363748769,131292.61424562498,-546160.622129252,300.6410767465821,520.3953654581676,1.0033649631677077,508
3124000,12496.000000710772,-677658.6370886448,131217.65648825234,-546440.9806003924,300.4694343353429,520.3953654581676,1.0033649631677077,508
3125000,12500.000000711587,-677302.9472331051,132297.14349017057,-545005.8037429345,302.94130327066233,520.3953654581676,1.0033649631677077,508
3126000,12504.000000712402,-677854.6390694762,132175.342697169,-545679.2963723072,302.66239709024245,520.3953654581676,1.0033649631677077,508
3127000,12508.000000713217,-677811.0528271566,130111.22090161697,-547699.8319255396,297.9358570429105,520.3953654581676,1.0033649631677077,508
3128000,12512.000000714032,-678380.5179472049,131679.18598614313,-546701.3319610618,301.52627006059254,520.3953654581676,1.0033649631677077,508
3129000,12516.000000714846,-676339.7877277043,131961.06145411893,-544378.7262735853,302.17172406946884,520.3953654581676,1.0033649631677077,508
3130000,12520.000000715661,-677732.8555858564,132212.8952028824,-545519.960382974,302.7483868910937,520.3953654581676,1.0033649631677077,508
3131000,12524.000000716476,-677749.8427407276,130757.52502763772,-546992.3177130899,299.4157999130337,520.3953654581676,1.0033649631677077,508
3132000,12528.000000717291,-678221.4413433052,131294.92095992196,-546926.5203833831,300.6463587883327,520.3953654581676,1.0033649631677077,508
3133000,12532.000000718106,-677834.1147677787,131575.62945343435,-546258.4853143443,301.2891405946542,520.3953654581676,1.0033649631677077,508
3134000,12536.000000718921,-678085.9519265033,129465.81658084012,-548620.1353456632,296.45797459651305,520.3953654581676,1.0033649631677077,508
3135000,12540.000000719736,-678982.6262286291,131042.8874672039,-547939.7387614253,300.0692385819728,520.3953654581676,1.0033649631677077,508
3136000,12544.00000072055,-677550.8441961752,131706.00562761928,-545844.8385685559,301.58768315635325,520.3953654581676,1.0033649631677077,508
3137000,12548.000000721366,-677220.0400274047,131840.69186842648,-545379.3481589782,301.89609514656223,520.3953654581676,1.0033649631677077,508
3138000,12552.00000072218,-679705.959300315,132816.19994663604,-546889.7593536789,304.1298674017116,520.3953654581676,1.0033649631677077,508
3139000,12556.000000722996,-677646.1828710362,130429.70102554924,-547216.481845487,298.6651304139339,520.3953654581676,1.0033649631677077,508
3140000,12560.00000072381,-677443.2311270246,130816.96586396557,-546626.2652630591,299.5519108217775,520.3953654581676,1.0033649631677077,508
3141000,12564.000000724625,-677256.204082245,131406.12285751407,-545850.0812247309,300.9009950328804,520.3953654581676,1.0033649631677077,508
3142000,12568.00000072544,-676970.1341697839,131544.76275690086,-545425.371412883,301.2184603287858,520.3953654581676,1.0033649631677077,508
3143000,12572.000000726255,-677330.1764060291,131891.70472313336,-545438.4716828958,302.01290719768264,520.3953654581676,1.0033649631677077,508
3144000,12576.00000072707,-676752.6376984855,131278.87671997596,-545473.7609785096,300.6096198019041,520.3953654581676,1.0033649631677077,508
3145000,12580.000000727885,-676448.2819519304,132850.77511371914,-543597.5068382112,304.20903952818867,520.3953654581676,1.0033649631677077,508
3146000,12584.0000007287,-677711.291605603,131297.9662257057,-546413.3253798973,300.653332006053,520.3953654581676,1.0033649631677077,508
3147000,12588.000000729515,-677639.1145274756,132061.75491247833,-545577.3596149972,302.402297509692,520.3953654581676,1.0033649631677077,508
3148000,12592.00000073033,-678550.6989656473,131265.79998871824,-547284.898976929,300.5796759807057,520.3953654581676,1.0033649631677077,508
3149000,12596.000000731145,-677354.5709392265,130113.9467235005,-547240.624215726,297.9420987803517,520.3953654581676,1.0033649631677077,508
3150000,12600.00000073196,-677789.6571877897,130841.95532707626,-546947.7018607134,299.6091330740731,520.3953654581676,1.0033649631677077,508
3151000,12604.000000732774,-677707.6181430486,131106.27519611747,-546601.3429469311,300.21438730326685,520.3953654581676,1.0033649631677077,508
3152000,12608.00000073359,-676467.1003222936,131216.84853015922,-545250.2517921344,300.467584228294,520.3953654581676,1.0033649631677077,508
3153000,12612.000000734404,-678543.0187872066,131964.2677555287,-546578.7510316779,302.1790660354564,520.3953654581676,1.0033649631677077,508
3154000,12616.00000073522,-679171.6612670678,132771.74749736593,-546399.9137697018,304.0280777291594,520.3953654581676,1.0033649631677077,508
3155000,12620.000000736034,-678804.4720978267,131614.66003237036,-547189.8120654563,301.3785149691747,520.3953654581676,1.0033649631677077,508
3156000,12624.000000736849,-677970.4935757443,131232.60312260105,-546737.8904531433,300.5036599638762,520.3953654581676,1.0033649631677077,508
3157000,12628.000000737664,-678001.7385559822,130782.5849616403,-547219.153594342,299.4731835334683,520.3953654581676,1.0033649631677077,508
3158000,12632.000000738479,-677300.6397090359,131825.2114548784,-545475.4282541575,301.8606472409483,520.3953654581676,1.0033649631677077,508
3159000,12636.000000739294,-676406.0580230667,130899.48504814936,-545506.5729749174,299.7408678055942,520.3953654581676,1.0033649631677077,508
3160000,12640.000000740109,-677785.8498125663,131232.61805805762,-546553.2317545087,300.5036941639092,520.3953654581676,1.0033649631677077,508
3161000,12644.000000740923,-678512.5589708015,131479.0422048322,-547033.5167659693,301.0679697802364,520.3953654581676,1.0033649631677077,508
3162000,12648.000000741738,-676299.5486374251,131514.97766217042,-544784.5709752546,301.1502567744411,520.3953654581676,1.0033649631677077,508
3163000,12652.000000742553,-678209.3791420013,131456.37797251105,-546753.0011694902,301.01607196977835,520.3953654581676,1.0033649631677077,508
3164000,12656.000000743368,-678272.7493137182,131677.41634733882,-546595.3329663794,301.52221784395687,520.3953654581676,1.0033649631677077,508
3165000,12660.000000744183,-678091.3919425076,132565.96042978799,-545525.4315127196,303.5568551403441,520.3953654581676,1.0033649631677077,508
3166000,12664.000000744998,-677745.3845348712,131079.30758361897,-546666.0769512523,300.1526353752896,520.3953654581676,1.0033649631677077,508
3167000,12668.000000745813,-677417.0236509442,130915.10429757276,-546501.9193533715,299.77663362526044,520.3953654581676,1.0033649631677077,508
3168000,12672.000000746628,-676896.2072007181,131212.80923630338,-545683.3979644147,300.4583348302141,520.3953654581676,1.0033649631677077,508
3169000,12676.000000747443,-678512.434631844,131686.99953122472,-546825.4351006193,301.54416194750513,520.3953654581676,1.0033649631677077,508
3170000,12680.000000748258,-677921.2571629086,130645.4715308834,-547275.7856320252,299.15921362970766,520.3953654581676,1.0033649631677077,508
3171000,12684.000000749073,-677430.4792762278,131939.93902953714,-545490.5402466906,302.1233567754953,520.3953654581676,1.0033649631677077,508
3172000,12688.000000749887,-678549.0670671584,131415.60541237378,-547133.4616547846,300.92270871052875,520.3953654581676,1.0033649631677077,508
3173000,12692.000000750702,-677045.6281266557,130964.35640294658,-546081.2717237091,299.8894138153473,520.3953654581676,1.0033649631677077,508
3174000,12696.000000751517,-676987.3894241792,130024.09761296157,-546963.2918112177,297.7363573264828,520.3953654581676,1.0033649631677077,508
3175000,12700.000000752332,-676610.9996913983,131709.68321267335,-544901.316478725,301.5961042936491,520.3953654581676,1.0033649631677077,508
3176000,12704.000000753147,-678201.7534584398,131005.19130765018,-547196.5621507897,299.98291983462707,520.3953654581676,1.0033649631677077,508
3177000,12708.000000753962,-677153.0892882287,131161.1808903967,-545991.908397832,300.34011339336314,520.3953654581676,1.0033649631677077,508
3178000,12712.000000754777,-677221.6980897416,131307.31702054804,-545914.3810691936,300.67474397233906,520.3953654581676,1.0033649631677077,508
3179000,12716.000000755592,-677876.5132812848,131451.40267594153,-546425.1106053432,301.00467926100805,520.3953654581676,1.0033649631677077,508
3180000,12720.000000756407,-677702.4814849468,130635.59231243661,-547066.8891725102,299.1365916498779,520.3953654581676,1.0033649631677077,508
3181000,12724.000000757222,-677980.4642735212,131425.20599535352,-546555.2582781677,300.9446926554826,520.3953654581676,1.0033649631677077,508
3182000,12728.000000758037,-677015.7011737023,131940.76873716433,-545074.9324365379,302.1252566858281,520.3953654581676,1.0033649631677077,508
3183000,12732.000000758851,-678793.5252652955,131086.14708938467,-547707.3781759108,300.1682968532001,520.3953654581676,1.0033649631677077,508
3184000,12736.000000759666,-677393.2998449802,131118.7372835414,-546274.5625614389,300.24292367908026,520.3953654581676,1.0033649631677077,508
3185000,12740.000000760481,-678668.2687152042,131229.1936641676,-547439.0750510367,300.4958527977195,520.3953654581676,1.0033649631677077,508
3186000,12744.000000761296,-678790.6518630106,131464.73461398628,-547325.9172490244,301.03520746879735,520.3953654581676,1.0033649631677077,508
3187000,12748.000000762111,-677528.6133384309,132120.54423484276,-545408.0691035881,302.5369165457924,520.3953654581676,1.0033649631677077,508
3188000,12752.000000762926,-678247.971205933,130681.51893079048,-547566.4522751425,299.2417569561868,520.3953654581676,1.0033649631677077,508
3189000,12756.00000076374,-678121.9326941106,131295.74286319455,-546826.189830916,300.64824082782343,520.3953654581676,1.0033649631677077,508
3190000,12760.000000764556,-677524.3417521697,130717.07468040712,-546807.2670717626,299.323174474687,520.3953654581676,1.0033649631677077,508
3191000,12764.00000076537,-678057.2654205547,130953.3314000876,-547103.9340204671,299.86416815511194,520.3953654581676,1.0033649631677077,508
3192000,12768.000000766186,-677805.8557614661,131034.3685755789,-546771.4871858872,300.04973155360307,520.3953654581676,1.0033649631677077,508
3193000,12772.000000767,-676659.4707808434,131832.4317572218,-544827.0390236216,301.87718068788615,520.3953654581676,1.0033649631677077,508
3194000,12776.000000767815,-676649.8590431097,130943.68269714247,-545706.1763459672,299.84207402240463,520.3953654581676,1.0033649631677077,508
3195000,12780.00000076863,-676396.9883502615,130950.16804240138,-545446.8203078602,299.8569245240335,520.3953654581676,1.0033649631677077,508
3196000,12784.000000769445,-679815.6979035642,130982.82258735177,-548832.8753162124,299.9316987039138,520.3953654581676,1.0033649631677077,508
3197000,12788.00000077026,-678568.731472346,130752.10691507638,-547816.6245572696,299.40339321975745,520.3953654581676,1.0033649631677077,508
3198000,12792.000000771075,-676216.1196210254,131307.1092376957,-544909.0103833297,300.6742681796921,520.3953654581676,1.0033649631677077,508
3199000,12796.00000077189,-677137.9208539291,132304.88632859767,-544833.0345253315,302.9590332495737,520.3953654581676,1.0033649631677077,508
3200000,12800.000000772705,-677357.70539376,131482.6937836351,-545875.011610125,301.07633136698246,520.3953654581676,1.0033649631677077,508
3201000,12804.00000077352,-678661.3333643503,131140.64303494888,-547520.6903294014,300.2930846780666,520.3953654581676,1.0033649631677077,508
3202000,12808.000000774335,-676484.9695188813,131369.79407784995,-545115.1754410313,300.81780738749865,520.3953654581676,1.0033649631677077,508
3203000,12812.00000077515,-678144.9411960612,131916.93437341694,-546228.0068226443,302.07067944382743,520.3953654581676,1.0033649631677077,508
3204000,12816.000000775965,-677712.8322467422,131796.72625207127,-545916.1059946709,301.7954202508965,520.3953654581676,1.0033649631677077,508
3205000,12820.00000077678,-677421.9371907092,130587.72854980937,-546834.2086408997,299.02699056366237,520.3953654581676,1.0033649631677077,508
3206000,12824.000000777594,-678272.5930962702,131318.70130137232,-546953.8917948978,300.70081232709504,520.3953654581676,1.0033649631677077,508
3207000,12828.00000077841,-678487.6904560532,131968.17750815104,-546519.5129479022,302.18801880286793,520.3953654581676,1.0033649631677077,508
3208000,12832.000000779224,-676455.7016051603,130569.1252998315,-545886.5763053288,298.9843918147803,520.3953654581676,1.0033649631677077,508
3209000,12836.000000780039,-677665.3501528953,131580.45662185922,-546084.8935310361,301.3001941114208,520.3953654581676,1.0033649631677077,508
3210000,12840.000000780854,-678010.9366373061,131403.7810877148,-546607.1555495913,300.89563271910527,520.3953654581676,1.0033649631677077,508
3211000,12844.000000781669,-678090.2543663136,131871.09661372635,-546219.1577525872,301.9657176109916,520.3953654581676,1.0033649631677077,508
3212000,12848.000000782484,-677661.0110448017,131569.4754762095,-546091.5355685921,301.27504887784454,520.3953654581676,1.0033649631677077,508
3213000,12852.000000783299,-676860.703743143,131386.5903436666,-545474.1133994764,300.8562684042851,520.3953654581676,1.0033649631677077,508
3214000,12856.000000784114,-675853.0981556461,132341.96761785873,-543511.1305377875,303.04394403297647,520.3953654581676,1.0033649631677077,508
3215000,12860.000000784928,-677005.7538589034,132551.8040759781,-544453.9497829253,303.5244391398199,520.3953654581676,1.0033649631677077,508
3216000,12864.000000785743,-676353.7826335514,131368.32980273312,-544985.4528308182,300.8144544094937,520.3953654581676,1.0033649631677077,508
3217000,12868.000000786558,-679509.8645687154,131870.32132529945,-547639.543243416,301.96394231274815,520.3953654581676,1.0033649631677077,508
3218000,12872.000000787373,-677388.596097629,133029.49612978892,-544359.0999678401,304.6182847779477,520.3953654581676,1.0033649631677077,508
3219000,12876.000000788188,-676919.0162892267,131636.06029406283,-545282.9559951639,301.42751846990365,520.3953654581676,1.0033649631677077,508
3220000,12880.000000789003,-676956.3765065693,131594.39069766056,-545361.9858089087,301.33210112748907,520.3953654581676,1.0033649631677077,508
3221000,12884.000000789818,-678571.3417455298,131766.59961698393,-546804.7421285459,301.72643461858615,520.3953654581676,1.0033649631677077,508
3222000,12888.000000790633,-677417.708426083,131256.60179908155,-546161.1066270014,300.5586134582448,520.3953654581676,1.0033649631677077,508
3223000,12892.000000791448,-676791.0900139445,131177.60886040324,-545613.4811535412,300.37773106607006,520.3953654581676,1.0033649631677077,508
3224000,12896.000000792263,-677585.6382033834,130306.7040745946,-547278.9341287888,298.38348520499346,520.3953654581676,1.0033649631677077,508
3225000,12900.000000793078,-678093.3847796461,131823.3972949161,-546269.98748473,301.85649307730716,520.3953654581676,1.0033649631677077,508
3226000,12904.000000793892,-676431.0184406815,132197.64999489556,-544233.368445786,302.71347757215955,520.3953654581676,1.0033649631677077,508
3227000,12908.000000794707,-678055.4982140092,131557.15442108235,-546498.3437929269,301.24683544557064,520.3953654581676,1.0033649631677077,508
3228000,12912.000000795522,-678959.3264591359,130923.92199840938,-548035.4044607265,299.7968248834602,520.3953654581676,1.0033649631677077,508
3229000,12916.000000796337,-676873.4974760246,131136.49146408844,-545737.0060119361,300.2835781819027,520.3953654581676,1.0033649631677077,508
3230000,12920.000000797152,-679177.7357571293,130908.56225575157,-548269.1735013777,299.7616532967131,520.3953654581676,1.0033649631677077,508
3231000,12924.000000797967,-677761.6870583124,132621.02807626635,-545140.658982046,303.6829520775273,520.3953654581676,1.0033649631677077,508
3232000,12928.000000798782,-677118.0855654553,130916.26266150747,-546201.8229039478,299.77928611095126,520.3953654581676,1.0033649631677077,508
3233000,12932.000000799597,-678602.2768280362,131856.95993250248,-546745.3168955337,301.933346657841,520.3953654581676,1.0033649631677077,508
3234000,12936.000000800412,-678215.4694359917,131951.88342817174,-546263.58600782,302.15070771893744,520.3953654581676,1.0033649631677077,508
3235000,12940.000000801227,-678854.5644349516,132152.1256989903,-546702.4387359613,302.60923352600565,520.3953654581676,1.0033649631677077,508
3236000,12944.000000802042,-677973.7938130144,131651.87774067553,-546321.9160723388,301.4637381324364,520.3953654581676,1.0033649631677077,508
3237000,12948.000000802856,-676671.3558116741,132115.93209076163,-544555.4237209125,302.52635540363957,520.3953654581676,1.0033649631677077,508
3238000,12952.000000803671,-679314.8399537071,131874.45735580922,-547440.3825978979,301.9734132237591,520.3953654581676,1.0033649631677077,508
3239000,12956.000000804486,-677813.6943748975,131580.74818113755,-546232.94619376,301.30086173995323,520.3953654581676,1.0033649631677077,508
3240000,12960.000000805301,-676824.1368168034,130894.61846326556,-545929.5183535378,299.7297240308438,520.3953654581676,1.0033649631677077,508
3241000,12964.000000806116,-677797.6529810033,131210.59726364407,-546587.0557173592,300.4532697330961,520.3953654581676,1.0033649631677077,508
3242000,12968.000000806931,-676678.3582442002,131365.08909811126,-545313.269146089,300.8070336651317,520.3953654581676,1.0033649631677077,508
3243000,12972.000000807746,-676908.6888852273,131144.72963984474,-545763.9592453826,300.302442411578,520.3953654581676,1.0033649631677077,508
3244000,12976.00000080856,-677429.0193376951,131319.52618035348,-546109.4931573416,300.7027011805276,520.3953654581676,1.0033649631677077,508
3245000,12980.000000809376,-677628.3468830045,131541.06202656613,-546087.2848564384,301.2099861921485,520.3953654581676,1.0033649631677077,508
3246000,12984.00000081019,-677438.0319155059,130784.85407273585,-546653.17784277,299.47837946933214,520.3953654581676,1.0033649631677077,508
3247000,12988.000000811006,-678224.9079918675,131656.7791228074,-546568.1288690601,301.47496158784656,520.3953654581676,1.0033649631677077,508
3248000,12992.00000081182,-678043.9673315003,130886.29511605145,-547157.6722154488,299.7106647708621,520.3953654581676,1.0033649631677077,508
3249000,12996.000000812635,-678421.9133898164,131457.34296611865,-546964.5704236978,301.0182816654182,520.3953654581676,1.0033649631677077,508
3250000,13000.00000081345,-677030.1206615539,132452.95190332487,-544577.1687582291,303.29808197726385,520.3953654581676,1.0033649631677077,508
3251000,13004.000000814265,-678135.5886131241,130900.46187386481,-547235.1267392593,299.74310459504784,520.3953654581676,1.0033649631677077,508
3252000,13008.00000081508,-678684.1983614927,130558.78731350068,-548125.4110479921,298.96071932292114,520.3953654581676,1.0033649631677077,508
3253000,13012.000000815895,-679605.7718733926,131677.59152999712,-547928.1803433956,301.5226189868797,520.3953654581676,1.0033649631677077,508
3254000,13016.00000081671,-677491.2980800308,131254.06431733305,-546237.2337626978,300.5528029924431,520.3953654581676,1.0033649631677077,508
3255000,13020.000000817525,-678230.3542060601,130999.3667862066,-547230.9874198535,299.9695825238545,520.3953654581676,1.0033649631677077,508
3256000,13024.00000081834,-677701.5792961735,131046.37876664533,-546655.2005295282,300.077233152188,520.3953654581676,1.0033649631677077,508
3257000,13028.000000819155,-678948.9832399944,132005.23398457468,-546943.7492554197,302.2728727684657,520.3953654581676,1.0033649631677077,508
3258000,13032.00000081997,-677446.8265474904,131739.3372274345,-545707.4893200559,301.6640076938432,520.3953654581676,1.0033649631677077,508
3259000,13036.000000820784,-678067.3859065669,131453.1793886114,-546614.2065179555,301.00874767577164,520.3953654581676,1.0033649631677077,508
3260000,13040.0000008216,-677973.9454220813,131705.91825357813,-546268.0271685031,301.5874830824499,520.3953654581676,1.0033649631677077,508
3261000,13044.000000822414,-678247.1157187717,131572.7234882304,-546674.3922305413,301.2824863550923,520.3953654581676,1.0033649631677077,508
3262000,13048.00000082323,-677532.9776152708,132085.83298144094,-545447.1446338298,302.45743280134946,520.3953654581676,1.0033649631677077,508
3263000,13052.000000824044,-677453.1479231073,131720.72218772702,-545732.4257353803,301.6213819481872,520.3953654581676,1.0033649631677077,508
3264000,13056.000000824859,-677789.8600799111,131470.58195971983,-546319.2781201913,301.0485970438892,520.3953654581676,1.0033649631677077,508
3265000,13060.000000825674,-677414.2315774863,131090.42184359895,-546323.8097338873,300.1780854214085,520.3953654581676,1.0033649631677077,508
3266000,13064.000000826489,-678226.0369982724,131002.982494689,-547223.0545035833,299.97786197276025,520.3953654581676,1.0033649631677077,508
3267000,13068.000000827304,-676966.6233818973,131327.15506455186,-545639.4683173455,300.72017022075465,520.3953654581676,1.0033649631677077,508
3268000,13072.000000828119,-677303.0435710666,131663.77114345998,-545639.2724276066,301.49097230276533,520.3953654581676,1.0033649631677077,508
3269000,13076.000000828933,-677906.4251926495,131741.55358189536,-546164.8716107542,301.66908282465226,520.3953654581676,1.0033649631677077,508
3270000,13080.000000829748,-677251.7353535006,132389.5013750994,-544862.2339784012,303.1527894546383,520.3953654581676,1.0033649631677077,508
3271000,13084.000000830563,-677646.3674898781,132066.90929691808,-545579.45819296,302.414100303755,520.3953654581676,1.0033649631677077,508
3272000,13088.000000831378,-677846.2863735938,131488.84820336747,-546357.4381702264,301.0904240970703,520.3953654581676,1.0033649631677077,508
3273000,13092.000000832193,-677076.9732070682,131316.17690386577,-545760.7963032024,300.69503182231296,520.3953654581676,1.0033649631677077,508
3274000,13096.000000833008,-677420.3772084401,131211.51918053106,-546208.8580279091,300.4553807892828,520.3953654581676,1.0033649631677077,508
3275000,13100.000000833823,-677447.7747004903,130999.3285767003,-546448.44612379,299.9694950296174,520.3953654581676,1.0033649631677077,508
3276000,13104.000000834638,-679085.367286168,130991.99873413463,-548093.3685520334,299.95271075143097,520.3953654581676,1.0033649631677077,508
3277000,13108.000000835453,-677844.0899031241,132226.53577183292,-545617.5541312912,302.77962181897044,520.3953654581676,1.0033649631677077,508
3278000,13112.000000836268,-677651.57398861,131523.59738117043,-546127.9766074396,301.16999468290084,520.3953654581676,1.0033649631677077,508
3279000,13116.000000837083,-676839.848725562,131340.9426226564,-545498.9061029055,300.7517417325116,520.3953654581676,1.0033649631677077,508
3280000,13120.000000837897,-677223.2968440205,132437.89500472246,-544785.401839298,303.26360385955473,520.3953654581676,1.0033649631677077,508
3281000,13124.000000838712,-677866.6968250293,131591.30905168562,-546275.3877733437,301.3250446043984,520.3953654581676,1.0033649631677077,508
3282000,13128.000000839527,-677637.1791278915,131104.32853768126,-546532.8505902103,300.2099297373049,520.3953654581676,1.0033649631677077,508
3283000,13132.000000840342,-677842.8894503033,131950.84007683644,-545892.0493734669,302.1483185954466,520.3953654581676,1.0033649631677077,508
3284000,13136.000000841157,-677622.0895263539,131673.54018725082,-545948.549339103,301.51334199858513,520.3953654581676,1.0033649631677077,508
3285000,13140.000000841972,-677883.9653856899,131298.13984750665,-546585.8255381832,300.6537295748385,520.3953654581676,1.0033649631677077,508
3286000,13144.000000842787,-677601.6339253578,131786.10521385074,-545815.5287115071,301.7710996111931,520.3953654581676,1.0033649631677077,508
3287000,13148.000000843602,-677850.4001348894,131496.55937795143,-546353.840756938,301.1080815703656,520.3953654581676,1.0033649631677077,508
3288000,13152.000000844417,-679223.4688643869,131843.9826199324,-547379.4862444545,301.90363049104235,520.3953654581676,1.0033649631677077,508
3289000,13156.000000845232,-678927.3098928677,130580.37817402318,-548346.9317188445,299.010159267374,520.3953654581676,1.0033649631677077,508
3290000,13160.000000846047,-677307.1910173274,131001.74796786912,-546305.4430494582,299.97503508509004,520.3953654581676,1.0033649631677077,508
3291000,13164.000000846861,-677125.6372045293,131976.33505334725,-545149.302151182,302.20669840023515,520.3953654581676,1.0033649631677077,508
3292000,13168.000000847676,-677682.5982786864,131475.0847394222,-546207.5135392642,301.05890775744956,520.3953654581676,1.0033649631677077,508
3293000,13172.000000848491,-677405.038877523,131595.7860809397,-545809.2527965833,301.3352963531605,520.3953654581676,1.0033649631677077,508
3294000,13176.000000849306,-677568.4220863986,131288.2641952281,-546280.1578911705,300.6311157610177,520.3953654581676,1.0033649631677077,508
3295000,13180.000000850121,-678394.8555394686,130415.4523330977,-547979.4032063709,298.6325029712901,520.3953654581676,1.0033649631677077,508
3296000,13184.000000850936,-677281.6582797691,130914.07491347019,-546367.5833662989,299.77427648471024,520.3953654581676,1.0033649631677077,508
3297000,13188.00000085175,-678743.4476251611,131970.5520980478,-546772.8955271133,302.19345626991435,520.3953654581676,1.0033649631677077,508
3298000,13192.000000852566,-676643.1613414963,131080.4579528938,-545562.7033886025,300.1552695543669,520.3953654581676,1.0033649631677077,508
3299000,13196.00000085338,-679114.1587660005,131048.03451340983,-548066.1242525907,300.0810245725429,520.3953654581676,1.0033649631677077,508
3300000,13200.000000854196,-678293.805019022,131145.00854127388,-547148.7964777481,300.3030810554686,520.3953654581676,1.0033649631677077,508
3301000,13204.00000085501,-677270.8266682625,131247.7747074142,-546023.0519608483,300.5384006964024,520.3953654581676,1.0033649631677077,508
3302000,13208.000000855825,-677895.790352176,131383.54208462103,-546512.2482675549,300.84928833242856,520.3953654581676,1.0033649631677077,508
3303000,13212.00000085664,-679022.1623301753,131067.25311928306,-547954.9092108922,300.12503239732797,520.3953654581676,1.0033649631677077,508
3304000,13216.000000857455,-677642.9066785811,130901.44731988409,-546741.4593586971,299.7453611237491,520.3953654581676,1.0033649631677077,508
3305000,13220.00000085827,-678875.668428483,131408.16588041827,-547467.5025480647,300.90567325952145,520.3953654581676,1.0033649631677077,508
3306000,13224.000000859085,-677315.4671524279,130698.29269200412,-546617.1744604238,299.28016644069083,520.3953654581676,1.0033649631677077,508
3307000,13228.0000008599,-678660.3140388681,132286.96799541858,-546373.3460434495,302.9180028609916,520.3953654581676,1.0033649631677077,508
3308000,13232.000000860715,-677763.959208962,131487.84524237516,-546276.1139665869,301.0881274616168,520.3953654581676,1.0033649631677077,508
3309000,13236.00000086153,-678072.7185405558,131771.594198999,-546301.1243415568,301.7378714882344,520.3953654581676,1.0033649631677077,508
3310000,13240.000000862345,-677271.221062446,131426.86652744055,-545844.3545350055,300.94849503353316,520.3953654581676,1.0033649631677077,508
3311000,13244.00000086316,-678511.9500659709,131818.28086782555,-546693.6691981454,301.84477720007794,520.3953654581676,1.0033649631677077,508
3312000,13248.000000863974,-678909.8205751083,131119.54738403996,-547790.2731910683,300.2447786919274,520.3953654581676,1.0033649631677077,508
3313000,13252.00000086479,-678696.657123222,131203.99177053012,-547492.6653526919,300.43814411027535,520.3953654581676,1.0033649631677077,508
3314000,13256.000000865604,-677197.2837898228,131097.13810788048,-546100.1456819423,300.1934646941644,520.3953654581676,1.0033649631677077,508
3315000,13260.00000086642,-678467.0683293501,131959.95600884233,-546507.1123205078,302.169192759843,520.3953654581676,1.0033649631677077,508
3316000,13264.000000867234,-678358.3208565121,131129.11800125276,-547229.2028552593,300.2666940196137,520.3953654581676,1.0033649631677077,508
3317000,13268.000000868049,-679351.3194471896,131985.01616470356,-547366.303282486,302.2265768883018,520.3953654581676,1.0033649631677077,508
3318000,13272.000000868864,-676484.7032853956,131856.38297611912,-544628.3203092765,301.9320255112607,520.3953654581676,1.0033649631677077,508
3319000,13276.000000869679,-676937.1933118314,131600.03088551346,-545337.162426318,301.3450163410286,520.3953654581676,1.0033649631677077,508
3320000,13280.000000870494,-678071.6243276959,130703.20847053023,-547368.4158571657,299.2914228617594,520.3953654581676,1.0033649631677077,508
3321000,13284.000000871309,-678165.7093429384,131155.7722199104,-547009.937123028,300.3277283210717,520.3953654581676,1.0033649631677077,508
3322000,13288.000000872124,-677059.943019528,132024.410210205,-545035.5328093229,302.3167835486307,520.3953654581676,1.0033649631677077,508
3323000,13292.000000872938,-677687.5971635384,131470.11918674206,-546217.4779767965,301.04753736077504,520.3953654581676,1.0033649631677077,508
3324000,13296.000000873753,-678764.3482996752,131212.69442984666,-547551.6538698284,300.45807194005096,520.3953654581676,1.0033649631677077,508
3325000,13300.000000874568,-677996.5399368824,130328.60635388183,-547667.9335830007,298.4336382533272,520.3953654581676,1.0033649631677077,508
3326000,13304.000000875383,-678382.0478054504,131849.73778021007,-546532.3100252403,301.9168089747878,520.3953654581676,1.0033649631677077,508
3327000,13308.000000876198,-678294.7646105695,131739.1555354438,-546555.6090751257,301.6635916454917,520.3953654581676,1.0033649631677077,508
3328000,13312.000000877013,-677765.6136480784,132307.42305688874,-545458.1905911897,302.964841990067,520.3953654581676,1.0033649631677077,508
3329000,13316.000000877828,-676400.3763940996,131678.02465594362,-544722.3517381559,301.52361078258485,520.3953654581676,1.0033649631677077,508
3330000,13320.000000878643,-677072.4156253338,130819.54289341581,-546252.872731918,299.5578118460901,520.3953654581676,1.0033649631677077,508
3331000,13324.000000879458,-678528.9618382258,131752.9548240748,-546776.007014151,301.6951900184557,520.3953654581676,1.0033649631677077,508
3332000,13328.000000880273,-678254.0349640814,131571.20742364402,-546682.8275404373,301.27901478670066,520.3953654581676,1.0033649631677077,508
3333000,13332.000000881088,-678478.7068264419,130662.99466426158,-547815.7121621803,299.19933906796683,520.3953654581676,1.0033649631677077,508
3334000,13336.000000881902,-677755.437506706,130545.68599292482,-547209.7515137811,298.9307191957444,520.3953654581676,1.0033649631677077,508
3335000,13340.000000882717,-678451.6406581686,131623.97742749576,-546827.6632306728,301.39985045494495,520.3953654581676,1.0033649631677077,508
3336000,13344.000000883532,-677415.5200594887,131020.93154350255,-546394.5885159862,300.018962695698,520.3953654581676,1.0033649631677077,508
3337000,13348.000000884347,-678190.0514340182,131220.64875444875,-546969.4026795694,300.47628619168205,520.3953654581676,1.0033649631677077,508
3338000,13352.000000885162,-678622.6085456847,131548.881051242,-547073.7274944427,301.2278906265386,520.3953654581676,1.0033649631677077,508
3339000,13356.000000885977,-678450.3216842068,131299.32682892377,-547150.9948552831,300.6564475904205,520.3953654581676,1.0033649631677077,508
3340000,13360.000000886792,-678337.834300647,131456.53539112967,-546881.2989095174,301.0164324356224,520.3953654581676,1.0033649631677077,508
3341000,13364.000000887607,-678270.4695546608,130758.41617690363,-547512.0533777572,299.417840515823,520.3953654581676,1.0033649631677077,508
3342000,13368.000000888422,-678335.7767339349,131959.98368747224,-546375.7930464626,302.1692561398979,520.3953654581676,1.0033649631677077,508
3343000,13372.000000889237,-677336.3334063669,132091.7834029654,-545244.5500034015,302.4710584050781,520.3953654581676,1.0033649631677077,508
3344000,13376.000000890052,-677050.357005619,131553.79860969598,-545496.558395923,301.2391511233842,520.3953654581676,1.0033649631677077,508
3345000,13380.000000890866,-676279.9872147213,131330.15345814038,-544949.833756581,300.72703610793457,520.3953654581676,1.0033649631677077,508
3346000,13384.000000891681,-677642.9727631025,131123.6203477013,-546519.3524154013,300.2541051889869,520.3953654581676,1.0033649631677077,508
3347000,13388.000000892496,-678057.3178400532,131311.91929524567,-546745.3985448076,300.6852825150326,520.3953654581676,1.0033649631677077,508
3348000,13392.000000893311,-677235.1942903684,131635.48547887692,-545599.7088114915,301.42620222635543,520.3953654581676,1.0033649631677077,508
3349000,13396.000000894126,-678508.1772117992,131536.70799444575,-546971.4692173535,301.2000160890138,520.3953654581676,1.0033649631677077,508
3350000,13400.000000894941,-677302.0479896939,130968.27631920675,-546333.7716704872,299.8983898560179,520.3953654581676,1.0033649631677077,508
3351000,13404.000000895756,-678334.8216345739,131788.81114464946,-546546.0104899243,301.77729580093006,520.3953654581676,1.0033649631677077,508
3352000,13408.00000089657,-677799.2921517463,132007.90400102036,-545791.388150726,302.27898671953426,520.3953654581676,1.0033649631677077,508
3353000,13412.000000897386,-678734.2358948337,131764.1682529478,-546970.067641886,301.720867146981,520.3953654581676,1.0033649631677077,508
3354000,13416.0000008982,-678545.4258108647,130452.32736270227,-548093.0984481624,298.7169414499439,520.3953654581676,1.0033649631677077,508
3355000,13420.000000899016,-677952.9416169398,131570.3581923489,-546382.583424591,301.27707016999517,520.3953654581676,1.0033649631677077,508
3356000,13424.00000089983,-676433.9825563943,132222.60240316717,-544211.3801532271,302.7706149742389,520.3953654581676,1.0033649631677077,508
3357000,13428.000000900645,-678271.5419231714,131868.4392554316,-546403.1026677398,301.9596326452559,520.3953654581676,1.0033649631677077,508
3358000,13432.00000090146,-677581.3770339675,130620.78272840194,-546960.5943055656,299.10267984672026,520.3953654581676,1.0033649631677077,508
3359000,13436.000000902275,-678277.5815591877,130419.86749214667,-547857.7140670411,298.64261304624074,520.3953654581676,1.0033649631677077,508
3360000,13440.00000090309,-678108.2191341263,131713.601309383,-546394.6178247433,301.6050761678124,520.3953654581676,1.0033649631677077,508
3361000,13444.000000903905,-677559.9072011318,131625.0376870229,-545934.8695141089,301.402278295747,520.3953654581676,1.0033649631677077,508
3362000,13448.00000090472,-677015.2269475986,130917.91181669885,-546097.3151308998,299.78306243755816,520.3953654581676,1.0033649631677077,508
3363000,13452.000000905535,-678412.306187978,131538.3322277501,-546873.9739602279,301.2037353481078,520.3953654581676,1.0033649631677077,508
3364000,13456.00000090635,-677822.9598831525,132279.67083608732,-545543.2890470652,302.90129342267966,520.3953654581676,1.0033649631677077,508
3365000,13460.000000907165,-677405.0227540936,130680.13075243845,-546724.8920016552,299.2385782287552,520.3953654581676,1.0033649631677077,508
3366000,13464.00000090798,-677754.3067336665,131694.62598583678,-546059.6807478296,301.5616254243313,520.3953654581676,1.0033649631677077,508
3367000,13468.000000908794,-677236.1484416816,131500.3044269263,-545735.8440147553,301.11665719027184,520.3953654581676,1.0033649631677077,508
3368000,13472.00000090961,-674471.6467510266,131905.66615452757,-542565.980596499,302.04487685409777,520.3953654581676,1.0033649631677077,508
3369000,13476.000000910424,-677695.2721746555,131605.7760897303,-546089.4960849251,301.35817202683626,520.3953654581676,1.0033649631677077,508
3370000,13480.00000091124,-676902.9995655967,130665.61054522882,-546237.3890203679,299.205329056628,520.3953654581676,1.0033649631677077,508
3371000,13484.000000912054,-677779.3628457808,131691.162219532,-546088.2006262487,301.55369390101254,520.3953654581676,1.0033649631677077,508
3372000,13488.000000912869,-678093.3338608025,130982.35225272062,-547110.9816080818,299.9306217057083,520.3953654581676,1.0033649631677077,508
3373000,13492.000000913684,-677804.1768574105,131998.39831428663,-545805.7785431239,302.25722007324373,520.3953654581676,1.0033649631677077,508
3374000,13496.000000914499,-678501.7271105782,129891.05189262133,-548610.6752179569,297.43170189061203,520.3953654581676,1.0033649631677077,508
3375000,13500.000000915314,-678015.3004606348,130394.61897395807,-547620.6814866767,298.5847975953253,520.3953654581676,1.0033649631677077,508
3376000,13504.000000916129,-677382.4566627229,132000.74130930798,-545381.7153534149,302.2625851926,520.3953654581676,1.0033649631677077,508
3377000,13508.000000916943,-679289.5683922283,131673.36367537285,-547616.2047168554,301.51293781194175,520.3953654581676,1.0033649631677077,508
3378000,13512.000000917758,-676984.6999968486,131833.6029761031,-545151.0970207455,301.8798626095434,520.3953654581676,1.0033649631677077,508
3379000,13516.000000918573,-677602.2374136443,132343.26510985475,-545258.9723037896,303.0469151017833,520.3953654581676,1.0033649631677077,508
3380000,13520.000000919388,-678855.1196696544,130462.9170401612,-548392.2026294932,298.741190278044,520.3953654581676,1.0033649631677077,508
3381000,13524.000000920203,-677074.0025038226,131395.52628897614,-545678.4762148464,300.8767304252072,520.3953654581676,1.0033649631677077,508
3382000,13528.000000921018,-678087.5506551974,131524.23969136318,-546563.3109638342,301.17146548024203,520.3953654581676,1.0033649631677077,508
3383000,13532.000000921833,-677201.7173950677,131363.19404479023,-545838.5233502774,300.8026942674116,520.3953654581676,1.0033649631677077,508
3384000,13536.000000922648,-677223.1547604841,131636.4017984434,-545586.7529620407,301.42830046548863,520.3953654581676,1.0033649631677077,508
3385000,13540.000000923463,-678049.3569922796,130805.96071599878,-547243.3962762809,299.5267106263704,520.3953654581676,1.0033649631677077,508
3386000,13544.000000924278,-677914.7404427626,132746.43293305888,-545168.3075097038,303.9701110421955,520.3953654581676,1.0033649631677077,508
3387000,13548.000000925093,-677722.519065911,131620.8944868304,-546101.6245790806,301.39279096720065,520.3953654581676,1.0033649631677077,508
3388000,13552.000000925907,-678633.5454697064,131363.97663304958,-547269.5688366569,300.8044862812144,520.3953654581676,1.0033649631677077,508
3389000,13556.000000926722,-676948.9537920756,131391.99435861176,-545556.9594334639,300.8686428160614,520.3953654581676,1.0033649631677077,508
3390000,13560.000000927537,-677512.2108003348,131363.33172303103,-546148.8790773038,300.8030095306486,520.3953654581676,1.0033649631677077,508
3391000,13564.000000928352,-677536.6374140489,131090.1789540446,-546446.4584600043,300.17752923949706,520.3953654581676,1.0033649631677077,508
3392000,13568.000000929167,-678516.2433080827,131865.78932634983,-546650.4539817328,301.95356469134225,520.3953654581676,1.0033649631677077,508
3393000,13572.000000929982,-676927.0320470929,132163.22847223253,-544763.8035748603,302.63465726915825,520.3953654581676,1.0033649631677077,508
3394000,13576.000000930797,-678143.2243792461,131064.61105672282,-547078.6133225233,300.1189824566096,520.3953654581676,1.0033649631677077,508
3395000,13580.000000931612,-676945.3106787,131190.00607490912,-545755.3046037909,300.4061188922941,520.3953654581676,1.0033649631677077,508
3396000,13584.000000932427,-677020.7420150163,130564.87315457466,-546455.8688604416,298.9746550178108,520.3953654581676,1.0033649631677077,508
3397000,13588.000000933242,-677540.233155034,132061.50500517094,-545478.7281498631,302.40172525814216,520.3953654581676,1.0033649631677077,508
3398000,13592.000000934057,-677796.797920689,131286.59975225362,-546510.1981684354,300.627304427601,520.3953654581676,1.0033649631677077,508
3399000,13596.000000934871,-677566.3154335385,131734.38981519654,-545831.925618342,301.6526788361548,520.3953654581676,1.0033649631677077,508
3400000,13600.000000935686,-678116.5954000158,131763.8258927035,-546352.7695073123,301.72008319159187,520.3953654581676,1.0033649631677077,508
3401000,13604.000000936501,-678450.3559978912,131123.3724916724,-547326.9835062188,300.2535376345678,520.3953654581676,1.0033649631677077,508
3402000,13608.000000937316,-678508.9472242147,132183.38939091156,-546325.5578333031,302.68082285383105,520.3953654581676,1.0033649631677077,508
3403000,13612.000000938131,-676333.2790437466,130798.87395485013,-545534.4050888965,299.51048296943316,520.3953654581676,1.0033649631677077,508
3404000,13616.000000938946,-678027.4044272793,132108.24731915322,-545919.157108126,302.50875838933547,520.3953654581676,1.0033649631677077,508
3405000,13620.00000093976,-677360.8467847961,131256.56874314853,-546104.2780416475,300.55853776494433,520.3953654581676,1.0033649631677077,508
3406000,13624.000000940576,-677303.0621747384,131087.86045777088,-546215.2017169675,300.1722202187256,520.3953654581676,1.0033649631677077,508
3407000,13628.00000094139,-679761.1314412393,131640.4043684058,-548120.7270728335,301.4374657711699,520.3953654581676,1.0033649631677077,508
3408000,13632.000000942206,-677780.7167916126,132118.63735111617,-545662.0794404964,302.53255005815646,520.3953654581676,1.0033649631677077,508
3409000,13636.00000094302,-677446.8029332375,131460.5180857561,-545986.2848474814,301.02555222966197,520.3953654581676,1.0033649631677077,508
3410000,13640.000000943835,-677018.3824931318,132299.93454822976,-544718.447944902,302.9476943895002,520.3953654581676,1.0033649631677077,508
3411000,13644.00000094465,-677677.2379268357,132305.76514307666,-545371.472783759,302.96104560748694,520.3953654581676,1.0033649631677077,508
3412000,13648.000000945465,-678787.5222055856,132577.91889527708,-546209.6033103085,303.5842382948462,520.3953654581676,1.0033649631677077,508
3413000,13652.00000094628,-679082.9821314015,132550.42473918488,-546532.5573922166,303.52128065827776,520.3953654581676,1.0033649631677077,508
3414000,13656.000000947095,-678190.1427093549,132099.28367639706,-546090.8590329578,302.48823294527097,520.3953654581676,1.0033649631677077,508
3415000,13660.00000094791,-677076.9500200571,130527.66805339605,-546549.2819666611,298.8894607230435,520.3953654581676,1.0033649631677077,508
3416000,13664.000000948725,-677652.1265682378,131697.35617153184,-545954.770396706,301.56787715426896,520.3953654581676,1.0033649631677077,508
3417000,13668.00000094954,-677776.9015649017,132666.45683890174,-545110.444726,303.78697736632546,520.3953654581676,1.0033649631677077,508
3418000,13672.000000950355,-677489.2456482998,131276.37695041997,-546212.8686978798,300.60389569156285,520.3953654581676,1.0033649631677077,508
3419000,13676.00000095117,-676689.5109049655,131878.48090251736,-544811.0300024481,301.98262656315086,520.3953654581676,1.0033649631677077,508
3420000,13680.000000951984,-677167.1777740456,130347.07410723978,-546820.1036668059,298.4759267345683,520.3953654581676,1.0033649631677077,508
3421000,13684.0000009528,-677379.38117029,131621.12510898907,-545758.256061301,301.3933190585522,520.3953654581676,1.0033649631677077,508
3422000,13688.000000953614,-676528.8541481593,131486.23155649105,-545042.6225916683,301.084432354588,520.3953654581676,1.0033649631677077,508
3423000,13692.00000095443,-677093.2043490601,132095.97868514882,-544997.2256639113,302.48066499384265,520.3953654581676,1.0033649631677077,508
3424000,13696.000000955244,-678591.426231863,131455.4402826786,-547135.9859491844,301.01392479583035,520.3953654581676,1.0033649631677077,508
3425000,13700.000000956059,-678707.0176763483,132405.81936313206,-546301.1983132162,303.19015528454935,520.3953654581676,1.0033649631677077,508
3426000,13704.000000956874,-676982.2971047941,132005.04959406727,-544977.2475107268,302.2724505409016,520.3953654581676,1.0033649631677077,508
3427000,13708.000000957689,-677790.4189904425,131812.9236958847,-545977.4952945579,301.8325100519991,520.3953654581676,1.0033649631677077,508
3428000,13712.000000958504,-677314.1971030487,131894.62398018377,-545419.5731228649,302.0195918736484,520.3953654581676,1.0033649631677077,508
3429000,13716.000000959319,-678429.0965301953,131509.5302012181,-546919.5663289772,301.1377828775989,520.3953654581676,1.0033649631677077,508
3430000,13720.000000960134,-677028.3556163451,131793.13309281983,-545235.2225235252,301.78719243646475,520.3953654581676,1.0033649631677077,508
3431000,13724.000000960948,-676610.788644698,130996.65127273067,-545614.1373719673,299.9633643911742,520.3953654581676,1.0033649631677077,508
3432000,13728.000000961763,-677860.9214514401,132444.61411978828,-545416.3073316518,303.2789896601938,520.3953654581676,1.0033649631677077,508
3433000,13732.000000962578,-676076.6402491685,131711.6392691373,-544365.0009800312,301.6005833797338,520.3953654581676,1.0033649631677077,508
3434000,13736.000000963393,-676697.3467301424,131993.51948086865,-544703.8272492737,302.2460482511235,520.3953654581676,1.0033649631677077,508
3435000,13740.000000964208,-676760.3609597972,131819.87818389363,-544940.4827759035,301.8484348225983,520.3953654581676,1.0033649631677077,508
3436000,13744.000000965023,-677216.5466075912,131705.44334713247,-545511.1032604587,301.5863956154512,520.3953654581676,1.0033649631677077,508
3437000,13748.000000965838,-677337.8450815477,132258.655745299,-545079.1893362487,302.85317190755234,520.3953654581676,1.0033649631677077,508
3438000,13752.000000966653,-676650.359062694,130868.88845053175,-545781.4706121623,299.6708060271355,520.3953654581676,1.0033649631677077,508
3439000,13756.000000967468,-676350.576717501,131918.89071970945,-544431.6859977916,302.07515919357763,520.3953654581676,1.0033649631677077,508
3440000,13760.000000968283,-678321.0633283141,130966.93220930072,-547354.1311190134,299.89531203894694,520.3953654581676,1.0033649631677077,508
3441000,13764.000000969098,-678767.1653820197,131196.99595721596,-547570.1694248037,300.4221247107107,520.3953654581676,1.0033649631677077,508
3442000,13768.000000969912,-677515.1274490724,130726.11064938444,-546789.016799688,299.3438655353259,520.3953654581676,1.0033649631677077,508
3443000,13772.000000970727,-677111.0647423393,131252.039765199,-545859.0249771404,300.5481670611913,520.3953654581676,1.0033649631677077,508
3444000,13776.000000971542,-677188.369562584,131245.42265225603,-545942.946910328,300.5330148306446,520.3953654581676,1.0033649631677077,508
3445000,13780.000000972357,-676075.0312577272,131128.21188297926,-544946.8193747479,300.2646191399644,520.3953654581676,1.0033649631677077,508
3446000,13784.000000973172,-677316.5705915764,132136.220314742,-545180.3502768343,302.57281249901985,520.3953654581676,1.0033649631677077,508
3447000,13788.000000973987,-677717.8672418953,131853.48954704925,-545864.377694846,301.92539997763066,520.3953654581676,1.0033649631677077,508
3448000,13792.000000974802,-677245.6201408696,132207.25668209896,-545038.3634587707,302.7354754949018,520.3953654581676,1.0033649631677077,508
3449000,13796.000000975617,-677752.6427843994,131500.1380266986,-546252.5047577008,301.1162761578435,520.3953654581676,1.0033649631677077,508
3450000,13800.000000976432,-678955.565306549,131836.61389001348,-547118.9514165355,301.8867571664475,520.3953654581676,1.0033649631677077,508
3451000,13804.000000977247,-677637.262516859,131886.9820462881,-545750.2804705709,302.002092951504,520.3953654581676,1.0033649631677077,508
3452000,13808.000000978062,-677490.8047482749,131830.78294476587,-545660.021803509,301.87340514609383,520.3953654581676,1.0033649631677077,508
3453000,13812.000000978876,-677835.1812636489,131862.0939680558,-545973.0872955931,301.94510285590036,520.3953654581676,1.0033649631677077,508
3454000,13816.000000979691,-677863.6559211877,130884.10879161951,-546979.5471295682,299.70565840447114,520.3953654581676,1.0033649631677077,508
3455000,13820.000000980506,-676334.0114653888,130969.22050501406,-545364.7909603748,299.90055190480786,520.3953654581676,1.0033649631677077,508
3456000,13824.000000981321,-677954.0102138394,131547.02421590476,-546406.9859979346,301.22363874246776,520.3953654581676,1.0033649631677077,508
3457000,13828.000000982136,-676500.8581754989,130783.39229110448,-545717.4658843945,299.4750322010479,520.3953654581676,1.0033649631677077,508
3458000,13832.000000982951,-679250.9428327102,132014.60252090287,-547236.3403118073,302.29432536018555,520.3953654581676,1.0033649631677077,508
3459000,13836.000000983766,-677944.5109387371,132156.73556343664,-545787.7753753004,302.61978944812483,520.3953654581676,1.0033649631677077,508
3460000,13840.00000098458,-679099.3834752822,132442.63790537498,-546656.7455699072,303.2744644153238,520.3953654581676,1.0033649631677077,508
3461000,13844.000000985396,-677577.3376316014,131321.97154727482,-546255.3660843265,300.7083007167125,520.3953654581676,1.0033649631677077,508
3462000,13848.00000098621,-677024.9715270489,131231.51180679156,-545793.4597202573,300.50116100868416,520.3953654581676,1.0033649631677077,508
3463000,13852.000000987025,-678834.3464678214,131548.87709812087,-547285.4693697005,301.22788157446354,520.3953654581676,1.0033649631677077,508
3464000,13856.00000098784,-678544.3963205745,130704.21784296926,-547840.1784776052,299.2937341784976,520.3953654581676,1.0033649631677077,508
3465000,13860.000000988655,-678310.9490445075,132173.47009715563,-546137.4789473518,302.65810910734587,520.3953654581676,1.0033649631677077,508
3466000,13864.00000098947,-678609.9763913942,131534.364399818,-547075.6119915762,301.19464959664566,520.3953654581676,1.0033649631677077,508
3467000,13868.000000990285,-678253.059556365,131414.55676481093,-546838.5027915541,300.9203074594436,520.3953654581676,1.0033649631677077,508
3468000,13872.0000009911,-677930.8544528941,130644.87641061281,-547285.9780422812,299.15785089045556,520.3953654581676,1.0033649631677077,508
3469000,13876.000000991915,-677809.3241910222,131475.28566817028,-546334.0385228519,301.05936785519015,520.3953654581676,1.0033649631677077,508
3470000,13880.00000099273,-678568.7253047172,130825.84711787614,-547742.878186841,299.57224760731464,520.3953654581676,1.0033649631677077,508
3471000,13884.000000993545,-679129.3813385544,131668.3833046788,-547460.9980338756,301.501533484161,520.3953654581676,1.0033649631677077,508
3472000,13888.00000099436,-677250.7924569859,130441.63212806714,-546809.1603289188,298.69245091119393,520.3953654581676,1.0033649631677077,508
3473000,13892.000000995175,-676763.3372913199,131330.79827531683,-545432.539016003,300.7285126459054,520.3953654581676,1.0033649631677077,508
3474000,13896.00000099599,-679256.1481617149,131234.3219821099,-548021.826179605,300.50759590327755,520.3953654581676,1.0033649631677077,508
3475000,13900.000000996804,-677097.5400792384,130205.01830080195,-546892.5217784364,298.1506395061057,520.3953654581676,1.0033649631677077,508
3476000,13904.00000099762,-678010.9102625139,132238.45318479365,-545772.4570777202,302.80691096912665,520.3953654581676,1.0033649631677077,508
3477000,13908.000000998434,-676869.0925940978,131720.14619931305,-545148.9463947848,301.6200630181167,520.3953654581676,1.0033649631677077,508
3478000,13912.00000099925,-676599.944798219,130856.2330048448,-545743.7117933743,299.6418268888961,520.3953654581676,1.0033649631677077,508
3479000,13916.000001000064,-678646.6441454575,131953.28150182322,-546693.3626436343,302.15390910517203,520.3953654581676,1.0033649631677077,508
3480000,13920.000001000879,-677457.7280854126,131423.60207397578,-546034.1260114368,300.9410199077595,520.3953654581676,1.0033649631677077,508
3481000,13924.000001001694,-677066.9735114309,131697.0414743182,-545369.9320371128,301.5671565432148,520.3953654581676,1.0033649631677077,508
3482000,13928.000001002509,-677503.7138626333,131171.04745463695,-546332.6664079963,300.3627063968921,520.3953654581676,1.0033649631677077,508
3483000,13932.000001003324,-677724.6132573294,132331.50626969387,-545393.1069876356,303.01998906037903,520.3953654581676,1.0033649631677077,508
3484000,13936.000001004139,-676884.3525030492,130127.0546556316,-546757.2978474176,297.9721140470326,520.3953654581676,1.0033649631677077,508
3485000,13940.000001004953,-677700.448810814,131873.5470131737,-545826.9017976403,301.97132867093234,520.3953654581676,1.0033649631677077,508
3486000,13944.000001005768,-677226.9479600145,131215.95231281768,-546010.9956471968,300.46553202034534,520.3953654581676,1.0033649631677077,508
3487000,13948.000001006583,-677697.439108395,130868.8169886811,-546828.6221197139,299.6706423898445,520.3953654581676,1.0033649631677077,508
3488000,13952.000001007398,-677297.423825942,131852.23698506085,-545445.1868408811,301.9225317920359,520.3953654581676,1.0033649631677077,508
3489000,13956.000001008213,-678001.1949579995,131329.09677889483,-546672.0981791047,300.724616465459,520.3953654581676,1.0033649631677077,508
3490000,13960.000001009028,-677951.0527076321,130852.12705542712,-547098.925652205,299.6324248592306,520.3953654581676,1.0033649631677077,508
3491000,13964.000001009843,-678143.0762432725,131833.07736004912,-546309.9988832234,301.8786590248838,520.3953654581676,1.0033649631677077,508
3492000,13968.000001010658,-677391.7839821945,132328.66953117284,-545063.1144510217,303.01349333989765,520.3953654581676,1.0033649631677077,508
3493000,13972.000001011473,-676761.5900056004,131948.8660036354,-544812.724001965,302.1437982536425,520.3953654581676,1.0033649631677077,508
3494000,13976.000001012288,-676708.3153460855,131854.36661059922,-544853.9487354863,301.92740832616994,520.3953654581676,1.0033649631677077,508
3495000,13980.000001013103,-677326.4507285184,131116.7211411416,-546209.7295873768,300.2383070049023,520.3953654581676,1.0033649631677077,508
3496000,13984.000001013917,-677981.5681579337,132132.1298104014,-545849.4383475322,302.5634458363446,520.3953654581676,1.0033649631677077,508
3497000,13988.000001014732,-677580.7802875205,130990.59274216324,-546590.1875453573,299.9494912333903,520.3953654581676,1.0033649631677077,508
3498000,13992.000001015547,-676808.975641063,131380.33390669263,-545428.6417343703,300.84194206948507,520.3953654581676,1.0033649631677077,508
3499000,13996.000001016362,-677575.9968800056,131686.52502014424,-545889.4718598614,301.5430753858353,520.3953654581676,1.0033649631677077,508
3500000,14000.000001017177,-677452.8282313151,131224.07317463588,-546228.7550566792,300.4841276180883,520.3953654581676,1.0033649631677077,508
3501000,14004.000001017992,-677965.6156564034,131067.86004344572,-546897.7556129576,300.1264221657838,520.3953654581676,1.0033649631677077,508
3502000,14008.000001018807,-677993.9711110163,131989.2758849872,-546004.6952260291,302.23633103098587,520.3953654581676,1.0033649631677077,508
3503000,14012.000001019622,-677730.8078148998,131060.28326711501,-546670.5245477848,300.10907244502897,520.3953654581676,1.0033649631677077,508
3504000,14016.000001020437,-678195.3359164051,131726.16319702312,-546469.172719382,301.6338410716708,520.3953654581676,1.0033649631677077,508
3505000,14020.000001021252,-678242.3234515651,131064.64001672092,-547177.6834348442,300.1190487708121,520.3953654581676,1.0033649631677077,508
3506000,14024.000001022066,-677457.9717257936,132176.69003242702,-545281.2816933666,302.66548229290254,520.3953654581676,1.0033649631677077,508
3507000,14028.000001022881,-676636.317129672,131201.38264648395,-545434.9344831881,300.4321695939851,520.3953654581676,1.0033649631677077,508
3508000,14032.000001023696,-675689.602023927,131824.28392073163,-543865.3181031954,301.85852332205,520.3953654581676,1.0033649631677077,508
3509000,14036.000001024511,-676725.2699707602,131007.47126174963,-545717.7987090106,299.98814059939986,520.3953654581676,1.0033649631677077,508
3510000,14040.000001025326,-677380.7766225031,131814.0060599713,-545566.7705625318,301.83498850904175,520.3953654581676,1.0033649631677077,508
3511000,14044.000001026141,-676931.0953661096,131246.90781364404,-545684.1875524656,300.5364156351864,520.3953654581676,1.0033649631677077,508
3512000,14048.000001026956,-678659.7311877054,131385.53534022017,-547274.1958474852,300.8538525991469,520.3953654581676,1.0033649631677077,508
3513000,14052.00000102777,-678617.1261819564,131700.2532962964,-546916.87288566,301.57451115050475,520.3953654581676,1.0033649631677077,508
3514000,14056.000001028586,-677703.8410330452,131493.26569287316,-546210.575340172,301.10053950842945,520.3953654581676,1.0033649631677077,508
3515000,14060.0000010294,-677796.5285671144,130981.88322216365,-546814.6453449507,299.9295476936438,520.3953654581676,1.0033649631677077,508
3516000,14064.000001030216,-678535.7792146443,132169.95079466177,-546365.8284199826,302.6500504141952,520.3953654581676,1.0033649631677077,508
3517000,14068.00000103103,-678721.0095543093,132075.09973691753,-546645.9098173918,302.4328552254588,520.3953654581676,1.0033649631677077,508
3518000,14072.000001031845,-676985.0407616668,131615.45470194245,-545369.5860597244,301.3803346474345,520.3953654581676,1.0033649631677077,508
3519000,14076.00000103266,-677007.451041264,132000.29613426642,-545007.1549069976,302.26156580621176,520.3953654581676,1.0033649631677077,508
3520000,14080.000001033475,-677742.594682104,131809.2469841619,-545933.347697942,301.8240909145055,520.3953654581676,1.0033649631677077,508
3521000,14084.00000103429,-679309.2592758886,132687.9195133975,-546621.339762491,303.8361237833372,520.3953654581676,1.0033649631677077,508
3522000,14088.000001035105,-678132.6159168212,131636.55829505145,-546496.0576217697,301.4286588200619,520.3953654581676,1.0033649631677077,508
3523000,14092.00000103592,-676919.6100075156,131459.2951180751,-545460.3148894405,301.0227518107461,520.3953654581676,1.0033649631677077,508
3524000,14096.000001036735,-677727.8668112997,130952.8745439726,-546774.9922673272,299.86312202075686,520.3953654581676,1.0033649631677077,508
3525000,14100.00000103755,-678580.8177985689,131392.4893093541,-547188.3284892148,300.86977618159744,520.3953654581676,1.0033649631677077,508
3526000,14104.000001038365,-677119.7795669618,130916.95913881116,-546202.8204281507,299.78088094313364,520.3953654581676,1.0033649631677077,508
3527000,14108.00000103918,-677959.3201010702,132082.36556482222,-545876.954536248,302.4494929193403,520.3953654581676,1.0033649631677077,508
3528000,14112.000001039994,-676663.5421205685,132065.60989688133,-544597.9322236872,302.4111248658112,520.3953654581676,1.0033649631677077,508
3529000,14116.00000104081,-676940.1553775389,130899.06016381644,-546041.0952137224,299.73989488199084,520.3953654581676,1.0033649631677077,508
3530000,14120.000001041624,-676997.2018024521,131619.55286116034,-545377.6489412917,301.3897188386704,520.3953654581676,1.0033649631677077,508
3531000,14124.00000104244,-677779.8132616086,131511.25657687162,-546268.556684737,301.1417360278833,520.3953654581676,1.0033649631677077,508
3532000,14128.000001043254,-677013.8468117523,130180.32547457749,-546833.5213371748,298.0940965093294,520.3953654581676,1.0033649631677077,508
3533000,14132.000001044069,-678141.7247932479,132227.617513755,-545914.1072794929,302.78209885134646,520.3953654581676,1.0033649631677077,508
3534000,14136.000001044884,-678769.8990146331,131932.85449919684,-546837.0445154363,302.1071342267862,520.3953654581676,1.0033649631677077,508
3535000,14140.000001045699,-677976.5341348522,131255.39109543664,-546721.1430394156,300.5558411221959,520.3953654581676,1.0033649631677077,508
3536000,14144.000001046514,-676655.0044566821,131494.5105388417,-545160.4939178404,301.103390025456,520.3953654581676,1.0033649631677077,508
3537000,14148.000001047329,-678163.9307435853,130328.76633204316,-547835.1644115422,298.4340045801533,520.3953654581676,1.0033649631677077,508
3538000,14152.000001048144,-677176.8295383123,131450.58181328597,-545726.2477250263,301.0027996043796,520.3953654581676,1.0033649631677077,508
3539000,14156.000001048958,-677820.5746036568,131734.84034010133,-546085.7342635554,301.65371047295514,520.3953654581676,1.0033649631677077,508
3540000,14160.000001049773,-676833.8517165394,131196.30834572838,-545637.543370811,300.4205501799635,520.3953654581676,1.0033649631677077,508
3541000,14164.000001050588,-677088.6466137362,132269.76709851442,-544818.8795152218,302.8786152976013,520.3953654581676,1.0033649631677077,508
3542000,14168.000001051403,-677115.9548699432,131667.84570702957,-545448.1091629136,301.50030246338304,520.3953654581676,1.0033649631677077,508
3543000,14172.000001052218,-676844.2659101584,131883.2383490249,-544961.0275611335,301.99352042682176,520.3953654581676,1.0033649631677077,508
3544000,14176.000001053033,-678849.4692790317,131343.19884682196,-547506.2704322098,300.7569081591717,520.3953654581676,1.0033649631677077,508
3545000,14180.000001053848,-678055.3027023729,131807.63249121245,-546247.6702111604,301.8203939594139,520.3953654581676,1.0033649631677077,508
3546000,14184.000001054663,-677841.7433561287,131581.9467130488,-546259.79664308,301.3036062044944,520.3953654581676,1.0033649631677077,508
3547000,14188.000001055478,-678032.1737012109,132247.14617306285,-545785.027528148,302.8268166536041,520.3953654581676,1.0033649631677077,508
3548000,14192.000001056293,-676951.4204858555,131802.0550542595,-545149.3654315961,301.8076224363495,520.3953654581676,1.0033649631677077,508
3549000,14196.000001057108,-676035.5465191412,132086.8771978165,-543948.6693213247,302.45982390565723,520.3953654581676,1.0033649631677077,508
3550000,14200.000001057922,-678306.6071976162,130853.88567114092,-547452.7215264754,299.636451834585,520.3953654581676,1.0033649631677077,508
3551000,14204.000001058737,-677857.614844658,129755.16551833518,-548102.4493263228,297.12054176850376,520.3953654581676,1.0033649631677077,508
3552000,14208.000001059552,-677043.0691835037,131531.46903824306,-545511.6001452607,301.1880196378588,520.3953654581676,1.0033649631677077,508
3553000,14212.000001060367,-677034.1901676529,131416.8317061351,-545617.3584615178,300.9255167456869,520.3953654581676,1.0033649631677077,508
3554000,14216.000001061182,-678114.9628571235,130908.65976286103,-547206.3030942625,299.7618765738757,520.3953654581676,1.0033649631677077,508
3555000,14220.000001061997,-679396.437822768,130760.1797479837,-548636.2580747843,299.42187883824863,520.3953654581676,1.0033649631677077,508
3556000,14224.000001062812,-677820.6691504158,130987.64290204394,-546833.0262483719,299.94273652662486,520.3953654581676,1.0033649631677077,508
3557000,14228.000001063627,-677533.703906869,131795.77194563384,-545737.9319612352,301.793235027329,520.3953654581676,1.0033649631677077,508
3558000,14232.000001064442,-678452.6569261625,131259.69931737555,-547192.957608787,300.5657063266479,520.3953654581676,1.0033649631677077,508
3559000,14236.000001065257,-679557.5058596907,131807.8240358904,-547749.6818238003,301.8208325689926,520.3953654581676,1.0033649631677077,508
3560000,14240.000001066071,-678273.3609063593,130972.74520597816,-547300.6157003811,299.90862295967366,520.3953654581676,1.0033649631677077,508
3561000,14244.000001066886,-678037.3426166861,132256.074605554,-545781.2680111321,302.84726147125986,520.3953654581676,1.0033649631677077,508
3562000,14248.000001067701,-677159.5647139093,132512.7081715667,-544646.8565423426,303.4349151794192,520.3953654581676,1.0033649631677077,508
3563000,14252.000001068516,-678684.8516979855,131254.21102697658,-547430.640671009,300.55313893628465,520.3953654581676,1.0033649631677077,508
3564000,14256.000001069331,-678976.9494031966,132432.9814897827,-546543.9679134139,303.2523526217712,520.3953654581676,1.0033649631677077,508
3565000,14260.000001070146,-678510.0952745783,130698.0881488364,-547812.0071257419,299.2796980664526,520.3953654581676,1.0033649631677077,508
3566000,14264.000001070961,-675708.8486763188,132260.93116918288,-543447.9175071359,302.8583822987875,520.3953654581676,1.0033649631677077,508
3567000,14268.000001071776,-676745.3889364824,132385.76766842528,-544359.621268057,303.14423980695847,520.3953654581676,1.0033649631677077,508
3568000,14272.00000107259,-677569.8932463992,131560.41026906483,-546009.4829773344,301.25429086603583,520.3953654581676,1.0033649631677077,508
3569000,14276.000001073406,-678865.037912182,131177.65100812045,-547687.3869040615,300.3778275782399,520.3953654581676,1.0033649631677077,508
3570000,14280.00000107422,-678423.3692746041,130515.77590540866,-547907.5933691955,298.8622294260182,520.3953654581676,1.0033649631677077,508
3571000,14284.000001075035,-677759.7957100277,130361.76211854175,-547398.0335914859,298.5095601537706,520.3953654581676,1.0033649631677077,508
3572000,14288.00000107585,-677535.9179542563,131238.70722739515,-546297.2107268611,300.51763748004043,520.3953654581676,1.0033649631677077,508
3573000,14292.000001076665,-678555.9120971775,132546.66465328168,-546009.2474438958,303.5126706059828,520.3953654581676,1.0033649631677077,508
3574000,14296.00000107748,-676798.985429822,131496.14967553056,-545302.8357542914,301.10714341114266,520.3953654581676,1.0033649631677077,508
3575000,14300.000001078295,-677520.379889905,130973.09460211638,-546547.2852877886,299.9094230262411,520.3953654581676,1.0033649631677077,508
3576000,14304.00000107911,-678255.5647258367,131061.14220647184,-547194.4225193649,300.1110392917902,520.3953654581676,1.0033649631677077,508
3577000,14308.000001079925,-677451.7610259145,131592.34693904803,-545859.4140868664,301.3274212161825,520.3953654581676,1.0033649631677077,508
3578000,14312.00000108074,-676883.2424979941,131252.97629362228,-545630.2662043718,300.5503115756805,520.3953654581676,1.0033649631677077,508
3579000,14316.000001081555,-677488.6051982348,131729.44743643457,-545759.1577618002,301.64136150439754,520.3953654581676,1.0033649631677077,508
3580000,14320.00000108237,-676830.8916971772,130171.70633555512,-546659.1853616221,298.0743599289345,520.3953654581676,1.0033649631677077,508
3581000,14324.000001083185,-678284.4643836315,131752.53086882166,-546531.9335148098,301.6942192223106,520.3953654581676,1.0033649631677077,508
3582000,14328.000001084,-677373.9611580353,131508.20958877596,-545865.7515692593,301.13475886631807,520.3953654581676,1.0033649631677077,508
3583000,14332.000001084814,-676622.2485465985,131313.86313026043,-545308.385416338,300.6897336157683,520.3953654581676,1.0033649631677077,508
3584000,14336.00000108563,-677181.0851704283,131678.1971590133,-545502.888011415,301.5240057896376,520.3953654581676,1.0033649631677077,508
3585000,14340.000001086444,-677289.4710680428,131285.63435189455,-546003.8367161483,300.62509380055917,520.3953654581676,1.0033649631677077,508
3586000,14344.000001087259,-677653.0206426186,131795.31777706934,-545857.7028655494,301.7921950470754,520.3953654581676,1.0033649631677077,508
3587000,14348.000001088074,-676059.745211205,131539.0095460266,-544520.7356651784,301.2052863088919,520.3953654581676,1.0033649631677077,508
3588000,14352.000001088889,-676043.5955527797,132620.55853028988,-543423.0370224898,303.68187688522687,520.3953654581676,1.0033649631677077,508
3589000,14356.000001089704,-677887.5437502665,132061.63948563894,-545825.9042646276,302.4020331989425,520.3953654581676,1.0033649631677077,508
3590000,14360.000001090519,-677091.9827686711,130874.46714873955,-546217.5156199315,299.68358043829085,520.3953654581676,1.0033649631677077,508
3591000,14364.000001091334,-677301.0665321695,130944.06434515922,-546357.0021870103,299.8429479411041,520.3953654581676,1.0033649631677077,508
3592000,14368.000001092149,-678015.9602426616,130647.2054333681,-547368.7548092935,299.1631840153456,520.3953654581676,1.0033649631677077,508
3593000,14372.000001092963,-676787.9492894965,131378.97722459468,-545408.9720649018,300.83883546391496,520.3953654581676,1.0033649631677077,508
3594000,14376.000001093778,-679035.2589967898,131657.16981498696,-547378.0891818028,301.47585621636944,520.3953654581676,1.0033649631677077,508
3595000,14380.000001094593,-677646.9643541509,132099.74357453454,-545547.2207796164,302.4892860454171,520.3953654581676,1.0033649631677077,508
3596000,14384.000001095408,-678172.8113370207,131292.6883534451,-546880.1229835756,300.64124644276006,520.3953654581676,1.0033649631677077,508
3597000,14388.000001096223,-678137.2791546229,131725.8810522764,-546411.3981023466,301.6331950010526,520.3953654581676,1.0033649631677077,508
3598000,14392.000001097038,-679156.9637675844,130772.92301489506,-548384.0407526894,299.45105907437625,520.3953654581676,1.0033649631677077,508
3599000,14396.000001097853,-678691.1421345766,131238.56689134426,-547452.5752432323,300.51731613080324,520.3953654581676,1.0033649631677077,508
3600000,14400.000001098668,-676254.9539144663,132001.70545033488,-544253.2484641315,302.2647929359535,520.3953654581676,1.0033649631677077,508
3601000,14404.000001099483,-678146.9514361713,131183.0380800591,-546963.9133561122,300.3901631929845,520.3953654581676,1.0033649631677077,508
3602000,14408.000001100298,-677466.3514372208,131590.10102542513,-545876.2504117957,301.3222783991722,520.3953654581676,1.0033649631677077,508
3603000,14412.000001101113,-677597.1460791831,132309.55139738566,-545287.5946817974,302.9697155816423,520.3953654581676,1.0033649631677077,508
3604000,14416.000001101927,-678922.5168287139,131022.91064260932,-547899.6061861046,300.0234945460985,520.3953654581676,1.0033649631677077,508
3605000,14420.000001102742,-677810.11430381,131914.0124402665,-545896.1018635435,302.06398863998004,520.3953654581676,1.0033649631677077,508
3606000,14424.000001103557,-677372.6157091013,130362.04537218093,-547010.5703369204,298.510208763592,520.3953654581676,1.0033649631677077,508
3607000,14428.000001104372,-679056.9214346423,131198.13113417057,-547858.7903004717,300.4247241015744,520.3953654581676,1.0033649631677077,508
3608000,14432.000001105187,-676961.6067574224,131469.87235958333,-545491.734397839,301.0469721623197,520.3953654581676,1.0033649631677077,508
3609000,14436.000001106002,-678017.8298482741,131248.75892290947,-546769.0709253646,300.54065440738185,520.3953654581676,1.0033649631677077,508
3610000,14440.000001106817,-676301.2354663857,130878.77170623056,-545422.4637601551,299.6934372516878,520.3953654581676,1.0033649631677077,508
3611000,14444.000001107632,-678177.2893205378,131435.86956386128,-546741.4197566765,300.9691106833858,520.3953654581676,1.0033649631677077,508
3612000,14448.000001108447,-678171.2318334724,131243.00859780505,-546928.2232356673,300.5274869954831,520.3953654581676,1.0033649631677077,508
3613000,14452.000001109262,-678543.4598918189,130823.29347768443,-547720.1664141344,299.5664001410176,520.3953654581676,1.0033649631677077,508
3614000,14456.000001110076,-679288.3375114012,130046.54723850278,-549241.7902728984,297.7877637184877,520.3953654581676,1.0033649631677077,508
3615000,14460.000001110891,-677903.8592081727,131620.36421834928,-546283.4949898233,301.39157672915655,520.3953654581676,1.0033649631677077,508
3616000,14464.000001111706,-677420.7580671175,130861.67787729931,-546559.0801898183,299.6542948584531,520.3953654581676,1.0033649631677077,508
3617000,14468.000001112521,-676975.0790467709,132505.61587770632,-544469.4631690646,303.41867485337315,520.3953654581676,1.0033649631677077,508
3618000,14472.000001113336,-677544.9751746035,131451.6481253189,-546093.3270492846,301.0052413045436,520.3953654581676,1.0033649631677077,508
3619000,14476.000001114151,-678484.6219419651,131109.83892292605,-547374.7830190391,300.22254772166593,520.3953654581676,1.0033649631677077,508
3620000,14480.000001114966,-679057.275365314,132267.0147168883,-546790.2606484257,302.8723127421952,520.3953654581676,1.0033649631677077,508
3621000,14484.00000111578,-677614.2946939324,129931.24349761952,-547683.0511963129,297.5237348467098,520.3953654581676,1.0033649631677077,508
3622000,14488.000001116596,-679077.2735128296,131566.88933962243,-547510.3841732071,301.2691269995072,520.3953654581676,1.0033649631677077,508
3623000,14492.00000111741,-678181.2682581772,130556.82187217398,-547624.4463860032,298.9562187468595,520.3953654581676,1.0033649631677077,508
3624000,14496.000001118226,-677549.0470553078,131069.95319682301,-546479.0938584848,300.13121518394985,520.3953654581676,1.0033649631677077,508
3625000,14500.00000111904,-677915.2142879427,131614.58748413285,-546300.6268038099,301.3783488442151,520.3953654581676,1.0033649631677077,508
3626000,14504.000001119855,-677235.529826066,130843.88147050154,-546391.6483555645,299.6135436636304,520.3953654581676,1.0033649631677077,508
3627000,14508.00000112067,-677012.9068325874,131233.83324815088,-545779.0735844366,300.50647677327527,520.3953654581676,1.0033649631677077,508
3628000,14512.000001121485,-677254.7906616633,131421.63551926124,-545833.155142402,300.93651678220095,520.3953654581676,1.0033649631677077,508
3629000,14516.0000011223,-675741.7686156081,132036.15212018442,-543705.6164954237,302.34367082237077,520.3953654581676,1.0033649631677077,508
3630000,14520.000001123115,-678152.9041564036,130694.95435381275,-547457.9498025909,299.27252212959104,520.3953654581676,1.0033649631677077,508
3631000,14524.00000112393,-677058.3073134432,131992.32118799596,-545065.9861254472,302.243304333946,520.3953654581676,1.0033649631677077,508
3632000,14528.000001124745,-678224.0987040382,131591.75317790947,-546632.3455261288,301.3260615891459,520.3953654581676,1.0033649631677077,508
3633000,14532.00000112556,-677346.241261336,130854.74329410808,-546491.497967228,299.63841566700444,520.3953654581676,1.0033649631677077,508
3634000,14536.000001126375,-677153.4059625436,130197.22047781764,-546956.185484726,298.1327836205195,520.3953654581676,1.0033649631677077,508
3635000,14540.00000112719,-678674.5440457263,131344.67083674215,-547329.8732089842,300.76027880295936,520.3953654581676,1.0033649631677077,508
3636000,14544.000001128004,-678624.514450857,131440.29420752986,-547184.2202433271,300.979242476742,520.3953654581676,1.0033649631677077,508
3637000,14548.00000112882,-678012.2956148088,131279.78710720845,-546732.5085076003,300.61170445685144,520.3953654581676,1.0033649631677077,508
3638000,14552.000001129634,-677825.4718572609,131639.2967224607,-546186.1751348001,301.43492942233183,520.3953654581676,1.0033649631677077,508
3639000,14556.00000113045,-677267.9489177312,131149.354965116,-546118.5939526152,300.31303373674774,520.3953654581676,1.0033649631677077,508
3640000,14560.000001131264,-678427.7908505066,131719.2983336501,-546708.4925168565,301.61812152851115,520.3953654581676,1.0033649631677077,508
3641000,14564.000001132079,-678488.3311898592,131239.36319550202,-547248.9679943572,300.51913955202747,520.3953654581676,1.0033649631677077,508
3642000,14568.000001132894,-677220.3956606137,131044.31043591525,-546176.0852246984,300.07249697429,520.3953654581676,1.0033649631677077,508
3643000,14572.000001133709,-677007.9360500001,131076.72237102757,-545931.2136789726,300.1467156127686,520.3953654581676,1.0033649631677077,508
3644000,14576.000001134524,-678350.7583897412,131699.97038212506,-546650.7880076161,301.5738633180156,520.3953654581676,1.0033649631677077,508
3645000,14580.000001135339,-678016.5604654145,131283.40337310816,-546733.1570923064,300.6199851821621,520.3953654581676,1.0033649631677077,508
3646000,14584.000001136154,-676940.7965308558,131480.1039942652,-545460.6925365906,301.0704011243014,520.3953654581676,1.0033649631677077,508
3647000,14588.000001136968,-677025.214191014,131275.810265571,-545749.403925443,300.6025980653091,520.3953654581676,1.0033649631677077,508
3648000,14592.000001137783,-676868.7909017969,131945.94518425816,-544922.8457175387,302.1371100001745,520.3953654581676,1.0033649631677077,508
3649000,14596.000001138598,-676881.4483948462,130797.93400656543,-546083.5143882807,299.50833062395645,520.3953654581676,1.0033649631677077,508
3650000,14600.000001139413,-677179.3978896979,131705.84563389752,-545473.5522558005,301.587316793896,520.3953654581676,1.0033649631677077,508
3651000,14604.000001140228,-678252.7795200269,132160.94462611398,-546091.8348939129,302.6294275922252,520.3953654581676,1.0033649631677077,508
3652000,14608.000001141043,-676930.823612426,130453.84045745799,-546476.9831549679,298.7204062178533,520.3953654581676,1.0033649631677077,508
3653000,14612.000001141858,-678571.4045362012,131829.37190843077,-546742.0326277704,301.87017407719065,520.3953654581676,1.0033649631677077,508
3654000,14616.000001142673,-677727.8319264399,130152.03762853018,-547575.7942979097,298.02932143768226,520.3953654581676,1.0033649631677077,508
3655000,14620.000001143488,-677044.6094030323,131062.08325927675,-545982.5261437555,300.11319416645824,520.3953654581676,1.0033649631677077,508
3656000,14624.000001144303,-677651.2431144468,131456.22566893173,-546195.017445515,301.0157232166338,520.3953654581676,1.0033649631677077,508
3657000,14628.000001145117,-677777.0342229758,131354.42762006028,-546422.6066029156,300.7826204240718,520.3953654581676,1.0033649631677077,508
3658000,14632.000001145932,-677946.4028687156,131677.16265511743,-546269.2402135981,301.52163692550204,520.3953654581676,1.0033649631677077,508
3659000,14636.000001146747,-678135.3723492757,131300.57993935875,-546834.792409917,300.6593170318785,520.3953654581676,1.0033649631677077,508
3660000,14640.000001147562,-677595.905443986,131932.24862072198,-545663.656823264,302.105746852804,520.3953654581676,1.0033649631677077,508
3661000,14644.000001148377,-677709.5077113654,131403.97491980265,-546305.5327915627,300.89607656652146,520.3953654581676,1.0033649631677077,508
3662000,14648.000001149192,-677007.292592437,131997.64110761016,-545009.6514848268,302.25548617959066,520.3953654581676,1.0033649631677077,508
3663000,14652.000001150007,-677089.643162901,132124.85379362444,-544964.7893692766,302.5467848114208,520.3953654581676,1.0033649631677077,508
3664000,14656.000001150822,-678135.6371512241,130532.48420320322,-547603.1529480208,298.900489008771,520.3953654581676,1.0033649631677077,508
3665000,14660.000001151637,-677869.029220453,131101.56704788946,-546767.4621725635,300.20360632551814,520.3953654581676,1.0033649631677077,508
3666000,14664.000001152452,-679107.227607382,130577.05555183304,-548530.172055549,299.0025509436415,520.3953654581676,1.0033649631677077,508
3667000,14668.000001153267,-676931.2194520617,131668.0458061489,-545263.1736459128,301.500760661394,520.3953654581676,1.0033649631677077,508
3668000,14672.000001154081,-678706.0366019262,131643.5737257739,-547062.4628761522,301.44472314065115,520.3953654581676,1.0033649631677077,508
3669000,14676.000001154896,-677640.4858028018,131316.05827128206,-546324.4275315197,300.6947601708731,520.3953654581676,1.0033649631677077,508
3670000,14680.000001155711,-676854.6687461915,130841.63532029954,-546013.033425892,299.6084003048882,520.3953654581676,1.0033649631677077,508
3671000,14684.000001156526,-677683.9775256482,131663.03537988814,-546020.94214576,301.48928751071713,520.3953654581676,1.0033649631677077,508
3672000,14688.000001157341,-677489.04059486,130786.09080032352,-546702.9497945365,299.48121139644195,520.3953654581676,1.0033649631677077,508
3673000,14692.000001158156,-676043.3885599794,130887.29613573459,-545156.0924242449,299.7129569609987,520.3953654581676,1.0033649631677077,508
3674000,14696.000001158971,-678720.7087271558,130471.21268378748,-548249.4960433684,298.7601861008207,520.3953654581676,1.0033649631677077,508
3675000,14700.000001159786,-678940.061793447,131764.09687604077,-547175.9649174062,301.72070370419857,520.3953654581676,1.0033649631677077,508
3676000,14704.0000011606,-676312.0433096508,132491.05105550878,-543820.9922541421,303.3853235193834,520.3953654581676,1.0033649631677077,508
3677000,14708.000001161416,-677734.8846508428,131790.224635511,-545944.6600153318,301.78053249034343,520.3953654581676,1.0033649631677077,508
3678000,14712.00000116223,-677266.2767159021,130832.15559125814,-546434.1211246441,299.5866930979547,520.3953654581676,1.0033649631677077,508
3679000,14716.000001163045,-679421.5691962955,132471.1935172591,-546950.3756790364,303.33985263196735,520.3953654581676,1.0033649631677077,508
3680000,14720.00000116386,-677841.5984392217,131233.80436897214,-546607.7940702497,300.5064106441373,520.3953654581676,1.0033649631677077,508
3681000,14724.000001164675,-676568.6869999305,131667.98913973145,-544900.697860199,301.5006309035027,520.3953654581676,1.0033649631677077,508
3682000,14728.00000116549,-676786.6154049346,131142.39500003355,-545644.2204049011,300.29709642444317,520.3953654581676,1.0033649631677077,508
3683000,14732.000001166305,-677487.6846179641,132010.70281320406,-545476.98180476,302.2853955941945,520.3953654581676,1.0033649631677077,508
3684000,14736.00000116712,-678189.3622968793,132475.01620847362,-545714.3460884057,303.34860604136065,520.3953654581676,1.0033649631677077,508
3685000,14740.000001167935,-676825.6909453627,131211.17659707274,-545614.5143482899,300.45459632276595,520.3953654581676,1.0033649631677077,508
3686000,14744.00000116875,-678322.3359334036,130955.71985279571,-547366.6160806079,299.8696373659891,520.3953654581676,1.0033649631677077,508
3687000,14748.000001169565,-677791.0655099857,131170.7947149987,-546620.270794987,300.3621276597147,520.3953654581676,1.0033649631677077,508
3688000,14752.00000117038,-679355.4909005575,131301.0566560786,-548054.4342444788,300.6604086441431,520.3953654581676,1.0033649631677077,508
3689000,14756.000001171195,-677946.5850786152,131735.51121628104,-546211.0738623342,301.65524668227044,520.3953654581676,1.0033649631677077,508
3690000,14760.00000117201,-677110.1568784243,131237.16220987053,-545872.9946685538,300.51409961361236,520.3953654581676,1.0033649631677077,508
3691000,14764.000001172824,-678694.9402801073,131476.35935439914,-547218.5809257082,301.0618264411951,520.3953654581676,1.0033649631677077,508
3692000,14768.00000117364,-677603.3093113629,129990.20236858737,-547613.1069427755,297.658742124563,520.3953654581676,1.0033649631677077,508
3693000,14772.000001174454,-677739.707486263,132123.9006349867,-545615.8068512763,302.54460221614835,520.3953654581676,1.0033649631677077,508
3694000,14776.000001175269,-677215.1073033474,131609.19096428237,-545605.9163390651,301.36599159512036,520.3953654581676,1.0033649631677077,508
3695000,14780.000001176084,-677484.1401112177,131655.3417155515,-545828.7983956663,301.471670133353,520.3953654581676,1.0033649631677077,508
3696000,14784.000001176899,-676434.6463916902,129446.27283779194,-546988.3735538983,296.413222254674,520.3953654581676,1.0033649631677077,508
3697000,14788.000001177714,-676402.161255572,132939.68404836394,-543462.477207208,304.4126281153882,520.3953654581676,1.0033649631677077,508
3698000,14792.000001178529,-677561.0115601732,130481.67760643552,-547079.3339537377,298.78414925846715,520.3953654581676,1.0033649631677077,508
3699000,14796.000001179344,-677966.3237251565,131837.4852223437,-546128.8385028128,301.8887523913234,520.3953654581676,1.0033649631677077,508
3700000,14800.000001180159,-676412.2368703308,130681.19823574799,-545731.0386345828,299.241022610973,520.3953654581676,1.0033649631677077,508
3701000,14804.000001180973,-677868.1715445356,131905.27521237842,-545962.8963321571,302.0439816531808,520.3953654581676,1.0033649631677077,508
3702000,14808.000001181788,-677981.372170018,132077.7118070748,-545903.6603629432,302.438836487917,520.3953654581676,1.0033649631677077,508
3703000,14812.000001182603,-677649.8975421092,132082.3420477242,-545567.5554943851,302.4494390685909,520.3953654581676,1.0033649631677077,508
3704000,14816.000001183418,-677757.6129027908,130798.19183002133,-546959.4210727694,299.5089210023402,520.3953654581676,1.0033649631677077,508
3705000,14820.000001184233,-677594.2878272184,131605.9862672138,-545988.3015600046,301.35865330284184,520.3953654581676,1.0033649631677077,508
3706000,14824.000001185048,-677375.4483129587,131093.69005978203,-546281.7582531767,300.18556916326236,520.3953654581676,1.0033649631677077,508
3707000,14828.000001185863,-677193.3996199458,130857.8579400749,-546335.5416798709,299.6455477552984,520.3953654581676,1.0033649631677077,508
3708000,14832.000001186678,-678918.3099848931,131563.67370756727,-547354.6362773258,301.2617636676927,520.3953654581676,1.0033649631677077,508
3709000,14836.000001187493,-678337.4940525726,132442.55557144468,-545894.938481128,303.27427588254454,520.3953654581676,1.0033649631677077,508
3710000,14840.000001188308,-677303.4165971032,131397.4495390252,-545905.967058078,300.88113438935187,520.3953654581676,1.0033649631677077,508
3711000,14844.000001189122,-677382.1488437969,131683.27587788296,-545698.872965914,301.5356353205008,520.3953654581676,1.0033649631677077,508
3712000,14848.000001189937,-677282.9372761673,131078.7066721849,-546204.2306039825,300.1512593751117,520.3953654581676,1.0033649631677077,508
3713000,14852.000001190752,-675694.4070756007,132213.89097980876,-543480.516095792,302.75066707607635,520.3953654581676,1.0033649631677077,508
3714000,14856.000001191567,-676960.4691261901,132238.06351700437,-544722.4056091857,302.80601868630924,520.3953654581676,1.0033649631677077,508
3715000,14860.000001192382,-677035.1021281155,131781.5008324273,-545253.6012956882,301.7605562444024,520.3953654581676,1.0033649631677077,508
3716000,14864.000001193197,-678655.3424517596,132073.98174499423,-546581.3607067654,302.43029518582864,520.3953654581676,1.0033649631677077,508
3717000,14868.000001194012,-677194.2534592813,131762.8386200096,-545431.4148392717,301.71782248007025,520.3953654581676,1.0033649631677077,508
3718000,14872.000001194827,-678290.2178580398,130758.68435715593,-547531.5335008838,299.4184546097709,520.3953654581676,1.0033649631677077,508
3719000,14876.000001195642,-679192.3926782366,130715.38765859423,-548477.0050196424,299.3193114389996,520.3953654581676,1.0033649631677077,508
3720000,14880.000001196457,-676823.0335191875,131859.11341523053,-544963.920103957,301.9382778214852,520.3953654581676,1.0033649631677077,508
3721000,14884.000001197272,-679364.3127479283,131189.38138269953,-548174.9313652287,300.40468843758345,520.3953654581676,1.0033649631677077,508
3722000,14888.000001198086,-678528.0623998493,131189.19351606,-547338.8688837893,300.40425825018013,520.3953654581676,1.0033649631677077,508
3723000,14892.000001198901,-678898.2394976015,130705.10032726807,-548193.1391703335,299.2957549397668,520.3953654581676,1.0033649631677077,508
3724000,14896.000001199716,-677885.5469167288,131620.6502938138,-546264.896622915,301.3922318005494,520.3953654581676,1.0033649631677077,508
3725000,14900.000001200531,-676572.4082211042,131502.0626070632,-545070.345614041,301.1206831682182,520.3953654581676,1.0033649631677077,508
3726000,14904.000001201346,-677978.1108066547,131116.60719266615,-546861.5036139885,300.23804607939206,520.3953654581676,1.0033649631677077,508
3727000,14908.000001202161,-678247.2068871125,130664.05541973468,-547583.1514673778,299.20176804441326,520.3953654581676,1.0033649631677077,508
3728000,14912.000001202976,-677249.7547315178,132246.98083699844,-545002.7738945193,302.82643805795567,520.3953654581676,1.0033649631677077,508
3729000,14916.00000120379,-677932.9058066639,131168.19261572455,-546764.7131909394,300.3561692291352,520.3953654581676,1.0033649631677077,508
3730000,14920.000001204606,-677844.4454222145,131580.09107346804,-546264.3543487464,301.2993570585328,520.3953654581676,1.0033649631677077,508
3731000,14924.00000120542,-677329.3262300068,131504.17680274326,-545825.1494272635,301.1255243702108,520.3953654581676,1.0033649631677077,508
3732000,14928.000001206236,-678303.494686923,131079.26831738662,-547224.2263695364,300.1525454613029,520.3953654581676,1.0033649631677077,508
3733000,14932.00000120705,-677306.9508921118,132011.35314701078,-545295.597745101,302.28688476445,520.3953654581676,1.0033649631677077,508
3734000,14936.000001207865,-677529.4251575381,131115.88689422526,-546413.5382633129,300.23639670025455,520.3953654581676,1.0033649631677077,508
3735000,14940.00000120868,-677516.2512375503,131103.5736334913,-546412.677604059,300.20820111601256,520.3953654581676,1.0033649631677077,508
3736000,14944.000001209495,-678173.7665997846,131407.4736588089,-546766.2929409756,300.9040881722629,520.3953654581676,1.0033649631677077,508
3737000,14948.00000121031,-678443.5073037851,131728.14240843948,-546715.3648953456,301.63837317924396,520.3953654581676,1.0033649631677077,508
3738000,14952.000001211125,-678090.0405541249,131581.98573750517,-546508.0548166197,301.30369556484914,520.3953654581676,1.0033649631677077,508
3739000,14956.00000121194,-678368.9981165244,131619.3103458797,-546749.6877706447,301.3891635137916,520.3953654581676,1.0033649631677077,508
3740000,14960.000001212755,-677450.0581518998,131208.82763226784,-546241.230519632,300.44921753346966,520.3953654581676,1.0033649631677077,508
3741000,14964.00000121357,-677995.6827262929,131362.055932438,-546633.6267938549,300.80008815491243,520.3953654581676,1.0033649631677077,508
3742000,14968.000001214385,-676315.1841711374,131715.93940605188,-544599.2447650855,301.6104300706508,520.3953654581676,1.0033649631677077,508
3743000,14972.0000012152,-678456.6073471475,131714.6177543545,-546741.989592793,301.6074036796259,520.3953654581676,1.0033649631677077,508
3744000,14976.000001216014,-678383.8878913862,131117.64101590624,-547266.2468754799,300.24041338492447,520.3953654581676,1.0033649631677077,508
3745000,14980.00000121683,-678503.2713041971,132267.4810790458,-546235.7902251513,302.8733806440112,520.3953654581676,1.0033649631677077,508
3746000,14984.000001217644,-677955.2966080005,131622.426634341,-546332.8699736595,301.39629936316015,520.3953654581676,1.0033649631677077,508
3747000,14988.00000121846,-677362.6024336936,131561.20728866832,-545801.3951450253,301.25611592552724,520.3953654581676,1.0033649631677077,508
3748000,14992.000001219274,-678024.4570924272,131568.23534293936,-546456.2217494878,301.272209152215,520.3953654581676,1.0033649631677077,508
3749000,14996.000001220089,-678194.773086282,132080.41650475742,-546114.3565815245,302.4450298539966,520.3953654581676,1.0033649631677077,508
3750000,15000.000001220904,-677352.0068652509,132301.12525084603,-545050.8816144048,302.9504209260894,520.3953654581676,1.0033649631677077,508
3751000,15004.000001221719,-678307.770472581,131835.40805220368,-546472.3624203773,301.8839959724565,520.3953654581676,1.0033649631677077,508
3752000,15008.000001222534,-677797.2005444965,131132.7436786713,-546664.4568658252,300.27499629593984,520.3953654581676,1.0033649631677077,508
3753000,15012.000001223349,-676600.1603402682,130656.26841202495,-545943.8919282432,299.1839369242399,520.3953654581676,1.0033649631677077,508
3754000,15016.000001224163,-676728.5275719124,131935.30998598266,-544793.2175859297,302.11275693599544,520.3953654581676,1.0033649631677077,508
3755000,15020.000001224978,-677793.1730918209,131501.0313306956,-546292.1417611253,301.1183216946551,520.3953654581676,1.0033649631677077,508
3756000,15024.000001225793,-678809.227775712,131720.19951286865,-547089.0282628434,301.6201850984397,520.3953654581676,1.0033649631677077,508
3757000,15028.000001226608,-677558.6233770084,131501.14352202578,-546057.4798549826,301.118578596557,520.3953654581676,1.0033649631677077,508
3758000,15032.000001227423,-677693.6788927554,131419.55823083862,-546274.1206619168,300.93176009248407,520.3953654581676,1.0033649631677077,508
3759000,15036.000001228238,-676706.4405309721,130555.97861134313,-546150.461919629,298.95428780165275,520.3953654581676,1.0033649631677077,508
3760000,15040.000001229053,-678052.561214244,131865.75404387433,-546186.8071703697,301.95348389958195,520.3953654581676,1.0033649631677077,508
3761000,15044.000001229868,-678347.4336388423,132577.92304372892,-545769.5105951134,303.5842477942003,520.3953654581676,1.0033649631677077,508
3762000,15048.000001230683,-677993.0405153139,130136.92386370504,-547856.1166516088,297.99471310455675,520.3953654581676,1.0033649631677077,508
3763000,15052.000001231498,-677070.7684969334,131845.08063580282,-545225.6878611306,301.90614478840376,520.3953654581676,1.0033649631677077,508
3764000,15056.000001232313,-677006.6027672403,131092.3984470682,-545914.2043201721,300.18261155716044,520.3953654581676,1.0033649631677077,508
3765000,15060.000001233127,-677931.3133903863,131423.87949431757,-546507.4338960687,300.9416551601745,520.3953654581676,1.0033649631677077,508
3766000,15064.000001233942,-676887.0283012385,131255.38413432683,-545631.6441669117,300.5558251822623,520.3953654581676,1.0033649631677077,508
3767000,15068.000001234757,-675948.2780596707,131133.6053536592,-544814.6727060114,300.2769694069001,520.3953654581676,1.0033649631677077,508
3768000,15072.000001235572,-676088.8881759178,131995.3601362093,-544093.5280397085,302.2502630853448,520.3953654581676,1.0033649631677077,508
3769000,15076.000001236387,-678031.7074360391,130985.81314049583,-547045.8942955433,299.93854663761107,520.3953654581676,1.0033649631677077,508
3770000,15080.000001237202,-677839.2352385162,131054.69929304079,-546784.5359454755,300.09628595290343,520.3953654581676,1.0033649631677077,508
3771000,15084.000001238017,-677008.9982155506,131137.59935692287,-545871.3988586277,300.28611509608163,520.3953654581676,1.0033649631677077,508
3772000,15088.000001238832,-676197.7470469684,131085.0811067836,-545112.6659401848,300.16585590738737,520.3953654581676,1.0033649631677077,508
3773000,15092.000001239647,-677096.565310149,130786.48817813786,-546310.0771320111,299.4821213341004,520.3953654581676,1.0033649631677077,508
3774000,15096.000001240462,-678031.3399941982,131716.03146312298,-546315.3085310753,301.6106408680146,520.3953654581676,1.0033649631677077,508
3775000,15100.000001241277,-676677.8388591763,130857.85593660618,-545819.9829225701,299.64554316764514,520.3953654581676,1.0033649631677077,508
3776000,15104.000001242091,-677264.3011453841,131366.0506929619,-545898.2504524222,300.80923557811025,520.3953654581676,1.0033649631677077,508
3777000,15108.000001242906,-677399.1705021639,131608.7628960965,-545790.4076060674,301.3650113809548,520.3953654581676,1.0033649631677077,508
3778000,15112.000001243721,-678022.8267566259,132651.28687645,-545371.5398801758,303.75224034877203,520.3953654581676,1.0033649631677077,508
3779000,15116.000001244536,-677072.0663202875,131933.26305281918,-545138.8032674683,302.1080697554268,520.3953654581676,1.0033649631677077,508
3780000,15120.000001245351,-678845.0200186428,131957.7620722978,-546887.257946345,302.16416896281646,520.3953654581676,1.0033649631677077,508
3781000,15124.000001246166,-677395.8144620792,132142.49241659447,-545253.3220454848,302.58717470412347,520.3953654581676,1.0033649631677077,508
3782000,15128.00000124698,-676966.7764422633,132166.97732009203,-544799.7991221712,302.64324158796035,520.3953654581676,1.0033649631677077,508
3783000,15132.000001247796,-676930.7029869198,131116.4445734833,-545814.2584134365,300.23767370500906,520.3953654581676,1.0033649631677077,508
3784000,15136.00000124861,-676846.9969584439,129797.24909988302,-547049.7478585609,297.2169070769607,520.3953654581676,1.0033649631677077,508
3785000,15140.000001249426,-677738.6651624478,131186.4551936294,-546552.2099688185,300.39798788829614,520.3953654581676,1.0033649631677077,508
3786000,15144.00000125024,-679126.6529295715,130899.775932247,-548226.8769973244,299.74153388806064,520.3953654581676,1.0033649631677077,508
3787000,15148.000001251055,-677270.1089846501,131308.4205230658,-545961.6884615843,300.6772708333285,520.3953654581676,1.0033649631677077,508
3788000,15152.00000125187,-677589.4965823907,131507.04313943966,-546082.4534429511,301.1320878662283,520.3953654581676,1.0033649631677077,508
3789000,15156.000001252685,-677259.0951758898,131701.98113531916,-545557.1140405706,301.57846765169285,520.3953654581676,1.0033649631677077,508
3790000,15160.0000012535,-676024.5992042348,131073.28657351044,-544951.3126307244,300.138848133924,520.3953654581676,1.0033649631677077,508
3791000,15164.000001254315,-678318.720087098,131421.63880526833,-546897.0812818296,300.93652430668146,520.3953654581676,1.0033649631677077,508
3792000,15168.00000125513,-678772.3424585904,131877.65412683727,-546894.6883317531,301.9807333665524,520.3953654581676,1.0033649631677077,508
3793000,15172.000001255945,-677504.2290768032,132132.92615369114,-545371.3029231121,302.56526934717544,520.3953654581676,1.0033649631677077,508
3794000,15176.00000125676,-677016.0974122444,132148.8309887198,-544867.2664235246,302.6016891165278,520.3953654581676,1.0033649631677077,508
3795000,15180.000001257575,-677636.4024084341,131714.03384688235,-545922.3685615517,301.6060666160587,520.3953654581676,1.0033649631677077,508
3796000,15184.00000125839,-677418.3243096257,132339.38704051767,-545078.937269108,303.0380348845076,520.3953654581676,1.0033649631677077,508
3797000,15188.000001259205,-677548.5575668919,132506.8260351203,-545041.7315317716,303.4214459386323,520.3953654581676,1.0033649631677077,508
3798000,15192.00000126002,-678677.9943866446,130201.83108857245,-548476.1632980721,298.143341251577,520.3953654581676,1.0033649631677077,508
3799000,15196.000001260834,-678760.5896168728,132358.7079249852,-546401.8816918876,303.08227691246475,520.3953654581676,1.0033649631677077,508
3800000,15200.00000126165,-676489.2224395056,131974.07439258427,-544515.1480469214,302.2015218144093,520.3953654581676,1.0033649631677077,508
3801000,15204.000001262464,-678376.6558126672,132173.51688318024,-546203.138929487,302.6582162405681,520.3953654581676,1.0033649631677077,508
3802000,15208.000001263279,-677855.2666565715,130507.69329557166,-547347.5733609998,298.84372141977366,520.3953654581676,1.0033649631677077,508
3803000,15212.000001264094,-676201.6273190104,132915.50183425285,-543286.1254847576,304.35725434641995,520.3953654581676,1.0033649631677077,508
3804000,15216.000001264909,-677785.2064819001,131377.10165191,-546408.1048299901,300.8345406740315,520.3953654581676,1.0033649631677077,508
3805000,15220.000001265724,-677284.7043736228,131131.684845026,-546153.0195285968,300.2725717202008,520.3953654581676,1.0033649631677077,508
3806000,15224.000001266539,-677379.0825532475,131317.95592540788,-546061.1266278396,300.6991055240596,520.3953654581676,1.0033649631677077,508
3807000,15228.000001267354,-677411.8123583025,132124.8216429894,-545286.9907153131,302.5467111911217,520.3953654581676,1.0033649631677077,508
3808000,15232.000001268168,-678543.0095714773,131797.65766594332,-546745.351905534,301.79755305380394,520.3953654581676,1.0033649631677077,508
3809000,15236.000001268983,-677714.6367873764,131539.5387127743,-546175.0980746021,301.206498024126,520.3953654581676,1.0033649631677077,508
3810000,15240.000001269798,-676171.8227358693,131051.17750359408,-545120.6452322752,300.0882215649908,520.3953654581676,1.0033649631677077,508
3811000,15244.000001270613,-675767.9343490973,131329.25134880596,-544438.6830002913,300.7249704081753,520.3953654581676,1.0033649631677077,508
3812000,15248.000001271428,-676254.5092048547,131766.5783416254,-544487.9308632293,301.7263859010956,520.3953654581676,1.0033649631677077,508
3813000,15252.000001272243,-677753.2838026178,131718.01129623066,-546035.2725063872,301.6151743991709,520.3953654581676,1.0033649631677077,508
3814000,15256.000001273058,-677668.6651960295,130808.1751438193,-546860.4900522102,299.5317813454521,520.3953654581676,1.0033649631677077,508
3815000,15260.000001273873,-677843.8571555144,131306.39389752853,-546537.4632579859,300.6726301542835,520.3953654581676,1.0033649631677077,508
3816000,15264.000001274688,-676789.2986467015,130876.88644581917,-545912.4122008823,299.68912027831277,520.3953654581676,1.0033649631677077,508
3817000,15268.000001275503,-678255.9050369752,131683.2215165972,-546572.683520378,301.5355108410273,520.3953654581676,1.0033649631677077,508
3818000,15272.000001276318,-676650.2809760151,131091.62407416425,-545558.6569018508,300.18083835533196,520.3953654581676,1.0033649631677077,508
3819000,15276.000001277132,-677443.0847325204,131665.37123143277,-545777.7135010876,301.4946362725461,520.3953654581676,1.0033649631677077,508
3820000,15280.000001277947,-677838.1845475025,130840.47843601303,-546997.7061114896,299.6057512073776,520.3953654581676,1.0033649631677077,508
3821000,15284.000001278762,-677983.8575835312,131916.32437173813,-546067.533211793,302.0692826283052,520.3953654581676,1.0033649631677077,508
3822000,15288.000001279577,-678041.7799277548,131415.54263300513,-546626.2372947496,300.9225649548643,520.3953654581676,1.0033649631677077,508
3823000,15292.000001280392,-676670.5761549165,132060.65265972438,-544609.9234951922,302.3997735104808,520.3953654581676,1.0033649631677077,508
3824000,15296.000001281207,-677835.044319021,131349.1604257052,-546485.8838933159,300.7705593116365,520.3953654581676,1.0033649631677077,508
3825000,15300.000001282022,-677522.8042970514,130950.94379984558,-546571.8604972058,299.8587008962587,520.3953654581676,1.0033649631677077,508
3826000,15304.000001282837,-678001.2857532217,130991.32778071123,-547009.9579725105,299.95117436523884,520.3953654581676,1.0033649631677077,508
3827000,15308.000001283652,-678178.6173359426,131694.56843337958,-546484.048902563,301.5614936375373,520.3953654581676,1.0033649631677077,508
3828000,15312.000001284467,-678157.7358405045,132133.42689465842,-546024.308945846,302.56641597148814,520.3953654581676,1.0033649631677077,508
3829000,15316.000001285282,-676936.4835833181,130140.8243039205,-546795.6592793976,298.0036445479049,520.3953654581676,1.0033649631677077,508
3830000,15320.000001286096,-677707.2193576768,130945.85354931193,-546761.3658083649,299.8470449595547,520.3953654581676,1.0033649631677077,508
3831000,15324.000001286911,-677495.7790191164,132442.23707732605,-545053.5419417904,303.27354657712766,520.3953654581676,1.0033649631677077,508
3832000,15328.000001287726,-677824.3893333217,131137.36331636313,-546687.0260169585,300.2855745973761,520.3953654581676,1.0033649631677077,508
3833000,15332.000001288541,-678572.2276971047,131776.49659873248,-546795.7310983723,301.749097273805,520.3953654581676,1.0033649631677077,508
3834000,15336.000001289356,-677410.2192871547,131618.20734404825,-545792.0119431065,301.3866377993013,520.3953654581676,1.0033649631677077,508
3835000,15340.000001290171,-678465.0621962994,130500.5033846884,-547964.558811611,298.82725756487923,520.3953654581676,1.0033649631677077,508
3836000,15344.000001290986,-678549.7772631645,130933.64344422129,-547616.1338189433,299.8190855868,520.3953654581676,1.0033649631677077,508
3837000,15348.0000012918,-677412.5516682295,131136.4532752016,-546276.0983930279,300.28349073488124,520.3953654581676,1.0033649631677077,508
3838000,15352.000001292616,-677925.6623194362,132589.63408632833,-545336.0282331079,303.61106438610943,520.3953654581676,1.0033649631677077,508
3839000,15356.00000129343,-677183.647665571,131920.3541056309,-545263.2935599401,302.0785101354539,520.3953654581676,1.0033649631677077,508
3840000,15360.000001294246,-678032.412959687,131953.66347082047,-546078.7494888664,302.1547837588704,520.3953654581676,1.0033649631677077,508
3841000,15364.00000129506,-678393.0797514333,132143.5589552982,-546249.5207961351,302.5896169233308,520.3953654581676,1.0033649631677077,508
3842000,15368.000001295875,-678347.9316671151,131509.97404832527,-546837.9576187897,301.1387992232097,520.3953654581676,1.0033649631677077,508
3843000,15372.00000129669,-677923.7233547997,130886.2772733728,-547037.4460814269,299.7106239137114,520.3953654581676,1.0033649631677077,508
3844000,15376.000001297505,-678193.0986150969,131004.56769899675,-547188.5309161001,299.98149186110305,520.3953654581676,1.0033649631677077,508
3845000,15380.00000129832,-678802.3211292708,132115.14519212308,-546687.1759371478,302.52455351969246,520.3953654581676,1.0033649631677077,508
3846000,15384.000001299135,-677145.4554718793,130020.78598339064,-547124.6694884887,297.7287741742566,520.3953654581676,1.0033649631677077,508
3847000,15388.00000129995,-677730.9004050693,132076.26097261254,-545654.6394324568,302.4355142870649,520.3953654581676,1.0033649631677077,508
3848000,15392.000001300765,-677226.5100250077,131784.52573288535,-545441.9842921223,301.7674828284756,520.3953654581676,1.0033649631677077,508
3849000,15396.00000130158,-678768.5913293762,131893.27346559227,-546875.3178637839,302.0164993907751,520.3953654581676,1.0033649631677077,508
3850000,15400.000001302395,-678917.370882262,131755.78204133874,-547161.5888409233,301.701663936637,520.3953654581676,1.0033649631677077,508
3851000,15404.00000130321,-676772.0155791901,132420.70512925362,-544351.3104499364,303.2242415336556,520.3953654581676,1.0033649631677077,508
3852000,15408.000001304024,-677162.2654802823,131726.12758625508,-545436.1378940272,301.63375952816807,520.3953654581676,1.0033649631677077,508
3853000,15412.00000130484,-677316.15279441,131351.13757784833,-545965.0152165617,300.77508670377216,520.3953654581676,1.0033649631677077,508
3854000,15416.000001305654,-676651.7815688192,130681.81884743081,-545969.9627213883,299.2424437218682,520.3953654581676,1.0033649631677077,508
3855000,15420.00000130647,-677311.8501180238,131384.83550738828,-545927.0146106356,300.85225008329076,520.3953654581676,1.0033649631677077,508
3856000,15424.000001307284,-677592.4674568921,131167.77083477215,-546424.69662212,300.355203411824,520.3953654581676,1.0033649631677077,508
3857000,15428.000001308099,-678198.2697007633,132052.2389346137,-546146.0307661495,302.38050729820174,520.3953654581676,1.0033649631677077,508
3858000,15432.000001308914,-677287.3531411048,132168.97372587753,-545118.3794152273,302.6478130681493,520.3953654581676,1.0033649631677077,508
3859000,15436.000001309729,-678968.4826880936,130650.39364803417,-548318.0890400594,299.17048456530887,520.3953654581676,1.0033649631677077,508
3860000,15440.000001310544,-676805.0015574764,131231.0515870513,-545573.9499704251,300.50010717211427,520.3953654581676,1.0033649631677077,508
3861000,15444.000001311359,-677562.8674400295,132601.93398583116,-544960.9334541983,303.63922937506675,520.3953654581676,1.0033649631677077,508
3862000,15448.000001312173,-677143.782197346,131119.53988864625,-546024.2423086998,300.24476152856107,520.3953654581676,1.0033649631677077,508
3863000,15452.000001312988,-676099.3957378515,131185.87257605477,-544913.5231617967,300.39665377840754,520.3953654581676,1.0033649631677077,508
3864000,15456.000001313803,-677967.0566117526,131818.25075847615,-546148.8058532765,301.84470825402735,520.3953654581676,1.0033649631677077,508
3865000,15460.000001314618,-678533.1871051257,132090.47095608525,-546442.7161490405,302.4680530917519,520.3953654581676,1.0033649631677077,508
3866000,15464.000001315433,-677269.7019104436,131056.59175558214,-546213.1101548615,300.1006194181132,520.3953654581676,1.0033649631677077,508
3867000,15468.000001316248,-678828.9613036793,131884.03931991023,-546944.921983769,301.9953545341765,520.3953654581676,1.0033649631677077,508
3868000,15472.000001317063,-676726.2843874022,131606.2041218097,-545120.0802655926,301.35915215832324,520.3953654581676,1.0033649631677077,508
3869000,15476.000001317878,-677949.3041524026,132039.9411699241,-545909.3629824785,302.35234719765765,520.3953654581676,1.0033649631677077,508
3870000,15480.000001318693,-678708.1794432462,131712.44624028628,-546995.7332029599,301.6024312268235,520.3953654581676,1.0033649631677077,508
3871000,15484.000001319508,-677344.02892516,131852.86151798576,-545491.1674071741,301.9239618820077,520.3953654581676,1.0033649631677077,508
3872000,15488.000001320323,-677977.3976694774,131542.01339446433,-546435.3842750131,301.2121646868867,520.3953654581676,1.0033649631677077,508
3873000,15492.000001321137,-677712.4668629505,131515.07488340815,-546197.3919795423,301.15047939699883,520.3953654581676,1.0033649631677077,508
3874000,15496.000001321952,-677562.8821825441,130469.4354312148,-547093.4467513293,298.756116449758,520.3953654581676,1.0033649631677077,508
3875000,15500.000001322767,-678499.0089332405,131824.53911597416,-546674.4698172663,301.85910768220566,520.3953654581676,1.0033649631677077,508
3876000,15504.000001323582,-678112.6562699303,130534.55270477735,-547578.103565153,298.9052255778771,520.3953654581676,1.0033649631677077,508
3877000,15508.000001324397,-676351.0556092965,131648.90336889098,-544702.1522404056,301.4569272517095,520.3953654581676,1.0033649631677077,508
3878000,15512.000001325212,-677437.3877036166,131249.2659771582,-546188.1217264584,300.541815488195,520.3953654581676,1.0033649631677077,508
3879000,15516.000001326027,-677477.9047066029,131044.91049079038,-546432.9942158125,300.07387101307205,520.3953654581676,1.0033649631677077,508
3880000,15520.000001326842,-677439.6317189992,131530.74569801628,-545908.886020983,301.186363293472,520.3953654581676,1.0033649631677077,508
3881000,15524.000001327657,-677355.3966195541,130964.93128664745,-546390.4653329067,299.89073021578486,520.3953654581676,1.0033649631677077,508
3882000,15528.000001328472,-678342.1717630471,131386.371209186,-546955.8005538611,300.855766618053,520.3953654581676,1.0033649631677077,508
3883000,15532.000001329287,-678906.0925247939,131837.1171178721,-547068.9754069218,301.88790948538133,520.3953654581676,1.0033649631677077,508
3884000,15536.000001330101,-678510.1342560626,132016.81636912894,-546493.3178869337,302.2993947520798,520.3953654581676,1.0033649631677077,508
3885000,15540.000001330916,-678118.771508175,131259.7618104932,-546859.0096976818,300.56584942683895,520.3953654581676,1.0033649631677077,508
3886000,15544.000001331731,-678899.9772624862,131213.2553056451,-547686.7219568412,300.45935626442014,520.3953654581676,1.0033649631677077,508
3887000,15548.000001332546,-677534.7153668706,132461.13770901447,-545073.5776578562,303.3168262870691,520.3953654581676,1.0033649631677077,508
3888000,15552.000001333361,-677659.7368995836,131283.15803275292,-546376.5788668307,300.61942338827146,520.3953654581676,1.0033649631677077,508
3889000,15556.000001334176,-679216.4235184174,130240.5872610017,-548975.8362574157,298.2320872749284,520.3953654581676,1.0033649631677077,508
3890000,15560.00000133499,-677435.4711469482,132632.23432907194,-544803.2368178762,303.7086127738972,520.3953654581676,1.0033649631677077,508
3891000,15564.000001335806,-676840.5568348924,132094.07223932276,-544746.4845955695,302.4762995089355,520.3953654581676,1.0033649631677077,508
3892000,15568.00000133662,-676939.6027057855,131327.21290746922,-545612.3897983163,300.72030267266035,520.3953654581676,1.0033649631677077,508
3893000,15572.000001337436,-677169.5928556519,132411.4227947645,-544758.1700608874,303.20298633166595,520.3953654581676,1.0033649631677077,508
3894000,15576.00000133825,-678216.3423563652,131170.04527457888,-547046.2970817863,300.36041154966495,520.3953654581676,1.0033649631677077,508
3895000,15580.000001339065,-678226.5143553442,131352.3083066026,-546874.2060487417,300.77776750310943,520.3953654581676,1.0033649631677077,508
3896000,15584.00000133988,-678170.126925238,130713.95372253866,-547456.1732026993,299.3160279330521,520.3953654581676,1.0033649631677077,508
3897000,15588.000001340695,-678351.9157891013,131303.48474955675,-547048.4310395445,300.6659686266441,520.3953654581676,1.0033649631677077,508
3898000,15592.00000134151,-677827.2978303023,131100.14380055678,-546727.1540297455,300.20034729519847,520.3953654581676,1.0033649631677077,508
3899000,15596.000001342325,-678798.395498503,130948.08911139908,-547850.3063871039,299.85216407304694,520.3953654581676,1.0033649631677077,508
3900000,15600.00000134314,-678772.0191047699,130301.72770395223,-548470.2914008177,298.37209003675184,520.3953654581676,1.0033649631677077,508
3901000,15604.000001343955,-678007.5914096585,131969.82457178028,-546037.7668378783,302.1917903401003,520.3953654581676,1.0033649631677077,508
3902000,15608.00000134477,-677638.4674481093,131479.24023987638,-546159.227208233,301.0684232518141,520.3953654581676,1.0033649631677077,508
3903000,15612.000001345585,-678725.2295930646,131173.75386592315,-547551.4757271415,300.36890368687585,520.3953654581676,1.0033649631677077,508
3904000,15616.0000013464,-677185.4172094371,131090.7719337906,-546094.6452756466,300.17888707725774,520.3953654581676,1.0033649631677077,508
3905000,15620.000001347214,-677900.326481122,131067.50727701478,-546832.8192041073,300.12561438173407,520.3953654581676,1.0033649631677077,508
3906000,15624.00000134803,-678648.0291041317,131173.09629583225,-547474.9328082995,300.36739794657734,520.3953654581676,1.0033649631677077,508
3907000,15628.000001348844,-679154.5461988882,132165.28110524628,-546989.2650936419,302.6393575015587,520.3953654581676,1.0033649631677077,508
3908000,15632.00000134966,-677847.2808010192,131291.78921609547,-546555.4915849237,300.6391875484157,520.3953654581676,1.0033649631677077,508
3909000,15636.000001350474,-677131.0254622283,131007.42761999933,-546123.5978422291,299.98804066611063,520.3953654581676,1.0033649631677077,508
3910000,15640.000001351289,-677070.5068607242,131534.17972797342,-545536.3271327508,301.1942267248602,520.3953654581676,1.0033649631677077,508
3911000,15644.000001352104,-678235.997777144,132524.35378419544,-545711.6439929486,303.46158194616913,520.3953654581676,1.0033649631677077,508
3912000,15648.000001352919,-677939.6988688065,131981.7274155568,-545957.9714532497,302.2190461289341,520.3953654581676,1.0033649631677077,508
3913000,15652.000001353734,-677674.5121135768,131988.86730397266,-545685.6448096042,302.235395439621,520.3953654581676,1.0033649631677077,508
3914000,15656.000001354549,-678191.2713867668,131350.0109345621,-546841.2604522047,300.77250685377356,520.3953654581676,1.0033649631677077,508
3915000,15660.000001355364,-677976.793279042,130725.63632511912,-547251.1569539229,299.34277940143573,520.3953654581676,1.0033649631677077,508
3916000,15664.000001356178,-678691.4966044738,131609.49011516623,-547082.0064893076,301.3666766073303,520.3953654581676,1.0033649631677077,508
3917000,15668.000001356993,-678474.7546232096,131829.20829154676,-546645.5463316628,301.86979941821636,520.3953654581676,1.0033649631677077,508
3918000,15672.000001357808,-677637.8225031756,131628.682588114,-546009.1399150616,301.41062459149987,520.3953654581676,1.0033649631677077,508
3919000,15676.000001358623,-677444.703849717,131150.81371237081,-546293.8901373462,300.31637405674905,520.3953654581676,1.0033649631677077,508
3920000,15680.000001359438,-677998.2173278956,132086.7444392878,-545911.4728886078,302.45951990784863,520.3953654581676,1.0033649631677077,508
3921000,15684.000001360253,-677811.3514192607,130891.53564299142,-546919.8157762693,299.72266481877796,520.3953654581676,1.0033649631677077,508
3922000,15688.000001361068,-677808.99261251,131424.65658113587,-546384.336031374,300.94343457647386,520.3953654581676,1.0033649631677077,508
3923000,15692.000001361883,-678854.5574716609,130770.03135362046,-548084.5261180404,299.44443758874144,520.3953654581676,1.0033649631677077,508
3924000,15696.000001362698,-677540.8831889536,131346.8968488298,-546193.9863401238,300.7653760483355,520.3953654581676,1.0033649631677077,508
3925000,15700.000001363513,-676186.5051018363,131961.44237919463,-544225.0627226416,302.172596332738,520.3953654581676,1.0033649631677077,508
3926000,15704.000001364328,-676635.2895906684,132055.95774633044,-544579.331844338,302.3890228385859,520.3953654581676,1.0033649631677077,508
3927000,15708.000001365142,-677827.244861607,131333.12403209903,-546494.1208295079,300.73383829219006,520.3953654581676,1.0033649631677077,508
3928000,15712.000001365957,-677227.8111707643,131381.66031517187,-545846.1508555925,300.8449793528517,520.3953654581676,1.0033649631677077,508
3929000,15716.000001366772,-678321.4772226936,131955.24782878486,-546366.2293939088,302.1584117092095,520.3953654581676,1.0033649631677077,508
3930000,15720.000001367587,-677129.9645363479,132042.25379761122,-545087.7107387367,302.3576427802155,520.3953654581676,1.0033649631677077,508
3931000,15724.000001368402,-678569.751878133,131049.25693040754,-547520.4949477254,300.0838237304737,520.3953654581676,1.0033649631677077,508
3932000,15728.000001369217,-676869.6500573251,130710.64239742525,-546159.0076598999,299.30844547798966,520.3953654581676,1.0033649631677077,508
3933000,15732.000001370032,-677959.2086938992,132168.64100048164,-545790.5676934175,302.64705117516803,520.3953654581676,1.0033649631677077,508
3934000,15736.000001370847,-676983.6949576545,131273.69000543546,-545710.004952219,300.59774297659146,520.3953654581676,1.0033649631677077,508
3935000,15740.000001371662,-677797.7747209389,131640.4423309506,-546157.3323899882,301.43755269990083,520.3953654581676,1.0033649631677077,508
3936000,15744.000001372477,-676523.1462045871,131358.2456466906,-545164.9005578965,300.7913631522427,520.3953654581676,1.0033649631677077,508
3937000,15748.000001373292,-677108.4472781159,130448.70941363447,-546659.7378644814,298.708656870422,520.3953654581676,1.0033649631677077,508
3938000,15752.000001374106,-676881.1147599099,131342.13361966205,-545538.9811402479,300.75446894320993,520.3953654581676,1.0033649631677077,508
3939000,15756.000001374921,-676878.4418423781,131504.78228647728,-545373.6595559008,301.1269108402937,520.3953654581676,1.0033649631677077,508
3940000,15760.000001375736,-678881.8161530672,131983.15146312164,-546898.6646899455,302.2223069916696,520.3953654581676,1.0033649631677077,508
3941000,15764.000001376551,-678732.4772077044,131040.83769743802,-547691.6395102665,300.06454490599543,520.3953654581676,1.0033649631677077,508
3942000,15768.000001377366,-679354.5754014198,130928.76994968165,-548425.8054517382,299.80792598993816,520.3953654581676,1.0033649631677077,508
3943000,15772.000001378181,-677242.3118839557,131565.25525210222,-545677.0566318536,301.2653851756857,520.3953654581676,1.0033649631677077,508
3944000,15776.000001378996,-676854.168510634,131525.05574040263,-545329.1127702313,301.17333411438653,520.3953654581676,1.0033649631677077,508
3945000,15780.00000137981,-678292.8844998521,131026.78499682737,-547266.0995030247,300.03236625628955,520.3953654581676,1.0033649631677077,508
3946000,15784.000001380626,-677104.0802765605,130852.37598826084,-546251.7042882997,299.63299487937684,520.3953654581676,1.0033649631677077,508
3947000,15788.00000138144,-677209.838947989,130798.8581041554,-546410.9808438336,299.51044667363726,520.3953654581676,1.0033649631677077,508
3948000,15792.000001382256,-677071.419006058,130620.21915235976,-546451.1998536983,299.101389339184,520.3953654581676,1.0033649631677077,508
3949000,15796.00000138307,-678785.5012215003,132226.84374938195,-546558.6574721184,302.78032704296567,520.3953654581676,1.0033649631677077,508
3950000,15800.000001383885,-678632.987985584,130945.36086299166,-547687.6271225923,299.8459167792174,520.3953654581676,1.0033649631677077,508
3951000,15804.0000013847,-677016.892138401,131592.8276542844,-545424.0644841166,301.3285219844709,520.3953654581676,1.0033649631677077,508
3952000,15808.000001385515,-676870.8660054896,131987.98640003015,-544882.8796054595,302.23337829713887,520.3953654581676,1.0033649631677077,508
3953000,15812.00000138633,-677681.8399807992,130741.68455798738,-546940.1554228119,299.37952753107817,520.3953654581676,1.0033649631677077,508
3954000,15816.000001387145,-677269.3907319587,131015.14078314818,-546254.2499488106,300.0057026929315,520.3953654581676,1.0033649631677077,508
3955000,15820.00000138796,-677336.5637344248,132334.08601584064,-545002.4777185841,303.02589630553337,520.3953654581676,1.0033649631677077,508
3956000,15824.000001388775,-678336.6711000823,131952.38640367636,-546384.284696406,302.1518594600171,520.3953654581676,1.0033649631677077,508
3957000,15828.00000138959,-678325.2771152863,131508.76429216104,-546816.5128231253,301.13602905675435,520.3953654581676,1.0033649631677077,508
3958000,15832.000001390405,-678059.9793652627,131793.1237821779,-546266.8555830847,301.7871711164428,520.3953654581676,1.0033649631677077,508
3959000,15836.00000139122,-676956.4131341139,131867.64703086688,-545088.766103247,301.95781856570903,520.3953654581676,1.0033649631677077,508
3960000,15840.000001392034,-678032.5888510221,131074.12362874288,-546958.4652222792,300.1407648692089,520.3953654581676,1.0033649631677077,508
3961000,15844.00000139285,-678042.2157062958,130955.91750426817,-547086.2982020276,299.8700899592431,520.3953654581676,1.0033649631677077,508
3962000,15848.000001393664,-678072.7464298387,132099.20257572317,-545973.5438541155,302.4880472364703,520.3953654581676,1.0033649631677077,508
3963000,15852.00000139448,-677602.3555466575,131311.6537582652,-546290.7017883923,300.6846744737945,520.3953654581676,1.0033649631677077,508
3964000,15856.000001395294,-677562.5971081029,131399.76977115008,-546162.8273369528,300.8864473849711,520.3953654581676,1.0033649631677077,508
3965000,15860.000001396109,-676410.8331357571,131918.46225508727,-544492.3708806699,302.07417807163034,520.3953654581676,1.0033649631677077,508
3966000,15864.000001396924,-677851.9772044239,131091.48572659912,-546760.4914778247,300.1805215594391,520.3953654581676,1.0033649631677077,508
3967000,15868.000001397739,-676752.8021507347,131499.58661090612,-545253.2155398286,301.1150134955183,520.3953654581676,1.0033649631677077,508
3968000,15872.000001398554,-676490.5182935721,131016.95297322562,-545473.5653203465,300.00985234582157,520.3953654581676,1.0033649631677077,508
3969000,15876.000001399369,-677654.2869313546,131134.11132233636,-546520.1756090182,300.2781280019115,520.3953654581676,1.0033649631677077,508
3970000,15880.000001400183,-676642.5903810263,131915.2188555058,-544727.3715255205,302.066751156201,520.3953654581676,1.0033649631677077,508
3971000,15884.000001400998,-678572.9125724966,132156.23204744907,-546416.6805250475,302.6186364694175,520.3953654581676,1.0033649631677077,508
3972000,15888.000001401813,-679821.7404578724,131885.2957280604,-547936.444729812,301.99823152692477,520.3953654581676,1.0033649631677077,508
3973000,15892.000001402628,-677383.2457951154,131339.0930944811,-546044.1527006342,300.7475065807836,520.3953654581676,1.0033649631677077,508
3974000,15896.000001403443,-678124.2184853633,132554.07870813308,-545570.1397772302,303.5296477181105,520.3953654581676,1.0033649631677077,508
3975000,15900.000001404258,-677141.1284316452,131187.6783655341,-545953.450066111,300.40078877485473,520.3953654581676,1.0033649631677077,508
3976000,15904.000001405073,-677740.0918254294,132271.12664007256,-545468.9651853568,302.88172845092123,520.3953654581676,1.0033649631677077,508
3977000,15908.000001405888,-678396.2835531007,130476.10850935383,-547920.1750437468,298.77139683250044,520.3953654581676,1.0033649631677077,508
3978000,15912.000001406703,-677146.2487143977,131625.14322638186,-545521.1054880158,301.4025199655979,520.3953654581676,1.0033649631677077,508
3979000,15916.000001407518,-677156.5036492012,131316.50768022216,-545839.9959689791,300.6957892522759,520.3953654581676,1.0033649631677077,508
3980000,15920.000001408333,-676406.0466128471,130718.69666127267,-545687.3499515745,299.32688857602227,520.3953654581676,1.0033649631677077,508
3981000,15924.000001409147,-678932.185464704,131647.06610398224,-547285.1193607217,301.4527201810863,520.3953654581676,1.0033649631677077,508
3982000,15928.000001409962,-677085.5719052549,132313.04923585407,-544772.5226694008,302.97772512528235,520.3953654581676,1.0033649631677077,508
3983000,15932.000001410777,-676981.6737565538,131957.35814479893,-545024.3156117549,302.1632440273287,520.3953654581676,1.0033649631677077,508
3984000,15936.000001411592,-678623.2090204298,131689.6075492514,-546933.6014711784,301.55013393117093,520.3953654581676,1.0033649631677077,508
3985000,15940.000001412407,-678716.0090582399,130965.72119417042,-547750.2878640695,299.8925389896416,520.3953654581676,1.0033649631677077,508
3986000,15944.000001413222,-676862.7094568396,131296.00916924188,-545566.7002875977,300.6488506301133,520.3953654581676,1.0033649631677077,508
3987000,15948.000001414037,-678995.5430829981,131308.60699939565,-547686.9360836025,300.6776978371239,520.3953654581676,1.0033649631677077,508
3988000,15952.000001414852,-677459.1416222798,131955.5274500938,-545503.614172186,302.1590520015205,520.3953654581676,1.0033649631677077,508
3989000,15956.000001415667,-677146.9075090853,131409.33860297038,-545737.5689061149,300.9083586243671,520.3953654581676,1.0033649631677077,508
3990000,15960.000001416482,-677247.3051172518,132392.18347234395,-544855.1216449079,303.1589310689871,520.3953654581676,1.0033649631677077,508
3991000,15964.000001417297,-677491.015235798,132415.89460519946,-545075.1206305985,303.213226130088,520.3953654581676,1.0033649631677077,508
3992000,15968.000001418111,-678046.9385576001,132113.40864618565,-545933.5299114145,302.5205770809305,520.3953654581676,1.0033649631677077,508
3993000,15972.000001418926,-678025.6076822751,131628.84594886412,-546396.761733411,301.4109986639646,520.3953654581676,1.0033649631677077,508
3994000,15976.000001419741,-676855.4769856832,131347.86861521238,-545507.6083704708,300.7676012526494,520.3953654581676,1.0033649631677077,508
3995000,15980.000001420556,-676146.675198311,131530.32653387147,-544616.3486644395,301.18540346827126,520.3953654581676,1.0033649631677077,508
3996000,15984.000001421371,-678951.7559168879,130420.81257688103,-548530.9433400069,298.64477715344344,520.3953654581676,1.0033649631677077,508
3997000,15988.000001422186,-677276.4091008981,131142.9410885989,-546133.4680122992,300.2983468881896,520.3953654581676,1.0033649631677077,508
3998000,15992.000001423,-680314.3027647226,130795.37932947715,-549518.9234352454,299.50248078331634,520.3953654581676,1.0033649631677077,508
3999000,15996.000001423816,-676730.7445145617,130875.9713627749,-545854.7731517868,299.68702487063644,520.3953654581676,1.0033649631677077,508
4000000,16000.00000142463,-677627.5586618483,131357.52570944093,-546270.0329524074,300.78971460018073,520.3953654581676,1.0033649631677077,508
4001000,16004.000001425446,-676959.1929332041,132587.529137515,-544371.6637956891,303.60624435810274,520.3953654581676,1.0033649631677077,508
4002000,16008.00000142626,-678369.704560495,131416.77034064138,-546952.9342198536,300.92537622759136,520.3953654581676,1.0033649631677077,508
4003000,16012.000001427075,-677062.3621756323,131476.45028742528,-545585.911888207,301.0620346646587,520.3953654581676,1.0033649631677077,508
4004000,16016.00000142789,-678098.4278425532,132435.78644831473,-545662.6413942385,303.25877557067923,520.3953654581676,1.0033649631677077,508
4005000,16020.000001428705,-677413.566857324,130614.78219754284,-546798.7846597811,299.08893949987066,520.3953654581676,1.0033649631677077,508
4006000,16024.00000142952,-676736.346170248,130607.31555551992,-546129.0306147281,299.0718419707343,520.3953654581676,1.0033649631677077,508
4007000,16028.000001430335,-676796.7544007171,130813.4550889578,-545983.2993117593,299.54387165533524,520.3953654581676,1.0033649631677077,508
4008000,16032.00000143115,-677344.8634230183,130939.59643489082,-546405.2669881275,299.8327170734988,520.3953654581676,1.0033649631677077,508
4009000,16036.000001431965,-676810.7195545728,132128.31291414122,-544682.4066404316,302.55470569655773,520.3953654581676,1.0033649631677077,508
4010000,16040.00000143278,-677679.3106653946,131698.34867495554,-545980.9619904391,301.5701498434046,520.3953654581676,1.0033649631677077,508
4011000,16044.000001433595,-678872.5550178243,130266.73598190707,-548605.8190359172,298.29196405972476,520.3953654581676,1.0033649631677077,508
4012000,16048.00000143441,-678736.1543849162,130853.63383609772,-547882.5205488184,299.6358751687993,520.3953654581676,1.0033649631677077,508
4013000,16052.000001435224,-676837.0556505881,131582.65697532892,-545254.3986752592,301.30523260227693,520.3953654581676,1.0033649631677077,508
4014000,16056.00000143604,-676900.4291037843,131362.1665602749,-545538.2625435094,300.8003414766411,520.3953654581676,1.0033649631677077,508
4015000,16060.000001436854,-676981.7063028486,131516.53263427492,-545465.1736685737,301.1538174354158,520.3953654581676,1.0033649631677077,508
4016000,16064.00000143767,-675850.5272823875,131232.43043151157,-544618.0968508759,300.50326452628525,520.3953654581676,1.0033649631677077,508
4017000,16068.000001438484,-678239.7105953735,131255.51631483965,-546984.1942805338,300.5561278564983,520.3953654581676,1.0033649631677077,508
4018000,16072.000001439299,-678029.3848343426,132147.32066936162,-545882.064164981,302.59823070387694,520.3953654581676,1.0033649631677077,508
4019000,16076.000001440114,-676495.5487383129,131835.77853254566,-544659.7702057672,301.8848443187978,520.3953654581676,1.0033649631677077,508
4020000,16080.000001440929,-677309.4610093618,131726.84380192752,-545582.6172074343,301.635399558357,520.3953654581676,1.0033649631677077,508
4021000,16084.000001441744,-678869.7372737513,131235.574343857,-547634.1629298943,300.5104636303488,520.3953654581676,1.0033649631677077,508
4022000,16088.000001442559,-677123.2348642382,130999.9611754017,-546123.2736888365,299.97094358904957,520.3953654581676,1.0033649631677077,508
4023000,16092.000001443374,-676952.7471207143,130942.82068111078,-546009.9264396036,299.8401001305035,520.3953654581676,1.0033649631677077,508
4024000,16096.000001444188,-679233.090737185,131751.469813651,-547481.620923534,301.69178955960007,520.3953654581676,1.0033649631677077,508
4025000,16100.000001445003,-676966.4560265932,130784.99979296862,-546181.4562336246,299.4787131475663,520.3953654581676,1.0033649631677077,508
4026000,16104.000001445818,-677492.5246970337,131205.30717496842,-546287.2175220653,300.4411561959815,520.3953654581676,1.0033649631677077,508
4027000,16108.000001446633,-676669.9331845148,133441.65977391094,-543228.2734106039,305.56207984575565,520.3953654581676,1.0033649631677077,508
4028000,16112.000001447448,-677776.0055471985,131775.5306916386,-546000.4748555599,301.7468854864138,520.3953654581676,1.0033649631677077,508
4029000,16116.000001448263,-678409.0011694701,131057.93370154046,-547351.0674679297,300.10369228005726,520.3953654581676,1.0033649631677077,508
4030000,16120.000001449078,-678037.3722591894,131827.2882652523,-546210.0839939371,301.86540283600294,520.3953654581676,1.0033649631677077,508
4031000,16124.000001449893,-675149.0699693002,130569.13684071321,-544579.933128587,298.98441824172835,520.3953654581676,1.0033649631677077,508
4032000,16128.000001450708,-677130.945716708,131154.72058022232,-545976.2251364856,300.32532021845304,520.3953654581676,1.0033649631677077,508
4033000,16132.000001451523,-677238.4512184658,130911.23463491339,-546327.2165835524,299.76777265805947,520.3953654581676,1.0033649631677077,508
4034000,16136.000001452338,-677797.3504991014,131631.41266582522,-546165.9378332762,301.4168760741702,520.3953654581676,1.0033649631677077,508
4035000,16140.000001453152,-677715.3078236175,130753.01610853447,-546962.291715083,299.4054751411343,520.3953654581676,1.0033649631677077,508
4036000,16144.000001453967,-677548.0959349317,130461.68739381048,-547086.4085411212,298.7383745659415,520.3953654581676,1.0033649631677077,508
4037000,16148.000001454782,-676901.1587743806,132334.82174018805,-544566.3370341925,303.0275810077633,520.3953654581676,1.0033649631677077,508
4038000,16152.000001455597,-677479.152300376,131743.43550982146,-545735.7167905546,301.67339216711844,520.3953654581676,1.0033649631677077,508
4039000,16156.000001456412,-677801.2385699712,131407.97201794773,-546393.2665520235,300.9052293425333,520.3953654581676,1.0033649631677077,508
4040000,16160.000001457227,-676763.0204038429,130964.79061433731,-545798.2297895056,299.89040809656257,520.3953654581676,1.0033649631677077,508
4041000,16164.000001458042,-677199.3510696008,132448.69349451165,-544750.6575750891,303.28833083765716,520.3953654581676,1.0033649631677077,508
4042000,16168.000001458857,-677297.3010558393,130666.67404756969,-546630.6270082695,299.20776432300397,520.3953654581676,1.0033649631677077,508
4043000,16172.000001459672,-675943.1581009445,132182.03747809405,-543761.1206228505,302.6777271692226,520.3953654581676,1.0033649631677077,508
4044000,16176.000001460487,-677183.8488360886,131428.7637703293,-545755.0850657593,300.9528394450464,520.3953654581676,1.0033649631677077,508
4045000,16180.000001461302,-677502.1638990459,131315.8336663755,-546186.3302326704,300.6942458581576,520.3953654581676,1.0033649631677077,508
4046000,16184.000001462116,-678106.6586561948,131374.53352101642,-546732.1251351784,300.8286600261252,520.3953654581676,1.0033649631677077,508
4047000,16188.000001462931,-678642.9825355825,131738.62150094775,-546904.3610346348,301.66236878381864,520.3953654581676,1.0033649631677077,508
4048000,16192.000001463746,-677166.8257903219,131063.72511599073,-546103.1006743312,300.11695378060864,520.3953654581676,1.0033649631677077,508
4049000,16196.000001464561,-678138.9666224704,131291.42290500688,-546847.5437174635,300.63834874906104,520.3953654581676,1.0033649631677077,508
4050000,16200.000001465376,-677756.0792139927,131043.11395864055,-546712.9652553522,300.069757214569,520.3953654581676,1.0033649631677077,508
4051000,16204.000001466191,-677401.0896058683,131082.10188806505,-546318.9877178033,300.15903392788346,520.3953654581676,1.0033649631677077,508
4052000,16208.000001467006,-678144.5086250002,131212.53041797585,-546931.9782070244,300.4576963766142,520.3953654581676,1.0033649631677077,508
4053000,16212.00000146782,-678370.8769210591,130921.00685646327,-547449.8700645958,299.7901496304874,520.3953654581676,1.0033649631677077,508
4054000,16216.000001468636,-678087.8413652657,131020.48771544563,-547067.35364982,300.0179463937096,520.3953654581676,1.0033649631677077,508
4055000,16220.00000146945,-678483.7932432615,132177.20385686774,-546306.5893863938,302.666658876475,520.3953654581676,1.0033649631677077,508
4056000,16224.000001470265,-677459.5784801431,131571.20222419477,-545888.3762559483,301.2790028807147,520.3953654581676,1.0033649631677077,508
4057000,16228.00000147108,-676706.4971140712,131471.1991897079,-545235.2979243633,301.05001041119306,520.3953654581676,1.0033649631677077,508
4058000,16232.000001471895,-677943.0024119844,130995.12605263584,-546947.8763593485,299.95987185799385,520.3953654581676,1.0033649631677077,508
4059000,16236.00000147271,-677414.1105053616,131323.99772483855,-546090.112780523,300.7129403699629,520.3953654581676,1.0033649631677077,508
4060000,16240.000001473525,-677420.1997439484,131120.32790973637,-546299.871834212,300.2465659827597,520.3953654581676,1.0033649631677077,508
4061000,16244.00000147434,-677078.2492989781,131486.24052126368,-545592.0087777145,301.0844528826193,520.3953654581676,1.0033649631677077,508
4062000,16248.000001475155,-677028.0318060364,132184.4290701996,-544843.6027358368,302.68320356886534,520.3953654581676,1.0033649631677077,508
4063000,16252.00000147597,-678102.8162368038,131224.8127435039,-546878.0034932999,300.4858211237137,520.3953654581676,1.0033649631677077,508
4064000,16256.000001476785,-678567.0134326769,131679.6344558029,-546887.378976874,301.5272969911794,520.3953654581676,1.0033649631677077,508
4065000,16260.0000014776,-678441.9398799236,130544.04328521813,-547897.8965947055,298.92695763294404,520.3953654581676,1.0033649631677077,508
4066000,16264.000001478415,-678064.0981183974,131708.27586210996,-546355.8222562874,301.5928816646294,520.3953654581676,1.0033649631677077,508
4067000,16268.00000147923,-678447.1611738559,131818.10606014088,-546629.055113715,301.8443769157905,520.3953654581676,1.0033649631677077,508
4068000,16272.000001480044,-678000.1138962926,131182.34778218297,-546817.7661141097,300.3885825107965,520.3953654581676,1.0033649631677077,508
4069000,16276.00000148086,-676591.570774823,131512.96163846715,-545078.6091363558,301.145640372061,520.3953654581676,1.0033649631677077,508
4070000,16280.000001481674,-679269.8820512383,131543.61996458907,-547726.2620866492,301.2158434998569,520.3953654581676,1.0033649631677077,508
4071000,16284.00000148249,-678494.9728406193,130733.81281864515,-547761.1600219741,299.36150238773473,520.3953654581676,1.0033649631677077,508
4072000,16288.000001483304,-677040.6910474617,131079.99295053649,-545960.6980969252,300.1542047662964,520.3953654581676,1.0033649631677077,508
4073000,16292.000001484119,-678283.0413841167,131864.21028622024,-546418.8310978964,301.949948918075,520.3953654581676,1.0033649631677077,508
4074000,16296.000001484934,-677691.0058576153,130466.13805141882,-547224.8678061964,298.7485659274532,520.3953654581676,1.0033649631677077,508
4075000,16300.000001485749,-678111.0167900864,131513.25698247016,-546597.7598076162,301.146316667065,520.3953654581676,1.0033649631677077,508
4076000,16304.000001486564,-676986.1430778187,130867.59377234406,-546118.5493054746,299.66784140154226,520.3953654581676,1.0033649631677077,508
4077000,16308.000001487379,-676921.9873683066,130875.52839137707,-546046.4589769295,299.68601053027334,520.3953654581676,1.0033649631677077,508
4078000,16312.000001488193,-677597.8130881563,131215.74929905095,-546382.0637891053,300.4650671482139,520.3953654581676,1.0033649631677077,508
4079000,16316.000001489008,-678039.562016415,131546.97577363974,-546492.5862427752,301.22352781669485,520.3953654581676,1.0033649631677077,508
4080000,16320.000001489823,-677732.693300664,131171.85699092888,-546560.8363097351,300.36456011778773,520.3953654581676,1.0033649631677077,508
4081000,16324.000001490638,-677116.5181016666,131576.13251959602,-545540.3855820706,301.2902925433254,520.3953654581676,1.0033649631677077,508
4082000,16328.000001491453,-678313.3620991339,130723.92396969208,-547589.4381294418,299.33885835544,520.3953654581676,1.0033649631677077,508
4083000,16332.000001492268,-677970.8464394156,131913.5207608054,-546057.3256786102,302.0628627652045,520.3953654581676,1.0033649631677077,508
4084000,16336.000001493083,-676231.0268346397,131669.03299458313,-544561.9938400566,301.5030211799732,520.3953654581676,1.0033649631677077,508
4085000,16340.000001493898,-676458.3452056306,130224.78387603012,-546233.5613296005,298.1958998115178,520.3953654581676,1.0033649631677077,508
4086000,16344.000001494713,-678211.1978265042,131352.50998102417,-546858.68784548,300.77822930833435,520.3953654581676,1.0033649631677077,508
4087000,16348.000001495528,-676753.7747236793,132517.9358443641,-544235.8388793152,303.44688579320984,520.3953654581676,1.0033649631677077,508
4088000,16352.000001496343,-677914.8894863017,131753.95475216315,-546160.9347341385,301.6974797089983,520.3953654581676,1.0033649631677077,508
4089000,16356.000001497157,-678335.1442402918,131128.60407536014,-547206.5401649317,300.265517203731,520.3953654581676,1.0033649631677077,508
4090000,16360.000001497972,-677774.3157376735,131654.89128396317,-546119.4244537104,301.47063871023374,520.3953654581676,1.0033649631677077,508
4091000,16364.000001498787,-676361.8423356288,131494.1898169711,-544867.6525186577,301.10265561880965,520.3953654581676,1.0033649631677077,508
4092000,16368.000001499602,-677188.3352518366,131710.14246024808,-545478.1927915885,301.5971559041007,520.3953654581676,1.0033649631677077,508
4093000,16372.000001500417,-677966.9545783899,132005.7635212429,-545961.191057147,302.27408533076414,520.3953654581676,1.0033649631677077,508
4094000,16376.000001501232,-679130.1181226885,132125.14117557328,-547004.9769471153,302.54744287447363,520.3953654581676,1.0033649631677077,508
4095000,16380.000001502047,-676752.8910029437,131449.71294388612,-545303.1780590576,301.0008100192577,520.3953654581676,1.0033649631677077,508
4096000,16384.00000150286,-678256.608874212,131664.6789847135,-546591.9298894985,301.49305112778944,520.3953654581676,1.0033649631677077,508
4097000,16388.000001503675,-678489.8062672592,131658.4438025638,-546831.3624646954,301.47877346345945,520.3953654581676,1.0033649631677077,508
4098000,16392.00000150449,-678073.5844806614,130777.78496057654,-547295.7995200849,299.462192226025,520.3953654581676,1.0033649631677077,508
4099000,16396.000001505305,-677629.6071462203,130604.34701294248,-547025.2601332779,299.06504443804766,520.3953654581676,1.0033649631677077,508
4100000,16400.00000150612,-678278.627953935,132067.53561994544,-546211.0923339895,302.4155344928023,520.3953654581676,1.0033649631677077,508
4101000,16404.000001506934,-678075.0486162538,131525.15476104652,-546549.8938552073,301.1735608573238,520.3953654581676,1.0033649631677077,508
4102000,16408.00000150775,-677128.5962902824,131848.55809802737,-545280.0381922551,301.9141076733958,520.3953654581676,1.0033649631677077,508
4103000,16412.000001508564,-677263.5584605075,131728.63416337495,-545534.9242971325,301.639499226845,520.3953654581676,1.0033649631677077,508
4104000,16416.00000150938,-677254.9386869804,131561.828911684,-545693.1097752964,301.25753935222826,520.3953654581676,1.0033649631677077,508
4105000,16420.000001510194,-677627.4456459051,132105.88614297047,-545521.5595029346,302.503351637752,520.3953654581676,1.0033649631677077,508
4106000,16424.00000151101,-676501.1608515382,132250.00052389115,-544251.160327647,302.8333527037191,520.3953654581676,1.0033649631677077,508
4107000,16428.000001511824,-676099.1062523606,131275.75803698762,-544823.348215373,300.60247846941536,520.3953654581676,1.0033649631677077,508
4108000,16432.00000151264,-677319.1253435896,131440.23166917491,-545878.8936744146,300.9790992729641,520.3953654581676,1.0033649631677077,508
4109000,16436.000001513454,-678612.0462540081,131418.21217839513,-547193.834075613,300.92867782728354,520.3953654581676,1.0033649631677077,508
4110000,16440.00000151427,-678082.2225429295,131577.24122498045,-546504.981317949,301.29283131812616,520.3953654581676,1.0033649631677077,508
4111000,16444.000001515084,-678586.2840828486,131361.81670682976,-547224.4673760189,300.79954036290707,520.3953654581676,1.0033649631677077,508
4112000,16448.0000015159,-676671.3767836643,131492.03603703543,-545179.3407466289,301.0977237746031,520.3953654581676,1.0033649631677077,508
4113000,16452.000001516713,-677243.3707745844,132299.67651403113,-544943.6942605532,302.9471035285461,520.3953654581676,1.0033649631677077,508
4114000,16456.00000151753,-678958.3153172028,131570.5104740506,-547387.8048431522,301.27741887304313,520.3953654581676,1.0033649631677077,508
4115000,16460.000001518343,-676925.9236036683,131823.37032555905,-545102.5532781093,301.8564313213844,520.3953654581676,1.0033649631677077,508
4116000,16464.000001519158,-679714.0293574035,132224.49004615948,-547489.539311244,302.77493740337917,520.3953654581676,1.0033649631677077,508
4117000,16468.000001519973,-678528.8967492878,131436.52239753326,-547092.3743517546,300.97060557797073,520.3953654581676,1.0033649631677077,508
4118000,16472.000001520788,-678085.2567082173,131306.78445666624,-546778.4722515511,300.6735244781598,520.3953654581676,1.0033649631677077,508
4119000,16476.000001521603,-677092.7030051737,131755.94784958876,-545336.755155585,301.7020436135221,520.3953654581676,1.0033649631677077,508
4120000,16480.000001522418,-678716.7335245763,130844.29339196905,-547872.4401326072,299.61448690414886,520.3953654581676,1.0033649631677077,508
4121000,16484.000001523233,-677154.5190980975,131205.63571017378,-545948.8833879237,300.4419084940331,520.3953654581676,1.0033649631677077,508
4122000,16488.000001524048,-677569.0625778041,130426.57521720807,-547142.487360596,298.6579727654189,520.3953654581676,1.0033649631677077,508
4123000,16492.000001524862,-677335.7013756526,130906.40589322167,-546429.2954824308,299.7567155387397,520.3953654581676,1.0033649631677077,508
4124000,16496.000001525677,-677790.594870978,131539.436425379,-546251.158445599,301.2062638008011,520.3953654581676,1.0033649631677077,508
4125000,16500.000001526492,-677243.5052965684,132669.50483797144,-544574.000458597,303.79395684287493,520.3953654581676,1.0033649631677077,508
4126000,16504.000001527307,-677281.1554391198,132478.9539698927,-544802.2014692271,303.3576229448613,520.3953654581676,1.0033649631677077,508
4127000,16508.000001528122,-679055.0942129302,131699.42908538066,-547355.6651275496,301.5726238268453,520.3953654581676,1.0033649631677077,508
4128000,16512.000001528937,-678574.0671134973,132072.66595371667,-546501.4011597806,302.4272822143166,520.3953654581676,1.0033649631677077,508
4129000,16516.000001529752,-677780.454194468,131076.66154577275,-546703.7926486952,300.146576331742,520.3953654581676,1.0033649631677077,508
4130000,16520.000001530567,-679208.4607261415,131414.49876239678,-547793.9619637447,300.9201746423133,520.3953654581676,1.0033649631677077,508
4131000,16524.00000153138,-676866.5611149115,132234.95679182,-544631.6043230915,302.7989047354602,520.3953654581676,1.0033649631677077,508
4132000,16528.000001532197,-677627.6425259267,131793.137425602,-545834.5051003247,301.78720235790854,520.3953654581676,1.0033649631677077,508
4133000,16532.00000153301,-677805.373630302,131580.70906001376,-546224.6645702883,301.3007721582441,520.3953654581676,1.0033649631677077,508
4134000,16536.000001533826,-676158.1699578925,131502.59937631182,-544655.5705815807,301.1219122920786,520.3953654581676,1.0033649631677077,508
4135000,16540.00000153464,-677729.7798702614,131349.82080359617,-546379.9590666653,300.77207148139064,520.3953654581676,1.0033649631677077,508
4136000,16544.000001535456,-676504.4907473819,131162.59381078614,-545341.8969365958,300.3433487764781,520.3953654581676,1.0033649631677077,508
4137000,16548.00000153627,-677684.4079079791,130855.47010425711,-546828.937803722,299.6400799570108,520.3953654581676,1.0033649631677077,508
4138000,16552.000001537086,-677228.3298308817,131500.34977401016,-545727.9800568715,301.11676102852806,520.3953654581676,1.0033649631677077,508
4139000,16556.0000015379,-679324.9893878456,131858.6747335518,-547466.3146542938,301.9372733039576,520.3953654581676,1.0033649631677077,508
4140000,16560.000001538716,-678631.9706207421,132038.88028374757,-546593.0903369945,302.34991792191926,520.3953654581676,1.0033649631677077,508
4141000,16564.00000153953,-678030.5986494687,131236.368334556,-546794.2303149127,300.51228175408744,520.3953654581676,1.0033649631677077,508
4142000,16568.000001540346,-677583.3998953216,130896.0339449158,-546687.3659504058,299.73296527887504,520.3953654581676,1.0033649631677077,508
4143000,16572.00000154116,-677863.6026485288,130757.45462489285,-547106.1480236358,299.4156387009415,520.3953654581676,1.0033649631677077,508
4144000,16576.000001541976,-677473.6233091475,131302.5203495649,-546171.1029595826,300.66376029029834,520.3953654581676,1.0033649631677077,508
4145000,16580.00000154279,-677852.8347122092,131738.17117410118,-546114.663538108,301.6613376005429,520.3953654581676,1.0033649631677077,508
4146000,16584.000001543605,-676460.655391321,132165.1176892391,-544295.537702082,302.63898330256336,520.3953654581676,1.0033649631677077,508
4147000,16588.00000154442,-678332.0664403294,130663.06621657545,-547669.000223754,299.1995029124055,520.3953654581676,1.0033649631677077,508
4148000,16592.000001545235,-678100.5828141537,131968.5897834035,-546131.9930307502,302.1889628535027,520.3953654581676,1.0033649631677077,508
4149000,16596.00000154605,-676676.4636357091,131234.59765942174,-545441.8659762874,300.50822716440626,520.3953654581676,1.0033649631677077,508
4150000,16600.000001546865,-677756.8155793231,130898.39810180233,-546858.4174775208,299.7383788558386,520.3953654581676,1.0033649631677077,508
4151000,16604.00000154768,-676307.748040359,131916.2342690581,-544391.5137713009,302.06907630621396,520.3953654581676,1.0033649631677077,508
4152000,16608.000001548495,-677175.6248553027,131253.64022491476,-545921.984630388,300.55183188220957,520.3953654581676,1.0033649631677077,508
4153000,16612.00000154931,-676766.4556703367,131278.06579979777,-545488.389870539,300.60776291210925,520.3953654581676,1.0033649631677077,508
4154000,16616.000001550125,-677483.2848133678,130808.17925933131,-546675.1055540364,299.53179076937874,520.3953654581676,1.0033649631677077,508
4155000,16620.00000155094,-677902.133825616,131499.652604423,-546402.481221193,301.11516461111677,520.3953654581676,1.0033649631677077,508
4156000,16624.000001551754,-677284.7608825741,132202.92347680405,-545081.8374057701,302.7255530821819,520.3953654581676,1.0033649631677077,508
4157000,16628.00000155257,-676702.4978473722,132815.95902756517,-543886.538819807,304.129315731922,520.3953654581676,1.0033649631677077,508
4158000,16632.000001553384,-677780.650609036,132607.69447534054,-545172.9561336954,303.65242006198116,520.3953654581676,1.0033649631677077,508
4159000,16636.0000015542,-677575.1277552596,131747.12957680968,-545827.9981784499,301.68185104565697,520.3953654581676,1.0033649631677077,508
4160000,16640.000001555014,-677403.6662982828,131057.70087754734,-546345.9654207354,300.10315914682354,520.3953654581676,1.0033649631677077,508
4161000,16644.00000155583,-677899.1103805439,130663.19888538455,-547235.9114951593,299.1998067047692,520.3953654581676,1.0033649631677077,508
4162000,16648.000001556644,-677341.4981848588,131341.63030629838,-545999.8678785604,300.7533164284819,520.3953654581676,1.0033649631677077,508
4163000,16652.00000155746,-676778.341837855,131522.4675300592,-545255.8743077959,301.1674074874474,520.3953654581676,1.0033649631677077,508
4164000,16656.000001558274,-676454.5195287298,131079.29240816395,-545375.227120566,300.1526006256949,520.3953654581676,1.0033649631677077,508
4165000,16660.00000155909,-677495.0740322568,132017.22244205035,-545477.8515902065,302.3003246002745,520.3953654581676,1.0033649631677077,508
4166000,16664.000001559903,-678252.2398047806,131432.111299759,-546820.1285050216,300.9605048027512,520.3953654581676,1.0033649631677077,508
4167000,16668.00000156072,-677839.045204971,132020.075858348,-545818.9693466229,302.30685851044956,520.3953654581676,1.0033649631677077,508
4168000,16672.000001561533,-678616.0744668273,131755.9596813724,-546860.1147854549,301.7020707065935,520.3953654581676,1.0033649631677077,508
4169000,16676.00000156235,-677492.1041815514,132273.54219095153,-545218.5619905998,302.8872597126861,520.3953654581676,1.0033649631677077,508
4170000,16680.000001563163,-677639.2450356041,132404.68553275295,-545234.5595028512,303.1875589771486,520.3953654581676,1.0033649631677077,508
4171000,16684.000001563978,-678257.4954180643,131767.21664014156,-546490.2787779227,301.7278475122783,520.3953654581676,1.0033649631677077,508
4172000,16688.000001564793,-677266.1971938554,132289.96488729666,-544976.2323065588,302.924865309472,520.3953654581676,1.0033649631677077,508
4173000,16692.000001565608,-676827.1223656321,131212.43808786868,-545614.6842777634,300.4574849540372,520.3953654581676,1.0033649631677077,508
4174000,16696.000001566423,-677613.6041464694,131442.9884902847,-546170.6156561847,300.98541199414507,520.3953654581676,1.0033649631677077,508
4175000,16700.000001567238,-677820.9240862909,130869.58594661887,-546951.3381396721,299.6724031921844,520.3953654581676,1.0033649631677077,508
4176000,16704.000001568053,-677135.4223724552,131248.87768983206,-545886.5446826231,300.5409263664383,520.3953654581676,1.0033649631677077,508
4177000,16708.000001568867,-678987.1575449496,132207.92772458575,-546779.2298203638,302.73701208503616,520.3953654581676,1.0033649631677077,508
4178000,16712.000001569682,-678099.4187797988,131336.1117876089,-546763.3069921898,300.7406798197101,520.3953654581676,1.0033649631677077,508
4179000,16716.000001570497,-678298.7635380453,131456.97869999273,-546841.7848380526,301.017447548732,520.3953654581676,1.0033649631677077,508
4180000,16720.000001571312,-678324.005833324,130151.34419887152,-548172.6616344525,298.0277335841657,520.3953654581676,1.0033649631677077,508
4181000,16724.000001572127,-677845.6529749944,131726.27793983926,-546119.3750351551,301.6341038161061,520.3953654581676,1.0033649631677077,508
4182000,16728.000001572942,-677354.2103253081,131150.04903522052,-546204.1612900876,300.3146230567926,520.3953654581676,1.0033649631677077,508
4183000,16732.000001573757,-678564.7206212459,131727.80725793692,-546836.913363309,301.6376057331196,520.3953654581676,1.0033649631677077,508
4184000,16736.00000157457,-679440.2976891403,131344.81469993666,-548095.4829892037,300.76060822884483,520.3953654581676,1.0033649631677077,508
4185000,16740.000001575387,-676868.3335952866,130427.35830598552,-546440.975289301,298.6597659253357,520.3953654581676,1.0033649631677077,508
4186000,16744.0000015762,-677622.4870885541,130921.42886609421,-546701.0582224599,299.7911159714394,520.3953654581676,1.0033649631677077,508
4187000,16748.000001577017,-677322.0253532412,131025.94338878593,-546296.0819644553,300.0304390957312,520.3953654581676,1.0033649631677077,508
4188000,16752.00000157783,-677497.0029239315,131713.04320797577,-545783.9597159557,301.6037981963974,520.3953654581676,1.0033649631677077,508
4189000,16756.000001578646,-677086.9909428782,131647.64663810105,-545439.3443047771,301.45404952016276,520.3953654581676,1.0033649631677077,508
4190000,16760.00000157946,-676552.1269940063,130781.88032135923,-545770.2466726471,299.47157000924955,520.3953654581676,1.0033649631677077,508
4191000,16764.000001580276,-677674.4539853693,131213.86700261047,-546460.5869827588,300.46075696190314,520.3953654581676,1.0033649631677077,508
4192000,16768.00000158109,-676478.8934837109,130266.3136652858,-546212.5798184251,298.2909970158093,520.3953654581676,1.0033649631677077,508
4193000,16772.000001581906,-677082.1751374449,131509.73042975634,-545572.4447076885,301.13824137196036,520.3953654581676,1.0033649631677077,508
4194000,16776.00000158272,-679280.8877223199,132586.70896878385,-546694.1787535361,303.60436629046075,520.3953654581676,1.0033649631677077,508
4195000,16780.000001583536,-676949.2805575365,130606.31825265917,-546342.9623048774,299.0695582915828,520.3953654581676,1.0033649631677077,508
4196000,16784.00000158435,-677692.4343795194,130934.82730722317,-546757.6070722963,299.8217964616626,520.3953654581676,1.0033649631677077,508
4197000,16788.000001585166,-678456.5688919728,132040.02496141288,-546416.5439305599,302.3525390680348,520.3953654581676,1.0033649631677077,508
4198000,16792.00000158598,-679043.7613181346,132222.1381379041,-546821.6231802305,302.7695518740075,520.3953654581676,1.0033649631677077,508
4199000,16796.000001586795,-677867.4384818655,130877.19928620639,-546990.239195659,299.6898366375034,520.3953654581676,1.0033649631677077,508
4200000,16800.00000158761,-677723.85953971,131173.64004270884,-546550.2194970011,300.36864304819557,520.3953654581676,1.0033649631677077,508
4201000,16804.000001588425,-676734.8516304595,131018.54767239664,-545716.3039580629,300.01350397602647,520.3953654581676,1.0033649631677077,508
4202000,16808.00000158924,-677281.2701549195,130843.73437066854,-546437.5357842509,299.61320682631145,520.3953654581676,1.0033649631677077,508
4203000,16812.000001590055,-676658.4277981375,131526.28076746734,-545132.1470306702,301.1761392489929,520.3953654581676,1.0033649631677077,508
4204000,16816.00000159087,-677459.5037148152,131359.60360446945,-546099.9001103458,300.7944726789373,520.3953654581676,1.0033649631677077,508
4205000,16820.000001591685,-676979.9087655745,132031.9676954248,-544947.9410701497,302.3340890955347,520.3953654581676,1.0033649631677077,508
4206000,16824.0000015925,-678745.4274904719,131017.366194512,-547728.0612959599,300.010798562737,520.3953654581676,1.0033649631677077,508
4207000,16828.000001593315,-678705.7329179412,131421.98021829844,-547283.7526996427,300.9373060930871,520.3953654581676,1.0033649631677077,508
4208000,16832.00000159413,-676164.5099739213,131755.73217035647,-544408.7778035649,301.7015497393084,520.3953654581676,1.0033649631677077,508
4209000,16836.000001594944,-679841.4252245896,131604.87304917118,-548236.5521754185,301.35610419470726,520.3953654581676,1.0033649631677077,508
4210000,16840.00000159576,-677200.5961194546,131497.63132042304,-545702.9647990316,301.1105361634189,520.3953654581676,1.0033649631677077,508
4211000,16844.000001596574,-677453.3731635893,131014.60694000474,-546438.7662235845,300.00448026942826,520.3953654581676,1.0033649631677077,508
4212000,16848.00000159739,-677782.3933212874,131609.17907906603,-546173.2142422213,301.3659643796958,520.3953654581676,1.0033649631677077,508
4213000,16852.000001598204,-677412.9541865205,131285.92361191136,-546127.0305746092,300.62575616411567,520.3953654581676,1.0033649631677077,508
4214000,16856.00000159902,-677886.9302891963,131499.11994904804,-546387.8103401483,301.11394490743135,520.3953654581676,1.0033649631677077,508
4215000,16860.000001599834,-678907.691753414,131334.1784496776,-547573.5133037365,300.7362527557757,520.3953654581676,1.0033649631677077,508
4216000,16864.00000160065,-678417.9281864329,131326.77366355422,-547091.1545228787,300.71929686769323,520.3953654581676,1.0033649631677077,508
4217000,16868.000001601464,-676385.9735409296,131808.34154423935,-544577.6319966903,301.8220175881816,520.3953654581676,1.0033649631677077,508
4218000,16872.00000160228,-676768.7079749936,130888.23815627955,-545880.4698187141,299.71511405165137,520.3953654581676,1.0033649631677077,508
4219000,16876.000001603094,-676104.0404467182,132347.75159120763,-543756.2888555105,303.0571884944832,520.3953654581676,1.0033649631677077,508
4220000,16880.00000160391,-676821.4086945853,132591.0254785224,-544230.3832160629,303.614250472774,520.3953654581676,1.0033649631677077,508
4221000,16884.000001604723,-676685.3015060942,131650.25410102634,-545035.0474050678,301.4600202327267,520.3953654581676,1.0033649631677077,508
4222000,16888.00000160554,-678986.1000341023,129997.91071851546,-548988.1893155868,297.67639312980526,520.3953654581676,1.0033649631677077,508
4223000,16892.000001606353,-677200.2496739598,132113.17609015526,-545087.0735838045,302.5200445612927,520.3953654581676,1.0033649631677077,508
4224000,16896.000001607168,-677713.0401953734,132245.02006539976,-545468.0201299735,302.8219481748951,520.3953654581676,1.0033649631677077,508
4225000,16900.000001607983,-677593.9904566184,130989.44555069413,-546604.5449059242,299.946864331028,520.3953654581676,1.0033649631677077,508
4226000,16904.000001608798,-677159.0525230551,131709.7704739567,-545449.2820490984,301.5963041093534,520.3953654581676,1.0033649631677077,508
4227000,16908.000001609613,-677480.937074774,130735.83574751808,-546745.1013272558,299.3661346019536,520.3953654581676,1.0033649631677077,508
4228000,16912.000001610428,-679201.7391456678,131949.34937113692,-547252.3897745309,302.14490509523415,520.3953654581676,1.0033649631677077,508
4229000,16916.000001611243,-677707.5636848453,131435.27857418358,-546272.2851106618,300.9677574025933,520.3953654581676,1.0033649631677077,508
4230000,16920.000001612058,-678354.6889844486,130349.34613424307,-548005.3428502055,298.4811293474387,520.3953654581676,1.0033649631677077,508
4231000,16924.000001612872,-677921.639344024,132432.5621895995,-545489.0771544245,303.25139248506224,520.3953654581676,1.0033649631677077,508
4232000,16928.000001613687,-677837.6112566558,131693.33133792988,-546144.2799187258,301.5586608680767,520.3953654581676,1.0033649631677077,508
4233000,16932.000001614502,-677808.2907557841,131057.23909804161,-546751.0516577426,300.10210173861657,520.3953654581676,1.0033649631677077,508
4234000,16936.000001615317,-677674.241894104,131415.20762217283,-546259.0342719313,300.92179782856465,520.3953654581676,1.0033649631677077,508
4235000,16940.000001616132,-676528.253966162,131030.97403830237,-545497.2799278595,300.04195855473534,520.3953654581676,1.0033649631677077,508
4236000,16944.000001616947,-676457.4094551564,131638.55244018347,-544818.857014973,301.4332251236817,520.3953654581676,1.0033649631677077,508
4237000,16948.000001617762,-676970.5024794224,131930.23140009012,-545040.2710793322,302.1011277096307,520.3953654581676,1.0033649631677077,508
4238000,16952.000001618577,-677417.5887364903,132610.6228702315,-544806.9658662588,303.65912566227877,520.3953654581676,1.0033649631677077,508
4239000,16956.00000161939,-677008.1530746901,132468.55935682595,-544539.5937178642,303.33382078597595,520.3953654581676,1.0033649631677077,508
4240000,16960.000001620207,-677813.8901313609,131721.7660501367,-546092.1240812242,301.6237722419644,520.3953654581676,1.0033649631677077,508
4241000,16964.00000162102,-678281.3703159285,130535.75779939815,-547745.6125165303,298.9079850700729,520.3953654581676,1.0033649631677077,508
4242000,16968.000001621836,-677762.5913282586,131560.8775067992,-546201.7138214594,301.2553607727961,520.3953654581676,1.0033649631677077,508
4243000,16972.00000162265,-678162.5109859165,132233.16145756212,-545929.3495283544,302.7947936799564,520.3953654581676,1.0033649631677077,508
4244000,16976.000001623466,-677139.9951095558,131657.21319066454,-545482.7819188912,301.47595554039066,520.3953654581676,1.0033649631677077,508
4245000,16980.00000162428,-677183.4510977711,133270.87680294795,-543912.5742948231,305.17101156994056,520.3953654581676,1.0033649631677077,508
4246000,16984.000001625096,-677676.7297488269,131636.20484255048,-546040.5249062765,301.4278494650111,520.3953654581676,1.0033649631677077,508
4247000,16988.00000162591,-676865.0117815342,131770.79084968555,-545094.2209318486,301.7360319346237,520.3953654581676,1.0033649631677077,508
4248000,16992.000001626726,-677885.384296176,131071.07442810963,-546814.3098680663,300.13378264125294,520.3953654581676,1.0033649631677077,508
4249000,16996.00000162754,-677791.0740979551,131375.85574289015,-546415.218355065,300.83168772277133,520.3953654581676,1.0033649631677077,508
4250000,17000.000001628356,-677083.3445547759,131691.06047312153,-545392.2840816544,301.5534609164645,520.3953654581676,1.0033649631677077,508
4251000,17004.00000162917,-677862.3211337845,130723.6065966938,-547138.7145370906,299.33813161722645,520.3953654581676,1.0033649631677077,508
4252000,17008.000001629985,-678180.2964789006,131422.88603147137,-546757.4104474292,300.93938027410036,520.3953654581676,1.0033649631677077,508
4253000,17012.0000016308,-676951.957696219,130470.73454115965,-546481.2231550594,298.75909122343336,520.3953654581676,1.0033649631677077,508
4254000,17016.000001631615,-678620.7401256198,132199.98983807117,-546420.7502875486,302.7188354742455,520.3953654581676,1.0033649631677077,508
4255000,17020.00000163243,-679163.0675028753,131269.55749402335,-547893.510008852,300.5882801238046,520.3953654581676,1.0033649631677077,508
4256000,17024.000001633245,-677740.4632574739,131486.84522981115,-546253.6180276627,301.08583757763716,520.3953654581676,1.0033649631677077,508
4257000,17028.00000163406,-677229.5409811479,131797.91656607017,-545431.6244150777,301.7981458976082,520.3953654581676,1.0033649631677077,508
4258000,17032.000001634875,-676596.5132387928,131693.91295577318,-544902.6002830196,301.55999268872534,520.3953654581676,1.0033649631677077,508
4259000,17036.00000163569,-677162.4631968951,132229.71062476397,-544932.7525721311,302.7868917724952,520.3953654581676,1.0033649631677077,508
4260000,17040.000001636505,-678521.7293093833,131336.14886700505,-547185.5804423783,300.74076472615855,520.3953654581676,1.0033649631677077,508
4261000,17044.00000163732,-677420.2824265053,130675.44634982967,-546744.8360766757,299.2278516250364,520.3953654581676,1.0033649631677077,508
4262000,17048.000001638135,-677044.9577141572,131624.1397981472,-545420.81791601,301.40022226022705,520.3953654581676,1.0033649631677077,508
4263000,17052.00000163895,-678115.830753916,131837.96826499846,-546277.8624889175,301.889858489063,520.3953654581676,1.0033649631677077,508
4264000,17056.000001639764,-677635.3591024517,132124.14655801863,-545511.2125444331,302.54516534428427,520.3953654581676,1.0033649631677077,508
4265000,17060.00000164058,-677098.3169844057,132013.90094829848,-545084.4160361072,302.2927188605023,520.3953654581676,1.0033649631677077,508
4266000,17064.000001641394,-678002.0219408367,131652.0598511952,-546349.9620896415,301.46415513915866,520.3953654581676,1.0033649631677077,508
4267000,17068.00000164221,-678782.8940399378,130948.27958645485,-547834.6144534829,299.85260023334575,520.3953654581676,1.0033649631677077,508
4268000,17072.000001643024,-677450.3346149707,132049.94599803444,-545400.3886169363,302.3752568054299,520.3953654581676,1.0033649631677077,508
4269000,17076.00000164384,-677303.7035685414,130657.85491494976,-546645.8486535917,299.18756978622775,520.3953654581676,1.0033649631677077,508
4270000,17080.000001644654,-678698.736501819,131024.2849738957,-547674.4515279233,300.02664156575463,520.3953654581676,1.0033649631677077,508
4271000,17084.00000164547,-677643.2642071471,131442.84671672492,-546200.4174904221,300.98508735322054,520.3953654581676,1.0033649631677077,508
4272000,17088.000001646284,-678209.2901955997,130472.04793066531,-547737.2422649343,298.76209869523547,520.3953654581676,1.0033649631677077,508
4273000,17092.0000016471,-678087.1583737391,132012.56027445744,-546074.5980992817,302.28964891152265,520.3953654581676,1.0033649631677077,508
4274000,17096.000001647913,-677795.4000207554,130818.55940503557,-546976.8406157198,299.55555980009876,520.3953654581676,1.0033649631677077,508
4275000,17100.00000164873,-677276.8262547594,130672.23630421009,-546604.5899505494,299.2205010853505,520.3953654581676,1.0033649631677077,508
4276000,17104.000001649543,-678730.0158134378,131027.56314157881,-547702.452671859,300.03414809510264,520.3953654581676,1.0033649631677077,508
4277000,17108.000001650358,-676839.9197473386,131776.5613643623,-545063.3583829764,301.7492455777199,520.3953654581676,1.0033649631677077,508
4278000,17112.000001651173,-675731.675325952,130809.14292896522,-544922.5323969868,299.5339974333105,520.3953654581676,1.0033649631677077,508
4279000,17116.000001651988,-678631.6794014596,130785.27188816015,-547846.4075132995,299.4793362061582,520.3953654581676,1.0033649631677077,508
4280000,17120.000001652803,-676881.9224916091,131541.4606434675,-545340.4618481416,301.21089896713687,520.3953654581676,1.0033649631677077,508
4281000,17124.000001653618,-675968.1210847474,131940.65340947732,-544027.46767527,302.1249926021232,520.3953654581676,1.0033649631677077,508
4282000,17128.000001654433,-678266.4000938023,131525.18171835918,-546741.218375443,301.17362258566664,520.3953654581676,1.0033649631677077,508
4283000,17132.000001655248,-677858.4922101349,131624.68376748264,-546233.8084426522,301.4014678712438,520.3953654581676,1.0033649631677077,508
4284000,17136.000001656063,-677005.681273092,131751.24167059892,-545254.4396024931,301.6912671450437,520.3953654581676,1.0033649631677077,508
4285000,17140.000001656877,-677707.6586108203,131815.05875465996,-545892.5998561603,301.837399027459,520.3953654581676,1.0033649631677077,508
4286000,17144.000001657692,-677071.4523143242,131612.11537971254,-545459.3369346117,301.3726880830289,520.3953654581676,1.0033649631677077,508
4287000,17148.000001658507,-677201.9018047187,130895.32801675831,-546306.5737879603,299.7313488056058,520.3953654581676,1.0033649631677077,508
4288000,17152.000001659322,-676823.2869965164,131960.71320358204,-544862.5737929344,302.1709266261626,520.3953654581676,1.0033649631677077,508
4289000,17156.000001660137,-678137.0724575785,130886.51034794789,-547250.5621096306,299.71115762074146,520.3953654581676,1.0033649631677077,508
4290000,17160.000001660952,-677558.4418523498,131717.8904551469,-545840.5513972029,301.6148976905857,520.3953654581676,1.0033649631677077,508
4291000,17164.000001661767,-676309.4682319579,132319.1368520877,-543990.3313798702,302.99166488503056,520.3953654581676,1.0033649631677077,508
4292000,17168.00000166258,-677513.7525484106,131050.73132466327,-546463.0212237473,300.0871998798416,520.3953654581676,1.0033649631677077,508
4293000,17172.000001663397,-679411.6028195289,131715.69960673904,-547695.9032127899,301.609880964945,520.3953654581676,1.0033649631677077,508
4294000,17176.00000166421,-677464.6423863391,131805.3296970131,-545659.312689326,301.81512089411933,520.3953654581676,1.0033649631677077,508
4295000,17180.000001665027,-678239.4926314047,130468.43095915276,-547771.0616722519,298.7538163541735,520.3953654581676,1.0033649631677077,508
4296000,17184.00000166584,-677755.6394787342,131623.8915000141,-546131.7479787201,301.39965369345344,520.3953654581676,1.0033649631677077,508
4297000,17188.000001666656,-677322.1913513034,130956.26281397833,-546365.928537325,299.8708806684819,520.3953654581676,1.0033649631677077,508
4298000,17192.00000166747,-676011.6240393622,131986.22668696567,-544025.3973523965,302.22934880901033,520.3953654581676,1.0033649631677077,508
4299000,17196.000001668286,-677940.1567185894,131889.6722208477,-546050.4844977417,302.0082530617347,520.3953654581676,1.0033649631677077,508
4300000,17200.0000016691,-679163.4572402271,132090.1942612793,-547073.2629789478,302.467419500709,520.3953654581676,1.0033649631677077,508
4301000,17204.000001669916,-677988.3600094509,132346.2068085879,-545642.153200863,303.0536511659532,520.3953654581676,1.0033649631677077,508
4302000,17208.00000167073,-676532.1218985231,131501.61832859158,-545030.5035699315,301.11966583484536,520.3953654581676,1.0033649631677077,508
4303000,17212.000001671546,-677429.023140646,130746.08516506408,-546682.937975582,299.3896042841193,520.3953654581676,1.0033649631677077,508
4304000,17216.00000167236,-677032.9998851847,131451.67840555467,-545581.32147963,301.0053106418992,520.3953654581676,1.0033649631677077,508
4305000,17220.000001673176,-677597.4765642127,130428.71343826511,-547168.7631259476,298.6628689820462,520.3953654581676,1.0033649631677077,508
4306000,17224.00000167399,-677284.1826382726,131847.50883434498,-545436.6738039276,301.9117050114861,520.3953654581676,1.0033649631677077,508
4307000,17228.000001674805,-677032.8474633205,130779.41819776749,-546253.429265553,299.46593210271567,520.3953654581676,1.0033649631677077,508
4308000,17232.00000167562,-677619.7072281493,131221.3228321302,-546398.3843960192,300.47782973197275,520.3953654581676,1.0033649631677077,508
4309000,17236.000001676435,-678858.4877194073,130035.26442181395,-548823.2232975934,297.7619277019109,520.3953654581676,1.0033649631677077,508
4310000,17240.00000167725,-677326.8270918615,131599.19949378795,-545727.6275980736,301.3431125743545,520.3953654581676,1.0033649631677077,508
4311000,17244.000001678065,-676969.9043427203,130607.96651812503,-546361.9378245953,299.073332580847,520.3953654581676,1.0033649631677077,508
4312000,17248.00000167888,-676828.103251229,130302.54815985172,-546525.5550913773,298.3739687619678,520.3953654581676,1.0033649631677077,508
4313000,17252.000001679695,-677286.1814369452,131179.8582427774,-546106.3231941678,300.38288182601855,520.3953654581676,1.0033649631677077,508
4314000,17256.00000168051,-677968.7670540512,131931.52458864346,-546037.2424654077,302.1040889241769,520.3953654581676,1.0033649631677077,508
4315000,17260.000001681325,-678140.7831318355,131810.91995979904,-546329.8631720365,301.8279217864842,520.3953654581676,1.0033649631677077,508
4316000,17264.00000168214,-678849.0748659954,132968.16930090357,-545880.9055650919,304.4778552193203,520.3953654581676,1.0033649631677077,508
4317000,17268.000001682954,-676177.3709475314,132073.35403027432,-544104.0169172571,302.42885781000695,520.3953654581676,1.0033649631677077,508
4318000,17272.00000168377,-678315.1471588407,131213.9328487991,-547101.2143100416,300.46090774014124,520.3953654581676,1.0033649631677077,508
4319000,17276.000001684584,-677846.4006092176,132369.12004866672,-545477.2805605509,303.1061191681226,520.3953654581676,1.0033649631677077,508
4320000,17280.0000016854,-677479.3620139253,130988.91512501985,-546490.4468889055,299.9456497330343,520.3953654581676,1.0033649631677077,508
4321000,17284.000001686214,-677586.5707968837,132032.6972810881,-545553.8735157956,302.33575974106685,520.3953654581676,1.0033649631677077,508
4322000,17288.00000168703,-677686.7969091414,131601.17846978156,-546085.6184393598,301.3476441428437,520.3953654581676,1.0033649631677077,508
4323000,17292.000001687844,-676643.7725113588,131438.08715982572,-545205.6853515331,300.9741886570583,520.3953654581676,1.0033649631677077,508
4324000,17296.00000168866,-676495.877206712,130995.8982509973,-545499.9789557147,299.9616400804349,520.3953654581676,1.0033649631677077,508
4325000,17300.000001689474,-677279.3708998025,131698.79483928625,-545580.5760605163,301.5711714951217,520.3953654581676,1.0033649631677077,508
4326000,17304.00000169029,-677826.2832345511,131480.1844530804,-546346.0987814707,301.0705853633386,520.3953654581676,1.0033649631677077,508
4327000,17308.000001691104,-677619.9487627451,131513.5287756489,-546106.4199870962,301.14693903409136,520.3953654581676,1.0033649631677077,508
4328000,17312.00000169192,-678283.8580314554,130997.80466820032,-547286.0533632551,299.9660054997994,520.3953654581676,1.0033649631677077,508
4329000,17316.000001692733,-677616.6386826853,130254.28168666945,-547362.3569960159,298.2634455268897,520.3953654581676,1.0033649631677077,508
4330000,17320.00000169355,-678656.7876950903,131705.14588401443,-546951.6418110759,301.5857144679806,520.3953654581676,1.0033649631677077,508
4331000,17324.000001694363,-678171.1017073477,131848.3567226797,-546322.744984668,301.91364655300674,520.3953654581676,1.0033649631677077,508
4332000,17328.000001695178,-677733.2737817266,130884.2521083728,-546849.0216733539,299.70598657908533,520.3953654581676,1.0033649631677077,508
4333000,17332.000001695993,-678343.8102525701,131602.85348470462,-546740.9567678655,301.3514796844919,520.3953654581676,1.0033649631677077,508
4334000,17336.000001696808,-679200.669674193,131819.78431208397,-547380.885362109,301.84821986974583,520.3953654581676,1.0033649631677077,508
4335000,17340.000001697623,-677370.8494857778,131175.9370326487,-546194.9124531291,300.3739028225764,520.3953654581676,1.0033649631677077,508
4336000,17344.000001698438,-677586.7129382845,131598.383932231,-545988.3290060535,301.34124505647435,520.3953654581676,1.0033649631677077,508
4337000,17348.000001699253,-676991.5539535764,132139.54822116857,-544852.0057324078,302.5804329228887,520.3953654581676,1.0033649631677077,508
4338000,17352.000001700068,-678344.8546880675,131338.37116741744,-547006.4835206501,300.74585347233574,520.3953654581676,1.0033649631677077,508
4339000,17356.000001700882,-677633.7167766858,131917.0807297075,-545716.6360469783,302.07101457854185,520.3953654581676,1.0033649631677077,508
4340000,17360.000001701697,-679045.2384364367,130884.24963215063,-548160.9888042861,299.7059809088951,520.3953654581676,1.0033649631677077,508
4341000,17364.000001702512,-677416.7607726636,131871.41082264925,-545545.3499500144,301.96643710393073,520.3953654581676,1.0033649631677077,508
4342000,17368.000001703327,-677022.0142439646,131105.43686493736,-545916.5773790271,300.21246764624647,520.3953654581676,1.0033649631677077,508
4343000,17372.000001704142,-676152.3317533755,130967.03802390193,-545185.2937294736,299.8955543390628,520.3953654581676,1.0033649631677077,508
4344000,17376.000001704957,-676787.827602848,130376.9740254095,-546410.8535774385,298.5443932179636,520.3953654581676,1.0033649631677077,508
4345000,17380.000001705772,-677816.1491452791,131459.78391189917,-546356.3652333799,301.02387107783073,520.3953654581676,1.0033649631677077,508
4346000,17384.000001706587,-677268.3958035074,130943.12625469052,-546325.2695488168,299.8407998497571,520.3953654581676,1.0033649631677077,508
4347000,17388.0000017074,-678538.4056797316,131529.7773856966,-547008.6282940351,301.18414599846204,520.3953654581676,1.0033649631677077,508
4348000,17392.000001708217,-677693.6279967292,130720.61920334317,-546973.008793386,299.33129091899855,520.3953654581676,1.0033649631677077,508
4349000,17396.00000170903,-676539.2583719897,131826.8168146855,-544712.4415573042,301.86432328246633,520.3953654581676,1.0033649631677077,508
4350000,17400.000001709846,-677874.9355652165,131164.89528863505,-546710.0402765814,300.34861882752074,520.3953654581676,1.0033649631677077,508
4351000,17404.00000171066,-676794.3749547759,130826.44834317139,-545967.9266116045,299.57362432618936,520.3953654581676,1.0033649631677077,508
4352000,17408.000001711476,-677829.2138104197,131174.52167487273,-546654.6921355469,300.37066185819924,520.3953654581676,1.0033649631677077,508
4353000,17412.00000171229,-678281.542057598,131766.39833039342,-546515.1437272045,301.72597370143825,520.3953654581676,1.0033649631677077,508
4354000,17416.000001713106,-677336.0604840154,131676.85903892317,-545659.2014450922,301.52094168837783,520.3953654581676,1.0033649631677077,508
4355000,17420.00000171392,-677870.0191417257,131247.67719297134,-546622.3419487544,300.5381774024474,520.3953654581676,1.0033649631677077,508
4356000,17424.000001714736,-677733.1279613408,132034.0455750053,-545699.0823863356,302.33884713891763,520.3953654581676,1.0033649631677077,508
4357000,17428.00000171555,-676175.4525355492,131795.1368084246,-544380.3157271246,301.79178065508137,520.3953654581676,1.0033649631677077,508
4358000,17432.000001716366,-677793.6061308845,132724.16101559106,-545069.4451152934,303.91911157594825,520.3953654581676,1.0033649631677077,508
4359000,17436.00000171718,-677520.1771071171,130594.71216343011,-546925.464943687,299.04298202769553,520.3953654581676,1.0033649631677077,508
4360000,17440.000001717995,-678755.7340901061,131683.7990418577,-547071.9350482484,301.5368332902539,520.3953654581676,1.0033649631677077,508
4361000,17444.00000171881,-678491.6262661316,131539.93705899938,-546951.6892071322,301.20741017930493,520.3953654581676,1.0033649631677077,508
4362000,17448.000001719625,-677381.0194432498,131520.6337612811,-545860.3856819686,301.1632084224572,520.3953654581676,1.0033649631677077,508
4363000,17452.00000172044,-678463.2479366027,130729.2132760858,-547734.0346605169,299.3509701012422,520.3953654581676,1.0033649631677077,508
4364000,17456.000001721255,-678622.2734440174,131540.669345101,-547081.6040989164,301.2090870084498,520.3953654581676,1.0033649631677077,508
4365000,17460.00000172207,-676834.7069988009,130864.63093130948,-545970.0760674914,299.6610569245633,520.3953654581676,1.0033649631677077,508
4366000,17464.000001722885,-678016.4681723071,131086.33919799945,-546930.1289743077,300.1687367541125,520.3953654581676,1.0033649631677077,508
4367000,17468.0000017237,-679084.4155838722,131908.7545981449,-547175.6609857273,302.05194894280527,520.3953654581676,1.0033649631677077,508
4368000,17472.000001724515,-678093.1366256615,131405.5498280127,-546687.5867976488,300.8996828782913,520.3953654581676,1.0033649631677077,508
4369000,17476.00000172533,-677084.2437020177,131507.94557953015,-545576.2981224875,301.1341543233711,520.3953654581676,1.0033649631677077,508
4370000,17480.000001726145,-677856.9894390702,131187.4026733248,-546669.5867657454,300.4001574796129,520.3953654581676,1.0033649631677077,508
4371000,17484.00000172696,-678778.3888264876,131023.71876469458,-547754.670061793,300.02534502866564,520.3953654581676,1.0033649631677077,508
4372000,17488.000001727774,-678448.6695027053,131068.155320097,-547380.5141826083,300.1270983065621,520.3953654581676,1.0033649631677077,508
4373000,17492.00000172859,-677067.6261099316,132673.47174006572,-544394.1543698659,303.8030404743025,520.3953654581676,1.0033649631677077,508
4374000,17496.000001729404,-678575.0671417485,132014.27507857524,-546560.7920631733,302.2935755646657,520.3953654581676,1.0033649631677077,508
4375000,17500.00000173022,-676772.0116860927,130738.08838485961,-546033.9233012331,299.371292815306,520.3953654581676,1.0033649631677077,508
4376000,17504.000001731034,-677751.9946830557,132224.76047860505,-545527.2342044506,302.7755566545236,520.3953654581676,1.0033649631677077,508
4377000,17508.00000173185,-676788.7608554903,131319.87983208572,-545468.8810234047,300.70351099178913,520.3953654581676,1.0033649631677077,508
4378000,17512.000001732664,-677024.7056378196,131905.12195231894,-545119.5836855007,302.04363070983516,520.3953654581676,1.0033649631677077,508
4379000,17516.00000173348,-677215.4889974846,132388.12200524617,-544827.3669922384,303.14963089739354,520.3953654581676,1.0033649631677077,508
4380000,17520.000001734294,-677804.8443702497,131820.31279472436,-545984.5315755253,301.8494300184733,520.3953654581676,1.0033649631677077,508
4381000,17524.00000173511,-677345.9805386686,131879.19847637287,-545466.7820622957,301.9842697033823,520.3953654581676,1.0033649631677077,508
4382000,17528.000001735923,-677790.3799743094,130780.87485805457,-547009.5051162548,299.4692676438631,520.3953654581676,1.0033649631677077,508
4383000,17532.00000173674,-678050.7534863898,132022.4871831417,-546028.266303248,302.31238009509116,520.3953654581676,1.0033649631677077,508
4384000,17536.000001737553,-675716.0465530083,131343.4930615342,-544372.5534914741,300.75758186826334,520.3953654581676,1.0033649631677077,508
4385000,17540.000001738368,-678505.7284330013,132369.47207983257,-546136.2563531687,303.1069252685217,520.3953654581676,1.0033649631677077,508
4386000,17544.000001739183,-677337.7713086377,130400.67570607172,-546937.0956025659,298.59866663491044,520.3953654581676,1.0033649631677077,508
4387000,17548.000001739998,-678064.9852499356,131561.56118158821,-546503.4240683474,301.2569262890736,520.3953654581676,1.0033649631677077,508
4388000,17552.000001740813,-676843.0024702377,130851.5870242269,-545991.4154460108,299.63118826597326,520.3953654581676,1.0033649631677077,508
4389000,17556.000001741628,-676715.1116849361,131264.93303139624,-545450.1786535399,300.5776907739652,520.3953654581676,1.0033649631677077,508
4390000,17560.000001742443,-678074.4157186993,131525.86300806265,-546548.5527106368,301.17518264044355,520.3953654581676,1.0033649631677077,508
4391000,17564.000001743258,-677532.9215395241,131996.87456606387,-545536.0469734602,302.2537309104373,520.3953654581676,1.0033649631677077,508
4392000,17568.000001744073,-677614.8678847877,132268.49520094576,-545346.372683842,302.8757028363273,520.3953654581676,1.0033649631677077,508
4393000,17572.000001744887,-677522.8401500275,131244.62361383648,-546278.2165361911,300.5311851483567,520.3953654581676,1.0033649631677077,508
4394000,17576.000001745702,-677161.6235971265,130938.68649872369,-546222.9370984028,299.8306334514259,520.3953654581676,1.0033649631677077,508
4395000,17580.000001746517,-678045.5324102375,130897.64728964074,-547147.8851205967,299.73665960469873,520.3953654581676,1.0033649631677077,508
4396000,17584.000001747332,-678025.8711430347,132064.80577606632,-545961.0653669683,302.40928354557354,520.3953654581676,1.0033649631677077,508
4397000,17588.000001748147,-677878.6748595233,131142.53293655813,-546736.1419229652,300.2974122791127,520.3953654581676,1.0033649631677077,508
4398000,17592.000001748962,-679174.4976174715,130287.37704854921,-548887.1205689223,298.33922911371235,520.3953654581676,1.0033649631677077,508
4399000,17596.000001749777,-677808.8062765044,130985.28031062277,-546823.5259658817,299.9373265343503,520.3953654581676,1.0033649631677077,508
4400000,17600.00000175059,-679378.021087538,130910.18870228872,-548467.8323852492,299.76537762378973,520.3953654581676,1.0033649631677077,508
4401000,17604.000001751407,-678063.3451776411,131350.55878996055,-546712.7863876806,300.7737613633119,520.3953654581676,1.0033649631677077,508
4402000,17608.00000175222,-677773.6849664124,131529.4185392936,-546244.2664271188,301.1833242921566,520.3953654581676,1.0033649631677077,508
4403000,17612.000001753036,-676481.247961686,131251.5430701763,-545229.7048915097,300.54702970150583,520.3953654581676,1.0033649631677077,508
4404000,17616.00000175385,-677278.940415916,130983.32540095336,-546295.6150149626,299.93285007425897,520.3953654581676,1.0033649631677077,508
4405000,17620.000001754666,-679006.8591283648,131489.34284176666,-547517.5162865982,301.0915567473857,520.3953654581676,1.0033649631677077,508
4406000,17624.00000175548,-677654.3642461933,132905.00162993593,-544749.3626162574,304.3332103988603,520.3953654581676,1.0033649631677077,508
4407000,17628.000001756296,-676847.2519636219,131411.9440727385,-545435.3078908834,300.91432477288976,520.3953654581676,1.0033649631677077,508
4408000,17632.00000175711,-678731.442860248,131747.10919346593,-546984.3336667821,301.6818043707511,520.3953654581676,1.0033649631677077,508
4409000,17636.000001757926,-678139.3397475509,132230.64020199,-545908.6995455609,302.78902036974915,520.3953654581676,1.0033649631677077,508
4410000,17640.00000175874,-677663.3780748975,131687.3520377751,-545976.0260371224,301.544969136466,520.3953654581676,1.0033649631677077,508
4411000,17644.000001759556,-677681.8926492496,132109.78106885805,-545572.1115803916,302.5122704540877,520.3953654581676,1.0033649631677077,508
4412000,17648.00000176037,-678111.5567828151,130859.26928963783,-547252.2874931773,299.64877954144805,520.3953654581676,1.0033649631677077,508
4413000,17652.000001761186,-679270.9447259475,131100.25555756403,-548170.6891683834,300.20060320256374,520.3953654581676,1.0033649631677077,508
4414000,17656.000001762,-677560.1288816221,130717.65140072315,-546842.477480899,299.3244950807073,520.3953654581676,1.0033649631677077,508
4415000,17660.000001762815,-677546.5094245351,131062.83919892693,-546483.6702256082,300.11492515880457,520.3953654581676,1.0033649631677077,508
4416000,17664.00000176363,-676357.9083307702,131846.46378184226,-544511.444548928,301.90931199256823,520.3953654581676,1.0033649631677077,508
4417000,17668.000001764445,-677005.0693513975,131163.12183897593,-545841.9475124215,300.3445578845794,520.3953654581676,1.0033649631677077,508
4418000,17672.00000176526,-679448.5787440473,130823.41605729025,-548625.162686757,299.5666808305666,520.3953654581676,1.0033649631677077,508
4419000,17676.000001766075,-678416.7348877788,132486.60591660044,-545930.1289711783,303.37514479489556,520.3953654581676,1.0033649631677077,508
4420000,17680.00000176689,-677135.301666535,131028.94133652521,-546106.3603300097,300.03730396198085,520.3953654581676,1.0033649631677077,508
4421000,17684.000001767705,-677808.0375735634,131523.55569468893,-546284.4818788745,301.16989922689396,520.3953654581676,1.0033649631677077,508
4422000,17688.00000176852,-677609.1978302002,131506.80518868734,-546102.3926415129,301.1315429934585,520.3953654581676,1.0033649631677077,508
4423000,17692.000001769335,-677434.9806443886,131139.5781728339,-546295.4024715547,300.2906462980048,520.3953654581676,1.0033649631677077,508
4424000,17696.00000177015,-679370.0973001458,130487.8671981117,-548882.230102034,298.7983225272137,520.3953654581676,1.0033649631677077,508
4425000,17700.000001770964,-676351.9932052311,131592.53687876975,-544759.4563264614,301.3278561506438,520.3953654581676,1.0033649631677077,508
4426000,17704.00000177178,-677560.4043305796,131586.98471576953,-545973.41961481,301.3151425012718,520.3953654581676,1.0033649631677077,508
4427000,17708.000001772594,-677883.8582002264,131580.82267140597,-546303.0355288205,301.30103231188247,520.3953654581676,1.0033649631677077,508
4428000,17712.00000177341,-678193.3943531704,130485.15666209161,-547708.2376910788,298.7921157921867,520.3953654581676,1.0033649631677077,508
4429000,17716.000001774224,-677674.3062180332,130452.30884664923,-547221.997371384,298.71689905086333,520.3953654581676,1.0033649631677077,508
4430000,17720.00000177504,-677463.5689913896,132062.4268545353,-545401.1421368544,302.4038361597119,520.3953654581676,1.0033649631677077,508
4431000,17724.000001775854,-676640.1865741969,131713.63104538398,-544926.5555288129,301.6051442589491,520.3953654581676,1.0033649631677077,508
4432000,17728.00000177667,-678652.5467283386,131308.78191076958,-547343.7648175689,300.67809835884475,520.3953654581676,1.0033649631677077,508
4433000,17732.000001777484,-677646.3245466561,131409.35164955969,-546236.9728970964,300.90838849916764,520.3953654581676,1.0033649631677077,508
4434000,17736.0000017783,-678797.7703252309,131566.20009249332,-547231.5702327376,301.26754872337773,520.3953654581676,1.0033649631677077,508
4435000,17740.000001779114,-678653.1841997011,130904.46675119491,-547748.7174485062,299.752275184267,520.3953654581676,1.0033649631677077,508
4436000,17744.00000177993,-678355.8204119662,131228.88294473352,-547126.9374672327,300.4951412952046,520.3953654581676,1.0033649631677077,508
4437000,17748.000001780743,-676080.8836410162,131204.00803856272,-544876.8756024535,300.43818136171456,520.3953654581676,1.0033649631677077,508
4438000,17752.00000178156,-677583.3848656337,130898.74831838161,-546684.6365472521,299.73918080109723,520.3953654581676,1.0033649631677077,508
4439000,17756.000001782373,-678023.7343197446,130915.86058755126,-547107.8737321934,299.7783654198079,520.3953654581676,1.0033649631677077,508
4440000,17760.000001783188,-678147.8571456275,130862.51589295978,-547285.3412526677,299.6562137929792,520.3953654581676,1.0033649631677077,508
4441000,17764.000001784003,-679296.3422131734,130974.43789357704,-548321.9043195964,299.91249896919066,520.3953654581676,1.0033649631677077,508
4442000,17768.000001784818,-677613.9630919695,131124.5048013529,-546489.4582906166,300.25613045978884,520.3953654581676,1.0033649631677077,508
4443000,17772.000001785633,-677739.7062410521,130612.00965830048,-547127.6965827517,299.0825907864419,520.3953654581676,1.0033649631677077,508
4444000,17776.000001786448,-678307.3670810238,131144.18819282058,-547163.1788882031,300.3012025762889,520.3953654581676,1.0033649631677077,508
4445000,17780.000001787263,-676618.7998392354,131510.01411101926,-545108.7857282162,301.13889096097824,520.3953654581676,1.0033649631677077,508
4446000,17784.000001788077,-678111.1000892441,132128.6292579825,-545982.4708312616,302.5554300781508,520.3953654581676,1.0033649631677077,508
4447000,17788.000001788892,-677410.9408424273,131850.32677615865,-545560.6140662687,301.91815769022924,520.3953654581676,1.0033649631677077,508
4448000,17792.000001789707,-677854.330619452,131590.396154779,-546263.934464673,301.32295420266075,520.3953654581676,1.0033649631677077,508
4449000,17796.000001790522,-676503.8023238294,131554.39879281155,-544949.4035310178,301.24052545581833,520.3953654581676,1.0033649631677077,508
4450000,17800.000001791337,-676720.7109595975,131433.48144038423,-545287.2295192133,300.96364222640005,520.3953654581676,1.0033649631677077,508
4451000,17804.000001792152,-678087.018680538,131504.97572890442,-546582.0429516337,301.1273537954433,520.3953654581676,1.0033649631677077,508
4452000,17808.000001792967,-678537.1448042253,131933.13511099212,-546604.0096932332,302.10777678716755,520.3953654581676,1.0033649631677077,508
4453000,17812.000001793782,-675358.7113811895,131302.60270754225,-544056.1086736473,300.66394887814187,520.3953654581676,1.0033649631677077,508
4454000,17816.000001794597,-677804.0742131793,132134.4569260719,-545669.6172871074,302.5687745942866,520.3953654581676,1.0033649631677077,508
4455000,17820.00000179541,-676515.7728988403,131126.78995044972,-545388.9829483905,300.26136312035356,520.3953654581676,1.0033649631677077,508
4456000,17824.000001796227,-676203.8320239196,132202.31548886205,-544001.5165350575,302.72416087782534,520.3953654581676,1.0033649631677077,508
4457000,17828.00000179704,-678164.5214326591,131732.4624829518,-546432.0589497073,301.648265524373,520.3953654581676,1.0033649631677077,508
4458000,17832.000001797856,-676425.6256442498,131974.5339688072,-544451.0916754426,302.2025741774177,520.3953654581676,1.0033649631677077,508
4459000,17836.00000179867,-678311.8987507983,130696.97740617878,-547614.9213446195,299.2771546265912,520.3953654581676,1.0033649631677077,508
4460000,17840.000001799486,-677758.7161981007,132565.65004558134,-545193.0661525193,303.55614440545145,520.3953654581676,1.0033649631677077,508
4461000,17844.0000018003,-678202.5834219218,131463.34778445854,-546739.2356374633,301.0320318299781,520.3953654581676,1.0033649631677077,508
4462000,17848.000001801116,-677475.7750015017,131785.377671713,-545690.3973297887,301.7694336450386,520.3953654581676,1.0033649631677077,508
4463000,17852.00000180193,-677489.233960045,131912.66748143244,-545576.5664786126,302.0609088789868,520.3953654581676,1.0033649631677077,508
4464000,17856.000001802746,-678757.3269973486,130850.92144851625,-547906.4055488324,299.6296641939647,520.3953654581676,1.0033649631677077,508
4465000,17860.00000180356,-678178.9570339359,131859.95615685504,-546319.000877081,301.94020757778463,520.3953654581676,1.0033649631677077,508
4466000,17864.000001804376,-679290.3323221491,132711.32445688103,-546579.007865268,303.88971771510944,520.3953654581676,1.0033649631677077,508
4467000,17868.00000180519,-678833.1248675375,131115.9731305644,-547717.1517369731,300.236594168985,520.3953654581676,1.0033649631677077,508
4468000,17872.000001806005,-676958.9678112171,130985.95746954487,-545973.0103416722,299.938877130236,520.3953654581676,1.0033649631677077,508
4469000,17876.00000180682,-678276.7359340698,130814.771951798,-547461.9639822718,299.54688708057057,520.3953654581676,1.0033649631677077,508
4470000,17880.000001807635,-677014.9276907723,131419.93005788873,-545594.9976328836,300.9326115225919,520.3953654581676,1.0033649631677077,508
4471000,17884.00000180845,-677889.084962226,131416.5757189184,-546472.5092433076,300.92493057202506,520.3953654581676,1.0033649631677077,508
4472000,17888.000001809265,-677086.9976513227,131912.3025473567,-545174.695103966,302.0600732327922,520.3953654581676,1.0033649631677077,508
4473000,17892.00000181008,-677153.3320632987,130958.6211561397,-546194.7109071589,299.8762809305668,520.3953654581676,1.0033649631677077,508
4474000,17896.000001810895,-676884.4981009099,130366.56152423588,-546517.936576674,298.52055009790354,520.3953654581676,1.0033649631677077,508
4475000,17900.00000181171,-677304.8487142865,131879.0963353385,-545425.752378948,301.9840358152026,520.3953654581676,1.0033649631677077,508
4476000,17904.000001812525,-677261.0366887068,131444.17485544202,-545816.8618332648,300.98812859858134,520.3953654581676,1.0033649631677077,508
4477000,17908.00000181334,-678278.7483130232,131649.07420785047,-546629.6741051727,301.4573184481909,520.3953654581676,1.0033649631677077,508
4478000,17912.000001814155,-678774.2879288578,132188.8078116785,-546585.4801171793,302.6932302528534,520.3953654581676,1.0033649631677077,508
4479000,17916.00000181497,-678205.8956989562,130718.36037207779,-547487.5353268784,299.3261185224573,520.3953654581676,1.0033649631677077,508
4480000,17920.000001815784,-677329.0082518682,131050.3327168856,-546278.6755349826,300.0862871257452,520.3953654581676,1.0033649631677077,508
4481000,17924.0000018166,-677049.3837111667,131070.35440983635,-545979.0293013303,300.1321339036587,520.3953654581676,1.0033649631677077,508
4482000,17928.000001817414,-677119.7380834613,132362.9597758625,-544756.7783075988,303.09201303534763,520.3953654581676,1.0033649631677077,508
4483000,17932.00000181823,-677664.9403280602,132205.8840697626,-545459.0562582975,302.73233241139224,520.3953654581676,1.0033649631677077,508
4484000,17936.000001819044,-678038.7340695178,131781.85127921076,-546256.882790307,301.7613587167953,520.3953654581676,1.0033649631677077,508
4485000,17940.00000181986,-677898.7753076311,131792.08590430045,-546106.6894033307,301.78479452637794,520.3953654581676,1.0033649631677077,508
4486000,17944.000001820674,-677906.7144512595,132463.23439283879,-545443.4800584207,303.32162738944754,520.3953654581676,1.0033649631677077,508
4487000,17948.00000182149,-677515.69197767,130335.83226963226,-547179.8597080377,298.4501845541543,520.3953654581676,1.0033649631677077,508
4488000,17952.000001822304,-677858.541560025,130727.81024129869,-547130.7313187262,299.34775735472533,520.3953654581676,1.0033649631677077,508
4489000,17956.00000182312,-676678.9645075118,132629.04565928096,-544049.9188482309,303.7013111817638,520.3953654581676,1.0033649631677077,508
4490000,17960.000001823933,-677710.214311346,130683.84386619512,-547026.3704451509,299.24708072163577,520.3953654581676,1.0033649631677077,508
4491000,17964.00000182475,-677866.6841023033,132642.09400772152,-545224.5900945818,303.73119001042056,520.3953654581676,1.0033649631677077,508
4492000,17968.000001825563,-677114.0744042643,131667.2340029836,-545446.8404012807,301.4989017496865,520.3953654581676,1.0033649631677077,508
4493000,17972.000001826378,-676676.5113094733,131702.27215046523,-544974.239159008,301.5791340342412,520.3953654581676,1.0033649631677077,508
4494000,17976.000001827193,-677571.143949626,131585.18027364995,-545985.963675976,301.31101059008336,520.3953654581676,1.0033649631677077,508
4495000,17980.000001828008,-678109.077887082,131300.82693266054,-546808.2509544215,300.6598826107774,520.3953654581676,1.0033649631677077,508
4496000,17984.000001828823,-677638.9677017266,131555.86336982338,-546083.1043319032,301.24387912511907,520.3953654581676,1.0033649631677077,508
4497000,17988.000001829638,-676433.1689918819,131354.05811539158,-545079.1108764904,300.7817743118812,520.3953654581676,1.0033649631677077,508
4498000,17992.000001830453,-678607.9635937014,132806.10170403135,-545801.86188967,304.1067438882728,520.3953654581676,1.0033649631677077,508
4499000,17996.000001831268,-677611.4666437055,131174.99207955733,-546436.4745641481,300.37173901681695,520.3953654581676,1.0033649631677077,508
4500000,18000.000001832082,-678691.9777121283,131781.14184087442,-546910.8358712539,301.7597342057248,520.3953654581676,1.0033649631677077,508
4501000,18004.000001832897,-678808.0766916187,130175.10433533828,-548632.9723562803,298.0821408564411,520.3953654581676,1.0033649631677077,508
4502000,18008.000001833712,-677717.0925008194,131090.1232860743,-546626.9692147451,300.1774017679052,520.3953654581676,1.0033649631677077,508
4503000,18012.000001834527,-677678.6864245841,131313.44077697396,-546365.2456476102,300.6887664878949,520.3953654581676,1.0033649631677077,508
4504000,18016.000001835342,-677477.0721192742,132479.0622139491,-544998.009905325,303.3578708080778,520.3953654581676,1.0033649631677077,508
4505000,18020.000001836157,-678056.1110605756,131465.77161574853,-546590.339444827,301.03758205268525,520.3953654581676,1.0033649631677077,508
4506000,18024.000001836972,-677316.8095909567,130756.17787789903,-546560.6317130576,299.41271513518603,520.3953654581676,1.0033649631677077,508
4507000,18028.000001837787,-679018.7614138173,131307.24577824573,-547711.5156355716,300.674580837782,520.3953654581676,1.0033649631677077,508
4508000,18032.0000018386,-678881.7413809705,129783.63711581472,-549098.1042651557,297.18573760432537,520.3953654581676,1.0033649631677077,508
4509000,18036.000001839417,-676108.4642226528,131455.3806020443,-544653.0836206086,301.0137881358189,520.3953654581676,1.0033649631677077,508
4510000,18040.00000184023,-677837.3566453592,130597.8336812157,-547239.5229641434,299.05012985145953,520.3953654581676,1.0033649631677077,508
4511000,18044.000001841046,-678668.2910460117,132102.00151260418,-546566.2895334075,302.49445639666936,520.3953654581676,1.0033649631677077,508
4512000,18048.00000184186,-677826.2049326822,132203.90901493223,-545622.29591775,302.72780982179916,520.3953654581676,1.0033649631677077,508
4513000,18052.000001842676,-678813.4004027494,130539.85674657807,-548273.5436561713,298.9173710656278,520.3953654581676,1.0033649631677077,508
4514000,18056.00000184349,-677919.701978378,131040.0572880389,-546879.6446903391,300.062757881467,520.3953654581676,1.0033649631677077,508
4515000,18060.000001844306,-678546.2650299966,131130.59916170884,-547415.6658682878,300.2700856626007,520.3953654581676,1.0033649631677077,508
4516000,18064.00000184512,-677353.2844067989,131565.13748171506,-545788.1469250838,301.2651154985511,520.3953654581676,1.0033649631677077,508
4517000,18068.000001845936,-677202.8158428953,131799.58077626524,-545403.2350666301,301.8019566979938,520.3953654581676,1.0033649631677077,508
4518000,18072.00000184675,-677473.6932698763,131109.96100281726,-546363.732267059,300.2228272669409,520.3953654581676,1.0033649631677077,508
4519000,18076.000001847566,-675915.4615101703,131804.77649315746,-544110.6850170128,301.8138541373884,520.3953654581676,1.0033649631677077,508
4520000,18080.00000184838,-677677.3768921527,130966.96769490094,-546710.4091972518,299.89539329583346,520.3953654581676,1.0033649631677077,507
4521000,18084.000001849196,-677259.2912987536,131469.72816717194,-545789.5631315816,301.0466419825753,520.3953654581676,1.0033649631677077,508
4522000,18088.00000185001,-678817.1842093049,132503.75140067964,-546313.4328086253,303.4144054709399,520.3953654581676,1.0033649631677077,508
4523000,18092.000001850825,-678131.9027704797,131125.49388462043,-547006.4088858592,300.258395317262,520.3953654581676,1.0033649631677077,508
4524000,18096.00000185164,-677389.5196126341,131553.26345811767,-545836.2561545165,301.23792570375457,520.3953654581676,1.0033649631677077,508
4525000,18100.000001852455,-679922.9289115518,131538.76518404996,-548384.1637275019,301.20472675534666,520.3953654581676,1.0033649631677077,508
4526000,18104.00000185327,-678200.1690962254,131274.20824848756,-546925.9608477378,300.59892967814426,520.3953654581676,1.0033649631677077,508
4527000,18108.000001854085,-676265.7644736483,131450.25038567395,-544815.5140879743,301.0020406831356,520.3953654581676,1.0033649631677077,508
4528000,18112.0000018549,-677187.7017426589,130943.64579150284,-546244.055951156,299.8419895138334,520.3953654581676,1.0033649631677077,508
4529000,18116.000001855715,-676565.9355827267,131405.4063930785,-545160.5291896482,300.89935443305995,520.3953654581676,1.0033649631677077,508
4530000,18120.00000185653,-677023.8958889567,131636.69133733073,-545387.204551626,301.42896346761825,520.3953654581676,1.0033649631677077,508
4531000,18124.000001857345,-678745.0572121707,131895.786127478,-546849.2710846927,302.02225302268477,520.3953654581676,1.0033649631677077,508
4532000,18128.00000185816,-677814.0223075151,131325.50453884347,-546488.5177686717,300.71639075586234,520.3953654581676,1.0033649631677077,508
4533000,18132.000001858974,-677692.5981676285,131286.857014391,-546405.7411532375,300.6278935206466,520.3953654581676,1.0033649631677077,508
4534000,18136.00000185979,-676656.6635928857,130964.4267799831,-545692.2368129026,299.889574968571,520.3953654581676,1.0033649631677077,508
4535000,18140.000001860604,-677360.9985231236,131756.6909134629,-545604.3076096607,301.70374512220553,520.3953654581676,1.0033649631677077,507
4536000,18144.00000186142,-677560.7182235885,131853.65748046795,-545707.0607431206,301.9257845208444,520.3953654581676,1.0033649631677077,508
4537000,18148.000001862234,-677549.2653903118,131338.30980902375,-546210.9555812881,300.7457129704983,520.3953654581676,1.0033649631677077,508
4538000,18152.00000186305,-677966.1669261539,132502.94366516348,-545463.2232609905,303.4125558735601,520.3953654581676,1.0033649631677077,507
4539000,18156.000001863864,-677783.8070824957,131668.81229773397,-546114.9947847617,301.50251581614333,520.3953654581676,1.0033649631677077,508
4540000,18160.00000186468,-677278.298369003,130147.78529128665,-547130.5130777163,298.01958420109105,520.3953654581676,1.0033649631677077,508
4541000,18164.000001865494,-678323.1792382379,131084.57051198598,-547238.6087262519,300.16468671922996,520.3953654581676,1.0033649631677077,508
4542000,18168.00000186631,-676428.6478410214,132409.75701869547,-544018.890822326,303.19917194565585,520.3953654581676,1.0033649631677077,508
4543000,18172.000001867124,-677451.4465801795,131981.62334425596,-545469.8232359235,302.21880782072367,520.3953654581676,1.0033649631677077,508
4544000,18176.00000186794,-677838.5973948371,132039.27021196624,-545799.3271828708,302.3508108010823,520.3953654581676,1.0033649631677077,508
4545000,18180.000001868753,-678363.3121415582,131644.07577620487,-546719.2363653532,301.44587276344606,520.3953654581676,1.0033649631677077,507
4546000,18184.00000186957,-677744.6380549963,132574.7945630253,-545169.843491971,303.5770840263621,520.3953654581676,1.0033649631677077,508
4547000,18188.000001870383,-678618.4064098494,130710.27632803365,-547908.1300818158,299.3076072320862,520.3953654581676,1.0033649631677077,508
4548000,18192.000001871198,-676565.648245912,130834.88752929505,-545730.760716617,299.5929488405016,520.3953654581676,1.0033649631677077,508
4549000,18196.000001872013,-677167.1489955201,132119.05467349745,-545048.0943220226,302.5335056659854,520.3953654581676,1.0033649631677077,508
4550000,18200.000001872828,-678364.1649207859,131632.00126648764,-546732.1636542983,301.4182238844636,520.3953654581676,1.0033649631677077,507
4551000,18204.000001873643,-676391.7324623303,131360.56768731738,-545031.1647750129,300.7966802890694,520.3953654581676,1.0033649631677077,508
4552000,18208.000001874458,-678162.6505437852,131272.1582926262,-546890.4922511589,300.5942355760352,520.3953654581676,1.0033649631677077,508
4553000,18212.000001875273,-676603.6083870404,131204.11164871498,-545399.4967383255,300.4384186139615,520.3953654581676,1.0033649631677077,508
4554000,18216.000001876087,-678252.9573373985,131289.31016674376,-546963.6471706547,300.6335108843422,520.3953654581676,1.0033649631677077,508
4555000,18220.000001876902,-678546.7772966377,131383.2817375068,-547163.4955591308,300.8486921752327,520.3953654581676,1.0033649631677077,508
4556000,18224.000001877717,-677363.6193624111,131526.11250748433,-545837.5068549267,301.1757539579942,520.3953654581676,1.0033649631677077,508
4557000,18228.000001878532,-677037.9877446112,131562.76684271183,-545475.2209018994,301.2596870784788,520.3953654581676,1.0033649631677077,508
4558000,18232.000001879347,-677958.9251605663,132795.85839864504,-545163.0667619213,304.0832882020678,520.3953654581676,1.0033649631677077,508
4559000,18236.000001880162,-677386.9324640939,131535.79938076652,-545851.1330833274,301.19793549524667,520.3953654581676,1.0033649631677077,508
4560000,18240.000001880977,-678773.021622668,130355.03130221472,-548417.9903204533,298.4941475589375,520.3953654581676,1.0033649631677077,507
4561000,18244.000001881792,-676562.7706489526,131807.84207249136,-544754.9285764613,301.8208738701973,520.3953654581676,1.0033649631677077,508
4562000,18248.000001882607,-677437.8541654604,131563.85401583702,-545874.0001496235,301.26217654752355,520.3953654581676,1.0033649631677077,508
4563000,18252.00000188342,-678785.7855212064,131660.8100814459,-547124.9754397606,301.48419189948567,520.3953654581676,1.0033649631677077,508
4564000,18256.000001884237,-677932.1373800682,131191.8796143036,-546740.2577657646,300.4104090262374,520.3953654581676,1.0033649631677077,508
4565000,18260.00000188505,-676395.2779422323,131551.34592670156,-544843.9320155308,301.2335348344513,520.3953654581676,1.0033649631677077,507
4566000,18264.000001885866,-677563.9791311766,130383.21240084432,-547180.7667303323,298.55867819445416,520.3953654581676,1.0033649631677077,508
4567000,18268.00000188668,-678990.3397091264,132583.7680766686,-546406.5716324578,303.597632073329,520.3953654581676,1.0033649631677077,508
4568000,18272.000001887496,-678229.5013309689,131450.87216744502,-546778.6291635239,301.00346447336347,520.3953654581676,1.0033649631677077,508
4569000,18276.00000188831,-678507.2073683855,132560.47563103965,-545946.7317373459,303.54429574535516,520.3953654581676,1.0033649631677077,508
4570000,18280.000001889126,-678255.0835379842,131686.54417492115,-546568.539363063,301.543119247501,520.3953654581676,1.0033649631677077,507
4571000,18284.00000188994,-677119.1877131327,132075.07451646734,-545044.1131966654,302.43279747427954,520.3953654581676,1.0033649631677077,508
4572000,18288.000001890756,-678457.112266398,132342.5554354646,-546114.5568309334,303.0452900501838,520.3953654581676,1.0033649631677077,508
4573000,18292.00000189157,-677143.5665749842,131586.21036522533,-545557.3562097589,301.3133693506438,520.3953654581676,1.0033649631677077,507
4574000,18296.000001892386,-678056.8271889132,130796.17464447842,-547260.6525444349,299.5043019395154,520.3953654581676,1.0033649631677077,508
4575000,18300.0000018932,-677228.3746016724,130911.08166057538,-546317.292941097,299.7674223689746,520.3953654581676,1.0033649631677077,508
4576000,18304.000001894015,-677845.1878890037,130639.04433238984,-547206.1435566138,299.1444962757524,520.3953654581676,1.0033649631677077,508
4577000,18308.00000189483,-678197.2860134766,131051.74227614806,-547145.5437373285,300.08951481236596,520.3953654581676,1.0033649631677077,508
4578000,18312.000001895645,-678100.5667410456,130761.71949072205,-547338.8472503235,299.4254046261799,520.3953654581676,1.0033649631677077,508
4579000,18316.00000189646,-678804.120948195,130832.2720046119,-547971.8489435831,299.58695966767937,520.3953654581676,1.0033649631677077,508
4580000,18320.000001897275,-676658.1772262012,130049.99880279612,-546608.178423405,297.795667300967,520.3953654581676,1.0033649631677077,507
4581000,18324.00000189809,-678864.0336435097,130039.32978641242,-548824.7038570973,297.7712367982167,520.3953654581676,1.0033649631677077,508
4582000,18328.000001898905,-677372.9906902779,131799.04459830502,-545573.9460919729,301.8007289280981,520.3953654581676,1.0033649631677077,508
4583000,18332.00000189972,-677887.1197426342,131085.00098256994,-546802.1187600642,300.1656724345393,520.3953654581676,1.0033649631677077,508
4584000,18336.000001900535,-678341.6480698916,130791.10400916942,-547550.5440607222,299.4926909188358,520.3953654581676,1.0033649631677077,508
4585000,18340.00000190135,-676726.10758447,131860.0475604952,-544866.0600239747,301.94041687888625,520.3953654581676,1.0033649631677077,507
4586000,18344.000001902165,-677711.5286827865,131462.57522530848,-546248.953457478,301.0302627813834,520.3953654581676,1.0033649631677077,508
4587000,18348.00000190298,-678484.3099815291,131319.08555097904,-547165.2244305501,300.70169220305894,520.3953654581676,1.0033649631677077,508
4588000,18352.000001903794,-676672.0808898248,132428.91310229397,-544243.1677875308,303.24303660348437,520.3953654581676,1.0033649631677077,507
4589000,18356.00000190461,-677394.410192383,130806.16850796528,-546588.2416844177,299.5271864398875,520.3953654581676,1.0033649631677077,508
4590000,18360.000001905424,-677480.077282716,131904.95501110022,-545575.1222716158,302.0432484386157,520.3953654581676,1.0033649631677077,507
4591000,18364.00000190624,-676882.2824308742,131078.96149139386,-545803.3209394803,300.1518428742049,520.3953654581676,1.0033649631677077,508
4592000,18368.000001907054,-677754.4586156341,131808.59407447616,-545945.864541158,301.82259584586,520.3953654581676,1.0033649631677077,508
4593000,18372.00000190787,-677248.3265489507,131910.29858439075,-545338.02796456,302.05548444775434,520.3953654581676,1.0033649631677077,508
4594000,18376.000001908684,-678397.2845227937,131624.41056310013,-546772.8739596936,301.4008422727652,520.3953654581676,1.0033649631677077,508
4595000,18380.0000019095,-677453.1457081637,131738.23481217946,-545714.9108959843,301.661483322528,520.3953654581676,1.0033649631677077,507
4596000,18384.000001910314,-679153.9051012737,131563.029528182,-547590.8755730917,301.2602885901713,520.3953654581676,1.0033649631677077,508
4597000,18388.00000191113,-679407.2479413394,131969.88935101635,-547437.358590323,302.1919386751715,520.3953654581676,1.0033649631677077,508
4598000,18392.000001911943,-679248.4306255346,131948.4689971825,-547299.9616283521,302.142889166348,520.3953654581676,1.0033649631677077,508
4599000,18396.00000191276,-677607.6132456404,131096.84996344883,-546510.7632821916,300.1928048851364,520.3953654581676,1.0033649631677077,508
4600000,18400.000001913573,-677580.0317043765,132183.19610991864,-545396.8355944578,302.68038026834245,520.3953654581676,1.0033649631677077,507
4601000,18404.000001914388,-678873.734949423,131313.79670870648,-547559.9382407165,300.68958152002693,520.3953654581676,1.0033649631677077,508
4602000,18408.000001915203,-679043.1126818028,131265.33450496034,-547777.7781768425,300.5786100902975,520.3953654581676,1.0033649631677077,508
4603000,18412.000001916018,-677242.3301391336,130805.30692746636,-546437.0232116673,299.5252135452933,520.3953654581676,1.0033649631677077,508
4604000,18416.000001916833,-676768.3465533066,131233.7926189074,-545534.5539343992,300.5063837381904,520.3953654581676,1.0033649631677077,508
4605000,18420.000001917648,-676686.8389615226,131265.68780251974,-545421.1511590028,300.5794190905545,520.3953654581676,1.0033649631677077,508
4606000,18424.000001918463,-677062.0877808174,131619.90180585926,-545442.1859749581,301.39051787150714,520.3953654581676,1.0033649631677077,508
4607000,18428.000001919278,-677489.4216523543,131924.66283904982,-545564.7588133045,302.0883765111211,520.3953654581676,1.0033649631677077,508
4608000,18432.000001920092,-678901.192946455,130819.95217306181,-548081.2407733932,299.55874903721974,520.3953654581676,1.0033649631677077,508
4609000,18436.000001920907,-676205.8657737668,131469.8504014738,-544736.015372293,301.0469218814282,520.3953654581676,1.0033649631677077,508
4610000,18440.000001921722,-677427.6672719987,131252.1357065072,-546175.5315654916,300.5483867528957,520.3953654581676,1.0033649631677077,508
4611000,18444.000001922537,-677794.8766889195,131655.9861176816,-546138.8905712379,301.4731457209278,520.3953654581676,1.0033649631677077,508
4612000,18448.000001923352,-677773.0760859107,131293.4759942484,-546479.6000916623,300.643050026157,520.3953654581676,1.0033649631677077,508
4613000,18452.000001924167,-676162.065044086,131326.66999064756,-544835.3950534384,300.71905947174776,520.3953654581676,1.0033649631677077,508
4614000,18456.000001924982,-677024.1227975837,132084.94503672072,-544939.177760863,302.45539953650575,520.3953654581676,1.0033649631677077,508
4615000,18460.000001925797,-678981.7788435989,131016.81370197755,-547964.9651416214,300.0095334348286,520.3953654581676,1.0033649631677077,508
4616000,18464.00000192661,-679415.3683688752,130651.21233085252,-548764.1560380227,299.17235923042574,520.3953654581676,1.0033649631677077,508
4617000,18468.000001927427,-678816.8252320397,131571.4422228288,-547245.3830092109,301.2795524428372,520.3953654581676,1.0033649631677077,508
4618000,18472.00000192824,-678449.5946871596,132133.9528775087,-546315.6418096509,302.56762039605815,520.3953654581676,1.0033649631677077,508
4619000,18476.000001929056,-677597.1308090468,132181.69364978888,-545415.4371592579,302.6769398521867,520.3953654581676,1.0033649631677077,508
4620000,18480.00000192987,-678508.9948724778,131248.1611539633,-547260.8337185145,300.5392856030462,520.3953654581676,1.0033649631677077,507
4621000,18484.000001930686,-677975.6128530079,131294.77170202264,-546680.8411509852,300.64601700935435,520.3953654581676,1.0033649631677077,508
4622000,18488.0000019315,-678382.4050725508,130667.75255352666,-547714.6525190241,299.21023394548837,520.3953654581676,1.0033649631677077,508
4623000,18492.000001932316,-678690.6968738073,131560.17352292337,-547130.523350884,301.2537487516504,520.3953654581676,1.0033649631677077,508
4624000,18496.00000193313,-677864.7118691471,130957.14584525698,-546907.5660238902,299.8729026822558,520.3953654581676,1.0033649631677077,508
4625000,18500.000001933946,-677830.5424062931,132086.00298511493,-545744.5394211782,302.45782208514805,520.3953654581676,1.0033649631677077,507
4626000,18504.00000193476,-676744.9854572029,132003.1463584176,-544741.8390987853,302.26809240683366,520.3953654581676,1.0033649631677077,508
4627000,18508.000001935576,-678454.21932306,132190.76512470364,-546263.4541983564,302.6977122162814,520.3953654581676,1.0033649631677077,508
4628000,18512.00000193639,-677191.927573144,132438.66216731188,-544753.2654058321,303.2653605508069,520.3953654581676,1.0033649631677077,507
4629000,18516.000001937206,-677248.1235909937,131226.4219531546,-546021.7016378391,300.4895059808162,520.3953654581676,1.0033649631677077,508
4630000,18520.00000193802,-676320.4956170889,131141.48550750685,-545179.010109582,300.29501381824264,520.3953654581676,1.0033649631677077,508
4631000,18524.000001938835,-677942.0742861601,131689.3449273914,-546252.7293587687,301.5495325651365,520.3953654581676,1.0033649631677077,508
4632000,18528.00000193965,-676093.123396283,130823.05110265479,-545270.0722936282,299.56584513729325,520.3953654581676,1.0033649631677077,508
4633000,18532.000001940465,-677056.086586738,130904.33877997112,-546151.7478067669,299.7519821486935,520.3953654581676,1.0033649631677077,508
4634000,18536.00000194128,-677013.7282291302,130726.9803604756,-546286.7478686546,299.34585704779903,520.3953654581676,1.0033649631677077,508
4635000,18540.000001942095,-677801.547202982,130264.96732282976,-547536.5798801522,298.2879140865221,520.3953654581676,1.0033649631677077,508
4636000,18544.00000194291,-676578.4500804208,131864.78309746424,-544713.6669829566,301.95126057288627,520.3953654581676,1.0033649631677077,508
4637000,18548.000001943725,-677497.9102878454,131183.5331693695,-546314.377118476,300.3912968758213,520.3953654581676,1.0033649631677077,508
4638000,18552.00000194454,-678010.3495959588,131996.10142109072,-546014.2481748681,302.2519605203926,520.3953654581676,1.0033649631677077,508
4639000,18556.000001945355,-678089.3202300668,131010.836802604,-547078.4834274628,299.9958472006592,520.3953654581676,1.0033649631677077,508
4640000,18560.00000194617,-680170.3327999902,131462.1599910718,-548708.1728089184,301.0293119551032,520.3953654581676,1.0033649631677077,507
4641000,18564.000001946984,-678287.5597873535,131386.18140046962,-546901.3783868839,300.85533198357496,520.3953654581676,1.0033649631677077,508
4642000,18568.0000019478,-677714.4904741822,131152.17245517846,-546562.3180190037,300.319485381046,520.3953654581676,1.0033649631677077,508
4643000,18572.000001948614,-677396.4734678878,130884.15545020014,-546512.3180176876,299.70576524586505,520.3953654581676,1.0033649631677077,508
4644000,18576.00000194943,-677160.4497680184,131627.9465187858,-545532.5032492327,301.40893909931384,520.3953654581676,1.0033649631677077,508
4645000,18580.000001950244,-676644.8793493961,130576.80472917034,-546068.0746202257,299.00197659606056,520.3953654581676,1.0033649631677077,508
4646000,18584.00000195106,-677417.2071423824,131203.53894142268,-546213.6682009597,300.4371071971845,520.3953654581676,1.0033649631677077,508
4647000,18588.000001951874,-678703.8593603349,131567.54654378875,-547136.3128165462,301.2706319018914,520.3953654581676,1.0033649631677077,508
4648000,18592.00000195269,-677885.041552187,131487.93326082916,-546397.1082913578,301.08832901113226,520.3953654581676,1.0033649631677077,508
4649000,18596.000001953504,-677638.8298934996,130833.21153293765,-546805.618360562,299.5891110515109,520.3953654581676,1.0033649631677077,508
4650000,18600.00000195432,-677195.0930851172,131897.4681143335,-545297.6249707837,302.0261045290487,520.3953654581676,1.0033649631677077,508
4651000,18604.000001955133,-677242.4573898246,131907.85721118847,-545334.6001786361,302.0498940566078,520.3953654581676,1.0033649631677077,508
4652000,18608.00000195595,-676731.6746362015,131126.7340417707,-545604.9405944308,300.2612350975736,520.3953654581676,1.0033649631677077,508
4653000,18612.000001956763,-677084.3346501691,131087.30133654037,-545997.0333136288,300.17093991206303,520.3953654581676,1.0033649631677077,508
4654000,18616.00000195758,-676752.5914528593,131609.55227263318,-545143.0391802262,301.3668189389298,520.3953654581676,1.0033649631677077,508
4655000,18620.000001958393,-677706.7273269692,131521.75567608324,-546184.9716508859,301.1657774449119,520.3953654581676,1.0033649631677077,507
4656000,18624.000001959208,-678210.6187343718,131164.49099311943,-547046.1277412524,300.347693049328,520.3953654581676,1.0033649631677077,508
4657000,18628.000001960023,-677744.8304401068,131210.44610501634,-546534.3843350904,300.4529236017248,520.3953654581676,1.0033649631677077,508
4658000,18632.000001960838,-676664.910452181,132504.07497261374,-544160.8354795673,303.415146403819,520.3953654581676,1.0033649631677077,508
4659000,18636.000001961653,-678436.387180395,131671.13814153627,-546765.2490388587,301.5078416616914,520.3953654581676,1.0033649631677077,508
4660000,18640.000001962468,-677805.4019509507,131973.44999772497,-545831.9519532258,302.2000920405877,520.3953654581676,1.0033649631677077,507
4661000,18644.000001963283,-678493.4540771306,131136.71974780137,-547356.7343293293,300.28410091855204,520.3953654581676,1.0033649631677077,508
4662000,18648.000001964097,-678401.604835351,131804.81482318844,-546596.7900121625,301.8139419076095,520.3953654581676,1.0033649631677077,508
4663000,18652.000001964912,-677271.0572660477,130453.70210274358,-546817.3551633041,298.7200894055897,520.3953654581676,1.0033649631677077,508
4664000,18656.000001965727,-677031.4442536184,131301.83195519663,-545729.6122984218,300.6621839668677,520.3953654581676,1.0033649631677077,508
4665000,18660.000001966542,-678893.7363924109,132105.87993200216,-546787.8564604088,302.50333741553385,520.3953654581676,1.0033649631677077,508
4666000,18664.000001967357,-677535.1871109335,130833.2597435684,-546701.9273673651,299.58922144687483,520.3953654581676,1.0033649631677077,508
4667000,18668.000001968172,-679156.4864527709,131276.7382747596,-547879.7481780113,300.60472307198444,520.3953654581676,1.0033649631677077,508
4668000,18672.000001968987,-679190.7894756058,130438.90106389092,-548751.8884117149,298.6861971696616,520.3953654581676,1.0033649631677077,508
4669000,18676.0000019698,-677433.0343509698,131155.34476863092,-546277.6895823389,300.3267495195324,520.3953654581676,1.0033649631677077,508
4670000,18680.000001970617,-678297.0192088191,131642.83326701663,-546654.1859418026,301.4430275973081,520.3953654581676,1.0033649631677077,508
4671000,18684.00000197143,-677721.163048462,131472.23809589073,-546248.9249525713,301.05238935592837,520.3953654581676,1.0033649631677077,508
4672000,18688.000001972247,-677366.3221042659,131855.23887639996,-545511.083227866,301.9294056885582,520.3953654581676,1.0033649631677077,508
4673000,18692.00000197306,-676555.9424749413,131824.8135446743,-544731.128930267,301.8597360841945,520.3953654581676,1.0033649631677077,508
4674000,18696.000001973876,-678206.7983909086,131036.28857730678,-547170.5098136018,300.05412807956264,520.3953654581676,1.0033649631677077,508
4675000,18700.00000197469,-678228.7875622502,131400.8256788248,-546827.9618834254,300.88886526066125,520.3953654581676,1.0033649631677077,507
4676000,18704.000001975506,-676868.7827352257,131202.49738211394,-545666.2853531118,300.43472217717505,520.3953654581676,1.0033649631677077,508
4677000,18708.00000197632,-677980.0859078551,131203.62385564268,-546776.4620522123,300.4373016384536,520.3953654581676,1.0033649631677077,508
4678000,18712.000001977136,-678874.2097468823,129938.66080168828,-548935.548945194,297.5407193990747,520.3953654581676,1.0033649631677077,508
4679000,18716.00000197795,-678858.9777609063,130655.22933378938,-548203.748427117,299.1815575855287,520.3953654581676,1.0033649631677077,508
4680000,18720.000001978766,-676503.117831497,130294.88202664681,-546208.2358048502,298.356414426909,520.3953654581676,1.0033649631677077,507
4681000,18724.00000197958,-677143.6879795762,132008.93083475775,-545134.7571448184,302.28133802011746,520.3953654581676,1.0033649631677077,508
4682000,18728.000001980396,-677448.2570546228,131979.48651389705,-545468.7705407257,302.2139147885938,520.3953654581676,1.0033649631677077,508
4683000,18732.00000198121,-676998.2930756891,131458.35814780742,-545539.9349278817,301.0206062844972,520.3953654581676,1.0033649631677077,508
4684000,18736.000001982025,-677607.7823900362,130705.90906779503,-546901.8733222411,299.2976068384759,520.3953654581676,1.0033649631677077,508
4685000,18740.00000198284,-677212.0953327185,131019.25704820361,-546192.8382845148,300.0151283439139,520.3953654581676,1.0033649631677077,508
4686000,18744.000001983655,-676817.1575380596,131496.5784169243,-545320.5791211353,301.10812516685684,520.3953654581676,1.0033649631677077,508
4687000,18748.00000198447,-677053.2883873666,130655.5406276742,-546397.7477596924,299.18227040345266,520.3953654581676,1.0033649631677077,508
4688000,18752.000001985285,-678061.2111983062,131545.04556124378,-546516.1656370624,301.2191079097838,520.3953654581676,1.0033649631677077,508
4689000,18756.0000019861,-676726.7988980939,131897.67573777444,-544829.1231603194,302.02657995666664,520.3953654581676,1.0033649631677077,508
4690000,18760.000001986915,-678608.1450898228,131536.35831216202,-547071.7867776608,301.19921536721455,520.3953654581676,1.0033649631677077,508
4691000,18764.00000198773,-678143.4600953138,131332.24062683733,-546811.2194684765,300.7318154220491,520.3953654581676,1.0033649631677077,508
4692000,18768.000001988545,-677990.4196929652,130876.30967559566,-547114.1100173695,299.6877995580116,520.3953654581676,1.0033649631677077,508
4693000,18772.00000198936,-678406.8836539141,130673.459180156,-547733.4244737581,299.2233012942063,520.3953654581676,1.0033649631677077,508
4694000,18776.000001990174,-678426.5552133885,131253.28539229056,-547173.269821098,300.55101936687646,520.3953654581676,1.0033649631677077,508
4695000,18780.00000199099,-676807.6664159899,130597.86350582901,-546209.8029101609,299.0501981455057,520.3953654581676,1.0033649631677077,508
4696000,18784.000001991804,-677078.996944082,131231.2355577501,-545847.7613863319,300.5005284383774,520.3953654581676,1.0033649631677077,508
4697000,18788.00000199262,-676795.9111672034,131281.7992648926,-545514.1119023109,300.6163120066075,520.3953654581676,1.0033649631677077,508
4698000,18792.000001993434,-676763.0079296324,132032.4735106891,-544730.5344189433,302.33524733925293,520.3953654581676,1.0033649631677077,508
4699000,18796.00000199425,-677516.0664462983,131692.36754458622,-545823.6989017121,301.5564539208675,520.3953654581676,1.0033649631677077,508
4700000,18800.000001995064,-678116.8682433711,131089.05166709807,-547027.8165762731,300.17494791560955,520.3953654581676,1.0033649631677077,508
4701000,18804.00000199588,-679022.85775345,131303.65165030002,-547719.20610315,300.66635080518057,520.3953654581676,1.0033649631677077,508
4702000,18808.000001996694,-678336.7205666718,131140.646044609,-547196.0745220628,300.2930915697525,520.3953654581676,1.0033649631677077,508
4703000,18812.00000199751,-677353.774530069,131688.19352780574,-545665.5810022632,301.5468960267967,520.3953654581676,1.0033649631677077,508
4704000,18816.000001998324,-677288.8168448792,130932.08995846752,-546356.7268864117,299.81552832935324,520.3953654581676,1.0033649631677077,508
4705000,18820.00000199914,-678818.923090931,131022.50770714344,-547796.4153837876,300.0225718822227,520.3953654581676,1.0033649631677077,508
4706000,18824.000001999953,-676065.7427424183,130816.21458716356,-545249.5281552548,299.55019050667835,520.3953654581676,1.0033649631677077,508
4707000,18828.00000200077,-675965.7497020611,132310.83627374202,-543654.913428319,302.9726577624609,520.3953654581676,1.0033649631677077,508
4708000,18832.000002001583,-675605.965510773,131556.26637424075,-544049.6991365323,301.2448019468838,520.3953654581676,1.0033649631677077,508
4709000,18836.000002002398,-677204.4052001885,130884.32186461828,-546320.0833355703,299.70614631078746,520.3953654581676,1.0033649631677077,508
4710000,18840.000002003213,-677902.8357833885,130526.11022755981,-547376.7255558287,298.8858935274364,520.3953654581676,1.0033649631677077,507
4711000,18844.000002004028,-678555.8017851827,130889.12901519763,-547666.672769985,299.71715398958617,520.3953654581676,1.0033649631677077,508
4712000,18848.000002004843,-677940.704365409,131732.57847642028,-546208.1258889887,301.64853113262114,520.3953654581676,1.0033649631677077,508
4713000,18852.000002005658,-679819.6067267181,131130.79685231997,-548688.8098743982,300.2705383454765,520.3953654581676,1.0033649631677077,508
4714000,18856.000002006473,-678613.8457701178,130442.33804010402,-548171.5077300138,298.69406734754926,520.3953654581676,1.0033649631677077,508
4715000,18860.000002007288,-677885.2272051196,132364.63006002165,-545520.5971450979,303.09583774423146,520.3953654581676,1.0033649631677077,508
4716000,18864.000002008102,-676931.815091717,131023.45045049227,-545908.3646412247,300.0247306279916,520.3953654581676,1.0033649631677077,508
4717000,18868.000002008917,-678451.2895888984,130663.76294160722,-547787.5266472911,299.2010983118493,520.3953654581676,1.0033649631677077,508
4718000,18872.000002009732,-677157.6426845691,131366.7684897628,-545790.8741948063,300.81087922885433,520.3953654581676,1.0033649631677077,508
4719000,18876.000002010547,-677644.3494856292,131088.4534825928,-546555.8960030364,300.1735781597037,520.3953654581676,1.0033649631677077,508
4720000,18880.000002011362,-676979.1884219898,130757.2852189634,-546221.9032030264,299.4152507858914,520.3953654581676,1.0033649631677077,508
4721000,18884.000002012177,-677998.976312859,131655.09486153524,-546343.8814513237,301.47110487339773,520.3953654581676,1.0033649631677077,508
4722000,18888.000002012992,-677420.2918181117,131534.08969458102,-545886.2021235307,301.1940205614276,520.3953654581676,1.0033649631677077,508
4723000,18892.000002013807,-676593.0199516579,131039.89431408723,-545553.1256375706,300.06238469471475,520.3953654581676,1.0033649631677077,508
4724000,18896.00000201462,-678572.6462954576,131191.0143616529,-547381.6319338047,300.4084277229474,520.3953654581676,1.0033649631677077,508
4725000,18900.000002015437,-676644.4479982452,131018.18381389533,-545626.2641843499,300.01267079274163,520.3953654581676,1.0033649631677077,508
4726000,18904.00000201625,-678320.2557209325,132109.0028088558,-546211.2529120767,302.5104883513669,520.3953654581676,1.0033649631677077,508
4727000,18908.000002017066,-676921.0331288925,131630.0843116655,-545290.948817227,301.413834335477,520.3953654581676,1.0033649631677077,508
4728000,18912.00000201788,-676373.9714226159,130883.9270044968,-545490.0444181191,299.70524213828116,520.3953654581676,1.0033649631677077,508
4729000,18916.000002018696,-677695.1877010725,130407.52768721501,-547287.6600138575,298.61435667962934,520.3953654581676,1.0033649631677077,508
4730000,18920.00000201951,-677477.4013553127,133021.25952163158,-544456.1418336811,304.599424137847,520.3953654581676,1.0033649631677077,508
4731000,18924.000002020326,-678044.2148398142,131483.4907952582,-546560.724044556,301.07815640819996,520.3953654581676,1.0033649631677077,508
4732000,18928.00000202114,-677910.521512249,130888.93328870961,-547021.5882235394,299.71670580426786,520.3953654581676,1.0033649631677077,508
4733000,18932.000002021956,-677162.3556720149,131466.83145237272,-545695.5242196422,301.0400089251008,520.3953654581676,1.0033649631677077,508
4734000,18936.00000202277,-677751.5706584076,131234.8283778224,-546516.7422805852,300.5087554761381,520.3953654581676,1.0033649631677077,508
4735000,18940.000002023586,-678440.3605301655,131943.47094612138,-546496.8895840441,302.1314443530866,520.3953654581676,1.0033649631677077,508
4736000,18944.0000020244,-677262.695543766,131762.6691767599,-545500.0263670061,301.71743447956214,520.3953654581676,1.0033649631677077,508
4737000,18948.000002025216,-677542.4055243656,130894.18918917933,-546648.2163351863,299.72874105534095,520.3953654581676,1.0033649631677077,508
4738000,18952.00000202603,-676612.5825849283,130848.74425728258,-545763.8383276457,299.62467874127543,520.3953654581676,1.0033649631677077,508
4739000,18956.000002026845,-677657.8290611403,130956.59493956086,-546701.2341215794,299.8716411879774,520.3953654581676,1.0033649631677077,508
4740000,18960.00000202766,-677085.5431699837,130433.21684271679,-546652.3263272669,298.673181126192,520.3953654581676,1.0033649631677077,508
4741000,18964.000002028475,-678005.7722250824,131780.10011711565,-546225.6721079667,301.7573488091485,520.3953654581676,1.0033649631677077,508
4742000,18968.00000202929,-678391.0872596004,131470.5225563214,-546920.564703279,301.0484610187079,520.3953654581676,1.0033649631677077,508
4743000,18972.000002030105,-678210.4605745613,132038.2491385152,-546172.211436046,302.3484726907207,520.3953654581676,1.0033649631677077,508
4744000,18976.00000203092,-675828.9721778594,132019.99827777222,-543808.9739000872,302.306680862164,520.3953654581676,1.0033649631677077,508
4745000,18980.000002031735,-677891.4919091151,131115.82245191338,-546775.6694572017,300.23624913669096,520.3953654581676,1.0033649631677077,508
4746000,18984.00000203255,-677655.4335732493,130549.62551649619,-547105.8080567531,298.93974013431875,520.3953654581676,1.0033649631677077,508
4747000,18988.000002033365,-678735.3419522112,131279.3990108209,-547455.9429413903,300.61081577231647,520.3953654581676,1.0033649631677077,508
4748000,18992.00000203418,-676970.3004200482,132697.3520358585,-544272.9483841897,303.8577228940366,520.3953654581676,1.0033649631677077,508
4749000,18996.000002034994,-676016.875386511,132203.03162314498,-543813.843763366,302.7258007216441,520.3953654581676,1.0033649631677077,508
4750000,19000.00000203581,-677653.9814727991,131172.7105298309,-546481.2709429682,300.3665145982893,520.3953654581676,1.0033649631677077,508
4751000,19004.000002036624,-677180.9405437703,131035.69783555774,-546145.2427082126,300.05277536649095,520.3953654581676,1.0033649631677077,508
4752000,19008.00000203744,-676859.428069415,131749.59829736827,-545109.8297720468,301.68750405828973,520.3953654581676,1.0033649631677077,508
4753000,19012.000002038254,-677818.365559998,131455.8869924469,-546362.4785675511,301.01494769652055,520.3953654581676,1.0033649631677077,508
4754000,19016.00000203907,-678427.8539559594,131136.39877849055,-547291.455177469,300.28336594530344,520.3953654581676,1.0033649631677077,508
4755000,19020.000002039884,-677465.6913275872,131547.13894852134,-545918.5523790659,301.2239014635476,520.3953654581676,1.0033649631677077,508
4756000,19024.0000020407,-677726.7820737138,130345.66897391115,-547381.1130998028,298.4727091826952,520.3953654581676,1.0033649631677077,508
4757000,19028.000002041514,-677603.1847717878,131093.8719341664,-546509.3128376214,300.1859856292689,520.3953654581676,1.0033649631677077,508
4758000,19032.00000204233,-677838.0727973515,131123.6029478496,-546714.469849502,300.2540653458458,520.3953654581676,1.0033649631677077,508
4759000,19036.000002043143,-676792.3857560297,131524.39909061405,-545267.9866654157,301.1718304814471,520.3953654581676,1.0033649631677077,508
4760000,19040.00000204396,-677199.2915129946,131430.04476450745,-545769.2467484871,300.95577273623894,520.3953654581676,1.0033649631677077,508
4761000,19044.000002044773,-677440.4139481904,131592.47883626702,-545847.9351119234,301.3277232417165,520.3953654581676,1.0033649631677077,508
4762000,19048.00000204559,-677089.9657359892,131773.2338020745,-545316.7319339146,301.741625941879,520.3953654581676,1.0033649631677077,508
4763000,19052.000002046403,-677409.23232975,132255.8748864251,-545153.3574433249,302.8468041433721,520.3953654581676,1.0033649631677077,508
4764000,19056.000002047218,-676228.9084225832,130662.77061042408,-545566.1378121591,299.19882601711964,520.3953654581676,1.0033649631677077,508
4765000,19060.000002048033,-677535.3999078912,131120.66910265564,-546414.7308052356,300.2473472651435,520.3953654581676,1.0033649631677077,508
4766000,19064.000002048848,-676708.4921431453,131106.96486672934,-545601.527276416,300.2159665491105,520.3953654581676,1.0033649631677077,508
4767000,19068.000002049663,-677730.614368828,131702.8724805354,-546027.7418882926,301.58050870318004,520.3953654581676,1.0033649631677077,508
4768000,19072.000002050478,-677708.9887564904,131661.32084182987,-546047.6679146605,301.4853614668119,520.3953654581676,1.0033649631677077,508
4769000,19076.000002051293,-677432.9632759048,130433.50432854949,-546999.4589473553,298.67383942712377,520.3953654581676,1.0033649631677077,508
4770000,19080.000002052107,-678064.0994931734,132627.02003881874,-545437.0794543547,303.6966728041952,520.3953654581676,1.0033649631677077,508
4771000,19084.000002052922,-676921.7781879329,130407.51897937547,-546514.2592085574,298.6143367399376,520.3953654581676,1.0033649631677077,508
4772000,19088.000002053737,-677682.5942178196,131437.20380218804,-546245.3904156316,300.97216589596945,520.3953654581676,1.0033649631677077,508
4773000,19092.000002054552,-678182.4862265144,131753.20274394262,-546429.2834825718,301.69575771905664,520.3953654581676,1.0033649631677077,508
4774000,19096.000002055367,-676256.385117441,131157.22323075007,-545099.1618866909,300.3310509258024,520.3953654581676,1.0033649631677077,508
4775000,19100.000002056182,-677781.0640579886,130994.90436211287,-546786.1596958757,299.95936421879486,520.3953654581676,1.0033649631677077,508
4776000,19104.000002056997,-676477.2336354563,131957.57973859966,-544519.6538968566,302.1637514450478,520.3953654581676,1.0033649631677077,508
4777000,19108.00000205781,-677486.7698990051,130624.1283768668,-546862.6415221383,299.11034089728787,520.3953654581676,1.0033649631677077,508
4778000,19112.000002058627,-676264.7285028677,131337.49980985507,-544927.2286930126,300.74385818968193,520.3953654581676,1.0033649631677077,508
4779000,19116.00000205944,-678972.5273046778,131260.51593998176,-547712.011364696,300.56757627417727,520.3953654581676,1.0033649631677077,508
4780000,19120.000002060257,-677715.987261293,131519.3240932786,-546196.6631680144,301.1602094723585,520.3953654581676,1.0033649631677077,508
4781000,19124.00000206107,-678665.58497003,131043.61242065919,-547621.9725493708,300.07089862041937,520.3953654581676,1.0033649631677077,508
4782000,19128.000002061886,-675926.649031024,130977.08511207026,-544949.5639189538,299.918560716249,520.3953654581676,1.0033649631677077,508
4783000,19132.0000020627,-678988.1025638664,131830.43872774736,-547157.663836119,301.8726169389607,520.3953654581676,1.0033649631677077,508
4784000,19136.000002063516,-679102.3802164076,131268.96671563818,-547833.4135007694,300.5869273268415,520.3953654581676,1.0033649631677077,508
4785000,19140.00000206433,-678670.7106301538,130630.8964925484,-548039.8141376054,299.1258389022424,520.3953654581676,1.0033649631677077,508
4786000,19144.000002065146,-677880.329310508,130404.0898011142,-547476.2395093938,298.6064844182305,520.3953654581676,1.0033649631677077,508
4787000,19148.00000206596,-678837.8235235997,131152.65892016503,-547685.1646034346,300.3205993154299,520.3953654581676,1.0033649631677077,508
4788000,19152.000002066776,-678200.4476112546,132466.73384946096,-545733.7137617937,303.32964063842553,520.3953654581676,1.0033649631677077,508
4789000,19156.00000206759,-676137.662310631,131568.10746905248,-544569.5548415785,301.2719163395289,520.3953654581676,1.0033649631677077,508
4790000,19160.000002068406,-676472.5229299073,131372.20592482167,-545100.3170050856,300.82333016785225,520.3953654581676,1.0033649631677077,508
4791000,19164.00000206922,-677818.9736047047,131928.12546223588,-545890.8481424688,302.0963054168635,520.3953654581676,1.0033649631677077,508
4792000,19168.000002070035,-678618.856165194,132116.14146743878,-546502.7146977552,302.5268348459146,520.3953654581676,1.0033649631677077,508
4793000,19172.00000207085,-679115.6662041591,131784.3721646251,-547331.294039534,301.7671311793948,520.3953654581676,1.0033649631677077,508
4794000,19176.000002071665,-678161.1659458037,132038.72059448552,-546122.4453513182,302.3495522566306,520.3953654581676,1.0033649631677077,508
4795000,19180.00000207248,-678351.6602798756,131104.4296090509,-547247.2306708248,300.21016117610714,520.3953654581676,1.0033649631677077,508
4796000,19184.000002073295,-677939.0324971587,131561.8960202348,-546377.136476924,301.25769302109296,520.3953654581676,1.0033649631677077,508
4797000,19188.00000207411,-677216.5167259537,131248.02678538076,-545968.4899405729,300.5389779184474,520.3953654581676,1.0033649631677077,508
4798000,19192.000002074925,-677361.0204488961,131412.63055907428,-545948.3898898219,300.91589672720227,520.3953654581676,1.0033649631677077,508
4799000,19196.00000207574,-677272.8160158857,131472.7616292488,-545800.0543866369,301.0535881715159,520.3953654581676,1.0033649631677077,508
4800000,19200.000002076555,-677053.360343276,131418.69606718642,-545634.6642760896,300.92978586255333,520.3953654581676,1.0033649631677077,508
4801000,19204.00000207737,-676218.0323272794,132259.5810361848,-543958.4512910947,302.85529068970783,520.3953654581676,1.0033649631677077,508
4802000,19208.000002078184,-677954.6838047253,131594.86855685903,-546359.8152478663,301.3331953558643,520.3953654581676,1.0033649631677077,508
4803000,19212.000002079,-677732.6590830227,131450.95927492646,-546281.6998080963,301.00366393688364,520.3953654581676,1.0033649631677077,508
4804000,19216.000002079814,-676959.0563304839,132216.35002477735,-544742.7063057065,302.75629793300897,520.3953654581676,1.0033649631677077,508
4805000,19220.00000208063,-676807.1486509047,131073.05844197312,-545734.0902089316,300.13832574573473,520.3953654581676,1.0033649631677077,508
4806000,19224.000002081444,-678803.2311221748,131219.47448308184,-547583.7566390929,300.4735972802747,520.3953654581676,1.0033649631677077,508
4807000,19228.00000208226,-676760.7147495821,132422.37770734177,-544338.3370422403,303.2280714953046,520.3953654581676,1.0033649631677077,508
4808000,19232.000002083074,-677365.695584923,131244.63785563898,-546121.057729284,300.53121776002234,520.3953654581676,1.0033649631677077,508
4809000,19236.00000208389,-677726.4541558456,130967.91387709556,-546758.54027875,299.8975599160613,520.3953654581676,1.0033649631677077,508
4810000,19240.000002084704,-678215.884695367,132216.80751749303,-545999.0771778739,302.75734552508743,520.3953654581676,1.0033649631677077,508
4811000,19244.00000208552,-677252.3116119266,131816.2410224175,-545436.0705895091,301.840106249443,520.3953654581676,1.0033649631677077,508
4812000,19248.000002086334,-676158.2431902019,132329.76617205027,-543828.4770181517,303.01600448872415,520.3953654581676,1.0033649631677077,508
4813000,19252.00000208715,-678523.8546432792,130658.22689426533,-547865.627749014,299.1884215650015,520.3953654581676,1.0033649631677077,508
4814000,19256.000002087963,-677624.077855275,132550.47668795707,-545073.601167318,303.5213996134444,520.3953654581676,1.0033649631677077,508
4815000,19260.00000208878,-678527.6992143216,131116.47493874136,-547411.2242755801,300.2377432370534,520.3953654581676,1.0033649631677077,508
4816000,19264.000002089593,-679545.8196050129,131355.264669446,-548190.5549355668,300.7845371459687,520.3953654581676,1.0033649631677077,508
4817000,19268.000002090408,-676272.5572767965,131024.9560123221,-545247.6012644744,300.02817814659136,520.3953654581676,1.0033649631677077,508
4818000,19272.000002091223,-678152.2075202544,130999.80428060223,-547152.4032396522,299.9705843226756,520.3953654581676,1.0033649631677077,508
4819000,19276.000002092038,-678810.8852290884,131258.14689645683,-547552.7383326315,300.56215150751933,520.3953654581676,1.0033649631677077,508
4820000,19280.000002092853,-678278.1825307873,131304.9242750968,-546973.2582556906,300.6692649317017,520.3953654581676,1.0033649631677077,508
4821000,19284.000002093668,-675760.1562195015,130638.64632221207,-545121.5098972894,299.1435848900732,520.3953654581676,1.0033649631677077,508
4822000,19288.000002094483,-677241.885594896,130090.88892571197,-547150.9966691841,297.8892997619577,520.3953654581676,1.0033649631677077,508
4823000,19292.000002095298,-678157.8513899068,132196.70651951391,-545961.144870393,302.71131715014155,520.3953654581676,1.0033649631677077,508
4824000,19296.000002096112,-677124.4717849712,130750.74167199247,-546373.7301129787,299.400267010769,520.3953654581676,1.0033649631677077,508
4825000,19300.000002096927,-677718.7222617776,131319.85375666627,-546398.8685051113,300.7034512828541,520.3953654581676,1.0033649631677077,508
4826000,19304.000002097742,-677160.076231021,132078.4537170375,-545081.6225139834,302.4405353543103,520.3953654581676,1.0033649631677077,508
4827000,19308.000002098557,-677579.5058306288,131431.49869776657,-546148.0071328622,300.9591020328872,520.3953654581676,1.0033649631677077,508
4828000,19312.000002099372,-677091.1840077299,131681.32512046595,-545409.8588872639,301.53116836846624,520.3953654581676,1.0033649631677077,508
4829000,19316.000002100187,-677061.4373906725,130975.40428998497,-546086.0331006875,299.9147118770402,520.3953654581676,1.0033649631677077,508
4830000,19320.000002101002,-677067.5602652612,130991.89290833508,-546075.6673569261,299.9524684256725,520.3953654581676,1.0033649631677077,508
4831000,19324.000002101817,-677973.849477388,131334.26220648066,-546639.5872709074,300.73644454672757,520.3953654581676,1.0033649631677077,508
4832000,19328.00000210263,-677731.7897979137,131086.68792886438,-546645.1018690494,300.1695352973004,520.3953654581676,1.0033649631677077,508
4833000,19332.000002103447,-678421.5171012641,132138.8646477447,-546282.6524535194,302.57886763872267,520.3953654581676,1.0033649631677077,508
4834000,19336.00000210426,-678126.9006893942,131038.53437412903,-547088.3663152652,300.0592706291164,520.3953654581676,1.0033649631677077,508
4835000,19340.000002105076,-677960.1026049629,131569.24313056516,-546390.8594743977,301.2745168399603,520.3953654581676,1.0033649631677077,508
4836000,19344.00000210589,-677826.9219055707,130815.66154077114,-547011.2603647995,299.5489241105154,520.3953654581676,1.0033649631677077,508
4837000,19348.000002106706,-677530.6888658553,132965.31620043406,-544565.3726654213,304.47132203234594,520.3953654581676,1.0033649631677077,508
4838000,19352.00000210752,-678884.15774978,131721.86213326384,-547162.2956165161,301.6239922584137,520.3953654581676,1.0033649631677077,508
4839000,19356.000002108336,-677357.5786224599,131327.08929333667,-546030.4893291232,300.72001961419494,520.3953654581676,1.0033649631677077,508
4840000,19360.00000210915,-678382.3298658784,131974.12640543393,-546408.2034604445,302.2016409163041,520.3953654581676,1.0033649631677077,508
4841000,19364.000002109966,-676800.8831524267,131658.1852605975,-545142.6978918292,301.478181439791,520.3953654581676,1.0033649631677077,508
4842000,19368.00000211078,-677782.2587760915,131383.85175129026,-546398.4070248012,300.8499974242644,520.3953654581676,1.0033649631677077,508
4843000,19372.000002111596,-676129.4578790781,132127.7904559077,-544001.6674231704,302.55350934284974,520.3953654581676,1.0033649631677077,508
4844000,19376.00000211241,-677847.0188431954,132189.76026756124,-545657.2585756341,302.69541123891867,520.3953654581676,1.0033649631677077,508
4845000,19380.000002113225,-677526.6029780176,131054.29919090739,-546472.3037871103,300.09536977694876,520.3953654581676,1.0033649631677077,508
4846000,19384.00000211404,-678714.8734354307,131944.12484427146,-546770.7485911592,302.1329416851722,520.3953654581676,1.0033649631677077,508
4847000,19388.000002114855,-677966.1670801849,130907.48204603046,-547058.6850341544,299.7591797728555,520.3953654581676,1.0033649631677077,508
4848000,19392.00000211567,-678389.458974204,132072.81136908202,-546316.6476051221,302.42761519444855,520.3953654581676,1.0033649631677077,508
4849000,19396.000002116485,-676927.0092919702,130781.23952633422,-546145.769765636,299.4701026814231,520.3953654581676,1.0033649631677077,508
4850000,19400.0000021173,-677727.6586470185,130956.19495133264,-546771.4636956858,299.87072527284914,520.3953654581676,1.0033649631677077,508
4851000,19404.000002118115,-677153.8267316376,131249.0573334496,-545904.769398188,300.54133772431186,520.3953654581676,1.0033649631677077,508
4852000,19408.00000211893,-677984.4347184394,131292.55347777857,-546691.8812406608,300.6409375970124,520.3953654581676,1.0033649631677077,508
4853000,19412.000002119745,-677189.3683914943,131974.8927285786,-545214.4756629157,302.20339568534934,520.3953654581676,1.0033649631677077,508
4854000,19416.00000212056,-676780.412045823,130724.12044409626,-546056.2916017267,299.339308253378,520.3953654581676,1.0033649631677077,508
4855000,19420.000002121375,-679095.5465486809,131414.7113924558,-547680.8351562251,300.9206615343617,520.3953654581676,1.0033649631677077,508
4856000,19424.00000212219,-678454.9409315046,131697.66714948777,-546757.2737820168,301.5685892487615,520.3953654581676,1.0033649631677077,508
4857000,19428.000002123004,-676637.1536825635,131656.30070590158,-544980.8529766619,301.4738660824023,520.3953654581676,1.0033649631677077,508
4858000,19432.00000212382,-676916.8131830115,131040.68033168401,-545876.1328513275,300.0641845612038,520.3953654581676,1.0033649631677077,508
4859000,19436.000002124634,-677776.057004238,132090.16515249392,-545685.8918517441,302.4673528458051,520.3953654581676,1.0033649631677077,508
4860000,19440.00000212545,-674529.5921331989,131129.2413844031,-543400.3507487958,300.26697654916336,520.3953654581676,1.0033649631677077,508
4861000,19444.000002126264,-677748.0616709539,131242.1439237534,-546505.9177472005,300.5255070171011,520.3953654581676,1.0033649631677077,508
4862000,19448.00000212708,-678059.3300231784,131697.57164741447,-546361.7583757639,301.5683705628415,520.3953654581676,1.0033649631677077,508
4863000,19452.000002127894,-676555.1477124747,131743.35307826608,-544811.7946342085,301.6732034107919,520.3953654581676,1.0033649631677077,508
4864000,19456.00000212871,-678691.8001021803,130948.25185982074,-547743.5482423597,299.8525367433682,520.3953654581676,1.0033649631677077,508
4865000,19460.000002129524,-677599.5629451689,131739.10905406298,-545860.453891106,301.66348520985963,520.3953654581676,1.0033649631677077,508
4866000,19464.00000213034,-677509.3503558752,131315.56927300652,-546193.7810828687,300.6936404356242,520.3953654581676,1.0033649631677077,508
4867000,19468.000002131153,-678380.0043387134,130786.11708220997,-547593.8872565033,299.4812715781565,520.3953654581676,1.0033649631677077,508
4868000,19472.00000213197,-679234.3230194096,130985.64603025181,-548248.6769891577,299.9381639793482,520.3953654581676,1.0033649631677077,508
4869000,19476.000002132783,-677228.4240169749,130358.23014677892,-546870.1938701959,298.50147244982844,520.3953654581676,1.0033649631677077,508
4870000,19480.000002133598,-677254.3368805773,131189.7407351414,-546064.5961454359,300.4055113026446,520.3953654581676,1.0033649631677077,508
4871000,19484.000002134413,-676806.7757954379,131551.69374051946,-545255.0820549184,301.2343312777343,520.3953654581676,1.0033649631677077,508
4872000,19488.000002135228,-678165.6030713622,131513.75155097,-546651.8515203922,301.1474491573209,520.3953654581676,1.0033649631677077,508
4873000,19492.000002136043,-677659.8149696137,131685.50875475752,-545974.3062148562,301.54074828524494,520.3953654581676,1.0033649631677077,508
4874000,19496.000002136858,-677154.4170127134,132383.4964717129,-544770.9205410006,303.139039095334,520.3953654581676,1.0033649631677077,508
4875000,19500.000002137673,-677899.0190748409,131696.5226956769,-546202.496379164,301.56596861524025,520.3953654581676,1.0033649631677077,508
4876000,19504.000002138488,-677137.6867018994,131001.82637934864,-546135.8603225508,299.97521463602493,520.3953654581676,1.0033649631677077,508
4877000,19508.000002139303,-678396.7622903371,131715.45019647473,-546681.3120938623,301.6093098515518,520.3953654581676,1.0033649631677077,508
4878000,19512.000002140117,-677843.0959266275,131187.29206787847,-546655.8038587491,300.39990420915535,520.3953654581676,1.0033649631677077,508
4879000,19516.000002140932,-677440.9156273771,130885.92918637054,-546554.9864410065,299.7098268448758,520.3953654581676,1.0033649631677077,508
4880000,19520.000002141747,-677542.0757413651,132364.16201912926,-545177.9137222358,303.09476599835557,520.3953654581676,1.0033649631677077,508
4881000,19524.000002142562,-676863.3291397244,131164.78401419736,-545698.5451255271,300.3483640251699,520.3953654581676,1.0033649631677077,508
4882000,19528.000002143377,-678511.36170473,131339.39134242455,-547171.9703623054,300.7481895253908,520.3953654581676,1.0033649631677077,508
4883000,19532.000002144192,-676708.7932113092,131347.35156740586,-545361.4416439034,300.7664172880359,520.3953654581676,1.0033649631677077,508
4884000,19536.000002145007,-675533.7936192858,130983.82241708157,-544549.9712022042,299.93398816922956,520.3953654581676,1.0033649631677077,508
4885000,19540.00000214582,-677489.800683998,130905.74388855849,-546584.0567954396,299.7551996439127,520.3953654581676,1.0033649631677077,508
4886000,19544.000002146637,-678018.0898114746,131326.65350979683,-546691.4363016777,300.7190217329858,520.3953654581676,1.0033649631677077,508
4887000,19548.00000214745,-677456.1320137419,131347.0892785975,-546109.0427351444,300.7658166846416,520.3953654581676,1.0033649631677077,508
4888000,19552.000002148267,-677415.8680372057,130526.96018694516,-546888.9078502605,298.88783981136305,520.3953654581676,1.0033649631677077,508
4889000,19556.00000214908,-676128.5033435579,131780.22296076026,-544348.2803827977,301.75763010330814,520.3953654581676,1.0033649631677077,508
4890000,19560.000002149896,-677924.2210224364,131327.7900271512,-546596.4309952852,300.72162419317084,520.3953654581676,1.0033649631677077,508
4891000,19564.00000215071,-677939.6512736734,132219.72597795853,-545719.9252957149,302.76402837698913,520.3953654581676,1.0033649631677077,508
4892000,19568.000002151526,-676624.0939945756,132671.0519773449,-543953.0420172306,303.7974995680296,520.3953654581676,1.0033649631677077,508
4893000,19572.00000215234,-677611.8782146527,131935.5686315258,-545676.3095831268,302.1133491968399,520.3953654581676,1.0033649631677077,508
4894000,19576.000002153156,-677013.7592586349,132283.13418865018,-544730.6250699847,302.9092239985893,520.3953654581676,1.0033649631677077,508
4895000,19580.00000215397,-679278.1924568936,131871.3359650711,-547406.8564918225,301.9662656909154,520.3953654581676,1.0033649631677077,508
4896000,19584.000002154786,-679579.0418251883,132137.62388955447,-547441.4179356338,302.5760264821166,520.3953654581676,1.0033649631677077,508
4897000,19588.0000021556,-678144.9706084505,131698.12011765817,-546446.8504907923,301.5696264802864,520.3953654581676,1.0033649631677077,508
4898000,19592.000002156416,-678379.3218303812,131432.18090757995,-546947.1409228012,300.96066419458253,520.3953654581676,1.0033649631677077,508
4899000,19596.00000215723,-676956.2636065627,131297.09085099792,-545659.1727555648,300.6513275247178,520.3953654581676,1.0033649631677077,508
4900000,19600.000002158045,-678622.4973407984,131434.64799902597,-547187.8493417724,300.96631347678345,520.3953654581676,1.0033649631677077,508
4901000,19604.00000215886,-676627.0782183772,131378.84322392775,-545248.2349944494,300.8385286217897,520.3953654581676,1.0033649631677077,508
4902000,19608.000002159675,-679209.7991408128,131462.46882022946,-547747.3303205834,301.0300191291589,520.3953654581676,1.0033649631677077,508
4903000,19612.00000216049,-677882.3212746396,131726.82969479874,-546155.4915798409,301.6353672550747,520.3953654581676,1.0033649631677077,508
4904000,19616.000002161305,-679023.4361373796,130959.51517823577,-548063.9209591439,299.87832811172115,520.3953654581676,1.0033649631677077,508
4905000,19620.00000216212,-677923.6817061044,131257.45268944663,-546666.2290166578,300.5605618739803,520.3953654581676,1.0033649631677077,508
4906000,19624.000002162935,-678348.9440696607,131722.46166859227,-546626.4824010684,301.62536510750897,520.3953654581676,1.0033649631677077,508
4907000,19628.00000216375,-678101.335777862,131344.25575531073,-546757.0800225512,300.7593283265811,520.3953654581676,1.0033649631677077,508
4908000,19632.000002164565,-678723.9996070242,131900.9125336086,-546823.0870734156,302.0339917504708,520.3953654581676,1.0033649631677077,508
4909000,19636.00000216538,-677795.825881822,130302.95657221277,-547492.8693096093,298.3749039671405,520.3953654581676,1.0033649631677077,508
4910000,19640.000002166194,-677489.5430735173,131326.64787073014,-546162.8952027871,300.7190088203396,520.3953654581676,1.0033649631677077,508
4911000,19644.00000216701,-677671.6334474832,131509.8570939051,-546161.7763535781,301.13853141452137,520.3953654581676,1.0033649631677077,508
4912000,19648.000002167824,-677557.914401093,131859.26495282212,-545698.6494482709,301.9386248206288,520.3953654581676,1.0033649631677077,508
4913000,19652.00000216864,-677737.3001455432,130874.4771396371,-546862.8230059061,299.6836033159997,520.3953654581676,1.0033649631677077,508
4914000,19656.000002169454,-677710.2128829006,132143.4358282461,-545566.7770546546,302.589334980209,520.3953654581676,1.0033649631677077,508
4915000,19660.00000217027,-677670.4957288806,131588.2677288961,-546082.2279999845,301.31808041556394,520.3953654581676,1.0033649631677077,508
4916000,19664.000002171084,-677980.6292695454,131343.0665008184,-546637.5627687271,300.75660510598595,520.3953654581676,1.0033649631677077,508
4917000,19668.0000021719,-675972.5962988231,131008.54907858811,-544964.047220235,299.99060864390276,520.3953654581676,1.0033649631677077,508
4918000,19672.000002172714,-677028.0102023468,130413.42957931309,-546614.5806230337,298.62787115799813,520.3953654581676,1.0033649631677077,508
4919000,19676.00000217353,-676689.8753801188,132111.38083145348,-544578.4945486654,302.51593367880145,520.3953654581676,1.0033649631677077,508
4920000,19680.000002174344,-678480.2646416789,131591.54936099346,-546888.7152806855,301.32559487791895,520.3953654581676,1.0033649631677077,508
4921000,19684.00000217516,-676415.7797259935,131719.88342775055,-544695.896298243,301.61946130928527,520.3953654581676,1.0033649631677077,508
4922000,19688.000002175973,-677587.0025137621,131634.3960938898,-545952.6064198723,301.4237076924672,520.3953654581676,1.0033649631677077,508
4923000,19692.00000217679,-679600.8192541753,132167.7612590983,-547433.057995077,302.64503669477807,520.3953654581676,1.0033649631677077,508
4924000,19696.000002177603,-678752.3777459655,131501.50762362563,-547250.8701223398,301.1194123365023,520.3953654581676,1.0033649631677077,508
4925000,19700.000002178418,-677826.5325895199,131073.5243207732,-546753.0082687467,300.1393925407322,520.3953654581676,1.0033649631677077,508
4926000,19704.000002179233,-677040.2866070261,132205.21218261324,-544835.0744244129,302.73079388710283,520.3953654581676,1.0033649631677077,508
4927000,19708.000002180048,-678451.6415623832,131007.86133953393,-547443.7802228492,299.9890338210465,520.3953654581676,1.0033649631677077,508
4928000,19712.000002180863,-676815.251720014,131261.52748332915,-545553.7242366849,300.5698925619813,520.3953654581676,1.0033649631677077,508
4929000,19716.000002181678,-677854.6969804997,131726.78169181693,-546127.9152886828,301.6352573351967,520.3953654581676,1.0033649631677077,508
4930000,19720.000002182493,-677546.1572947982,130504.40377309895,-547041.7535216992,298.83618888960154,520.3953654581676,1.0033649631677077,508
4931000,19724.000002183308,-677550.3031489905,130864.25931523865,-546686.0438337518,299.66020597756744,520.3953654581676,1.0033649631677077,508
4932000,19728.000002184122,-678752.2249053922,131814.4905310542,-546937.734374338,301.836097877675,520.3953654581676,1.0033649631677077,508
4933000,19732.000002184937,-676397.4293266144,131782.69370465423,-544614.7356219601,301.763287749086,520.3953654581676,1.0033649631677077,507
4934000,19736.000002185752,-678668.29960234,131723.03461479663,-546945.2649875433,301.62667707136,520.3953654581676,1.0033649631677077,508
4935000,19740.000002186567,-676801.5220579188,131889.6391382012,-544911.8829197176,302.0081773072643,520.3953654581676,1.0033649631677077,507
4936000,19744.000002187382,-676941.8181341053,131779.2326866081,-545162.5854474972,301.7553625188816,520.3953654581676,1.0033649631677077,508
4937000,19748.000002188197,-677786.7931370931,130782.77581456723,-547004.0173225258,299.4736205590373,520.3953654581676,1.0033649631677077,508
4938000,19752.000002189012,-678122.4280135953,132619.866444511,-545502.5615690843,303.6802921090004,520.3953654581676,1.0033649631677077,507
4939000,19756.000002189827,-676615.5539886374,131378.09248138266,-545237.4615072547,300.83680953006154,520.3953654581676,1.0033649631677077,508
4940000,19760.00000219064,-677069.3556403457,131500.46590767938,-545568.8897326663,301.11702695781554,520.3953654581676,1.0033649631677077,507
4941000,19764.000002191457,-677020.3442929587,132079.00593783532,-544941.3383551234,302.44179985998113,520.3953654581676,1.0033649631677077,507
4942000,19768.00000219227,-678094.6375009967,131897.2017476621,-546197.4357533345,302.02549458793845,520.3953654581676,1.0033649631677077,508
4943000,19772.000002193086,-678156.2413725564,130692.04555454815,-547464.1958180083,299.2658614004406,520.3953654581676,1.0033649631677077,507
4944000,19776.0000021939,-677154.1477286043,131024.87689270743,-546129.2708358968,300.0279969741295,520.3953654581676,1.0033649631677077,507
4945000,19780.000002194716,-678934.5250507803,130890.50862834463,-548044.0164224356,299.72031310393845,520.3953654581676,1.0033649631677077,507
4946000,19784.00000219553,-678608.4059348488,131242.89634899283,-547365.509585856,300.52722996195564,520.3953654581676,1.0033649631677077,507
4947000,19788.000002196346,-677713.6656281333,131237.9606039452,-546475.7050241882,300.5159278204438,520.3953654581676,1.0033649631677077,508
4948000,19792.00000219716,-677962.3464559703,132858.2370873766,-545104.1093685937,304.226126367444,520.3953654581676,1.0033649631677077,507
4949000,19796.000002197976,-677455.6709594722,131177.84780889453,-546277.8231505777,300.3782782235177,520.3953654581676,1.0033649631677077,507
4950000,19800.00000219879,-678021.4173048227,130829.56845250056,-547191.8488523222,299.5807689247921,520.3953654581676,1.0033649631677077,507
4951000,19804.000002199606,-677466.5536556593,130495.68341801976,-546970.8702376395,298.81622053909166,520.3953654581676,1.0033649631677077,507
4952000,19808.00000220042,-677125.390002626,131733.0766201935,-545392.3133824326,301.6496718097355,520.3953654581676,1.0033649631677077,507
4953000,19812.000002201235,-677235.9785169819,131445.30191767798,-545790.676599304,300.99070940791415,520.3953654581676,1.0033649631677077,507
4954000,19816.00000220205,-678462.7788010105,131231.7091975371,-547231.0696034734,300.50161300491123,520.3953654581676,1.0033649631677077,507
4955000,19820.000002202865,-679125.9458645508,131608.25325731392,-547517.6926072368,301.3638443819333,520.3953654581676,1.0033649631677077,507
4956000,19824.00000220368,-676993.205916062,132103.76958039688,-544889.4363356652,302.4985050159159,520.3953654581676,1.0033649631677077,507
4957000,19828.000002204495,-678465.6429308588,131401.66458548862,-547063.9783453702,300.89078623545595,520.3953654581676,1.0033649631677077,507
4958000,19832.00000220531,-677034.0016022571,132084.7224312759,-544949.2791709813,302.4548898022682,520.3953654581676,1.0033649631677077,507
4959000,19836.000002206125,-678208.4159313492,131435.30784429712,-546773.108087052,300.9678244269153,520.3953654581676,1.0033649631677077,507
4960000,19840.00000220694,-677429.70628769,130847.12364367495,-546582.5826440151,299.6209677707628,520.3953654581676,1.0033649631677077,507
4961000,19844.000002207755,-678149.0579058863,131117.43932036188,-547031.6185855244,300.2399515313314,520.3953654581676,1.0033649631677077,507
4962000,19848.00000220857,-678971.5906541874,131168.8335890072,-547802.7570651802,300.3576369651459,520.3953654581676,1.0033649631677077,507
4963000,19852.000002209385,-677589.1596940118,131243.20084224024,-546345.9588517715,300.5279272074046,520.3953654581676,1.0033649631677077,507
4964000,19856.0000022102,-677979.1729775602,131889.0211536992,-546090.1518238611,302.0067622122328,520.3953654581676,1.0033649631677077,507
4965000,19860.000002211014,-677989.2501905137,131242.1283768094,-546747.1218137043,300.52547141685045,520.3953654581676,1.0033649631677077,507
4966000,19864.00000221183,-675595.7879027296,131577.13887042276,-544018.6490323069,301.292596941009,520.3953654581676,1.0033649631677077,507
4967000,19868.000002212644,-678519.388214129,131276.3852945327,-547243.0029195964,300.60391479837284,520.3953654581676,1.0033649631677077,507
4968000,19872.00000221346,-677733.9106588722,131098.83110081026,-546635.0795580619,300.1973414028449,520.3953654581676,1.0033649631677077,507
4969000,19876.000002214274,-678441.2722361987,132674.50092646154,-545766.7713097371,303.8053971621329,520.3953654581676,1.0033649631677077,507
4970000,19880.00000221509,-677325.0661431896,132249.42549325974,-545075.6406499299,302.83203596683194,520.3953654581676,1.0033649631677077,507
4971000,19884.000002215904,-678611.7149667712,130694.30706131377,-547917.4079054574,299.27103992349,520.3953654581676,1.0033649631677077,507
4972000,19888.00000221672,-678619.7960191299,132223.42094294186,-546396.375076188,302.77248931180645,520.3953654581676,1.0033649631677077,507
4973000,19892.000002217534,-676740.5948744016,131796.9980073846,-544943.596867017,301.79604253121653,520.3953654581676,1.0033649631677077,507
4974000,19896.00000221835,-678213.2672923193,131200.43629558687,-547012.8309967325,300.43000258745303,520.3953654581676,1.0033649631677077,507
4975000,19900.000002219163,-678356.994801316,131268.46859265605,-547088.5262086599,300.5857866973357,520.3953654581676,1.0033649631677077,507
4976000,19904.00000221998,-677440.2694437779,131632.47157221285,-545807.797871565,301.41930081647865,520.3953654581676,1.0033649631677077,507
4977000,19908.000002220793,-677774.6168589368,130045.76018079882,-547728.856678138,297.7859614703039,520.3953654581676,1.0033649631677077,507
4978000,19912.000002221608,-676456.9403806976,131215.79208778573,-545241.1482929119,300.46516512822114,520.3953654581676,1.0033649631677077,507
4979000,19916.000002222423,-677349.2829658389,131169.15663339035,-546180.1263324486,300.35837669000966,520.3953654581676,1.0033649631677077,507
4980000,19920.000002223238,-677799.85521344,131784.17319770175,-546015.6820157382,301.76667557394876,520.3953654581676,1.0033649631677077,507
4981000,19924.000002224053,-677053.706090623,131465.3337808195,-545588.3723098035,301.036579474092,520.3953654581676,1.0033649631677077,507
4982000,19928.000002224868,-676757.4230104289,132740.45348876045,-544016.9695216685,303.95641898051673,520.3953654581676,1.0033649631677077,507
4983000,19932.000002225683,-678050.8071331792,131469.80708613014,-546581.000047049,301.04682269556287,520.3953654581676,1.0033649631677077,507
4984000,19936.000002226498,-678022.7984088734,131413.15864640172,-546609.6397624717,300.91710597072023,520.3953654581676,1.0033649631677077,507
4985000,19940.000002227313,-678554.2601174181,130271.17925840011,-548283.080859018,298.3021385195512,520.3953654581676,1.0033649631677077,507
4986000,19944.000002228127,-678128.8593039298,130734.32849782053,-547394.5308061093,299.3626832183811,520.3953654581676,1.0033649631677077,507
4987000,19948.000002228942,-677901.250369593,131407.31848215952,-546493.9318874335,300.9037328402038,520.3953654581676,1.0033649631677077,507
4988000,19952.000002229757,-677995.1849725707,131613.22707387176,-546381.957898699,301.3752337016912,520.3953654581676,1.0033649631677077,507
4989000,19956.000002230572,-676875.970284007,132600.9033605907,-544275.0669234163,303.63686939249044,520.3953654581676,1.0033649631677077,507
4990000,19960.000002231387,-678231.4230959839,130953.49963917665,-547277.9234568073,299.86455339826654,520.3953654581676,1.0033649631677077,507
4991000,19964.000002232202,-676939.6269994774,132255.9869161644,-544683.640083313,302.8470606752542,520.3953654581676,1.0033649631677077,507
4992000,19968.000002233017,-677659.9955453812,130974.23710187053,-546685.7584435106,299.91203918525537,520.3953654581676,1.0033649631677077,507
4993000,19972.00000223383,-676759.5901342668,131981.83632710064,-544777.7538071661,302.2192955206002,520.3953654581676,1.0033649631677077,507
4994000,19976.000002234647,-676286.1858650874,132171.68923802464,-544114.4966270628,302.65403119778676,520.3953654581676,1.0033649631677077,507
4995000,19980.00000223546,-678141.1670204988,131531.4184620541,-546609.7485584447,301.18790382570904,520.3953654581676,1.0033649631677077,507
4996000,19984.000002236276,-677883.7957751723,131896.0903898691,-545987.7053853032,302.02294973950615,520.3953654581676,1.0033649631677077,507
4997000,19988.00000223709,-678211.1857130956,131841.7652542646,-546369.420458831,301.89855304471587,520.3953654581676,1.0033649631677077,507
4998000,19992.000002237906,-678350.5516327852,131253.68048101128,-547096.871151774,300.5519240628419,520.3953654581676,1.0033649631677077,507
4999000,19996.00000223872,-677158.107184397,131901.50319548033,-545256.6039889167,302.035344280635,520.3953654581676,1.0033649631677077,507
5000000,20000.000002239536,-678152.7494055866,131057.58335388501,-547095.1660517016,300.1028900346531,520.3953654581676,1.0033649631677077,507
5001000,20004.00000224035,-677440.0067965668,131263.78315583197,-546176.2236407348,300.57505772541367,520.3953654581676,1.0033649631677077,507
5002000,20008.000002241166,-677623.4414685653,131783.93526653736,-545839.5062020279,301.76613074603245,520.3953654581676,1.0033649631677077,507
5003000,20012.00000224198,-678385.0900220983,130862.22345492805,-547522.8665671702,299.6555441522287,520.3953654581676,1.0033649631677077,507
5004000,20016.000002242796,-677321.8081199136,131994.68430897224,-545327.1238109414,302.2487155388251,520.3953654581676,1.0033649631677077,507
5005000,20020.00000224361,-678861.7645794479,132118.5208023052,-546743.2437771427,302.53228317825443,520.3953654581676,1.0033649631677077,507
5006000,20024.000002244426,-677203.6204435145,131086.63383153698,-546116.9866119776,300.1694114222534,520.3953654581676,1.0033649631677077,507
5007000,20028.00000224524,-679598.0263013248,131795.27533477708,-547802.7509665478,301.7920978603713,520.3953654581676,1.0033649631677077,507
5008000,20032.000002246055,-676325.9700671383,131708.1463995434,-544617.8236675949,301.5925852140968,520.3953654581676,1.0033649631677077,507
5009000,20036.00000224687,-676276.9247103608,131615.17678925197,-544661.7479211089,301.3796982676123,520.3953654581676,1.0033649631677077,507
5010000,20040.000002247685,-677834.9300345322,130742.01131423173,-547092.9187203005,299.38027575556663,520.3953654581676,1.0033649631677077,507
5011000,20044.0000022485,-677338.9646102712,130240.60036641161,-547098.3642438595,298.2321172844196,520.3953654581676,1.0033649631677077,507
5012000,20048.000002249315,-678300.9118876345,130567.4308079519,-547733.4810796827,298.98051167372165,520.3953654581676,1.0033649631677077,507
5013000,20052.00000225013,-677317.0401355061,131560.11842312117,-545756.9217123849,301.25362258108123,520.3953654581676,1.0033649631677077,507
5014000,20056.000002250945,-679049.1478458662,130894.12626224395,-548155.0215836222,299.72859696177017,520.3953654581676,1.0033649631677077,507
5015000,20060.00000225176,-678048.1448835856,132129.4198343982,-545918.7250491874,302.55724038367504,520.3953654581676,1.0033649631677077,507
5016000,20064.000002252575,-679653.9123392953,131733.99664435082,-547919.9156949444,301.65177853184525,520.3953654581676,1.0033649631677077,507
5017000,20068.00000225339,-678002.0766632883,131254.8136856089,-546747.2629776794,300.55451893729366,520.3953654581676,1.0033649631677077,507
5018000,20072.000002254204,-678500.8742300672,131338.71136125107,-547162.1628688162,300.74663246695803,520.3953654581676,1.0033649631677077,507
5019000,20076.00000225502,-678731.372939364,132037.64858540264,-546693.7243539614,302.34709751104714,520.3953654581676,1.0033649631677077,507
5020000,20080.000002255834,-678193.4789563096,131500.83809422184,-546692.6408620877,301.11787921110886,520.3953654581676,1.0033649631677077,507
5021000,20084.00000225665,-677240.8896128298,131821.91530612833,-545418.9743067014,301.8530995375605,520.3953654581676,1.0033649631677077,507
5022000,20088.000002257464,-678670.4433557116,130244.91739504755,-548425.525960664,298.24200265493266,520.3953654581676,1.0033649631677077,507
5023000,20092.00000225828,-678159.3791136686,130939.31733957643,-547220.0617740921,299.83207798563916,520.3953654581676,1.0033649631677077,507
5024000,20096.000002259094,-677958.8873287463,130793.68158738827,-547165.205741358,299.4985931997491,520.3953654581676,1.0033649631677077,507
5025000,20100.00000225991,-679046.6410797304,131197.95071735454,-547848.6903623758,300.4243109731882,520.3953654581676,1.0033649631677077,507
5026000,20104.000002260724,-677877.9113577716,131708.74142938014,-546169.1699283915,301.5939477462685,520.3953654581676,1.0033649631677077,507
5027000,20108.00000226154,-677496.0011411263,131327.39187003078,-546168.6092710955,300.72071247101434,520.3953654581676,1.0033649631677077,507
5028000,20112.000002262354,-677115.06812973,132071.24691507948,-545043.8212146505,302.4240328213003,520.3953654581676,1.0033649631677077,507
5029000,20116.00000226317,-677737.7158878548,131758.91417484224,-545978.8017130126,301.708836068858,520.3953654581676,1.0033649631677077,507
5030000,20120.000002263983,-677903.7680065958,131210.91133916483,-546692.856667431,300.4539889205636,520.3953654581676,1.0033649631677077,507
5031000,20124.0000022648,-676819.3844525502,131686.48979808093,-545132.8946544693,301.54299473241014,520.3953654581676,1.0033649631677077,507
5032000,20128.000002265613,-677050.2081421572,131530.74778226053,-545519.4603598966,301.1863680660896,520.3953654581676,1.0033649631677077,507
5033000,20132.000002266428,-677877.8794480497,131643.7988707209,-546234.0805773288,301.44523868998095,520.3953654581676,1.0033649631677077,507
5034000,20136.000002267243,-677167.7216077112,131736.03128000093,-545431.6903277102,301.65643755288886,520.3953654581676,1.0033649631677077,507
5035000,20140.000002268058,-678635.9315803205,131315.38789554685,-547320.5436847736,300.6932251075032,520.3953654581676,1.0033649631677077,507
5036000,20144.000002268873,-679009.6147257099,131238.2785944176,-547771.3361312923,300.51665597258375,520.3953654581676,1.0033649631677077,507
5037000,20148.000002269688,-676758.506488028,130700.17224421143,-546058.3342438166,299.28447034310494,520.3953654581676,1.0033649631677077,507
5038000,20152.000002270503,-678288.8687923183,131192.18782587512,-547096.6809664431,300.4111147861102,520.3953654581676,1.0033649631677077,507
5039000,20156.000002271317,-677616.8047810248,131348.10712124163,-546268.6976597832,300.76814739692304,520.3953654581676,1.0033649631677077,507
5040000,20160.000002272132,-678318.9970225724,131217.22200322634,-547101.775019346,300.4684394275425,520.3953654581676,1.0033649631677077,507
5041000,20164.000002272947,-678180.1262630452,131196.87452768325,-546983.251735362,300.42184665466266,520.3953654581676,1.0033649631677077,507
5042000,20168.000002273762,-675147.1442557424,131040.8187178644,-544106.3255378781,300.0645014455199,520.3953654581676,1.0033649631677077,507
5043000,20172.000002274577,-677636.2780845384,131553.26874859672,-546083.0093359416,301.23793781818557,520.3953654581676,1.0033649631677077,507
5044000,20176.000002275392,-677915.6485699643,130947.11228073196,-546968.5362892323,299.84992727225466,520.3953654581676,1.0033649631677077,507
5045000,20180.000002276207,-677954.758325879,131072.0091240732,-546882.7492018058,300.13592295967476,520.3953654581676,1.0033649631677077,507
5046000,20184.000002277022,-676684.1902491343,131487.68032369338,-545196.5099254409,301.0877498217141,520.3953654581676,1.0033649631677077,507
5047000,20188.000002277837,-677585.0386256967,130737.42579576606,-546847.6128299306,299.3697755822181,520.3953654581676,1.0033649631677077,507
5048000,20192.00000227865,-677666.8364321697,131754.38340887794,-545912.4530232917,301.69846127080996,520.3953654581676,1.0033649631677077,507
5049000,20196.000002279467,-677679.9027058338,130604.5081963375,-547075.3945094963,299.06541352468446,520.3953654581676,1.0033649631677077,507
5050000,20200.00000228028,-678055.2798239575,131386.646177036,-546668.6336469215,300.85639625461687,520.3953654581676,1.0033649631677077,507
5051000,20204.000002281096,-677246.8194636796,132049.8779135401,-545196.9415501395,302.3751009017958,520.3953654581676,1.0033649631677077,507
