0.000000000000000000e+00 -2.987024307250976562e+00
1.000000000000000000e+00 -2.986545324325561523e+00
2.000000000000000000e+00 -2.998291730880737305e+00
3.000000000000000000e+00 -3.007417917251586914e+00
4.000000000000000000e+00 -2.961148023605346680e+00
5.000000000000000000e+00 -2.971668243408203125e+00
6.000000000000000000e+00 -2.949129104614257812e+00
7.000000000000000000e+00 -2.955530643463134766e+00
8.000000000000000000e+00 -2.974288463592529297e+00
9.000000000000000000e+00 -2.971657276153564453e+00
1.000000000000000000e+01 -2.944259881973266602e+00
1.100000000000000000e+01 -2.983378171920776367e+00
1.200000000000000000e+01 -2.923556566238403320e+00
1.300000000000000000e+01 -2.933160305023193359e+00
1.400000000000000000e+01 -2.907598972320556641e+00
1.500000000000000000e+01 -2.892808675765991211e+00
1.600000000000000000e+01 -2.945945501327514648e+00
1.700000000000000000e+01 -2.917094945907592773e+00
1.800000000000000000e+01 -2.945275306701660156e+00
1.900000000000000000e+01 -2.936591625213623047e+00
2.000000000000000000e+01 -2.936771869659423828e+00
2.100000000000000000e+01 -2.930555105209350586e+00
2.200000000000000000e+01 -2.939208030700683594e+00
2.300000000000000000e+01 -2.968513727188110352e+00
2.400000000000000000e+01 -2.949253082275390625e+00
2.500000000000000000e+01 -2.901974201202392578e+00
2.600000000000000000e+01 -2.960920810699462891e+00
2.700000000000000000e+01 -2.928299665451049805e+00
2.800000000000000000e+01 -2.912331342697143555e+00
2.900000000000000000e+01 -2.925684928894042969e+00
3.000000000000000000e+01 -2.920497894287109375e+00
3.100000000000000000e+01 -2.934373140335083008e+00
3.200000000000000000e+01 -2.900940656661987305e+00
3.300000000000000000e+01 -2.935002326965332031e+00
3.400000000000000000e+01 -2.924516677856445312e+00
3.500000000000000000e+01 -2.933658838272094727e+00
3.600000000000000000e+01 -2.925414800643920898e+00
3.700000000000000000e+01 -2.919982433319091797e+00
3.800000000000000000e+01 -2.918232440948486328e+00
3.900000000000000000e+01 -2.914605140686035156e+00
4.000000000000000000e+01 -2.907476425170898438e+00
4.100000000000000000e+01 -2.956086635589599609e+00
4.200000000000000000e+01 -2.954765081405639648e+00
4.300000000000000000e+01 -2.930467128753662109e+00
4.400000000000000000e+01 -2.960995435714721680e+00
4.500000000000000000e+01 -2.947448253631591797e+00
4.600000000000000000e+01 -2.915289878845214844e+00
4.700000000000000000e+01 -2.926093578338623047e+00
4.800000000000000000e+01 -2.957223415374755859e+00
4.900000000000000000e+01 -2.878822088241577148e+00
5.000000000000000000e+01 -2.929022550582885742e+00
5.100000000000000000e+01 -2.954723358154296875e+00
5.200000000000000000e+01 -2.919914484024047852e+00
5.300000000000000000e+01 -2.978723049163818359e+00
5.400000000000000000e+01 -2.953746318817138672e+00
5.500000000000000000e+01 -2.945751190185546875e+00
5.600000000000000000e+01 -2.953115463256835938e+00
5.700000000000000000e+01 -2.997946500778198242e+00
5.800000000000000000e+01 -2.950433492660522461e+00
5.900000000000000000e+01 -2.978852987289428711e+00
6.000000000000000000e+01 -2.964098930358886719e+00
6.100000000000000000e+01 -2.907770872116088867e+00
6.200000000000000000e+01 -2.961166381835937500e+00
6.300000000000000000e+01 -2.923938512802124023e+00
6.400000000000000000e+01 -2.936889648437500000e+00
6.500000000000000000e+01 -2.938601493835449219e+00
6.600000000000000000e+01 -2.956702232360839844e+00
6.700000000000000000e+01 -2.964359045028686523e+00
6.800000000000000000e+01 -2.943789243698120117e+00
6.900000000000000000e+01 -2.944902658462524414e+00
7.000000000000000000e+01 -2.943181753158569336e+00
7.100000000000000000e+01 -2.956537961959838867e+00
7.200000000000000000e+01 -2.954940319061279297e+00
7.300000000000000000e+01 -2.945555925369262695e+00
7.400000000000000000e+01 -2.916431188583374023e+00
7.500000000000000000e+01 -2.938983917236328125e+00
7.600000000000000000e+01 -2.969871759414672852e+00
7.700000000000000000e+01 -2.934682607650756836e+00
7.800000000000000000e+01 -3.018182039260864258e+00
7.900000000000000000e+01 -2.944572687149047852e+00
8.000000000000000000e+01 -2.990494728088378906e+00
8.100000000000000000e+01 -2.949072122573852539e+00
8.200000000000000000e+01 -2.931442499160766602e+00
8.300000000000000000e+01 -2.919334650039672852e+00
8.400000000000000000e+01 -2.946600437164306641e+00
8.500000000000000000e+01 -2.917930603027343750e+00
8.600000000000000000e+01 -2.929635763168334961e+00
8.700000000000000000e+01 -2.925510406494140625e+00
8.800000000000000000e+01 -2.958487987518310547e+00
8.900000000000000000e+01 -2.921527862548828125e+00
9.000000000000000000e+01 -2.990273475646972656e+00
9.100000000000000000e+01 -3.013609170913696289e+00
9.200000000000000000e+01 -2.996373653411865234e+00
9.300000000000000000e+01 -3.005356311798095703e+00
9.400000000000000000e+01 -3.058640003204345703e+00
9.500000000000000000e+01 -2.985334157943725586e+00
9.600000000000000000e+01 -2.993937969207763672e+00
9.700000000000000000e+01 -2.969936609268188477e+00
9.800000000000000000e+01 -2.979377985000610352e+00
9.900000000000000000e+01 -2.953726053237915039e+00
1.000000000000000000e+02 -2.958400249481201172e+00
1.010000000000000000e+02 -2.975803613662719727e+00
1.020000000000000000e+02 -2.976059436798095703e+00
1.030000000000000000e+02 -2.996929168701171875e+00
1.040000000000000000e+02 -2.925652503967285156e+00
1.050000000000000000e+02 -3.002727508544921875e+00
1.060000000000000000e+02 -2.987285137176513672e+00
1.070000000000000000e+02 -2.985073089599609375e+00
1.080000000000000000e+02 -3.015166759490966797e+00
1.090000000000000000e+02 -2.967833042144775391e+00
1.100000000000000000e+02 -2.998263359069824219e+00
1.110000000000000000e+02 -3.024934530258178711e+00
1.120000000000000000e+02 -3.022366762161254883e+00
1.130000000000000000e+02 -3.034236431121826172e+00
1.140000000000000000e+02 -2.996910095214843750e+00
1.150000000000000000e+02 -3.017044782638549805e+00
1.160000000000000000e+02 -3.009462356567382812e+00
1.170000000000000000e+02 -3.037534475326538086e+00
1.180000000000000000e+02 -2.996294736862182617e+00
1.190000000000000000e+02 -3.014872789382934570e+00
1.200000000000000000e+02 -2.959878444671630859e+00
1.210000000000000000e+02 -3.009493589401245117e+00
1.220000000000000000e+02 -3.021828889846801758e+00
1.230000000000000000e+02 -2.990470647811889648e+00
1.240000000000000000e+02 -3.056394577026367188e+00
1.250000000000000000e+02 -3.044347763061523438e+00
1.260000000000000000e+02 -3.030411720275878906e+00
1.270000000000000000e+02 -3.033645629882812500e+00
1.280000000000000000e+02 -3.020398616790771484e+00
1.290000000000000000e+02 -3.023118257522583008e+00
1.300000000000000000e+02 -3.047170162200927734e+00
1.310000000000000000e+02 -3.020759820938110352e+00
1.320000000000000000e+02 -3.013898134231567383e+00
1.330000000000000000e+02 -3.012586593627929688e+00
1.340000000000000000e+02 -2.961579084396362305e+00
1.350000000000000000e+02 -2.966937065124511719e+00
1.360000000000000000e+02 -3.028032064437866211e+00
1.370000000000000000e+02 -3.009639024734497070e+00
1.380000000000000000e+02 -2.997958660125732422e+00
1.390000000000000000e+02 -3.011245965957641602e+00
1.400000000000000000e+02 -2.971016168594360352e+00
1.410000000000000000e+02 -3.000680923461914062e+00
1.420000000000000000e+02 -3.008585929870605469e+00
1.430000000000000000e+02 -2.980317831039428711e+00
1.440000000000000000e+02 -3.030341863632202148e+00
1.450000000000000000e+02 -2.989309787750244141e+00
1.460000000000000000e+02 -2.965116977691650391e+00
1.470000000000000000e+02 -2.993178129196166992e+00
1.480000000000000000e+02 -2.963047981262207031e+00
1.490000000000000000e+02 -3.003501892089843750e+00
1.500000000000000000e+02 -3.007505178451538086e+00
1.510000000000000000e+02 -2.971696853637695312e+00
1.520000000000000000e+02 -2.965965032577514648e+00
1.530000000000000000e+02 -2.989972591400146484e+00
1.540000000000000000e+02 -2.974247694015502930e+00
1.550000000000000000e+02 -3.034211158752441406e+00
1.560000000000000000e+02 -2.976122856140136719e+00
1.570000000000000000e+02 -3.008714437484741211e+00
1.580000000000000000e+02 -2.970144033432006836e+00
1.590000000000000000e+02 -2.974147558212280273e+00
1.600000000000000000e+02 -3.008103847503662109e+00
1.610000000000000000e+02 -3.000091314315795898e+00
1.620000000000000000e+02 -3.010167598724365234e+00
1.630000000000000000e+02 -2.968569517135620117e+00
1.640000000000000000e+02 -2.942353963851928711e+00
1.650000000000000000e+02 -2.981046199798583984e+00
1.660000000000000000e+02 -2.926910400390625000e+00
1.670000000000000000e+02 -2.942665815353393555e+00
1.680000000000000000e+02 -3.000526905059814453e+00
1.690000000000000000e+02 -2.969406366348266602e+00
1.700000000000000000e+02 -2.965061187744140625e+00
1.710000000000000000e+02 -2.948107719421386719e+00
1.720000000000000000e+02 -2.939578533172607422e+00
1.730000000000000000e+02 -2.936755418777465820e+00
1.740000000000000000e+02 -2.940167427062988281e+00
1.750000000000000000e+02 -2.988546371459960938e+00
1.760000000000000000e+02 -2.918543577194213867e+00
1.770000000000000000e+02 -2.922219514846801758e+00
1.780000000000000000e+02 -2.911878347396850586e+00
1.790000000000000000e+02 -2.922608375549316406e+00
1.800000000000000000e+02 -2.922788619995117188e+00
1.810000000000000000e+02 -2.956057071685791016e+00
1.820000000000000000e+02 -2.967728137969970703e+00
1.830000000000000000e+02 -2.995228528976440430e+00
1.840000000000000000e+02 -2.945077896118164062e+00
1.850000000000000000e+02 -2.951746702194213867e+00
1.860000000000000000e+02 -2.979150772094726562e+00
1.870000000000000000e+02 -3.003207445144653320e+00
1.880000000000000000e+02 -2.963003396987915039e+00
1.890000000000000000e+02 -2.963617086410522461e+00
1.900000000000000000e+02 -2.945562601089477539e+00
1.910000000000000000e+02 -2.935503482818603516e+00
1.920000000000000000e+02 -2.926140069961547852e+00
1.930000000000000000e+02 -2.959434747695922852e+00
1.940000000000000000e+02 -2.945835351943969727e+00
1.950000000000000000e+02 -3.000809669494628906e+00
1.960000000000000000e+02 -3.016458272933959961e+00
1.970000000000000000e+02 -3.016939401626586914e+00
1.980000000000000000e+02 -3.036091327667236328e+00
1.990000000000000000e+02 -3.017207622528076172e+00
2.000000000000000000e+02 -2.993750333786010742e+00
2.010000000000000000e+02 -2.999682903289794922e+00
2.020000000000000000e+02 -2.961926221847534180e+00
2.030000000000000000e+02 -2.991583108901977539e+00
2.040000000000000000e+02 -3.007665634155273438e+00
2.050000000000000000e+02 -2.999439477920532227e+00
2.060000000000000000e+02 -3.028994321823120117e+00
2.070000000000000000e+02 -2.992602348327636719e+00
2.080000000000000000e+02 -3.002230405807495117e+00
2.090000000000000000e+02 -3.017611980438232422e+00
2.100000000000000000e+02 -3.004014253616333008e+00
2.110000000000000000e+02 -2.961935043334960938e+00
2.120000000000000000e+02 -2.972131729125976562e+00
2.130000000000000000e+02 -2.983908653259277344e+00
2.140000000000000000e+02 -2.964344978332519531e+00
2.150000000000000000e+02 -2.994488239288330078e+00
2.160000000000000000e+02 -2.982116937637329102e+00
2.170000000000000000e+02 -2.985783815383911133e+00
2.180000000000000000e+02 -2.997568130493164062e+00
2.190000000000000000e+02 -2.969180583953857422e+00
2.200000000000000000e+02 -2.977934360504150391e+00
2.210000000000000000e+02 -2.963611125946044922e+00
2.220000000000000000e+02 -2.999354124069213867e+00
2.230000000000000000e+02 -2.935324192047119141e+00
2.240000000000000000e+02 -2.987202405929565430e+00
2.250000000000000000e+02 -2.929869890213012695e+00
2.260000000000000000e+02 -2.973232984542846680e+00
2.270000000000000000e+02 -2.937443971633911133e+00
2.280000000000000000e+02 -2.936519861221313477e+00
2.290000000000000000e+02 -2.960939645767211914e+00
2.300000000000000000e+02 -2.941854238510131836e+00
2.310000000000000000e+02 -2.955063104629516602e+00
2.320000000000000000e+02 -2.989610195159912109e+00
2.330000000000000000e+02 -2.952908754348754883e+00
2.340000000000000000e+02 -2.955347061157226562e+00
2.350000000000000000e+02 -2.923537492752075195e+00
2.360000000000000000e+02 -2.958816528320312500e+00
2.370000000000000000e+02 -2.927188873291015625e+00
2.380000000000000000e+02 -2.978376388549804688e+00
2.390000000000000000e+02 -2.956225633621215820e+00
2.400000000000000000e+02 -2.944819211959838867e+00
2.410000000000000000e+02 -2.960946083068847656e+00
2.420000000000000000e+02 -2.942424058914184570e+00
2.430000000000000000e+02 -2.914912700653076172e+00
2.440000000000000000e+02 -2.908323764801025391e+00
2.450000000000000000e+02 -2.929206371307373047e+00
2.460000000000000000e+02 -2.912467718124389648e+00
2.470000000000000000e+02 -2.938934326171875000e+00
2.480000000000000000e+02 -2.940914630889892578e+00
2.490000000000000000e+02 -2.917841911315917969e+00
2.500000000000000000e+02 -2.939774274826049805e+00
2.510000000000000000e+02 -2.885866880416870117e+00
2.520000000000000000e+02 -2.948920965194702148e+00
2.530000000000000000e+02 -2.962224483489990234e+00
2.540000000000000000e+02 -2.884379386901855469e+00
2.550000000000000000e+02 -2.925130844116210938e+00
2.560000000000000000e+02 -2.894365549087524414e+00
2.570000000000000000e+02 -2.919686317443847656e+00
2.580000000000000000e+02 -2.934472560882568359e+00
2.590000000000000000e+02 -2.978637933731079102e+00
2.600000000000000000e+02 -2.948157310485839844e+00
2.610000000000000000e+02 -2.938123941421508789e+00
2.620000000000000000e+02 -2.959916830062866211e+00
2.630000000000000000e+02 -2.990450382232666016e+00
2.640000000000000000e+02 -2.957854986190795898e+00
2.650000000000000000e+02 -2.985493659973144531e+00
2.660000000000000000e+02 -2.984364986419677734e+00
2.670000000000000000e+02 -2.999152421951293945e+00
2.680000000000000000e+02 -2.962355375289916992e+00
2.690000000000000000e+02 -2.977778911590576172e+00
2.700000000000000000e+02 -3.012955904006958008e+00
2.710000000000000000e+02 -2.972435474395751953e+00
2.720000000000000000e+02 -2.991204023361206055e+00
2.730000000000000000e+02 -2.981848001480102539e+00
2.740000000000000000e+02 -2.990777730941772461e+00
2.750000000000000000e+02 -3.006402254104614258e+00
2.760000000000000000e+02 -2.978896617889404297e+00
2.770000000000000000e+02 -2.979593753814697266e+00
2.780000000000000000e+02 -2.998713016510009766e+00
2.790000000000000000e+02 -3.004784345626831055e+00
2.800000000000000000e+02 -3.043176889419555664e+00
2.810000000000000000e+02 -3.007634401321411133e+00
2.820000000000000000e+02 -2.975779771804809570e+00
2.830000000000000000e+02 -2.996207714080810547e+00
2.840000000000000000e+02 -3.007417678833007812e+00
2.850000000000000000e+02 -2.927017450332641602e+00
2.860000000000000000e+02 -2.949722766876220703e+00
2.870000000000000000e+02 -2.989588975906372070e+00
2.880000000000000000e+02 -2.975205898284912109e+00
2.890000000000000000e+02 -3.005331993103027344e+00
2.900000000000000000e+02 -2.986432552337646484e+00
2.910000000000000000e+02 -2.984944343566894531e+00
2.920000000000000000e+02 -3.001011848449707031e+00
2.930000000000000000e+02 -2.997210264205932617e+00
2.940000000000000000e+02 -2.996748924255371094e+00
2.950000000000000000e+02 -2.955933809280395508e+00
2.960000000000000000e+02 -2.943253278732299805e+00
2.970000000000000000e+02 -2.989181280136108398e+00
2.980000000000000000e+02 -2.966846942901611328e+00
2.990000000000000000e+02 -3.037809133529663086e+00
3.000000000000000000e+02 -2.964983940124511719e+00
3.010000000000000000e+02 -2.954140424728393555e+00
3.020000000000000000e+02 -2.990379810333251953e+00
3.030000000000000000e+02 -2.966477870941162109e+00
3.040000000000000000e+02 -3.011371374130249023e+00
3.050000000000000000e+02 -2.979925155639648438e+00
3.060000000000000000e+02 -3.011801719665527344e+00
3.070000000000000000e+02 -2.979500532150268555e+00
3.080000000000000000e+02 -2.991700410842895508e+00
3.090000000000000000e+02 -2.986456155776977539e+00
3.100000000000000000e+02 -2.966072559356689453e+00
3.110000000000000000e+02 -2.969213724136352539e+00
3.120000000000000000e+02 -2.964689016342163086e+00
3.130000000000000000e+02 -2.973612308502197266e+00
3.140000000000000000e+02 -2.941630125045776367e+00
3.150000000000000000e+02 -2.972435474395751953e+00
3.160000000000000000e+02 -2.996061325073242188e+00
3.170000000000000000e+02 -2.941207647323608398e+00
3.180000000000000000e+02 -2.934945821762084961e+00
3.190000000000000000e+02 -2.945751667022705078e+00
3.200000000000000000e+02 -2.952818870544433594e+00
3.210000000000000000e+02 -2.960578680038452148e+00
3.220000000000000000e+02 -2.960589647293090820e+00
3.230000000000000000e+02 -3.016369819641113281e+00
3.240000000000000000e+02 -2.963339090347290039e+00
3.250000000000000000e+02 -2.996875047683715820e+00
3.260000000000000000e+02 -2.992966651916503906e+00
3.270000000000000000e+02 -2.994886159896850586e+00
3.280000000000000000e+02 -2.941122055053710938e+00
3.290000000000000000e+02 -2.989930391311645508e+00
3.300000000000000000e+02 -2.964540719985961914e+00
3.310000000000000000e+02 -3.027092456817626953e+00
3.320000000000000000e+02 -2.967206954956054688e+00
3.330000000000000000e+02 -3.014966249465942383e+00
3.340000000000000000e+02 -2.996567487716674805e+00
3.350000000000000000e+02 -3.026778697967529297e+00
3.360000000000000000e+02 -3.038624525070190430e+00
3.370000000000000000e+02 -3.014493227005004883e+00
3.380000000000000000e+02 -3.023562431335449219e+00
3.390000000000000000e+02 -3.055769443511962891e+00
3.400000000000000000e+02 -2.986901521682739258e+00
3.410000000000000000e+02 -3.029103517532348633e+00
3.420000000000000000e+02 -2.993085145950317383e+00
3.430000000000000000e+02 -2.999563217163085938e+00
3.440000000000000000e+02 -3.003805875778198242e+00
3.450000000000000000e+02 -2.997522830963134766e+00
3.460000000000000000e+02 -3.013704776763916016e+00
3.470000000000000000e+02 -3.002655029296875000e+00
3.480000000000000000e+02 -3.006593704223632812e+00
3.490000000000000000e+02 -3.016854047775268555e+00
3.500000000000000000e+02 -2.963362932205200195e+00
3.510000000000000000e+02 -2.978363752365112305e+00
3.520000000000000000e+02 -3.024333000183105469e+00
3.530000000000000000e+02 -3.010165691375732422e+00
3.540000000000000000e+02 -3.014749050140380859e+00
3.550000000000000000e+02 -3.008002996444702148e+00
3.560000000000000000e+02 -3.015502214431762695e+00
3.570000000000000000e+02 -2.972304582595825195e+00
3.580000000000000000e+02 -3.030194044113159180e+00
3.590000000000000000e+02 -3.015346765518188477e+00
3.600000000000000000e+02 -3.006214141845703125e+00
3.610000000000000000e+02 -3.006175041198730469e+00
3.620000000000000000e+02 -3.017099857330322266e+00
3.630000000000000000e+02 -3.019355535507202148e+00
3.640000000000000000e+02 -3.042481422424316406e+00
3.650000000000000000e+02 -3.019376754760742188e+00
3.660000000000000000e+02 -2.969006776809692383e+00
3.670000000000000000e+02 -3.022939682006835938e+00
3.680000000000000000e+02 -3.013294219970703125e+00
3.690000000000000000e+02 -3.005586385726928711e+00
3.700000000000000000e+02 -3.022721052169799805e+00
3.710000000000000000e+02 -3.073513984680175781e+00
3.720000000000000000e+02 -3.084913730621337891e+00
3.730000000000000000e+02 -3.109804630279541016e+00
3.740000000000000000e+02 -3.039090394973754883e+00
3.750000000000000000e+02 -3.038788795471191406e+00
3.760000000000000000e+02 -3.036039829254150391e+00
3.770000000000000000e+02 -3.105847597122192383e+00
3.780000000000000000e+02 -3.100372552871704102e+00
3.790000000000000000e+02 -3.060598134994506836e+00
3.800000000000000000e+02 -3.073608875274658203e+00
3.810000000000000000e+02 -3.094748973846435547e+00
3.820000000000000000e+02 -3.114063262939453125e+00
3.830000000000000000e+02 -3.107757568359375000e+00
3.840000000000000000e+02 -3.087938308715820312e+00
3.850000000000000000e+02 -3.072612285614013672e+00
3.860000000000000000e+02 -3.073881149291992188e+00
3.870000000000000000e+02 -3.104053497314453125e+00
3.880000000000000000e+02 -3.066433668136596680e+00
3.890000000000000000e+02 -3.054246425628662109e+00
3.900000000000000000e+02 -3.064244985580444336e+00
3.910000000000000000e+02 -3.053102493286132812e+00
3.920000000000000000e+02 -2.975270748138427734e+00
3.930000000000000000e+02 -3.044054269790649414e+00
3.940000000000000000e+02 -3.058569908142089844e+00
3.950000000000000000e+02 -3.113000154495239258e+00
3.960000000000000000e+02 -3.073199748992919922e+00
3.970000000000000000e+02 -3.058347463607788086e+00
3.980000000000000000e+02 -3.047165155410766602e+00
3.990000000000000000e+02 -3.063890457153320312e+00
4.000000000000000000e+02 -3.030579090118408203e+00
4.010000000000000000e+02 -2.994659662246704102e+00
4.020000000000000000e+02 -2.990458726882934570e+00
4.030000000000000000e+02 -3.045385599136352539e+00
4.040000000000000000e+02 -3.051238536834716797e+00
4.050000000000000000e+02 -3.020221471786499023e+00
4.060000000000000000e+02 -3.050498962402343750e+00
4.070000000000000000e+02 -3.007267236709594727e+00
4.080000000000000000e+02 -3.002960205078125000e+00
4.090000000000000000e+02 -2.940551757812500000e+00
4.100000000000000000e+02 -2.938422441482543945e+00
4.110000000000000000e+02 -2.945566892623901367e+00
4.120000000000000000e+02 -2.970159769058227539e+00
4.130000000000000000e+02 -2.985573053359985352e+00
4.140000000000000000e+02 -3.037229537963867188e+00
4.150000000000000000e+02 -3.030130386352539062e+00
4.160000000000000000e+02 -3.009729623794555664e+00
4.170000000000000000e+02 -2.987213373184204102e+00
4.180000000000000000e+02 -3.027965545654296875e+00
4.190000000000000000e+02 -3.032287836074829102e+00
4.200000000000000000e+02 -3.033390998840332031e+00
4.210000000000000000e+02 -3.044117450714111328e+00
4.220000000000000000e+02 -3.012088298797607422e+00
4.230000000000000000e+02 -3.002225160598754883e+00
4.240000000000000000e+02 -2.980925798416137695e+00
4.250000000000000000e+02 -3.006753206253051758e+00
4.260000000000000000e+02 -2.959342718124389648e+00
4.270000000000000000e+02 -2.951342344284057617e+00
4.280000000000000000e+02 -2.931908607482910156e+00
4.290000000000000000e+02 -2.918895959854125977e+00
4.300000000000000000e+02 -2.913308620452880859e+00
4.310000000000000000e+02 -2.957021713256835938e+00
4.320000000000000000e+02 -2.960842370986938477e+00
4.330000000000000000e+02 -2.952881574630737305e+00
4.340000000000000000e+02 -2.986145496368408203e+00
4.350000000000000000e+02 -3.009802818298339844e+00
4.360000000000000000e+02 -3.034207582473754883e+00
4.370000000000000000e+02 -3.001122236251831055e+00
4.380000000000000000e+02 -2.981844663619995117e+00
4.390000000000000000e+02 -2.968039989471435547e+00
4.400000000000000000e+02 -2.962908267974853516e+00
4.410000000000000000e+02 -2.894449949264526367e+00
4.420000000000000000e+02 -2.945398807525634766e+00
4.430000000000000000e+02 -3.011292457580566406e+00
4.440000000000000000e+02 -2.992717742919921875e+00
4.450000000000000000e+02 -2.999488592147827148e+00
4.460000000000000000e+02 -2.997480869293212891e+00
4.470000000000000000e+02 -3.026124000549316406e+00
4.480000000000000000e+02 -3.071667194366455078e+00
4.490000000000000000e+02 -3.044089078903198242e+00
4.500000000000000000e+02 -3.029307603836059570e+00
4.510000000000000000e+02 -3.018980264663696289e+00
4.520000000000000000e+02 -2.994202613830566406e+00
4.530000000000000000e+02 -3.020434856414794922e+00
4.540000000000000000e+02 -3.000589847564697266e+00
4.550000000000000000e+02 -2.983160972595214844e+00
4.560000000000000000e+02 -2.948964118957519531e+00
4.570000000000000000e+02 -2.990443706512451172e+00
4.580000000000000000e+02 -3.018598556518554688e+00
4.590000000000000000e+02 -2.993271827697753906e+00
4.600000000000000000e+02 -2.985551834106445312e+00
4.610000000000000000e+02 -2.979387998580932617e+00
4.620000000000000000e+02 -2.997692823410034180e+00
4.630000000000000000e+02 -3.013044357299804688e+00
4.640000000000000000e+02 -3.019143104553222656e+00
4.650000000000000000e+02 -2.962682247161865234e+00
4.660000000000000000e+02 -2.956535339355468750e+00
4.670000000000000000e+02 -2.966093301773071289e+00
4.680000000000000000e+02 -2.951798200607299805e+00
4.690000000000000000e+02 -2.972708702087402344e+00
4.700000000000000000e+02 -2.965037822723388672e+00
4.710000000000000000e+02 -2.927009344100952148e+00
4.720000000000000000e+02 -2.930412769317626953e+00
4.730000000000000000e+02 -2.925892591476440430e+00
4.740000000000000000e+02 -2.951041221618652344e+00
4.750000000000000000e+02 -2.964228630065917969e+00
4.760000000000000000e+02 -2.942021846771240234e+00
4.770000000000000000e+02 -2.946981191635131836e+00
4.780000000000000000e+02 -2.983017444610595703e+00
4.790000000000000000e+02 -2.955670833587646484e+00
4.800000000000000000e+02 -2.942006111145019531e+00
4.810000000000000000e+02 -2.909427165985107422e+00
4.820000000000000000e+02 -2.944329261779785156e+00
4.830000000000000000e+02 -2.928467512130737305e+00
4.840000000000000000e+02 -2.907053470611572266e+00
4.850000000000000000e+02 -2.916260004043579102e+00
4.860000000000000000e+02 -2.942271947860717773e+00
4.870000000000000000e+02 -2.930106878280639648e+00
4.880000000000000000e+02 -2.896117925643920898e+00
4.890000000000000000e+02 -2.905192852020263672e+00
4.900000000000000000e+02 -2.941443681716918945e+00
4.910000000000000000e+02 -2.915933132171630859e+00
4.920000000000000000e+02 -2.927736759185791016e+00
4.930000000000000000e+02 -2.946972370147705078e+00
4.940000000000000000e+02 -2.925065517425537109e+00
4.950000000000000000e+02 -2.938481330871582031e+00
4.960000000000000000e+02 -2.930917501449584961e+00
4.970000000000000000e+02 -2.923566579818725586e+00
4.980000000000000000e+02 -2.955882787704467773e+00
4.990000000000000000e+02 -2.927246809005737305e+00
5.000000000000000000e+02 -2.961647510528564453e+00
5.010000000000000000e+02 -2.967642545700073242e+00
5.020000000000000000e+02 -2.973739147186279297e+00
5.030000000000000000e+02 -2.965579509735107422e+00
5.040000000000000000e+02 -2.930552482604980469e+00
5.050000000000000000e+02 -2.924454450607299805e+00
5.060000000000000000e+02 -2.908754348754882812e+00
5.070000000000000000e+02 -2.911652803421020508e+00
5.080000000000000000e+02 -2.866673469543457031e+00
5.090000000000000000e+02 -2.870830774307250977e+00
5.100000000000000000e+02 -2.892230272293090820e+00
5.110000000000000000e+02 -2.886092662811279297e+00
5.120000000000000000e+02 -2.932681322097778320e+00
5.130000000000000000e+02 -2.934257507324218750e+00
5.140000000000000000e+02 -2.912012338638305664e+00
5.150000000000000000e+02 -2.906676530838012695e+00
5.160000000000000000e+02 -2.930412530899047852e+00
5.170000000000000000e+02 -2.920310735702514648e+00
5.180000000000000000e+02 -2.898171424865722656e+00
5.190000000000000000e+02 -2.900033473968505859e+00
5.200000000000000000e+02 -2.890558242797851562e+00
5.210000000000000000e+02 -2.906123638153076172e+00
5.220000000000000000e+02 -2.936476230621337891e+00
5.230000000000000000e+02 -2.937891006469726562e+00
5.240000000000000000e+02 -2.896925926208496094e+00
5.250000000000000000e+02 -2.908949613571166992e+00
5.260000000000000000e+02 -2.907834291458129883e+00
5.270000000000000000e+02 -2.899563550949096680e+00
5.280000000000000000e+02 -2.910764694213867188e+00
5.290000000000000000e+02 -2.908842563629150391e+00
5.300000000000000000e+02 -2.900409936904907227e+00
5.310000000000000000e+02 -2.878870248794555664e+00
5.320000000000000000e+02 -2.889716625213623047e+00
5.330000000000000000e+02 -2.891370296478271484e+00
5.340000000000000000e+02 -2.855766773223876953e+00
5.350000000000000000e+02 -2.937049865722656250e+00
5.360000000000000000e+02 -2.931863069534301758e+00
5.370000000000000000e+02 -2.976147174835205078e+00
5.380000000000000000e+02 -2.913722753524780273e+00
5.390000000000000000e+02 -2.922912120819091797e+00
5.400000000000000000e+02 -2.964735031127929688e+00
5.410000000000000000e+02 -2.963501453399658203e+00
5.420000000000000000e+02 -2.957751274108886719e+00
5.430000000000000000e+02 -2.951338052749633789e+00
5.440000000000000000e+02 -2.933114528656005859e+00
5.450000000000000000e+02 -2.934660196304321289e+00
5.460000000000000000e+02 -2.976666927337646484e+00
5.470000000000000000e+02 -2.948117017745971680e+00
5.480000000000000000e+02 -2.976685047149658203e+00
5.490000000000000000e+02 -2.984298467636108398e+00
5.500000000000000000e+02 -2.932960987091064453e+00
5.510000000000000000e+02 -2.949152708053588867e+00
5.520000000000000000e+02 -2.973055839538574219e+00
5.530000000000000000e+02 -2.966255187988281250e+00
5.540000000000000000e+02 -2.944079160690307617e+00
5.550000000000000000e+02 -2.949472188949584961e+00
5.560000000000000000e+02 -3.019061565399169922e+00
5.570000000000000000e+02 -2.980809211730957031e+00
5.580000000000000000e+02 -3.031439304351806641e+00
5.590000000000000000e+02 -2.995910644531250000e+00
5.600000000000000000e+02 -2.982765913009643555e+00
5.610000000000000000e+02 -3.019232034683227539e+00
5.620000000000000000e+02 -2.992874622344970703e+00
5.630000000000000000e+02 -3.012032508850097656e+00
5.640000000000000000e+02 -2.985728025436401367e+00
5.650000000000000000e+02 -2.977937936782836914e+00
5.660000000000000000e+02 -2.992435455322265625e+00
5.670000000000000000e+02 -3.003515720367431641e+00
5.680000000000000000e+02 -2.965962409973144531e+00
5.690000000000000000e+02 -2.971357822418212891e+00
5.700000000000000000e+02 -3.006136417388916016e+00
5.710000000000000000e+02 -2.955911636352539062e+00
5.720000000000000000e+02 -2.971344470977783203e+00
5.730000000000000000e+02 -2.921862363815307617e+00
5.740000000000000000e+02 -2.908437013626098633e+00
5.750000000000000000e+02 -2.975196361541748047e+00
5.760000000000000000e+02 -2.975223779678344727e+00
5.770000000000000000e+02 -2.934781074523925781e+00
5.780000000000000000e+02 -2.924731731414794922e+00
5.790000000000000000e+02 -2.891000270843505859e+00
5.800000000000000000e+02 -2.940243721008300781e+00
5.810000000000000000e+02 -2.928473234176635742e+00
5.820000000000000000e+02 -2.923382520675659180e+00
5.830000000000000000e+02 -2.917356491088867188e+00
5.840000000000000000e+02 -2.927360773086547852e+00
5.850000000000000000e+02 -2.941609621047973633e+00
5.860000000000000000e+02 -2.899769306182861328e+00
5.870000000000000000e+02 -2.935230731964111328e+00
5.880000000000000000e+02 -2.873029470443725586e+00
5.890000000000000000e+02 -2.897382497787475586e+00
5.900000000000000000e+02 -2.895144939422607422e+00
5.910000000000000000e+02 -2.908772945404052734e+00
5.920000000000000000e+02 -2.903992652893066406e+00
5.930000000000000000e+02 -2.912949800491333008e+00
5.940000000000000000e+02 -2.980379819869995117e+00
5.950000000000000000e+02 -2.969230413436889648e+00
5.960000000000000000e+02 -2.944996595382690430e+00
5.970000000000000000e+02 -2.969041824340820312e+00
5.980000000000000000e+02 -2.970203638076782227e+00
5.990000000000000000e+02 -2.959559440612792969e+00
6.000000000000000000e+02 -2.977288007736206055e+00
6.010000000000000000e+02 -2.972824811935424805e+00
6.020000000000000000e+02 -2.985014438629150391e+00
6.030000000000000000e+02 -2.986981630325317383e+00
6.040000000000000000e+02 -2.952490091323852539e+00
6.050000000000000000e+02 -2.935843467712402344e+00
6.060000000000000000e+02 -2.957242965698242188e+00
6.070000000000000000e+02 -2.980335474014282227e+00
6.080000000000000000e+02 -2.977506637573242188e+00
6.090000000000000000e+02 -2.981444597244262695e+00
6.100000000000000000e+02 -2.979593276977539062e+00
6.110000000000000000e+02 -3.011322498321533203e+00
6.120000000000000000e+02 -2.976600885391235352e+00
6.130000000000000000e+02 -2.955585479736328125e+00
6.140000000000000000e+02 -3.006232976913452148e+00
6.150000000000000000e+02 -3.010209560394287109e+00
6.160000000000000000e+02 -2.993594408035278320e+00
6.170000000000000000e+02 -2.945949792861938477e+00
6.180000000000000000e+02 -2.994824171066284180e+00
6.190000000000000000e+02 -3.027665853500366211e+00
6.200000000000000000e+02 -2.981611013412475586e+00
6.210000000000000000e+02 -2.985078573226928711e+00
6.220000000000000000e+02 -2.927274465560913086e+00
6.230000000000000000e+02 -2.961418628692626953e+00
6.240000000000000000e+02 -3.000586271286010742e+00
6.250000000000000000e+02 -3.016472816467285156e+00
6.260000000000000000e+02 -3.002297163009643555e+00
6.270000000000000000e+02 -3.008684873580932617e+00
6.280000000000000000e+02 -3.020725965499877930e+00
6.290000000000000000e+02 -3.040392398834228516e+00
6.300000000000000000e+02 -2.982075691223144531e+00
6.310000000000000000e+02 -3.027612209320068359e+00
6.320000000000000000e+02 -3.031940937042236328e+00
6.330000000000000000e+02 -3.007973909378051758e+00
6.340000000000000000e+02 -2.999259948730468750e+00
6.350000000000000000e+02 -3.020809650421142578e+00
6.360000000000000000e+02 -2.962753057479858398e+00
6.370000000000000000e+02 -2.993072986602783203e+00
6.380000000000000000e+02 -3.023015737533569336e+00
6.390000000000000000e+02 -2.948637723922729492e+00
6.400000000000000000e+02 -3.005756855010986328e+00
6.410000000000000000e+02 -3.002248287200927734e+00
6.420000000000000000e+02 -2.978851795196533203e+00
6.430000000000000000e+02 -2.992383003234863281e+00
6.440000000000000000e+02 -2.974677324295043945e+00
6.450000000000000000e+02 -2.985018253326416016e+00
6.460000000000000000e+02 -2.947420120239257812e+00
6.470000000000000000e+02 -2.954655408859252930e+00
6.480000000000000000e+02 -2.972640037536621094e+00
6.490000000000000000e+02 -2.933010578155517578e+00
6.500000000000000000e+02 -2.962455749511718750e+00
6.510000000000000000e+02 -2.936937570571899414e+00
6.520000000000000000e+02 -2.964074373245239258e+00
6.530000000000000000e+02 -2.936799764633178711e+00
6.540000000000000000e+02 -2.970882415771484375e+00
6.550000000000000000e+02 -2.960281610488891602e+00
6.560000000000000000e+02 -2.987012386322021484e+00
6.570000000000000000e+02 -2.967620849609375000e+00
6.580000000000000000e+02 -2.960111618041992188e+00
6.590000000000000000e+02 -2.936074256896972656e+00
6.600000000000000000e+02 -2.937834024429321289e+00
6.610000000000000000e+02 -2.947127580642700195e+00
6.620000000000000000e+02 -2.999822854995727539e+00
6.630000000000000000e+02 -2.994277000427246094e+00
6.640000000000000000e+02 -2.979472637176513672e+00
6.650000000000000000e+02 -2.901323318481445312e+00
6.660000000000000000e+02 -2.917881011962890625e+00
6.670000000000000000e+02 -2.980327129364013672e+00
6.680000000000000000e+02 -2.920893907546997070e+00
6.690000000000000000e+02 -2.937430381774902344e+00
6.700000000000000000e+02 -2.886871814727783203e+00
6.710000000000000000e+02 -2.913355350494384766e+00
6.720000000000000000e+02 -2.919609308242797852e+00
6.730000000000000000e+02 -2.877251863479614258e+00
6.740000000000000000e+02 -2.930020332336425781e+00
6.750000000000000000e+02 -2.951305150985717773e+00
6.760000000000000000e+02 -2.928315639495849609e+00
6.770000000000000000e+02 -2.947636842727661133e+00
6.780000000000000000e+02 -2.957646608352661133e+00
6.790000000000000000e+02 -2.916639328002929688e+00
6.800000000000000000e+02 -2.943480968475341797e+00
6.810000000000000000e+02 -2.929267644882202148e+00
6.820000000000000000e+02 -2.960521697998046875e+00
6.830000000000000000e+02 -2.952278137207031250e+00
6.840000000000000000e+02 -2.887475252151489258e+00
6.850000000000000000e+02 -2.912043571472167969e+00
6.860000000000000000e+02 -2.928368330001831055e+00
6.870000000000000000e+02 -2.950341224670410156e+00
6.880000000000000000e+02 -2.951214313507080078e+00
6.890000000000000000e+02 -2.977267980575561523e+00
6.900000000000000000e+02 -2.946639299392700195e+00
6.910000000000000000e+02 -2.935305118560791016e+00
6.920000000000000000e+02 -2.949872970581054688e+00
6.930000000000000000e+02 -2.925670862197875977e+00
6.940000000000000000e+02 -2.974386215209960938e+00
6.950000000000000000e+02 -2.940288305282592773e+00
6.960000000000000000e+02 -2.976195812225341797e+00
6.970000000000000000e+02 -2.976132631301879883e+00
6.980000000000000000e+02 -2.955412387847900391e+00
6.990000000000000000e+02 -2.929286003112792969e+00
7.000000000000000000e+02 -2.915855169296264648e+00
7.010000000000000000e+02 -2.939616441726684570e+00
7.020000000000000000e+02 -2.941320896148681641e+00
7.030000000000000000e+02 -2.927324056625366211e+00
7.040000000000000000e+02 -2.926490545272827148e+00
7.050000000000000000e+02 -2.969050884246826172e+00
7.060000000000000000e+02 -2.937046051025390625e+00
7.070000000000000000e+02 -2.969749689102172852e+00
7.080000000000000000e+02 -2.963761091232299805e+00
7.090000000000000000e+02 -2.970605134963989258e+00
7.100000000000000000e+02 -2.943346500396728516e+00
7.110000000000000000e+02 -2.913469791412353516e+00
7.120000000000000000e+02 -2.887729167938232422e+00
7.130000000000000000e+02 -2.889215707778930664e+00
7.140000000000000000e+02 -2.908754110336303711e+00
7.150000000000000000e+02 -2.927714586257934570e+00
7.160000000000000000e+02 -2.906790971755981445e+00
7.170000000000000000e+02 -2.927811622619628906e+00
7.180000000000000000e+02 -2.945837497711181641e+00
7.190000000000000000e+02 -2.971087455749511719e+00
7.200000000000000000e+02 -2.956995487213134766e+00
7.210000000000000000e+02 -2.931858777999877930e+00
7.220000000000000000e+02 -2.978913784027099609e+00
7.230000000000000000e+02 -2.938596963882446289e+00
7.240000000000000000e+02 -2.927579164505004883e+00
7.250000000000000000e+02 -2.946888923645019531e+00
7.260000000000000000e+02 -2.909067869186401367e+00
7.270000000000000000e+02 -2.921451568603515625e+00
7.280000000000000000e+02 -2.918610572814941406e+00
7.290000000000000000e+02 -2.928181409835815430e+00
7.300000000000000000e+02 -2.947552680969238281e+00
7.310000000000000000e+02 -2.887993812561035156e+00
7.320000000000000000e+02 -2.934067726135253906e+00
7.330000000000000000e+02 -2.907735586166381836e+00
7.340000000000000000e+02 -2.946775436401367188e+00
7.350000000000000000e+02 -2.940135240554809570e+00
7.360000000000000000e+02 -2.909037351608276367e+00
7.370000000000000000e+02 -2.870532989501953125e+00
7.380000000000000000e+02 -2.880785465240478516e+00
7.390000000000000000e+02 -2.917223691940307617e+00
7.400000000000000000e+02 -2.895441532135009766e+00
7.410000000000000000e+02 -2.926401376724243164e+00
7.420000000000000000e+02 -2.944055318832397461e+00
7.430000000000000000e+02 -2.926691055297851562e+00
7.440000000000000000e+02 -2.925071716308593750e+00
7.450000000000000000e+02 -2.975100755691528320e+00
7.460000000000000000e+02 -2.943562984466552734e+00
7.470000000000000000e+02 -2.932826757431030273e+00
7.480000000000000000e+02 -2.931305646896362305e+00
7.490000000000000000e+02 -2.894958972930908203e+00
7.500000000000000000e+02 -2.933011770248413086e+00
7.510000000000000000e+02 -2.980027437210083008e+00
7.520000000000000000e+02 -2.946337461471557617e+00
7.530000000000000000e+02 -2.926194667816162109e+00
7.540000000000000000e+02 -2.899113416671752930e+00
7.550000000000000000e+02 -2.948531627655029297e+00
7.560000000000000000e+02 -2.944916725158691406e+00
7.570000000000000000e+02 -2.942576646804809570e+00
7.580000000000000000e+02 -2.964320898056030273e+00
7.590000000000000000e+02 -2.968476533889770508e+00
7.600000000000000000e+02 -2.926357269287109375e+00
7.610000000000000000e+02 -2.933381795883178711e+00
7.620000000000000000e+02 -2.927446603775024414e+00
7.630000000000000000e+02 -2.943241119384765625e+00
7.640000000000000000e+02 -2.954584598541259766e+00
7.650000000000000000e+02 -2.890109062194824219e+00
7.660000000000000000e+02 -2.927497863769531250e+00
7.670000000000000000e+02 -2.923024415969848633e+00
7.680000000000000000e+02 -2.906273603439331055e+00
7.690000000000000000e+02 -2.918566703796386719e+00
7.700000000000000000e+02 -2.908246040344238281e+00
7.710000000000000000e+02 -2.933041095733642578e+00
7.720000000000000000e+02 -2.925553083419799805e+00
7.730000000000000000e+02 -2.910598278045654297e+00
7.740000000000000000e+02 -2.912384748458862305e+00
7.750000000000000000e+02 -2.922101020812988281e+00
7.760000000000000000e+02 -2.941879510879516602e+00
7.770000000000000000e+02 -2.911769628524780273e+00
7.780000000000000000e+02 -2.894826173782348633e+00
7.790000000000000000e+02 -2.888878583908081055e+00
7.800000000000000000e+02 -2.870256662368774414e+00
7.810000000000000000e+02 -2.933696985244750977e+00
7.820000000000000000e+02 -2.896617174148559570e+00
7.830000000000000000e+02 -2.943322658538818359e+00
7.840000000000000000e+02 -2.875562667846679688e+00
7.850000000000000000e+02 -2.940126419067382812e+00
7.860000000000000000e+02 -2.941953420639038086e+00
7.870000000000000000e+02 -2.954398632049560547e+00
7.880000000000000000e+02 -2.913765430450439453e+00
7.890000000000000000e+02 -2.880805015563964844e+00
7.900000000000000000e+02 -2.917167425155639648e+00
7.910000000000000000e+02 -2.927608728408813477e+00
7.920000000000000000e+02 -2.905133008956909180e+00
7.930000000000000000e+02 -2.890018224716186523e+00
7.940000000000000000e+02 -2.888446092605590820e+00
7.950000000000000000e+02 -2.933300018310546875e+00
7.960000000000000000e+02 -2.907208681106567383e+00
7.970000000000000000e+02 -2.883695602416992188e+00
7.980000000000000000e+02 -2.919887304306030273e+00
7.990000000000000000e+02 -2.861170291900634766e+00
8.000000000000000000e+02 -2.856682777404785156e+00
8.010000000000000000e+02 -2.883611202239990234e+00
8.020000000000000000e+02 -2.886035203933715820e+00
8.030000000000000000e+02 -2.867495536804199219e+00
8.040000000000000000e+02 -2.913214206695556641e+00
8.050000000000000000e+02 -2.903822898864746094e+00
8.060000000000000000e+02 -2.917482376098632812e+00
8.070000000000000000e+02 -2.923862218856811523e+00
8.080000000000000000e+02 -2.864693403244018555e+00
8.090000000000000000e+02 -2.892004728317260742e+00
8.100000000000000000e+02 -2.883343219757080078e+00
8.110000000000000000e+02 -2.880933523178100586e+00
8.120000000000000000e+02 -2.876410484313964844e+00
8.130000000000000000e+02 -2.881938457489013672e+00
8.140000000000000000e+02 -2.870215415954589844e+00
8.150000000000000000e+02 -2.905062913894653320e+00
8.160000000000000000e+02 -2.875013113021850586e+00
8.170000000000000000e+02 -2.878231048583984375e+00
8.180000000000000000e+02 -2.877339363098144531e+00
8.190000000000000000e+02 -2.883955001831054688e+00
8.200000000000000000e+02 -2.919832944869995117e+00
8.210000000000000000e+02 -2.877787590026855469e+00
8.220000000000000000e+02 -2.851344823837280273e+00
8.230000000000000000e+02 -2.869292020797729492e+00
8.240000000000000000e+02 -2.873243570327758789e+00
8.250000000000000000e+02 -2.894706010818481445e+00
8.260000000000000000e+02 -2.934555053710937500e+00
8.270000000000000000e+02 -2.841973543167114258e+00
8.280000000000000000e+02 -2.867506027221679688e+00
8.290000000000000000e+02 -2.874807119369506836e+00
8.300000000000000000e+02 -2.916421413421630859e+00
8.310000000000000000e+02 -2.865634679794311523e+00
8.320000000000000000e+02 -2.856946229934692383e+00
8.330000000000000000e+02 -2.858282327651977539e+00
8.340000000000000000e+02 -2.829237461090087891e+00
8.350000000000000000e+02 -2.832822084426879883e+00
8.360000000000000000e+02 -2.846262931823730469e+00
8.370000000000000000e+02 -2.851595163345336914e+00
8.380000000000000000e+02 -2.918453454971313477e+00
8.390000000000000000e+02 -2.878301143646240234e+00
8.400000000000000000e+02 -2.853542327880859375e+00
8.410000000000000000e+02 -2.881624221801757812e+00
8.420000000000000000e+02 -2.886228322982788086e+00
8.430000000000000000e+02 -2.929228067398071289e+00
8.440000000000000000e+02 -2.917379617691040039e+00
8.450000000000000000e+02 -2.964314699172973633e+00
8.460000000000000000e+02 -2.930265903472900391e+00
8.470000000000000000e+02 -2.980061054229736328e+00
8.480000000000000000e+02 -2.924755811691284180e+00
8.490000000000000000e+02 -2.965849876403808594e+00
8.500000000000000000e+02 -2.947108507156372070e+00
8.510000000000000000e+02 -2.908272504806518555e+00
8.520000000000000000e+02 -2.986269950866699219e+00
8.530000000000000000e+02 -2.945707082748413086e+00
8.540000000000000000e+02 -2.965662002563476562e+00
8.550000000000000000e+02 -2.935527086257934570e+00
8.560000000000000000e+02 -2.909355163574218750e+00
8.570000000000000000e+02 -2.896349191665649414e+00
8.580000000000000000e+02 -2.931510686874389648e+00
8.590000000000000000e+02 -2.905982017517089844e+00
8.600000000000000000e+02 -2.976735115051269531e+00
8.610000000000000000e+02 -2.921964645385742188e+00
8.620000000000000000e+02 -2.940697193145751953e+00
8.630000000000000000e+02 -2.977292060852050781e+00
8.640000000000000000e+02 -2.952307224273681641e+00
8.650000000000000000e+02 -2.969734907150268555e+00
8.660000000000000000e+02 -2.949153900146484375e+00
8.670000000000000000e+02 -2.917259931564331055e+00
8.680000000000000000e+02 -2.930454969406127930e+00
8.690000000000000000e+02 -2.903668165206909180e+00
8.700000000000000000e+02 -2.942103862762451172e+00
8.710000000000000000e+02 -2.969866037368774414e+00
8.720000000000000000e+02 -2.908007860183715820e+00
8.730000000000000000e+02 -2.919070243835449219e+00
8.740000000000000000e+02 -2.938005208969116211e+00
8.750000000000000000e+02 -2.925715923309326172e+00
8.760000000000000000e+02 -2.938467264175415039e+00
8.770000000000000000e+02 -2.975296974182128906e+00
8.780000000000000000e+02 -2.962837219238281250e+00
8.790000000000000000e+02 -2.978060960769653320e+00
8.800000000000000000e+02 -2.979601144790649414e+00
8.810000000000000000e+02 -2.932543039321899414e+00
8.820000000000000000e+02 -2.924506902694702148e+00
8.830000000000000000e+02 -2.954943180084228516e+00
8.840000000000000000e+02 -2.964012622833251953e+00
8.850000000000000000e+02 -2.948483467102050781e+00
8.860000000000000000e+02 -2.930080413818359375e+00
8.870000000000000000e+02 -2.946083068847656250e+00
8.880000000000000000e+02 -2.970273017883300781e+00
8.890000000000000000e+02 -2.939548492431640625e+00
8.900000000000000000e+02 -2.989995002746582031e+00
8.910000000000000000e+02 -2.983907461166381836e+00
8.920000000000000000e+02 -2.927957534790039062e+00
8.930000000000000000e+02 -2.921791791915893555e+00
8.940000000000000000e+02 -2.989336490631103516e+00
8.950000000000000000e+02 -2.980044841766357422e+00
8.960000000000000000e+02 -3.015927791595458984e+00
8.970000000000000000e+02 -3.012073755264282227e+00
8.980000000000000000e+02 -3.005934238433837891e+00
8.990000000000000000e+02 -2.997617483139038086e+00
9.000000000000000000e+02 -2.958817958831787109e+00
9.010000000000000000e+02 -2.998397350311279297e+00
9.020000000000000000e+02 -2.993993043899536133e+00
9.030000000000000000e+02 -3.012163639068603516e+00
9.040000000000000000e+02 -3.020580530166625977e+00
9.050000000000000000e+02 -3.046542167663574219e+00
9.060000000000000000e+02 -3.034113883972167969e+00
9.070000000000000000e+02 -2.992694139480590820e+00
9.080000000000000000e+02 -2.970944166183471680e+00
9.090000000000000000e+02 -3.032503604888916016e+00
9.100000000000000000e+02 -2.962639331817626953e+00
9.110000000000000000e+02 -2.974519729614257812e+00
9.120000000000000000e+02 -2.997898340225219727e+00
9.130000000000000000e+02 -3.006983757019042969e+00
9.140000000000000000e+02 -2.986575365066528320e+00
9.150000000000000000e+02 -3.021125793457031250e+00
9.160000000000000000e+02 -3.000268936157226562e+00
9.170000000000000000e+02 -2.985729217529296875e+00
9.180000000000000000e+02 -2.975052595138549805e+00
9.190000000000000000e+02 -2.974547863006591797e+00
9.200000000000000000e+02 -2.957999229431152344e+00
9.210000000000000000e+02 -2.926558971405029297e+00
9.220000000000000000e+02 -2.955943822860717773e+00
9.230000000000000000e+02 -2.977011680603027344e+00
9.240000000000000000e+02 -2.990156173706054688e+00
9.250000000000000000e+02 -2.969938039779663086e+00
9.260000000000000000e+02 -2.955852031707763672e+00
9.270000000000000000e+02 -2.965714454650878906e+00
9.280000000000000000e+02 -3.027127265930175781e+00
9.290000000000000000e+02 -3.018862247467041016e+00
9.300000000000000000e+02 -3.015325307846069336e+00
9.310000000000000000e+02 -3.009068489074707031e+00
9.320000000000000000e+02 -3.000581264495849609e+00
9.330000000000000000e+02 -2.982254981994628906e+00
9.340000000000000000e+02 -2.965638160705566406e+00
9.350000000000000000e+02 -2.965533018112182617e+00
9.360000000000000000e+02 -2.974980592727661133e+00
9.370000000000000000e+02 -2.969580411911010742e+00
9.380000000000000000e+02 -2.958659648895263672e+00
9.390000000000000000e+02 -2.945585012435913086e+00
9.400000000000000000e+02 -2.961480140686035156e+00
9.410000000000000000e+02 -2.955641269683837891e+00
9.420000000000000000e+02 -2.941848039627075195e+00
9.430000000000000000e+02 -2.976034164428710938e+00
9.440000000000000000e+02 -2.969618320465087891e+00
9.450000000000000000e+02 -3.000610589981079102e+00
9.460000000000000000e+02 -3.009003639221191406e+00
9.470000000000000000e+02 -3.058768987655639648e+00
9.480000000000000000e+02 -3.036386251449584961e+00
9.490000000000000000e+02 -2.988274812698364258e+00
9.500000000000000000e+02 -2.968065977096557617e+00
9.510000000000000000e+02 -2.947912216186523438e+00
9.520000000000000000e+02 -2.913554191589355469e+00
9.530000000000000000e+02 -3.013899326324462891e+00
9.540000000000000000e+02 -3.009152173995971680e+00
9.550000000000000000e+02 -2.994009733200073242e+00
9.560000000000000000e+02 -2.990131139755249023e+00
9.570000000000000000e+02 -2.946260690689086914e+00
9.580000000000000000e+02 -2.952792167663574219e+00
9.590000000000000000e+02 -2.946529865264892578e+00
9.600000000000000000e+02 -2.984169244766235352e+00
9.610000000000000000e+02 -2.984864473342895508e+00
9.620000000000000000e+02 -2.985119819641113281e+00
9.630000000000000000e+02 -2.954158067703247070e+00
9.640000000000000000e+02 -2.930178165435791016e+00
9.650000000000000000e+02 -2.956511497497558594e+00
9.660000000000000000e+02 -2.997667789459228516e+00
9.670000000000000000e+02 -2.977934837341308594e+00
9.680000000000000000e+02 -2.970966815948486328e+00
9.690000000000000000e+02 -2.966227293014526367e+00
9.700000000000000000e+02 -2.968298673629760742e+00
9.710000000000000000e+02 -2.982843637466430664e+00
9.720000000000000000e+02 -2.984708786010742188e+00
9.730000000000000000e+02 -2.974089145660400391e+00
9.740000000000000000e+02 -2.945478200912475586e+00
9.750000000000000000e+02 -2.943624973297119141e+00
9.760000000000000000e+02 -2.945597648620605469e+00
9.770000000000000000e+02 -2.956359863281250000e+00
9.780000000000000000e+02 -2.912179946899414062e+00
9.790000000000000000e+02 -2.955375194549560547e+00
9.800000000000000000e+02 -2.951366901397705078e+00
9.810000000000000000e+02 -2.923922777175903320e+00
9.820000000000000000e+02 -2.950802564620971680e+00
9.830000000000000000e+02 -2.922626733779907227e+00
9.840000000000000000e+02 -2.919836997985839844e+00
9.850000000000000000e+02 -2.939525842666625977e+00
9.860000000000000000e+02 -2.905357837677001953e+00
9.870000000000000000e+02 -2.954184293746948242e+00
9.880000000000000000e+02 -2.891757488250732422e+00
9.890000000000000000e+02 -2.894234180450439453e+00
9.900000000000000000e+02 -2.909099102020263672e+00
9.910000000000000000e+02 -2.929152011871337891e+00
9.920000000000000000e+02 -2.936811447143554688e+00
9.930000000000000000e+02 -2.982416629791259766e+00
9.940000000000000000e+02 -2.979718208312988281e+00
9.950000000000000000e+02 -2.909600019454956055e+00
9.960000000000000000e+02 -2.940809488296508789e+00
9.970000000000000000e+02 -2.916032314300537109e+00
9.980000000000000000e+02 -2.961949825286865234e+00
9.990000000000000000e+02 -2.918160200119018555e+00
1.000000000000000000e+03 -2.905556917190551758e+00
1.001000000000000000e+03 -2.873890638351440430e+00
1.002000000000000000e+03 -2.917060613632202148e+00
1.003000000000000000e+03 -2.869096040725708008e+00
1.004000000000000000e+03 -2.896578550338745117e+00
1.005000000000000000e+03 -2.909351110458374023e+00
1.006000000000000000e+03 -2.913816452026367188e+00
1.007000000000000000e+03 -2.931041240692138672e+00
1.008000000000000000e+03 -2.917890548706054688e+00
1.009000000000000000e+03 -2.933813810348510742e+00
1.010000000000000000e+03 -2.921635627746582031e+00
1.011000000000000000e+03 -2.912720680236816406e+00
1.012000000000000000e+03 -2.940593719482421875e+00
1.013000000000000000e+03 -2.898391962051391602e+00
1.014000000000000000e+03 -2.920259714126586914e+00
1.015000000000000000e+03 -2.922304391860961914e+00
1.016000000000000000e+03 -2.885690212249755859e+00
1.017000000000000000e+03 -2.901201963424682617e+00
1.018000000000000000e+03 -2.906235218048095703e+00
1.019000000000000000e+03 -2.883354663848876953e+00
1.020000000000000000e+03 -2.892628669738769531e+00
1.021000000000000000e+03 -2.906302452087402344e+00
1.022000000000000000e+03 -2.921354770660400391e+00
1.023000000000000000e+03 -2.921986818313598633e+00
1.024000000000000000e+03 -2.942096948623657227e+00
1.025000000000000000e+03 -2.874501943588256836e+00
1.026000000000000000e+03 -2.866432905197143555e+00
1.027000000000000000e+03 -2.878759860992431641e+00
1.028000000000000000e+03 -2.897783517837524414e+00
1.029000000000000000e+03 -2.925996780395507812e+00
1.030000000000000000e+03 -2.903477430343627930e+00
1.031000000000000000e+03 -2.919676065444946289e+00
1.032000000000000000e+03 -2.912436008453369141e+00
1.033000000000000000e+03 -2.964580297470092773e+00
1.034000000000000000e+03 -2.920194149017333984e+00
1.035000000000000000e+03 -2.955896377563476562e+00
1.036000000000000000e+03 -2.950555562973022461e+00
1.037000000000000000e+03 -2.935766220092773438e+00
1.038000000000000000e+03 -2.962381839752197266e+00
1.039000000000000000e+03 -2.953489303588867188e+00
1.040000000000000000e+03 -2.957119703292846680e+00
1.041000000000000000e+03 -2.971745252609252930e+00
1.042000000000000000e+03 -2.953887939453125000e+00
1.043000000000000000e+03 -2.954145908355712891e+00
1.044000000000000000e+03 -2.986902713775634766e+00
1.045000000000000000e+03 -2.927287817001342773e+00
1.046000000000000000e+03 -2.977230787277221680e+00
1.047000000000000000e+03 -2.971552848815917969e+00
1.048000000000000000e+03 -2.956124305725097656e+00
1.049000000000000000e+03 -2.952929735183715820e+00
1.050000000000000000e+03 -2.947873592376708984e+00
1.051000000000000000e+03 -2.919435024261474609e+00
1.052000000000000000e+03 -2.946683645248413086e+00
1.053000000000000000e+03 -2.948753833770751953e+00
1.054000000000000000e+03 -2.921249389648437500e+00
1.055000000000000000e+03 -2.944974660873413086e+00
1.056000000000000000e+03 -2.915515899658203125e+00
1.057000000000000000e+03 -2.922366142272949219e+00
1.058000000000000000e+03 -2.889910697937011719e+00
1.059000000000000000e+03 -2.922278165817260742e+00
1.060000000000000000e+03 -2.915081977844238281e+00
1.061000000000000000e+03 -2.897564172744750977e+00
1.062000000000000000e+03 -2.911990404129028320e+00
1.063000000000000000e+03 -2.946711301803588867e+00
1.064000000000000000e+03 -2.870891809463500977e+00
1.065000000000000000e+03 -2.907688140869140625e+00
1.066000000000000000e+03 -2.888632297515869141e+00
1.067000000000000000e+03 -2.834988355636596680e+00
1.068000000000000000e+03 -2.863751888275146484e+00
1.069000000000000000e+03 -2.925429105758666992e+00
1.070000000000000000e+03 -2.905468225479125977e+00
1.071000000000000000e+03 -2.910789251327514648e+00
1.072000000000000000e+03 -2.919155120849609375e+00
1.073000000000000000e+03 -2.892745971679687500e+00
1.074000000000000000e+03 -2.880494594573974609e+00
1.075000000000000000e+03 -2.851944208145141602e+00
1.076000000000000000e+03 -2.928753376007080078e+00
1.077000000000000000e+03 -2.865829944610595703e+00
1.078000000000000000e+03 -2.918580770492553711e+00
1.079000000000000000e+03 -2.906496047973632812e+00
1.080000000000000000e+03 -2.940555572509765625e+00
1.081000000000000000e+03 -2.947196006774902344e+00
1.082000000000000000e+03 -2.924928903579711914e+00
1.083000000000000000e+03 -2.964745521545410156e+00
1.084000000000000000e+03 -2.961547374725341797e+00
1.085000000000000000e+03 -2.950198888778686523e+00
1.086000000000000000e+03 -2.957234621047973633e+00
1.087000000000000000e+03 -3.003061532974243164e+00
1.088000000000000000e+03 -2.942140579223632812e+00
1.089000000000000000e+03 -2.995491981506347656e+00
1.090000000000000000e+03 -3.012120008468627930e+00
1.091000000000000000e+03 -2.960172176361083984e+00
1.092000000000000000e+03 -3.029674530029296875e+00
1.093000000000000000e+03 -2.987418413162231445e+00
1.094000000000000000e+03 -3.001038789749145508e+00
1.095000000000000000e+03 -3.011363983154296875e+00
1.096000000000000000e+03 -2.957852363586425781e+00
1.097000000000000000e+03 -2.944933891296386719e+00
1.098000000000000000e+03 -2.957054853439331055e+00
1.099000000000000000e+03 -2.982168197631835938e+00
1.100000000000000000e+03 -2.982024908065795898e+00
1.101000000000000000e+03 -2.968432903289794922e+00
1.102000000000000000e+03 -3.001642465591430664e+00
1.103000000000000000e+03 -3.025924682617187500e+00
1.104000000000000000e+03 -3.008073091506958008e+00
1.105000000000000000e+03 -3.029905080795288086e+00
1.106000000000000000e+03 -2.983595371246337891e+00
1.107000000000000000e+03 -2.979207277297973633e+00
1.108000000000000000e+03 -2.986681699752807617e+00
1.109000000000000000e+03 -2.994047403335571289e+00
1.110000000000000000e+03 -2.957819700241088867e+00
1.111000000000000000e+03 -2.938503980636596680e+00
1.112000000000000000e+03 -2.915412902832031250e+00
1.113000000000000000e+03 -2.907835245132446289e+00
1.114000000000000000e+03 -2.906475305557250977e+00
1.115000000000000000e+03 -2.970288038253784180e+00
1.116000000000000000e+03 -2.920913219451904297e+00
1.117000000000000000e+03 -2.965380668640136719e+00
1.118000000000000000e+03 -2.917045831680297852e+00
1.119000000000000000e+03 -2.951959848403930664e+00
1.120000000000000000e+03 -2.936632156372070312e+00
1.121000000000000000e+03 -2.943737506866455078e+00
1.122000000000000000e+03 -2.924379825592041016e+00
1.123000000000000000e+03 -2.922923803329467773e+00
1.124000000000000000e+03 -2.933227062225341797e+00
1.125000000000000000e+03 -2.962503910064697266e+00
1.126000000000000000e+03 -2.967422246932983398e+00
1.127000000000000000e+03 -2.962763786315917969e+00
1.128000000000000000e+03 -2.943023920059204102e+00
1.129000000000000000e+03 -2.955986261367797852e+00
1.130000000000000000e+03 -2.935627698898315430e+00
1.131000000000000000e+03 -3.009293317794799805e+00
1.132000000000000000e+03 -2.961092233657836914e+00
1.133000000000000000e+03 -2.976956129074096680e+00
1.134000000000000000e+03 -2.975698471069335938e+00
1.135000000000000000e+03 -2.994877099990844727e+00
1.136000000000000000e+03 -2.968833923339843750e+00
1.137000000000000000e+03 -2.948380708694458008e+00
1.138000000000000000e+03 -2.927913188934326172e+00
1.139000000000000000e+03 -2.944711208343505859e+00
1.140000000000000000e+03 -2.885831832885742188e+00
1.141000000000000000e+03 -2.968040943145751953e+00
1.142000000000000000e+03 -2.914059877395629883e+00
1.143000000000000000e+03 -2.914694309234619141e+00
1.144000000000000000e+03 -2.884211540222167969e+00
1.145000000000000000e+03 -2.849860906600952148e+00
1.146000000000000000e+03 -2.929622173309326172e+00
1.147000000000000000e+03 -2.884661197662353516e+00
1.148000000000000000e+03 -2.829813718795776367e+00
1.149000000000000000e+03 -2.823767900466918945e+00
1.150000000000000000e+03 -2.869777202606201172e+00
1.151000000000000000e+03 -2.879180192947387695e+00
1.152000000000000000e+03 -2.847136497497558594e+00
1.153000000000000000e+03 -2.851216554641723633e+00
1.154000000000000000e+03 -2.907401800155639648e+00
1.155000000000000000e+03 -2.889438867568969727e+00
1.156000000000000000e+03 -2.830636739730834961e+00
1.157000000000000000e+03 -2.854506492614746094e+00
1.158000000000000000e+03 -2.826546907424926758e+00
1.159000000000000000e+03 -2.876536369323730469e+00
1.160000000000000000e+03 -2.894333839416503906e+00
1.161000000000000000e+03 -2.854475498199462891e+00
1.162000000000000000e+03 -2.889806985855102539e+00
1.163000000000000000e+03 -2.888204097747802734e+00
1.164000000000000000e+03 -2.883295297622680664e+00
1.165000000000000000e+03 -2.888861417770385742e+00
1.166000000000000000e+03 -2.908317089080810547e+00
1.167000000000000000e+03 -2.894487619400024414e+00
1.168000000000000000e+03 -2.953293323516845703e+00
1.169000000000000000e+03 -2.901257514953613281e+00
1.170000000000000000e+03 -2.918100357055664062e+00
1.171000000000000000e+03 -2.972368001937866211e+00
1.172000000000000000e+03 -2.935162782669067383e+00
1.173000000000000000e+03 -2.927161693572998047e+00
1.174000000000000000e+03 -2.935098886489868164e+00
1.175000000000000000e+03 -2.975198745727539062e+00
1.176000000000000000e+03 -2.933371782302856445e+00
1.177000000000000000e+03 -2.918685913085937500e+00
1.178000000000000000e+03 -2.912363290786743164e+00
1.179000000000000000e+03 -2.916277408599853516e+00
1.180000000000000000e+03 -2.871360063552856445e+00
1.181000000000000000e+03 -2.933736562728881836e+00
1.182000000000000000e+03 -2.913066625595092773e+00
1.183000000000000000e+03 -2.929078578948974609e+00
1.184000000000000000e+03 -2.891913652420043945e+00
1.185000000000000000e+03 -2.877056598663330078e+00
1.186000000000000000e+03 -2.950165748596191406e+00
1.187000000000000000e+03 -2.903883934020996094e+00
1.188000000000000000e+03 -2.894376039505004883e+00
1.189000000000000000e+03 -2.924426794052124023e+00
1.190000000000000000e+03 -2.929858207702636719e+00
1.191000000000000000e+03 -2.921245574951171875e+00
1.192000000000000000e+03 -2.946318626403808594e+00
1.193000000000000000e+03 -2.959565162658691406e+00
1.194000000000000000e+03 -2.953600883483886719e+00
1.195000000000000000e+03 -2.955310821533203125e+00
1.196000000000000000e+03 -2.904937028884887695e+00
1.197000000000000000e+03 -2.936100006103515625e+00
1.198000000000000000e+03 -2.898913145065307617e+00
1.199000000000000000e+03 -2.934710741043090820e+00
1.200000000000000000e+03 -2.950037002563476562e+00
1.201000000000000000e+03 -2.907206296920776367e+00
1.202000000000000000e+03 -2.944885969161987305e+00
1.203000000000000000e+03 -2.953828573226928711e+00
1.204000000000000000e+03 -2.899499654769897461e+00
1.205000000000000000e+03 -2.909202814102172852e+00
1.206000000000000000e+03 -2.914349317550659180e+00
1.207000000000000000e+03 -2.871131896972656250e+00
1.208000000000000000e+03 -2.887522220611572266e+00
1.209000000000000000e+03 -2.923606872558593750e+00
1.210000000000000000e+03 -2.928455114364624023e+00
1.211000000000000000e+03 -2.910038948059082031e+00
1.212000000000000000e+03 -2.911718845367431641e+00
1.213000000000000000e+03 -2.876505851745605469e+00
1.214000000000000000e+03 -2.907496452331542969e+00
1.215000000000000000e+03 -2.903124570846557617e+00
1.216000000000000000e+03 -2.903586626052856445e+00
1.217000000000000000e+03 -2.912837743759155273e+00
1.218000000000000000e+03 -2.896309375762939453e+00
1.219000000000000000e+03 -2.906099796295166016e+00
1.220000000000000000e+03 -2.914759159088134766e+00
1.221000000000000000e+03 -2.951369047164916992e+00
1.222000000000000000e+03 -2.958218812942504883e+00
1.223000000000000000e+03 -2.945978879928588867e+00
1.224000000000000000e+03 -2.984304666519165039e+00
1.225000000000000000e+03 -2.926259994506835938e+00
1.226000000000000000e+03 -2.938138246536254883e+00
1.227000000000000000e+03 -2.920900583267211914e+00
1.228000000000000000e+03 -2.927193880081176758e+00
1.229000000000000000e+03 -2.929076194763183594e+00
1.230000000000000000e+03 -2.936745405197143555e+00
1.231000000000000000e+03 -2.974238395690917969e+00
1.232000000000000000e+03 -2.915178537368774414e+00
1.233000000000000000e+03 -2.938476800918579102e+00
1.234000000000000000e+03 -2.949082612991333008e+00
1.235000000000000000e+03 -2.913894653320312500e+00
1.236000000000000000e+03 -2.925517320632934570e+00
1.237000000000000000e+03 -2.884005546569824219e+00
1.238000000000000000e+03 -2.922768354415893555e+00
1.239000000000000000e+03 -2.859847068786621094e+00
1.240000000000000000e+03 -2.898737907409667969e+00
1.241000000000000000e+03 -2.872908830642700195e+00
1.242000000000000000e+03 -2.891652584075927734e+00
1.243000000000000000e+03 -2.883335828781127930e+00
1.244000000000000000e+03 -2.854434251785278320e+00
1.245000000000000000e+03 -2.869695901870727539e+00
1.246000000000000000e+03 -2.832423925399780273e+00
1.247000000000000000e+03 -2.802109956741333008e+00
1.248000000000000000e+03 -2.828374385833740234e+00
1.249000000000000000e+03 -2.791963100433349609e+00
1.250000000000000000e+03 -2.830611705780029297e+00
1.251000000000000000e+03 -2.849719524383544922e+00
1.252000000000000000e+03 -2.828187942504882812e+00
1.253000000000000000e+03 -2.803092002868652344e+00
1.254000000000000000e+03 -2.847924947738647461e+00
1.255000000000000000e+03 -2.845223426818847656e+00
1.256000000000000000e+03 -2.789087772369384766e+00
1.257000000000000000e+03 -2.848750829696655273e+00
1.258000000000000000e+03 -2.857179164886474609e+00
1.259000000000000000e+03 -2.866652011871337891e+00
1.260000000000000000e+03 -2.865002155303955078e+00
1.261000000000000000e+03 -2.897763490676879883e+00
1.262000000000000000e+03 -2.878624916076660156e+00
1.263000000000000000e+03 -2.845068216323852539e+00
1.264000000000000000e+03 -2.874247312545776367e+00
1.265000000000000000e+03 -2.876903057098388672e+00
1.266000000000000000e+03 -2.844921350479125977e+00
1.267000000000000000e+03 -2.894365310668945312e+00
1.268000000000000000e+03 -2.858507871627807617e+00
1.269000000000000000e+03 -2.881741523742675781e+00
1.270000000000000000e+03 -2.874104261398315430e+00
1.271000000000000000e+03 -2.908324480056762695e+00
1.272000000000000000e+03 -2.948584079742431641e+00
1.273000000000000000e+03 -2.891133785247802734e+00
1.274000000000000000e+03 -2.900793790817260742e+00
1.275000000000000000e+03 -2.907817840576171875e+00
1.276000000000000000e+03 -2.880964994430541992e+00
1.277000000000000000e+03 -2.896423339843750000e+00
1.278000000000000000e+03 -2.914460659027099609e+00
1.279000000000000000e+03 -2.906986236572265625e+00
1.280000000000000000e+03 -2.892493247985839844e+00
1.281000000000000000e+03 -2.896190881729125977e+00
1.282000000000000000e+03 -2.920836925506591797e+00
1.283000000000000000e+03 -2.914781808853149414e+00
1.284000000000000000e+03 -2.872483491897583008e+00
1.285000000000000000e+03 -2.884668827056884766e+00
1.286000000000000000e+03 -2.883972167968750000e+00
1.287000000000000000e+03 -2.902261734008789062e+00
1.288000000000000000e+03 -2.897895336151123047e+00
1.289000000000000000e+03 -2.859488487243652344e+00
1.290000000000000000e+03 -2.917373895645141602e+00
1.291000000000000000e+03 -2.904391765594482422e+00
1.292000000000000000e+03 -2.904736995697021484e+00
1.293000000000000000e+03 -2.888766288757324219e+00
1.294000000000000000e+03 -2.881229877471923828e+00
1.295000000000000000e+03 -2.853220939636230469e+00
1.296000000000000000e+03 -2.883403062820434570e+00
1.297000000000000000e+03 -2.870548963546752930e+00
1.298000000000000000e+03 -2.892631769180297852e+00
1.299000000000000000e+03 -2.836149215698242188e+00
1.300000000000000000e+03 -2.882828474044799805e+00
1.301000000000000000e+03 -2.843992233276367188e+00
1.302000000000000000e+03 -2.839172363281250000e+00
1.303000000000000000e+03 -2.867262363433837891e+00
1.304000000000000000e+03 -2.835787773132324219e+00
1.305000000000000000e+03 -2.839607000350952148e+00
1.306000000000000000e+03 -2.839176654815673828e+00
1.307000000000000000e+03 -2.834835767745971680e+00
1.308000000000000000e+03 -2.908459663391113281e+00
1.309000000000000000e+03 -2.881024360656738281e+00
1.310000000000000000e+03 -2.891802787780761719e+00
1.311000000000000000e+03 -2.908221960067749023e+00
1.312000000000000000e+03 -2.868009567260742188e+00
1.313000000000000000e+03 -2.835467576980590820e+00
1.314000000000000000e+03 -2.853889465332031250e+00
1.315000000000000000e+03 -2.914707660675048828e+00
1.316000000000000000e+03 -2.938224315643310547e+00
1.317000000000000000e+03 -2.971940279006958008e+00
1.318000000000000000e+03 -2.944602727890014648e+00
1.319000000000000000e+03 -2.949872732162475586e+00
1.320000000000000000e+03 -2.986463069915771484e+00
1.321000000000000000e+03 -2.949869394302368164e+00
1.322000000000000000e+03 -2.952567100524902344e+00
1.323000000000000000e+03 -2.932351350784301758e+00
1.324000000000000000e+03 -2.910684108734130859e+00
1.325000000000000000e+03 -2.918492078781127930e+00
1.326000000000000000e+03 -2.913069248199462891e+00
1.327000000000000000e+03 -2.923255920410156250e+00
1.328000000000000000e+03 -2.932323694229125977e+00
1.329000000000000000e+03 -2.880203247070312500e+00
1.330000000000000000e+03 -2.900927305221557617e+00
1.331000000000000000e+03 -2.896597623825073242e+00
1.332000000000000000e+03 -2.872421503067016602e+00
1.333000000000000000e+03 -2.859874725341796875e+00
1.334000000000000000e+03 -2.804270267486572266e+00
1.335000000000000000e+03 -2.843173503875732422e+00
1.336000000000000000e+03 -2.885080814361572266e+00
1.337000000000000000e+03 -2.834980010986328125e+00
1.338000000000000000e+03 -2.858903408050537109e+00
1.339000000000000000e+03 -2.884756088256835938e+00
1.340000000000000000e+03 -2.849983215332031250e+00
1.341000000000000000e+03 -2.842952728271484375e+00
1.342000000000000000e+03 -2.872842073440551758e+00
1.343000000000000000e+03 -2.915654420852661133e+00
1.344000000000000000e+03 -2.902907609939575195e+00
1.345000000000000000e+03 -2.937384605407714844e+00
1.346000000000000000e+03 -2.914040088653564453e+00
1.347000000000000000e+03 -2.885751962661743164e+00
1.348000000000000000e+03 -2.899948835372924805e+00
1.349000000000000000e+03 -2.893110990524291992e+00
1.350000000000000000e+03 -2.930239200592041016e+00
1.351000000000000000e+03 -2.949969053268432617e+00
1.352000000000000000e+03 -2.925191402435302734e+00
1.353000000000000000e+03 -2.927205562591552734e+00
1.354000000000000000e+03 -2.965524196624755859e+00
1.355000000000000000e+03 -2.934800624847412109e+00
1.356000000000000000e+03 -2.909458398818969727e+00
1.357000000000000000e+03 -2.901327610015869141e+00
1.358000000000000000e+03 -2.938908100128173828e+00
1.359000000000000000e+03 -2.964247941970825195e+00
1.360000000000000000e+03 -2.911551952362060547e+00
1.361000000000000000e+03 -2.947556257247924805e+00
1.362000000000000000e+03 -2.935010671615600586e+00
1.363000000000000000e+03 -2.858643531799316406e+00
1.364000000000000000e+03 -2.912098407745361328e+00
1.365000000000000000e+03 -2.949749946594238281e+00
1.366000000000000000e+03 -2.957199335098266602e+00
1.367000000000000000e+03 -2.965374946594238281e+00
1.368000000000000000e+03 -2.973911285400390625e+00
1.369000000000000000e+03 -2.920846939086914062e+00
1.370000000000000000e+03 -2.923746585845947266e+00
1.371000000000000000e+03 -2.945993900299072266e+00
1.372000000000000000e+03 -2.897697925567626953e+00
1.373000000000000000e+03 -2.869249343872070312e+00
1.374000000000000000e+03 -2.894746541976928711e+00
1.375000000000000000e+03 -2.935125350952148438e+00
1.376000000000000000e+03 -2.927980899810791016e+00
1.377000000000000000e+03 -2.936786651611328125e+00
1.378000000000000000e+03 -2.968275785446166992e+00
1.379000000000000000e+03 -2.912770032882690430e+00
1.380000000000000000e+03 -2.952545642852783203e+00
1.381000000000000000e+03 -2.922678470611572266e+00
1.382000000000000000e+03 -2.915440559387207031e+00
1.383000000000000000e+03 -2.942795276641845703e+00
1.384000000000000000e+03 -2.904621362686157227e+00
1.385000000000000000e+03 -2.936120510101318359e+00
1.386000000000000000e+03 -2.936024427413940430e+00
1.387000000000000000e+03 -2.930557250976562500e+00
1.388000000000000000e+03 -2.904815196990966797e+00
1.389000000000000000e+03 -2.872571468353271484e+00
1.390000000000000000e+03 -2.940521717071533203e+00
1.391000000000000000e+03 -2.922934770584106445e+00
1.392000000000000000e+03 -2.959543943405151367e+00
1.393000000000000000e+03 -2.940690040588378906e+00
1.394000000000000000e+03 -2.967964410781860352e+00
1.395000000000000000e+03 -2.964675903320312500e+00
1.396000000000000000e+03 -2.921316146850585938e+00
1.397000000000000000e+03 -2.886191129684448242e+00
1.398000000000000000e+03 -2.890240669250488281e+00
1.399000000000000000e+03 -2.909721374511718750e+00
1.400000000000000000e+03 -2.950147390365600586e+00
1.401000000000000000e+03 -2.970867156982421875e+00
1.402000000000000000e+03 -2.904686689376831055e+00
1.403000000000000000e+03 -2.882523298263549805e+00
1.404000000000000000e+03 -2.921622514724731445e+00
1.405000000000000000e+03 -2.903603553771972656e+00
1.406000000000000000e+03 -2.911136388778686523e+00
1.407000000000000000e+03 -2.987602233886718750e+00
1.408000000000000000e+03 -2.969680547714233398e+00
1.409000000000000000e+03 -2.953848838806152344e+00
1.410000000000000000e+03 -2.891659736633300781e+00
1.411000000000000000e+03 -2.940030336380004883e+00
1.412000000000000000e+03 -2.967287778854370117e+00
1.413000000000000000e+03 -2.962581634521484375e+00
1.414000000000000000e+03 -2.944544076919555664e+00
1.415000000000000000e+03 -2.940007209777832031e+00
1.416000000000000000e+03 -2.894796133041381836e+00
1.417000000000000000e+03 -2.903613090515136719e+00
1.418000000000000000e+03 -2.927484750747680664e+00
1.419000000000000000e+03 -2.900592088699340820e+00
1.420000000000000000e+03 -2.965215682983398438e+00
1.421000000000000000e+03 -2.950962543487548828e+00
1.422000000000000000e+03 -2.924968719482421875e+00
1.423000000000000000e+03 -2.950734138488769531e+00
1.424000000000000000e+03 -2.962080001831054688e+00
1.425000000000000000e+03 -2.961501598358154297e+00
1.426000000000000000e+03 -2.978136062622070312e+00
1.427000000000000000e+03 -2.937150239944458008e+00
1.428000000000000000e+03 -2.977737903594970703e+00
1.429000000000000000e+03 -2.943901777267456055e+00
1.430000000000000000e+03 -2.959951400756835938e+00
1.431000000000000000e+03 -2.965515375137329102e+00
1.432000000000000000e+03 -2.907141447067260742e+00
1.433000000000000000e+03 -2.946474790573120117e+00
1.434000000000000000e+03 -2.908417701721191406e+00
1.435000000000000000e+03 -2.862674951553344727e+00
1.436000000000000000e+03 -2.856178522109985352e+00
1.437000000000000000e+03 -2.866502046585083008e+00
1.438000000000000000e+03 -2.854262828826904297e+00
1.439000000000000000e+03 -2.864241838455200195e+00
1.440000000000000000e+03 -2.822604179382324219e+00
1.441000000000000000e+03 -2.814624786376953125e+00
1.442000000000000000e+03 -2.916431665420532227e+00
1.443000000000000000e+03 -2.868515253067016602e+00
1.444000000000000000e+03 -2.852562665939331055e+00
1.445000000000000000e+03 -2.884192943572998047e+00
1.446000000000000000e+03 -2.895005464553833008e+00
1.447000000000000000e+03 -2.876150608062744141e+00
1.448000000000000000e+03 -2.899258613586425781e+00
1.449000000000000000e+03 -2.845577239990234375e+00
1.450000000000000000e+03 -2.889670372009277344e+00
1.451000000000000000e+03 -2.853465318679809570e+00
1.452000000000000000e+03 -2.853585481643676758e+00
1.453000000000000000e+03 -2.799458265304565430e+00
1.454000000000000000e+03 -2.896460294723510742e+00
1.455000000000000000e+03 -2.859529018402099609e+00
1.456000000000000000e+03 -2.862318992614746094e+00
1.457000000000000000e+03 -2.884143352508544922e+00
1.458000000000000000e+03 -2.862118959426879883e+00
1.459000000000000000e+03 -2.833834171295166016e+00
1.460000000000000000e+03 -2.883414506912231445e+00
1.461000000000000000e+03 -2.845770359039306641e+00
1.462000000000000000e+03 -2.846392154693603516e+00
1.463000000000000000e+03 -2.902344226837158203e+00
1.464000000000000000e+03 -2.879685163497924805e+00
1.465000000000000000e+03 -2.840744733810424805e+00
1.466000000000000000e+03 -2.901040077209472656e+00
1.467000000000000000e+03 -2.860588073730468750e+00
1.468000000000000000e+03 -2.839586496353149414e+00
1.469000000000000000e+03 -2.875876903533935547e+00
1.470000000000000000e+03 -2.904519557952880859e+00
1.471000000000000000e+03 -2.882986545562744141e+00
1.472000000000000000e+03 -2.832643985748291016e+00
1.473000000000000000e+03 -2.892305612564086914e+00
1.474000000000000000e+03 -2.883538484573364258e+00
1.475000000000000000e+03 -2.881580591201782227e+00
1.476000000000000000e+03 -2.879340648651123047e+00
1.477000000000000000e+03 -2.904074192047119141e+00
1.478000000000000000e+03 -2.903411626815795898e+00
1.479000000000000000e+03 -2.855256080627441406e+00
1.480000000000000000e+03 -2.893311023712158203e+00
1.481000000000000000e+03 -2.860894680023193359e+00
1.482000000000000000e+03 -2.836009979248046875e+00
1.483000000000000000e+03 -2.869702577590942383e+00
1.484000000000000000e+03 -2.807224035263061523e+00
1.485000000000000000e+03 -2.831154584884643555e+00
1.486000000000000000e+03 -2.821481943130493164e+00
1.487000000000000000e+03 -2.859650611877441406e+00
1.488000000000000000e+03 -2.777530193328857422e+00
1.489000000000000000e+03 -2.848245143890380859e+00
1.490000000000000000e+03 -2.847182035446166992e+00
1.491000000000000000e+03 -2.863907575607299805e+00
1.492000000000000000e+03 -2.859606027603149414e+00
1.493000000000000000e+03 -2.846056938171386719e+00
1.494000000000000000e+03 -2.859610080718994141e+00
1.495000000000000000e+03 -2.889699220657348633e+00
1.496000000000000000e+03 -2.851182460784912109e+00
1.497000000000000000e+03 -2.830791950225830078e+00
1.498000000000000000e+03 -2.863294124603271484e+00
1.499000000000000000e+03 -2.879439830780029297e+00
1.500000000000000000e+03 -2.910392999649047852e+00
1.501000000000000000e+03 -2.903674364089965820e+00
1.502000000000000000e+03 -2.897034168243408203e+00
1.503000000000000000e+03 -2.907563686370849609e+00
1.504000000000000000e+03 -2.870810270309448242e+00
1.505000000000000000e+03 -2.867090940475463867e+00
1.506000000000000000e+03 -2.875593900680541992e+00
1.507000000000000000e+03 -2.873695373535156250e+00
1.508000000000000000e+03 -2.861866950988769531e+00
1.509000000000000000e+03 -2.874765157699584961e+00
1.510000000000000000e+03 -2.894987106323242188e+00
1.511000000000000000e+03 -2.869133472442626953e+00
1.512000000000000000e+03 -2.861306905746459961e+00
1.513000000000000000e+03 -2.886743783950805664e+00
1.514000000000000000e+03 -2.853486537933349609e+00
1.515000000000000000e+03 -2.918068408966064453e+00
1.516000000000000000e+03 -2.886277914047241211e+00
1.517000000000000000e+03 -2.825772523880004883e+00
1.518000000000000000e+03 -2.878571271896362305e+00
1.519000000000000000e+03 -2.845357179641723633e+00
1.520000000000000000e+03 -2.890662193298339844e+00
1.521000000000000000e+03 -2.842182159423828125e+00
1.522000000000000000e+03 -2.813894271850585938e+00
1.523000000000000000e+03 -2.858142852783203125e+00
1.524000000000000000e+03 -2.850351572036743164e+00
1.525000000000000000e+03 -2.839598178863525391e+00
1.526000000000000000e+03 -2.863706111907958984e+00
1.527000000000000000e+03 -2.873831987380981445e+00
1.528000000000000000e+03 -2.813228368759155273e+00
1.529000000000000000e+03 -2.819515466690063477e+00
1.530000000000000000e+03 -2.887518405914306641e+00
1.531000000000000000e+03 -2.854602098464965820e+00
1.532000000000000000e+03 -2.830326557159423828e+00
1.533000000000000000e+03 -2.892695188522338867e+00
1.534000000000000000e+03 -2.873327493667602539e+00
1.535000000000000000e+03 -2.882578611373901367e+00
1.536000000000000000e+03 -2.901857852935791016e+00
1.537000000000000000e+03 -2.863411903381347656e+00
1.538000000000000000e+03 -2.880574941635131836e+00
1.539000000000000000e+03 -2.936675786972045898e+00
1.540000000000000000e+03 -2.892778396606445312e+00
1.541000000000000000e+03 -2.902672052383422852e+00
1.542000000000000000e+03 -2.885730028152465820e+00
1.543000000000000000e+03 -2.886737346649169922e+00
1.544000000000000000e+03 -2.917875051498413086e+00
1.545000000000000000e+03 -2.916815280914306641e+00
1.546000000000000000e+03 -2.914680957794189453e+00
1.547000000000000000e+03 -2.896084547042846680e+00
1.548000000000000000e+03 -2.900767326354980469e+00
1.549000000000000000e+03 -2.924142122268676758e+00
1.550000000000000000e+03 -2.896354436874389648e+00
1.551000000000000000e+03 -2.857556819915771484e+00
1.552000000000000000e+03 -2.876107454299926758e+00
1.553000000000000000e+03 -2.909541845321655273e+00
1.554000000000000000e+03 -2.905372381210327148e+00
1.555000000000000000e+03 -2.924774408340454102e+00
1.556000000000000000e+03 -2.979088306427001953e+00
1.557000000000000000e+03 -2.933968544006347656e+00
1.558000000000000000e+03 -2.905920505523681641e+00
1.559000000000000000e+03 -2.892930030822753906e+00
1.560000000000000000e+03 -2.932585477828979492e+00
1.561000000000000000e+03 -2.940115213394165039e+00
1.562000000000000000e+03 -2.924931049346923828e+00
1.563000000000000000e+03 -2.899253368377685547e+00
1.564000000000000000e+03 -2.865286827087402344e+00
1.565000000000000000e+03 -2.880578041076660156e+00
1.566000000000000000e+03 -2.922122955322265625e+00
1.567000000000000000e+03 -2.855515718460083008e+00
1.568000000000000000e+03 -2.914788484573364258e+00
1.569000000000000000e+03 -2.883343219757080078e+00
1.570000000000000000e+03 -2.927886247634887695e+00
1.571000000000000000e+03 -2.859290838241577148e+00
1.572000000000000000e+03 -2.904820442199707031e+00
1.573000000000000000e+03 -2.928930759429931641e+00
1.574000000000000000e+03 -2.919842720031738281e+00
1.575000000000000000e+03 -2.909140586853027344e+00
1.576000000000000000e+03 -2.945754289627075195e+00
1.577000000000000000e+03 -2.949606657028198242e+00
1.578000000000000000e+03 -2.941620349884033203e+00
1.579000000000000000e+03 -2.893801212310791016e+00
1.580000000000000000e+03 -2.892294883728027344e+00
1.581000000000000000e+03 -2.848949432373046875e+00
1.582000000000000000e+03 -2.814909219741821289e+00
1.583000000000000000e+03 -2.886447906494140625e+00
1.584000000000000000e+03 -2.903796434402465820e+00
1.585000000000000000e+03 -2.906588792800903320e+00
1.586000000000000000e+03 -2.848924160003662109e+00
1.587000000000000000e+03 -2.867632389068603516e+00
1.588000000000000000e+03 -2.905181884765625000e+00
1.589000000000000000e+03 -2.907589673995971680e+00
1.590000000000000000e+03 -2.857209205627441406e+00
1.591000000000000000e+03 -2.873721837997436523e+00
1.592000000000000000e+03 -2.863221883773803711e+00
1.593000000000000000e+03 -2.893415212631225586e+00
1.594000000000000000e+03 -2.850326776504516602e+00
1.595000000000000000e+03 -2.914590835571289062e+00
1.596000000000000000e+03 -2.921949625015258789e+00
1.597000000000000000e+03 -2.879850387573242188e+00
1.598000000000000000e+03 -2.902498960494995117e+00
1.599000000000000000e+03 -2.921553611755371094e+00
1.600000000000000000e+03 -2.947190523147583008e+00
1.601000000000000000e+03 -2.902481555938720703e+00
1.602000000000000000e+03 -2.924517154693603516e+00
1.603000000000000000e+03 -2.921639442443847656e+00
1.604000000000000000e+03 -2.950057029724121094e+00
1.605000000000000000e+03 -2.932467460632324219e+00
1.606000000000000000e+03 -2.964669227600097656e+00
1.607000000000000000e+03 -2.953052520751953125e+00
1.608000000000000000e+03 -2.957945346832275391e+00
1.609000000000000000e+03 -2.991988897323608398e+00
1.610000000000000000e+03 -2.965807199478149414e+00
1.611000000000000000e+03 -2.923309803009033203e+00
1.612000000000000000e+03 -2.938860893249511719e+00
1.613000000000000000e+03 -2.938531398773193359e+00
1.614000000000000000e+03 -2.981384754180908203e+00
1.615000000000000000e+03 -2.980060815811157227e+00
1.616000000000000000e+03 -2.899040937423706055e+00
1.617000000000000000e+03 -2.902460575103759766e+00
1.618000000000000000e+03 -2.909589290618896484e+00
1.619000000000000000e+03 -2.925420522689819336e+00
1.620000000000000000e+03 -2.932169675827026367e+00
1.621000000000000000e+03 -2.917426586151123047e+00
1.622000000000000000e+03 -2.879065990447998047e+00
1.623000000000000000e+03 -2.900650739669799805e+00
1.624000000000000000e+03 -2.873122692108154297e+00
1.625000000000000000e+03 -2.856309890747070312e+00
1.626000000000000000e+03 -2.871777534484863281e+00
1.627000000000000000e+03 -2.880021333694458008e+00
1.628000000000000000e+03 -2.916219711303710938e+00
1.629000000000000000e+03 -2.914256095886230469e+00
1.630000000000000000e+03 -2.863644599914550781e+00
1.631000000000000000e+03 -2.891136407852172852e+00
1.632000000000000000e+03 -2.928744792938232422e+00
1.633000000000000000e+03 -2.918084144592285156e+00
1.634000000000000000e+03 -2.841085433959960938e+00
1.635000000000000000e+03 -2.897031068801879883e+00
1.636000000000000000e+03 -2.943496704101562500e+00
1.637000000000000000e+03 -2.947515964508056641e+00
1.638000000000000000e+03 -2.909049987792968750e+00
1.639000000000000000e+03 -2.929097652435302734e+00
1.640000000000000000e+03 -2.910198450088500977e+00
1.641000000000000000e+03 -2.851781845092773438e+00
1.642000000000000000e+03 -2.898290157318115234e+00
1.643000000000000000e+03 -2.891531467437744141e+00
1.644000000000000000e+03 -2.849672794342041016e+00
1.645000000000000000e+03 -2.904226541519165039e+00
1.646000000000000000e+03 -2.896016120910644531e+00
1.647000000000000000e+03 -2.915560245513916016e+00
1.648000000000000000e+03 -2.936891555786132812e+00
1.649000000000000000e+03 -2.859519720077514648e+00
1.650000000000000000e+03 -2.881357192993164062e+00
1.651000000000000000e+03 -2.893310785293579102e+00
1.652000000000000000e+03 -2.913868427276611328e+00
1.653000000000000000e+03 -2.882081031799316406e+00
1.654000000000000000e+03 -2.915156602859497070e+00
1.655000000000000000e+03 -2.896464109420776367e+00
1.656000000000000000e+03 -2.869648933410644531e+00
1.657000000000000000e+03 -2.862951517105102539e+00
1.658000000000000000e+03 -2.872095584869384766e+00
1.659000000000000000e+03 -2.889138460159301758e+00
1.660000000000000000e+03 -2.930478334426879883e+00
1.661000000000000000e+03 -2.966147899627685547e+00
1.662000000000000000e+03 -2.979904413223266602e+00
1.663000000000000000e+03 -2.934331178665161133e+00
1.664000000000000000e+03 -2.957275152206420898e+00
1.665000000000000000e+03 -2.992094039916992188e+00
1.666000000000000000e+03 -2.897913932800292969e+00
1.667000000000000000e+03 -2.954532384872436523e+00
1.668000000000000000e+03 -2.939137697219848633e+00
1.669000000000000000e+03 -2.973453044891357422e+00
1.670000000000000000e+03 -2.929414033889770508e+00
1.671000000000000000e+03 -2.979207515716552734e+00
1.672000000000000000e+03 -2.952239274978637695e+00
1.673000000000000000e+03 -2.944394826889038086e+00
1.674000000000000000e+03 -2.999738454818725586e+00
1.675000000000000000e+03 -2.966267108917236328e+00
1.676000000000000000e+03 -2.935417890548706055e+00
1.677000000000000000e+03 -2.981608629226684570e+00
1.678000000000000000e+03 -2.968255043029785156e+00
1.679000000000000000e+03 -2.909876823425292969e+00
1.680000000000000000e+03 -2.853718280792236328e+00
1.681000000000000000e+03 -2.909246206283569336e+00
1.682000000000000000e+03 -2.966364145278930664e+00
1.683000000000000000e+03 -2.930381059646606445e+00
1.684000000000000000e+03 -2.926575183868408203e+00
1.685000000000000000e+03 -2.919775962829589844e+00
1.686000000000000000e+03 -2.952054977416992188e+00
1.687000000000000000e+03 -2.966346502304077148e+00
1.688000000000000000e+03 -2.915368556976318359e+00
1.689000000000000000e+03 -2.931447744369506836e+00
1.690000000000000000e+03 -2.965866804122924805e+00
1.691000000000000000e+03 -2.957178592681884766e+00
1.692000000000000000e+03 -2.950948953628540039e+00
1.693000000000000000e+03 -2.920914888381958008e+00
1.694000000000000000e+03 -2.895939588546752930e+00
1.695000000000000000e+03 -2.892463207244873047e+00
1.696000000000000000e+03 -2.939816474914550781e+00
1.697000000000000000e+03 -2.907300949096679688e+00
1.698000000000000000e+03 -2.916965961456298828e+00
1.699000000000000000e+03 -2.895857572555541992e+00
1.700000000000000000e+03 -2.954028129577636719e+00
1.701000000000000000e+03 -2.972074508666992188e+00
1.702000000000000000e+03 -2.912946701049804688e+00
1.703000000000000000e+03 -2.912526369094848633e+00
1.704000000000000000e+03 -2.869536638259887695e+00
1.705000000000000000e+03 -2.967235565185546875e+00
1.706000000000000000e+03 -2.942618846893310547e+00
1.707000000000000000e+03 -2.972593307495117188e+00
1.708000000000000000e+03 -2.945321798324584961e+00
1.709000000000000000e+03 -2.956243753433227539e+00
1.710000000000000000e+03 -2.973146200180053711e+00
1.711000000000000000e+03 -2.922424077987670898e+00
1.712000000000000000e+03 -2.894698381423950195e+00
1.713000000000000000e+03 -2.911318302154541016e+00
1.714000000000000000e+03 -2.909597396850585938e+00
1.715000000000000000e+03 -2.933650493621826172e+00
1.716000000000000000e+03 -2.896456003189086914e+00
1.717000000000000000e+03 -2.895743846893310547e+00
1.718000000000000000e+03 -2.865890026092529297e+00
1.719000000000000000e+03 -2.910334587097167969e+00
1.720000000000000000e+03 -2.925069093704223633e+00
1.721000000000000000e+03 -2.901452302932739258e+00
1.722000000000000000e+03 -2.896285057067871094e+00
1.723000000000000000e+03 -2.968932867050170898e+00
1.724000000000000000e+03 -2.895962476730346680e+00
1.725000000000000000e+03 -2.903198957443237305e+00
1.726000000000000000e+03 -2.874496459960937500e+00
1.727000000000000000e+03 -2.912024259567260742e+00
1.728000000000000000e+03 -2.880515098571777344e+00
1.729000000000000000e+03 -2.882969617843627930e+00
1.730000000000000000e+03 -2.866379261016845703e+00
1.731000000000000000e+03 -2.899687767028808594e+00
1.732000000000000000e+03 -2.889810323715209961e+00
1.733000000000000000e+03 -2.856241464614868164e+00
1.734000000000000000e+03 -2.933781147003173828e+00
1.735000000000000000e+03 -2.916985988616943359e+00
1.736000000000000000e+03 -2.926227807998657227e+00
1.737000000000000000e+03 -2.929687261581420898e+00
1.738000000000000000e+03 -2.923103332519531250e+00
1.739000000000000000e+03 -2.933916807174682617e+00
1.740000000000000000e+03 -2.902344226837158203e+00
1.741000000000000000e+03 -2.904102087020874023e+00
1.742000000000000000e+03 -2.896877527236938477e+00
1.743000000000000000e+03 -2.916662931442260742e+00
1.744000000000000000e+03 -2.905853033065795898e+00
1.745000000000000000e+03 -2.920237302780151367e+00
1.746000000000000000e+03 -2.913877964019775391e+00
1.747000000000000000e+03 -2.914804935455322266e+00
1.748000000000000000e+03 -2.978513002395629883e+00
1.749000000000000000e+03 -2.940147399902343750e+00
1.750000000000000000e+03 -2.972805500030517578e+00
1.751000000000000000e+03 -2.946266412734985352e+00
1.752000000000000000e+03 -2.940820455551147461e+00
1.753000000000000000e+03 -2.973429918289184570e+00
1.754000000000000000e+03 -2.930251121520996094e+00
1.755000000000000000e+03 -2.904927253723144531e+00
1.756000000000000000e+03 -2.934801340103149414e+00
1.757000000000000000e+03 -2.919229507446289062e+00
1.758000000000000000e+03 -2.978464603424072266e+00
1.759000000000000000e+03 -2.937635183334350586e+00
1.760000000000000000e+03 -2.949360847473144531e+00
1.761000000000000000e+03 -2.899102449417114258e+00
1.762000000000000000e+03 -2.915853977203369141e+00
1.763000000000000000e+03 -2.958558320999145508e+00
1.764000000000000000e+03 -2.910481214523315430e+00
1.765000000000000000e+03 -2.916544675827026367e+00
1.766000000000000000e+03 -2.865447759628295898e+00
1.767000000000000000e+03 -2.885344743728637695e+00
1.768000000000000000e+03 -2.877570629119873047e+00
1.769000000000000000e+03 -2.952988862991333008e+00
1.770000000000000000e+03 -2.945971012115478516e+00
1.771000000000000000e+03 -2.880818843841552734e+00
1.772000000000000000e+03 -2.902562618255615234e+00
1.773000000000000000e+03 -2.924532413482666016e+00
1.774000000000000000e+03 -2.920140981674194336e+00
1.775000000000000000e+03 -2.921238422393798828e+00
1.776000000000000000e+03 -2.882265567779541016e+00
1.777000000000000000e+03 -2.913061141967773438e+00
1.778000000000000000e+03 -2.894213199615478516e+00
1.779000000000000000e+03 -2.883776187896728516e+00
1.780000000000000000e+03 -2.878940582275390625e+00
1.781000000000000000e+03 -2.870513916015625000e+00
1.782000000000000000e+03 -2.933110237121582031e+00
1.783000000000000000e+03 -2.920540809631347656e+00
1.784000000000000000e+03 -2.940701961517333984e+00
1.785000000000000000e+03 -2.930472850799560547e+00
1.786000000000000000e+03 -2.964410781860351562e+00
1.787000000000000000e+03 -2.970959186553955078e+00
1.788000000000000000e+03 -2.919171094894409180e+00
1.789000000000000000e+03 -2.939392328262329102e+00
1.790000000000000000e+03 -2.894669532775878906e+00
1.791000000000000000e+03 -2.908431053161621094e+00
1.792000000000000000e+03 -2.898734092712402344e+00
1.793000000000000000e+03 -2.876012802124023438e+00
1.794000000000000000e+03 -2.850448608398437500e+00
1.795000000000000000e+03 -2.889536857604980469e+00
1.796000000000000000e+03 -2.882517099380493164e+00
1.797000000000000000e+03 -2.846216201782226562e+00
1.798000000000000000e+03 -2.856363773345947266e+00
1.799000000000000000e+03 -2.867910146713256836e+00
1.800000000000000000e+03 -2.845848083496093750e+00
1.801000000000000000e+03 -2.942440748214721680e+00
1.802000000000000000e+03 -2.888677120208740234e+00
1.803000000000000000e+03 -2.951116085052490234e+00
1.804000000000000000e+03 -2.959256410598754883e+00
1.805000000000000000e+03 -2.947289466857910156e+00
1.806000000000000000e+03 -2.941108942031860352e+00
1.807000000000000000e+03 -2.945724248886108398e+00
1.808000000000000000e+03 -2.971521139144897461e+00
1.809000000000000000e+03 -2.966014146804809570e+00
1.810000000000000000e+03 -2.975542068481445312e+00
1.811000000000000000e+03 -2.942007064819335938e+00
1.812000000000000000e+03 -2.936865568161010742e+00
1.813000000000000000e+03 -2.922657012939453125e+00
1.814000000000000000e+03 -2.958576917648315430e+00
1.815000000000000000e+03 -2.946250200271606445e+00
1.816000000000000000e+03 -2.979670286178588867e+00
1.817000000000000000e+03 -2.980941057205200195e+00
1.818000000000000000e+03 -2.953883171081542969e+00
1.819000000000000000e+03 -3.010544538497924805e+00
1.820000000000000000e+03 -2.968811511993408203e+00
1.821000000000000000e+03 -3.012852907180786133e+00
1.822000000000000000e+03 -2.999863624572753906e+00
1.823000000000000000e+03 -2.980920314788818359e+00
1.824000000000000000e+03 -2.947185516357421875e+00
1.825000000000000000e+03 -2.950892686843872070e+00
1.826000000000000000e+03 -2.981860637664794922e+00
1.827000000000000000e+03 -2.973209857940673828e+00
1.828000000000000000e+03 -2.942960262298583984e+00
1.829000000000000000e+03 -2.926017522811889648e+00
1.830000000000000000e+03 -2.995407342910766602e+00
1.831000000000000000e+03 -2.938711166381835938e+00
1.832000000000000000e+03 -2.903487205505371094e+00
1.833000000000000000e+03 -2.924341678619384766e+00
1.834000000000000000e+03 -2.905482530593872070e+00
1.835000000000000000e+03 -2.915661334991455078e+00
1.836000000000000000e+03 -2.965254545211791992e+00
1.837000000000000000e+03 -2.945961475372314453e+00
1.838000000000000000e+03 -2.926806926727294922e+00
1.839000000000000000e+03 -2.959243774414062500e+00
1.840000000000000000e+03 -2.911093711853027344e+00
1.841000000000000000e+03 -2.948073387145996094e+00
1.842000000000000000e+03 -2.986503124237060547e+00
1.843000000000000000e+03 -2.983587026596069336e+00
1.844000000000000000e+03 -2.979228973388671875e+00
1.845000000000000000e+03 -2.932860612869262695e+00
1.846000000000000000e+03 -2.980324745178222656e+00
1.847000000000000000e+03 -2.985386371612548828e+00
1.848000000000000000e+03 -2.943391084671020508e+00
1.849000000000000000e+03 -2.971498250961303711e+00
1.850000000000000000e+03 -2.928333997726440430e+00
1.851000000000000000e+03 -2.956382036209106445e+00
1.852000000000000000e+03 -2.926033020019531250e+00
1.853000000000000000e+03 -2.922208070755004883e+00
1.854000000000000000e+03 -2.856790065765380859e+00
1.855000000000000000e+03 -2.851180553436279297e+00
1.856000000000000000e+03 -2.861359834671020508e+00
1.857000000000000000e+03 -2.852491617202758789e+00
1.858000000000000000e+03 -2.859896898269653320e+00
1.859000000000000000e+03 -2.866471290588378906e+00
1.860000000000000000e+03 -2.913224220275878906e+00
1.861000000000000000e+03 -2.905437707901000977e+00
1.862000000000000000e+03 -2.915934562683105469e+00
1.863000000000000000e+03 -2.915392160415649414e+00
1.864000000000000000e+03 -2.917038202285766602e+00
1.865000000000000000e+03 -2.897456407546997070e+00
1.866000000000000000e+03 -2.898334741592407227e+00
1.867000000000000000e+03 -2.859726667404174805e+00
1.868000000000000000e+03 -2.862517118453979492e+00
1.869000000000000000e+03 -2.907220125198364258e+00
1.870000000000000000e+03 -2.907446146011352539e+00
1.871000000000000000e+03 -2.931307077407836914e+00
1.872000000000000000e+03 -2.899612188339233398e+00
1.873000000000000000e+03 -2.889390468597412109e+00
1.874000000000000000e+03 -2.903391361236572266e+00
1.875000000000000000e+03 -2.923312425613403320e+00
1.876000000000000000e+03 -2.968289375305175781e+00
1.877000000000000000e+03 -2.939624071121215820e+00
1.878000000000000000e+03 -2.917783737182617188e+00
1.879000000000000000e+03 -2.907249689102172852e+00
1.880000000000000000e+03 -2.924615144729614258e+00
1.881000000000000000e+03 -2.886762380599975586e+00
1.882000000000000000e+03 -2.866724967956542969e+00
1.883000000000000000e+03 -2.930986642837524414e+00
1.884000000000000000e+03 -2.912150621414184570e+00
1.885000000000000000e+03 -2.905769109725952148e+00
1.886000000000000000e+03 -2.849451065063476562e+00
1.887000000000000000e+03 -2.861860275268554688e+00
1.888000000000000000e+03 -2.903656482696533203e+00
1.889000000000000000e+03 -2.885939359664916992e+00
1.890000000000000000e+03 -2.926400423049926758e+00
1.891000000000000000e+03 -2.902622461318969727e+00
1.892000000000000000e+03 -2.859853744506835938e+00
1.893000000000000000e+03 -2.858517408370971680e+00
1.894000000000000000e+03 -2.896292924880981445e+00
1.895000000000000000e+03 -2.924909830093383789e+00
1.896000000000000000e+03 -2.892669439315795898e+00
1.897000000000000000e+03 -2.869483470916748047e+00
1.898000000000000000e+03 -2.915691852569580078e+00
1.899000000000000000e+03 -2.915252685546875000e+00
1.900000000000000000e+03 -2.932179927825927734e+00
1.901000000000000000e+03 -2.937982559204101562e+00
1.902000000000000000e+03 -2.918613433837890625e+00
1.903000000000000000e+03 -2.923770427703857422e+00
1.904000000000000000e+03 -2.866408348083496094e+00
1.905000000000000000e+03 -2.916754245758056641e+00
1.906000000000000000e+03 -2.967622041702270508e+00
1.907000000000000000e+03 -2.948510885238647461e+00
1.908000000000000000e+03 -2.917528629302978516e+00
1.909000000000000000e+03 -2.931752920150756836e+00
1.910000000000000000e+03 -2.935817480087280273e+00
1.911000000000000000e+03 -2.949073314666748047e+00
1.912000000000000000e+03 -2.914884090423583984e+00
1.913000000000000000e+03 -2.905785799026489258e+00
1.914000000000000000e+03 -2.944404840469360352e+00
1.915000000000000000e+03 -2.908876657485961914e+00
1.916000000000000000e+03 -2.928310632705688477e+00
1.917000000000000000e+03 -2.928837060928344727e+00
1.918000000000000000e+03 -2.926075935363769531e+00
1.919000000000000000e+03 -2.890185356140136719e+00
1.920000000000000000e+03 -2.926727533340454102e+00
1.921000000000000000e+03 -2.916797161102294922e+00
1.922000000000000000e+03 -2.918445587158203125e+00
1.923000000000000000e+03 -2.899107694625854492e+00
1.924000000000000000e+03 -2.887863636016845703e+00
1.925000000000000000e+03 -2.923357963562011719e+00
1.926000000000000000e+03 -2.919691562652587891e+00
1.927000000000000000e+03 -2.900532722473144531e+00
1.928000000000000000e+03 -2.913123369216918945e+00
1.929000000000000000e+03 -2.929060459136962891e+00
1.930000000000000000e+03 -2.891713380813598633e+00
1.931000000000000000e+03 -2.885429143905639648e+00
1.932000000000000000e+03 -2.901991844177246094e+00
1.933000000000000000e+03 -2.925146818161010742e+00
1.934000000000000000e+03 -2.862759351730346680e+00
1.935000000000000000e+03 -2.907275915145874023e+00
1.936000000000000000e+03 -2.902521371841430664e+00
1.937000000000000000e+03 -2.888245344161987305e+00
1.938000000000000000e+03 -2.970026731491088867e+00
1.939000000000000000e+03 -2.952809810638427734e+00
1.940000000000000000e+03 -2.933898687362670898e+00
1.941000000000000000e+03 -2.930068016052246094e+00
1.942000000000000000e+03 -2.925407171249389648e+00
1.943000000000000000e+03 -2.937935352325439453e+00
1.944000000000000000e+03 -2.871358394622802734e+00
1.945000000000000000e+03 -2.918437242507934570e+00
1.946000000000000000e+03 -2.886846303939819336e+00
1.947000000000000000e+03 -2.937369108200073242e+00
1.948000000000000000e+03 -2.907987117767333984e+00
1.949000000000000000e+03 -2.939435720443725586e+00
1.950000000000000000e+03 -2.944875717163085938e+00
1.951000000000000000e+03 -2.935072422027587891e+00
1.952000000000000000e+03 -2.910928010940551758e+00
1.953000000000000000e+03 -2.950439453125000000e+00
1.954000000000000000e+03 -2.901170730590820312e+00
1.955000000000000000e+03 -2.889482975006103516e+00
1.956000000000000000e+03 -2.889869928359985352e+00
1.957000000000000000e+03 -2.953782081604003906e+00
1.958000000000000000e+03 -2.930589199066162109e+00
1.959000000000000000e+03 -2.914249658584594727e+00
1.960000000000000000e+03 -2.904243230819702148e+00
1.961000000000000000e+03 -2.864695072174072266e+00
1.962000000000000000e+03 -2.843247413635253906e+00
1.963000000000000000e+03 -2.894845008850097656e+00
1.964000000000000000e+03 -2.887981414794921875e+00
1.965000000000000000e+03 -2.908543109893798828e+00
1.966000000000000000e+03 -2.956217288970947266e+00
1.967000000000000000e+03 -2.884789228439331055e+00
1.968000000000000000e+03 -2.859841585159301758e+00
1.969000000000000000e+03 -2.914989471435546875e+00
1.970000000000000000e+03 -2.861834764480590820e+00
1.971000000000000000e+03 -2.889983892440795898e+00
1.972000000000000000e+03 -2.892260313034057617e+00
1.973000000000000000e+03 -2.859387397766113281e+00
1.974000000000000000e+03 -2.876200437545776367e+00
1.975000000000000000e+03 -2.893219470977783203e+00
1.976000000000000000e+03 -2.921604871749877930e+00
1.977000000000000000e+03 -2.895060539245605469e+00
1.978000000000000000e+03 -2.953756332397460938e+00
1.979000000000000000e+03 -2.880240917205810547e+00
1.980000000000000000e+03 -2.850119590759277344e+00
1.981000000000000000e+03 -2.909896850585937500e+00
1.982000000000000000e+03 -2.887774705886840820e+00
1.983000000000000000e+03 -2.910760164260864258e+00
1.984000000000000000e+03 -2.871035814285278320e+00
1.985000000000000000e+03 -2.872724771499633789e+00
1.986000000000000000e+03 -2.884879827499389648e+00
1.987000000000000000e+03 -2.877644062042236328e+00
1.988000000000000000e+03 -2.873842239379882812e+00
1.989000000000000000e+03 -2.866464138031005859e+00
1.990000000000000000e+03 -2.877555131912231445e+00
1.991000000000000000e+03 -2.882044792175292969e+00
1.992000000000000000e+03 -2.914676904678344727e+00
1.993000000000000000e+03 -2.912640810012817383e+00
1.994000000000000000e+03 -2.852673053741455078e+00
1.995000000000000000e+03 -2.851609945297241211e+00
1.996000000000000000e+03 -2.912020921707153320e+00
1.997000000000000000e+03 -2.895147562026977539e+00
1.998000000000000000e+03 -2.878521442413330078e+00
1.999000000000000000e+03 -2.886991500854492188e+00
2.000000000000000000e+03 -2.925506114959716797e+00
2.001000000000000000e+03 -2.892039299011230469e+00
2.002000000000000000e+03 -2.873640060424804688e+00
2.003000000000000000e+03 -2.941374540328979492e+00
2.004000000000000000e+03 -2.865445137023925781e+00
2.005000000000000000e+03 -2.899689674377441406e+00
2.006000000000000000e+03 -2.893466472625732422e+00
2.007000000000000000e+03 -2.920302867889404297e+00
2.008000000000000000e+03 -2.917374610900878906e+00
2.009000000000000000e+03 -2.933174610137939453e+00
2.010000000000000000e+03 -2.919095039367675781e+00
2.011000000000000000e+03 -2.927977800369262695e+00
2.012000000000000000e+03 -2.911713123321533203e+00
2.013000000000000000e+03 -2.929676771163940430e+00
2.014000000000000000e+03 -2.929474592208862305e+00
2.015000000000000000e+03 -2.929796695709228516e+00
2.016000000000000000e+03 -2.887332677841186523e+00
2.017000000000000000e+03 -2.988186120986938477e+00
2.018000000000000000e+03 -2.976580142974853516e+00
2.019000000000000000e+03 -2.978560686111450195e+00
2.020000000000000000e+03 -2.969440698623657227e+00
2.021000000000000000e+03 -2.949733972549438477e+00
2.022000000000000000e+03 -2.990760326385498047e+00
2.023000000000000000e+03 -2.965032100677490234e+00
2.024000000000000000e+03 -2.974619865417480469e+00
2.025000000000000000e+03 -2.945837974548339844e+00
2.026000000000000000e+03 -2.941211223602294922e+00
2.027000000000000000e+03 -3.002872705459594727e+00
2.028000000000000000e+03 -2.940606117248535156e+00
2.029000000000000000e+03 -2.921742200851440430e+00
2.030000000000000000e+03 -2.952889204025268555e+00
2.031000000000000000e+03 -2.957489013671875000e+00
2.032000000000000000e+03 -2.889829635620117188e+00
2.033000000000000000e+03 -2.919171571731567383e+00
2.034000000000000000e+03 -2.889636039733886719e+00
2.035000000000000000e+03 -2.903350591659545898e+00
2.036000000000000000e+03 -2.895276784896850586e+00
2.037000000000000000e+03 -2.901113033294677734e+00
2.038000000000000000e+03 -2.899962186813354492e+00
2.039000000000000000e+03 -2.933136701583862305e+00
2.040000000000000000e+03 -2.913996934890747070e+00
2.041000000000000000e+03 -2.894325017929077148e+00
2.042000000000000000e+03 -2.880358457565307617e+00
2.043000000000000000e+03 -2.851799488067626953e+00
2.044000000000000000e+03 -2.861769676208496094e+00
2.045000000000000000e+03 -2.871550798416137695e+00
2.046000000000000000e+03 -2.925892114639282227e+00
2.047000000000000000e+03 -2.918366909027099609e+00
2.048000000000000000e+03 -2.939603328704833984e+00
2.049000000000000000e+03 -2.921909093856811523e+00
2.050000000000000000e+03 -2.880747795104980469e+00
2.051000000000000000e+03 -2.911971092224121094e+00
2.052000000000000000e+03 -2.933909416198730469e+00
2.053000000000000000e+03 -2.859377622604370117e+00
2.054000000000000000e+03 -2.857926845550537109e+00
2.055000000000000000e+03 -2.908561944961547852e+00
2.056000000000000000e+03 -2.949457168579101562e+00
2.057000000000000000e+03 -2.971790313720703125e+00
2.058000000000000000e+03 -2.913271427154541016e+00
2.059000000000000000e+03 -2.945771932601928711e+00
2.060000000000000000e+03 -2.931877851486206055e+00
2.061000000000000000e+03 -2.955795049667358398e+00
2.062000000000000000e+03 -2.930950164794921875e+00
2.063000000000000000e+03 -2.943728923797607422e+00
2.064000000000000000e+03 -2.967573642730712891e+00
2.065000000000000000e+03 -2.922885656356811523e+00
2.066000000000000000e+03 -2.905407428741455078e+00
2.067000000000000000e+03 -2.882932662963867188e+00
2.068000000000000000e+03 -2.892411947250366211e+00
2.069000000000000000e+03 -2.949299573898315430e+00
2.070000000000000000e+03 -2.928906917572021484e+00
2.071000000000000000e+03 -2.893075704574584961e+00
2.072000000000000000e+03 -2.887598991394042969e+00
2.073000000000000000e+03 -2.907455921173095703e+00
2.074000000000000000e+03 -2.894400596618652344e+00
2.075000000000000000e+03 -2.858895301818847656e+00
2.076000000000000000e+03 -2.819411516189575195e+00
2.077000000000000000e+03 -2.796859741210937500e+00
2.078000000000000000e+03 -2.861472129821777344e+00
2.079000000000000000e+03 -2.892362833023071289e+00
2.080000000000000000e+03 -2.869002103805541992e+00
2.081000000000000000e+03 -2.844695329666137695e+00
2.082000000000000000e+03 -2.805368423461914062e+00
2.083000000000000000e+03 -2.872346162796020508e+00
2.084000000000000000e+03 -2.820804834365844727e+00
2.085000000000000000e+03 -2.816259384155273438e+00
2.086000000000000000e+03 -2.837432384490966797e+00
2.087000000000000000e+03 -2.813468694686889648e+00
2.088000000000000000e+03 -2.924152851104736328e+00
2.089000000000000000e+03 -2.854099512100219727e+00
2.090000000000000000e+03 -2.850598573684692383e+00
2.091000000000000000e+03 -2.862284421920776367e+00
2.092000000000000000e+03 -2.882214546203613281e+00
2.093000000000000000e+03 -2.891469001770019531e+00
2.094000000000000000e+03 -2.918214321136474609e+00
2.095000000000000000e+03 -2.916524171829223633e+00
2.096000000000000000e+03 -2.884519100189208984e+00
2.097000000000000000e+03 -2.871024131774902344e+00
2.098000000000000000e+03 -2.880170583724975586e+00
2.099000000000000000e+03 -2.899580240249633789e+00
2.100000000000000000e+03 -2.938517570495605469e+00
2.101000000000000000e+03 -2.885246515274047852e+00
2.102000000000000000e+03 -2.951487541198730469e+00
2.103000000000000000e+03 -2.870744705200195312e+00
2.104000000000000000e+03 -2.895440816879272461e+00
2.105000000000000000e+03 -2.900244474411010742e+00
2.106000000000000000e+03 -2.894981145858764648e+00
2.107000000000000000e+03 -2.959175348281860352e+00
2.108000000000000000e+03 -2.959347248077392578e+00
2.109000000000000000e+03 -2.879871606826782227e+00
2.110000000000000000e+03 -2.912714481353759766e+00
2.111000000000000000e+03 -2.910646200180053711e+00
2.112000000000000000e+03 -2.882150888442993164e+00
2.113000000000000000e+03 -2.889271259307861328e+00
2.114000000000000000e+03 -2.945272922515869141e+00
2.115000000000000000e+03 -2.848613500595092773e+00
2.116000000000000000e+03 -2.896549224853515625e+00
2.117000000000000000e+03 -2.917306900024414062e+00
2.118000000000000000e+03 -2.911297321319580078e+00
2.119000000000000000e+03 -2.969269275665283203e+00
2.120000000000000000e+03 -2.932748556137084961e+00
2.121000000000000000e+03 -2.920211553573608398e+00
2.122000000000000000e+03 -2.946850061416625977e+00
2.123000000000000000e+03 -2.896215915679931641e+00
2.124000000000000000e+03 -2.954210519790649414e+00
2.125000000000000000e+03 -2.973902702331542969e+00
2.126000000000000000e+03 -2.942162275314331055e+00
2.127000000000000000e+03 -2.937688827514648438e+00
2.128000000000000000e+03 -2.901270627975463867e+00
2.129000000000000000e+03 -2.984277486801147461e+00
2.130000000000000000e+03 -3.038508415222167969e+00
2.131000000000000000e+03 -2.968200683593750000e+00
2.132000000000000000e+03 -2.925497055053710938e+00
2.133000000000000000e+03 -2.962111473083496094e+00
2.134000000000000000e+03 -2.948436021804809570e+00
2.135000000000000000e+03 -2.893697023391723633e+00
2.136000000000000000e+03 -2.901431083679199219e+00
2.137000000000000000e+03 -2.933866262435913086e+00
2.138000000000000000e+03 -2.963457107543945312e+00
2.139000000000000000e+03 -2.920451402664184570e+00
2.140000000000000000e+03 -2.908810853958129883e+00
2.141000000000000000e+03 -2.902807950973510742e+00
2.142000000000000000e+03 -2.920211791992187500e+00
2.143000000000000000e+03 -2.955311536788940430e+00
2.144000000000000000e+03 -2.938588619232177734e+00
2.145000000000000000e+03 -2.934576988220214844e+00
2.146000000000000000e+03 -2.882491111755371094e+00
2.147000000000000000e+03 -2.878951311111450195e+00
2.148000000000000000e+03 -2.877082824707031250e+00
2.149000000000000000e+03 -2.914291143417358398e+00
2.150000000000000000e+03 -2.845073699951171875e+00
2.151000000000000000e+03 -2.895508050918579102e+00
2.152000000000000000e+03 -2.867186307907104492e+00
2.153000000000000000e+03 -2.866639137268066406e+00
2.154000000000000000e+03 -2.883765935897827148e+00
2.155000000000000000e+03 -2.891913175582885742e+00
2.156000000000000000e+03 -2.857262611389160156e+00
2.157000000000000000e+03 -2.897049903869628906e+00
2.158000000000000000e+03 -2.929459571838378906e+00
2.159000000000000000e+03 -2.924126863479614258e+00
2.160000000000000000e+03 -2.899792671203613281e+00
2.161000000000000000e+03 -2.906021833419799805e+00
2.162000000000000000e+03 -2.916585445404052734e+00
2.163000000000000000e+03 -2.913420438766479492e+00
2.164000000000000000e+03 -2.956825971603393555e+00
2.165000000000000000e+03 -2.917522192001342773e+00
2.166000000000000000e+03 -2.934687852859497070e+00
2.167000000000000000e+03 -2.917809247970581055e+00
2.168000000000000000e+03 -2.912575483322143555e+00
2.169000000000000000e+03 -2.905371189117431641e+00
2.170000000000000000e+03 -2.952609062194824219e+00
2.171000000000000000e+03 -2.913903713226318359e+00
2.172000000000000000e+03 -2.906023025512695312e+00
2.173000000000000000e+03 -2.891678810119628906e+00
2.174000000000000000e+03 -2.914011240005493164e+00
2.175000000000000000e+03 -2.879481315612792969e+00
2.176000000000000000e+03 -2.930410861968994141e+00
2.177000000000000000e+03 -2.900120258331298828e+00
2.178000000000000000e+03 -2.906917333602905273e+00
2.179000000000000000e+03 -2.855111598968505859e+00
2.180000000000000000e+03 -2.907730102539062500e+00
2.181000000000000000e+03 -2.909670352935791016e+00
2.182000000000000000e+03 -2.872276306152343750e+00
2.183000000000000000e+03 -2.924449205398559570e+00
2.184000000000000000e+03 -2.903968572616577148e+00
2.185000000000000000e+03 -2.910167932510375977e+00
2.186000000000000000e+03 -2.912288188934326172e+00
2.187000000000000000e+03 -2.918749094009399414e+00
2.188000000000000000e+03 -2.938869476318359375e+00
2.189000000000000000e+03 -2.915313720703125000e+00
2.190000000000000000e+03 -2.931189060211181641e+00
2.191000000000000000e+03 -2.924114704132080078e+00
2.192000000000000000e+03 -2.905528068542480469e+00
2.193000000000000000e+03 -2.924798727035522461e+00
2.194000000000000000e+03 -2.934842824935913086e+00
2.195000000000000000e+03 -2.941739797592163086e+00
2.196000000000000000e+03 -2.933222293853759766e+00
2.197000000000000000e+03 -2.925226449966430664e+00
2.198000000000000000e+03 -2.933028697967529297e+00
2.199000000000000000e+03 -2.944368124008178711e+00
2.200000000000000000e+03 -2.907575130462646484e+00
2.201000000000000000e+03 -2.972406148910522461e+00
2.202000000000000000e+03 -2.939048528671264648e+00
2.203000000000000000e+03 -2.922123670578002930e+00
2.204000000000000000e+03 -2.981745243072509766e+00
2.205000000000000000e+03 -2.990405321121215820e+00
2.206000000000000000e+03 -2.967999219894409180e+00
2.207000000000000000e+03 -3.007071018218994141e+00
2.208000000000000000e+03 -3.005747795104980469e+00
2.209000000000000000e+03 -2.963619947433471680e+00
2.210000000000000000e+03 -3.021565437316894531e+00
2.211000000000000000e+03 -3.002705574035644531e+00
2.212000000000000000e+03 -2.993942260742187500e+00
2.213000000000000000e+03 -3.020777225494384766e+00
2.214000000000000000e+03 -3.016656398773193359e+00
2.215000000000000000e+03 -2.992963552474975586e+00
2.216000000000000000e+03 -2.991145610809326172e+00
2.217000000000000000e+03 -2.942779541015625000e+00
2.218000000000000000e+03 -3.009372711181640625e+00
2.219000000000000000e+03 -3.072036504745483398e+00
2.220000000000000000e+03 -3.010003089904785156e+00
2.221000000000000000e+03 -3.026328086853027344e+00
2.222000000000000000e+03 -2.968207359313964844e+00
2.223000000000000000e+03 -3.051225900650024414e+00
2.224000000000000000e+03 -3.004416704177856445e+00
2.225000000000000000e+03 -3.026360273361206055e+00
2.226000000000000000e+03 -3.003194570541381836e+00
2.227000000000000000e+03 -2.980673313140869141e+00
2.228000000000000000e+03 -3.028667211532592773e+00
2.229000000000000000e+03 -2.962572574615478516e+00
2.230000000000000000e+03 -2.982684612274169922e+00
2.231000000000000000e+03 -2.944826364517211914e+00
2.232000000000000000e+03 -2.944559574127197266e+00
2.233000000000000000e+03 -3.004379272460937500e+00
2.234000000000000000e+03 -2.970902681350708008e+00
2.235000000000000000e+03 -2.958015441894531250e+00
2.236000000000000000e+03 -2.998185396194458008e+00
2.237000000000000000e+03 -2.958881616592407227e+00
2.238000000000000000e+03 -2.936643123626708984e+00
2.239000000000000000e+03 -2.962182044982910156e+00
2.240000000000000000e+03 -2.984508752822875977e+00
2.241000000000000000e+03 -2.977872610092163086e+00
2.242000000000000000e+03 -2.968902587890625000e+00
2.243000000000000000e+03 -3.009135484695434570e+00
2.244000000000000000e+03 -3.030507802963256836e+00
2.245000000000000000e+03 -3.014344453811645508e+00
2.246000000000000000e+03 -2.968892812728881836e+00
2.247000000000000000e+03 -2.970312833786010742e+00
2.248000000000000000e+03 -2.956904411315917969e+00
2.249000000000000000e+03 -2.973030090332031250e+00
2.250000000000000000e+03 -2.967023372650146484e+00
2.251000000000000000e+03 -2.939473152160644531e+00
2.252000000000000000e+03 -2.921349763870239258e+00
2.253000000000000000e+03 -2.929335832595825195e+00
2.254000000000000000e+03 -2.954131364822387695e+00
2.255000000000000000e+03 -2.957448005676269531e+00
2.256000000000000000e+03 -2.984554290771484375e+00
2.257000000000000000e+03 -2.984983444213867188e+00
2.258000000000000000e+03 -2.998103618621826172e+00
2.259000000000000000e+03 -2.896114110946655273e+00
2.260000000000000000e+03 -2.910860061645507812e+00
2.261000000000000000e+03 -2.938949584960937500e+00
2.262000000000000000e+03 -2.900929212570190430e+00
2.263000000000000000e+03 -2.939070940017700195e+00
2.264000000000000000e+03 -2.922817707061767578e+00
2.265000000000000000e+03 -2.922009944915771484e+00
2.266000000000000000e+03 -2.883521318435668945e+00
2.267000000000000000e+03 -2.944580793380737305e+00
2.268000000000000000e+03 -2.924881458282470703e+00
2.269000000000000000e+03 -2.930669784545898438e+00
2.270000000000000000e+03 -2.919684171676635742e+00
2.271000000000000000e+03 -2.869836568832397461e+00
2.272000000000000000e+03 -2.930495023727416992e+00
2.273000000000000000e+03 -2.877578973770141602e+00
2.274000000000000000e+03 -2.890404939651489258e+00
2.275000000000000000e+03 -2.949031352996826172e+00
2.276000000000000000e+03 -2.882258892059326172e+00
2.277000000000000000e+03 -2.859413623809814453e+00
2.278000000000000000e+03 -2.829119205474853516e+00
2.279000000000000000e+03 -2.858547449111938477e+00
2.280000000000000000e+03 -2.896587371826171875e+00
2.281000000000000000e+03 -2.898485183715820312e+00
2.282000000000000000e+03 -2.931383371353149414e+00
2.283000000000000000e+03 -2.903100967407226562e+00
2.284000000000000000e+03 -2.929552078247070312e+00
2.285000000000000000e+03 -2.959558248519897461e+00
2.286000000000000000e+03 -2.927982330322265625e+00
2.287000000000000000e+03 -2.939515352249145508e+00
2.288000000000000000e+03 -2.944507598876953125e+00
2.289000000000000000e+03 -2.926024198532104492e+00
2.290000000000000000e+03 -2.901292800903320312e+00
2.291000000000000000e+03 -2.918423414230346680e+00
2.292000000000000000e+03 -2.941681623458862305e+00
2.293000000000000000e+03 -2.963809490203857422e+00
2.294000000000000000e+03 -2.904847621917724609e+00
2.295000000000000000e+03 -2.941833019256591797e+00
2.296000000000000000e+03 -2.919341087341308594e+00
2.297000000000000000e+03 -2.923352003097534180e+00
2.298000000000000000e+03 -2.929075717926025391e+00
2.299000000000000000e+03 -2.955176353454589844e+00
2.300000000000000000e+03 -2.907048225402832031e+00
2.301000000000000000e+03 -2.923730373382568359e+00
2.302000000000000000e+03 -2.869411468505859375e+00
2.303000000000000000e+03 -2.955913782119750977e+00
2.304000000000000000e+03 -2.915328025817871094e+00
2.305000000000000000e+03 -2.950641393661499023e+00
2.306000000000000000e+03 -2.934732437133789062e+00
2.307000000000000000e+03 -2.888180971145629883e+00
2.308000000000000000e+03 -2.904196262359619141e+00
2.309000000000000000e+03 -2.926923990249633789e+00
2.310000000000000000e+03 -2.944003820419311523e+00
2.311000000000000000e+03 -2.928016424179077148e+00
2.312000000000000000e+03 -2.926707983016967773e+00
2.313000000000000000e+03 -2.933378219604492188e+00
2.314000000000000000e+03 -2.968004703521728516e+00
2.315000000000000000e+03 -2.964778184890747070e+00
2.316000000000000000e+03 -2.952229976654052734e+00
2.317000000000000000e+03 -2.937754631042480469e+00
2.318000000000000000e+03 -2.938936233520507812e+00
2.319000000000000000e+03 -2.960047483444213867e+00
2.320000000000000000e+03 -2.962713718414306641e+00
2.321000000000000000e+03 -2.923154354095458984e+00
2.322000000000000000e+03 -2.936110019683837891e+00
2.323000000000000000e+03 -2.954982757568359375e+00
2.324000000000000000e+03 -2.970503091812133789e+00
2.325000000000000000e+03 -2.926603078842163086e+00
2.326000000000000000e+03 -2.963156223297119141e+00
2.327000000000000000e+03 -2.966078281402587891e+00
2.328000000000000000e+03 -3.000391244888305664e+00
2.329000000000000000e+03 -2.953292131423950195e+00
2.330000000000000000e+03 -2.966692686080932617e+00
2.331000000000000000e+03 -2.970374345779418945e+00
2.332000000000000000e+03 -2.940091371536254883e+00
2.333000000000000000e+03 -3.006079912185668945e+00
2.334000000000000000e+03 -2.991566419601440430e+00
2.335000000000000000e+03 -2.959590911865234375e+00
2.336000000000000000e+03 -2.957303047180175781e+00
2.337000000000000000e+03 -2.965954780578613281e+00
2.338000000000000000e+03 -2.926764249801635742e+00
2.339000000000000000e+03 -2.979402065277099609e+00
2.340000000000000000e+03 -2.950487136840820312e+00
2.341000000000000000e+03 -2.950322151184082031e+00
2.342000000000000000e+03 -2.896061182022094727e+00
2.343000000000000000e+03 -2.884547472000122070e+00
2.344000000000000000e+03 -2.860790729522705078e+00
2.345000000000000000e+03 -2.855795860290527344e+00
2.346000000000000000e+03 -2.885183334350585938e+00
2.347000000000000000e+03 -2.917942762374877930e+00
2.348000000000000000e+03 -2.861236810684204102e+00
2.349000000000000000e+03 -2.915771007537841797e+00
2.350000000000000000e+03 -2.886700153350830078e+00
2.351000000000000000e+03 -2.922637462615966797e+00
2.352000000000000000e+03 -2.933127403259277344e+00
2.353000000000000000e+03 -2.883831262588500977e+00
2.354000000000000000e+03 -2.922367572784423828e+00
2.355000000000000000e+03 -2.898883104324340820e+00
2.356000000000000000e+03 -2.922350168228149414e+00
2.357000000000000000e+03 -2.931581258773803711e+00
2.358000000000000000e+03 -2.952512741088867188e+00
2.359000000000000000e+03 -2.905839920043945312e+00
2.360000000000000000e+03 -2.883901596069335938e+00
2.361000000000000000e+03 -2.911134243011474609e+00
2.362000000000000000e+03 -2.919544219970703125e+00
2.363000000000000000e+03 -2.877357721328735352e+00
2.364000000000000000e+03 -2.894894599914550781e+00
2.365000000000000000e+03 -2.901562690734863281e+00
2.366000000000000000e+03 -2.851795196533203125e+00
2.367000000000000000e+03 -2.925388336181640625e+00
2.368000000000000000e+03 -2.894667625427246094e+00
2.369000000000000000e+03 -2.900971412658691406e+00
2.370000000000000000e+03 -2.898274421691894531e+00
2.371000000000000000e+03 -2.942777156829833984e+00
2.372000000000000000e+03 -2.951835632324218750e+00
2.373000000000000000e+03 -2.917400836944580078e+00
2.374000000000000000e+03 -2.930632114410400391e+00
2.375000000000000000e+03 -2.902351856231689453e+00
2.376000000000000000e+03 -2.890424728393554688e+00
2.377000000000000000e+03 -2.903464794158935547e+00
2.378000000000000000e+03 -2.944398641586303711e+00
2.379000000000000000e+03 -2.905365228652954102e+00
2.380000000000000000e+03 -2.961563348770141602e+00
2.381000000000000000e+03 -2.911234855651855469e+00
2.382000000000000000e+03 -2.935995817184448242e+00
2.383000000000000000e+03 -2.891943454742431641e+00
2.384000000000000000e+03 -2.910732984542846680e+00
2.385000000000000000e+03 -2.958751678466796875e+00
2.386000000000000000e+03 -2.908361196517944336e+00
2.387000000000000000e+03 -2.931193351745605469e+00
2.388000000000000000e+03 -2.899203300476074219e+00
2.389000000000000000e+03 -2.924821376800537109e+00
2.390000000000000000e+03 -2.936376333236694336e+00
2.391000000000000000e+03 -2.896187543869018555e+00
2.392000000000000000e+03 -2.903238773345947266e+00
2.393000000000000000e+03 -2.920342206954956055e+00
2.394000000000000000e+03 -2.916351318359375000e+00
2.395000000000000000e+03 -2.896644115447998047e+00
2.396000000000000000e+03 -2.934751033782958984e+00
2.397000000000000000e+03 -2.953866243362426758e+00
2.398000000000000000e+03 -2.900668382644653320e+00
2.399000000000000000e+03 -2.916988134384155273e+00
2.400000000000000000e+03 -2.933762788772583008e+00
2.401000000000000000e+03 -2.949223279953002930e+00
2.402000000000000000e+03 -2.937958955764770508e+00
2.403000000000000000e+03 -2.895289421081542969e+00
2.404000000000000000e+03 -2.934370279312133789e+00
2.405000000000000000e+03 -2.919111967086791992e+00
2.406000000000000000e+03 -2.896042108535766602e+00
2.407000000000000000e+03 -2.931575536727905273e+00
2.408000000000000000e+03 -2.901699066162109375e+00
2.409000000000000000e+03 -2.932886838912963867e+00
2.410000000000000000e+03 -2.913450002670288086e+00
2.411000000000000000e+03 -2.917706489562988281e+00
2.412000000000000000e+03 -2.940203905105590820e+00
2.413000000000000000e+03 -2.912333250045776367e+00
2.414000000000000000e+03 -2.893083095550537109e+00
2.415000000000000000e+03 -2.864856958389282227e+00
2.416000000000000000e+03 -2.894547224044799805e+00
2.417000000000000000e+03 -2.934595823287963867e+00
2.418000000000000000e+03 -2.881153821945190430e+00
2.419000000000000000e+03 -2.901232242584228516e+00
2.420000000000000000e+03 -2.921101093292236328e+00
2.421000000000000000e+03 -2.932154417037963867e+00
2.422000000000000000e+03 -2.917235612869262695e+00
2.423000000000000000e+03 -2.907852888107299805e+00
2.424000000000000000e+03 -2.939569950103759766e+00
2.425000000000000000e+03 -2.918774127960205078e+00
2.426000000000000000e+03 -2.975073337554931641e+00
2.427000000000000000e+03 -2.902466058731079102e+00
2.428000000000000000e+03 -2.911493539810180664e+00
2.429000000000000000e+03 -2.914772987365722656e+00
2.430000000000000000e+03 -2.934027910232543945e+00
2.431000000000000000e+03 -2.951291561126708984e+00
2.432000000000000000e+03 -2.940155982971191406e+00
2.433000000000000000e+03 -2.946694135665893555e+00
2.434000000000000000e+03 -2.913739919662475586e+00
2.435000000000000000e+03 -2.905068635940551758e+00
2.436000000000000000e+03 -2.955812454223632812e+00
2.437000000000000000e+03 -2.921839714050292969e+00
2.438000000000000000e+03 -2.931155443191528320e+00
2.439000000000000000e+03 -2.960058450698852539e+00
2.440000000000000000e+03 -2.965925455093383789e+00
2.441000000000000000e+03 -2.913462400436401367e+00
2.442000000000000000e+03 -2.937506437301635742e+00
2.443000000000000000e+03 -2.958251476287841797e+00
2.444000000000000000e+03 -2.920449733734130859e+00
2.445000000000000000e+03 -2.903829813003540039e+00
2.446000000000000000e+03 -2.914738655090332031e+00
2.447000000000000000e+03 -2.929158926010131836e+00
2.448000000000000000e+03 -2.900519847869873047e+00
2.449000000000000000e+03 -2.950544595718383789e+00
2.450000000000000000e+03 -2.959681034088134766e+00
2.451000000000000000e+03 -2.954930067062377930e+00
2.452000000000000000e+03 -2.947545051574707031e+00
2.453000000000000000e+03 -2.898885011672973633e+00
2.454000000000000000e+03 -2.912904500961303711e+00
2.455000000000000000e+03 -2.903497457504272461e+00
2.456000000000000000e+03 -2.925272703170776367e+00
2.457000000000000000e+03 -2.931117057800292969e+00
2.458000000000000000e+03 -2.915850639343261719e+00
2.459000000000000000e+03 -2.959308385848999023e+00
2.460000000000000000e+03 -2.888137340545654297e+00
2.461000000000000000e+03 -2.917301654815673828e+00
2.462000000000000000e+03 -2.864092826843261719e+00
2.463000000000000000e+03 -2.888852119445800781e+00
2.464000000000000000e+03 -2.953535318374633789e+00
2.465000000000000000e+03 -2.956832170486450195e+00
2.466000000000000000e+03 -2.990553617477416992e+00
2.467000000000000000e+03 -3.024063110351562500e+00
2.468000000000000000e+03 -2.940304994583129883e+00
2.469000000000000000e+03 -2.953275203704833984e+00
2.470000000000000000e+03 -2.952150821685791016e+00
2.471000000000000000e+03 -2.908161401748657227e+00
2.472000000000000000e+03 -2.915892601013183594e+00
2.473000000000000000e+03 -2.878930807113647461e+00
2.474000000000000000e+03 -2.909250736236572266e+00
2.475000000000000000e+03 -2.874066591262817383e+00
2.476000000000000000e+03 -2.866689920425415039e+00
2.477000000000000000e+03 -2.869200468063354492e+00
2.478000000000000000e+03 -2.880621910095214844e+00
2.479000000000000000e+03 -2.840405464172363281e+00
2.480000000000000000e+03 -2.920542001724243164e+00
2.481000000000000000e+03 -2.893539667129516602e+00
2.482000000000000000e+03 -2.922497987747192383e+00
2.483000000000000000e+03 -2.877905845642089844e+00
2.484000000000000000e+03 -2.893090248107910156e+00
2.485000000000000000e+03 -2.884316205978393555e+00
2.486000000000000000e+03 -2.892414808273315430e+00
2.487000000000000000e+03 -2.899418830871582031e+00
2.488000000000000000e+03 -2.885955333709716797e+00
2.489000000000000000e+03 -2.923112869262695312e+00
2.490000000000000000e+03 -2.976524353027343750e+00
2.491000000000000000e+03 -2.918672561645507812e+00
2.492000000000000000e+03 -2.930390357971191406e+00
2.493000000000000000e+03 -2.936569452285766602e+00
2.494000000000000000e+03 -2.917727231979370117e+00
2.495000000000000000e+03 -2.936261415481567383e+00
2.496000000000000000e+03 -2.937215805053710938e+00
2.497000000000000000e+03 -2.933595418930053711e+00
2.498000000000000000e+03 -2.964840888977050781e+00
2.499000000000000000e+03 -2.928880214691162109e+00
2.500000000000000000e+03 -2.928824424743652344e+00
2.501000000000000000e+03 -2.901436090469360352e+00
2.502000000000000000e+03 -2.892217397689819336e+00
2.503000000000000000e+03 -2.889124393463134766e+00
2.504000000000000000e+03 -2.840488433837890625e+00
2.505000000000000000e+03 -2.904740095138549805e+00
2.506000000000000000e+03 -2.927551746368408203e+00
2.507000000000000000e+03 -2.921966552734375000e+00
2.508000000000000000e+03 -2.901318788528442383e+00
2.509000000000000000e+03 -2.864996194839477539e+00
2.510000000000000000e+03 -2.921908617019653320e+00
2.511000000000000000e+03 -2.925370693206787109e+00
2.512000000000000000e+03 -2.935396432876586914e+00
2.513000000000000000e+03 -2.927801370620727539e+00
2.514000000000000000e+03 -2.922952175140380859e+00
2.515000000000000000e+03 -2.941748857498168945e+00
2.516000000000000000e+03 -2.964078664779663086e+00
2.517000000000000000e+03 -2.953004598617553711e+00
2.518000000000000000e+03 -2.921284675598144531e+00
2.519000000000000000e+03 -2.872497081756591797e+00
2.520000000000000000e+03 -2.860771417617797852e+00
2.521000000000000000e+03 -2.915412902832031250e+00
2.522000000000000000e+03 -2.938642263412475586e+00
2.523000000000000000e+03 -2.927769184112548828e+00
2.524000000000000000e+03 -2.896908521652221680e+00
2.525000000000000000e+03 -2.926905870437622070e+00
2.526000000000000000e+03 -2.930299520492553711e+00
2.527000000000000000e+03 -2.923760414123535156e+00
2.528000000000000000e+03 -2.852341175079345703e+00
2.529000000000000000e+03 -2.864153623580932617e+00
2.530000000000000000e+03 -2.898672819137573242e+00
2.531000000000000000e+03 -2.897017717361450195e+00
2.532000000000000000e+03 -2.893902778625488281e+00
2.533000000000000000e+03 -2.907219171524047852e+00
2.534000000000000000e+03 -2.919279813766479492e+00
2.535000000000000000e+03 -2.914898395538330078e+00
2.536000000000000000e+03 -2.894133329391479492e+00
2.537000000000000000e+03 -2.912536144256591797e+00
2.538000000000000000e+03 -2.847446680068969727e+00
2.539000000000000000e+03 -2.950160741806030273e+00
2.540000000000000000e+03 -2.898005723953247070e+00
2.541000000000000000e+03 -2.900432586669921875e+00
2.542000000000000000e+03 -2.940464019775390625e+00
2.543000000000000000e+03 -2.885453462600708008e+00
2.544000000000000000e+03 -2.881465435028076172e+00
2.545000000000000000e+03 -2.924849987030029297e+00
2.546000000000000000e+03 -2.880662918090820312e+00
2.547000000000000000e+03 -2.857697010040283203e+00
2.548000000000000000e+03 -2.910990238189697266e+00
2.549000000000000000e+03 -2.925331115722656250e+00
2.550000000000000000e+03 -2.885755538940429688e+00
2.551000000000000000e+03 -2.942821741104125977e+00
2.552000000000000000e+03 -2.907742261886596680e+00
2.553000000000000000e+03 -2.849406480789184570e+00
2.554000000000000000e+03 -2.887578487396240234e+00
2.555000000000000000e+03 -2.848512649536132812e+00
2.556000000000000000e+03 -2.898706674575805664e+00
2.557000000000000000e+03 -2.831907749176025391e+00
2.558000000000000000e+03 -2.853897333145141602e+00
2.559000000000000000e+03 -2.832593679428100586e+00
2.560000000000000000e+03 -2.886465072631835938e+00
2.561000000000000000e+03 -2.855484485626220703e+00
2.562000000000000000e+03 -2.876494884490966797e+00
2.563000000000000000e+03 -2.852366924285888672e+00
2.564000000000000000e+03 -2.840025901794433594e+00
2.565000000000000000e+03 -2.863215684890747070e+00
2.566000000000000000e+03 -2.890641212463378906e+00
2.567000000000000000e+03 -2.877738237380981445e+00
2.568000000000000000e+03 -2.907100677490234375e+00
2.569000000000000000e+03 -2.847737550735473633e+00
2.570000000000000000e+03 -2.924443721771240234e+00
2.571000000000000000e+03 -2.891637325286865234e+00
2.572000000000000000e+03 -2.905073404312133789e+00
2.573000000000000000e+03 -2.915400981903076172e+00
2.574000000000000000e+03 -2.906901836395263672e+00
2.575000000000000000e+03 -2.939091205596923828e+00
2.576000000000000000e+03 -2.907863378524780273e+00
2.577000000000000000e+03 -2.914171218872070312e+00
2.578000000000000000e+03 -2.897963047027587891e+00
2.579000000000000000e+03 -2.977959871292114258e+00
2.580000000000000000e+03 -2.999757051467895508e+00
2.581000000000000000e+03 -2.911837100982666016e+00
2.582000000000000000e+03 -2.993687629699707031e+00
2.583000000000000000e+03 -2.940788030624389648e+00
2.584000000000000000e+03 -2.949633598327636719e+00
2.585000000000000000e+03 -2.920902729034423828e+00
2.586000000000000000e+03 -2.945541858673095703e+00
2.587000000000000000e+03 -2.912159919738769531e+00
2.588000000000000000e+03 -2.868975877761840820e+00
2.589000000000000000e+03 -2.926818132400512695e+00
2.590000000000000000e+03 -2.892831802368164062e+00
2.591000000000000000e+03 -2.867242336273193359e+00
2.592000000000000000e+03 -2.867439508438110352e+00
2.593000000000000000e+03 -2.924345731735229492e+00
2.594000000000000000e+03 -2.909706354141235352e+00
2.595000000000000000e+03 -2.927907228469848633e+00
2.596000000000000000e+03 -2.913035869598388672e+00
2.597000000000000000e+03 -2.954728841781616211e+00
2.598000000000000000e+03 -2.910750865936279297e+00
2.599000000000000000e+03 -2.925200939178466797e+00
2.600000000000000000e+03 -2.896602869033813477e+00
2.601000000000000000e+03 -2.932836771011352539e+00
2.602000000000000000e+03 -2.929593086242675781e+00
2.603000000000000000e+03 -2.972416877746582031e+00
2.604000000000000000e+03 -2.946133136749267578e+00
2.605000000000000000e+03 -2.933198451995849609e+00
2.606000000000000000e+03 -2.959828138351440430e+00
2.607000000000000000e+03 -2.930533170700073242e+00
2.608000000000000000e+03 -2.889772415161132812e+00
2.609000000000000000e+03 -2.895994186401367188e+00
2.610000000000000000e+03 -2.954527139663696289e+00
2.611000000000000000e+03 -2.901524782180786133e+00
2.612000000000000000e+03 -2.899624347686767578e+00
2.613000000000000000e+03 -2.910770654678344727e+00
2.614000000000000000e+03 -2.874116420745849609e+00
2.615000000000000000e+03 -2.883656978607177734e+00
2.616000000000000000e+03 -2.884907484054565430e+00
2.617000000000000000e+03 -2.829218864440917969e+00
2.618000000000000000e+03 -2.869909286499023438e+00
2.619000000000000000e+03 -2.874563217163085938e+00
2.620000000000000000e+03 -2.935145378112792969e+00
2.621000000000000000e+03 -2.895954847335815430e+00
2.622000000000000000e+03 -2.881607055664062500e+00
2.623000000000000000e+03 -2.887064933776855469e+00
2.624000000000000000e+03 -2.877496957778930664e+00
2.625000000000000000e+03 -2.939950942993164062e+00
2.626000000000000000e+03 -2.939189434051513672e+00
2.627000000000000000e+03 -2.939890146255493164e+00
2.628000000000000000e+03 -2.946950674057006836e+00
2.629000000000000000e+03 -3.002727508544921875e+00
2.630000000000000000e+03 -2.949618816375732422e+00
2.631000000000000000e+03 -2.913929462432861328e+00
2.632000000000000000e+03 -2.912201404571533203e+00
2.633000000000000000e+03 -2.908549785614013672e+00
2.634000000000000000e+03 -2.847032546997070312e+00
2.635000000000000000e+03 -2.921933174133300781e+00
2.636000000000000000e+03 -2.948665618896484375e+00
2.637000000000000000e+03 -2.884038448333740234e+00
2.638000000000000000e+03 -2.904920339584350586e+00
2.639000000000000000e+03 -2.944452047348022461e+00
2.640000000000000000e+03 -2.944549083709716797e+00
2.641000000000000000e+03 -2.945639371871948242e+00
2.642000000000000000e+03 -2.901956796646118164e+00
2.643000000000000000e+03 -2.883753538131713867e+00
2.644000000000000000e+03 -2.898223638534545898e+00
2.645000000000000000e+03 -2.901353836059570312e+00
2.646000000000000000e+03 -2.924081325531005859e+00
2.647000000000000000e+03 -2.945805072784423828e+00
2.648000000000000000e+03 -2.966213226318359375e+00
2.649000000000000000e+03 -2.917810916900634766e+00
2.650000000000000000e+03 -2.904060363769531250e+00
2.651000000000000000e+03 -2.863213062286376953e+00
2.652000000000000000e+03 -2.932635545730590820e+00
2.653000000000000000e+03 -2.939650297164916992e+00
2.654000000000000000e+03 -2.902056217193603516e+00
2.655000000000000000e+03 -2.869742393493652344e+00
2.656000000000000000e+03 -2.909204721450805664e+00
2.657000000000000000e+03 -2.939575910568237305e+00
2.658000000000000000e+03 -2.940135002136230469e+00
2.659000000000000000e+03 -2.917001962661743164e+00
2.660000000000000000e+03 -2.931284189224243164e+00
2.661000000000000000e+03 -2.932861089706420898e+00
2.662000000000000000e+03 -2.871557474136352539e+00
2.663000000000000000e+03 -2.912785291671752930e+00
2.664000000000000000e+03 -2.923609733581542969e+00
2.665000000000000000e+03 -2.879449367523193359e+00
2.666000000000000000e+03 -2.925431728363037109e+00
2.667000000000000000e+03 -2.927531003952026367e+00
2.668000000000000000e+03 -2.889086008071899414e+00
2.669000000000000000e+03 -2.876224517822265625e+00
2.670000000000000000e+03 -2.922060966491699219e+00
2.671000000000000000e+03 -2.889166355133056641e+00
2.672000000000000000e+03 -2.887593507766723633e+00
2.673000000000000000e+03 -2.914066314697265625e+00
2.674000000000000000e+03 -2.925605297088623047e+00
2.675000000000000000e+03 -2.888788700103759766e+00
2.676000000000000000e+03 -2.952515125274658203e+00
2.677000000000000000e+03 -2.965825557708740234e+00
2.678000000000000000e+03 -2.969191551208496094e+00
2.679000000000000000e+03 -2.997001647949218750e+00
2.680000000000000000e+03 -2.911383628845214844e+00
2.681000000000000000e+03 -2.886276245117187500e+00
2.682000000000000000e+03 -2.875532865524291992e+00
2.683000000000000000e+03 -2.960558891296386719e+00
2.684000000000000000e+03 -2.986804485321044922e+00
2.685000000000000000e+03 -2.952360630035400391e+00
2.686000000000000000e+03 -3.002699136734008789e+00
2.687000000000000000e+03 -2.957468986511230469e+00
2.688000000000000000e+03 -2.914228200912475586e+00
2.689000000000000000e+03 -2.930194616317749023e+00
2.690000000000000000e+03 -2.972057580947875977e+00
2.691000000000000000e+03 -2.952943086624145508e+00
2.692000000000000000e+03 -2.942186355590820312e+00
2.693000000000000000e+03 -2.891381502151489258e+00
2.694000000000000000e+03 -2.975064754486083984e+00
2.695000000000000000e+03 -2.994403362274169922e+00
2.696000000000000000e+03 -2.997221469879150391e+00
2.697000000000000000e+03 -2.981088399887084961e+00
2.698000000000000000e+03 -2.985988616943359375e+00
2.699000000000000000e+03 -2.930221796035766602e+00
2.700000000000000000e+03 -2.940232992172241211e+00
2.701000000000000000e+03 -2.920152425765991211e+00
2.702000000000000000e+03 -2.920744180679321289e+00
2.703000000000000000e+03 -2.965509414672851562e+00
2.704000000000000000e+03 -2.955486536026000977e+00
2.705000000000000000e+03 -2.948546886444091797e+00
2.706000000000000000e+03 -2.918458700180053711e+00
2.707000000000000000e+03 -2.950445652008056641e+00
2.708000000000000000e+03 -2.964032888412475586e+00
2.709000000000000000e+03 -2.932215929031372070e+00
2.710000000000000000e+03 -2.903927087783813477e+00
2.711000000000000000e+03 -2.894989728927612305e+00
2.712000000000000000e+03 -2.927379608154296875e+00
2.713000000000000000e+03 -2.928553819656372070e+00
2.714000000000000000e+03 -2.900157928466796875e+00
2.715000000000000000e+03 -2.901645183563232422e+00
2.716000000000000000e+03 -2.934549570083618164e+00
2.717000000000000000e+03 -2.964723587036132812e+00
2.718000000000000000e+03 -2.985989332199096680e+00
2.719000000000000000e+03 -2.909220695495605469e+00
2.720000000000000000e+03 -2.949811220169067383e+00
2.721000000000000000e+03 -2.943727970123291016e+00
2.722000000000000000e+03 -2.937174081802368164e+00
2.723000000000000000e+03 -2.945052146911621094e+00
2.724000000000000000e+03 -2.906979799270629883e+00
2.725000000000000000e+03 -2.973278284072875977e+00
2.726000000000000000e+03 -2.966574907302856445e+00
2.727000000000000000e+03 -2.918022632598876953e+00
2.728000000000000000e+03 -2.959223031997680664e+00
2.729000000000000000e+03 -2.985017299652099609e+00
2.730000000000000000e+03 -3.032931566238403320e+00
2.731000000000000000e+03 -2.917927980422973633e+00
2.732000000000000000e+03 -2.905023336410522461e+00
2.733000000000000000e+03 -2.946171522140502930e+00
2.734000000000000000e+03 -2.908538341522216797e+00
2.735000000000000000e+03 -2.922969818115234375e+00
2.736000000000000000e+03 -2.885174751281738281e+00
2.737000000000000000e+03 -2.871084213256835938e+00
2.738000000000000000e+03 -2.915313005447387695e+00
2.739000000000000000e+03 -2.945981025695800781e+00
2.740000000000000000e+03 -2.902557373046875000e+00
2.741000000000000000e+03 -2.932995557785034180e+00
2.742000000000000000e+03 -2.937874794006347656e+00
2.743000000000000000e+03 -2.863494396209716797e+00
2.744000000000000000e+03 -2.950274229049682617e+00
2.745000000000000000e+03 -2.925457000732421875e+00
2.746000000000000000e+03 -2.960481643676757812e+00
2.747000000000000000e+03 -2.890317201614379883e+00
2.748000000000000000e+03 -2.906853199005126953e+00
2.749000000000000000e+03 -2.903217792510986328e+00
2.750000000000000000e+03 -2.896025419235229492e+00
2.751000000000000000e+03 -2.911096811294555664e+00
2.752000000000000000e+03 -2.900171756744384766e+00
2.753000000000000000e+03 -2.900394439697265625e+00
2.754000000000000000e+03 -2.868247747421264648e+00
2.755000000000000000e+03 -2.886072397232055664e+00
2.756000000000000000e+03 -2.916696548461914062e+00
2.757000000000000000e+03 -2.917425632476806641e+00
2.758000000000000000e+03 -2.892364501953125000e+00
2.759000000000000000e+03 -2.858461856842041016e+00
2.760000000000000000e+03 -2.866539716720581055e+00
2.761000000000000000e+03 -2.866957187652587891e+00
2.762000000000000000e+03 -2.896064519882202148e+00
2.763000000000000000e+03 -2.864073276519775391e+00
2.764000000000000000e+03 -2.896709442138671875e+00
2.765000000000000000e+03 -2.889046669006347656e+00
2.766000000000000000e+03 -2.864120244979858398e+00
2.767000000000000000e+03 -2.898676633834838867e+00
2.768000000000000000e+03 -2.927019834518432617e+00
2.769000000000000000e+03 -2.899487257003784180e+00
2.770000000000000000e+03 -2.869020938873291016e+00
2.771000000000000000e+03 -2.823465108871459961e+00
2.772000000000000000e+03 -2.884027004241943359e+00
2.773000000000000000e+03 -2.879253625869750977e+00
2.774000000000000000e+03 -2.865952968597412109e+00
2.775000000000000000e+03 -2.861496210098266602e+00
2.776000000000000000e+03 -2.879468917846679688e+00
2.777000000000000000e+03 -2.875801801681518555e+00
2.778000000000000000e+03 -2.868964433670043945e+00
2.779000000000000000e+03 -2.826201915740966797e+00
2.780000000000000000e+03 -2.911227464675903320e+00
2.781000000000000000e+03 -2.868533372879028320e+00
2.782000000000000000e+03 -2.916630506515502930e+00
2.783000000000000000e+03 -2.926362752914428711e+00
2.784000000000000000e+03 -2.892904281616210938e+00
2.785000000000000000e+03 -2.914227247238159180e+00
2.786000000000000000e+03 -2.904581308364868164e+00
2.787000000000000000e+03 -2.937868118286132812e+00
2.788000000000000000e+03 -2.907993793487548828e+00
2.789000000000000000e+03 -3.003394126892089844e+00
2.790000000000000000e+03 -2.950448274612426758e+00
2.791000000000000000e+03 -2.961314201354980469e+00
2.792000000000000000e+03 -2.920998334884643555e+00
2.793000000000000000e+03 -2.933667182922363281e+00
2.794000000000000000e+03 -2.942880153656005859e+00
2.795000000000000000e+03 -2.950726747512817383e+00
2.796000000000000000e+03 -2.939935207366943359e+00
2.797000000000000000e+03 -2.907076120376586914e+00
2.798000000000000000e+03 -2.948479175567626953e+00
2.799000000000000000e+03 -2.953991413116455078e+00
2.800000000000000000e+03 -2.941228628158569336e+00
2.801000000000000000e+03 -2.944099664688110352e+00
2.802000000000000000e+03 -2.977326393127441406e+00
2.803000000000000000e+03 -2.941273689270019531e+00
2.804000000000000000e+03 -2.949746370315551758e+00
2.805000000000000000e+03 -2.932015895843505859e+00
2.806000000000000000e+03 -2.960509300231933594e+00
2.807000000000000000e+03 -2.968100786209106445e+00
2.808000000000000000e+03 -2.953065156936645508e+00
2.809000000000000000e+03 -2.952953338623046875e+00
2.810000000000000000e+03 -2.923011064529418945e+00
2.811000000000000000e+03 -2.930410385131835938e+00
2.812000000000000000e+03 -2.935168504714965820e+00
2.813000000000000000e+03 -2.868190765380859375e+00
2.814000000000000000e+03 -2.910346508026123047e+00
2.815000000000000000e+03 -2.889942169189453125e+00
2.816000000000000000e+03 -2.945792198181152344e+00
2.817000000000000000e+03 -2.944827556610107422e+00
2.818000000000000000e+03 -2.913644790649414062e+00
2.819000000000000000e+03 -2.981367588043212891e+00
2.820000000000000000e+03 -2.939812183380126953e+00
2.821000000000000000e+03 -2.869401693344116211e+00
2.822000000000000000e+03 -2.855472087860107422e+00
2.823000000000000000e+03 -2.913949966430664062e+00
2.824000000000000000e+03 -2.916464805603027344e+00
2.825000000000000000e+03 -2.902759075164794922e+00
2.826000000000000000e+03 -2.924006700515747070e+00
2.827000000000000000e+03 -2.974908828735351562e+00
2.828000000000000000e+03 -2.925378561019897461e+00
2.829000000000000000e+03 -2.931241273880004883e+00
2.830000000000000000e+03 -2.931180953979492188e+00
2.831000000000000000e+03 -2.904788970947265625e+00
2.832000000000000000e+03 -2.941267251968383789e+00
2.833000000000000000e+03 -2.954125642776489258e+00
2.834000000000000000e+03 -2.946295261383056641e+00
2.835000000000000000e+03 -2.959185838699340820e+00
2.836000000000000000e+03 -2.946867465972900391e+00
2.837000000000000000e+03 -2.932606458663940430e+00
2.838000000000000000e+03 -2.903211593627929688e+00
2.839000000000000000e+03 -2.943876266479492188e+00
2.840000000000000000e+03 -2.972965240478515625e+00
2.841000000000000000e+03 -2.967887878417968750e+00
2.842000000000000000e+03 -2.966908693313598633e+00
2.843000000000000000e+03 -2.940975666046142578e+00
2.844000000000000000e+03 -2.963441610336303711e+00
2.845000000000000000e+03 -2.965007305145263672e+00
2.846000000000000000e+03 -2.957059383392333984e+00
2.847000000000000000e+03 -2.997250795364379883e+00
2.848000000000000000e+03 -2.933506965637207031e+00
2.849000000000000000e+03 -2.936969518661499023e+00
2.850000000000000000e+03 -2.953236818313598633e+00
2.851000000000000000e+03 -2.949244499206542969e+00
2.852000000000000000e+03 -2.916189432144165039e+00
2.853000000000000000e+03 -2.897261381149291992e+00
2.854000000000000000e+03 -2.906354427337646484e+00
2.855000000000000000e+03 -2.889168739318847656e+00
2.856000000000000000e+03 -2.956297159194946289e+00
2.857000000000000000e+03 -2.909406661987304688e+00
2.858000000000000000e+03 -2.905819177627563477e+00
2.859000000000000000e+03 -2.873872518539428711e+00
2.860000000000000000e+03 -2.897245168685913086e+00
2.861000000000000000e+03 -2.865403890609741211e+00
2.862000000000000000e+03 -2.896875381469726562e+00
2.863000000000000000e+03 -2.882382154464721680e+00
2.864000000000000000e+03 -2.901332378387451172e+00
2.865000000000000000e+03 -2.940810918807983398e+00
2.866000000000000000e+03 -2.908399105072021484e+00
2.867000000000000000e+03 -2.931529283523559570e+00
2.868000000000000000e+03 -2.890937089920043945e+00
2.869000000000000000e+03 -2.941150903701782227e+00
2.870000000000000000e+03 -2.913524389266967773e+00
2.871000000000000000e+03 -2.909863710403442383e+00
2.872000000000000000e+03 -2.865565299987792969e+00
2.873000000000000000e+03 -2.842840194702148438e+00
2.874000000000000000e+03 -2.903189897537231445e+00
2.875000000000000000e+03 -2.891868591308593750e+00
2.876000000000000000e+03 -2.882326126098632812e+00
2.877000000000000000e+03 -2.873773336410522461e+00
2.878000000000000000e+03 -2.897211551666259766e+00
2.879000000000000000e+03 -2.891003370285034180e+00
2.880000000000000000e+03 -2.853225469589233398e+00
2.881000000000000000e+03 -2.961420536041259766e+00
2.882000000000000000e+03 -2.917544841766357422e+00
2.883000000000000000e+03 -2.901800632476806641e+00
2.884000000000000000e+03 -2.912373065948486328e+00
2.885000000000000000e+03 -2.896444320678710938e+00
2.886000000000000000e+03 -2.943762779235839844e+00
2.887000000000000000e+03 -2.915119647979736328e+00
2.888000000000000000e+03 -2.870333671569824219e+00
2.889000000000000000e+03 -2.850880622863769531e+00
2.890000000000000000e+03 -2.887774944305419922e+00
2.891000000000000000e+03 -2.860957860946655273e+00
2.892000000000000000e+03 -2.867700815200805664e+00
2.893000000000000000e+03 -2.851234197616577148e+00
2.894000000000000000e+03 -2.881198644638061523e+00
2.895000000000000000e+03 -2.920019149780273438e+00
2.896000000000000000e+03 -2.888700962066650391e+00
2.897000000000000000e+03 -2.892793655395507812e+00
2.898000000000000000e+03 -2.874201774597167969e+00
2.899000000000000000e+03 -2.850301742553710938e+00
2.900000000000000000e+03 -2.844451427459716797e+00
2.901000000000000000e+03 -2.825390100479125977e+00
2.902000000000000000e+03 -2.835347414016723633e+00
2.903000000000000000e+03 -2.895565509796142578e+00
2.904000000000000000e+03 -2.909571170806884766e+00
2.905000000000000000e+03 -2.872389554977416992e+00
2.906000000000000000e+03 -2.946152210235595703e+00
2.907000000000000000e+03 -2.910831212997436523e+00
2.908000000000000000e+03 -2.942612886428833008e+00
2.909000000000000000e+03 -2.953879594802856445e+00
2.910000000000000000e+03 -2.932199001312255859e+00
2.911000000000000000e+03 -2.913175106048583984e+00
2.912000000000000000e+03 -2.953907728195190430e+00
2.913000000000000000e+03 -2.929990530014038086e+00
2.914000000000000000e+03 -2.926316022872924805e+00
2.915000000000000000e+03 -2.938446044921875000e+00
2.916000000000000000e+03 -2.915132761001586914e+00
2.917000000000000000e+03 -2.904664516448974609e+00
2.918000000000000000e+03 -2.948139190673828125e+00
2.919000000000000000e+03 -2.893507957458496094e+00
2.920000000000000000e+03 -2.899013280868530273e+00
2.921000000000000000e+03 -2.930635690689086914e+00
2.922000000000000000e+03 -2.953227519989013672e+00
2.923000000000000000e+03 -2.916217803955078125e+00
2.924000000000000000e+03 -2.936539173126220703e+00
2.925000000000000000e+03 -2.932341814041137695e+00
2.926000000000000000e+03 -2.917318582534790039e+00
2.927000000000000000e+03 -2.907199859619140625e+00
2.928000000000000000e+03 -2.913668632507324219e+00
2.929000000000000000e+03 -2.938738346099853516e+00
2.930000000000000000e+03 -2.905053615570068359e+00
2.931000000000000000e+03 -2.921332597732543945e+00
2.932000000000000000e+03 -2.901015281677246094e+00
2.933000000000000000e+03 -2.939383268356323242e+00
2.934000000000000000e+03 -2.900305986404418945e+00
2.935000000000000000e+03 -2.930635929107666016e+00
2.936000000000000000e+03 -2.878244638442993164e+00
2.937000000000000000e+03 -2.898901700973510742e+00
2.938000000000000000e+03 -2.913460969924926758e+00
2.939000000000000000e+03 -2.955596685409545898e+00
2.940000000000000000e+03 -2.919901371002197266e+00
2.941000000000000000e+03 -2.930943012237548828e+00
2.942000000000000000e+03 -2.952276468276977539e+00
2.943000000000000000e+03 -2.896180152893066406e+00
2.944000000000000000e+03 -2.913498163223266602e+00
2.945000000000000000e+03 -2.868251323699951172e+00
2.946000000000000000e+03 -2.865737199783325195e+00
2.947000000000000000e+03 -2.918722152709960938e+00
2.948000000000000000e+03 -2.860750436782836914e+00
2.949000000000000000e+03 -2.849358320236206055e+00
2.950000000000000000e+03 -2.866018295288085938e+00
2.951000000000000000e+03 -2.837216854095458984e+00
2.952000000000000000e+03 -2.878591060638427734e+00
2.953000000000000000e+03 -2.882748842239379883e+00
2.954000000000000000e+03 -2.887359142303466797e+00
2.955000000000000000e+03 -2.848884105682373047e+00
2.956000000000000000e+03 -2.863888025283813477e+00
2.957000000000000000e+03 -2.892991781234741211e+00
2.958000000000000000e+03 -2.903043985366821289e+00
2.959000000000000000e+03 -2.889222145080566406e+00
2.960000000000000000e+03 -2.903636693954467773e+00
2.961000000000000000e+03 -2.865425109863281250e+00
2.962000000000000000e+03 -2.869217395782470703e+00
2.963000000000000000e+03 -2.834685087203979492e+00
2.964000000000000000e+03 -2.846633195877075195e+00
2.965000000000000000e+03 -2.898064613342285156e+00
2.966000000000000000e+03 -2.858390092849731445e+00
2.967000000000000000e+03 -2.858956336975097656e+00
2.968000000000000000e+03 -2.902579069137573242e+00
2.969000000000000000e+03 -2.877786397933959961e+00
2.970000000000000000e+03 -2.894185781478881836e+00
2.971000000000000000e+03 -2.901002407073974609e+00
2.972000000000000000e+03 -2.882205486297607422e+00
2.973000000000000000e+03 -2.888926744461059570e+00
2.974000000000000000e+03 -2.875968933105468750e+00
2.975000000000000000e+03 -2.861544370651245117e+00
2.976000000000000000e+03 -2.876863479614257812e+00
2.977000000000000000e+03 -2.899107694625854492e+00
2.978000000000000000e+03 -2.911372184753417969e+00
2.979000000000000000e+03 -2.875309944152832031e+00
2.980000000000000000e+03 -2.857254981994628906e+00
2.981000000000000000e+03 -2.885557651519775391e+00
2.982000000000000000e+03 -2.895908355712890625e+00
2.983000000000000000e+03 -2.864337921142578125e+00
2.984000000000000000e+03 -2.919161558151245117e+00
2.985000000000000000e+03 -2.865416049957275391e+00
2.986000000000000000e+03 -2.889245986938476562e+00
2.987000000000000000e+03 -2.865362405776977539e+00
2.988000000000000000e+03 -2.892822265625000000e+00
2.989000000000000000e+03 -2.871533393859863281e+00
2.990000000000000000e+03 -2.862476110458374023e+00
2.991000000000000000e+03 -2.895295381546020508e+00
2.992000000000000000e+03 -2.848349571228027344e+00
2.993000000000000000e+03 -2.907713651657104492e+00
2.994000000000000000e+03 -2.869176626205444336e+00
2.995000000000000000e+03 -2.840896844863891602e+00
2.996000000000000000e+03 -2.887389183044433594e+00
2.997000000000000000e+03 -2.893262624740600586e+00
2.998000000000000000e+03 -2.891499519348144531e+00
2.999000000000000000e+03 -2.871559143066406250e+00
3.000000000000000000e+03 -2.892625331878662109e+00
3.001000000000000000e+03 -2.895481824874877930e+00
3.002000000000000000e+03 -2.895219087600708008e+00
3.003000000000000000e+03 -2.906430006027221680e+00
3.004000000000000000e+03 -2.884515762329101562e+00
3.005000000000000000e+03 -2.873651027679443359e+00
3.006000000000000000e+03 -2.902273416519165039e+00
3.007000000000000000e+03 -2.865657329559326172e+00
3.008000000000000000e+03 -2.862972259521484375e+00
3.009000000000000000e+03 -2.840908050537109375e+00
3.010000000000000000e+03 -2.861242294311523438e+00
3.011000000000000000e+03 -2.812576055526733398e+00
3.012000000000000000e+03 -2.850366830825805664e+00
3.013000000000000000e+03 -2.841780662536621094e+00
3.014000000000000000e+03 -2.829059600830078125e+00
3.015000000000000000e+03 -2.904896974563598633e+00
3.016000000000000000e+03 -2.858707427978515625e+00
3.017000000000000000e+03 -2.848493337631225586e+00
3.018000000000000000e+03 -2.892525672912597656e+00
3.019000000000000000e+03 -2.872719526290893555e+00
3.020000000000000000e+03 -2.872690677642822266e+00
3.021000000000000000e+03 -2.913572549819946289e+00
3.022000000000000000e+03 -2.872353553771972656e+00
3.023000000000000000e+03 -2.889619827270507812e+00
3.024000000000000000e+03 -2.916443824768066406e+00
3.025000000000000000e+03 -2.905143499374389648e+00
3.026000000000000000e+03 -2.879842996597290039e+00
3.027000000000000000e+03 -2.870751380920410156e+00
3.028000000000000000e+03 -2.884080410003662109e+00
3.029000000000000000e+03 -2.889559507369995117e+00
3.030000000000000000e+03 -2.857383489608764648e+00
3.031000000000000000e+03 -2.898316860198974609e+00
3.032000000000000000e+03 -2.863029479980468750e+00
3.033000000000000000e+03 -2.911261081695556641e+00
3.034000000000000000e+03 -2.890457153320312500e+00
3.035000000000000000e+03 -2.921761035919189453e+00
3.036000000000000000e+03 -2.890193223953247070e+00
3.037000000000000000e+03 -2.900010824203491211e+00
3.038000000000000000e+03 -2.926518440246582031e+00
3.039000000000000000e+03 -2.904716968536376953e+00
3.040000000000000000e+03 -2.878990650177001953e+00
3.041000000000000000e+03 -2.932830810546875000e+00
3.042000000000000000e+03 -2.903985500335693359e+00
3.043000000000000000e+03 -2.912387847900390625e+00
3.044000000000000000e+03 -2.851085424423217773e+00
3.045000000000000000e+03 -2.850149393081665039e+00
3.046000000000000000e+03 -2.845141172409057617e+00
3.047000000000000000e+03 -2.884669065475463867e+00
3.048000000000000000e+03 -2.942337751388549805e+00
3.049000000000000000e+03 -2.930823802947998047e+00
3.050000000000000000e+03 -2.869737386703491211e+00
3.051000000000000000e+03 -2.888370037078857422e+00
3.052000000000000000e+03 -2.868383884429931641e+00
3.053000000000000000e+03 -2.877920150756835938e+00
3.054000000000000000e+03 -2.887864112854003906e+00
3.055000000000000000e+03 -2.872672796249389648e+00
3.056000000000000000e+03 -2.881982326507568359e+00
3.057000000000000000e+03 -2.888383150100708008e+00
3.058000000000000000e+03 -2.877550363540649414e+00
3.059000000000000000e+03 -2.913811206817626953e+00
3.060000000000000000e+03 -2.898778676986694336e+00
3.061000000000000000e+03 -2.896100521087646484e+00
3.062000000000000000e+03 -2.916610240936279297e+00
3.063000000000000000e+03 -2.908348321914672852e+00
3.064000000000000000e+03 -2.945033311843872070e+00
3.065000000000000000e+03 -2.932258129119873047e+00
3.066000000000000000e+03 -2.917270660400390625e+00
3.067000000000000000e+03 -2.923789739608764648e+00
3.068000000000000000e+03 -2.913959741592407227e+00
3.069000000000000000e+03 -2.925203323364257812e+00
3.070000000000000000e+03 -2.920030355453491211e+00
3.071000000000000000e+03 -2.891327142715454102e+00
3.072000000000000000e+03 -2.924953937530517578e+00
3.073000000000000000e+03 -2.940431594848632812e+00
3.074000000000000000e+03 -2.948163509368896484e+00
3.075000000000000000e+03 -2.909829139709472656e+00
3.076000000000000000e+03 -2.936866283416748047e+00
3.077000000000000000e+03 -2.913735628128051758e+00
3.078000000000000000e+03 -2.921967029571533203e+00
3.079000000000000000e+03 -2.926440238952636719e+00
3.080000000000000000e+03 -2.900992393493652344e+00
3.081000000000000000e+03 -2.889934539794921875e+00
3.082000000000000000e+03 -2.891735553741455078e+00
3.083000000000000000e+03 -2.900070190429687500e+00
3.084000000000000000e+03 -2.904121160507202148e+00
3.085000000000000000e+03 -2.859066486358642578e+00
3.086000000000000000e+03 -2.872382640838623047e+00
3.087000000000000000e+03 -2.875853061676025391e+00
3.088000000000000000e+03 -2.924100875854492188e+00
3.089000000000000000e+03 -2.884627103805541992e+00
3.090000000000000000e+03 -2.934891939163208008e+00
3.091000000000000000e+03 -2.926759958267211914e+00
3.092000000000000000e+03 -2.887171983718872070e+00
3.093000000000000000e+03 -2.895108222961425781e+00
3.094000000000000000e+03 -2.902067184448242188e+00
3.095000000000000000e+03 -2.931156873703002930e+00
3.096000000000000000e+03 -2.883273601531982422e+00
3.097000000000000000e+03 -2.924260377883911133e+00
3.098000000000000000e+03 -2.915989875793457031e+00
3.099000000000000000e+03 -2.902123928070068359e+00
3.100000000000000000e+03 -2.890123367309570312e+00
3.101000000000000000e+03 -2.869644641876220703e+00
3.102000000000000000e+03 -2.863764762878417969e+00
3.103000000000000000e+03 -2.880780220031738281e+00
3.104000000000000000e+03 -2.907050609588623047e+00
3.105000000000000000e+03 -2.878795862197875977e+00
3.106000000000000000e+03 -2.875566482543945312e+00
3.107000000000000000e+03 -2.930805921554565430e+00
3.108000000000000000e+03 -2.879284620285034180e+00
3.109000000000000000e+03 -2.841744422912597656e+00
3.110000000000000000e+03 -2.904568672180175781e+00
3.111000000000000000e+03 -2.904427289962768555e+00
3.112000000000000000e+03 -2.900933980941772461e+00
3.113000000000000000e+03 -2.886467218399047852e+00
3.114000000000000000e+03 -2.868168830871582031e+00
3.115000000000000000e+03 -2.902736902236938477e+00
3.116000000000000000e+03 -2.863327503204345703e+00
3.117000000000000000e+03 -2.912498474121093750e+00
3.118000000000000000e+03 -2.961602449417114258e+00
3.119000000000000000e+03 -2.984465122222900391e+00
3.120000000000000000e+03 -2.922940015792846680e+00
3.121000000000000000e+03 -2.923427104949951172e+00
3.122000000000000000e+03 -2.981656551361083984e+00
3.123000000000000000e+03 -2.924557447433471680e+00
3.124000000000000000e+03 -2.938825130462646484e+00
3.125000000000000000e+03 -2.898358821868896484e+00
3.126000000000000000e+03 -2.970449924468994141e+00
3.127000000000000000e+03 -2.915906190872192383e+00
3.128000000000000000e+03 -2.935930967330932617e+00
3.129000000000000000e+03 -2.932014465332031250e+00
3.130000000000000000e+03 -2.931745052337646484e+00
3.131000000000000000e+03 -2.948648929595947266e+00
3.132000000000000000e+03 -2.953017234802246094e+00
3.133000000000000000e+03 -2.972508192062377930e+00
3.134000000000000000e+03 -2.944311141967773438e+00
3.135000000000000000e+03 -2.928359508514404297e+00
3.136000000000000000e+03 -2.917850255966186523e+00
3.137000000000000000e+03 -2.942910909652709961e+00
3.138000000000000000e+03 -2.954728841781616211e+00
3.139000000000000000e+03 -3.011878490447998047e+00
3.140000000000000000e+03 -2.963371276855468750e+00
3.141000000000000000e+03 -2.935421705245971680e+00
3.142000000000000000e+03 -2.943642616271972656e+00
3.143000000000000000e+03 -2.897067546844482422e+00
3.144000000000000000e+03 -2.924974441528320312e+00
3.145000000000000000e+03 -2.940951824188232422e+00
3.146000000000000000e+03 -2.937665224075317383e+00
3.147000000000000000e+03 -2.925217151641845703e+00
3.148000000000000000e+03 -2.942042112350463867e+00
3.149000000000000000e+03 -2.885591745376586914e+00
3.150000000000000000e+03 -2.903541803359985352e+00
3.151000000000000000e+03 -2.872737884521484375e+00
3.152000000000000000e+03 -2.831892967224121094e+00
3.153000000000000000e+03 -2.846754312515258789e+00
3.154000000000000000e+03 -2.919962167739868164e+00
3.155000000000000000e+03 -2.914638519287109375e+00
3.156000000000000000e+03 -2.923082590103149414e+00
3.157000000000000000e+03 -2.884763240814208984e+00
3.158000000000000000e+03 -2.931725502014160156e+00
3.159000000000000000e+03 -2.879354715347290039e+00
3.160000000000000000e+03 -2.875352382659912109e+00
3.161000000000000000e+03 -2.885468959808349609e+00
3.162000000000000000e+03 -2.918485164642333984e+00
3.163000000000000000e+03 -2.863380432128906250e+00
3.164000000000000000e+03 -2.916192531585693359e+00
3.165000000000000000e+03 -2.890864372253417969e+00
3.166000000000000000e+03 -2.871248483657836914e+00
3.167000000000000000e+03 -2.892960309982299805e+00
3.168000000000000000e+03 -2.889799594879150391e+00
3.169000000000000000e+03 -2.931573867797851562e+00
3.170000000000000000e+03 -2.936903476715087891e+00
3.171000000000000000e+03 -2.881367444992065430e+00
3.172000000000000000e+03 -2.920464992523193359e+00
3.173000000000000000e+03 -2.896621942520141602e+00
3.174000000000000000e+03 -2.963381290435791016e+00
3.175000000000000000e+03 -2.904595136642456055e+00
3.176000000000000000e+03 -2.882298231124877930e+00
3.177000000000000000e+03 -2.886552333831787109e+00
3.178000000000000000e+03 -2.894108057022094727e+00
3.179000000000000000e+03 -2.929973125457763672e+00
3.180000000000000000e+03 -2.907307386398315430e+00
3.181000000000000000e+03 -2.907315731048583984e+00
3.182000000000000000e+03 -2.862523555755615234e+00
3.183000000000000000e+03 -2.888854026794433594e+00
3.184000000000000000e+03 -2.893632173538208008e+00
3.185000000000000000e+03 -2.873584508895874023e+00
3.186000000000000000e+03 -2.907408714294433594e+00
3.187000000000000000e+03 -2.969361066818237305e+00
3.188000000000000000e+03 -2.946815729141235352e+00
3.189000000000000000e+03 -2.951020956039428711e+00
3.190000000000000000e+03 -2.921742439270019531e+00
3.191000000000000000e+03 -2.929807662963867188e+00
3.192000000000000000e+03 -2.963883399963378906e+00
3.193000000000000000e+03 -2.967922687530517578e+00
3.194000000000000000e+03 -2.965824604034423828e+00
3.195000000000000000e+03 -2.928732395172119141e+00
3.196000000000000000e+03 -2.984081745147705078e+00
3.197000000000000000e+03 -2.953480005264282227e+00
3.198000000000000000e+03 -2.927121400833129883e+00
3.199000000000000000e+03 -2.883060216903686523e+00
3.200000000000000000e+03 -2.885341882705688477e+00
3.201000000000000000e+03 -2.893593549728393555e+00
3.202000000000000000e+03 -2.928165674209594727e+00
3.203000000000000000e+03 -2.915134668350219727e+00
3.204000000000000000e+03 -2.861187219619750977e+00
3.205000000000000000e+03 -2.859361410140991211e+00
3.206000000000000000e+03 -2.937087059020996094e+00
3.207000000000000000e+03 -2.893674135208129883e+00
3.208000000000000000e+03 -2.923282861709594727e+00
3.209000000000000000e+03 -2.922585487365722656e+00
3.210000000000000000e+03 -2.931050300598144531e+00
3.211000000000000000e+03 -2.932701110839843750e+00
3.212000000000000000e+03 -2.926614522933959961e+00
3.213000000000000000e+03 -2.935212850570678711e+00
3.214000000000000000e+03 -2.951038122177124023e+00
3.215000000000000000e+03 -2.950652599334716797e+00
3.216000000000000000e+03 -2.963873863220214844e+00
3.217000000000000000e+03 -3.003236293792724609e+00
3.218000000000000000e+03 -2.957596778869628906e+00
3.219000000000000000e+03 -2.954324960708618164e+00
3.220000000000000000e+03 -2.960165977478027344e+00
3.221000000000000000e+03 -2.969982624053955078e+00
3.222000000000000000e+03 -2.941082954406738281e+00
3.223000000000000000e+03 -2.933137178421020508e+00
3.224000000000000000e+03 -2.919228553771972656e+00
3.225000000000000000e+03 -2.959644794464111328e+00
3.226000000000000000e+03 -2.946963548660278320e+00
3.227000000000000000e+03 -2.979693412780761719e+00
3.228000000000000000e+03 -2.953978300094604492e+00
3.229000000000000000e+03 -2.978645563125610352e+00
3.230000000000000000e+03 -2.917710542678833008e+00
3.231000000000000000e+03 -2.937000751495361328e+00
3.232000000000000000e+03 -2.910613775253295898e+00
3.233000000000000000e+03 -2.932710647583007812e+00
3.234000000000000000e+03 -2.902810811996459961e+00
3.235000000000000000e+03 -2.917391061782836914e+00
3.236000000000000000e+03 -2.896875381469726562e+00
3.237000000000000000e+03 -2.955631017684936523e+00
3.238000000000000000e+03 -2.948163509368896484e+00
3.239000000000000000e+03 -2.939019203186035156e+00
3.240000000000000000e+03 -2.941755294799804688e+00
3.241000000000000000e+03 -2.881568670272827148e+00
3.242000000000000000e+03 -2.898454666137695312e+00
3.243000000000000000e+03 -2.885462284088134766e+00
3.244000000000000000e+03 -2.884276866912841797e+00
3.245000000000000000e+03 -2.871808528900146484e+00
3.246000000000000000e+03 -2.919719696044921875e+00
3.247000000000000000e+03 -3.005906820297241211e+00
3.248000000000000000e+03 -2.971935987472534180e+00
3.249000000000000000e+03 -2.914259672164916992e+00
3.250000000000000000e+03 -2.943393230438232422e+00
3.251000000000000000e+03 -2.943159818649291992e+00
3.252000000000000000e+03 -2.954626321792602539e+00
3.253000000000000000e+03 -2.956562995910644531e+00
3.254000000000000000e+03 -2.954348325729370117e+00
3.255000000000000000e+03 -2.953553676605224609e+00
3.256000000000000000e+03 -2.951144933700561523e+00
3.257000000000000000e+03 -2.989967346191406250e+00
3.258000000000000000e+03 -2.934425115585327148e+00
3.259000000000000000e+03 -2.966639280319213867e+00
3.260000000000000000e+03 -2.957258224487304688e+00
3.261000000000000000e+03 -2.939915180206298828e+00
3.262000000000000000e+03 -2.927444458007812500e+00
3.263000000000000000e+03 -2.937452554702758789e+00
3.264000000000000000e+03 -2.919214725494384766e+00
3.265000000000000000e+03 -2.945350408554077148e+00
3.266000000000000000e+03 -2.897747039794921875e+00
3.267000000000000000e+03 -2.882719039916992188e+00
3.268000000000000000e+03 -2.963119268417358398e+00
3.269000000000000000e+03 -2.935410261154174805e+00
3.270000000000000000e+03 -2.957331180572509766e+00
3.271000000000000000e+03 -2.961949586868286133e+00
3.272000000000000000e+03 -2.923933506011962891e+00
3.273000000000000000e+03 -2.955192089080810547e+00
3.274000000000000000e+03 -2.930299997329711914e+00
3.275000000000000000e+03 -2.931913614273071289e+00
3.276000000000000000e+03 -2.933434009552001953e+00
3.277000000000000000e+03 -2.933161497116088867e+00
3.278000000000000000e+03 -2.949328899383544922e+00
3.279000000000000000e+03 -2.933214664459228516e+00
3.280000000000000000e+03 -2.989816665649414062e+00
3.281000000000000000e+03 -2.994871854782104492e+00
3.282000000000000000e+03 -2.936480522155761719e+00
3.283000000000000000e+03 -2.997519254684448242e+00
3.284000000000000000e+03 -2.978487730026245117e+00
3.285000000000000000e+03 -2.952979087829589844e+00
3.286000000000000000e+03 -2.983965635299682617e+00
3.287000000000000000e+03 -2.966091632843017578e+00
3.288000000000000000e+03 -2.973059177398681641e+00
3.289000000000000000e+03 -2.984734296798706055e+00
3.290000000000000000e+03 -2.976804256439208984e+00
3.291000000000000000e+03 -2.966024637222290039e+00
3.292000000000000000e+03 -3.022101163864135742e+00
3.293000000000000000e+03 -3.008361101150512695e+00
3.294000000000000000e+03 -2.993033170700073242e+00
3.295000000000000000e+03 -2.972940921783447266e+00
3.296000000000000000e+03 -2.970939874649047852e+00
3.297000000000000000e+03 -2.979379177093505859e+00
3.298000000000000000e+03 -2.970404863357543945e+00
3.299000000000000000e+03 -2.936673402786254883e+00
3.300000000000000000e+03 -2.957954168319702148e+00
3.301000000000000000e+03 -2.895948886871337891e+00
3.302000000000000000e+03 -2.907275915145874023e+00
3.303000000000000000e+03 -2.891144037246704102e+00
3.304000000000000000e+03 -2.913941383361816406e+00
3.305000000000000000e+03 -2.908371686935424805e+00
3.306000000000000000e+03 -2.943923950195312500e+00
3.307000000000000000e+03 -2.918156623840332031e+00
3.308000000000000000e+03 -2.929579496383666992e+00
3.309000000000000000e+03 -2.930993556976318359e+00
3.310000000000000000e+03 -2.885594844818115234e+00
3.311000000000000000e+03 -2.864454030990600586e+00
3.312000000000000000e+03 -2.908109903335571289e+00
3.313000000000000000e+03 -2.898152351379394531e+00
3.314000000000000000e+03 -2.880484580993652344e+00
3.315000000000000000e+03 -2.864992618560791016e+00
3.316000000000000000e+03 -2.872558593750000000e+00
3.317000000000000000e+03 -2.884897232055664062e+00
3.318000000000000000e+03 -2.877083301544189453e+00
3.319000000000000000e+03 -2.907869338989257812e+00
3.320000000000000000e+03 -2.879166841506958008e+00
3.321000000000000000e+03 -2.847567319869995117e+00
3.322000000000000000e+03 -2.901370525360107422e+00
3.323000000000000000e+03 -2.842094898223876953e+00
3.324000000000000000e+03 -2.836481094360351562e+00
3.325000000000000000e+03 -2.874448537826538086e+00
3.326000000000000000e+03 -2.907329559326171875e+00
3.327000000000000000e+03 -2.876127481460571289e+00
3.328000000000000000e+03 -2.909402847290039062e+00
3.329000000000000000e+03 -2.911821603775024414e+00
3.330000000000000000e+03 -2.977869272232055664e+00
3.331000000000000000e+03 -2.972289323806762695e+00
3.332000000000000000e+03 -2.968959569931030273e+00
3.333000000000000000e+03 -2.938692569732666016e+00
3.334000000000000000e+03 -2.922067880630493164e+00
3.335000000000000000e+03 -2.929348230361938477e+00
3.336000000000000000e+03 -2.955222606658935547e+00
3.337000000000000000e+03 -2.957602977752685547e+00
3.338000000000000000e+03 -2.928269386291503906e+00
3.339000000000000000e+03 -2.945987462997436523e+00
3.340000000000000000e+03 -2.938212156295776367e+00
3.341000000000000000e+03 -2.936693191528320312e+00
3.342000000000000000e+03 -2.943638086318969727e+00
3.343000000000000000e+03 -2.967351675033569336e+00
3.344000000000000000e+03 -2.944867610931396484e+00
3.345000000000000000e+03 -2.906531810760498047e+00
3.346000000000000000e+03 -2.919322490692138672e+00
3.347000000000000000e+03 -2.886617183685302734e+00
3.348000000000000000e+03 -2.912310838699340820e+00
3.349000000000000000e+03 -2.915849685668945312e+00
3.350000000000000000e+03 -2.863280057907104492e+00
3.351000000000000000e+03 -2.906664371490478516e+00
3.352000000000000000e+03 -2.896780014038085938e+00
3.353000000000000000e+03 -2.914117813110351562e+00
3.354000000000000000e+03 -2.903929710388183594e+00
3.355000000000000000e+03 -2.877176761627197266e+00
3.356000000000000000e+03 -2.861920833587646484e+00
3.357000000000000000e+03 -2.918908357620239258e+00
3.358000000000000000e+03 -2.884803295135498047e+00
3.359000000000000000e+03 -2.851765155792236328e+00
3.360000000000000000e+03 -2.871129512786865234e+00
3.361000000000000000e+03 -2.902891159057617188e+00
3.362000000000000000e+03 -2.816543579101562500e+00
3.363000000000000000e+03 -2.867898225784301758e+00
3.364000000000000000e+03 -2.866034984588623047e+00
3.365000000000000000e+03 -2.829411029815673828e+00
3.366000000000000000e+03 -2.918854951858520508e+00
3.367000000000000000e+03 -2.890796184539794922e+00
3.368000000000000000e+03 -2.869241476058959961e+00
3.369000000000000000e+03 -2.855823755264282227e+00
3.370000000000000000e+03 -2.851050853729248047e+00
3.371000000000000000e+03 -2.876319646835327148e+00
3.372000000000000000e+03 -2.881845712661743164e+00
3.373000000000000000e+03 -2.892472743988037109e+00
3.374000000000000000e+03 -2.845813751220703125e+00
3.375000000000000000e+03 -2.770483970642089844e+00
3.376000000000000000e+03 -2.845174312591552734e+00
3.377000000000000000e+03 -2.835626602172851562e+00
3.378000000000000000e+03 -2.864538192749023438e+00
3.379000000000000000e+03 -2.856613636016845703e+00
3.380000000000000000e+03 -2.814051628112792969e+00
3.381000000000000000e+03 -2.821014881134033203e+00
3.382000000000000000e+03 -2.831684112548828125e+00
3.383000000000000000e+03 -2.812687158584594727e+00
3.384000000000000000e+03 -2.778935909271240234e+00
3.385000000000000000e+03 -2.819740533828735352e+00
3.386000000000000000e+03 -2.862385034561157227e+00
3.387000000000000000e+03 -2.846614837646484375e+00
3.388000000000000000e+03 -2.844039201736450195e+00
3.389000000000000000e+03 -2.834078311920166016e+00
3.390000000000000000e+03 -2.863259792327880859e+00
3.391000000000000000e+03 -2.819629669189453125e+00
3.392000000000000000e+03 -2.804253101348876953e+00
3.393000000000000000e+03 -2.812386989593505859e+00
3.394000000000000000e+03 -2.781412601470947266e+00
3.395000000000000000e+03 -2.823886632919311523e+00
3.396000000000000000e+03 -2.803309440612792969e+00
3.397000000000000000e+03 -2.831139087677001953e+00
3.398000000000000000e+03 -2.800992488861083984e+00
3.399000000000000000e+03 -2.858917474746704102e+00
3.400000000000000000e+03 -2.862697124481201172e+00
3.401000000000000000e+03 -2.835069656372070312e+00
3.402000000000000000e+03 -2.894797801971435547e+00
3.403000000000000000e+03 -2.896472930908203125e+00
3.404000000000000000e+03 -2.875102996826171875e+00
3.405000000000000000e+03 -2.833492994308471680e+00
3.406000000000000000e+03 -2.866237878799438477e+00
3.407000000000000000e+03 -2.886560440063476562e+00
3.408000000000000000e+03 -2.875563383102416992e+00
3.409000000000000000e+03 -2.902848482131958008e+00
3.410000000000000000e+03 -2.905166387557983398e+00
3.411000000000000000e+03 -2.967253684997558594e+00
3.412000000000000000e+03 -2.891357421875000000e+00
3.413000000000000000e+03 -2.887913703918457031e+00
3.414000000000000000e+03 -2.871415138244628906e+00
3.415000000000000000e+03 -2.835813045501708984e+00
3.416000000000000000e+03 -2.881506681442260742e+00
3.417000000000000000e+03 -2.901015758514404297e+00
3.418000000000000000e+03 -2.881961345672607422e+00
3.419000000000000000e+03 -2.921026229858398438e+00
3.420000000000000000e+03 -2.861629486083984375e+00
3.421000000000000000e+03 -2.897287368774414062e+00
3.422000000000000000e+03 -2.871165513992309570e+00
3.423000000000000000e+03 -2.911350727081298828e+00
3.424000000000000000e+03 -2.873094081878662109e+00
3.425000000000000000e+03 -2.899221897125244141e+00
3.426000000000000000e+03 -2.919493198394775391e+00
3.427000000000000000e+03 -2.882403373718261719e+00
3.428000000000000000e+03 -2.948850393295288086e+00
3.429000000000000000e+03 -2.911508083343505859e+00
3.430000000000000000e+03 -2.877435207366943359e+00
3.431000000000000000e+03 -2.907926082611083984e+00
3.432000000000000000e+03 -2.906364917755126953e+00
3.433000000000000000e+03 -2.873428821563720703e+00
3.434000000000000000e+03 -2.875783443450927734e+00
3.435000000000000000e+03 -2.903046369552612305e+00
3.436000000000000000e+03 -2.906542301177978516e+00
3.437000000000000000e+03 -2.919297218322753906e+00
3.438000000000000000e+03 -2.929751396179199219e+00
3.439000000000000000e+03 -2.930990695953369141e+00
3.440000000000000000e+03 -2.836715459823608398e+00
3.441000000000000000e+03 -2.878924608230590820e+00
3.442000000000000000e+03 -2.835899829864501953e+00
3.443000000000000000e+03 -2.822811603546142578e+00
3.444000000000000000e+03 -2.794104576110839844e+00
3.445000000000000000e+03 -2.801976680755615234e+00
3.446000000000000000e+03 -2.893863439559936523e+00
3.447000000000000000e+03 -2.914248466491699219e+00
3.448000000000000000e+03 -2.870901584625244141e+00
3.449000000000000000e+03 -2.866481304168701172e+00
3.450000000000000000e+03 -2.875842571258544922e+00
3.451000000000000000e+03 -2.882204532623291016e+00
3.452000000000000000e+03 -2.827384471893310547e+00
3.453000000000000000e+03 -2.869780778884887695e+00
3.454000000000000000e+03 -2.868260622024536133e+00
3.455000000000000000e+03 -2.866585016250610352e+00
3.456000000000000000e+03 -2.884985446929931641e+00
3.457000000000000000e+03 -2.864539623260498047e+00
3.458000000000000000e+03 -2.880311250686645508e+00
3.459000000000000000e+03 -2.855500459671020508e+00
3.460000000000000000e+03 -2.843488931655883789e+00
3.461000000000000000e+03 -2.785697221755981445e+00
3.462000000000000000e+03 -2.807128429412841797e+00
3.463000000000000000e+03 -2.854108095169067383e+00
3.464000000000000000e+03 -2.804764270782470703e+00
3.465000000000000000e+03 -2.854794979095458984e+00
3.466000000000000000e+03 -2.815381765365600586e+00
3.467000000000000000e+03 -2.820580720901489258e+00
3.468000000000000000e+03 -2.832633018493652344e+00
3.469000000000000000e+03 -2.856775760650634766e+00
3.470000000000000000e+03 -2.910115242004394531e+00
3.471000000000000000e+03 -2.844909191131591797e+00
3.472000000000000000e+03 -2.845356702804565430e+00
3.473000000000000000e+03 -2.808293819427490234e+00
3.474000000000000000e+03 -2.806198596954345703e+00
3.475000000000000000e+03 -2.815907001495361328e+00
3.476000000000000000e+03 -2.837364673614501953e+00
3.477000000000000000e+03 -2.836637258529663086e+00
3.478000000000000000e+03 -2.787078857421875000e+00
3.479000000000000000e+03 -2.839225530624389648e+00
3.480000000000000000e+03 -2.843724727630615234e+00
3.481000000000000000e+03 -2.849536895751953125e+00
3.482000000000000000e+03 -2.814280271530151367e+00
3.483000000000000000e+03 -2.848816156387329102e+00
3.484000000000000000e+03 -2.796349525451660156e+00
3.485000000000000000e+03 -2.836046218872070312e+00
3.486000000000000000e+03 -2.814613342285156250e+00
3.487000000000000000e+03 -2.858322620391845703e+00
3.488000000000000000e+03 -2.855379104614257812e+00
3.489000000000000000e+03 -2.840378284454345703e+00
3.490000000000000000e+03 -2.836203575134277344e+00
3.491000000000000000e+03 -2.853058338165283203e+00
3.492000000000000000e+03 -2.891185283660888672e+00
3.493000000000000000e+03 -2.911561250686645508e+00
3.494000000000000000e+03 -2.919838905334472656e+00
3.495000000000000000e+03 -2.878250122070312500e+00
3.496000000000000000e+03 -2.893453121185302734e+00
3.497000000000000000e+03 -2.927745342254638672e+00
3.498000000000000000e+03 -2.975135564804077148e+00
3.499000000000000000e+03 -2.921817064285278320e+00
3.500000000000000000e+03 -2.958916664123535156e+00
3.501000000000000000e+03 -2.936468362808227539e+00
3.502000000000000000e+03 -2.956874608993530273e+00
3.503000000000000000e+03 -2.984173059463500977e+00
3.504000000000000000e+03 -2.921845912933349609e+00
3.505000000000000000e+03 -2.940780878067016602e+00
3.506000000000000000e+03 -2.945917844772338867e+00
3.507000000000000000e+03 -2.924398660659790039e+00
3.508000000000000000e+03 -2.926752328872680664e+00
3.509000000000000000e+03 -2.970883369445800781e+00
3.510000000000000000e+03 -2.925769567489624023e+00
3.511000000000000000e+03 -2.953176259994506836e+00
3.512000000000000000e+03 -2.938298702239990234e+00
3.513000000000000000e+03 -2.924411535263061523e+00
3.514000000000000000e+03 -2.867641925811767578e+00
3.515000000000000000e+03 -2.871628522872924805e+00
3.516000000000000000e+03 -2.884608507156372070e+00
3.517000000000000000e+03 -2.909807682037353516e+00
3.518000000000000000e+03 -2.917718887329101562e+00
3.519000000000000000e+03 -2.866720199584960938e+00
3.520000000000000000e+03 -2.892472982406616211e+00
3.521000000000000000e+03 -2.904570102691650391e+00
3.522000000000000000e+03 -2.942120313644409180e+00
3.523000000000000000e+03 -2.925809144973754883e+00
3.524000000000000000e+03 -2.906745195388793945e+00
3.525000000000000000e+03 -2.939626932144165039e+00
3.526000000000000000e+03 -2.943658590316772461e+00
3.527000000000000000e+03 -2.918018102645874023e+00
3.528000000000000000e+03 -2.920058012008666992e+00
3.529000000000000000e+03 -2.896925449371337891e+00
3.530000000000000000e+03 -2.920244693756103516e+00
3.531000000000000000e+03 -2.915318727493286133e+00
3.532000000000000000e+03 -2.938032627105712891e+00
3.533000000000000000e+03 -2.882925987243652344e+00
3.534000000000000000e+03 -2.928182125091552734e+00
3.535000000000000000e+03 -2.885902881622314453e+00
3.536000000000000000e+03 -2.882191658020019531e+00
3.537000000000000000e+03 -2.864880800247192383e+00
3.538000000000000000e+03 -2.858315229415893555e+00
3.539000000000000000e+03 -2.881244659423828125e+00
3.540000000000000000e+03 -2.865781545639038086e+00
3.541000000000000000e+03 -2.856168746948242188e+00
3.542000000000000000e+03 -2.889953613281250000e+00
3.543000000000000000e+03 -2.876243352890014648e+00
3.544000000000000000e+03 -2.903598785400390625e+00
3.545000000000000000e+03 -2.881419897079467773e+00
3.546000000000000000e+03 -2.856925725936889648e+00
3.547000000000000000e+03 -2.889147043228149414e+00
3.548000000000000000e+03 -2.876260280609130859e+00
3.549000000000000000e+03 -2.856978654861450195e+00
3.550000000000000000e+03 -2.887091398239135742e+00
3.551000000000000000e+03 -2.892570734024047852e+00
3.552000000000000000e+03 -2.888337135314941406e+00
3.553000000000000000e+03 -2.879526376724243164e+00
3.554000000000000000e+03 -2.844691038131713867e+00
3.555000000000000000e+03 -2.887495279312133789e+00
3.556000000000000000e+03 -2.862509012222290039e+00
3.557000000000000000e+03 -2.855423927307128906e+00
3.558000000000000000e+03 -2.924296617507934570e+00
3.559000000000000000e+03 -2.899285554885864258e+00
3.560000000000000000e+03 -2.913758516311645508e+00
3.561000000000000000e+03 -2.926191091537475586e+00
3.562000000000000000e+03 -2.922138214111328125e+00
3.563000000000000000e+03 -2.915031671524047852e+00
3.564000000000000000e+03 -2.888121128082275391e+00
3.565000000000000000e+03 -2.898734807968139648e+00
3.566000000000000000e+03 -2.899569034576416016e+00
3.567000000000000000e+03 -2.907193183898925781e+00
3.568000000000000000e+03 -2.942583560943603516e+00
3.569000000000000000e+03 -2.907459735870361328e+00
3.570000000000000000e+03 -2.918748855590820312e+00
3.571000000000000000e+03 -2.938312768936157227e+00
3.572000000000000000e+03 -2.898509025573730469e+00
3.573000000000000000e+03 -2.911215305328369141e+00
3.574000000000000000e+03 -2.911235570907592773e+00
3.575000000000000000e+03 -2.919756889343261719e+00
3.576000000000000000e+03 -2.938601016998291016e+00
3.577000000000000000e+03 -2.877337932586669922e+00
3.578000000000000000e+03 -2.875658035278320312e+00
3.579000000000000000e+03 -2.851179361343383789e+00
3.580000000000000000e+03 -2.876547574996948242e+00
3.581000000000000000e+03 -2.849721193313598633e+00
3.582000000000000000e+03 -2.894317626953125000e+00
3.583000000000000000e+03 -2.888734817504882812e+00
3.584000000000000000e+03 -2.927845716476440430e+00
3.585000000000000000e+03 -2.934985160827636719e+00
3.586000000000000000e+03 -2.913454532623291016e+00
3.587000000000000000e+03 -2.931546688079833984e+00
3.588000000000000000e+03 -2.885652065277099609e+00
3.589000000000000000e+03 -2.864668607711791992e+00
3.590000000000000000e+03 -2.894253730773925781e+00
3.591000000000000000e+03 -2.908783435821533203e+00
3.592000000000000000e+03 -2.909226655960083008e+00
3.593000000000000000e+03 -2.863416671752929688e+00
3.594000000000000000e+03 -2.883000373840332031e+00
3.595000000000000000e+03 -2.896685838699340820e+00
3.596000000000000000e+03 -2.881933927536010742e+00
3.597000000000000000e+03 -2.915953397750854492e+00
3.598000000000000000e+03 -2.906893730163574219e+00
3.599000000000000000e+03 -2.888705492019653320e+00
3.600000000000000000e+03 -2.894723176956176758e+00
3.601000000000000000e+03 -2.893948078155517578e+00
3.602000000000000000e+03 -2.940521001815795898e+00
3.603000000000000000e+03 -2.941932678222656250e+00
3.604000000000000000e+03 -2.871017456054687500e+00
3.605000000000000000e+03 -2.844107151031494141e+00
3.606000000000000000e+03 -2.887166976928710938e+00
3.607000000000000000e+03 -2.933433771133422852e+00
3.608000000000000000e+03 -2.899698257446289062e+00
3.609000000000000000e+03 -2.912222146987915039e+00
3.610000000000000000e+03 -2.912913560867309570e+00
3.611000000000000000e+03 -2.910492658615112305e+00
3.612000000000000000e+03 -2.904100656509399414e+00
3.613000000000000000e+03 -2.896388530731201172e+00
3.614000000000000000e+03 -2.939810514450073242e+00
3.615000000000000000e+03 -2.871078014373779297e+00
3.616000000000000000e+03 -2.903675079345703125e+00
3.617000000000000000e+03 -2.893907070159912109e+00
3.618000000000000000e+03 -2.883103847503662109e+00
3.619000000000000000e+03 -2.878226518630981445e+00
3.620000000000000000e+03 -2.900061368942260742e+00
3.621000000000000000e+03 -2.849912405014038086e+00
3.622000000000000000e+03 -2.861876010894775391e+00
3.623000000000000000e+03 -2.864482879638671875e+00
3.624000000000000000e+03 -2.865972757339477539e+00
3.625000000000000000e+03 -2.870884180068969727e+00
3.626000000000000000e+03 -2.876547574996948242e+00
3.627000000000000000e+03 -2.918784618377685547e+00
3.628000000000000000e+03 -2.917788267135620117e+00
3.629000000000000000e+03 -2.992942571640014648e+00
3.630000000000000000e+03 -2.929278850555419922e+00
3.631000000000000000e+03 -2.960914850234985352e+00
3.632000000000000000e+03 -2.920555830001831055e+00
3.633000000000000000e+03 -2.910653114318847656e+00
3.634000000000000000e+03 -2.873848676681518555e+00
3.635000000000000000e+03 -2.899102449417114258e+00
3.636000000000000000e+03 -2.936155319213867188e+00
3.637000000000000000e+03 -2.885254144668579102e+00
3.638000000000000000e+03 -2.899791479110717773e+00
3.639000000000000000e+03 -2.937649965286254883e+00
3.640000000000000000e+03 -2.949951171875000000e+00
3.641000000000000000e+03 -2.918879985809326172e+00
3.642000000000000000e+03 -2.963199615478515625e+00
3.643000000000000000e+03 -2.938102245330810547e+00
3.644000000000000000e+03 -2.925281047821044922e+00
3.645000000000000000e+03 -2.942338943481445312e+00
3.646000000000000000e+03 -2.924041509628295898e+00
3.647000000000000000e+03 -2.941137075424194336e+00
3.648000000000000000e+03 -2.882626056671142578e+00
3.649000000000000000e+03 -2.917125701904296875e+00
3.650000000000000000e+03 -2.957396507263183594e+00
3.651000000000000000e+03 -2.884729623794555664e+00
3.652000000000000000e+03 -2.865955829620361328e+00
3.653000000000000000e+03 -2.905409812927246094e+00
3.654000000000000000e+03 -2.899523496627807617e+00
3.655000000000000000e+03 -2.913139581680297852e+00
3.656000000000000000e+03 -2.932060480117797852e+00
3.657000000000000000e+03 -2.911206007003784180e+00
3.658000000000000000e+03 -2.902951240539550781e+00
3.659000000000000000e+03 -2.879228353500366211e+00
3.660000000000000000e+03 -2.872077465057373047e+00
3.661000000000000000e+03 -2.858464717864990234e+00
3.662000000000000000e+03 -2.849532604217529297e+00
3.663000000000000000e+03 -2.905474424362182617e+00
3.664000000000000000e+03 -2.862712144851684570e+00
3.665000000000000000e+03 -2.923627138137817383e+00
3.666000000000000000e+03 -2.891842603683471680e+00
3.667000000000000000e+03 -2.916828870773315430e+00
3.668000000000000000e+03 -2.917155981063842773e+00
3.669000000000000000e+03 -2.913941144943237305e+00
3.670000000000000000e+03 -2.891926050186157227e+00
3.671000000000000000e+03 -2.903162240982055664e+00
3.672000000000000000e+03 -2.909460783004760742e+00
3.673000000000000000e+03 -2.962806940078735352e+00
3.674000000000000000e+03 -2.912116289138793945e+00
3.675000000000000000e+03 -2.894467353820800781e+00
3.676000000000000000e+03 -2.925918817520141602e+00
3.677000000000000000e+03 -2.925571203231811523e+00
3.678000000000000000e+03 -2.890472650527954102e+00
3.679000000000000000e+03 -2.941221475601196289e+00
3.680000000000000000e+03 -2.924481391906738281e+00
3.681000000000000000e+03 -2.903415679931640625e+00
3.682000000000000000e+03 -2.925082445144653320e+00
3.683000000000000000e+03 -2.908443927764892578e+00
3.684000000000000000e+03 -2.858854532241821289e+00
3.685000000000000000e+03 -2.911371231079101562e+00
3.686000000000000000e+03 -2.902938842773437500e+00
3.687000000000000000e+03 -2.899989843368530273e+00
3.688000000000000000e+03 -2.908894777297973633e+00
3.689000000000000000e+03 -2.924778699874877930e+00
3.690000000000000000e+03 -2.913066387176513672e+00
3.691000000000000000e+03 -2.898668766021728516e+00
3.692000000000000000e+03 -2.899185180664062500e+00
3.693000000000000000e+03 -2.893464088439941406e+00
3.694000000000000000e+03 -2.911870956420898438e+00
3.695000000000000000e+03 -2.901735782623291016e+00
3.696000000000000000e+03 -2.916892528533935547e+00
3.697000000000000000e+03 -2.916383743286132812e+00
3.698000000000000000e+03 -2.925181150436401367e+00
3.699000000000000000e+03 -2.951536893844604492e+00
3.700000000000000000e+03 -2.881238937377929688e+00
3.701000000000000000e+03 -2.899234771728515625e+00
3.702000000000000000e+03 -2.922288656234741211e+00
3.703000000000000000e+03 -2.911158561706542969e+00
3.704000000000000000e+03 -2.903138637542724609e+00
3.705000000000000000e+03 -2.884605646133422852e+00
3.706000000000000000e+03 -2.888866186141967773e+00
3.707000000000000000e+03 -2.869070768356323242e+00
3.708000000000000000e+03 -2.841122627258300781e+00
3.709000000000000000e+03 -2.827305316925048828e+00
3.710000000000000000e+03 -2.887514114379882812e+00
3.711000000000000000e+03 -2.896101951599121094e+00
3.712000000000000000e+03 -2.840003013610839844e+00
3.713000000000000000e+03 -2.834769964218139648e+00
3.714000000000000000e+03 -2.829805850982666016e+00
3.715000000000000000e+03 -2.862264871597290039e+00
3.716000000000000000e+03 -2.890507221221923828e+00
3.717000000000000000e+03 -2.870635509490966797e+00
3.718000000000000000e+03 -2.856635808944702148e+00
3.719000000000000000e+03 -2.894802093505859375e+00
3.720000000000000000e+03 -2.861694097518920898e+00
3.721000000000000000e+03 -2.903442859649658203e+00
3.722000000000000000e+03 -2.909051179885864258e+00
3.723000000000000000e+03 -2.879305124282836914e+00
3.724000000000000000e+03 -2.953049898147583008e+00
3.725000000000000000e+03 -2.902332544326782227e+00
3.726000000000000000e+03 -2.883369445800781250e+00
3.727000000000000000e+03 -2.899251699447631836e+00
3.728000000000000000e+03 -2.881277561187744141e+00
3.729000000000000000e+03 -2.897022247314453125e+00
3.730000000000000000e+03 -2.877019643783569336e+00
3.731000000000000000e+03 -2.893659830093383789e+00
3.732000000000000000e+03 -2.871972560882568359e+00
3.733000000000000000e+03 -2.866424560546875000e+00
3.734000000000000000e+03 -2.876903772354125977e+00
3.735000000000000000e+03 -2.874642848968505859e+00
3.736000000000000000e+03 -2.856126070022583008e+00
3.737000000000000000e+03 -2.817718982696533203e+00
3.738000000000000000e+03 -2.820078372955322266e+00
3.739000000000000000e+03 -2.858864307403564453e+00
3.740000000000000000e+03 -2.875469207763671875e+00
3.741000000000000000e+03 -2.863636970520019531e+00
3.742000000000000000e+03 -2.871689796447753906e+00
3.743000000000000000e+03 -2.859663486480712891e+00
3.744000000000000000e+03 -2.888195276260375977e+00
3.745000000000000000e+03 -2.905421018600463867e+00
3.746000000000000000e+03 -2.904434442520141602e+00
3.747000000000000000e+03 -2.918118715286254883e+00
3.748000000000000000e+03 -2.942154407501220703e+00
3.749000000000000000e+03 -2.891415596008300781e+00
3.750000000000000000e+03 -2.919711112976074219e+00
3.751000000000000000e+03 -2.877539634704589844e+00
3.752000000000000000e+03 -2.917813539505004883e+00
3.753000000000000000e+03 -2.938894748687744141e+00
3.754000000000000000e+03 -2.928305864334106445e+00
3.755000000000000000e+03 -2.883439302444458008e+00
3.756000000000000000e+03 -2.873553991317749023e+00
3.757000000000000000e+03 -2.886409282684326172e+00
3.758000000000000000e+03 -2.917721509933471680e+00
3.759000000000000000e+03 -2.971513271331787109e+00
3.760000000000000000e+03 -2.935527801513671875e+00
3.761000000000000000e+03 -2.919959306716918945e+00
3.762000000000000000e+03 -2.978460550308227539e+00
3.763000000000000000e+03 -2.923195838928222656e+00
3.764000000000000000e+03 -2.938373327255249023e+00
3.765000000000000000e+03 -2.928305149078369141e+00
3.766000000000000000e+03 -2.902488231658935547e+00
3.767000000000000000e+03 -2.922351360321044922e+00
3.768000000000000000e+03 -2.939510822296142578e+00
3.769000000000000000e+03 -2.903092861175537109e+00
3.770000000000000000e+03 -2.926018714904785156e+00
3.771000000000000000e+03 -2.941235303878784180e+00
3.772000000000000000e+03 -2.948695898056030273e+00
3.773000000000000000e+03 -2.902372837066650391e+00
3.774000000000000000e+03 -2.903861522674560547e+00
3.775000000000000000e+03 -2.910309314727783203e+00
3.776000000000000000e+03 -2.896866559982299805e+00
3.777000000000000000e+03 -2.946474075317382812e+00
3.778000000000000000e+03 -2.899628639221191406e+00
3.779000000000000000e+03 -2.882793426513671875e+00
3.780000000000000000e+03 -2.910729408264160156e+00
3.781000000000000000e+03 -2.900548219680786133e+00
3.782000000000000000e+03 -2.939576148986816406e+00
3.783000000000000000e+03 -2.945806026458740234e+00
3.784000000000000000e+03 -2.918579816818237305e+00
3.785000000000000000e+03 -2.896622896194458008e+00
3.786000000000000000e+03 -2.963705539703369141e+00
3.787000000000000000e+03 -2.943427562713623047e+00
3.788000000000000000e+03 -2.962587118148803711e+00
3.789000000000000000e+03 -2.985705852508544922e+00
3.790000000000000000e+03 -2.934249401092529297e+00
3.791000000000000000e+03 -2.913937807083129883e+00
3.792000000000000000e+03 -2.966237783432006836e+00
3.793000000000000000e+03 -2.986391782760620117e+00
3.794000000000000000e+03 -2.959913730621337891e+00
3.795000000000000000e+03 -2.977754116058349609e+00
3.796000000000000000e+03 -2.974915027618408203e+00
3.797000000000000000e+03 -2.945782423019409180e+00
3.798000000000000000e+03 -2.976916790008544922e+00
3.799000000000000000e+03 -2.980063438415527344e+00
3.800000000000000000e+03 -2.964375257492065430e+00
3.801000000000000000e+03 -2.974221944808959961e+00
3.802000000000000000e+03 -2.940752029418945312e+00
3.803000000000000000e+03 -2.957422971725463867e+00
3.804000000000000000e+03 -2.960551261901855469e+00
3.805000000000000000e+03 -2.922410011291503906e+00
3.806000000000000000e+03 -2.925128459930419922e+00
3.807000000000000000e+03 -2.980162620544433594e+00
3.808000000000000000e+03 -2.974699497222900391e+00
3.809000000000000000e+03 -2.967163801193237305e+00
3.810000000000000000e+03 -2.893874406814575195e+00
3.811000000000000000e+03 -2.921324729919433594e+00
3.812000000000000000e+03 -2.908019781112670898e+00
3.813000000000000000e+03 -2.917658805847167969e+00
3.814000000000000000e+03 -2.924051284790039062e+00
3.815000000000000000e+03 -2.921573162078857422e+00
3.816000000000000000e+03 -2.956605672836303711e+00
3.817000000000000000e+03 -2.885215520858764648e+00
3.818000000000000000e+03 -2.896447896957397461e+00
3.819000000000000000e+03 -2.919788599014282227e+00
3.820000000000000000e+03 -2.934488296508789062e+00
3.821000000000000000e+03 -2.908359527587890625e+00
3.822000000000000000e+03 -2.888999223709106445e+00
3.823000000000000000e+03 -2.899958133697509766e+00
3.824000000000000000e+03 -2.899487495422363281e+00
3.825000000000000000e+03 -2.902287006378173828e+00
3.826000000000000000e+03 -2.916710138320922852e+00
3.827000000000000000e+03 -2.885437011718750000e+00
3.828000000000000000e+03 -2.874858617782592773e+00
3.829000000000000000e+03 -2.889074325561523438e+00
3.830000000000000000e+03 -2.903407812118530273e+00
3.831000000000000000e+03 -2.910489320755004883e+00
3.832000000000000000e+03 -2.907810449600219727e+00
3.833000000000000000e+03 -2.914436101913452148e+00
3.834000000000000000e+03 -2.908816099166870117e+00
3.835000000000000000e+03 -2.899775028228759766e+00
3.836000000000000000e+03 -2.879547357559204102e+00
3.837000000000000000e+03 -2.906245470046997070e+00
3.838000000000000000e+03 -2.900840520858764648e+00
3.839000000000000000e+03 -2.915167093276977539e+00
3.840000000000000000e+03 -2.934803009033203125e+00
3.841000000000000000e+03 -2.898494005203247070e+00
3.842000000000000000e+03 -2.878905057907104492e+00
3.843000000000000000e+03 -2.891479492187500000e+00
3.844000000000000000e+03 -2.904632568359375000e+00
3.845000000000000000e+03 -2.959031581878662109e+00
3.846000000000000000e+03 -2.905577659606933594e+00
3.847000000000000000e+03 -2.952816009521484375e+00
3.848000000000000000e+03 -2.930217981338500977e+00
3.849000000000000000e+03 -2.959207296371459961e+00
3.850000000000000000e+03 -2.976166963577270508e+00
3.851000000000000000e+03 -2.999425172805786133e+00
3.852000000000000000e+03 -3.030753374099731445e+00
3.853000000000000000e+03 -3.021569967269897461e+00
3.854000000000000000e+03 -2.992855310440063477e+00
3.855000000000000000e+03 -2.991261959075927734e+00
3.856000000000000000e+03 -2.931241035461425781e+00
3.857000000000000000e+03 -2.935274124145507812e+00
3.858000000000000000e+03 -3.005505323410034180e+00
3.859000000000000000e+03 -2.940607070922851562e+00
3.860000000000000000e+03 -2.931131839752197266e+00
3.861000000000000000e+03 -2.935793638229370117e+00
3.862000000000000000e+03 -2.961520671844482422e+00
3.863000000000000000e+03 -3.017055034637451172e+00
3.864000000000000000e+03 -2.968406915664672852e+00
3.865000000000000000e+03 -2.947820663452148438e+00
3.866000000000000000e+03 -2.959850072860717773e+00
3.867000000000000000e+03 -2.983908891677856445e+00
3.868000000000000000e+03 -2.922797203063964844e+00
3.869000000000000000e+03 -2.924076080322265625e+00
3.870000000000000000e+03 -2.904984712600708008e+00
3.871000000000000000e+03 -2.973181009292602539e+00
3.872000000000000000e+03 -2.915373325347900391e+00
3.873000000000000000e+03 -2.955357074737548828e+00
3.874000000000000000e+03 -2.935021162033081055e+00
3.875000000000000000e+03 -2.944394350051879883e+00
3.876000000000000000e+03 -2.922583818435668945e+00
3.877000000000000000e+03 -2.913329601287841797e+00
3.878000000000000000e+03 -2.900100231170654297e+00
3.879000000000000000e+03 -2.907762527465820312e+00
3.880000000000000000e+03 -2.875648736953735352e+00
3.881000000000000000e+03 -2.839919328689575195e+00
3.882000000000000000e+03 -2.897268056869506836e+00
3.883000000000000000e+03 -2.883943080902099609e+00
3.884000000000000000e+03 -2.876866579055786133e+00
3.885000000000000000e+03 -2.885145664215087891e+00
3.886000000000000000e+03 -2.842453956604003906e+00
3.887000000000000000e+03 -2.867047309875488281e+00
3.888000000000000000e+03 -2.871141910552978516e+00
3.889000000000000000e+03 -2.919199943542480469e+00
3.890000000000000000e+03 -2.891330003738403320e+00
3.891000000000000000e+03 -2.883469581604003906e+00
3.892000000000000000e+03 -2.915420770645141602e+00
3.893000000000000000e+03 -2.858720541000366211e+00
3.894000000000000000e+03 -2.899302482604980469e+00
3.895000000000000000e+03 -2.872605323791503906e+00
3.896000000000000000e+03 -2.894497394561767578e+00
3.897000000000000000e+03 -2.870074033737182617e+00
3.898000000000000000e+03 -2.866698026657104492e+00
3.899000000000000000e+03 -2.864692449569702148e+00
3.900000000000000000e+03 -2.893340110778808594e+00
3.901000000000000000e+03 -2.915474414825439453e+00
3.902000000000000000e+03 -2.880655288696289062e+00
3.903000000000000000e+03 -2.848708391189575195e+00
3.904000000000000000e+03 -2.850893259048461914e+00
3.905000000000000000e+03 -2.900736808776855469e+00
3.906000000000000000e+03 -2.903456926345825195e+00
3.907000000000000000e+03 -2.917372703552246094e+00
3.908000000000000000e+03 -2.885034322738647461e+00
3.909000000000000000e+03 -2.926587104797363281e+00
3.910000000000000000e+03 -2.936777114868164062e+00
3.911000000000000000e+03 -2.932111978530883789e+00
3.912000000000000000e+03 -2.932132959365844727e+00
3.913000000000000000e+03 -2.969242811203002930e+00
3.914000000000000000e+03 -2.963776588439941406e+00
3.915000000000000000e+03 -2.940004348754882812e+00
3.916000000000000000e+03 -2.936203002929687500e+00
3.917000000000000000e+03 -2.957753896713256836e+00
3.918000000000000000e+03 -2.928330898284912109e+00
3.919000000000000000e+03 -2.940087556838989258e+00
3.920000000000000000e+03 -2.912252187728881836e+00
3.921000000000000000e+03 -2.879513025283813477e+00
3.922000000000000000e+03 -2.888789415359497070e+00
3.923000000000000000e+03 -2.910081624984741211e+00
3.924000000000000000e+03 -2.941869974136352539e+00
3.925000000000000000e+03 -2.897652864456176758e+00
3.926000000000000000e+03 -2.881384611129760742e+00
3.927000000000000000e+03 -2.909425735473632812e+00
3.928000000000000000e+03 -2.894140720367431641e+00
3.929000000000000000e+03 -2.907608270645141602e+00
3.930000000000000000e+03 -2.890917062759399414e+00
3.931000000000000000e+03 -2.912482023239135742e+00
3.932000000000000000e+03 -2.931568622589111328e+00
3.933000000000000000e+03 -2.901981115341186523e+00
3.934000000000000000e+03 -2.917497158050537109e+00
3.935000000000000000e+03 -2.904654502868652344e+00
3.936000000000000000e+03 -2.911937236785888672e+00
3.937000000000000000e+03 -2.895162820816040039e+00
3.938000000000000000e+03 -2.854321241378784180e+00
3.939000000000000000e+03 -2.870036125183105469e+00
3.940000000000000000e+03 -2.915645122528076172e+00
3.941000000000000000e+03 -2.919633865356445312e+00
3.942000000000000000e+03 -2.873275279998779297e+00
3.943000000000000000e+03 -2.879765272140502930e+00
3.944000000000000000e+03 -2.937682390213012695e+00
3.945000000000000000e+03 -2.880694866180419922e+00
3.946000000000000000e+03 -2.884027004241943359e+00
3.947000000000000000e+03 -2.881111383438110352e+00
3.948000000000000000e+03 -2.901607990264892578e+00
3.949000000000000000e+03 -2.923450708389282227e+00
3.950000000000000000e+03 -2.926949262619018555e+00
3.951000000000000000e+03 -2.911394357681274414e+00
3.952000000000000000e+03 -2.920868158340454102e+00
3.953000000000000000e+03 -2.897349119186401367e+00
3.954000000000000000e+03 -2.874757766723632812e+00
3.955000000000000000e+03 -2.913517236709594727e+00
3.956000000000000000e+03 -2.870709180831909180e+00
3.957000000000000000e+03 -2.900395870208740234e+00
3.958000000000000000e+03 -2.878877639770507812e+00
3.959000000000000000e+03 -2.897353887557983398e+00
3.960000000000000000e+03 -2.898896217346191406e+00
3.961000000000000000e+03 -2.874366044998168945e+00
3.962000000000000000e+03 -2.927157878875732422e+00
3.963000000000000000e+03 -2.921288013458251953e+00
3.964000000000000000e+03 -2.865413665771484375e+00
3.965000000000000000e+03 -2.928772926330566406e+00
3.966000000000000000e+03 -2.882732391357421875e+00
3.967000000000000000e+03 -2.905886888504028320e+00
3.968000000000000000e+03 -2.933237075805664062e+00
3.969000000000000000e+03 -2.887833833694458008e+00
3.970000000000000000e+03 -2.914985179901123047e+00
3.971000000000000000e+03 -2.964793443679809570e+00
3.972000000000000000e+03 -2.949889898300170898e+00
3.973000000000000000e+03 -2.914446592330932617e+00
3.974000000000000000e+03 -2.887352466583251953e+00
3.975000000000000000e+03 -2.889479875564575195e+00
3.976000000000000000e+03 -2.886463642120361328e+00
3.977000000000000000e+03 -2.932790994644165039e+00
3.978000000000000000e+03 -2.872570753097534180e+00
3.979000000000000000e+03 -2.908630371093750000e+00
3.980000000000000000e+03 -2.935745239257812500e+00
3.981000000000000000e+03 -2.886264085769653320e+00
3.982000000000000000e+03 -2.942852735519409180e+00
3.983000000000000000e+03 -2.903483867645263672e+00
3.984000000000000000e+03 -2.900901556015014648e+00
3.985000000000000000e+03 -2.867020368576049805e+00
3.986000000000000000e+03 -2.969835519790649414e+00
3.987000000000000000e+03 -2.926090717315673828e+00
3.988000000000000000e+03 -2.896681547164916992e+00
3.989000000000000000e+03 -2.876236200332641602e+00
3.990000000000000000e+03 -2.911202430725097656e+00
3.991000000000000000e+03 -2.842639923095703125e+00
3.992000000000000000e+03 -2.870881795883178711e+00
3.993000000000000000e+03 -2.879631042480468750e+00
3.994000000000000000e+03 -2.904267072677612305e+00
3.995000000000000000e+03 -2.958866834640502930e+00
3.996000000000000000e+03 -2.902118921279907227e+00
3.997000000000000000e+03 -2.920700550079345703e+00
3.998000000000000000e+03 -2.964979410171508789e+00
3.999000000000000000e+03 -2.928564548492431641e+00
4.000000000000000000e+03 -2.961783885955810547e+00
4.001000000000000000e+03 -2.891846418380737305e+00
4.002000000000000000e+03 -2.892996072769165039e+00
4.003000000000000000e+03 -2.902109622955322266e+00
4.004000000000000000e+03 -2.890475273132324219e+00
4.005000000000000000e+03 -2.898053169250488281e+00
4.006000000000000000e+03 -2.890020847320556641e+00
4.007000000000000000e+03 -2.912440299987792969e+00
4.008000000000000000e+03 -2.853671073913574219e+00
4.009000000000000000e+03 -2.904602050781250000e+00
4.010000000000000000e+03 -2.919031143188476562e+00
4.011000000000000000e+03 -2.888274669647216797e+00
4.012000000000000000e+03 -2.898746013641357422e+00
4.013000000000000000e+03 -2.907863616943359375e+00
4.014000000000000000e+03 -2.896876811981201172e+00
4.015000000000000000e+03 -2.997040510177612305e+00
4.016000000000000000e+03 -2.978038549423217773e+00
4.017000000000000000e+03 -2.939519166946411133e+00
4.018000000000000000e+03 -2.922725200653076172e+00
4.019000000000000000e+03 -2.928557872772216797e+00
4.020000000000000000e+03 -2.920248746871948242e+00
4.021000000000000000e+03 -2.894283056259155273e+00
4.022000000000000000e+03 -2.919513940811157227e+00
4.023000000000000000e+03 -2.913280963897705078e+00
4.024000000000000000e+03 -2.898851156234741211e+00
4.025000000000000000e+03 -2.881177186965942383e+00
4.026000000000000000e+03 -2.882451534271240234e+00
4.027000000000000000e+03 -2.895385742187500000e+00
4.028000000000000000e+03 -2.886401653289794922e+00
4.029000000000000000e+03 -2.950351953506469727e+00
4.030000000000000000e+03 -2.919873476028442383e+00
4.031000000000000000e+03 -2.904046058654785156e+00
4.032000000000000000e+03 -2.896793603897094727e+00
4.033000000000000000e+03 -2.879282236099243164e+00
4.034000000000000000e+03 -2.910582065582275391e+00
4.035000000000000000e+03 -2.895308256149291992e+00
4.036000000000000000e+03 -2.854927062988281250e+00
4.037000000000000000e+03 -2.924737691879272461e+00
4.038000000000000000e+03 -2.851483106613159180e+00
4.039000000000000000e+03 -2.907627344131469727e+00
4.040000000000000000e+03 -2.847178459167480469e+00
4.041000000000000000e+03 -2.847186803817749023e+00
4.042000000000000000e+03 -2.848201751708984375e+00
4.043000000000000000e+03 -2.784990787506103516e+00
4.044000000000000000e+03 -2.855238676071166992e+00
4.045000000000000000e+03 -2.890497207641601562e+00
4.046000000000000000e+03 -2.881128549575805664e+00
4.047000000000000000e+03 -2.863182067871093750e+00
4.048000000000000000e+03 -2.884353637695312500e+00
4.049000000000000000e+03 -2.903129100799560547e+00
4.050000000000000000e+03 -2.907442808151245117e+00
4.051000000000000000e+03 -2.916558504104614258e+00
4.052000000000000000e+03 -2.931557893753051758e+00
4.053000000000000000e+03 -2.921667575836181641e+00
4.054000000000000000e+03 -2.891844272613525391e+00
4.055000000000000000e+03 -2.933935880661010742e+00
4.056000000000000000e+03 -2.929818153381347656e+00
4.057000000000000000e+03 -2.905992031097412109e+00
4.058000000000000000e+03 -2.911547660827636719e+00
4.059000000000000000e+03 -2.921895265579223633e+00
4.060000000000000000e+03 -2.902359962463378906e+00
4.061000000000000000e+03 -2.911490201950073242e+00
4.062000000000000000e+03 -2.923631191253662109e+00
4.063000000000000000e+03 -2.970437288284301758e+00
4.064000000000000000e+03 -2.908015012741088867e+00
4.065000000000000000e+03 -2.892974376678466797e+00
4.066000000000000000e+03 -2.932928562164306641e+00
4.067000000000000000e+03 -2.960899591445922852e+00
4.068000000000000000e+03 -2.920508384704589844e+00
4.069000000000000000e+03 -2.954874277114868164e+00
4.070000000000000000e+03 -2.940502405166625977e+00
4.071000000000000000e+03 -2.953646898269653320e+00
4.072000000000000000e+03 -2.929780244827270508e+00
4.073000000000000000e+03 -2.928487062454223633e+00
4.074000000000000000e+03 -2.949362277984619141e+00
4.075000000000000000e+03 -2.943499326705932617e+00
4.076000000000000000e+03 -2.924940586090087891e+00
4.077000000000000000e+03 -2.957962989807128906e+00
4.078000000000000000e+03 -3.006363868713378906e+00
4.079000000000000000e+03 -2.940550565719604492e+00
4.080000000000000000e+03 -2.937424182891845703e+00
4.081000000000000000e+03 -2.963727712631225586e+00
4.082000000000000000e+03 -2.934071063995361328e+00
4.083000000000000000e+03 -2.924236774444580078e+00
4.084000000000000000e+03 -2.885558366775512695e+00
4.085000000000000000e+03 -2.878567695617675781e+00
4.086000000000000000e+03 -2.907936334609985352e+00
4.087000000000000000e+03 -2.895317554473876953e+00
4.088000000000000000e+03 -2.886139869689941406e+00
4.089000000000000000e+03 -2.903743267059326172e+00
4.090000000000000000e+03 -2.912224531173706055e+00
4.091000000000000000e+03 -2.884992599487304688e+00
4.092000000000000000e+03 -2.922156095504760742e+00
4.093000000000000000e+03 -2.917734146118164062e+00
4.094000000000000000e+03 -2.922404050827026367e+00
4.095000000000000000e+03 -2.881935834884643555e+00
4.096000000000000000e+03 -2.878548145294189453e+00
4.097000000000000000e+03 -2.911777734756469727e+00
4.098000000000000000e+03 -2.914866447448730469e+00
4.099000000000000000e+03 -2.899154901504516602e+00
4.100000000000000000e+03 -2.928236007690429688e+00
4.101000000000000000e+03 -2.938946247100830078e+00
4.102000000000000000e+03 -2.907894134521484375e+00
4.103000000000000000e+03 -2.916866064071655273e+00
4.104000000000000000e+03 -2.900693178176879883e+00
4.105000000000000000e+03 -2.885738372802734375e+00
4.106000000000000000e+03 -2.934860706329345703e+00
4.107000000000000000e+03 -2.957166194915771484e+00
4.108000000000000000e+03 -2.946041107177734375e+00
4.109000000000000000e+03 -2.902141332626342773e+00
4.110000000000000000e+03 -2.942288398742675781e+00
4.111000000000000000e+03 -2.934796094894409180e+00
4.112000000000000000e+03 -2.921271085739135742e+00
4.113000000000000000e+03 -2.874666929244995117e+00
4.114000000000000000e+03 -2.848737716674804688e+00
4.115000000000000000e+03 -2.886559963226318359e+00
4.116000000000000000e+03 -2.863409519195556641e+00
4.117000000000000000e+03 -2.848142147064208984e+00
4.118000000000000000e+03 -2.876102924346923828e+00
4.119000000000000000e+03 -2.842109203338623047e+00
4.120000000000000000e+03 -2.858074665069580078e+00
4.121000000000000000e+03 -2.882672071456909180e+00
4.122000000000000000e+03 -2.898786544799804688e+00
4.123000000000000000e+03 -2.837252616882324219e+00
4.124000000000000000e+03 -2.909138917922973633e+00
4.125000000000000000e+03 -2.911655187606811523e+00
4.126000000000000000e+03 -2.897787332534790039e+00
4.127000000000000000e+03 -2.923562765121459961e+00
4.128000000000000000e+03 -2.909822702407836914e+00
4.129000000000000000e+03 -2.927863597869873047e+00
4.130000000000000000e+03 -2.911216020584106445e+00
4.131000000000000000e+03 -2.972441911697387695e+00
4.132000000000000000e+03 -2.943662405014038086e+00
4.133000000000000000e+03 -2.965970039367675781e+00
4.134000000000000000e+03 -2.920440912246704102e+00
4.135000000000000000e+03 -2.901430130004882812e+00
4.136000000000000000e+03 -2.898514270782470703e+00
4.137000000000000000e+03 -2.915634870529174805e+00
4.138000000000000000e+03 -2.965206623077392578e+00
4.139000000000000000e+03 -2.946244239807128906e+00
4.140000000000000000e+03 -2.921515703201293945e+00
4.141000000000000000e+03 -2.922714471817016602e+00
4.142000000000000000e+03 -2.936036586761474609e+00
4.143000000000000000e+03 -2.921420097351074219e+00
4.144000000000000000e+03 -2.943147182464599609e+00
4.145000000000000000e+03 -2.936124324798583984e+00
4.146000000000000000e+03 -2.935777187347412109e+00
4.147000000000000000e+03 -2.974526643753051758e+00
4.148000000000000000e+03 -2.892130136489868164e+00
4.149000000000000000e+03 -2.919262409210205078e+00
4.150000000000000000e+03 -2.933350086212158203e+00
4.151000000000000000e+03 -2.866802215576171875e+00
4.152000000000000000e+03 -2.926291465759277344e+00
4.153000000000000000e+03 -2.879975557327270508e+00
4.154000000000000000e+03 -2.915645837783813477e+00
4.155000000000000000e+03 -2.874997615814208984e+00
4.156000000000000000e+03 -2.877754688262939453e+00
4.157000000000000000e+03 -2.878879070281982422e+00
4.158000000000000000e+03 -2.894488334655761719e+00
4.159000000000000000e+03 -2.890422105789184570e+00
4.160000000000000000e+03 -2.917299509048461914e+00
4.161000000000000000e+03 -2.917299032211303711e+00
4.162000000000000000e+03 -2.952342987060546875e+00
4.163000000000000000e+03 -2.958991765975952148e+00
4.164000000000000000e+03 -2.914430618286132812e+00
4.165000000000000000e+03 -2.935730934143066406e+00
4.166000000000000000e+03 -2.884590864181518555e+00
4.167000000000000000e+03 -2.936186552047729492e+00
4.168000000000000000e+03 -2.922303676605224609e+00
4.169000000000000000e+03 -2.924310207366943359e+00
4.170000000000000000e+03 -2.927399158477783203e+00
4.171000000000000000e+03 -2.904497385025024414e+00
4.172000000000000000e+03 -2.881762504577636719e+00
4.173000000000000000e+03 -2.902946472167968750e+00
4.174000000000000000e+03 -2.912002086639404297e+00
4.175000000000000000e+03 -2.915575742721557617e+00
4.176000000000000000e+03 -2.920767307281494141e+00
4.177000000000000000e+03 -2.860158681869506836e+00
4.178000000000000000e+03 -2.917961597442626953e+00
4.179000000000000000e+03 -2.891862869262695312e+00
4.180000000000000000e+03 -2.868532419204711914e+00
4.181000000000000000e+03 -2.871746778488159180e+00
4.182000000000000000e+03 -2.875475645065307617e+00
4.183000000000000000e+03 -2.857664585113525391e+00
4.184000000000000000e+03 -2.889174699783325195e+00
4.185000000000000000e+03 -2.922021865844726562e+00
4.186000000000000000e+03 -2.857662916183471680e+00
4.187000000000000000e+03 -2.917873859405517578e+00
4.188000000000000000e+03 -2.921568155288696289e+00
4.189000000000000000e+03 -2.925272941589355469e+00
4.190000000000000000e+03 -2.948189735412597656e+00
4.191000000000000000e+03 -2.917107820510864258e+00
4.192000000000000000e+03 -2.921634674072265625e+00
4.193000000000000000e+03 -2.918649196624755859e+00
4.194000000000000000e+03 -2.917982578277587891e+00
4.195000000000000000e+03 -2.886458873748779297e+00
4.196000000000000000e+03 -2.893515586853027344e+00
4.197000000000000000e+03 -2.892756938934326172e+00
4.198000000000000000e+03 -2.896667242050170898e+00
4.199000000000000000e+03 -2.966978073120117188e+00
4.200000000000000000e+03 -2.928895235061645508e+00
4.201000000000000000e+03 -2.902883768081665039e+00
4.202000000000000000e+03 -2.922644138336181641e+00
4.203000000000000000e+03 -2.903317213058471680e+00
4.204000000000000000e+03 -2.964206218719482422e+00
4.205000000000000000e+03 -2.958440065383911133e+00
4.206000000000000000e+03 -2.905983209609985352e+00
4.207000000000000000e+03 -2.930522680282592773e+00
4.208000000000000000e+03 -2.934979915618896484e+00
4.209000000000000000e+03 -2.924962043762207031e+00
4.210000000000000000e+03 -2.940459728240966797e+00
4.211000000000000000e+03 -2.917981386184692383e+00
4.212000000000000000e+03 -2.927303314208984375e+00
4.213000000000000000e+03 -2.892473459243774414e+00
4.214000000000000000e+03 -2.871900081634521484e+00
4.215000000000000000e+03 -2.862451553344726562e+00
4.216000000000000000e+03 -2.902734518051147461e+00
4.217000000000000000e+03 -2.927683353424072266e+00
4.218000000000000000e+03 -2.929699897766113281e+00
4.219000000000000000e+03 -2.935123682022094727e+00
4.220000000000000000e+03 -2.899828672409057617e+00
4.221000000000000000e+03 -2.974704265594482422e+00
4.222000000000000000e+03 -2.910034418106079102e+00
4.223000000000000000e+03 -2.893224239349365234e+00
4.224000000000000000e+03 -2.918311119079589844e+00
4.225000000000000000e+03 -2.872498035430908203e+00
4.226000000000000000e+03 -2.857150077819824219e+00
4.227000000000000000e+03 -2.853588342666625977e+00
4.228000000000000000e+03 -2.847890377044677734e+00
4.229000000000000000e+03 -2.870986938476562500e+00
4.230000000000000000e+03 -2.887576103210449219e+00
4.231000000000000000e+03 -2.856223106384277344e+00
4.232000000000000000e+03 -2.905103206634521484e+00
4.233000000000000000e+03 -2.866497516632080078e+00
4.234000000000000000e+03 -2.862008571624755859e+00
4.235000000000000000e+03 -2.873628139495849609e+00
4.236000000000000000e+03 -2.898416042327880859e+00
4.237000000000000000e+03 -2.867005586624145508e+00
4.238000000000000000e+03 -2.866588354110717773e+00
4.239000000000000000e+03 -2.890280485153198242e+00
4.240000000000000000e+03 -2.861586809158325195e+00
4.241000000000000000e+03 -2.838959693908691406e+00
4.242000000000000000e+03 -2.887194633483886719e+00
4.243000000000000000e+03 -2.857839822769165039e+00
4.244000000000000000e+03 -2.824602842330932617e+00
4.245000000000000000e+03 -2.885555267333984375e+00
4.246000000000000000e+03 -2.873188495635986328e+00
4.247000000000000000e+03 -2.847849130630493164e+00
4.248000000000000000e+03 -2.844791412353515625e+00
4.249000000000000000e+03 -2.806817531585693359e+00
4.250000000000000000e+03 -2.814014911651611328e+00
4.251000000000000000e+03 -2.831286907196044922e+00
4.252000000000000000e+03 -2.825194835662841797e+00
4.253000000000000000e+03 -2.853963375091552734e+00
4.254000000000000000e+03 -2.850819110870361328e+00
4.255000000000000000e+03 -2.873860359191894531e+00
4.256000000000000000e+03 -2.910789966583251953e+00
4.257000000000000000e+03 -2.870863914489746094e+00
4.258000000000000000e+03 -2.892174959182739258e+00
4.259000000000000000e+03 -2.798132419586181641e+00
4.260000000000000000e+03 -2.856794118881225586e+00
4.261000000000000000e+03 -2.841855525970458984e+00
4.262000000000000000e+03 -2.840310335159301758e+00
4.263000000000000000e+03 -2.846011161804199219e+00
4.264000000000000000e+03 -2.849902868270874023e+00
4.265000000000000000e+03 -2.805501699447631836e+00
4.266000000000000000e+03 -2.787850379943847656e+00
4.267000000000000000e+03 -2.755545139312744141e+00
4.268000000000000000e+03 -2.797891616821289062e+00
4.269000000000000000e+03 -2.845770597457885742e+00
4.270000000000000000e+03 -2.777638435363769531e+00
4.271000000000000000e+03 -2.844985246658325195e+00
4.272000000000000000e+03 -2.859997272491455078e+00
4.273000000000000000e+03 -2.877734899520874023e+00
4.274000000000000000e+03 -2.890940189361572266e+00
4.275000000000000000e+03 -2.871667385101318359e+00
4.276000000000000000e+03 -2.843578577041625977e+00
4.277000000000000000e+03 -2.880157232284545898e+00
4.278000000000000000e+03 -2.931396245956420898e+00
4.279000000000000000e+03 -2.924025297164916992e+00
4.280000000000000000e+03 -2.911178827285766602e+00
4.281000000000000000e+03 -2.878395318984985352e+00
4.282000000000000000e+03 -2.872053861618041992e+00
4.283000000000000000e+03 -2.875356674194335938e+00
4.284000000000000000e+03 -2.861140727996826172e+00
4.285000000000000000e+03 -2.844139814376831055e+00
4.286000000000000000e+03 -2.864399909973144531e+00
4.287000000000000000e+03 -2.858432769775390625e+00
4.288000000000000000e+03 -2.863023042678833008e+00
4.289000000000000000e+03 -2.890719890594482422e+00
4.290000000000000000e+03 -2.828728437423706055e+00
4.291000000000000000e+03 -2.885350942611694336e+00
4.292000000000000000e+03 -2.852185726165771484e+00
4.293000000000000000e+03 -2.824407100677490234e+00
4.294000000000000000e+03 -2.871144056320190430e+00
4.295000000000000000e+03 -2.828283786773681641e+00
4.296000000000000000e+03 -2.832381963729858398e+00
4.297000000000000000e+03 -2.878001451492309570e+00
4.298000000000000000e+03 -2.810450792312622070e+00
4.299000000000000000e+03 -2.816181421279907227e+00
4.300000000000000000e+03 -2.817452430725097656e+00
4.301000000000000000e+03 -2.843528985977172852e+00
4.302000000000000000e+03 -2.800026178359985352e+00
4.303000000000000000e+03 -2.824431180953979492e+00
4.304000000000000000e+03 -2.839753150939941406e+00
4.305000000000000000e+03 -2.817503213882446289e+00
4.306000000000000000e+03 -2.791639089584350586e+00
4.307000000000000000e+03 -2.846311569213867188e+00
4.308000000000000000e+03 -2.827071428298950195e+00
4.309000000000000000e+03 -2.827572345733642578e+00
4.310000000000000000e+03 -2.820031881332397461e+00
4.311000000000000000e+03 -2.850886344909667969e+00
4.312000000000000000e+03 -2.801840305328369141e+00
4.313000000000000000e+03 -2.838403224945068359e+00
4.314000000000000000e+03 -2.832056999206542969e+00
4.315000000000000000e+03 -2.821402072906494141e+00
4.316000000000000000e+03 -2.802984714508056641e+00
4.317000000000000000e+03 -2.821698665618896484e+00
4.318000000000000000e+03 -2.828027248382568359e+00
4.319000000000000000e+03 -2.834283351898193359e+00
4.320000000000000000e+03 -2.866413831710815430e+00
4.321000000000000000e+03 -2.818861484527587891e+00
4.322000000000000000e+03 -2.837729692459106445e+00
4.323000000000000000e+03 -2.837674617767333984e+00
4.324000000000000000e+03 -2.847996234893798828e+00
4.325000000000000000e+03 -2.862850666046142578e+00
4.326000000000000000e+03 -2.812676191329956055e+00
4.327000000000000000e+03 -2.796568870544433594e+00
4.328000000000000000e+03 -2.792929649353027344e+00
4.329000000000000000e+03 -2.812692403793334961e+00
4.330000000000000000e+03 -2.802348613739013672e+00
4.331000000000000000e+03 -2.827027320861816406e+00
4.332000000000000000e+03 -2.877781152725219727e+00
4.333000000000000000e+03 -2.848107337951660156e+00
4.334000000000000000e+03 -2.831214666366577148e+00
4.335000000000000000e+03 -2.826127529144287109e+00
4.336000000000000000e+03 -2.794237375259399414e+00
4.337000000000000000e+03 -2.812839746475219727e+00
4.338000000000000000e+03 -2.835924625396728516e+00
4.339000000000000000e+03 -2.848700284957885742e+00
4.340000000000000000e+03 -2.836543083190917969e+00
4.341000000000000000e+03 -2.789980173110961914e+00
4.342000000000000000e+03 -2.829592466354370117e+00
4.343000000000000000e+03 -2.787924766540527344e+00
4.344000000000000000e+03 -2.764468908309936523e+00
4.345000000000000000e+03 -2.751999616622924805e+00
4.346000000000000000e+03 -2.775810718536376953e+00
4.347000000000000000e+03 -2.813197612762451172e+00
4.348000000000000000e+03 -2.772861719131469727e+00
4.349000000000000000e+03 -2.786410808563232422e+00
4.350000000000000000e+03 -2.754400968551635742e+00
4.351000000000000000e+03 -2.791477918624877930e+00
4.352000000000000000e+03 -2.767228841781616211e+00
4.353000000000000000e+03 -2.815952539443969727e+00
4.354000000000000000e+03 -2.799674510955810547e+00
4.355000000000000000e+03 -2.859242916107177734e+00
4.356000000000000000e+03 -2.833885669708251953e+00
4.357000000000000000e+03 -2.875378608703613281e+00
4.358000000000000000e+03 -2.846498012542724609e+00
4.359000000000000000e+03 -2.872475624084472656e+00
4.360000000000000000e+03 -2.865606784820556641e+00
4.361000000000000000e+03 -2.866313219070434570e+00
4.362000000000000000e+03 -2.867529153823852539e+00
4.363000000000000000e+03 -2.853951215744018555e+00
4.364000000000000000e+03 -2.809386253356933594e+00
4.365000000000000000e+03 -2.852819919586181641e+00
4.366000000000000000e+03 -2.869779109954833984e+00
4.367000000000000000e+03 -2.849369049072265625e+00
4.368000000000000000e+03 -2.818114519119262695e+00
4.369000000000000000e+03 -2.806768655776977539e+00
4.370000000000000000e+03 -2.828892230987548828e+00
4.371000000000000000e+03 -2.833496093750000000e+00
4.372000000000000000e+03 -2.883783817291259766e+00
4.373000000000000000e+03 -2.886189699172973633e+00
4.374000000000000000e+03 -2.880491495132446289e+00
4.375000000000000000e+03 -2.855830907821655273e+00
4.376000000000000000e+03 -2.830940723419189453e+00
4.377000000000000000e+03 -2.821879386901855469e+00
4.378000000000000000e+03 -2.855558872222900391e+00
4.379000000000000000e+03 -2.831800699234008789e+00
4.380000000000000000e+03 -2.841226339340209961e+00
4.381000000000000000e+03 -2.854610681533813477e+00
4.382000000000000000e+03 -2.830734729766845703e+00
4.383000000000000000e+03 -2.839077472686767578e+00
4.384000000000000000e+03 -2.846331357955932617e+00
4.385000000000000000e+03 -2.835294961929321289e+00
4.386000000000000000e+03 -2.842649459838867188e+00
4.387000000000000000e+03 -2.819990158081054688e+00
4.388000000000000000e+03 -2.857972621917724609e+00
4.389000000000000000e+03 -2.848100423812866211e+00
4.390000000000000000e+03 -2.870247840881347656e+00
4.391000000000000000e+03 -2.896712064743041992e+00
4.392000000000000000e+03 -2.945683240890502930e+00
4.393000000000000000e+03 -2.922164201736450195e+00
4.394000000000000000e+03 -2.899815559387207031e+00
4.395000000000000000e+03 -2.901224136352539062e+00
4.396000000000000000e+03 -2.909954547882080078e+00
4.397000000000000000e+03 -2.851905822753906250e+00
4.398000000000000000e+03 -2.895577192306518555e+00
4.399000000000000000e+03 -2.890499591827392578e+00
4.400000000000000000e+03 -2.852401733398437500e+00
4.401000000000000000e+03 -2.835791826248168945e+00
4.402000000000000000e+03 -2.894553661346435547e+00
4.403000000000000000e+03 -2.887434720993041992e+00
4.404000000000000000e+03 -2.885001182556152344e+00
4.405000000000000000e+03 -2.861012458801269531e+00
4.406000000000000000e+03 -2.898283004760742188e+00
4.407000000000000000e+03 -2.899856328964233398e+00
4.408000000000000000e+03 -2.916896820068359375e+00
4.409000000000000000e+03 -2.855621337890625000e+00
4.410000000000000000e+03 -2.904422760009765625e+00
4.411000000000000000e+03 -2.879899501800537109e+00
4.412000000000000000e+03 -2.893457889556884766e+00
4.413000000000000000e+03 -2.902257204055786133e+00
4.414000000000000000e+03 -2.856872320175170898e+00
4.415000000000000000e+03 -2.863256216049194336e+00
4.416000000000000000e+03 -2.885236978530883789e+00
4.417000000000000000e+03 -2.821855783462524414e+00
4.418000000000000000e+03 -2.870094060897827148e+00
4.419000000000000000e+03 -2.882032632827758789e+00
4.420000000000000000e+03 -2.859201908111572266e+00
4.421000000000000000e+03 -2.876263618469238281e+00
4.422000000000000000e+03 -2.907307386398315430e+00
4.423000000000000000e+03 -2.900390386581420898e+00
4.424000000000000000e+03 -2.869560480117797852e+00
4.425000000000000000e+03 -2.844827651977539062e+00
4.426000000000000000e+03 -2.887369871139526367e+00
4.427000000000000000e+03 -2.888216257095336914e+00
4.428000000000000000e+03 -2.892096281051635742e+00
4.429000000000000000e+03 -2.878910064697265625e+00
4.430000000000000000e+03 -2.914934158325195312e+00
4.431000000000000000e+03 -2.938941717147827148e+00
4.432000000000000000e+03 -2.905016660690307617e+00
4.433000000000000000e+03 -2.881599426269531250e+00
4.434000000000000000e+03 -2.887500762939453125e+00
4.435000000000000000e+03 -2.862494707107543945e+00
4.436000000000000000e+03 -2.854607582092285156e+00
4.437000000000000000e+03 -2.847636222839355469e+00
4.438000000000000000e+03 -2.872295141220092773e+00
4.439000000000000000e+03 -2.860716342926025391e+00
4.440000000000000000e+03 -2.829178333282470703e+00
4.441000000000000000e+03 -2.855362892150878906e+00
4.442000000000000000e+03 -2.866014957427978516e+00
4.443000000000000000e+03 -2.864403009414672852e+00
4.444000000000000000e+03 -2.905130386352539062e+00
4.445000000000000000e+03 -2.881062507629394531e+00
4.446000000000000000e+03 -2.858542919158935547e+00
4.447000000000000000e+03 -2.888344764709472656e+00
4.448000000000000000e+03 -2.882549285888671875e+00
4.449000000000000000e+03 -2.848650693893432617e+00
4.450000000000000000e+03 -2.816248893737792969e+00
4.451000000000000000e+03 -2.824292659759521484e+00
4.452000000000000000e+03 -2.859620571136474609e+00
4.453000000000000000e+03 -2.857708454132080078e+00
4.454000000000000000e+03 -2.861834526062011719e+00
4.455000000000000000e+03 -2.870933294296264648e+00
4.456000000000000000e+03 -2.872993707656860352e+00
4.457000000000000000e+03 -2.857738494873046875e+00
4.458000000000000000e+03 -2.855484962463378906e+00
4.459000000000000000e+03 -2.889892578125000000e+00
4.460000000000000000e+03 -2.876014947891235352e+00
4.461000000000000000e+03 -2.850205898284912109e+00
4.462000000000000000e+03 -2.857934951782226562e+00
4.463000000000000000e+03 -2.848511934280395508e+00
4.464000000000000000e+03 -2.838381290435791016e+00
4.465000000000000000e+03 -2.840301513671875000e+00
4.466000000000000000e+03 -2.814275264739990234e+00
4.467000000000000000e+03 -2.841274499893188477e+00
4.468000000000000000e+03 -2.850703477859497070e+00
4.469000000000000000e+03 -2.911149024963378906e+00
4.470000000000000000e+03 -2.870019912719726562e+00
4.471000000000000000e+03 -2.831733942031860352e+00
4.472000000000000000e+03 -2.829115629196166992e+00
4.473000000000000000e+03 -2.815812110900878906e+00
4.474000000000000000e+03 -2.817580938339233398e+00
4.475000000000000000e+03 -2.842579364776611328e+00
4.476000000000000000e+03 -2.898697376251220703e+00
4.477000000000000000e+03 -2.897228717803955078e+00
4.478000000000000000e+03 -2.872506380081176758e+00
4.479000000000000000e+03 -2.872349500656127930e+00
4.480000000000000000e+03 -2.914861917495727539e+00
4.481000000000000000e+03 -2.886255741119384766e+00
4.482000000000000000e+03 -2.919898748397827148e+00
4.483000000000000000e+03 -2.909720182418823242e+00
4.484000000000000000e+03 -2.881969690322875977e+00
4.485000000000000000e+03 -2.870644569396972656e+00
4.486000000000000000e+03 -2.863059759140014648e+00
4.487000000000000000e+03 -2.866533279418945312e+00
4.488000000000000000e+03 -2.795596361160278320e+00
4.489000000000000000e+03 -2.865919589996337891e+00
4.490000000000000000e+03 -2.854704618453979492e+00
4.491000000000000000e+03 -2.875001192092895508e+00
4.492000000000000000e+03 -2.869719505310058594e+00
4.493000000000000000e+03 -2.857648372650146484e+00
4.494000000000000000e+03 -2.852572202682495117e+00
4.495000000000000000e+03 -2.836510181427001953e+00
4.496000000000000000e+03 -2.891230583190917969e+00
4.497000000000000000e+03 -2.871089220046997070e+00
4.498000000000000000e+03 -2.913742303848266602e+00
4.499000000000000000e+03 -2.871753692626953125e+00
4.500000000000000000e+03 -2.872023344039916992e+00
4.501000000000000000e+03 -2.876569032669067383e+00
4.502000000000000000e+03 -2.872149467468261719e+00
4.503000000000000000e+03 -2.826759576797485352e+00
4.504000000000000000e+03 -2.859267950057983398e+00
4.505000000000000000e+03 -2.867214202880859375e+00
4.506000000000000000e+03 -2.860410213470458984e+00
4.507000000000000000e+03 -2.863843441009521484e+00
4.508000000000000000e+03 -2.894216537475585938e+00
4.509000000000000000e+03 -2.891307830810546875e+00
4.510000000000000000e+03 -2.863960266113281250e+00
4.511000000000000000e+03 -2.897014141082763672e+00
4.512000000000000000e+03 -2.910967350006103516e+00
4.513000000000000000e+03 -2.861672401428222656e+00
4.514000000000000000e+03 -2.881485939025878906e+00
4.515000000000000000e+03 -2.864045381546020508e+00
4.516000000000000000e+03 -2.850193023681640625e+00
4.517000000000000000e+03 -2.887730598449707031e+00
4.518000000000000000e+03 -2.831415176391601562e+00
4.519000000000000000e+03 -2.813015222549438477e+00
4.520000000000000000e+03 -2.802702903747558594e+00
4.521000000000000000e+03 -2.832507848739624023e+00
4.522000000000000000e+03 -2.834356784820556641e+00
4.523000000000000000e+03 -2.821031808853149414e+00
4.524000000000000000e+03 -2.867704629898071289e+00
4.525000000000000000e+03 -2.832966089248657227e+00
4.526000000000000000e+03 -2.806143760681152344e+00
4.527000000000000000e+03 -2.817952156066894531e+00
4.528000000000000000e+03 -2.819159984588623047e+00
4.529000000000000000e+03 -2.833615064620971680e+00
4.530000000000000000e+03 -2.816679000854492188e+00
4.531000000000000000e+03 -2.834611892700195312e+00
4.532000000000000000e+03 -2.830212354660034180e+00
4.533000000000000000e+03 -2.838366508483886719e+00
4.534000000000000000e+03 -2.793155670166015625e+00
4.535000000000000000e+03 -2.852259874343872070e+00
4.536000000000000000e+03 -2.857545137405395508e+00
4.537000000000000000e+03 -2.878999233245849609e+00
4.538000000000000000e+03 -2.846625804901123047e+00
4.539000000000000000e+03 -2.848998785018920898e+00
4.540000000000000000e+03 -2.807467937469482422e+00
4.541000000000000000e+03 -2.906104803085327148e+00
4.542000000000000000e+03 -2.875763654708862305e+00
4.543000000000000000e+03 -2.867635965347290039e+00
4.544000000000000000e+03 -2.885286569595336914e+00
4.545000000000000000e+03 -2.864209651947021484e+00
4.546000000000000000e+03 -2.814186811447143555e+00
4.547000000000000000e+03 -2.807898283004760742e+00
4.548000000000000000e+03 -2.819442272186279297e+00
4.549000000000000000e+03 -2.836091518402099609e+00
4.550000000000000000e+03 -2.899383068084716797e+00
4.551000000000000000e+03 -2.841080427169799805e+00
4.552000000000000000e+03 -2.876170158386230469e+00
4.553000000000000000e+03 -2.868265867233276367e+00
4.554000000000000000e+03 -2.881919384002685547e+00
4.555000000000000000e+03 -2.877776384353637695e+00
4.556000000000000000e+03 -2.841707229614257812e+00
4.557000000000000000e+03 -2.837348222732543945e+00
4.558000000000000000e+03 -2.891668796539306641e+00
4.559000000000000000e+03 -2.936208486557006836e+00
4.560000000000000000e+03 -2.897674798965454102e+00
4.561000000000000000e+03 -2.895371675491333008e+00
4.562000000000000000e+03 -2.869320869445800781e+00
4.563000000000000000e+03 -2.869064331054687500e+00
4.564000000000000000e+03 -2.871608257293701172e+00
4.565000000000000000e+03 -2.887691497802734375e+00
4.566000000000000000e+03 -2.919556140899658203e+00
4.567000000000000000e+03 -2.884511470794677734e+00
4.568000000000000000e+03 -2.944285154342651367e+00
4.569000000000000000e+03 -2.937486648559570312e+00
4.570000000000000000e+03 -2.896281719207763672e+00
4.571000000000000000e+03 -2.924901723861694336e+00
4.572000000000000000e+03 -2.905917644500732422e+00
4.573000000000000000e+03 -2.873907089233398438e+00
4.574000000000000000e+03 -2.865434885025024414e+00
4.575000000000000000e+03 -2.846053600311279297e+00
4.576000000000000000e+03 -2.848527431488037109e+00
4.577000000000000000e+03 -2.848556995391845703e+00
4.578000000000000000e+03 -2.896957397460937500e+00
4.579000000000000000e+03 -2.856589078903198242e+00
4.580000000000000000e+03 -2.815070390701293945e+00
4.581000000000000000e+03 -2.804405927658081055e+00
4.582000000000000000e+03 -2.837690114974975586e+00
4.583000000000000000e+03 -2.849681377410888672e+00
4.584000000000000000e+03 -2.851427078247070312e+00
4.585000000000000000e+03 -2.873552083969116211e+00
4.586000000000000000e+03 -2.846686363220214844e+00
4.587000000000000000e+03 -2.773267507553100586e+00
4.588000000000000000e+03 -2.788560152053833008e+00
4.589000000000000000e+03 -2.804531097412109375e+00
4.590000000000000000e+03 -2.858814239501953125e+00
4.591000000000000000e+03 -2.857685565948486328e+00
4.592000000000000000e+03 -2.876128673553466797e+00
4.593000000000000000e+03 -2.901259183883666992e+00
4.594000000000000000e+03 -2.845383882522583008e+00
4.595000000000000000e+03 -2.858466863632202148e+00
4.596000000000000000e+03 -2.878095388412475586e+00
4.597000000000000000e+03 -2.819451093673706055e+00
4.598000000000000000e+03 -2.848963260650634766e+00
4.599000000000000000e+03 -2.871270179748535156e+00
4.600000000000000000e+03 -2.847037553787231445e+00
4.601000000000000000e+03 -2.869228839874267578e+00
4.602000000000000000e+03 -2.881257534027099609e+00
4.603000000000000000e+03 -2.883100748062133789e+00
4.604000000000000000e+03 -2.926222085952758789e+00
4.605000000000000000e+03 -2.891226530075073242e+00
4.606000000000000000e+03 -2.892795562744140625e+00
4.607000000000000000e+03 -2.900962114334106445e+00
4.608000000000000000e+03 -2.884727954864501953e+00
4.609000000000000000e+03 -2.905427455902099609e+00
4.610000000000000000e+03 -2.912089586257934570e+00
4.611000000000000000e+03 -2.845275402069091797e+00
4.612000000000000000e+03 -2.834010362625122070e+00
4.613000000000000000e+03 -2.812449455261230469e+00
4.614000000000000000e+03 -2.839459657669067383e+00
4.615000000000000000e+03 -2.872975826263427734e+00
4.616000000000000000e+03 -2.847492694854736328e+00
4.617000000000000000e+03 -2.843886137008666992e+00
4.618000000000000000e+03 -2.819666385650634766e+00
4.619000000000000000e+03 -2.840886592864990234e+00
4.620000000000000000e+03 -2.845469236373901367e+00
4.621000000000000000e+03 -2.873308181762695312e+00
4.622000000000000000e+03 -2.885658025741577148e+00
4.623000000000000000e+03 -2.858672380447387695e+00
4.624000000000000000e+03 -2.839735507965087891e+00
4.625000000000000000e+03 -2.831992149353027344e+00
4.626000000000000000e+03 -2.860677957534790039e+00
4.627000000000000000e+03 -2.870879650115966797e+00
4.628000000000000000e+03 -2.898517608642578125e+00
4.629000000000000000e+03 -2.869344234466552734e+00
4.630000000000000000e+03 -2.854204654693603516e+00
4.631000000000000000e+03 -2.852993488311767578e+00
4.632000000000000000e+03 -2.851593732833862305e+00
4.633000000000000000e+03 -2.888898372650146484e+00
4.634000000000000000e+03 -2.921342849731445312e+00
4.635000000000000000e+03 -2.882187843322753906e+00
4.636000000000000000e+03 -2.887912511825561523e+00
4.637000000000000000e+03 -2.860708236694335938e+00
4.638000000000000000e+03 -2.837052822113037109e+00
4.639000000000000000e+03 -2.833023309707641602e+00
4.640000000000000000e+03 -2.852371454238891602e+00
4.641000000000000000e+03 -2.860186100006103516e+00
4.642000000000000000e+03 -2.911963701248168945e+00
4.643000000000000000e+03 -2.897890329360961914e+00
4.644000000000000000e+03 -2.870110273361206055e+00
4.645000000000000000e+03 -2.913431644439697266e+00
4.646000000000000000e+03 -2.889919281005859375e+00
4.647000000000000000e+03 -2.908379793167114258e+00
4.648000000000000000e+03 -2.901936054229736328e+00
4.649000000000000000e+03 -2.924322128295898438e+00
4.650000000000000000e+03 -2.930614948272705078e+00
4.651000000000000000e+03 -2.934544563293457031e+00
4.652000000000000000e+03 -2.908745765686035156e+00
4.653000000000000000e+03 -2.912633419036865234e+00
4.654000000000000000e+03 -2.882966518402099609e+00
4.655000000000000000e+03 -2.870675086975097656e+00
4.656000000000000000e+03 -2.901755094528198242e+00
4.657000000000000000e+03 -2.892336130142211914e+00
4.658000000000000000e+03 -2.890053272247314453e+00
4.659000000000000000e+03 -2.827707290649414062e+00
4.660000000000000000e+03 -2.878696441650390625e+00
4.661000000000000000e+03 -2.892743587493896484e+00
4.662000000000000000e+03 -2.891431808471679688e+00
4.663000000000000000e+03 -2.877937316894531250e+00
4.664000000000000000e+03 -2.908163070678710938e+00
4.665000000000000000e+03 -2.878720521926879883e+00
4.666000000000000000e+03 -2.879929065704345703e+00
4.667000000000000000e+03 -2.894360780715942383e+00
4.668000000000000000e+03 -2.877775430679321289e+00
4.669000000000000000e+03 -2.867814540863037109e+00
4.670000000000000000e+03 -2.839925765991210938e+00
4.671000000000000000e+03 -2.882737874984741211e+00
4.672000000000000000e+03 -2.891785383224487305e+00
4.673000000000000000e+03 -2.840267181396484375e+00
4.674000000000000000e+03 -2.888640880584716797e+00
4.675000000000000000e+03 -2.841208457946777344e+00
4.676000000000000000e+03 -2.882269859313964844e+00
4.677000000000000000e+03 -2.902992248535156250e+00
4.678000000000000000e+03 -2.904837369918823242e+00
4.679000000000000000e+03 -2.885151386260986328e+00
4.680000000000000000e+03 -2.916184186935424805e+00
4.681000000000000000e+03 -2.861820936203002930e+00
4.682000000000000000e+03 -2.893691062927246094e+00
4.683000000000000000e+03 -2.890496015548706055e+00
4.684000000000000000e+03 -2.861769199371337891e+00
4.685000000000000000e+03 -2.885924100875854492e+00
4.686000000000000000e+03 -2.888289451599121094e+00
4.687000000000000000e+03 -2.909776210784912109e+00
4.688000000000000000e+03 -2.893419504165649414e+00
4.689000000000000000e+03 -2.896766662597656250e+00
4.690000000000000000e+03 -2.898062705993652344e+00
4.691000000000000000e+03 -2.923094987869262695e+00
4.692000000000000000e+03 -2.865097761154174805e+00
4.693000000000000000e+03 -2.899996280670166016e+00
4.694000000000000000e+03 -2.889096260070800781e+00
4.695000000000000000e+03 -2.876449108123779297e+00
4.696000000000000000e+03 -2.928490877151489258e+00
4.697000000000000000e+03 -2.874982118606567383e+00
4.698000000000000000e+03 -2.859863519668579102e+00
4.699000000000000000e+03 -2.835674285888671875e+00
4.700000000000000000e+03 -2.896431207656860352e+00
4.701000000000000000e+03 -2.887934207916259766e+00
4.702000000000000000e+03 -2.846112012863159180e+00
4.703000000000000000e+03 -2.867368459701538086e+00
4.704000000000000000e+03 -2.910923719406127930e+00
4.705000000000000000e+03 -2.933579444885253906e+00
4.706000000000000000e+03 -2.887478590011596680e+00
4.707000000000000000e+03 -2.962470531463623047e+00
4.708000000000000000e+03 -2.915386676788330078e+00
4.709000000000000000e+03 -2.905630826950073242e+00
4.710000000000000000e+03 -2.935568809509277344e+00
4.711000000000000000e+03 -2.900534629821777344e+00
4.712000000000000000e+03 -2.852002620697021484e+00
4.713000000000000000e+03 -2.842326402664184570e+00
4.714000000000000000e+03 -2.849010705947875977e+00
4.715000000000000000e+03 -2.900439262390136719e+00
4.716000000000000000e+03 -2.876061201095581055e+00
4.717000000000000000e+03 -2.887791395187377930e+00
4.718000000000000000e+03 -2.911335468292236328e+00
4.719000000000000000e+03 -2.873953104019165039e+00
4.720000000000000000e+03 -2.932792425155639648e+00
4.721000000000000000e+03 -2.892953157424926758e+00
4.722000000000000000e+03 -2.873270034790039062e+00
4.723000000000000000e+03 -2.883385419845581055e+00
4.724000000000000000e+03 -2.908197164535522461e+00
4.725000000000000000e+03 -2.920213222503662109e+00
4.726000000000000000e+03 -2.881398439407348633e+00
4.727000000000000000e+03 -2.829763650894165039e+00
4.728000000000000000e+03 -2.882180452346801758e+00
4.729000000000000000e+03 -2.886497497558593750e+00
4.730000000000000000e+03 -2.875967979431152344e+00
4.731000000000000000e+03 -2.932542800903320312e+00
4.732000000000000000e+03 -2.922979831695556641e+00
4.733000000000000000e+03 -2.925004005432128906e+00
4.734000000000000000e+03 -2.884505033493041992e+00
4.735000000000000000e+03 -2.871070623397827148e+00
4.736000000000000000e+03 -2.897807836532592773e+00
4.737000000000000000e+03 -2.888315200805664062e+00
4.738000000000000000e+03 -2.923253774642944336e+00
4.739000000000000000e+03 -2.917307376861572266e+00
4.740000000000000000e+03 -2.923072814941406250e+00
4.741000000000000000e+03 -2.936871290206909180e+00
4.742000000000000000e+03 -2.983083248138427734e+00
4.743000000000000000e+03 -2.951432228088378906e+00
4.744000000000000000e+03 -2.964174509048461914e+00
4.745000000000000000e+03 -2.933797597885131836e+00
4.746000000000000000e+03 -2.908420562744140625e+00
4.747000000000000000e+03 -2.879818201065063477e+00
4.748000000000000000e+03 -2.941228866577148438e+00
4.749000000000000000e+03 -2.942118644714355469e+00
4.750000000000000000e+03 -2.936392068862915039e+00
4.751000000000000000e+03 -2.911725044250488281e+00
4.752000000000000000e+03 -2.929970026016235352e+00
4.753000000000000000e+03 -2.866690874099731445e+00
4.754000000000000000e+03 -2.893269300460815430e+00
4.755000000000000000e+03 -2.902001619338989258e+00
4.756000000000000000e+03 -2.850647449493408203e+00
4.757000000000000000e+03 -2.875032901763916016e+00
4.758000000000000000e+03 -2.916074752807617188e+00
4.759000000000000000e+03 -2.889469385147094727e+00
4.760000000000000000e+03 -2.824757575988769531e+00
4.761000000000000000e+03 -2.857411146163940430e+00
4.762000000000000000e+03 -2.873189687728881836e+00
4.763000000000000000e+03 -2.849421501159667969e+00
4.764000000000000000e+03 -2.860307693481445312e+00
4.765000000000000000e+03 -2.854662418365478516e+00
4.766000000000000000e+03 -2.860549688339233398e+00
4.767000000000000000e+03 -2.842882871627807617e+00
4.768000000000000000e+03 -2.832688331604003906e+00
4.769000000000000000e+03 -2.908981800079345703e+00
4.770000000000000000e+03 -2.903615951538085938e+00
4.771000000000000000e+03 -2.851168394088745117e+00
4.772000000000000000e+03 -2.879479646682739258e+00
4.773000000000000000e+03 -2.874793767929077148e+00
4.774000000000000000e+03 -2.878902435302734375e+00
4.775000000000000000e+03 -2.846220970153808594e+00
4.776000000000000000e+03 -2.842320442199707031e+00
4.777000000000000000e+03 -2.843905687332153320e+00
4.778000000000000000e+03 -2.859555721282958984e+00
4.779000000000000000e+03 -2.862962245941162109e+00
4.780000000000000000e+03 -2.852859973907470703e+00
4.781000000000000000e+03 -2.848510503768920898e+00
4.782000000000000000e+03 -2.856242895126342773e+00
4.783000000000000000e+03 -2.826303243637084961e+00
4.784000000000000000e+03 -2.881118774414062500e+00
4.785000000000000000e+03 -2.847850561141967773e+00
4.786000000000000000e+03 -2.842817068099975586e+00
4.787000000000000000e+03 -2.826340913772583008e+00
4.788000000000000000e+03 -2.785840511322021484e+00
4.789000000000000000e+03 -2.829132318496704102e+00
4.790000000000000000e+03 -2.844458341598510742e+00
4.791000000000000000e+03 -2.821229457855224609e+00
4.792000000000000000e+03 -2.817843437194824219e+00
4.793000000000000000e+03 -2.830725193023681641e+00
4.794000000000000000e+03 -2.835767745971679688e+00
4.795000000000000000e+03 -2.855340719223022461e+00
4.796000000000000000e+03 -2.820697307586669922e+00
4.797000000000000000e+03 -2.807699441909790039e+00
4.798000000000000000e+03 -2.763692855834960938e+00
4.799000000000000000e+03 -2.767500162124633789e+00
4.800000000000000000e+03 -2.807251214981079102e+00
4.801000000000000000e+03 -2.780903100967407227e+00
4.802000000000000000e+03 -2.798483371734619141e+00
4.803000000000000000e+03 -2.776932239532470703e+00
4.804000000000000000e+03 -2.785780191421508789e+00
4.805000000000000000e+03 -2.781203746795654297e+00
4.806000000000000000e+03 -2.811857700347900391e+00
4.807000000000000000e+03 -2.819909095764160156e+00
4.808000000000000000e+03 -2.834036827087402344e+00
4.809000000000000000e+03 -2.816139698028564453e+00
4.810000000000000000e+03 -2.868876457214355469e+00
4.811000000000000000e+03 -2.825919389724731445e+00
4.812000000000000000e+03 -2.852344751358032227e+00
4.813000000000000000e+03 -2.837809801101684570e+00
4.814000000000000000e+03 -2.861521244049072266e+00
4.815000000000000000e+03 -2.816170215606689453e+00
4.816000000000000000e+03 -2.827218770980834961e+00
4.817000000000000000e+03 -2.838615894317626953e+00
4.818000000000000000e+03 -2.847361564636230469e+00
4.819000000000000000e+03 -2.859095573425292969e+00
4.820000000000000000e+03 -2.868014812469482422e+00
4.821000000000000000e+03 -2.834789514541625977e+00
4.822000000000000000e+03 -2.820846557617187500e+00
4.823000000000000000e+03 -2.817327976226806641e+00
4.824000000000000000e+03 -2.821334123611450195e+00
4.825000000000000000e+03 -2.848880529403686523e+00
4.826000000000000000e+03 -2.871299982070922852e+00
4.827000000000000000e+03 -2.885009765625000000e+00
4.828000000000000000e+03 -2.865374088287353516e+00
4.829000000000000000e+03 -2.873756408691406250e+00
4.830000000000000000e+03 -2.842006921768188477e+00
4.831000000000000000e+03 -2.841288089752197266e+00
4.832000000000000000e+03 -2.849256753921508789e+00
4.833000000000000000e+03 -2.872753620147705078e+00
4.834000000000000000e+03 -2.824548244476318359e+00
4.835000000000000000e+03 -2.820485115051269531e+00
4.836000000000000000e+03 -2.827098369598388672e+00
4.837000000000000000e+03 -2.848869323730468750e+00
4.838000000000000000e+03 -2.890105009078979492e+00
4.839000000000000000e+03 -2.825575828552246094e+00
4.840000000000000000e+03 -2.809528827667236328e+00
4.841000000000000000e+03 -2.862167835235595703e+00
4.842000000000000000e+03 -2.815217256546020508e+00
4.843000000000000000e+03 -2.810735702514648438e+00
4.844000000000000000e+03 -2.779999732971191406e+00
4.845000000000000000e+03 -2.775801897048950195e+00
4.846000000000000000e+03 -2.773343086242675781e+00
4.847000000000000000e+03 -2.819442272186279297e+00
4.848000000000000000e+03 -2.815535783767700195e+00
4.849000000000000000e+03 -2.809847354888916016e+00
4.850000000000000000e+03 -2.827941894531250000e+00
4.851000000000000000e+03 -2.804355621337890625e+00
4.852000000000000000e+03 -2.821717977523803711e+00
4.853000000000000000e+03 -2.815997123718261719e+00
4.854000000000000000e+03 -2.771533489227294922e+00
4.855000000000000000e+03 -2.808676481246948242e+00
4.856000000000000000e+03 -2.819425821304321289e+00
4.857000000000000000e+03 -2.808068275451660156e+00
4.858000000000000000e+03 -2.763865232467651367e+00
4.859000000000000000e+03 -2.815195322036743164e+00
4.860000000000000000e+03 -2.820549488067626953e+00
4.861000000000000000e+03 -2.864317655563354492e+00
4.862000000000000000e+03 -2.846785545349121094e+00
4.863000000000000000e+03 -2.804275989532470703e+00
4.864000000000000000e+03 -2.798530578613281250e+00
4.865000000000000000e+03 -2.871253013610839844e+00
4.866000000000000000e+03 -2.880439996719360352e+00
4.867000000000000000e+03 -2.860590934753417969e+00
4.868000000000000000e+03 -2.799540758132934570e+00
4.869000000000000000e+03 -2.776342153549194336e+00
4.870000000000000000e+03 -2.825191497802734375e+00
4.871000000000000000e+03 -2.826973915100097656e+00
4.872000000000000000e+03 -2.849210262298583984e+00
4.873000000000000000e+03 -2.799610137939453125e+00
4.874000000000000000e+03 -2.839239597320556641e+00
4.875000000000000000e+03 -2.815390348434448242e+00
4.876000000000000000e+03 -2.816433191299438477e+00
4.877000000000000000e+03 -2.782096385955810547e+00
4.878000000000000000e+03 -2.836727619171142578e+00
4.879000000000000000e+03 -2.871238231658935547e+00
4.880000000000000000e+03 -2.838272333145141602e+00
4.881000000000000000e+03 -2.840836048126220703e+00
4.882000000000000000e+03 -2.840890645980834961e+00
4.883000000000000000e+03 -2.836662530899047852e+00
4.884000000000000000e+03 -2.823944091796875000e+00
4.885000000000000000e+03 -2.865027189254760742e+00
4.886000000000000000e+03 -2.838043212890625000e+00
4.887000000000000000e+03 -2.849980115890502930e+00
4.888000000000000000e+03 -2.811555624008178711e+00
4.889000000000000000e+03 -2.779526948928833008e+00
4.890000000000000000e+03 -2.795768260955810547e+00
4.891000000000000000e+03 -2.743397951126098633e+00
4.892000000000000000e+03 -2.785993099212646484e+00
4.893000000000000000e+03 -2.818731546401977539e+00
4.894000000000000000e+03 -2.799966096878051758e+00
4.895000000000000000e+03 -2.802166461944580078e+00
4.896000000000000000e+03 -2.853713035583496094e+00
4.897000000000000000e+03 -2.817916870117187500e+00
4.898000000000000000e+03 -2.816956281661987305e+00
4.899000000000000000e+03 -2.826756238937377930e+00
4.900000000000000000e+03 -2.858559846878051758e+00
4.901000000000000000e+03 -2.814481973648071289e+00
4.902000000000000000e+03 -2.846166372299194336e+00
4.903000000000000000e+03 -2.892014980316162109e+00
4.904000000000000000e+03 -2.871994018554687500e+00
4.905000000000000000e+03 -2.880989313125610352e+00
4.906000000000000000e+03 -2.906720161437988281e+00
4.907000000000000000e+03 -2.890976190567016602e+00
4.908000000000000000e+03 -2.904135465621948242e+00
4.909000000000000000e+03 -2.892773866653442383e+00
4.910000000000000000e+03 -2.906729459762573242e+00
4.911000000000000000e+03 -2.877949476242065430e+00
4.912000000000000000e+03 -2.890196561813354492e+00
4.913000000000000000e+03 -2.903465509414672852e+00
4.914000000000000000e+03 -2.884946584701538086e+00
4.915000000000000000e+03 -2.862042665481567383e+00
4.916000000000000000e+03 -2.871523857116699219e+00
4.917000000000000000e+03 -2.915283679962158203e+00
4.918000000000000000e+03 -2.936476707458496094e+00
4.919000000000000000e+03 -2.925534963607788086e+00
4.920000000000000000e+03 -2.892526626586914062e+00
4.921000000000000000e+03 -2.925845623016357422e+00
4.922000000000000000e+03 -2.855046272277832031e+00
4.923000000000000000e+03 -2.843317985534667969e+00
4.924000000000000000e+03 -2.919963359832763672e+00
4.925000000000000000e+03 -2.886061906814575195e+00
4.926000000000000000e+03 -2.860512256622314453e+00
4.927000000000000000e+03 -2.870105266571044922e+00
4.928000000000000000e+03 -2.878956079483032227e+00
4.929000000000000000e+03 -2.851776361465454102e+00
4.930000000000000000e+03 -2.770695447921752930e+00
4.931000000000000000e+03 -2.804414033889770508e+00
4.932000000000000000e+03 -2.848025321960449219e+00
4.933000000000000000e+03 -2.849806547164916992e+00
4.934000000000000000e+03 -2.874306917190551758e+00
4.935000000000000000e+03 -2.843960046768188477e+00
4.936000000000000000e+03 -2.815026760101318359e+00
4.937000000000000000e+03 -2.874215841293334961e+00
4.938000000000000000e+03 -2.883967638015747070e+00
4.939000000000000000e+03 -2.878542900085449219e+00
4.940000000000000000e+03 -2.877190589904785156e+00
4.941000000000000000e+03 -2.896484375000000000e+00
4.942000000000000000e+03 -2.860651731491088867e+00
4.943000000000000000e+03 -2.808899641036987305e+00
4.944000000000000000e+03 -2.841943264007568359e+00
4.945000000000000000e+03 -2.878116130828857422e+00
4.946000000000000000e+03 -2.854307174682617188e+00
4.947000000000000000e+03 -2.816082477569580078e+00
4.948000000000000000e+03 -2.888887405395507812e+00
4.949000000000000000e+03 -2.878378868103027344e+00
4.950000000000000000e+03 -2.882627964019775391e+00
4.951000000000000000e+03 -2.949395656585693359e+00
4.952000000000000000e+03 -2.902413129806518555e+00
4.953000000000000000e+03 -2.901703357696533203e+00
4.954000000000000000e+03 -2.902258872985839844e+00
4.955000000000000000e+03 -2.942375183105468750e+00
4.956000000000000000e+03 -2.938779592514038086e+00
4.957000000000000000e+03 -2.909753799438476562e+00
4.958000000000000000e+03 -2.914612770080566406e+00
4.959000000000000000e+03 -2.914868354797363281e+00
4.960000000000000000e+03 -2.898488044738769531e+00
4.961000000000000000e+03 -2.862677574157714844e+00
4.962000000000000000e+03 -2.913810729980468750e+00
4.963000000000000000e+03 -2.900895357131958008e+00
4.964000000000000000e+03 -2.894287586212158203e+00
4.965000000000000000e+03 -2.858751773834228516e+00
4.966000000000000000e+03 -2.922544002532958984e+00
4.967000000000000000e+03 -2.881576061248779297e+00
4.968000000000000000e+03 -2.879765272140502930e+00
4.969000000000000000e+03 -2.819210529327392578e+00
4.970000000000000000e+03 -2.866543292999267578e+00
4.971000000000000000e+03 -2.842980384826660156e+00
4.972000000000000000e+03 -2.831795930862426758e+00
4.973000000000000000e+03 -2.849254846572875977e+00
4.974000000000000000e+03 -2.876580238342285156e+00
4.975000000000000000e+03 -2.868692398071289062e+00
4.976000000000000000e+03 -2.903849601745605469e+00
4.977000000000000000e+03 -2.870526552200317383e+00
4.978000000000000000e+03 -2.818711757659912109e+00
4.979000000000000000e+03 -2.855779409408569336e+00
4.980000000000000000e+03 -2.850939035415649414e+00
4.981000000000000000e+03 -2.836055278778076172e+00
4.982000000000000000e+03 -2.863030195236206055e+00
4.983000000000000000e+03 -2.826216459274291992e+00
4.984000000000000000e+03 -2.850824356079101562e+00
4.985000000000000000e+03 -2.860829114913940430e+00
4.986000000000000000e+03 -2.823473930358886719e+00
4.987000000000000000e+03 -2.808641910552978516e+00
4.988000000000000000e+03 -2.891074180603027344e+00
4.989000000000000000e+03 -2.823555469512939453e+00
4.990000000000000000e+03 -2.859812021255493164e+00
4.991000000000000000e+03 -2.874855518341064453e+00
4.992000000000000000e+03 -2.827634096145629883e+00
4.993000000000000000e+03 -2.809184789657592773e+00
4.994000000000000000e+03 -2.775410890579223633e+00
4.995000000000000000e+03 -2.788714170455932617e+00
4.996000000000000000e+03 -2.845319747924804688e+00
4.997000000000000000e+03 -2.859242200851440430e+00
4.998000000000000000e+03 -2.886723518371582031e+00
4.999000000000000000e+03 -2.885484457015991211e+00
5.000000000000000000e+03 -2.912212610244750977e+00
5.001000000000000000e+03 -2.867745399475097656e+00
5.002000000000000000e+03 -2.914479494094848633e+00
5.003000000000000000e+03 -2.871070623397827148e+00
5.004000000000000000e+03 -2.857769966125488281e+00
5.005000000000000000e+03 -2.909968376159667969e+00
5.006000000000000000e+03 -2.860389709472656250e+00
5.007000000000000000e+03 -2.824293613433837891e+00
5.008000000000000000e+03 -2.875308513641357422e+00
5.009000000000000000e+03 -2.846647024154663086e+00
5.010000000000000000e+03 -2.886921167373657227e+00
5.011000000000000000e+03 -2.866733551025390625e+00
5.012000000000000000e+03 -2.895874977111816406e+00
5.013000000000000000e+03 -2.863601207733154297e+00
5.014000000000000000e+03 -2.822899818420410156e+00
5.015000000000000000e+03 -2.880977630615234375e+00
5.016000000000000000e+03 -2.862819671630859375e+00
5.017000000000000000e+03 -2.826233386993408203e+00
5.018000000000000000e+03 -2.848197460174560547e+00
5.019000000000000000e+03 -2.841111898422241211e+00
5.020000000000000000e+03 -2.846292972564697266e+00
5.021000000000000000e+03 -2.856340646743774414e+00
5.022000000000000000e+03 -2.846995353698730469e+00
5.023000000000000000e+03 -2.825117826461791992e+00
5.024000000000000000e+03 -2.780866861343383789e+00
5.025000000000000000e+03 -2.830353975296020508e+00
5.026000000000000000e+03 -2.823308944702148438e+00
5.027000000000000000e+03 -2.835023403167724609e+00
5.028000000000000000e+03 -2.853638887405395508e+00
5.029000000000000000e+03 -2.856120347976684570e+00
5.030000000000000000e+03 -2.805265188217163086e+00
5.031000000000000000e+03 -2.844647169113159180e+00
5.032000000000000000e+03 -2.872997999191284180e+00
5.033000000000000000e+03 -2.852705478668212891e+00
5.034000000000000000e+03 -2.810762643814086914e+00
5.035000000000000000e+03 -2.864116430282592773e+00
5.036000000000000000e+03 -2.814742088317871094e+00
5.037000000000000000e+03 -2.836370229721069336e+00
5.038000000000000000e+03 -2.863765239715576172e+00
5.039000000000000000e+03 -2.851098537445068359e+00
5.040000000000000000e+03 -2.842084407806396484e+00
5.041000000000000000e+03 -2.847371339797973633e+00
5.042000000000000000e+03 -2.853878498077392578e+00
5.043000000000000000e+03 -2.869417905807495117e+00
5.044000000000000000e+03 -2.873873233795166016e+00
5.045000000000000000e+03 -2.910733461380004883e+00
5.046000000000000000e+03 -2.855935811996459961e+00
5.047000000000000000e+03 -2.875177860260009766e+00
5.048000000000000000e+03 -2.910735845565795898e+00
5.049000000000000000e+03 -2.881346702575683594e+00
5.050000000000000000e+03 -2.876129150390625000e+00
5.051000000000000000e+03 -2.882664203643798828e+00
5.052000000000000000e+03 -2.884227991104125977e+00
5.053000000000000000e+03 -2.944599628448486328e+00
5.054000000000000000e+03 -2.923981428146362305e+00
5.055000000000000000e+03 -2.880677461624145508e+00
5.056000000000000000e+03 -2.883522987365722656e+00
5.057000000000000000e+03 -2.887255907058715820e+00
5.058000000000000000e+03 -2.859480142593383789e+00
5.059000000000000000e+03 -2.847422599792480469e+00
5.060000000000000000e+03 -2.873291492462158203e+00
5.061000000000000000e+03 -2.897864341735839844e+00
5.062000000000000000e+03 -2.875772953033447266e+00
5.063000000000000000e+03 -2.869994640350341797e+00
5.064000000000000000e+03 -2.875550031661987305e+00
5.065000000000000000e+03 -2.873543262481689453e+00
5.066000000000000000e+03 -2.872757434844970703e+00
5.067000000000000000e+03 -2.919485807418823242e+00
5.068000000000000000e+03 -2.924515724182128906e+00
5.069000000000000000e+03 -2.913051843643188477e+00
5.070000000000000000e+03 -2.860367298126220703e+00
5.071000000000000000e+03 -2.856615066528320312e+00
5.072000000000000000e+03 -2.837094545364379883e+00
5.073000000000000000e+03 -2.886773586273193359e+00
5.074000000000000000e+03 -2.878540515899658203e+00
5.075000000000000000e+03 -2.890632867813110352e+00
5.076000000000000000e+03 -2.892347335815429688e+00
5.077000000000000000e+03 -2.923507928848266602e+00
5.078000000000000000e+03 -2.937598228454589844e+00
5.079000000000000000e+03 -2.946365356445312500e+00
5.080000000000000000e+03 -2.929382801055908203e+00
5.081000000000000000e+03 -2.922404289245605469e+00
5.082000000000000000e+03 -2.880667448043823242e+00
5.083000000000000000e+03 -2.928305149078369141e+00
5.084000000000000000e+03 -2.857670783996582031e+00
5.085000000000000000e+03 -2.865014076232910156e+00
5.086000000000000000e+03 -2.858262538909912109e+00
5.087000000000000000e+03 -2.872801542282104492e+00
5.088000000000000000e+03 -2.851722240447998047e+00
5.089000000000000000e+03 -2.843634128570556641e+00
5.090000000000000000e+03 -2.908225059509277344e+00
5.091000000000000000e+03 -2.873263835906982422e+00
5.092000000000000000e+03 -2.874520778656005859e+00
5.093000000000000000e+03 -2.856246948242187500e+00
5.094000000000000000e+03 -2.852602005004882812e+00
5.095000000000000000e+03 -2.888002157211303711e+00
5.096000000000000000e+03 -2.898515462875366211e+00
5.097000000000000000e+03 -2.884781122207641602e+00
5.098000000000000000e+03 -2.896081924438476562e+00
5.099000000000000000e+03 -2.888173341751098633e+00
5.100000000000000000e+03 -2.899695396423339844e+00
5.101000000000000000e+03 -2.902807235717773438e+00
5.102000000000000000e+03 -2.934481382369995117e+00
5.103000000000000000e+03 -2.925329685211181641e+00
5.104000000000000000e+03 -2.955768346786499023e+00
5.105000000000000000e+03 -2.951057434082031250e+00
5.106000000000000000e+03 -2.968735933303833008e+00
5.107000000000000000e+03 -2.931552648544311523e+00
5.108000000000000000e+03 -2.929798364639282227e+00
5.109000000000000000e+03 -2.972182989120483398e+00
5.110000000000000000e+03 -2.951922893524169922e+00
5.111000000000000000e+03 -2.940348148345947266e+00
5.112000000000000000e+03 -2.905208587646484375e+00
5.113000000000000000e+03 -2.912617683410644531e+00
5.114000000000000000e+03 -2.907258987426757812e+00
5.115000000000000000e+03 -2.917613983154296875e+00
5.116000000000000000e+03 -2.909484863281250000e+00
5.117000000000000000e+03 -2.889549970626831055e+00
5.118000000000000000e+03 -2.900483608245849609e+00
5.119000000000000000e+03 -2.857716798782348633e+00
5.120000000000000000e+03 -2.872899532318115234e+00
5.121000000000000000e+03 -2.875313758850097656e+00
5.122000000000000000e+03 -2.877223253250122070e+00
5.123000000000000000e+03 -2.901212215423583984e+00
5.124000000000000000e+03 -2.868685722351074219e+00
5.125000000000000000e+03 -2.863267421722412109e+00
5.126000000000000000e+03 -2.921553134918212891e+00
5.127000000000000000e+03 -2.902678489685058594e+00
5.128000000000000000e+03 -2.914977312088012695e+00
5.129000000000000000e+03 -2.887502431869506836e+00
5.130000000000000000e+03 -2.881439685821533203e+00
5.131000000000000000e+03 -2.888703346252441406e+00
5.132000000000000000e+03 -2.822843074798583984e+00
5.133000000000000000e+03 -2.793187379837036133e+00
5.134000000000000000e+03 -2.832970857620239258e+00
5.135000000000000000e+03 -2.820919513702392578e+00
5.136000000000000000e+03 -2.827674627304077148e+00
5.137000000000000000e+03 -2.839432716369628906e+00
5.138000000000000000e+03 -2.837189674377441406e+00
5.139000000000000000e+03 -2.853222370147705078e+00
5.140000000000000000e+03 -2.855003833770751953e+00
5.141000000000000000e+03 -2.825897455215454102e+00
5.142000000000000000e+03 -2.885575771331787109e+00
5.143000000000000000e+03 -2.820906162261962891e+00
5.144000000000000000e+03 -2.825733900070190430e+00
5.145000000000000000e+03 -2.897193431854248047e+00
5.146000000000000000e+03 -2.817099094390869141e+00
5.147000000000000000e+03 -2.822307586669921875e+00
5.148000000000000000e+03 -2.816864490509033203e+00
5.149000000000000000e+03 -2.812310457229614258e+00
5.150000000000000000e+03 -2.835423946380615234e+00
5.151000000000000000e+03 -2.878489494323730469e+00
5.152000000000000000e+03 -2.817091941833496094e+00
5.153000000000000000e+03 -2.815695762634277344e+00
5.154000000000000000e+03 -2.830528974533081055e+00
5.155000000000000000e+03 -2.785834074020385742e+00
5.156000000000000000e+03 -2.814923524856567383e+00
5.157000000000000000e+03 -2.816973209381103516e+00
5.158000000000000000e+03 -2.821321249008178711e+00
5.159000000000000000e+03 -2.860096693038940430e+00
5.160000000000000000e+03 -2.826854467391967773e+00
5.161000000000000000e+03 -2.850576877593994141e+00
5.162000000000000000e+03 -2.845192432403564453e+00
5.163000000000000000e+03 -2.810100078582763672e+00
5.164000000000000000e+03 -2.832824707031250000e+00
5.165000000000000000e+03 -2.815379142761230469e+00
5.166000000000000000e+03 -2.860240459442138672e+00
5.167000000000000000e+03 -2.772452116012573242e+00
5.168000000000000000e+03 -2.832692861557006836e+00
5.169000000000000000e+03 -2.808857440948486328e+00
5.170000000000000000e+03 -2.877002716064453125e+00
5.171000000000000000e+03 -2.851745843887329102e+00
5.172000000000000000e+03 -2.806408882141113281e+00
5.173000000000000000e+03 -2.840690374374389648e+00
5.174000000000000000e+03 -2.831871986389160156e+00
5.175000000000000000e+03 -2.876048326492309570e+00
5.176000000000000000e+03 -2.841611862182617188e+00
5.177000000000000000e+03 -2.834881544113159180e+00
5.178000000000000000e+03 -2.858282804489135742e+00
5.179000000000000000e+03 -2.831409215927124023e+00
5.180000000000000000e+03 -2.847744703292846680e+00
5.181000000000000000e+03 -2.838914871215820312e+00
5.182000000000000000e+03 -2.873811244964599609e+00
5.183000000000000000e+03 -2.890217065811157227e+00
5.184000000000000000e+03 -2.881242752075195312e+00
5.185000000000000000e+03 -2.889513015747070312e+00
5.186000000000000000e+03 -2.894083023071289062e+00
5.187000000000000000e+03 -2.843036651611328125e+00
5.188000000000000000e+03 -2.846621513366699219e+00
5.189000000000000000e+03 -2.840322971343994141e+00
5.190000000000000000e+03 -2.905821084976196289e+00
5.191000000000000000e+03 -2.895098447799682617e+00
5.192000000000000000e+03 -2.884117126464843750e+00
5.193000000000000000e+03 -2.879200696945190430e+00
5.194000000000000000e+03 -2.898647785186767578e+00
5.195000000000000000e+03 -2.889793395996093750e+00
5.196000000000000000e+03 -2.849084854125976562e+00
5.197000000000000000e+03 -2.816548585891723633e+00
5.198000000000000000e+03 -2.833024501800537109e+00
5.199000000000000000e+03 -2.850515365600585938e+00
5.200000000000000000e+03 -2.809389352798461914e+00
5.201000000000000000e+03 -2.834683895111083984e+00
5.202000000000000000e+03 -2.873455047607421875e+00
5.203000000000000000e+03 -2.884577751159667969e+00
5.204000000000000000e+03 -2.870795488357543945e+00
5.205000000000000000e+03 -2.840814590454101562e+00
5.206000000000000000e+03 -2.864369392395019531e+00
5.207000000000000000e+03 -2.921185970306396484e+00
5.208000000000000000e+03 -2.841146707534790039e+00
5.209000000000000000e+03 -2.875171184539794922e+00
5.210000000000000000e+03 -2.861257791519165039e+00
5.211000000000000000e+03 -2.831569433212280273e+00
5.212000000000000000e+03 -2.873918056488037109e+00
5.213000000000000000e+03 -2.899863958358764648e+00
5.214000000000000000e+03 -2.880517721176147461e+00
5.215000000000000000e+03 -2.873050928115844727e+00
5.216000000000000000e+03 -2.887419223785400391e+00
5.217000000000000000e+03 -2.863293409347534180e+00
5.218000000000000000e+03 -2.894829988479614258e+00
5.219000000000000000e+03 -2.862444400787353516e+00
5.220000000000000000e+03 -2.862734556198120117e+00
5.221000000000000000e+03 -2.888377428054809570e+00
5.222000000000000000e+03 -2.871948719024658203e+00
5.223000000000000000e+03 -2.853447675704956055e+00
5.224000000000000000e+03 -2.882713794708251953e+00
5.225000000000000000e+03 -2.882717609405517578e+00
5.226000000000000000e+03 -2.904805898666381836e+00
5.227000000000000000e+03 -2.906857728958129883e+00
5.228000000000000000e+03 -2.898890495300292969e+00
5.229000000000000000e+03 -2.845911502838134766e+00
5.230000000000000000e+03 -2.855972290039062500e+00
5.231000000000000000e+03 -2.796289920806884766e+00
5.232000000000000000e+03 -2.816906213760375977e+00
5.233000000000000000e+03 -2.876846313476562500e+00
5.234000000000000000e+03 -2.828459262847900391e+00
5.235000000000000000e+03 -2.837713241577148438e+00
5.236000000000000000e+03 -2.860862970352172852e+00
5.237000000000000000e+03 -2.875542163848876953e+00
5.238000000000000000e+03 -2.850587844848632812e+00
5.239000000000000000e+03 -2.886107444763183594e+00
5.240000000000000000e+03 -2.884237527847290039e+00
5.241000000000000000e+03 -2.863183021545410156e+00
5.242000000000000000e+03 -2.911989927291870117e+00
5.243000000000000000e+03 -2.855874776840209961e+00
5.244000000000000000e+03 -2.904884099960327148e+00
5.245000000000000000e+03 -2.868440389633178711e+00
5.246000000000000000e+03 -2.835021018981933594e+00
5.247000000000000000e+03 -2.863583087921142578e+00
5.248000000000000000e+03 -2.821429729461669922e+00
5.249000000000000000e+03 -2.835396766662597656e+00
5.250000000000000000e+03 -2.858837604522705078e+00
5.251000000000000000e+03 -2.829591274261474609e+00
5.252000000000000000e+03 -2.891881465911865234e+00
5.253000000000000000e+03 -2.865565299987792969e+00
5.254000000000000000e+03 -2.893421649932861328e+00
5.255000000000000000e+03 -2.890134811401367188e+00
5.256000000000000000e+03 -2.888957977294921875e+00
5.257000000000000000e+03 -2.870152473449707031e+00
5.258000000000000000e+03 -2.882476329803466797e+00
5.259000000000000000e+03 -2.919799566268920898e+00
5.260000000000000000e+03 -2.896874189376831055e+00
5.261000000000000000e+03 -2.896367311477661133e+00
5.262000000000000000e+03 -2.927111148834228516e+00
5.263000000000000000e+03 -2.892495155334472656e+00
5.264000000000000000e+03 -2.907926082611083984e+00
5.265000000000000000e+03 -2.862358093261718750e+00
5.266000000000000000e+03 -2.878814935684204102e+00
5.267000000000000000e+03 -2.848620653152465820e+00
5.268000000000000000e+03 -2.872683048248291016e+00
5.269000000000000000e+03 -2.897536039352416992e+00
5.270000000000000000e+03 -2.932475805282592773e+00
5.271000000000000000e+03 -2.853396177291870117e+00
5.272000000000000000e+03 -2.871502161026000977e+00
5.273000000000000000e+03 -2.889469385147094727e+00
5.274000000000000000e+03 -2.917844772338867188e+00
5.275000000000000000e+03 -2.884243011474609375e+00
5.276000000000000000e+03 -2.901107788085937500e+00
5.277000000000000000e+03 -2.906272411346435547e+00
5.278000000000000000e+03 -2.897153377532958984e+00
5.279000000000000000e+03 -2.918548583984375000e+00
5.280000000000000000e+03 -2.905484676361083984e+00
5.281000000000000000e+03 -2.902735710144042969e+00
5.282000000000000000e+03 -2.846961021423339844e+00
5.283000000000000000e+03 -2.934169769287109375e+00
5.284000000000000000e+03 -2.933195590972900391e+00
5.285000000000000000e+03 -2.885023832321166992e+00
5.286000000000000000e+03 -2.941860437393188477e+00
5.287000000000000000e+03 -2.934754610061645508e+00
5.288000000000000000e+03 -2.876708984375000000e+00
5.289000000000000000e+03 -2.887349128723144531e+00
5.290000000000000000e+03 -2.913205146789550781e+00
5.291000000000000000e+03 -2.849524259567260742e+00
5.292000000000000000e+03 -2.820564508438110352e+00
5.293000000000000000e+03 -2.849303007125854492e+00
5.294000000000000000e+03 -2.806315660476684570e+00
5.295000000000000000e+03 -2.821818351745605469e+00
5.296000000000000000e+03 -2.817953109741210938e+00
5.297000000000000000e+03 -2.842148780822753906e+00
5.298000000000000000e+03 -2.850242137908935547e+00
5.299000000000000000e+03 -2.873817205429077148e+00
5.300000000000000000e+03 -2.894469499588012695e+00
5.301000000000000000e+03 -2.909632205963134766e+00
5.302000000000000000e+03 -2.896687984466552734e+00
5.303000000000000000e+03 -2.873195171356201172e+00
5.304000000000000000e+03 -2.917506456375122070e+00
5.305000000000000000e+03 -2.859355449676513672e+00
5.306000000000000000e+03 -2.885612249374389648e+00
5.307000000000000000e+03 -2.913953065872192383e+00
5.308000000000000000e+03 -2.904074668884277344e+00
5.309000000000000000e+03 -2.897794485092163086e+00
5.310000000000000000e+03 -2.871661424636840820e+00
5.311000000000000000e+03 -2.859916687011718750e+00
5.312000000000000000e+03 -2.882146596908569336e+00
5.313000000000000000e+03 -2.862829208374023438e+00
5.314000000000000000e+03 -2.890267372131347656e+00
5.315000000000000000e+03 -2.825937032699584961e+00
5.316000000000000000e+03 -2.821005582809448242e+00
5.317000000000000000e+03 -2.828885078430175781e+00
5.318000000000000000e+03 -2.809200048446655273e+00
5.319000000000000000e+03 -2.854459762573242188e+00
5.320000000000000000e+03 -2.875748634338378906e+00
5.321000000000000000e+03 -2.895486116409301758e+00
5.322000000000000000e+03 -2.869599819183349609e+00
5.323000000000000000e+03 -2.939517021179199219e+00
5.324000000000000000e+03 -2.875166893005371094e+00
5.325000000000000000e+03 -2.858767986297607422e+00
5.326000000000000000e+03 -2.855757713317871094e+00
5.327000000000000000e+03 -2.819818019866943359e+00
5.328000000000000000e+03 -2.868677139282226562e+00
5.329000000000000000e+03 -2.939980268478393555e+00
5.330000000000000000e+03 -2.931363821029663086e+00
5.331000000000000000e+03 -2.918216228485107422e+00
5.332000000000000000e+03 -2.947796106338500977e+00
5.333000000000000000e+03 -2.887814521789550781e+00
5.334000000000000000e+03 -2.906248807907104492e+00
5.335000000000000000e+03 -2.949918031692504883e+00
5.336000000000000000e+03 -2.966760158538818359e+00
5.337000000000000000e+03 -2.945999383926391602e+00
5.338000000000000000e+03 -2.938484191894531250e+00
5.339000000000000000e+03 -2.935920476913452148e+00
5.340000000000000000e+03 -2.902551651000976562e+00
5.341000000000000000e+03 -2.974125623703002930e+00
5.342000000000000000e+03 -2.949601411819458008e+00
5.343000000000000000e+03 -2.960616111755371094e+00
5.344000000000000000e+03 -2.973396062850952148e+00
5.345000000000000000e+03 -2.934932947158813477e+00
5.346000000000000000e+03 -2.930324077606201172e+00
5.347000000000000000e+03 -2.945461034774780273e+00
5.348000000000000000e+03 -2.910371780395507812e+00
5.349000000000000000e+03 -2.940107107162475586e+00
5.350000000000000000e+03 -2.943016529083251953e+00
5.351000000000000000e+03 -2.940088748931884766e+00
5.352000000000000000e+03 -2.925964832305908203e+00
5.353000000000000000e+03 -2.894370317459106445e+00
5.354000000000000000e+03 -2.889782667160034180e+00
5.355000000000000000e+03 -2.876595973968505859e+00
5.356000000000000000e+03 -2.915345907211303711e+00
5.357000000000000000e+03 -2.900355339050292969e+00
5.358000000000000000e+03 -2.905549764633178711e+00
5.359000000000000000e+03 -2.897582054138183594e+00
5.360000000000000000e+03 -2.929132461547851562e+00
5.361000000000000000e+03 -2.895359039306640625e+00
5.362000000000000000e+03 -2.888622999191284180e+00
5.363000000000000000e+03 -2.936311960220336914e+00
5.364000000000000000e+03 -2.862554311752319336e+00
5.365000000000000000e+03 -2.901405334472656250e+00
5.366000000000000000e+03 -2.877872943878173828e+00
5.367000000000000000e+03 -2.929369211196899414e+00
5.368000000000000000e+03 -2.952349662780761719e+00
5.369000000000000000e+03 -2.946360111236572266e+00
5.370000000000000000e+03 -2.922535657882690430e+00
5.371000000000000000e+03 -2.914691448211669922e+00
5.372000000000000000e+03 -2.894671916961669922e+00
5.373000000000000000e+03 -2.899538993835449219e+00
5.374000000000000000e+03 -2.901248693466186523e+00
5.375000000000000000e+03 -2.883805513381958008e+00
5.376000000000000000e+03 -2.939442396163940430e+00
5.377000000000000000e+03 -2.910944461822509766e+00
5.378000000000000000e+03 -2.897919416427612305e+00
5.379000000000000000e+03 -2.857990741729736328e+00
5.380000000000000000e+03 -2.859698772430419922e+00
5.381000000000000000e+03 -2.936002254486083984e+00
5.382000000000000000e+03 -2.922019958496093750e+00
5.383000000000000000e+03 -2.936779499053955078e+00
5.384000000000000000e+03 -2.935512304306030273e+00
5.385000000000000000e+03 -2.894305229187011719e+00
5.386000000000000000e+03 -2.874196052551269531e+00
5.387000000000000000e+03 -2.920228004455566406e+00
5.388000000000000000e+03 -2.885354280471801758e+00
5.389000000000000000e+03 -2.870586156845092773e+00
5.390000000000000000e+03 -2.920807600021362305e+00
5.391000000000000000e+03 -2.905400991439819336e+00
5.392000000000000000e+03 -2.961782217025756836e+00
5.393000000000000000e+03 -2.902268886566162109e+00
5.394000000000000000e+03 -2.956801176071166992e+00
5.395000000000000000e+03 -2.935074090957641602e+00
5.396000000000000000e+03 -2.905092477798461914e+00
5.397000000000000000e+03 -2.938135147094726562e+00
5.398000000000000000e+03 -2.914423942565917969e+00
5.399000000000000000e+03 -2.899413347244262695e+00
5.400000000000000000e+03 -2.929438114166259766e+00
5.401000000000000000e+03 -2.900248527526855469e+00
5.402000000000000000e+03 -2.908302068710327148e+00
5.403000000000000000e+03 -2.898331403732299805e+00
5.404000000000000000e+03 -2.926367044448852539e+00
5.405000000000000000e+03 -2.929879426956176758e+00
5.406000000000000000e+03 -2.910855770111083984e+00
5.407000000000000000e+03 -2.904906272888183594e+00
5.408000000000000000e+03 -2.980293273925781250e+00
5.409000000000000000e+03 -2.932977914810180664e+00
5.410000000000000000e+03 -2.907791852951049805e+00
5.411000000000000000e+03 -2.887415885925292969e+00
5.412000000000000000e+03 -2.882532358169555664e+00
5.413000000000000000e+03 -2.930915832519531250e+00
5.414000000000000000e+03 -2.947116851806640625e+00
5.415000000000000000e+03 -2.913993358612060547e+00
5.416000000000000000e+03 -2.945056200027465820e+00
5.417000000000000000e+03 -2.924127340316772461e+00
5.418000000000000000e+03 -2.929093360900878906e+00
5.419000000000000000e+03 -2.956660270690917969e+00
5.420000000000000000e+03 -2.955591201782226562e+00
5.421000000000000000e+03 -2.978883028030395508e+00
5.422000000000000000e+03 -2.984267950057983398e+00
5.423000000000000000e+03 -2.931584835052490234e+00
5.424000000000000000e+03 -2.947928667068481445e+00
5.425000000000000000e+03 -2.964374065399169922e+00
5.426000000000000000e+03 -2.887792587280273438e+00
5.427000000000000000e+03 -2.880534887313842773e+00
5.428000000000000000e+03 -2.879844188690185547e+00
5.429000000000000000e+03 -2.911218643188476562e+00
5.430000000000000000e+03 -2.920197725296020508e+00
5.431000000000000000e+03 -2.909566402435302734e+00
5.432000000000000000e+03 -2.958060026168823242e+00
5.433000000000000000e+03 -2.921236515045166016e+00
5.434000000000000000e+03 -2.921617984771728516e+00
5.435000000000000000e+03 -2.993485689163208008e+00
5.436000000000000000e+03 -2.921525716781616211e+00
5.437000000000000000e+03 -2.917768478393554688e+00
5.438000000000000000e+03 -2.955219984054565430e+00
5.439000000000000000e+03 -2.959502935409545898e+00
5.440000000000000000e+03 -2.952422380447387695e+00
5.441000000000000000e+03 -2.925207138061523438e+00
5.442000000000000000e+03 -2.911354303359985352e+00
5.443000000000000000e+03 -2.940993309020996094e+00
5.444000000000000000e+03 -2.918047189712524414e+00
5.445000000000000000e+03 -2.840872764587402344e+00
5.446000000000000000e+03 -2.847175121307373047e+00
5.447000000000000000e+03 -2.842591285705566406e+00
5.448000000000000000e+03 -2.862050771713256836e+00
5.449000000000000000e+03 -2.913393020629882812e+00
5.450000000000000000e+03 -2.898825168609619141e+00
5.451000000000000000e+03 -2.909528255462646484e+00
5.452000000000000000e+03 -2.878277301788330078e+00
5.453000000000000000e+03 -2.868789196014404297e+00
5.454000000000000000e+03 -2.880612134933471680e+00
5.455000000000000000e+03 -2.852468967437744141e+00
5.456000000000000000e+03 -2.869595050811767578e+00
5.457000000000000000e+03 -2.869960546493530273e+00
5.458000000000000000e+03 -2.855099678039550781e+00
5.459000000000000000e+03 -2.859832525253295898e+00
5.460000000000000000e+03 -2.818214893341064453e+00
5.461000000000000000e+03 -2.923646211624145508e+00
5.462000000000000000e+03 -2.895647764205932617e+00
5.463000000000000000e+03 -2.901356220245361328e+00
5.464000000000000000e+03 -2.859465122222900391e+00
5.465000000000000000e+03 -2.868105649948120117e+00
5.466000000000000000e+03 -2.903049945831298828e+00
5.467000000000000000e+03 -2.852016687393188477e+00
5.468000000000000000e+03 -2.876341581344604492e+00
5.469000000000000000e+03 -2.909780263900756836e+00
5.470000000000000000e+03 -2.850432395935058594e+00
5.471000000000000000e+03 -2.828897237777709961e+00
5.472000000000000000e+03 -2.826648235321044922e+00
5.473000000000000000e+03 -2.828739404678344727e+00
5.474000000000000000e+03 -2.790632724761962891e+00
5.475000000000000000e+03 -2.815476894378662109e+00
5.476000000000000000e+03 -2.908265590667724609e+00
5.477000000000000000e+03 -2.852183341979980469e+00
5.478000000000000000e+03 -2.884031534194946289e+00
5.479000000000000000e+03 -2.902733087539672852e+00
5.480000000000000000e+03 -2.848233461380004883e+00
5.481000000000000000e+03 -2.805851221084594727e+00
5.482000000000000000e+03 -2.851970911026000977e+00
5.483000000000000000e+03 -2.831852197647094727e+00
5.484000000000000000e+03 -2.853788375854492188e+00
5.485000000000000000e+03 -2.928265333175659180e+00
5.486000000000000000e+03 -2.881896257400512695e+00
5.487000000000000000e+03 -2.856380939483642578e+00
5.488000000000000000e+03 -2.865092754364013672e+00
5.489000000000000000e+03 -2.857159852981567383e+00
5.490000000000000000e+03 -2.884405136108398438e+00
5.491000000000000000e+03 -2.868356466293334961e+00
5.492000000000000000e+03 -2.871047735214233398e+00
5.493000000000000000e+03 -2.840950012207031250e+00
5.494000000000000000e+03 -2.876215219497680664e+00
5.495000000000000000e+03 -2.825957536697387695e+00
5.496000000000000000e+03 -2.885976552963256836e+00
5.497000000000000000e+03 -2.893608331680297852e+00
5.498000000000000000e+03 -2.912389755249023438e+00
5.499000000000000000e+03 -2.899739742279052734e+00
5.500000000000000000e+03 -2.850365161895751953e+00
5.501000000000000000e+03 -2.889440774917602539e+00
5.502000000000000000e+03 -2.841511964797973633e+00
5.503000000000000000e+03 -2.841539382934570312e+00
5.504000000000000000e+03 -2.893911361694335938e+00
5.505000000000000000e+03 -2.886659622192382812e+00
5.506000000000000000e+03 -2.859823942184448242e+00
5.507000000000000000e+03 -2.892835855484008789e+00
5.508000000000000000e+03 -2.907315731048583984e+00
5.509000000000000000e+03 -2.879059791564941406e+00
5.510000000000000000e+03 -2.900384664535522461e+00
5.511000000000000000e+03 -2.884245872497558594e+00
5.512000000000000000e+03 -2.942220211029052734e+00
5.513000000000000000e+03 -2.907576560974121094e+00
5.514000000000000000e+03 -2.960086345672607422e+00
5.515000000000000000e+03 -2.866960525512695312e+00
5.516000000000000000e+03 -2.899727582931518555e+00
5.517000000000000000e+03 -2.890847921371459961e+00
5.518000000000000000e+03 -2.861521720886230469e+00
5.519000000000000000e+03 -2.885790586471557617e+00
5.520000000000000000e+03 -2.884490728378295898e+00
5.521000000000000000e+03 -2.859798431396484375e+00
5.522000000000000000e+03 -2.857855558395385742e+00
5.523000000000000000e+03 -2.866174936294555664e+00
5.524000000000000000e+03 -2.880455493927001953e+00
5.525000000000000000e+03 -2.821087121963500977e+00
5.526000000000000000e+03 -2.856963396072387695e+00
5.527000000000000000e+03 -2.882753849029541016e+00
5.528000000000000000e+03 -2.826318264007568359e+00
5.529000000000000000e+03 -2.890897512435913086e+00
5.530000000000000000e+03 -2.871350288391113281e+00
5.531000000000000000e+03 -2.869083166122436523e+00
5.532000000000000000e+03 -2.830960750579833984e+00
5.533000000000000000e+03 -2.906590223312377930e+00
5.534000000000000000e+03 -2.858418703079223633e+00
5.535000000000000000e+03 -2.851898431777954102e+00
5.536000000000000000e+03 -2.901323318481445312e+00
5.537000000000000000e+03 -2.861089229583740234e+00
5.538000000000000000e+03 -2.835700511932373047e+00
5.539000000000000000e+03 -2.833942890167236328e+00
5.540000000000000000e+03 -2.830191612243652344e+00
5.541000000000000000e+03 -2.838451147079467773e+00
5.542000000000000000e+03 -2.838702678680419922e+00
5.543000000000000000e+03 -2.865566968917846680e+00
5.544000000000000000e+03 -2.835456848144531250e+00
5.545000000000000000e+03 -2.828224420547485352e+00
5.546000000000000000e+03 -2.847014188766479492e+00
5.547000000000000000e+03 -2.792866945266723633e+00
5.548000000000000000e+03 -2.835130453109741211e+00
5.549000000000000000e+03 -2.844532012939453125e+00
5.550000000000000000e+03 -2.817096471786499023e+00
5.551000000000000000e+03 -2.832487583160400391e+00
5.552000000000000000e+03 -2.829720020294189453e+00
5.553000000000000000e+03 -2.811094522476196289e+00
5.554000000000000000e+03 -2.878960371017456055e+00
5.555000000000000000e+03 -2.824333190917968750e+00
5.556000000000000000e+03 -2.903644084930419922e+00
5.557000000000000000e+03 -2.875626564025878906e+00
5.558000000000000000e+03 -2.933667898178100586e+00
5.559000000000000000e+03 -2.923004865646362305e+00
5.560000000000000000e+03 -2.872797727584838867e+00
5.561000000000000000e+03 -2.832883834838867188e+00
5.562000000000000000e+03 -2.881849288940429688e+00
5.563000000000000000e+03 -2.880839586257934570e+00
5.564000000000000000e+03 -2.822378158569335938e+00
5.565000000000000000e+03 -2.863901138305664062e+00
5.566000000000000000e+03 -2.903933525085449219e+00
5.567000000000000000e+03 -2.843260765075683594e+00
5.568000000000000000e+03 -2.868178606033325195e+00
5.569000000000000000e+03 -2.818119764328002930e+00
5.570000000000000000e+03 -2.866597890853881836e+00
5.571000000000000000e+03 -2.904448747634887695e+00
5.572000000000000000e+03 -2.878097534179687500e+00
5.573000000000000000e+03 -2.848582744598388672e+00
5.574000000000000000e+03 -2.830334663391113281e+00
5.575000000000000000e+03 -2.841030359268188477e+00
5.576000000000000000e+03 -2.785724639892578125e+00
5.577000000000000000e+03 -2.814294576644897461e+00
5.578000000000000000e+03 -2.859824419021606445e+00
5.579000000000000000e+03 -2.834792852401733398e+00
5.580000000000000000e+03 -2.861265897750854492e+00
5.581000000000000000e+03 -2.815468072891235352e+00
5.582000000000000000e+03 -2.824164867401123047e+00
5.583000000000000000e+03 -2.831260919570922852e+00
5.584000000000000000e+03 -2.836767435073852539e+00
5.585000000000000000e+03 -2.887639284133911133e+00
5.586000000000000000e+03 -2.834355115890502930e+00
5.587000000000000000e+03 -2.847265720367431641e+00
5.588000000000000000e+03 -2.870596885681152344e+00
5.589000000000000000e+03 -2.821425437927246094e+00
5.590000000000000000e+03 -2.883851528167724609e+00
5.591000000000000000e+03 -2.879644155502319336e+00
5.592000000000000000e+03 -2.872300624847412109e+00
5.593000000000000000e+03 -2.823532342910766602e+00
5.594000000000000000e+03 -2.879934549331665039e+00
5.595000000000000000e+03 -2.824655532836914062e+00
5.596000000000000000e+03 -2.870934724807739258e+00
5.597000000000000000e+03 -2.849800109863281250e+00
5.598000000000000000e+03 -2.846136569976806641e+00
5.599000000000000000e+03 -2.873832941055297852e+00
5.600000000000000000e+03 -2.880538940429687500e+00
5.601000000000000000e+03 -2.881114721298217773e+00
5.602000000000000000e+03 -2.936496257781982422e+00
5.603000000000000000e+03 -2.885542869567871094e+00
5.604000000000000000e+03 -2.892984628677368164e+00
5.605000000000000000e+03 -2.884006738662719727e+00
5.606000000000000000e+03 -2.918396472930908203e+00
5.607000000000000000e+03 -2.837074995040893555e+00
5.608000000000000000e+03 -2.866774559020996094e+00
5.609000000000000000e+03 -2.867348432540893555e+00
5.610000000000000000e+03 -2.877342462539672852e+00
5.611000000000000000e+03 -2.880957126617431641e+00
5.612000000000000000e+03 -2.899207830429077148e+00
5.613000000000000000e+03 -2.916393280029296875e+00
5.614000000000000000e+03 -2.929580211639404297e+00
5.615000000000000000e+03 -2.885051250457763672e+00
5.616000000000000000e+03 -2.888202667236328125e+00
5.617000000000000000e+03 -2.874076843261718750e+00
5.618000000000000000e+03 -2.828140497207641602e+00
5.619000000000000000e+03 -2.854866266250610352e+00
5.620000000000000000e+03 -2.839163064956665039e+00
5.621000000000000000e+03 -2.820827722549438477e+00
5.622000000000000000e+03 -2.849351406097412109e+00
5.623000000000000000e+03 -2.850820541381835938e+00
5.624000000000000000e+03 -2.871387720108032227e+00
5.625000000000000000e+03 -2.881491899490356445e+00
5.626000000000000000e+03 -2.842160463333129883e+00
5.627000000000000000e+03 -2.830164909362792969e+00
5.628000000000000000e+03 -2.834187746047973633e+00
5.629000000000000000e+03 -2.832182407379150391e+00
5.630000000000000000e+03 -2.833608150482177734e+00
5.631000000000000000e+03 -2.840893030166625977e+00
5.632000000000000000e+03 -2.845962762832641602e+00
5.633000000000000000e+03 -2.863925933837890625e+00
5.634000000000000000e+03 -2.947793960571289062e+00
5.635000000000000000e+03 -2.910907506942749023e+00
5.636000000000000000e+03 -2.890602827072143555e+00
5.637000000000000000e+03 -2.876711368560791016e+00
5.638000000000000000e+03 -2.901515245437622070e+00
5.639000000000000000e+03 -2.910490512847900391e+00
5.640000000000000000e+03 -2.889760494232177734e+00
5.641000000000000000e+03 -2.941033840179443359e+00
5.642000000000000000e+03 -2.937800884246826172e+00
5.643000000000000000e+03 -2.933002710342407227e+00
5.644000000000000000e+03 -2.935635805130004883e+00
5.645000000000000000e+03 -2.874464511871337891e+00
5.646000000000000000e+03 -2.854950904846191406e+00
5.647000000000000000e+03 -2.867702722549438477e+00
5.648000000000000000e+03 -2.879445075988769531e+00
5.649000000000000000e+03 -2.839174747467041016e+00
5.650000000000000000e+03 -2.880866765975952148e+00
5.651000000000000000e+03 -2.845742940902709961e+00
5.652000000000000000e+03 -2.875680685043334961e+00
5.653000000000000000e+03 -2.860711574554443359e+00
5.654000000000000000e+03 -2.852617025375366211e+00
5.655000000000000000e+03 -2.911880731582641602e+00
5.656000000000000000e+03 -2.862369537353515625e+00
5.657000000000000000e+03 -2.904052495956420898e+00
5.658000000000000000e+03 -2.892645359039306641e+00
5.659000000000000000e+03 -2.902345657348632812e+00
5.660000000000000000e+03 -2.895309209823608398e+00
5.661000000000000000e+03 -2.894145250320434570e+00
5.662000000000000000e+03 -2.936545372009277344e+00
5.663000000000000000e+03 -2.925830841064453125e+00
5.664000000000000000e+03 -2.889468908309936523e+00
5.665000000000000000e+03 -2.912403583526611328e+00
5.666000000000000000e+03 -2.879204273223876953e+00
5.667000000000000000e+03 -2.870707273483276367e+00
5.668000000000000000e+03 -2.892999172210693359e+00
5.669000000000000000e+03 -2.912097692489624023e+00
5.670000000000000000e+03 -2.864037036895751953e+00
5.671000000000000000e+03 -2.875989913940429688e+00
5.672000000000000000e+03 -2.889209985733032227e+00
5.673000000000000000e+03 -2.908808946609497070e+00
5.674000000000000000e+03 -2.888371706008911133e+00
5.675000000000000000e+03 -2.912558317184448242e+00
5.676000000000000000e+03 -2.860739707946777344e+00
5.677000000000000000e+03 -2.850939750671386719e+00
5.678000000000000000e+03 -2.866302728652954102e+00
5.679000000000000000e+03 -2.847317218780517578e+00
5.680000000000000000e+03 -2.821699619293212891e+00
5.681000000000000000e+03 -2.900254726409912109e+00
5.682000000000000000e+03 -2.914301156997680664e+00
5.683000000000000000e+03 -2.919167041778564453e+00
5.684000000000000000e+03 -2.901406049728393555e+00
5.685000000000000000e+03 -2.878101110458374023e+00
5.686000000000000000e+03 -2.885912656784057617e+00
5.687000000000000000e+03 -2.840959548950195312e+00
5.688000000000000000e+03 -2.857788085937500000e+00
5.689000000000000000e+03 -2.857579231262207031e+00
5.690000000000000000e+03 -2.876561403274536133e+00
5.691000000000000000e+03 -2.869528293609619141e+00
5.692000000000000000e+03 -2.917764186859130859e+00
5.693000000000000000e+03 -2.924425363540649414e+00
5.694000000000000000e+03 -2.838850498199462891e+00
5.695000000000000000e+03 -2.941122055053710938e+00
5.696000000000000000e+03 -2.914372682571411133e+00
5.697000000000000000e+03 -2.952371358871459961e+00
5.698000000000000000e+03 -2.954702138900756836e+00
5.699000000000000000e+03 -2.885253906250000000e+00
5.700000000000000000e+03 -2.949039936065673828e+00
5.701000000000000000e+03 -2.945032119750976562e+00
5.702000000000000000e+03 -2.939030885696411133e+00
5.703000000000000000e+03 -2.871571779251098633e+00
5.704000000000000000e+03 -2.837244510650634766e+00
5.705000000000000000e+03 -2.917729854583740234e+00
5.706000000000000000e+03 -2.885010957717895508e+00
5.707000000000000000e+03 -2.891738891601562500e+00
5.708000000000000000e+03 -2.884767055511474609e+00
5.709000000000000000e+03 -2.850653886795043945e+00
5.710000000000000000e+03 -2.906405687332153320e+00
5.711000000000000000e+03 -2.895359992980957031e+00
5.712000000000000000e+03 -2.844274759292602539e+00
5.713000000000000000e+03 -2.888796567916870117e+00
5.714000000000000000e+03 -2.854126930236816406e+00
5.715000000000000000e+03 -2.885925769805908203e+00
5.716000000000000000e+03 -2.848431587219238281e+00
5.717000000000000000e+03 -2.908699750900268555e+00
5.718000000000000000e+03 -2.928803682327270508e+00
5.719000000000000000e+03 -2.931168317794799805e+00
5.720000000000000000e+03 -2.868329524993896484e+00
5.721000000000000000e+03 -2.891799211502075195e+00
5.722000000000000000e+03 -2.850619792938232422e+00
5.723000000000000000e+03 -2.862051486968994141e+00
5.724000000000000000e+03 -2.869114637374877930e+00
5.725000000000000000e+03 -2.828637361526489258e+00
5.726000000000000000e+03 -2.812067508697509766e+00
5.727000000000000000e+03 -2.836527347564697266e+00
5.728000000000000000e+03 -2.808521270751953125e+00
5.729000000000000000e+03 -2.818217754364013672e+00
5.730000000000000000e+03 -2.885028600692749023e+00
5.731000000000000000e+03 -2.851622104644775391e+00
5.732000000000000000e+03 -2.843177556991577148e+00
5.733000000000000000e+03 -2.869732379913330078e+00
5.734000000000000000e+03 -2.863658189773559570e+00
5.735000000000000000e+03 -2.821323394775390625e+00
5.736000000000000000e+03 -2.890828609466552734e+00
5.737000000000000000e+03 -2.890604257583618164e+00
5.738000000000000000e+03 -2.846872329711914062e+00
5.739000000000000000e+03 -2.873574733734130859e+00
5.740000000000000000e+03 -2.873588323593139648e+00
5.741000000000000000e+03 -2.869034290313720703e+00
5.742000000000000000e+03 -2.864481449127197266e+00
5.743000000000000000e+03 -2.871915817260742188e+00
5.744000000000000000e+03 -2.815812826156616211e+00
5.745000000000000000e+03 -2.815962791442871094e+00
5.746000000000000000e+03 -2.833239793777465820e+00
5.747000000000000000e+03 -2.818781852722167969e+00
5.748000000000000000e+03 -2.795037984848022461e+00
5.749000000000000000e+03 -2.832410812377929688e+00
5.750000000000000000e+03 -2.784722089767456055e+00
5.751000000000000000e+03 -2.849996328353881836e+00
5.752000000000000000e+03 -2.811995744705200195e+00
5.753000000000000000e+03 -2.848607301712036133e+00
5.754000000000000000e+03 -2.893240213394165039e+00
5.755000000000000000e+03 -2.897618532180786133e+00
5.756000000000000000e+03 -2.837226390838623047e+00
5.757000000000000000e+03 -2.879270553588867188e+00
5.758000000000000000e+03 -2.878152132034301758e+00
5.759000000000000000e+03 -2.902515172958374023e+00
5.760000000000000000e+03 -2.888895511627197266e+00
5.761000000000000000e+03 -2.900722265243530273e+00
5.762000000000000000e+03 -2.851778507232666016e+00
5.763000000000000000e+03 -2.850277423858642578e+00
5.764000000000000000e+03 -2.864823341369628906e+00
5.765000000000000000e+03 -2.857133626937866211e+00
5.766000000000000000e+03 -2.792757034301757812e+00
5.767000000000000000e+03 -2.846457481384277344e+00
5.768000000000000000e+03 -2.812556743621826172e+00
5.769000000000000000e+03 -2.823677062988281250e+00
5.770000000000000000e+03 -2.817214727401733398e+00
5.771000000000000000e+03 -2.840592861175537109e+00
5.772000000000000000e+03 -2.851751089096069336e+00
5.773000000000000000e+03 -2.841703653335571289e+00
5.774000000000000000e+03 -2.897949695587158203e+00
5.775000000000000000e+03 -2.829394102096557617e+00
5.776000000000000000e+03 -2.849052190780639648e+00
5.777000000000000000e+03 -2.891144990921020508e+00
5.778000000000000000e+03 -2.930415630340576172e+00
5.779000000000000000e+03 -2.968013048171997070e+00
5.780000000000000000e+03 -2.902349472045898438e+00
5.781000000000000000e+03 -2.861593246459960938e+00
5.782000000000000000e+03 -2.887076854705810547e+00
5.783000000000000000e+03 -2.870304822921752930e+00
5.784000000000000000e+03 -2.871940612792968750e+00
5.785000000000000000e+03 -2.939624071121215820e+00
5.786000000000000000e+03 -2.886711120605468750e+00
5.787000000000000000e+03 -2.906599283218383789e+00
5.788000000000000000e+03 -2.882653474807739258e+00
5.789000000000000000e+03 -2.863921880722045898e+00
5.790000000000000000e+03 -2.838543415069580078e+00
5.791000000000000000e+03 -2.859829425811767578e+00
5.792000000000000000e+03 -2.838539838790893555e+00
5.793000000000000000e+03 -2.872635364532470703e+00
5.794000000000000000e+03 -2.826788425445556641e+00
5.795000000000000000e+03 -2.886431217193603516e+00
5.796000000000000000e+03 -2.903525114059448242e+00
5.797000000000000000e+03 -2.857172012329101562e+00
5.798000000000000000e+03 -2.842060804367065430e+00
5.799000000000000000e+03 -2.896489381790161133e+00
5.800000000000000000e+03 -2.877154350280761719e+00
5.801000000000000000e+03 -2.865007877349853516e+00
5.802000000000000000e+03 -2.837463140487670898e+00
5.803000000000000000e+03 -2.858476161956787109e+00
5.804000000000000000e+03 -2.875679016113281250e+00
5.805000000000000000e+03 -2.861022949218750000e+00
5.806000000000000000e+03 -2.777793169021606445e+00
5.807000000000000000e+03 -2.820687770843505859e+00
5.808000000000000000e+03 -2.788479089736938477e+00
5.809000000000000000e+03 -2.795480966567993164e+00
5.810000000000000000e+03 -2.793701171875000000e+00
5.811000000000000000e+03 -2.797846794128417969e+00
5.812000000000000000e+03 -2.809103250503540039e+00
5.813000000000000000e+03 -2.803641557693481445e+00
5.814000000000000000e+03 -2.790214538574218750e+00
5.815000000000000000e+03 -2.782118558883666992e+00
5.816000000000000000e+03 -2.788651704788208008e+00
5.817000000000000000e+03 -2.792922973632812500e+00
5.818000000000000000e+03 -2.786875009536743164e+00
5.819000000000000000e+03 -2.806201219558715820e+00
5.820000000000000000e+03 -2.802986383438110352e+00
5.821000000000000000e+03 -2.867550373077392578e+00
5.822000000000000000e+03 -2.810602664947509766e+00
5.823000000000000000e+03 -2.815892457962036133e+00
5.824000000000000000e+03 -2.785199165344238281e+00
5.825000000000000000e+03 -2.801489114761352539e+00
5.826000000000000000e+03 -2.811855077743530273e+00
5.827000000000000000e+03 -2.809511899948120117e+00
5.828000000000000000e+03 -2.758807897567749023e+00
5.829000000000000000e+03 -2.779023170471191406e+00
5.830000000000000000e+03 -2.835321426391601562e+00
5.831000000000000000e+03 -2.797056436538696289e+00
5.832000000000000000e+03 -2.804486274719238281e+00
5.833000000000000000e+03 -2.736030817031860352e+00
5.834000000000000000e+03 -2.793451786041259766e+00
5.835000000000000000e+03 -2.805555343627929688e+00
5.836000000000000000e+03 -2.764313936233520508e+00
5.837000000000000000e+03 -2.793632507324218750e+00
5.838000000000000000e+03 -2.848155975341796875e+00
5.839000000000000000e+03 -2.829558134078979492e+00
5.840000000000000000e+03 -2.882080078125000000e+00
5.841000000000000000e+03 -2.876135110855102539e+00
5.842000000000000000e+03 -2.840073108673095703e+00
5.843000000000000000e+03 -2.838968038558959961e+00
5.844000000000000000e+03 -2.829478502273559570e+00
5.845000000000000000e+03 -2.841028928756713867e+00
5.846000000000000000e+03 -2.767569541931152344e+00
5.847000000000000000e+03 -2.780431270599365234e+00
5.848000000000000000e+03 -2.825682163238525391e+00
5.849000000000000000e+03 -2.763065338134765625e+00
5.850000000000000000e+03 -2.815288305282592773e+00
5.851000000000000000e+03 -2.791707754135131836e+00
5.852000000000000000e+03 -2.825383901596069336e+00
5.853000000000000000e+03 -2.806453943252563477e+00
5.854000000000000000e+03 -2.843487024307250977e+00
5.855000000000000000e+03 -2.779129505157470703e+00
5.856000000000000000e+03 -2.781306982040405273e+00
5.857000000000000000e+03 -2.846128463745117188e+00
5.858000000000000000e+03 -2.822732210159301758e+00
5.859000000000000000e+03 -2.831037998199462891e+00
5.860000000000000000e+03 -2.821851253509521484e+00
5.861000000000000000e+03 -2.814457416534423828e+00
5.862000000000000000e+03 -2.842041492462158203e+00
5.863000000000000000e+03 -2.804101943969726562e+00
5.864000000000000000e+03 -2.824008941650390625e+00
5.865000000000000000e+03 -2.840324401855468750e+00
5.866000000000000000e+03 -2.859104156494140625e+00
5.867000000000000000e+03 -2.801846504211425781e+00
5.868000000000000000e+03 -2.805470466613769531e+00
5.869000000000000000e+03 -2.814507246017456055e+00
5.870000000000000000e+03 -2.812153816223144531e+00
5.871000000000000000e+03 -2.807081699371337891e+00
5.872000000000000000e+03 -2.857419967651367188e+00
5.873000000000000000e+03 -2.796989917755126953e+00
5.874000000000000000e+03 -2.820318222045898438e+00
5.875000000000000000e+03 -2.845353603363037109e+00
5.876000000000000000e+03 -2.813623428344726562e+00
5.877000000000000000e+03 -2.880860328674316406e+00
5.878000000000000000e+03 -2.872033596038818359e+00
5.879000000000000000e+03 -2.834534883499145508e+00
5.880000000000000000e+03 -2.808654308319091797e+00
5.881000000000000000e+03 -2.859807252883911133e+00
5.882000000000000000e+03 -2.850001335144042969e+00
5.883000000000000000e+03 -2.872562408447265625e+00
5.884000000000000000e+03 -2.868034362792968750e+00
5.885000000000000000e+03 -2.856345653533935547e+00
5.886000000000000000e+03 -2.859243869781494141e+00
5.887000000000000000e+03 -2.821208715438842773e+00
5.888000000000000000e+03 -2.876289367675781250e+00
5.889000000000000000e+03 -2.890033483505249023e+00
5.890000000000000000e+03 -2.898405313491821289e+00
5.891000000000000000e+03 -2.877366065979003906e+00
5.892000000000000000e+03 -2.882254362106323242e+00
5.893000000000000000e+03 -2.847931146621704102e+00
5.894000000000000000e+03 -2.844874382019042969e+00
5.895000000000000000e+03 -2.839622735977172852e+00
5.896000000000000000e+03 -2.810237884521484375e+00
5.897000000000000000e+03 -2.815127372741699219e+00
5.898000000000000000e+03 -2.845106124877929688e+00
5.899000000000000000e+03 -2.792497873306274414e+00
5.900000000000000000e+03 -2.870342254638671875e+00
5.901000000000000000e+03 -2.855552673339843750e+00
5.902000000000000000e+03 -2.862898349761962891e+00
5.903000000000000000e+03 -2.964812755584716797e+00
5.904000000000000000e+03 -2.860480546951293945e+00
5.905000000000000000e+03 -2.873055458068847656e+00
5.906000000000000000e+03 -2.864057064056396484e+00
5.907000000000000000e+03 -2.863496303558349609e+00
5.908000000000000000e+03 -2.820011138916015625e+00
5.909000000000000000e+03 -2.852159023284912109e+00
5.910000000000000000e+03 -2.850238561630249023e+00
5.911000000000000000e+03 -2.876265764236450195e+00
5.912000000000000000e+03 -2.855296611785888672e+00
5.913000000000000000e+03 -2.855853796005249023e+00
5.914000000000000000e+03 -2.850981712341308594e+00
5.915000000000000000e+03 -2.830600976943969727e+00
5.916000000000000000e+03 -2.846488714218139648e+00
5.917000000000000000e+03 -2.794719696044921875e+00
5.918000000000000000e+03 -2.789239406585693359e+00
5.919000000000000000e+03 -2.834009408950805664e+00
5.920000000000000000e+03 -2.833345174789428711e+00
5.921000000000000000e+03 -2.834733486175537109e+00
5.922000000000000000e+03 -2.871644496917724609e+00
5.923000000000000000e+03 -2.839694976806640625e+00
5.924000000000000000e+03 -2.819447517395019531e+00
5.925000000000000000e+03 -2.813061952590942383e+00
5.926000000000000000e+03 -2.823160409927368164e+00
5.927000000000000000e+03 -2.824287176132202148e+00
5.928000000000000000e+03 -2.843065738677978516e+00
5.929000000000000000e+03 -2.807930707931518555e+00
5.930000000000000000e+03 -2.830152750015258789e+00
5.931000000000000000e+03 -2.844220638275146484e+00
5.932000000000000000e+03 -2.865364313125610352e+00
5.933000000000000000e+03 -2.823754787445068359e+00
5.934000000000000000e+03 -2.880629062652587891e+00
5.935000000000000000e+03 -2.958843469619750977e+00
5.936000000000000000e+03 -2.901702404022216797e+00
5.937000000000000000e+03 -2.900320291519165039e+00
5.938000000000000000e+03 -2.885993003845214844e+00
5.939000000000000000e+03 -2.915298461914062500e+00
5.940000000000000000e+03 -2.885097265243530273e+00
5.941000000000000000e+03 -2.888098239898681641e+00
5.942000000000000000e+03 -2.902343034744262695e+00
5.943000000000000000e+03 -2.926779270172119141e+00
5.944000000000000000e+03 -2.876710653305053711e+00
5.945000000000000000e+03 -2.864368677139282227e+00
5.946000000000000000e+03 -2.914045333862304688e+00
5.947000000000000000e+03 -2.922592163085937500e+00
5.948000000000000000e+03 -2.912213087081909180e+00
5.949000000000000000e+03 -2.872631788253784180e+00
5.950000000000000000e+03 -2.816178083419799805e+00
5.951000000000000000e+03 -2.865620136260986328e+00
5.952000000000000000e+03 -2.961008310317993164e+00
5.953000000000000000e+03 -2.983229875564575195e+00
5.954000000000000000e+03 -2.937701702117919922e+00
5.955000000000000000e+03 -2.919088125228881836e+00
5.956000000000000000e+03 -2.919399261474609375e+00
5.957000000000000000e+03 -2.880062580108642578e+00
5.958000000000000000e+03 -2.893465995788574219e+00
5.959000000000000000e+03 -2.882022619247436523e+00
5.960000000000000000e+03 -2.837191581726074219e+00
5.961000000000000000e+03 -2.872564315795898438e+00
5.962000000000000000e+03 -2.896119356155395508e+00
5.963000000000000000e+03 -2.958564996719360352e+00
5.964000000000000000e+03 -2.930330991744995117e+00
5.965000000000000000e+03 -2.915402173995971680e+00
5.966000000000000000e+03 -2.872346162796020508e+00
5.967000000000000000e+03 -2.835212469100952148e+00
5.968000000000000000e+03 -2.847080707550048828e+00
5.969000000000000000e+03 -2.862955570220947266e+00
5.970000000000000000e+03 -2.876915693283081055e+00
5.971000000000000000e+03 -2.821991443634033203e+00
5.972000000000000000e+03 -2.827970504760742188e+00
5.973000000000000000e+03 -2.920205116271972656e+00
5.974000000000000000e+03 -2.886654615402221680e+00
5.975000000000000000e+03 -2.839008569717407227e+00
5.976000000000000000e+03 -2.871250391006469727e+00
5.977000000000000000e+03 -2.842800378799438477e+00
5.978000000000000000e+03 -2.852865695953369141e+00
5.979000000000000000e+03 -2.883624553680419922e+00
5.980000000000000000e+03 -2.910480260848999023e+00
5.981000000000000000e+03 -2.867982387542724609e+00
5.982000000000000000e+03 -2.852444410324096680e+00
5.983000000000000000e+03 -2.825706720352172852e+00
5.984000000000000000e+03 -2.822093486785888672e+00
5.985000000000000000e+03 -2.797407627105712891e+00
5.986000000000000000e+03 -2.812817573547363281e+00
5.987000000000000000e+03 -2.827399730682373047e+00
5.988000000000000000e+03 -2.831253290176391602e+00
5.989000000000000000e+03 -2.893983125686645508e+00
5.990000000000000000e+03 -2.876781940460205078e+00
5.991000000000000000e+03 -2.882771253585815430e+00
5.992000000000000000e+03 -2.871783018112182617e+00
5.993000000000000000e+03 -2.901141881942749023e+00
5.994000000000000000e+03 -2.901237964630126953e+00
5.995000000000000000e+03 -2.897300720214843750e+00
5.996000000000000000e+03 -2.907831907272338867e+00
5.997000000000000000e+03 -2.883797883987426758e+00
5.998000000000000000e+03 -2.907190084457397461e+00
5.999000000000000000e+03 -2.887247323989868164e+00
6.000000000000000000e+03 -2.868571758270263672e+00
6.001000000000000000e+03 -2.865172863006591797e+00
6.002000000000000000e+03 -2.846293926239013672e+00
6.003000000000000000e+03 -2.842580795288085938e+00
6.004000000000000000e+03 -2.833070516586303711e+00
6.005000000000000000e+03 -2.891061305999755859e+00
6.006000000000000000e+03 -2.830789327621459961e+00
6.007000000000000000e+03 -2.838595151901245117e+00
6.008000000000000000e+03 -2.891945123672485352e+00
6.009000000000000000e+03 -2.850975036621093750e+00
6.010000000000000000e+03 -2.895467519760131836e+00
6.011000000000000000e+03 -2.872829198837280273e+00
6.012000000000000000e+03 -2.880896568298339844e+00
6.013000000000000000e+03 -2.848796844482421875e+00
6.014000000000000000e+03 -2.874288082122802734e+00
6.015000000000000000e+03 -2.841646432876586914e+00
6.016000000000000000e+03 -2.827977657318115234e+00
6.017000000000000000e+03 -2.823132276535034180e+00
6.018000000000000000e+03 -2.868349313735961914e+00
6.019000000000000000e+03 -2.862157583236694336e+00
6.020000000000000000e+03 -2.901974439620971680e+00
6.021000000000000000e+03 -2.883253574371337891e+00
6.022000000000000000e+03 -2.847559452056884766e+00
6.023000000000000000e+03 -2.907281875610351562e+00
6.024000000000000000e+03 -2.844129562377929688e+00
6.025000000000000000e+03 -2.851110696792602539e+00
6.026000000000000000e+03 -2.871475219726562500e+00
6.027000000000000000e+03 -2.885377168655395508e+00
6.028000000000000000e+03 -2.852928876876831055e+00
6.029000000000000000e+03 -2.820792675018310547e+00
6.030000000000000000e+03 -2.885563611984252930e+00
6.031000000000000000e+03 -2.824930667877197266e+00
6.032000000000000000e+03 -2.847593545913696289e+00
6.033000000000000000e+03 -2.854318141937255859e+00
6.034000000000000000e+03 -2.858013868331909180e+00
6.035000000000000000e+03 -2.850365400314331055e+00
6.036000000000000000e+03 -2.865792274475097656e+00
6.037000000000000000e+03 -2.849625110626220703e+00
6.038000000000000000e+03 -2.822361230850219727e+00
6.039000000000000000e+03 -2.880743741989135742e+00
6.040000000000000000e+03 -2.880001306533813477e+00
6.041000000000000000e+03 -2.882735490798950195e+00
6.042000000000000000e+03 -2.869506835937500000e+00
6.043000000000000000e+03 -2.880970001220703125e+00
6.044000000000000000e+03 -2.878201007843017578e+00
6.045000000000000000e+03 -2.895679235458374023e+00
6.046000000000000000e+03 -2.888272285461425781e+00
6.047000000000000000e+03 -2.916790962219238281e+00
6.048000000000000000e+03 -2.893394947052001953e+00
6.049000000000000000e+03 -2.868129968643188477e+00
6.050000000000000000e+03 -2.873392581939697266e+00
6.051000000000000000e+03 -2.877914905548095703e+00
6.052000000000000000e+03 -2.872067689895629883e+00
6.053000000000000000e+03 -2.862869262695312500e+00
6.054000000000000000e+03 -2.880548715591430664e+00
6.055000000000000000e+03 -2.880448102951049805e+00
6.056000000000000000e+03 -2.883230209350585938e+00
6.057000000000000000e+03 -2.927261829376220703e+00
6.058000000000000000e+03 -2.956271648406982422e+00
6.059000000000000000e+03 -2.921044111251831055e+00
6.060000000000000000e+03 -2.939184427261352539e+00
6.061000000000000000e+03 -2.896084070205688477e+00
6.062000000000000000e+03 -2.878695964813232422e+00
6.063000000000000000e+03 -2.882874488830566406e+00
6.064000000000000000e+03 -2.910758256912231445e+00
6.065000000000000000e+03 -2.848160743713378906e+00
6.066000000000000000e+03 -2.911239862442016602e+00
6.067000000000000000e+03 -2.880218267440795898e+00
6.068000000000000000e+03 -2.905233144760131836e+00
6.069000000000000000e+03 -2.859139442443847656e+00
6.070000000000000000e+03 -2.877583265304565430e+00
6.071000000000000000e+03 -2.853117704391479492e+00
6.072000000000000000e+03 -2.840325355529785156e+00
6.073000000000000000e+03 -2.864058971405029297e+00
6.074000000000000000e+03 -2.869290828704833984e+00
6.075000000000000000e+03 -2.887140035629272461e+00
6.076000000000000000e+03 -2.872064113616943359e+00
6.077000000000000000e+03 -2.847423076629638672e+00
6.078000000000000000e+03 -2.883104801177978516e+00
6.079000000000000000e+03 -2.887841463088989258e+00
6.080000000000000000e+03 -2.907861948013305664e+00
6.081000000000000000e+03 -2.908610343933105469e+00
6.082000000000000000e+03 -2.869699716567993164e+00
6.083000000000000000e+03 -2.880126476287841797e+00
6.084000000000000000e+03 -2.825247049331665039e+00
6.085000000000000000e+03 -2.859611988067626953e+00
6.086000000000000000e+03 -2.852440357208251953e+00
6.087000000000000000e+03 -2.899743795394897461e+00
6.088000000000000000e+03 -2.916523933410644531e+00
6.089000000000000000e+03 -2.895188331604003906e+00
6.090000000000000000e+03 -2.891069412231445312e+00
6.091000000000000000e+03 -2.891278505325317383e+00
6.092000000000000000e+03 -2.824571609497070312e+00
6.093000000000000000e+03 -2.869024038314819336e+00
6.094000000000000000e+03 -2.903302907943725586e+00
6.095000000000000000e+03 -2.884461402893066406e+00
6.096000000000000000e+03 -2.901970386505126953e+00
6.097000000000000000e+03 -2.856247663497924805e+00
6.098000000000000000e+03 -2.877115726470947266e+00
6.099000000000000000e+03 -2.917862415313720703e+00
6.100000000000000000e+03 -2.925436735153198242e+00
6.101000000000000000e+03 -2.901635885238647461e+00
6.102000000000000000e+03 -2.895836353302001953e+00
6.103000000000000000e+03 -2.943779468536376953e+00
6.104000000000000000e+03 -2.917333602905273438e+00
6.105000000000000000e+03 -2.908681869506835938e+00
6.106000000000000000e+03 -2.909768342971801758e+00
6.107000000000000000e+03 -2.938903331756591797e+00
6.108000000000000000e+03 -2.948980093002319336e+00
6.109000000000000000e+03 -2.961497783660888672e+00
6.110000000000000000e+03 -2.969098091125488281e+00
6.111000000000000000e+03 -2.951203584671020508e+00
6.112000000000000000e+03 -2.939180135726928711e+00
6.113000000000000000e+03 -2.889237403869628906e+00
6.114000000000000000e+03 -2.930756807327270508e+00
6.115000000000000000e+03 -2.929841995239257812e+00
6.116000000000000000e+03 -2.913970947265625000e+00
6.117000000000000000e+03 -2.921922922134399414e+00
6.118000000000000000e+03 -2.879679679870605469e+00
6.119000000000000000e+03 -2.889177322387695312e+00
6.120000000000000000e+03 -2.890681266784667969e+00
6.121000000000000000e+03 -2.932165145874023438e+00
6.122000000000000000e+03 -2.872363090515136719e+00
6.123000000000000000e+03 -2.899810791015625000e+00
6.124000000000000000e+03 -2.911354780197143555e+00
6.125000000000000000e+03 -2.930977344512939453e+00
6.126000000000000000e+03 -2.866766691207885742e+00
6.127000000000000000e+03 -2.906116247177124023e+00
6.128000000000000000e+03 -2.872397184371948242e+00
6.129000000000000000e+03 -2.946926832199096680e+00
6.130000000000000000e+03 -2.900318861007690430e+00
6.131000000000000000e+03 -2.906153917312622070e+00
6.132000000000000000e+03 -2.917725563049316406e+00
6.133000000000000000e+03 -2.883197546005249023e+00
6.134000000000000000e+03 -2.908612966537475586e+00
6.135000000000000000e+03 -2.954476833343505859e+00
6.136000000000000000e+03 -2.890949010848999023e+00
6.137000000000000000e+03 -2.920819282531738281e+00
6.138000000000000000e+03 -2.938574075698852539e+00
6.139000000000000000e+03 -2.914074420928955078e+00
6.140000000000000000e+03 -2.917511463165283203e+00
6.141000000000000000e+03 -2.900718688964843750e+00
6.142000000000000000e+03 -2.893379211425781250e+00
6.143000000000000000e+03 -2.918820142745971680e+00
6.144000000000000000e+03 -2.893132925033569336e+00
6.145000000000000000e+03 -2.866677522659301758e+00
6.146000000000000000e+03 -2.946766138076782227e+00
6.147000000000000000e+03 -2.964260339736938477e+00
6.148000000000000000e+03 -2.872263431549072266e+00
6.149000000000000000e+03 -2.893500089645385742e+00
6.150000000000000000e+03 -2.915518999099731445e+00
6.151000000000000000e+03 -2.928076267242431641e+00
6.152000000000000000e+03 -2.957265377044677734e+00
6.153000000000000000e+03 -2.922499418258666992e+00
6.154000000000000000e+03 -2.903659105300903320e+00
6.155000000000000000e+03 -2.937542200088500977e+00
6.156000000000000000e+03 -2.918990373611450195e+00
6.157000000000000000e+03 -2.905368089675903320e+00
6.158000000000000000e+03 -2.874094724655151367e+00
6.159000000000000000e+03 -2.835734367370605469e+00
6.160000000000000000e+03 -2.907937288284301758e+00
6.161000000000000000e+03 -2.884495258331298828e+00
6.162000000000000000e+03 -2.883765220642089844e+00
6.163000000000000000e+03 -2.864581584930419922e+00
6.164000000000000000e+03 -2.865458488464355469e+00
6.165000000000000000e+03 -2.831663370132446289e+00
6.166000000000000000e+03 -2.846647262573242188e+00
6.167000000000000000e+03 -2.851620435714721680e+00
6.168000000000000000e+03 -2.881152153015136719e+00
6.169000000000000000e+03 -2.909105300903320312e+00
6.170000000000000000e+03 -2.847269773483276367e+00
6.171000000000000000e+03 -2.887481212615966797e+00
6.172000000000000000e+03 -2.898342132568359375e+00
6.173000000000000000e+03 -2.876599550247192383e+00
6.174000000000000000e+03 -2.896120071411132812e+00
6.175000000000000000e+03 -2.888228416442871094e+00
6.176000000000000000e+03 -2.904997110366821289e+00
6.177000000000000000e+03 -2.858762979507446289e+00
6.178000000000000000e+03 -2.901659011840820312e+00
6.179000000000000000e+03 -2.916161060333251953e+00
6.180000000000000000e+03 -2.914901971817016602e+00
6.181000000000000000e+03 -2.875798225402832031e+00
6.182000000000000000e+03 -2.920098543167114258e+00
6.183000000000000000e+03 -2.928669214248657227e+00
6.184000000000000000e+03 -2.893043279647827148e+00
6.185000000000000000e+03 -2.864266395568847656e+00
6.186000000000000000e+03 -2.867227315902709961e+00
6.187000000000000000e+03 -2.899995803833007812e+00
6.188000000000000000e+03 -2.908994197845458984e+00
6.189000000000000000e+03 -2.890248298645019531e+00
6.190000000000000000e+03 -2.934300899505615234e+00
6.191000000000000000e+03 -2.941308259963989258e+00
6.192000000000000000e+03 -2.888729810714721680e+00
6.193000000000000000e+03 -2.900165319442749023e+00
6.194000000000000000e+03 -2.898602724075317383e+00
6.195000000000000000e+03 -2.922928810119628906e+00
6.196000000000000000e+03 -2.875715494155883789e+00
6.197000000000000000e+03 -2.833873271942138672e+00
6.198000000000000000e+03 -2.869480133056640625e+00
6.199000000000000000e+03 -2.901642084121704102e+00
6.200000000000000000e+03 -2.893930912017822266e+00
6.201000000000000000e+03 -2.840643405914306641e+00
6.202000000000000000e+03 -2.880177497863769531e+00
6.203000000000000000e+03 -2.863378763198852539e+00
6.204000000000000000e+03 -2.863957881927490234e+00
6.205000000000000000e+03 -2.812107324600219727e+00
6.206000000000000000e+03 -2.863747358322143555e+00
6.207000000000000000e+03 -2.815005779266357422e+00
6.208000000000000000e+03 -2.851916313171386719e+00
6.209000000000000000e+03 -2.826702356338500977e+00
6.210000000000000000e+03 -2.867420911788940430e+00
6.211000000000000000e+03 -2.878720283508300781e+00
6.212000000000000000e+03 -2.912387371063232422e+00
6.213000000000000000e+03 -2.887473344802856445e+00
6.214000000000000000e+03 -2.860942602157592773e+00
6.215000000000000000e+03 -2.842409610748291016e+00
6.216000000000000000e+03 -2.927462100982666016e+00
6.217000000000000000e+03 -2.903571367263793945e+00
6.218000000000000000e+03 -2.808882236480712891e+00
6.219000000000000000e+03 -2.849841356277465820e+00
6.220000000000000000e+03 -2.885181427001953125e+00
6.221000000000000000e+03 -2.924637079238891602e+00
6.222000000000000000e+03 -2.895355463027954102e+00
6.223000000000000000e+03 -2.887704849243164062e+00
6.224000000000000000e+03 -2.838083744049072266e+00
6.225000000000000000e+03 -2.881489753723144531e+00
6.226000000000000000e+03 -2.866237640380859375e+00
6.227000000000000000e+03 -2.905295372009277344e+00
6.228000000000000000e+03 -2.895725965499877930e+00
6.229000000000000000e+03 -2.857651472091674805e+00
6.230000000000000000e+03 -2.867904663085937500e+00
6.231000000000000000e+03 -2.946507692337036133e+00
6.232000000000000000e+03 -2.945561647415161133e+00
6.233000000000000000e+03 -2.914820194244384766e+00
6.234000000000000000e+03 -2.877705812454223633e+00
6.235000000000000000e+03 -2.890171527862548828e+00
6.236000000000000000e+03 -2.946354866027832031e+00
6.237000000000000000e+03 -2.837517499923706055e+00
6.238000000000000000e+03 -2.898621797561645508e+00
6.239000000000000000e+03 -2.876454830169677734e+00
6.240000000000000000e+03 -2.902560234069824219e+00
6.241000000000000000e+03 -2.884201526641845703e+00
6.242000000000000000e+03 -2.929285287857055664e+00
6.243000000000000000e+03 -2.876541376113891602e+00
6.244000000000000000e+03 -2.878725528717041016e+00
6.245000000000000000e+03 -2.877496480941772461e+00
6.246000000000000000e+03 -2.896656751632690430e+00
6.247000000000000000e+03 -2.876194000244140625e+00
6.248000000000000000e+03 -2.873099803924560547e+00
6.249000000000000000e+03 -2.870313882827758789e+00
6.250000000000000000e+03 -2.874402284622192383e+00
6.251000000000000000e+03 -2.942861318588256836e+00
6.252000000000000000e+03 -2.925145864486694336e+00
6.253000000000000000e+03 -2.891654253005981445e+00
6.254000000000000000e+03 -2.899878501892089844e+00
6.255000000000000000e+03 -2.917219161987304688e+00
6.256000000000000000e+03 -2.912597894668579102e+00
6.257000000000000000e+03 -2.925566673278808594e+00
6.258000000000000000e+03 -2.917849540710449219e+00
6.259000000000000000e+03 -2.912804126739501953e+00
6.260000000000000000e+03 -2.914660453796386719e+00
6.261000000000000000e+03 -2.936459302902221680e+00
6.262000000000000000e+03 -2.904611349105834961e+00
6.263000000000000000e+03 -2.930111885070800781e+00
6.264000000000000000e+03 -2.930316448211669922e+00
6.265000000000000000e+03 -2.951834917068481445e+00
6.266000000000000000e+03 -2.959012746810913086e+00
6.267000000000000000e+03 -2.913249492645263672e+00
6.268000000000000000e+03 -2.958093881607055664e+00
6.269000000000000000e+03 -2.957402706146240234e+00
6.270000000000000000e+03 -2.975974082946777344e+00
6.271000000000000000e+03 -2.975512742996215820e+00
6.272000000000000000e+03 -2.964248895645141602e+00
6.273000000000000000e+03 -2.899995803833007812e+00
6.274000000000000000e+03 -2.926521778106689453e+00
6.275000000000000000e+03 -2.897617340087890625e+00
6.276000000000000000e+03 -2.918459415435791016e+00
6.277000000000000000e+03 -2.889410257339477539e+00
6.278000000000000000e+03 -2.938071727752685547e+00
6.279000000000000000e+03 -2.980758666992187500e+00
6.280000000000000000e+03 -3.004008531570434570e+00
6.281000000000000000e+03 -2.957238197326660156e+00
6.282000000000000000e+03 -2.933762073516845703e+00
6.283000000000000000e+03 -2.934340238571166992e+00
6.284000000000000000e+03 -2.984513282775878906e+00
6.285000000000000000e+03 -2.924109220504760742e+00
6.286000000000000000e+03 -2.896886110305786133e+00
6.287000000000000000e+03 -2.939342260360717773e+00
6.288000000000000000e+03 -2.952158212661743164e+00
6.289000000000000000e+03 -2.941834211349487305e+00
6.290000000000000000e+03 -2.950396060943603516e+00
6.291000000000000000e+03 -2.965436935424804688e+00
6.292000000000000000e+03 -2.958074331283569336e+00
6.293000000000000000e+03 -2.916801452636718750e+00
6.294000000000000000e+03 -2.884504318237304688e+00
6.295000000000000000e+03 -2.902467012405395508e+00
6.296000000000000000e+03 -2.948303699493408203e+00
6.297000000000000000e+03 -2.919111251831054688e+00
6.298000000000000000e+03 -2.951588869094848633e+00
6.299000000000000000e+03 -2.982896089553833008e+00
6.300000000000000000e+03 -2.952049970626831055e+00
6.301000000000000000e+03 -2.979227542877197266e+00
6.302000000000000000e+03 -2.924299955368041992e+00
6.303000000000000000e+03 -2.905859231948852539e+00
6.304000000000000000e+03 -2.889999151229858398e+00
6.305000000000000000e+03 -2.836885690689086914e+00
6.306000000000000000e+03 -2.908728599548339844e+00
6.307000000000000000e+03 -2.945392847061157227e+00
6.308000000000000000e+03 -2.909430503845214844e+00
6.309000000000000000e+03 -2.915052652359008789e+00
6.310000000000000000e+03 -2.931310653686523438e+00
6.311000000000000000e+03 -2.971425056457519531e+00
6.312000000000000000e+03 -2.935591697692871094e+00
6.313000000000000000e+03 -2.948337078094482422e+00
6.314000000000000000e+03 -2.966389179229736328e+00
6.315000000000000000e+03 -2.925856351852416992e+00
6.316000000000000000e+03 -2.930276870727539062e+00
6.317000000000000000e+03 -2.906445741653442383e+00
6.318000000000000000e+03 -2.871207237243652344e+00
6.319000000000000000e+03 -2.863629817962646484e+00
6.320000000000000000e+03 -2.878495931625366211e+00
6.321000000000000000e+03 -2.869787693023681641e+00
6.322000000000000000e+03 -2.912121772766113281e+00
6.323000000000000000e+03 -2.879385471343994141e+00
6.324000000000000000e+03 -2.901963710784912109e+00
6.325000000000000000e+03 -2.866081476211547852e+00
6.326000000000000000e+03 -2.893948078155517578e+00
6.327000000000000000e+03 -2.937607526779174805e+00
6.328000000000000000e+03 -2.904922246932983398e+00
6.329000000000000000e+03 -2.926876306533813477e+00
6.330000000000000000e+03 -2.951392650604248047e+00
6.331000000000000000e+03 -2.936113595962524414e+00
6.332000000000000000e+03 -2.885654926300048828e+00
6.333000000000000000e+03 -2.919865608215332031e+00
6.334000000000000000e+03 -2.933593988418579102e+00
6.335000000000000000e+03 -2.927115440368652344e+00
6.336000000000000000e+03 -2.939988613128662109e+00
6.337000000000000000e+03 -2.875288724899291992e+00
6.338000000000000000e+03 -2.977305650711059570e+00
6.339000000000000000e+03 -2.929897308349609375e+00
6.340000000000000000e+03 -2.898576498031616211e+00
6.341000000000000000e+03 -2.976502418518066406e+00
6.342000000000000000e+03 -2.926395893096923828e+00
6.343000000000000000e+03 -2.893572330474853516e+00
6.344000000000000000e+03 -2.958284139633178711e+00
6.345000000000000000e+03 -2.887841463088989258e+00
6.346000000000000000e+03 -2.886549472808837891e+00
6.347000000000000000e+03 -2.853482723236083984e+00
6.348000000000000000e+03 -2.880379676818847656e+00
6.349000000000000000e+03 -2.895905971527099609e+00
6.350000000000000000e+03 -2.910293102264404297e+00
6.351000000000000000e+03 -2.902775287628173828e+00
6.352000000000000000e+03 -2.886726856231689453e+00
6.353000000000000000e+03 -2.897924900054931641e+00
6.354000000000000000e+03 -2.842741250991821289e+00
6.355000000000000000e+03 -2.853601217269897461e+00
6.356000000000000000e+03 -2.945322513580322266e+00
6.357000000000000000e+03 -2.899817466735839844e+00
6.358000000000000000e+03 -2.890525817871093750e+00
6.359000000000000000e+03 -2.879244327545166016e+00
6.360000000000000000e+03 -2.918546676635742188e+00
6.361000000000000000e+03 -2.920122385025024414e+00
6.362000000000000000e+03 -2.916309118270874023e+00
6.363000000000000000e+03 -2.957367181777954102e+00
6.364000000000000000e+03 -2.901015996932983398e+00
6.365000000000000000e+03 -2.962819337844848633e+00
6.366000000000000000e+03 -2.932438850402832031e+00
6.367000000000000000e+03 -2.962922334671020508e+00
6.368000000000000000e+03 -2.928779840469360352e+00
6.369000000000000000e+03 -2.944099664688110352e+00
6.370000000000000000e+03 -2.889025211334228516e+00
6.371000000000000000e+03 -2.931350708007812500e+00
6.372000000000000000e+03 -2.954015970230102539e+00
6.373000000000000000e+03 -2.931690931320190430e+00
6.374000000000000000e+03 -2.850272417068481445e+00
6.375000000000000000e+03 -2.845243930816650391e+00
6.376000000000000000e+03 -2.861580848693847656e+00
6.377000000000000000e+03 -2.870032548904418945e+00
6.378000000000000000e+03 -2.905034542083740234e+00
6.379000000000000000e+03 -2.849426269531250000e+00
6.380000000000000000e+03 -2.856837272644042969e+00
6.381000000000000000e+03 -2.865996837615966797e+00
6.382000000000000000e+03 -2.824905872344970703e+00
6.383000000000000000e+03 -2.882139682769775391e+00
6.384000000000000000e+03 -2.880632162094116211e+00
6.385000000000000000e+03 -2.839916706085205078e+00
6.386000000000000000e+03 -2.848890781402587891e+00
6.387000000000000000e+03 -2.856834173202514648e+00
6.388000000000000000e+03 -2.883762598037719727e+00
6.389000000000000000e+03 -2.847959280014038086e+00
6.390000000000000000e+03 -2.863146543502807617e+00
6.391000000000000000e+03 -2.908725500106811523e+00
6.392000000000000000e+03 -2.893955707550048828e+00
6.393000000000000000e+03 -2.901694297790527344e+00
6.394000000000000000e+03 -2.881315708160400391e+00
6.395000000000000000e+03 -2.886640548706054688e+00
6.396000000000000000e+03 -2.875351905822753906e+00
6.397000000000000000e+03 -2.937455177307128906e+00
6.398000000000000000e+03 -2.880526065826416016e+00
6.399000000000000000e+03 -2.883493423461914062e+00
6.400000000000000000e+03 -2.951983451843261719e+00
6.401000000000000000e+03 -2.971273422241210938e+00
6.402000000000000000e+03 -2.931769609451293945e+00
6.403000000000000000e+03 -2.882752895355224609e+00
6.404000000000000000e+03 -2.885426759719848633e+00
6.405000000000000000e+03 -2.862803220748901367e+00
6.406000000000000000e+03 -2.859822988510131836e+00
6.407000000000000000e+03 -2.863186836242675781e+00
6.408000000000000000e+03 -2.886002302169799805e+00
6.409000000000000000e+03 -2.928837299346923828e+00
6.410000000000000000e+03 -2.890201807022094727e+00
6.411000000000000000e+03 -2.879734992980957031e+00
6.412000000000000000e+03 -2.824080228805541992e+00
6.413000000000000000e+03 -2.862677097320556641e+00
6.414000000000000000e+03 -2.832753419876098633e+00
6.415000000000000000e+03 -2.881782770156860352e+00
6.416000000000000000e+03 -2.818482637405395508e+00
6.417000000000000000e+03 -2.875615835189819336e+00
6.418000000000000000e+03 -2.877301692962646484e+00
6.419000000000000000e+03 -2.866724967956542969e+00
6.420000000000000000e+03 -2.824531793594360352e+00
6.421000000000000000e+03 -2.861521720886230469e+00
6.422000000000000000e+03 -2.874608039855957031e+00
6.423000000000000000e+03 -2.855986595153808594e+00
6.424000000000000000e+03 -2.877128601074218750e+00
6.425000000000000000e+03 -2.847079277038574219e+00
6.426000000000000000e+03 -2.858119010925292969e+00
6.427000000000000000e+03 -2.845798015594482422e+00
6.428000000000000000e+03 -2.841767072677612305e+00
6.429000000000000000e+03 -2.845537900924682617e+00
6.430000000000000000e+03 -2.848963737487792969e+00
6.431000000000000000e+03 -2.839874267578125000e+00
6.432000000000000000e+03 -2.770010471343994141e+00
6.433000000000000000e+03 -2.829448223114013672e+00
6.434000000000000000e+03 -2.797442436218261719e+00
6.435000000000000000e+03 -2.830984354019165039e+00
6.436000000000000000e+03 -2.831251144409179688e+00
6.437000000000000000e+03 -2.860816001892089844e+00
6.438000000000000000e+03 -2.838028907775878906e+00
6.439000000000000000e+03 -2.884850263595581055e+00
6.440000000000000000e+03 -2.910680294036865234e+00
6.441000000000000000e+03 -2.878019332885742188e+00
6.442000000000000000e+03 -2.896249294281005859e+00
6.443000000000000000e+03 -2.868581771850585938e+00
6.444000000000000000e+03 -2.871942758560180664e+00
6.445000000000000000e+03 -2.888337135314941406e+00
6.446000000000000000e+03 -2.887033939361572266e+00
6.447000000000000000e+03 -2.893322944641113281e+00
6.448000000000000000e+03 -2.884395837783813477e+00
6.449000000000000000e+03 -2.954462766647338867e+00
6.450000000000000000e+03 -2.932796239852905273e+00
6.451000000000000000e+03 -2.928972959518432617e+00
6.452000000000000000e+03 -2.851228237152099609e+00
6.453000000000000000e+03 -2.879919767379760742e+00
6.454000000000000000e+03 -2.866423845291137695e+00
6.455000000000000000e+03 -2.874998092651367188e+00
6.456000000000000000e+03 -2.866663694381713867e+00
6.457000000000000000e+03 -2.838309526443481445e+00
6.458000000000000000e+03 -2.880793333053588867e+00
6.459000000000000000e+03 -2.881627559661865234e+00
6.460000000000000000e+03 -2.871493339538574219e+00
6.461000000000000000e+03 -2.866946220397949219e+00
6.462000000000000000e+03 -2.948744535446166992e+00
6.463000000000000000e+03 -2.927635669708251953e+00
6.464000000000000000e+03 -2.925096750259399414e+00
6.465000000000000000e+03 -2.883589744567871094e+00
6.466000000000000000e+03 -2.908515930175781250e+00
6.467000000000000000e+03 -2.929397344589233398e+00
6.468000000000000000e+03 -2.860301256179809570e+00
6.469000000000000000e+03 -2.918416023254394531e+00
6.470000000000000000e+03 -2.838889122009277344e+00
6.471000000000000000e+03 -2.889650583267211914e+00
6.472000000000000000e+03 -2.852103233337402344e+00
6.473000000000000000e+03 -2.887080430984497070e+00
6.474000000000000000e+03 -2.910939455032348633e+00
6.475000000000000000e+03 -2.857144594192504883e+00
6.476000000000000000e+03 -2.827708244323730469e+00
6.477000000000000000e+03 -2.818609476089477539e+00
6.478000000000000000e+03 -2.862060070037841797e+00
6.479000000000000000e+03 -2.827338218688964844e+00
6.480000000000000000e+03 -2.821180343627929688e+00
6.481000000000000000e+03 -2.805388450622558594e+00
6.482000000000000000e+03 -2.860903978347778320e+00
6.483000000000000000e+03 -2.819973468780517578e+00
6.484000000000000000e+03 -2.786977291107177734e+00
6.485000000000000000e+03 -2.824618339538574219e+00
6.486000000000000000e+03 -2.805276870727539062e+00
6.487000000000000000e+03 -2.820945739746093750e+00
6.488000000000000000e+03 -2.821743249893188477e+00
6.489000000000000000e+03 -2.827222824096679688e+00
6.490000000000000000e+03 -2.836313247680664062e+00
6.491000000000000000e+03 -2.851469516754150391e+00
6.492000000000000000e+03 -2.822265863418579102e+00
6.493000000000000000e+03 -2.862709999084472656e+00
6.494000000000000000e+03 -2.881144285202026367e+00
6.495000000000000000e+03 -2.869293689727783203e+00
6.496000000000000000e+03 -2.875569343566894531e+00
6.497000000000000000e+03 -2.825729131698608398e+00
6.498000000000000000e+03 -2.835559129714965820e+00
6.499000000000000000e+03 -2.864433765411376953e+00
6.500000000000000000e+03 -2.832570314407348633e+00
6.501000000000000000e+03 -2.797168016433715820e+00
6.502000000000000000e+03 -2.835054159164428711e+00
6.503000000000000000e+03 -2.839943885803222656e+00
6.504000000000000000e+03 -2.845538377761840820e+00
6.505000000000000000e+03 -2.891484737396240234e+00
6.506000000000000000e+03 -2.829686641693115234e+00
6.507000000000000000e+03 -2.797708034515380859e+00
6.508000000000000000e+03 -2.832855939865112305e+00
6.509000000000000000e+03 -2.816438913345336914e+00
6.510000000000000000e+03 -2.850989818572998047e+00
6.511000000000000000e+03 -2.819936513900756836e+00
6.512000000000000000e+03 -2.807084321975708008e+00
6.513000000000000000e+03 -2.842680215835571289e+00
6.514000000000000000e+03 -2.868948936462402344e+00
6.515000000000000000e+03 -2.837715625762939453e+00
6.516000000000000000e+03 -2.824070453643798828e+00
6.517000000000000000e+03 -2.802383661270141602e+00
6.518000000000000000e+03 -2.800104379653930664e+00
6.519000000000000000e+03 -2.785456895828247070e+00
6.520000000000000000e+03 -2.766015768051147461e+00
6.521000000000000000e+03 -2.806154251098632812e+00
6.522000000000000000e+03 -2.794519186019897461e+00
6.523000000000000000e+03 -2.785817623138427734e+00
6.524000000000000000e+03 -2.752322912216186523e+00
6.525000000000000000e+03 -2.814186811447143555e+00
6.526000000000000000e+03 -2.792829990386962891e+00
6.527000000000000000e+03 -2.866496562957763672e+00
6.528000000000000000e+03 -2.787659645080566406e+00
6.529000000000000000e+03 -2.837128162384033203e+00
6.530000000000000000e+03 -2.827891588211059570e+00
6.531000000000000000e+03 -2.838485956192016602e+00
6.532000000000000000e+03 -2.861454486846923828e+00
6.533000000000000000e+03 -2.855800390243530273e+00
6.534000000000000000e+03 -2.911430597305297852e+00
6.535000000000000000e+03 -2.852168798446655273e+00
6.536000000000000000e+03 -2.855851888656616211e+00
6.537000000000000000e+03 -2.821034431457519531e+00
6.538000000000000000e+03 -2.897984027862548828e+00
6.539000000000000000e+03 -2.909432649612426758e+00
6.540000000000000000e+03 -2.901819705963134766e+00
6.541000000000000000e+03 -2.880861282348632812e+00
6.542000000000000000e+03 -2.843359947204589844e+00
6.543000000000000000e+03 -2.866315126419067383e+00
6.544000000000000000e+03 -2.910121202468872070e+00
6.545000000000000000e+03 -2.906811475753784180e+00
6.546000000000000000e+03 -2.875122547149658203e+00
6.547000000000000000e+03 -2.849248409271240234e+00
6.548000000000000000e+03 -2.900865793228149414e+00
6.549000000000000000e+03 -2.856211662292480469e+00
6.550000000000000000e+03 -2.831389904022216797e+00
6.551000000000000000e+03 -2.864579916000366211e+00
6.552000000000000000e+03 -2.894619464874267578e+00
6.553000000000000000e+03 -2.894740343093872070e+00
6.554000000000000000e+03 -2.914580345153808594e+00
6.555000000000000000e+03 -2.884850978851318359e+00
6.556000000000000000e+03 -2.864086151123046875e+00
6.557000000000000000e+03 -2.901778459548950195e+00
6.558000000000000000e+03 -2.904144763946533203e+00
6.559000000000000000e+03 -2.897085189819335938e+00
6.560000000000000000e+03 -2.918071269989013672e+00
6.561000000000000000e+03 -2.914974927902221680e+00
6.562000000000000000e+03 -2.894948482513427734e+00
6.563000000000000000e+03 -2.886415243148803711e+00
6.564000000000000000e+03 -2.880196332931518555e+00
6.565000000000000000e+03 -2.909373521804809570e+00
6.566000000000000000e+03 -2.927062511444091797e+00
6.567000000000000000e+03 -2.921750307083129883e+00
6.568000000000000000e+03 -2.916012525558471680e+00
6.569000000000000000e+03 -2.895114421844482422e+00
6.570000000000000000e+03 -2.973169803619384766e+00
6.571000000000000000e+03 -2.917037725448608398e+00
6.572000000000000000e+03 -2.889066457748413086e+00
6.573000000000000000e+03 -2.895365715026855469e+00
6.574000000000000000e+03 -2.916328430175781250e+00
6.575000000000000000e+03 -2.875606298446655273e+00
6.576000000000000000e+03 -2.875726222991943359e+00
6.577000000000000000e+03 -2.923279047012329102e+00
6.578000000000000000e+03 -2.875467538833618164e+00
6.579000000000000000e+03 -2.924539566040039062e+00
6.580000000000000000e+03 -2.943349361419677734e+00
6.581000000000000000e+03 -2.896258831024169922e+00
6.582000000000000000e+03 -2.893212080001831055e+00
6.583000000000000000e+03 -2.882246255874633789e+00
6.584000000000000000e+03 -2.858020544052124023e+00
6.585000000000000000e+03 -2.853802442550659180e+00
6.586000000000000000e+03 -2.882444858551025391e+00
6.587000000000000000e+03 -2.897506952285766602e+00
6.588000000000000000e+03 -2.841800928115844727e+00
6.589000000000000000e+03 -2.940464973449707031e+00
6.590000000000000000e+03 -2.920760631561279297e+00
6.591000000000000000e+03 -2.889700651168823242e+00
6.592000000000000000e+03 -2.878441333770751953e+00
6.593000000000000000e+03 -2.895937919616699219e+00
6.594000000000000000e+03 -2.970520973205566406e+00
6.595000000000000000e+03 -2.903957128524780273e+00
6.596000000000000000e+03 -2.928780078887939453e+00
6.597000000000000000e+03 -2.896851301193237305e+00
6.598000000000000000e+03 -2.894019603729248047e+00
6.599000000000000000e+03 -2.879817247390747070e+00
6.600000000000000000e+03 -2.890829563140869141e+00
6.601000000000000000e+03 -2.935751199722290039e+00
6.602000000000000000e+03 -2.875720500946044922e+00
6.603000000000000000e+03 -2.901746273040771484e+00
6.604000000000000000e+03 -2.867361307144165039e+00
6.605000000000000000e+03 -2.896682024002075195e+00
6.606000000000000000e+03 -2.861987352371215820e+00
6.607000000000000000e+03 -2.875759363174438477e+00
6.608000000000000000e+03 -2.930701255798339844e+00
6.609000000000000000e+03 -2.934155225753784180e+00
6.610000000000000000e+03 -2.883992910385131836e+00
6.611000000000000000e+03 -2.925003767013549805e+00
6.612000000000000000e+03 -2.883859634399414062e+00
6.613000000000000000e+03 -2.926752090454101562e+00
6.614000000000000000e+03 -2.899136066436767578e+00
6.615000000000000000e+03 -2.936366558074951172e+00
6.616000000000000000e+03 -2.908921957015991211e+00
6.617000000000000000e+03 -2.918304920196533203e+00
6.618000000000000000e+03 -2.919317007064819336e+00
6.619000000000000000e+03 -2.877624511718750000e+00
6.620000000000000000e+03 -2.864546775817871094e+00
6.621000000000000000e+03 -2.865186691284179688e+00
6.622000000000000000e+03 -2.861641883850097656e+00
6.623000000000000000e+03 -2.892245292663574219e+00
6.624000000000000000e+03 -2.899511575698852539e+00
6.625000000000000000e+03 -2.895907163619995117e+00
6.626000000000000000e+03 -2.880547523498535156e+00
6.627000000000000000e+03 -2.862640857696533203e+00
6.628000000000000000e+03 -2.846948862075805664e+00
6.629000000000000000e+03 -2.870590448379516602e+00
6.630000000000000000e+03 -2.892335176467895508e+00
6.631000000000000000e+03 -2.837513446807861328e+00
6.632000000000000000e+03 -2.887422561645507812e+00
6.633000000000000000e+03 -2.879674911499023438e+00
6.634000000000000000e+03 -2.902698516845703125e+00
6.635000000000000000e+03 -2.858345508575439453e+00
6.636000000000000000e+03 -2.903641700744628906e+00
6.637000000000000000e+03 -2.894571781158447266e+00
6.638000000000000000e+03 -2.877128601074218750e+00
6.639000000000000000e+03 -2.870166540145874023e+00
6.640000000000000000e+03 -2.888466596603393555e+00
6.641000000000000000e+03 -2.928926944732666016e+00
6.642000000000000000e+03 -2.928487062454223633e+00
6.643000000000000000e+03 -2.921612977981567383e+00
6.644000000000000000e+03 -2.900954246520996094e+00
6.645000000000000000e+03 -2.919265747070312500e+00
6.646000000000000000e+03 -2.903225421905517578e+00
6.647000000000000000e+03 -2.928001642227172852e+00
6.648000000000000000e+03 -2.895244598388671875e+00
6.649000000000000000e+03 -2.851045846939086914e+00
6.650000000000000000e+03 -2.896395921707153320e+00
6.651000000000000000e+03 -2.910659551620483398e+00
6.652000000000000000e+03 -2.901016235351562500e+00
6.653000000000000000e+03 -2.903730869293212891e+00
6.654000000000000000e+03 -2.906367063522338867e+00
6.655000000000000000e+03 -2.900193452835083008e+00
6.656000000000000000e+03 -2.906453371047973633e+00
6.657000000000000000e+03 -2.917447566986083984e+00
6.658000000000000000e+03 -2.906713008880615234e+00
6.659000000000000000e+03 -2.886591434478759766e+00
6.660000000000000000e+03 -2.859293222427368164e+00
6.661000000000000000e+03 -2.893569946289062500e+00
6.662000000000000000e+03 -2.875513076782226562e+00
6.663000000000000000e+03 -2.918348312377929688e+00
6.664000000000000000e+03 -2.909319400787353516e+00
6.665000000000000000e+03 -2.845588684082031250e+00
6.666000000000000000e+03 -2.882380008697509766e+00
6.667000000000000000e+03 -2.887436151504516602e+00
6.668000000000000000e+03 -2.918695211410522461e+00
6.669000000000000000e+03 -2.893974781036376953e+00
6.670000000000000000e+03 -2.891837120056152344e+00
6.671000000000000000e+03 -2.920216798782348633e+00
6.672000000000000000e+03 -2.844406843185424805e+00
6.673000000000000000e+03 -2.856198310852050781e+00
6.674000000000000000e+03 -2.905087947845458984e+00
6.675000000000000000e+03 -2.897875785827636719e+00
6.676000000000000000e+03 -2.883202552795410156e+00
6.677000000000000000e+03 -2.956270694732666016e+00
6.678000000000000000e+03 -2.915396928787231445e+00
6.679000000000000000e+03 -2.892369031906127930e+00
6.680000000000000000e+03 -2.906104564666748047e+00
6.681000000000000000e+03 -2.927598476409912109e+00
6.682000000000000000e+03 -2.873361825942993164e+00
6.683000000000000000e+03 -2.913420915603637695e+00
6.684000000000000000e+03 -2.895426750183105469e+00
6.685000000000000000e+03 -2.889964580535888672e+00
6.686000000000000000e+03 -2.841402292251586914e+00
6.687000000000000000e+03 -2.868961095809936523e+00
6.688000000000000000e+03 -2.863835096359252930e+00
6.689000000000000000e+03 -2.859091758728027344e+00
6.690000000000000000e+03 -2.882629156112670898e+00
6.691000000000000000e+03 -2.856822013854980469e+00
6.692000000000000000e+03 -2.870267152786254883e+00
6.693000000000000000e+03 -2.865035057067871094e+00
6.694000000000000000e+03 -2.856274843215942383e+00
6.695000000000000000e+03 -2.835776805877685547e+00
6.696000000000000000e+03 -2.882229089736938477e+00
6.697000000000000000e+03 -2.841734170913696289e+00
6.698000000000000000e+03 -2.825994968414306641e+00
6.699000000000000000e+03 -2.794401168823242188e+00
6.700000000000000000e+03 -2.790194988250732422e+00
6.701000000000000000e+03 -2.815051078796386719e+00
6.702000000000000000e+03 -2.844503402709960938e+00
6.703000000000000000e+03 -2.825529813766479492e+00
6.704000000000000000e+03 -2.867463827133178711e+00
6.705000000000000000e+03 -2.825574398040771484e+00
6.706000000000000000e+03 -2.830247402191162109e+00
6.707000000000000000e+03 -2.892350673675537109e+00
6.708000000000000000e+03 -2.865701675415039062e+00
6.709000000000000000e+03 -2.854704380035400391e+00
6.710000000000000000e+03 -2.846201419830322266e+00
6.711000000000000000e+03 -2.853689432144165039e+00
6.712000000000000000e+03 -2.861612081527709961e+00
6.713000000000000000e+03 -2.921713352203369141e+00
6.714000000000000000e+03 -2.909629583358764648e+00
6.715000000000000000e+03 -2.884668111801147461e+00
6.716000000000000000e+03 -2.936708450317382812e+00
6.717000000000000000e+03 -2.881949186325073242e+00
6.718000000000000000e+03 -2.917954206466674805e+00
6.719000000000000000e+03 -2.972172260284423828e+00
6.720000000000000000e+03 -2.926778554916381836e+00
6.721000000000000000e+03 -2.931182861328125000e+00
6.722000000000000000e+03 -2.936980009078979492e+00
6.723000000000000000e+03 -2.940257310867309570e+00
6.724000000000000000e+03 -2.944533348083496094e+00
6.725000000000000000e+03 -2.918195009231567383e+00
6.726000000000000000e+03 -2.972457885742187500e+00
6.727000000000000000e+03 -2.936153888702392578e+00
6.728000000000000000e+03 -2.947970151901245117e+00
6.729000000000000000e+03 -2.930595874786376953e+00
6.730000000000000000e+03 -2.870965480804443359e+00
6.731000000000000000e+03 -2.944586992263793945e+00
6.732000000000000000e+03 -2.936530828475952148e+00
6.733000000000000000e+03 -2.955444335937500000e+00
6.734000000000000000e+03 -2.936763525009155273e+00
6.735000000000000000e+03 -2.909777164459228516e+00
6.736000000000000000e+03 -2.911290407180786133e+00
6.737000000000000000e+03 -2.912693977355957031e+00
6.738000000000000000e+03 -2.899526119232177734e+00
6.739000000000000000e+03 -2.888807296752929688e+00
6.740000000000000000e+03 -2.914110183715820312e+00
6.741000000000000000e+03 -2.950011730194091797e+00
6.742000000000000000e+03 -2.924530029296875000e+00
6.743000000000000000e+03 -2.944569826126098633e+00
6.744000000000000000e+03 -2.952517032623291016e+00
6.745000000000000000e+03 -2.957893133163452148e+00
6.746000000000000000e+03 -2.928894996643066406e+00
6.747000000000000000e+03 -2.922797918319702148e+00
6.748000000000000000e+03 -2.939219474792480469e+00
6.749000000000000000e+03 -2.967404365539550781e+00
6.750000000000000000e+03 -2.900965452194213867e+00
6.751000000000000000e+03 -2.864504337310791016e+00
6.752000000000000000e+03 -2.948735237121582031e+00
6.753000000000000000e+03 -2.964470624923706055e+00
6.754000000000000000e+03 -2.960898876190185547e+00
6.755000000000000000e+03 -2.926714420318603516e+00
6.756000000000000000e+03 -2.937419891357421875e+00
6.757000000000000000e+03 -2.914236068725585938e+00
6.758000000000000000e+03 -2.954503536224365234e+00
6.759000000000000000e+03 -2.993033885955810547e+00
6.760000000000000000e+03 -2.885930538177490234e+00
6.761000000000000000e+03 -2.915018558502197266e+00
6.762000000000000000e+03 -2.929662227630615234e+00
6.763000000000000000e+03 -2.962093830108642578e+00
6.764000000000000000e+03 -2.931168079376220703e+00
6.765000000000000000e+03 -2.903482913970947266e+00
6.766000000000000000e+03 -2.917927980422973633e+00
6.767000000000000000e+03 -2.918943405151367188e+00
6.768000000000000000e+03 -2.935743808746337891e+00
6.769000000000000000e+03 -2.863590478897094727e+00
6.770000000000000000e+03 -2.899503231048583984e+00
6.771000000000000000e+03 -2.889403820037841797e+00
6.772000000000000000e+03 -2.920633554458618164e+00
6.773000000000000000e+03 -2.894286632537841797e+00
6.774000000000000000e+03 -2.898297548294067383e+00
6.775000000000000000e+03 -2.878300666809082031e+00
6.776000000000000000e+03 -2.885265111923217773e+00
6.777000000000000000e+03 -2.888095140457153320e+00
6.778000000000000000e+03 -2.911311388015747070e+00
6.779000000000000000e+03 -2.892837047576904297e+00
6.780000000000000000e+03 -2.902819156646728516e+00
6.781000000000000000e+03 -2.828684568405151367e+00
6.782000000000000000e+03 -2.868110418319702148e+00
6.783000000000000000e+03 -2.898820877075195312e+00
6.784000000000000000e+03 -2.890833139419555664e+00
6.785000000000000000e+03 -2.910178184509277344e+00
6.786000000000000000e+03 -2.890033006668090820e+00
6.787000000000000000e+03 -2.891234874725341797e+00
6.788000000000000000e+03 -2.888916492462158203e+00
6.789000000000000000e+03 -2.909631013870239258e+00
6.790000000000000000e+03 -2.884459972381591797e+00
6.791000000000000000e+03 -2.883262395858764648e+00
6.792000000000000000e+03 -2.969484329223632812e+00
6.793000000000000000e+03 -2.891904115676879883e+00
6.794000000000000000e+03 -2.876211881637573242e+00
6.795000000000000000e+03 -2.879322052001953125e+00
6.796000000000000000e+03 -2.883418083190917969e+00
6.797000000000000000e+03 -2.877966880798339844e+00
6.798000000000000000e+03 -2.942790508270263672e+00
6.799000000000000000e+03 -2.900048494338989258e+00
6.800000000000000000e+03 -2.864821672439575195e+00
6.801000000000000000e+03 -2.852481365203857422e+00
6.802000000000000000e+03 -2.855346918106079102e+00
6.803000000000000000e+03 -2.869554996490478516e+00
6.804000000000000000e+03 -2.952531337738037109e+00
6.805000000000000000e+03 -2.849165916442871094e+00
6.806000000000000000e+03 -2.892069339752197266e+00
6.807000000000000000e+03 -2.880353450775146484e+00
6.808000000000000000e+03 -2.869870662689208984e+00
6.809000000000000000e+03 -2.862171173095703125e+00
6.810000000000000000e+03 -2.847448587417602539e+00
6.811000000000000000e+03 -2.870426893234252930e+00
6.812000000000000000e+03 -2.820974111557006836e+00
6.813000000000000000e+03 -2.858092069625854492e+00
6.814000000000000000e+03 -2.862687826156616211e+00
6.815000000000000000e+03 -2.867619276046752930e+00
6.816000000000000000e+03 -2.898515462875366211e+00
6.817000000000000000e+03 -2.880868434906005859e+00
6.818000000000000000e+03 -2.874690055847167969e+00
6.819000000000000000e+03 -2.889757633209228516e+00
6.820000000000000000e+03 -2.845022439956665039e+00
6.821000000000000000e+03 -2.803379058837890625e+00
6.822000000000000000e+03 -2.891261100769042969e+00
6.823000000000000000e+03 -2.886208057403564453e+00
6.824000000000000000e+03 -2.902793407440185547e+00
6.825000000000000000e+03 -2.828504085540771484e+00
6.826000000000000000e+03 -2.882319450378417969e+00
6.827000000000000000e+03 -2.866175889968872070e+00
6.828000000000000000e+03 -2.869793891906738281e+00
6.829000000000000000e+03 -2.889423370361328125e+00
6.830000000000000000e+03 -2.854824781417846680e+00
6.831000000000000000e+03 -2.859883308410644531e+00
6.832000000000000000e+03 -2.854902505874633789e+00
6.833000000000000000e+03 -2.822010278701782227e+00
6.834000000000000000e+03 -2.878456592559814453e+00
6.835000000000000000e+03 -2.890259742736816406e+00
6.836000000000000000e+03 -2.863259553909301758e+00
6.837000000000000000e+03 -2.852154493331909180e+00
6.838000000000000000e+03 -2.894229650497436523e+00
6.839000000000000000e+03 -2.900084972381591797e+00
6.840000000000000000e+03 -2.848629713058471680e+00
6.841000000000000000e+03 -2.886212348937988281e+00
6.842000000000000000e+03 -2.910363674163818359e+00
6.843000000000000000e+03 -2.873019218444824219e+00
6.844000000000000000e+03 -2.844676494598388672e+00
6.845000000000000000e+03 -2.846829175949096680e+00
6.846000000000000000e+03 -2.803516387939453125e+00
6.847000000000000000e+03 -2.854111909866333008e+00
6.848000000000000000e+03 -2.815577983856201172e+00
6.849000000000000000e+03 -2.818658590316772461e+00
6.850000000000000000e+03 -2.826020956039428711e+00
6.851000000000000000e+03 -2.827432394027709961e+00
6.852000000000000000e+03 -2.869279384613037109e+00
6.853000000000000000e+03 -2.856074571609497070e+00
6.854000000000000000e+03 -2.820208787918090820e+00
6.855000000000000000e+03 -2.875946998596191406e+00
6.856000000000000000e+03 -2.887165069580078125e+00
6.857000000000000000e+03 -2.881006956100463867e+00
6.858000000000000000e+03 -2.872530698776245117e+00
6.859000000000000000e+03 -2.901690244674682617e+00
6.860000000000000000e+03 -2.894032478332519531e+00
6.861000000000000000e+03 -2.940467357635498047e+00
6.862000000000000000e+03 -2.904899120330810547e+00
6.863000000000000000e+03 -2.902907848358154297e+00
6.864000000000000000e+03 -2.885018348693847656e+00
6.865000000000000000e+03 -2.888751983642578125e+00
6.866000000000000000e+03 -2.901142358779907227e+00
6.867000000000000000e+03 -2.925218343734741211e+00
6.868000000000000000e+03 -2.910315036773681641e+00
6.869000000000000000e+03 -2.915511846542358398e+00
6.870000000000000000e+03 -2.877113342285156250e+00
6.871000000000000000e+03 -2.897844552993774414e+00
6.872000000000000000e+03 -2.921175956726074219e+00
6.873000000000000000e+03 -2.894549369812011719e+00
6.874000000000000000e+03 -2.857684850692749023e+00
6.875000000000000000e+03 -2.879553318023681641e+00
6.876000000000000000e+03 -2.912466287612915039e+00
6.877000000000000000e+03 -2.907791614532470703e+00
6.878000000000000000e+03 -2.888382911682128906e+00
6.879000000000000000e+03 -2.904117345809936523e+00
6.880000000000000000e+03 -2.922282934188842773e+00
6.881000000000000000e+03 -2.903443574905395508e+00
6.882000000000000000e+03 -2.865326881408691406e+00
6.883000000000000000e+03 -2.897900581359863281e+00
6.884000000000000000e+03 -2.847785234451293945e+00
6.885000000000000000e+03 -2.884191036224365234e+00
6.886000000000000000e+03 -2.835634946823120117e+00
6.887000000000000000e+03 -2.854742050170898438e+00
6.888000000000000000e+03 -2.829280376434326172e+00
6.889000000000000000e+03 -2.870706796646118164e+00
6.890000000000000000e+03 -2.906654119491577148e+00
6.891000000000000000e+03 -2.940263271331787109e+00
6.892000000000000000e+03 -2.916515350341796875e+00
6.893000000000000000e+03 -2.914025545120239258e+00
6.894000000000000000e+03 -2.854980945587158203e+00
6.895000000000000000e+03 -2.873465776443481445e+00
6.896000000000000000e+03 -2.882082462310791016e+00
6.897000000000000000e+03 -2.864261388778686523e+00
6.898000000000000000e+03 -2.866386651992797852e+00
6.899000000000000000e+03 -2.825845479965209961e+00
6.900000000000000000e+03 -2.879485130310058594e+00
6.901000000000000000e+03 -2.882328033447265625e+00
6.902000000000000000e+03 -2.890664339065551758e+00
6.903000000000000000e+03 -2.872746467590332031e+00
6.904000000000000000e+03 -2.869057655334472656e+00
6.905000000000000000e+03 -2.907086849212646484e+00
6.906000000000000000e+03 -2.890880107879638672e+00
6.907000000000000000e+03 -2.899134397506713867e+00
6.908000000000000000e+03 -2.888343572616577148e+00
6.909000000000000000e+03 -2.844805955886840820e+00
6.910000000000000000e+03 -2.849995374679565430e+00
6.911000000000000000e+03 -2.902131557464599609e+00
6.912000000000000000e+03 -2.847183704376220703e+00
6.913000000000000000e+03 -2.824916362762451172e+00
6.914000000000000000e+03 -2.889525175094604492e+00
6.915000000000000000e+03 -2.842306137084960938e+00
6.916000000000000000e+03 -2.897768735885620117e+00
6.917000000000000000e+03 -2.845290184020996094e+00
6.918000000000000000e+03 -2.854378700256347656e+00
6.919000000000000000e+03 -2.898566007614135742e+00
6.920000000000000000e+03 -2.878423213958740234e+00
6.921000000000000000e+03 -2.864691257476806641e+00
6.922000000000000000e+03 -2.816047906875610352e+00
6.923000000000000000e+03 -2.813145399093627930e+00
6.924000000000000000e+03 -2.808611631393432617e+00
6.925000000000000000e+03 -2.797571182250976562e+00
6.926000000000000000e+03 -2.801601409912109375e+00
6.927000000000000000e+03 -2.900160074234008789e+00
6.928000000000000000e+03 -2.877935647964477539e+00
6.929000000000000000e+03 -2.884702682495117188e+00
6.930000000000000000e+03 -2.869389295578002930e+00
6.931000000000000000e+03 -2.831013917922973633e+00
6.932000000000000000e+03 -2.819609403610229492e+00
6.933000000000000000e+03 -2.804629802703857422e+00
6.934000000000000000e+03 -2.868090391159057617e+00
6.935000000000000000e+03 -2.833212614059448242e+00
6.936000000000000000e+03 -2.822118759155273438e+00
6.937000000000000000e+03 -2.772310733795166016e+00
6.938000000000000000e+03 -2.739537239074707031e+00
6.939000000000000000e+03 -2.807261943817138672e+00
6.940000000000000000e+03 -2.808920383453369141e+00
6.941000000000000000e+03 -2.811161041259765625e+00
6.942000000000000000e+03 -2.868213176727294922e+00
6.943000000000000000e+03 -2.806001186370849609e+00
6.944000000000000000e+03 -2.864867925643920898e+00
6.945000000000000000e+03 -2.813285589218139648e+00
6.946000000000000000e+03 -2.851335763931274414e+00
6.947000000000000000e+03 -2.826512098312377930e+00
6.948000000000000000e+03 -2.810957193374633789e+00
6.949000000000000000e+03 -2.780296564102172852e+00
6.950000000000000000e+03 -2.853076696395874023e+00
6.951000000000000000e+03 -2.801259517669677734e+00
6.952000000000000000e+03 -2.801122903823852539e+00
6.953000000000000000e+03 -2.807373046875000000e+00
6.954000000000000000e+03 -2.768383979797363281e+00
6.955000000000000000e+03 -2.835231542587280273e+00
6.956000000000000000e+03 -2.753766298294067383e+00
6.957000000000000000e+03 -2.838814973831176758e+00
6.958000000000000000e+03 -2.828140258789062500e+00
6.959000000000000000e+03 -2.784183263778686523e+00
6.960000000000000000e+03 -2.843235969543457031e+00
6.961000000000000000e+03 -2.890890121459960938e+00
6.962000000000000000e+03 -2.789994955062866211e+00
6.963000000000000000e+03 -2.845417499542236328e+00
6.964000000000000000e+03 -2.805666446685791016e+00
6.965000000000000000e+03 -2.850185394287109375e+00
6.966000000000000000e+03 -2.848193168640136719e+00
6.967000000000000000e+03 -2.795541286468505859e+00
6.968000000000000000e+03 -2.845421314239501953e+00
6.969000000000000000e+03 -2.829988479614257812e+00
6.970000000000000000e+03 -2.866722345352172852e+00
6.971000000000000000e+03 -2.863851070404052734e+00
6.972000000000000000e+03 -2.857097864151000977e+00
6.973000000000000000e+03 -2.837155342102050781e+00
6.974000000000000000e+03 -2.839926242828369141e+00
6.975000000000000000e+03 -2.839270353317260742e+00
6.976000000000000000e+03 -2.798414707183837891e+00
6.977000000000000000e+03 -2.825833559036254883e+00
6.978000000000000000e+03 -2.802691459655761719e+00
6.979000000000000000e+03 -2.844021558761596680e+00
6.980000000000000000e+03 -2.857557773590087891e+00
6.981000000000000000e+03 -2.795960903167724609e+00
6.982000000000000000e+03 -2.811736822128295898e+00
6.983000000000000000e+03 -2.838410615921020508e+00
6.984000000000000000e+03 -2.833313465118408203e+00
6.985000000000000000e+03 -2.746835231781005859e+00
6.986000000000000000e+03 -2.851858615875244141e+00
6.987000000000000000e+03 -2.818130731582641602e+00
6.988000000000000000e+03 -2.820032119750976562e+00
6.989000000000000000e+03 -2.813910245895385742e+00
6.990000000000000000e+03 -2.808108329772949219e+00
6.991000000000000000e+03 -2.819064617156982422e+00
6.992000000000000000e+03 -2.860784769058227539e+00
6.993000000000000000e+03 -2.859785795211791992e+00
6.994000000000000000e+03 -2.850884437561035156e+00
6.995000000000000000e+03 -2.857647895812988281e+00
6.996000000000000000e+03 -2.854193687438964844e+00
6.997000000000000000e+03 -2.862919330596923828e+00
6.998000000000000000e+03 -2.870488405227661133e+00
6.999000000000000000e+03 -2.836918115615844727e+00
7.000000000000000000e+03 -2.810043096542358398e+00
7.001000000000000000e+03 -2.814154148101806641e+00
7.002000000000000000e+03 -2.825156450271606445e+00
7.003000000000000000e+03 -2.878130197525024414e+00
7.004000000000000000e+03 -2.849373340606689453e+00
7.005000000000000000e+03 -2.814570903778076172e+00
7.006000000000000000e+03 -2.823312759399414062e+00
7.007000000000000000e+03 -2.847534894943237305e+00
7.008000000000000000e+03 -2.849993228912353516e+00
7.009000000000000000e+03 -2.863558053970336914e+00
7.010000000000000000e+03 -2.813902139663696289e+00
7.011000000000000000e+03 -2.832706928253173828e+00
7.012000000000000000e+03 -2.842602252960205078e+00
7.013000000000000000e+03 -2.866779565811157227e+00
7.014000000000000000e+03 -2.903801918029785156e+00
7.015000000000000000e+03 -2.905738115310668945e+00
7.016000000000000000e+03 -2.857655763626098633e+00
7.017000000000000000e+03 -2.860236644744873047e+00
7.018000000000000000e+03 -2.839920520782470703e+00
7.019000000000000000e+03 -2.845805168151855469e+00
7.020000000000000000e+03 -2.855463027954101562e+00
7.021000000000000000e+03 -2.820572614669799805e+00
7.022000000000000000e+03 -2.801242589950561523e+00
7.023000000000000000e+03 -2.843123912811279297e+00
7.024000000000000000e+03 -2.847973823547363281e+00
7.025000000000000000e+03 -2.829560041427612305e+00
7.026000000000000000e+03 -2.855829715728759766e+00
7.027000000000000000e+03 -2.806645631790161133e+00
7.028000000000000000e+03 -2.847865343093872070e+00
7.029000000000000000e+03 -2.927582502365112305e+00
7.030000000000000000e+03 -2.862098693847656250e+00
7.031000000000000000e+03 -2.897314310073852539e+00
7.032000000000000000e+03 -2.943754911422729492e+00
7.033000000000000000e+03 -2.912227630615234375e+00
7.034000000000000000e+03 -2.916192293167114258e+00
7.035000000000000000e+03 -2.883151054382324219e+00
7.036000000000000000e+03 -2.910673379898071289e+00
7.037000000000000000e+03 -2.888206481933593750e+00
7.038000000000000000e+03 -2.878511428833007812e+00
7.039000000000000000e+03 -2.895688056945800781e+00
7.040000000000000000e+03 -2.841951370239257812e+00
7.041000000000000000e+03 -2.858239412307739258e+00
7.042000000000000000e+03 -2.864813566207885742e+00
7.043000000000000000e+03 -2.837586641311645508e+00
7.044000000000000000e+03 -2.848963975906372070e+00
7.045000000000000000e+03 -2.869339466094970703e+00
7.046000000000000000e+03 -2.863760948181152344e+00
7.047000000000000000e+03 -2.887836933135986328e+00
7.048000000000000000e+03 -2.856601476669311523e+00
7.049000000000000000e+03 -2.864377260208129883e+00
7.050000000000000000e+03 -2.914629697799682617e+00
7.051000000000000000e+03 -2.883760690689086914e+00
7.052000000000000000e+03 -2.853471755981445312e+00
7.053000000000000000e+03 -2.876485824584960938e+00
7.054000000000000000e+03 -2.890692234039306641e+00
7.055000000000000000e+03 -2.863954782485961914e+00
7.056000000000000000e+03 -2.862318515777587891e+00
7.057000000000000000e+03 -2.905865430831909180e+00
7.058000000000000000e+03 -2.915975809097290039e+00
7.059000000000000000e+03 -2.885106563568115234e+00
7.060000000000000000e+03 -2.922857761383056641e+00
7.061000000000000000e+03 -2.905855655670166016e+00
7.062000000000000000e+03 -2.845161199569702148e+00
7.063000000000000000e+03 -2.882133960723876953e+00
7.064000000000000000e+03 -2.921459674835205078e+00
7.065000000000000000e+03 -2.913924932479858398e+00
7.066000000000000000e+03 -2.919891595840454102e+00
7.067000000000000000e+03 -2.899820566177368164e+00
7.068000000000000000e+03 -2.922798633575439453e+00
7.069000000000000000e+03 -2.893555879592895508e+00
7.070000000000000000e+03 -2.915219545364379883e+00
7.071000000000000000e+03 -2.964313745498657227e+00
7.072000000000000000e+03 -2.892761707305908203e+00
7.073000000000000000e+03 -2.924216747283935547e+00
7.074000000000000000e+03 -2.933796405792236328e+00
7.075000000000000000e+03 -2.916763782501220703e+00
7.076000000000000000e+03 -2.901788711547851562e+00
7.077000000000000000e+03 -2.887151241302490234e+00
7.078000000000000000e+03 -2.906594753265380859e+00
7.079000000000000000e+03 -2.931700706481933594e+00
7.080000000000000000e+03 -2.960324764251708984e+00
7.081000000000000000e+03 -2.854590892791748047e+00
7.082000000000000000e+03 -2.877746820449829102e+00
7.083000000000000000e+03 -2.945796251296997070e+00
7.084000000000000000e+03 -2.900188446044921875e+00
7.085000000000000000e+03 -2.885844230651855469e+00
7.086000000000000000e+03 -2.906034469604492188e+00
7.087000000000000000e+03 -2.891850233078002930e+00
7.088000000000000000e+03 -2.886338949203491211e+00
7.089000000000000000e+03 -2.870505094528198242e+00
7.090000000000000000e+03 -2.849673986434936523e+00
7.091000000000000000e+03 -2.893393993377685547e+00
7.092000000000000000e+03 -2.873986005783081055e+00
7.093000000000000000e+03 -2.861572265625000000e+00
7.094000000000000000e+03 -2.841094493865966797e+00
7.095000000000000000e+03 -2.824247121810913086e+00
7.096000000000000000e+03 -2.840502977371215820e+00
7.097000000000000000e+03 -2.856508731842041016e+00
7.098000000000000000e+03 -2.812538146972656250e+00
7.099000000000000000e+03 -2.788726568222045898e+00
7.100000000000000000e+03 -2.764603853225708008e+00
7.101000000000000000e+03 -2.854426860809326172e+00
7.102000000000000000e+03 -2.850722551345825195e+00
7.103000000000000000e+03 -2.840687751770019531e+00
7.104000000000000000e+03 -2.814950704574584961e+00
7.105000000000000000e+03 -2.848689794540405273e+00
7.106000000000000000e+03 -2.846156358718872070e+00
7.107000000000000000e+03 -2.795656681060791016e+00
7.108000000000000000e+03 -2.862250804901123047e+00
7.109000000000000000e+03 -2.795658588409423828e+00
7.110000000000000000e+03 -2.821706056594848633e+00
7.111000000000000000e+03 -2.779605627059936523e+00
7.112000000000000000e+03 -2.808367729187011719e+00
7.113000000000000000e+03 -2.827190876007080078e+00
7.114000000000000000e+03 -2.804977416992187500e+00
7.115000000000000000e+03 -2.822570800781250000e+00
7.116000000000000000e+03 -2.829474210739135742e+00
7.117000000000000000e+03 -2.838644742965698242e+00
7.118000000000000000e+03 -2.824097394943237305e+00
7.119000000000000000e+03 -2.797132492065429688e+00
7.120000000000000000e+03 -2.794516324996948242e+00
7.121000000000000000e+03 -2.752144575119018555e+00
7.122000000000000000e+03 -2.821260452270507812e+00
7.123000000000000000e+03 -2.817379713058471680e+00
7.124000000000000000e+03 -2.826768159866333008e+00
7.125000000000000000e+03 -2.806748867034912109e+00
7.126000000000000000e+03 -2.796696662902832031e+00
7.127000000000000000e+03 -2.779189586639404297e+00
7.128000000000000000e+03 -2.810005664825439453e+00
7.129000000000000000e+03 -2.821805953979492188e+00
7.130000000000000000e+03 -2.798094511032104492e+00
7.131000000000000000e+03 -2.823898792266845703e+00
7.132000000000000000e+03 -2.809325218200683594e+00
7.133000000000000000e+03 -2.845516920089721680e+00
7.134000000000000000e+03 -2.800550699234008789e+00
7.135000000000000000e+03 -2.847725152969360352e+00
7.136000000000000000e+03 -2.778471469879150391e+00
7.137000000000000000e+03 -2.768473386764526367e+00
7.138000000000000000e+03 -2.780517339706420898e+00
7.139000000000000000e+03 -2.795692443847656250e+00
7.140000000000000000e+03 -2.829422235488891602e+00
7.141000000000000000e+03 -2.840106248855590820e+00
7.142000000000000000e+03 -2.848893642425537109e+00
7.143000000000000000e+03 -2.800357103347778320e+00
7.144000000000000000e+03 -2.845786809921264648e+00
7.145000000000000000e+03 -2.818663120269775391e+00
7.146000000000000000e+03 -2.831789731979370117e+00
7.147000000000000000e+03 -2.834553241729736328e+00
7.148000000000000000e+03 -2.810269832611083984e+00
7.149000000000000000e+03 -2.797038078308105469e+00
7.150000000000000000e+03 -2.819086074829101562e+00
7.151000000000000000e+03 -2.770975828170776367e+00
7.152000000000000000e+03 -2.838279247283935547e+00
7.153000000000000000e+03 -2.768786191940307617e+00
7.154000000000000000e+03 -2.840044021606445312e+00
7.155000000000000000e+03 -2.823241949081420898e+00
7.156000000000000000e+03 -2.865791082382202148e+00
7.157000000000000000e+03 -2.889746665954589844e+00
7.158000000000000000e+03 -2.831607818603515625e+00
7.159000000000000000e+03 -2.884912967681884766e+00
7.160000000000000000e+03 -2.805188417434692383e+00
7.161000000000000000e+03 -2.805549383163452148e+00
7.162000000000000000e+03 -2.867640495300292969e+00
7.163000000000000000e+03 -2.856189489364624023e+00
7.164000000000000000e+03 -2.893141508102416992e+00
7.165000000000000000e+03 -2.855743885040283203e+00
7.166000000000000000e+03 -2.837589979171752930e+00
7.167000000000000000e+03 -2.821037054061889648e+00
7.168000000000000000e+03 -2.777698993682861328e+00
7.169000000000000000e+03 -2.839055061340332031e+00
7.170000000000000000e+03 -2.805701971054077148e+00
7.171000000000000000e+03 -2.822561502456665039e+00
7.172000000000000000e+03 -2.799733638763427734e+00
7.173000000000000000e+03 -2.749875783920288086e+00
7.174000000000000000e+03 -2.765195608139038086e+00
7.175000000000000000e+03 -2.796849489212036133e+00
7.176000000000000000e+03 -2.824212312698364258e+00
7.177000000000000000e+03 -2.789944171905517578e+00
7.178000000000000000e+03 -2.825207948684692383e+00
7.179000000000000000e+03 -2.839491844177246094e+00
7.180000000000000000e+03 -2.797102451324462891e+00
7.181000000000000000e+03 -2.800619363784790039e+00
7.182000000000000000e+03 -2.823275804519653320e+00
7.183000000000000000e+03 -2.792860031127929688e+00
7.184000000000000000e+03 -2.811695098876953125e+00
7.185000000000000000e+03 -2.836735725402832031e+00
7.186000000000000000e+03 -2.834163427352905273e+00
7.187000000000000000e+03 -2.821852684020996094e+00
7.188000000000000000e+03 -2.774718999862670898e+00
7.189000000000000000e+03 -2.820186614990234375e+00
7.190000000000000000e+03 -2.828864097595214844e+00
7.191000000000000000e+03 -2.849222183227539062e+00
7.192000000000000000e+03 -2.847244977951049805e+00
7.193000000000000000e+03 -2.822564601898193359e+00
7.194000000000000000e+03 -2.838760375976562500e+00
7.195000000000000000e+03 -2.835683345794677734e+00
7.196000000000000000e+03 -2.864721059799194336e+00
7.197000000000000000e+03 -2.900180578231811523e+00
7.198000000000000000e+03 -2.878412246704101562e+00
7.199000000000000000e+03 -2.834518432617187500e+00
7.200000000000000000e+03 -2.840065240859985352e+00
7.201000000000000000e+03 -2.834107160568237305e+00
7.202000000000000000e+03 -2.833756685256958008e+00
7.203000000000000000e+03 -2.820706367492675781e+00
7.204000000000000000e+03 -2.856302738189697266e+00
7.205000000000000000e+03 -2.870467662811279297e+00
7.206000000000000000e+03 -2.807023286819458008e+00
7.207000000000000000e+03 -2.796493053436279297e+00
7.208000000000000000e+03 -2.822077989578247070e+00
7.209000000000000000e+03 -2.825144529342651367e+00
7.210000000000000000e+03 -2.753393411636352539e+00
7.211000000000000000e+03 -2.761851787567138672e+00
7.212000000000000000e+03 -2.783142089843750000e+00
7.213000000000000000e+03 -2.804382801055908203e+00
7.214000000000000000e+03 -2.794640302658081055e+00
7.215000000000000000e+03 -2.792121410369873047e+00
7.216000000000000000e+03 -2.739650964736938477e+00
7.217000000000000000e+03 -2.753950595855712891e+00
7.218000000000000000e+03 -2.815870523452758789e+00
7.219000000000000000e+03 -2.803294420242309570e+00
7.220000000000000000e+03 -2.809495925903320312e+00
7.221000000000000000e+03 -2.827371835708618164e+00
7.222000000000000000e+03 -2.799638748168945312e+00
7.223000000000000000e+03 -2.756780385971069336e+00
7.224000000000000000e+03 -2.768214225769042969e+00
7.225000000000000000e+03 -2.722327470779418945e+00
7.226000000000000000e+03 -2.798514127731323242e+00
7.227000000000000000e+03 -2.791262149810791016e+00
7.228000000000000000e+03 -2.835498809814453125e+00
7.229000000000000000e+03 -2.754395246505737305e+00
7.230000000000000000e+03 -2.787703752517700195e+00
7.231000000000000000e+03 -2.809582948684692383e+00
7.232000000000000000e+03 -2.838916301727294922e+00
7.233000000000000000e+03 -2.812450885772705078e+00
7.234000000000000000e+03 -2.790291547775268555e+00
7.235000000000000000e+03 -2.818594694137573242e+00
7.236000000000000000e+03 -2.817803621292114258e+00
7.237000000000000000e+03 -2.791091203689575195e+00
7.238000000000000000e+03 -2.835585832595825195e+00
7.239000000000000000e+03 -2.783122062683105469e+00
7.240000000000000000e+03 -2.795729637145996094e+00
7.241000000000000000e+03 -2.843617200851440430e+00
7.242000000000000000e+03 -2.795516490936279297e+00
7.243000000000000000e+03 -2.790093898773193359e+00
7.244000000000000000e+03 -2.809323549270629883e+00
7.245000000000000000e+03 -2.804464817047119141e+00
7.246000000000000000e+03 -2.797906160354614258e+00
7.247000000000000000e+03 -2.816559791564941406e+00
7.248000000000000000e+03 -2.779431581497192383e+00
7.249000000000000000e+03 -2.773121833801269531e+00
7.250000000000000000e+03 -2.789397716522216797e+00
7.251000000000000000e+03 -2.810024499893188477e+00
7.252000000000000000e+03 -2.727723836898803711e+00
7.253000000000000000e+03 -2.777443408966064453e+00
7.254000000000000000e+03 -2.801701545715332031e+00
7.255000000000000000e+03 -2.789533615112304688e+00
7.256000000000000000e+03 -2.795245647430419922e+00
7.257000000000000000e+03 -2.788719654083251953e+00
7.258000000000000000e+03 -2.795170307159423828e+00
7.259000000000000000e+03 -2.780217647552490234e+00
7.260000000000000000e+03 -2.784481763839721680e+00
7.261000000000000000e+03 -2.790020704269409180e+00
7.262000000000000000e+03 -2.814603805541992188e+00
7.263000000000000000e+03 -2.778035163879394531e+00
7.264000000000000000e+03 -2.827932357788085938e+00
7.265000000000000000e+03 -2.799639463424682617e+00
7.266000000000000000e+03 -2.873476982116699219e+00
7.267000000000000000e+03 -2.833270549774169922e+00
7.268000000000000000e+03 -2.865260362625122070e+00
7.269000000000000000e+03 -2.877674102783203125e+00
7.270000000000000000e+03 -2.857551336288452148e+00
7.271000000000000000e+03 -2.825112104415893555e+00
7.272000000000000000e+03 -2.822556972503662109e+00
7.273000000000000000e+03 -2.849248647689819336e+00
7.274000000000000000e+03 -2.848583221435546875e+00
7.275000000000000000e+03 -2.853828668594360352e+00
7.276000000000000000e+03 -2.793122053146362305e+00
7.277000000000000000e+03 -2.813613176345825195e+00
7.278000000000000000e+03 -2.870968818664550781e+00
7.279000000000000000e+03 -2.896865367889404297e+00
7.280000000000000000e+03 -2.819488525390625000e+00
7.281000000000000000e+03 -2.841695785522460938e+00
7.282000000000000000e+03 -2.838379859924316406e+00
7.283000000000000000e+03 -2.855979204177856445e+00
7.284000000000000000e+03 -2.865005493164062500e+00
7.285000000000000000e+03 -2.832157611846923828e+00
7.286000000000000000e+03 -2.869825839996337891e+00
7.287000000000000000e+03 -2.852146625518798828e+00
7.288000000000000000e+03 -2.818707227706909180e+00
7.289000000000000000e+03 -2.783448696136474609e+00
7.290000000000000000e+03 -2.783674478530883789e+00
7.291000000000000000e+03 -2.808075666427612305e+00
7.292000000000000000e+03 -2.767181873321533203e+00
7.293000000000000000e+03 -2.780562877655029297e+00
7.294000000000000000e+03 -2.764626026153564453e+00
7.295000000000000000e+03 -2.801964759826660156e+00
7.296000000000000000e+03 -2.824620485305786133e+00
7.297000000000000000e+03 -2.793616056442260742e+00
7.298000000000000000e+03 -2.795278310775756836e+00
7.299000000000000000e+03 -2.813822984695434570e+00
7.300000000000000000e+03 -2.850948333740234375e+00
7.301000000000000000e+03 -2.825681447982788086e+00
7.302000000000000000e+03 -2.785833358764648438e+00
7.303000000000000000e+03 -2.781523466110229492e+00
7.304000000000000000e+03 -2.828601121902465820e+00
7.305000000000000000e+03 -2.822527170181274414e+00
7.306000000000000000e+03 -2.814680099487304688e+00
7.307000000000000000e+03 -2.850665092468261719e+00
7.308000000000000000e+03 -2.832370758056640625e+00
7.309000000000000000e+03 -2.836388587951660156e+00
7.310000000000000000e+03 -2.844170808792114258e+00
7.311000000000000000e+03 -2.811240434646606445e+00
7.312000000000000000e+03 -2.849580764770507812e+00
7.313000000000000000e+03 -2.836745262145996094e+00
7.314000000000000000e+03 -2.851894378662109375e+00
7.315000000000000000e+03 -2.865204572677612305e+00
7.316000000000000000e+03 -2.897990226745605469e+00
7.317000000000000000e+03 -2.859625101089477539e+00
7.318000000000000000e+03 -2.820589303970336914e+00
7.319000000000000000e+03 -2.833160877227783203e+00
7.320000000000000000e+03 -2.802152633666992188e+00
7.321000000000000000e+03 -2.811828374862670898e+00
7.322000000000000000e+03 -2.795106649398803711e+00
7.323000000000000000e+03 -2.825502157211303711e+00
7.324000000000000000e+03 -2.902477025985717773e+00
7.325000000000000000e+03 -2.876876354217529297e+00
7.326000000000000000e+03 -2.889824867248535156e+00
7.327000000000000000e+03 -2.923501729965209961e+00
7.328000000000000000e+03 -2.940601348876953125e+00
7.329000000000000000e+03 -2.880463600158691406e+00
7.330000000000000000e+03 -2.894421577453613281e+00
7.331000000000000000e+03 -2.923428058624267578e+00
7.332000000000000000e+03 -2.901652812957763672e+00
7.333000000000000000e+03 -2.862887859344482422e+00
7.334000000000000000e+03 -2.879668235778808594e+00
7.335000000000000000e+03 -2.914199829101562500e+00
7.336000000000000000e+03 -2.907610893249511719e+00
7.337000000000000000e+03 -2.922151088714599609e+00
7.338000000000000000e+03 -2.923416614532470703e+00
7.339000000000000000e+03 -2.885615110397338867e+00
7.340000000000000000e+03 -2.910177946090698242e+00
7.341000000000000000e+03 -2.877992868423461914e+00
7.342000000000000000e+03 -2.907909631729125977e+00
7.343000000000000000e+03 -2.940771818161010742e+00
7.344000000000000000e+03 -2.860451698303222656e+00
7.345000000000000000e+03 -2.894805669784545898e+00
7.346000000000000000e+03 -2.895920753479003906e+00
7.347000000000000000e+03 -2.894873857498168945e+00
7.348000000000000000e+03 -2.907230615615844727e+00
7.349000000000000000e+03 -2.919607400894165039e+00
7.350000000000000000e+03 -2.955572366714477539e+00
7.351000000000000000e+03 -2.924276590347290039e+00
7.352000000000000000e+03 -2.887408494949340820e+00
7.353000000000000000e+03 -2.927359342575073242e+00
7.354000000000000000e+03 -2.947615861892700195e+00
7.355000000000000000e+03 -2.934866905212402344e+00
7.356000000000000000e+03 -2.913210630416870117e+00
7.357000000000000000e+03 -2.904753208160400391e+00
7.358000000000000000e+03 -2.944667577743530273e+00
7.359000000000000000e+03 -2.952062845230102539e+00
7.360000000000000000e+03 -2.914306163787841797e+00
7.361000000000000000e+03 -2.872277021408081055e+00
7.362000000000000000e+03 -2.935718536376953125e+00
7.363000000000000000e+03 -2.933693885803222656e+00
7.364000000000000000e+03 -2.920832157135009766e+00
7.365000000000000000e+03 -2.930665016174316406e+00
7.366000000000000000e+03 -2.939987897872924805e+00
7.367000000000000000e+03 -2.921655416488647461e+00
7.368000000000000000e+03 -2.989512681961059570e+00
7.369000000000000000e+03 -2.947019577026367188e+00
7.370000000000000000e+03 -2.945115566253662109e+00
7.371000000000000000e+03 -2.981529712677001953e+00
7.372000000000000000e+03 -2.984029769897460938e+00
7.373000000000000000e+03 -2.983398437500000000e+00
7.374000000000000000e+03 -2.958402633666992188e+00
7.375000000000000000e+03 -2.941752433776855469e+00
7.376000000000000000e+03 -2.969021558761596680e+00
7.377000000000000000e+03 -2.916689634323120117e+00
7.378000000000000000e+03 -2.945195436477661133e+00
7.379000000000000000e+03 -2.926989555358886719e+00
7.380000000000000000e+03 -2.856306552886962891e+00
7.381000000000000000e+03 -2.889630317687988281e+00
7.382000000000000000e+03 -2.888127088546752930e+00
7.383000000000000000e+03 -2.904482126235961914e+00
7.384000000000000000e+03 -2.922193050384521484e+00
7.385000000000000000e+03 -2.909755229949951172e+00
7.386000000000000000e+03 -2.901000738143920898e+00
7.387000000000000000e+03 -2.915603876113891602e+00
7.388000000000000000e+03 -2.914324045181274414e+00
7.389000000000000000e+03 -2.910526514053344727e+00
7.390000000000000000e+03 -2.915995597839355469e+00
7.391000000000000000e+03 -2.961239814758300781e+00
7.392000000000000000e+03 -2.910258054733276367e+00
7.393000000000000000e+03 -2.905162334442138672e+00
7.394000000000000000e+03 -2.939690113067626953e+00
7.395000000000000000e+03 -2.960186719894409180e+00
7.396000000000000000e+03 -2.911925315856933594e+00
7.397000000000000000e+03 -2.914659023284912109e+00
7.398000000000000000e+03 -2.940168619155883789e+00
7.399000000000000000e+03 -2.931702852249145508e+00
7.400000000000000000e+03 -2.959748983383178711e+00
7.401000000000000000e+03 -2.930323362350463867e+00
7.402000000000000000e+03 -2.934389591217041016e+00
7.403000000000000000e+03 -2.959489345550537109e+00
7.404000000000000000e+03 -2.898941040039062500e+00
7.405000000000000000e+03 -2.928592205047607422e+00
7.406000000000000000e+03 -2.911470651626586914e+00
7.407000000000000000e+03 -2.921789169311523438e+00
7.408000000000000000e+03 -2.890606403350830078e+00
7.409000000000000000e+03 -2.832537174224853516e+00
7.410000000000000000e+03 -2.885344266891479492e+00
7.411000000000000000e+03 -2.908492326736450195e+00
7.412000000000000000e+03 -2.893491268157958984e+00
7.413000000000000000e+03 -2.924376010894775391e+00
7.414000000000000000e+03 -2.904199361801147461e+00
7.415000000000000000e+03 -2.921118974685668945e+00
7.416000000000000000e+03 -2.924577713012695312e+00
7.417000000000000000e+03 -2.879415750503540039e+00
7.418000000000000000e+03 -2.825819015502929688e+00
7.419000000000000000e+03 -2.854016542434692383e+00
7.420000000000000000e+03 -2.893319845199584961e+00
7.421000000000000000e+03 -2.897873878479003906e+00
7.422000000000000000e+03 -2.867105245590209961e+00
7.423000000000000000e+03 -2.848750829696655273e+00
7.424000000000000000e+03 -2.846000432968139648e+00
7.425000000000000000e+03 -2.843758821487426758e+00
7.426000000000000000e+03 -2.812388896942138672e+00
7.427000000000000000e+03 -2.811312675476074219e+00
7.428000000000000000e+03 -2.841416120529174805e+00
7.429000000000000000e+03 -2.843790292739868164e+00
7.430000000000000000e+03 -2.874603748321533203e+00
7.431000000000000000e+03 -2.823617219924926758e+00
7.432000000000000000e+03 -2.827654361724853516e+00
7.433000000000000000e+03 -2.845030784606933594e+00
7.434000000000000000e+03 -2.870769023895263672e+00
7.435000000000000000e+03 -2.863526344299316406e+00
7.436000000000000000e+03 -2.849014282226562500e+00
7.437000000000000000e+03 -2.844580411911010742e+00
7.438000000000000000e+03 -2.841355562210083008e+00
7.439000000000000000e+03 -2.896827459335327148e+00
7.440000000000000000e+03 -2.888571739196777344e+00
7.441000000000000000e+03 -2.898426532745361328e+00
7.442000000000000000e+03 -2.855029106140136719e+00
7.443000000000000000e+03 -2.896960258483886719e+00
7.444000000000000000e+03 -2.919228315353393555e+00
7.445000000000000000e+03 -2.841494321823120117e+00
7.446000000000000000e+03 -2.887741804122924805e+00
7.447000000000000000e+03 -2.921119451522827148e+00
7.448000000000000000e+03 -2.900206327438354492e+00
7.449000000000000000e+03 -2.879045963287353516e+00
7.450000000000000000e+03 -2.880997180938720703e+00
7.451000000000000000e+03 -2.868589401245117188e+00
7.452000000000000000e+03 -2.943293571472167969e+00
7.453000000000000000e+03 -2.895338058471679688e+00
7.454000000000000000e+03 -2.892056465148925781e+00
7.455000000000000000e+03 -2.846763134002685547e+00
7.456000000000000000e+03 -2.896731615066528320e+00
7.457000000000000000e+03 -2.860708713531494141e+00
7.458000000000000000e+03 -2.894116163253784180e+00
7.459000000000000000e+03 -2.903610944747924805e+00
7.460000000000000000e+03 -2.885362863540649414e+00
7.461000000000000000e+03 -2.892820835113525391e+00
7.462000000000000000e+03 -2.907911062240600586e+00
7.463000000000000000e+03 -2.892356634140014648e+00
7.464000000000000000e+03 -2.951252698898315430e+00
7.465000000000000000e+03 -2.908405303955078125e+00
7.466000000000000000e+03 -2.920152425765991211e+00
7.467000000000000000e+03 -2.872543811798095703e+00
7.468000000000000000e+03 -2.874939680099487305e+00
7.469000000000000000e+03 -2.896603345870971680e+00
7.470000000000000000e+03 -2.914010286331176758e+00
7.471000000000000000e+03 -2.908508777618408203e+00
7.472000000000000000e+03 -2.915828227996826172e+00
7.473000000000000000e+03 -2.879386901855468750e+00
7.474000000000000000e+03 -2.897519111633300781e+00
7.475000000000000000e+03 -2.870378494262695312e+00
7.476000000000000000e+03 -2.879731893539428711e+00
7.477000000000000000e+03 -2.855931758880615234e+00
7.478000000000000000e+03 -2.853898763656616211e+00
7.479000000000000000e+03 -2.915487527847290039e+00
7.480000000000000000e+03 -2.901308059692382812e+00
7.481000000000000000e+03 -2.903327465057373047e+00
7.482000000000000000e+03 -2.949711322784423828e+00
7.483000000000000000e+03 -2.938890457153320312e+00
7.484000000000000000e+03 -2.942898750305175781e+00
7.485000000000000000e+03 -2.901076793670654297e+00
7.486000000000000000e+03 -2.922143459320068359e+00
7.487000000000000000e+03 -2.836259841918945312e+00
7.488000000000000000e+03 -2.889229297637939453e+00
7.489000000000000000e+03 -2.918216228485107422e+00
7.490000000000000000e+03 -2.874311923980712891e+00
7.491000000000000000e+03 -2.925398826599121094e+00
7.492000000000000000e+03 -2.915871858596801758e+00
7.493000000000000000e+03 -2.871188879013061523e+00
7.494000000000000000e+03 -2.841649532318115234e+00
7.495000000000000000e+03 -2.832578420639038086e+00
7.496000000000000000e+03 -2.847707986831665039e+00
7.497000000000000000e+03 -2.855123758316040039e+00
7.498000000000000000e+03 -2.888624191284179688e+00
7.499000000000000000e+03 -2.863901615142822266e+00
7.500000000000000000e+03 -2.906152963638305664e+00
7.501000000000000000e+03 -2.905798673629760742e+00
7.502000000000000000e+03 -2.874962329864501953e+00
7.503000000000000000e+03 -2.886639356613159180e+00
7.504000000000000000e+03 -2.905469894409179688e+00
7.505000000000000000e+03 -2.901362419128417969e+00
7.506000000000000000e+03 -2.901815652847290039e+00
7.507000000000000000e+03 -2.888255119323730469e+00
7.508000000000000000e+03 -2.864261627197265625e+00
7.509000000000000000e+03 -2.891012668609619141e+00
7.510000000000000000e+03 -2.843955516815185547e+00
7.511000000000000000e+03 -2.933132886886596680e+00
7.512000000000000000e+03 -2.905821800231933594e+00
7.513000000000000000e+03 -2.848563671112060547e+00
7.514000000000000000e+03 -2.825760364532470703e+00
7.515000000000000000e+03 -2.797803878784179688e+00
7.516000000000000000e+03 -2.813135623931884766e+00
7.517000000000000000e+03 -2.867515563964843750e+00
7.518000000000000000e+03 -2.859850645065307617e+00
7.519000000000000000e+03 -2.828687429428100586e+00
7.520000000000000000e+03 -2.882733345031738281e+00
7.521000000000000000e+03 -2.875350236892700195e+00
7.522000000000000000e+03 -2.834539175033569336e+00
7.523000000000000000e+03 -2.896774768829345703e+00
7.524000000000000000e+03 -2.883933305740356445e+00
7.525000000000000000e+03 -2.823933362960815430e+00
7.526000000000000000e+03 -2.840543031692504883e+00
7.527000000000000000e+03 -2.839375257492065430e+00
7.528000000000000000e+03 -2.802895545959472656e+00
7.529000000000000000e+03 -2.812124490737915039e+00
7.530000000000000000e+03 -2.815280437469482422e+00
7.531000000000000000e+03 -2.823913812637329102e+00
7.532000000000000000e+03 -2.854957103729248047e+00
7.533000000000000000e+03 -2.849324703216552734e+00
7.534000000000000000e+03 -2.895918607711791992e+00
7.535000000000000000e+03 -2.890653610229492188e+00
7.536000000000000000e+03 -2.892597675323486328e+00
7.537000000000000000e+03 -2.874505758285522461e+00
7.538000000000000000e+03 -2.855889320373535156e+00
7.539000000000000000e+03 -2.834107637405395508e+00
7.540000000000000000e+03 -2.837872982025146484e+00
7.541000000000000000e+03 -2.878399133682250977e+00
7.542000000000000000e+03 -2.867778539657592773e+00
7.543000000000000000e+03 -2.862814664840698242e+00
7.544000000000000000e+03 -2.875589847564697266e+00
7.545000000000000000e+03 -2.898280143737792969e+00
7.546000000000000000e+03 -2.854730844497680664e+00
7.547000000000000000e+03 -2.856703758239746094e+00
7.548000000000000000e+03 -2.838174343109130859e+00
7.549000000000000000e+03 -2.862307548522949219e+00
7.550000000000000000e+03 -2.886029720306396484e+00
7.551000000000000000e+03 -2.839677333831787109e+00
7.552000000000000000e+03 -2.923220396041870117e+00
7.553000000000000000e+03 -2.838476896286010742e+00
7.554000000000000000e+03 -2.883737802505493164e+00
7.555000000000000000e+03 -2.904990434646606445e+00
7.556000000000000000e+03 -2.924541950225830078e+00
7.557000000000000000e+03 -2.905982017517089844e+00
7.558000000000000000e+03 -2.883805513381958008e+00
7.559000000000000000e+03 -2.913084268569946289e+00
7.560000000000000000e+03 -2.921310901641845703e+00
7.561000000000000000e+03 -2.896857023239135742e+00
7.562000000000000000e+03 -2.885161638259887695e+00
7.563000000000000000e+03 -2.884086132049560547e+00
7.564000000000000000e+03 -2.888495445251464844e+00
7.565000000000000000e+03 -2.884398221969604492e+00
7.566000000000000000e+03 -2.845272541046142578e+00
7.567000000000000000e+03 -2.863070964813232422e+00
7.568000000000000000e+03 -2.862196922302246094e+00
7.569000000000000000e+03 -2.877174854278564453e+00
7.570000000000000000e+03 -2.886518955230712891e+00
7.571000000000000000e+03 -2.902890205383300781e+00
7.572000000000000000e+03 -2.910859823226928711e+00
7.573000000000000000e+03 -2.878389835357666016e+00
7.574000000000000000e+03 -2.897817373275756836e+00
7.575000000000000000e+03 -2.847230434417724609e+00
7.576000000000000000e+03 -2.896809577941894531e+00
7.577000000000000000e+03 -2.879316329956054688e+00
7.578000000000000000e+03 -2.876411914825439453e+00
7.579000000000000000e+03 -2.898697614669799805e+00
7.580000000000000000e+03 -2.855184316635131836e+00
7.581000000000000000e+03 -2.871439218521118164e+00
7.582000000000000000e+03 -2.843958139419555664e+00
7.583000000000000000e+03 -2.822281837463378906e+00
7.584000000000000000e+03 -2.844114303588867188e+00
7.585000000000000000e+03 -2.893773078918457031e+00
7.586000000000000000e+03 -2.839891195297241211e+00
7.587000000000000000e+03 -2.856310367584228516e+00
7.588000000000000000e+03 -2.833033561706542969e+00
7.589000000000000000e+03 -2.893239974975585938e+00
7.590000000000000000e+03 -2.867558956146240234e+00
7.591000000000000000e+03 -2.862841367721557617e+00
7.592000000000000000e+03 -2.881382226943969727e+00
7.593000000000000000e+03 -2.858167886734008789e+00
7.594000000000000000e+03 -2.899972677230834961e+00
7.595000000000000000e+03 -2.904010295867919922e+00
7.596000000000000000e+03 -2.861112117767333984e+00
7.597000000000000000e+03 -2.916949033737182617e+00
7.598000000000000000e+03 -2.890619039535522461e+00
7.599000000000000000e+03 -2.900794029235839844e+00
7.600000000000000000e+03 -2.870161056518554688e+00
7.601000000000000000e+03 -2.907307624816894531e+00
7.602000000000000000e+03 -2.910101890563964844e+00
7.603000000000000000e+03 -2.935448884963989258e+00
7.604000000000000000e+03 -2.913355827331542969e+00
7.605000000000000000e+03 -2.895261049270629883e+00
7.606000000000000000e+03 -2.907626152038574219e+00
7.607000000000000000e+03 -2.832399845123291016e+00
7.608000000000000000e+03 -2.926799297332763672e+00
7.609000000000000000e+03 -2.880511760711669922e+00
7.610000000000000000e+03 -2.894578933715820312e+00
7.611000000000000000e+03 -2.844978332519531250e+00
7.612000000000000000e+03 -2.936922311782836914e+00
7.613000000000000000e+03 -2.898576498031616211e+00
7.614000000000000000e+03 -2.840590476989746094e+00
7.615000000000000000e+03 -2.860647201538085938e+00
7.616000000000000000e+03 -2.870316982269287109e+00
7.617000000000000000e+03 -2.844011306762695312e+00
7.618000000000000000e+03 -2.875516891479492188e+00
7.619000000000000000e+03 -2.900858640670776367e+00
7.620000000000000000e+03 -2.877627372741699219e+00
7.621000000000000000e+03 -2.932105064392089844e+00
7.622000000000000000e+03 -2.918988943099975586e+00
7.623000000000000000e+03 -2.856158256530761719e+00
7.624000000000000000e+03 -2.825465202331542969e+00
7.625000000000000000e+03 -2.879619359970092773e+00
7.626000000000000000e+03 -2.845522403717041016e+00
7.627000000000000000e+03 -2.818922996520996094e+00
7.628000000000000000e+03 -2.866395711898803711e+00
7.629000000000000000e+03 -2.876982688903808594e+00
7.630000000000000000e+03 -2.864269256591796875e+00
7.631000000000000000e+03 -2.880574703216552734e+00
7.632000000000000000e+03 -2.881048440933227539e+00
7.633000000000000000e+03 -2.872003555297851562e+00
7.634000000000000000e+03 -2.896358251571655273e+00
7.635000000000000000e+03 -2.906292200088500977e+00
7.636000000000000000e+03 -2.860018014907836914e+00
7.637000000000000000e+03 -2.859239816665649414e+00
7.638000000000000000e+03 -2.851042270660400391e+00
7.639000000000000000e+03 -2.839530467987060547e+00
7.640000000000000000e+03 -2.823434114456176758e+00
7.641000000000000000e+03 -2.844893932342529297e+00
7.642000000000000000e+03 -2.880216360092163086e+00
7.643000000000000000e+03 -2.887323856353759766e+00
7.644000000000000000e+03 -2.853371858596801758e+00
7.645000000000000000e+03 -2.845968484878540039e+00
7.646000000000000000e+03 -2.792236089706420898e+00
7.647000000000000000e+03 -2.826308727264404297e+00
7.648000000000000000e+03 -2.836921453475952148e+00
7.649000000000000000e+03 -2.850148916244506836e+00
7.650000000000000000e+03 -2.848387718200683594e+00
7.651000000000000000e+03 -2.833897829055786133e+00
7.652000000000000000e+03 -2.841107606887817383e+00
7.653000000000000000e+03 -2.860978603363037109e+00
7.654000000000000000e+03 -2.799807548522949219e+00
7.655000000000000000e+03 -2.835652589797973633e+00
7.656000000000000000e+03 -2.776010990142822266e+00
7.657000000000000000e+03 -2.782916545867919922e+00
7.658000000000000000e+03 -2.790252208709716797e+00
7.659000000000000000e+03 -2.771843671798706055e+00
7.660000000000000000e+03 -2.758170604705810547e+00
7.661000000000000000e+03 -2.772440433502197266e+00
7.662000000000000000e+03 -2.817246437072753906e+00
7.663000000000000000e+03 -2.824207067489624023e+00
7.664000000000000000e+03 -2.910370111465454102e+00
7.665000000000000000e+03 -2.881158113479614258e+00
7.666000000000000000e+03 -2.845854520797729492e+00
7.667000000000000000e+03 -2.858391046524047852e+00
7.668000000000000000e+03 -2.869650125503540039e+00
7.669000000000000000e+03 -2.834925889968872070e+00
7.670000000000000000e+03 -2.825006008148193359e+00
7.671000000000000000e+03 -2.828026056289672852e+00
7.672000000000000000e+03 -2.858149290084838867e+00
7.673000000000000000e+03 -2.892217159271240234e+00
7.674000000000000000e+03 -2.823078155517578125e+00
7.675000000000000000e+03 -2.811650276184082031e+00
7.676000000000000000e+03 -2.812567949295043945e+00
7.677000000000000000e+03 -2.801922798156738281e+00
7.678000000000000000e+03 -2.829368114471435547e+00
7.679000000000000000e+03 -2.854932308197021484e+00
7.680000000000000000e+03 -2.808380126953125000e+00
7.681000000000000000e+03 -2.840893030166625977e+00
7.682000000000000000e+03 -2.874920606613159180e+00
7.683000000000000000e+03 -2.863126754760742188e+00
7.684000000000000000e+03 -2.841575622558593750e+00
7.685000000000000000e+03 -2.850716114044189453e+00
7.686000000000000000e+03 -2.826706647872924805e+00
7.687000000000000000e+03 -2.843654632568359375e+00
7.688000000000000000e+03 -2.858571529388427734e+00
7.689000000000000000e+03 -2.836112022399902344e+00
7.690000000000000000e+03 -2.830918312072753906e+00
7.691000000000000000e+03 -2.808930635452270508e+00
7.692000000000000000e+03 -2.783556938171386719e+00
7.693000000000000000e+03 -2.797893524169921875e+00
7.694000000000000000e+03 -2.818583965301513672e+00
7.695000000000000000e+03 -2.806594848632812500e+00
7.696000000000000000e+03 -2.784873962402343750e+00
7.697000000000000000e+03 -2.814385652542114258e+00
7.698000000000000000e+03 -2.833394527435302734e+00
7.699000000000000000e+03 -2.800561428070068359e+00
7.700000000000000000e+03 -2.856906175613403320e+00
7.701000000000000000e+03 -2.863869190216064453e+00
7.702000000000000000e+03 -2.853868246078491211e+00
7.703000000000000000e+03 -2.843338727951049805e+00
7.704000000000000000e+03 -2.860120773315429688e+00
7.705000000000000000e+03 -2.871288061141967773e+00
7.706000000000000000e+03 -2.799694776535034180e+00
7.707000000000000000e+03 -2.832701444625854492e+00
7.708000000000000000e+03 -2.800359725952148438e+00
7.709000000000000000e+03 -2.825475454330444336e+00
7.710000000000000000e+03 -2.804709434509277344e+00
7.711000000000000000e+03 -2.823060035705566406e+00
7.712000000000000000e+03 -2.827153682708740234e+00
7.713000000000000000e+03 -2.854253530502319336e+00
7.714000000000000000e+03 -2.837177991867065430e+00
7.715000000000000000e+03 -2.872410774230957031e+00
7.716000000000000000e+03 -2.839859724044799805e+00
7.717000000000000000e+03 -2.797479867935180664e+00
7.718000000000000000e+03 -2.859813213348388672e+00
7.719000000000000000e+03 -2.765465259552001953e+00
7.720000000000000000e+03 -2.843875169754028320e+00
7.721000000000000000e+03 -2.796819686889648438e+00
7.722000000000000000e+03 -2.812155246734619141e+00
7.723000000000000000e+03 -2.836006164550781250e+00
7.724000000000000000e+03 -2.827797412872314453e+00
7.725000000000000000e+03 -2.820485353469848633e+00
7.726000000000000000e+03 -2.828761816024780273e+00
7.727000000000000000e+03 -2.824867486953735352e+00
7.728000000000000000e+03 -2.841750144958496094e+00
7.729000000000000000e+03 -2.812339067459106445e+00
7.730000000000000000e+03 -2.845722198486328125e+00
7.731000000000000000e+03 -2.810389041900634766e+00
7.732000000000000000e+03 -2.823714494705200195e+00
7.733000000000000000e+03 -2.889850378036499023e+00
7.734000000000000000e+03 -2.843394517898559570e+00
7.735000000000000000e+03 -2.820191383361816406e+00
7.736000000000000000e+03 -2.820000410079956055e+00
7.737000000000000000e+03 -2.830086231231689453e+00
7.738000000000000000e+03 -2.854072570800781250e+00
7.739000000000000000e+03 -2.826185226440429688e+00
7.740000000000000000e+03 -2.844109773635864258e+00
7.741000000000000000e+03 -2.833031892776489258e+00
7.742000000000000000e+03 -2.811987400054931641e+00
7.743000000000000000e+03 -2.869984865188598633e+00
7.744000000000000000e+03 -2.838845252990722656e+00
7.745000000000000000e+03 -2.854371070861816406e+00
7.746000000000000000e+03 -2.865083217620849609e+00
7.747000000000000000e+03 -2.886771917343139648e+00
7.748000000000000000e+03 -2.831193685531616211e+00
7.749000000000000000e+03 -2.854802131652832031e+00
7.750000000000000000e+03 -2.864001274108886719e+00
7.751000000000000000e+03 -2.844251394271850586e+00
7.752000000000000000e+03 -2.848110675811767578e+00
7.753000000000000000e+03 -2.873134851455688477e+00
7.754000000000000000e+03 -2.842687606811523438e+00
7.755000000000000000e+03 -2.871513843536376953e+00
7.756000000000000000e+03 -2.820314884185791016e+00
7.757000000000000000e+03 -2.814677715301513672e+00
7.758000000000000000e+03 -2.807414293289184570e+00
7.759000000000000000e+03 -2.785349369049072266e+00
7.760000000000000000e+03 -2.817311525344848633e+00
7.761000000000000000e+03 -2.823374748229980469e+00
7.762000000000000000e+03 -2.815562725067138672e+00
7.763000000000000000e+03 -2.859488248825073242e+00
7.764000000000000000e+03 -2.883119821548461914e+00
7.765000000000000000e+03 -2.838639259338378906e+00
7.766000000000000000e+03 -2.796807050704956055e+00
7.767000000000000000e+03 -2.790082693099975586e+00
7.768000000000000000e+03 -2.843053579330444336e+00
7.769000000000000000e+03 -2.858410596847534180e+00
7.770000000000000000e+03 -2.803924083709716797e+00
7.771000000000000000e+03 -2.785933494567871094e+00
7.772000000000000000e+03 -2.843035697937011719e+00
7.773000000000000000e+03 -2.819430351257324219e+00
7.774000000000000000e+03 -2.826991081237792969e+00
7.775000000000000000e+03 -2.848711252212524414e+00
7.776000000000000000e+03 -2.882714748382568359e+00
7.777000000000000000e+03 -2.890003919601440430e+00
7.778000000000000000e+03 -2.882571458816528320e+00
7.779000000000000000e+03 -2.832798480987548828e+00
7.780000000000000000e+03 -2.836112737655639648e+00
7.781000000000000000e+03 -2.815060377120971680e+00
7.782000000000000000e+03 -2.828937768936157227e+00
7.783000000000000000e+03 -2.905370712280273438e+00
7.784000000000000000e+03 -2.865138053894042969e+00
7.785000000000000000e+03 -2.849233865737915039e+00
7.786000000000000000e+03 -2.818652868270874023e+00
7.787000000000000000e+03 -2.853459835052490234e+00
7.788000000000000000e+03 -2.772186756134033203e+00
7.789000000000000000e+03 -2.794514179229736328e+00
7.790000000000000000e+03 -2.838229894638061523e+00
7.791000000000000000e+03 -2.823100090026855469e+00
7.792000000000000000e+03 -2.768229246139526367e+00
7.793000000000000000e+03 -2.849897146224975586e+00
7.794000000000000000e+03 -2.861725091934204102e+00
7.795000000000000000e+03 -2.840045928955078125e+00
7.796000000000000000e+03 -2.821421384811401367e+00
7.797000000000000000e+03 -2.833570480346679688e+00
7.798000000000000000e+03 -2.768974542617797852e+00
7.799000000000000000e+03 -2.838247060775756836e+00
7.800000000000000000e+03 -2.813471794128417969e+00
7.801000000000000000e+03 -2.818351268768310547e+00
7.802000000000000000e+03 -2.848165512084960938e+00
7.803000000000000000e+03 -2.822802066802978516e+00
7.804000000000000000e+03 -2.846242666244506836e+00
7.805000000000000000e+03 -2.837202548980712891e+00
7.806000000000000000e+03 -2.802160739898681641e+00
7.807000000000000000e+03 -2.816609144210815430e+00
7.808000000000000000e+03 -2.819105386734008789e+00
7.809000000000000000e+03 -2.824278116226196289e+00
7.810000000000000000e+03 -2.807301759719848633e+00
7.811000000000000000e+03 -2.875957965850830078e+00
7.812000000000000000e+03 -2.864135980606079102e+00
7.813000000000000000e+03 -2.840119123458862305e+00
7.814000000000000000e+03 -2.817404031753540039e+00
7.815000000000000000e+03 -2.805876493453979492e+00
7.816000000000000000e+03 -2.829493999481201172e+00
7.817000000000000000e+03 -2.815021276473999023e+00
7.818000000000000000e+03 -2.798086404800415039e+00
7.819000000000000000e+03 -2.791182518005371094e+00
7.820000000000000000e+03 -2.839091300964355469e+00
7.821000000000000000e+03 -2.825887441635131836e+00
7.822000000000000000e+03 -2.851299762725830078e+00
7.823000000000000000e+03 -2.799163341522216797e+00
7.824000000000000000e+03 -2.837317228317260742e+00
7.825000000000000000e+03 -2.849690198898315430e+00
7.826000000000000000e+03 -2.812831401824951172e+00
7.827000000000000000e+03 -2.893395423889160156e+00
7.828000000000000000e+03 -2.887634515762329102e+00
7.829000000000000000e+03 -2.868704319000244141e+00
7.830000000000000000e+03 -2.846555233001708984e+00
7.831000000000000000e+03 -2.836317300796508789e+00
7.832000000000000000e+03 -2.864512681961059570e+00
7.833000000000000000e+03 -2.843112945556640625e+00
7.834000000000000000e+03 -2.839894771575927734e+00
7.835000000000000000e+03 -2.820245027542114258e+00
7.836000000000000000e+03 -2.860901832580566406e+00
7.837000000000000000e+03 -2.831998825073242188e+00
7.838000000000000000e+03 -2.873699903488159180e+00
7.839000000000000000e+03 -2.820640802383422852e+00
7.840000000000000000e+03 -2.814467430114746094e+00
7.841000000000000000e+03 -2.816561698913574219e+00
7.842000000000000000e+03 -2.839442491531372070e+00
7.843000000000000000e+03 -2.808735847473144531e+00
7.844000000000000000e+03 -2.871235132217407227e+00
7.845000000000000000e+03 -2.868331909179687500e+00
7.846000000000000000e+03 -2.852855682373046875e+00
7.847000000000000000e+03 -2.845231771469116211e+00
7.848000000000000000e+03 -2.880048513412475586e+00
7.849000000000000000e+03 -2.906410694122314453e+00
7.850000000000000000e+03 -2.863776922225952148e+00
7.851000000000000000e+03 -2.908613681793212891e+00
7.852000000000000000e+03 -2.901569604873657227e+00
7.853000000000000000e+03 -2.856789827346801758e+00
7.854000000000000000e+03 -2.898595571517944336e+00
7.855000000000000000e+03 -2.846600294113159180e+00
7.856000000000000000e+03 -2.841814279556274414e+00
7.857000000000000000e+03 -2.863403320312500000e+00
7.858000000000000000e+03 -2.850938320159912109e+00
7.859000000000000000e+03 -2.847082376480102539e+00
7.860000000000000000e+03 -2.885012149810791016e+00
7.861000000000000000e+03 -2.875873804092407227e+00
7.862000000000000000e+03 -2.899860858917236328e+00
7.863000000000000000e+03 -2.896934747695922852e+00
7.864000000000000000e+03 -2.848598957061767578e+00
7.865000000000000000e+03 -2.837245464324951172e+00
7.866000000000000000e+03 -2.812843561172485352e+00
7.867000000000000000e+03 -2.893421173095703125e+00
7.868000000000000000e+03 -2.907024145126342773e+00
7.869000000000000000e+03 -2.860327243804931641e+00
7.870000000000000000e+03 -2.840954303741455078e+00
7.871000000000000000e+03 -2.883358240127563477e+00
7.872000000000000000e+03 -2.904199123382568359e+00
7.873000000000000000e+03 -2.891659975051879883e+00
7.874000000000000000e+03 -2.899784088134765625e+00
7.875000000000000000e+03 -2.932451486587524414e+00
7.876000000000000000e+03 -2.878822565078735352e+00
7.877000000000000000e+03 -2.818840980529785156e+00
7.878000000000000000e+03 -2.897548437118530273e+00
7.879000000000000000e+03 -2.914270639419555664e+00
7.880000000000000000e+03 -2.926400423049926758e+00
7.881000000000000000e+03 -2.912403821945190430e+00
7.882000000000000000e+03 -2.866395950317382812e+00
7.883000000000000000e+03 -2.904307603836059570e+00
7.884000000000000000e+03 -2.905131816864013672e+00
7.885000000000000000e+03 -2.882872819900512695e+00
7.886000000000000000e+03 -2.901389122009277344e+00
7.887000000000000000e+03 -2.912704944610595703e+00
7.888000000000000000e+03 -2.897338151931762695e+00
7.889000000000000000e+03 -2.889789819717407227e+00
7.890000000000000000e+03 -2.905761480331420898e+00
7.891000000000000000e+03 -2.910344600677490234e+00
7.892000000000000000e+03 -2.938988924026489258e+00
7.893000000000000000e+03 -2.914417982101440430e+00
7.894000000000000000e+03 -2.867320775985717773e+00
7.895000000000000000e+03 -2.912814617156982422e+00
7.896000000000000000e+03 -2.896298170089721680e+00
7.897000000000000000e+03 -2.917104244232177734e+00
7.898000000000000000e+03 -2.954382658004760742e+00
7.899000000000000000e+03 -2.911314964294433594e+00
7.900000000000000000e+03 -2.879519224166870117e+00
7.901000000000000000e+03 -2.934272527694702148e+00
7.902000000000000000e+03 -2.911228179931640625e+00
7.903000000000000000e+03 -2.897280216217041016e+00
7.904000000000000000e+03 -2.934776067733764648e+00
7.905000000000000000e+03 -2.875277042388916016e+00
7.906000000000000000e+03 -2.880137920379638672e+00
7.907000000000000000e+03 -2.887998580932617188e+00
7.908000000000000000e+03 -2.847147464752197266e+00
7.909000000000000000e+03 -2.880349159240722656e+00
7.910000000000000000e+03 -2.848941087722778320e+00
7.911000000000000000e+03 -2.876262903213500977e+00
7.912000000000000000e+03 -2.898597955703735352e+00
7.913000000000000000e+03 -2.857879638671875000e+00
7.914000000000000000e+03 -2.832271814346313477e+00
7.915000000000000000e+03 -2.814433813095092773e+00
7.916000000000000000e+03 -2.858815193176269531e+00
7.917000000000000000e+03 -2.858629226684570312e+00
7.918000000000000000e+03 -2.869213342666625977e+00
7.919000000000000000e+03 -2.870004653930664062e+00
7.920000000000000000e+03 -2.904670238494873047e+00
7.921000000000000000e+03 -2.893955469131469727e+00
7.922000000000000000e+03 -2.911683320999145508e+00
7.923000000000000000e+03 -2.943986654281616211e+00
7.924000000000000000e+03 -2.920515298843383789e+00
7.925000000000000000e+03 -2.898643493652343750e+00
7.926000000000000000e+03 -2.878159761428833008e+00
7.927000000000000000e+03 -2.935086011886596680e+00
7.928000000000000000e+03 -2.897308349609375000e+00
7.929000000000000000e+03 -2.918563604354858398e+00
7.930000000000000000e+03 -2.940439462661743164e+00
7.931000000000000000e+03 -2.914763450622558594e+00
7.932000000000000000e+03 -2.933375358581542969e+00
7.933000000000000000e+03 -2.918070554733276367e+00
7.934000000000000000e+03 -2.906852483749389648e+00
7.935000000000000000e+03 -2.893963813781738281e+00
7.936000000000000000e+03 -2.924597501754760742e+00
7.937000000000000000e+03 -2.938827991485595703e+00
7.938000000000000000e+03 -2.879708528518676758e+00
7.939000000000000000e+03 -2.924921989440917969e+00
7.940000000000000000e+03 -2.897062301635742188e+00
7.941000000000000000e+03 -2.889990329742431641e+00
7.942000000000000000e+03 -2.896678447723388672e+00
7.943000000000000000e+03 -2.878898143768310547e+00
7.944000000000000000e+03 -2.915339469909667969e+00
7.945000000000000000e+03 -2.909037590026855469e+00
7.946000000000000000e+03 -2.879064321517944336e+00
7.947000000000000000e+03 -2.884557485580444336e+00
7.948000000000000000e+03 -2.825788021087646484e+00
7.949000000000000000e+03 -2.863710403442382812e+00
7.950000000000000000e+03 -2.879892587661743164e+00
7.951000000000000000e+03 -2.884745121002197266e+00
7.952000000000000000e+03 -2.865754604339599609e+00
7.953000000000000000e+03 -2.852355957031250000e+00
7.954000000000000000e+03 -2.880918741226196289e+00
7.955000000000000000e+03 -2.892894268035888672e+00
7.956000000000000000e+03 -2.891170263290405273e+00
7.957000000000000000e+03 -2.831586837768554688e+00
7.958000000000000000e+03 -2.893505573272705078e+00
7.959000000000000000e+03 -2.848253726959228516e+00
7.960000000000000000e+03 -2.869720458984375000e+00
7.961000000000000000e+03 -2.836241245269775391e+00
7.962000000000000000e+03 -2.857542037963867188e+00
7.963000000000000000e+03 -2.895400524139404297e+00
7.964000000000000000e+03 -2.876135587692260742e+00
7.965000000000000000e+03 -2.866098165512084961e+00
7.966000000000000000e+03 -2.879180192947387695e+00
7.967000000000000000e+03 -2.856046676635742188e+00
7.968000000000000000e+03 -2.866039991378784180e+00
7.969000000000000000e+03 -2.897740840911865234e+00
7.970000000000000000e+03 -2.925914287567138672e+00
7.971000000000000000e+03 -2.898776054382324219e+00
7.972000000000000000e+03 -2.922311067581176758e+00
7.973000000000000000e+03 -2.898005008697509766e+00
7.974000000000000000e+03 -2.919628143310546875e+00
7.975000000000000000e+03 -2.946320772171020508e+00
7.976000000000000000e+03 -2.958293676376342773e+00
7.977000000000000000e+03 -2.898483276367187500e+00
7.978000000000000000e+03 -2.855010271072387695e+00
7.979000000000000000e+03 -2.884232282638549805e+00
7.980000000000000000e+03 -2.930140495300292969e+00
7.981000000000000000e+03 -2.889648437500000000e+00
7.982000000000000000e+03 -2.915320158004760742e+00
7.983000000000000000e+03 -2.893941640853881836e+00
7.984000000000000000e+03 -2.866841077804565430e+00
7.985000000000000000e+03 -2.890660762786865234e+00
7.986000000000000000e+03 -2.918700456619262695e+00
7.987000000000000000e+03 -2.884690523147583008e+00
7.988000000000000000e+03 -2.885361909866333008e+00
7.989000000000000000e+03 -2.873318195343017578e+00
7.990000000000000000e+03 -2.874277353286743164e+00
7.991000000000000000e+03 -2.939826726913452148e+00
7.992000000000000000e+03 -2.902279376983642578e+00
7.993000000000000000e+03 -2.906035900115966797e+00
7.994000000000000000e+03 -2.901405572891235352e+00
7.995000000000000000e+03 -2.930382728576660156e+00
7.996000000000000000e+03 -2.924369812011718750e+00
7.997000000000000000e+03 -2.920178174972534180e+00
7.998000000000000000e+03 -2.901274204254150391e+00
7.999000000000000000e+03 -2.883133649826049805e+00
8.000000000000000000e+03 -2.920071125030517578e+00
8.001000000000000000e+03 -2.944916963577270508e+00
8.002000000000000000e+03 -2.913053035736083984e+00
8.003000000000000000e+03 -2.909139633178710938e+00
8.004000000000000000e+03 -2.975538730621337891e+00
8.005000000000000000e+03 -2.956806898117065430e+00
8.006000000000000000e+03 -2.876333236694335938e+00
8.007000000000000000e+03 -2.913889408111572266e+00
8.008000000000000000e+03 -2.925187826156616211e+00
8.009000000000000000e+03 -2.870413303375244141e+00
8.010000000000000000e+03 -2.875549077987670898e+00
8.011000000000000000e+03 -2.855623245239257812e+00
8.012000000000000000e+03 -2.849452018737792969e+00
8.013000000000000000e+03 -2.865489244461059570e+00
8.014000000000000000e+03 -2.898737430572509766e+00
8.015000000000000000e+03 -2.905306577682495117e+00
8.016000000000000000e+03 -2.878320693969726562e+00
8.017000000000000000e+03 -2.860508203506469727e+00
8.018000000000000000e+03 -2.884140014648437500e+00
8.019000000000000000e+03 -2.901833295822143555e+00
8.020000000000000000e+03 -2.883614063262939453e+00
8.021000000000000000e+03 -2.901971578598022461e+00
8.022000000000000000e+03 -2.901421070098876953e+00
8.023000000000000000e+03 -2.871241092681884766e+00
8.024000000000000000e+03 -2.885684967041015625e+00
8.025000000000000000e+03 -2.881010532379150391e+00
8.026000000000000000e+03 -2.861513376235961914e+00
8.027000000000000000e+03 -2.841793775558471680e+00
8.028000000000000000e+03 -2.892745971679687500e+00
8.029000000000000000e+03 -2.870645046234130859e+00
8.030000000000000000e+03 -2.862376451492309570e+00
8.031000000000000000e+03 -2.849984407424926758e+00
8.032000000000000000e+03 -2.858738422393798828e+00
8.033000000000000000e+03 -2.891524076461791992e+00
8.034000000000000000e+03 -2.862613439559936523e+00
8.035000000000000000e+03 -2.850934982299804688e+00
8.036000000000000000e+03 -2.866622686386108398e+00
8.037000000000000000e+03 -2.876792907714843750e+00
8.038000000000000000e+03 -2.882257461547851562e+00
8.039000000000000000e+03 -2.867887496948242188e+00
8.040000000000000000e+03 -2.930386304855346680e+00
8.041000000000000000e+03 -2.878144741058349609e+00
8.042000000000000000e+03 -2.820042133331298828e+00
8.043000000000000000e+03 -2.870949029922485352e+00
8.044000000000000000e+03 -2.903230667114257812e+00
8.045000000000000000e+03 -2.840792179107666016e+00
8.046000000000000000e+03 -2.840258598327636719e+00
8.047000000000000000e+03 -2.879997014999389648e+00
8.048000000000000000e+03 -2.861985683441162109e+00
8.049000000000000000e+03 -2.794582843780517578e+00
8.050000000000000000e+03 -2.870901823043823242e+00
8.051000000000000000e+03 -2.839602231979370117e+00
8.052000000000000000e+03 -2.823286294937133789e+00
8.053000000000000000e+03 -2.878363132476806641e+00
8.054000000000000000e+03 -2.868653774261474609e+00
8.055000000000000000e+03 -2.842876434326171875e+00
8.056000000000000000e+03 -2.888839483261108398e+00
8.057000000000000000e+03 -2.954255342483520508e+00
8.058000000000000000e+03 -2.892959356307983398e+00
8.059000000000000000e+03 -2.838062524795532227e+00
8.060000000000000000e+03 -2.829428195953369141e+00
8.061000000000000000e+03 -2.895120143890380859e+00
8.062000000000000000e+03 -2.875346183776855469e+00
8.063000000000000000e+03 -2.856634140014648438e+00
8.064000000000000000e+03 -2.887034654617309570e+00
8.065000000000000000e+03 -2.885419130325317383e+00
8.066000000000000000e+03 -2.870627880096435547e+00
8.067000000000000000e+03 -2.872997283935546875e+00
8.068000000000000000e+03 -2.909588575363159180e+00
8.069000000000000000e+03 -2.860818624496459961e+00
8.070000000000000000e+03 -2.901952505111694336e+00
8.071000000000000000e+03 -2.965799570083618164e+00
8.072000000000000000e+03 -2.926810741424560547e+00
8.073000000000000000e+03 -2.962108135223388672e+00
8.074000000000000000e+03 -2.913813829421997070e+00
8.075000000000000000e+03 -2.883146762847900391e+00
8.076000000000000000e+03 -2.864621639251708984e+00
8.077000000000000000e+03 -2.932988643646240234e+00
8.078000000000000000e+03 -2.892091035842895508e+00
8.079000000000000000e+03 -2.911688566207885742e+00
8.080000000000000000e+03 -2.915235280990600586e+00
8.081000000000000000e+03 -2.912151813507080078e+00
8.082000000000000000e+03 -2.899862766265869141e+00
8.083000000000000000e+03 -2.894129514694213867e+00
8.084000000000000000e+03 -2.881779670715332031e+00
8.085000000000000000e+03 -2.887745380401611328e+00
8.086000000000000000e+03 -2.839679002761840820e+00
8.087000000000000000e+03 -2.796804428100585938e+00
8.088000000000000000e+03 -2.865282773971557617e+00
8.089000000000000000e+03 -2.882857799530029297e+00
8.090000000000000000e+03 -2.839670181274414062e+00
8.091000000000000000e+03 -2.867937088012695312e+00
8.092000000000000000e+03 -2.863171815872192383e+00
8.093000000000000000e+03 -2.848376989364624023e+00
8.094000000000000000e+03 -2.857644557952880859e+00
8.095000000000000000e+03 -2.853461265563964844e+00
8.096000000000000000e+03 -2.833554029464721680e+00
8.097000000000000000e+03 -2.881094694137573242e+00
8.098000000000000000e+03 -2.882819414138793945e+00
8.099000000000000000e+03 -2.860783576965332031e+00
8.100000000000000000e+03 -2.915548086166381836e+00
8.101000000000000000e+03 -2.904183626174926758e+00
8.102000000000000000e+03 -2.894912004470825195e+00
8.103000000000000000e+03 -2.868203639984130859e+00
8.104000000000000000e+03 -2.905012130737304688e+00
8.105000000000000000e+03 -2.854059219360351562e+00
8.106000000000000000e+03 -2.902526140213012695e+00
8.107000000000000000e+03 -2.914691448211669922e+00
8.108000000000000000e+03 -2.911787271499633789e+00
8.109000000000000000e+03 -2.910753011703491211e+00
8.110000000000000000e+03 -2.868290901184082031e+00
8.111000000000000000e+03 -2.894783258438110352e+00
8.112000000000000000e+03 -2.891729354858398438e+00
8.113000000000000000e+03 -2.893908977508544922e+00
8.114000000000000000e+03 -2.917140722274780273e+00
8.115000000000000000e+03 -2.946161985397338867e+00
8.116000000000000000e+03 -2.869234561920166016e+00
8.117000000000000000e+03 -2.980549573898315430e+00
8.118000000000000000e+03 -2.866190910339355469e+00
8.119000000000000000e+03 -2.908554077148437500e+00
8.120000000000000000e+03 -2.985335826873779297e+00
8.121000000000000000e+03 -2.899776220321655273e+00
8.122000000000000000e+03 -2.916507959365844727e+00
8.123000000000000000e+03 -2.926686286926269531e+00
8.124000000000000000e+03 -2.955807685852050781e+00
8.125000000000000000e+03 -2.934027910232543945e+00
8.126000000000000000e+03 -2.911246299743652344e+00
8.127000000000000000e+03 -2.941732883453369141e+00
8.128000000000000000e+03 -2.886350393295288086e+00
8.129000000000000000e+03 -2.884181737899780273e+00
8.130000000000000000e+03 -2.912073135375976562e+00
8.131000000000000000e+03 -2.858989953994750977e+00
8.132000000000000000e+03 -2.912995576858520508e+00
8.133000000000000000e+03 -2.931795358657836914e+00
8.134000000000000000e+03 -2.952456474304199219e+00
8.135000000000000000e+03 -2.877045869827270508e+00
8.136000000000000000e+03 -2.910213470458984375e+00
8.137000000000000000e+03 -2.901249408721923828e+00
8.138000000000000000e+03 -2.897726535797119141e+00
8.139000000000000000e+03 -2.863574981689453125e+00
8.140000000000000000e+03 -2.884781122207641602e+00
8.141000000000000000e+03 -2.855675697326660156e+00
8.142000000000000000e+03 -2.910412073135375977e+00
8.143000000000000000e+03 -2.861321210861206055e+00
8.144000000000000000e+03 -2.870686054229736328e+00
8.145000000000000000e+03 -2.817705869674682617e+00
8.146000000000000000e+03 -2.809704542160034180e+00
8.147000000000000000e+03 -2.861531734466552734e+00
8.148000000000000000e+03 -2.879800796508789062e+00
8.149000000000000000e+03 -2.864810466766357422e+00
8.150000000000000000e+03 -2.857777357101440430e+00
8.151000000000000000e+03 -2.846567153930664062e+00
8.152000000000000000e+03 -2.846853733062744141e+00
8.153000000000000000e+03 -2.872643470764160156e+00
8.154000000000000000e+03 -2.931478977203369141e+00
8.155000000000000000e+03 -2.884721040725708008e+00
8.156000000000000000e+03 -2.862071037292480469e+00
8.157000000000000000e+03 -2.928090095520019531e+00
8.158000000000000000e+03 -2.920840740203857422e+00
8.159000000000000000e+03 -2.862626075744628906e+00
8.160000000000000000e+03 -2.896089553833007812e+00
8.161000000000000000e+03 -2.901382446289062500e+00
8.162000000000000000e+03 -2.922532081604003906e+00
8.163000000000000000e+03 -2.881149053573608398e+00
8.164000000000000000e+03 -2.916998624801635742e+00
8.165000000000000000e+03 -2.934102773666381836e+00
8.166000000000000000e+03 -2.920725822448730469e+00
8.167000000000000000e+03 -2.920677661895751953e+00
8.168000000000000000e+03 -2.936596155166625977e+00
8.169000000000000000e+03 -2.898187398910522461e+00
8.170000000000000000e+03 -2.944649457931518555e+00
8.171000000000000000e+03 -2.916598320007324219e+00
8.172000000000000000e+03 -2.870631933212280273e+00
8.173000000000000000e+03 -2.903002262115478516e+00
8.174000000000000000e+03 -2.871937990188598633e+00
8.175000000000000000e+03 -2.894478082656860352e+00
8.176000000000000000e+03 -2.892518520355224609e+00
8.177000000000000000e+03 -2.913668632507324219e+00
8.178000000000000000e+03 -2.889230251312255859e+00
8.179000000000000000e+03 -2.919538974761962891e+00
8.180000000000000000e+03 -2.936400651931762695e+00
8.181000000000000000e+03 -2.983144044876098633e+00
8.182000000000000000e+03 -2.909054994583129883e+00
8.183000000000000000e+03 -2.883689165115356445e+00
8.184000000000000000e+03 -2.974179983139038086e+00
8.185000000000000000e+03 -2.920352220535278320e+00
8.186000000000000000e+03 -2.978774309158325195e+00
8.187000000000000000e+03 -2.918941736221313477e+00
8.188000000000000000e+03 -2.940228462219238281e+00
8.189000000000000000e+03 -2.957501888275146484e+00
8.190000000000000000e+03 -2.969278573989868164e+00
8.191000000000000000e+03 -2.946783065795898438e+00
8.192000000000000000e+03 -2.909483671188354492e+00
8.193000000000000000e+03 -2.934087991714477539e+00
8.194000000000000000e+03 -2.931772708892822266e+00
8.195000000000000000e+03 -2.892676830291748047e+00
8.196000000000000000e+03 -2.892302751541137695e+00
8.197000000000000000e+03 -2.943038702011108398e+00
8.198000000000000000e+03 -2.922999858856201172e+00
8.199000000000000000e+03 -2.955848693847656250e+00
8.200000000000000000e+03 -2.932936191558837891e+00
8.201000000000000000e+03 -2.917717695236206055e+00
8.202000000000000000e+03 -2.958387851715087891e+00
8.203000000000000000e+03 -2.958727121353149414e+00
8.204000000000000000e+03 -2.921298742294311523e+00
8.205000000000000000e+03 -2.941831588745117188e+00
8.206000000000000000e+03 -2.910884618759155273e+00
8.207000000000000000e+03 -2.908529281616210938e+00
8.208000000000000000e+03 -2.927194595336914062e+00
8.209000000000000000e+03 -2.877139329910278320e+00
8.210000000000000000e+03 -2.891638994216918945e+00
8.211000000000000000e+03 -2.946166992187500000e+00
8.212000000000000000e+03 -2.928787708282470703e+00
8.213000000000000000e+03 -2.907795429229736328e+00
8.214000000000000000e+03 -2.951916694641113281e+00
8.215000000000000000e+03 -2.945843458175659180e+00
8.216000000000000000e+03 -2.921694755554199219e+00
8.217000000000000000e+03 -2.907736063003540039e+00
8.218000000000000000e+03 -2.916553497314453125e+00
8.219000000000000000e+03 -2.902650117874145508e+00
8.220000000000000000e+03 -2.911666631698608398e+00
8.221000000000000000e+03 -2.883104324340820312e+00
8.222000000000000000e+03 -2.865630388259887695e+00
8.223000000000000000e+03 -2.900960922241210938e+00
8.224000000000000000e+03 -2.903988361358642578e+00
8.225000000000000000e+03 -2.891851902008056641e+00
8.226000000000000000e+03 -2.886442661285400391e+00
8.227000000000000000e+03 -2.908036947250366211e+00
8.228000000000000000e+03 -2.892198085784912109e+00
8.229000000000000000e+03 -2.878370761871337891e+00
8.230000000000000000e+03 -2.874956369400024414e+00
8.231000000000000000e+03 -2.914571285247802734e+00
8.232000000000000000e+03 -2.820762157440185547e+00
8.233000000000000000e+03 -2.871258497238159180e+00
8.234000000000000000e+03 -2.881983280181884766e+00
8.235000000000000000e+03 -2.882663965225219727e+00
8.236000000000000000e+03 -2.925009012222290039e+00
8.237000000000000000e+03 -2.919380903244018555e+00
8.238000000000000000e+03 -2.906912088394165039e+00
8.239000000000000000e+03 -2.931236028671264648e+00
8.240000000000000000e+03 -2.908087015151977539e+00
8.241000000000000000e+03 -2.903155088424682617e+00
8.242000000000000000e+03 -2.902880191802978516e+00
8.243000000000000000e+03 -2.920249462127685547e+00
8.244000000000000000e+03 -2.884926319122314453e+00
8.245000000000000000e+03 -2.882405519485473633e+00
8.246000000000000000e+03 -2.927977561950683594e+00
8.247000000000000000e+03 -2.940968513488769531e+00
8.248000000000000000e+03 -2.896485328674316406e+00
8.249000000000000000e+03 -2.876842975616455078e+00
8.250000000000000000e+03 -2.906200408935546875e+00
8.251000000000000000e+03 -2.906517982482910156e+00
8.252000000000000000e+03 -2.926505088806152344e+00
8.253000000000000000e+03 -2.899230480194091797e+00
8.254000000000000000e+03 -2.882215499877929688e+00
8.255000000000000000e+03 -2.937653779983520508e+00
8.256000000000000000e+03 -2.909721136093139648e+00
8.257000000000000000e+03 -2.912142038345336914e+00
8.258000000000000000e+03 -2.916808605194091797e+00
8.259000000000000000e+03 -2.942912101745605469e+00
8.260000000000000000e+03 -2.939667224884033203e+00
8.261000000000000000e+03 -2.953008651733398438e+00
8.262000000000000000e+03 -2.936121702194213867e+00
8.263000000000000000e+03 -2.938960790634155273e+00
8.264000000000000000e+03 -2.973717689514160156e+00
8.265000000000000000e+03 -2.936980485916137695e+00
8.266000000000000000e+03 -2.965551137924194336e+00
8.267000000000000000e+03 -2.938546419143676758e+00
8.268000000000000000e+03 -2.995388507843017578e+00
8.269000000000000000e+03 -2.927795171737670898e+00
8.270000000000000000e+03 -2.895539283752441406e+00
8.271000000000000000e+03 -2.846765041351318359e+00
8.272000000000000000e+03 -2.867046594619750977e+00
8.273000000000000000e+03 -2.878848552703857422e+00
8.274000000000000000e+03 -2.847084283828735352e+00
8.275000000000000000e+03 -2.888589859008789062e+00
8.276000000000000000e+03 -2.850577592849731445e+00
8.277000000000000000e+03 -2.871705055236816406e+00
8.278000000000000000e+03 -2.865427494049072266e+00
8.279000000000000000e+03 -2.844336032867431641e+00
8.280000000000000000e+03 -2.891950368881225586e+00
8.281000000000000000e+03 -2.893098354339599609e+00
8.282000000000000000e+03 -2.921981334686279297e+00
8.283000000000000000e+03 -2.854890346527099609e+00
8.284000000000000000e+03 -2.879676818847656250e+00
8.285000000000000000e+03 -2.851984024047851562e+00
8.286000000000000000e+03 -2.880744695663452148e+00
8.287000000000000000e+03 -2.855526924133300781e+00
8.288000000000000000e+03 -2.941010713577270508e+00
8.289000000000000000e+03 -2.951208591461181641e+00
8.290000000000000000e+03 -2.908224582672119141e+00
8.291000000000000000e+03 -2.863192558288574219e+00
8.292000000000000000e+03 -2.878859043121337891e+00
8.293000000000000000e+03 -2.832868337631225586e+00
8.294000000000000000e+03 -2.873312473297119141e+00
8.295000000000000000e+03 -2.865319490432739258e+00
8.296000000000000000e+03 -2.876790046691894531e+00
8.297000000000000000e+03 -2.937075614929199219e+00
8.298000000000000000e+03 -2.861790895462036133e+00
8.299000000000000000e+03 -2.860504865646362305e+00
8.300000000000000000e+03 -2.896676778793334961e+00
8.301000000000000000e+03 -2.844365119934082031e+00
8.302000000000000000e+03 -2.907856941223144531e+00
8.303000000000000000e+03 -2.936376333236694336e+00
8.304000000000000000e+03 -2.928760528564453125e+00
8.305000000000000000e+03 -2.895245313644409180e+00
8.306000000000000000e+03 -2.895688772201538086e+00
8.307000000000000000e+03 -2.885129928588867188e+00
8.308000000000000000e+03 -2.845661640167236328e+00
8.309000000000000000e+03 -2.869573593139648438e+00
8.310000000000000000e+03 -2.874645709991455078e+00
8.311000000000000000e+03 -2.888184309005737305e+00
8.312000000000000000e+03 -2.877831935882568359e+00
8.313000000000000000e+03 -2.875850915908813477e+00
8.314000000000000000e+03 -2.849734306335449219e+00
8.315000000000000000e+03 -2.809875011444091797e+00
8.316000000000000000e+03 -2.860220670700073242e+00
8.317000000000000000e+03 -2.859042882919311523e+00
8.318000000000000000e+03 -2.841193914413452148e+00
8.319000000000000000e+03 -2.835729360580444336e+00
8.320000000000000000e+03 -2.863832235336303711e+00
8.321000000000000000e+03 -2.877790689468383789e+00
8.322000000000000000e+03 -2.880783081054687500e+00
8.323000000000000000e+03 -2.856487512588500977e+00
8.324000000000000000e+03 -2.861308097839355469e+00
8.325000000000000000e+03 -2.912872076034545898e+00
8.326000000000000000e+03 -2.869702816009521484e+00
8.327000000000000000e+03 -2.868342161178588867e+00
8.328000000000000000e+03 -2.858992099761962891e+00
8.329000000000000000e+03 -2.864309549331665039e+00
8.330000000000000000e+03 -2.887254238128662109e+00
8.331000000000000000e+03 -2.871464014053344727e+00
8.332000000000000000e+03 -2.901303291320800781e+00
8.333000000000000000e+03 -2.875425577163696289e+00
8.334000000000000000e+03 -2.872308731079101562e+00
8.335000000000000000e+03 -2.863952636718750000e+00
8.336000000000000000e+03 -2.873167037963867188e+00
8.337000000000000000e+03 -2.851980924606323242e+00
8.338000000000000000e+03 -2.924422740936279297e+00
8.339000000000000000e+03 -2.871091604232788086e+00
8.340000000000000000e+03 -2.920770883560180664e+00
8.341000000000000000e+03 -2.877770185470581055e+00
8.342000000000000000e+03 -2.882538557052612305e+00
8.343000000000000000e+03 -2.900232791900634766e+00
8.344000000000000000e+03 -2.930004119873046875e+00
8.345000000000000000e+03 -2.941658735275268555e+00
8.346000000000000000e+03 -2.902945756912231445e+00
8.347000000000000000e+03 -2.906741142272949219e+00
8.348000000000000000e+03 -2.928804636001586914e+00
8.349000000000000000e+03 -2.921106576919555664e+00
8.350000000000000000e+03 -2.928463459014892578e+00
8.351000000000000000e+03 -2.974815368652343750e+00
8.352000000000000000e+03 -2.865640878677368164e+00
8.353000000000000000e+03 -2.897572040557861328e+00
8.354000000000000000e+03 -2.888596534729003906e+00
8.355000000000000000e+03 -2.917954444885253906e+00
8.356000000000000000e+03 -2.948301315307617188e+00
8.357000000000000000e+03 -2.910124063491821289e+00
8.358000000000000000e+03 -2.939960479736328125e+00
8.359000000000000000e+03 -2.911079645156860352e+00
8.360000000000000000e+03 -2.908509731292724609e+00
8.361000000000000000e+03 -2.920167922973632812e+00
8.362000000000000000e+03 -2.933300018310546875e+00
8.363000000000000000e+03 -2.884775400161743164e+00
8.364000000000000000e+03 -2.852485656738281250e+00
8.365000000000000000e+03 -2.930231809616088867e+00
8.366000000000000000e+03 -2.924920082092285156e+00
8.367000000000000000e+03 -2.883418798446655273e+00
8.368000000000000000e+03 -2.892319679260253906e+00
8.369000000000000000e+03 -2.893696784973144531e+00
8.370000000000000000e+03 -2.884227752685546875e+00
8.371000000000000000e+03 -2.898592948913574219e+00
8.372000000000000000e+03 -2.903779983520507812e+00
8.373000000000000000e+03 -2.972884416580200195e+00
8.374000000000000000e+03 -2.935820817947387695e+00
8.375000000000000000e+03 -2.954189538955688477e+00
8.376000000000000000e+03 -2.928010463714599609e+00
8.377000000000000000e+03 -2.900048971176147461e+00
8.378000000000000000e+03 -2.976098299026489258e+00
8.379000000000000000e+03 -2.947382926940917969e+00
8.380000000000000000e+03 -2.924294710159301758e+00
8.381000000000000000e+03 -2.928171157836914062e+00
8.382000000000000000e+03 -2.919767618179321289e+00
8.383000000000000000e+03 -2.881492137908935547e+00
8.384000000000000000e+03 -2.936029672622680664e+00
8.385000000000000000e+03 -2.927714824676513672e+00
8.386000000000000000e+03 -2.933961153030395508e+00
8.387000000000000000e+03 -2.932008743286132812e+00
8.388000000000000000e+03 -2.902609348297119141e+00
8.389000000000000000e+03 -2.953444957733154297e+00
8.390000000000000000e+03 -2.968019008636474609e+00
8.391000000000000000e+03 -2.960170745849609375e+00
8.392000000000000000e+03 -2.979587316513061523e+00
8.393000000000000000e+03 -2.936826944351196289e+00
8.394000000000000000e+03 -2.872139930725097656e+00
8.395000000000000000e+03 -2.921111822128295898e+00
8.396000000000000000e+03 -2.909218072891235352e+00
8.397000000000000000e+03 -2.889052391052246094e+00
8.398000000000000000e+03 -2.904790639877319336e+00
8.399000000000000000e+03 -2.895967245101928711e+00
8.400000000000000000e+03 -2.878483772277832031e+00
8.401000000000000000e+03 -2.894243717193603516e+00
8.402000000000000000e+03 -2.853685140609741211e+00
8.403000000000000000e+03 -2.866991519927978516e+00
8.404000000000000000e+03 -2.850784778594970703e+00
8.405000000000000000e+03 -2.903527975082397461e+00
8.406000000000000000e+03 -2.882287502288818359e+00
8.407000000000000000e+03 -2.896107196807861328e+00
8.408000000000000000e+03 -2.861205577850341797e+00
8.409000000000000000e+03 -2.849925756454467773e+00
8.410000000000000000e+03 -2.837313413619995117e+00
8.411000000000000000e+03 -2.859705448150634766e+00
8.412000000000000000e+03 -2.887596607208251953e+00
8.413000000000000000e+03 -2.892815351486206055e+00
8.414000000000000000e+03 -2.894524097442626953e+00
8.415000000000000000e+03 -2.880996704101562500e+00
8.416000000000000000e+03 -2.835705995559692383e+00
8.417000000000000000e+03 -2.909280061721801758e+00
8.418000000000000000e+03 -2.863816499710083008e+00
8.419000000000000000e+03 -2.833996295928955078e+00
8.420000000000000000e+03 -2.901551246643066406e+00
8.421000000000000000e+03 -2.912100791931152344e+00
8.422000000000000000e+03 -2.910192966461181641e+00
8.423000000000000000e+03 -2.840968132019042969e+00
8.424000000000000000e+03 -2.864209175109863281e+00
8.425000000000000000e+03 -2.881769180297851562e+00
8.426000000000000000e+03 -2.846070528030395508e+00
8.427000000000000000e+03 -2.838878393173217773e+00
8.428000000000000000e+03 -2.824876070022583008e+00
8.429000000000000000e+03 -2.842933654785156250e+00
8.430000000000000000e+03 -2.870741844177246094e+00
8.431000000000000000e+03 -2.876890897750854492e+00
8.432000000000000000e+03 -2.867446422576904297e+00
8.433000000000000000e+03 -2.871335506439208984e+00
8.434000000000000000e+03 -2.883441686630249023e+00
8.435000000000000000e+03 -2.856409788131713867e+00
8.436000000000000000e+03 -2.881896972656250000e+00
8.437000000000000000e+03 -2.922195911407470703e+00
8.438000000000000000e+03 -2.869079828262329102e+00
8.439000000000000000e+03 -2.906290054321289062e+00
8.440000000000000000e+03 -2.883344411849975586e+00
8.441000000000000000e+03 -2.889976263046264648e+00
8.442000000000000000e+03 -2.900028944015502930e+00
8.443000000000000000e+03 -2.917977333068847656e+00
8.444000000000000000e+03 -2.862421035766601562e+00
8.445000000000000000e+03 -2.892195224761962891e+00
8.446000000000000000e+03 -2.874845981597900391e+00
8.447000000000000000e+03 -2.846472978591918945e+00
8.448000000000000000e+03 -2.871788263320922852e+00
8.449000000000000000e+03 -2.844069957733154297e+00
8.450000000000000000e+03 -2.807459115982055664e+00
8.451000000000000000e+03 -2.852039098739624023e+00
8.452000000000000000e+03 -2.888561964035034180e+00
8.453000000000000000e+03 -2.869004726409912109e+00
8.454000000000000000e+03 -2.876319885253906250e+00
8.455000000000000000e+03 -2.831601619720458984e+00
8.456000000000000000e+03 -2.813866138458251953e+00
8.457000000000000000e+03 -2.835598230361938477e+00
8.458000000000000000e+03 -2.875635385513305664e+00
8.459000000000000000e+03 -2.894252300262451172e+00
8.460000000000000000e+03 -2.870078802108764648e+00
8.461000000000000000e+03 -2.840148448944091797e+00
8.462000000000000000e+03 -2.860094070434570312e+00
8.463000000000000000e+03 -2.912884712219238281e+00
8.464000000000000000e+03 -2.873396873474121094e+00
8.465000000000000000e+03 -2.866912126541137695e+00
8.466000000000000000e+03 -2.858187675476074219e+00
8.467000000000000000e+03 -2.897415876388549805e+00
8.468000000000000000e+03 -2.898008108139038086e+00
8.469000000000000000e+03 -2.886038064956665039e+00
8.470000000000000000e+03 -2.902780771255493164e+00
8.471000000000000000e+03 -2.852736473083496094e+00
8.472000000000000000e+03 -2.863106250762939453e+00
8.473000000000000000e+03 -2.872256755828857422e+00
8.474000000000000000e+03 -2.923946380615234375e+00
8.475000000000000000e+03 -2.884865045547485352e+00
8.476000000000000000e+03 -2.856153964996337891e+00
8.477000000000000000e+03 -2.853797912597656250e+00
8.478000000000000000e+03 -2.856606960296630859e+00
8.479000000000000000e+03 -2.879924297332763672e+00
8.480000000000000000e+03 -2.895820140838623047e+00
8.481000000000000000e+03 -2.875569820404052734e+00
8.482000000000000000e+03 -2.859329223632812500e+00
8.483000000000000000e+03 -2.837558507919311523e+00
8.484000000000000000e+03 -2.840511322021484375e+00
8.485000000000000000e+03 -2.895429372787475586e+00
8.486000000000000000e+03 -2.866330385208129883e+00
8.487000000000000000e+03 -2.920976161956787109e+00
8.488000000000000000e+03 -2.884652137756347656e+00
8.489000000000000000e+03 -2.870969057083129883e+00
8.490000000000000000e+03 -2.886890888214111328e+00
8.491000000000000000e+03 -2.892404079437255859e+00
8.492000000000000000e+03 -2.884027481079101562e+00
8.493000000000000000e+03 -2.884250879287719727e+00
8.494000000000000000e+03 -2.902485847473144531e+00
8.495000000000000000e+03 -2.831080198287963867e+00
8.496000000000000000e+03 -2.866439104080200195e+00
8.497000000000000000e+03 -2.826299190521240234e+00
8.498000000000000000e+03 -2.828117370605468750e+00
8.499000000000000000e+03 -2.882100105285644531e+00
8.500000000000000000e+03 -2.874297380447387695e+00
8.501000000000000000e+03 -2.865146875381469727e+00
8.502000000000000000e+03 -2.878546714782714844e+00
8.503000000000000000e+03 -2.890643358230590820e+00
8.504000000000000000e+03 -2.900024414062500000e+00
8.505000000000000000e+03 -2.857463836669921875e+00
8.506000000000000000e+03 -2.838530778884887695e+00
8.507000000000000000e+03 -2.815107107162475586e+00
8.508000000000000000e+03 -2.871488332748413086e+00
8.509000000000000000e+03 -2.887377500534057617e+00
8.510000000000000000e+03 -2.889303922653198242e+00
8.511000000000000000e+03 -2.930621385574340820e+00
8.512000000000000000e+03 -2.860052108764648438e+00
8.513000000000000000e+03 -2.905508041381835938e+00
8.514000000000000000e+03 -2.889328241348266602e+00
8.515000000000000000e+03 -2.891467571258544922e+00
8.516000000000000000e+03 -2.881400108337402344e+00
8.517000000000000000e+03 -2.921898841857910156e+00
8.518000000000000000e+03 -2.903779268264770508e+00
8.519000000000000000e+03 -2.900755643844604492e+00
8.520000000000000000e+03 -2.929978847503662109e+00
8.521000000000000000e+03 -2.882681608200073242e+00
8.522000000000000000e+03 -2.888442993164062500e+00
8.523000000000000000e+03 -2.866696357727050781e+00
8.524000000000000000e+03 -2.847746849060058594e+00
8.525000000000000000e+03 -2.891034603118896484e+00
8.526000000000000000e+03 -2.862859010696411133e+00
8.527000000000000000e+03 -2.891482591629028320e+00
8.528000000000000000e+03 -2.909757137298583984e+00
8.529000000000000000e+03 -2.854573249816894531e+00
8.530000000000000000e+03 -2.837210416793823242e+00
8.531000000000000000e+03 -2.928651094436645508e+00
8.532000000000000000e+03 -2.849423885345458984e+00
8.533000000000000000e+03 -2.892992496490478516e+00
8.534000000000000000e+03 -2.859607219696044922e+00
8.535000000000000000e+03 -2.832139968872070312e+00
8.536000000000000000e+03 -2.878729104995727539e+00
8.537000000000000000e+03 -2.904137134552001953e+00
8.538000000000000000e+03 -2.857100248336791992e+00
8.539000000000000000e+03 -2.836031913757324219e+00
8.540000000000000000e+03 -2.823980569839477539e+00
8.541000000000000000e+03 -2.825713157653808594e+00
8.542000000000000000e+03 -2.830242633819580078e+00
8.543000000000000000e+03 -2.865783452987670898e+00
8.544000000000000000e+03 -2.888958930969238281e+00
8.545000000000000000e+03 -2.840792417526245117e+00
8.546000000000000000e+03 -2.843459129333496094e+00
8.547000000000000000e+03 -2.871243000030517578e+00
8.548000000000000000e+03 -2.872275829315185547e+00
8.549000000000000000e+03 -2.897571325302124023e+00
8.550000000000000000e+03 -2.907495260238647461e+00
8.551000000000000000e+03 -2.866164922714233398e+00
8.552000000000000000e+03 -2.915061712265014648e+00
8.553000000000000000e+03 -2.903157711029052734e+00
8.554000000000000000e+03 -2.863403081893920898e+00
8.555000000000000000e+03 -2.897204160690307617e+00
8.556000000000000000e+03 -2.918695449829101562e+00
8.557000000000000000e+03 -2.952193975448608398e+00
8.558000000000000000e+03 -2.968673706054687500e+00
8.559000000000000000e+03 -2.892970085144042969e+00
8.560000000000000000e+03 -2.888427734375000000e+00
8.561000000000000000e+03 -2.916031837463378906e+00
8.562000000000000000e+03 -2.911760568618774414e+00
8.563000000000000000e+03 -2.885611534118652344e+00
8.564000000000000000e+03 -2.832704544067382812e+00
8.565000000000000000e+03 -2.867119550704956055e+00
8.566000000000000000e+03 -2.897534370422363281e+00
8.567000000000000000e+03 -2.898980379104614258e+00
8.568000000000000000e+03 -2.847215652465820312e+00
8.569000000000000000e+03 -2.860075473785400391e+00
8.570000000000000000e+03 -2.886175394058227539e+00
8.571000000000000000e+03 -2.804640054702758789e+00
8.572000000000000000e+03 -2.894495964050292969e+00
8.573000000000000000e+03 -2.890854120254516602e+00
8.574000000000000000e+03 -2.828802347183227539e+00
8.575000000000000000e+03 -2.817319631576538086e+00
8.576000000000000000e+03 -2.863736629486083984e+00
8.577000000000000000e+03 -2.886700153350830078e+00
8.578000000000000000e+03 -2.937205314636230469e+00
8.579000000000000000e+03 -2.975866794586181641e+00
8.580000000000000000e+03 -2.934749126434326172e+00
8.581000000000000000e+03 -2.940922498703002930e+00
8.582000000000000000e+03 -2.940553903579711914e+00
8.583000000000000000e+03 -2.909000873565673828e+00
8.584000000000000000e+03 -2.905044794082641602e+00
8.585000000000000000e+03 -2.872468471527099609e+00
8.586000000000000000e+03 -2.941318988800048828e+00
8.587000000000000000e+03 -2.875446557998657227e+00
8.588000000000000000e+03 -2.918347597122192383e+00
8.589000000000000000e+03 -2.946671009063720703e+00
8.590000000000000000e+03 -2.959430217742919922e+00
8.591000000000000000e+03 -2.930196046829223633e+00
8.592000000000000000e+03 -2.951091527938842773e+00
8.593000000000000000e+03 -2.926550626754760742e+00
8.594000000000000000e+03 -2.936394691467285156e+00
8.595000000000000000e+03 -2.939528226852416992e+00
8.596000000000000000e+03 -2.935775756835937500e+00
8.597000000000000000e+03 -3.000913143157958984e+00
8.598000000000000000e+03 -2.964601278305053711e+00
8.599000000000000000e+03 -2.941190719604492188e+00
8.600000000000000000e+03 -2.914199352264404297e+00
8.601000000000000000e+03 -2.930131196975708008e+00
8.602000000000000000e+03 -2.927685260772705078e+00
8.603000000000000000e+03 -2.927259445190429688e+00
8.604000000000000000e+03 -2.925702810287475586e+00
8.605000000000000000e+03 -2.921661138534545898e+00
8.606000000000000000e+03 -2.926406383514404297e+00
8.607000000000000000e+03 -3.002271890640258789e+00
8.608000000000000000e+03 -3.039579391479492188e+00
8.609000000000000000e+03 -2.984802246093750000e+00
8.610000000000000000e+03 -2.929434299468994141e+00
8.611000000000000000e+03 -2.911066532135009766e+00
8.612000000000000000e+03 -2.912919282913208008e+00
8.613000000000000000e+03 -2.897356033325195312e+00
8.614000000000000000e+03 -2.892013311386108398e+00
8.615000000000000000e+03 -2.865431785583496094e+00
8.616000000000000000e+03 -2.857076168060302734e+00
8.617000000000000000e+03 -2.878931522369384766e+00
8.618000000000000000e+03 -2.879972696304321289e+00
8.619000000000000000e+03 -2.888361454010009766e+00
8.620000000000000000e+03 -2.822149515151977539e+00
8.621000000000000000e+03 -2.907629966735839844e+00
8.622000000000000000e+03 -2.940107107162475586e+00
8.623000000000000000e+03 -2.909887552261352539e+00
8.624000000000000000e+03 -2.869404554367065430e+00
8.625000000000000000e+03 -2.922068357467651367e+00
8.626000000000000000e+03 -2.944989204406738281e+00
8.627000000000000000e+03 -2.916036367416381836e+00
8.628000000000000000e+03 -2.901213645935058594e+00
8.629000000000000000e+03 -2.920635938644409180e+00
8.630000000000000000e+03 -2.912922859191894531e+00
8.631000000000000000e+03 -2.882761478424072266e+00
8.632000000000000000e+03 -2.908538103103637695e+00
8.633000000000000000e+03 -2.900725603103637695e+00
8.634000000000000000e+03 -2.910671234130859375e+00
8.635000000000000000e+03 -2.897222042083740234e+00
8.636000000000000000e+03 -2.829958677291870117e+00
8.637000000000000000e+03 -2.879344224929809570e+00
8.638000000000000000e+03 -2.910317659378051758e+00
8.639000000000000000e+03 -2.869647741317749023e+00
8.640000000000000000e+03 -2.892198801040649414e+00
8.641000000000000000e+03 -2.929471969604492188e+00
8.642000000000000000e+03 -2.937869071960449219e+00
8.643000000000000000e+03 -2.927621603012084961e+00
8.644000000000000000e+03 -2.935510635375976562e+00
8.645000000000000000e+03 -2.950497865676879883e+00
8.646000000000000000e+03 -2.940675973892211914e+00
8.647000000000000000e+03 -2.913410902023315430e+00
8.648000000000000000e+03 -2.876300096511840820e+00
8.649000000000000000e+03 -2.908487081527709961e+00
8.650000000000000000e+03 -2.917229413986206055e+00
8.651000000000000000e+03 -2.911677360534667969e+00
8.652000000000000000e+03 -2.918996572494506836e+00
8.653000000000000000e+03 -2.908442020416259766e+00
8.654000000000000000e+03 -2.831333637237548828e+00
8.655000000000000000e+03 -2.841665983200073242e+00
8.656000000000000000e+03 -2.890901327133178711e+00
8.657000000000000000e+03 -2.908760786056518555e+00
8.658000000000000000e+03 -2.897823333740234375e+00
8.659000000000000000e+03 -2.925953149795532227e+00
8.660000000000000000e+03 -2.912049770355224609e+00
8.661000000000000000e+03 -2.861400604248046875e+00
8.662000000000000000e+03 -2.862962722778320312e+00
8.663000000000000000e+03 -2.868770122528076172e+00
8.664000000000000000e+03 -2.838732719421386719e+00
8.665000000000000000e+03 -2.835873126983642578e+00
8.666000000000000000e+03 -2.828923225402832031e+00
8.667000000000000000e+03 -2.855330944061279297e+00
8.668000000000000000e+03 -2.919676303863525391e+00
8.669000000000000000e+03 -2.828034400939941406e+00
8.670000000000000000e+03 -2.836607456207275391e+00
8.671000000000000000e+03 -2.838686943054199219e+00
8.672000000000000000e+03 -2.896185636520385742e+00
8.673000000000000000e+03 -2.881607055664062500e+00
8.674000000000000000e+03 -2.857749223709106445e+00
8.675000000000000000e+03 -2.852601051330566406e+00
8.676000000000000000e+03 -2.891000270843505859e+00
8.677000000000000000e+03 -2.880824565887451172e+00
8.678000000000000000e+03 -2.907984018325805664e+00
8.679000000000000000e+03 -2.884536504745483398e+00
8.680000000000000000e+03 -2.924960374832153320e+00
8.681000000000000000e+03 -2.878378868103027344e+00
8.682000000000000000e+03 -2.825025558471679688e+00
8.683000000000000000e+03 -2.871302366256713867e+00
8.684000000000000000e+03 -2.846043586730957031e+00
8.685000000000000000e+03 -2.827939271926879883e+00
8.686000000000000000e+03 -2.869400262832641602e+00
8.687000000000000000e+03 -2.907888650894165039e+00
8.688000000000000000e+03 -2.879981517791748047e+00
8.689000000000000000e+03 -2.856269121170043945e+00
8.690000000000000000e+03 -2.835995197296142578e+00
8.691000000000000000e+03 -2.816153287887573242e+00
8.692000000000000000e+03 -2.851803779602050781e+00
8.693000000000000000e+03 -2.865240335464477539e+00
8.694000000000000000e+03 -2.855305433273315430e+00
8.695000000000000000e+03 -2.842168569564819336e+00
8.696000000000000000e+03 -2.824115037918090820e+00
8.697000000000000000e+03 -2.888166904449462891e+00
8.698000000000000000e+03 -2.908573865890502930e+00
8.699000000000000000e+03 -2.893074989318847656e+00
8.700000000000000000e+03 -2.885271549224853516e+00
8.701000000000000000e+03 -2.836190700531005859e+00
8.702000000000000000e+03 -2.860858917236328125e+00
8.703000000000000000e+03 -2.867142200469970703e+00
8.704000000000000000e+03 -2.917484521865844727e+00
8.705000000000000000e+03 -2.905088186264038086e+00
8.706000000000000000e+03 -2.868828058242797852e+00
8.707000000000000000e+03 -2.874683380126953125e+00
8.708000000000000000e+03 -2.898102760314941406e+00
8.709000000000000000e+03 -2.898757457733154297e+00
8.710000000000000000e+03 -2.907344818115234375e+00
8.711000000000000000e+03 -2.902472972869873047e+00
8.712000000000000000e+03 -2.871212959289550781e+00
8.713000000000000000e+03 -2.888566970825195312e+00
8.714000000000000000e+03 -2.855041265487670898e+00
8.715000000000000000e+03 -2.893113613128662109e+00
8.716000000000000000e+03 -2.902251720428466797e+00
8.717000000000000000e+03 -2.881825923919677734e+00
8.718000000000000000e+03 -2.896128892898559570e+00
8.719000000000000000e+03 -2.858984470367431641e+00
8.720000000000000000e+03 -2.878144025802612305e+00
8.721000000000000000e+03 -2.809712171554565430e+00
8.722000000000000000e+03 -2.791353225708007812e+00
8.723000000000000000e+03 -2.850748062133789062e+00
8.724000000000000000e+03 -2.866961002349853516e+00
8.725000000000000000e+03 -2.906646490097045898e+00
8.726000000000000000e+03 -2.864150524139404297e+00
8.727000000000000000e+03 -2.843491792678833008e+00
8.728000000000000000e+03 -2.889979839324951172e+00
8.729000000000000000e+03 -2.932856798171997070e+00
8.730000000000000000e+03 -2.889225959777832031e+00
8.731000000000000000e+03 -2.888120174407958984e+00
8.732000000000000000e+03 -2.946470737457275391e+00
8.733000000000000000e+03 -2.923347949981689453e+00
8.734000000000000000e+03 -2.915071725845336914e+00
8.735000000000000000e+03 -2.871404170989990234e+00
8.736000000000000000e+03 -2.930971860885620117e+00
8.737000000000000000e+03 -2.920187234878540039e+00
8.738000000000000000e+03 -2.927037715911865234e+00
8.739000000000000000e+03 -2.965445280075073242e+00
8.740000000000000000e+03 -2.920590162277221680e+00
8.741000000000000000e+03 -2.949910879135131836e+00
8.742000000000000000e+03 -2.874224901199340820e+00
8.743000000000000000e+03 -2.889607429504394531e+00
8.744000000000000000e+03 -2.920723438262939453e+00
8.745000000000000000e+03 -2.959825992584228516e+00
8.746000000000000000e+03 -2.896330833435058594e+00
8.747000000000000000e+03 -2.924970865249633789e+00
8.748000000000000000e+03 -2.896670818328857422e+00
8.749000000000000000e+03 -2.857699155807495117e+00
8.750000000000000000e+03 -2.870757102966308594e+00
8.751000000000000000e+03 -2.851682424545288086e+00
8.752000000000000000e+03 -2.883254528045654297e+00
8.753000000000000000e+03 -2.900837898254394531e+00
8.754000000000000000e+03 -2.886975765228271484e+00
8.755000000000000000e+03 -2.871835231781005859e+00
8.756000000000000000e+03 -2.870065689086914062e+00
8.757000000000000000e+03 -2.875285625457763672e+00
8.758000000000000000e+03 -2.855838537216186523e+00
8.759000000000000000e+03 -2.860630989074707031e+00
8.760000000000000000e+03 -2.857373952865600586e+00
8.761000000000000000e+03 -2.885258913040161133e+00
8.762000000000000000e+03 -2.916678667068481445e+00
8.763000000000000000e+03 -2.935273170471191406e+00
8.764000000000000000e+03 -2.896155357360839844e+00
8.765000000000000000e+03 -2.936131000518798828e+00
8.766000000000000000e+03 -2.890852928161621094e+00
8.767000000000000000e+03 -2.926914215087890625e+00
8.768000000000000000e+03 -2.935850143432617188e+00
8.769000000000000000e+03 -2.915087938308715820e+00
8.770000000000000000e+03 -2.924767971038818359e+00
8.771000000000000000e+03 -2.916709661483764648e+00
8.772000000000000000e+03 -2.953878641128540039e+00
8.773000000000000000e+03 -2.930648088455200195e+00
8.774000000000000000e+03 -2.939602136611938477e+00
8.775000000000000000e+03 -2.962794780731201172e+00
8.776000000000000000e+03 -2.945531368255615234e+00
8.777000000000000000e+03 -2.965267658233642578e+00
8.778000000000000000e+03 -2.968744516372680664e+00
8.779000000000000000e+03 -2.917103767395019531e+00
8.780000000000000000e+03 -2.866896390914916992e+00
8.781000000000000000e+03 -2.921465158462524414e+00
8.782000000000000000e+03 -2.911772489547729492e+00
8.783000000000000000e+03 -2.907243967056274414e+00
8.784000000000000000e+03 -2.912588357925415039e+00
8.785000000000000000e+03 -2.902415990829467773e+00
8.786000000000000000e+03 -2.899487257003784180e+00
8.787000000000000000e+03 -2.942313194274902344e+00
8.788000000000000000e+03 -2.956774711608886719e+00
8.789000000000000000e+03 -2.911907911300659180e+00
8.790000000000000000e+03 -2.926649570465087891e+00
8.791000000000000000e+03 -2.933575153350830078e+00
8.792000000000000000e+03 -3.008853912353515625e+00
8.793000000000000000e+03 -2.965017557144165039e+00
8.794000000000000000e+03 -2.941076040267944336e+00
8.795000000000000000e+03 -2.934700012207031250e+00
8.796000000000000000e+03 -2.923805713653564453e+00
8.797000000000000000e+03 -2.967614889144897461e+00
8.798000000000000000e+03 -2.882840156555175781e+00
8.799000000000000000e+03 -2.859660625457763672e+00
8.800000000000000000e+03 -2.872501850128173828e+00
8.801000000000000000e+03 -2.898330688476562500e+00
8.802000000000000000e+03 -2.914704084396362305e+00
8.803000000000000000e+03 -2.926937580108642578e+00
8.804000000000000000e+03 -2.855014085769653320e+00
8.805000000000000000e+03 -2.904786586761474609e+00
8.806000000000000000e+03 -2.853322505950927734e+00
8.807000000000000000e+03 -2.951932668685913086e+00
8.808000000000000000e+03 -2.907495737075805664e+00
8.809000000000000000e+03 -2.907778978347778320e+00
8.810000000000000000e+03 -2.884401798248291016e+00
8.811000000000000000e+03 -2.895758867263793945e+00
8.812000000000000000e+03 -2.863225698471069336e+00
8.813000000000000000e+03 -2.893342018127441406e+00
8.814000000000000000e+03 -2.889636278152465820e+00
8.815000000000000000e+03 -2.895065307617187500e+00
8.816000000000000000e+03 -2.900679349899291992e+00
8.817000000000000000e+03 -2.911806106567382812e+00
8.818000000000000000e+03 -2.931570768356323242e+00
8.819000000000000000e+03 -2.916257858276367188e+00
8.820000000000000000e+03 -2.926146745681762695e+00
8.821000000000000000e+03 -2.957516908645629883e+00
8.822000000000000000e+03 -2.937845706939697266e+00
8.823000000000000000e+03 -2.911409854888916016e+00
8.824000000000000000e+03 -2.943380355834960938e+00
8.825000000000000000e+03 -2.928935050964355469e+00
8.826000000000000000e+03 -2.906816005706787109e+00
8.827000000000000000e+03 -2.869996070861816406e+00
8.828000000000000000e+03 -2.961449861526489258e+00
8.829000000000000000e+03 -2.893862485885620117e+00
8.830000000000000000e+03 -2.873637676239013672e+00
8.831000000000000000e+03 -2.905106067657470703e+00
8.832000000000000000e+03 -2.863212585449218750e+00
8.833000000000000000e+03 -2.850708007812500000e+00
8.834000000000000000e+03 -2.895179510116577148e+00
8.835000000000000000e+03 -2.906439304351806641e+00
8.836000000000000000e+03 -2.880049705505371094e+00
8.837000000000000000e+03 -2.901867389678955078e+00
8.838000000000000000e+03 -2.915019273757934570e+00
8.839000000000000000e+03 -2.906352996826171875e+00
8.840000000000000000e+03 -2.863040208816528320e+00
8.841000000000000000e+03 -2.917305707931518555e+00
8.842000000000000000e+03 -2.885959863662719727e+00
8.843000000000000000e+03 -2.874790906906127930e+00
8.844000000000000000e+03 -2.849304437637329102e+00
8.845000000000000000e+03 -2.879218339920043945e+00
8.846000000000000000e+03 -2.923293352127075195e+00
8.847000000000000000e+03 -2.917647123336791992e+00
8.848000000000000000e+03 -2.891286849975585938e+00
8.849000000000000000e+03 -2.920644283294677734e+00
8.850000000000000000e+03 -2.824042081832885742e+00
8.851000000000000000e+03 -2.874504566192626953e+00
8.852000000000000000e+03 -2.847089767456054688e+00
8.853000000000000000e+03 -2.826729536056518555e+00
8.854000000000000000e+03 -2.877447128295898438e+00
8.855000000000000000e+03 -2.871315479278564453e+00
8.856000000000000000e+03 -2.899011850357055664e+00
8.857000000000000000e+03 -2.959192752838134766e+00
8.858000000000000000e+03 -2.894331693649291992e+00
8.859000000000000000e+03 -2.893021106719970703e+00
8.860000000000000000e+03 -2.878193378448486328e+00
8.861000000000000000e+03 -2.910954236984252930e+00
8.862000000000000000e+03 -2.915526866912841797e+00
8.863000000000000000e+03 -2.913707971572875977e+00
8.864000000000000000e+03 -2.889710903167724609e+00
8.865000000000000000e+03 -2.885932207107543945e+00
8.866000000000000000e+03 -2.877319335937500000e+00
8.867000000000000000e+03 -2.909765720367431641e+00
8.868000000000000000e+03 -2.865025043487548828e+00
8.869000000000000000e+03 -2.916672229766845703e+00
8.870000000000000000e+03 -2.876113176345825195e+00
8.871000000000000000e+03 -2.920437335968017578e+00
8.872000000000000000e+03 -2.856988668441772461e+00
8.873000000000000000e+03 -2.874327421188354492e+00
8.874000000000000000e+03 -2.906241178512573242e+00
8.875000000000000000e+03 -2.940302133560180664e+00
8.876000000000000000e+03 -2.904839754104614258e+00
8.877000000000000000e+03 -2.905981540679931641e+00
8.878000000000000000e+03 -2.882994174957275391e+00
8.879000000000000000e+03 -2.878573417663574219e+00
8.880000000000000000e+03 -2.886864900588989258e+00
8.881000000000000000e+03 -2.861455440521240234e+00
8.882000000000000000e+03 -2.862617969512939453e+00
8.883000000000000000e+03 -2.885178565979003906e+00
8.884000000000000000e+03 -2.862745761871337891e+00
8.885000000000000000e+03 -2.888829231262207031e+00
8.886000000000000000e+03 -2.878177642822265625e+00
8.887000000000000000e+03 -2.870671749114990234e+00
8.888000000000000000e+03 -2.878978729248046875e+00
8.889000000000000000e+03 -2.934537410736083984e+00
8.890000000000000000e+03 -2.852057933807373047e+00
8.891000000000000000e+03 -2.896342039108276367e+00
8.892000000000000000e+03 -2.837364435195922852e+00
8.893000000000000000e+03 -2.863741397857666016e+00
8.894000000000000000e+03 -2.869163751602172852e+00
8.895000000000000000e+03 -2.884924650192260742e+00
8.896000000000000000e+03 -2.880187988281250000e+00
8.897000000000000000e+03 -2.904258966445922852e+00
8.898000000000000000e+03 -2.864362239837646484e+00
8.899000000000000000e+03 -2.856292247772216797e+00
8.900000000000000000e+03 -2.867743730545043945e+00
8.901000000000000000e+03 -2.878037691116333008e+00
8.902000000000000000e+03 -2.856870651245117188e+00
8.903000000000000000e+03 -2.888844013214111328e+00
8.904000000000000000e+03 -2.895684003829956055e+00
8.905000000000000000e+03 -2.862177371978759766e+00
8.906000000000000000e+03 -2.946348190307617188e+00
8.907000000000000000e+03 -2.867697954177856445e+00
8.908000000000000000e+03 -2.859232902526855469e+00
8.909000000000000000e+03 -2.882979154586791992e+00
8.910000000000000000e+03 -2.910535335540771484e+00
8.911000000000000000e+03 -2.861357688903808594e+00
8.912000000000000000e+03 -2.871457815170288086e+00
8.913000000000000000e+03 -2.870462417602539062e+00
8.914000000000000000e+03 -2.894573450088500977e+00
8.915000000000000000e+03 -2.867697238922119141e+00
8.916000000000000000e+03 -2.855266094207763672e+00
8.917000000000000000e+03 -2.880463123321533203e+00
8.918000000000000000e+03 -2.903798580169677734e+00
8.919000000000000000e+03 -2.909703016281127930e+00
8.920000000000000000e+03 -2.877702713012695312e+00
8.921000000000000000e+03 -2.965754270553588867e+00
8.922000000000000000e+03 -2.945708036422729492e+00
8.923000000000000000e+03 -2.956912994384765625e+00
8.924000000000000000e+03 -2.938792943954467773e+00
8.925000000000000000e+03 -2.918244123458862305e+00
8.926000000000000000e+03 -2.970187902450561523e+00
8.927000000000000000e+03 -2.892434120178222656e+00
8.928000000000000000e+03 -2.907007932662963867e+00
8.929000000000000000e+03 -2.911607027053833008e+00
8.930000000000000000e+03 -2.900515556335449219e+00
8.931000000000000000e+03 -2.897194147109985352e+00
8.932000000000000000e+03 -2.885954618453979492e+00
8.933000000000000000e+03 -2.884589195251464844e+00
8.934000000000000000e+03 -2.894651174545288086e+00
8.935000000000000000e+03 -2.890184640884399414e+00
8.936000000000000000e+03 -2.896966457366943359e+00
8.937000000000000000e+03 -2.884748458862304688e+00
8.938000000000000000e+03 -2.870682954788208008e+00
8.939000000000000000e+03 -2.836183547973632812e+00
8.940000000000000000e+03 -2.887974977493286133e+00
8.941000000000000000e+03 -2.906696557998657227e+00
8.942000000000000000e+03 -2.894260168075561523e+00
8.943000000000000000e+03 -2.887963056564331055e+00
8.944000000000000000e+03 -2.831208944320678711e+00
8.945000000000000000e+03 -2.886892080307006836e+00
8.946000000000000000e+03 -2.883082389831542969e+00
8.947000000000000000e+03 -2.836870670318603516e+00
8.948000000000000000e+03 -2.862209796905517578e+00
8.949000000000000000e+03 -2.863838672637939453e+00
8.950000000000000000e+03 -2.891758441925048828e+00
8.951000000000000000e+03 -2.890937089920043945e+00
8.952000000000000000e+03 -2.898810386657714844e+00
8.953000000000000000e+03 -2.913564205169677734e+00
8.954000000000000000e+03 -2.877888202667236328e+00
8.955000000000000000e+03 -2.900025606155395508e+00
8.956000000000000000e+03 -2.866252899169921875e+00
8.957000000000000000e+03 -2.876534223556518555e+00
8.958000000000000000e+03 -2.888294219970703125e+00
8.959000000000000000e+03 -2.874852418899536133e+00
8.960000000000000000e+03 -2.884886264801025391e+00
8.961000000000000000e+03 -2.871689319610595703e+00
8.962000000000000000e+03 -2.826128005981445312e+00
8.963000000000000000e+03 -2.845938920974731445e+00
8.964000000000000000e+03 -2.863281011581420898e+00
8.965000000000000000e+03 -2.864396572113037109e+00
8.966000000000000000e+03 -2.805207252502441406e+00
8.967000000000000000e+03 -2.822459220886230469e+00
8.968000000000000000e+03 -2.855548858642578125e+00
8.969000000000000000e+03 -2.839878797531127930e+00
8.970000000000000000e+03 -2.842374086380004883e+00
8.971000000000000000e+03 -2.876800298690795898e+00
8.972000000000000000e+03 -2.851803779602050781e+00
8.973000000000000000e+03 -2.889238357543945312e+00
8.974000000000000000e+03 -2.905003309249877930e+00
8.975000000000000000e+03 -2.840288639068603516e+00
8.976000000000000000e+03 -2.949459314346313477e+00
8.977000000000000000e+03 -2.874184608459472656e+00
8.978000000000000000e+03 -2.910654067993164062e+00
8.979000000000000000e+03 -2.912261486053466797e+00
8.980000000000000000e+03 -2.937244415283203125e+00
8.981000000000000000e+03 -2.919965505599975586e+00
8.982000000000000000e+03 -2.910733222961425781e+00
8.983000000000000000e+03 -2.927313327789306641e+00
8.984000000000000000e+03 -2.904897212982177734e+00
8.985000000000000000e+03 -2.929868698120117188e+00
8.986000000000000000e+03 -2.898943901062011719e+00
8.987000000000000000e+03 -2.880308628082275391e+00
8.988000000000000000e+03 -2.867881536483764648e+00
8.989000000000000000e+03 -2.880733489990234375e+00
8.990000000000000000e+03 -2.804844141006469727e+00
8.991000000000000000e+03 -2.826630353927612305e+00
8.992000000000000000e+03 -2.827422142028808594e+00
8.993000000000000000e+03 -2.854122161865234375e+00
8.994000000000000000e+03 -2.878867864608764648e+00
8.995000000000000000e+03 -2.852566719055175781e+00
8.996000000000000000e+03 -2.834544658660888672e+00
8.997000000000000000e+03 -2.888605117797851562e+00
8.998000000000000000e+03 -2.831381320953369141e+00
8.999000000000000000e+03 -2.882583618164062500e+00
9.000000000000000000e+03 -2.896060466766357422e+00
9.001000000000000000e+03 -2.883721351623535156e+00
9.002000000000000000e+03 -2.874031066894531250e+00
9.003000000000000000e+03 -2.917579174041748047e+00
9.004000000000000000e+03 -2.905045032501220703e+00
9.005000000000000000e+03 -2.907657623291015625e+00
9.006000000000000000e+03 -2.929249048233032227e+00
9.007000000000000000e+03 -2.900028944015502930e+00
9.008000000000000000e+03 -2.910856246948242188e+00
9.009000000000000000e+03 -2.942159414291381836e+00
9.010000000000000000e+03 -2.893267869949340820e+00
9.011000000000000000e+03 -2.871366739273071289e+00
9.012000000000000000e+03 -2.881523132324218750e+00
9.013000000000000000e+03 -2.914172410964965820e+00
9.014000000000000000e+03 -2.877574205398559570e+00
9.015000000000000000e+03 -2.925476074218750000e+00
9.016000000000000000e+03 -2.910744667053222656e+00
9.017000000000000000e+03 -2.928667783737182617e+00
9.018000000000000000e+03 -2.894687652587890625e+00
9.019000000000000000e+03 -2.848245143890380859e+00
9.020000000000000000e+03 -2.878629922866821289e+00
9.021000000000000000e+03 -2.883527517318725586e+00
9.022000000000000000e+03 -2.868465662002563477e+00
9.023000000000000000e+03 -2.863139867782592773e+00
9.024000000000000000e+03 -2.881938219070434570e+00
9.025000000000000000e+03 -2.887974977493286133e+00
9.026000000000000000e+03 -2.862957239151000977e+00
9.027000000000000000e+03 -2.801955699920654297e+00
9.028000000000000000e+03 -2.814785242080688477e+00
9.029000000000000000e+03 -2.782175779342651367e+00
9.030000000000000000e+03 -2.846686363220214844e+00
9.031000000000000000e+03 -2.773568868637084961e+00
9.032000000000000000e+03 -2.808932542800903320e+00
9.033000000000000000e+03 -2.799231290817260742e+00
9.034000000000000000e+03 -2.754932641983032227e+00
9.035000000000000000e+03 -2.797572374343872070e+00
9.036000000000000000e+03 -2.858045101165771484e+00
9.037000000000000000e+03 -2.785536289215087891e+00
9.038000000000000000e+03 -2.790473222732543945e+00
9.039000000000000000e+03 -2.835934400558471680e+00
9.040000000000000000e+03 -2.819055557250976562e+00
9.041000000000000000e+03 -2.864778041839599609e+00
9.042000000000000000e+03 -2.842792272567749023e+00
9.043000000000000000e+03 -2.866952419281005859e+00
9.044000000000000000e+03 -2.821114778518676758e+00
9.045000000000000000e+03 -2.860528469085693359e+00
9.046000000000000000e+03 -2.857696056365966797e+00
9.047000000000000000e+03 -2.812104463577270508e+00
9.048000000000000000e+03 -2.840796232223510742e+00
9.049000000000000000e+03 -2.857628822326660156e+00
9.050000000000000000e+03 -2.841771125793457031e+00
9.051000000000000000e+03 -2.857583045959472656e+00
9.052000000000000000e+03 -2.858831405639648438e+00
9.053000000000000000e+03 -2.892635107040405273e+00
9.054000000000000000e+03 -2.791767835617065430e+00
9.055000000000000000e+03 -2.837737560272216797e+00
9.056000000000000000e+03 -2.839928865432739258e+00
9.057000000000000000e+03 -2.882898569107055664e+00
9.058000000000000000e+03 -2.880451202392578125e+00
9.059000000000000000e+03 -2.897658348083496094e+00
9.060000000000000000e+03 -2.890636444091796875e+00
9.061000000000000000e+03 -2.912543058395385742e+00
9.062000000000000000e+03 -2.933206558227539062e+00
9.063000000000000000e+03 -2.877911567687988281e+00
9.064000000000000000e+03 -2.908271551132202148e+00
9.065000000000000000e+03 -2.914455413818359375e+00
9.066000000000000000e+03 -2.863414049148559570e+00
9.067000000000000000e+03 -2.865787029266357422e+00
9.068000000000000000e+03 -2.904704093933105469e+00
9.069000000000000000e+03 -2.854149341583251953e+00
9.070000000000000000e+03 -2.882462024688720703e+00
9.071000000000000000e+03 -2.870019197463989258e+00
9.072000000000000000e+03 -2.850040912628173828e+00
9.073000000000000000e+03 -2.855718135833740234e+00
9.074000000000000000e+03 -2.871581077575683594e+00
9.075000000000000000e+03 -2.854573726654052734e+00
9.076000000000000000e+03 -2.814747095108032227e+00
9.077000000000000000e+03 -2.791885137557983398e+00
9.078000000000000000e+03 -2.802464246749877930e+00
9.079000000000000000e+03 -2.881324052810668945e+00
9.080000000000000000e+03 -2.795729160308837891e+00
9.081000000000000000e+03 -2.856457233428955078e+00
9.082000000000000000e+03 -2.847379446029663086e+00
9.083000000000000000e+03 -2.904438734054565430e+00
9.084000000000000000e+03 -2.915028572082519531e+00
9.085000000000000000e+03 -2.891552209854125977e+00
9.086000000000000000e+03 -2.858576536178588867e+00
9.087000000000000000e+03 -2.897586345672607422e+00
9.088000000000000000e+03 -2.898312091827392578e+00
9.089000000000000000e+03 -2.861526966094970703e+00
9.090000000000000000e+03 -2.834723472595214844e+00
9.091000000000000000e+03 -2.892537355422973633e+00
9.092000000000000000e+03 -2.835273981094360352e+00
9.093000000000000000e+03 -2.833672285079956055e+00
9.094000000000000000e+03 -2.868207454681396484e+00
9.095000000000000000e+03 -2.840707302093505859e+00
9.096000000000000000e+03 -2.880187988281250000e+00
9.097000000000000000e+03 -2.898610591888427734e+00
9.098000000000000000e+03 -2.889405250549316406e+00
9.099000000000000000e+03 -2.889750480651855469e+00
9.100000000000000000e+03 -2.905314683914184570e+00
9.101000000000000000e+03 -2.913001537322998047e+00
9.102000000000000000e+03 -2.939229965209960938e+00
9.103000000000000000e+03 -2.934829235076904297e+00
9.104000000000000000e+03 -2.945050716400146484e+00
9.105000000000000000e+03 -2.892971992492675781e+00
9.106000000000000000e+03 -2.902998208999633789e+00
9.107000000000000000e+03 -2.856011629104614258e+00
9.108000000000000000e+03 -2.911165237426757812e+00
9.109000000000000000e+03 -2.893458604812622070e+00
9.110000000000000000e+03 -2.882461071014404297e+00
9.111000000000000000e+03 -2.909931659698486328e+00
9.112000000000000000e+03 -2.956794738769531250e+00
9.113000000000000000e+03 -2.923810720443725586e+00
9.114000000000000000e+03 -2.953208208084106445e+00
9.115000000000000000e+03 -2.924167156219482422e+00
9.116000000000000000e+03 -2.876905679702758789e+00
9.117000000000000000e+03 -2.938658475875854492e+00
9.118000000000000000e+03 -2.936368703842163086e+00
9.119000000000000000e+03 -2.940612077713012695e+00
9.120000000000000000e+03 -2.926115512847900391e+00
9.121000000000000000e+03 -2.933940887451171875e+00
9.122000000000000000e+03 -2.937975406646728516e+00
9.123000000000000000e+03 -2.996195793151855469e+00
9.124000000000000000e+03 -3.034697055816650391e+00
9.125000000000000000e+03 -3.012944221496582031e+00
9.126000000000000000e+03 -2.962696075439453125e+00
9.127000000000000000e+03 -3.003986120223999023e+00
9.128000000000000000e+03 -3.025559902191162109e+00
9.129000000000000000e+03 -2.948558092117309570e+00
9.130000000000000000e+03 -2.967654943466186523e+00
9.131000000000000000e+03 -3.035412788391113281e+00
9.132000000000000000e+03 -3.066044807434082031e+00
9.133000000000000000e+03 -3.024756908416748047e+00
9.134000000000000000e+03 -3.011398553848266602e+00
9.135000000000000000e+03 -3.036382198333740234e+00
9.136000000000000000e+03 -3.021477460861206055e+00
9.137000000000000000e+03 -2.957980632781982422e+00
9.138000000000000000e+03 -2.958919286727905273e+00
9.139000000000000000e+03 -2.974970340728759766e+00
9.140000000000000000e+03 -2.995703458786010742e+00
9.141000000000000000e+03 -2.991182565689086914e+00
9.142000000000000000e+03 -2.986894607543945312e+00
9.143000000000000000e+03 -2.943573951721191406e+00
9.144000000000000000e+03 -2.955464124679565430e+00
9.145000000000000000e+03 -2.981880903244018555e+00
9.146000000000000000e+03 -2.921690702438354492e+00
9.147000000000000000e+03 -2.927599668502807617e+00
9.148000000000000000e+03 -2.934098482131958008e+00
9.149000000000000000e+03 -3.004220247268676758e+00
9.150000000000000000e+03 -2.965608835220336914e+00
9.151000000000000000e+03 -3.001791954040527344e+00
9.152000000000000000e+03 -2.985277414321899414e+00
9.153000000000000000e+03 -2.981500864028930664e+00
9.154000000000000000e+03 -2.981597423553466797e+00
9.155000000000000000e+03 -2.951770782470703125e+00
9.156000000000000000e+03 -2.962422609329223633e+00
9.157000000000000000e+03 -2.975646972656250000e+00
9.158000000000000000e+03 -2.947884321212768555e+00
9.159000000000000000e+03 -2.940365552902221680e+00
9.160000000000000000e+03 -2.950545310974121094e+00
9.161000000000000000e+03 -2.974734067916870117e+00
9.162000000000000000e+03 -2.987755060195922852e+00
9.163000000000000000e+03 -2.963035345077514648e+00
9.164000000000000000e+03 -2.931113004684448242e+00
9.165000000000000000e+03 -2.907913923263549805e+00
9.166000000000000000e+03 -2.966658115386962891e+00
9.167000000000000000e+03 -2.920456886291503906e+00
9.168000000000000000e+03 -2.955045700073242188e+00
9.169000000000000000e+03 -2.936447143554687500e+00
9.170000000000000000e+03 -2.933905601501464844e+00
9.171000000000000000e+03 -2.944988012313842773e+00
9.172000000000000000e+03 -2.910404682159423828e+00
9.173000000000000000e+03 -2.958924531936645508e+00
9.174000000000000000e+03 -2.960279464721679688e+00
9.175000000000000000e+03 -2.984603881835937500e+00
9.176000000000000000e+03 -2.966471195220947266e+00
9.177000000000000000e+03 -2.933361768722534180e+00
9.178000000000000000e+03 -2.987510204315185547e+00
9.179000000000000000e+03 -2.954932451248168945e+00
9.180000000000000000e+03 -2.974908113479614258e+00
9.181000000000000000e+03 -2.937274456024169922e+00
9.182000000000000000e+03 -2.958039760589599609e+00
9.183000000000000000e+03 -2.965257883071899414e+00
9.184000000000000000e+03 -2.971413373947143555e+00
9.185000000000000000e+03 -2.932281494140625000e+00
9.186000000000000000e+03 -2.934949874877929688e+00
9.187000000000000000e+03 -2.966820001602172852e+00
9.188000000000000000e+03 -2.936971664428710938e+00
9.189000000000000000e+03 -2.958352088928222656e+00
9.190000000000000000e+03 -2.956372976303100586e+00
9.191000000000000000e+03 -2.976177453994750977e+00
9.192000000000000000e+03 -2.972272396087646484e+00
9.193000000000000000e+03 -2.955384254455566406e+00
9.194000000000000000e+03 -2.970890522003173828e+00
9.195000000000000000e+03 -2.998652458190917969e+00
9.196000000000000000e+03 -2.965186834335327148e+00
9.197000000000000000e+03 -2.970100641250610352e+00
9.198000000000000000e+03 -2.974303722381591797e+00
9.199000000000000000e+03 -2.950889110565185547e+00
9.200000000000000000e+03 -2.972988843917846680e+00
9.201000000000000000e+03 -2.891661643981933594e+00
9.202000000000000000e+03 -2.922355890274047852e+00
9.203000000000000000e+03 -2.909072399139404297e+00
9.204000000000000000e+03 -2.914917469024658203e+00
9.205000000000000000e+03 -2.956117391586303711e+00
9.206000000000000000e+03 -2.982920885086059570e+00
9.207000000000000000e+03 -2.960203409194946289e+00
9.208000000000000000e+03 -2.956708431243896484e+00
9.209000000000000000e+03 -2.940712690353393555e+00
9.210000000000000000e+03 -2.941041469573974609e+00
9.211000000000000000e+03 -2.947059631347656250e+00
9.212000000000000000e+03 -2.962221622467041016e+00
9.213000000000000000e+03 -2.988559961318969727e+00
9.214000000000000000e+03 -2.984784841537475586e+00
9.215000000000000000e+03 -2.949456453323364258e+00
9.216000000000000000e+03 -2.951747417449951172e+00
9.217000000000000000e+03 -2.939388513565063477e+00
9.218000000000000000e+03 -2.938645362854003906e+00
9.219000000000000000e+03 -2.909821033477783203e+00
9.220000000000000000e+03 -2.894189119338989258e+00
9.221000000000000000e+03 -2.887791633605957031e+00
9.222000000000000000e+03 -2.894180774688720703e+00
9.223000000000000000e+03 -2.846363067626953125e+00
9.224000000000000000e+03 -2.878130674362182617e+00
9.225000000000000000e+03 -2.852015256881713867e+00
9.226000000000000000e+03 -2.857720851898193359e+00
9.227000000000000000e+03 -2.846065044403076172e+00
9.228000000000000000e+03 -2.876396179199218750e+00
9.229000000000000000e+03 -2.837668895721435547e+00
9.230000000000000000e+03 -2.911718606948852539e+00
9.231000000000000000e+03 -2.855625152587890625e+00
9.232000000000000000e+03 -2.898822784423828125e+00
9.233000000000000000e+03 -2.898655176162719727e+00
9.234000000000000000e+03 -2.942421436309814453e+00
9.235000000000000000e+03 -2.931969165802001953e+00
9.236000000000000000e+03 -2.883229970932006836e+00
9.237000000000000000e+03 -2.951481342315673828e+00
9.238000000000000000e+03 -2.905465126037597656e+00
9.239000000000000000e+03 -2.910263538360595703e+00
9.240000000000000000e+03 -2.913826942443847656e+00
9.241000000000000000e+03 -2.858062744140625000e+00
9.242000000000000000e+03 -2.920605659484863281e+00
9.243000000000000000e+03 -2.938513755798339844e+00
9.244000000000000000e+03 -2.898701190948486328e+00
9.245000000000000000e+03 -2.873509883880615234e+00
9.246000000000000000e+03 -2.922128915786743164e+00
9.247000000000000000e+03 -2.891211032867431641e+00
9.248000000000000000e+03 -2.880253314971923828e+00
9.249000000000000000e+03 -2.882739543914794922e+00
9.250000000000000000e+03 -2.849948406219482422e+00
9.251000000000000000e+03 -2.861120939254760742e+00
9.252000000000000000e+03 -2.880456209182739258e+00
9.253000000000000000e+03 -2.896642684936523438e+00
9.254000000000000000e+03 -2.881945610046386719e+00
9.255000000000000000e+03 -2.904932260513305664e+00
9.256000000000000000e+03 -2.851234436035156250e+00
9.257000000000000000e+03 -2.877168655395507812e+00
9.258000000000000000e+03 -2.876355648040771484e+00
9.259000000000000000e+03 -2.942603111267089844e+00
9.260000000000000000e+03 -2.890697002410888672e+00
9.261000000000000000e+03 -2.889045953750610352e+00
9.262000000000000000e+03 -2.890625476837158203e+00
9.263000000000000000e+03 -2.890047311782836914e+00
9.264000000000000000e+03 -2.859238624572753906e+00
9.265000000000000000e+03 -2.905129671096801758e+00
9.266000000000000000e+03 -2.883641958236694336e+00
9.267000000000000000e+03 -2.900544166564941406e+00
9.268000000000000000e+03 -2.892485380172729492e+00
9.269000000000000000e+03 -2.913448333740234375e+00
9.270000000000000000e+03 -2.947162151336669922e+00
9.271000000000000000e+03 -2.916016578674316406e+00
9.272000000000000000e+03 -2.960536003112792969e+00
9.273000000000000000e+03 -2.985368967056274414e+00
9.274000000000000000e+03 -3.004832267761230469e+00
9.275000000000000000e+03 -2.944181919097900391e+00
9.276000000000000000e+03 -2.904269933700561523e+00
9.277000000000000000e+03 -2.913674831390380859e+00
9.278000000000000000e+03 -2.848115682601928711e+00
9.279000000000000000e+03 -2.850515842437744141e+00
9.280000000000000000e+03 -2.944200038909912109e+00
9.281000000000000000e+03 -2.975963354110717773e+00
9.282000000000000000e+03 -2.983061790466308594e+00
9.283000000000000000e+03 -2.948161125183105469e+00
9.284000000000000000e+03 -2.923730850219726562e+00
9.285000000000000000e+03 -2.920095682144165039e+00
9.286000000000000000e+03 -2.901660442352294922e+00
9.287000000000000000e+03 -2.900203227996826172e+00
9.288000000000000000e+03 -2.875632286071777344e+00
9.289000000000000000e+03 -2.875565767288208008e+00
9.290000000000000000e+03 -2.880640268325805664e+00
9.291000000000000000e+03 -2.918942689895629883e+00
9.292000000000000000e+03 -2.885452270507812500e+00
9.293000000000000000e+03 -2.851821660995483398e+00
9.294000000000000000e+03 -2.885077476501464844e+00
9.295000000000000000e+03 -2.897756099700927734e+00
9.296000000000000000e+03 -2.872426986694335938e+00
9.297000000000000000e+03 -2.857580900192260742e+00
9.298000000000000000e+03 -2.884352684020996094e+00
9.299000000000000000e+03 -2.892151594161987305e+00
9.300000000000000000e+03 -2.838269710540771484e+00
9.301000000000000000e+03 -2.870146512985229492e+00
9.302000000000000000e+03 -2.883892059326171875e+00
9.303000000000000000e+03 -2.847852468490600586e+00
9.304000000000000000e+03 -2.901331186294555664e+00
9.305000000000000000e+03 -2.909018754959106445e+00
9.306000000000000000e+03 -2.946538209915161133e+00
9.307000000000000000e+03 -2.897069931030273438e+00
9.308000000000000000e+03 -2.900400400161743164e+00
9.309000000000000000e+03 -2.902515649795532227e+00
9.310000000000000000e+03 -2.949468374252319336e+00
9.311000000000000000e+03 -2.897433280944824219e+00
9.312000000000000000e+03 -2.906176567077636719e+00
9.313000000000000000e+03 -2.879554033279418945e+00
9.314000000000000000e+03 -2.866654872894287109e+00
9.315000000000000000e+03 -2.884657859802246094e+00
9.316000000000000000e+03 -2.879997491836547852e+00
9.317000000000000000e+03 -2.889767646789550781e+00
9.318000000000000000e+03 -2.926616430282592773e+00
9.319000000000000000e+03 -2.933286190032958984e+00
9.320000000000000000e+03 -2.924519062042236328e+00
9.321000000000000000e+03 -2.913591861724853516e+00
9.322000000000000000e+03 -2.964298248291015625e+00
9.323000000000000000e+03 -2.895614624023437500e+00
9.324000000000000000e+03 -2.847758769989013672e+00
9.325000000000000000e+03 -2.907194852828979492e+00
9.326000000000000000e+03 -2.950313329696655273e+00
9.327000000000000000e+03 -2.873379468917846680e+00
9.328000000000000000e+03 -2.953257799148559570e+00
9.329000000000000000e+03 -2.993536472320556641e+00
9.330000000000000000e+03 -2.945240497589111328e+00
9.331000000000000000e+03 -2.948838949203491211e+00
9.332000000000000000e+03 -2.928362846374511719e+00
9.333000000000000000e+03 -2.916117191314697266e+00
9.334000000000000000e+03 -2.914174556732177734e+00
9.335000000000000000e+03 -2.960905551910400391e+00
9.336000000000000000e+03 -2.901195526123046875e+00
9.337000000000000000e+03 -2.929691791534423828e+00
9.338000000000000000e+03 -2.955096244812011719e+00
9.339000000000000000e+03 -2.905877828598022461e+00
9.340000000000000000e+03 -2.935838699340820312e+00
9.341000000000000000e+03 -2.898796796798706055e+00
9.342000000000000000e+03 -2.915621995925903320e+00
9.343000000000000000e+03 -2.948711872100830078e+00
9.344000000000000000e+03 -2.981192111968994141e+00
9.345000000000000000e+03 -2.937862873077392578e+00
9.346000000000000000e+03 -2.949654340744018555e+00
9.347000000000000000e+03 -2.946672916412353516e+00
9.348000000000000000e+03 -2.876293659210205078e+00
9.349000000000000000e+03 -2.913773059844970703e+00
9.350000000000000000e+03 -2.899911165237426758e+00
9.351000000000000000e+03 -2.851081609725952148e+00
9.352000000000000000e+03 -2.891921043395996094e+00
9.353000000000000000e+03 -2.880207777023315430e+00
9.354000000000000000e+03 -2.856668710708618164e+00
9.355000000000000000e+03 -2.828426361083984375e+00
9.356000000000000000e+03 -2.841750144958496094e+00
9.357000000000000000e+03 -2.879114389419555664e+00
9.358000000000000000e+03 -2.873069286346435547e+00
9.359000000000000000e+03 -2.925077676773071289e+00
9.360000000000000000e+03 -2.924480915069580078e+00
9.361000000000000000e+03 -2.871186733245849609e+00
9.362000000000000000e+03 -2.883274793624877930e+00
9.363000000000000000e+03 -2.933586359024047852e+00
9.364000000000000000e+03 -2.896795988082885742e+00
9.365000000000000000e+03 -2.858844280242919922e+00
9.366000000000000000e+03 -2.937931060791015625e+00
9.367000000000000000e+03 -2.877735853195190430e+00
9.368000000000000000e+03 -2.946708440780639648e+00
9.369000000000000000e+03 -2.956174373626708984e+00
9.370000000000000000e+03 -2.929542779922485352e+00
9.371000000000000000e+03 -2.986676931381225586e+00
9.372000000000000000e+03 -2.961471557617187500e+00
9.373000000000000000e+03 -2.932414293289184570e+00
9.374000000000000000e+03 -2.931757211685180664e+00
9.375000000000000000e+03 -2.949257850646972656e+00
9.376000000000000000e+03 -2.968935251235961914e+00
9.377000000000000000e+03 -2.948249578475952148e+00
9.378000000000000000e+03 -2.962130546569824219e+00
9.379000000000000000e+03 -2.910523414611816406e+00
9.380000000000000000e+03 -2.947620391845703125e+00
9.381000000000000000e+03 -2.940422773361206055e+00
9.382000000000000000e+03 -2.945585250854492188e+00
9.383000000000000000e+03 -2.946897506713867188e+00
9.384000000000000000e+03 -2.929639101028442383e+00
9.385000000000000000e+03 -2.943943500518798828e+00
9.386000000000000000e+03 -2.906754732131958008e+00
9.387000000000000000e+03 -2.918481588363647461e+00
9.388000000000000000e+03 -2.914072513580322266e+00
9.389000000000000000e+03 -2.880471944808959961e+00
9.390000000000000000e+03 -2.860950469970703125e+00
9.391000000000000000e+03 -2.856431007385253906e+00
9.392000000000000000e+03 -2.900203227996826172e+00
9.393000000000000000e+03 -2.874780178070068359e+00
9.394000000000000000e+03 -2.836769342422485352e+00
9.395000000000000000e+03 -2.880955696105957031e+00
9.396000000000000000e+03 -2.893909454345703125e+00
9.397000000000000000e+03 -2.877656936645507812e+00
9.398000000000000000e+03 -2.888908624649047852e+00
9.399000000000000000e+03 -2.856147289276123047e+00
9.400000000000000000e+03 -2.898168563842773438e+00
9.401000000000000000e+03 -2.861188650131225586e+00
9.402000000000000000e+03 -2.900505065917968750e+00
9.403000000000000000e+03 -2.825478315353393555e+00
9.404000000000000000e+03 -2.860352754592895508e+00
9.405000000000000000e+03 -2.900874137878417969e+00
9.406000000000000000e+03 -2.857277870178222656e+00
9.407000000000000000e+03 -2.884193181991577148e+00
9.408000000000000000e+03 -2.875306606292724609e+00
9.409000000000000000e+03 -2.891631126403808594e+00
9.410000000000000000e+03 -2.882813692092895508e+00
9.411000000000000000e+03 -2.946492910385131836e+00
9.412000000000000000e+03 -2.892163753509521484e+00
9.413000000000000000e+03 -2.883011817932128906e+00
9.414000000000000000e+03 -2.893938302993774414e+00
9.415000000000000000e+03 -2.885990858078002930e+00
9.416000000000000000e+03 -2.847005605697631836e+00
9.417000000000000000e+03 -2.837711334228515625e+00
9.418000000000000000e+03 -2.835144042968750000e+00
9.419000000000000000e+03 -2.855737924575805664e+00
9.420000000000000000e+03 -2.867928028106689453e+00
9.421000000000000000e+03 -2.821638584136962891e+00
9.422000000000000000e+03 -2.830931425094604492e+00
9.423000000000000000e+03 -2.856114149093627930e+00
9.424000000000000000e+03 -2.757144927978515625e+00
9.425000000000000000e+03 -2.808323860168457031e+00
9.426000000000000000e+03 -2.816159725189208984e+00
9.427000000000000000e+03 -2.863360643386840820e+00
9.428000000000000000e+03 -2.807693481445312500e+00
9.429000000000000000e+03 -2.838510036468505859e+00
9.430000000000000000e+03 -2.864447355270385742e+00
9.431000000000000000e+03 -2.803537607192993164e+00
9.432000000000000000e+03 -2.863226175308227539e+00
9.433000000000000000e+03 -2.842618703842163086e+00
9.434000000000000000e+03 -2.844401359558105469e+00
9.435000000000000000e+03 -2.798729181289672852e+00
9.436000000000000000e+03 -2.833017826080322266e+00
9.437000000000000000e+03 -2.913856506347656250e+00
9.438000000000000000e+03 -2.832761049270629883e+00
9.439000000000000000e+03 -2.821208477020263672e+00
9.440000000000000000e+03 -2.854731082916259766e+00
9.441000000000000000e+03 -2.869483470916748047e+00
9.442000000000000000e+03 -2.865195274353027344e+00
9.443000000000000000e+03 -2.917427062988281250e+00
9.444000000000000000e+03 -2.898681640625000000e+00
9.445000000000000000e+03 -2.837703704833984375e+00
9.446000000000000000e+03 -2.858736276626586914e+00
9.447000000000000000e+03 -2.867729902267456055e+00
9.448000000000000000e+03 -2.815538167953491211e+00
9.449000000000000000e+03 -2.826875925064086914e+00
9.450000000000000000e+03 -2.856334924697875977e+00
9.451000000000000000e+03 -2.850342988967895508e+00
9.452000000000000000e+03 -2.837176084518432617e+00
9.453000000000000000e+03 -2.851967334747314453e+00
9.454000000000000000e+03 -2.849334716796875000e+00
9.455000000000000000e+03 -2.816942930221557617e+00
9.456000000000000000e+03 -2.925108432769775391e+00
9.457000000000000000e+03 -2.881976366043090820e+00
9.458000000000000000e+03 -2.878260374069213867e+00
9.459000000000000000e+03 -2.835767269134521484e+00
9.460000000000000000e+03 -2.905997037887573242e+00
9.461000000000000000e+03 -2.857111215591430664e+00
9.462000000000000000e+03 -2.835399627685546875e+00
9.463000000000000000e+03 -2.863947868347167969e+00
9.464000000000000000e+03 -2.873059034347534180e+00
9.465000000000000000e+03 -2.900878190994262695e+00
9.466000000000000000e+03 -2.851391553878784180e+00
9.467000000000000000e+03 -2.850182771682739258e+00
9.468000000000000000e+03 -2.872784137725830078e+00
9.469000000000000000e+03 -2.894925117492675781e+00
9.470000000000000000e+03 -2.855361223220825195e+00
9.471000000000000000e+03 -2.859743595123291016e+00
9.472000000000000000e+03 -2.836472272872924805e+00
9.473000000000000000e+03 -2.873415946960449219e+00
9.474000000000000000e+03 -2.814152717590332031e+00
9.475000000000000000e+03 -2.855459213256835938e+00
9.476000000000000000e+03 -2.820584774017333984e+00
9.477000000000000000e+03 -2.835158109664916992e+00
9.478000000000000000e+03 -2.808856487274169922e+00
9.479000000000000000e+03 -2.845552921295166016e+00
9.480000000000000000e+03 -2.880753993988037109e+00
9.481000000000000000e+03 -2.851254940032958984e+00
9.482000000000000000e+03 -2.829059123992919922e+00
9.483000000000000000e+03 -2.857440710067749023e+00
9.484000000000000000e+03 -2.856891393661499023e+00
9.485000000000000000e+03 -2.807273149490356445e+00
9.486000000000000000e+03 -2.824624538421630859e+00
9.487000000000000000e+03 -2.819145917892456055e+00
9.488000000000000000e+03 -2.847572326660156250e+00
9.489000000000000000e+03 -2.834510564804077148e+00
9.490000000000000000e+03 -2.843020915985107422e+00
9.491000000000000000e+03 -2.782763957977294922e+00
9.492000000000000000e+03 -2.792094945907592773e+00
9.493000000000000000e+03 -2.836499691009521484e+00
9.494000000000000000e+03 -2.880929231643676758e+00
9.495000000000000000e+03 -2.847145318984985352e+00
9.496000000000000000e+03 -2.804318189620971680e+00
9.497000000000000000e+03 -2.840780973434448242e+00
9.498000000000000000e+03 -2.803150892257690430e+00
9.499000000000000000e+03 -2.803536176681518555e+00
9.500000000000000000e+03 -2.846395254135131836e+00
9.501000000000000000e+03 -2.891928911209106445e+00
9.502000000000000000e+03 -2.844057083129882812e+00
9.503000000000000000e+03 -2.837319850921630859e+00
9.504000000000000000e+03 -2.819316864013671875e+00
9.505000000000000000e+03 -2.832092523574829102e+00
9.506000000000000000e+03 -2.837669134140014648e+00
9.507000000000000000e+03 -2.835697412490844727e+00
9.508000000000000000e+03 -2.769772529602050781e+00
9.509000000000000000e+03 -2.803856611251831055e+00
9.510000000000000000e+03 -2.819638967514038086e+00
9.511000000000000000e+03 -2.834593534469604492e+00
9.512000000000000000e+03 -2.810810804367065430e+00
9.513000000000000000e+03 -2.803159713745117188e+00
9.514000000000000000e+03 -2.808999776840209961e+00
9.515000000000000000e+03 -2.823500871658325195e+00
9.516000000000000000e+03 -2.843294858932495117e+00
9.517000000000000000e+03 -2.844308376312255859e+00
9.518000000000000000e+03 -2.812632799148559570e+00
9.519000000000000000e+03 -2.824801445007324219e+00
9.520000000000000000e+03 -2.803663492202758789e+00
9.521000000000000000e+03 -2.808990478515625000e+00
9.522000000000000000e+03 -2.825010299682617188e+00
9.523000000000000000e+03 -2.781689405441284180e+00
9.524000000000000000e+03 -2.808502435684204102e+00
9.525000000000000000e+03 -2.836821794509887695e+00
9.526000000000000000e+03 -2.851594924926757812e+00
9.527000000000000000e+03 -2.845950126647949219e+00
9.528000000000000000e+03 -2.845987319946289062e+00
9.529000000000000000e+03 -2.848480224609375000e+00
9.530000000000000000e+03 -2.833490848541259766e+00
9.531000000000000000e+03 -2.785515069961547852e+00
9.532000000000000000e+03 -2.803363323211669922e+00
9.533000000000000000e+03 -2.801395416259765625e+00
9.534000000000000000e+03 -2.836874961853027344e+00
9.535000000000000000e+03 -2.778034925460815430e+00
9.536000000000000000e+03 -2.840078830718994141e+00
9.537000000000000000e+03 -2.830971717834472656e+00
9.538000000000000000e+03 -2.891498327255249023e+00
9.539000000000000000e+03 -2.868321895599365234e+00
9.540000000000000000e+03 -2.872414827346801758e+00
9.541000000000000000e+03 -2.836625337600708008e+00
9.542000000000000000e+03 -2.856001377105712891e+00
9.543000000000000000e+03 -2.890739917755126953e+00
9.544000000000000000e+03 -2.879572629928588867e+00
9.545000000000000000e+03 -2.892289876937866211e+00
9.546000000000000000e+03 -2.826054573059082031e+00
9.547000000000000000e+03 -2.802416801452636719e+00
9.548000000000000000e+03 -2.807583808898925781e+00
9.549000000000000000e+03 -2.825253248214721680e+00
9.550000000000000000e+03 -2.819254159927368164e+00
9.551000000000000000e+03 -2.826705932617187500e+00
9.552000000000000000e+03 -2.888879060745239258e+00
9.553000000000000000e+03 -2.845031738281250000e+00
9.554000000000000000e+03 -2.886767625808715820e+00
9.555000000000000000e+03 -2.851556539535522461e+00
9.556000000000000000e+03 -2.859771013259887695e+00
9.557000000000000000e+03 -2.847109079360961914e+00
9.558000000000000000e+03 -2.894272089004516602e+00
9.559000000000000000e+03 -2.842951297760009766e+00
9.560000000000000000e+03 -2.864622592926025391e+00
9.561000000000000000e+03 -2.871557712554931641e+00
9.562000000000000000e+03 -2.884248256683349609e+00
9.563000000000000000e+03 -2.856991767883300781e+00
9.564000000000000000e+03 -2.852726936340332031e+00
9.565000000000000000e+03 -2.793170452117919922e+00
9.566000000000000000e+03 -2.838188886642456055e+00
9.567000000000000000e+03 -2.841027021408081055e+00
9.568000000000000000e+03 -2.803518772125244141e+00
9.569000000000000000e+03 -2.840748548507690430e+00
9.570000000000000000e+03 -2.851455688476562500e+00
9.571000000000000000e+03 -2.845524549484252930e+00
9.572000000000000000e+03 -2.834781885147094727e+00
9.573000000000000000e+03 -2.834115028381347656e+00
9.574000000000000000e+03 -2.837867975234985352e+00
9.575000000000000000e+03 -2.834527254104614258e+00
9.576000000000000000e+03 -2.861688852310180664e+00
9.577000000000000000e+03 -2.815473556518554688e+00
9.578000000000000000e+03 -2.884265661239624023e+00
9.579000000000000000e+03 -2.825284719467163086e+00
9.580000000000000000e+03 -2.816601276397705078e+00
9.581000000000000000e+03 -2.793285369873046875e+00
9.582000000000000000e+03 -2.804674625396728516e+00
9.583000000000000000e+03 -2.790256977081298828e+00
9.584000000000000000e+03 -2.787249326705932617e+00
9.585000000000000000e+03 -2.754588842391967773e+00
9.586000000000000000e+03 -2.760329961776733398e+00
9.587000000000000000e+03 -2.739398717880249023e+00
9.588000000000000000e+03 -2.804538726806640625e+00
9.589000000000000000e+03 -2.769001722335815430e+00
9.590000000000000000e+03 -2.826249122619628906e+00
9.591000000000000000e+03 -2.807222127914428711e+00
9.592000000000000000e+03 -2.824865579605102539e+00
9.593000000000000000e+03 -2.843321800231933594e+00
9.594000000000000000e+03 -2.853201150894165039e+00
9.595000000000000000e+03 -2.885711431503295898e+00
9.596000000000000000e+03 -2.841290950775146484e+00
9.597000000000000000e+03 -2.853831052780151367e+00
9.598000000000000000e+03 -2.819535732269287109e+00
9.599000000000000000e+03 -2.884436130523681641e+00
9.600000000000000000e+03 -2.864960670471191406e+00
9.601000000000000000e+03 -2.860546112060546875e+00
9.602000000000000000e+03 -2.871467113494873047e+00
9.603000000000000000e+03 -2.881252050399780273e+00
9.604000000000000000e+03 -2.837819099426269531e+00
9.605000000000000000e+03 -2.836766719818115234e+00
9.606000000000000000e+03 -2.851210832595825195e+00
9.607000000000000000e+03 -2.857701539993286133e+00
9.608000000000000000e+03 -2.836270332336425781e+00
9.609000000000000000e+03 -2.864950656890869141e+00
9.610000000000000000e+03 -2.846364974975585938e+00
9.611000000000000000e+03 -2.877978086471557617e+00
9.612000000000000000e+03 -2.837658643722534180e+00
9.613000000000000000e+03 -2.843384742736816406e+00
9.614000000000000000e+03 -2.881577730178833008e+00
9.615000000000000000e+03 -2.839075088500976562e+00
9.616000000000000000e+03 -2.875865936279296875e+00
9.617000000000000000e+03 -2.869149208068847656e+00
9.618000000000000000e+03 -2.851775407791137695e+00
9.619000000000000000e+03 -2.853435039520263672e+00
9.620000000000000000e+03 -2.911172389984130859e+00
9.621000000000000000e+03 -2.840065002441406250e+00
9.622000000000000000e+03 -2.866068363189697266e+00
9.623000000000000000e+03 -2.804103374481201172e+00
9.624000000000000000e+03 -2.812578678131103516e+00
9.625000000000000000e+03 -2.816681623458862305e+00
9.626000000000000000e+03 -2.819190979003906250e+00
9.627000000000000000e+03 -2.791714906692504883e+00
9.628000000000000000e+03 -2.845648288726806641e+00
9.629000000000000000e+03 -2.873729705810546875e+00
9.630000000000000000e+03 -2.861644506454467773e+00
9.631000000000000000e+03 -2.872512578964233398e+00
9.632000000000000000e+03 -2.840564966201782227e+00
9.633000000000000000e+03 -2.818882942199707031e+00
9.634000000000000000e+03 -2.817094802856445312e+00
9.635000000000000000e+03 -2.863144159317016602e+00
9.636000000000000000e+03 -2.847531318664550781e+00
9.637000000000000000e+03 -2.846431255340576172e+00
9.638000000000000000e+03 -2.815494775772094727e+00
9.639000000000000000e+03 -2.800933122634887695e+00
9.640000000000000000e+03 -2.848682880401611328e+00
9.641000000000000000e+03 -2.823904037475585938e+00
9.642000000000000000e+03 -2.835483789443969727e+00
9.643000000000000000e+03 -2.842688798904418945e+00
9.644000000000000000e+03 -2.853871822357177734e+00
9.645000000000000000e+03 -2.900310516357421875e+00
9.646000000000000000e+03 -2.852914333343505859e+00
9.647000000000000000e+03 -2.873383760452270508e+00
9.648000000000000000e+03 -2.813542842864990234e+00
9.649000000000000000e+03 -2.789499521255493164e+00
9.650000000000000000e+03 -2.809993267059326172e+00
9.651000000000000000e+03 -2.811118841171264648e+00
9.652000000000000000e+03 -2.805032730102539062e+00
9.653000000000000000e+03 -2.817934274673461914e+00
9.654000000000000000e+03 -2.814470052719116211e+00
9.655000000000000000e+03 -2.864401817321777344e+00
9.656000000000000000e+03 -2.814149141311645508e+00
9.657000000000000000e+03 -2.821045875549316406e+00
9.658000000000000000e+03 -2.792985916137695312e+00
9.659000000000000000e+03 -2.799071788787841797e+00
9.660000000000000000e+03 -2.800564527511596680e+00
9.661000000000000000e+03 -2.822159290313720703e+00
9.662000000000000000e+03 -2.818588495254516602e+00
9.663000000000000000e+03 -2.812102794647216797e+00
9.664000000000000000e+03 -2.821255922317504883e+00
9.665000000000000000e+03 -2.857941150665283203e+00
9.666000000000000000e+03 -2.859670400619506836e+00
9.667000000000000000e+03 -2.829677581787109375e+00
9.668000000000000000e+03 -2.849561214447021484e+00
9.669000000000000000e+03 -2.877927064895629883e+00
9.670000000000000000e+03 -2.882537841796875000e+00
9.671000000000000000e+03 -2.923719167709350586e+00
9.672000000000000000e+03 -2.880071401596069336e+00
9.673000000000000000e+03 -2.821279764175415039e+00
9.674000000000000000e+03 -2.788860797882080078e+00
9.675000000000000000e+03 -2.823449850082397461e+00
9.676000000000000000e+03 -2.833166599273681641e+00
9.677000000000000000e+03 -2.845001935958862305e+00
9.678000000000000000e+03 -2.838236808776855469e+00
9.679000000000000000e+03 -2.900131940841674805e+00
9.680000000000000000e+03 -2.874116420745849609e+00
9.681000000000000000e+03 -2.881384611129760742e+00
9.682000000000000000e+03 -2.909075498580932617e+00
9.683000000000000000e+03 -2.873587369918823242e+00
9.684000000000000000e+03 -2.890822172164916992e+00
9.685000000000000000e+03 -2.872881889343261719e+00
9.686000000000000000e+03 -2.810091495513916016e+00
9.687000000000000000e+03 -2.823455095291137695e+00
9.688000000000000000e+03 -2.842516899108886719e+00
9.689000000000000000e+03 -2.832467794418334961e+00
9.690000000000000000e+03 -2.828771829605102539e+00
9.691000000000000000e+03 -2.814919471740722656e+00
9.692000000000000000e+03 -2.832256078720092773e+00
9.693000000000000000e+03 -2.837596416473388672e+00
9.694000000000000000e+03 -2.850383043289184570e+00
9.695000000000000000e+03 -2.847127676010131836e+00
9.696000000000000000e+03 -2.846387147903442383e+00
9.697000000000000000e+03 -2.804788827896118164e+00
9.698000000000000000e+03 -2.872937679290771484e+00
9.699000000000000000e+03 -2.868287801742553711e+00
9.700000000000000000e+03 -2.879943847656250000e+00
9.701000000000000000e+03 -2.863771915435791016e+00
9.702000000000000000e+03 -2.917778491973876953e+00
9.703000000000000000e+03 -2.966401815414428711e+00
9.704000000000000000e+03 -2.894002676010131836e+00
9.705000000000000000e+03 -2.912847280502319336e+00
9.706000000000000000e+03 -2.894428730010986328e+00
9.707000000000000000e+03 -2.824194431304931641e+00
9.708000000000000000e+03 -2.884793281555175781e+00
9.709000000000000000e+03 -2.863153696060180664e+00
9.710000000000000000e+03 -2.870997667312622070e+00
9.711000000000000000e+03 -2.892344713211059570e+00
9.712000000000000000e+03 -2.852301120758056641e+00
9.713000000000000000e+03 -2.829595565795898438e+00
9.714000000000000000e+03 -2.804469823837280273e+00
9.715000000000000000e+03 -2.801336765289306641e+00
9.716000000000000000e+03 -2.832045078277587891e+00
9.717000000000000000e+03 -2.849690914154052734e+00
9.718000000000000000e+03 -2.844016075134277344e+00
9.719000000000000000e+03 -2.816183090209960938e+00
9.720000000000000000e+03 -2.838218212127685547e+00
9.721000000000000000e+03 -2.869635820388793945e+00
9.722000000000000000e+03 -2.819053649902343750e+00
9.723000000000000000e+03 -2.848515272140502930e+00
9.724000000000000000e+03 -2.811775207519531250e+00
9.725000000000000000e+03 -2.840169191360473633e+00
9.726000000000000000e+03 -2.879480123519897461e+00
9.727000000000000000e+03 -2.851449012756347656e+00
9.728000000000000000e+03 -2.851014614105224609e+00
9.729000000000000000e+03 -2.901452779769897461e+00
9.730000000000000000e+03 -2.900728702545166016e+00
9.731000000000000000e+03 -2.897479057312011719e+00
9.732000000000000000e+03 -2.870021820068359375e+00
9.733000000000000000e+03 -2.894305229187011719e+00
9.734000000000000000e+03 -2.900958061218261719e+00
9.735000000000000000e+03 -2.905228853225708008e+00
9.736000000000000000e+03 -2.900843381881713867e+00
9.737000000000000000e+03 -2.868321657180786133e+00
9.738000000000000000e+03 -2.910684585571289062e+00
9.739000000000000000e+03 -2.956511735916137695e+00
9.740000000000000000e+03 -2.916440248489379883e+00
9.741000000000000000e+03 -2.914598464965820312e+00
9.742000000000000000e+03 -2.929506301879882812e+00
9.743000000000000000e+03 -2.911244392395019531e+00
9.744000000000000000e+03 -2.898835420608520508e+00
9.745000000000000000e+03 -2.871509075164794922e+00
9.746000000000000000e+03 -2.880868911743164062e+00
9.747000000000000000e+03 -2.915924072265625000e+00
9.748000000000000000e+03 -2.884605407714843750e+00
9.749000000000000000e+03 -2.889203548431396484e+00
9.750000000000000000e+03 -2.905256748199462891e+00
9.751000000000000000e+03 -2.866893053054809570e+00
9.752000000000000000e+03 -2.847669363021850586e+00
9.753000000000000000e+03 -2.896084070205688477e+00
9.754000000000000000e+03 -2.863606214523315430e+00
9.755000000000000000e+03 -2.876719474792480469e+00
9.756000000000000000e+03 -2.857300519943237305e+00
9.757000000000000000e+03 -2.833918571472167969e+00
9.758000000000000000e+03 -2.885800123214721680e+00
9.759000000000000000e+03 -2.883275747299194336e+00
9.760000000000000000e+03 -2.892354965209960938e+00
9.761000000000000000e+03 -2.893775939941406250e+00
9.762000000000000000e+03 -2.956843376159667969e+00
9.763000000000000000e+03 -2.907334566116333008e+00
9.764000000000000000e+03 -2.869196176528930664e+00
9.765000000000000000e+03 -2.903806686401367188e+00
9.766000000000000000e+03 -2.903952360153198242e+00
9.767000000000000000e+03 -2.863323450088500977e+00
9.768000000000000000e+03 -2.876675367355346680e+00
9.769000000000000000e+03 -2.851132154464721680e+00
9.770000000000000000e+03 -2.858824968338012695e+00
9.771000000000000000e+03 -2.861826896667480469e+00
9.772000000000000000e+03 -2.926695108413696289e+00
9.773000000000000000e+03 -2.837133407592773438e+00
9.774000000000000000e+03 -2.927417039871215820e+00
9.775000000000000000e+03 -2.930385351181030273e+00
9.776000000000000000e+03 -2.887210369110107422e+00
9.777000000000000000e+03 -2.835961341857910156e+00
9.778000000000000000e+03 -2.874203681945800781e+00
9.779000000000000000e+03 -2.868277072906494141e+00
9.780000000000000000e+03 -2.823600530624389648e+00
9.781000000000000000e+03 -2.880306720733642578e+00
9.782000000000000000e+03 -2.854565858840942383e+00
9.783000000000000000e+03 -2.893891096115112305e+00
9.784000000000000000e+03 -2.889513254165649414e+00
9.785000000000000000e+03 -2.869352340698242188e+00
9.786000000000000000e+03 -2.846963882446289062e+00
9.787000000000000000e+03 -2.806687116622924805e+00
9.788000000000000000e+03 -2.860841274261474609e+00
9.789000000000000000e+03 -2.883542060852050781e+00
9.790000000000000000e+03 -2.899217367172241211e+00
9.791000000000000000e+03 -2.873418569564819336e+00
9.792000000000000000e+03 -2.935113430023193359e+00
9.793000000000000000e+03 -2.928167343139648438e+00
9.794000000000000000e+03 -2.927038192749023438e+00
9.795000000000000000e+03 -2.843655586242675781e+00
9.796000000000000000e+03 -2.870520591735839844e+00
9.797000000000000000e+03 -2.902345657348632812e+00
9.798000000000000000e+03 -2.909629583358764648e+00
9.799000000000000000e+03 -2.870276927947998047e+00
9.800000000000000000e+03 -2.910586118698120117e+00
9.801000000000000000e+03 -2.895256996154785156e+00
9.802000000000000000e+03 -2.893642663955688477e+00
9.803000000000000000e+03 -2.926402568817138672e+00
9.804000000000000000e+03 -2.889614582061767578e+00
9.805000000000000000e+03 -2.903183698654174805e+00
9.806000000000000000e+03 -2.924227476119995117e+00
9.807000000000000000e+03 -2.933946132659912109e+00
9.808000000000000000e+03 -2.904997110366821289e+00
9.809000000000000000e+03 -2.897782087326049805e+00
9.810000000000000000e+03 -2.908711194992065430e+00
9.811000000000000000e+03 -2.878194332122802734e+00
9.812000000000000000e+03 -2.830175161361694336e+00
9.813000000000000000e+03 -2.825335025787353516e+00
9.814000000000000000e+03 -2.827326774597167969e+00
9.815000000000000000e+03 -2.848618030548095703e+00
9.816000000000000000e+03 -2.899664163589477539e+00
9.817000000000000000e+03 -2.856525421142578125e+00
9.818000000000000000e+03 -2.851454496383666992e+00
9.819000000000000000e+03 -2.932409286499023438e+00
9.820000000000000000e+03 -2.884824752807617188e+00
9.821000000000000000e+03 -2.899858236312866211e+00
9.822000000000000000e+03 -2.903981924057006836e+00
9.823000000000000000e+03 -2.926951169967651367e+00
9.824000000000000000e+03 -2.924030542373657227e+00
9.825000000000000000e+03 -2.873174667358398438e+00
9.826000000000000000e+03 -2.927653312683105469e+00
9.827000000000000000e+03 -2.887941598892211914e+00
9.828000000000000000e+03 -2.873847961425781250e+00
9.829000000000000000e+03 -2.910690307617187500e+00
9.830000000000000000e+03 -2.933749914169311523e+00
9.831000000000000000e+03 -2.923234939575195312e+00
9.832000000000000000e+03 -2.947623252868652344e+00
9.833000000000000000e+03 -2.904470205307006836e+00
9.834000000000000000e+03 -2.859234809875488281e+00
9.835000000000000000e+03 -2.885504961013793945e+00
9.836000000000000000e+03 -2.869101524353027344e+00
9.837000000000000000e+03 -2.924697875976562500e+00
9.838000000000000000e+03 -2.938361167907714844e+00
9.839000000000000000e+03 -2.908103704452514648e+00
9.840000000000000000e+03 -2.848275661468505859e+00
9.841000000000000000e+03 -2.866944789886474609e+00
9.842000000000000000e+03 -2.889481544494628906e+00
9.843000000000000000e+03 -2.866164445877075195e+00
9.844000000000000000e+03 -2.853412628173828125e+00
9.845000000000000000e+03 -2.848944425582885742e+00
9.846000000000000000e+03 -2.860839843750000000e+00
9.847000000000000000e+03 -2.856450796127319336e+00
9.848000000000000000e+03 -2.798716306686401367e+00
9.849000000000000000e+03 -2.846975326538085938e+00
9.850000000000000000e+03 -2.873261451721191406e+00
9.851000000000000000e+03 -2.842236518859863281e+00
9.852000000000000000e+03 -2.817366361618041992e+00
9.853000000000000000e+03 -2.892120599746704102e+00
9.854000000000000000e+03 -2.915860176086425781e+00
9.855000000000000000e+03 -2.821861982345581055e+00
9.856000000000000000e+03 -2.863440513610839844e+00
9.857000000000000000e+03 -2.872470378875732422e+00
9.858000000000000000e+03 -2.856507778167724609e+00
9.859000000000000000e+03 -2.868679046630859375e+00
9.860000000000000000e+03 -2.824941873550415039e+00
9.861000000000000000e+03 -2.860538005828857422e+00
9.862000000000000000e+03 -2.842679977416992188e+00
9.863000000000000000e+03 -2.774117469787597656e+00
9.864000000000000000e+03 -2.820134639739990234e+00
9.865000000000000000e+03 -2.840079069137573242e+00
9.866000000000000000e+03 -2.834341287612915039e+00
9.867000000000000000e+03 -2.852619886398315430e+00
9.868000000000000000e+03 -2.836671352386474609e+00
9.869000000000000000e+03 -2.927247762680053711e+00
9.870000000000000000e+03 -2.841609477996826172e+00
9.871000000000000000e+03 -2.814209222793579102e+00
9.872000000000000000e+03 -2.833426237106323242e+00
9.873000000000000000e+03 -2.852315425872802734e+00
9.874000000000000000e+03 -2.815246105194091797e+00
9.875000000000000000e+03 -2.772021770477294922e+00
9.876000000000000000e+03 -2.824455499649047852e+00
9.877000000000000000e+03 -2.816863775253295898e+00
9.878000000000000000e+03 -2.814273118972778320e+00
9.879000000000000000e+03 -2.769097805023193359e+00
9.880000000000000000e+03 -2.785300016403198242e+00
9.881000000000000000e+03 -2.797968387603759766e+00
9.882000000000000000e+03 -2.770931482315063477e+00
9.883000000000000000e+03 -2.757196426391601562e+00
9.884000000000000000e+03 -2.774887323379516602e+00
9.885000000000000000e+03 -2.797149658203125000e+00
9.886000000000000000e+03 -2.801696538925170898e+00
9.887000000000000000e+03 -2.803540468215942383e+00
9.888000000000000000e+03 -2.810432910919189453e+00
9.889000000000000000e+03 -2.780009746551513672e+00
9.890000000000000000e+03 -2.763007640838623047e+00
9.891000000000000000e+03 -2.788135051727294922e+00
9.892000000000000000e+03 -2.786272525787353516e+00
9.893000000000000000e+03 -2.746398210525512695e+00
9.894000000000000000e+03 -2.784719944000244141e+00
9.895000000000000000e+03 -2.785977840423583984e+00
9.896000000000000000e+03 -2.760127782821655273e+00
9.897000000000000000e+03 -2.790878772735595703e+00
9.898000000000000000e+03 -2.792413711547851562e+00
9.899000000000000000e+03 -2.818427562713623047e+00
9.900000000000000000e+03 -2.838200330734252930e+00
9.901000000000000000e+03 -2.825006723403930664e+00
9.902000000000000000e+03 -2.751432895660400391e+00
9.903000000000000000e+03 -2.765044450759887695e+00
9.904000000000000000e+03 -2.802380800247192383e+00
9.905000000000000000e+03 -2.785461664199829102e+00
9.906000000000000000e+03 -2.859595775604248047e+00
9.907000000000000000e+03 -2.840849637985229492e+00
9.908000000000000000e+03 -2.878472805023193359e+00
9.909000000000000000e+03 -2.863384485244750977e+00
9.910000000000000000e+03 -2.827523231506347656e+00
9.911000000000000000e+03 -2.825095415115356445e+00
9.912000000000000000e+03 -2.793349266052246094e+00
9.913000000000000000e+03 -2.822795152664184570e+00
9.914000000000000000e+03 -2.826335430145263672e+00
9.915000000000000000e+03 -2.832463026046752930e+00
9.916000000000000000e+03 -2.852027893066406250e+00
9.917000000000000000e+03 -2.862034320831298828e+00
9.918000000000000000e+03 -2.845913171768188477e+00
9.919000000000000000e+03 -2.892265319824218750e+00
9.920000000000000000e+03 -2.889188289642333984e+00
9.921000000000000000e+03 -2.860715150833129883e+00
9.922000000000000000e+03 -2.883236646652221680e+00
9.923000000000000000e+03 -2.829429388046264648e+00
9.924000000000000000e+03 -2.885948657989501953e+00
9.925000000000000000e+03 -2.809056520462036133e+00
9.926000000000000000e+03 -2.877849578857421875e+00
9.927000000000000000e+03 -2.907492160797119141e+00
9.928000000000000000e+03 -2.848744392395019531e+00
9.929000000000000000e+03 -2.883875608444213867e+00
9.930000000000000000e+03 -2.892058610916137695e+00
9.931000000000000000e+03 -2.919625759124755859e+00
9.932000000000000000e+03 -2.878825902938842773e+00
9.933000000000000000e+03 -2.903807401657104492e+00
9.934000000000000000e+03 -2.879877328872680664e+00
9.935000000000000000e+03 -2.862472534179687500e+00
9.936000000000000000e+03 -2.917499303817749023e+00
9.937000000000000000e+03 -2.940072298049926758e+00
9.938000000000000000e+03 -2.901540279388427734e+00
9.939000000000000000e+03 -2.888646125793457031e+00
9.940000000000000000e+03 -2.850748777389526367e+00
9.941000000000000000e+03 -2.840312242507934570e+00
9.942000000000000000e+03 -2.864660501480102539e+00
9.943000000000000000e+03 -2.829838991165161133e+00
9.944000000000000000e+03 -2.850379705429077148e+00
9.945000000000000000e+03 -2.877345800399780273e+00
9.946000000000000000e+03 -2.883816719055175781e+00
9.947000000000000000e+03 -2.903300523757934570e+00
9.948000000000000000e+03 -2.852740764617919922e+00
9.949000000000000000e+03 -2.825040340423583984e+00
9.950000000000000000e+03 -2.889049053192138672e+00
9.951000000000000000e+03 -2.883853197097778320e+00
9.952000000000000000e+03 -2.934552907943725586e+00
9.953000000000000000e+03 -2.897309064865112305e+00
9.954000000000000000e+03 -2.879530191421508789e+00
9.955000000000000000e+03 -2.872715473175048828e+00
9.956000000000000000e+03 -2.878116846084594727e+00
9.957000000000000000e+03 -2.866860866546630859e+00
9.958000000000000000e+03 -2.887530326843261719e+00
9.959000000000000000e+03 -2.859145641326904297e+00
9.960000000000000000e+03 -2.899449586868286133e+00
9.961000000000000000e+03 -2.908348560333251953e+00
9.962000000000000000e+03 -2.880364179611206055e+00
9.963000000000000000e+03 -2.910023450851440430e+00
9.964000000000000000e+03 -2.912888050079345703e+00
9.965000000000000000e+03 -2.940828084945678711e+00
9.966000000000000000e+03 -2.882567882537841797e+00
9.967000000000000000e+03 -2.910742759704589844e+00
9.968000000000000000e+03 -2.946673393249511719e+00
9.969000000000000000e+03 -2.874493598937988281e+00
9.970000000000000000e+03 -2.923500299453735352e+00
9.971000000000000000e+03 -2.909013032913208008e+00
9.972000000000000000e+03 -2.915613651275634766e+00
9.973000000000000000e+03 -2.866839647293090820e+00
9.974000000000000000e+03 -2.893202781677246094e+00
9.975000000000000000e+03 -2.919490098953247070e+00
9.976000000000000000e+03 -2.907307863235473633e+00
9.977000000000000000e+03 -2.960056304931640625e+00
9.978000000000000000e+03 -2.928456068038940430e+00
9.979000000000000000e+03 -2.910811424255371094e+00
9.980000000000000000e+03 -2.926175355911254883e+00
9.981000000000000000e+03 -2.911322355270385742e+00
9.982000000000000000e+03 -2.910973548889160156e+00
9.983000000000000000e+03 -2.915413618087768555e+00
9.984000000000000000e+03 -2.907372713088989258e+00
9.985000000000000000e+03 -2.927899122238159180e+00
9.986000000000000000e+03 -2.947445154190063477e+00
9.987000000000000000e+03 -2.908182144165039062e+00
9.988000000000000000e+03 -2.909713029861450195e+00
9.989000000000000000e+03 -2.889830589294433594e+00
9.990000000000000000e+03 -2.878156185150146484e+00
9.991000000000000000e+03 -2.909684181213378906e+00
9.992000000000000000e+03 -2.858092308044433594e+00
9.993000000000000000e+03 -2.855759143829345703e+00
9.994000000000000000e+03 -2.866281747817993164e+00
9.995000000000000000e+03 -2.849963426589965820e+00
9.996000000000000000e+03 -2.859714984893798828e+00
9.997000000000000000e+03 -2.858681678771972656e+00
9.998000000000000000e+03 -2.924137592315673828e+00
9.999000000000000000e+03 -2.894249200820922852e+00
