0.000000000000000000e+00 -2.205776214599609375e+00
1.000000000000000000e+00 -2.219589233398437500e+00
2.000000000000000000e+00 -2.228871107101440430e+00
3.000000000000000000e+00 -2.261330604553222656e+00
4.000000000000000000e+00 -2.242033720016479492e+00
5.000000000000000000e+00 -2.223574876785278320e+00
6.000000000000000000e+00 -2.246719360351562500e+00
7.000000000000000000e+00 -2.229465484619140625e+00
8.000000000000000000e+00 -2.279229402542114258e+00
9.000000000000000000e+00 -2.250196933746337891e+00
1.000000000000000000e+01 -2.195365667343139648e+00
1.100000000000000000e+01 -2.206071853637695312e+00
1.200000000000000000e+01 -2.159780025482177734e+00
1.300000000000000000e+01 -2.186154127120971680e+00
1.400000000000000000e+01 -2.226253747940063477e+00
1.500000000000000000e+01 -2.258125305175781250e+00
1.600000000000000000e+01 -2.258663415908813477e+00
1.700000000000000000e+01 -2.206417560577392578e+00
1.800000000000000000e+01 -2.239724636077880859e+00
1.900000000000000000e+01 -2.263012886047363281e+00
2.000000000000000000e+01 -2.155676603317260742e+00
2.100000000000000000e+01 -2.280358552932739258e+00
2.200000000000000000e+01 -2.228231668472290039e+00
2.300000000000000000e+01 -2.226504325866699219e+00
2.400000000000000000e+01 -2.221285343170166016e+00
2.500000000000000000e+01 -2.165365457534790039e+00
2.600000000000000000e+01 -2.234611749649047852e+00
2.700000000000000000e+01 -2.257260560989379883e+00
2.800000000000000000e+01 -2.208255767822265625e+00
2.900000000000000000e+01 -2.340007543563842773e+00
3.000000000000000000e+01 -2.209483623504638672e+00
3.100000000000000000e+01 -2.251077413558959961e+00
3.200000000000000000e+01 -2.275164604187011719e+00
3.300000000000000000e+01 -2.220092535018920898e+00
3.400000000000000000e+01 -2.235526800155639648e+00
3.500000000000000000e+01 -2.190493822097778320e+00
3.600000000000000000e+01 -2.238022089004516602e+00
3.700000000000000000e+01 -2.240147352218627930e+00
3.800000000000000000e+01 -2.186560392379760742e+00
3.900000000000000000e+01 -2.179575920104980469e+00
4.000000000000000000e+01 -2.173652410507202148e+00
4.100000000000000000e+01 -2.172357082366943359e+00
4.200000000000000000e+01 -2.178454399108886719e+00
4.300000000000000000e+01 -2.224786043167114258e+00
4.400000000000000000e+01 -2.177877426147460938e+00
4.500000000000000000e+01 -2.225390672683715820e+00
4.600000000000000000e+01 -2.178172588348388672e+00
4.700000000000000000e+01 -2.203718662261962891e+00
4.800000000000000000e+01 -2.233028173446655273e+00
4.900000000000000000e+01 -2.184333324432373047e+00
5.000000000000000000e+01 -2.164321899414062500e+00
5.100000000000000000e+01 -2.194636344909667969e+00
5.200000000000000000e+01 -2.219257593154907227e+00
5.300000000000000000e+01 -2.271428823471069336e+00
5.400000000000000000e+01 -2.220814228057861328e+00
5.500000000000000000e+01 -2.235883712768554688e+00
5.600000000000000000e+01 -2.296609640121459961e+00
5.700000000000000000e+01 -2.229200124740600586e+00
5.800000000000000000e+01 -2.178134441375732422e+00
5.900000000000000000e+01 -2.258500576019287109e+00
6.000000000000000000e+01 -2.252565383911132812e+00
6.100000000000000000e+01 -2.196241617202758789e+00
6.200000000000000000e+01 -2.195060968399047852e+00
6.300000000000000000e+01 -2.232395887374877930e+00
6.400000000000000000e+01 -2.198196172714233398e+00
6.500000000000000000e+01 -2.249187946319580078e+00
6.600000000000000000e+01 -2.204607248306274414e+00
6.700000000000000000e+01 -2.201042652130126953e+00
6.800000000000000000e+01 -2.240061283111572266e+00
6.900000000000000000e+01 -2.219457864761352539e+00
7.000000000000000000e+01 -2.175408363342285156e+00
7.100000000000000000e+01 -2.176292896270751953e+00
7.200000000000000000e+01 -2.222401380538940430e+00
7.300000000000000000e+01 -2.222554206848144531e+00
7.400000000000000000e+01 -2.194318294525146484e+00
7.500000000000000000e+01 -2.218457698822021484e+00
7.600000000000000000e+01 -2.190684556961059570e+00
7.700000000000000000e+01 -2.179191589355468750e+00
7.800000000000000000e+01 -2.171998023986816406e+00
7.900000000000000000e+01 -2.180353403091430664e+00
8.000000000000000000e+01 -2.210237503051757812e+00
8.100000000000000000e+01 -2.146456956863403320e+00
8.200000000000000000e+01 -2.224482059478759766e+00
8.300000000000000000e+01 -2.236104965209960938e+00
8.400000000000000000e+01 -2.250059127807617188e+00
8.500000000000000000e+01 -2.202349185943603516e+00
8.600000000000000000e+01 -2.177041292190551758e+00
8.700000000000000000e+01 -2.193224191665649414e+00
8.800000000000000000e+01 -2.211037158966064453e+00
8.900000000000000000e+01 -2.244959354400634766e+00
9.000000000000000000e+01 -2.253013849258422852e+00
9.100000000000000000e+01 -2.196027278900146484e+00
9.200000000000000000e+01 -2.222427606582641602e+00
9.300000000000000000e+01 -2.220470428466796875e+00
9.400000000000000000e+01 -2.243813753128051758e+00
9.500000000000000000e+01 -2.230507373809814453e+00
9.600000000000000000e+01 -2.177678823471069336e+00
9.700000000000000000e+01 -2.208149909973144531e+00
9.800000000000000000e+01 -2.201310157775878906e+00
9.900000000000000000e+01 -2.255355834960937500e+00
1.000000000000000000e+02 -2.229482889175415039e+00
1.010000000000000000e+02 -2.182314395904541016e+00
1.020000000000000000e+02 -2.185416936874389648e+00
1.030000000000000000e+02 -2.255896568298339844e+00
1.040000000000000000e+02 -2.190352439880371094e+00
1.050000000000000000e+02 -2.219289779663085938e+00
1.060000000000000000e+02 -2.213913440704345703e+00
1.070000000000000000e+02 -2.165863513946533203e+00
1.080000000000000000e+02 -2.150589466094970703e+00
1.090000000000000000e+02 -2.235793590545654297e+00
1.100000000000000000e+02 -2.197448253631591797e+00
1.110000000000000000e+02 -2.249849319458007812e+00
1.120000000000000000e+02 -2.202861309051513672e+00
1.130000000000000000e+02 -2.238287448883056641e+00
1.140000000000000000e+02 -2.215241432189941406e+00
1.150000000000000000e+02 -2.219554901123046875e+00
1.160000000000000000e+02 -2.208169460296630859e+00
1.170000000000000000e+02 -2.178021907806396484e+00
1.180000000000000000e+02 -2.190954208374023438e+00
1.190000000000000000e+02 -2.244677066802978516e+00
1.200000000000000000e+02 -2.259122133255004883e+00
1.210000000000000000e+02 -2.217712879180908203e+00
1.220000000000000000e+02 -2.184338569641113281e+00
1.230000000000000000e+02 -2.201980829238891602e+00
1.240000000000000000e+02 -2.160882949829101562e+00
1.250000000000000000e+02 -2.210915803909301758e+00
1.260000000000000000e+02 -2.259904384613037109e+00
1.270000000000000000e+02 -2.209884405136108398e+00
1.280000000000000000e+02 -2.216189384460449219e+00
1.290000000000000000e+02 -2.221744298934936523e+00
1.300000000000000000e+02 -2.249808549880981445e+00
1.310000000000000000e+02 -2.159582138061523438e+00
1.320000000000000000e+02 -2.238293170928955078e+00
1.330000000000000000e+02 -2.213391780853271484e+00
1.340000000000000000e+02 -2.178622245788574219e+00
1.350000000000000000e+02 -2.216099262237548828e+00
1.360000000000000000e+02 -2.208367109298706055e+00
1.370000000000000000e+02 -2.189080715179443359e+00
1.380000000000000000e+02 -2.252873182296752930e+00
1.390000000000000000e+02 -2.223963737487792969e+00
1.400000000000000000e+02 -2.209455966949462891e+00
1.410000000000000000e+02 -2.179930210113525391e+00
1.420000000000000000e+02 -2.200182676315307617e+00
1.430000000000000000e+02 -2.161404848098754883e+00
1.440000000000000000e+02 -2.199943780899047852e+00
1.450000000000000000e+02 -2.153168678283691406e+00
1.460000000000000000e+02 -2.218604326248168945e+00
1.470000000000000000e+02 -2.231526374816894531e+00
1.480000000000000000e+02 -2.207944393157958984e+00
1.490000000000000000e+02 -2.182929992675781250e+00
1.500000000000000000e+02 -2.230988264083862305e+00
1.510000000000000000e+02 -2.225878477096557617e+00
1.520000000000000000e+02 -2.221256971359252930e+00
1.530000000000000000e+02 -2.264763832092285156e+00
1.540000000000000000e+02 -2.230822324752807617e+00
1.550000000000000000e+02 -2.187398433685302734e+00
1.560000000000000000e+02 -2.182868719100952148e+00
1.570000000000000000e+02 -2.208642482757568359e+00
1.580000000000000000e+02 -2.225342750549316406e+00
1.590000000000000000e+02 -2.179102897644042969e+00
1.600000000000000000e+02 -2.192627191543579102e+00
1.610000000000000000e+02 -2.156402111053466797e+00
1.620000000000000000e+02 -2.240911722183227539e+00
1.630000000000000000e+02 -2.225699663162231445e+00
1.640000000000000000e+02 -2.211070537567138672e+00
1.650000000000000000e+02 -2.298346281051635742e+00
1.660000000000000000e+02 -2.267199993133544922e+00
1.670000000000000000e+02 -2.226932525634765625e+00
1.680000000000000000e+02 -2.186377763748168945e+00
1.690000000000000000e+02 -2.203296184539794922e+00
1.700000000000000000e+02 -2.149920225143432617e+00
1.710000000000000000e+02 -2.198989391326904297e+00
1.720000000000000000e+02 -2.196738243103027344e+00
1.730000000000000000e+02 -2.269484519958496094e+00
1.740000000000000000e+02 -2.235757350921630859e+00
1.750000000000000000e+02 -2.256425619125366211e+00
1.760000000000000000e+02 -2.285192728042602539e+00
1.770000000000000000e+02 -2.211738824844360352e+00
1.780000000000000000e+02 -2.223002910614013672e+00
1.790000000000000000e+02 -2.214431762695312500e+00
1.800000000000000000e+02 -2.178783178329467773e+00
1.810000000000000000e+02 -2.225507259368896484e+00
1.820000000000000000e+02 -2.231658458709716797e+00
1.830000000000000000e+02 -2.176596879959106445e+00
1.840000000000000000e+02 -2.187573432922363281e+00
1.850000000000000000e+02 -2.220770359039306641e+00
1.860000000000000000e+02 -2.266634464263916016e+00
1.870000000000000000e+02 -2.218326568603515625e+00
1.880000000000000000e+02 -2.239845991134643555e+00
1.890000000000000000e+02 -2.266384601593017578e+00
1.900000000000000000e+02 -2.224286794662475586e+00
1.910000000000000000e+02 -2.223331212997436523e+00
1.920000000000000000e+02 -2.259921789169311523e+00
1.930000000000000000e+02 -2.275633335113525391e+00
1.940000000000000000e+02 -2.201453447341918945e+00
1.950000000000000000e+02 -2.258562564849853516e+00
1.960000000000000000e+02 -2.289230108261108398e+00
1.970000000000000000e+02 -2.224494934082031250e+00
1.980000000000000000e+02 -2.223187923431396484e+00
1.990000000000000000e+02 -2.222830295562744141e+00
2.000000000000000000e+02 -2.183063507080078125e+00
2.010000000000000000e+02 -2.320930480957031250e+00
2.020000000000000000e+02 -2.270042419433593750e+00
2.030000000000000000e+02 -2.271046400070190430e+00
2.040000000000000000e+02 -2.209793806076049805e+00
2.050000000000000000e+02 -2.200575828552246094e+00
2.060000000000000000e+02 -2.251503944396972656e+00
2.070000000000000000e+02 -2.218438625335693359e+00
2.080000000000000000e+02 -2.224522590637207031e+00
2.090000000000000000e+02 -2.174146890640258789e+00
2.100000000000000000e+02 -2.195259571075439453e+00
2.110000000000000000e+02 -2.227991580963134766e+00
2.120000000000000000e+02 -2.228982686996459961e+00
2.130000000000000000e+02 -2.243276119232177734e+00
2.140000000000000000e+02 -2.220192670822143555e+00
2.150000000000000000e+02 -2.269591093063354492e+00
2.160000000000000000e+02 -2.243987560272216797e+00
2.170000000000000000e+02 -2.249626874923706055e+00
2.180000000000000000e+02 -2.222185373306274414e+00
2.190000000000000000e+02 -2.207217931747436523e+00
2.200000000000000000e+02 -2.237619876861572266e+00
2.210000000000000000e+02 -2.213567733764648438e+00
2.220000000000000000e+02 -2.304841518402099609e+00
2.230000000000000000e+02 -2.293724298477172852e+00
2.240000000000000000e+02 -2.287706375122070312e+00
2.250000000000000000e+02 -2.254563331604003906e+00
2.260000000000000000e+02 -2.250589609146118164e+00
2.270000000000000000e+02 -2.204513072967529297e+00
2.280000000000000000e+02 -2.211529970169067383e+00
2.290000000000000000e+02 -2.273781299591064453e+00
2.300000000000000000e+02 -2.253498077392578125e+00
2.310000000000000000e+02 -2.285702228546142578e+00
2.320000000000000000e+02 -2.231462955474853516e+00
2.330000000000000000e+02 -2.257603883743286133e+00
2.340000000000000000e+02 -2.264904975891113281e+00
2.350000000000000000e+02 -2.222678422927856445e+00
2.360000000000000000e+02 -2.280933141708374023e+00
2.370000000000000000e+02 -2.255419492721557617e+00
2.380000000000000000e+02 -2.215096473693847656e+00
2.390000000000000000e+02 -2.264218807220458984e+00
2.400000000000000000e+02 -2.260990858078002930e+00
2.410000000000000000e+02 -2.199010610580444336e+00
2.420000000000000000e+02 -2.200285434722900391e+00
2.430000000000000000e+02 -2.237261295318603516e+00
2.440000000000000000e+02 -2.239028692245483398e+00
2.450000000000000000e+02 -2.268770694732666016e+00
2.460000000000000000e+02 -2.216829776763916016e+00
2.470000000000000000e+02 -2.244415044784545898e+00
2.480000000000000000e+02 -2.174957036972045898e+00
2.490000000000000000e+02 -2.235652446746826172e+00
2.500000000000000000e+02 -2.162008523941040039e+00
2.510000000000000000e+02 -2.269281625747680664e+00
2.520000000000000000e+02 -2.218906641006469727e+00
2.530000000000000000e+02 -2.247306823730468750e+00
2.540000000000000000e+02 -2.260128498077392578e+00
2.550000000000000000e+02 -2.262055873870849609e+00
2.560000000000000000e+02 -2.287210702896118164e+00
2.570000000000000000e+02 -2.186298847198486328e+00
2.580000000000000000e+02 -2.305932283401489258e+00
2.590000000000000000e+02 -2.275423049926757812e+00
2.600000000000000000e+02 -2.206511020660400391e+00
2.610000000000000000e+02 -2.192878246307373047e+00
2.620000000000000000e+02 -2.240715980529785156e+00
2.630000000000000000e+02 -2.149553298950195312e+00
2.640000000000000000e+02 -2.238975048065185547e+00
2.650000000000000000e+02 -2.224951744079589844e+00
2.660000000000000000e+02 -2.199547052383422852e+00
2.670000000000000000e+02 -2.188757419586181641e+00
2.680000000000000000e+02 -2.196150779724121094e+00
2.690000000000000000e+02 -2.176872491836547852e+00
2.700000000000000000e+02 -2.207834243774414062e+00
2.710000000000000000e+02 -2.257085800170898438e+00
2.720000000000000000e+02 -2.170803308486938477e+00
2.730000000000000000e+02 -2.162765026092529297e+00
2.740000000000000000e+02 -2.180446386337280273e+00
2.750000000000000000e+02 -2.248689174652099609e+00
2.760000000000000000e+02 -2.218940019607543945e+00
2.770000000000000000e+02 -2.219495773315429688e+00
2.780000000000000000e+02 -2.242393493652343750e+00
2.790000000000000000e+02 -2.220788478851318359e+00
2.800000000000000000e+02 -2.221524715423583984e+00
2.810000000000000000e+02 -2.205276250839233398e+00
2.820000000000000000e+02 -2.237570047378540039e+00
2.830000000000000000e+02 -2.252765655517578125e+00
2.840000000000000000e+02 -2.256639480590820312e+00
2.850000000000000000e+02 -2.267848253250122070e+00
2.860000000000000000e+02 -2.209777593612670898e+00
2.870000000000000000e+02 -2.212171316146850586e+00
2.880000000000000000e+02 -2.248714685440063477e+00
2.890000000000000000e+02 -2.266162633895874023e+00
2.900000000000000000e+02 -2.236644983291625977e+00
2.910000000000000000e+02 -2.216251611709594727e+00
2.920000000000000000e+02 -2.280559062957763672e+00
2.930000000000000000e+02 -2.251474142074584961e+00
2.940000000000000000e+02 -2.235295772552490234e+00
2.950000000000000000e+02 -2.247253417968750000e+00
2.960000000000000000e+02 -2.266363143920898438e+00
2.970000000000000000e+02 -2.303562879562377930e+00
2.980000000000000000e+02 -2.268371343612670898e+00
2.990000000000000000e+02 -2.234597206115722656e+00
3.000000000000000000e+02 -2.260650157928466797e+00
3.010000000000000000e+02 -2.265339374542236328e+00
3.020000000000000000e+02 -2.249936103820800781e+00
3.030000000000000000e+02 -2.218196868896484375e+00
3.040000000000000000e+02 -2.187082052230834961e+00
3.050000000000000000e+02 -2.220279455184936523e+00
3.060000000000000000e+02 -2.227081537246704102e+00
3.070000000000000000e+02 -2.244642496109008789e+00
3.080000000000000000e+02 -2.183304548263549805e+00
3.090000000000000000e+02 -2.276411056518554688e+00
3.100000000000000000e+02 -2.227839469909667969e+00
3.110000000000000000e+02 -2.204332590103149414e+00
3.120000000000000000e+02 -2.291312456130981445e+00
3.130000000000000000e+02 -2.197255849838256836e+00
3.140000000000000000e+02 -2.237690210342407227e+00
3.150000000000000000e+02 -2.221698045730590820e+00
3.160000000000000000e+02 -2.237376689910888672e+00
3.170000000000000000e+02 -2.196489334106445312e+00
3.180000000000000000e+02 -2.186236858367919922e+00
3.190000000000000000e+02 -2.192240953445434570e+00
3.200000000000000000e+02 -2.303917169570922852e+00
3.210000000000000000e+02 -2.200692176818847656e+00
3.220000000000000000e+02 -2.187290430068969727e+00
3.230000000000000000e+02 -2.210076808929443359e+00
3.240000000000000000e+02 -2.242015123367309570e+00
3.250000000000000000e+02 -2.285741806030273438e+00
3.260000000000000000e+02 -2.244754314422607422e+00
3.270000000000000000e+02 -2.204115152359008789e+00
3.280000000000000000e+02 -2.221385002136230469e+00
3.290000000000000000e+02 -2.236708879470825195e+00
3.300000000000000000e+02 -2.225299835205078125e+00
3.310000000000000000e+02 -2.238309383392333984e+00
3.320000000000000000e+02 -2.263253688812255859e+00
3.330000000000000000e+02 -2.230937480926513672e+00
3.340000000000000000e+02 -2.182333230972290039e+00
3.350000000000000000e+02 -2.242952585220336914e+00
3.360000000000000000e+02 -2.255325794219970703e+00
3.370000000000000000e+02 -2.289184331893920898e+00
3.380000000000000000e+02 -2.241304874420166016e+00
3.390000000000000000e+02 -2.235197544097900391e+00
3.400000000000000000e+02 -2.266940832138061523e+00
3.410000000000000000e+02 -2.261046886444091797e+00
3.420000000000000000e+02 -2.244626522064208984e+00
3.430000000000000000e+02 -2.229336500167846680e+00
3.440000000000000000e+02 -2.241076707839965820e+00
3.450000000000000000e+02 -2.287956953048706055e+00
3.460000000000000000e+02 -2.330064296722412109e+00
3.470000000000000000e+02 -2.303089141845703125e+00
3.480000000000000000e+02 -2.238931179046630859e+00
3.490000000000000000e+02 -2.219550371170043945e+00
3.500000000000000000e+02 -2.213778495788574219e+00
3.510000000000000000e+02 -2.266748189926147461e+00
3.520000000000000000e+02 -2.256356477737426758e+00
3.530000000000000000e+02 -2.238358974456787109e+00
3.540000000000000000e+02 -2.258078098297119141e+00
3.550000000000000000e+02 -2.223105430603027344e+00
3.560000000000000000e+02 -2.220945596694946289e+00
3.570000000000000000e+02 -2.272743463516235352e+00
3.580000000000000000e+02 -2.266622066497802734e+00
3.590000000000000000e+02 -2.230953931808471680e+00
3.600000000000000000e+02 -2.227578639984130859e+00
3.610000000000000000e+02 -2.259627580642700195e+00
3.620000000000000000e+02 -2.257584333419799805e+00
3.630000000000000000e+02 -2.229402065277099609e+00
3.640000000000000000e+02 -2.214053869247436523e+00
3.650000000000000000e+02 -2.214779853820800781e+00
3.660000000000000000e+02 -2.246771812438964844e+00
3.670000000000000000e+02 -2.246011495590209961e+00
3.680000000000000000e+02 -2.200747966766357422e+00
3.690000000000000000e+02 -2.243995666503906250e+00
3.700000000000000000e+02 -2.253068208694458008e+00
3.710000000000000000e+02 -2.228097200393676758e+00
3.720000000000000000e+02 -2.270029544830322266e+00
3.730000000000000000e+02 -2.308756828308105469e+00
3.740000000000000000e+02 -2.224483728408813477e+00
3.750000000000000000e+02 -2.214201450347900391e+00
3.760000000000000000e+02 -2.254691839218139648e+00
3.770000000000000000e+02 -2.196793079376220703e+00
3.780000000000000000e+02 -2.220161437988281250e+00
3.790000000000000000e+02 -2.221160650253295898e+00
3.800000000000000000e+02 -2.270711421966552734e+00
3.810000000000000000e+02 -2.239906787872314453e+00
3.820000000000000000e+02 -2.210416793823242188e+00
3.830000000000000000e+02 -2.217739105224609375e+00
3.840000000000000000e+02 -2.248050689697265625e+00
3.850000000000000000e+02 -2.225022077560424805e+00
3.860000000000000000e+02 -2.240703105926513672e+00
3.870000000000000000e+02 -2.254146099090576172e+00
3.880000000000000000e+02 -2.205550193786621094e+00
3.890000000000000000e+02 -2.265059947967529297e+00
3.900000000000000000e+02 -2.209495782852172852e+00
3.910000000000000000e+02 -2.163687229156494141e+00
3.920000000000000000e+02 -2.199458360671997070e+00
3.930000000000000000e+02 -2.219806909561157227e+00
3.940000000000000000e+02 -2.250765323638916016e+00
3.950000000000000000e+02 -2.198451519012451172e+00
3.960000000000000000e+02 -2.216990232467651367e+00
3.970000000000000000e+02 -2.236062765121459961e+00
3.980000000000000000e+02 -2.252227306365966797e+00
3.990000000000000000e+02 -2.268665790557861328e+00
4.000000000000000000e+02 -2.236737251281738281e+00
4.010000000000000000e+02 -2.261182069778442383e+00
4.020000000000000000e+02 -2.299767017364501953e+00
4.030000000000000000e+02 -2.229243516921997070e+00
4.040000000000000000e+02 -2.278383731842041016e+00
4.050000000000000000e+02 -2.154675483703613281e+00
4.060000000000000000e+02 -2.217882156372070312e+00
4.070000000000000000e+02 -2.220901489257812500e+00
4.080000000000000000e+02 -2.253274917602539062e+00
4.090000000000000000e+02 -2.162245273590087891e+00
4.100000000000000000e+02 -2.122542142868041992e+00
4.110000000000000000e+02 -2.237588882446289062e+00
4.120000000000000000e+02 -2.279395818710327148e+00
4.130000000000000000e+02 -2.255919694900512695e+00
4.140000000000000000e+02 -2.237853765487670898e+00
4.150000000000000000e+02 -2.235486030578613281e+00
4.160000000000000000e+02 -2.229876756668090820e+00
4.170000000000000000e+02 -2.182140588760375977e+00
4.180000000000000000e+02 -2.205823898315429688e+00
4.190000000000000000e+02 -2.123675584793090820e+00
4.200000000000000000e+02 -2.219660282135009766e+00
4.210000000000000000e+02 -2.232521772384643555e+00
4.220000000000000000e+02 -2.227499961853027344e+00
4.230000000000000000e+02 -2.191985130310058594e+00
4.240000000000000000e+02 -2.212623119354248047e+00
4.250000000000000000e+02 -2.228119850158691406e+00
4.260000000000000000e+02 -2.190104961395263672e+00
4.270000000000000000e+02 -2.228135108947753906e+00
4.280000000000000000e+02 -2.157093048095703125e+00
4.290000000000000000e+02 -2.211221218109130859e+00
4.300000000000000000e+02 -2.218145847320556641e+00
4.310000000000000000e+02 -2.259205102920532227e+00
4.320000000000000000e+02 -2.210106372833251953e+00
4.330000000000000000e+02 -2.239216327667236328e+00
4.340000000000000000e+02 -2.209645748138427734e+00
4.350000000000000000e+02 -2.189222574234008789e+00
4.360000000000000000e+02 -2.168521404266357422e+00
4.370000000000000000e+02 -2.168177843093872070e+00
4.380000000000000000e+02 -2.177915096282958984e+00
4.390000000000000000e+02 -2.139019966125488281e+00
4.400000000000000000e+02 -2.203705072402954102e+00
4.410000000000000000e+02 -2.152956962585449219e+00
4.420000000000000000e+02 -2.192060947418212891e+00
4.430000000000000000e+02 -2.214757442474365234e+00
4.440000000000000000e+02 -2.213383913040161133e+00
4.450000000000000000e+02 -2.242806196212768555e+00
4.460000000000000000e+02 -2.226037740707397461e+00
4.470000000000000000e+02 -2.213708639144897461e+00
4.480000000000000000e+02 -2.202858209609985352e+00
4.490000000000000000e+02 -2.243125915527343750e+00
4.500000000000000000e+02 -2.190436363220214844e+00
4.510000000000000000e+02 -2.230095624923706055e+00
4.520000000000000000e+02 -2.238487958908081055e+00
4.530000000000000000e+02 -2.219750642776489258e+00
4.540000000000000000e+02 -2.210656166076660156e+00
4.550000000000000000e+02 -2.257834672927856445e+00
4.560000000000000000e+02 -2.166223287582397461e+00
4.570000000000000000e+02 -2.220750331878662109e+00
4.580000000000000000e+02 -2.164865493774414062e+00
4.590000000000000000e+02 -2.246346950531005859e+00
4.600000000000000000e+02 -2.259555816650390625e+00
4.610000000000000000e+02 -2.274812221527099609e+00
4.620000000000000000e+02 -2.185077190399169922e+00
4.630000000000000000e+02 -2.189339399337768555e+00
4.640000000000000000e+02 -2.198048353195190430e+00
4.650000000000000000e+02 -2.200143337249755859e+00
4.660000000000000000e+02 -2.267660617828369141e+00
4.670000000000000000e+02 -2.229240417480468750e+00
4.680000000000000000e+02 -2.227796077728271484e+00
4.690000000000000000e+02 -2.214584827423095703e+00
4.700000000000000000e+02 -2.218979358673095703e+00
4.710000000000000000e+02 -2.148674488067626953e+00
4.720000000000000000e+02 -2.229598045349121094e+00
4.730000000000000000e+02 -2.198702335357666016e+00
4.740000000000000000e+02 -2.225923299789428711e+00
4.750000000000000000e+02 -2.183084011077880859e+00
4.760000000000000000e+02 -2.244530916213989258e+00
4.770000000000000000e+02 -2.196708679199218750e+00
4.780000000000000000e+02 -2.167134284973144531e+00
4.790000000000000000e+02 -2.144830465316772461e+00
4.800000000000000000e+02 -2.169853210449218750e+00
4.810000000000000000e+02 -2.221227407455444336e+00
4.820000000000000000e+02 -2.168745994567871094e+00
4.830000000000000000e+02 -2.235174179077148438e+00
4.840000000000000000e+02 -2.202416181564331055e+00
4.850000000000000000e+02 -2.252316951751708984e+00
4.860000000000000000e+02 -2.227519512176513672e+00
4.870000000000000000e+02 -2.215955257415771484e+00
4.880000000000000000e+02 -2.265603303909301758e+00
4.890000000000000000e+02 -2.287140846252441406e+00
4.900000000000000000e+02 -2.286433458328247070e+00
4.910000000000000000e+02 -2.157224655151367188e+00
4.920000000000000000e+02 -2.214107990264892578e+00
4.930000000000000000e+02 -2.238089323043823242e+00
4.940000000000000000e+02 -2.221628427505493164e+00
4.950000000000000000e+02 -2.235936164855957031e+00
4.960000000000000000e+02 -2.223973274230957031e+00
4.970000000000000000e+02 -2.210999250411987305e+00
4.980000000000000000e+02 -2.189014911651611328e+00
4.990000000000000000e+02 -2.280765295028686523e+00
5.000000000000000000e+02 -2.236310720443725586e+00
5.010000000000000000e+02 -2.257883548736572266e+00
5.020000000000000000e+02 -2.221580982208251953e+00
5.030000000000000000e+02 -2.205793619155883789e+00
5.040000000000000000e+02 -2.211072444915771484e+00
5.050000000000000000e+02 -2.226545095443725586e+00
5.060000000000000000e+02 -2.181603193283081055e+00
5.070000000000000000e+02 -2.267411708831787109e+00
5.080000000000000000e+02 -2.214899539947509766e+00
5.090000000000000000e+02 -2.202009916305541992e+00
5.100000000000000000e+02 -2.216593742370605469e+00
5.110000000000000000e+02 -2.217960834503173828e+00
5.120000000000000000e+02 -2.114037513732910156e+00
5.130000000000000000e+02 -2.149932384490966797e+00
5.140000000000000000e+02 -2.239000082015991211e+00
5.150000000000000000e+02 -2.234821081161499023e+00
5.160000000000000000e+02 -2.201655387878417969e+00
5.170000000000000000e+02 -2.191412210464477539e+00
5.180000000000000000e+02 -2.202393770217895508e+00
5.190000000000000000e+02 -2.172659635543823242e+00
5.200000000000000000e+02 -2.221108436584472656e+00
5.210000000000000000e+02 -2.156462669372558594e+00
5.220000000000000000e+02 -2.214950084686279297e+00
5.230000000000000000e+02 -2.254605054855346680e+00
5.240000000000000000e+02 -2.183219432830810547e+00
5.250000000000000000e+02 -2.217823982238769531e+00
5.260000000000000000e+02 -2.241687536239624023e+00
5.270000000000000000e+02 -2.244129419326782227e+00
5.280000000000000000e+02 -2.183275222778320312e+00
5.290000000000000000e+02 -2.233973503112792969e+00
5.300000000000000000e+02 -2.239586353302001953e+00
5.310000000000000000e+02 -2.228530168533325195e+00
5.320000000000000000e+02 -2.194122791290283203e+00
5.330000000000000000e+02 -2.224095582962036133e+00
5.340000000000000000e+02 -2.258506059646606445e+00
5.350000000000000000e+02 -2.232579231262207031e+00
5.360000000000000000e+02 -2.135464191436767578e+00
5.370000000000000000e+02 -2.317327022552490234e+00
5.380000000000000000e+02 -2.238987207412719727e+00
5.390000000000000000e+02 -2.222281455993652344e+00
5.400000000000000000e+02 -2.230719089508056641e+00
5.410000000000000000e+02 -2.250154256820678711e+00
5.420000000000000000e+02 -2.282999992370605469e+00
5.430000000000000000e+02 -2.230535268783569336e+00
5.440000000000000000e+02 -2.269202232360839844e+00
5.450000000000000000e+02 -2.265989303588867188e+00
5.460000000000000000e+02 -2.283145189285278320e+00
5.470000000000000000e+02 -2.263935327529907227e+00
5.480000000000000000e+02 -2.216247320175170898e+00
5.490000000000000000e+02 -2.230348110198974609e+00
5.500000000000000000e+02 -2.246263504028320312e+00
5.510000000000000000e+02 -2.297288894653320312e+00
5.520000000000000000e+02 -2.247752666473388672e+00
5.530000000000000000e+02 -2.196782588958740234e+00
5.540000000000000000e+02 -2.275475502014160156e+00
5.550000000000000000e+02 -2.225454330444335938e+00
5.560000000000000000e+02 -2.218742132186889648e+00
5.570000000000000000e+02 -2.269657850265502930e+00
5.580000000000000000e+02 -2.229758739471435547e+00
5.590000000000000000e+02 -2.225744009017944336e+00
5.600000000000000000e+02 -2.244408369064331055e+00
5.610000000000000000e+02 -2.218343257904052734e+00
5.620000000000000000e+02 -2.266855001449584961e+00
5.630000000000000000e+02 -2.263994693756103516e+00
5.640000000000000000e+02 -2.222905635833740234e+00
5.650000000000000000e+02 -2.230005741119384766e+00
5.660000000000000000e+02 -2.234025239944458008e+00
5.670000000000000000e+02 -2.234281063079833984e+00
5.680000000000000000e+02 -2.265212059020996094e+00
5.690000000000000000e+02 -2.245501279830932617e+00
5.700000000000000000e+02 -2.196713924407958984e+00
5.710000000000000000e+02 -2.166485309600830078e+00
5.720000000000000000e+02 -2.262205362319946289e+00
5.730000000000000000e+02 -2.147851943969726562e+00
5.740000000000000000e+02 -2.164920091629028320e+00
5.750000000000000000e+02 -2.241852760314941406e+00
5.760000000000000000e+02 -2.222386598587036133e+00
5.770000000000000000e+02 -2.268160104751586914e+00
5.780000000000000000e+02 -2.208099365234375000e+00
5.790000000000000000e+02 -2.173763990402221680e+00
5.800000000000000000e+02 -2.128354549407958984e+00
5.810000000000000000e+02 -2.114236593246459961e+00
5.820000000000000000e+02 -2.136349678039550781e+00
5.830000000000000000e+02 -2.189092636108398438e+00
5.840000000000000000e+02 -2.210950851440429688e+00
5.850000000000000000e+02 -2.163013219833374023e+00
5.860000000000000000e+02 -2.187991857528686523e+00
5.870000000000000000e+02 -2.218454837799072266e+00
5.880000000000000000e+02 -2.171837568283081055e+00
5.890000000000000000e+02 -2.184346437454223633e+00
5.900000000000000000e+02 -2.215633392333984375e+00
5.910000000000000000e+02 -2.227477312088012695e+00
5.920000000000000000e+02 -2.263240814208984375e+00
5.930000000000000000e+02 -2.298328399658203125e+00
5.940000000000000000e+02 -2.176280498504638672e+00
5.950000000000000000e+02 -2.225528240203857422e+00
5.960000000000000000e+02 -2.210277318954467773e+00
5.970000000000000000e+02 -2.221730947494506836e+00
5.980000000000000000e+02 -2.216832637786865234e+00
5.990000000000000000e+02 -2.200147390365600586e+00
6.000000000000000000e+02 -2.185937881469726562e+00
6.010000000000000000e+02 -2.216910839080810547e+00
6.020000000000000000e+02 -2.188085079193115234e+00
6.030000000000000000e+02 -2.236869812011718750e+00
6.040000000000000000e+02 -2.185124874114990234e+00
6.050000000000000000e+02 -2.246015787124633789e+00
6.060000000000000000e+02 -2.191645860671997070e+00
6.070000000000000000e+02 -2.257531166076660156e+00
6.080000000000000000e+02 -2.213907480239868164e+00
6.090000000000000000e+02 -2.242792367935180664e+00
6.100000000000000000e+02 -2.243995666503906250e+00
6.110000000000000000e+02 -2.248478889465332031e+00
6.120000000000000000e+02 -2.236128568649291992e+00
6.130000000000000000e+02 -2.180369377136230469e+00
6.140000000000000000e+02 -2.225080013275146484e+00
6.150000000000000000e+02 -2.212365150451660156e+00
6.160000000000000000e+02 -2.234542131423950195e+00
6.170000000000000000e+02 -2.177945137023925781e+00
6.180000000000000000e+02 -2.173516273498535156e+00
6.190000000000000000e+02 -2.247777462005615234e+00
6.200000000000000000e+02 -2.217276573181152344e+00
6.210000000000000000e+02 -2.191217660903930664e+00
6.220000000000000000e+02 -2.168412685394287109e+00
6.230000000000000000e+02 -2.176630973815917969e+00
6.240000000000000000e+02 -2.219651699066162109e+00
6.250000000000000000e+02 -2.231980562210083008e+00
6.260000000000000000e+02 -2.208797216415405273e+00
6.270000000000000000e+02 -2.192649126052856445e+00
6.280000000000000000e+02 -2.251874208450317383e+00
6.290000000000000000e+02 -2.235553264617919922e+00
6.300000000000000000e+02 -2.215047121047973633e+00
6.310000000000000000e+02 -2.217261791229248047e+00
6.320000000000000000e+02 -2.211547136306762695e+00
6.330000000000000000e+02 -2.116283893585205078e+00
6.340000000000000000e+02 -2.205160856246948242e+00
6.350000000000000000e+02 -2.174558639526367188e+00
6.360000000000000000e+02 -2.168088674545288086e+00
6.370000000000000000e+02 -2.208632469177246094e+00
6.380000000000000000e+02 -2.257144689559936523e+00
6.390000000000000000e+02 -2.233152627944946289e+00
6.400000000000000000e+02 -2.186054229736328125e+00
6.410000000000000000e+02 -2.180146694183349609e+00
6.420000000000000000e+02 -2.241225242614746094e+00
6.430000000000000000e+02 -2.194262266159057617e+00
6.440000000000000000e+02 -2.178525924682617188e+00
6.450000000000000000e+02 -2.084737777709960938e+00
6.460000000000000000e+02 -2.194227218627929688e+00
6.470000000000000000e+02 -2.164531707763671875e+00
6.480000000000000000e+02 -2.164374351501464844e+00
6.490000000000000000e+02 -2.167857170104980469e+00
6.500000000000000000e+02 -2.198496341705322266e+00
6.510000000000000000e+02 -2.168506383895874023e+00
6.520000000000000000e+02 -2.174861192703247070e+00
6.530000000000000000e+02 -2.170563220977783203e+00
6.540000000000000000e+02 -2.246786832809448242e+00
6.550000000000000000e+02 -2.237591505050659180e+00
6.560000000000000000e+02 -2.221217870712280273e+00
6.570000000000000000e+02 -2.227486610412597656e+00
6.580000000000000000e+02 -2.177134990692138672e+00
6.590000000000000000e+02 -2.186275482177734375e+00
6.600000000000000000e+02 -2.172682762145996094e+00
6.610000000000000000e+02 -2.170078277587890625e+00
6.620000000000000000e+02 -2.183542490005493164e+00
6.630000000000000000e+02 -2.200526475906372070e+00
6.640000000000000000e+02 -2.201138973236083984e+00
6.650000000000000000e+02 -2.230387926101684570e+00
6.660000000000000000e+02 -2.256572008132934570e+00
6.670000000000000000e+02 -2.183061122894287109e+00
6.680000000000000000e+02 -2.187566518783569336e+00
6.690000000000000000e+02 -2.215319156646728516e+00
6.700000000000000000e+02 -2.235806226730346680e+00
6.710000000000000000e+02 -2.177847385406494141e+00
6.720000000000000000e+02 -2.208219289779663086e+00
6.730000000000000000e+02 -2.190157413482666016e+00
6.740000000000000000e+02 -2.156525135040283203e+00
6.750000000000000000e+02 -2.205224514007568359e+00
6.760000000000000000e+02 -2.156779766082763672e+00
6.770000000000000000e+02 -2.158813238143920898e+00
6.780000000000000000e+02 -2.122828245162963867e+00
6.790000000000000000e+02 -2.153530597686767578e+00
6.800000000000000000e+02 -2.189079761505126953e+00
6.810000000000000000e+02 -2.259105205535888672e+00
6.820000000000000000e+02 -2.243545532226562500e+00
6.830000000000000000e+02 -2.213019609451293945e+00
6.840000000000000000e+02 -2.254731416702270508e+00
6.850000000000000000e+02 -2.234498023986816406e+00
6.860000000000000000e+02 -2.282459735870361328e+00
6.870000000000000000e+02 -2.189289093017578125e+00
6.880000000000000000e+02 -2.131247997283935547e+00
6.890000000000000000e+02 -2.153880119323730469e+00
6.900000000000000000e+02 -2.197880029678344727e+00
6.910000000000000000e+02 -2.217555999755859375e+00
6.920000000000000000e+02 -2.202428102493286133e+00
6.930000000000000000e+02 -2.165189266204833984e+00
6.940000000000000000e+02 -2.248101949691772461e+00
6.950000000000000000e+02 -2.221518278121948242e+00
6.960000000000000000e+02 -2.205215930938720703e+00
6.970000000000000000e+02 -2.197977066040039062e+00
6.980000000000000000e+02 -2.167605400085449219e+00
6.990000000000000000e+02 -2.214136838912963867e+00
7.000000000000000000e+02 -2.156614303588867188e+00
7.010000000000000000e+02 -2.200742483139038086e+00
7.020000000000000000e+02 -2.245593547821044922e+00
7.030000000000000000e+02 -2.264816999435424805e+00
7.040000000000000000e+02 -2.235363721847534180e+00
7.050000000000000000e+02 -2.232119798660278320e+00
7.060000000000000000e+02 -2.222949504852294922e+00
7.070000000000000000e+02 -2.264499187469482422e+00
7.080000000000000000e+02 -2.178001403808593750e+00
7.090000000000000000e+02 -2.247004032135009766e+00
7.100000000000000000e+02 -2.189485788345336914e+00
7.110000000000000000e+02 -2.177656173706054688e+00
7.120000000000000000e+02 -2.219589948654174805e+00
7.130000000000000000e+02 -2.222921371459960938e+00
7.140000000000000000e+02 -2.226150512695312500e+00
7.150000000000000000e+02 -2.194593667984008789e+00
7.160000000000000000e+02 -2.222364187240600586e+00
7.170000000000000000e+02 -2.183966636657714844e+00
7.180000000000000000e+02 -2.167295932769775391e+00
7.190000000000000000e+02 -2.203023672103881836e+00
7.200000000000000000e+02 -2.205104351043701172e+00
7.210000000000000000e+02 -2.175614595413208008e+00
7.220000000000000000e+02 -2.272971630096435547e+00
7.230000000000000000e+02 -2.200561285018920898e+00
7.240000000000000000e+02 -2.194424390792846680e+00
7.250000000000000000e+02 -2.166295289993286133e+00
7.260000000000000000e+02 -2.178584098815917969e+00
7.270000000000000000e+02 -2.223688125610351562e+00
7.280000000000000000e+02 -2.254780769348144531e+00
7.290000000000000000e+02 -2.185802936553955078e+00
7.300000000000000000e+02 -2.215363979339599609e+00
7.310000000000000000e+02 -2.263548851013183594e+00
7.320000000000000000e+02 -2.205776453018188477e+00
7.330000000000000000e+02 -2.235172510147094727e+00
7.340000000000000000e+02 -2.187119483947753906e+00
7.350000000000000000e+02 -2.223051548004150391e+00
7.360000000000000000e+02 -2.214388370513916016e+00
7.370000000000000000e+02 -2.194442749023437500e+00
7.380000000000000000e+02 -2.193814516067504883e+00
7.390000000000000000e+02 -2.194821834564208984e+00
7.400000000000000000e+02 -2.215744018554687500e+00
7.410000000000000000e+02 -2.222550153732299805e+00
7.420000000000000000e+02 -2.140445232391357422e+00
7.430000000000000000e+02 -2.213244438171386719e+00
7.440000000000000000e+02 -2.155720233917236328e+00
7.450000000000000000e+02 -2.242598533630371094e+00
7.460000000000000000e+02 -2.201135396957397461e+00
7.470000000000000000e+02 -2.226028442382812500e+00
7.480000000000000000e+02 -2.212183237075805664e+00
7.490000000000000000e+02 -2.220671415328979492e+00
7.500000000000000000e+02 -2.192389011383056641e+00
7.510000000000000000e+02 -2.227584600448608398e+00
7.520000000000000000e+02 -2.261058807373046875e+00
7.530000000000000000e+02 -2.240877866744995117e+00
7.540000000000000000e+02 -2.223087310791015625e+00
7.550000000000000000e+02 -2.290746212005615234e+00
7.560000000000000000e+02 -2.242539167404174805e+00
7.570000000000000000e+02 -2.239196777343750000e+00
7.580000000000000000e+02 -2.239124298095703125e+00
7.590000000000000000e+02 -2.269913673400878906e+00
7.600000000000000000e+02 -2.261133670806884766e+00
7.610000000000000000e+02 -2.260641813278198242e+00
7.620000000000000000e+02 -2.269425868988037109e+00
7.630000000000000000e+02 -2.242839336395263672e+00
7.640000000000000000e+02 -2.235859394073486328e+00
7.650000000000000000e+02 -2.255640983581542969e+00
7.660000000000000000e+02 -2.248627662658691406e+00
7.670000000000000000e+02 -2.214427947998046875e+00
7.680000000000000000e+02 -2.236999988555908203e+00
7.690000000000000000e+02 -2.179992437362670898e+00
7.700000000000000000e+02 -2.202511548995971680e+00
7.710000000000000000e+02 -2.214350223541259766e+00
7.720000000000000000e+02 -2.223050355911254883e+00
7.730000000000000000e+02 -2.179205417633056641e+00
7.740000000000000000e+02 -2.202962398529052734e+00
7.750000000000000000e+02 -2.223402261734008789e+00
7.760000000000000000e+02 -2.191810846328735352e+00
7.770000000000000000e+02 -2.252544403076171875e+00
7.780000000000000000e+02 -2.210060596466064453e+00
7.790000000000000000e+02 -2.209038734436035156e+00
7.800000000000000000e+02 -2.224618196487426758e+00
7.810000000000000000e+02 -2.206502914428710938e+00
7.820000000000000000e+02 -2.228377342224121094e+00
7.830000000000000000e+02 -2.231468677520751953e+00
7.840000000000000000e+02 -2.221674203872680664e+00
7.850000000000000000e+02 -2.255990505218505859e+00
7.860000000000000000e+02 -2.197771549224853516e+00
7.870000000000000000e+02 -2.254056692123413086e+00
7.880000000000000000e+02 -2.270882129669189453e+00
7.890000000000000000e+02 -2.196391582489013672e+00
7.900000000000000000e+02 -2.182462930679321289e+00
7.910000000000000000e+02 -2.234656572341918945e+00
7.920000000000000000e+02 -2.228604793548583984e+00
7.930000000000000000e+02 -2.224742174148559570e+00
7.940000000000000000e+02 -2.188019752502441406e+00
7.950000000000000000e+02 -2.218697071075439453e+00
7.960000000000000000e+02 -2.176909446716308594e+00
7.970000000000000000e+02 -2.152546405792236328e+00
7.980000000000000000e+02 -2.146064519882202148e+00
7.990000000000000000e+02 -2.148711204528808594e+00
8.000000000000000000e+02 -2.138408660888671875e+00
8.010000000000000000e+02 -2.163767337799072266e+00
8.020000000000000000e+02 -2.147154808044433594e+00
8.030000000000000000e+02 -2.103790283203125000e+00
8.040000000000000000e+02 -2.096478223800659180e+00
8.050000000000000000e+02 -2.149717807769775391e+00
8.060000000000000000e+02 -2.167899608612060547e+00
8.070000000000000000e+02 -2.162324905395507812e+00
8.080000000000000000e+02 -2.150856494903564453e+00
8.090000000000000000e+02 -2.169775962829589844e+00
8.100000000000000000e+02 -2.144710063934326172e+00
8.110000000000000000e+02 -2.125841379165649414e+00
8.120000000000000000e+02 -2.191364526748657227e+00
8.130000000000000000e+02 -2.133862972259521484e+00
8.140000000000000000e+02 -2.174821853637695312e+00
8.150000000000000000e+02 -2.185815572738647461e+00
8.160000000000000000e+02 -2.162963151931762695e+00
8.170000000000000000e+02 -2.232635736465454102e+00
8.180000000000000000e+02 -2.250393390655517578e+00
8.190000000000000000e+02 -2.284559249877929688e+00
8.200000000000000000e+02 -2.225223779678344727e+00
8.210000000000000000e+02 -2.215344190597534180e+00
8.220000000000000000e+02 -2.249060153961181641e+00
8.230000000000000000e+02 -2.202728509902954102e+00
8.240000000000000000e+02 -2.270354509353637695e+00
8.250000000000000000e+02 -2.239850044250488281e+00
8.260000000000000000e+02 -2.293137550354003906e+00
8.270000000000000000e+02 -2.194689989089965820e+00
8.280000000000000000e+02 -2.201256990432739258e+00
8.290000000000000000e+02 -2.239734411239624023e+00
8.300000000000000000e+02 -2.198501110076904297e+00
8.310000000000000000e+02 -2.224267244338989258e+00
8.320000000000000000e+02 -2.230835437774658203e+00
8.330000000000000000e+02 -2.225248098373413086e+00
8.340000000000000000e+02 -2.194336175918579102e+00
8.350000000000000000e+02 -2.186544418334960938e+00
8.360000000000000000e+02 -2.203567028045654297e+00
8.370000000000000000e+02 -2.188086986541748047e+00
8.380000000000000000e+02 -2.237748622894287109e+00
8.390000000000000000e+02 -2.244205474853515625e+00
8.400000000000000000e+02 -2.226373195648193359e+00
8.410000000000000000e+02 -2.201403141021728516e+00
8.420000000000000000e+02 -2.170291662216186523e+00
8.430000000000000000e+02 -2.245329380035400391e+00
8.440000000000000000e+02 -2.211483001708984375e+00
8.450000000000000000e+02 -2.211148023605346680e+00
8.460000000000000000e+02 -2.175260066986083984e+00
8.470000000000000000e+02 -2.174175739288330078e+00
8.480000000000000000e+02 -2.207431554794311523e+00
8.490000000000000000e+02 -2.159948825836181641e+00
8.500000000000000000e+02 -2.238991260528564453e+00
8.510000000000000000e+02 -2.207793712615966797e+00
8.520000000000000000e+02 -2.195796012878417969e+00
8.530000000000000000e+02 -2.179370164871215820e+00
8.540000000000000000e+02 -2.158835887908935547e+00
8.550000000000000000e+02 -2.152838706970214844e+00
8.560000000000000000e+02 -2.185167789459228516e+00
8.570000000000000000e+02 -2.129069566726684570e+00
8.580000000000000000e+02 -2.184209346771240234e+00
8.590000000000000000e+02 -2.198024034500122070e+00
8.600000000000000000e+02 -2.171642780303955078e+00
8.610000000000000000e+02 -2.221879005432128906e+00
8.620000000000000000e+02 -2.272587299346923828e+00
8.630000000000000000e+02 -2.205021858215332031e+00
8.640000000000000000e+02 -2.213953256607055664e+00
8.650000000000000000e+02 -2.195661067962646484e+00
8.660000000000000000e+02 -2.214381694793701172e+00
8.670000000000000000e+02 -2.182527542114257812e+00
8.680000000000000000e+02 -2.258736610412597656e+00
8.690000000000000000e+02 -2.180448293685913086e+00
8.700000000000000000e+02 -2.251543045043945312e+00
8.710000000000000000e+02 -2.206106662750244141e+00
8.720000000000000000e+02 -2.227578639984130859e+00
8.730000000000000000e+02 -2.244170427322387695e+00
8.740000000000000000e+02 -2.184238433837890625e+00
8.750000000000000000e+02 -2.229948520660400391e+00
8.760000000000000000e+02 -2.185217857360839844e+00
8.770000000000000000e+02 -2.205074071884155273e+00
8.780000000000000000e+02 -2.236943960189819336e+00
8.790000000000000000e+02 -2.252024412155151367e+00
8.800000000000000000e+02 -2.234980106353759766e+00
8.810000000000000000e+02 -2.270003318786621094e+00
8.820000000000000000e+02 -2.240891933441162109e+00
8.830000000000000000e+02 -2.207255363464355469e+00
8.840000000000000000e+02 -2.259301662445068359e+00
8.850000000000000000e+02 -2.274873733520507812e+00
8.860000000000000000e+02 -2.217734813690185547e+00
8.870000000000000000e+02 -2.238307714462280273e+00
8.880000000000000000e+02 -2.287029743194580078e+00
8.890000000000000000e+02 -2.314020633697509766e+00
8.900000000000000000e+02 -2.236546754837036133e+00
8.910000000000000000e+02 -2.279536247253417969e+00
8.920000000000000000e+02 -2.295324325561523438e+00
8.930000000000000000e+02 -2.263047218322753906e+00
8.940000000000000000e+02 -2.297544002532958984e+00
8.950000000000000000e+02 -2.267593860626220703e+00
8.960000000000000000e+02 -2.215335130691528320e+00
8.970000000000000000e+02 -2.222523450851440430e+00
8.980000000000000000e+02 -2.242455959320068359e+00
8.990000000000000000e+02 -2.193849086761474609e+00
9.000000000000000000e+02 -2.268394947052001953e+00
9.010000000000000000e+02 -2.278197765350341797e+00
9.020000000000000000e+02 -2.238454341888427734e+00
9.030000000000000000e+02 -2.222506284713745117e+00
9.040000000000000000e+02 -2.285563945770263672e+00
9.050000000000000000e+02 -2.217054843902587891e+00
9.060000000000000000e+02 -2.235583305358886719e+00
9.070000000000000000e+02 -2.259694576263427734e+00
9.080000000000000000e+02 -2.212828874588012695e+00
9.090000000000000000e+02 -2.205012559890747070e+00
9.100000000000000000e+02 -2.205131053924560547e+00
9.110000000000000000e+02 -2.235330343246459961e+00
9.120000000000000000e+02 -2.262521982192993164e+00
9.130000000000000000e+02 -2.262978792190551758e+00
9.140000000000000000e+02 -2.209721565246582031e+00
9.150000000000000000e+02 -2.115537643432617188e+00
9.160000000000000000e+02 -2.225143671035766602e+00
9.170000000000000000e+02 -2.223611354827880859e+00
9.180000000000000000e+02 -2.287311315536499023e+00
9.190000000000000000e+02 -2.218668699264526367e+00
9.200000000000000000e+02 -2.233631610870361328e+00
9.210000000000000000e+02 -2.260644435882568359e+00
9.220000000000000000e+02 -2.202525615692138672e+00
9.230000000000000000e+02 -2.211610317230224609e+00
9.240000000000000000e+02 -2.212204456329345703e+00
9.250000000000000000e+02 -2.208678483963012695e+00
9.260000000000000000e+02 -2.194344282150268555e+00
9.270000000000000000e+02 -2.292010545730590820e+00
9.280000000000000000e+02 -2.178572654724121094e+00
9.290000000000000000e+02 -2.218016147613525391e+00
9.300000000000000000e+02 -2.270721673965454102e+00
9.310000000000000000e+02 -2.230976104736328125e+00
9.320000000000000000e+02 -2.232858180999755859e+00
9.330000000000000000e+02 -2.285236835479736328e+00
9.340000000000000000e+02 -2.246547222137451172e+00
9.350000000000000000e+02 -2.244783878326416016e+00
9.360000000000000000e+02 -2.253396511077880859e+00
9.370000000000000000e+02 -2.214889526367187500e+00
9.380000000000000000e+02 -2.258127927780151367e+00
9.390000000000000000e+02 -2.229258537292480469e+00
9.400000000000000000e+02 -2.244709491729736328e+00
9.410000000000000000e+02 -2.263395309448242188e+00
9.420000000000000000e+02 -2.226286411285400391e+00
9.430000000000000000e+02 -2.278002738952636719e+00
9.440000000000000000e+02 -2.244798660278320312e+00
9.450000000000000000e+02 -2.255459785461425781e+00
9.460000000000000000e+02 -2.207732439041137695e+00
9.470000000000000000e+02 -2.255669832229614258e+00
9.480000000000000000e+02 -2.244419097900390625e+00
9.490000000000000000e+02 -2.238759040832519531e+00
9.500000000000000000e+02 -2.192356348037719727e+00
9.510000000000000000e+02 -2.214015245437622070e+00
9.520000000000000000e+02 -2.186420440673828125e+00
9.530000000000000000e+02 -2.192364454269409180e+00
9.540000000000000000e+02 -2.217039585113525391e+00
9.550000000000000000e+02 -2.201052665710449219e+00
9.560000000000000000e+02 -2.228852510452270508e+00
9.570000000000000000e+02 -2.253707408905029297e+00
9.580000000000000000e+02 -2.161395549774169922e+00
9.590000000000000000e+02 -2.185528278350830078e+00
9.600000000000000000e+02 -2.136883258819580078e+00
9.610000000000000000e+02 -2.181557893753051758e+00
9.620000000000000000e+02 -2.260906696319580078e+00
9.630000000000000000e+02 -2.165738344192504883e+00
9.640000000000000000e+02 -2.174470901489257812e+00
9.650000000000000000e+02 -2.166343688964843750e+00
9.660000000000000000e+02 -2.262552261352539062e+00
9.670000000000000000e+02 -2.217902183532714844e+00
9.680000000000000000e+02 -2.175837039947509766e+00
9.690000000000000000e+02 -2.220038175582885742e+00
9.700000000000000000e+02 -2.223106145858764648e+00
9.710000000000000000e+02 -2.225920915603637695e+00
9.720000000000000000e+02 -2.210181236267089844e+00
9.730000000000000000e+02 -2.235111474990844727e+00
9.740000000000000000e+02 -2.208583354949951172e+00
9.750000000000000000e+02 -2.172166109085083008e+00
9.760000000000000000e+02 -2.239401817321777344e+00
9.770000000000000000e+02 -2.242765426635742188e+00
9.780000000000000000e+02 -2.186182260513305664e+00
9.790000000000000000e+02 -2.199390649795532227e+00
9.800000000000000000e+02 -2.205213785171508789e+00
9.810000000000000000e+02 -2.194125652313232422e+00
9.820000000000000000e+02 -2.206185340881347656e+00
9.830000000000000000e+02 -2.222341537475585938e+00
9.840000000000000000e+02 -2.221310138702392578e+00
9.850000000000000000e+02 -2.163484811782836914e+00
9.860000000000000000e+02 -2.164673089981079102e+00
9.870000000000000000e+02 -2.122065782546997070e+00
9.880000000000000000e+02 -2.154683589935302734e+00
9.890000000000000000e+02 -2.136750221252441406e+00
9.900000000000000000e+02 -2.119970798492431641e+00
9.910000000000000000e+02 -2.150400638580322266e+00
9.920000000000000000e+02 -2.236702203750610352e+00
9.930000000000000000e+02 -2.234064102172851562e+00
9.940000000000000000e+02 -2.150957107543945312e+00
9.950000000000000000e+02 -2.264091968536376953e+00
9.960000000000000000e+02 -2.202511072158813477e+00
9.970000000000000000e+02 -2.110863924026489258e+00
9.980000000000000000e+02 -2.162641048431396484e+00
9.990000000000000000e+02 -2.188080549240112305e+00
1.000000000000000000e+03 -2.211578845977783203e+00
1.001000000000000000e+03 -2.130572795867919922e+00
1.002000000000000000e+03 -2.177584171295166016e+00
1.003000000000000000e+03 -2.192092657089233398e+00
1.004000000000000000e+03 -2.170487403869628906e+00
1.005000000000000000e+03 -2.210388660430908203e+00
1.006000000000000000e+03 -2.233782529830932617e+00
1.007000000000000000e+03 -2.247132301330566406e+00
1.008000000000000000e+03 -2.181812763214111328e+00
1.009000000000000000e+03 -2.210313558578491211e+00
1.010000000000000000e+03 -2.234996318817138672e+00
1.011000000000000000e+03 -2.211094856262207031e+00
1.012000000000000000e+03 -2.220329284667968750e+00
1.013000000000000000e+03 -2.149120807647705078e+00
1.014000000000000000e+03 -2.172414302825927734e+00
1.015000000000000000e+03 -2.228737831115722656e+00
1.016000000000000000e+03 -2.210520744323730469e+00
1.017000000000000000e+03 -2.162425041198730469e+00
1.018000000000000000e+03 -2.159450769424438477e+00
1.019000000000000000e+03 -2.189494609832763672e+00
1.020000000000000000e+03 -2.186749458312988281e+00
1.021000000000000000e+03 -2.191849470138549805e+00
1.022000000000000000e+03 -2.195663213729858398e+00
1.023000000000000000e+03 -2.191706895828247070e+00
1.024000000000000000e+03 -2.174856424331665039e+00
1.025000000000000000e+03 -2.173175811767578125e+00
1.026000000000000000e+03 -2.088395833969116211e+00
1.027000000000000000e+03 -2.144718647003173828e+00
1.028000000000000000e+03 -2.126730203628540039e+00
1.029000000000000000e+03 -2.117052555084228516e+00
1.030000000000000000e+03 -2.173836231231689453e+00
1.031000000000000000e+03 -2.165716171264648438e+00
1.032000000000000000e+03 -2.138609409332275391e+00
1.033000000000000000e+03 -2.102366924285888672e+00
1.034000000000000000e+03 -2.101772546768188477e+00
1.035000000000000000e+03 -2.114438533782958984e+00
1.036000000000000000e+03 -2.115808963775634766e+00
1.037000000000000000e+03 -2.143240928649902344e+00
1.038000000000000000e+03 -2.143404006958007812e+00
1.039000000000000000e+03 -2.181216001510620117e+00
1.040000000000000000e+03 -2.152456998825073242e+00
1.041000000000000000e+03 -2.157952070236206055e+00
1.042000000000000000e+03 -2.181616783142089844e+00
1.043000000000000000e+03 -2.204021453857421875e+00
1.044000000000000000e+03 -2.210278987884521484e+00
1.045000000000000000e+03 -2.146207094192504883e+00
1.046000000000000000e+03 -2.157268047332763672e+00
1.047000000000000000e+03 -2.202217578887939453e+00
1.048000000000000000e+03 -2.165497541427612305e+00
1.049000000000000000e+03 -2.139814853668212891e+00
1.050000000000000000e+03 -2.165264129638671875e+00
1.051000000000000000e+03 -2.180322885513305664e+00
1.052000000000000000e+03 -2.181188583374023438e+00
1.053000000000000000e+03 -2.174573898315429688e+00
1.054000000000000000e+03 -2.153116226196289062e+00
1.055000000000000000e+03 -2.193201065063476562e+00
1.056000000000000000e+03 -2.219202518463134766e+00
1.057000000000000000e+03 -2.133847951889038086e+00
1.058000000000000000e+03 -2.124672412872314453e+00
1.059000000000000000e+03 -2.089105129241943359e+00
1.060000000000000000e+03 -2.105806827545166016e+00
1.061000000000000000e+03 -2.154577970504760742e+00
1.062000000000000000e+03 -2.180374860763549805e+00
1.063000000000000000e+03 -2.230642318725585938e+00
1.064000000000000000e+03 -2.216965436935424805e+00
1.065000000000000000e+03 -2.172863960266113281e+00
1.066000000000000000e+03 -2.178393840789794922e+00
1.067000000000000000e+03 -2.202452182769775391e+00
1.068000000000000000e+03 -2.169015407562255859e+00
1.069000000000000000e+03 -2.195627450942993164e+00
1.070000000000000000e+03 -2.175872325897216797e+00
1.071000000000000000e+03 -2.177312374114990234e+00
1.072000000000000000e+03 -2.211354970932006836e+00
1.073000000000000000e+03 -2.210500717163085938e+00
1.074000000000000000e+03 -2.231147289276123047e+00
1.075000000000000000e+03 -2.222458362579345703e+00
1.076000000000000000e+03 -2.135007381439208984e+00
1.077000000000000000e+03 -2.236776590347290039e+00
1.078000000000000000e+03 -2.226503849029541016e+00
1.079000000000000000e+03 -2.192948818206787109e+00
1.080000000000000000e+03 -2.221421480178833008e+00
1.081000000000000000e+03 -2.210232734680175781e+00
1.082000000000000000e+03 -2.211857795715332031e+00
1.083000000000000000e+03 -2.207682847976684570e+00
1.084000000000000000e+03 -2.188462257385253906e+00
1.085000000000000000e+03 -2.174471139907836914e+00
1.086000000000000000e+03 -2.207810401916503906e+00
1.087000000000000000e+03 -2.126575946807861328e+00
1.088000000000000000e+03 -2.169712781906127930e+00
1.089000000000000000e+03 -2.168644428253173828e+00
1.090000000000000000e+03 -2.153397560119628906e+00
1.091000000000000000e+03 -2.191295623779296875e+00
1.092000000000000000e+03 -2.201959133148193359e+00
1.093000000000000000e+03 -2.134201765060424805e+00
1.094000000000000000e+03 -2.111914634704589844e+00
1.095000000000000000e+03 -2.156474590301513672e+00
1.096000000000000000e+03 -2.142234802246093750e+00
1.097000000000000000e+03 -2.172218561172485352e+00
1.098000000000000000e+03 -2.159845352172851562e+00
1.099000000000000000e+03 -2.189002275466918945e+00
1.100000000000000000e+03 -2.248465061187744141e+00
1.101000000000000000e+03 -2.216999053955078125e+00
1.102000000000000000e+03 -2.221312999725341797e+00
1.103000000000000000e+03 -2.238557338714599609e+00
1.104000000000000000e+03 -2.236773967742919922e+00
1.105000000000000000e+03 -2.193565368652343750e+00
1.106000000000000000e+03 -2.210451364517211914e+00
1.107000000000000000e+03 -2.210644006729125977e+00
1.108000000000000000e+03 -2.231185436248779297e+00
1.109000000000000000e+03 -2.187436580657958984e+00
1.110000000000000000e+03 -2.159337043762207031e+00
1.111000000000000000e+03 -2.146944522857666016e+00
1.112000000000000000e+03 -2.159568786621093750e+00
1.113000000000000000e+03 -2.142766714096069336e+00
1.114000000000000000e+03 -2.190043687820434570e+00
1.115000000000000000e+03 -2.168724536895751953e+00
1.116000000000000000e+03 -2.090791940689086914e+00
1.117000000000000000e+03 -2.170731067657470703e+00
1.118000000000000000e+03 -2.160299777984619141e+00
1.119000000000000000e+03 -2.105703115463256836e+00
1.120000000000000000e+03 -2.111205101013183594e+00
1.121000000000000000e+03 -2.169680118560791016e+00
1.122000000000000000e+03 -2.144147872924804688e+00
1.123000000000000000e+03 -2.184454441070556641e+00
1.124000000000000000e+03 -2.140139579772949219e+00
1.125000000000000000e+03 -2.191269636154174805e+00
1.126000000000000000e+03 -2.165390729904174805e+00
1.127000000000000000e+03 -2.175083637237548828e+00
1.128000000000000000e+03 -2.131381988525390625e+00
1.129000000000000000e+03 -2.234147548675537109e+00
1.130000000000000000e+03 -2.162008762359619141e+00
1.131000000000000000e+03 -2.180207014083862305e+00
1.132000000000000000e+03 -2.213836669921875000e+00
1.133000000000000000e+03 -2.228671073913574219e+00
1.134000000000000000e+03 -2.239495992660522461e+00
1.135000000000000000e+03 -2.270642280578613281e+00
1.136000000000000000e+03 -2.328506946563720703e+00
1.137000000000000000e+03 -2.310419559478759766e+00
1.138000000000000000e+03 -2.267270565032958984e+00
1.139000000000000000e+03 -2.222459793090820312e+00
1.140000000000000000e+03 -2.245419263839721680e+00
1.141000000000000000e+03 -2.235257625579833984e+00
1.142000000000000000e+03 -2.232399940490722656e+00
1.143000000000000000e+03 -2.240195274353027344e+00
1.144000000000000000e+03 -2.194331407546997070e+00
1.145000000000000000e+03 -2.202661275863647461e+00
1.146000000000000000e+03 -2.250665426254272461e+00
1.147000000000000000e+03 -2.192629575729370117e+00
1.148000000000000000e+03 -2.227450370788574219e+00
1.149000000000000000e+03 -2.217874526977539062e+00
1.150000000000000000e+03 -2.256371021270751953e+00
1.151000000000000000e+03 -2.206991195678710938e+00
1.152000000000000000e+03 -2.271718978881835938e+00
1.153000000000000000e+03 -2.257239341735839844e+00
1.154000000000000000e+03 -2.234602212905883789e+00
1.155000000000000000e+03 -2.263982295989990234e+00
1.156000000000000000e+03 -2.265619754791259766e+00
1.157000000000000000e+03 -2.266551017761230469e+00
1.158000000000000000e+03 -2.236895561218261719e+00
1.159000000000000000e+03 -2.231113433837890625e+00
1.160000000000000000e+03 -2.208293437957763672e+00
1.161000000000000000e+03 -2.189109802246093750e+00
1.162000000000000000e+03 -2.194610834121704102e+00
1.163000000000000000e+03 -2.244151115417480469e+00
1.164000000000000000e+03 -2.247008800506591797e+00
1.165000000000000000e+03 -2.270623445510864258e+00
1.166000000000000000e+03 -2.277253150939941406e+00
1.167000000000000000e+03 -2.198579549789428711e+00
1.168000000000000000e+03 -2.228484630584716797e+00
1.169000000000000000e+03 -2.219234943389892578e+00
1.170000000000000000e+03 -2.205074787139892578e+00
1.171000000000000000e+03 -2.263952732086181641e+00
1.172000000000000000e+03 -2.203569173812866211e+00
1.173000000000000000e+03 -2.242744684219360352e+00
1.174000000000000000e+03 -2.197667360305786133e+00
1.175000000000000000e+03 -2.212326049804687500e+00
1.176000000000000000e+03 -2.270147800445556641e+00
1.177000000000000000e+03 -2.241118192672729492e+00
1.178000000000000000e+03 -2.282454967498779297e+00
1.179000000000000000e+03 -2.240050315856933594e+00
1.180000000000000000e+03 -2.176505327224731445e+00
1.181000000000000000e+03 -2.198912620544433594e+00
1.182000000000000000e+03 -2.239009857177734375e+00
1.183000000000000000e+03 -2.192920207977294922e+00
1.184000000000000000e+03 -2.187994003295898438e+00
1.185000000000000000e+03 -2.205405712127685547e+00
1.186000000000000000e+03 -2.222474098205566406e+00
1.187000000000000000e+03 -2.298400878906250000e+00
1.188000000000000000e+03 -2.187023162841796875e+00
1.189000000000000000e+03 -2.214309930801391602e+00
1.190000000000000000e+03 -2.169259786605834961e+00
1.191000000000000000e+03 -2.173966884613037109e+00
1.192000000000000000e+03 -2.222933053970336914e+00
1.193000000000000000e+03 -2.205808401107788086e+00
1.194000000000000000e+03 -2.191389322280883789e+00
1.195000000000000000e+03 -2.174940347671508789e+00
1.196000000000000000e+03 -2.235250949859619141e+00
1.197000000000000000e+03 -2.175569534301757812e+00
1.198000000000000000e+03 -2.167364120483398438e+00
1.199000000000000000e+03 -2.196537733078002930e+00
1.200000000000000000e+03 -2.192237854003906250e+00
1.201000000000000000e+03 -2.190535068511962891e+00
1.202000000000000000e+03 -2.158573865890502930e+00
1.203000000000000000e+03 -2.145778894424438477e+00
1.204000000000000000e+03 -2.210440635681152344e+00
1.205000000000000000e+03 -2.180362939834594727e+00
1.206000000000000000e+03 -2.192261457443237305e+00
1.207000000000000000e+03 -2.179582595825195312e+00
1.208000000000000000e+03 -2.162437438964843750e+00
1.209000000000000000e+03 -2.167905092239379883e+00
1.210000000000000000e+03 -2.168844461441040039e+00
1.211000000000000000e+03 -2.222367048263549805e+00
1.212000000000000000e+03 -2.230260372161865234e+00
1.213000000000000000e+03 -2.170086145401000977e+00
1.214000000000000000e+03 -2.171665668487548828e+00
1.215000000000000000e+03 -2.124274015426635742e+00
1.216000000000000000e+03 -2.229339122772216797e+00
1.217000000000000000e+03 -2.161951065063476562e+00
1.218000000000000000e+03 -2.180781841278076172e+00
1.219000000000000000e+03 -2.237643957138061523e+00
1.220000000000000000e+03 -2.301513671875000000e+00
1.221000000000000000e+03 -2.256725788116455078e+00
1.222000000000000000e+03 -2.187802314758300781e+00
1.223000000000000000e+03 -2.248884201049804688e+00
1.224000000000000000e+03 -2.253854990005493164e+00
1.225000000000000000e+03 -2.241424798965454102e+00
1.226000000000000000e+03 -2.207042694091796875e+00
1.227000000000000000e+03 -2.169724941253662109e+00
1.228000000000000000e+03 -2.180976629257202148e+00
1.229000000000000000e+03 -2.205648899078369141e+00
1.230000000000000000e+03 -2.220743656158447266e+00
1.231000000000000000e+03 -2.233409404754638672e+00
1.232000000000000000e+03 -2.223985910415649414e+00
1.233000000000000000e+03 -2.275773048400878906e+00
1.234000000000000000e+03 -2.307719469070434570e+00
1.235000000000000000e+03 -2.261786699295043945e+00
1.236000000000000000e+03 -2.224405288696289062e+00
1.237000000000000000e+03 -2.213777065277099609e+00
1.238000000000000000e+03 -2.287095308303833008e+00
1.239000000000000000e+03 -2.252674818038940430e+00
1.240000000000000000e+03 -2.222855329513549805e+00
1.241000000000000000e+03 -2.272936820983886719e+00
1.242000000000000000e+03 -2.306836128234863281e+00
1.243000000000000000e+03 -2.277097463607788086e+00
1.244000000000000000e+03 -2.227354288101196289e+00
1.245000000000000000e+03 -2.298833847045898438e+00
1.246000000000000000e+03 -2.297841548919677734e+00
1.247000000000000000e+03 -2.265754938125610352e+00
1.248000000000000000e+03 -2.211412429809570312e+00
1.249000000000000000e+03 -2.228398799896240234e+00
1.250000000000000000e+03 -2.194366931915283203e+00
1.251000000000000000e+03 -2.174400091171264648e+00
1.252000000000000000e+03 -2.211374759674072266e+00
1.253000000000000000e+03 -2.161684751510620117e+00
1.254000000000000000e+03 -2.211693763732910156e+00
1.255000000000000000e+03 -2.231482028961181641e+00
1.256000000000000000e+03 -2.232156991958618164e+00
1.257000000000000000e+03 -2.227640151977539062e+00
1.258000000000000000e+03 -2.247013568878173828e+00
1.259000000000000000e+03 -2.266248703002929688e+00
1.260000000000000000e+03 -2.258125305175781250e+00
1.261000000000000000e+03 -2.191928863525390625e+00
1.262000000000000000e+03 -2.303503990173339844e+00
1.263000000000000000e+03 -2.153524875640869141e+00
1.264000000000000000e+03 -2.210945606231689453e+00
1.265000000000000000e+03 -2.272817373275756836e+00
1.266000000000000000e+03 -2.202603340148925781e+00
1.267000000000000000e+03 -2.241390228271484375e+00
1.268000000000000000e+03 -2.233808994293212891e+00
1.269000000000000000e+03 -2.198672771453857422e+00
1.270000000000000000e+03 -2.240555524826049805e+00
1.271000000000000000e+03 -2.245525836944580078e+00
1.272000000000000000e+03 -2.209388256072998047e+00
1.273000000000000000e+03 -2.196900606155395508e+00
1.274000000000000000e+03 -2.192239284515380859e+00
1.275000000000000000e+03 -2.276119470596313477e+00
1.276000000000000000e+03 -2.319285869598388672e+00
1.277000000000000000e+03 -2.272508859634399414e+00
1.278000000000000000e+03 -2.177802324295043945e+00
1.279000000000000000e+03 -2.251735210418701172e+00
1.280000000000000000e+03 -2.251230716705322266e+00
1.281000000000000000e+03 -2.220061302185058594e+00
1.282000000000000000e+03 -2.268947601318359375e+00
1.283000000000000000e+03 -2.265491008758544922e+00
1.284000000000000000e+03 -2.201416492462158203e+00
1.285000000000000000e+03 -2.192499160766601562e+00
1.286000000000000000e+03 -2.237575292587280273e+00
1.287000000000000000e+03 -2.217636346817016602e+00
1.288000000000000000e+03 -2.148774623870849609e+00
1.289000000000000000e+03 -2.218428850173950195e+00
1.290000000000000000e+03 -2.181068420410156250e+00
1.291000000000000000e+03 -2.198201179504394531e+00
1.292000000000000000e+03 -2.232860088348388672e+00
1.293000000000000000e+03 -2.225655317306518555e+00
1.294000000000000000e+03 -2.174565792083740234e+00
1.295000000000000000e+03 -2.247480154037475586e+00
1.296000000000000000e+03 -2.253040313720703125e+00
1.297000000000000000e+03 -2.150457143783569336e+00
1.298000000000000000e+03 -2.191698074340820312e+00
1.299000000000000000e+03 -2.225302696228027344e+00
1.300000000000000000e+03 -2.190667152404785156e+00
1.301000000000000000e+03 -2.211168289184570312e+00
1.302000000000000000e+03 -2.193570852279663086e+00
1.303000000000000000e+03 -2.242023706436157227e+00
1.304000000000000000e+03 -2.175992965698242188e+00
1.305000000000000000e+03 -2.234502315521240234e+00
1.306000000000000000e+03 -2.199625968933105469e+00
1.307000000000000000e+03 -2.173890590667724609e+00
1.308000000000000000e+03 -2.208111763000488281e+00
1.309000000000000000e+03 -2.197403192520141602e+00
1.310000000000000000e+03 -2.202684640884399414e+00
1.311000000000000000e+03 -2.218481302261352539e+00
1.312000000000000000e+03 -2.245670795440673828e+00
1.313000000000000000e+03 -2.221084594726562500e+00
1.314000000000000000e+03 -2.263080120086669922e+00
1.315000000000000000e+03 -2.226099014282226562e+00
1.316000000000000000e+03 -2.179250955581665039e+00
1.317000000000000000e+03 -2.247000932693481445e+00
1.318000000000000000e+03 -2.196115493774414062e+00
1.319000000000000000e+03 -2.271098136901855469e+00
1.320000000000000000e+03 -2.237770557403564453e+00
1.321000000000000000e+03 -2.130348205566406250e+00
1.322000000000000000e+03 -2.204276561737060547e+00
1.323000000000000000e+03 -2.222688913345336914e+00
1.324000000000000000e+03 -2.163112640380859375e+00
1.325000000000000000e+03 -2.205630540847778320e+00
1.326000000000000000e+03 -2.259683370590209961e+00
1.327000000000000000e+03 -2.214812517166137695e+00
1.328000000000000000e+03 -2.221873760223388672e+00
1.329000000000000000e+03 -2.248977899551391602e+00
1.330000000000000000e+03 -2.205770492553710938e+00
1.331000000000000000e+03 -2.253718376159667969e+00
1.332000000000000000e+03 -2.194428205490112305e+00
1.333000000000000000e+03 -2.206818580627441406e+00
1.334000000000000000e+03 -2.250235557556152344e+00
1.335000000000000000e+03 -2.216609001159667969e+00
1.336000000000000000e+03 -2.232161283493041992e+00
1.337000000000000000e+03 -2.232763290405273438e+00
1.338000000000000000e+03 -2.244725942611694336e+00
1.339000000000000000e+03 -2.211233615875244141e+00
1.340000000000000000e+03 -2.236806631088256836e+00
1.341000000000000000e+03 -2.244483470916748047e+00
1.342000000000000000e+03 -2.199489355087280273e+00
1.343000000000000000e+03 -2.175954103469848633e+00
1.344000000000000000e+03 -2.192764520645141602e+00
1.345000000000000000e+03 -2.196957111358642578e+00
1.346000000000000000e+03 -2.252427101135253906e+00
1.347000000000000000e+03 -2.248563051223754883e+00
1.348000000000000000e+03 -2.242095232009887695e+00
1.349000000000000000e+03 -2.249471426010131836e+00
1.350000000000000000e+03 -2.205481767654418945e+00
1.351000000000000000e+03 -2.219743967056274414e+00
1.352000000000000000e+03 -2.252941608428955078e+00
1.353000000000000000e+03 -2.248917341232299805e+00
1.354000000000000000e+03 -2.267450332641601562e+00
1.355000000000000000e+03 -2.201251506805419922e+00
1.356000000000000000e+03 -2.216096639633178711e+00
1.357000000000000000e+03 -2.236348152160644531e+00
1.358000000000000000e+03 -2.256779670715332031e+00
1.359000000000000000e+03 -2.242274522781372070e+00
1.360000000000000000e+03 -2.198706865310668945e+00
1.361000000000000000e+03 -2.247770309448242188e+00
1.362000000000000000e+03 -2.250691890716552734e+00
1.363000000000000000e+03 -2.229569435119628906e+00
1.364000000000000000e+03 -2.180280923843383789e+00
1.365000000000000000e+03 -2.224045515060424805e+00
1.366000000000000000e+03 -2.196574926376342773e+00
1.367000000000000000e+03 -2.201077461242675781e+00
1.368000000000000000e+03 -2.166299819946289062e+00
1.369000000000000000e+03 -2.208102226257324219e+00
1.370000000000000000e+03 -2.220431327819824219e+00
1.371000000000000000e+03 -2.221007108688354492e+00
1.372000000000000000e+03 -2.209472179412841797e+00
1.373000000000000000e+03 -2.285859346389770508e+00
1.374000000000000000e+03 -2.247699499130249023e+00
1.375000000000000000e+03 -2.256878376007080078e+00
1.376000000000000000e+03 -2.241626977920532227e+00
1.377000000000000000e+03 -2.243325948715209961e+00
1.378000000000000000e+03 -2.242592811584472656e+00
1.379000000000000000e+03 -2.252348661422729492e+00
1.380000000000000000e+03 -2.250070095062255859e+00
1.381000000000000000e+03 -2.313776254653930664e+00
1.382000000000000000e+03 -2.210536956787109375e+00
1.383000000000000000e+03 -2.281620502471923828e+00
1.384000000000000000e+03 -2.244039773941040039e+00
1.385000000000000000e+03 -2.199875354766845703e+00
1.386000000000000000e+03 -2.207604408264160156e+00
1.387000000000000000e+03 -2.199892282485961914e+00
1.388000000000000000e+03 -2.235916137695312500e+00
1.389000000000000000e+03 -2.187695503234863281e+00
1.390000000000000000e+03 -2.228381633758544922e+00
1.391000000000000000e+03 -2.263190269470214844e+00
1.392000000000000000e+03 -2.184429168701171875e+00
1.393000000000000000e+03 -2.225886106491088867e+00
1.394000000000000000e+03 -2.221694946289062500e+00
1.395000000000000000e+03 -2.225852727890014648e+00
1.396000000000000000e+03 -2.166017055511474609e+00
1.397000000000000000e+03 -2.159112215042114258e+00
1.398000000000000000e+03 -2.153816461563110352e+00
1.399000000000000000e+03 -2.240578651428222656e+00
1.400000000000000000e+03 -2.238418340682983398e+00
1.401000000000000000e+03 -2.200003862380981445e+00
1.402000000000000000e+03 -2.222533464431762695e+00
1.403000000000000000e+03 -2.250989437103271484e+00
1.404000000000000000e+03 -2.226758956909179688e+00
1.405000000000000000e+03 -2.228809833526611328e+00
1.406000000000000000e+03 -2.288130283355712891e+00
1.407000000000000000e+03 -2.275251626968383789e+00
1.408000000000000000e+03 -2.255520343780517578e+00
1.409000000000000000e+03 -2.282696008682250977e+00
1.410000000000000000e+03 -2.234805345535278320e+00
1.411000000000000000e+03 -2.178730487823486328e+00
1.412000000000000000e+03 -2.208505392074584961e+00
1.413000000000000000e+03 -2.191862106323242188e+00
1.414000000000000000e+03 -2.192818641662597656e+00
1.415000000000000000e+03 -2.182264328002929688e+00
1.416000000000000000e+03 -2.238721370697021484e+00
1.417000000000000000e+03 -2.198455572128295898e+00
1.418000000000000000e+03 -2.170952320098876953e+00
1.419000000000000000e+03 -2.137253761291503906e+00
1.420000000000000000e+03 -2.148127079010009766e+00
1.421000000000000000e+03 -2.198407649993896484e+00
1.422000000000000000e+03 -2.245396852493286133e+00
1.423000000000000000e+03 -2.207721233367919922e+00
1.424000000000000000e+03 -2.217441797256469727e+00
1.425000000000000000e+03 -2.208973169326782227e+00
1.426000000000000000e+03 -2.230048656463623047e+00
1.427000000000000000e+03 -2.200954437255859375e+00
1.428000000000000000e+03 -2.245314598083496094e+00
1.429000000000000000e+03 -2.165938138961791992e+00
1.430000000000000000e+03 -2.218792915344238281e+00
1.431000000000000000e+03 -2.204425334930419922e+00
1.432000000000000000e+03 -2.169776678085327148e+00
1.433000000000000000e+03 -2.234769105911254883e+00
1.434000000000000000e+03 -2.243702650070190430e+00
1.435000000000000000e+03 -2.257992267608642578e+00
1.436000000000000000e+03 -2.199822425842285156e+00
1.437000000000000000e+03 -2.199927091598510742e+00
1.438000000000000000e+03 -2.230947494506835938e+00
1.439000000000000000e+03 -2.220945596694946289e+00
1.440000000000000000e+03 -2.222342252731323242e+00
1.441000000000000000e+03 -2.182166337966918945e+00
1.442000000000000000e+03 -2.208365440368652344e+00
1.443000000000000000e+03 -2.192254066467285156e+00
1.444000000000000000e+03 -2.109564542770385742e+00
1.445000000000000000e+03 -2.197013139724731445e+00
1.446000000000000000e+03 -2.138600349426269531e+00
1.447000000000000000e+03 -2.185693502426147461e+00
1.448000000000000000e+03 -2.163874149322509766e+00
1.449000000000000000e+03 -2.173696756362915039e+00
1.450000000000000000e+03 -2.139615535736083984e+00
1.451000000000000000e+03 -2.192720413208007812e+00
1.452000000000000000e+03 -2.216459035873413086e+00
1.453000000000000000e+03 -2.245260477066040039e+00
1.454000000000000000e+03 -2.269542932510375977e+00
1.455000000000000000e+03 -2.169325828552246094e+00
1.456000000000000000e+03 -2.228718519210815430e+00
1.457000000000000000e+03 -2.232460021972656250e+00
1.458000000000000000e+03 -2.169681549072265625e+00
1.459000000000000000e+03 -2.168182373046875000e+00
1.460000000000000000e+03 -2.257535934448242188e+00
1.461000000000000000e+03 -2.295447111129760742e+00
1.462000000000000000e+03 -2.254200696945190430e+00
1.463000000000000000e+03 -2.268196821212768555e+00
1.464000000000000000e+03 -2.221256494522094727e+00
1.465000000000000000e+03 -2.242384910583496094e+00
1.466000000000000000e+03 -2.194821357727050781e+00
1.467000000000000000e+03 -2.198481559753417969e+00
1.468000000000000000e+03 -2.256882429122924805e+00
1.469000000000000000e+03 -2.199706554412841797e+00
1.470000000000000000e+03 -2.255663394927978516e+00
1.471000000000000000e+03 -2.220587253570556641e+00
1.472000000000000000e+03 -2.255578994750976562e+00
1.473000000000000000e+03 -2.217339992523193359e+00
1.474000000000000000e+03 -2.250846862792968750e+00
1.475000000000000000e+03 -2.230401515960693359e+00
1.476000000000000000e+03 -2.154596328735351562e+00
1.477000000000000000e+03 -2.135373115539550781e+00
1.478000000000000000e+03 -2.150047779083251953e+00
1.479000000000000000e+03 -2.185625314712524414e+00
1.480000000000000000e+03 -2.221050024032592773e+00
1.481000000000000000e+03 -2.124778270721435547e+00
1.482000000000000000e+03 -2.246632337570190430e+00
1.483000000000000000e+03 -2.208346128463745117e+00
1.484000000000000000e+03 -2.203104734420776367e+00
1.485000000000000000e+03 -2.247201442718505859e+00
1.486000000000000000e+03 -2.259789466857910156e+00
1.487000000000000000e+03 -2.253228187561035156e+00
1.488000000000000000e+03 -2.267051219940185547e+00
1.489000000000000000e+03 -2.287980318069458008e+00
1.490000000000000000e+03 -2.252123355865478516e+00
1.491000000000000000e+03 -2.227375745773315430e+00
1.492000000000000000e+03 -2.215334177017211914e+00
1.493000000000000000e+03 -2.207883358001708984e+00
1.494000000000000000e+03 -2.230295896530151367e+00
1.495000000000000000e+03 -2.251297235488891602e+00
1.496000000000000000e+03 -2.271972179412841797e+00
1.497000000000000000e+03 -2.211946964263916016e+00
1.498000000000000000e+03 -2.233741283416748047e+00
1.499000000000000000e+03 -2.213615179061889648e+00
1.500000000000000000e+03 -2.229219198226928711e+00
1.501000000000000000e+03 -2.224223613739013672e+00
1.502000000000000000e+03 -2.255228519439697266e+00
1.503000000000000000e+03 -2.264800310134887695e+00
1.504000000000000000e+03 -2.242822408676147461e+00
1.505000000000000000e+03 -2.221472501754760742e+00
1.506000000000000000e+03 -2.173566818237304688e+00
1.507000000000000000e+03 -2.233889818191528320e+00
1.508000000000000000e+03 -2.208442687988281250e+00
1.509000000000000000e+03 -2.222338199615478516e+00
1.510000000000000000e+03 -2.201203823089599609e+00
1.511000000000000000e+03 -2.179631471633911133e+00
1.512000000000000000e+03 -2.226378440856933594e+00
1.513000000000000000e+03 -2.235316276550292969e+00
1.514000000000000000e+03 -2.236596822738647461e+00
1.515000000000000000e+03 -2.185516834259033203e+00
1.516000000000000000e+03 -2.195530414581298828e+00
1.517000000000000000e+03 -2.190021991729736328e+00
1.518000000000000000e+03 -2.211295366287231445e+00
1.519000000000000000e+03 -2.259126424789428711e+00
1.520000000000000000e+03 -2.193776845932006836e+00
1.521000000000000000e+03 -2.261222362518310547e+00
1.522000000000000000e+03 -2.171372890472412109e+00
1.523000000000000000e+03 -2.194833278656005859e+00
1.524000000000000000e+03 -2.259993553161621094e+00
1.525000000000000000e+03 -2.233689785003662109e+00
1.526000000000000000e+03 -2.203874588012695312e+00
1.527000000000000000e+03 -2.252823829650878906e+00
1.528000000000000000e+03 -2.238127708435058594e+00
1.529000000000000000e+03 -2.200156450271606445e+00
1.530000000000000000e+03 -2.214109420776367188e+00
1.531000000000000000e+03 -2.193611145019531250e+00
1.532000000000000000e+03 -2.159074306488037109e+00
1.533000000000000000e+03 -2.171696662902832031e+00
1.534000000000000000e+03 -2.232785224914550781e+00
1.535000000000000000e+03 -2.239474773406982422e+00
1.536000000000000000e+03 -2.202382326126098633e+00
1.537000000000000000e+03 -2.231109142303466797e+00
1.538000000000000000e+03 -2.189837455749511719e+00
1.539000000000000000e+03 -2.220964431762695312e+00
1.540000000000000000e+03 -2.263224601745605469e+00
1.541000000000000000e+03 -2.237850666046142578e+00
1.542000000000000000e+03 -2.279057025909423828e+00
1.543000000000000000e+03 -2.195442438125610352e+00
1.544000000000000000e+03 -2.200974225997924805e+00
1.545000000000000000e+03 -2.219627857208251953e+00
1.546000000000000000e+03 -2.235747575759887695e+00
1.547000000000000000e+03 -2.226818561553955078e+00
1.548000000000000000e+03 -2.233708620071411133e+00
1.549000000000000000e+03 -2.284586906433105469e+00
1.550000000000000000e+03 -2.164422273635864258e+00
1.551000000000000000e+03 -2.211441993713378906e+00
1.552000000000000000e+03 -2.221575736999511719e+00
1.553000000000000000e+03 -2.177840709686279297e+00
1.554000000000000000e+03 -2.234963178634643555e+00
1.555000000000000000e+03 -2.173633098602294922e+00
1.556000000000000000e+03 -2.217962503433227539e+00
1.557000000000000000e+03 -2.197535991668701172e+00
1.558000000000000000e+03 -2.241249084472656250e+00
1.559000000000000000e+03 -2.275268554687500000e+00
1.560000000000000000e+03 -2.298849344253540039e+00
1.561000000000000000e+03 -2.290986299514770508e+00
1.562000000000000000e+03 -2.260780096054077148e+00
1.563000000000000000e+03 -2.256130695343017578e+00
1.564000000000000000e+03 -2.277372837066650391e+00
1.565000000000000000e+03 -2.205533027648925781e+00
1.566000000000000000e+03 -2.261193752288818359e+00
1.567000000000000000e+03 -2.227452754974365234e+00
1.568000000000000000e+03 -2.263051271438598633e+00
1.569000000000000000e+03 -2.293246984481811523e+00
1.570000000000000000e+03 -2.273379325866699219e+00
1.571000000000000000e+03 -2.252485275268554688e+00
1.572000000000000000e+03 -2.210938930511474609e+00
1.573000000000000000e+03 -2.280584573745727539e+00
1.574000000000000000e+03 -2.271327018737792969e+00
1.575000000000000000e+03 -2.295558452606201172e+00
1.576000000000000000e+03 -2.202966690063476562e+00
1.577000000000000000e+03 -2.225766420364379883e+00
1.578000000000000000e+03 -2.267415761947631836e+00
1.579000000000000000e+03 -2.241401672363281250e+00
1.580000000000000000e+03 -2.230678081512451172e+00
1.581000000000000000e+03 -2.228904247283935547e+00
1.582000000000000000e+03 -2.218672275543212891e+00
1.583000000000000000e+03 -2.246182203292846680e+00
1.584000000000000000e+03 -2.277374505996704102e+00
1.585000000000000000e+03 -2.259061336517333984e+00
1.586000000000000000e+03 -2.238554716110229492e+00
1.587000000000000000e+03 -2.190165519714355469e+00
1.588000000000000000e+03 -2.196975469589233398e+00
1.589000000000000000e+03 -2.272492170333862305e+00
1.590000000000000000e+03 -2.186433553695678711e+00
1.591000000000000000e+03 -2.172119140625000000e+00
1.592000000000000000e+03 -2.223256587982177734e+00
1.593000000000000000e+03 -2.184594869613647461e+00
1.594000000000000000e+03 -2.228636741638183594e+00
1.595000000000000000e+03 -2.167493820190429688e+00
1.596000000000000000e+03 -2.213600635528564453e+00
1.597000000000000000e+03 -2.183369874954223633e+00
1.598000000000000000e+03 -2.146363735198974609e+00
1.599000000000000000e+03 -2.165133476257324219e+00
1.600000000000000000e+03 -2.192459821701049805e+00
1.601000000000000000e+03 -2.209702491760253906e+00
1.602000000000000000e+03 -2.200812339782714844e+00
1.603000000000000000e+03 -2.212369918823242188e+00
1.604000000000000000e+03 -2.200990915298461914e+00
1.605000000000000000e+03 -2.248538970947265625e+00
1.606000000000000000e+03 -2.221105337142944336e+00
1.607000000000000000e+03 -2.301120996475219727e+00
1.608000000000000000e+03 -2.301533460617065430e+00
1.609000000000000000e+03 -2.222973585128784180e+00
1.610000000000000000e+03 -2.240468502044677734e+00
1.611000000000000000e+03 -2.268391847610473633e+00
1.612000000000000000e+03 -2.288457632064819336e+00
1.613000000000000000e+03 -2.281668186187744141e+00
1.614000000000000000e+03 -2.220556735992431641e+00
1.615000000000000000e+03 -2.282995462417602539e+00
1.616000000000000000e+03 -2.194097280502319336e+00
1.617000000000000000e+03 -2.261359214782714844e+00
1.618000000000000000e+03 -2.239222288131713867e+00
1.619000000000000000e+03 -2.252325773239135742e+00
1.620000000000000000e+03 -2.252273082733154297e+00
1.621000000000000000e+03 -2.224742412567138672e+00
1.622000000000000000e+03 -2.189853429794311523e+00
1.623000000000000000e+03 -2.234805107116699219e+00
1.624000000000000000e+03 -2.199864387512207031e+00
1.625000000000000000e+03 -2.250479221343994141e+00
1.626000000000000000e+03 -2.158556461334228516e+00
1.627000000000000000e+03 -2.185399293899536133e+00
1.628000000000000000e+03 -2.234320402145385742e+00
1.629000000000000000e+03 -2.223451137542724609e+00
1.630000000000000000e+03 -2.237507820129394531e+00
1.631000000000000000e+03 -2.229455471038818359e+00
1.632000000000000000e+03 -2.213023185729980469e+00
1.633000000000000000e+03 -2.234375238418579102e+00
1.634000000000000000e+03 -2.185770988464355469e+00
1.635000000000000000e+03 -2.226968288421630859e+00
1.636000000000000000e+03 -2.205197095870971680e+00
1.637000000000000000e+03 -2.182206392288208008e+00
1.638000000000000000e+03 -2.239179134368896484e+00
1.639000000000000000e+03 -2.243553400039672852e+00
1.640000000000000000e+03 -2.239507436752319336e+00
1.641000000000000000e+03 -2.225574016571044922e+00
1.642000000000000000e+03 -2.206119060516357422e+00
1.643000000000000000e+03 -2.277939558029174805e+00
1.644000000000000000e+03 -2.207342624664306641e+00
1.645000000000000000e+03 -2.215312480926513672e+00
1.646000000000000000e+03 -2.218533039093017578e+00
1.647000000000000000e+03 -2.206898212432861328e+00
1.648000000000000000e+03 -2.215034246444702148e+00
1.649000000000000000e+03 -2.259877443313598633e+00
1.650000000000000000e+03 -2.202811241149902344e+00
1.651000000000000000e+03 -2.183597564697265625e+00
1.652000000000000000e+03 -2.172109842300415039e+00
1.653000000000000000e+03 -2.228552818298339844e+00
1.654000000000000000e+03 -2.235474824905395508e+00
1.655000000000000000e+03 -2.224408864974975586e+00
1.656000000000000000e+03 -2.256133794784545898e+00
1.657000000000000000e+03 -2.255424261093139648e+00
1.658000000000000000e+03 -2.131995201110839844e+00
1.659000000000000000e+03 -2.192110776901245117e+00
1.660000000000000000e+03 -2.247629165649414062e+00
1.661000000000000000e+03 -2.135929584503173828e+00
1.662000000000000000e+03 -2.191792011260986328e+00
1.663000000000000000e+03 -2.232532262802124023e+00
1.664000000000000000e+03 -2.176923274993896484e+00
1.665000000000000000e+03 -2.252068519592285156e+00
1.666000000000000000e+03 -2.143677711486816406e+00
1.667000000000000000e+03 -2.186675548553466797e+00
1.668000000000000000e+03 -2.228085279464721680e+00
1.669000000000000000e+03 -2.226831674575805664e+00
1.670000000000000000e+03 -2.216503381729125977e+00
1.671000000000000000e+03 -2.175514936447143555e+00
1.672000000000000000e+03 -2.192412376403808594e+00
1.673000000000000000e+03 -2.186609983444213867e+00
1.674000000000000000e+03 -2.273321151733398438e+00
1.675000000000000000e+03 -2.167781114578247070e+00
1.676000000000000000e+03 -2.215559482574462891e+00
1.677000000000000000e+03 -2.259282112121582031e+00
1.678000000000000000e+03 -2.230270862579345703e+00
1.679000000000000000e+03 -2.231803178787231445e+00
1.680000000000000000e+03 -2.225785970687866211e+00
1.681000000000000000e+03 -2.269004106521606445e+00
1.682000000000000000e+03 -2.236573696136474609e+00
1.683000000000000000e+03 -2.215276718139648438e+00
1.684000000000000000e+03 -2.209902286529541016e+00
1.685000000000000000e+03 -2.222703933715820312e+00
1.686000000000000000e+03 -2.266589641571044922e+00
1.687000000000000000e+03 -2.251416444778442383e+00
1.688000000000000000e+03 -2.211819410324096680e+00
1.689000000000000000e+03 -2.215569496154785156e+00
1.690000000000000000e+03 -2.250670433044433594e+00
1.691000000000000000e+03 -2.257352828979492188e+00
1.692000000000000000e+03 -2.219909667968750000e+00
1.693000000000000000e+03 -2.258152246475219727e+00
1.694000000000000000e+03 -2.301025152206420898e+00
1.695000000000000000e+03 -2.295244932174682617e+00
1.696000000000000000e+03 -2.158175945281982422e+00
1.697000000000000000e+03 -2.218467712402343750e+00
1.698000000000000000e+03 -2.210370063781738281e+00
1.699000000000000000e+03 -2.208733081817626953e+00
1.700000000000000000e+03 -2.165470123291015625e+00
1.701000000000000000e+03 -2.195578336715698242e+00
1.702000000000000000e+03 -2.210553407669067383e+00
1.703000000000000000e+03 -2.208405017852783203e+00
1.704000000000000000e+03 -2.201283931732177734e+00
1.705000000000000000e+03 -2.182189702987670898e+00
1.706000000000000000e+03 -2.192903995513916016e+00
1.707000000000000000e+03 -2.192443132400512695e+00
1.708000000000000000e+03 -2.275102853775024414e+00
1.709000000000000000e+03 -2.222396135330200195e+00
1.710000000000000000e+03 -2.290856838226318359e+00
1.711000000000000000e+03 -2.273464679718017578e+00
1.712000000000000000e+03 -2.276926994323730469e+00
1.713000000000000000e+03 -2.293914318084716797e+00
1.714000000000000000e+03 -2.277479171752929688e+00
1.715000000000000000e+03 -2.246959447860717773e+00
1.716000000000000000e+03 -2.290591716766357422e+00
1.717000000000000000e+03 -2.252054929733276367e+00
1.718000000000000000e+03 -2.239370346069335938e+00
1.719000000000000000e+03 -2.256453752517700195e+00
1.720000000000000000e+03 -2.287868499755859375e+00
1.721000000000000000e+03 -2.256479024887084961e+00
1.722000000000000000e+03 -2.238696575164794922e+00
1.723000000000000000e+03 -2.273799896240234375e+00
1.724000000000000000e+03 -2.290406465530395508e+00
1.725000000000000000e+03 -2.248436927795410156e+00
1.726000000000000000e+03 -2.228603124618530273e+00
1.727000000000000000e+03 -2.234256267547607422e+00
1.728000000000000000e+03 -2.266174793243408203e+00
1.729000000000000000e+03 -2.245145797729492188e+00
1.730000000000000000e+03 -2.255642890930175781e+00
1.731000000000000000e+03 -2.233943700790405273e+00
1.732000000000000000e+03 -2.258685350418090820e+00
1.733000000000000000e+03 -2.216522216796875000e+00
1.734000000000000000e+03 -2.252574682235717773e+00
1.735000000000000000e+03 -2.237262964248657227e+00
1.736000000000000000e+03 -2.273328781127929688e+00
1.737000000000000000e+03 -2.251186847686767578e+00
1.738000000000000000e+03 -2.202416419982910156e+00
1.739000000000000000e+03 -2.179363489151000977e+00
1.740000000000000000e+03 -2.213269710540771484e+00
1.741000000000000000e+03 -2.169037342071533203e+00
1.742000000000000000e+03 -2.221693992614746094e+00
1.743000000000000000e+03 -2.165619611740112305e+00
1.744000000000000000e+03 -2.172903060913085938e+00
1.745000000000000000e+03 -2.168767452239990234e+00
1.746000000000000000e+03 -2.219599485397338867e+00
1.747000000000000000e+03 -2.189458370208740234e+00
1.748000000000000000e+03 -2.197439670562744141e+00
1.749000000000000000e+03 -2.247101306915283203e+00
1.750000000000000000e+03 -2.236323833465576172e+00
1.751000000000000000e+03 -2.202008962631225586e+00
1.752000000000000000e+03 -2.267536878585815430e+00
1.753000000000000000e+03 -2.259401559829711914e+00
1.754000000000000000e+03 -2.240043878555297852e+00
1.755000000000000000e+03 -2.248239517211914062e+00
1.756000000000000000e+03 -2.238296031951904297e+00
1.757000000000000000e+03 -2.242837905883789062e+00
1.758000000000000000e+03 -2.175990819931030273e+00
1.759000000000000000e+03 -2.205709934234619141e+00
1.760000000000000000e+03 -2.160066366195678711e+00
1.761000000000000000e+03 -2.236845493316650391e+00
1.762000000000000000e+03 -2.197037935256958008e+00
1.763000000000000000e+03 -2.159409523010253906e+00
1.764000000000000000e+03 -2.226724863052368164e+00
1.765000000000000000e+03 -2.220961332321166992e+00
1.766000000000000000e+03 -2.165614128112792969e+00
1.767000000000000000e+03 -2.193927288055419922e+00
1.768000000000000000e+03 -2.258604764938354492e+00
1.769000000000000000e+03 -2.241199493408203125e+00
1.770000000000000000e+03 -2.263790607452392578e+00
1.771000000000000000e+03 -2.275094985961914062e+00
1.772000000000000000e+03 -2.281437158584594727e+00
1.773000000000000000e+03 -2.227055311203002930e+00
1.774000000000000000e+03 -2.221152544021606445e+00
1.775000000000000000e+03 -2.247094631195068359e+00
1.776000000000000000e+03 -2.258702754974365234e+00
1.777000000000000000e+03 -2.229049921035766602e+00
1.778000000000000000e+03 -2.227685451507568359e+00
1.779000000000000000e+03 -2.209097385406494141e+00
1.780000000000000000e+03 -2.242019891738891602e+00
1.781000000000000000e+03 -2.166645526885986328e+00
1.782000000000000000e+03 -2.186962127685546875e+00
1.783000000000000000e+03 -2.252749204635620117e+00
1.784000000000000000e+03 -2.251232385635375977e+00
1.785000000000000000e+03 -2.253873109817504883e+00
1.786000000000000000e+03 -2.198855161666870117e+00
1.787000000000000000e+03 -2.235704660415649414e+00
1.788000000000000000e+03 -2.175904750823974609e+00
1.789000000000000000e+03 -2.227536439895629883e+00
1.790000000000000000e+03 -2.237759113311767578e+00
1.791000000000000000e+03 -2.174224853515625000e+00
1.792000000000000000e+03 -2.215387821197509766e+00
1.793000000000000000e+03 -2.190227746963500977e+00
1.794000000000000000e+03 -2.226959228515625000e+00
1.795000000000000000e+03 -2.196516990661621094e+00
1.796000000000000000e+03 -2.185521125793457031e+00
1.797000000000000000e+03 -2.271160125732421875e+00
1.798000000000000000e+03 -2.233494520187377930e+00
1.799000000000000000e+03 -2.299589633941650391e+00
1.800000000000000000e+03 -2.318928241729736328e+00
1.801000000000000000e+03 -2.254683256149291992e+00
1.802000000000000000e+03 -2.236125230789184570e+00
1.803000000000000000e+03 -2.261161804199218750e+00
1.804000000000000000e+03 -2.255177259445190430e+00
1.805000000000000000e+03 -2.271800994873046875e+00
1.806000000000000000e+03 -2.294972658157348633e+00
1.807000000000000000e+03 -2.268717765808105469e+00
1.808000000000000000e+03 -2.229947328567504883e+00
1.809000000000000000e+03 -2.187354564666748047e+00
1.810000000000000000e+03 -2.237237215042114258e+00
1.811000000000000000e+03 -2.194567918777465820e+00
1.812000000000000000e+03 -2.221925735473632812e+00
1.813000000000000000e+03 -2.240316867828369141e+00
1.814000000000000000e+03 -2.240950584411621094e+00
1.815000000000000000e+03 -2.217694282531738281e+00
1.816000000000000000e+03 -2.267885446548461914e+00
1.817000000000000000e+03 -2.269399881362915039e+00
1.818000000000000000e+03 -2.239752054214477539e+00
1.819000000000000000e+03 -2.234983444213867188e+00
1.820000000000000000e+03 -2.261063337326049805e+00
1.821000000000000000e+03 -2.293204545974731445e+00
1.822000000000000000e+03 -2.265237569808959961e+00
1.823000000000000000e+03 -2.210258483886718750e+00
1.824000000000000000e+03 -2.273897409439086914e+00
1.825000000000000000e+03 -2.212412357330322266e+00
1.826000000000000000e+03 -2.213003396987915039e+00
1.827000000000000000e+03 -2.257068872451782227e+00
1.828000000000000000e+03 -2.221744060516357422e+00
1.829000000000000000e+03 -2.181409597396850586e+00
1.830000000000000000e+03 -2.197649717330932617e+00
1.831000000000000000e+03 -2.228999614715576172e+00
1.832000000000000000e+03 -2.206439495086669922e+00
1.833000000000000000e+03 -2.145693302154541016e+00
1.834000000000000000e+03 -2.233139991760253906e+00
1.835000000000000000e+03 -2.218799114227294922e+00
1.836000000000000000e+03 -2.198917388916015625e+00
1.837000000000000000e+03 -2.204389095306396484e+00
1.838000000000000000e+03 -2.187295913696289062e+00
1.839000000000000000e+03 -2.293322801589965820e+00
1.840000000000000000e+03 -2.271573066711425781e+00
1.841000000000000000e+03 -2.185830593109130859e+00
1.842000000000000000e+03 -2.224511384963989258e+00
1.843000000000000000e+03 -2.225328445434570312e+00
1.844000000000000000e+03 -2.203032970428466797e+00
1.845000000000000000e+03 -2.204014778137207031e+00
1.846000000000000000e+03 -2.224280357360839844e+00
1.847000000000000000e+03 -2.269732952117919922e+00
1.848000000000000000e+03 -2.233535289764404297e+00
1.849000000000000000e+03 -2.244290590286254883e+00
1.850000000000000000e+03 -2.215086460113525391e+00
1.851000000000000000e+03 -2.181218624114990234e+00
1.852000000000000000e+03 -2.197429895401000977e+00
1.853000000000000000e+03 -2.236121177673339844e+00
1.854000000000000000e+03 -2.236703157424926758e+00
1.855000000000000000e+03 -2.198759078979492188e+00
1.856000000000000000e+03 -2.240592002868652344e+00
1.857000000000000000e+03 -2.205502271652221680e+00
1.858000000000000000e+03 -2.266306638717651367e+00
1.859000000000000000e+03 -2.310990333557128906e+00
1.860000000000000000e+03 -2.274775981903076172e+00
1.861000000000000000e+03 -2.288940191268920898e+00
1.862000000000000000e+03 -2.267252683639526367e+00
1.863000000000000000e+03 -2.237465858459472656e+00
1.864000000000000000e+03 -2.277334451675415039e+00
1.865000000000000000e+03 -2.271414756774902344e+00
1.866000000000000000e+03 -2.227136135101318359e+00
1.867000000000000000e+03 -2.249543428421020508e+00
1.868000000000000000e+03 -2.218171596527099609e+00
1.869000000000000000e+03 -2.221712112426757812e+00
1.870000000000000000e+03 -2.242963314056396484e+00
1.871000000000000000e+03 -2.194027900695800781e+00
1.872000000000000000e+03 -2.246811389923095703e+00
1.873000000000000000e+03 -2.215689182281494141e+00
1.874000000000000000e+03 -2.201159238815307617e+00
1.875000000000000000e+03 -2.199804782867431641e+00
1.876000000000000000e+03 -2.219985961914062500e+00
1.877000000000000000e+03 -2.177955627441406250e+00
1.878000000000000000e+03 -2.237367630004882812e+00
1.879000000000000000e+03 -2.297177791595458984e+00
1.880000000000000000e+03 -2.233725070953369141e+00
1.881000000000000000e+03 -2.208450317382812500e+00
1.882000000000000000e+03 -2.252188682556152344e+00
1.883000000000000000e+03 -2.167967319488525391e+00
1.884000000000000000e+03 -2.218818187713623047e+00
1.885000000000000000e+03 -2.220505237579345703e+00
1.886000000000000000e+03 -2.278759002685546875e+00
1.887000000000000000e+03 -2.289604902267456055e+00
1.888000000000000000e+03 -2.194825172424316406e+00
1.889000000000000000e+03 -2.280824184417724609e+00
1.890000000000000000e+03 -2.229136228561401367e+00
1.891000000000000000e+03 -2.199556350708007812e+00
1.892000000000000000e+03 -2.193716049194335938e+00
1.893000000000000000e+03 -2.261284351348876953e+00
1.894000000000000000e+03 -2.256021738052368164e+00
1.895000000000000000e+03 -2.261727333068847656e+00
1.896000000000000000e+03 -2.267385005950927734e+00
1.897000000000000000e+03 -2.203902721405029297e+00
1.898000000000000000e+03 -2.298168659210205078e+00
1.899000000000000000e+03 -2.257427215576171875e+00
1.900000000000000000e+03 -2.244618654251098633e+00
1.901000000000000000e+03 -2.229339122772216797e+00
1.902000000000000000e+03 -2.263287782669067383e+00
1.903000000000000000e+03 -2.222103118896484375e+00
1.904000000000000000e+03 -2.268427371978759766e+00
1.905000000000000000e+03 -2.197590112686157227e+00
1.906000000000000000e+03 -2.248601913452148438e+00
1.907000000000000000e+03 -2.198774337768554688e+00
1.908000000000000000e+03 -2.276899576187133789e+00
1.909000000000000000e+03 -2.229644775390625000e+00
1.910000000000000000e+03 -2.303930282592773438e+00
1.911000000000000000e+03 -2.262003421783447266e+00
1.912000000000000000e+03 -2.285193920135498047e+00
1.913000000000000000e+03 -2.231488704681396484e+00
1.914000000000000000e+03 -2.243711471557617188e+00
1.915000000000000000e+03 -2.215227365493774414e+00
1.916000000000000000e+03 -2.222247123718261719e+00
1.917000000000000000e+03 -2.218849897384643555e+00
1.918000000000000000e+03 -2.227601766586303711e+00
1.919000000000000000e+03 -2.288357734680175781e+00
1.920000000000000000e+03 -2.248912811279296875e+00
1.921000000000000000e+03 -2.257759094238281250e+00
1.922000000000000000e+03 -2.292509078979492188e+00
1.923000000000000000e+03 -2.209661006927490234e+00
1.924000000000000000e+03 -2.241258144378662109e+00
1.925000000000000000e+03 -2.242393732070922852e+00
1.926000000000000000e+03 -2.219485044479370117e+00
1.927000000000000000e+03 -2.184689044952392578e+00
1.928000000000000000e+03 -2.207577943801879883e+00
1.929000000000000000e+03 -2.205497741699218750e+00
1.930000000000000000e+03 -2.183643817901611328e+00
1.931000000000000000e+03 -2.158419370651245117e+00
1.932000000000000000e+03 -2.224289894104003906e+00
1.933000000000000000e+03 -2.253029346466064453e+00
1.934000000000000000e+03 -2.199009656906127930e+00
1.935000000000000000e+03 -2.263170003890991211e+00
1.936000000000000000e+03 -2.179416894912719727e+00
1.937000000000000000e+03 -2.209742069244384766e+00
1.938000000000000000e+03 -2.252705335617065430e+00
1.939000000000000000e+03 -2.229455471038818359e+00
1.940000000000000000e+03 -2.139068126678466797e+00
1.941000000000000000e+03 -2.190514802932739258e+00
1.942000000000000000e+03 -2.176310777664184570e+00
1.943000000000000000e+03 -2.256381988525390625e+00
1.944000000000000000e+03 -2.196053743362426758e+00
1.945000000000000000e+03 -2.229555130004882812e+00
1.946000000000000000e+03 -2.208877086639404297e+00
1.947000000000000000e+03 -2.215962886810302734e+00
1.948000000000000000e+03 -2.215168952941894531e+00
1.949000000000000000e+03 -2.210253715515136719e+00
1.950000000000000000e+03 -2.227451324462890625e+00
1.951000000000000000e+03 -2.190740108489990234e+00
1.952000000000000000e+03 -2.199551343917846680e+00
1.953000000000000000e+03 -2.227416038513183594e+00
1.954000000000000000e+03 -2.151449441909790039e+00
1.955000000000000000e+03 -2.197579145431518555e+00
1.956000000000000000e+03 -2.185074806213378906e+00
1.957000000000000000e+03 -2.235764980316162109e+00
1.958000000000000000e+03 -2.187590599060058594e+00
1.959000000000000000e+03 -2.215000391006469727e+00
1.960000000000000000e+03 -2.219533205032348633e+00
1.961000000000000000e+03 -2.249821662902832031e+00
1.962000000000000000e+03 -2.261370897293090820e+00
1.963000000000000000e+03 -2.217498302459716797e+00
1.964000000000000000e+03 -2.232673645019531250e+00
1.965000000000000000e+03 -2.256155729293823242e+00
1.966000000000000000e+03 -2.214823007583618164e+00
1.967000000000000000e+03 -2.221748828887939453e+00
1.968000000000000000e+03 -2.238272190093994141e+00
1.969000000000000000e+03 -2.179699420928955078e+00
1.970000000000000000e+03 -2.182298660278320312e+00
1.971000000000000000e+03 -2.213772296905517578e+00
1.972000000000000000e+03 -2.195117235183715820e+00
1.973000000000000000e+03 -2.232649326324462891e+00
1.974000000000000000e+03 -2.176524400711059570e+00
1.975000000000000000e+03 -2.192621231079101562e+00
1.976000000000000000e+03 -2.175398111343383789e+00
1.977000000000000000e+03 -2.182830572128295898e+00
1.978000000000000000e+03 -2.148573398590087891e+00
1.979000000000000000e+03 -2.201552867889404297e+00
1.980000000000000000e+03 -2.221353530883789062e+00
1.981000000000000000e+03 -2.143458366394042969e+00
1.982000000000000000e+03 -2.172426223754882812e+00
1.983000000000000000e+03 -2.136438369750976562e+00
1.984000000000000000e+03 -2.206865310668945312e+00
1.985000000000000000e+03 -2.152485609054565430e+00
1.986000000000000000e+03 -2.219302177429199219e+00
1.987000000000000000e+03 -2.206759929656982422e+00
1.988000000000000000e+03 -2.146945476531982422e+00
1.989000000000000000e+03 -2.206545591354370117e+00
1.990000000000000000e+03 -2.181122064590454102e+00
1.991000000000000000e+03 -2.202397346496582031e+00
1.992000000000000000e+03 -2.206912755966186523e+00
1.993000000000000000e+03 -2.192239761352539062e+00
1.994000000000000000e+03 -2.185850143432617188e+00
1.995000000000000000e+03 -2.178133487701416016e+00
1.996000000000000000e+03 -2.197341442108154297e+00
1.997000000000000000e+03 -2.182762145996093750e+00
1.998000000000000000e+03 -2.220954418182373047e+00
1.999000000000000000e+03 -2.248415470123291016e+00
2.000000000000000000e+03 -2.221140861511230469e+00
2.001000000000000000e+03 -2.270096302032470703e+00
2.002000000000000000e+03 -2.223434448242187500e+00
2.003000000000000000e+03 -2.201748371124267578e+00
2.004000000000000000e+03 -2.192179679870605469e+00
2.005000000000000000e+03 -2.221149682998657227e+00
2.006000000000000000e+03 -2.198124408721923828e+00
2.007000000000000000e+03 -2.150511741638183594e+00
2.008000000000000000e+03 -2.168938636779785156e+00
2.009000000000000000e+03 -2.129179716110229492e+00
2.010000000000000000e+03 -2.135229349136352539e+00
2.011000000000000000e+03 -2.164410591125488281e+00
2.012000000000000000e+03 -2.177567243576049805e+00
2.013000000000000000e+03 -2.231738090515136719e+00
2.014000000000000000e+03 -2.209587574005126953e+00
2.015000000000000000e+03 -2.196773052215576172e+00
2.016000000000000000e+03 -2.158080101013183594e+00
2.017000000000000000e+03 -2.214359283447265625e+00
2.018000000000000000e+03 -2.184775829315185547e+00
2.019000000000000000e+03 -2.178215742111206055e+00
2.020000000000000000e+03 -2.182402372360229492e+00
2.021000000000000000e+03 -2.141612291336059570e+00
2.022000000000000000e+03 -2.184276342391967773e+00
2.023000000000000000e+03 -2.146350145339965820e+00
2.024000000000000000e+03 -2.220662117004394531e+00
2.025000000000000000e+03 -2.197523593902587891e+00
2.026000000000000000e+03 -2.217994928359985352e+00
2.027000000000000000e+03 -2.230391740798950195e+00
2.028000000000000000e+03 -2.246594905853271484e+00
2.029000000000000000e+03 -2.149020910263061523e+00
2.030000000000000000e+03 -2.210586309432983398e+00
2.031000000000000000e+03 -2.239236354827880859e+00
2.032000000000000000e+03 -2.185997009277343750e+00
2.033000000000000000e+03 -2.252018928527832031e+00
2.034000000000000000e+03 -2.163150787353515625e+00
2.035000000000000000e+03 -2.163323163986206055e+00
2.036000000000000000e+03 -2.198207855224609375e+00
2.037000000000000000e+03 -2.198316097259521484e+00
2.038000000000000000e+03 -2.184093236923217773e+00
2.039000000000000000e+03 -2.167995452880859375e+00
2.040000000000000000e+03 -2.209871530532836914e+00
2.041000000000000000e+03 -2.255954742431640625e+00
2.042000000000000000e+03 -2.209644556045532227e+00
2.043000000000000000e+03 -2.236970424652099609e+00
2.044000000000000000e+03 -2.259686946868896484e+00
2.045000000000000000e+03 -2.182978391647338867e+00
2.046000000000000000e+03 -2.169587373733520508e+00
2.047000000000000000e+03 -2.218562841415405273e+00
2.048000000000000000e+03 -2.209769248962402344e+00
2.049000000000000000e+03 -2.180080890655517578e+00
2.050000000000000000e+03 -2.187011718750000000e+00
2.051000000000000000e+03 -2.197304248809814453e+00
2.052000000000000000e+03 -2.206264495849609375e+00
2.053000000000000000e+03 -2.167230129241943359e+00
2.054000000000000000e+03 -2.205572128295898438e+00
2.055000000000000000e+03 -2.197997808456420898e+00
2.056000000000000000e+03 -2.167666912078857422e+00
2.057000000000000000e+03 -2.207532405853271484e+00
2.058000000000000000e+03 -2.235289335250854492e+00
2.059000000000000000e+03 -2.173475742340087891e+00
2.060000000000000000e+03 -2.205631256103515625e+00
2.061000000000000000e+03 -2.183476448059082031e+00
2.062000000000000000e+03 -2.198141574859619141e+00
2.063000000000000000e+03 -2.221841096878051758e+00
2.064000000000000000e+03 -2.213114738464355469e+00
2.065000000000000000e+03 -2.208564758300781250e+00
2.066000000000000000e+03 -2.171466827392578125e+00
2.067000000000000000e+03 -2.215945005416870117e+00
2.068000000000000000e+03 -2.207725286483764648e+00
2.069000000000000000e+03 -2.220198869705200195e+00
2.070000000000000000e+03 -2.231671810150146484e+00
2.071000000000000000e+03 -2.155122756958007812e+00
2.072000000000000000e+03 -2.219816923141479492e+00
2.073000000000000000e+03 -2.203091144561767578e+00
2.074000000000000000e+03 -2.224390745162963867e+00
2.075000000000000000e+03 -2.201257705688476562e+00
2.076000000000000000e+03 -2.188251256942749023e+00
2.077000000000000000e+03 -2.199517250061035156e+00
2.078000000000000000e+03 -2.182148218154907227e+00
2.079000000000000000e+03 -2.183237075805664062e+00
2.080000000000000000e+03 -2.220673799514770508e+00
2.081000000000000000e+03 -2.203427076339721680e+00
2.082000000000000000e+03 -2.180993318557739258e+00
2.083000000000000000e+03 -2.216946125030517578e+00
2.084000000000000000e+03 -2.207084655761718750e+00
2.085000000000000000e+03 -2.210453987121582031e+00
2.086000000000000000e+03 -2.159582614898681641e+00
2.087000000000000000e+03 -2.233566284179687500e+00
2.088000000000000000e+03 -2.224560737609863281e+00
2.089000000000000000e+03 -2.190055847167968750e+00
2.090000000000000000e+03 -2.196421146392822266e+00
2.091000000000000000e+03 -2.220566987991333008e+00
2.092000000000000000e+03 -2.161000251770019531e+00
2.093000000000000000e+03 -2.244338750839233398e+00
2.094000000000000000e+03 -2.193108558654785156e+00
2.095000000000000000e+03 -2.185498237609863281e+00
2.096000000000000000e+03 -2.210729122161865234e+00
2.097000000000000000e+03 -2.177508831024169922e+00
2.098000000000000000e+03 -2.185408830642700195e+00
2.099000000000000000e+03 -2.159880638122558594e+00
2.100000000000000000e+03 -2.210132837295532227e+00
2.101000000000000000e+03 -2.241052150726318359e+00
2.102000000000000000e+03 -2.188035011291503906e+00
2.103000000000000000e+03 -2.244537115097045898e+00
2.104000000000000000e+03 -2.192955017089843750e+00
2.105000000000000000e+03 -2.260914564132690430e+00
2.106000000000000000e+03 -2.176993131637573242e+00
2.107000000000000000e+03 -2.198952674865722656e+00
2.108000000000000000e+03 -2.183123350143432617e+00
2.109000000000000000e+03 -2.208155155181884766e+00
2.110000000000000000e+03 -2.163382291793823242e+00
2.111000000000000000e+03 -2.220927476882934570e+00
2.112000000000000000e+03 -2.205799102783203125e+00
2.113000000000000000e+03 -2.165941238403320312e+00
2.114000000000000000e+03 -2.182660102844238281e+00
2.115000000000000000e+03 -2.200089216232299805e+00
2.116000000000000000e+03 -2.236661195755004883e+00
2.117000000000000000e+03 -2.231343746185302734e+00
2.118000000000000000e+03 -2.206131219863891602e+00
2.119000000000000000e+03 -2.220274686813354492e+00
2.120000000000000000e+03 -2.160408496856689453e+00
2.121000000000000000e+03 -2.173948526382446289e+00
2.122000000000000000e+03 -2.192636013031005859e+00
2.123000000000000000e+03 -2.215120315551757812e+00
2.124000000000000000e+03 -2.189778089523315430e+00
2.125000000000000000e+03 -2.198716640472412109e+00
2.126000000000000000e+03 -2.254535675048828125e+00
2.127000000000000000e+03 -2.275273799896240234e+00
2.128000000000000000e+03 -2.268930912017822266e+00
2.129000000000000000e+03 -2.257333517074584961e+00
2.130000000000000000e+03 -2.179586410522460938e+00
2.131000000000000000e+03 -2.185148715972900391e+00
2.132000000000000000e+03 -2.224215507507324219e+00
2.133000000000000000e+03 -2.301397562026977539e+00
2.134000000000000000e+03 -2.184627294540405273e+00
2.135000000000000000e+03 -2.167444467544555664e+00
2.136000000000000000e+03 -2.207565784454345703e+00
2.137000000000000000e+03 -2.155399799346923828e+00
2.138000000000000000e+03 -2.141461372375488281e+00
2.139000000000000000e+03 -2.151416301727294922e+00
2.140000000000000000e+03 -2.165239334106445312e+00
2.141000000000000000e+03 -2.239236354827880859e+00
2.142000000000000000e+03 -2.245869874954223633e+00
2.143000000000000000e+03 -2.209517955780029297e+00
2.144000000000000000e+03 -2.229696750640869141e+00
2.145000000000000000e+03 -2.187903404235839844e+00
2.146000000000000000e+03 -2.222187995910644531e+00
2.147000000000000000e+03 -2.211962223052978516e+00
2.148000000000000000e+03 -2.195878267288208008e+00
2.149000000000000000e+03 -2.187431097030639648e+00
2.150000000000000000e+03 -2.208913564682006836e+00
2.151000000000000000e+03 -2.181420564651489258e+00
2.152000000000000000e+03 -2.180047750473022461e+00
2.153000000000000000e+03 -2.144976139068603516e+00
2.154000000000000000e+03 -2.194449901580810547e+00
2.155000000000000000e+03 -2.203309059143066406e+00
2.156000000000000000e+03 -2.191995382308959961e+00
2.157000000000000000e+03 -2.192833423614501953e+00
2.158000000000000000e+03 -2.195477247238159180e+00
2.159000000000000000e+03 -2.167186737060546875e+00
2.160000000000000000e+03 -2.231962442398071289e+00
2.161000000000000000e+03 -2.173697471618652344e+00
2.162000000000000000e+03 -2.207832813262939453e+00
2.163000000000000000e+03 -2.195764541625976562e+00
2.164000000000000000e+03 -2.198155403137207031e+00
2.165000000000000000e+03 -2.214517354965209961e+00
2.166000000000000000e+03 -2.204510450363159180e+00
2.167000000000000000e+03 -2.180559873580932617e+00
2.168000000000000000e+03 -2.203501462936401367e+00
2.169000000000000000e+03 -2.185613632202148438e+00
2.170000000000000000e+03 -2.103238582611083984e+00
2.171000000000000000e+03 -2.188060283660888672e+00
2.172000000000000000e+03 -2.204295158386230469e+00
2.173000000000000000e+03 -2.147846460342407227e+00
2.174000000000000000e+03 -2.231985092163085938e+00
2.175000000000000000e+03 -2.193459987640380859e+00
2.176000000000000000e+03 -2.179962396621704102e+00
2.177000000000000000e+03 -2.134032249450683594e+00
2.178000000000000000e+03 -2.152860403060913086e+00
2.179000000000000000e+03 -2.166727066040039062e+00
2.180000000000000000e+03 -2.116434574127197266e+00
2.181000000000000000e+03 -2.165616035461425781e+00
2.182000000000000000e+03 -2.181048393249511719e+00
2.183000000000000000e+03 -2.202355623245239258e+00
2.184000000000000000e+03 -2.212738513946533203e+00
2.185000000000000000e+03 -2.173148870468139648e+00
2.186000000000000000e+03 -2.134794235229492188e+00
2.187000000000000000e+03 -2.164222240447998047e+00
2.188000000000000000e+03 -2.166002750396728516e+00
2.189000000000000000e+03 -2.174565792083740234e+00
2.190000000000000000e+03 -2.245751380920410156e+00
2.191000000000000000e+03 -2.168881416320800781e+00
2.192000000000000000e+03 -2.162892818450927734e+00
2.193000000000000000e+03 -2.194649934768676758e+00
2.194000000000000000e+03 -2.192587375640869141e+00
2.195000000000000000e+03 -2.213032722473144531e+00
2.196000000000000000e+03 -2.169901371002197266e+00
2.197000000000000000e+03 -2.131699085235595703e+00
2.198000000000000000e+03 -2.194873809814453125e+00
2.199000000000000000e+03 -2.199749469757080078e+00
2.200000000000000000e+03 -2.196672201156616211e+00
2.201000000000000000e+03 -2.174641609191894531e+00
2.202000000000000000e+03 -2.169191837310791016e+00
2.203000000000000000e+03 -2.256226539611816406e+00
2.204000000000000000e+03 -2.164191722869873047e+00
2.205000000000000000e+03 -2.244203567504882812e+00
2.206000000000000000e+03 -2.184693098068237305e+00
2.207000000000000000e+03 -2.149998664855957031e+00
2.208000000000000000e+03 -2.187469959259033203e+00
2.209000000000000000e+03 -2.145223617553710938e+00
2.210000000000000000e+03 -2.174673080444335938e+00
2.211000000000000000e+03 -2.196680068969726562e+00
2.212000000000000000e+03 -2.248475313186645508e+00
2.213000000000000000e+03 -2.186079263687133789e+00
2.214000000000000000e+03 -2.193214178085327148e+00
2.215000000000000000e+03 -2.161120176315307617e+00
2.216000000000000000e+03 -2.175765991210937500e+00
2.217000000000000000e+03 -2.084287881851196289e+00
2.218000000000000000e+03 -2.140332221984863281e+00
2.219000000000000000e+03 -2.175997495651245117e+00
2.220000000000000000e+03 -2.213266849517822266e+00
2.221000000000000000e+03 -2.173609972000122070e+00
2.222000000000000000e+03 -2.113501071929931641e+00
2.223000000000000000e+03 -2.170010566711425781e+00
2.224000000000000000e+03 -2.190898418426513672e+00
2.225000000000000000e+03 -2.195663690567016602e+00
2.226000000000000000e+03 -2.161342144012451172e+00
2.227000000000000000e+03 -2.179628372192382812e+00
2.228000000000000000e+03 -2.125240802764892578e+00
2.229000000000000000e+03 -2.185856342315673828e+00
2.230000000000000000e+03 -2.133198261260986328e+00
2.231000000000000000e+03 -2.177354097366333008e+00
2.232000000000000000e+03 -2.200016975402832031e+00
2.233000000000000000e+03 -2.196106433868408203e+00
2.234000000000000000e+03 -2.108777523040771484e+00
2.235000000000000000e+03 -2.137467384338378906e+00
2.236000000000000000e+03 -2.160777568817138672e+00
2.237000000000000000e+03 -2.203762531280517578e+00
2.238000000000000000e+03 -2.222041130065917969e+00
2.239000000000000000e+03 -2.145943880081176758e+00
2.240000000000000000e+03 -2.196155548095703125e+00
2.241000000000000000e+03 -2.138719558715820312e+00
2.242000000000000000e+03 -2.132807731628417969e+00
2.243000000000000000e+03 -2.147063493728637695e+00
2.244000000000000000e+03 -2.174622774124145508e+00
2.245000000000000000e+03 -2.172357797622680664e+00
2.246000000000000000e+03 -2.124261856079101562e+00
2.247000000000000000e+03 -2.145582199096679688e+00
2.248000000000000000e+03 -2.162093162536621094e+00
2.249000000000000000e+03 -2.189471721649169922e+00
2.250000000000000000e+03 -2.105196237564086914e+00
2.251000000000000000e+03 -2.179861068725585938e+00
2.252000000000000000e+03 -2.161071300506591797e+00
2.253000000000000000e+03 -2.165622711181640625e+00
2.254000000000000000e+03 -2.132641315460205078e+00
2.255000000000000000e+03 -2.177437782287597656e+00
2.256000000000000000e+03 -2.202406167984008789e+00
2.257000000000000000e+03 -2.261090755462646484e+00
2.258000000000000000e+03 -2.184595584869384766e+00
2.259000000000000000e+03 -2.177648067474365234e+00
2.260000000000000000e+03 -2.163681030273437500e+00
2.261000000000000000e+03 -2.138760566711425781e+00
2.262000000000000000e+03 -2.223077774047851562e+00
2.263000000000000000e+03 -2.155761003494262695e+00
2.264000000000000000e+03 -2.142763137817382812e+00
2.265000000000000000e+03 -2.161925792694091797e+00
2.266000000000000000e+03 -2.186304569244384766e+00
2.267000000000000000e+03 -2.188727855682373047e+00
2.268000000000000000e+03 -2.153978109359741211e+00
2.269000000000000000e+03 -2.149729013442993164e+00
2.270000000000000000e+03 -2.166064262390136719e+00
2.271000000000000000e+03 -2.182108879089355469e+00
2.272000000000000000e+03 -2.197106838226318359e+00
2.273000000000000000e+03 -2.235190629959106445e+00
2.274000000000000000e+03 -2.171852588653564453e+00
2.275000000000000000e+03 -2.176794767379760742e+00
2.276000000000000000e+03 -2.147320032119750977e+00
2.277000000000000000e+03 -2.153755426406860352e+00
2.278000000000000000e+03 -2.146336078643798828e+00
2.279000000000000000e+03 -2.240962743759155273e+00
2.280000000000000000e+03 -2.218647003173828125e+00
2.281000000000000000e+03 -2.164908409118652344e+00
2.282000000000000000e+03 -2.134754657745361328e+00
2.283000000000000000e+03 -2.157994985580444336e+00
2.284000000000000000e+03 -2.186861991882324219e+00
2.285000000000000000e+03 -2.209299087524414062e+00
2.286000000000000000e+03 -2.228170871734619141e+00
2.287000000000000000e+03 -2.205457925796508789e+00
2.288000000000000000e+03 -2.201017379760742188e+00
2.289000000000000000e+03 -2.157320737838745117e+00
2.290000000000000000e+03 -2.135637283325195312e+00
2.291000000000000000e+03 -2.182189702987670898e+00
2.292000000000000000e+03 -2.239199161529541016e+00
2.293000000000000000e+03 -2.136920928955078125e+00
2.294000000000000000e+03 -2.167903423309326172e+00
2.295000000000000000e+03 -2.178927421569824219e+00
2.296000000000000000e+03 -2.186796426773071289e+00
2.297000000000000000e+03 -2.236610651016235352e+00
2.298000000000000000e+03 -2.195017576217651367e+00
2.299000000000000000e+03 -2.164182901382446289e+00
2.300000000000000000e+03 -2.167928695678710938e+00
2.301000000000000000e+03 -2.167309999465942383e+00
2.302000000000000000e+03 -2.169280290603637695e+00
2.303000000000000000e+03 -2.211540937423706055e+00
2.304000000000000000e+03 -2.144229888916015625e+00
2.305000000000000000e+03 -2.107286453247070312e+00
2.306000000000000000e+03 -2.197292327880859375e+00
2.307000000000000000e+03 -2.180715560913085938e+00
2.308000000000000000e+03 -2.136583805084228516e+00
2.309000000000000000e+03 -2.210041761398315430e+00
2.310000000000000000e+03 -2.215174674987792969e+00
2.311000000000000000e+03 -2.225997924804687500e+00
2.312000000000000000e+03 -2.155781745910644531e+00
2.313000000000000000e+03 -2.125701427459716797e+00
2.314000000000000000e+03 -2.193428039550781250e+00
2.315000000000000000e+03 -2.164636611938476562e+00
2.316000000000000000e+03 -2.146699666976928711e+00
2.317000000000000000e+03 -2.130208253860473633e+00
2.318000000000000000e+03 -2.152922868728637695e+00
2.319000000000000000e+03 -2.139570951461791992e+00
2.320000000000000000e+03 -2.138911724090576172e+00
2.321000000000000000e+03 -2.214211702346801758e+00
2.322000000000000000e+03 -2.171519517898559570e+00
2.323000000000000000e+03 -2.227113723754882812e+00
2.324000000000000000e+03 -2.243024587631225586e+00
2.325000000000000000e+03 -2.154412269592285156e+00
2.326000000000000000e+03 -2.245462417602539062e+00
2.327000000000000000e+03 -2.210395574569702148e+00
2.328000000000000000e+03 -2.110948562622070312e+00
2.329000000000000000e+03 -2.222729682922363281e+00
2.330000000000000000e+03 -2.222085952758789062e+00
2.331000000000000000e+03 -2.214067220687866211e+00
2.332000000000000000e+03 -2.149849891662597656e+00
2.333000000000000000e+03 -2.152577877044677734e+00
2.334000000000000000e+03 -2.125427961349487305e+00
2.335000000000000000e+03 -2.189854145050048828e+00
2.336000000000000000e+03 -2.163484096527099609e+00
2.337000000000000000e+03 -2.168950080871582031e+00
2.338000000000000000e+03 -2.135844945907592773e+00
2.339000000000000000e+03 -2.169348478317260742e+00
2.340000000000000000e+03 -2.086870193481445312e+00
2.341000000000000000e+03 -2.155114173889160156e+00
2.342000000000000000e+03 -2.138195514678955078e+00
2.343000000000000000e+03 -2.227261543273925781e+00
2.344000000000000000e+03 -2.181442737579345703e+00
2.345000000000000000e+03 -2.150573015213012695e+00
2.346000000000000000e+03 -2.139031887054443359e+00
2.347000000000000000e+03 -2.170145988464355469e+00
2.348000000000000000e+03 -2.193010807037353516e+00
2.349000000000000000e+03 -2.188184738159179688e+00
2.350000000000000000e+03 -2.174450397491455078e+00
2.351000000000000000e+03 -2.252870082855224609e+00
2.352000000000000000e+03 -2.143445968627929688e+00
2.353000000000000000e+03 -2.123032808303833008e+00
2.354000000000000000e+03 -2.178946495056152344e+00
2.355000000000000000e+03 -2.175888776779174805e+00
2.356000000000000000e+03 -2.126503467559814453e+00
2.357000000000000000e+03 -2.236175537109375000e+00
2.358000000000000000e+03 -2.155609130859375000e+00
2.359000000000000000e+03 -2.162920475006103516e+00
2.360000000000000000e+03 -2.160090208053588867e+00
2.361000000000000000e+03 -2.160554647445678711e+00
2.362000000000000000e+03 -2.165212631225585938e+00
2.363000000000000000e+03 -2.207910776138305664e+00
2.364000000000000000e+03 -2.201631546020507812e+00
2.365000000000000000e+03 -2.171274900436401367e+00
2.366000000000000000e+03 -2.166741371154785156e+00
2.367000000000000000e+03 -2.182561635971069336e+00
2.368000000000000000e+03 -2.211252689361572266e+00
2.369000000000000000e+03 -2.198683738708496094e+00
2.370000000000000000e+03 -2.201267480850219727e+00
2.371000000000000000e+03 -2.136771678924560547e+00
2.372000000000000000e+03 -2.118090867996215820e+00
2.373000000000000000e+03 -2.185942173004150391e+00
2.374000000000000000e+03 -2.184060096740722656e+00
2.375000000000000000e+03 -2.107834100723266602e+00
2.376000000000000000e+03 -2.149775028228759766e+00
2.377000000000000000e+03 -2.182824611663818359e+00
2.378000000000000000e+03 -2.201684474945068359e+00
2.379000000000000000e+03 -2.190110921859741211e+00
2.380000000000000000e+03 -2.108119487762451172e+00
2.381000000000000000e+03 -2.121724128723144531e+00
2.382000000000000000e+03 -2.193246364593505859e+00
2.383000000000000000e+03 -2.212498903274536133e+00
2.384000000000000000e+03 -2.201438665390014648e+00
2.385000000000000000e+03 -2.166016340255737305e+00
2.386000000000000000e+03 -2.150872230529785156e+00
2.387000000000000000e+03 -2.161666154861450195e+00
2.388000000000000000e+03 -2.136067867279052734e+00
2.389000000000000000e+03 -2.145822525024414062e+00
2.390000000000000000e+03 -2.210323333740234375e+00
2.391000000000000000e+03 -2.195638418197631836e+00
2.392000000000000000e+03 -2.168469429016113281e+00
2.393000000000000000e+03 -2.148212432861328125e+00
2.394000000000000000e+03 -2.215651750564575195e+00
2.395000000000000000e+03 -2.244469165802001953e+00
2.396000000000000000e+03 -2.268807411193847656e+00
2.397000000000000000e+03 -2.180426597595214844e+00
2.398000000000000000e+03 -2.177481174468994141e+00
2.399000000000000000e+03 -2.220793724060058594e+00
2.400000000000000000e+03 -2.198573827743530273e+00
2.401000000000000000e+03 -2.194831848144531250e+00
2.402000000000000000e+03 -2.207059383392333984e+00
2.403000000000000000e+03 -2.188552379608154297e+00
2.404000000000000000e+03 -2.136554479598999023e+00
2.405000000000000000e+03 -2.195174217224121094e+00
2.406000000000000000e+03 -2.163411140441894531e+00
2.407000000000000000e+03 -2.152400255203247070e+00
2.408000000000000000e+03 -2.164633750915527344e+00
2.409000000000000000e+03 -2.165583133697509766e+00
2.410000000000000000e+03 -2.223934888839721680e+00
2.411000000000000000e+03 -2.191411018371582031e+00
2.412000000000000000e+03 -2.163633823394775391e+00
2.413000000000000000e+03 -2.181201934814453125e+00
2.414000000000000000e+03 -2.209008216857910156e+00
2.415000000000000000e+03 -2.145865440368652344e+00
2.416000000000000000e+03 -2.207532882690429688e+00
2.417000000000000000e+03 -2.226771593093872070e+00
2.418000000000000000e+03 -2.175954818725585938e+00
2.419000000000000000e+03 -2.218636512756347656e+00
2.420000000000000000e+03 -2.192723989486694336e+00
2.421000000000000000e+03 -2.192938566207885742e+00
2.422000000000000000e+03 -2.269565582275390625e+00
2.423000000000000000e+03 -2.198638916015625000e+00
2.424000000000000000e+03 -2.190832138061523438e+00
2.425000000000000000e+03 -2.190296649932861328e+00
2.426000000000000000e+03 -2.231047630310058594e+00
2.427000000000000000e+03 -2.168164491653442383e+00
2.428000000000000000e+03 -2.212357282638549805e+00
2.429000000000000000e+03 -2.149997711181640625e+00
2.430000000000000000e+03 -2.172611236572265625e+00
2.431000000000000000e+03 -2.226597309112548828e+00
2.432000000000000000e+03 -2.220032930374145508e+00
2.433000000000000000e+03 -2.229033708572387695e+00
2.434000000000000000e+03 -2.216320991516113281e+00
2.435000000000000000e+03 -2.202990293502807617e+00
2.436000000000000000e+03 -2.240344524383544922e+00
2.437000000000000000e+03 -2.154602527618408203e+00
2.438000000000000000e+03 -2.247381210327148438e+00
2.439000000000000000e+03 -2.187956333160400391e+00
2.440000000000000000e+03 -2.196083068847656250e+00
2.441000000000000000e+03 -2.203232288360595703e+00
2.442000000000000000e+03 -2.204031705856323242e+00
2.443000000000000000e+03 -2.266581058502197266e+00
2.444000000000000000e+03 -2.198568344116210938e+00
2.445000000000000000e+03 -2.237094879150390625e+00
2.446000000000000000e+03 -2.199404954910278320e+00
2.447000000000000000e+03 -2.212160587310791016e+00
2.448000000000000000e+03 -2.220865488052368164e+00
2.449000000000000000e+03 -2.232014179229736328e+00
2.450000000000000000e+03 -2.227910280227661133e+00
2.451000000000000000e+03 -2.255894184112548828e+00
2.452000000000000000e+03 -2.261105537414550781e+00
2.453000000000000000e+03 -2.183260440826416016e+00
2.454000000000000000e+03 -2.230210542678833008e+00
2.455000000000000000e+03 -2.204501152038574219e+00
2.456000000000000000e+03 -2.191039800643920898e+00
2.457000000000000000e+03 -2.229122161865234375e+00
2.458000000000000000e+03 -2.151842832565307617e+00
2.459000000000000000e+03 -2.212969779968261719e+00
2.460000000000000000e+03 -2.200783729553222656e+00
2.461000000000000000e+03 -2.159890651702880859e+00
2.462000000000000000e+03 -2.159648180007934570e+00
2.463000000000000000e+03 -2.165333747863769531e+00
2.464000000000000000e+03 -2.206119537353515625e+00
2.465000000000000000e+03 -2.242242574691772461e+00
2.466000000000000000e+03 -2.199496269226074219e+00
2.467000000000000000e+03 -2.203376531600952148e+00
2.468000000000000000e+03 -2.163885116577148438e+00
2.469000000000000000e+03 -2.208711624145507812e+00
2.470000000000000000e+03 -2.213335037231445312e+00
2.471000000000000000e+03 -2.190485954284667969e+00
2.472000000000000000e+03 -2.208714246749877930e+00
2.473000000000000000e+03 -2.181923866271972656e+00
2.474000000000000000e+03 -2.188095092773437500e+00
2.475000000000000000e+03 -2.210284233093261719e+00
2.476000000000000000e+03 -2.200793027877807617e+00
2.477000000000000000e+03 -2.168781995773315430e+00
2.478000000000000000e+03 -2.191039085388183594e+00
2.479000000000000000e+03 -2.206791877746582031e+00
2.480000000000000000e+03 -2.270467519760131836e+00
2.481000000000000000e+03 -2.187574625015258789e+00
2.482000000000000000e+03 -2.179033994674682617e+00
2.483000000000000000e+03 -2.195875167846679688e+00
2.484000000000000000e+03 -2.203854560852050781e+00
2.485000000000000000e+03 -2.171032905578613281e+00
2.486000000000000000e+03 -2.157074689865112305e+00
2.487000000000000000e+03 -2.243513822555541992e+00
2.488000000000000000e+03 -2.219662189483642578e+00
2.489000000000000000e+03 -2.247073888778686523e+00
2.490000000000000000e+03 -2.169170141220092773e+00
2.491000000000000000e+03 -2.184304952621459961e+00
2.492000000000000000e+03 -2.207153320312500000e+00
2.493000000000000000e+03 -2.224549293518066406e+00
2.494000000000000000e+03 -2.259932756423950195e+00
2.495000000000000000e+03 -2.183922767639160156e+00
2.496000000000000000e+03 -2.190703868865966797e+00
2.497000000000000000e+03 -2.212941646575927734e+00
2.498000000000000000e+03 -2.187457084655761719e+00
2.499000000000000000e+03 -2.210371494293212891e+00
2.500000000000000000e+03 -2.156019687652587891e+00
2.501000000000000000e+03 -2.199071884155273438e+00
2.502000000000000000e+03 -2.234842777252197266e+00
2.503000000000000000e+03 -2.229954242706298828e+00
2.504000000000000000e+03 -2.156556606292724609e+00
2.505000000000000000e+03 -2.156207561492919922e+00
2.506000000000000000e+03 -2.170497894287109375e+00
2.507000000000000000e+03 -2.167404890060424805e+00
2.508000000000000000e+03 -2.217152357101440430e+00
2.509000000000000000e+03 -2.199433326721191406e+00
2.510000000000000000e+03 -2.226364612579345703e+00
2.511000000000000000e+03 -2.244446754455566406e+00
2.512000000000000000e+03 -2.147857189178466797e+00
2.513000000000000000e+03 -2.175002574920654297e+00
2.514000000000000000e+03 -2.191422700881958008e+00
2.515000000000000000e+03 -2.136601448059082031e+00
2.516000000000000000e+03 -2.165359497070312500e+00
2.517000000000000000e+03 -2.220464706420898438e+00
2.518000000000000000e+03 -2.159357547760009766e+00
2.519000000000000000e+03 -2.163066864013671875e+00
2.520000000000000000e+03 -2.227331399917602539e+00
2.521000000000000000e+03 -2.177806377410888672e+00
2.522000000000000000e+03 -2.250027894973754883e+00
2.523000000000000000e+03 -2.206266403198242188e+00
2.524000000000000000e+03 -2.266298532485961914e+00
2.525000000000000000e+03 -2.142662525177001953e+00
2.526000000000000000e+03 -2.197254180908203125e+00
2.527000000000000000e+03 -2.181448459625244141e+00
2.528000000000000000e+03 -2.177128791809082031e+00
2.529000000000000000e+03 -2.196327209472656250e+00
2.530000000000000000e+03 -2.196250677108764648e+00
2.531000000000000000e+03 -2.154996156692504883e+00
2.532000000000000000e+03 -2.230721950531005859e+00
2.533000000000000000e+03 -2.208529472351074219e+00
2.534000000000000000e+03 -2.127734661102294922e+00
2.535000000000000000e+03 -2.173861742019653320e+00
2.536000000000000000e+03 -2.230569601058959961e+00
2.537000000000000000e+03 -2.212099313735961914e+00
2.538000000000000000e+03 -2.241474151611328125e+00
2.539000000000000000e+03 -2.233986139297485352e+00
2.540000000000000000e+03 -2.176108360290527344e+00
2.541000000000000000e+03 -2.229959487915039062e+00
2.542000000000000000e+03 -2.235173702239990234e+00
2.543000000000000000e+03 -2.211690902709960938e+00
2.544000000000000000e+03 -2.202094793319702148e+00
2.545000000000000000e+03 -2.137498855590820312e+00
2.546000000000000000e+03 -2.182102680206298828e+00
2.547000000000000000e+03 -2.173274993896484375e+00
2.548000000000000000e+03 -2.208459615707397461e+00
2.549000000000000000e+03 -2.209444761276245117e+00
2.550000000000000000e+03 -2.163024663925170898e+00
2.551000000000000000e+03 -2.228167533874511719e+00
2.552000000000000000e+03 -2.219317436218261719e+00
2.553000000000000000e+03 -2.193268537521362305e+00
2.554000000000000000e+03 -2.178072690963745117e+00
2.555000000000000000e+03 -2.159445047378540039e+00
2.556000000000000000e+03 -2.169291019439697266e+00
2.557000000000000000e+03 -2.188460826873779297e+00
2.558000000000000000e+03 -2.193666934967041016e+00
2.559000000000000000e+03 -2.172708034515380859e+00
2.560000000000000000e+03 -2.161396980285644531e+00
2.561000000000000000e+03 -2.165140390396118164e+00
2.562000000000000000e+03 -2.199769020080566406e+00
2.563000000000000000e+03 -2.224652051925659180e+00
2.564000000000000000e+03 -2.170985698699951172e+00
2.565000000000000000e+03 -2.183033943176269531e+00
2.566000000000000000e+03 -2.251147270202636719e+00
2.567000000000000000e+03 -2.264015913009643555e+00
2.568000000000000000e+03 -2.207332849502563477e+00
2.569000000000000000e+03 -2.284954309463500977e+00
2.570000000000000000e+03 -2.233982086181640625e+00
2.571000000000000000e+03 -2.178261518478393555e+00
2.572000000000000000e+03 -2.148666381835937500e+00
2.573000000000000000e+03 -2.235202312469482422e+00
2.574000000000000000e+03 -2.222864866256713867e+00
2.575000000000000000e+03 -2.153671979904174805e+00
2.576000000000000000e+03 -2.132908821105957031e+00
2.577000000000000000e+03 -2.222073793411254883e+00
2.578000000000000000e+03 -2.237111806869506836e+00
2.579000000000000000e+03 -2.181841373443603516e+00
2.580000000000000000e+03 -2.218032836914062500e+00
2.581000000000000000e+03 -2.195269823074340820e+00
2.582000000000000000e+03 -2.233318328857421875e+00
2.583000000000000000e+03 -2.162693500518798828e+00
2.584000000000000000e+03 -2.194551706314086914e+00
2.585000000000000000e+03 -2.206767559051513672e+00
2.586000000000000000e+03 -2.248157024383544922e+00
2.587000000000000000e+03 -2.235526323318481445e+00
2.588000000000000000e+03 -2.251973867416381836e+00
2.589000000000000000e+03 -2.216071605682373047e+00
2.590000000000000000e+03 -2.160644054412841797e+00
2.591000000000000000e+03 -2.251340866088867188e+00
2.592000000000000000e+03 -2.199301719665527344e+00
2.593000000000000000e+03 -2.215637922286987305e+00
2.594000000000000000e+03 -2.227534294128417969e+00
2.595000000000000000e+03 -2.135406970977783203e+00
2.596000000000000000e+03 -2.209381818771362305e+00
2.597000000000000000e+03 -2.212310314178466797e+00
2.598000000000000000e+03 -2.183559179306030273e+00
2.599000000000000000e+03 -2.208290576934814453e+00
2.600000000000000000e+03 -2.188379526138305664e+00
2.601000000000000000e+03 -2.162315368652343750e+00
2.602000000000000000e+03 -2.171447277069091797e+00
2.603000000000000000e+03 -2.164212703704833984e+00
2.604000000000000000e+03 -2.179010868072509766e+00
2.605000000000000000e+03 -2.227754831314086914e+00
2.606000000000000000e+03 -2.199857950210571289e+00
2.607000000000000000e+03 -2.165730476379394531e+00
2.608000000000000000e+03 -2.188528299331665039e+00
2.609000000000000000e+03 -2.175808906555175781e+00
2.610000000000000000e+03 -2.239449977874755859e+00
2.611000000000000000e+03 -2.183877229690551758e+00
2.612000000000000000e+03 -2.261613845825195312e+00
2.613000000000000000e+03 -2.241864204406738281e+00
2.614000000000000000e+03 -2.288495540618896484e+00
2.615000000000000000e+03 -2.225370883941650391e+00
2.616000000000000000e+03 -2.244841575622558594e+00
2.617000000000000000e+03 -2.255071401596069336e+00
2.618000000000000000e+03 -2.259132623672485352e+00
2.619000000000000000e+03 -2.270336151123046875e+00
2.620000000000000000e+03 -2.241506099700927734e+00
2.621000000000000000e+03 -2.149024009704589844e+00
2.622000000000000000e+03 -2.201147794723510742e+00
2.623000000000000000e+03 -2.136275291442871094e+00
2.624000000000000000e+03 -2.137437343597412109e+00
2.625000000000000000e+03 -2.198832988739013672e+00
2.626000000000000000e+03 -2.149549961090087891e+00
2.627000000000000000e+03 -2.265259027481079102e+00
2.628000000000000000e+03 -2.254071712493896484e+00
2.629000000000000000e+03 -2.258760929107666016e+00
2.630000000000000000e+03 -2.284368515014648438e+00
2.631000000000000000e+03 -2.203194141387939453e+00
2.632000000000000000e+03 -2.200616359710693359e+00
2.633000000000000000e+03 -2.234420776367187500e+00
2.634000000000000000e+03 -2.190964460372924805e+00
2.635000000000000000e+03 -2.208672761917114258e+00
2.636000000000000000e+03 -2.204907655715942383e+00
2.637000000000000000e+03 -2.230996131896972656e+00
2.638000000000000000e+03 -2.235540390014648438e+00
2.639000000000000000e+03 -2.220684051513671875e+00
2.640000000000000000e+03 -2.185589075088500977e+00
2.641000000000000000e+03 -2.180802822113037109e+00
2.642000000000000000e+03 -2.176411867141723633e+00
2.643000000000000000e+03 -2.211306810379028320e+00
2.644000000000000000e+03 -2.222573757171630859e+00
2.645000000000000000e+03 -2.262319803237915039e+00
2.646000000000000000e+03 -2.236718416213989258e+00
2.647000000000000000e+03 -2.211910486221313477e+00
2.648000000000000000e+03 -2.289381742477416992e+00
2.649000000000000000e+03 -2.238530158996582031e+00
2.650000000000000000e+03 -2.209525585174560547e+00
2.651000000000000000e+03 -2.167785644531250000e+00
2.652000000000000000e+03 -2.252899885177612305e+00
2.653000000000000000e+03 -2.230088710784912109e+00
2.654000000000000000e+03 -2.216520786285400391e+00
2.655000000000000000e+03 -2.229819297790527344e+00
2.656000000000000000e+03 -2.154577016830444336e+00
2.657000000000000000e+03 -2.154901266098022461e+00
2.658000000000000000e+03 -2.155692338943481445e+00
2.659000000000000000e+03 -2.215230464935302734e+00
2.660000000000000000e+03 -2.166004180908203125e+00
2.661000000000000000e+03 -2.197493553161621094e+00
2.662000000000000000e+03 -2.161488533020019531e+00
2.663000000000000000e+03 -2.237180233001708984e+00
2.664000000000000000e+03 -2.162669658660888672e+00
2.665000000000000000e+03 -2.197209358215332031e+00
2.666000000000000000e+03 -2.161307096481323242e+00
2.667000000000000000e+03 -2.203201770782470703e+00
2.668000000000000000e+03 -2.202419519424438477e+00
2.669000000000000000e+03 -2.265464782714843750e+00
2.670000000000000000e+03 -2.259691476821899414e+00
2.671000000000000000e+03 -2.197543621063232422e+00
2.672000000000000000e+03 -2.201459884643554688e+00
2.673000000000000000e+03 -2.181610584259033203e+00
2.674000000000000000e+03 -2.160682201385498047e+00
2.675000000000000000e+03 -2.168792486190795898e+00
2.676000000000000000e+03 -2.141494274139404297e+00
2.677000000000000000e+03 -2.177873134613037109e+00
2.678000000000000000e+03 -2.162093400955200195e+00
2.679000000000000000e+03 -2.213770627975463867e+00
2.680000000000000000e+03 -2.190577507019042969e+00
2.681000000000000000e+03 -2.203771114349365234e+00
2.682000000000000000e+03 -2.257765769958496094e+00
2.683000000000000000e+03 -2.224374055862426758e+00
2.684000000000000000e+03 -2.163521766662597656e+00
2.685000000000000000e+03 -2.197181463241577148e+00
2.686000000000000000e+03 -2.236937999725341797e+00
2.687000000000000000e+03 -2.229908466339111328e+00
2.688000000000000000e+03 -2.252902746200561523e+00
2.689000000000000000e+03 -2.226965427398681641e+00
2.690000000000000000e+03 -2.204571962356567383e+00
2.691000000000000000e+03 -2.241928815841674805e+00
2.692000000000000000e+03 -2.227709293365478516e+00
2.693000000000000000e+03 -2.189675569534301758e+00
2.694000000000000000e+03 -2.233908176422119141e+00
2.695000000000000000e+03 -2.222896814346313477e+00
2.696000000000000000e+03 -2.219261169433593750e+00
2.697000000000000000e+03 -2.162484407424926758e+00
2.698000000000000000e+03 -2.230197429656982422e+00
2.699000000000000000e+03 -2.230727195739746094e+00
2.700000000000000000e+03 -2.235816955566406250e+00
2.701000000000000000e+03 -2.157775402069091797e+00
2.702000000000000000e+03 -2.213483810424804688e+00
2.703000000000000000e+03 -2.225536346435546875e+00
2.704000000000000000e+03 -2.253795623779296875e+00
2.705000000000000000e+03 -2.256614446640014648e+00
2.706000000000000000e+03 -2.227715253829956055e+00
2.707000000000000000e+03 -2.212352752685546875e+00
2.708000000000000000e+03 -2.159046888351440430e+00
2.709000000000000000e+03 -2.184691905975341797e+00
2.710000000000000000e+03 -2.179802417755126953e+00
2.711000000000000000e+03 -2.196544647216796875e+00
2.712000000000000000e+03 -2.160389423370361328e+00
2.713000000000000000e+03 -2.133105516433715820e+00
2.714000000000000000e+03 -2.197574138641357422e+00
2.715000000000000000e+03 -2.125432491302490234e+00
2.716000000000000000e+03 -2.167235374450683594e+00
2.717000000000000000e+03 -2.168266773223876953e+00
2.718000000000000000e+03 -2.227081298828125000e+00
2.719000000000000000e+03 -2.157607555389404297e+00
2.720000000000000000e+03 -2.160660266876220703e+00
2.721000000000000000e+03 -2.100211620330810547e+00
2.722000000000000000e+03 -2.105213403701782227e+00
2.723000000000000000e+03 -2.122260570526123047e+00
2.724000000000000000e+03 -2.133422374725341797e+00
2.725000000000000000e+03 -2.091688632965087891e+00
2.726000000000000000e+03 -2.113664150238037109e+00
2.727000000000000000e+03 -2.223820209503173828e+00
2.728000000000000000e+03 -2.204557180404663086e+00
2.729000000000000000e+03 -2.180227518081665039e+00
2.730000000000000000e+03 -2.202764034271240234e+00
2.731000000000000000e+03 -2.231342792510986328e+00
2.732000000000000000e+03 -2.167413234710693359e+00
2.733000000000000000e+03 -2.181600809097290039e+00
2.734000000000000000e+03 -2.209271430969238281e+00
2.735000000000000000e+03 -2.182737827301025391e+00
2.736000000000000000e+03 -2.224418640136718750e+00
2.737000000000000000e+03 -2.170114755630493164e+00
2.738000000000000000e+03 -2.183721065521240234e+00
2.739000000000000000e+03 -2.138290882110595703e+00
2.740000000000000000e+03 -2.168950319290161133e+00
2.741000000000000000e+03 -2.157753467559814453e+00
2.742000000000000000e+03 -2.172661542892456055e+00
2.743000000000000000e+03 -2.193735599517822266e+00
2.744000000000000000e+03 -2.192384243011474609e+00
2.745000000000000000e+03 -2.249544858932495117e+00
2.746000000000000000e+03 -2.212000846862792969e+00
2.747000000000000000e+03 -2.191215515136718750e+00
2.748000000000000000e+03 -2.186030387878417969e+00
2.749000000000000000e+03 -2.174384117126464844e+00
2.750000000000000000e+03 -2.238797664642333984e+00
2.751000000000000000e+03 -2.121739387512207031e+00
2.752000000000000000e+03 -2.234375715255737305e+00
2.753000000000000000e+03 -2.213141441345214844e+00
2.754000000000000000e+03 -2.162318706512451172e+00
2.755000000000000000e+03 -2.182857513427734375e+00
2.756000000000000000e+03 -2.213395357131958008e+00
2.757000000000000000e+03 -2.245578765869140625e+00
2.758000000000000000e+03 -2.223300933837890625e+00
2.759000000000000000e+03 -2.216656684875488281e+00
2.760000000000000000e+03 -2.212992668151855469e+00
2.761000000000000000e+03 -2.204174518585205078e+00
2.762000000000000000e+03 -2.177245378494262695e+00
2.763000000000000000e+03 -2.173909902572631836e+00
2.764000000000000000e+03 -2.219149112701416016e+00
2.765000000000000000e+03 -2.165643215179443359e+00
2.766000000000000000e+03 -2.131523370742797852e+00
2.767000000000000000e+03 -2.189029932022094727e+00
2.768000000000000000e+03 -2.112321615219116211e+00
2.769000000000000000e+03 -2.155520915985107422e+00
2.770000000000000000e+03 -2.178480625152587891e+00
2.771000000000000000e+03 -2.203454971313476562e+00
2.772000000000000000e+03 -2.231056451797485352e+00
2.773000000000000000e+03 -2.207295179367065430e+00
2.774000000000000000e+03 -2.196276664733886719e+00
2.775000000000000000e+03 -2.211628437042236328e+00
2.776000000000000000e+03 -2.157668113708496094e+00
2.777000000000000000e+03 -2.176367044448852539e+00
2.778000000000000000e+03 -2.135995626449584961e+00
2.779000000000000000e+03 -2.214514255523681641e+00
2.780000000000000000e+03 -2.208011150360107422e+00
2.781000000000000000e+03 -2.230029582977294922e+00
2.782000000000000000e+03 -2.204757928848266602e+00
2.783000000000000000e+03 -2.217683792114257812e+00
2.784000000000000000e+03 -2.172326326370239258e+00
2.785000000000000000e+03 -2.223736047744750977e+00
2.786000000000000000e+03 -2.197399616241455078e+00
2.787000000000000000e+03 -2.203198909759521484e+00
2.788000000000000000e+03 -2.217186212539672852e+00
2.789000000000000000e+03 -2.139198303222656250e+00
2.790000000000000000e+03 -2.166702985763549805e+00
2.791000000000000000e+03 -2.166684150695800781e+00
2.792000000000000000e+03 -2.240170955657958984e+00
2.793000000000000000e+03 -2.210566043853759766e+00
2.794000000000000000e+03 -2.215607166290283203e+00
2.795000000000000000e+03 -2.192970991134643555e+00
2.796000000000000000e+03 -2.145632743835449219e+00
2.797000000000000000e+03 -2.195205211639404297e+00
2.798000000000000000e+03 -2.200074672698974609e+00
2.799000000000000000e+03 -2.191602468490600586e+00
2.800000000000000000e+03 -2.195406436920166016e+00
2.801000000000000000e+03 -2.213897228240966797e+00
2.802000000000000000e+03 -2.234237194061279297e+00
2.803000000000000000e+03 -2.189369201660156250e+00
2.804000000000000000e+03 -2.182447910308837891e+00
2.805000000000000000e+03 -2.205111265182495117e+00
2.806000000000000000e+03 -2.222651004791259766e+00
2.807000000000000000e+03 -2.182904481887817383e+00
2.808000000000000000e+03 -2.192240238189697266e+00
2.809000000000000000e+03 -2.212022304534912109e+00
2.810000000000000000e+03 -2.250693798065185547e+00
2.811000000000000000e+03 -2.150832653045654297e+00
2.812000000000000000e+03 -2.277472734451293945e+00
2.813000000000000000e+03 -2.231268405914306641e+00
2.814000000000000000e+03 -2.178554058074951172e+00
2.815000000000000000e+03 -2.201414823532104492e+00
2.816000000000000000e+03 -2.179585695266723633e+00
2.817000000000000000e+03 -2.203061580657958984e+00
2.818000000000000000e+03 -2.164684295654296875e+00
2.819000000000000000e+03 -2.195743560791015625e+00
2.820000000000000000e+03 -2.182169198989868164e+00
2.821000000000000000e+03 -2.230309009552001953e+00
2.822000000000000000e+03 -2.213009357452392578e+00
2.823000000000000000e+03 -2.218174934387207031e+00
2.824000000000000000e+03 -2.238353490829467773e+00
2.825000000000000000e+03 -2.243967294692993164e+00
2.826000000000000000e+03 -2.230959892272949219e+00
2.827000000000000000e+03 -2.238093852996826172e+00
2.828000000000000000e+03 -2.242591857910156250e+00
2.829000000000000000e+03 -2.243129014968872070e+00
2.830000000000000000e+03 -2.249483346939086914e+00
2.831000000000000000e+03 -2.198423624038696289e+00
2.832000000000000000e+03 -2.218799114227294922e+00
2.833000000000000000e+03 -2.168908357620239258e+00
2.834000000000000000e+03 -2.205607891082763672e+00
2.835000000000000000e+03 -2.185281276702880859e+00
2.836000000000000000e+03 -2.145177364349365234e+00
2.837000000000000000e+03 -2.246581315994262695e+00
2.838000000000000000e+03 -2.249048709869384766e+00
2.839000000000000000e+03 -2.255173683166503906e+00
2.840000000000000000e+03 -2.235466718673706055e+00
2.841000000000000000e+03 -2.212225437164306641e+00
2.842000000000000000e+03 -2.246784210205078125e+00
2.843000000000000000e+03 -2.214276313781738281e+00
2.844000000000000000e+03 -2.230532169342041016e+00
2.845000000000000000e+03 -2.208893537521362305e+00
2.846000000000000000e+03 -2.201773643493652344e+00
2.847000000000000000e+03 -2.183727264404296875e+00
2.848000000000000000e+03 -2.122465610504150391e+00
2.849000000000000000e+03 -2.186141014099121094e+00
2.850000000000000000e+03 -2.150152206420898438e+00
2.851000000000000000e+03 -2.162098884582519531e+00
2.852000000000000000e+03 -2.190606117248535156e+00
2.853000000000000000e+03 -2.223956108093261719e+00
2.854000000000000000e+03 -2.139486312866210938e+00
2.855000000000000000e+03 -2.184186220169067383e+00
2.856000000000000000e+03 -2.179607629776000977e+00
2.857000000000000000e+03 -2.191160202026367188e+00
2.858000000000000000e+03 -2.255737304687500000e+00
2.859000000000000000e+03 -2.155508518218994141e+00
2.860000000000000000e+03 -2.152941703796386719e+00
2.861000000000000000e+03 -2.178266048431396484e+00
2.862000000000000000e+03 -2.211643695831298828e+00
2.863000000000000000e+03 -2.267585277557373047e+00
2.864000000000000000e+03 -2.246236324310302734e+00
2.865000000000000000e+03 -2.233483076095581055e+00
2.866000000000000000e+03 -2.211088180541992188e+00
2.867000000000000000e+03 -2.258121490478515625e+00
2.868000000000000000e+03 -2.239533424377441406e+00
2.869000000000000000e+03 -2.225485801696777344e+00
2.870000000000000000e+03 -2.205946207046508789e+00
2.871000000000000000e+03 -2.188924312591552734e+00
2.872000000000000000e+03 -2.186564445495605469e+00
2.873000000000000000e+03 -2.169574737548828125e+00
2.874000000000000000e+03 -2.232079029083251953e+00
2.875000000000000000e+03 -2.158191204071044922e+00
2.876000000000000000e+03 -2.190399169921875000e+00
2.877000000000000000e+03 -2.212460041046142578e+00
2.878000000000000000e+03 -2.229300737380981445e+00
2.879000000000000000e+03 -2.179440021514892578e+00
2.880000000000000000e+03 -2.223245620727539062e+00
2.881000000000000000e+03 -2.196308851242065430e+00
2.882000000000000000e+03 -2.238846540451049805e+00
2.883000000000000000e+03 -2.277980566024780273e+00
2.884000000000000000e+03 -2.211509227752685547e+00
2.885000000000000000e+03 -2.232016801834106445e+00
2.886000000000000000e+03 -2.208112955093383789e+00
2.887000000000000000e+03 -2.217154502868652344e+00
2.888000000000000000e+03 -2.184174060821533203e+00
2.889000000000000000e+03 -2.216566324234008789e+00
2.890000000000000000e+03 -2.286584854125976562e+00
2.891000000000000000e+03 -2.219542264938354492e+00
2.892000000000000000e+03 -2.234091281890869141e+00
2.893000000000000000e+03 -2.174743652343750000e+00
2.894000000000000000e+03 -2.220001935958862305e+00
2.895000000000000000e+03 -2.238247394561767578e+00
2.896000000000000000e+03 -2.207327365875244141e+00
2.897000000000000000e+03 -2.312635660171508789e+00
2.898000000000000000e+03 -2.154524564743041992e+00
2.899000000000000000e+03 -2.205793142318725586e+00
2.900000000000000000e+03 -2.280367851257324219e+00
2.901000000000000000e+03 -2.213263511657714844e+00
2.902000000000000000e+03 -2.201171875000000000e+00
2.903000000000000000e+03 -2.252708911895751953e+00
2.904000000000000000e+03 -2.262149810791015625e+00
2.905000000000000000e+03 -2.196362018585205078e+00
2.906000000000000000e+03 -2.174657344818115234e+00
2.907000000000000000e+03 -2.214449405670166016e+00
2.908000000000000000e+03 -2.191948413848876953e+00
2.909000000000000000e+03 -2.246533870697021484e+00
2.910000000000000000e+03 -2.211897134780883789e+00
2.911000000000000000e+03 -2.228520631790161133e+00
2.912000000000000000e+03 -2.202371597290039062e+00
2.913000000000000000e+03 -2.235794067382812500e+00
2.914000000000000000e+03 -2.300072669982910156e+00
2.915000000000000000e+03 -2.236150979995727539e+00
2.916000000000000000e+03 -2.267560958862304688e+00
2.917000000000000000e+03 -2.183304071426391602e+00
2.918000000000000000e+03 -2.162891864776611328e+00
2.919000000000000000e+03 -2.204245090484619141e+00
2.920000000000000000e+03 -2.225132465362548828e+00
2.921000000000000000e+03 -2.195039033889770508e+00
2.922000000000000000e+03 -2.242794990539550781e+00
2.923000000000000000e+03 -2.199931144714355469e+00
2.924000000000000000e+03 -2.185532569885253906e+00
2.925000000000000000e+03 -2.176242351531982422e+00
2.926000000000000000e+03 -2.176174879074096680e+00
2.927000000000000000e+03 -2.252826213836669922e+00
2.928000000000000000e+03 -2.261327028274536133e+00
2.929000000000000000e+03 -2.201833963394165039e+00
2.930000000000000000e+03 -2.240324497222900391e+00
2.931000000000000000e+03 -2.231395721435546875e+00
2.932000000000000000e+03 -2.188946962356567383e+00
2.933000000000000000e+03 -2.235922813415527344e+00
2.934000000000000000e+03 -2.213082075119018555e+00
2.935000000000000000e+03 -2.219482660293579102e+00
2.936000000000000000e+03 -2.165610074996948242e+00
2.937000000000000000e+03 -2.232763767242431641e+00
2.938000000000000000e+03 -2.213128566741943359e+00
2.939000000000000000e+03 -2.271491050720214844e+00
2.940000000000000000e+03 -2.235142469406127930e+00
2.941000000000000000e+03 -2.259754657745361328e+00
2.942000000000000000e+03 -2.257120370864868164e+00
2.943000000000000000e+03 -2.284886598587036133e+00
2.944000000000000000e+03 -2.237242221832275391e+00
2.945000000000000000e+03 -2.209457874298095703e+00
2.946000000000000000e+03 -2.206834316253662109e+00
2.947000000000000000e+03 -2.262191772460937500e+00
2.948000000000000000e+03 -2.282085895538330078e+00
2.949000000000000000e+03 -2.253356933593750000e+00
2.950000000000000000e+03 -2.246413707733154297e+00
2.951000000000000000e+03 -2.242216587066650391e+00
2.952000000000000000e+03 -2.212692975997924805e+00
2.953000000000000000e+03 -2.169977188110351562e+00
2.954000000000000000e+03 -2.224723339080810547e+00
2.955000000000000000e+03 -2.245185852050781250e+00
2.956000000000000000e+03 -2.185814619064331055e+00
2.957000000000000000e+03 -2.178033590316772461e+00
2.958000000000000000e+03 -2.174800157546997070e+00
2.959000000000000000e+03 -2.211526870727539062e+00
2.960000000000000000e+03 -2.277765035629272461e+00
2.961000000000000000e+03 -2.185154438018798828e+00
2.962000000000000000e+03 -2.249014854431152344e+00
2.963000000000000000e+03 -2.226969718933105469e+00
2.964000000000000000e+03 -2.226744651794433594e+00
2.965000000000000000e+03 -2.209684371948242188e+00
2.966000000000000000e+03 -2.204486846923828125e+00
2.967000000000000000e+03 -2.252873659133911133e+00
2.968000000000000000e+03 -2.211143732070922852e+00
2.969000000000000000e+03 -2.186771154403686523e+00
2.970000000000000000e+03 -2.168259620666503906e+00
2.971000000000000000e+03 -2.214815616607666016e+00
2.972000000000000000e+03 -2.211686611175537109e+00
2.973000000000000000e+03 -2.192523479461669922e+00
2.974000000000000000e+03 -2.270065784454345703e+00
2.975000000000000000e+03 -2.196063518524169922e+00
2.976000000000000000e+03 -2.221284389495849609e+00
2.977000000000000000e+03 -2.199813842773437500e+00
2.978000000000000000e+03 -2.242114305496215820e+00
2.979000000000000000e+03 -2.210694313049316406e+00
2.980000000000000000e+03 -2.256991863250732422e+00
2.981000000000000000e+03 -2.261685848236083984e+00
2.982000000000000000e+03 -2.233923673629760742e+00
2.983000000000000000e+03 -2.294596672058105469e+00
2.984000000000000000e+03 -2.182573795318603516e+00
2.985000000000000000e+03 -2.248432159423828125e+00
2.986000000000000000e+03 -2.275283336639404297e+00
2.987000000000000000e+03 -2.212879657745361328e+00
2.988000000000000000e+03 -2.212738513946533203e+00
2.989000000000000000e+03 -2.282734155654907227e+00
2.990000000000000000e+03 -2.249213695526123047e+00
2.991000000000000000e+03 -2.255798101425170898e+00
2.992000000000000000e+03 -2.207758903503417969e+00
2.993000000000000000e+03 -2.222032070159912109e+00
2.994000000000000000e+03 -2.234171867370605469e+00
2.995000000000000000e+03 -2.234160423278808594e+00
2.996000000000000000e+03 -2.157208681106567383e+00
2.997000000000000000e+03 -2.230455636978149414e+00
2.998000000000000000e+03 -2.176459312438964844e+00
2.999000000000000000e+03 -2.174722671508789062e+00
3.000000000000000000e+03 -2.159659385681152344e+00
3.001000000000000000e+03 -2.202586889266967773e+00
3.002000000000000000e+03 -2.206983804702758789e+00
3.003000000000000000e+03 -2.250507831573486328e+00
3.004000000000000000e+03 -2.245618581771850586e+00
3.005000000000000000e+03 -2.277959108352661133e+00
3.006000000000000000e+03 -2.210365533828735352e+00
3.007000000000000000e+03 -2.190545320510864258e+00
3.008000000000000000e+03 -2.212541818618774414e+00
3.009000000000000000e+03 -2.206349611282348633e+00
3.010000000000000000e+03 -2.159490108489990234e+00
3.011000000000000000e+03 -2.205444574356079102e+00
3.012000000000000000e+03 -2.197478771209716797e+00
3.013000000000000000e+03 -2.236822366714477539e+00
3.014000000000000000e+03 -2.199429512023925781e+00
3.015000000000000000e+03 -2.166017532348632812e+00
3.016000000000000000e+03 -2.185834407806396484e+00
3.017000000000000000e+03 -2.190324544906616211e+00
3.018000000000000000e+03 -2.214126110076904297e+00
3.019000000000000000e+03 -2.194092035293579102e+00
3.020000000000000000e+03 -2.206307411193847656e+00
3.021000000000000000e+03 -2.272723674774169922e+00
3.022000000000000000e+03 -2.256705045700073242e+00
3.023000000000000000e+03 -2.240256786346435547e+00
3.024000000000000000e+03 -2.248214244842529297e+00
3.025000000000000000e+03 -2.194032192230224609e+00
3.026000000000000000e+03 -2.222351551055908203e+00
3.027000000000000000e+03 -2.275576353073120117e+00
3.028000000000000000e+03 -2.232954263687133789e+00
3.029000000000000000e+03 -2.269607305526733398e+00
3.030000000000000000e+03 -2.302788257598876953e+00
3.031000000000000000e+03 -2.271181106567382812e+00
3.032000000000000000e+03 -2.245486021041870117e+00
3.033000000000000000e+03 -2.277837753295898438e+00
3.034000000000000000e+03 -2.320382833480834961e+00
3.035000000000000000e+03 -2.301333665847778320e+00
3.036000000000000000e+03 -2.251236915588378906e+00
3.037000000000000000e+03 -2.242677688598632812e+00
3.038000000000000000e+03 -2.263264656066894531e+00
3.039000000000000000e+03 -2.288322925567626953e+00
3.040000000000000000e+03 -2.277973890304565430e+00
3.041000000000000000e+03 -2.268981933593750000e+00
3.042000000000000000e+03 -2.256046295166015625e+00
3.043000000000000000e+03 -2.220818519592285156e+00
3.044000000000000000e+03 -2.245102405548095703e+00
3.045000000000000000e+03 -2.259995460510253906e+00
3.046000000000000000e+03 -2.148075819015502930e+00
3.047000000000000000e+03 -2.173780441284179688e+00
3.048000000000000000e+03 -2.221005678176879883e+00
3.049000000000000000e+03 -2.192080020904541016e+00
3.050000000000000000e+03 -2.242023468017578125e+00
3.051000000000000000e+03 -2.210340976715087891e+00
3.052000000000000000e+03 -2.228126049041748047e+00
3.053000000000000000e+03 -2.192672252655029297e+00
3.054000000000000000e+03 -2.232638359069824219e+00
3.055000000000000000e+03 -2.228762388229370117e+00
3.056000000000000000e+03 -2.205216884613037109e+00
3.057000000000000000e+03 -2.250940322875976562e+00
3.058000000000000000e+03 -2.244039058685302734e+00
3.059000000000000000e+03 -2.230143070220947266e+00
3.060000000000000000e+03 -2.281777143478393555e+00
3.061000000000000000e+03 -2.278953075408935547e+00
3.062000000000000000e+03 -2.248628139495849609e+00
3.063000000000000000e+03 -2.195868492126464844e+00
3.064000000000000000e+03 -2.244343996047973633e+00
3.065000000000000000e+03 -2.216208457946777344e+00
3.066000000000000000e+03 -2.156358957290649414e+00
3.067000000000000000e+03 -2.234036922454833984e+00
3.068000000000000000e+03 -2.216414213180541992e+00
3.069000000000000000e+03 -2.202413558959960938e+00
3.070000000000000000e+03 -2.246996641159057617e+00
3.071000000000000000e+03 -2.202721118927001953e+00
3.072000000000000000e+03 -2.211038112640380859e+00
3.073000000000000000e+03 -2.188209533691406250e+00
3.074000000000000000e+03 -2.195637464523315430e+00
3.075000000000000000e+03 -2.200324773788452148e+00
3.076000000000000000e+03 -2.193609714508056641e+00
3.077000000000000000e+03 -2.257982730865478516e+00
3.078000000000000000e+03 -2.293976306915283203e+00
3.079000000000000000e+03 -2.230751276016235352e+00
3.080000000000000000e+03 -2.262847900390625000e+00
3.081000000000000000e+03 -2.222743511199951172e+00
3.082000000000000000e+03 -2.177135229110717773e+00
3.083000000000000000e+03 -2.242948770523071289e+00
3.084000000000000000e+03 -2.248786211013793945e+00
3.085000000000000000e+03 -2.219774961471557617e+00
3.086000000000000000e+03 -2.230040550231933594e+00
3.087000000000000000e+03 -2.238941669464111328e+00
3.088000000000000000e+03 -2.227419853210449219e+00
3.089000000000000000e+03 -2.227810144424438477e+00
3.090000000000000000e+03 -2.199707746505737305e+00
3.091000000000000000e+03 -2.253996372222900391e+00
3.092000000000000000e+03 -2.210773229598999023e+00
3.093000000000000000e+03 -2.213405132293701172e+00
3.094000000000000000e+03 -2.212726593017578125e+00
3.095000000000000000e+03 -2.258235931396484375e+00
3.096000000000000000e+03 -2.198548078536987305e+00
3.097000000000000000e+03 -2.285595655441284180e+00
3.098000000000000000e+03 -2.272427797317504883e+00
3.099000000000000000e+03 -2.286758661270141602e+00
3.100000000000000000e+03 -2.302106380462646484e+00
3.101000000000000000e+03 -2.236084222793579102e+00
3.102000000000000000e+03 -2.212339401245117188e+00
3.103000000000000000e+03 -2.229402065277099609e+00
3.104000000000000000e+03 -2.234615564346313477e+00
3.105000000000000000e+03 -2.240845918655395508e+00
3.106000000000000000e+03 -2.225558042526245117e+00
3.107000000000000000e+03 -2.223498106002807617e+00
3.108000000000000000e+03 -2.181852817535400391e+00
3.109000000000000000e+03 -2.184814214706420898e+00
3.110000000000000000e+03 -2.217042446136474609e+00
3.111000000000000000e+03 -2.173524856567382812e+00
3.112000000000000000e+03 -2.279352664947509766e+00
3.113000000000000000e+03 -2.246075630187988281e+00
3.114000000000000000e+03 -2.239475250244140625e+00
3.115000000000000000e+03 -2.211704254150390625e+00
3.116000000000000000e+03 -2.215165853500366211e+00
3.117000000000000000e+03 -2.178321838378906250e+00
3.118000000000000000e+03 -2.159724473953247070e+00
3.119000000000000000e+03 -2.196251869201660156e+00
3.120000000000000000e+03 -2.188491344451904297e+00
3.121000000000000000e+03 -2.162682056427001953e+00
3.122000000000000000e+03 -2.176325798034667969e+00
3.123000000000000000e+03 -2.152847051620483398e+00
3.124000000000000000e+03 -2.197490215301513672e+00
3.125000000000000000e+03 -2.226834058761596680e+00
3.126000000000000000e+03 -2.154334068298339844e+00
3.127000000000000000e+03 -2.182700157165527344e+00
3.128000000000000000e+03 -2.166226863861083984e+00
3.129000000000000000e+03 -2.256986856460571289e+00
3.130000000000000000e+03 -2.136159896850585938e+00
3.131000000000000000e+03 -2.197134017944335938e+00
3.132000000000000000e+03 -2.142658948898315430e+00
3.133000000000000000e+03 -2.225525379180908203e+00
3.134000000000000000e+03 -2.197766304016113281e+00
3.135000000000000000e+03 -2.189702987670898438e+00
3.136000000000000000e+03 -2.216049194335937500e+00
3.137000000000000000e+03 -2.220184803009033203e+00
3.138000000000000000e+03 -2.262681007385253906e+00
3.139000000000000000e+03 -2.196408987045288086e+00
3.140000000000000000e+03 -2.184318542480468750e+00
3.141000000000000000e+03 -2.180799961090087891e+00
3.142000000000000000e+03 -2.134736299514770508e+00
3.143000000000000000e+03 -2.231965065002441406e+00
3.144000000000000000e+03 -2.193586111068725586e+00
3.145000000000000000e+03 -2.130727052688598633e+00
3.146000000000000000e+03 -2.190138578414916992e+00
3.147000000000000000e+03 -2.227787017822265625e+00
3.148000000000000000e+03 -2.198971271514892578e+00
3.149000000000000000e+03 -2.209107875823974609e+00
3.150000000000000000e+03 -2.244354486465454102e+00
3.151000000000000000e+03 -2.203712463378906250e+00
3.152000000000000000e+03 -2.208888530731201172e+00
3.153000000000000000e+03 -2.202524185180664062e+00
3.154000000000000000e+03 -2.172826290130615234e+00
3.155000000000000000e+03 -2.181907653808593750e+00
3.156000000000000000e+03 -2.222947120666503906e+00
3.157000000000000000e+03 -2.215666055679321289e+00
3.158000000000000000e+03 -2.204205036163330078e+00
3.159000000000000000e+03 -2.222872257232666016e+00
3.160000000000000000e+03 -2.099205017089843750e+00
3.161000000000000000e+03 -2.179519414901733398e+00
3.162000000000000000e+03 -2.178827285766601562e+00
3.163000000000000000e+03 -2.166275978088378906e+00
3.164000000000000000e+03 -2.149168729782104492e+00
3.165000000000000000e+03 -2.144056320190429688e+00
3.166000000000000000e+03 -2.260117530822753906e+00
3.167000000000000000e+03 -2.207431793212890625e+00
3.168000000000000000e+03 -2.227352142333984375e+00
3.169000000000000000e+03 -2.203108787536621094e+00
3.170000000000000000e+03 -2.200819969177246094e+00
3.171000000000000000e+03 -2.199285984039306641e+00
3.172000000000000000e+03 -2.193192005157470703e+00
3.173000000000000000e+03 -2.209932327270507812e+00
3.174000000000000000e+03 -2.196530818939208984e+00
3.175000000000000000e+03 -2.115206480026245117e+00
3.176000000000000000e+03 -2.184025287628173828e+00
3.177000000000000000e+03 -2.239715576171875000e+00
3.178000000000000000e+03 -2.182656288146972656e+00
3.179000000000000000e+03 -2.196596145629882812e+00
3.180000000000000000e+03 -2.234958410263061523e+00
3.181000000000000000e+03 -2.174596548080444336e+00
3.182000000000000000e+03 -2.210194587707519531e+00
3.183000000000000000e+03 -2.258049249649047852e+00
3.184000000000000000e+03 -2.204932928085327148e+00
3.185000000000000000e+03 -2.221161365509033203e+00
3.186000000000000000e+03 -2.218999147415161133e+00
3.187000000000000000e+03 -2.183575391769409180e+00
3.188000000000000000e+03 -2.181735038757324219e+00
3.189000000000000000e+03 -2.194403171539306641e+00
3.190000000000000000e+03 -2.239614009857177734e+00
3.191000000000000000e+03 -2.185950756072998047e+00
3.192000000000000000e+03 -2.177525997161865234e+00
3.193000000000000000e+03 -2.198091745376586914e+00
3.194000000000000000e+03 -2.225859165191650391e+00
3.195000000000000000e+03 -2.204123973846435547e+00
3.196000000000000000e+03 -2.237855195999145508e+00
3.197000000000000000e+03 -2.181561708450317383e+00
3.198000000000000000e+03 -2.233695507049560547e+00
3.199000000000000000e+03 -2.217392921447753906e+00
3.200000000000000000e+03 -2.239878177642822266e+00
3.201000000000000000e+03 -2.143147468566894531e+00
3.202000000000000000e+03 -2.176108598709106445e+00
3.203000000000000000e+03 -2.186792612075805664e+00
3.204000000000000000e+03 -2.170443296432495117e+00
3.205000000000000000e+03 -2.199548482894897461e+00
3.206000000000000000e+03 -2.168178558349609375e+00
3.207000000000000000e+03 -2.196532249450683594e+00
3.208000000000000000e+03 -2.166337013244628906e+00
3.209000000000000000e+03 -2.207040548324584961e+00
3.210000000000000000e+03 -2.187859773635864258e+00
3.211000000000000000e+03 -2.260167121887207031e+00
3.212000000000000000e+03 -2.172129154205322266e+00
3.213000000000000000e+03 -2.236233711242675781e+00
3.214000000000000000e+03 -2.218704462051391602e+00
3.215000000000000000e+03 -2.202867269515991211e+00
3.216000000000000000e+03 -2.238850593566894531e+00
3.217000000000000000e+03 -2.266642570495605469e+00
3.218000000000000000e+03 -2.199575901031494141e+00
3.219000000000000000e+03 -2.213706493377685547e+00
3.220000000000000000e+03 -2.197782993316650391e+00
3.221000000000000000e+03 -2.232079505920410156e+00
3.222000000000000000e+03 -2.223163366317749023e+00
3.223000000000000000e+03 -2.205895900726318359e+00
3.224000000000000000e+03 -2.240172863006591797e+00
3.225000000000000000e+03 -2.188883304595947266e+00
3.226000000000000000e+03 -2.235511779785156250e+00
3.227000000000000000e+03 -2.209262371063232422e+00
3.228000000000000000e+03 -2.177455663681030273e+00
3.229000000000000000e+03 -2.234941005706787109e+00
3.230000000000000000e+03 -2.212661743164062500e+00
3.231000000000000000e+03 -2.166412353515625000e+00
3.232000000000000000e+03 -2.172608137130737305e+00
3.233000000000000000e+03 -2.243700265884399414e+00
3.234000000000000000e+03 -2.255474090576171875e+00
3.235000000000000000e+03 -2.217042684555053711e+00
3.236000000000000000e+03 -2.160147428512573242e+00
3.237000000000000000e+03 -2.248008728027343750e+00
3.238000000000000000e+03 -2.230007171630859375e+00
3.239000000000000000e+03 -2.223739862442016602e+00
3.240000000000000000e+03 -2.162191390991210938e+00
3.241000000000000000e+03 -2.175291776657104492e+00
3.242000000000000000e+03 -2.227665424346923828e+00
3.243000000000000000e+03 -2.210968971252441406e+00
3.244000000000000000e+03 -2.188885450363159180e+00
3.245000000000000000e+03 -2.226744651794433594e+00
3.246000000000000000e+03 -2.191464424133300781e+00
3.247000000000000000e+03 -2.192361116409301758e+00
3.248000000000000000e+03 -2.213941574096679688e+00
3.249000000000000000e+03 -2.278874397277832031e+00
3.250000000000000000e+03 -2.230674028396606445e+00
3.251000000000000000e+03 -2.204159736633300781e+00
3.252000000000000000e+03 -2.246263980865478516e+00
3.253000000000000000e+03 -2.230399608612060547e+00
3.254000000000000000e+03 -2.180375814437866211e+00
3.255000000000000000e+03 -2.194584846496582031e+00
3.256000000000000000e+03 -2.169618368148803711e+00
3.257000000000000000e+03 -2.246749401092529297e+00
3.258000000000000000e+03 -2.141171455383300781e+00
3.259000000000000000e+03 -2.238724231719970703e+00
3.260000000000000000e+03 -2.278284549713134766e+00
3.261000000000000000e+03 -2.265576362609863281e+00
3.262000000000000000e+03 -2.272375106811523438e+00
3.263000000000000000e+03 -2.224194049835205078e+00
3.264000000000000000e+03 -2.209049224853515625e+00
3.265000000000000000e+03 -2.180387020111083984e+00
3.266000000000000000e+03 -2.186080694198608398e+00
3.267000000000000000e+03 -2.193810701370239258e+00
3.268000000000000000e+03 -2.180593729019165039e+00
3.269000000000000000e+03 -2.239704132080078125e+00
3.270000000000000000e+03 -2.228670120239257812e+00
3.271000000000000000e+03 -2.185417890548706055e+00
3.272000000000000000e+03 -2.195656538009643555e+00
3.273000000000000000e+03 -2.189494848251342773e+00
3.274000000000000000e+03 -2.229591369628906250e+00
3.275000000000000000e+03 -2.246328353881835938e+00
3.276000000000000000e+03 -2.187416076660156250e+00
3.277000000000000000e+03 -2.157519578933715820e+00
3.278000000000000000e+03 -2.209450721740722656e+00
3.279000000000000000e+03 -2.228381156921386719e+00
3.280000000000000000e+03 -2.235864639282226562e+00
3.281000000000000000e+03 -2.298299074172973633e+00
3.282000000000000000e+03 -2.249280691146850586e+00
3.283000000000000000e+03 -2.295897483825683594e+00
3.284000000000000000e+03 -2.246580600738525391e+00
3.285000000000000000e+03 -2.169241189956665039e+00
3.286000000000000000e+03 -2.156055688858032227e+00
3.287000000000000000e+03 -2.267482519149780273e+00
3.288000000000000000e+03 -2.233325004577636719e+00
3.289000000000000000e+03 -2.169753313064575195e+00
3.290000000000000000e+03 -2.289292335510253906e+00
3.291000000000000000e+03 -2.222386837005615234e+00
3.292000000000000000e+03 -2.221602439880371094e+00
3.293000000000000000e+03 -2.210932731628417969e+00
3.294000000000000000e+03 -2.252137422561645508e+00
3.295000000000000000e+03 -2.180218219757080078e+00
3.296000000000000000e+03 -2.135086059570312500e+00
3.297000000000000000e+03 -2.191883087158203125e+00
3.298000000000000000e+03 -2.201219081878662109e+00
3.299000000000000000e+03 -2.184186458587646484e+00
3.300000000000000000e+03 -2.226478815078735352e+00
3.301000000000000000e+03 -2.193603038787841797e+00
3.302000000000000000e+03 -2.222029924392700195e+00
3.303000000000000000e+03 -2.219133853912353516e+00
3.304000000000000000e+03 -2.210090160369873047e+00
3.305000000000000000e+03 -2.244897603988647461e+00
3.306000000000000000e+03 -2.227953672409057617e+00
3.307000000000000000e+03 -2.224931478500366211e+00
3.308000000000000000e+03 -2.197071552276611328e+00
3.309000000000000000e+03 -2.218485116958618164e+00
3.310000000000000000e+03 -2.191789865493774414e+00
3.311000000000000000e+03 -2.207725048065185547e+00
3.312000000000000000e+03 -2.189233541488647461e+00
3.313000000000000000e+03 -2.228021144866943359e+00
3.314000000000000000e+03 -2.229217529296875000e+00
3.315000000000000000e+03 -2.206774711608886719e+00
3.316000000000000000e+03 -2.207482337951660156e+00
3.317000000000000000e+03 -2.270747184753417969e+00
3.318000000000000000e+03 -2.242894649505615234e+00
3.319000000000000000e+03 -2.274758338928222656e+00
3.320000000000000000e+03 -2.231806516647338867e+00
3.321000000000000000e+03 -2.289520740509033203e+00
3.322000000000000000e+03 -2.309168100357055664e+00
3.323000000000000000e+03 -2.240919828414916992e+00
3.324000000000000000e+03 -2.288774967193603516e+00
3.325000000000000000e+03 -2.186424255371093750e+00
3.326000000000000000e+03 -2.227054119110107422e+00
3.327000000000000000e+03 -2.260362148284912109e+00
3.328000000000000000e+03 -2.247621059417724609e+00
3.329000000000000000e+03 -2.186639308929443359e+00
3.330000000000000000e+03 -2.150914907455444336e+00
3.331000000000000000e+03 -2.182167530059814453e+00
3.332000000000000000e+03 -2.179358482360839844e+00
3.333000000000000000e+03 -2.210783720016479492e+00
3.334000000000000000e+03 -2.262079000473022461e+00
3.335000000000000000e+03 -2.230610370635986328e+00
3.336000000000000000e+03 -2.203987836837768555e+00
3.337000000000000000e+03 -2.234744787216186523e+00
3.338000000000000000e+03 -2.201138496398925781e+00
3.339000000000000000e+03 -2.294497728347778320e+00
3.340000000000000000e+03 -2.242015838623046875e+00
3.341000000000000000e+03 -2.200016021728515625e+00
3.342000000000000000e+03 -2.172660827636718750e+00
3.343000000000000000e+03 -2.231734752655029297e+00
3.344000000000000000e+03 -2.264746189117431641e+00
3.345000000000000000e+03 -2.237147331237792969e+00
3.346000000000000000e+03 -2.255070209503173828e+00
3.347000000000000000e+03 -2.151159048080444336e+00
3.348000000000000000e+03 -2.214747905731201172e+00
3.349000000000000000e+03 -2.214981079101562500e+00
3.350000000000000000e+03 -2.215581893920898438e+00
3.351000000000000000e+03 -2.234477996826171875e+00
3.352000000000000000e+03 -2.186659812927246094e+00
3.353000000000000000e+03 -2.189758300781250000e+00
3.354000000000000000e+03 -2.157766342163085938e+00
3.355000000000000000e+03 -2.236230850219726562e+00
3.356000000000000000e+03 -2.204183578491210938e+00
3.357000000000000000e+03 -2.246634006500244141e+00
3.358000000000000000e+03 -2.201585292816162109e+00
3.359000000000000000e+03 -2.266460180282592773e+00
3.360000000000000000e+03 -2.262248039245605469e+00
3.361000000000000000e+03 -2.168462276458740234e+00
3.362000000000000000e+03 -2.225849151611328125e+00
3.363000000000000000e+03 -2.269570112228393555e+00
3.364000000000000000e+03 -2.289407491683959961e+00
3.365000000000000000e+03 -2.295594692230224609e+00
3.366000000000000000e+03 -2.206385135650634766e+00
3.367000000000000000e+03 -2.238241434097290039e+00
3.368000000000000000e+03 -2.248167991638183594e+00
3.369000000000000000e+03 -2.195761680603027344e+00
3.370000000000000000e+03 -2.227123737335205078e+00
3.371000000000000000e+03 -2.189315557479858398e+00
3.372000000000000000e+03 -2.199808597564697266e+00
3.373000000000000000e+03 -2.215133905410766602e+00
3.374000000000000000e+03 -2.234462261199951172e+00
3.375000000000000000e+03 -2.199914455413818359e+00
3.376000000000000000e+03 -2.197766542434692383e+00
3.377000000000000000e+03 -2.217088699340820312e+00
3.378000000000000000e+03 -2.273449420928955078e+00
3.379000000000000000e+03 -2.257226228713989258e+00
3.380000000000000000e+03 -2.266462326049804688e+00
3.381000000000000000e+03 -2.266282081604003906e+00
3.382000000000000000e+03 -2.216258525848388672e+00
3.383000000000000000e+03 -2.151945590972900391e+00
3.384000000000000000e+03 -2.192192554473876953e+00
3.385000000000000000e+03 -2.237051248550415039e+00
3.386000000000000000e+03 -2.303065299987792969e+00
3.387000000000000000e+03 -2.281145334243774414e+00
3.388000000000000000e+03 -2.232351541519165039e+00
3.389000000000000000e+03 -2.238084077835083008e+00
3.390000000000000000e+03 -2.232966423034667969e+00
3.391000000000000000e+03 -2.198663234710693359e+00
3.392000000000000000e+03 -2.201356887817382812e+00
3.393000000000000000e+03 -2.205293416976928711e+00
3.394000000000000000e+03 -2.218549251556396484e+00
3.395000000000000000e+03 -2.246874332427978516e+00
3.396000000000000000e+03 -2.240034580230712891e+00
3.397000000000000000e+03 -2.236160755157470703e+00
3.398000000000000000e+03 -2.232427358627319336e+00
3.399000000000000000e+03 -2.237308502197265625e+00
3.400000000000000000e+03 -2.186275720596313477e+00
3.401000000000000000e+03 -2.233639240264892578e+00
3.402000000000000000e+03 -2.212762594223022461e+00
3.403000000000000000e+03 -2.193886280059814453e+00
3.404000000000000000e+03 -2.218662261962890625e+00
3.405000000000000000e+03 -2.220737695693969727e+00
3.406000000000000000e+03 -2.207274436950683594e+00
3.407000000000000000e+03 -2.266626358032226562e+00
3.408000000000000000e+03 -2.223476886749267578e+00
3.409000000000000000e+03 -2.197775363922119141e+00
3.410000000000000000e+03 -2.180680990219116211e+00
3.411000000000000000e+03 -2.196050643920898438e+00
3.412000000000000000e+03 -2.216599225997924805e+00
3.413000000000000000e+03 -2.233061313629150391e+00
3.414000000000000000e+03 -2.240400314331054688e+00
3.415000000000000000e+03 -2.238547086715698242e+00
3.416000000000000000e+03 -2.185744524002075195e+00
3.417000000000000000e+03 -2.206111907958984375e+00
3.418000000000000000e+03 -2.212667226791381836e+00
3.419000000000000000e+03 -2.228835105895996094e+00
3.420000000000000000e+03 -2.238738775253295898e+00
3.421000000000000000e+03 -2.216644048690795898e+00
3.422000000000000000e+03 -2.252274751663208008e+00
3.423000000000000000e+03 -2.216481447219848633e+00
3.424000000000000000e+03 -2.201698541641235352e+00
3.425000000000000000e+03 -2.225305080413818359e+00
3.426000000000000000e+03 -2.244624137878417969e+00
3.427000000000000000e+03 -2.226402759552001953e+00
3.428000000000000000e+03 -2.237609624862670898e+00
3.429000000000000000e+03 -2.198945522308349609e+00
3.430000000000000000e+03 -2.210676431655883789e+00
3.431000000000000000e+03 -2.140815019607543945e+00
3.432000000000000000e+03 -2.202779769897460938e+00
3.433000000000000000e+03 -2.197919368743896484e+00
3.434000000000000000e+03 -2.220893144607543945e+00
3.435000000000000000e+03 -2.188094615936279297e+00
3.436000000000000000e+03 -2.176969528198242188e+00
3.437000000000000000e+03 -2.180830478668212891e+00
3.438000000000000000e+03 -2.186882495880126953e+00
3.439000000000000000e+03 -2.178285360336303711e+00
3.440000000000000000e+03 -2.249927520751953125e+00
3.441000000000000000e+03 -2.242869853973388672e+00
3.442000000000000000e+03 -2.157173633575439453e+00
3.443000000000000000e+03 -2.189948797225952148e+00
3.444000000000000000e+03 -2.179472446441650391e+00
3.445000000000000000e+03 -2.184645414352416992e+00
3.446000000000000000e+03 -2.229928016662597656e+00
3.447000000000000000e+03 -2.193964004516601562e+00
3.448000000000000000e+03 -2.275257825851440430e+00
3.449000000000000000e+03 -2.237901687622070312e+00
3.450000000000000000e+03 -2.132021903991699219e+00
3.451000000000000000e+03 -2.283784866333007812e+00
3.452000000000000000e+03 -2.181336879730224609e+00
3.453000000000000000e+03 -2.229275941848754883e+00
3.454000000000000000e+03 -2.221798658370971680e+00
3.455000000000000000e+03 -2.233512878417968750e+00
3.456000000000000000e+03 -2.153709650039672852e+00
3.457000000000000000e+03 -2.179700613021850586e+00
3.458000000000000000e+03 -2.141146183013916016e+00
3.459000000000000000e+03 -2.164650201797485352e+00
3.460000000000000000e+03 -2.237047672271728516e+00
3.461000000000000000e+03 -2.252604722976684570e+00
3.462000000000000000e+03 -2.224035978317260742e+00
3.463000000000000000e+03 -2.226147174835205078e+00
3.464000000000000000e+03 -2.210306882858276367e+00
3.465000000000000000e+03 -2.194573402404785156e+00
3.466000000000000000e+03 -2.234414577484130859e+00
3.467000000000000000e+03 -2.176454544067382812e+00
3.468000000000000000e+03 -2.243330717086791992e+00
3.469000000000000000e+03 -2.244099617004394531e+00
3.470000000000000000e+03 -2.235571861267089844e+00
3.471000000000000000e+03 -2.266350507736206055e+00
3.472000000000000000e+03 -2.243949413299560547e+00
3.473000000000000000e+03 -2.197936773300170898e+00
3.474000000000000000e+03 -2.248115539550781250e+00
3.475000000000000000e+03 -2.267423391342163086e+00
3.476000000000000000e+03 -2.205922126770019531e+00
3.477000000000000000e+03 -2.164261817932128906e+00
3.478000000000000000e+03 -2.209757566452026367e+00
3.479000000000000000e+03 -2.218695402145385742e+00
3.480000000000000000e+03 -2.161089897155761719e+00
3.481000000000000000e+03 -2.177397489547729492e+00
3.482000000000000000e+03 -2.284778594970703125e+00
3.483000000000000000e+03 -2.231631755828857422e+00
3.484000000000000000e+03 -2.232458829879760742e+00
3.485000000000000000e+03 -2.311089515686035156e+00
3.486000000000000000e+03 -2.224181413650512695e+00
3.487000000000000000e+03 -2.250034093856811523e+00
3.488000000000000000e+03 -2.323235750198364258e+00
3.489000000000000000e+03 -2.288883209228515625e+00
3.490000000000000000e+03 -2.209972143173217773e+00
3.491000000000000000e+03 -2.224472761154174805e+00
3.492000000000000000e+03 -2.252020835876464844e+00
3.493000000000000000e+03 -2.199342727661132812e+00
3.494000000000000000e+03 -2.233792066574096680e+00
3.495000000000000000e+03 -2.253874778747558594e+00
3.496000000000000000e+03 -2.210351467132568359e+00
3.497000000000000000e+03 -2.227855920791625977e+00
3.498000000000000000e+03 -2.204693078994750977e+00
3.499000000000000000e+03 -2.275840997695922852e+00
3.500000000000000000e+03 -2.235277414321899414e+00
3.501000000000000000e+03 -2.244120836257934570e+00
3.502000000000000000e+03 -2.245362281799316406e+00
3.503000000000000000e+03 -2.292448282241821289e+00
3.504000000000000000e+03 -2.265153646469116211e+00
3.505000000000000000e+03 -2.207094192504882812e+00
3.506000000000000000e+03 -2.309083938598632812e+00
3.507000000000000000e+03 -2.272385358810424805e+00
3.508000000000000000e+03 -2.235119819641113281e+00
3.509000000000000000e+03 -2.236921310424804688e+00
3.510000000000000000e+03 -2.282426357269287109e+00
3.511000000000000000e+03 -2.255315065383911133e+00
3.512000000000000000e+03 -2.257832288742065430e+00
3.513000000000000000e+03 -2.173883199691772461e+00
3.514000000000000000e+03 -2.182122230529785156e+00
3.515000000000000000e+03 -2.262449979782104492e+00
3.516000000000000000e+03 -2.216169357299804688e+00
3.517000000000000000e+03 -2.246174812316894531e+00
3.518000000000000000e+03 -2.170181751251220703e+00
3.519000000000000000e+03 -2.241040706634521484e+00
3.520000000000000000e+03 -2.239870548248291016e+00
3.521000000000000000e+03 -2.226973533630371094e+00
3.522000000000000000e+03 -2.208680152893066406e+00
3.523000000000000000e+03 -2.249698162078857422e+00
3.524000000000000000e+03 -2.213869810104370117e+00
3.525000000000000000e+03 -2.191888570785522461e+00
3.526000000000000000e+03 -2.254053831100463867e+00
3.527000000000000000e+03 -2.229865074157714844e+00
3.528000000000000000e+03 -2.202903270721435547e+00
3.529000000000000000e+03 -2.211952209472656250e+00
3.530000000000000000e+03 -2.209992408752441406e+00
3.531000000000000000e+03 -2.238893032073974609e+00
3.532000000000000000e+03 -2.222954750061035156e+00
3.533000000000000000e+03 -2.198183059692382812e+00
3.534000000000000000e+03 -2.260734081268310547e+00
3.535000000000000000e+03 -2.252593040466308594e+00
3.536000000000000000e+03 -2.274747610092163086e+00
3.537000000000000000e+03 -2.206716537475585938e+00
3.538000000000000000e+03 -2.214242696762084961e+00
3.539000000000000000e+03 -2.221326112747192383e+00
3.540000000000000000e+03 -2.234827041625976562e+00
3.541000000000000000e+03 -2.227974653244018555e+00
3.542000000000000000e+03 -2.240337610244750977e+00
3.543000000000000000e+03 -2.222746372222900391e+00
3.544000000000000000e+03 -2.206059932708740234e+00
3.545000000000000000e+03 -2.148997545242309570e+00
3.546000000000000000e+03 -2.254568338394165039e+00
3.547000000000000000e+03 -2.209706068038940430e+00
3.548000000000000000e+03 -2.262067794799804688e+00
3.549000000000000000e+03 -2.215303421020507812e+00
3.550000000000000000e+03 -2.285184144973754883e+00
3.551000000000000000e+03 -2.243316650390625000e+00
3.552000000000000000e+03 -2.232686519622802734e+00
3.553000000000000000e+03 -2.231760978698730469e+00
3.554000000000000000e+03 -2.281560420989990234e+00
3.555000000000000000e+03 -2.259400367736816406e+00
3.556000000000000000e+03 -2.285495042800903320e+00
3.557000000000000000e+03 -2.267429828643798828e+00
3.558000000000000000e+03 -2.289746999740600586e+00
3.559000000000000000e+03 -2.243799209594726562e+00
3.560000000000000000e+03 -2.200356721878051758e+00
3.561000000000000000e+03 -2.261617183685302734e+00
3.562000000000000000e+03 -2.236297369003295898e+00
3.563000000000000000e+03 -2.181505680084228516e+00
3.564000000000000000e+03 -2.192920207977294922e+00
3.565000000000000000e+03 -2.216570615768432617e+00
3.566000000000000000e+03 -2.175063133239746094e+00
3.567000000000000000e+03 -2.264330863952636719e+00
3.568000000000000000e+03 -2.250194072723388672e+00
3.569000000000000000e+03 -2.186145305633544922e+00
3.570000000000000000e+03 -2.167958259582519531e+00
3.571000000000000000e+03 -2.212740421295166016e+00
3.572000000000000000e+03 -2.231528759002685547e+00
3.573000000000000000e+03 -2.271704196929931641e+00
3.574000000000000000e+03 -2.206071853637695312e+00
3.575000000000000000e+03 -2.198209285736083984e+00
3.576000000000000000e+03 -2.215238094329833984e+00
3.577000000000000000e+03 -2.235568523406982422e+00
3.578000000000000000e+03 -2.175938844680786133e+00
3.579000000000000000e+03 -2.184255838394165039e+00
3.580000000000000000e+03 -2.170355558395385742e+00
3.581000000000000000e+03 -2.244884729385375977e+00
3.582000000000000000e+03 -2.226913213729858398e+00
3.583000000000000000e+03 -2.223310947418212891e+00
3.584000000000000000e+03 -2.177716732025146484e+00
3.585000000000000000e+03 -2.179600000381469727e+00
3.586000000000000000e+03 -2.204081773757934570e+00
3.587000000000000000e+03 -2.199708700180053711e+00
3.588000000000000000e+03 -2.245911121368408203e+00
3.589000000000000000e+03 -2.221133947372436523e+00
3.590000000000000000e+03 -2.205879926681518555e+00
3.591000000000000000e+03 -2.191949129104614258e+00
3.592000000000000000e+03 -2.238528251647949219e+00
3.593000000000000000e+03 -2.213246345520019531e+00
3.594000000000000000e+03 -2.270187616348266602e+00
3.595000000000000000e+03 -2.194334983825683594e+00
3.596000000000000000e+03 -2.197877883911132812e+00
3.597000000000000000e+03 -2.170203447341918945e+00
3.598000000000000000e+03 -2.175814151763916016e+00
3.599000000000000000e+03 -2.277832269668579102e+00
3.600000000000000000e+03 -2.227564334869384766e+00
3.601000000000000000e+03 -2.293109178543090820e+00
3.602000000000000000e+03 -2.207500457763671875e+00
3.603000000000000000e+03 -2.235799312591552734e+00
3.604000000000000000e+03 -2.182747602462768555e+00
3.605000000000000000e+03 -2.192927122116088867e+00
3.606000000000000000e+03 -2.194537639617919922e+00
3.607000000000000000e+03 -2.237169027328491211e+00
3.608000000000000000e+03 -2.287411451339721680e+00
3.609000000000000000e+03 -2.216821908950805664e+00
3.610000000000000000e+03 -2.219023227691650391e+00
3.611000000000000000e+03 -2.220607757568359375e+00
3.612000000000000000e+03 -2.163039684295654297e+00
3.613000000000000000e+03 -2.250472068786621094e+00
3.614000000000000000e+03 -2.164820671081542969e+00
3.615000000000000000e+03 -2.190834999084472656e+00
3.616000000000000000e+03 -2.270559310913085938e+00
3.617000000000000000e+03 -2.186258316040039062e+00
3.618000000000000000e+03 -2.242531538009643555e+00
3.619000000000000000e+03 -2.202975749969482422e+00
3.620000000000000000e+03 -2.197840213775634766e+00
3.621000000000000000e+03 -2.182064533233642578e+00
3.622000000000000000e+03 -2.240411281585693359e+00
3.623000000000000000e+03 -2.154274940490722656e+00
3.624000000000000000e+03 -2.172914981842041016e+00
3.625000000000000000e+03 -2.224981307983398438e+00
3.626000000000000000e+03 -2.165827751159667969e+00
3.627000000000000000e+03 -2.277114391326904297e+00
3.628000000000000000e+03 -2.271914482116699219e+00
3.629000000000000000e+03 -2.206170082092285156e+00
3.630000000000000000e+03 -2.270614147186279297e+00
3.631000000000000000e+03 -2.250071525573730469e+00
3.632000000000000000e+03 -2.133170127868652344e+00
3.633000000000000000e+03 -2.146680355072021484e+00
3.634000000000000000e+03 -2.196596860885620117e+00
3.635000000000000000e+03 -2.215532779693603516e+00
3.636000000000000000e+03 -2.238460779190063477e+00
3.637000000000000000e+03 -2.223486900329589844e+00
3.638000000000000000e+03 -2.216489315032958984e+00
3.639000000000000000e+03 -2.245933532714843750e+00
3.640000000000000000e+03 -2.273842811584472656e+00
3.641000000000000000e+03 -2.221491813659667969e+00
3.642000000000000000e+03 -2.199067115783691406e+00
3.643000000000000000e+03 -2.228609323501586914e+00
3.644000000000000000e+03 -2.235364198684692383e+00
3.645000000000000000e+03 -2.223134517669677734e+00
3.646000000000000000e+03 -2.252828598022460938e+00
3.647000000000000000e+03 -2.221691608428955078e+00
3.648000000000000000e+03 -2.230302572250366211e+00
3.649000000000000000e+03 -2.224891185760498047e+00
3.650000000000000000e+03 -2.292464971542358398e+00
3.651000000000000000e+03 -2.309383630752563477e+00
3.652000000000000000e+03 -2.249350547790527344e+00
3.653000000000000000e+03 -2.233929872512817383e+00
3.654000000000000000e+03 -2.249271869659423828e+00
3.655000000000000000e+03 -2.257380247116088867e+00
3.656000000000000000e+03 -2.166891574859619141e+00
3.657000000000000000e+03 -2.225492954254150391e+00
3.658000000000000000e+03 -2.190889358520507812e+00
3.659000000000000000e+03 -2.151344776153564453e+00
3.660000000000000000e+03 -2.221557378768920898e+00
3.661000000000000000e+03 -2.189995765686035156e+00
3.662000000000000000e+03 -2.216534852981567383e+00
3.663000000000000000e+03 -2.174154043197631836e+00
3.664000000000000000e+03 -2.253491401672363281e+00
3.665000000000000000e+03 -2.261245250701904297e+00
3.666000000000000000e+03 -2.251073837280273438e+00
3.667000000000000000e+03 -2.348492622375488281e+00
3.668000000000000000e+03 -2.252470970153808594e+00
3.669000000000000000e+03 -2.214693784713745117e+00
3.670000000000000000e+03 -2.319016933441162109e+00
3.671000000000000000e+03 -2.259014606475830078e+00
3.672000000000000000e+03 -2.264497518539428711e+00
3.673000000000000000e+03 -2.225091218948364258e+00
3.674000000000000000e+03 -2.238379955291748047e+00
3.675000000000000000e+03 -2.246125698089599609e+00
3.676000000000000000e+03 -2.214745044708251953e+00
3.677000000000000000e+03 -2.203045368194580078e+00
3.678000000000000000e+03 -2.230262041091918945e+00
3.679000000000000000e+03 -2.221423625946044922e+00
3.680000000000000000e+03 -2.222480773925781250e+00
3.681000000000000000e+03 -2.198464632034301758e+00
3.682000000000000000e+03 -2.216872215270996094e+00
3.683000000000000000e+03 -2.254930257797241211e+00
3.684000000000000000e+03 -2.214592456817626953e+00
3.685000000000000000e+03 -2.230194807052612305e+00
3.686000000000000000e+03 -2.204697608947753906e+00
3.687000000000000000e+03 -2.110876321792602539e+00
3.688000000000000000e+03 -2.132743835449218750e+00
3.689000000000000000e+03 -2.212744712829589844e+00
3.690000000000000000e+03 -2.174443721771240234e+00
3.691000000000000000e+03 -2.237389087677001953e+00
3.692000000000000000e+03 -2.238771438598632812e+00
3.693000000000000000e+03 -2.212793350219726562e+00
3.694000000000000000e+03 -2.207084417343139648e+00
3.695000000000000000e+03 -2.204950809478759766e+00
3.696000000000000000e+03 -2.192917108535766602e+00
3.697000000000000000e+03 -2.137304544448852539e+00
3.698000000000000000e+03 -2.158649921417236328e+00
3.699000000000000000e+03 -2.180624723434448242e+00
3.700000000000000000e+03 -2.185728311538696289e+00
3.701000000000000000e+03 -2.185413360595703125e+00
3.702000000000000000e+03 -2.295518875122070312e+00
3.703000000000000000e+03 -2.219793081283569336e+00
3.704000000000000000e+03 -2.224575042724609375e+00
3.705000000000000000e+03 -2.222171306610107422e+00
3.706000000000000000e+03 -2.183415412902832031e+00
3.707000000000000000e+03 -2.190236568450927734e+00
3.708000000000000000e+03 -2.256281852722167969e+00
3.709000000000000000e+03 -2.211218118667602539e+00
3.710000000000000000e+03 -2.162129402160644531e+00
3.711000000000000000e+03 -2.199788570404052734e+00
3.712000000000000000e+03 -2.217492103576660156e+00
3.713000000000000000e+03 -2.165009975433349609e+00
3.714000000000000000e+03 -2.202573299407958984e+00
3.715000000000000000e+03 -2.234342098236083984e+00
3.716000000000000000e+03 -2.187370777130126953e+00
3.717000000000000000e+03 -2.268217563629150391e+00
3.718000000000000000e+03 -2.282711505889892578e+00
3.719000000000000000e+03 -2.191599845886230469e+00
3.720000000000000000e+03 -2.202370643615722656e+00
3.721000000000000000e+03 -2.210833072662353516e+00
3.722000000000000000e+03 -2.209268569946289062e+00
3.723000000000000000e+03 -2.175774574279785156e+00
3.724000000000000000e+03 -2.222944736480712891e+00
3.725000000000000000e+03 -2.166821956634521484e+00
3.726000000000000000e+03 -2.144564867019653320e+00
3.727000000000000000e+03 -2.219325065612792969e+00
3.728000000000000000e+03 -2.229003906250000000e+00
3.729000000000000000e+03 -2.241867303848266602e+00
3.730000000000000000e+03 -2.200068950653076172e+00
3.731000000000000000e+03 -2.208529949188232422e+00
3.732000000000000000e+03 -2.224694013595581055e+00
3.733000000000000000e+03 -2.189132690429687500e+00
3.734000000000000000e+03 -2.175887823104858398e+00
3.735000000000000000e+03 -2.146664142608642578e+00
3.736000000000000000e+03 -2.182207584381103516e+00
3.737000000000000000e+03 -2.207655906677246094e+00
3.738000000000000000e+03 -2.165660381317138672e+00
3.739000000000000000e+03 -2.186808347702026367e+00
3.740000000000000000e+03 -2.168645381927490234e+00
3.741000000000000000e+03 -2.201683521270751953e+00
3.742000000000000000e+03 -2.194302082061767578e+00
3.743000000000000000e+03 -2.211418390274047852e+00
3.744000000000000000e+03 -2.250367641448974609e+00
3.745000000000000000e+03 -2.205246448516845703e+00
3.746000000000000000e+03 -2.222614765167236328e+00
3.747000000000000000e+03 -2.224485397338867188e+00
3.748000000000000000e+03 -2.214537143707275391e+00
3.749000000000000000e+03 -2.191505908966064453e+00
3.750000000000000000e+03 -2.223758220672607422e+00
3.751000000000000000e+03 -2.222802639007568359e+00
3.752000000000000000e+03 -2.187490940093994141e+00
3.753000000000000000e+03 -2.250077009201049805e+00
3.754000000000000000e+03 -2.298516273498535156e+00
3.755000000000000000e+03 -2.209436416625976562e+00
3.756000000000000000e+03 -2.213298797607421875e+00
3.757000000000000000e+03 -2.163974761962890625e+00
3.758000000000000000e+03 -2.171281337738037109e+00
3.759000000000000000e+03 -2.172498464584350586e+00
3.760000000000000000e+03 -2.249644517898559570e+00
3.761000000000000000e+03 -2.209451198577880859e+00
3.762000000000000000e+03 -2.176303625106811523e+00
3.763000000000000000e+03 -2.213995933532714844e+00
3.764000000000000000e+03 -2.165181636810302734e+00
3.765000000000000000e+03 -2.210283279418945312e+00
3.766000000000000000e+03 -2.165963411331176758e+00
3.767000000000000000e+03 -2.149922609329223633e+00
3.768000000000000000e+03 -2.147705554962158203e+00
3.769000000000000000e+03 -2.112979650497436523e+00
3.770000000000000000e+03 -2.136890172958374023e+00
3.771000000000000000e+03 -2.123270988464355469e+00
3.772000000000000000e+03 -2.170951604843139648e+00
3.773000000000000000e+03 -2.211989641189575195e+00
3.774000000000000000e+03 -2.248265266418457031e+00
3.775000000000000000e+03 -2.178755283355712891e+00
3.776000000000000000e+03 -2.203055858612060547e+00
3.777000000000000000e+03 -2.213815212249755859e+00
3.778000000000000000e+03 -2.180011034011840820e+00
3.779000000000000000e+03 -2.185897350311279297e+00
3.780000000000000000e+03 -2.179269790649414062e+00
3.781000000000000000e+03 -2.149721860885620117e+00
3.782000000000000000e+03 -2.209647893905639648e+00
3.783000000000000000e+03 -2.213964700698852539e+00
3.784000000000000000e+03 -2.254874944686889648e+00
3.785000000000000000e+03 -2.171928644180297852e+00
3.786000000000000000e+03 -2.185306549072265625e+00
3.787000000000000000e+03 -2.213746547698974609e+00
3.788000000000000000e+03 -2.209194660186767578e+00
3.789000000000000000e+03 -2.252807617187500000e+00
3.790000000000000000e+03 -2.192035675048828125e+00
3.791000000000000000e+03 -2.201893568038940430e+00
3.792000000000000000e+03 -2.196477651596069336e+00
3.793000000000000000e+03 -2.211909770965576172e+00
3.794000000000000000e+03 -2.149441480636596680e+00
3.795000000000000000e+03 -2.222483634948730469e+00
3.796000000000000000e+03 -2.177994251251220703e+00
3.797000000000000000e+03 -2.226554393768310547e+00
3.798000000000000000e+03 -2.155063867568969727e+00
3.799000000000000000e+03 -2.189085960388183594e+00
3.800000000000000000e+03 -2.093019962310791016e+00
3.801000000000000000e+03 -2.102705240249633789e+00
3.802000000000000000e+03 -2.128449916839599609e+00
3.803000000000000000e+03 -2.150027275085449219e+00
3.804000000000000000e+03 -2.243598222732543945e+00
3.805000000000000000e+03 -2.202568769454956055e+00
3.806000000000000000e+03 -2.206486463546752930e+00
3.807000000000000000e+03 -2.176993370056152344e+00
3.808000000000000000e+03 -2.206391334533691406e+00
3.809000000000000000e+03 -2.254075527191162109e+00
3.810000000000000000e+03 -2.272420167922973633e+00
3.811000000000000000e+03 -2.218483448028564453e+00
3.812000000000000000e+03 -2.129874467849731445e+00
3.813000000000000000e+03 -2.196789979934692383e+00
3.814000000000000000e+03 -2.132568836212158203e+00
3.815000000000000000e+03 -2.188348531723022461e+00
3.816000000000000000e+03 -2.231964588165283203e+00
3.817000000000000000e+03 -2.139148712158203125e+00
3.818000000000000000e+03 -2.181616783142089844e+00
3.819000000000000000e+03 -2.172271013259887695e+00
3.820000000000000000e+03 -2.155223369598388672e+00
3.821000000000000000e+03 -2.163123607635498047e+00
3.822000000000000000e+03 -2.204964399337768555e+00
3.823000000000000000e+03 -2.207662820816040039e+00
3.824000000000000000e+03 -2.209941625595092773e+00
3.825000000000000000e+03 -2.186716079711914062e+00
3.826000000000000000e+03 -2.191667079925537109e+00
3.827000000000000000e+03 -2.130608320236206055e+00
3.828000000000000000e+03 -2.171027183532714844e+00
3.829000000000000000e+03 -2.158862113952636719e+00
3.830000000000000000e+03 -2.202074050903320312e+00
3.831000000000000000e+03 -2.213083505630493164e+00
3.832000000000000000e+03 -2.231187820434570312e+00
3.833000000000000000e+03 -2.230082273483276367e+00
3.834000000000000000e+03 -2.204144001007080078e+00
3.835000000000000000e+03 -2.241744995117187500e+00
3.836000000000000000e+03 -2.201309919357299805e+00
3.837000000000000000e+03 -2.149426221847534180e+00
3.838000000000000000e+03 -2.168964147567749023e+00
3.839000000000000000e+03 -2.175786733627319336e+00
3.840000000000000000e+03 -2.146412849426269531e+00
3.841000000000000000e+03 -2.214938640594482422e+00
3.842000000000000000e+03 -2.223657369613647461e+00
3.843000000000000000e+03 -2.175657272338867188e+00
3.844000000000000000e+03 -2.126126766204833984e+00
3.845000000000000000e+03 -2.182500600814819336e+00
3.846000000000000000e+03 -2.210699319839477539e+00
3.847000000000000000e+03 -2.181344032287597656e+00
3.848000000000000000e+03 -2.204375982284545898e+00
3.849000000000000000e+03 -2.262664556503295898e+00
3.850000000000000000e+03 -2.158229589462280273e+00
3.851000000000000000e+03 -2.173840522766113281e+00
3.852000000000000000e+03 -2.199847936630249023e+00
3.853000000000000000e+03 -2.205583572387695312e+00
3.854000000000000000e+03 -2.208144664764404297e+00
3.855000000000000000e+03 -2.219868659973144531e+00
3.856000000000000000e+03 -2.192240953445434570e+00
3.857000000000000000e+03 -2.200186967849731445e+00
3.858000000000000000e+03 -2.217885494232177734e+00
3.859000000000000000e+03 -2.151900053024291992e+00
3.860000000000000000e+03 -2.146568536758422852e+00
3.861000000000000000e+03 -2.260315179824829102e+00
3.862000000000000000e+03 -2.227586984634399414e+00
3.863000000000000000e+03 -2.225174188613891602e+00
3.864000000000000000e+03 -2.212094545364379883e+00
3.865000000000000000e+03 -2.241303682327270508e+00
3.866000000000000000e+03 -2.273344039916992188e+00
3.867000000000000000e+03 -2.190708637237548828e+00
3.868000000000000000e+03 -2.215167760848999023e+00
3.869000000000000000e+03 -2.157709121704101562e+00
3.870000000000000000e+03 -2.223548173904418945e+00
3.871000000000000000e+03 -2.230767726898193359e+00
3.872000000000000000e+03 -2.244179964065551758e+00
3.873000000000000000e+03 -2.209254026412963867e+00
3.874000000000000000e+03 -2.204252243041992188e+00
3.875000000000000000e+03 -2.237149953842163086e+00
3.876000000000000000e+03 -2.187565088272094727e+00
3.877000000000000000e+03 -2.215439319610595703e+00
3.878000000000000000e+03 -2.184726476669311523e+00
3.879000000000000000e+03 -2.251453876495361328e+00
3.880000000000000000e+03 -2.312702894210815430e+00
3.881000000000000000e+03 -2.276276111602783203e+00
3.882000000000000000e+03 -2.199388980865478516e+00
3.883000000000000000e+03 -2.152615070343017578e+00
3.884000000000000000e+03 -2.186820983886718750e+00
3.885000000000000000e+03 -2.235802412033081055e+00
3.886000000000000000e+03 -2.240468025207519531e+00
3.887000000000000000e+03 -2.211056232452392578e+00
3.888000000000000000e+03 -2.263349294662475586e+00
3.889000000000000000e+03 -2.219583988189697266e+00
3.890000000000000000e+03 -2.202601194381713867e+00
3.891000000000000000e+03 -2.212348461151123047e+00
3.892000000000000000e+03 -2.220510482788085938e+00
3.893000000000000000e+03 -2.240575075149536133e+00
3.894000000000000000e+03 -2.209344863891601562e+00
3.895000000000000000e+03 -2.203752279281616211e+00
3.896000000000000000e+03 -2.227938652038574219e+00
3.897000000000000000e+03 -2.280000686645507812e+00
3.898000000000000000e+03 -2.212066411972045898e+00
3.899000000000000000e+03 -2.285599470138549805e+00
3.900000000000000000e+03 -2.261419296264648438e+00
3.901000000000000000e+03 -2.294679403305053711e+00
3.902000000000000000e+03 -2.237101554870605469e+00
3.903000000000000000e+03 -2.182829141616821289e+00
3.904000000000000000e+03 -2.244651079177856445e+00
3.905000000000000000e+03 -2.258831501007080078e+00
3.906000000000000000e+03 -2.250596284866333008e+00
3.907000000000000000e+03 -2.206957817077636719e+00
3.908000000000000000e+03 -2.252963304519653320e+00
3.909000000000000000e+03 -2.284194231033325195e+00
3.910000000000000000e+03 -2.217124223709106445e+00
3.911000000000000000e+03 -2.252244949340820312e+00
3.912000000000000000e+03 -2.188767433166503906e+00
3.913000000000000000e+03 -2.241076231002807617e+00
3.914000000000000000e+03 -2.204169273376464844e+00
3.915000000000000000e+03 -2.214350938796997070e+00
3.916000000000000000e+03 -2.210937261581420898e+00
3.917000000000000000e+03 -2.201279640197753906e+00
3.918000000000000000e+03 -2.220102310180664062e+00
3.919000000000000000e+03 -2.154336690902709961e+00
3.920000000000000000e+03 -2.160027742385864258e+00
3.921000000000000000e+03 -2.253965616226196289e+00
3.922000000000000000e+03 -2.253609180450439453e+00
3.923000000000000000e+03 -2.232991695404052734e+00
3.924000000000000000e+03 -2.248922109603881836e+00
3.925000000000000000e+03 -2.245841026306152344e+00
3.926000000000000000e+03 -2.205646991729736328e+00
3.927000000000000000e+03 -2.208393812179565430e+00
3.928000000000000000e+03 -2.180743932723999023e+00
3.929000000000000000e+03 -2.175366401672363281e+00
3.930000000000000000e+03 -2.231879234313964844e+00
3.931000000000000000e+03 -2.188923597335815430e+00
3.932000000000000000e+03 -2.232839584350585938e+00
3.933000000000000000e+03 -2.262135028839111328e+00
3.934000000000000000e+03 -2.229459285736083984e+00
3.935000000000000000e+03 -2.249134540557861328e+00
3.936000000000000000e+03 -2.254302740097045898e+00
3.937000000000000000e+03 -2.256117343902587891e+00
3.938000000000000000e+03 -2.241079568862915039e+00
3.939000000000000000e+03 -2.266711711883544922e+00
3.940000000000000000e+03 -2.166274070739746094e+00
3.941000000000000000e+03 -2.168645620346069336e+00
3.942000000000000000e+03 -2.183444261550903320e+00
3.943000000000000000e+03 -2.210422515869140625e+00
3.944000000000000000e+03 -2.184827804565429688e+00
3.945000000000000000e+03 -2.219976425170898438e+00
3.946000000000000000e+03 -2.156328201293945312e+00
3.947000000000000000e+03 -2.140708923339843750e+00
3.948000000000000000e+03 -2.217495203018188477e+00
3.949000000000000000e+03 -2.163412570953369141e+00
3.950000000000000000e+03 -2.225841522216796875e+00
3.951000000000000000e+03 -2.194512844085693359e+00
3.952000000000000000e+03 -2.177503108978271484e+00
3.953000000000000000e+03 -2.205125570297241211e+00
3.954000000000000000e+03 -2.262541294097900391e+00
3.955000000000000000e+03 -2.259139060974121094e+00
3.956000000000000000e+03 -2.238359928131103516e+00
3.957000000000000000e+03 -2.190939664840698242e+00
3.958000000000000000e+03 -2.151322603225708008e+00
3.959000000000000000e+03 -2.254149436950683594e+00
3.960000000000000000e+03 -2.149542808532714844e+00
3.961000000000000000e+03 -2.166114330291748047e+00
3.962000000000000000e+03 -2.196641921997070312e+00
3.963000000000000000e+03 -2.217408895492553711e+00
3.964000000000000000e+03 -2.231442213058471680e+00
3.965000000000000000e+03 -2.225339412689208984e+00
3.966000000000000000e+03 -2.283059358596801758e+00
3.967000000000000000e+03 -2.280552387237548828e+00
3.968000000000000000e+03 -2.237752914428710938e+00
3.969000000000000000e+03 -2.212381362915039062e+00
3.970000000000000000e+03 -2.276094675064086914e+00
3.971000000000000000e+03 -2.232941389083862305e+00
3.972000000000000000e+03 -2.270144224166870117e+00
3.973000000000000000e+03 -2.231402635574340820e+00
3.974000000000000000e+03 -2.256354570388793945e+00
3.975000000000000000e+03 -2.243057489395141602e+00
3.976000000000000000e+03 -2.282912015914916992e+00
3.977000000000000000e+03 -2.208735227584838867e+00
3.978000000000000000e+03 -2.234709739685058594e+00
3.979000000000000000e+03 -2.213250875473022461e+00
3.980000000000000000e+03 -2.279993772506713867e+00
3.981000000000000000e+03 -2.298642396926879883e+00
3.982000000000000000e+03 -2.257986068725585938e+00
3.983000000000000000e+03 -2.239183902740478516e+00
3.984000000000000000e+03 -2.296317100524902344e+00
3.985000000000000000e+03 -2.245402812957763672e+00
3.986000000000000000e+03 -2.290222644805908203e+00
3.987000000000000000e+03 -2.258809804916381836e+00
3.988000000000000000e+03 -2.300314188003540039e+00
3.989000000000000000e+03 -2.298918962478637695e+00
3.990000000000000000e+03 -2.225498199462890625e+00
3.991000000000000000e+03 -2.204015254974365234e+00
3.992000000000000000e+03 -2.282237529754638672e+00
3.993000000000000000e+03 -2.204817295074462891e+00
3.994000000000000000e+03 -2.256704807281494141e+00
3.995000000000000000e+03 -2.253289699554443359e+00
3.996000000000000000e+03 -2.251435279846191406e+00
3.997000000000000000e+03 -2.175791501998901367e+00
3.998000000000000000e+03 -2.266023874282836914e+00
3.999000000000000000e+03 -2.234850883483886719e+00
4.000000000000000000e+03 -2.252460479736328125e+00
4.001000000000000000e+03 -2.216180801391601562e+00
4.002000000000000000e+03 -2.220237970352172852e+00
4.003000000000000000e+03 -2.249949932098388672e+00
4.004000000000000000e+03 -2.246695280075073242e+00
4.005000000000000000e+03 -2.233145236968994141e+00
4.006000000000000000e+03 -2.263907909393310547e+00
4.007000000000000000e+03 -2.273098468780517578e+00
4.008000000000000000e+03 -2.261287927627563477e+00
4.009000000000000000e+03 -2.189258575439453125e+00
4.010000000000000000e+03 -2.179367065429687500e+00
4.011000000000000000e+03 -2.253266096115112305e+00
4.012000000000000000e+03 -2.212378740310668945e+00
4.013000000000000000e+03 -2.226209640502929688e+00
4.014000000000000000e+03 -2.137177944183349609e+00
4.015000000000000000e+03 -2.201451778411865234e+00
4.016000000000000000e+03 -2.196567773818969727e+00
4.017000000000000000e+03 -2.203078746795654297e+00
4.018000000000000000e+03 -2.174003601074218750e+00
4.019000000000000000e+03 -2.211225509643554688e+00
4.020000000000000000e+03 -2.166524887084960938e+00
4.021000000000000000e+03 -2.170601129531860352e+00
4.022000000000000000e+03 -2.179457187652587891e+00
4.023000000000000000e+03 -2.133581161499023438e+00
4.024000000000000000e+03 -2.192207574844360352e+00
4.025000000000000000e+03 -2.222375631332397461e+00
4.026000000000000000e+03 -2.246768712997436523e+00
4.027000000000000000e+03 -2.227930784225463867e+00
4.028000000000000000e+03 -2.275370121002197266e+00
4.029000000000000000e+03 -2.234011888504028320e+00
4.030000000000000000e+03 -2.237257480621337891e+00
4.031000000000000000e+03 -2.285536766052246094e+00
4.032000000000000000e+03 -2.262038707733154297e+00
4.033000000000000000e+03 -2.289731025695800781e+00
4.034000000000000000e+03 -2.287391424179077148e+00
4.035000000000000000e+03 -2.181291818618774414e+00
4.036000000000000000e+03 -2.280607223510742188e+00
4.037000000000000000e+03 -2.246350288391113281e+00
4.038000000000000000e+03 -2.221952438354492188e+00
4.039000000000000000e+03 -2.234945058822631836e+00
4.040000000000000000e+03 -2.262109279632568359e+00
4.041000000000000000e+03 -2.267293930053710938e+00
4.042000000000000000e+03 -2.205897092819213867e+00
4.043000000000000000e+03 -2.272984266281127930e+00
4.044000000000000000e+03 -2.265111446380615234e+00
4.045000000000000000e+03 -2.248002529144287109e+00
4.046000000000000000e+03 -2.259393692016601562e+00
4.047000000000000000e+03 -2.267740249633789062e+00
4.048000000000000000e+03 -2.315517425537109375e+00
4.049000000000000000e+03 -2.297219038009643555e+00
4.050000000000000000e+03 -2.234769821166992188e+00
4.051000000000000000e+03 -2.214363574981689453e+00
4.052000000000000000e+03 -2.206079483032226562e+00
4.053000000000000000e+03 -2.246107101440429688e+00
4.054000000000000000e+03 -2.233754158020019531e+00
4.055000000000000000e+03 -2.140802860260009766e+00
4.056000000000000000e+03 -2.206750154495239258e+00
4.057000000000000000e+03 -2.227490663528442383e+00
4.058000000000000000e+03 -2.236678838729858398e+00
4.059000000000000000e+03 -2.217795133590698242e+00
4.060000000000000000e+03 -2.255243301391601562e+00
4.061000000000000000e+03 -2.242063999176025391e+00
4.062000000000000000e+03 -2.222049236297607422e+00
4.063000000000000000e+03 -2.193475008010864258e+00
4.064000000000000000e+03 -2.199148178100585938e+00
4.065000000000000000e+03 -2.228124380111694336e+00
4.066000000000000000e+03 -2.247110843658447266e+00
4.067000000000000000e+03 -2.308924198150634766e+00
4.068000000000000000e+03 -2.233561992645263672e+00
4.069000000000000000e+03 -2.244865894317626953e+00
4.070000000000000000e+03 -2.260454654693603516e+00
4.071000000000000000e+03 -2.275636672973632812e+00
4.072000000000000000e+03 -2.186008214950561523e+00
4.073000000000000000e+03 -2.246723175048828125e+00
4.074000000000000000e+03 -2.323908805847167969e+00
4.075000000000000000e+03 -2.252933025360107422e+00
4.076000000000000000e+03 -2.311909198760986328e+00
4.077000000000000000e+03 -2.246987342834472656e+00
4.078000000000000000e+03 -2.248813152313232422e+00
4.079000000000000000e+03 -2.186737537384033203e+00
4.080000000000000000e+03 -2.209535598754882812e+00
4.081000000000000000e+03 -2.228470325469970703e+00
4.082000000000000000e+03 -2.188860416412353516e+00
4.083000000000000000e+03 -2.231070041656494141e+00
4.084000000000000000e+03 -2.262234687805175781e+00
4.085000000000000000e+03 -2.233107566833496094e+00
4.086000000000000000e+03 -2.229903936386108398e+00
4.087000000000000000e+03 -2.174015045166015625e+00
4.088000000000000000e+03 -2.178262233734130859e+00
4.089000000000000000e+03 -2.191246747970581055e+00
4.090000000000000000e+03 -2.203327417373657227e+00
4.091000000000000000e+03 -2.220446825027465820e+00
4.092000000000000000e+03 -2.192445278167724609e+00
4.093000000000000000e+03 -2.245344638824462891e+00
4.094000000000000000e+03 -2.184664726257324219e+00
4.095000000000000000e+03 -2.259764671325683594e+00
4.096000000000000000e+03 -2.246975421905517578e+00
4.097000000000000000e+03 -2.210923910140991211e+00
4.098000000000000000e+03 -2.229001045227050781e+00
4.099000000000000000e+03 -2.262174367904663086e+00
4.100000000000000000e+03 -2.228941917419433594e+00
4.101000000000000000e+03 -2.277807474136352539e+00
4.102000000000000000e+03 -2.242344379425048828e+00
4.103000000000000000e+03 -2.246549129486083984e+00
4.104000000000000000e+03 -2.236099481582641602e+00
4.105000000000000000e+03 -2.251909732818603516e+00
4.106000000000000000e+03 -2.278086900711059570e+00
4.107000000000000000e+03 -2.261156320571899414e+00
4.108000000000000000e+03 -2.259381294250488281e+00
4.109000000000000000e+03 -2.240899801254272461e+00
4.110000000000000000e+03 -2.238632202148437500e+00
4.111000000000000000e+03 -2.252045154571533203e+00
4.112000000000000000e+03 -2.258771419525146484e+00
4.113000000000000000e+03 -2.236886501312255859e+00
4.114000000000000000e+03 -2.330327510833740234e+00
4.115000000000000000e+03 -2.262296676635742188e+00
4.116000000000000000e+03 -2.266408443450927734e+00
4.117000000000000000e+03 -2.239469528198242188e+00
4.118000000000000000e+03 -2.207994461059570312e+00
4.119000000000000000e+03 -2.212414741516113281e+00
4.120000000000000000e+03 -2.235295772552490234e+00
4.121000000000000000e+03 -2.269004583358764648e+00
4.122000000000000000e+03 -2.276492834091186523e+00
4.123000000000000000e+03 -2.247870683670043945e+00
4.124000000000000000e+03 -2.308480024337768555e+00
4.125000000000000000e+03 -2.282745361328125000e+00
4.126000000000000000e+03 -2.260545730590820312e+00
4.127000000000000000e+03 -2.242622852325439453e+00
4.128000000000000000e+03 -2.240946769714355469e+00
4.129000000000000000e+03 -2.229224205017089844e+00
4.130000000000000000e+03 -2.301512241363525391e+00
4.131000000000000000e+03 -2.267861604690551758e+00
4.132000000000000000e+03 -2.194276809692382812e+00
4.133000000000000000e+03 -2.178678035736083984e+00
4.134000000000000000e+03 -2.264684438705444336e+00
4.135000000000000000e+03 -2.278106451034545898e+00
4.136000000000000000e+03 -2.226776838302612305e+00
4.137000000000000000e+03 -2.257000923156738281e+00
4.138000000000000000e+03 -2.244006633758544922e+00
4.139000000000000000e+03 -2.268889904022216797e+00
4.140000000000000000e+03 -2.254525184631347656e+00
4.141000000000000000e+03 -2.281932830810546875e+00
4.142000000000000000e+03 -2.275807857513427734e+00
4.143000000000000000e+03 -2.229822158813476562e+00
4.144000000000000000e+03 -2.214018821716308594e+00
4.145000000000000000e+03 -2.250901937484741211e+00
4.146000000000000000e+03 -2.276215791702270508e+00
4.147000000000000000e+03 -2.293984174728393555e+00
4.148000000000000000e+03 -2.231885433197021484e+00
4.149000000000000000e+03 -2.256106853485107422e+00
4.150000000000000000e+03 -2.245628356933593750e+00
4.151000000000000000e+03 -2.220530748367309570e+00
4.152000000000000000e+03 -2.261527061462402344e+00
4.153000000000000000e+03 -2.244931697845458984e+00
4.154000000000000000e+03 -2.245554924011230469e+00
4.155000000000000000e+03 -2.289223432540893555e+00
4.156000000000000000e+03 -2.262940406799316406e+00
4.157000000000000000e+03 -2.240792274475097656e+00
4.158000000000000000e+03 -2.251224279403686523e+00
4.159000000000000000e+03 -2.233744859695434570e+00
4.160000000000000000e+03 -2.251271486282348633e+00
4.161000000000000000e+03 -2.234697341918945312e+00
4.162000000000000000e+03 -2.283624649047851562e+00
4.163000000000000000e+03 -2.288387060165405273e+00
4.164000000000000000e+03 -2.249241352081298828e+00
4.165000000000000000e+03 -2.272135019302368164e+00
4.166000000000000000e+03 -2.283626556396484375e+00
4.167000000000000000e+03 -2.267921686172485352e+00
4.168000000000000000e+03 -2.255077838897705078e+00
4.169000000000000000e+03 -2.290707588195800781e+00
4.170000000000000000e+03 -2.291325569152832031e+00
4.171000000000000000e+03 -2.247952938079833984e+00
4.172000000000000000e+03 -2.227038621902465820e+00
4.173000000000000000e+03 -2.244723796844482422e+00
4.174000000000000000e+03 -2.244332551956176758e+00
4.175000000000000000e+03 -2.307790994644165039e+00
4.176000000000000000e+03 -2.228350400924682617e+00
4.177000000000000000e+03 -2.271262168884277344e+00
4.178000000000000000e+03 -2.259267330169677734e+00
4.179000000000000000e+03 -2.215146541595458984e+00
4.180000000000000000e+03 -2.190328836441040039e+00
4.181000000000000000e+03 -2.244140625000000000e+00
4.182000000000000000e+03 -2.210133552551269531e+00
4.183000000000000000e+03 -2.233442544937133789e+00
4.184000000000000000e+03 -2.199820995330810547e+00
4.185000000000000000e+03 -2.168898344039916992e+00
4.186000000000000000e+03 -2.169481754302978516e+00
4.187000000000000000e+03 -2.157665252685546875e+00
4.188000000000000000e+03 -2.223710775375366211e+00
4.189000000000000000e+03 -2.175246477127075195e+00
4.190000000000000000e+03 -2.207075119018554688e+00
4.191000000000000000e+03 -2.220811367034912109e+00
4.192000000000000000e+03 -2.290605545043945312e+00
4.193000000000000000e+03 -2.271319389343261719e+00
4.194000000000000000e+03 -2.249505758285522461e+00
4.195000000000000000e+03 -2.199380397796630859e+00
4.196000000000000000e+03 -2.265500545501708984e+00
4.197000000000000000e+03 -2.245480775833129883e+00
4.198000000000000000e+03 -2.250032901763916016e+00
4.199000000000000000e+03 -2.231591939926147461e+00
4.200000000000000000e+03 -2.281359195709228516e+00
4.201000000000000000e+03 -2.260440111160278320e+00
4.202000000000000000e+03 -2.261332273483276367e+00
4.203000000000000000e+03 -2.245457172393798828e+00
4.204000000000000000e+03 -2.248468399047851562e+00
4.205000000000000000e+03 -2.204650402069091797e+00
4.206000000000000000e+03 -2.267796516418457031e+00
4.207000000000000000e+03 -2.153024196624755859e+00
4.208000000000000000e+03 -2.224535942077636719e+00
4.209000000000000000e+03 -2.199565410614013672e+00
4.210000000000000000e+03 -2.265363216400146484e+00
4.211000000000000000e+03 -2.211213588714599609e+00
4.212000000000000000e+03 -2.254301071166992188e+00
4.213000000000000000e+03 -2.281264305114746094e+00
4.214000000000000000e+03 -2.230609178543090820e+00
4.215000000000000000e+03 -2.249469757080078125e+00
4.216000000000000000e+03 -2.217788457870483398e+00
4.217000000000000000e+03 -2.230239391326904297e+00
4.218000000000000000e+03 -2.223727941513061523e+00
4.219000000000000000e+03 -2.255170106887817383e+00
4.220000000000000000e+03 -2.223862886428833008e+00
4.221000000000000000e+03 -2.211658954620361328e+00
4.222000000000000000e+03 -2.246634006500244141e+00
4.223000000000000000e+03 -2.220489978790283203e+00
4.224000000000000000e+03 -2.234147071838378906e+00
4.225000000000000000e+03 -2.264923572540283203e+00
4.226000000000000000e+03 -2.274080276489257812e+00
4.227000000000000000e+03 -2.248492002487182617e+00
4.228000000000000000e+03 -2.233808279037475586e+00
4.229000000000000000e+03 -2.239431619644165039e+00
4.230000000000000000e+03 -2.217972993850708008e+00
4.231000000000000000e+03 -2.212473154067993164e+00
4.232000000000000000e+03 -2.219465255737304688e+00
4.233000000000000000e+03 -2.250110864639282227e+00
4.234000000000000000e+03 -2.231260299682617188e+00
4.235000000000000000e+03 -2.277430295944213867e+00
4.236000000000000000e+03 -2.199039459228515625e+00
4.237000000000000000e+03 -2.274198770523071289e+00
4.238000000000000000e+03 -2.227805137634277344e+00
4.239000000000000000e+03 -2.235980987548828125e+00
4.240000000000000000e+03 -2.228500843048095703e+00
4.241000000000000000e+03 -2.186281204223632812e+00
4.242000000000000000e+03 -2.245146274566650391e+00
4.243000000000000000e+03 -2.222225666046142578e+00
4.244000000000000000e+03 -2.163825511932373047e+00
4.245000000000000000e+03 -2.194332599639892578e+00
4.246000000000000000e+03 -2.267980337142944336e+00
4.247000000000000000e+03 -2.203190803527832031e+00
4.248000000000000000e+03 -2.231232166290283203e+00
4.249000000000000000e+03 -2.199414253234863281e+00
4.250000000000000000e+03 -2.298457384109497070e+00
4.251000000000000000e+03 -2.266674995422363281e+00
4.252000000000000000e+03 -2.226739168167114258e+00
4.253000000000000000e+03 -2.233337640762329102e+00
4.254000000000000000e+03 -2.204443931579589844e+00
4.255000000000000000e+03 -2.196371555328369141e+00
4.256000000000000000e+03 -2.260290384292602539e+00
4.257000000000000000e+03 -2.240104198455810547e+00
4.258000000000000000e+03 -2.229899883270263672e+00
4.259000000000000000e+03 -2.226512432098388672e+00
4.260000000000000000e+03 -2.195353507995605469e+00
4.261000000000000000e+03 -2.292921066284179688e+00
4.262000000000000000e+03 -2.195616722106933594e+00
4.263000000000000000e+03 -2.213293790817260742e+00
4.264000000000000000e+03 -2.155952692031860352e+00
4.265000000000000000e+03 -2.145816326141357422e+00
4.266000000000000000e+03 -2.227089643478393555e+00
4.267000000000000000e+03 -2.198681116104125977e+00
4.268000000000000000e+03 -2.217447757720947266e+00
4.269000000000000000e+03 -2.229990005493164062e+00
4.270000000000000000e+03 -2.231507301330566406e+00
4.271000000000000000e+03 -2.323621749877929688e+00
4.272000000000000000e+03 -2.229345083236694336e+00
4.273000000000000000e+03 -2.161917209625244141e+00
4.274000000000000000e+03 -2.218160629272460938e+00
4.275000000000000000e+03 -2.216778278350830078e+00
4.276000000000000000e+03 -2.199545860290527344e+00
4.277000000000000000e+03 -2.148839235305786133e+00
4.278000000000000000e+03 -2.165698051452636719e+00
4.279000000000000000e+03 -2.220876693725585938e+00
4.280000000000000000e+03 -2.202362537384033203e+00
4.281000000000000000e+03 -2.200045824050903320e+00
4.282000000000000000e+03 -2.225565195083618164e+00
4.283000000000000000e+03 -2.264896869659423828e+00
4.284000000000000000e+03 -2.228709220886230469e+00
4.285000000000000000e+03 -2.263161182403564453e+00
4.286000000000000000e+03 -2.299727916717529297e+00
4.287000000000000000e+03 -2.260004758834838867e+00
4.288000000000000000e+03 -2.271269559860229492e+00
4.289000000000000000e+03 -2.228458642959594727e+00
4.290000000000000000e+03 -2.281266212463378906e+00
4.291000000000000000e+03 -2.235163927078247070e+00
4.292000000000000000e+03 -2.221466064453125000e+00
4.293000000000000000e+03 -2.270154714584350586e+00
4.294000000000000000e+03 -2.259748935699462891e+00
4.295000000000000000e+03 -2.204741954803466797e+00
4.296000000000000000e+03 -2.296469926834106445e+00
4.297000000000000000e+03 -2.302190303802490234e+00
4.298000000000000000e+03 -2.238651752471923828e+00
4.299000000000000000e+03 -2.201978683471679688e+00
4.300000000000000000e+03 -2.172819137573242188e+00
4.301000000000000000e+03 -2.254400253295898438e+00
4.302000000000000000e+03 -2.236927509307861328e+00
4.303000000000000000e+03 -2.192639112472534180e+00
4.304000000000000000e+03 -2.249021530151367188e+00
4.305000000000000000e+03 -2.214980840682983398e+00
4.306000000000000000e+03 -2.250588655471801758e+00
4.307000000000000000e+03 -2.224390268325805664e+00
4.308000000000000000e+03 -2.236181974411010742e+00
4.309000000000000000e+03 -2.197068691253662109e+00
4.310000000000000000e+03 -2.222433328628540039e+00
4.311000000000000000e+03 -2.190471887588500977e+00
4.312000000000000000e+03 -2.238302230834960938e+00
4.313000000000000000e+03 -2.226534128189086914e+00
4.314000000000000000e+03 -2.217099189758300781e+00
4.315000000000000000e+03 -2.267161607742309570e+00
4.316000000000000000e+03 -2.214089870452880859e+00
4.317000000000000000e+03 -2.265113830566406250e+00
4.318000000000000000e+03 -2.266174793243408203e+00
4.319000000000000000e+03 -2.280189514160156250e+00
4.320000000000000000e+03 -2.252155780792236328e+00
4.321000000000000000e+03 -2.213441610336303711e+00
4.322000000000000000e+03 -2.225112915039062500e+00
4.323000000000000000e+03 -2.211862325668334961e+00
4.324000000000000000e+03 -2.211081504821777344e+00
4.325000000000000000e+03 -2.237808227539062500e+00
4.326000000000000000e+03 -2.277661800384521484e+00
4.327000000000000000e+03 -2.254419326782226562e+00
4.328000000000000000e+03 -2.269401311874389648e+00
4.329000000000000000e+03 -2.226843357086181641e+00
4.330000000000000000e+03 -2.204661846160888672e+00
4.331000000000000000e+03 -2.280830383300781250e+00
4.332000000000000000e+03 -2.271111965179443359e+00
4.333000000000000000e+03 -2.244706153869628906e+00
4.334000000000000000e+03 -2.244994163513183594e+00
4.335000000000000000e+03 -2.262077808380126953e+00
4.336000000000000000e+03 -2.275130748748779297e+00
4.337000000000000000e+03 -2.213183641433715820e+00
4.338000000000000000e+03 -2.275011062622070312e+00
4.339000000000000000e+03 -2.271411895751953125e+00
4.340000000000000000e+03 -2.254524707794189453e+00
4.341000000000000000e+03 -2.227513790130615234e+00
4.342000000000000000e+03 -2.258029222488403320e+00
4.343000000000000000e+03 -2.261856079101562500e+00
4.344000000000000000e+03 -2.213503837585449219e+00
4.345000000000000000e+03 -2.243252992630004883e+00
4.346000000000000000e+03 -2.265212535858154297e+00
4.347000000000000000e+03 -2.255601406097412109e+00
4.348000000000000000e+03 -2.248061656951904297e+00
4.349000000000000000e+03 -2.224533081054687500e+00
4.350000000000000000e+03 -2.249014854431152344e+00
4.351000000000000000e+03 -2.228246927261352539e+00
4.352000000000000000e+03 -2.226565361022949219e+00
4.353000000000000000e+03 -2.217031717300415039e+00
4.354000000000000000e+03 -2.277178287506103516e+00
4.355000000000000000e+03 -2.296587944030761719e+00
4.356000000000000000e+03 -2.229247093200683594e+00
4.357000000000000000e+03 -2.204181194305419922e+00
4.358000000000000000e+03 -2.222813367843627930e+00
4.359000000000000000e+03 -2.283461093902587891e+00
4.360000000000000000e+03 -2.241351127624511719e+00
4.361000000000000000e+03 -2.213129281997680664e+00
4.362000000000000000e+03 -2.251718997955322266e+00
4.363000000000000000e+03 -2.251667976379394531e+00
4.364000000000000000e+03 -2.232546567916870117e+00
4.365000000000000000e+03 -2.221170902252197266e+00
4.366000000000000000e+03 -2.212255001068115234e+00
4.367000000000000000e+03 -2.196480989456176758e+00
4.368000000000000000e+03 -2.154348850250244141e+00
4.369000000000000000e+03 -2.163778305053710938e+00
4.370000000000000000e+03 -2.166895151138305664e+00
4.371000000000000000e+03 -2.269240140914916992e+00
4.372000000000000000e+03 -2.316528320312500000e+00
4.373000000000000000e+03 -2.222103357315063477e+00
4.374000000000000000e+03 -2.286715984344482422e+00
4.375000000000000000e+03 -2.270738601684570312e+00
4.376000000000000000e+03 -2.228746891021728516e+00
4.377000000000000000e+03 -2.247687339782714844e+00
4.378000000000000000e+03 -2.186051845550537109e+00
4.379000000000000000e+03 -2.238981008529663086e+00
4.380000000000000000e+03 -2.250362396240234375e+00
4.381000000000000000e+03 -2.201563596725463867e+00
4.382000000000000000e+03 -2.213915824890136719e+00
4.383000000000000000e+03 -2.259725570678710938e+00
4.384000000000000000e+03 -2.192728042602539062e+00
4.385000000000000000e+03 -2.267849922180175781e+00
4.386000000000000000e+03 -2.270818471908569336e+00
4.387000000000000000e+03 -2.216415882110595703e+00
4.388000000000000000e+03 -2.264209747314453125e+00
4.389000000000000000e+03 -2.182180881500244141e+00
4.390000000000000000e+03 -2.143593788146972656e+00
4.391000000000000000e+03 -2.237938880920410156e+00
4.392000000000000000e+03 -2.221262931823730469e+00
4.393000000000000000e+03 -2.273147583007812500e+00
4.394000000000000000e+03 -2.252078294754028320e+00
4.395000000000000000e+03 -2.249997854232788086e+00
4.396000000000000000e+03 -2.169156551361083984e+00
4.397000000000000000e+03 -2.258869647979736328e+00
4.398000000000000000e+03 -2.272800683975219727e+00
4.399000000000000000e+03 -2.256453275680541992e+00
4.400000000000000000e+03 -2.250741004943847656e+00
4.401000000000000000e+03 -2.344782590866088867e+00
4.402000000000000000e+03 -2.264850378036499023e+00
4.403000000000000000e+03 -2.244257926940917969e+00
4.404000000000000000e+03 -2.271976470947265625e+00
4.405000000000000000e+03 -2.277338027954101562e+00
4.406000000000000000e+03 -2.319630146026611328e+00
4.407000000000000000e+03 -2.220268726348876953e+00
4.408000000000000000e+03 -2.276222467422485352e+00
4.409000000000000000e+03 -2.192713499069213867e+00
4.410000000000000000e+03 -2.215451717376708984e+00
4.411000000000000000e+03 -2.173946380615234375e+00
4.412000000000000000e+03 -2.239777088165283203e+00
4.413000000000000000e+03 -2.263348102569580078e+00
4.414000000000000000e+03 -2.224732160568237305e+00
4.415000000000000000e+03 -2.265938520431518555e+00
4.416000000000000000e+03 -2.219161033630371094e+00
4.417000000000000000e+03 -2.254465818405151367e+00
4.418000000000000000e+03 -2.271548748016357422e+00
4.419000000000000000e+03 -2.178214788436889648e+00
4.420000000000000000e+03 -2.263039588928222656e+00
4.421000000000000000e+03 -2.266260623931884766e+00
4.422000000000000000e+03 -2.205797195434570312e+00
4.423000000000000000e+03 -2.230933427810668945e+00
4.424000000000000000e+03 -2.205947875976562500e+00
4.425000000000000000e+03 -2.140781879425048828e+00
4.426000000000000000e+03 -2.236225843429565430e+00
4.427000000000000000e+03 -2.173874139785766602e+00
4.428000000000000000e+03 -2.191693305969238281e+00
4.429000000000000000e+03 -2.193086147308349609e+00
4.430000000000000000e+03 -2.237771511077880859e+00
4.431000000000000000e+03 -2.270746707916259766e+00
4.432000000000000000e+03 -2.304837942123413086e+00
4.433000000000000000e+03 -2.272767305374145508e+00
4.434000000000000000e+03 -2.333443641662597656e+00
4.435000000000000000e+03 -2.212019443511962891e+00
4.436000000000000000e+03 -2.283401727676391602e+00
4.437000000000000000e+03 -2.230112075805664062e+00
4.438000000000000000e+03 -2.232416152954101562e+00
4.439000000000000000e+03 -2.301459550857543945e+00
4.440000000000000000e+03 -2.238193511962890625e+00
4.441000000000000000e+03 -2.224255800247192383e+00
4.442000000000000000e+03 -2.288274288177490234e+00
4.443000000000000000e+03 -2.261565685272216797e+00
4.444000000000000000e+03 -2.306980609893798828e+00
4.445000000000000000e+03 -2.307150363922119141e+00
4.446000000000000000e+03 -2.327698230743408203e+00
4.447000000000000000e+03 -2.267553091049194336e+00
4.448000000000000000e+03 -2.266737222671508789e+00
4.449000000000000000e+03 -2.262102365493774414e+00
4.450000000000000000e+03 -2.279106378555297852e+00
4.451000000000000000e+03 -2.271241426467895508e+00
4.452000000000000000e+03 -2.243371486663818359e+00
4.453000000000000000e+03 -2.320338249206542969e+00
4.454000000000000000e+03 -2.266172409057617188e+00
4.455000000000000000e+03 -2.288814783096313477e+00
4.456000000000000000e+03 -2.307187557220458984e+00
4.457000000000000000e+03 -2.286973953247070312e+00
4.458000000000000000e+03 -2.349422216415405273e+00
4.459000000000000000e+03 -2.314352512359619141e+00
4.460000000000000000e+03 -2.268954992294311523e+00
4.461000000000000000e+03 -2.235417842864990234e+00
4.462000000000000000e+03 -2.272090435028076172e+00
4.463000000000000000e+03 -2.224039077758789062e+00
4.464000000000000000e+03 -2.316874980926513672e+00
4.465000000000000000e+03 -2.262185811996459961e+00
4.466000000000000000e+03 -2.296637296676635742e+00
4.467000000000000000e+03 -2.256533145904541016e+00
4.468000000000000000e+03 -2.237137556076049805e+00
4.469000000000000000e+03 -2.205425262451171875e+00
4.470000000000000000e+03 -2.245044231414794922e+00
4.471000000000000000e+03 -2.268663406372070312e+00
4.472000000000000000e+03 -2.193246126174926758e+00
4.473000000000000000e+03 -2.243861198425292969e+00
4.474000000000000000e+03 -2.244587182998657227e+00
4.475000000000000000e+03 -2.264939308166503906e+00
4.476000000000000000e+03 -2.262723445892333984e+00
4.477000000000000000e+03 -2.266798496246337891e+00
4.478000000000000000e+03 -2.273366451263427734e+00
4.479000000000000000e+03 -2.290529251098632812e+00
4.480000000000000000e+03 -2.333721399307250977e+00
4.481000000000000000e+03 -2.311069011688232422e+00
4.482000000000000000e+03 -2.331107616424560547e+00
4.483000000000000000e+03 -2.322668552398681641e+00
4.484000000000000000e+03 -2.285108327865600586e+00
4.485000000000000000e+03 -2.249512672424316406e+00
4.486000000000000000e+03 -2.306083202362060547e+00
4.487000000000000000e+03 -2.271752357482910156e+00
4.488000000000000000e+03 -2.257600545883178711e+00
4.489000000000000000e+03 -2.242868661880493164e+00
4.490000000000000000e+03 -2.227405548095703125e+00
4.491000000000000000e+03 -2.193635940551757812e+00
4.492000000000000000e+03 -2.261447191238403320e+00
4.493000000000000000e+03 -2.233820915222167969e+00
4.494000000000000000e+03 -2.312337875366210938e+00
4.495000000000000000e+03 -2.239302635192871094e+00
4.496000000000000000e+03 -2.254491806030273438e+00
4.497000000000000000e+03 -2.170128822326660156e+00
4.498000000000000000e+03 -2.155025005340576172e+00
4.499000000000000000e+03 -2.229753017425537109e+00
4.500000000000000000e+03 -2.248004436492919922e+00
4.501000000000000000e+03 -2.275933980941772461e+00
4.502000000000000000e+03 -2.231628894805908203e+00
4.503000000000000000e+03 -2.241310358047485352e+00
4.504000000000000000e+03 -2.256239891052246094e+00
4.505000000000000000e+03 -2.260658025741577148e+00
4.506000000000000000e+03 -2.210229873657226562e+00
4.507000000000000000e+03 -2.197874069213867188e+00
4.508000000000000000e+03 -2.214734792709350586e+00
4.509000000000000000e+03 -2.165684223175048828e+00
4.510000000000000000e+03 -2.236865520477294922e+00
4.511000000000000000e+03 -2.204545736312866211e+00
4.512000000000000000e+03 -2.224514484405517578e+00
4.513000000000000000e+03 -2.230053186416625977e+00
4.514000000000000000e+03 -2.209345579147338867e+00
4.515000000000000000e+03 -2.210133552551269531e+00
4.516000000000000000e+03 -2.240589141845703125e+00
4.517000000000000000e+03 -2.246726274490356445e+00
4.518000000000000000e+03 -2.241105794906616211e+00
4.519000000000000000e+03 -2.227487325668334961e+00
4.520000000000000000e+03 -2.197505235671997070e+00
4.521000000000000000e+03 -2.234506368637084961e+00
4.522000000000000000e+03 -2.214810371398925781e+00
4.523000000000000000e+03 -2.169204711914062500e+00
4.524000000000000000e+03 -2.203944444656372070e+00
4.525000000000000000e+03 -2.266466379165649414e+00
4.526000000000000000e+03 -2.218366622924804688e+00
4.527000000000000000e+03 -2.169118404388427734e+00
4.528000000000000000e+03 -2.239757537841796875e+00
4.529000000000000000e+03 -2.230647087097167969e+00
4.530000000000000000e+03 -2.237081289291381836e+00
4.531000000000000000e+03 -2.224844455718994141e+00
4.532000000000000000e+03 -2.200666427612304688e+00
4.533000000000000000e+03 -2.186189174652099609e+00
4.534000000000000000e+03 -2.232449054718017578e+00
4.535000000000000000e+03 -2.253599643707275391e+00
4.536000000000000000e+03 -2.282451629638671875e+00
4.537000000000000000e+03 -2.183724641799926758e+00
4.538000000000000000e+03 -2.222303867340087891e+00
4.539000000000000000e+03 -2.221577405929565430e+00
4.540000000000000000e+03 -2.264004468917846680e+00
4.541000000000000000e+03 -2.259092807769775391e+00
4.542000000000000000e+03 -2.253633737564086914e+00
4.543000000000000000e+03 -2.280921220779418945e+00
4.544000000000000000e+03 -2.248611927032470703e+00
4.545000000000000000e+03 -2.248764753341674805e+00
4.546000000000000000e+03 -2.223653078079223633e+00
4.547000000000000000e+03 -2.221799850463867188e+00
4.548000000000000000e+03 -2.226800441741943359e+00
4.549000000000000000e+03 -2.203590154647827148e+00
4.550000000000000000e+03 -2.241830110549926758e+00
4.551000000000000000e+03 -2.200743913650512695e+00
4.552000000000000000e+03 -2.234330415725708008e+00
4.553000000000000000e+03 -2.244405269622802734e+00
4.554000000000000000e+03 -2.247288227081298828e+00
4.555000000000000000e+03 -2.245939254760742188e+00
4.556000000000000000e+03 -2.144179344177246094e+00
4.557000000000000000e+03 -2.195323467254638672e+00
4.558000000000000000e+03 -2.146170854568481445e+00
4.559000000000000000e+03 -2.168562412261962891e+00
4.560000000000000000e+03 -2.241611480712890625e+00
4.561000000000000000e+03 -2.247987270355224609e+00
4.562000000000000000e+03 -2.219359874725341797e+00
4.563000000000000000e+03 -2.222840309143066406e+00
4.564000000000000000e+03 -2.196817159652709961e+00
4.565000000000000000e+03 -2.133672952651977539e+00
4.566000000000000000e+03 -2.245526075363159180e+00
4.567000000000000000e+03 -2.257653236389160156e+00
4.568000000000000000e+03 -2.268377542495727539e+00
4.569000000000000000e+03 -2.162220001220703125e+00
4.570000000000000000e+03 -2.213156223297119141e+00
4.571000000000000000e+03 -2.221401214599609375e+00
4.572000000000000000e+03 -2.243615627288818359e+00
4.573000000000000000e+03 -2.209146022796630859e+00
4.574000000000000000e+03 -2.189502477645874023e+00
4.575000000000000000e+03 -2.215659141540527344e+00
4.576000000000000000e+03 -2.143330097198486328e+00
4.577000000000000000e+03 -2.152024269104003906e+00
4.578000000000000000e+03 -2.167009115219116211e+00
4.579000000000000000e+03 -2.222262382507324219e+00
4.580000000000000000e+03 -2.151255369186401367e+00
4.581000000000000000e+03 -2.185764074325561523e+00
4.582000000000000000e+03 -2.186959028244018555e+00
4.583000000000000000e+03 -2.202122926712036133e+00
4.584000000000000000e+03 -2.200831174850463867e+00
4.585000000000000000e+03 -2.254852533340454102e+00
4.586000000000000000e+03 -2.235738754272460938e+00
4.587000000000000000e+03 -2.271638154983520508e+00
4.588000000000000000e+03 -2.153317689895629883e+00
4.589000000000000000e+03 -2.198681354522705078e+00
4.590000000000000000e+03 -2.264664649963378906e+00
4.591000000000000000e+03 -2.265263557434082031e+00
4.592000000000000000e+03 -2.254328727722167969e+00
4.593000000000000000e+03 -2.243160486221313477e+00
4.594000000000000000e+03 -2.240592241287231445e+00
4.595000000000000000e+03 -2.224312067031860352e+00
4.596000000000000000e+03 -2.209653854370117188e+00
4.597000000000000000e+03 -2.207729816436767578e+00
4.598000000000000000e+03 -2.221932411193847656e+00
4.599000000000000000e+03 -2.206651210784912109e+00
4.600000000000000000e+03 -2.280267715454101562e+00
4.601000000000000000e+03 -2.209219217300415039e+00
4.602000000000000000e+03 -2.219009399414062500e+00
4.603000000000000000e+03 -2.263237476348876953e+00
4.604000000000000000e+03 -2.225415945053100586e+00
4.605000000000000000e+03 -2.260848760604858398e+00
4.606000000000000000e+03 -2.163415908813476562e+00
4.607000000000000000e+03 -2.236950635910034180e+00
4.608000000000000000e+03 -2.232395887374877930e+00
4.609000000000000000e+03 -2.239720106124877930e+00
4.610000000000000000e+03 -2.230507850646972656e+00
4.611000000000000000e+03 -2.326391220092773438e+00
4.612000000000000000e+03 -2.219818353652954102e+00
4.613000000000000000e+03 -2.249094247817993164e+00
4.614000000000000000e+03 -2.266278266906738281e+00
4.615000000000000000e+03 -2.225537300109863281e+00
4.616000000000000000e+03 -2.232841491699218750e+00
4.617000000000000000e+03 -2.211354732513427734e+00
4.618000000000000000e+03 -2.224490165710449219e+00
4.619000000000000000e+03 -2.209939956665039062e+00
4.620000000000000000e+03 -2.217121601104736328e+00
4.621000000000000000e+03 -2.244838237762451172e+00
4.622000000000000000e+03 -2.217168807983398438e+00
4.623000000000000000e+03 -2.254075527191162109e+00
4.624000000000000000e+03 -2.244120597839355469e+00
4.625000000000000000e+03 -2.188416004180908203e+00
4.626000000000000000e+03 -2.253844499588012695e+00
4.627000000000000000e+03 -2.202227592468261719e+00
4.628000000000000000e+03 -2.260317325592041016e+00
4.629000000000000000e+03 -2.189867019653320312e+00
4.630000000000000000e+03 -2.218761920928955078e+00
4.631000000000000000e+03 -2.255860805511474609e+00
4.632000000000000000e+03 -2.243797063827514648e+00
4.633000000000000000e+03 -2.228941440582275391e+00
4.634000000000000000e+03 -2.230155467987060547e+00
4.635000000000000000e+03 -2.248821258544921875e+00
4.636000000000000000e+03 -2.194759845733642578e+00
4.637000000000000000e+03 -2.223798036575317383e+00
4.638000000000000000e+03 -2.234509944915771484e+00
4.639000000000000000e+03 -2.207455635070800781e+00
4.640000000000000000e+03 -2.221917629241943359e+00
4.641000000000000000e+03 -2.190702199935913086e+00
4.642000000000000000e+03 -2.211681365966796875e+00
4.643000000000000000e+03 -2.253247737884521484e+00
4.644000000000000000e+03 -2.224945545196533203e+00
4.645000000000000000e+03 -2.250824451446533203e+00
4.646000000000000000e+03 -2.205530405044555664e+00
4.647000000000000000e+03 -2.219340801239013672e+00
4.648000000000000000e+03 -2.210590124130249023e+00
4.649000000000000000e+03 -2.247421264648437500e+00
4.650000000000000000e+03 -2.198023319244384766e+00
4.651000000000000000e+03 -2.162897825241088867e+00
4.652000000000000000e+03 -2.226720333099365234e+00
4.653000000000000000e+03 -2.207089900970458984e+00
4.654000000000000000e+03 -2.240813970565795898e+00
4.655000000000000000e+03 -2.227356433868408203e+00
4.656000000000000000e+03 -2.155240297317504883e+00
4.657000000000000000e+03 -2.161862134933471680e+00
4.658000000000000000e+03 -2.139914035797119141e+00
4.659000000000000000e+03 -2.183793544769287109e+00
4.660000000000000000e+03 -2.155810117721557617e+00
4.661000000000000000e+03 -2.170138359069824219e+00
4.662000000000000000e+03 -2.208824157714843750e+00
4.663000000000000000e+03 -2.207857370376586914e+00
4.664000000000000000e+03 -2.200431108474731445e+00
4.665000000000000000e+03 -2.194759368896484375e+00
4.666000000000000000e+03 -2.216800451278686523e+00
4.667000000000000000e+03 -2.191004753112792969e+00
4.668000000000000000e+03 -2.204947710037231445e+00
4.669000000000000000e+03 -2.231734275817871094e+00
4.670000000000000000e+03 -2.183294773101806641e+00
4.671000000000000000e+03 -2.187136650085449219e+00
4.672000000000000000e+03 -2.153959751129150391e+00
4.673000000000000000e+03 -2.147330760955810547e+00
4.674000000000000000e+03 -2.204211711883544922e+00
4.675000000000000000e+03 -2.188175916671752930e+00
4.676000000000000000e+03 -2.165603637695312500e+00
4.677000000000000000e+03 -2.176945686340332031e+00
4.678000000000000000e+03 -2.171489238739013672e+00
4.679000000000000000e+03 -2.148592472076416016e+00
4.680000000000000000e+03 -2.211754560470581055e+00
4.681000000000000000e+03 -2.179908275604248047e+00
4.682000000000000000e+03 -2.172992944717407227e+00
4.683000000000000000e+03 -2.132713317871093750e+00
4.684000000000000000e+03 -2.173381805419921875e+00
4.685000000000000000e+03 -2.186899423599243164e+00
4.686000000000000000e+03 -2.207301139831542969e+00
4.687000000000000000e+03 -2.239078998565673828e+00
4.688000000000000000e+03 -2.213602304458618164e+00
4.689000000000000000e+03 -2.219522953033447266e+00
4.690000000000000000e+03 -2.268105506896972656e+00
4.691000000000000000e+03 -2.218230485916137695e+00
4.692000000000000000e+03 -2.204057216644287109e+00
4.693000000000000000e+03 -2.249684810638427734e+00
4.694000000000000000e+03 -2.245279550552368164e+00
4.695000000000000000e+03 -2.259670495986938477e+00
4.696000000000000000e+03 -2.177815437316894531e+00
4.697000000000000000e+03 -2.229608058929443359e+00
4.698000000000000000e+03 -2.162753105163574219e+00
4.699000000000000000e+03 -2.144560813903808594e+00
4.700000000000000000e+03 -2.179303407669067383e+00
4.701000000000000000e+03 -2.248175144195556641e+00
4.702000000000000000e+03 -2.203257560729980469e+00
4.703000000000000000e+03 -2.229422807693481445e+00
4.704000000000000000e+03 -2.243417739868164062e+00
4.705000000000000000e+03 -2.196355104446411133e+00
4.706000000000000000e+03 -2.190469741821289062e+00
4.707000000000000000e+03 -2.241577148437500000e+00
4.708000000000000000e+03 -2.230030059814453125e+00
4.709000000000000000e+03 -2.261280775070190430e+00
4.710000000000000000e+03 -2.246378898620605469e+00
4.711000000000000000e+03 -2.246524572372436523e+00
4.712000000000000000e+03 -2.264738798141479492e+00
4.713000000000000000e+03 -2.210915088653564453e+00
4.714000000000000000e+03 -2.146304368972778320e+00
4.715000000000000000e+03 -2.215347766876220703e+00
4.716000000000000000e+03 -2.199124813079833984e+00
4.717000000000000000e+03 -2.207982540130615234e+00
4.718000000000000000e+03 -2.157318830490112305e+00
4.719000000000000000e+03 -2.222652435302734375e+00
4.720000000000000000e+03 -2.248117923736572266e+00
4.721000000000000000e+03 -2.271491050720214844e+00
4.722000000000000000e+03 -2.257154703140258789e+00
4.723000000000000000e+03 -2.286229848861694336e+00
4.724000000000000000e+03 -2.230296134948730469e+00
4.725000000000000000e+03 -2.214831352233886719e+00
4.726000000000000000e+03 -2.180159091949462891e+00
4.727000000000000000e+03 -2.227081298828125000e+00
4.728000000000000000e+03 -2.226824760437011719e+00
4.729000000000000000e+03 -2.198619365692138672e+00
4.730000000000000000e+03 -2.190167665481567383e+00
4.731000000000000000e+03 -2.148663282394409180e+00
4.732000000000000000e+03 -2.217892885208129883e+00
4.733000000000000000e+03 -2.181271314620971680e+00
4.734000000000000000e+03 -2.224564075469970703e+00
4.735000000000000000e+03 -2.225944042205810547e+00
4.736000000000000000e+03 -2.185814142227172852e+00
4.737000000000000000e+03 -2.195767641067504883e+00
4.738000000000000000e+03 -2.228094816207885742e+00
4.739000000000000000e+03 -2.200085878372192383e+00
4.740000000000000000e+03 -2.268046379089355469e+00
4.741000000000000000e+03 -2.214229345321655273e+00
4.742000000000000000e+03 -2.275572061538696289e+00
4.743000000000000000e+03 -2.199292898178100586e+00
4.744000000000000000e+03 -2.192619800567626953e+00
4.745000000000000000e+03 -2.203714847564697266e+00
4.746000000000000000e+03 -2.220075607299804688e+00
4.747000000000000000e+03 -2.199074029922485352e+00
4.748000000000000000e+03 -2.212910175323486328e+00
4.749000000000000000e+03 -2.258081197738647461e+00
4.750000000000000000e+03 -2.253222227096557617e+00
4.751000000000000000e+03 -2.221643924713134766e+00
4.752000000000000000e+03 -2.203118324279785156e+00
4.753000000000000000e+03 -2.240223646163940430e+00
4.754000000000000000e+03 -2.207083940505981445e+00
4.755000000000000000e+03 -2.199034690856933594e+00
4.756000000000000000e+03 -2.189547777175903320e+00
4.757000000000000000e+03 -2.198689699172973633e+00
4.758000000000000000e+03 -2.196445941925048828e+00
4.759000000000000000e+03 -2.243075370788574219e+00
4.760000000000000000e+03 -2.255395889282226562e+00
4.761000000000000000e+03 -2.216977357864379883e+00
4.762000000000000000e+03 -2.259703159332275391e+00
4.763000000000000000e+03 -2.267671585083007812e+00
4.764000000000000000e+03 -2.222297430038452148e+00
4.765000000000000000e+03 -2.197538375854492188e+00
4.766000000000000000e+03 -2.221497297286987305e+00
4.767000000000000000e+03 -2.230958938598632812e+00
4.768000000000000000e+03 -2.242982864379882812e+00
4.769000000000000000e+03 -2.238461017608642578e+00
4.770000000000000000e+03 -2.199365139007568359e+00
4.771000000000000000e+03 -2.161098003387451172e+00
4.772000000000000000e+03 -2.162772655487060547e+00
4.773000000000000000e+03 -2.249044418334960938e+00
4.774000000000000000e+03 -2.192916870117187500e+00
4.775000000000000000e+03 -2.255764007568359375e+00
4.776000000000000000e+03 -2.252234458923339844e+00
4.777000000000000000e+03 -2.215980291366577148e+00
4.778000000000000000e+03 -2.217092275619506836e+00
4.779000000000000000e+03 -2.140995502471923828e+00
4.780000000000000000e+03 -2.301864624023437500e+00
4.781000000000000000e+03 -2.265231609344482422e+00
4.782000000000000000e+03 -2.240970849990844727e+00
4.783000000000000000e+03 -2.237178325653076172e+00
4.784000000000000000e+03 -2.240797042846679688e+00
4.785000000000000000e+03 -2.233345985412597656e+00
4.786000000000000000e+03 -2.252025604248046875e+00
4.787000000000000000e+03 -2.244687318801879883e+00
4.788000000000000000e+03 -2.200654745101928711e+00
4.789000000000000000e+03 -2.271257877349853516e+00
4.790000000000000000e+03 -2.287287473678588867e+00
4.791000000000000000e+03 -2.271383047103881836e+00
4.792000000000000000e+03 -2.238214015960693359e+00
4.793000000000000000e+03 -2.189003705978393555e+00
4.794000000000000000e+03 -2.207190275192260742e+00
4.795000000000000000e+03 -2.289801836013793945e+00
4.796000000000000000e+03 -2.239166975021362305e+00
4.797000000000000000e+03 -2.253012895584106445e+00
4.798000000000000000e+03 -2.251858234405517578e+00
4.799000000000000000e+03 -2.221986293792724609e+00
4.800000000000000000e+03 -2.277052879333496094e+00
4.801000000000000000e+03 -2.221368789672851562e+00
4.802000000000000000e+03 -2.170552730560302734e+00
4.803000000000000000e+03 -2.216824769973754883e+00
4.804000000000000000e+03 -2.254503726959228516e+00
4.805000000000000000e+03 -2.206940412521362305e+00
4.806000000000000000e+03 -2.211656570434570312e+00
4.807000000000000000e+03 -2.195096731185913086e+00
4.808000000000000000e+03 -2.239260196685791016e+00
4.809000000000000000e+03 -2.211275100708007812e+00
4.810000000000000000e+03 -2.215842247009277344e+00
4.811000000000000000e+03 -2.248542308807373047e+00
4.812000000000000000e+03 -2.258001327514648438e+00
4.813000000000000000e+03 -2.219899177551269531e+00
4.814000000000000000e+03 -2.214866399765014648e+00
4.815000000000000000e+03 -2.196873426437377930e+00
4.816000000000000000e+03 -2.259581804275512695e+00
4.817000000000000000e+03 -2.259871721267700195e+00
4.818000000000000000e+03 -2.267805099487304688e+00
4.819000000000000000e+03 -2.250174045562744141e+00
4.820000000000000000e+03 -2.296444892883300781e+00
4.821000000000000000e+03 -2.304148435592651367e+00
4.822000000000000000e+03 -2.231994152069091797e+00
4.823000000000000000e+03 -2.281425952911376953e+00
4.824000000000000000e+03 -2.248763561248779297e+00
4.825000000000000000e+03 -2.276891231536865234e+00
4.826000000000000000e+03 -2.272261619567871094e+00
4.827000000000000000e+03 -2.291176080703735352e+00
4.828000000000000000e+03 -2.299097537994384766e+00
4.829000000000000000e+03 -2.205496311187744141e+00
4.830000000000000000e+03 -2.238156318664550781e+00
4.831000000000000000e+03 -2.322165489196777344e+00
4.832000000000000000e+03 -2.273551940917968750e+00
4.833000000000000000e+03 -2.259166717529296875e+00
4.834000000000000000e+03 -2.261389970779418945e+00
4.835000000000000000e+03 -2.266749858856201172e+00
4.836000000000000000e+03 -2.249940395355224609e+00
4.837000000000000000e+03 -2.241600036621093750e+00
4.838000000000000000e+03 -2.235241889953613281e+00
4.839000000000000000e+03 -2.220014810562133789e+00
4.840000000000000000e+03 -2.271170616149902344e+00
4.841000000000000000e+03 -2.261662721633911133e+00
4.842000000000000000e+03 -2.239831447601318359e+00
4.843000000000000000e+03 -2.229603528976440430e+00
4.844000000000000000e+03 -2.280586957931518555e+00
4.845000000000000000e+03 -2.209151268005371094e+00
4.846000000000000000e+03 -2.213111639022827148e+00
4.847000000000000000e+03 -2.228267908096313477e+00
4.848000000000000000e+03 -2.263272285461425781e+00
4.849000000000000000e+03 -2.228074073791503906e+00
4.850000000000000000e+03 -2.297178745269775391e+00
4.851000000000000000e+03 -2.275147914886474609e+00
4.852000000000000000e+03 -2.207396030426025391e+00
4.853000000000000000e+03 -2.214640378952026367e+00
4.854000000000000000e+03 -2.240833997726440430e+00
4.855000000000000000e+03 -2.242117643356323242e+00
4.856000000000000000e+03 -2.239087820053100586e+00
4.857000000000000000e+03 -2.266377925872802734e+00
4.858000000000000000e+03 -2.257439374923706055e+00
4.859000000000000000e+03 -2.254304885864257812e+00
4.860000000000000000e+03 -2.224764823913574219e+00
4.861000000000000000e+03 -2.228847026824951172e+00
4.862000000000000000e+03 -2.273660659790039062e+00
4.863000000000000000e+03 -2.189357042312622070e+00
4.864000000000000000e+03 -2.203917980194091797e+00
4.865000000000000000e+03 -2.187473297119140625e+00
4.866000000000000000e+03 -2.235935926437377930e+00
4.867000000000000000e+03 -2.192425012588500977e+00
4.868000000000000000e+03 -2.230550050735473633e+00
4.869000000000000000e+03 -2.187309265136718750e+00
4.870000000000000000e+03 -2.255784511566162109e+00
4.871000000000000000e+03 -2.248173952102661133e+00
4.872000000000000000e+03 -2.204862117767333984e+00
4.873000000000000000e+03 -2.195711135864257812e+00
4.874000000000000000e+03 -2.214034080505371094e+00
4.875000000000000000e+03 -2.297494411468505859e+00
4.876000000000000000e+03 -2.225337505340576172e+00
4.877000000000000000e+03 -2.246082782745361328e+00
4.878000000000000000e+03 -2.270893096923828125e+00
4.879000000000000000e+03 -2.299664735794067383e+00
4.880000000000000000e+03 -2.255594253540039062e+00
4.881000000000000000e+03 -2.319924831390380859e+00
4.882000000000000000e+03 -2.238716363906860352e+00
4.883000000000000000e+03 -2.290336370468139648e+00
4.884000000000000000e+03 -2.256486654281616211e+00
4.885000000000000000e+03 -2.218354463577270508e+00
4.886000000000000000e+03 -2.179631233215332031e+00
4.887000000000000000e+03 -2.212066888809204102e+00
4.888000000000000000e+03 -2.180224418640136719e+00
4.889000000000000000e+03 -2.174978494644165039e+00
4.890000000000000000e+03 -2.237471342086791992e+00
4.891000000000000000e+03 -2.192722797393798828e+00
4.892000000000000000e+03 -2.178752899169921875e+00
4.893000000000000000e+03 -2.236709594726562500e+00
4.894000000000000000e+03 -2.157546997070312500e+00
4.895000000000000000e+03 -2.177753210067749023e+00
4.896000000000000000e+03 -2.153142452239990234e+00
4.897000000000000000e+03 -2.236528873443603516e+00
4.898000000000000000e+03 -2.205221891403198242e+00
4.899000000000000000e+03 -2.221054792404174805e+00
4.900000000000000000e+03 -2.284891605377197266e+00
4.901000000000000000e+03 -2.235587596893310547e+00
4.902000000000000000e+03 -2.204988002777099609e+00
4.903000000000000000e+03 -2.223527908325195312e+00
4.904000000000000000e+03 -2.241074562072753906e+00
4.905000000000000000e+03 -2.220090389251708984e+00
4.906000000000000000e+03 -2.197311401367187500e+00
4.907000000000000000e+03 -2.139088153839111328e+00
4.908000000000000000e+03 -2.218516826629638672e+00
4.909000000000000000e+03 -2.157144784927368164e+00
4.910000000000000000e+03 -2.164064168930053711e+00
4.911000000000000000e+03 -2.125546455383300781e+00
4.912000000000000000e+03 -2.191552639007568359e+00
4.913000000000000000e+03 -2.147568702697753906e+00
4.914000000000000000e+03 -2.199350833892822266e+00
4.915000000000000000e+03 -2.149470090866088867e+00
4.916000000000000000e+03 -2.154509544372558594e+00
4.917000000000000000e+03 -2.278568029403686523e+00
4.918000000000000000e+03 -2.194663286209106445e+00
4.919000000000000000e+03 -2.232198715209960938e+00
4.920000000000000000e+03 -2.202940464019775391e+00
4.921000000000000000e+03 -2.209434509277343750e+00
4.922000000000000000e+03 -2.227383852005004883e+00
4.923000000000000000e+03 -2.189114332199096680e+00
4.924000000000000000e+03 -2.162176609039306641e+00
4.925000000000000000e+03 -2.197771072387695312e+00
4.926000000000000000e+03 -2.223225593566894531e+00
4.927000000000000000e+03 -2.241558790206909180e+00
4.928000000000000000e+03 -2.180315494537353516e+00
4.929000000000000000e+03 -2.224669456481933594e+00
4.930000000000000000e+03 -2.183665275573730469e+00
4.931000000000000000e+03 -2.197024345397949219e+00
4.932000000000000000e+03 -2.236912250518798828e+00
4.933000000000000000e+03 -2.225373744964599609e+00
4.934000000000000000e+03 -2.231508731842041016e+00
4.935000000000000000e+03 -2.179100751876831055e+00
4.936000000000000000e+03 -2.194984436035156250e+00
4.937000000000000000e+03 -2.166002035140991211e+00
4.938000000000000000e+03 -2.168177843093872070e+00
4.939000000000000000e+03 -2.213960170745849609e+00
4.940000000000000000e+03 -2.183863401412963867e+00
4.941000000000000000e+03 -2.186042308807373047e+00
4.942000000000000000e+03 -2.193225860595703125e+00
4.943000000000000000e+03 -2.244923353195190430e+00
4.944000000000000000e+03 -2.204363584518432617e+00
4.945000000000000000e+03 -2.162248134613037109e+00
4.946000000000000000e+03 -2.198576927185058594e+00
4.947000000000000000e+03 -2.191679239273071289e+00
4.948000000000000000e+03 -2.112192630767822266e+00
4.949000000000000000e+03 -2.177636146545410156e+00
4.950000000000000000e+03 -2.205094337463378906e+00
4.951000000000000000e+03 -2.130681276321411133e+00
4.952000000000000000e+03 -2.215077638626098633e+00
4.953000000000000000e+03 -2.193065643310546875e+00
4.954000000000000000e+03 -2.220602035522460938e+00
4.955000000000000000e+03 -2.223075866699218750e+00
4.956000000000000000e+03 -2.206293582916259766e+00
4.957000000000000000e+03 -2.267746686935424805e+00
4.958000000000000000e+03 -2.206387996673583984e+00
4.959000000000000000e+03 -2.197106361389160156e+00
4.960000000000000000e+03 -2.122617721557617188e+00
4.961000000000000000e+03 -2.191597700119018555e+00
4.962000000000000000e+03 -2.154722213745117188e+00
4.963000000000000000e+03 -2.182491064071655273e+00
4.964000000000000000e+03 -2.210326910018920898e+00
4.965000000000000000e+03 -2.192699909210205078e+00
4.966000000000000000e+03 -2.182089805603027344e+00
4.967000000000000000e+03 -2.143840074539184570e+00
4.968000000000000000e+03 -2.172035694122314453e+00
4.969000000000000000e+03 -2.217961311340332031e+00
4.970000000000000000e+03 -2.194615364074707031e+00
4.971000000000000000e+03 -2.198488235473632812e+00
4.972000000000000000e+03 -2.167923212051391602e+00
4.973000000000000000e+03 -2.171447277069091797e+00
4.974000000000000000e+03 -2.250304460525512695e+00
4.975000000000000000e+03 -2.146696805953979492e+00
4.976000000000000000e+03 -2.210021972656250000e+00
4.977000000000000000e+03 -2.137462615966796875e+00
4.978000000000000000e+03 -2.133659124374389648e+00
4.979000000000000000e+03 -2.162631034851074219e+00
4.980000000000000000e+03 -2.172628641128540039e+00
4.981000000000000000e+03 -2.140933752059936523e+00
4.982000000000000000e+03 -2.186969041824340820e+00
4.983000000000000000e+03 -2.200175285339355469e+00
4.984000000000000000e+03 -2.174207210540771484e+00
4.985000000000000000e+03 -2.144455432891845703e+00
4.986000000000000000e+03 -2.193863630294799805e+00
4.987000000000000000e+03 -2.101488351821899414e+00
4.988000000000000000e+03 -2.133044242858886719e+00
4.989000000000000000e+03 -2.142031908035278320e+00
4.990000000000000000e+03 -2.177606582641601562e+00
4.991000000000000000e+03 -2.158771991729736328e+00
4.992000000000000000e+03 -2.172726631164550781e+00
4.993000000000000000e+03 -2.082057952880859375e+00
4.994000000000000000e+03 -2.111152887344360352e+00
4.995000000000000000e+03 -2.237984180450439453e+00
4.996000000000000000e+03 -2.155555486679077148e+00
4.997000000000000000e+03 -2.129940986633300781e+00
4.998000000000000000e+03 -2.203352451324462891e+00
4.999000000000000000e+03 -2.189703941345214844e+00
5.000000000000000000e+03 -2.125737428665161133e+00
5.001000000000000000e+03 -2.128025531768798828e+00
5.002000000000000000e+03 -2.148304224014282227e+00
5.003000000000000000e+03 -2.124727249145507812e+00
5.004000000000000000e+03 -2.169679164886474609e+00
5.005000000000000000e+03 -2.157035350799560547e+00
5.006000000000000000e+03 -2.149797439575195312e+00
5.007000000000000000e+03 -2.167108058929443359e+00
5.008000000000000000e+03 -2.178051233291625977e+00
5.009000000000000000e+03 -2.213162422180175781e+00
5.010000000000000000e+03 -2.184542894363403320e+00
5.011000000000000000e+03 -2.129714965820312500e+00
5.012000000000000000e+03 -2.172544479370117188e+00
5.013000000000000000e+03 -2.118957042694091797e+00
5.014000000000000000e+03 -2.218974113464355469e+00
5.015000000000000000e+03 -2.174563646316528320e+00
5.016000000000000000e+03 -2.195543527603149414e+00
5.017000000000000000e+03 -2.152599573135375977e+00
5.018000000000000000e+03 -2.138346433639526367e+00
5.019000000000000000e+03 -2.138027191162109375e+00
5.020000000000000000e+03 -2.173117876052856445e+00
5.021000000000000000e+03 -2.207963705062866211e+00
5.022000000000000000e+03 -2.195231676101684570e+00
5.023000000000000000e+03 -2.148342609405517578e+00
5.024000000000000000e+03 -2.162906885147094727e+00
5.025000000000000000e+03 -2.153654575347900391e+00
5.026000000000000000e+03 -2.193983078002929688e+00
5.027000000000000000e+03 -2.202633380889892578e+00
5.028000000000000000e+03 -2.170290946960449219e+00
5.029000000000000000e+03 -2.157206058502197266e+00
5.030000000000000000e+03 -2.200566768646240234e+00
5.031000000000000000e+03 -2.159662961959838867e+00
5.032000000000000000e+03 -2.177670478820800781e+00
5.033000000000000000e+03 -2.168203830718994141e+00
5.034000000000000000e+03 -2.144130706787109375e+00
5.035000000000000000e+03 -2.188900947570800781e+00
5.036000000000000000e+03 -2.149659872055053711e+00
5.037000000000000000e+03 -2.221989870071411133e+00
5.038000000000000000e+03 -2.174850702285766602e+00
5.039000000000000000e+03 -2.165879487991333008e+00
5.040000000000000000e+03 -2.176024436950683594e+00
5.041000000000000000e+03 -2.156315803527832031e+00
5.042000000000000000e+03 -2.146976232528686523e+00
5.043000000000000000e+03 -2.148615837097167969e+00
5.044000000000000000e+03 -2.198010683059692383e+00
5.045000000000000000e+03 -2.190831661224365234e+00
5.046000000000000000e+03 -2.169466972351074219e+00
5.047000000000000000e+03 -2.168635368347167969e+00
5.048000000000000000e+03 -2.183595657348632812e+00
5.049000000000000000e+03 -2.166615486145019531e+00
5.050000000000000000e+03 -2.191378116607666016e+00
5.051000000000000000e+03 -2.200858592987060547e+00
5.052000000000000000e+03 -2.199003934860229492e+00
5.053000000000000000e+03 -2.231851100921630859e+00
5.054000000000000000e+03 -2.208996295928955078e+00
5.055000000000000000e+03 -2.203834533691406250e+00
5.056000000000000000e+03 -2.173742055892944336e+00
5.057000000000000000e+03 -2.201891183853149414e+00
5.058000000000000000e+03 -2.225040674209594727e+00
5.059000000000000000e+03 -2.219083786010742188e+00
5.060000000000000000e+03 -2.140465259552001953e+00
5.061000000000000000e+03 -2.164752960205078125e+00
5.062000000000000000e+03 -2.187337398529052734e+00
5.063000000000000000e+03 -2.207582712173461914e+00
5.064000000000000000e+03 -2.241134166717529297e+00
5.065000000000000000e+03 -2.239119529724121094e+00
5.066000000000000000e+03 -2.179273605346679688e+00
5.067000000000000000e+03 -2.190642833709716797e+00
5.068000000000000000e+03 -2.229565620422363281e+00
5.069000000000000000e+03 -2.264356136322021484e+00
5.070000000000000000e+03 -2.263022184371948242e+00
5.071000000000000000e+03 -2.213224411010742188e+00
5.072000000000000000e+03 -2.216298103332519531e+00
5.073000000000000000e+03 -2.238120079040527344e+00
5.074000000000000000e+03 -2.238854885101318359e+00
5.075000000000000000e+03 -2.265398979187011719e+00
5.076000000000000000e+03 -2.204468488693237305e+00
5.077000000000000000e+03 -2.218889713287353516e+00
5.078000000000000000e+03 -2.189152240753173828e+00
5.079000000000000000e+03 -2.161194801330566406e+00
5.080000000000000000e+03 -2.214532852172851562e+00
5.081000000000000000e+03 -2.175272464752197266e+00
5.082000000000000000e+03 -2.208944082260131836e+00
5.083000000000000000e+03 -2.218248844146728516e+00
5.084000000000000000e+03 -2.250565052032470703e+00
5.085000000000000000e+03 -2.227731943130493164e+00
5.086000000000000000e+03 -2.185782432556152344e+00
5.087000000000000000e+03 -2.153077125549316406e+00
5.088000000000000000e+03 -2.244196176528930664e+00
5.089000000000000000e+03 -2.232771635055541992e+00
5.090000000000000000e+03 -2.180623531341552734e+00
5.091000000000000000e+03 -2.208728075027465820e+00
5.092000000000000000e+03 -2.244613170623779297e+00
5.093000000000000000e+03 -2.246573925018310547e+00
5.094000000000000000e+03 -2.277132749557495117e+00
5.095000000000000000e+03 -2.239717006683349609e+00
5.096000000000000000e+03 -2.341772317886352539e+00
5.097000000000000000e+03 -2.253321409225463867e+00
5.098000000000000000e+03 -2.242686271667480469e+00
5.099000000000000000e+03 -2.205075502395629883e+00
5.100000000000000000e+03 -2.258036375045776367e+00
5.101000000000000000e+03 -2.234235763549804688e+00
5.102000000000000000e+03 -2.205190181732177734e+00
5.103000000000000000e+03 -2.228074073791503906e+00
5.104000000000000000e+03 -2.202455282211303711e+00
5.105000000000000000e+03 -2.165506601333618164e+00
5.106000000000000000e+03 -2.225198984146118164e+00
5.107000000000000000e+03 -2.252200126647949219e+00
5.108000000000000000e+03 -2.196500778198242188e+00
5.109000000000000000e+03 -2.204718828201293945e+00
5.110000000000000000e+03 -2.191269159317016602e+00
5.111000000000000000e+03 -2.195223331451416016e+00
5.112000000000000000e+03 -2.261102676391601562e+00
5.113000000000000000e+03 -2.191400527954101562e+00
5.114000000000000000e+03 -2.149499177932739258e+00
5.115000000000000000e+03 -2.241954565048217773e+00
5.116000000000000000e+03 -2.246898651123046875e+00
5.117000000000000000e+03 -2.217117309570312500e+00
5.118000000000000000e+03 -2.227968454360961914e+00
5.119000000000000000e+03 -2.261957168579101562e+00
5.120000000000000000e+03 -2.145838022232055664e+00
5.121000000000000000e+03 -2.241024971008300781e+00
5.122000000000000000e+03 -2.257224559783935547e+00
5.123000000000000000e+03 -2.209858179092407227e+00
5.124000000000000000e+03 -2.208773136138916016e+00
5.125000000000000000e+03 -2.241882801055908203e+00
5.126000000000000000e+03 -2.235227823257446289e+00
5.127000000000000000e+03 -2.194635868072509766e+00
5.128000000000000000e+03 -2.195935964584350586e+00
5.129000000000000000e+03 -2.208642482757568359e+00
5.130000000000000000e+03 -2.209734916687011719e+00
5.131000000000000000e+03 -2.236565351486206055e+00
5.132000000000000000e+03 -2.257756948471069336e+00
5.133000000000000000e+03 -2.246968984603881836e+00
5.134000000000000000e+03 -2.181467533111572266e+00
5.135000000000000000e+03 -2.252680063247680664e+00
5.136000000000000000e+03 -2.246179103851318359e+00
5.137000000000000000e+03 -2.235872268676757812e+00
5.138000000000000000e+03 -2.297108650207519531e+00
5.139000000000000000e+03 -2.193138599395751953e+00
5.140000000000000000e+03 -2.177887201309204102e+00
5.141000000000000000e+03 -2.194449663162231445e+00
5.142000000000000000e+03 -2.205145359039306641e+00
5.143000000000000000e+03 -2.140431165695190430e+00
5.144000000000000000e+03 -2.194285392761230469e+00
5.145000000000000000e+03 -2.168055534362792969e+00
5.146000000000000000e+03 -2.182951450347900391e+00
5.147000000000000000e+03 -2.162091493606567383e+00
5.148000000000000000e+03 -2.175627708435058594e+00
5.149000000000000000e+03 -2.114844083786010742e+00
5.150000000000000000e+03 -2.159528255462646484e+00
5.151000000000000000e+03 -2.168376922607421875e+00
5.152000000000000000e+03 -2.158557891845703125e+00
5.153000000000000000e+03 -2.165630340576171875e+00
5.154000000000000000e+03 -2.170123815536499023e+00
5.155000000000000000e+03 -2.205527305603027344e+00
5.156000000000000000e+03 -2.140645027160644531e+00
5.157000000000000000e+03 -2.155295848846435547e+00
5.158000000000000000e+03 -2.182194471359252930e+00
5.159000000000000000e+03 -2.189253807067871094e+00
5.160000000000000000e+03 -2.143070459365844727e+00
5.161000000000000000e+03 -2.251118659973144531e+00
5.162000000000000000e+03 -2.194602966308593750e+00
5.163000000000000000e+03 -2.163156509399414062e+00
5.164000000000000000e+03 -2.195446968078613281e+00
5.165000000000000000e+03 -2.202374458312988281e+00
5.166000000000000000e+03 -2.233534097671508789e+00
5.167000000000000000e+03 -2.202242851257324219e+00
5.168000000000000000e+03 -2.186370849609375000e+00
5.169000000000000000e+03 -2.197800636291503906e+00
5.170000000000000000e+03 -2.182010173797607422e+00
5.171000000000000000e+03 -2.214088678359985352e+00
5.172000000000000000e+03 -2.237461805343627930e+00
5.173000000000000000e+03 -2.236323356628417969e+00
5.174000000000000000e+03 -2.190615177154541016e+00
5.175000000000000000e+03 -2.240021467208862305e+00
5.176000000000000000e+03 -2.258032083511352539e+00
5.177000000000000000e+03 -2.193648815155029297e+00
5.178000000000000000e+03 -2.217589378356933594e+00
5.179000000000000000e+03 -2.172758579254150391e+00
5.180000000000000000e+03 -2.190255165100097656e+00
5.181000000000000000e+03 -2.185039997100830078e+00
5.182000000000000000e+03 -2.148348331451416016e+00
5.183000000000000000e+03 -2.173436164855957031e+00
5.184000000000000000e+03 -2.236497879028320312e+00
5.185000000000000000e+03 -2.212983131408691406e+00
5.186000000000000000e+03 -2.185416936874389648e+00
5.187000000000000000e+03 -2.182428359985351562e+00
5.188000000000000000e+03 -2.172470569610595703e+00
5.189000000000000000e+03 -2.204186677932739258e+00
5.190000000000000000e+03 -2.171024322509765625e+00
5.191000000000000000e+03 -2.184153556823730469e+00
5.192000000000000000e+03 -2.190614938735961914e+00
5.193000000000000000e+03 -2.218394279479980469e+00
5.194000000000000000e+03 -2.163592576980590820e+00
5.195000000000000000e+03 -2.216519355773925781e+00
5.196000000000000000e+03 -2.208378791809082031e+00
5.197000000000000000e+03 -2.149125814437866211e+00
5.198000000000000000e+03 -2.173905849456787109e+00
5.199000000000000000e+03 -2.187859773635864258e+00
5.200000000000000000e+03 -2.158169984817504883e+00
5.201000000000000000e+03 -2.202639579772949219e+00
5.202000000000000000e+03 -2.193750143051147461e+00
5.203000000000000000e+03 -2.159218311309814453e+00
5.204000000000000000e+03 -2.165634155273437500e+00
5.205000000000000000e+03 -2.210288286209106445e+00
5.206000000000000000e+03 -2.240755558013916016e+00
5.207000000000000000e+03 -2.189208030700683594e+00
5.208000000000000000e+03 -2.154324054718017578e+00
5.209000000000000000e+03 -2.157900810241699219e+00
5.210000000000000000e+03 -2.137090206146240234e+00
5.211000000000000000e+03 -2.182842731475830078e+00
5.212000000000000000e+03 -2.191225290298461914e+00
5.213000000000000000e+03 -2.247679233551025391e+00
5.214000000000000000e+03 -2.196323633193969727e+00
5.215000000000000000e+03 -2.241378784179687500e+00
5.216000000000000000e+03 -2.204287528991699219e+00
5.217000000000000000e+03 -2.181157827377319336e+00
5.218000000000000000e+03 -2.194022178649902344e+00
5.219000000000000000e+03 -2.230713605880737305e+00
5.220000000000000000e+03 -2.178708791732788086e+00
5.221000000000000000e+03 -2.183878421783447266e+00
5.222000000000000000e+03 -2.145113468170166016e+00
5.223000000000000000e+03 -2.235864162445068359e+00
5.224000000000000000e+03 -2.201545238494873047e+00
5.225000000000000000e+03 -2.226120233535766602e+00
5.226000000000000000e+03 -2.164699554443359375e+00
5.227000000000000000e+03 -2.179257392883300781e+00
5.228000000000000000e+03 -2.186086654663085938e+00
5.229000000000000000e+03 -2.244479417800903320e+00
5.230000000000000000e+03 -2.175543785095214844e+00
5.231000000000000000e+03 -2.165045499801635742e+00
5.232000000000000000e+03 -2.128236532211303711e+00
5.233000000000000000e+03 -2.118179798126220703e+00
5.234000000000000000e+03 -2.154538154602050781e+00
5.235000000000000000e+03 -2.138151645660400391e+00
5.236000000000000000e+03 -2.109348535537719727e+00
5.237000000000000000e+03 -2.119026184082031250e+00
5.238000000000000000e+03 -2.106044054031372070e+00
5.239000000000000000e+03 -2.130573034286499023e+00
5.240000000000000000e+03 -2.200951576232910156e+00
5.241000000000000000e+03 -2.163958072662353516e+00
5.242000000000000000e+03 -2.168535232543945312e+00
5.243000000000000000e+03 -2.217720270156860352e+00
5.244000000000000000e+03 -2.214334964752197266e+00
5.245000000000000000e+03 -2.180848598480224609e+00
5.246000000000000000e+03 -2.175093173980712891e+00
5.247000000000000000e+03 -2.199631690979003906e+00
5.248000000000000000e+03 -2.195196866989135742e+00
5.249000000000000000e+03 -2.177468061447143555e+00
5.250000000000000000e+03 -2.226568937301635742e+00
5.251000000000000000e+03 -2.157458543777465820e+00
5.252000000000000000e+03 -2.143859386444091797e+00
5.253000000000000000e+03 -2.223235845565795898e+00
5.254000000000000000e+03 -2.189064264297485352e+00
5.255000000000000000e+03 -2.204153776168823242e+00
5.256000000000000000e+03 -2.148932695388793945e+00
5.257000000000000000e+03 -2.156634330749511719e+00
5.258000000000000000e+03 -2.131317615509033203e+00
5.259000000000000000e+03 -2.203251123428344727e+00
5.260000000000000000e+03 -2.188463211059570312e+00
5.261000000000000000e+03 -2.175387144088745117e+00
5.262000000000000000e+03 -2.199226856231689453e+00
5.263000000000000000e+03 -2.234984874725341797e+00
5.264000000000000000e+03 -2.188448905944824219e+00
5.265000000000000000e+03 -2.246478080749511719e+00
5.266000000000000000e+03 -2.178775072097778320e+00
5.267000000000000000e+03 -2.134021759033203125e+00
5.268000000000000000e+03 -2.158703327178955078e+00
5.269000000000000000e+03 -2.205482006072998047e+00
5.270000000000000000e+03 -2.200348615646362305e+00
5.271000000000000000e+03 -2.162055492401123047e+00
5.272000000000000000e+03 -2.167500734329223633e+00
5.273000000000000000e+03 -2.144433021545410156e+00
5.274000000000000000e+03 -2.184313058853149414e+00
5.275000000000000000e+03 -2.242827892303466797e+00
5.276000000000000000e+03 -2.125236511230468750e+00
5.277000000000000000e+03 -2.227006435394287109e+00
5.278000000000000000e+03 -2.246144771575927734e+00
5.279000000000000000e+03 -2.165332317352294922e+00
5.280000000000000000e+03 -2.243287324905395508e+00
5.281000000000000000e+03 -2.206857442855834961e+00
5.282000000000000000e+03 -2.234784603118896484e+00
5.283000000000000000e+03 -2.211563348770141602e+00
5.284000000000000000e+03 -2.182050704956054688e+00
5.285000000000000000e+03 -2.240527153015136719e+00
5.286000000000000000e+03 -2.199626207351684570e+00
5.287000000000000000e+03 -2.177414417266845703e+00
5.288000000000000000e+03 -2.214906692504882812e+00
5.289000000000000000e+03 -2.162397384643554688e+00
5.290000000000000000e+03 -2.211781501770019531e+00
5.291000000000000000e+03 -2.155852556228637695e+00
5.292000000000000000e+03 -2.203983783721923828e+00
5.293000000000000000e+03 -2.257665395736694336e+00
5.294000000000000000e+03 -2.251832962036132812e+00
5.295000000000000000e+03 -2.200680732727050781e+00
5.296000000000000000e+03 -2.176985025405883789e+00
5.297000000000000000e+03 -2.218179464340209961e+00
5.298000000000000000e+03 -2.223736763000488281e+00
5.299000000000000000e+03 -2.137600421905517578e+00
5.300000000000000000e+03 -2.119375944137573242e+00
5.301000000000000000e+03 -2.173870801925659180e+00
5.302000000000000000e+03 -2.175480842590332031e+00
5.303000000000000000e+03 -2.137850522994995117e+00
5.304000000000000000e+03 -2.189623832702636719e+00
5.305000000000000000e+03 -2.165236949920654297e+00
5.306000000000000000e+03 -2.249898672103881836e+00
5.307000000000000000e+03 -2.187978506088256836e+00
5.308000000000000000e+03 -2.183703184127807617e+00
5.309000000000000000e+03 -2.221330404281616211e+00
5.310000000000000000e+03 -2.187614202499389648e+00
5.311000000000000000e+03 -2.176351547241210938e+00
5.312000000000000000e+03 -2.205362796783447266e+00
5.313000000000000000e+03 -2.230865955352783203e+00
5.314000000000000000e+03 -2.191080570220947266e+00
5.315000000000000000e+03 -2.252118110656738281e+00
5.316000000000000000e+03 -2.227041959762573242e+00
5.317000000000000000e+03 -2.218878984451293945e+00
5.318000000000000000e+03 -2.197930812835693359e+00
5.319000000000000000e+03 -2.192642211914062500e+00
5.320000000000000000e+03 -2.209749937057495117e+00
5.321000000000000000e+03 -2.246049880981445312e+00
5.322000000000000000e+03 -2.249451398849487305e+00
5.323000000000000000e+03 -2.236363172531127930e+00
5.324000000000000000e+03 -2.249545097351074219e+00
5.325000000000000000e+03 -2.206981420516967773e+00
5.326000000000000000e+03 -2.192725181579589844e+00
5.327000000000000000e+03 -2.204797267913818359e+00
5.328000000000000000e+03 -2.250392675399780273e+00
5.329000000000000000e+03 -2.224749565124511719e+00
5.330000000000000000e+03 -2.220482826232910156e+00
5.331000000000000000e+03 -2.190003395080566406e+00
5.332000000000000000e+03 -2.234156131744384766e+00
5.333000000000000000e+03 -2.254914522171020508e+00
5.334000000000000000e+03 -2.208490371704101562e+00
5.335000000000000000e+03 -2.239535331726074219e+00
5.336000000000000000e+03 -2.235126495361328125e+00
5.337000000000000000e+03 -2.169235706329345703e+00
5.338000000000000000e+03 -2.208655834197998047e+00
5.339000000000000000e+03 -2.193466186523437500e+00
5.340000000000000000e+03 -2.180479049682617188e+00
5.341000000000000000e+03 -2.163160800933837891e+00
5.342000000000000000e+03 -2.191858530044555664e+00
5.343000000000000000e+03 -2.188986778259277344e+00
5.344000000000000000e+03 -2.254426479339599609e+00
5.345000000000000000e+03 -2.192603588104248047e+00
5.346000000000000000e+03 -2.214869499206542969e+00
5.347000000000000000e+03 -2.214335918426513672e+00
5.348000000000000000e+03 -2.234255552291870117e+00
5.349000000000000000e+03 -2.173840522766113281e+00
5.350000000000000000e+03 -2.215634107589721680e+00
5.351000000000000000e+03 -2.192090034484863281e+00
5.352000000000000000e+03 -2.178275346755981445e+00
5.353000000000000000e+03 -2.207762718200683594e+00
5.354000000000000000e+03 -2.225446939468383789e+00
5.355000000000000000e+03 -2.175020456314086914e+00
5.356000000000000000e+03 -2.193291425704956055e+00
5.357000000000000000e+03 -2.194165706634521484e+00
5.358000000000000000e+03 -2.147999763488769531e+00
5.359000000000000000e+03 -2.244465112686157227e+00
5.360000000000000000e+03 -2.225596666336059570e+00
5.361000000000000000e+03 -2.166574001312255859e+00
5.362000000000000000e+03 -2.163123846054077148e+00
5.363000000000000000e+03 -2.223842144012451172e+00
5.364000000000000000e+03 -2.184444904327392578e+00
5.365000000000000000e+03 -2.243925333023071289e+00
5.366000000000000000e+03 -2.240696191787719727e+00
5.367000000000000000e+03 -2.190660476684570312e+00
5.368000000000000000e+03 -2.203892230987548828e+00
5.369000000000000000e+03 -2.216347694396972656e+00
5.370000000000000000e+03 -2.248990058898925781e+00
5.371000000000000000e+03 -2.284473657608032227e+00
5.372000000000000000e+03 -2.207336187362670898e+00
5.373000000000000000e+03 -2.226356744766235352e+00
5.374000000000000000e+03 -2.171222448348999023e+00
5.375000000000000000e+03 -2.210532903671264648e+00
5.376000000000000000e+03 -2.240861177444458008e+00
5.377000000000000000e+03 -2.240793943405151367e+00
5.378000000000000000e+03 -2.264164209365844727e+00
5.379000000000000000e+03 -2.233045578002929688e+00
5.380000000000000000e+03 -2.232836484909057617e+00
5.381000000000000000e+03 -2.221665382385253906e+00
5.382000000000000000e+03 -2.201630592346191406e+00
5.383000000000000000e+03 -2.209701061248779297e+00
5.384000000000000000e+03 -2.244098186492919922e+00
5.385000000000000000e+03 -2.218588829040527344e+00
5.386000000000000000e+03 -2.229637622833251953e+00
5.387000000000000000e+03 -2.226806402206420898e+00
5.388000000000000000e+03 -2.201207399368286133e+00
5.389000000000000000e+03 -2.198331594467163086e+00
5.390000000000000000e+03 -2.250273227691650391e+00
5.391000000000000000e+03 -2.244320869445800781e+00
5.392000000000000000e+03 -2.227351188659667969e+00
5.393000000000000000e+03 -2.228036880493164062e+00
5.394000000000000000e+03 -2.263801813125610352e+00
5.395000000000000000e+03 -2.263202190399169922e+00
5.396000000000000000e+03 -2.230548381805419922e+00
5.397000000000000000e+03 -2.191332101821899414e+00
5.398000000000000000e+03 -2.207365036010742188e+00
5.399000000000000000e+03 -2.232273578643798828e+00
5.400000000000000000e+03 -2.296075344085693359e+00
5.401000000000000000e+03 -2.290644884109497070e+00
5.402000000000000000e+03 -2.233852148056030273e+00
5.403000000000000000e+03 -2.201253890991210938e+00
5.404000000000000000e+03 -2.224236488342285156e+00
5.405000000000000000e+03 -2.202206134796142578e+00
5.406000000000000000e+03 -2.252404212951660156e+00
5.407000000000000000e+03 -2.208830356597900391e+00
5.408000000000000000e+03 -2.244122028350830078e+00
5.409000000000000000e+03 -2.229925870895385742e+00
5.410000000000000000e+03 -2.218894481658935547e+00
5.411000000000000000e+03 -2.276651620864868164e+00
5.412000000000000000e+03 -2.233563423156738281e+00
5.413000000000000000e+03 -2.187029361724853516e+00
5.414000000000000000e+03 -2.211314201354980469e+00
5.415000000000000000e+03 -2.217252731323242188e+00
5.416000000000000000e+03 -2.220627546310424805e+00
5.417000000000000000e+03 -2.174719810485839844e+00
5.418000000000000000e+03 -2.192231893539428711e+00
5.419000000000000000e+03 -2.193512678146362305e+00
5.420000000000000000e+03 -2.275149822235107422e+00
5.421000000000000000e+03 -2.274473905563354492e+00
5.422000000000000000e+03 -2.230520009994506836e+00
5.423000000000000000e+03 -2.239729404449462891e+00
5.424000000000000000e+03 -2.215778827667236328e+00
5.425000000000000000e+03 -2.232769012451171875e+00
5.426000000000000000e+03 -2.192456007003784180e+00
5.427000000000000000e+03 -2.197494745254516602e+00
5.428000000000000000e+03 -2.204958915710449219e+00
5.429000000000000000e+03 -2.195263385772705078e+00
5.430000000000000000e+03 -2.217011451721191406e+00
5.431000000000000000e+03 -2.252143859863281250e+00
5.432000000000000000e+03 -2.224236726760864258e+00
5.433000000000000000e+03 -2.269230127334594727e+00
5.434000000000000000e+03 -2.175266027450561523e+00
5.435000000000000000e+03 -2.243128776550292969e+00
5.436000000000000000e+03 -2.228659868240356445e+00
5.437000000000000000e+03 -2.215919494628906250e+00
5.438000000000000000e+03 -2.265563011169433594e+00
5.439000000000000000e+03 -2.244404315948486328e+00
5.440000000000000000e+03 -2.247937679290771484e+00
5.441000000000000000e+03 -2.236680984497070312e+00
5.442000000000000000e+03 -2.228029012680053711e+00
5.443000000000000000e+03 -2.267260789871215820e+00
5.444000000000000000e+03 -2.251299858093261719e+00
5.445000000000000000e+03 -2.230443477630615234e+00
5.446000000000000000e+03 -2.223211526870727539e+00
5.447000000000000000e+03 -2.258769035339355469e+00
5.448000000000000000e+03 -2.234558582305908203e+00
5.449000000000000000e+03 -2.221170425415039062e+00
5.450000000000000000e+03 -2.189421653747558594e+00
5.451000000000000000e+03 -2.263531208038330078e+00
5.452000000000000000e+03 -2.223252773284912109e+00
5.453000000000000000e+03 -2.248208045959472656e+00
5.454000000000000000e+03 -2.247891426086425781e+00
5.455000000000000000e+03 -2.244287014007568359e+00
5.456000000000000000e+03 -2.203244209289550781e+00
5.457000000000000000e+03 -2.255180597305297852e+00
5.458000000000000000e+03 -2.266656160354614258e+00
5.459000000000000000e+03 -2.226613521575927734e+00
5.460000000000000000e+03 -2.222497940063476562e+00
5.461000000000000000e+03 -2.251029014587402344e+00
5.462000000000000000e+03 -2.239223480224609375e+00
5.463000000000000000e+03 -2.274833679199218750e+00
5.464000000000000000e+03 -2.247979164123535156e+00
5.465000000000000000e+03 -2.211873054504394531e+00
5.466000000000000000e+03 -2.228697299957275391e+00
5.467000000000000000e+03 -2.247025012969970703e+00
5.468000000000000000e+03 -2.245080709457397461e+00
5.469000000000000000e+03 -2.207265615463256836e+00
5.470000000000000000e+03 -2.183102369308471680e+00
5.471000000000000000e+03 -2.261412143707275391e+00
5.472000000000000000e+03 -2.290450334548950195e+00
5.473000000000000000e+03 -2.221265554428100586e+00
5.474000000000000000e+03 -2.212971687316894531e+00
5.475000000000000000e+03 -2.281920433044433594e+00
5.476000000000000000e+03 -2.228865623474121094e+00
5.477000000000000000e+03 -2.222018480300903320e+00
5.478000000000000000e+03 -2.228024005889892578e+00
5.479000000000000000e+03 -2.240808963775634766e+00
5.480000000000000000e+03 -2.242432355880737305e+00
5.481000000000000000e+03 -2.231493949890136719e+00
5.482000000000000000e+03 -2.175777435302734375e+00
5.483000000000000000e+03 -2.226483583450317383e+00
5.484000000000000000e+03 -2.211732149124145508e+00
5.485000000000000000e+03 -2.241512775421142578e+00
5.486000000000000000e+03 -2.182615995407104492e+00
5.487000000000000000e+03 -2.273161411285400391e+00
5.488000000000000000e+03 -2.243066072463989258e+00
5.489000000000000000e+03 -2.170866966247558594e+00
5.490000000000000000e+03 -2.229264736175537109e+00
5.491000000000000000e+03 -2.224229574203491211e+00
5.492000000000000000e+03 -2.187410593032836914e+00
5.493000000000000000e+03 -2.170868158340454102e+00
5.494000000000000000e+03 -2.204851627349853516e+00
5.495000000000000000e+03 -2.198404312133789062e+00
5.496000000000000000e+03 -2.156826734542846680e+00
5.497000000000000000e+03 -2.186384916305541992e+00
5.498000000000000000e+03 -2.130391359329223633e+00
5.499000000000000000e+03 -2.190956115722656250e+00
5.500000000000000000e+03 -2.161194324493408203e+00
5.501000000000000000e+03 -2.105219841003417969e+00
5.502000000000000000e+03 -2.196460247039794922e+00
5.503000000000000000e+03 -2.241170167922973633e+00
5.504000000000000000e+03 -2.216308116912841797e+00
5.505000000000000000e+03 -2.166717767715454102e+00
5.506000000000000000e+03 -2.122994422912597656e+00
5.507000000000000000e+03 -2.185122728347778320e+00
5.508000000000000000e+03 -2.185400962829589844e+00
5.509000000000000000e+03 -2.204742908477783203e+00
5.510000000000000000e+03 -2.232237815856933594e+00
5.511000000000000000e+03 -2.236439704895019531e+00
5.512000000000000000e+03 -2.219246387481689453e+00
5.513000000000000000e+03 -2.248711109161376953e+00
5.514000000000000000e+03 -2.230649948120117188e+00
5.515000000000000000e+03 -2.206714630126953125e+00
5.516000000000000000e+03 -2.260609149932861328e+00
5.517000000000000000e+03 -2.241176843643188477e+00
5.518000000000000000e+03 -2.199003934860229492e+00
5.519000000000000000e+03 -2.200467586517333984e+00
5.520000000000000000e+03 -2.204627037048339844e+00
5.521000000000000000e+03 -2.226673603057861328e+00
5.522000000000000000e+03 -2.219533920288085938e+00
5.523000000000000000e+03 -2.261380195617675781e+00
5.524000000000000000e+03 -2.290442228317260742e+00
5.525000000000000000e+03 -2.177607059478759766e+00
5.526000000000000000e+03 -2.199052572250366211e+00
5.527000000000000000e+03 -2.226333856582641602e+00
5.528000000000000000e+03 -2.200623989105224609e+00
5.529000000000000000e+03 -2.232012748718261719e+00
5.530000000000000000e+03 -2.245587348937988281e+00
5.531000000000000000e+03 -2.213194847106933594e+00
5.532000000000000000e+03 -2.195921897888183594e+00
5.533000000000000000e+03 -2.269310951232910156e+00
5.534000000000000000e+03 -2.210372924804687500e+00
5.535000000000000000e+03 -2.204107284545898438e+00
5.536000000000000000e+03 -2.216793060302734375e+00
5.537000000000000000e+03 -2.212653398513793945e+00
5.538000000000000000e+03 -2.215617179870605469e+00
5.539000000000000000e+03 -2.244325637817382812e+00
5.540000000000000000e+03 -2.274383544921875000e+00
5.541000000000000000e+03 -2.222585678100585938e+00
5.542000000000000000e+03 -2.259568452835083008e+00
5.543000000000000000e+03 -2.223812580108642578e+00
5.544000000000000000e+03 -2.201852321624755859e+00
5.545000000000000000e+03 -2.161401748657226562e+00
5.546000000000000000e+03 -2.201951265335083008e+00
5.547000000000000000e+03 -2.179283380508422852e+00
5.548000000000000000e+03 -2.157979488372802734e+00
5.549000000000000000e+03 -2.167872905731201172e+00
5.550000000000000000e+03 -2.150466918945312500e+00
5.551000000000000000e+03 -2.150763034820556641e+00
5.552000000000000000e+03 -2.200641155242919922e+00
5.553000000000000000e+03 -2.223782300949096680e+00
5.554000000000000000e+03 -2.214316606521606445e+00
5.555000000000000000e+03 -2.200556755065917969e+00
5.556000000000000000e+03 -2.223074436187744141e+00
5.557000000000000000e+03 -2.161700487136840820e+00
5.558000000000000000e+03 -2.216335296630859375e+00
5.559000000000000000e+03 -2.229900121688842773e+00
5.560000000000000000e+03 -2.200780868530273438e+00
5.561000000000000000e+03 -2.236014842987060547e+00
5.562000000000000000e+03 -2.174942016601562500e+00
5.563000000000000000e+03 -2.212991237640380859e+00
5.564000000000000000e+03 -2.280300140380859375e+00
5.565000000000000000e+03 -2.228589773178100586e+00
5.566000000000000000e+03 -2.240441083908081055e+00
5.567000000000000000e+03 -2.280385732650756836e+00
5.568000000000000000e+03 -2.240298271179199219e+00
5.569000000000000000e+03 -2.227810859680175781e+00
5.570000000000000000e+03 -2.199566602706909180e+00
5.571000000000000000e+03 -2.175692081451416016e+00
5.572000000000000000e+03 -2.218522071838378906e+00
5.573000000000000000e+03 -2.205419063568115234e+00
5.574000000000000000e+03 -2.217771053314208984e+00
5.575000000000000000e+03 -2.192615509033203125e+00
5.576000000000000000e+03 -2.196365833282470703e+00
5.577000000000000000e+03 -2.270311594009399414e+00
5.578000000000000000e+03 -2.251435041427612305e+00
5.579000000000000000e+03 -2.164995193481445312e+00
5.580000000000000000e+03 -2.185369491577148438e+00
5.581000000000000000e+03 -2.215546131134033203e+00
5.582000000000000000e+03 -2.223403453826904297e+00
5.583000000000000000e+03 -2.200253963470458984e+00
5.584000000000000000e+03 -2.258322954177856445e+00
5.585000000000000000e+03 -2.220865726470947266e+00
5.586000000000000000e+03 -2.202677726745605469e+00
5.587000000000000000e+03 -2.206222057342529297e+00
5.588000000000000000e+03 -2.214075088500976562e+00
5.589000000000000000e+03 -2.181542634963989258e+00
5.590000000000000000e+03 -2.175895452499389648e+00
5.591000000000000000e+03 -2.157749891281127930e+00
5.592000000000000000e+03 -2.189793109893798828e+00
5.593000000000000000e+03 -2.200554370880126953e+00
5.594000000000000000e+03 -2.193382263183593750e+00
5.595000000000000000e+03 -2.180505752563476562e+00
5.596000000000000000e+03 -2.193072080612182617e+00
5.597000000000000000e+03 -2.274317502975463867e+00
5.598000000000000000e+03 -2.219202518463134766e+00
5.599000000000000000e+03 -2.193808555603027344e+00
5.600000000000000000e+03 -2.175995588302612305e+00
5.601000000000000000e+03 -2.209989070892333984e+00
5.602000000000000000e+03 -2.213824987411499023e+00
5.603000000000000000e+03 -2.247810125350952148e+00
5.604000000000000000e+03 -2.225862026214599609e+00
5.605000000000000000e+03 -2.226902723312377930e+00
5.606000000000000000e+03 -2.198600769042968750e+00
5.607000000000000000e+03 -2.153182983398437500e+00
5.608000000000000000e+03 -2.169255733489990234e+00
5.609000000000000000e+03 -2.153595924377441406e+00
5.610000000000000000e+03 -2.158262729644775391e+00
5.611000000000000000e+03 -2.124281167984008789e+00
5.612000000000000000e+03 -2.214028120040893555e+00
5.613000000000000000e+03 -2.210897922515869141e+00
5.614000000000000000e+03 -2.167609214782714844e+00
5.615000000000000000e+03 -2.234098434448242188e+00
5.616000000000000000e+03 -2.173750162124633789e+00
5.617000000000000000e+03 -2.251738786697387695e+00
5.618000000000000000e+03 -2.207760095596313477e+00
5.619000000000000000e+03 -2.205617904663085938e+00
5.620000000000000000e+03 -2.212600469589233398e+00
5.621000000000000000e+03 -2.219750165939331055e+00
5.622000000000000000e+03 -2.215394020080566406e+00
5.623000000000000000e+03 -2.234777927398681641e+00
5.624000000000000000e+03 -2.214629650115966797e+00
5.625000000000000000e+03 -2.165049314498901367e+00
5.626000000000000000e+03 -2.208014249801635742e+00
5.627000000000000000e+03 -2.201721429824829102e+00
5.628000000000000000e+03 -2.209848642349243164e+00
5.629000000000000000e+03 -2.274098873138427734e+00
5.630000000000000000e+03 -2.174374103546142578e+00
5.631000000000000000e+03 -2.213699817657470703e+00
5.632000000000000000e+03 -2.201814889907836914e+00
5.633000000000000000e+03 -2.110800504684448242e+00
5.634000000000000000e+03 -2.197661161422729492e+00
5.635000000000000000e+03 -2.136822462081909180e+00
5.636000000000000000e+03 -2.174006938934326172e+00
5.637000000000000000e+03 -2.171504974365234375e+00
5.638000000000000000e+03 -2.186802387237548828e+00
5.639000000000000000e+03 -2.199512958526611328e+00
5.640000000000000000e+03 -2.232261180877685547e+00
5.641000000000000000e+03 -2.235120773315429688e+00
5.642000000000000000e+03 -2.218808650970458984e+00
5.643000000000000000e+03 -2.208057403564453125e+00
5.644000000000000000e+03 -2.187222957611083984e+00
5.645000000000000000e+03 -2.167425155639648438e+00
5.646000000000000000e+03 -2.202157497406005859e+00
5.647000000000000000e+03 -2.209891319274902344e+00
5.648000000000000000e+03 -2.194590568542480469e+00
5.649000000000000000e+03 -2.206222534179687500e+00
5.650000000000000000e+03 -2.188329696655273438e+00
5.651000000000000000e+03 -2.220449686050415039e+00
5.652000000000000000e+03 -2.181386470794677734e+00
5.653000000000000000e+03 -2.201408147811889648e+00
5.654000000000000000e+03 -2.244119644165039062e+00
5.655000000000000000e+03 -2.210010051727294922e+00
5.656000000000000000e+03 -2.180463314056396484e+00
5.657000000000000000e+03 -2.185386180877685547e+00
5.658000000000000000e+03 -2.182913780212402344e+00
5.659000000000000000e+03 -2.209013462066650391e+00
5.660000000000000000e+03 -2.274208068847656250e+00
5.661000000000000000e+03 -2.236563205718994141e+00
5.662000000000000000e+03 -2.187124013900756836e+00
5.663000000000000000e+03 -2.209849357604980469e+00
5.664000000000000000e+03 -2.240600824356079102e+00
5.665000000000000000e+03 -2.160318374633789062e+00
5.666000000000000000e+03 -2.261617183685302734e+00
5.667000000000000000e+03 -2.241844654083251953e+00
5.668000000000000000e+03 -2.194434165954589844e+00
5.669000000000000000e+03 -2.142291545867919922e+00
5.670000000000000000e+03 -2.212873458862304688e+00
5.671000000000000000e+03 -2.232202768325805664e+00
5.672000000000000000e+03 -2.183537006378173828e+00
5.673000000000000000e+03 -2.232023000717163086e+00
5.674000000000000000e+03 -2.206918716430664062e+00
5.675000000000000000e+03 -2.167475223541259766e+00
5.676000000000000000e+03 -2.198142528533935547e+00
5.677000000000000000e+03 -2.256587266921997070e+00
5.678000000000000000e+03 -2.205665826797485352e+00
5.679000000000000000e+03 -2.191918373107910156e+00
5.680000000000000000e+03 -2.258342742919921875e+00
5.681000000000000000e+03 -2.284981727600097656e+00
5.682000000000000000e+03 -2.270028591156005859e+00
5.683000000000000000e+03 -2.295176506042480469e+00
5.684000000000000000e+03 -2.211364030838012695e+00
5.685000000000000000e+03 -2.212836980819702148e+00
5.686000000000000000e+03 -2.167633533477783203e+00
5.687000000000000000e+03 -2.192506313323974609e+00
5.688000000000000000e+03 -2.285695075988769531e+00
5.689000000000000000e+03 -2.275505304336547852e+00
5.690000000000000000e+03 -2.257205963134765625e+00
5.691000000000000000e+03 -2.243844985961914062e+00
5.692000000000000000e+03 -2.331844091415405273e+00
5.693000000000000000e+03 -2.239731073379516602e+00
5.694000000000000000e+03 -2.231346130371093750e+00
5.695000000000000000e+03 -2.264629364013671875e+00
5.696000000000000000e+03 -2.246910095214843750e+00
5.697000000000000000e+03 -2.249910831451416016e+00
5.698000000000000000e+03 -2.187066078186035156e+00
5.699000000000000000e+03 -2.220160484313964844e+00
5.700000000000000000e+03 -2.211087465286254883e+00
5.701000000000000000e+03 -2.207132577896118164e+00
5.702000000000000000e+03 -2.238930225372314453e+00
5.703000000000000000e+03 -2.288644790649414062e+00
5.704000000000000000e+03 -2.217643260955810547e+00
5.705000000000000000e+03 -2.236544370651245117e+00
5.706000000000000000e+03 -2.261726856231689453e+00
5.707000000000000000e+03 -2.305949211120605469e+00
5.708000000000000000e+03 -2.168952941894531250e+00
5.709000000000000000e+03 -2.217181205749511719e+00
5.710000000000000000e+03 -2.186958312988281250e+00
5.711000000000000000e+03 -2.272563695907592773e+00
5.712000000000000000e+03 -2.221310377120971680e+00
5.713000000000000000e+03 -2.155789375305175781e+00
5.714000000000000000e+03 -2.216103315353393555e+00
5.715000000000000000e+03 -2.228799104690551758e+00
5.716000000000000000e+03 -2.183403253555297852e+00
5.717000000000000000e+03 -2.233424901962280273e+00
5.718000000000000000e+03 -2.180843830108642578e+00
5.719000000000000000e+03 -2.201154232025146484e+00
5.720000000000000000e+03 -2.148518085479736328e+00
5.721000000000000000e+03 -2.172678470611572266e+00
5.722000000000000000e+03 -2.224608421325683594e+00
5.723000000000000000e+03 -2.175888299942016602e+00
5.724000000000000000e+03 -2.225412607192993164e+00
5.725000000000000000e+03 -2.212724924087524414e+00
5.726000000000000000e+03 -2.188141107559204102e+00
5.727000000000000000e+03 -2.222249507904052734e+00
5.728000000000000000e+03 -2.180528640747070312e+00
5.729000000000000000e+03 -2.276604175567626953e+00
5.730000000000000000e+03 -2.242168426513671875e+00
5.731000000000000000e+03 -2.216668367385864258e+00
5.732000000000000000e+03 -2.249556303024291992e+00
5.733000000000000000e+03 -2.233129262924194336e+00
5.734000000000000000e+03 -2.259081363677978516e+00
5.735000000000000000e+03 -2.227611780166625977e+00
5.736000000000000000e+03 -2.234777688980102539e+00
5.737000000000000000e+03 -2.252445220947265625e+00
5.738000000000000000e+03 -2.251096725463867188e+00
5.739000000000000000e+03 -2.291922569274902344e+00
5.740000000000000000e+03 -2.226640224456787109e+00
5.741000000000000000e+03 -2.215976715087890625e+00
5.742000000000000000e+03 -2.218364238739013672e+00
5.743000000000000000e+03 -2.185611724853515625e+00
5.744000000000000000e+03 -2.163715600967407227e+00
5.745000000000000000e+03 -2.194655656814575195e+00
5.746000000000000000e+03 -2.206273078918457031e+00
5.747000000000000000e+03 -2.183254718780517578e+00
5.748000000000000000e+03 -2.231894493103027344e+00
5.749000000000000000e+03 -2.209630012512207031e+00
5.750000000000000000e+03 -2.221331119537353516e+00
5.751000000000000000e+03 -2.299565076828002930e+00
5.752000000000000000e+03 -2.268644571304321289e+00
5.753000000000000000e+03 -2.195607662200927734e+00
5.754000000000000000e+03 -2.204618453979492188e+00
5.755000000000000000e+03 -2.280484199523925781e+00
5.756000000000000000e+03 -2.227211713790893555e+00
5.757000000000000000e+03 -2.252604961395263672e+00
5.758000000000000000e+03 -2.230432748794555664e+00
5.759000000000000000e+03 -2.274123430252075195e+00
5.760000000000000000e+03 -2.246106147766113281e+00
5.761000000000000000e+03 -2.240476131439208984e+00
5.762000000000000000e+03 -2.242873907089233398e+00
5.763000000000000000e+03 -2.174424648284912109e+00
5.764000000000000000e+03 -2.248252391815185547e+00
5.765000000000000000e+03 -2.202587604522705078e+00
5.766000000000000000e+03 -2.219358921051025391e+00
5.767000000000000000e+03 -2.183248281478881836e+00
5.768000000000000000e+03 -2.161525487899780273e+00
5.769000000000000000e+03 -2.247707843780517578e+00
5.770000000000000000e+03 -2.189693927764892578e+00
5.771000000000000000e+03 -2.186312198638916016e+00
5.772000000000000000e+03 -2.216944932937622070e+00
5.773000000000000000e+03 -2.243142366409301758e+00
5.774000000000000000e+03 -2.263370037078857422e+00
5.775000000000000000e+03 -2.202111244201660156e+00
5.776000000000000000e+03 -2.251276969909667969e+00
5.777000000000000000e+03 -2.206530332565307617e+00
5.778000000000000000e+03 -2.251421928405761719e+00
5.779000000000000000e+03 -2.231724023818969727e+00
5.780000000000000000e+03 -2.203997373580932617e+00
5.781000000000000000e+03 -2.295427799224853516e+00
5.782000000000000000e+03 -2.213626146316528320e+00
5.783000000000000000e+03 -2.238234996795654297e+00
5.784000000000000000e+03 -2.258735179901123047e+00
5.785000000000000000e+03 -2.159962654113769531e+00
5.786000000000000000e+03 -2.220151901245117188e+00
5.787000000000000000e+03 -2.260394573211669922e+00
5.788000000000000000e+03 -2.219907283782958984e+00
5.789000000000000000e+03 -2.240642547607421875e+00
5.790000000000000000e+03 -2.237684011459350586e+00
5.791000000000000000e+03 -2.209191799163818359e+00
5.792000000000000000e+03 -2.230092048645019531e+00
5.793000000000000000e+03 -2.244017124176025391e+00
5.794000000000000000e+03 -2.220335483551025391e+00
5.795000000000000000e+03 -2.232017040252685547e+00
5.796000000000000000e+03 -2.210635900497436523e+00
5.797000000000000000e+03 -2.224181413650512695e+00
5.798000000000000000e+03 -2.219702720642089844e+00
5.799000000000000000e+03 -2.209951877593994141e+00
5.800000000000000000e+03 -2.136336565017700195e+00
5.801000000000000000e+03 -2.195686817169189453e+00
5.802000000000000000e+03 -2.249534130096435547e+00
5.803000000000000000e+03 -2.249000787734985352e+00
5.804000000000000000e+03 -2.249544858932495117e+00
5.805000000000000000e+03 -2.254232168197631836e+00
5.806000000000000000e+03 -2.172187566757202148e+00
5.807000000000000000e+03 -2.174294948577880859e+00
5.808000000000000000e+03 -2.216114282608032227e+00
5.809000000000000000e+03 -2.244148492813110352e+00
5.810000000000000000e+03 -2.240874290466308594e+00
5.811000000000000000e+03 -2.203298330307006836e+00
5.812000000000000000e+03 -2.201364755630493164e+00
5.813000000000000000e+03 -2.229272365570068359e+00
5.814000000000000000e+03 -2.214733839035034180e+00
5.815000000000000000e+03 -2.178653240203857422e+00
5.816000000000000000e+03 -2.218101501464843750e+00
5.817000000000000000e+03 -2.174960374832153320e+00
5.818000000000000000e+03 -2.220847845077514648e+00
5.819000000000000000e+03 -2.202761888504028320e+00
5.820000000000000000e+03 -2.224950313568115234e+00
5.821000000000000000e+03 -2.162703037261962891e+00
5.822000000000000000e+03 -2.230866670608520508e+00
5.823000000000000000e+03 -2.155569314956665039e+00
5.824000000000000000e+03 -2.228961229324340820e+00
5.825000000000000000e+03 -2.201502084732055664e+00
5.826000000000000000e+03 -2.196776866912841797e+00
5.827000000000000000e+03 -2.210752010345458984e+00
5.828000000000000000e+03 -2.202186346054077148e+00
5.829000000000000000e+03 -2.179491996765136719e+00
5.830000000000000000e+03 -2.190254449844360352e+00
5.831000000000000000e+03 -2.238127231597900391e+00
5.832000000000000000e+03 -2.184558391571044922e+00
5.833000000000000000e+03 -2.234233856201171875e+00
5.834000000000000000e+03 -2.177882194519042969e+00
5.835000000000000000e+03 -2.190634489059448242e+00
5.836000000000000000e+03 -2.149564266204833984e+00
5.837000000000000000e+03 -2.152332305908203125e+00
5.838000000000000000e+03 -2.243937969207763672e+00
5.839000000000000000e+03 -2.215477228164672852e+00
5.840000000000000000e+03 -2.192114353179931641e+00
5.841000000000000000e+03 -2.172338724136352539e+00
5.842000000000000000e+03 -2.191936016082763672e+00
5.843000000000000000e+03 -2.288466453552246094e+00
5.844000000000000000e+03 -2.173582792282104492e+00
5.845000000000000000e+03 -2.185854196548461914e+00
5.846000000000000000e+03 -2.262421131134033203e+00
5.847000000000000000e+03 -2.184225559234619141e+00
5.848000000000000000e+03 -2.197304725646972656e+00
5.849000000000000000e+03 -2.284064769744873047e+00
5.850000000000000000e+03 -2.192059993743896484e+00
5.851000000000000000e+03 -2.191104650497436523e+00
5.852000000000000000e+03 -2.238917112350463867e+00
5.853000000000000000e+03 -2.199279785156250000e+00
5.854000000000000000e+03 -2.241038084030151367e+00
5.855000000000000000e+03 -2.259083747863769531e+00
5.856000000000000000e+03 -2.191216468811035156e+00
5.857000000000000000e+03 -2.201506137847900391e+00
5.858000000000000000e+03 -2.266405582427978516e+00
5.859000000000000000e+03 -2.204002857208251953e+00
5.860000000000000000e+03 -2.207870244979858398e+00
5.861000000000000000e+03 -2.222840547561645508e+00
5.862000000000000000e+03 -2.214145898818969727e+00
5.863000000000000000e+03 -2.135536432266235352e+00
5.864000000000000000e+03 -2.164609193801879883e+00
5.865000000000000000e+03 -2.189318180084228516e+00
5.866000000000000000e+03 -2.184792757034301758e+00
5.867000000000000000e+03 -2.144675254821777344e+00
5.868000000000000000e+03 -2.205584049224853516e+00
5.869000000000000000e+03 -2.225354671478271484e+00
5.870000000000000000e+03 -2.227046489715576172e+00
5.871000000000000000e+03 -2.180134773254394531e+00
5.872000000000000000e+03 -2.196694374084472656e+00
5.873000000000000000e+03 -2.219425916671752930e+00
5.874000000000000000e+03 -2.165750503540039062e+00
5.875000000000000000e+03 -2.254859209060668945e+00
5.876000000000000000e+03 -2.234964847564697266e+00
5.877000000000000000e+03 -2.270513772964477539e+00
5.878000000000000000e+03 -2.213348388671875000e+00
5.879000000000000000e+03 -2.280747175216674805e+00
5.880000000000000000e+03 -2.255912303924560547e+00
5.881000000000000000e+03 -2.193165540695190430e+00
5.882000000000000000e+03 -2.186928987503051758e+00
5.883000000000000000e+03 -2.143580198287963867e+00
5.884000000000000000e+03 -2.147816181182861328e+00
5.885000000000000000e+03 -2.177833080291748047e+00
5.886000000000000000e+03 -2.159817695617675781e+00
5.887000000000000000e+03 -2.235052585601806641e+00
5.888000000000000000e+03 -2.235697507858276367e+00
5.889000000000000000e+03 -2.308551788330078125e+00
5.890000000000000000e+03 -2.235932826995849609e+00
5.891000000000000000e+03 -2.229947328567504883e+00
5.892000000000000000e+03 -2.254990816116333008e+00
5.893000000000000000e+03 -2.240101337432861328e+00
5.894000000000000000e+03 -2.176950454711914062e+00
5.895000000000000000e+03 -2.231154918670654297e+00
5.896000000000000000e+03 -2.269879341125488281e+00
5.897000000000000000e+03 -2.231316566467285156e+00
5.898000000000000000e+03 -2.236461639404296875e+00
5.899000000000000000e+03 -2.245182991027832031e+00
5.900000000000000000e+03 -2.200186967849731445e+00
5.901000000000000000e+03 -2.160615682601928711e+00
5.902000000000000000e+03 -2.226851701736450195e+00
5.903000000000000000e+03 -2.213340759277343750e+00
5.904000000000000000e+03 -2.273896217346191406e+00
5.905000000000000000e+03 -2.223333835601806641e+00
5.906000000000000000e+03 -2.266576290130615234e+00
5.907000000000000000e+03 -2.237593173980712891e+00
5.908000000000000000e+03 -2.251746654510498047e+00
5.909000000000000000e+03 -2.253392696380615234e+00
5.910000000000000000e+03 -2.270818471908569336e+00
5.911000000000000000e+03 -2.224216938018798828e+00
5.912000000000000000e+03 -2.260590553283691406e+00
5.913000000000000000e+03 -2.236637353897094727e+00
5.914000000000000000e+03 -2.207523822784423828e+00
5.915000000000000000e+03 -2.234308242797851562e+00
5.916000000000000000e+03 -2.196389675140380859e+00
5.917000000000000000e+03 -2.146004438400268555e+00
5.918000000000000000e+03 -2.158398628234863281e+00
5.919000000000000000e+03 -2.229665517807006836e+00
5.920000000000000000e+03 -2.231751441955566406e+00
5.921000000000000000e+03 -2.223202705383300781e+00
5.922000000000000000e+03 -2.253057479858398438e+00
5.923000000000000000e+03 -2.147800207138061523e+00
5.924000000000000000e+03 -2.190317630767822266e+00
5.925000000000000000e+03 -2.248141765594482422e+00
5.926000000000000000e+03 -2.166516065597534180e+00
5.927000000000000000e+03 -2.205806732177734375e+00
5.928000000000000000e+03 -2.166626691818237305e+00
5.929000000000000000e+03 -2.222971916198730469e+00
5.930000000000000000e+03 -2.267660379409790039e+00
5.931000000000000000e+03 -2.229197740554809570e+00
5.932000000000000000e+03 -2.202833652496337891e+00
5.933000000000000000e+03 -2.253379106521606445e+00
5.934000000000000000e+03 -2.229551315307617188e+00
5.935000000000000000e+03 -2.235100269317626953e+00
5.936000000000000000e+03 -2.246223688125610352e+00
5.937000000000000000e+03 -2.224621772766113281e+00
5.938000000000000000e+03 -2.183636188507080078e+00
5.939000000000000000e+03 -2.197318553924560547e+00
5.940000000000000000e+03 -2.171986103057861328e+00
5.941000000000000000e+03 -2.220305442810058594e+00
5.942000000000000000e+03 -2.196570634841918945e+00
5.943000000000000000e+03 -2.200855255126953125e+00
5.944000000000000000e+03 -2.198049068450927734e+00
5.945000000000000000e+03 -2.237690925598144531e+00
5.946000000000000000e+03 -2.195880651473999023e+00
5.947000000000000000e+03 -2.240454673767089844e+00
5.948000000000000000e+03 -2.149382829666137695e+00
5.949000000000000000e+03 -2.215593576431274414e+00
5.950000000000000000e+03 -2.200926303863525391e+00
5.951000000000000000e+03 -2.209227323532104492e+00
5.952000000000000000e+03 -2.252750635147094727e+00
5.953000000000000000e+03 -2.288162231445312500e+00
5.954000000000000000e+03 -2.169363021850585938e+00
5.955000000000000000e+03 -2.215109348297119141e+00
5.956000000000000000e+03 -2.199277400970458984e+00
5.957000000000000000e+03 -2.209788560867309570e+00
5.958000000000000000e+03 -2.234647989273071289e+00
5.959000000000000000e+03 -2.170463085174560547e+00
5.960000000000000000e+03 -2.163954973220825195e+00
5.961000000000000000e+03 -2.217117071151733398e+00
5.962000000000000000e+03 -2.214674234390258789e+00
5.963000000000000000e+03 -2.158410549163818359e+00
5.964000000000000000e+03 -2.174267292022705078e+00
5.965000000000000000e+03 -2.208627223968505859e+00
5.966000000000000000e+03 -2.205129384994506836e+00
5.967000000000000000e+03 -2.251556873321533203e+00
5.968000000000000000e+03 -2.236824035644531250e+00
5.969000000000000000e+03 -2.225954771041870117e+00
5.970000000000000000e+03 -2.232580184936523438e+00
5.971000000000000000e+03 -2.221010446548461914e+00
5.972000000000000000e+03 -2.208187580108642578e+00
5.973000000000000000e+03 -2.223651885986328125e+00
5.974000000000000000e+03 -2.228156328201293945e+00
5.975000000000000000e+03 -2.220268487930297852e+00
5.976000000000000000e+03 -2.259369850158691406e+00
5.977000000000000000e+03 -2.236448764801025391e+00
5.978000000000000000e+03 -2.201471328735351562e+00
5.979000000000000000e+03 -2.228132724761962891e+00
5.980000000000000000e+03 -2.201993703842163086e+00
5.981000000000000000e+03 -2.235538244247436523e+00
5.982000000000000000e+03 -2.233895778656005859e+00
5.983000000000000000e+03 -2.178000450134277344e+00
5.984000000000000000e+03 -2.193183422088623047e+00
5.985000000000000000e+03 -2.208625793457031250e+00
5.986000000000000000e+03 -2.175566673278808594e+00
5.987000000000000000e+03 -2.218158483505249023e+00
5.988000000000000000e+03 -2.171151161193847656e+00
5.989000000000000000e+03 -2.270652055740356445e+00
5.990000000000000000e+03 -2.196206569671630859e+00
5.991000000000000000e+03 -2.202753305435180664e+00
5.992000000000000000e+03 -2.195463180541992188e+00
5.993000000000000000e+03 -2.224220275878906250e+00
5.994000000000000000e+03 -2.154209136962890625e+00
5.995000000000000000e+03 -2.214610576629638672e+00
5.996000000000000000e+03 -2.174627780914306641e+00
5.997000000000000000e+03 -2.165714025497436523e+00
5.998000000000000000e+03 -2.215797901153564453e+00
5.999000000000000000e+03 -2.211031913757324219e+00
6.000000000000000000e+03 -2.200442314147949219e+00
6.001000000000000000e+03 -2.159075736999511719e+00
6.002000000000000000e+03 -2.212316751480102539e+00
6.003000000000000000e+03 -2.162843942642211914e+00
6.004000000000000000e+03 -2.211047649383544922e+00
6.005000000000000000e+03 -2.188602209091186523e+00
6.006000000000000000e+03 -2.184587717056274414e+00
6.007000000000000000e+03 -2.284199953079223633e+00
6.008000000000000000e+03 -2.242086410522460938e+00
6.009000000000000000e+03 -2.235126018524169922e+00
6.010000000000000000e+03 -2.255658626556396484e+00
6.011000000000000000e+03 -2.188114404678344727e+00
6.012000000000000000e+03 -2.225435256958007812e+00
6.013000000000000000e+03 -2.160351276397705078e+00
6.014000000000000000e+03 -2.185292720794677734e+00
6.015000000000000000e+03 -2.234340667724609375e+00
6.016000000000000000e+03 -2.186805009841918945e+00
6.017000000000000000e+03 -2.222577333450317383e+00
6.018000000000000000e+03 -2.213808536529541016e+00
6.019000000000000000e+03 -2.230470657348632812e+00
6.020000000000000000e+03 -2.195935010910034180e+00
6.021000000000000000e+03 -2.203410863876342773e+00
6.022000000000000000e+03 -2.207687139511108398e+00
6.023000000000000000e+03 -2.208422422409057617e+00
6.024000000000000000e+03 -2.189534187316894531e+00
6.025000000000000000e+03 -2.138669252395629883e+00
6.026000000000000000e+03 -2.230728626251220703e+00
6.027000000000000000e+03 -2.215902805328369141e+00
6.028000000000000000e+03 -2.234690666198730469e+00
6.029000000000000000e+03 -2.190201282501220703e+00
6.030000000000000000e+03 -2.190854310989379883e+00
6.031000000000000000e+03 -2.147499322891235352e+00
6.032000000000000000e+03 -2.126951694488525391e+00
6.033000000000000000e+03 -2.210686922073364258e+00
6.034000000000000000e+03 -2.213195323944091797e+00
6.035000000000000000e+03 -2.216640233993530273e+00
6.036000000000000000e+03 -2.255448341369628906e+00
6.037000000000000000e+03 -2.203157901763916016e+00
6.038000000000000000e+03 -2.190812110900878906e+00
6.039000000000000000e+03 -2.189478874206542969e+00
6.040000000000000000e+03 -2.154944181442260742e+00
6.041000000000000000e+03 -2.145048618316650391e+00
6.042000000000000000e+03 -2.166881322860717773e+00
6.043000000000000000e+03 -2.181461572647094727e+00
6.044000000000000000e+03 -2.158778190612792969e+00
6.045000000000000000e+03 -2.169150590896606445e+00
6.046000000000000000e+03 -2.163743734359741211e+00
6.047000000000000000e+03 -2.187138557434082031e+00
6.048000000000000000e+03 -2.163972854614257812e+00
6.049000000000000000e+03 -2.183313846588134766e+00
6.050000000000000000e+03 -2.206262826919555664e+00
6.051000000000000000e+03 -2.159000158309936523e+00
6.052000000000000000e+03 -2.170461416244506836e+00
6.053000000000000000e+03 -2.184122323989868164e+00
6.054000000000000000e+03 -2.239190816879272461e+00
6.055000000000000000e+03 -2.160724401473999023e+00
6.056000000000000000e+03 -2.208324909210205078e+00
6.057000000000000000e+03 -2.169866800308227539e+00
6.058000000000000000e+03 -2.178161382675170898e+00
6.059000000000000000e+03 -2.177854061126708984e+00
6.060000000000000000e+03 -2.195008516311645508e+00
6.061000000000000000e+03 -2.171463966369628906e+00
6.062000000000000000e+03 -2.189849615097045898e+00
6.063000000000000000e+03 -2.198639631271362305e+00
6.064000000000000000e+03 -2.230800628662109375e+00
6.065000000000000000e+03 -2.174693584442138672e+00
6.066000000000000000e+03 -2.197879314422607422e+00
6.067000000000000000e+03 -2.251600027084350586e+00
6.068000000000000000e+03 -2.250522375106811523e+00
6.069000000000000000e+03 -2.231026172637939453e+00
6.070000000000000000e+03 -2.168180465698242188e+00
6.071000000000000000e+03 -2.145820856094360352e+00
6.072000000000000000e+03 -2.215628862380981445e+00
6.073000000000000000e+03 -2.233614444732666016e+00
6.074000000000000000e+03 -2.224758863449096680e+00
6.075000000000000000e+03 -2.234596967697143555e+00
6.076000000000000000e+03 -2.295363903045654297e+00
6.077000000000000000e+03 -2.286056756973266602e+00
6.078000000000000000e+03 -2.220291614532470703e+00
6.079000000000000000e+03 -2.197879076004028320e+00
6.080000000000000000e+03 -2.167450428009033203e+00
6.081000000000000000e+03 -2.149525165557861328e+00
6.082000000000000000e+03 -2.181848049163818359e+00
6.083000000000000000e+03 -2.195238590240478516e+00
6.084000000000000000e+03 -2.122092008590698242e+00
6.085000000000000000e+03 -2.188765764236450195e+00
6.086000000000000000e+03 -2.116180181503295898e+00
6.087000000000000000e+03 -2.184119701385498047e+00
6.088000000000000000e+03 -2.222484350204467773e+00
6.089000000000000000e+03 -2.196464300155639648e+00
6.090000000000000000e+03 -2.249099969863891602e+00
6.091000000000000000e+03 -2.121368408203125000e+00
6.092000000000000000e+03 -2.149503469467163086e+00
6.093000000000000000e+03 -2.177350759506225586e+00
6.094000000000000000e+03 -2.123976469039916992e+00
6.095000000000000000e+03 -2.227643013000488281e+00
6.096000000000000000e+03 -2.162048816680908203e+00
6.097000000000000000e+03 -2.181916236877441406e+00
6.098000000000000000e+03 -2.162726163864135742e+00
6.099000000000000000e+03 -2.200493097305297852e+00
6.100000000000000000e+03 -2.222235202789306641e+00
6.101000000000000000e+03 -2.223731517791748047e+00
6.102000000000000000e+03 -2.226977825164794922e+00
6.103000000000000000e+03 -2.261637449264526367e+00
6.104000000000000000e+03 -2.257214307785034180e+00
6.105000000000000000e+03 -2.257505893707275391e+00
6.106000000000000000e+03 -2.307676315307617188e+00
6.107000000000000000e+03 -2.230746746063232422e+00
6.108000000000000000e+03 -2.268281936645507812e+00
6.109000000000000000e+03 -2.231280803680419922e+00
6.110000000000000000e+03 -2.238236904144287109e+00
6.111000000000000000e+03 -2.268016815185546875e+00
6.112000000000000000e+03 -2.246573209762573242e+00
6.113000000000000000e+03 -2.188042879104614258e+00
6.114000000000000000e+03 -2.253043413162231445e+00
6.115000000000000000e+03 -2.234205484390258789e+00
6.116000000000000000e+03 -2.257159233093261719e+00
6.117000000000000000e+03 -2.251362323760986328e+00
6.118000000000000000e+03 -2.233114004135131836e+00
6.119000000000000000e+03 -2.254266023635864258e+00
6.120000000000000000e+03 -2.223083496093750000e+00
6.121000000000000000e+03 -2.209081649780273438e+00
6.122000000000000000e+03 -2.185506820678710938e+00
6.123000000000000000e+03 -2.227833509445190430e+00
6.124000000000000000e+03 -2.189012527465820312e+00
6.125000000000000000e+03 -2.216670036315917969e+00
6.126000000000000000e+03 -2.219385147094726562e+00
6.127000000000000000e+03 -2.215846538543701172e+00
6.128000000000000000e+03 -2.182507514953613281e+00
6.129000000000000000e+03 -2.246566295623779297e+00
6.130000000000000000e+03 -2.191630840301513672e+00
6.131000000000000000e+03 -2.169802904129028320e+00
6.132000000000000000e+03 -2.189963817596435547e+00
6.133000000000000000e+03 -2.193287849426269531e+00
6.134000000000000000e+03 -2.193287372589111328e+00
6.135000000000000000e+03 -2.157659530639648438e+00
6.136000000000000000e+03 -2.191856861114501953e+00
6.137000000000000000e+03 -2.263019084930419922e+00
6.138000000000000000e+03 -2.167521953582763672e+00
6.139000000000000000e+03 -2.233593463897705078e+00
6.140000000000000000e+03 -2.161893367767333984e+00
6.141000000000000000e+03 -2.195444345474243164e+00
6.142000000000000000e+03 -2.168378591537475586e+00
6.143000000000000000e+03 -2.184882164001464844e+00
6.144000000000000000e+03 -2.147373676300048828e+00
6.145000000000000000e+03 -2.177948474884033203e+00
6.146000000000000000e+03 -2.199024915695190430e+00
6.147000000000000000e+03 -2.211983680725097656e+00
6.148000000000000000e+03 -2.207125902175903320e+00
6.149000000000000000e+03 -2.211518764495849609e+00
6.150000000000000000e+03 -2.167042493820190430e+00
6.151000000000000000e+03 -2.202021121978759766e+00
6.152000000000000000e+03 -2.139448404312133789e+00
6.153000000000000000e+03 -2.185230255126953125e+00
6.154000000000000000e+03 -2.152583360671997070e+00
6.155000000000000000e+03 -2.150263786315917969e+00
6.156000000000000000e+03 -2.139293193817138672e+00
6.157000000000000000e+03 -2.091621875762939453e+00
6.158000000000000000e+03 -2.149835109710693359e+00
6.159000000000000000e+03 -2.203248977661132812e+00
6.160000000000000000e+03 -2.171256065368652344e+00
6.161000000000000000e+03 -2.179707050323486328e+00
6.162000000000000000e+03 -2.139463663101196289e+00
6.163000000000000000e+03 -2.178116559982299805e+00
6.164000000000000000e+03 -2.202345848083496094e+00
6.165000000000000000e+03 -2.196630239486694336e+00
6.166000000000000000e+03 -2.107923507690429688e+00
6.167000000000000000e+03 -2.138792276382446289e+00
6.168000000000000000e+03 -2.124114751815795898e+00
6.169000000000000000e+03 -2.144329786300659180e+00
6.170000000000000000e+03 -2.108122587203979492e+00
6.171000000000000000e+03 -2.130978584289550781e+00
6.172000000000000000e+03 -2.206919193267822266e+00
6.173000000000000000e+03 -2.201719284057617188e+00
6.174000000000000000e+03 -2.219196319580078125e+00
6.175000000000000000e+03 -2.214917659759521484e+00
6.176000000000000000e+03 -2.197428464889526367e+00
6.177000000000000000e+03 -2.215475559234619141e+00
6.178000000000000000e+03 -2.203194856643676758e+00
6.179000000000000000e+03 -2.209700345993041992e+00
6.180000000000000000e+03 -2.180049180984497070e+00
6.181000000000000000e+03 -2.189080238342285156e+00
6.182000000000000000e+03 -2.188714265823364258e+00
6.183000000000000000e+03 -2.160575628280639648e+00
6.184000000000000000e+03 -2.216181278228759766e+00
6.185000000000000000e+03 -2.224952936172485352e+00
6.186000000000000000e+03 -2.174549341201782227e+00
6.187000000000000000e+03 -2.232630252838134766e+00
6.188000000000000000e+03 -2.210785627365112305e+00
6.189000000000000000e+03 -2.230674505233764648e+00
6.190000000000000000e+03 -2.228992938995361328e+00
6.191000000000000000e+03 -2.217543363571166992e+00
6.192000000000000000e+03 -2.230994701385498047e+00
6.193000000000000000e+03 -2.219539165496826172e+00
6.194000000000000000e+03 -2.213966131210327148e+00
6.195000000000000000e+03 -2.187455415725708008e+00
6.196000000000000000e+03 -2.194446563720703125e+00
6.197000000000000000e+03 -2.254762172698974609e+00
6.198000000000000000e+03 -2.201979875564575195e+00
6.199000000000000000e+03 -2.240725755691528320e+00
6.200000000000000000e+03 -2.224473953247070312e+00
6.201000000000000000e+03 -2.210850954055786133e+00
6.202000000000000000e+03 -2.249104499816894531e+00
6.203000000000000000e+03 -2.233420133590698242e+00
6.204000000000000000e+03 -2.177877426147460938e+00
6.205000000000000000e+03 -2.196498870849609375e+00
6.206000000000000000e+03 -2.154835224151611328e+00
6.207000000000000000e+03 -2.172464847564697266e+00
6.208000000000000000e+03 -2.202468395233154297e+00
6.209000000000000000e+03 -2.202503919601440430e+00
6.210000000000000000e+03 -2.256488323211669922e+00
6.211000000000000000e+03 -2.240483760833740234e+00
6.212000000000000000e+03 -2.182663202285766602e+00
6.213000000000000000e+03 -2.239917039871215820e+00
6.214000000000000000e+03 -2.257433414459228516e+00
6.215000000000000000e+03 -2.143888711929321289e+00
6.216000000000000000e+03 -2.166083335876464844e+00
6.217000000000000000e+03 -2.204742908477783203e+00
6.218000000000000000e+03 -2.188714027404785156e+00
6.219000000000000000e+03 -2.190000295639038086e+00
6.220000000000000000e+03 -2.155027151107788086e+00
6.221000000000000000e+03 -2.149813175201416016e+00
6.222000000000000000e+03 -2.153473377227783203e+00
6.223000000000000000e+03 -2.151778936386108398e+00
6.224000000000000000e+03 -2.192703247070312500e+00
6.225000000000000000e+03 -2.223445892333984375e+00
6.226000000000000000e+03 -2.153265476226806641e+00
6.227000000000000000e+03 -2.171849489212036133e+00
6.228000000000000000e+03 -2.149210453033447266e+00
6.229000000000000000e+03 -2.132309436798095703e+00
6.230000000000000000e+03 -2.205483913421630859e+00
6.231000000000000000e+03 -2.156805038452148438e+00
6.232000000000000000e+03 -2.159862041473388672e+00
6.233000000000000000e+03 -2.060657739639282227e+00
6.234000000000000000e+03 -2.208122491836547852e+00
6.235000000000000000e+03 -2.225244998931884766e+00
6.236000000000000000e+03 -2.224835395812988281e+00
6.237000000000000000e+03 -2.223544836044311523e+00
6.238000000000000000e+03 -2.187610149383544922e+00
6.239000000000000000e+03 -2.187552452087402344e+00
6.240000000000000000e+03 -2.176907539367675781e+00
6.241000000000000000e+03 -2.222123622894287109e+00
6.242000000000000000e+03 -2.193853855133056641e+00
6.243000000000000000e+03 -2.184359312057495117e+00
6.244000000000000000e+03 -2.222910165786743164e+00
6.245000000000000000e+03 -2.163890361785888672e+00
6.246000000000000000e+03 -2.208047389984130859e+00
6.247000000000000000e+03 -2.203663110733032227e+00
6.248000000000000000e+03 -2.205129146575927734e+00
6.249000000000000000e+03 -2.176364421844482422e+00
6.250000000000000000e+03 -2.193594455718994141e+00
6.251000000000000000e+03 -2.267866134643554688e+00
6.252000000000000000e+03 -2.170088768005371094e+00
6.253000000000000000e+03 -2.222493171691894531e+00
6.254000000000000000e+03 -2.226430177688598633e+00
6.255000000000000000e+03 -2.099185943603515625e+00
6.256000000000000000e+03 -2.163995265960693359e+00
6.257000000000000000e+03 -2.170876502990722656e+00
6.258000000000000000e+03 -2.130614519119262695e+00
6.259000000000000000e+03 -2.219397544860839844e+00
6.260000000000000000e+03 -2.167608976364135742e+00
6.261000000000000000e+03 -2.164314270019531250e+00
6.262000000000000000e+03 -2.227608680725097656e+00
6.263000000000000000e+03 -2.152019977569580078e+00
6.264000000000000000e+03 -2.175804138183593750e+00
6.265000000000000000e+03 -2.182189464569091797e+00
6.266000000000000000e+03 -2.204331159591674805e+00
6.267000000000000000e+03 -2.192054510116577148e+00
6.268000000000000000e+03 -2.228641033172607422e+00
6.269000000000000000e+03 -2.244368553161621094e+00
6.270000000000000000e+03 -2.164566516876220703e+00
6.271000000000000000e+03 -2.176736354827880859e+00
6.272000000000000000e+03 -2.213582038879394531e+00
6.273000000000000000e+03 -2.187724113464355469e+00
6.274000000000000000e+03 -2.196596622467041016e+00
6.275000000000000000e+03 -2.230309009552001953e+00
6.276000000000000000e+03 -2.289662599563598633e+00
6.277000000000000000e+03 -2.194512367248535156e+00
6.278000000000000000e+03 -2.190137147903442383e+00
6.279000000000000000e+03 -2.205523967742919922e+00
6.280000000000000000e+03 -2.191339731216430664e+00
6.281000000000000000e+03 -2.203810930252075195e+00
6.282000000000000000e+03 -2.249663829803466797e+00
6.283000000000000000e+03 -2.267328739166259766e+00
6.284000000000000000e+03 -2.194489479064941406e+00
6.285000000000000000e+03 -2.294398546218872070e+00
6.286000000000000000e+03 -2.317601919174194336e+00
6.287000000000000000e+03 -2.260710239410400391e+00
6.288000000000000000e+03 -2.281274795532226562e+00
6.289000000000000000e+03 -2.205611705780029297e+00
6.290000000000000000e+03 -2.179257154464721680e+00
6.291000000000000000e+03 -2.212382316589355469e+00
6.292000000000000000e+03 -2.281083106994628906e+00
6.293000000000000000e+03 -2.228808164596557617e+00
6.294000000000000000e+03 -2.230295896530151367e+00
6.295000000000000000e+03 -2.224202871322631836e+00
6.296000000000000000e+03 -2.224309444427490234e+00
6.297000000000000000e+03 -2.238411903381347656e+00
6.298000000000000000e+03 -2.272871732711791992e+00
6.299000000000000000e+03 -2.252749681472778320e+00
6.300000000000000000e+03 -2.281129360198974609e+00
6.301000000000000000e+03 -2.224773645401000977e+00
6.302000000000000000e+03 -2.288876533508300781e+00
6.303000000000000000e+03 -2.247122764587402344e+00
6.304000000000000000e+03 -2.317741870880126953e+00
6.305000000000000000e+03 -2.265814781188964844e+00
6.306000000000000000e+03 -2.227797269821166992e+00
6.307000000000000000e+03 -2.290162324905395508e+00
6.308000000000000000e+03 -2.270796537399291992e+00
6.309000000000000000e+03 -2.279397010803222656e+00
6.310000000000000000e+03 -2.280907630920410156e+00
6.311000000000000000e+03 -2.226024627685546875e+00
6.312000000000000000e+03 -2.277374267578125000e+00
6.313000000000000000e+03 -2.225077629089355469e+00
6.314000000000000000e+03 -2.220428466796875000e+00
6.315000000000000000e+03 -2.268297195434570312e+00
6.316000000000000000e+03 -2.259474754333496094e+00
6.317000000000000000e+03 -2.251617908477783203e+00
6.318000000000000000e+03 -2.255375146865844727e+00
6.319000000000000000e+03 -2.258094549179077148e+00
6.320000000000000000e+03 -2.252082586288452148e+00
6.321000000000000000e+03 -2.291382312774658203e+00
6.322000000000000000e+03 -2.271650314331054688e+00
6.323000000000000000e+03 -2.238411903381347656e+00
6.324000000000000000e+03 -2.286919116973876953e+00
6.325000000000000000e+03 -2.305459499359130859e+00
6.326000000000000000e+03 -2.229295492172241211e+00
6.327000000000000000e+03 -2.212267398834228516e+00
6.328000000000000000e+03 -2.306437015533447266e+00
6.329000000000000000e+03 -2.273876190185546875e+00
6.330000000000000000e+03 -2.301663160324096680e+00
6.331000000000000000e+03 -2.266376972198486328e+00
6.332000000000000000e+03 -2.240379095077514648e+00
6.333000000000000000e+03 -2.295998573303222656e+00
6.334000000000000000e+03 -2.274025678634643555e+00
6.335000000000000000e+03 -2.283695459365844727e+00
6.336000000000000000e+03 -2.253659963607788086e+00
6.337000000000000000e+03 -2.297216892242431641e+00
6.338000000000000000e+03 -2.300381660461425781e+00
6.339000000000000000e+03 -2.264395713806152344e+00
6.340000000000000000e+03 -2.297133445739746094e+00
6.341000000000000000e+03 -2.307484388351440430e+00
6.342000000000000000e+03 -2.313915252685546875e+00
6.343000000000000000e+03 -2.294921636581420898e+00
6.344000000000000000e+03 -2.311714649200439453e+00
6.345000000000000000e+03 -2.267584085464477539e+00
6.346000000000000000e+03 -2.264923095703125000e+00
6.347000000000000000e+03 -2.288705348968505859e+00
6.348000000000000000e+03 -2.252934455871582031e+00
6.349000000000000000e+03 -2.247334718704223633e+00
6.350000000000000000e+03 -2.277434825897216797e+00
6.351000000000000000e+03 -2.259836912155151367e+00
6.352000000000000000e+03 -2.294595718383789062e+00
6.353000000000000000e+03 -2.284471035003662109e+00
6.354000000000000000e+03 -2.268280506134033203e+00
6.355000000000000000e+03 -2.159628629684448242e+00
6.356000000000000000e+03 -2.276001453399658203e+00
6.357000000000000000e+03 -2.253188133239746094e+00
6.358000000000000000e+03 -2.237555742263793945e+00
6.359000000000000000e+03 -2.195809841156005859e+00
6.360000000000000000e+03 -2.254823446273803711e+00
6.361000000000000000e+03 -2.255025625228881836e+00
6.362000000000000000e+03 -2.275048732757568359e+00
6.363000000000000000e+03 -2.271507263183593750e+00
6.364000000000000000e+03 -2.226331710815429688e+00
6.365000000000000000e+03 -2.203498125076293945e+00
6.366000000000000000e+03 -2.256712436676025391e+00
6.367000000000000000e+03 -2.233633995056152344e+00
6.368000000000000000e+03 -2.253254413604736328e+00
6.369000000000000000e+03 -2.229284524917602539e+00
6.370000000000000000e+03 -2.222322463989257812e+00
6.371000000000000000e+03 -2.258226871490478516e+00
6.372000000000000000e+03 -2.185813903808593750e+00
6.373000000000000000e+03 -2.258810281753540039e+00
6.374000000000000000e+03 -2.263113260269165039e+00
6.375000000000000000e+03 -2.239289999008178711e+00
6.376000000000000000e+03 -2.189308166503906250e+00
6.377000000000000000e+03 -2.244156599044799805e+00
6.378000000000000000e+03 -2.220410346984863281e+00
6.379000000000000000e+03 -2.296145439147949219e+00
6.380000000000000000e+03 -2.296324253082275391e+00
6.381000000000000000e+03 -2.245180130004882812e+00
6.382000000000000000e+03 -2.277557849884033203e+00
6.383000000000000000e+03 -2.247102022171020508e+00
6.384000000000000000e+03 -2.262530088424682617e+00
6.385000000000000000e+03 -2.219582796096801758e+00
6.386000000000000000e+03 -2.243860721588134766e+00
6.387000000000000000e+03 -2.238687992095947266e+00
6.388000000000000000e+03 -2.206710338592529297e+00
6.389000000000000000e+03 -2.250257492065429688e+00
6.390000000000000000e+03 -2.225955724716186523e+00
6.391000000000000000e+03 -2.187726974487304688e+00
6.392000000000000000e+03 -2.235394477844238281e+00
6.393000000000000000e+03 -2.242630004882812500e+00
6.394000000000000000e+03 -2.268951892852783203e+00
6.395000000000000000e+03 -2.278130769729614258e+00
6.396000000000000000e+03 -2.210602760314941406e+00
6.397000000000000000e+03 -2.222383975982666016e+00
6.398000000000000000e+03 -2.211641311645507812e+00
6.399000000000000000e+03 -2.261604785919189453e+00
6.400000000000000000e+03 -2.313642024993896484e+00
6.401000000000000000e+03 -2.294527053833007812e+00
6.402000000000000000e+03 -2.307689189910888672e+00
6.403000000000000000e+03 -2.258768320083618164e+00
6.404000000000000000e+03 -2.279691457748413086e+00
6.405000000000000000e+03 -2.316179752349853516e+00
6.406000000000000000e+03 -2.296823263168334961e+00
6.407000000000000000e+03 -2.276952505111694336e+00
6.408000000000000000e+03 -2.240157842636108398e+00
6.409000000000000000e+03 -2.291624546051025391e+00
6.410000000000000000e+03 -2.280441761016845703e+00
6.411000000000000000e+03 -2.303472280502319336e+00
6.412000000000000000e+03 -2.258111476898193359e+00
6.413000000000000000e+03 -2.290182828903198242e+00
6.414000000000000000e+03 -2.272054195404052734e+00
6.415000000000000000e+03 -2.241859912872314453e+00
6.416000000000000000e+03 -2.239939689636230469e+00
6.417000000000000000e+03 -2.309240341186523438e+00
6.418000000000000000e+03 -2.265790700912475586e+00
6.419000000000000000e+03 -2.322690963745117188e+00
6.420000000000000000e+03 -2.305686950683593750e+00
6.421000000000000000e+03 -2.269260644912719727e+00
6.422000000000000000e+03 -2.262085199356079102e+00
6.423000000000000000e+03 -2.265036582946777344e+00
6.424000000000000000e+03 -2.257813692092895508e+00
6.425000000000000000e+03 -2.277489662170410156e+00
6.426000000000000000e+03 -2.222014904022216797e+00
6.427000000000000000e+03 -2.251435995101928711e+00
6.428000000000000000e+03 -2.293483018875122070e+00
6.429000000000000000e+03 -2.284070968627929688e+00
6.430000000000000000e+03 -2.276546001434326172e+00
6.431000000000000000e+03 -2.282285690307617188e+00
6.432000000000000000e+03 -2.272186279296875000e+00
6.433000000000000000e+03 -2.284825325012207031e+00
6.434000000000000000e+03 -2.258552789688110352e+00
6.435000000000000000e+03 -2.256428241729736328e+00
6.436000000000000000e+03 -2.269287586212158203e+00
6.437000000000000000e+03 -2.265637636184692383e+00
6.438000000000000000e+03 -2.255195140838623047e+00
6.439000000000000000e+03 -2.332286119461059570e+00
6.440000000000000000e+03 -2.296646595001220703e+00
6.441000000000000000e+03 -2.296224594116210938e+00
6.442000000000000000e+03 -2.303926467895507812e+00
6.443000000000000000e+03 -2.277557373046875000e+00
6.444000000000000000e+03 -2.267508029937744141e+00
6.445000000000000000e+03 -2.291802883148193359e+00
6.446000000000000000e+03 -2.278143405914306641e+00
6.447000000000000000e+03 -2.230616331100463867e+00
6.448000000000000000e+03 -2.270395040512084961e+00
6.449000000000000000e+03 -2.254558801651000977e+00
6.450000000000000000e+03 -2.331722259521484375e+00
6.451000000000000000e+03 -2.241333007812500000e+00
6.452000000000000000e+03 -2.262874841690063477e+00
6.453000000000000000e+03 -2.244646787643432617e+00
6.454000000000000000e+03 -2.298674345016479492e+00
6.455000000000000000e+03 -2.282840251922607422e+00
6.456000000000000000e+03 -2.286554098129272461e+00
6.457000000000000000e+03 -2.187461614608764648e+00
6.458000000000000000e+03 -2.313008785247802734e+00
6.459000000000000000e+03 -2.308499574661254883e+00
6.460000000000000000e+03 -2.334597587585449219e+00
6.461000000000000000e+03 -2.328252077102661133e+00
6.462000000000000000e+03 -2.267529249191284180e+00
6.463000000000000000e+03 -2.349678516387939453e+00
6.464000000000000000e+03 -2.250984668731689453e+00
6.465000000000000000e+03 -2.240533351898193359e+00
6.466000000000000000e+03 -2.234009265899658203e+00
6.467000000000000000e+03 -2.261362791061401367e+00
6.468000000000000000e+03 -2.265504121780395508e+00
6.469000000000000000e+03 -2.291620254516601562e+00
6.470000000000000000e+03 -2.293395519256591797e+00
6.471000000000000000e+03 -2.236825466156005859e+00
6.472000000000000000e+03 -2.269516229629516602e+00
6.473000000000000000e+03 -2.257488250732421875e+00
6.474000000000000000e+03 -2.253237485885620117e+00
6.475000000000000000e+03 -2.216114997863769531e+00
6.476000000000000000e+03 -2.227298259735107422e+00
6.477000000000000000e+03 -2.289287090301513672e+00
6.478000000000000000e+03 -2.210254907608032227e+00
6.479000000000000000e+03 -2.254830360412597656e+00
6.480000000000000000e+03 -2.275390148162841797e+00
6.481000000000000000e+03 -2.268532276153564453e+00
6.482000000000000000e+03 -2.266305685043334961e+00
6.483000000000000000e+03 -2.305809497833251953e+00
6.484000000000000000e+03 -2.211534261703491211e+00
6.485000000000000000e+03 -2.242319345474243164e+00
6.486000000000000000e+03 -2.246261596679687500e+00
6.487000000000000000e+03 -2.221366167068481445e+00
6.488000000000000000e+03 -2.269371509552001953e+00
6.489000000000000000e+03 -2.250538349151611328e+00
6.490000000000000000e+03 -2.260887861251831055e+00
6.491000000000000000e+03 -2.251681566238403320e+00
6.492000000000000000e+03 -2.302034378051757812e+00
6.493000000000000000e+03 -2.277824878692626953e+00
6.494000000000000000e+03 -2.319129943847656250e+00
6.495000000000000000e+03 -2.232228517532348633e+00
6.496000000000000000e+03 -2.295981884002685547e+00
6.497000000000000000e+03 -2.252991914749145508e+00
6.498000000000000000e+03 -2.258087158203125000e+00
6.499000000000000000e+03 -2.232814311981201172e+00
6.500000000000000000e+03 -2.219960927963256836e+00
6.501000000000000000e+03 -2.227543115615844727e+00
6.502000000000000000e+03 -2.227443218231201172e+00
6.503000000000000000e+03 -2.231612443923950195e+00
6.504000000000000000e+03 -2.222530841827392578e+00
6.505000000000000000e+03 -2.234843730926513672e+00
6.506000000000000000e+03 -2.229977607727050781e+00
6.507000000000000000e+03 -2.169496297836303711e+00
6.508000000000000000e+03 -2.221867322921752930e+00
6.509000000000000000e+03 -2.265931844711303711e+00
6.510000000000000000e+03 -2.217808008193969727e+00
6.511000000000000000e+03 -2.240859985351562500e+00
6.512000000000000000e+03 -2.243014574050903320e+00
6.513000000000000000e+03 -2.247184038162231445e+00
6.514000000000000000e+03 -2.225514411926269531e+00
6.515000000000000000e+03 -2.186232089996337891e+00
6.516000000000000000e+03 -2.261803150177001953e+00
6.517000000000000000e+03 -2.227305889129638672e+00
6.518000000000000000e+03 -2.218457221984863281e+00
6.519000000000000000e+03 -2.180523395538330078e+00
6.520000000000000000e+03 -2.223245620727539062e+00
6.521000000000000000e+03 -2.196671962738037109e+00
6.522000000000000000e+03 -2.255573034286499023e+00
6.523000000000000000e+03 -2.250059843063354492e+00
6.524000000000000000e+03 -2.231670856475830078e+00
6.525000000000000000e+03 -2.232716560363769531e+00
6.526000000000000000e+03 -2.208461046218872070e+00
6.527000000000000000e+03 -2.231655120849609375e+00
6.528000000000000000e+03 -2.251394748687744141e+00
6.529000000000000000e+03 -2.264854669570922852e+00
6.530000000000000000e+03 -2.275361061096191406e+00
6.531000000000000000e+03 -2.246524333953857422e+00
6.532000000000000000e+03 -2.218378782272338867e+00
6.533000000000000000e+03 -2.283551931381225586e+00
6.534000000000000000e+03 -2.242074966430664062e+00
6.535000000000000000e+03 -2.287456750869750977e+00
6.536000000000000000e+03 -2.283199310302734375e+00
6.537000000000000000e+03 -2.239256858825683594e+00
6.538000000000000000e+03 -2.344208002090454102e+00
6.539000000000000000e+03 -2.296315670013427734e+00
6.540000000000000000e+03 -2.303480625152587891e+00
6.541000000000000000e+03 -2.275326490402221680e+00
6.542000000000000000e+03 -2.244570255279541016e+00
6.543000000000000000e+03 -2.235847234725952148e+00
6.544000000000000000e+03 -2.284557104110717773e+00
6.545000000000000000e+03 -2.177678108215332031e+00
6.546000000000000000e+03 -2.194236516952514648e+00
6.547000000000000000e+03 -2.287208795547485352e+00
6.548000000000000000e+03 -2.315922975540161133e+00
6.549000000000000000e+03 -2.294291496276855469e+00
6.550000000000000000e+03 -2.325170755386352539e+00
6.551000000000000000e+03 -2.277761936187744141e+00
6.552000000000000000e+03 -2.298405408859252930e+00
6.553000000000000000e+03 -2.278610229492187500e+00
6.554000000000000000e+03 -2.226884365081787109e+00
6.555000000000000000e+03 -2.281294345855712891e+00
6.556000000000000000e+03 -2.263474225997924805e+00
6.557000000000000000e+03 -2.239852190017700195e+00
6.558000000000000000e+03 -2.253652334213256836e+00
6.559000000000000000e+03 -2.292251110076904297e+00
6.560000000000000000e+03 -2.265952587127685547e+00
6.561000000000000000e+03 -2.257203340530395508e+00
6.562000000000000000e+03 -2.237751483917236328e+00
6.563000000000000000e+03 -2.259022474288940430e+00
6.564000000000000000e+03 -2.267764806747436523e+00
6.565000000000000000e+03 -2.277114868164062500e+00
6.566000000000000000e+03 -2.290243148803710938e+00
6.567000000000000000e+03 -2.269541263580322266e+00
6.568000000000000000e+03 -2.210867881774902344e+00
6.569000000000000000e+03 -2.242338657379150391e+00
6.570000000000000000e+03 -2.261464118957519531e+00
6.571000000000000000e+03 -2.290581226348876953e+00
6.572000000000000000e+03 -2.265022277832031250e+00
6.573000000000000000e+03 -2.199823141098022461e+00
6.574000000000000000e+03 -2.229052305221557617e+00
6.575000000000000000e+03 -2.216982126235961914e+00
6.576000000000000000e+03 -2.250124931335449219e+00
6.577000000000000000e+03 -2.225611209869384766e+00
6.578000000000000000e+03 -2.333597183227539062e+00
6.579000000000000000e+03 -2.302625656127929688e+00
6.580000000000000000e+03 -2.275006771087646484e+00
6.581000000000000000e+03 -2.232518434524536133e+00
6.582000000000000000e+03 -2.288166522979736328e+00
6.583000000000000000e+03 -2.254614830017089844e+00
6.584000000000000000e+03 -2.282468795776367188e+00
6.585000000000000000e+03 -2.246993064880371094e+00
6.586000000000000000e+03 -2.253763675689697266e+00
6.587000000000000000e+03 -2.250961303710937500e+00
6.588000000000000000e+03 -2.233565807342529297e+00
6.589000000000000000e+03 -2.260781526565551758e+00
6.590000000000000000e+03 -2.288747310638427734e+00
6.591000000000000000e+03 -2.194761514663696289e+00
6.592000000000000000e+03 -2.204443693161010742e+00
6.593000000000000000e+03 -2.178694963455200195e+00
6.594000000000000000e+03 -2.252181529998779297e+00
6.595000000000000000e+03 -2.223807334899902344e+00
6.596000000000000000e+03 -2.232020616531372070e+00
6.597000000000000000e+03 -2.303567409515380859e+00
6.598000000000000000e+03 -2.296528816223144531e+00
6.599000000000000000e+03 -2.246323108673095703e+00
6.600000000000000000e+03 -2.261427879333496094e+00
6.601000000000000000e+03 -2.277027130126953125e+00
6.602000000000000000e+03 -2.254784345626831055e+00
6.603000000000000000e+03 -2.257560014724731445e+00
6.604000000000000000e+03 -2.280149936676025391e+00
6.605000000000000000e+03 -2.244451999664306641e+00
6.606000000000000000e+03 -2.213536739349365234e+00
6.607000000000000000e+03 -2.304122924804687500e+00
6.608000000000000000e+03 -2.248103618621826172e+00
6.609000000000000000e+03 -2.198344469070434570e+00
6.610000000000000000e+03 -2.229168415069580078e+00
6.611000000000000000e+03 -2.235777616500854492e+00
6.612000000000000000e+03 -2.261371374130249023e+00
6.613000000000000000e+03 -2.216049671173095703e+00
6.614000000000000000e+03 -2.311777114868164062e+00
6.615000000000000000e+03 -2.283227205276489258e+00
6.616000000000000000e+03 -2.266865015029907227e+00
6.617000000000000000e+03 -2.263895034790039062e+00
6.618000000000000000e+03 -2.248668670654296875e+00
6.619000000000000000e+03 -2.240842580795288086e+00
6.620000000000000000e+03 -2.229411602020263672e+00
6.621000000000000000e+03 -2.229727745056152344e+00
6.622000000000000000e+03 -2.255687952041625977e+00
6.623000000000000000e+03 -2.289109706878662109e+00
6.624000000000000000e+03 -2.220306873321533203e+00
6.625000000000000000e+03 -2.261839866638183594e+00
6.626000000000000000e+03 -2.289785861968994141e+00
6.627000000000000000e+03 -2.154814481735229492e+00
6.628000000000000000e+03 -2.213463068008422852e+00
6.629000000000000000e+03 -2.247354507446289062e+00
6.630000000000000000e+03 -2.244125843048095703e+00
6.631000000000000000e+03 -2.229796886444091797e+00
6.632000000000000000e+03 -2.192539930343627930e+00
6.633000000000000000e+03 -2.226251363754272461e+00
6.634000000000000000e+03 -2.225461006164550781e+00
6.635000000000000000e+03 -2.232301712036132812e+00
6.636000000000000000e+03 -2.238276481628417969e+00
6.637000000000000000e+03 -2.224762439727783203e+00
6.638000000000000000e+03 -2.287945985794067383e+00
6.639000000000000000e+03 -2.274736881256103516e+00
6.640000000000000000e+03 -2.285548686981201172e+00
6.641000000000000000e+03 -2.212435245513916016e+00
6.642000000000000000e+03 -2.234707832336425781e+00
6.643000000000000000e+03 -2.277973175048828125e+00
6.644000000000000000e+03 -2.308754920959472656e+00
6.645000000000000000e+03 -2.236223936080932617e+00
6.646000000000000000e+03 -2.284783363342285156e+00
6.647000000000000000e+03 -2.278238296508789062e+00
6.648000000000000000e+03 -2.322704076766967773e+00
6.649000000000000000e+03 -2.323022603988647461e+00
6.650000000000000000e+03 -2.250371932983398438e+00
6.651000000000000000e+03 -2.226758003234863281e+00
6.652000000000000000e+03 -2.256353378295898438e+00
6.653000000000000000e+03 -2.254478216171264648e+00
6.654000000000000000e+03 -2.298805952072143555e+00
6.655000000000000000e+03 -2.210384130477905273e+00
6.656000000000000000e+03 -2.245186805725097656e+00
6.657000000000000000e+03 -2.237658977508544922e+00
6.658000000000000000e+03 -2.299419403076171875e+00
6.659000000000000000e+03 -2.253064632415771484e+00
6.660000000000000000e+03 -2.278012752532958984e+00
6.661000000000000000e+03 -2.255430936813354492e+00
6.662000000000000000e+03 -2.327499389648437500e+00
6.663000000000000000e+03 -2.236336708068847656e+00
6.664000000000000000e+03 -2.223795175552368164e+00
6.665000000000000000e+03 -2.256141901016235352e+00
6.666000000000000000e+03 -2.297552108764648438e+00
6.667000000000000000e+03 -2.305017471313476562e+00
6.668000000000000000e+03 -2.354795455932617188e+00
6.669000000000000000e+03 -2.285484313964843750e+00
6.670000000000000000e+03 -2.237341880798339844e+00
6.671000000000000000e+03 -2.234563350677490234e+00
6.672000000000000000e+03 -2.243494987487792969e+00
6.673000000000000000e+03 -2.233626604080200195e+00
6.674000000000000000e+03 -2.245652914047241211e+00
6.675000000000000000e+03 -2.211113691329956055e+00
6.676000000000000000e+03 -2.288751840591430664e+00
6.677000000000000000e+03 -2.216895341873168945e+00
6.678000000000000000e+03 -2.208049535751342773e+00
6.679000000000000000e+03 -2.262659311294555664e+00
6.680000000000000000e+03 -2.283365011215209961e+00
6.681000000000000000e+03 -2.211287975311279297e+00
6.682000000000000000e+03 -2.299789667129516602e+00
6.683000000000000000e+03 -2.247153759002685547e+00
6.684000000000000000e+03 -2.255225896835327148e+00
6.685000000000000000e+03 -2.219926357269287109e+00
6.686000000000000000e+03 -2.199018955230712891e+00
6.687000000000000000e+03 -2.212622404098510742e+00
6.688000000000000000e+03 -2.213010787963867188e+00
6.689000000000000000e+03 -2.252466201782226562e+00
6.690000000000000000e+03 -2.232341766357421875e+00
6.691000000000000000e+03 -2.188131809234619141e+00
6.692000000000000000e+03 -2.231297254562377930e+00
6.693000000000000000e+03 -2.221182823181152344e+00
6.694000000000000000e+03 -2.195588111877441406e+00
6.695000000000000000e+03 -2.276079416275024414e+00
6.696000000000000000e+03 -2.245413303375244141e+00
6.697000000000000000e+03 -2.257692098617553711e+00
6.698000000000000000e+03 -2.236558914184570312e+00
6.699000000000000000e+03 -2.297659873962402344e+00
6.700000000000000000e+03 -2.289716720581054688e+00
6.701000000000000000e+03 -2.301998138427734375e+00
6.702000000000000000e+03 -2.328694820404052734e+00
6.703000000000000000e+03 -2.239353656768798828e+00
6.704000000000000000e+03 -2.251585006713867188e+00
6.705000000000000000e+03 -2.241607427597045898e+00
6.706000000000000000e+03 -2.283304452896118164e+00
6.707000000000000000e+03 -2.231504917144775391e+00
6.708000000000000000e+03 -2.199230909347534180e+00
6.709000000000000000e+03 -2.202118158340454102e+00
6.710000000000000000e+03 -2.190547227859497070e+00
6.711000000000000000e+03 -2.219223976135253906e+00
6.712000000000000000e+03 -2.271016597747802734e+00
6.713000000000000000e+03 -2.230830192565917969e+00
6.714000000000000000e+03 -2.178728103637695312e+00
6.715000000000000000e+03 -2.198484182357788086e+00
6.716000000000000000e+03 -2.180568218231201172e+00
6.717000000000000000e+03 -2.185327529907226562e+00
6.718000000000000000e+03 -2.196025133132934570e+00
6.719000000000000000e+03 -2.215734720230102539e+00
6.720000000000000000e+03 -2.205345869064331055e+00
6.721000000000000000e+03 -2.234519481658935547e+00
6.722000000000000000e+03 -2.207227706909179688e+00
6.723000000000000000e+03 -2.198687553405761719e+00
6.724000000000000000e+03 -2.239561080932617188e+00
6.725000000000000000e+03 -2.166989088058471680e+00
6.726000000000000000e+03 -2.253203630447387695e+00
6.727000000000000000e+03 -2.254637718200683594e+00
6.728000000000000000e+03 -2.229234933853149414e+00
6.729000000000000000e+03 -2.267476558685302734e+00
6.730000000000000000e+03 -2.248110771179199219e+00
6.731000000000000000e+03 -2.283521413803100586e+00
6.732000000000000000e+03 -2.276629686355590820e+00
6.733000000000000000e+03 -2.213039398193359375e+00
6.734000000000000000e+03 -2.241758823394775391e+00
6.735000000000000000e+03 -2.279955625534057617e+00
6.736000000000000000e+03 -2.279946804046630859e+00
6.737000000000000000e+03 -2.250898599624633789e+00
6.738000000000000000e+03 -2.269471168518066406e+00
6.739000000000000000e+03 -2.288490772247314453e+00
6.740000000000000000e+03 -2.294934034347534180e+00
6.741000000000000000e+03 -2.227633953094482422e+00
6.742000000000000000e+03 -2.241401433944702148e+00
6.743000000000000000e+03 -2.268750190734863281e+00
6.744000000000000000e+03 -2.276520967483520508e+00
6.745000000000000000e+03 -2.271614789962768555e+00
6.746000000000000000e+03 -2.357404232025146484e+00
6.747000000000000000e+03 -2.273252487182617188e+00
6.748000000000000000e+03 -2.241820335388183594e+00
6.749000000000000000e+03 -2.218332529067993164e+00
6.750000000000000000e+03 -2.222351074218750000e+00
6.751000000000000000e+03 -2.246797323226928711e+00
6.752000000000000000e+03 -2.266240119934082031e+00
6.753000000000000000e+03 -2.235857248306274414e+00
6.754000000000000000e+03 -2.288637638092041016e+00
6.755000000000000000e+03 -2.317026138305664062e+00
6.756000000000000000e+03 -2.229557991027832031e+00
6.757000000000000000e+03 -2.227310657501220703e+00
6.758000000000000000e+03 -2.235953330993652344e+00
6.759000000000000000e+03 -2.264239311218261719e+00
6.760000000000000000e+03 -2.179628372192382812e+00
6.761000000000000000e+03 -2.266841888427734375e+00
6.762000000000000000e+03 -2.190420389175415039e+00
6.763000000000000000e+03 -2.251738071441650391e+00
6.764000000000000000e+03 -2.232629060745239258e+00
6.765000000000000000e+03 -2.272449731826782227e+00
6.766000000000000000e+03 -2.296803951263427734e+00
6.767000000000000000e+03 -2.234652519226074219e+00
6.768000000000000000e+03 -2.279263734817504883e+00
6.769000000000000000e+03 -2.302972078323364258e+00
6.770000000000000000e+03 -2.280777454376220703e+00
6.771000000000000000e+03 -2.261291503906250000e+00
6.772000000000000000e+03 -2.242716312408447266e+00
6.773000000000000000e+03 -2.221628427505493164e+00
6.774000000000000000e+03 -2.260074853897094727e+00
6.775000000000000000e+03 -2.214935302734375000e+00
6.776000000000000000e+03 -2.255832195281982422e+00
6.777000000000000000e+03 -2.288713455200195312e+00
6.778000000000000000e+03 -2.237821102142333984e+00
6.779000000000000000e+03 -2.193447351455688477e+00
6.780000000000000000e+03 -2.197398662567138672e+00
6.781000000000000000e+03 -2.224826335906982422e+00
6.782000000000000000e+03 -2.221059322357177734e+00
6.783000000000000000e+03 -2.238508701324462891e+00
6.784000000000000000e+03 -2.241640567779541016e+00
6.785000000000000000e+03 -2.267879009246826172e+00
6.786000000000000000e+03 -2.178181171417236328e+00
6.787000000000000000e+03 -2.235066413879394531e+00
6.788000000000000000e+03 -2.219162940979003906e+00
6.789000000000000000e+03 -2.244729280471801758e+00
6.790000000000000000e+03 -2.275009155273437500e+00
6.791000000000000000e+03 -2.254900932312011719e+00
6.792000000000000000e+03 -2.250711441040039062e+00
6.793000000000000000e+03 -2.263945817947387695e+00
6.794000000000000000e+03 -2.256927967071533203e+00
6.795000000000000000e+03 -2.231911420822143555e+00
6.796000000000000000e+03 -2.275877714157104492e+00
6.797000000000000000e+03 -2.247616052627563477e+00
6.798000000000000000e+03 -2.179846763610839844e+00
6.799000000000000000e+03 -2.222242355346679688e+00
6.800000000000000000e+03 -2.279350042343139648e+00
6.801000000000000000e+03 -2.208183765411376953e+00
6.802000000000000000e+03 -2.300659656524658203e+00
6.803000000000000000e+03 -2.262969493865966797e+00
6.804000000000000000e+03 -2.233125925064086914e+00
6.805000000000000000e+03 -2.214517354965209961e+00
6.806000000000000000e+03 -2.204853057861328125e+00
6.807000000000000000e+03 -2.260938405990600586e+00
6.808000000000000000e+03 -2.158518075942993164e+00
6.809000000000000000e+03 -2.211824893951416016e+00
6.810000000000000000e+03 -2.221304416656494141e+00
6.811000000000000000e+03 -2.200595855712890625e+00
6.812000000000000000e+03 -2.183434009552001953e+00
6.813000000000000000e+03 -2.228146314620971680e+00
6.814000000000000000e+03 -2.224710941314697266e+00
6.815000000000000000e+03 -2.265140295028686523e+00
6.816000000000000000e+03 -2.236341714859008789e+00
6.817000000000000000e+03 -2.243124961853027344e+00
6.818000000000000000e+03 -2.260111570358276367e+00
6.819000000000000000e+03 -2.283784627914428711e+00
6.820000000000000000e+03 -2.220352411270141602e+00
6.821000000000000000e+03 -2.228119850158691406e+00
6.822000000000000000e+03 -2.244636297225952148e+00
6.823000000000000000e+03 -2.264282464981079102e+00
6.824000000000000000e+03 -2.224368572235107422e+00
6.825000000000000000e+03 -2.261721849441528320e+00
6.826000000000000000e+03 -2.302234649658203125e+00
6.827000000000000000e+03 -2.273281574249267578e+00
6.828000000000000000e+03 -2.191619157791137695e+00
6.829000000000000000e+03 -2.192561388015747070e+00
6.830000000000000000e+03 -2.252133607864379883e+00
6.831000000000000000e+03 -2.204509973526000977e+00
6.832000000000000000e+03 -2.218902587890625000e+00
6.833000000000000000e+03 -2.253232955932617188e+00
6.834000000000000000e+03 -2.220386266708374023e+00
6.835000000000000000e+03 -2.297456741333007812e+00
6.836000000000000000e+03 -2.286020278930664062e+00
6.837000000000000000e+03 -2.237275123596191406e+00
6.838000000000000000e+03 -2.272275447845458984e+00
6.839000000000000000e+03 -2.277325153350830078e+00
6.840000000000000000e+03 -2.284962415695190430e+00
6.841000000000000000e+03 -2.291457414627075195e+00
6.842000000000000000e+03 -2.313110351562500000e+00
6.843000000000000000e+03 -2.254554271697998047e+00
6.844000000000000000e+03 -2.276098489761352539e+00
6.845000000000000000e+03 -2.250230312347412109e+00
6.846000000000000000e+03 -2.206545352935791016e+00
6.847000000000000000e+03 -2.247874736785888672e+00
6.848000000000000000e+03 -2.252990245819091797e+00
6.849000000000000000e+03 -2.230453252792358398e+00
6.850000000000000000e+03 -2.207785129547119141e+00
6.851000000000000000e+03 -2.217860698699951172e+00
6.852000000000000000e+03 -2.293970108032226562e+00
6.853000000000000000e+03 -2.235021114349365234e+00
6.854000000000000000e+03 -2.217114925384521484e+00
6.855000000000000000e+03 -2.256433725357055664e+00
6.856000000000000000e+03 -2.180977344512939453e+00
6.857000000000000000e+03 -2.197227478027343750e+00
6.858000000000000000e+03 -2.260935783386230469e+00
6.859000000000000000e+03 -2.249423027038574219e+00
6.860000000000000000e+03 -2.285880565643310547e+00
6.861000000000000000e+03 -2.261437654495239258e+00
6.862000000000000000e+03 -2.337481498718261719e+00
6.863000000000000000e+03 -2.348430871963500977e+00
6.864000000000000000e+03 -2.342738389968872070e+00
6.865000000000000000e+03 -2.294108629226684570e+00
6.866000000000000000e+03 -2.281914710998535156e+00
6.867000000000000000e+03 -2.296905755996704102e+00
6.868000000000000000e+03 -2.266432285308837891e+00
6.869000000000000000e+03 -2.257718086242675781e+00
6.870000000000000000e+03 -2.225790977478027344e+00
6.871000000000000000e+03 -2.296539068222045898e+00
6.872000000000000000e+03 -2.267656564712524414e+00
6.873000000000000000e+03 -2.296490192413330078e+00
6.874000000000000000e+03 -2.316349029541015625e+00
6.875000000000000000e+03 -2.291396617889404297e+00
6.876000000000000000e+03 -2.310929536819458008e+00
6.877000000000000000e+03 -2.332714796066284180e+00
6.878000000000000000e+03 -2.254478931427001953e+00
6.879000000000000000e+03 -2.336459875106811523e+00
6.880000000000000000e+03 -2.263854503631591797e+00
6.881000000000000000e+03 -2.276206731796264648e+00
6.882000000000000000e+03 -2.347190856933593750e+00
6.883000000000000000e+03 -2.284891605377197266e+00
6.884000000000000000e+03 -2.273818969726562500e+00
6.885000000000000000e+03 -2.298821926116943359e+00
6.886000000000000000e+03 -2.318685531616210938e+00
6.887000000000000000e+03 -2.285928964614868164e+00
6.888000000000000000e+03 -2.321412324905395508e+00
6.889000000000000000e+03 -2.294679164886474609e+00
6.890000000000000000e+03 -2.277345895767211914e+00
6.891000000000000000e+03 -2.304359436035156250e+00
6.892000000000000000e+03 -2.262913465499877930e+00
6.893000000000000000e+03 -2.287926912307739258e+00
6.894000000000000000e+03 -2.274325847625732422e+00
6.895000000000000000e+03 -2.281095504760742188e+00
6.896000000000000000e+03 -2.226814270019531250e+00
6.897000000000000000e+03 -2.251773834228515625e+00
6.898000000000000000e+03 -2.278659105300903320e+00
6.899000000000000000e+03 -2.247602224349975586e+00
6.900000000000000000e+03 -2.218509912490844727e+00
6.901000000000000000e+03 -2.210504770278930664e+00
6.902000000000000000e+03 -2.213471412658691406e+00
6.903000000000000000e+03 -2.184575557708740234e+00
6.904000000000000000e+03 -2.227932691574096680e+00
6.905000000000000000e+03 -2.237318992614746094e+00
6.906000000000000000e+03 -2.201363563537597656e+00
6.907000000000000000e+03 -2.219320774078369141e+00
6.908000000000000000e+03 -2.245163202285766602e+00
6.909000000000000000e+03 -2.220775127410888672e+00
6.910000000000000000e+03 -2.210728645324707031e+00
6.911000000000000000e+03 -2.210863113403320312e+00
6.912000000000000000e+03 -2.277203083038330078e+00
6.913000000000000000e+03 -2.241882324218750000e+00
6.914000000000000000e+03 -2.260407447814941406e+00
6.915000000000000000e+03 -2.341303348541259766e+00
6.916000000000000000e+03 -2.232011795043945312e+00
6.917000000000000000e+03 -2.222330331802368164e+00
6.918000000000000000e+03 -2.269423007965087891e+00
6.919000000000000000e+03 -2.229104280471801758e+00
6.920000000000000000e+03 -2.277323722839355469e+00
6.921000000000000000e+03 -2.246975898742675781e+00
6.922000000000000000e+03 -2.235787868499755859e+00
6.923000000000000000e+03 -2.283007621765136719e+00
6.924000000000000000e+03 -2.259267807006835938e+00
6.925000000000000000e+03 -2.272620201110839844e+00
6.926000000000000000e+03 -2.260598421096801758e+00
6.927000000000000000e+03 -2.273116588592529297e+00
6.928000000000000000e+03 -2.239824533462524414e+00
6.929000000000000000e+03 -2.214462995529174805e+00
6.930000000000000000e+03 -2.257682561874389648e+00
6.931000000000000000e+03 -2.218031883239746094e+00
6.932000000000000000e+03 -2.244337081909179688e+00
6.933000000000000000e+03 -2.316296100616455078e+00
6.934000000000000000e+03 -2.242493391036987305e+00
6.935000000000000000e+03 -2.262122631072998047e+00
6.936000000000000000e+03 -2.258796930313110352e+00
6.937000000000000000e+03 -2.292806386947631836e+00
6.938000000000000000e+03 -2.205909729003906250e+00
6.939000000000000000e+03 -2.198164701461791992e+00
6.940000000000000000e+03 -2.156053543090820312e+00
6.941000000000000000e+03 -2.285583734512329102e+00
6.942000000000000000e+03 -2.204116582870483398e+00
6.943000000000000000e+03 -2.229862213134765625e+00
6.944000000000000000e+03 -2.257451772689819336e+00
6.945000000000000000e+03 -2.196368217468261719e+00
6.946000000000000000e+03 -2.202011108398437500e+00
6.947000000000000000e+03 -2.216355085372924805e+00
6.948000000000000000e+03 -2.207930564880371094e+00
6.949000000000000000e+03 -2.234930992126464844e+00
6.950000000000000000e+03 -2.271631002426147461e+00
6.951000000000000000e+03 -2.220070838928222656e+00
6.952000000000000000e+03 -2.229787588119506836e+00
6.953000000000000000e+03 -2.251770496368408203e+00
6.954000000000000000e+03 -2.186904430389404297e+00
6.955000000000000000e+03 -2.225741624832153320e+00
6.956000000000000000e+03 -2.254341602325439453e+00
6.957000000000000000e+03 -2.260763168334960938e+00
6.958000000000000000e+03 -2.226742982864379883e+00
6.959000000000000000e+03 -2.252370834350585938e+00
6.960000000000000000e+03 -2.207098484039306641e+00
6.961000000000000000e+03 -2.231168746948242188e+00
6.962000000000000000e+03 -2.334866046905517578e+00
6.963000000000000000e+03 -2.295966148376464844e+00
6.964000000000000000e+03 -2.275366544723510742e+00
6.965000000000000000e+03 -2.259531021118164062e+00
6.966000000000000000e+03 -2.305992603302001953e+00
6.967000000000000000e+03 -2.304909944534301758e+00
6.968000000000000000e+03 -2.317838191986083984e+00
6.969000000000000000e+03 -2.293858289718627930e+00
6.970000000000000000e+03 -2.282225847244262695e+00
6.971000000000000000e+03 -2.337013244628906250e+00
6.972000000000000000e+03 -2.334087371826171875e+00
6.973000000000000000e+03 -2.352503061294555664e+00
6.974000000000000000e+03 -2.307074546813964844e+00
6.975000000000000000e+03 -2.317060470581054688e+00
6.976000000000000000e+03 -2.344765186309814453e+00
6.977000000000000000e+03 -2.353316307067871094e+00
6.978000000000000000e+03 -2.275244712829589844e+00
6.979000000000000000e+03 -2.257231473922729492e+00
6.980000000000000000e+03 -2.260427951812744141e+00
6.981000000000000000e+03 -2.314954042434692383e+00
6.982000000000000000e+03 -2.284157752990722656e+00
6.983000000000000000e+03 -2.307061672210693359e+00
6.984000000000000000e+03 -2.268046379089355469e+00
6.985000000000000000e+03 -2.285923719406127930e+00
6.986000000000000000e+03 -2.312622308731079102e+00
6.987000000000000000e+03 -2.298351764678955078e+00
6.988000000000000000e+03 -2.309579849243164062e+00
6.989000000000000000e+03 -2.288846254348754883e+00
6.990000000000000000e+03 -2.344928503036499023e+00
6.991000000000000000e+03 -2.353754281997680664e+00
6.992000000000000000e+03 -2.254457712173461914e+00
6.993000000000000000e+03 -2.281180381774902344e+00
6.994000000000000000e+03 -2.297376394271850586e+00
6.995000000000000000e+03 -2.310287714004516602e+00
6.996000000000000000e+03 -2.215149879455566406e+00
6.997000000000000000e+03 -2.279910564422607422e+00
6.998000000000000000e+03 -2.225624084472656250e+00
6.999000000000000000e+03 -2.282301664352416992e+00
7.000000000000000000e+03 -2.215541839599609375e+00
7.001000000000000000e+03 -2.258000373840332031e+00
7.002000000000000000e+03 -2.290048599243164062e+00
7.003000000000000000e+03 -2.255272865295410156e+00
7.004000000000000000e+03 -2.233064174652099609e+00
7.005000000000000000e+03 -2.271707057952880859e+00
7.006000000000000000e+03 -2.258201122283935547e+00
7.007000000000000000e+03 -2.289552211761474609e+00
7.008000000000000000e+03 -2.292793512344360352e+00
7.009000000000000000e+03 -2.286114692687988281e+00
7.010000000000000000e+03 -2.214957475662231445e+00
7.011000000000000000e+03 -2.239076137542724609e+00
7.012000000000000000e+03 -2.329741477966308594e+00
7.013000000000000000e+03 -2.353791236877441406e+00
7.014000000000000000e+03 -2.325788974761962891e+00
7.015000000000000000e+03 -2.287323474884033203e+00
7.016000000000000000e+03 -2.324753999710083008e+00
7.017000000000000000e+03 -2.355035305023193359e+00
7.018000000000000000e+03 -2.289379835128784180e+00
7.019000000000000000e+03 -2.253846883773803711e+00
7.020000000000000000e+03 -2.218689918518066406e+00
7.021000000000000000e+03 -2.295685768127441406e+00
7.022000000000000000e+03 -2.265674114227294922e+00
7.023000000000000000e+03 -2.248469114303588867e+00
7.024000000000000000e+03 -2.215010643005371094e+00
7.025000000000000000e+03 -2.270479679107666016e+00
7.026000000000000000e+03 -2.294379234313964844e+00
7.027000000000000000e+03 -2.333844184875488281e+00
7.028000000000000000e+03 -2.290223121643066406e+00
7.029000000000000000e+03 -2.322976350784301758e+00
7.030000000000000000e+03 -2.347163677215576172e+00
7.031000000000000000e+03 -2.313287496566772461e+00
7.032000000000000000e+03 -2.283596992492675781e+00
7.033000000000000000e+03 -2.309257745742797852e+00
7.034000000000000000e+03 -2.271196603775024414e+00
7.035000000000000000e+03 -2.349597692489624023e+00
7.036000000000000000e+03 -2.309938907623291016e+00
7.037000000000000000e+03 -2.272155761718750000e+00
7.038000000000000000e+03 -2.275039434432983398e+00
7.039000000000000000e+03 -2.235708236694335938e+00
7.040000000000000000e+03 -2.288322448730468750e+00
7.041000000000000000e+03 -2.297125339508056641e+00
7.042000000000000000e+03 -2.233848094940185547e+00
7.043000000000000000e+03 -2.337839126586914062e+00
7.044000000000000000e+03 -2.269890546798706055e+00
7.045000000000000000e+03 -2.294230699539184570e+00
7.046000000000000000e+03 -2.278322219848632812e+00
7.047000000000000000e+03 -2.319329977035522461e+00
7.048000000000000000e+03 -2.376848697662353516e+00
7.049000000000000000e+03 -2.375547885894775391e+00
7.050000000000000000e+03 -2.318661212921142578e+00
7.051000000000000000e+03 -2.288998365402221680e+00
7.052000000000000000e+03 -2.303623914718627930e+00
7.053000000000000000e+03 -2.318310260772705078e+00
7.054000000000000000e+03 -2.267343282699584961e+00
7.055000000000000000e+03 -2.348115205764770508e+00
7.056000000000000000e+03 -2.327697992324829102e+00
7.057000000000000000e+03 -2.296854019165039062e+00
7.058000000000000000e+03 -2.278071880340576172e+00
7.059000000000000000e+03 -2.330829858779907227e+00
7.060000000000000000e+03 -2.292423248291015625e+00
7.061000000000000000e+03 -2.308058977127075195e+00
7.062000000000000000e+03 -2.287780761718750000e+00
7.063000000000000000e+03 -2.303207397460937500e+00
7.064000000000000000e+03 -2.273007631301879883e+00
7.065000000000000000e+03 -2.302703857421875000e+00
7.066000000000000000e+03 -2.283611297607421875e+00
7.067000000000000000e+03 -2.252720355987548828e+00
7.068000000000000000e+03 -2.290057182312011719e+00
7.069000000000000000e+03 -2.237771034240722656e+00
7.070000000000000000e+03 -2.225122451782226562e+00
7.071000000000000000e+03 -2.178958892822265625e+00
7.072000000000000000e+03 -2.187535762786865234e+00
7.073000000000000000e+03 -2.236833572387695312e+00
7.074000000000000000e+03 -2.219343662261962891e+00
7.075000000000000000e+03 -2.226623535156250000e+00
7.076000000000000000e+03 -2.198713541030883789e+00
7.077000000000000000e+03 -2.197824954986572266e+00
7.078000000000000000e+03 -2.246010780334472656e+00
7.079000000000000000e+03 -2.285401344299316406e+00
7.080000000000000000e+03 -2.320768356323242188e+00
7.081000000000000000e+03 -2.221877336502075195e+00
7.082000000000000000e+03 -2.291778087615966797e+00
7.083000000000000000e+03 -2.239970922470092773e+00
7.084000000000000000e+03 -2.213153600692749023e+00
7.085000000000000000e+03 -2.208730936050415039e+00
7.086000000000000000e+03 -2.260876417160034180e+00
7.087000000000000000e+03 -2.260194778442382812e+00
7.088000000000000000e+03 -2.237365484237670898e+00
7.089000000000000000e+03 -2.274740934371948242e+00
7.090000000000000000e+03 -2.298560142517089844e+00
7.091000000000000000e+03 -2.280382633209228516e+00
7.092000000000000000e+03 -2.323174715042114258e+00
7.093000000000000000e+03 -2.285508632659912109e+00
7.094000000000000000e+03 -2.283635854721069336e+00
7.095000000000000000e+03 -2.260905981063842773e+00
7.096000000000000000e+03 -2.278716564178466797e+00
7.097000000000000000e+03 -2.220649957656860352e+00
7.098000000000000000e+03 -2.175798892974853516e+00
7.099000000000000000e+03 -2.250726222991943359e+00
7.100000000000000000e+03 -2.270442485809326172e+00
7.101000000000000000e+03 -2.256374359130859375e+00
7.102000000000000000e+03 -2.202986717224121094e+00
7.103000000000000000e+03 -2.286288499832153320e+00
7.104000000000000000e+03 -2.236098527908325195e+00
7.105000000000000000e+03 -2.241264343261718750e+00
7.106000000000000000e+03 -2.244265079498291016e+00
7.107000000000000000e+03 -2.198541641235351562e+00
7.108000000000000000e+03 -2.242916345596313477e+00
7.109000000000000000e+03 -2.302443504333496094e+00
7.110000000000000000e+03 -2.337978363037109375e+00
7.111000000000000000e+03 -2.326000928878784180e+00
7.112000000000000000e+03 -2.332155227661132812e+00
7.113000000000000000e+03 -2.266847848892211914e+00
7.114000000000000000e+03 -2.230150938034057617e+00
7.115000000000000000e+03 -2.253282546997070312e+00
7.116000000000000000e+03 -2.265529870986938477e+00
7.117000000000000000e+03 -2.242946624755859375e+00
7.118000000000000000e+03 -2.355213165283203125e+00
7.119000000000000000e+03 -2.296166896820068359e+00
7.120000000000000000e+03 -2.280763864517211914e+00
7.121000000000000000e+03 -2.313578605651855469e+00
7.122000000000000000e+03 -2.324443340301513672e+00
7.123000000000000000e+03 -2.317933082580566406e+00
7.124000000000000000e+03 -2.269909858703613281e+00
7.125000000000000000e+03 -2.300970554351806641e+00
7.126000000000000000e+03 -2.296121835708618164e+00
7.127000000000000000e+03 -2.339266300201416016e+00
7.128000000000000000e+03 -2.322103023529052734e+00
7.129000000000000000e+03 -2.333841562271118164e+00
7.130000000000000000e+03 -2.299865245819091797e+00
7.131000000000000000e+03 -2.257121324539184570e+00
7.132000000000000000e+03 -2.270524978637695312e+00
7.133000000000000000e+03 -2.299525499343872070e+00
7.134000000000000000e+03 -2.292816162109375000e+00
7.135000000000000000e+03 -2.320963621139526367e+00
7.136000000000000000e+03 -2.281505584716796875e+00
7.137000000000000000e+03 -2.270508289337158203e+00
7.138000000000000000e+03 -2.280997037887573242e+00
7.139000000000000000e+03 -2.310132980346679688e+00
7.140000000000000000e+03 -2.278303861618041992e+00
7.141000000000000000e+03 -2.311197042465209961e+00
7.142000000000000000e+03 -2.363103628158569336e+00
7.143000000000000000e+03 -2.322230577468872070e+00
7.144000000000000000e+03 -2.330363273620605469e+00
7.145000000000000000e+03 -2.362226486206054688e+00
7.146000000000000000e+03 -2.276143074035644531e+00
7.147000000000000000e+03 -2.339716196060180664e+00
7.148000000000000000e+03 -2.290556907653808594e+00
7.149000000000000000e+03 -2.318345546722412109e+00
7.150000000000000000e+03 -2.276155948638916016e+00
7.151000000000000000e+03 -2.319365024566650391e+00
7.152000000000000000e+03 -2.284320354461669922e+00
7.153000000000000000e+03 -2.288057327270507812e+00
7.154000000000000000e+03 -2.295882940292358398e+00
7.155000000000000000e+03 -2.281869411468505859e+00
7.156000000000000000e+03 -2.276597499847412109e+00
7.157000000000000000e+03 -2.283864974975585938e+00
7.158000000000000000e+03 -2.316904067993164062e+00
7.159000000000000000e+03 -2.262627840042114258e+00
7.160000000000000000e+03 -2.249415397644042969e+00
7.161000000000000000e+03 -2.238900661468505859e+00
7.162000000000000000e+03 -2.245646476745605469e+00
7.163000000000000000e+03 -2.213028430938720703e+00
7.164000000000000000e+03 -2.227478981018066406e+00
7.165000000000000000e+03 -2.259513139724731445e+00
7.166000000000000000e+03 -2.259652376174926758e+00
7.167000000000000000e+03 -2.285028457641601562e+00
7.168000000000000000e+03 -2.237756967544555664e+00
7.169000000000000000e+03 -2.212297916412353516e+00
7.170000000000000000e+03 -2.252205848693847656e+00
7.171000000000000000e+03 -2.259116888046264648e+00
7.172000000000000000e+03 -2.260059356689453125e+00
7.173000000000000000e+03 -2.257055044174194336e+00
7.174000000000000000e+03 -2.287878990173339844e+00
7.175000000000000000e+03 -2.306318998336791992e+00
7.176000000000000000e+03 -2.288453578948974609e+00
7.177000000000000000e+03 -2.273873329162597656e+00
7.178000000000000000e+03 -2.377033233642578125e+00
7.179000000000000000e+03 -2.236763238906860352e+00
7.180000000000000000e+03 -2.267057895660400391e+00
7.181000000000000000e+03 -2.226744651794433594e+00
7.182000000000000000e+03 -2.248143672943115234e+00
7.183000000000000000e+03 -2.287515163421630859e+00
7.184000000000000000e+03 -2.205442905426025391e+00
7.185000000000000000e+03 -2.296608448028564453e+00
7.186000000000000000e+03 -2.321396112442016602e+00
7.187000000000000000e+03 -2.305989027023315430e+00
7.188000000000000000e+03 -2.259694099426269531e+00
7.189000000000000000e+03 -2.294841289520263672e+00
7.190000000000000000e+03 -2.213137149810791016e+00
7.191000000000000000e+03 -2.247008800506591797e+00
7.192000000000000000e+03 -2.275229454040527344e+00
7.193000000000000000e+03 -2.244444608688354492e+00
7.194000000000000000e+03 -2.251559019088745117e+00
7.195000000000000000e+03 -2.205384731292724609e+00
7.196000000000000000e+03 -2.245828628540039062e+00
7.197000000000000000e+03 -2.216048717498779297e+00
7.198000000000000000e+03 -2.230708122253417969e+00
7.199000000000000000e+03 -2.210837841033935547e+00
7.200000000000000000e+03 -2.265149116516113281e+00
7.201000000000000000e+03 -2.223444461822509766e+00
7.202000000000000000e+03 -2.236055374145507812e+00
7.203000000000000000e+03 -2.290382623672485352e+00
7.204000000000000000e+03 -2.230907440185546875e+00
7.205000000000000000e+03 -2.309850454330444336e+00
7.206000000000000000e+03 -2.305078029632568359e+00
7.207000000000000000e+03 -2.316979646682739258e+00
7.208000000000000000e+03 -2.268452167510986328e+00
7.209000000000000000e+03 -2.288243770599365234e+00
7.210000000000000000e+03 -2.260310649871826172e+00
7.211000000000000000e+03 -2.259265184402465820e+00
7.212000000000000000e+03 -2.250109910964965820e+00
7.213000000000000000e+03 -2.237505674362182617e+00
7.214000000000000000e+03 -2.316965579986572266e+00
7.215000000000000000e+03 -2.301079988479614258e+00
7.216000000000000000e+03 -2.296700954437255859e+00
7.217000000000000000e+03 -2.265714645385742188e+00
7.218000000000000000e+03 -2.223952293395996094e+00
7.219000000000000000e+03 -2.275952577590942383e+00
7.220000000000000000e+03 -2.262367010116577148e+00
7.221000000000000000e+03 -2.182331800460815430e+00
7.222000000000000000e+03 -2.265085697174072266e+00
7.223000000000000000e+03 -2.222543478012084961e+00
7.224000000000000000e+03 -2.227881431579589844e+00
7.225000000000000000e+03 -2.233330249786376953e+00
7.226000000000000000e+03 -2.278001070022583008e+00
7.227000000000000000e+03 -2.282182693481445312e+00
7.228000000000000000e+03 -2.288243770599365234e+00
7.229000000000000000e+03 -2.235716581344604492e+00
7.230000000000000000e+03 -2.291601181030273438e+00
7.231000000000000000e+03 -2.242295980453491211e+00
7.232000000000000000e+03 -2.282295465469360352e+00
7.233000000000000000e+03 -2.264411926269531250e+00
7.234000000000000000e+03 -2.253293991088867188e+00
7.235000000000000000e+03 -2.266076564788818359e+00
7.236000000000000000e+03 -2.270878314971923828e+00
7.237000000000000000e+03 -2.278562307357788086e+00
7.238000000000000000e+03 -2.236428737640380859e+00
7.239000000000000000e+03 -2.309401273727416992e+00
7.240000000000000000e+03 -2.255681514739990234e+00
7.241000000000000000e+03 -2.245953321456909180e+00
7.242000000000000000e+03 -2.265398979187011719e+00
7.243000000000000000e+03 -2.291971206665039062e+00
7.244000000000000000e+03 -2.257598161697387695e+00
7.245000000000000000e+03 -2.307677745819091797e+00
7.246000000000000000e+03 -2.237930059432983398e+00
7.247000000000000000e+03 -2.241745471954345703e+00
7.248000000000000000e+03 -2.198503971099853516e+00
7.249000000000000000e+03 -2.252175092697143555e+00
7.250000000000000000e+03 -2.217462778091430664e+00
7.251000000000000000e+03 -2.282622814178466797e+00
7.252000000000000000e+03 -2.291661500930786133e+00
7.253000000000000000e+03 -2.217040061950683594e+00
7.254000000000000000e+03 -2.203927993774414062e+00
7.255000000000000000e+03 -2.275214195251464844e+00
7.256000000000000000e+03 -2.241131782531738281e+00
7.257000000000000000e+03 -2.262621402740478516e+00
7.258000000000000000e+03 -2.267522811889648438e+00
7.259000000000000000e+03 -2.339087247848510742e+00
7.260000000000000000e+03 -2.294532299041748047e+00
7.261000000000000000e+03 -2.214947700500488281e+00
7.262000000000000000e+03 -2.259779930114746094e+00
7.263000000000000000e+03 -2.287178516387939453e+00
7.264000000000000000e+03 -2.307755231857299805e+00
7.265000000000000000e+03 -2.182351589202880859e+00
7.266000000000000000e+03 -2.256587743759155273e+00
7.267000000000000000e+03 -2.267938613891601562e+00
7.268000000000000000e+03 -2.298998594284057617e+00
7.269000000000000000e+03 -2.315391302108764648e+00
7.270000000000000000e+03 -2.336810827255249023e+00
7.271000000000000000e+03 -2.229570388793945312e+00
7.272000000000000000e+03 -2.327295541763305664e+00
7.273000000000000000e+03 -2.195128202438354492e+00
7.274000000000000000e+03 -2.263989210128784180e+00
7.275000000000000000e+03 -2.262767553329467773e+00
7.276000000000000000e+03 -2.237933635711669922e+00
7.277000000000000000e+03 -2.258702993392944336e+00
7.278000000000000000e+03 -2.207988262176513672e+00
7.279000000000000000e+03 -2.268457412719726562e+00
7.280000000000000000e+03 -2.297084331512451172e+00
7.281000000000000000e+03 -2.299679994583129883e+00
7.282000000000000000e+03 -2.323582887649536133e+00
7.283000000000000000e+03 -2.259324550628662109e+00
7.284000000000000000e+03 -2.227002143859863281e+00
7.285000000000000000e+03 -2.233975887298583984e+00
7.286000000000000000e+03 -2.257298946380615234e+00
7.287000000000000000e+03 -2.253236055374145508e+00
7.288000000000000000e+03 -2.257204055786132812e+00
7.289000000000000000e+03 -2.326602458953857422e+00
7.290000000000000000e+03 -2.313057661056518555e+00
7.291000000000000000e+03 -2.283017635345458984e+00
7.292000000000000000e+03 -2.243484735488891602e+00
7.293000000000000000e+03 -2.296814441680908203e+00
7.294000000000000000e+03 -2.272840738296508789e+00
7.295000000000000000e+03 -2.303759336471557617e+00
7.296000000000000000e+03 -2.261120319366455078e+00
7.297000000000000000e+03 -2.242099761962890625e+00
7.298000000000000000e+03 -2.224567651748657227e+00
7.299000000000000000e+03 -2.251631259918212891e+00
7.300000000000000000e+03 -2.254621267318725586e+00
7.301000000000000000e+03 -2.222808837890625000e+00
7.302000000000000000e+03 -2.234528541564941406e+00
7.303000000000000000e+03 -2.265496730804443359e+00
7.304000000000000000e+03 -2.304844141006469727e+00
7.305000000000000000e+03 -2.294638156890869141e+00
7.306000000000000000e+03 -2.305588960647583008e+00
7.307000000000000000e+03 -2.303089380264282227e+00
7.308000000000000000e+03 -2.269337415695190430e+00
7.309000000000000000e+03 -2.267028093338012695e+00
7.310000000000000000e+03 -2.299853801727294922e+00
7.311000000000000000e+03 -2.271883964538574219e+00
7.312000000000000000e+03 -2.251264810562133789e+00
7.313000000000000000e+03 -2.173779010772705078e+00
7.314000000000000000e+03 -2.204963922500610352e+00
7.315000000000000000e+03 -2.241044044494628906e+00
7.316000000000000000e+03 -2.279968500137329102e+00
7.317000000000000000e+03 -2.227312564849853516e+00
7.318000000000000000e+03 -2.301923274993896484e+00
7.319000000000000000e+03 -2.259937047958374023e+00
7.320000000000000000e+03 -2.282889842987060547e+00
7.321000000000000000e+03 -2.332320213317871094e+00
7.322000000000000000e+03 -2.257869958877563477e+00
7.323000000000000000e+03 -2.270723581314086914e+00
7.324000000000000000e+03 -2.324974298477172852e+00
7.325000000000000000e+03 -2.258687496185302734e+00
7.326000000000000000e+03 -2.258295536041259766e+00
7.327000000000000000e+03 -2.264462232589721680e+00
7.328000000000000000e+03 -2.252873897552490234e+00
7.329000000000000000e+03 -2.247235298156738281e+00
7.330000000000000000e+03 -2.227461099624633789e+00
7.331000000000000000e+03 -2.248945951461791992e+00
7.332000000000000000e+03 -2.292773723602294922e+00
7.333000000000000000e+03 -2.263866662979125977e+00
7.334000000000000000e+03 -2.319433450698852539e+00
7.335000000000000000e+03 -2.227758646011352539e+00
7.336000000000000000e+03 -2.216931581497192383e+00
7.337000000000000000e+03 -2.241149902343750000e+00
7.338000000000000000e+03 -2.228127717971801758e+00
7.339000000000000000e+03 -2.229585647583007812e+00
7.340000000000000000e+03 -2.293161153793334961e+00
7.341000000000000000e+03 -2.284583568572998047e+00
7.342000000000000000e+03 -2.301623344421386719e+00
7.343000000000000000e+03 -2.302363872528076172e+00
7.344000000000000000e+03 -2.346405029296875000e+00
7.345000000000000000e+03 -2.278227567672729492e+00
7.346000000000000000e+03 -2.283653974533081055e+00
7.347000000000000000e+03 -2.297648429870605469e+00
7.348000000000000000e+03 -2.241741418838500977e+00
7.349000000000000000e+03 -2.289995193481445312e+00
7.350000000000000000e+03 -2.279174566268920898e+00
7.351000000000000000e+03 -2.247176885604858398e+00
7.352000000000000000e+03 -2.273353815078735352e+00
7.353000000000000000e+03 -2.284624099731445312e+00
7.354000000000000000e+03 -2.300965785980224609e+00
7.355000000000000000e+03 -2.220355272293090820e+00
7.356000000000000000e+03 -2.245208978652954102e+00
7.357000000000000000e+03 -2.182286262512207031e+00
7.358000000000000000e+03 -2.180599689483642578e+00
7.359000000000000000e+03 -2.210717678070068359e+00
7.360000000000000000e+03 -2.232335090637207031e+00
7.361000000000000000e+03 -2.202180862426757812e+00
7.362000000000000000e+03 -2.224852800369262695e+00
7.363000000000000000e+03 -2.190772771835327148e+00
7.364000000000000000e+03 -2.245054006576538086e+00
7.365000000000000000e+03 -2.224065303802490234e+00
7.366000000000000000e+03 -2.242364645004272461e+00
7.367000000000000000e+03 -2.237255811691284180e+00
7.368000000000000000e+03 -2.262507438659667969e+00
7.369000000000000000e+03 -2.187783479690551758e+00
7.370000000000000000e+03 -2.233510971069335938e+00
7.371000000000000000e+03 -2.197793483734130859e+00
7.372000000000000000e+03 -2.186411857604980469e+00
7.373000000000000000e+03 -2.188541889190673828e+00
7.374000000000000000e+03 -2.276280879974365234e+00
7.375000000000000000e+03 -2.279435873031616211e+00
7.376000000000000000e+03 -2.274809837341308594e+00
7.377000000000000000e+03 -2.220453262329101562e+00
7.378000000000000000e+03 -2.231629610061645508e+00
7.379000000000000000e+03 -2.202498912811279297e+00
7.380000000000000000e+03 -2.203263282775878906e+00
7.381000000000000000e+03 -2.171328544616699219e+00
7.382000000000000000e+03 -2.209766626358032227e+00
7.383000000000000000e+03 -2.220465660095214844e+00
7.384000000000000000e+03 -2.234617710113525391e+00
7.385000000000000000e+03 -2.256169080734252930e+00
7.386000000000000000e+03 -2.253050327301025391e+00
7.387000000000000000e+03 -2.279311895370483398e+00
7.388000000000000000e+03 -2.285134553909301758e+00
7.389000000000000000e+03 -2.206594228744506836e+00
7.390000000000000000e+03 -2.244019985198974609e+00
7.391000000000000000e+03 -2.210111141204833984e+00
7.392000000000000000e+03 -2.200859069824218750e+00
7.393000000000000000e+03 -2.203044652938842773e+00
7.394000000000000000e+03 -2.281306743621826172e+00
7.395000000000000000e+03 -2.197435617446899414e+00
7.396000000000000000e+03 -2.193074703216552734e+00
7.397000000000000000e+03 -2.289932727813720703e+00
7.398000000000000000e+03 -2.220319032669067383e+00
7.399000000000000000e+03 -2.253868103027343750e+00
7.400000000000000000e+03 -2.262044906616210938e+00
7.401000000000000000e+03 -2.267754316329956055e+00
7.402000000000000000e+03 -2.269023180007934570e+00
7.403000000000000000e+03 -2.252320289611816406e+00
7.404000000000000000e+03 -2.266471385955810547e+00
7.405000000000000000e+03 -2.302859067916870117e+00
7.406000000000000000e+03 -2.280231475830078125e+00
7.407000000000000000e+03 -2.285918235778808594e+00
7.408000000000000000e+03 -2.271778345108032227e+00
7.409000000000000000e+03 -2.296655416488647461e+00
7.410000000000000000e+03 -2.272817373275756836e+00
7.411000000000000000e+03 -2.271723747253417969e+00
7.412000000000000000e+03 -2.276610851287841797e+00
7.413000000000000000e+03 -2.297330379486083984e+00
7.414000000000000000e+03 -2.285701036453247070e+00
7.415000000000000000e+03 -2.263639450073242188e+00
7.416000000000000000e+03 -2.357876539230346680e+00
7.417000000000000000e+03 -2.282704591751098633e+00
7.418000000000000000e+03 -2.309356927871704102e+00
7.419000000000000000e+03 -2.238279342651367188e+00
7.420000000000000000e+03 -2.357008695602416992e+00
7.421000000000000000e+03 -2.316904067993164062e+00
7.422000000000000000e+03 -2.344701528549194336e+00
7.423000000000000000e+03 -2.356743812561035156e+00
7.424000000000000000e+03 -2.310915708541870117e+00
7.425000000000000000e+03 -2.312194824218750000e+00
7.426000000000000000e+03 -2.288847684860229492e+00
7.427000000000000000e+03 -2.308339118957519531e+00
7.428000000000000000e+03 -2.294025421142578125e+00
7.429000000000000000e+03 -2.312094449996948242e+00
7.430000000000000000e+03 -2.293509960174560547e+00
7.431000000000000000e+03 -2.347023487091064453e+00
7.432000000000000000e+03 -2.290036678314208984e+00
7.433000000000000000e+03 -2.321202993392944336e+00
7.434000000000000000e+03 -2.329232692718505859e+00
7.435000000000000000e+03 -2.278807640075683594e+00
7.436000000000000000e+03 -2.300557851791381836e+00
7.437000000000000000e+03 -2.231229782104492188e+00
7.438000000000000000e+03 -2.159370899200439453e+00
7.439000000000000000e+03 -2.293543338775634766e+00
7.440000000000000000e+03 -2.285644769668579102e+00
7.441000000000000000e+03 -2.222473144531250000e+00
7.442000000000000000e+03 -2.252282142639160156e+00
7.443000000000000000e+03 -2.216451168060302734e+00
7.444000000000000000e+03 -2.231317996978759766e+00
7.445000000000000000e+03 -2.267444610595703125e+00
7.446000000000000000e+03 -2.330893754959106445e+00
7.447000000000000000e+03 -2.257014274597167969e+00
7.448000000000000000e+03 -2.229548692703247070e+00
7.449000000000000000e+03 -2.243088006973266602e+00
7.450000000000000000e+03 -2.290909290313720703e+00
7.451000000000000000e+03 -2.228527307510375977e+00
7.452000000000000000e+03 -2.201270341873168945e+00
7.453000000000000000e+03 -2.171892642974853516e+00
7.454000000000000000e+03 -2.227437257766723633e+00
7.455000000000000000e+03 -2.157870769500732422e+00
7.456000000000000000e+03 -2.230852365493774414e+00
7.457000000000000000e+03 -2.253138303756713867e+00
7.458000000000000000e+03 -2.197509288787841797e+00
7.459000000000000000e+03 -2.301314830780029297e+00
7.460000000000000000e+03 -2.225211381912231445e+00
7.461000000000000000e+03 -2.194617271423339844e+00
7.462000000000000000e+03 -2.216418266296386719e+00
7.463000000000000000e+03 -2.248023509979248047e+00
7.464000000000000000e+03 -2.320908069610595703e+00
7.465000000000000000e+03 -2.300774335861206055e+00
7.466000000000000000e+03 -2.259793758392333984e+00
7.467000000000000000e+03 -2.236787080764770508e+00
7.468000000000000000e+03 -2.237205982208251953e+00
7.469000000000000000e+03 -2.253717184066772461e+00
7.470000000000000000e+03 -2.306591510772705078e+00
7.471000000000000000e+03 -2.239810943603515625e+00
7.472000000000000000e+03 -2.241402387619018555e+00
7.473000000000000000e+03 -2.240308761596679688e+00
7.474000000000000000e+03 -2.304946899414062500e+00
7.475000000000000000e+03 -2.287403821945190430e+00
7.476000000000000000e+03 -2.213768005371093750e+00
7.477000000000000000e+03 -2.271217346191406250e+00
7.478000000000000000e+03 -2.282029867172241211e+00
7.479000000000000000e+03 -2.297300338745117188e+00
7.480000000000000000e+03 -2.282036542892456055e+00
7.481000000000000000e+03 -2.274075508117675781e+00
7.482000000000000000e+03 -2.286010265350341797e+00
7.483000000000000000e+03 -2.264094352722167969e+00
7.484000000000000000e+03 -2.236108064651489258e+00
7.485000000000000000e+03 -2.318963050842285156e+00
7.486000000000000000e+03 -2.271008491516113281e+00
7.487000000000000000e+03 -2.239675045013427734e+00
7.488000000000000000e+03 -2.205580234527587891e+00
7.489000000000000000e+03 -2.185054540634155273e+00
7.490000000000000000e+03 -2.198583126068115234e+00
7.491000000000000000e+03 -2.265003919601440430e+00
7.492000000000000000e+03 -2.252325534820556641e+00
7.493000000000000000e+03 -2.244253635406494141e+00
7.494000000000000000e+03 -2.237514495849609375e+00
7.495000000000000000e+03 -2.245908260345458984e+00
7.496000000000000000e+03 -2.227359771728515625e+00
7.497000000000000000e+03 -2.270919561386108398e+00
7.498000000000000000e+03 -2.312824726104736328e+00
7.499000000000000000e+03 -2.246607542037963867e+00
7.500000000000000000e+03 -2.281659126281738281e+00
7.501000000000000000e+03 -2.231498956680297852e+00
7.502000000000000000e+03 -2.279883384704589844e+00
7.503000000000000000e+03 -2.220764160156250000e+00
7.504000000000000000e+03 -2.198332309722900391e+00
7.505000000000000000e+03 -2.273078441619873047e+00
7.506000000000000000e+03 -2.270012140274047852e+00
7.507000000000000000e+03 -2.259196043014526367e+00
7.508000000000000000e+03 -2.242733955383300781e+00
7.509000000000000000e+03 -2.291363716125488281e+00
7.510000000000000000e+03 -2.224330186843872070e+00
7.511000000000000000e+03 -2.234051704406738281e+00
7.512000000000000000e+03 -2.266501903533935547e+00
7.513000000000000000e+03 -2.268468618392944336e+00
7.514000000000000000e+03 -2.208564996719360352e+00
7.515000000000000000e+03 -2.227932453155517578e+00
7.516000000000000000e+03 -2.224217653274536133e+00
7.517000000000000000e+03 -2.225502490997314453e+00
7.518000000000000000e+03 -2.358921766281127930e+00
7.519000000000000000e+03 -2.234861373901367188e+00
7.520000000000000000e+03 -2.272528409957885742e+00
7.521000000000000000e+03 -2.254175901412963867e+00
7.522000000000000000e+03 -2.279736518859863281e+00
7.523000000000000000e+03 -2.307792186737060547e+00
7.524000000000000000e+03 -2.229271650314331055e+00
7.525000000000000000e+03 -2.178670167922973633e+00
7.526000000000000000e+03 -2.218909740447998047e+00
7.527000000000000000e+03 -2.230674743652343750e+00
7.528000000000000000e+03 -2.227510929107666016e+00
7.529000000000000000e+03 -2.282210350036621094e+00
7.530000000000000000e+03 -2.233158826828002930e+00
7.531000000000000000e+03 -2.270444631576538086e+00
7.532000000000000000e+03 -2.207684516906738281e+00
7.533000000000000000e+03 -2.197049140930175781e+00
7.534000000000000000e+03 -2.207237005233764648e+00
7.535000000000000000e+03 -2.224873065948486328e+00
7.536000000000000000e+03 -2.157317161560058594e+00
7.537000000000000000e+03 -2.228139400482177734e+00
7.538000000000000000e+03 -2.246386051177978516e+00
7.539000000000000000e+03 -2.240422725677490234e+00
7.540000000000000000e+03 -2.224167585372924805e+00
7.541000000000000000e+03 -2.244056701660156250e+00
7.542000000000000000e+03 -2.208864212036132812e+00
7.543000000000000000e+03 -2.206283330917358398e+00
7.544000000000000000e+03 -2.293966054916381836e+00
7.545000000000000000e+03 -2.283036708831787109e+00
7.546000000000000000e+03 -2.222263813018798828e+00
7.547000000000000000e+03 -2.281472682952880859e+00
7.548000000000000000e+03 -2.301175594329833984e+00
7.549000000000000000e+03 -2.296353578567504883e+00
7.550000000000000000e+03 -2.300863265991210938e+00
7.551000000000000000e+03 -2.283482551574707031e+00
7.552000000000000000e+03 -2.230044364929199219e+00
7.553000000000000000e+03 -2.276518344879150391e+00
7.554000000000000000e+03 -2.265424251556396484e+00
7.555000000000000000e+03 -2.186706542968750000e+00
7.556000000000000000e+03 -2.201625347137451172e+00
7.557000000000000000e+03 -2.215788602828979492e+00
7.558000000000000000e+03 -2.229034900665283203e+00
7.559000000000000000e+03 -2.258702278137207031e+00
7.560000000000000000e+03 -2.224866390228271484e+00
7.561000000000000000e+03 -2.256343603134155273e+00
7.562000000000000000e+03 -2.225660562515258789e+00
7.563000000000000000e+03 -2.264859676361083984e+00
7.564000000000000000e+03 -2.263180494308471680e+00
7.565000000000000000e+03 -2.282629966735839844e+00
7.566000000000000000e+03 -2.263025045394897461e+00
7.567000000000000000e+03 -2.211249589920043945e+00
7.568000000000000000e+03 -2.275154113769531250e+00
7.569000000000000000e+03 -2.319747686386108398e+00
7.570000000000000000e+03 -2.344971656799316406e+00
7.571000000000000000e+03 -2.275521993637084961e+00
7.572000000000000000e+03 -2.215049743652343750e+00
7.573000000000000000e+03 -2.301328182220458984e+00
7.574000000000000000e+03 -2.291051864624023438e+00
7.575000000000000000e+03 -2.237557411193847656e+00
7.576000000000000000e+03 -2.305355787277221680e+00
7.577000000000000000e+03 -2.234814882278442383e+00
7.578000000000000000e+03 -2.240634441375732422e+00
7.579000000000000000e+03 -2.289029121398925781e+00
7.580000000000000000e+03 -2.301066637039184570e+00
7.581000000000000000e+03 -2.247688531875610352e+00
7.582000000000000000e+03 -2.276992797851562500e+00
7.583000000000000000e+03 -2.301805973052978516e+00
7.584000000000000000e+03 -2.234981536865234375e+00
7.585000000000000000e+03 -2.288522720336914062e+00
7.586000000000000000e+03 -2.232638835906982422e+00
7.587000000000000000e+03 -2.256839752197265625e+00
7.588000000000000000e+03 -2.244533777236938477e+00
7.589000000000000000e+03 -2.272780418395996094e+00
7.590000000000000000e+03 -2.317628860473632812e+00
7.591000000000000000e+03 -2.272933006286621094e+00
7.592000000000000000e+03 -2.252106428146362305e+00
7.593000000000000000e+03 -2.310791015625000000e+00
7.594000000000000000e+03 -2.242285013198852539e+00
7.595000000000000000e+03 -2.218167543411254883e+00
7.596000000000000000e+03 -2.291846275329589844e+00
7.597000000000000000e+03 -2.300310134887695312e+00
7.598000000000000000e+03 -2.308588027954101562e+00
7.599000000000000000e+03 -2.286537647247314453e+00
7.600000000000000000e+03 -2.326321125030517578e+00
7.601000000000000000e+03 -2.323190212249755859e+00
7.602000000000000000e+03 -2.251301288604736328e+00
7.603000000000000000e+03 -2.307517528533935547e+00
7.604000000000000000e+03 -2.280570507049560547e+00
7.605000000000000000e+03 -2.290498733520507812e+00
7.606000000000000000e+03 -2.248387098312377930e+00
7.607000000000000000e+03 -2.290941238403320312e+00
7.608000000000000000e+03 -2.283924579620361328e+00
7.609000000000000000e+03 -2.294349193572998047e+00
7.610000000000000000e+03 -2.300253391265869141e+00
7.611000000000000000e+03 -2.253432989120483398e+00
7.612000000000000000e+03 -2.256085872650146484e+00
7.613000000000000000e+03 -2.230329751968383789e+00
7.614000000000000000e+03 -2.267968416213989258e+00
7.615000000000000000e+03 -2.278490066528320312e+00
7.616000000000000000e+03 -2.272867918014526367e+00
7.617000000000000000e+03 -2.244722843170166016e+00
7.618000000000000000e+03 -2.273775577545166016e+00
7.619000000000000000e+03 -2.272448062896728516e+00
7.620000000000000000e+03 -2.276942729949951172e+00
7.621000000000000000e+03 -2.261077880859375000e+00
7.622000000000000000e+03 -2.229885101318359375e+00
7.623000000000000000e+03 -2.266581058502197266e+00
7.624000000000000000e+03 -2.239114761352539062e+00
7.625000000000000000e+03 -2.236951112747192383e+00
7.626000000000000000e+03 -2.242169141769409180e+00
7.627000000000000000e+03 -2.231757164001464844e+00
7.628000000000000000e+03 -2.224663257598876953e+00
7.629000000000000000e+03 -2.286978244781494141e+00
7.630000000000000000e+03 -2.237618923187255859e+00
7.631000000000000000e+03 -2.236263036727905273e+00
7.632000000000000000e+03 -2.207020759582519531e+00
7.633000000000000000e+03 -2.276534080505371094e+00
7.634000000000000000e+03 -2.224974393844604492e+00
7.635000000000000000e+03 -2.245636463165283203e+00
7.636000000000000000e+03 -2.243485212326049805e+00
7.637000000000000000e+03 -2.240725517272949219e+00
7.638000000000000000e+03 -2.270852565765380859e+00
7.639000000000000000e+03 -2.240113258361816406e+00
7.640000000000000000e+03 -2.251184463500976562e+00
7.641000000000000000e+03 -2.296129226684570312e+00
7.642000000000000000e+03 -2.253222465515136719e+00
7.643000000000000000e+03 -2.240330457687377930e+00
7.644000000000000000e+03 -2.165423870086669922e+00
7.645000000000000000e+03 -2.213559150695800781e+00
7.646000000000000000e+03 -2.264788627624511719e+00
7.647000000000000000e+03 -2.270853042602539062e+00
7.648000000000000000e+03 -2.234049081802368164e+00
7.649000000000000000e+03 -2.235668182373046875e+00
7.650000000000000000e+03 -2.181496858596801758e+00
7.651000000000000000e+03 -2.224697113037109375e+00
7.652000000000000000e+03 -2.327978849411010742e+00
7.653000000000000000e+03 -2.273505687713623047e+00
7.654000000000000000e+03 -2.178443670272827148e+00
7.655000000000000000e+03 -2.203479290008544922e+00
7.656000000000000000e+03 -2.193833827972412109e+00
7.657000000000000000e+03 -2.228829860687255859e+00
7.658000000000000000e+03 -2.241487979888916016e+00
7.659000000000000000e+03 -2.122853994369506836e+00
7.660000000000000000e+03 -2.176553726196289062e+00
7.661000000000000000e+03 -2.205329418182373047e+00
7.662000000000000000e+03 -2.233425140380859375e+00
7.663000000000000000e+03 -2.245088100433349609e+00
7.664000000000000000e+03 -2.256319761276245117e+00
7.665000000000000000e+03 -2.270275592803955078e+00
7.666000000000000000e+03 -2.209211111068725586e+00
7.667000000000000000e+03 -2.198164463043212891e+00
7.668000000000000000e+03 -2.241381406784057617e+00
7.669000000000000000e+03 -2.233273506164550781e+00
7.670000000000000000e+03 -2.166548728942871094e+00
7.671000000000000000e+03 -2.267369270324707031e+00
7.672000000000000000e+03 -2.239552974700927734e+00
7.673000000000000000e+03 -2.223776340484619141e+00
7.674000000000000000e+03 -2.207706212997436523e+00
7.675000000000000000e+03 -2.249443054199218750e+00
7.676000000000000000e+03 -2.254797935485839844e+00
7.677000000000000000e+03 -2.176242828369140625e+00
7.678000000000000000e+03 -2.206562757492065430e+00
7.679000000000000000e+03 -2.235890626907348633e+00
7.680000000000000000e+03 -2.209387063980102539e+00
7.681000000000000000e+03 -2.210749387741088867e+00
7.682000000000000000e+03 -2.200343608856201172e+00
7.683000000000000000e+03 -2.238548517227172852e+00
7.684000000000000000e+03 -2.239067792892456055e+00
7.685000000000000000e+03 -2.228554248809814453e+00
7.686000000000000000e+03 -2.249749660491943359e+00
7.687000000000000000e+03 -2.268498897552490234e+00
7.688000000000000000e+03 -2.225378990173339844e+00
7.689000000000000000e+03 -2.246148586273193359e+00
7.690000000000000000e+03 -2.277347326278686523e+00
7.691000000000000000e+03 -2.297035932540893555e+00
7.692000000000000000e+03 -2.226976156234741211e+00
7.693000000000000000e+03 -2.277988433837890625e+00
7.694000000000000000e+03 -2.239213466644287109e+00
7.695000000000000000e+03 -2.230451583862304688e+00
7.696000000000000000e+03 -2.235171794891357422e+00
7.697000000000000000e+03 -2.223057746887207031e+00
7.698000000000000000e+03 -2.269594192504882812e+00
7.699000000000000000e+03 -2.213932275772094727e+00
7.700000000000000000e+03 -2.227161169052124023e+00
7.701000000000000000e+03 -2.192352056503295898e+00
7.702000000000000000e+03 -2.241780996322631836e+00
7.703000000000000000e+03 -2.238640785217285156e+00
7.704000000000000000e+03 -2.251718044281005859e+00
7.705000000000000000e+03 -2.221123456954956055e+00
7.706000000000000000e+03 -2.243340969085693359e+00
7.707000000000000000e+03 -2.225128412246704102e+00
7.708000000000000000e+03 -2.254014492034912109e+00
7.709000000000000000e+03 -2.243881940841674805e+00
7.710000000000000000e+03 -2.215235710144042969e+00
7.711000000000000000e+03 -2.250522136688232422e+00
7.712000000000000000e+03 -2.259291648864746094e+00
7.713000000000000000e+03 -2.258608579635620117e+00
7.714000000000000000e+03 -2.281283617019653320e+00
7.715000000000000000e+03 -2.299667835235595703e+00
7.716000000000000000e+03 -2.228028774261474609e+00
7.717000000000000000e+03 -2.264689922332763672e+00
7.718000000000000000e+03 -2.220422267913818359e+00
7.719000000000000000e+03 -2.203594923019409180e+00
7.720000000000000000e+03 -2.243505477905273438e+00
7.721000000000000000e+03 -2.238476991653442383e+00
7.722000000000000000e+03 -2.230573654174804688e+00
7.723000000000000000e+03 -2.204252243041992188e+00
7.724000000000000000e+03 -2.199557304382324219e+00
7.725000000000000000e+03 -2.251818656921386719e+00
7.726000000000000000e+03 -2.249867439270019531e+00
7.727000000000000000e+03 -2.219390392303466797e+00
7.728000000000000000e+03 -2.240163803100585938e+00
7.729000000000000000e+03 -2.286011934280395508e+00
7.730000000000000000e+03 -2.221241474151611328e+00
7.731000000000000000e+03 -2.241508483886718750e+00
7.732000000000000000e+03 -2.207702398300170898e+00
7.733000000000000000e+03 -2.229334115982055664e+00
7.734000000000000000e+03 -2.252834796905517578e+00
7.735000000000000000e+03 -2.188958168029785156e+00
7.736000000000000000e+03 -2.275877952575683594e+00
7.737000000000000000e+03 -2.238572597503662109e+00
7.738000000000000000e+03 -2.273638725280761719e+00
7.739000000000000000e+03 -2.278433799743652344e+00
7.740000000000000000e+03 -2.201953411102294922e+00
7.741000000000000000e+03 -2.236946821212768555e+00
7.742000000000000000e+03 -2.233935832977294922e+00
7.743000000000000000e+03 -2.231792449951171875e+00
7.744000000000000000e+03 -2.252784967422485352e+00
7.745000000000000000e+03 -2.240296840667724609e+00
7.746000000000000000e+03 -2.226371288299560547e+00
7.747000000000000000e+03 -2.218889474868774414e+00
7.748000000000000000e+03 -2.312561988830566406e+00
7.749000000000000000e+03 -2.224604129791259766e+00
7.750000000000000000e+03 -2.169611930847167969e+00
7.751000000000000000e+03 -2.221515417098999023e+00
7.752000000000000000e+03 -2.186411619186401367e+00
7.753000000000000000e+03 -2.211731195449829102e+00
7.754000000000000000e+03 -2.229684114456176758e+00
7.755000000000000000e+03 -2.234288930892944336e+00
7.756000000000000000e+03 -2.229273796081542969e+00
7.757000000000000000e+03 -2.250938415527343750e+00
7.758000000000000000e+03 -2.255949258804321289e+00
7.759000000000000000e+03 -2.213245391845703125e+00
7.760000000000000000e+03 -2.288089752197265625e+00
7.761000000000000000e+03 -2.223401546478271484e+00
7.762000000000000000e+03 -2.266117811203002930e+00
7.763000000000000000e+03 -2.220498561859130859e+00
7.764000000000000000e+03 -2.247741460800170898e+00
7.765000000000000000e+03 -2.202286005020141602e+00
7.766000000000000000e+03 -2.241800308227539062e+00
7.767000000000000000e+03 -2.264447450637817383e+00
7.768000000000000000e+03 -2.226989746093750000e+00
7.769000000000000000e+03 -2.261326551437377930e+00
7.770000000000000000e+03 -2.248506546020507812e+00
7.771000000000000000e+03 -2.267087936401367188e+00
7.772000000000000000e+03 -2.258002519607543945e+00
7.773000000000000000e+03 -2.265575885772705078e+00
7.774000000000000000e+03 -2.242674112319946289e+00
7.775000000000000000e+03 -2.272994041442871094e+00
7.776000000000000000e+03 -2.272638320922851562e+00
7.777000000000000000e+03 -2.258511066436767578e+00
7.778000000000000000e+03 -2.293522357940673828e+00
7.779000000000000000e+03 -2.301727294921875000e+00
7.780000000000000000e+03 -2.295714855194091797e+00
7.781000000000000000e+03 -2.248942375183105469e+00
7.782000000000000000e+03 -2.251274585723876953e+00
7.783000000000000000e+03 -2.253721714019775391e+00
7.784000000000000000e+03 -2.223385334014892578e+00
7.785000000000000000e+03 -2.203511238098144531e+00
7.786000000000000000e+03 -2.220263481140136719e+00
7.787000000000000000e+03 -2.227260589599609375e+00
7.788000000000000000e+03 -2.292322158813476562e+00
7.789000000000000000e+03 -2.233721733093261719e+00
7.790000000000000000e+03 -2.237244606018066406e+00
7.791000000000000000e+03 -2.216673612594604492e+00
7.792000000000000000e+03 -2.257750988006591797e+00
7.793000000000000000e+03 -2.239305734634399414e+00
7.794000000000000000e+03 -2.205707073211669922e+00
7.795000000000000000e+03 -2.255392789840698242e+00
7.796000000000000000e+03 -2.241471052169799805e+00
7.797000000000000000e+03 -2.230282306671142578e+00
7.798000000000000000e+03 -2.214136600494384766e+00
7.799000000000000000e+03 -2.218768835067749023e+00
7.800000000000000000e+03 -2.215330600738525391e+00
7.801000000000000000e+03 -2.251529455184936523e+00
7.802000000000000000e+03 -2.147232055664062500e+00
7.803000000000000000e+03 -2.245092391967773438e+00
7.804000000000000000e+03 -2.219907760620117188e+00
7.805000000000000000e+03 -2.249397993087768555e+00
7.806000000000000000e+03 -2.251987457275390625e+00
7.807000000000000000e+03 -2.231039047241210938e+00
7.808000000000000000e+03 -2.217080831527709961e+00
7.809000000000000000e+03 -2.231235504150390625e+00
7.810000000000000000e+03 -2.207957744598388672e+00
7.811000000000000000e+03 -2.271770477294921875e+00
7.812000000000000000e+03 -2.225708007812500000e+00
7.813000000000000000e+03 -2.262348651885986328e+00
7.814000000000000000e+03 -2.237459182739257812e+00
7.815000000000000000e+03 -2.201092720031738281e+00
7.816000000000000000e+03 -2.266897678375244141e+00
7.817000000000000000e+03 -2.255474328994750977e+00
7.818000000000000000e+03 -2.259030342102050781e+00
7.819000000000000000e+03 -2.280947446823120117e+00
7.820000000000000000e+03 -2.213856220245361328e+00
7.821000000000000000e+03 -2.184842824935913086e+00
7.822000000000000000e+03 -2.175368309020996094e+00
7.823000000000000000e+03 -2.166827440261840820e+00
7.824000000000000000e+03 -2.164412021636962891e+00
7.825000000000000000e+03 -2.177992582321166992e+00
7.826000000000000000e+03 -2.201442003250122070e+00
7.827000000000000000e+03 -2.195813655853271484e+00
7.828000000000000000e+03 -2.201823711395263672e+00
7.829000000000000000e+03 -2.165544271469116211e+00
7.830000000000000000e+03 -2.152642726898193359e+00
7.831000000000000000e+03 -2.198367834091186523e+00
7.832000000000000000e+03 -2.213770389556884766e+00
7.833000000000000000e+03 -2.194893598556518555e+00
7.834000000000000000e+03 -2.166189908981323242e+00
7.835000000000000000e+03 -2.243146419525146484e+00
7.836000000000000000e+03 -2.222057819366455078e+00
7.837000000000000000e+03 -2.244254589080810547e+00
7.838000000000000000e+03 -2.237463951110839844e+00
7.839000000000000000e+03 -2.234095811843872070e+00
7.840000000000000000e+03 -2.226650714874267578e+00
7.841000000000000000e+03 -2.213828802108764648e+00
7.842000000000000000e+03 -2.245224237442016602e+00
7.843000000000000000e+03 -2.224669456481933594e+00
7.844000000000000000e+03 -2.206068515777587891e+00
7.845000000000000000e+03 -2.244121551513671875e+00
7.846000000000000000e+03 -2.238313674926757812e+00
7.847000000000000000e+03 -2.235418081283569336e+00
7.848000000000000000e+03 -2.220028877258300781e+00
7.849000000000000000e+03 -2.224509716033935547e+00
7.850000000000000000e+03 -2.300610303878784180e+00
7.851000000000000000e+03 -2.254214763641357422e+00
7.852000000000000000e+03 -2.218798160552978516e+00
7.853000000000000000e+03 -2.299135446548461914e+00
7.854000000000000000e+03 -2.257102012634277344e+00
7.855000000000000000e+03 -2.245193004608154297e+00
7.856000000000000000e+03 -2.197149038314819336e+00
7.857000000000000000e+03 -2.265370607376098633e+00
7.858000000000000000e+03 -2.218044281005859375e+00
7.859000000000000000e+03 -2.273538112640380859e+00
7.860000000000000000e+03 -2.230135202407836914e+00
7.861000000000000000e+03 -2.235122203826904297e+00
7.862000000000000000e+03 -2.196241855621337891e+00
7.863000000000000000e+03 -2.236948966979980469e+00
7.864000000000000000e+03 -2.212543487548828125e+00
7.865000000000000000e+03 -2.269685029983520508e+00
7.866000000000000000e+03 -2.256509780883789062e+00
7.867000000000000000e+03 -2.221152305603027344e+00
7.868000000000000000e+03 -2.209282636642456055e+00
7.869000000000000000e+03 -2.198472499847412109e+00
7.870000000000000000e+03 -2.177806854248046875e+00
7.871000000000000000e+03 -2.179625272750854492e+00
7.872000000000000000e+03 -2.101947307586669922e+00
7.873000000000000000e+03 -2.140728950500488281e+00
7.874000000000000000e+03 -2.171067476272583008e+00
7.875000000000000000e+03 -2.177020788192749023e+00
7.876000000000000000e+03 -2.190967082977294922e+00
7.877000000000000000e+03 -2.156856536865234375e+00
7.878000000000000000e+03 -2.164615154266357422e+00
7.879000000000000000e+03 -2.155747413635253906e+00
7.880000000000000000e+03 -2.140643358230590820e+00
7.881000000000000000e+03 -2.145164251327514648e+00
7.882000000000000000e+03 -2.188369989395141602e+00
7.883000000000000000e+03 -2.186798095703125000e+00
7.884000000000000000e+03 -2.175465583801269531e+00
7.885000000000000000e+03 -2.217711448669433594e+00
7.886000000000000000e+03 -2.180445909500122070e+00
7.887000000000000000e+03 -2.198120832443237305e+00
7.888000000000000000e+03 -2.231692790985107422e+00
7.889000000000000000e+03 -2.210899829864501953e+00
7.890000000000000000e+03 -2.185039281845092773e+00
7.891000000000000000e+03 -2.162061214447021484e+00
7.892000000000000000e+03 -2.159843921661376953e+00
7.893000000000000000e+03 -2.169293880462646484e+00
7.894000000000000000e+03 -2.139949321746826172e+00
7.895000000000000000e+03 -2.207360982894897461e+00
7.896000000000000000e+03 -2.161353111267089844e+00
7.897000000000000000e+03 -2.244194507598876953e+00
7.898000000000000000e+03 -2.237910270690917969e+00
7.899000000000000000e+03 -2.194023370742797852e+00
7.900000000000000000e+03 -2.195335388183593750e+00
7.901000000000000000e+03 -2.244683265686035156e+00
7.902000000000000000e+03 -2.219807863235473633e+00
7.903000000000000000e+03 -2.191280364990234375e+00
7.904000000000000000e+03 -2.203623771667480469e+00
7.905000000000000000e+03 -2.207218408584594727e+00
7.906000000000000000e+03 -2.243164777755737305e+00
7.907000000000000000e+03 -2.186697006225585938e+00
7.908000000000000000e+03 -2.160491704940795898e+00
7.909000000000000000e+03 -2.207995891571044922e+00
7.910000000000000000e+03 -2.168181657791137695e+00
7.911000000000000000e+03 -2.147565841674804688e+00
7.912000000000000000e+03 -2.150830268859863281e+00
7.913000000000000000e+03 -2.199184417724609375e+00
7.914000000000000000e+03 -2.258792161941528320e+00
7.915000000000000000e+03 -2.181420326232910156e+00
7.916000000000000000e+03 -2.210638284683227539e+00
7.917000000000000000e+03 -2.236989021301269531e+00
7.918000000000000000e+03 -2.206858158111572266e+00
7.919000000000000000e+03 -2.236916542053222656e+00
7.920000000000000000e+03 -2.213368892669677734e+00
7.921000000000000000e+03 -2.190487861633300781e+00
7.922000000000000000e+03 -2.179419994354248047e+00
7.923000000000000000e+03 -2.210067987442016602e+00
7.924000000000000000e+03 -2.215603113174438477e+00
7.925000000000000000e+03 -2.185770034790039062e+00
7.926000000000000000e+03 -2.169875621795654297e+00
7.927000000000000000e+03 -2.226660013198852539e+00
7.928000000000000000e+03 -2.173447132110595703e+00
7.929000000000000000e+03 -2.202633857727050781e+00
7.930000000000000000e+03 -2.228955745697021484e+00
7.931000000000000000e+03 -2.236179113388061523e+00
7.932000000000000000e+03 -2.274814844131469727e+00
7.933000000000000000e+03 -2.245350837707519531e+00
7.934000000000000000e+03 -2.181243896484375000e+00
7.935000000000000000e+03 -2.220542907714843750e+00
7.936000000000000000e+03 -2.231711626052856445e+00
7.937000000000000000e+03 -2.199835300445556641e+00
7.938000000000000000e+03 -2.169299602508544922e+00
7.939000000000000000e+03 -2.217164516448974609e+00
7.940000000000000000e+03 -2.202770233154296875e+00
7.941000000000000000e+03 -2.178836584091186523e+00
7.942000000000000000e+03 -2.160116910934448242e+00
7.943000000000000000e+03 -2.106535911560058594e+00
7.944000000000000000e+03 -2.192265272140502930e+00
7.945000000000000000e+03 -2.249341964721679688e+00
7.946000000000000000e+03 -2.201697587966918945e+00
7.947000000000000000e+03 -2.217299938201904297e+00
7.948000000000000000e+03 -2.208918809890747070e+00
7.949000000000000000e+03 -2.154904127120971680e+00
7.950000000000000000e+03 -2.145567893981933594e+00
7.951000000000000000e+03 -2.156517505645751953e+00
7.952000000000000000e+03 -2.179242372512817383e+00
7.953000000000000000e+03 -2.230624437332153320e+00
7.954000000000000000e+03 -2.197725772857666016e+00
7.955000000000000000e+03 -2.199906826019287109e+00
7.956000000000000000e+03 -2.179218769073486328e+00
7.957000000000000000e+03 -2.186366081237792969e+00
7.958000000000000000e+03 -2.145658731460571289e+00
7.959000000000000000e+03 -2.126990079879760742e+00
7.960000000000000000e+03 -2.186151027679443359e+00
7.961000000000000000e+03 -2.133730888366699219e+00
7.962000000000000000e+03 -2.181068420410156250e+00
7.963000000000000000e+03 -2.186809062957763672e+00
7.964000000000000000e+03 -2.115857362747192383e+00
7.965000000000000000e+03 -2.135055780410766602e+00
7.966000000000000000e+03 -2.121147632598876953e+00
7.967000000000000000e+03 -2.119487047195434570e+00
7.968000000000000000e+03 -2.126343250274658203e+00
7.969000000000000000e+03 -2.140803337097167969e+00
7.970000000000000000e+03 -2.121264934539794922e+00
7.971000000000000000e+03 -2.160080671310424805e+00
7.972000000000000000e+03 -2.182798862457275391e+00
7.973000000000000000e+03 -2.188130378723144531e+00
7.974000000000000000e+03 -2.150980472564697266e+00
7.975000000000000000e+03 -2.190803766250610352e+00
7.976000000000000000e+03 -2.204747200012207031e+00
7.977000000000000000e+03 -2.193866491317749023e+00
7.978000000000000000e+03 -2.164264202117919922e+00
7.979000000000000000e+03 -2.184349775314331055e+00
7.980000000000000000e+03 -2.178812503814697266e+00
7.981000000000000000e+03 -2.200819492340087891e+00
7.982000000000000000e+03 -2.187949180603027344e+00
7.983000000000000000e+03 -2.189895629882812500e+00
7.984000000000000000e+03 -2.239166975021362305e+00
7.985000000000000000e+03 -2.186388015747070312e+00
7.986000000000000000e+03 -2.122481822967529297e+00
7.987000000000000000e+03 -2.222369194030761719e+00
7.988000000000000000e+03 -2.161508083343505859e+00
7.989000000000000000e+03 -2.131937503814697266e+00
7.990000000000000000e+03 -2.164844036102294922e+00
7.991000000000000000e+03 -2.165060281753540039e+00
7.992000000000000000e+03 -2.194357395172119141e+00
7.993000000000000000e+03 -2.242174625396728516e+00
7.994000000000000000e+03 -2.246359586715698242e+00
7.995000000000000000e+03 -2.206266403198242188e+00
7.996000000000000000e+03 -2.200734615325927734e+00
7.997000000000000000e+03 -2.205990314483642578e+00
7.998000000000000000e+03 -2.216451883316040039e+00
7.999000000000000000e+03 -2.193897485733032227e+00
8.000000000000000000e+03 -2.188024997711181641e+00
8.001000000000000000e+03 -2.155933856964111328e+00
8.002000000000000000e+03 -2.228818655014038086e+00
8.003000000000000000e+03 -2.203936815261840820e+00
8.004000000000000000e+03 -2.263300895690917969e+00
8.005000000000000000e+03 -2.272667407989501953e+00
8.006000000000000000e+03 -2.247061014175415039e+00
8.007000000000000000e+03 -2.251511335372924805e+00
8.008000000000000000e+03 -2.207947254180908203e+00
8.009000000000000000e+03 -2.237816810607910156e+00
8.010000000000000000e+03 -2.193064212799072266e+00
8.011000000000000000e+03 -2.247993946075439453e+00
8.012000000000000000e+03 -2.288228988647460938e+00
8.013000000000000000e+03 -2.239765882492065430e+00
8.014000000000000000e+03 -2.272747755050659180e+00
8.015000000000000000e+03 -2.242513179779052734e+00
8.016000000000000000e+03 -2.194282770156860352e+00
8.017000000000000000e+03 -2.196629762649536133e+00
8.018000000000000000e+03 -2.211137294769287109e+00
8.019000000000000000e+03 -2.189377546310424805e+00
8.020000000000000000e+03 -2.268923044204711914e+00
8.021000000000000000e+03 -2.190233945846557617e+00
8.022000000000000000e+03 -2.198154449462890625e+00
8.023000000000000000e+03 -2.241683959960937500e+00
8.024000000000000000e+03 -2.201405048370361328e+00
8.025000000000000000e+03 -2.201491117477416992e+00
8.026000000000000000e+03 -2.218274116516113281e+00
8.027000000000000000e+03 -2.202167510986328125e+00
8.028000000000000000e+03 -2.213664293289184570e+00
8.029000000000000000e+03 -2.191223859786987305e+00
8.030000000000000000e+03 -2.211467266082763672e+00
8.031000000000000000e+03 -2.120546340942382812e+00
8.032000000000000000e+03 -2.180207252502441406e+00
8.033000000000000000e+03 -2.274696350097656250e+00
8.034000000000000000e+03 -2.270473718643188477e+00
8.035000000000000000e+03 -2.246896982192993164e+00
8.036000000000000000e+03 -2.185227632522583008e+00
8.037000000000000000e+03 -2.136377573013305664e+00
8.038000000000000000e+03 -2.184418678283691406e+00
8.039000000000000000e+03 -2.196601390838623047e+00
8.040000000000000000e+03 -2.168345689773559570e+00
8.041000000000000000e+03 -2.100445985794067383e+00
8.042000000000000000e+03 -2.140492916107177734e+00
8.043000000000000000e+03 -2.172375440597534180e+00
8.044000000000000000e+03 -2.169378757476806641e+00
8.045000000000000000e+03 -2.150323867797851562e+00
8.046000000000000000e+03 -2.123969316482543945e+00
8.047000000000000000e+03 -2.118271827697753906e+00
8.048000000000000000e+03 -2.138612985610961914e+00
8.049000000000000000e+03 -2.071140527725219727e+00
8.050000000000000000e+03 -2.132171154022216797e+00
8.051000000000000000e+03 -2.107122182846069336e+00
8.052000000000000000e+03 -2.107422828674316406e+00
8.053000000000000000e+03 -2.117926120758056641e+00
8.054000000000000000e+03 -2.082575798034667969e+00
8.055000000000000000e+03 -2.140217304229736328e+00
8.056000000000000000e+03 -2.179522991180419922e+00
8.057000000000000000e+03 -2.152630805969238281e+00
8.058000000000000000e+03 -2.210114240646362305e+00
8.059000000000000000e+03 -2.136602401733398438e+00
8.060000000000000000e+03 -2.220345735549926758e+00
8.061000000000000000e+03 -2.180170774459838867e+00
8.062000000000000000e+03 -2.114058017730712891e+00
8.063000000000000000e+03 -2.224287033081054688e+00
8.064000000000000000e+03 -2.197987794876098633e+00
8.065000000000000000e+03 -2.187403440475463867e+00
8.066000000000000000e+03 -2.264333486557006836e+00
8.067000000000000000e+03 -2.211478710174560547e+00
8.068000000000000000e+03 -2.206202745437622070e+00
8.069000000000000000e+03 -2.227371692657470703e+00
8.070000000000000000e+03 -2.181076526641845703e+00
8.071000000000000000e+03 -2.159745454788208008e+00
8.072000000000000000e+03 -2.109241485595703125e+00
8.073000000000000000e+03 -2.166869640350341797e+00
8.074000000000000000e+03 -2.178506374359130859e+00
8.075000000000000000e+03 -2.199800491333007812e+00
8.076000000000000000e+03 -2.164900302886962891e+00
8.077000000000000000e+03 -2.245026826858520508e+00
8.078000000000000000e+03 -2.177368164062500000e+00
8.079000000000000000e+03 -2.186977386474609375e+00
8.080000000000000000e+03 -2.203201532363891602e+00
8.081000000000000000e+03 -2.165797472000122070e+00
8.082000000000000000e+03 -2.147222518920898438e+00
8.083000000000000000e+03 -2.086691141128540039e+00
8.084000000000000000e+03 -2.181588172912597656e+00
8.085000000000000000e+03 -2.143994092941284180e+00
8.086000000000000000e+03 -2.183659076690673828e+00
8.087000000000000000e+03 -2.152181625366210938e+00
8.088000000000000000e+03 -2.108889818191528320e+00
8.089000000000000000e+03 -2.089987039566040039e+00
8.090000000000000000e+03 -2.147726535797119141e+00
8.091000000000000000e+03 -2.108443975448608398e+00
8.092000000000000000e+03 -2.191666126251220703e+00
8.093000000000000000e+03 -2.168763637542724609e+00
8.094000000000000000e+03 -2.179457902908325195e+00
8.095000000000000000e+03 -2.201044321060180664e+00
8.096000000000000000e+03 -2.216972112655639648e+00
8.097000000000000000e+03 -2.205966234207153320e+00
8.098000000000000000e+03 -2.232393741607666016e+00
8.099000000000000000e+03 -2.163884639739990234e+00
8.100000000000000000e+03 -2.165976762771606445e+00
8.101000000000000000e+03 -2.215517997741699219e+00
8.102000000000000000e+03 -2.260980129241943359e+00
8.103000000000000000e+03 -2.251289606094360352e+00
8.104000000000000000e+03 -2.252575874328613281e+00
8.105000000000000000e+03 -2.199361562728881836e+00
8.106000000000000000e+03 -2.240505695343017578e+00
8.107000000000000000e+03 -2.183823108673095703e+00
8.108000000000000000e+03 -2.131474971771240234e+00
8.109000000000000000e+03 -2.191376447677612305e+00
8.110000000000000000e+03 -2.136753320693969727e+00
8.111000000000000000e+03 -2.169808149337768555e+00
8.112000000000000000e+03 -2.212640762329101562e+00
8.113000000000000000e+03 -2.230293750762939453e+00
8.114000000000000000e+03 -2.200473070144653320e+00
8.115000000000000000e+03 -2.198228359222412109e+00
8.116000000000000000e+03 -2.227194309234619141e+00
8.117000000000000000e+03 -2.196071147918701172e+00
8.118000000000000000e+03 -2.156626224517822266e+00
8.119000000000000000e+03 -2.150652408599853516e+00
8.120000000000000000e+03 -2.206647872924804688e+00
8.121000000000000000e+03 -2.249974012374877930e+00
8.122000000000000000e+03 -2.190571784973144531e+00
8.123000000000000000e+03 -2.205957412719726562e+00
8.124000000000000000e+03 -2.175476074218750000e+00
8.125000000000000000e+03 -2.207533359527587891e+00
8.126000000000000000e+03 -2.179462194442749023e+00
8.127000000000000000e+03 -2.220512151718139648e+00
8.128000000000000000e+03 -2.250339508056640625e+00
8.129000000000000000e+03 -2.202629327774047852e+00
8.130000000000000000e+03 -2.188214778900146484e+00
8.131000000000000000e+03 -2.192682266235351562e+00
8.132000000000000000e+03 -2.196631431579589844e+00
8.133000000000000000e+03 -2.219799041748046875e+00
8.134000000000000000e+03 -2.247158765792846680e+00
8.135000000000000000e+03 -2.223286390304565430e+00
8.136000000000000000e+03 -2.241706371307373047e+00
8.137000000000000000e+03 -2.219792842864990234e+00
8.138000000000000000e+03 -2.227964878082275391e+00
8.139000000000000000e+03 -2.212318897247314453e+00
8.140000000000000000e+03 -2.198526382446289062e+00
8.141000000000000000e+03 -2.260226011276245117e+00
8.142000000000000000e+03 -2.226166963577270508e+00
8.143000000000000000e+03 -2.218923091888427734e+00
8.144000000000000000e+03 -2.207621574401855469e+00
8.145000000000000000e+03 -2.217607021331787109e+00
8.146000000000000000e+03 -2.259338378906250000e+00
8.147000000000000000e+03 -2.245876789093017578e+00
8.148000000000000000e+03 -2.251894474029541016e+00
8.149000000000000000e+03 -2.168547153472900391e+00
8.150000000000000000e+03 -2.176948308944702148e+00
8.151000000000000000e+03 -2.223528623580932617e+00
8.152000000000000000e+03 -2.166674852371215820e+00
8.153000000000000000e+03 -2.248589992523193359e+00
8.154000000000000000e+03 -2.170790433883666992e+00
8.155000000000000000e+03 -2.194128513336181641e+00
8.156000000000000000e+03 -2.223466873168945312e+00
8.157000000000000000e+03 -2.183448791503906250e+00
8.158000000000000000e+03 -2.179686307907104492e+00
8.159000000000000000e+03 -2.177985429763793945e+00
8.160000000000000000e+03 -2.185972452163696289e+00
8.161000000000000000e+03 -2.192449331283569336e+00
8.162000000000000000e+03 -2.180732965469360352e+00
8.163000000000000000e+03 -2.176177263259887695e+00
8.164000000000000000e+03 -2.192459583282470703e+00
8.165000000000000000e+03 -2.167519092559814453e+00
8.166000000000000000e+03 -2.172995567321777344e+00
8.167000000000000000e+03 -2.226615667343139648e+00
8.168000000000000000e+03 -2.194366455078125000e+00
8.169000000000000000e+03 -2.208148241043090820e+00
8.170000000000000000e+03 -2.205324172973632812e+00
8.171000000000000000e+03 -2.240963697433471680e+00
8.172000000000000000e+03 -2.221440315246582031e+00
8.173000000000000000e+03 -2.170688152313232422e+00
8.174000000000000000e+03 -2.215111255645751953e+00
8.175000000000000000e+03 -2.209038257598876953e+00
8.176000000000000000e+03 -2.198101043701171875e+00
8.177000000000000000e+03 -2.227079391479492188e+00
8.178000000000000000e+03 -2.171608209609985352e+00
8.179000000000000000e+03 -2.168363332748413086e+00
8.180000000000000000e+03 -2.148195266723632812e+00
8.181000000000000000e+03 -2.215438842773437500e+00
8.182000000000000000e+03 -2.183772802352905273e+00
8.183000000000000000e+03 -2.224355220794677734e+00
8.184000000000000000e+03 -2.210195064544677734e+00
8.185000000000000000e+03 -2.243876934051513672e+00
8.186000000000000000e+03 -2.240956783294677734e+00
8.187000000000000000e+03 -2.243517875671386719e+00
8.188000000000000000e+03 -2.194053173065185547e+00
8.189000000000000000e+03 -2.231641530990600586e+00
8.190000000000000000e+03 -2.203846454620361328e+00
8.191000000000000000e+03 -2.196079969406127930e+00
8.192000000000000000e+03 -2.174733400344848633e+00
8.193000000000000000e+03 -2.212479114532470703e+00
8.194000000000000000e+03 -2.201502084732055664e+00
8.195000000000000000e+03 -2.239495277404785156e+00
8.196000000000000000e+03 -2.201436281204223633e+00
8.197000000000000000e+03 -2.184714317321777344e+00
8.198000000000000000e+03 -2.182576179504394531e+00
8.199000000000000000e+03 -2.164571285247802734e+00
8.200000000000000000e+03 -2.203545570373535156e+00
8.201000000000000000e+03 -2.183735370635986328e+00
8.202000000000000000e+03 -2.242629051208496094e+00
8.203000000000000000e+03 -2.204705476760864258e+00
8.204000000000000000e+03 -2.222103357315063477e+00
8.205000000000000000e+03 -2.245921134948730469e+00
8.206000000000000000e+03 -2.249065876007080078e+00
8.207000000000000000e+03 -2.219089031219482422e+00
8.208000000000000000e+03 -2.244195699691772461e+00
8.209000000000000000e+03 -2.218794822692871094e+00
8.210000000000000000e+03 -2.251082181930541992e+00
8.211000000000000000e+03 -2.243036031723022461e+00
8.212000000000000000e+03 -2.279820919036865234e+00
8.213000000000000000e+03 -2.270543098449707031e+00
8.214000000000000000e+03 -2.256125211715698242e+00
8.215000000000000000e+03 -2.236403942108154297e+00
8.216000000000000000e+03 -2.217596054077148438e+00
8.217000000000000000e+03 -2.177379131317138672e+00
8.218000000000000000e+03 -2.213547945022583008e+00
8.219000000000000000e+03 -2.249048233032226562e+00
8.220000000000000000e+03 -2.240099430084228516e+00
8.221000000000000000e+03 -2.228709936141967773e+00
8.222000000000000000e+03 -2.241499900817871094e+00
8.223000000000000000e+03 -2.258590698242187500e+00
8.224000000000000000e+03 -2.285660266876220703e+00
8.225000000000000000e+03 -2.280956745147705078e+00
8.226000000000000000e+03 -2.243211030960083008e+00
8.227000000000000000e+03 -2.255357503890991211e+00
8.228000000000000000e+03 -2.178652524948120117e+00
8.229000000000000000e+03 -2.213052272796630859e+00
8.230000000000000000e+03 -2.299289703369140625e+00
8.231000000000000000e+03 -2.214062929153442383e+00
8.232000000000000000e+03 -2.218677759170532227e+00
8.233000000000000000e+03 -2.189756870269775391e+00
8.234000000000000000e+03 -2.191547393798828125e+00
8.235000000000000000e+03 -2.233978748321533203e+00
8.236000000000000000e+03 -2.219027519226074219e+00
8.237000000000000000e+03 -2.222422361373901367e+00
8.238000000000000000e+03 -2.252046346664428711e+00
8.239000000000000000e+03 -2.146090269088745117e+00
8.240000000000000000e+03 -2.158725976943969727e+00
8.241000000000000000e+03 -2.180295467376708984e+00
8.242000000000000000e+03 -2.166723012924194336e+00
8.243000000000000000e+03 -2.222943544387817383e+00
8.244000000000000000e+03 -2.168919801712036133e+00
8.245000000000000000e+03 -2.197073459625244141e+00
8.246000000000000000e+03 -2.210206747055053711e+00
8.247000000000000000e+03 -2.245119810104370117e+00
8.248000000000000000e+03 -2.204012393951416016e+00
8.249000000000000000e+03 -2.219228506088256836e+00
8.250000000000000000e+03 -2.167608737945556641e+00
8.251000000000000000e+03 -2.233379840850830078e+00
8.252000000000000000e+03 -2.223568201065063477e+00
8.253000000000000000e+03 -2.216711044311523438e+00
8.254000000000000000e+03 -2.223779201507568359e+00
8.255000000000000000e+03 -2.194287776947021484e+00
8.256000000000000000e+03 -2.204594612121582031e+00
8.257000000000000000e+03 -2.283061504364013672e+00
8.258000000000000000e+03 -2.224462985992431641e+00
8.259000000000000000e+03 -2.248817443847656250e+00
8.260000000000000000e+03 -2.225753068923950195e+00
8.261000000000000000e+03 -2.204501152038574219e+00
8.262000000000000000e+03 -2.174762725830078125e+00
8.263000000000000000e+03 -2.194541454315185547e+00
8.264000000000000000e+03 -2.210203409194946289e+00
8.265000000000000000e+03 -2.199112176895141602e+00
8.266000000000000000e+03 -2.281586647033691406e+00
8.267000000000000000e+03 -2.204376935958862305e+00
8.268000000000000000e+03 -2.215768814086914062e+00
8.269000000000000000e+03 -2.182062864303588867e+00
8.270000000000000000e+03 -2.207235336303710938e+00
8.271000000000000000e+03 -2.208999395370483398e+00
8.272000000000000000e+03 -2.206065177917480469e+00
8.273000000000000000e+03 -2.220353364944458008e+00
8.274000000000000000e+03 -2.203338384628295898e+00
8.275000000000000000e+03 -2.122678756713867188e+00
8.276000000000000000e+03 -2.150456666946411133e+00
8.277000000000000000e+03 -2.207779884338378906e+00
8.278000000000000000e+03 -2.173509836196899414e+00
8.279000000000000000e+03 -2.172522544860839844e+00
8.280000000000000000e+03 -2.216550827026367188e+00
8.281000000000000000e+03 -2.251140356063842773e+00
8.282000000000000000e+03 -2.189301490783691406e+00
8.283000000000000000e+03 -2.201609849929809570e+00
8.284000000000000000e+03 -2.144539117813110352e+00
8.285000000000000000e+03 -2.188151836395263672e+00
8.286000000000000000e+03 -2.187737464904785156e+00
8.287000000000000000e+03 -2.191626310348510742e+00
8.288000000000000000e+03 -2.102719306945800781e+00
8.289000000000000000e+03 -2.192715167999267578e+00
8.290000000000000000e+03 -2.150185823440551758e+00
8.291000000000000000e+03 -2.255331039428710938e+00
8.292000000000000000e+03 -2.220365524291992188e+00
8.293000000000000000e+03 -2.257943391799926758e+00
8.294000000000000000e+03 -2.196794033050537109e+00
8.295000000000000000e+03 -2.224706649780273438e+00
8.296000000000000000e+03 -2.197838783264160156e+00
8.297000000000000000e+03 -2.196534156799316406e+00
8.298000000000000000e+03 -2.175663471221923828e+00
8.299000000000000000e+03 -2.214395999908447266e+00
8.300000000000000000e+03 -2.194304704666137695e+00
8.301000000000000000e+03 -2.157113790512084961e+00
8.302000000000000000e+03 -2.186236619949340820e+00
8.303000000000000000e+03 -2.185839176177978516e+00
8.304000000000000000e+03 -2.167443275451660156e+00
8.305000000000000000e+03 -2.138058900833129883e+00
8.306000000000000000e+03 -2.197899341583251953e+00
8.307000000000000000e+03 -2.231637954711914062e+00
8.308000000000000000e+03 -2.173754692077636719e+00
8.309000000000000000e+03 -2.177976131439208984e+00
8.310000000000000000e+03 -2.156864643096923828e+00
8.311000000000000000e+03 -2.180710554122924805e+00
8.312000000000000000e+03 -2.141954183578491211e+00
8.313000000000000000e+03 -2.209981918334960938e+00
8.314000000000000000e+03 -2.173466205596923828e+00
8.315000000000000000e+03 -2.151812791824340820e+00
8.316000000000000000e+03 -2.087643623352050781e+00
8.317000000000000000e+03 -2.183842897415161133e+00
8.318000000000000000e+03 -2.180369615554809570e+00
8.319000000000000000e+03 -2.203181266784667969e+00
8.320000000000000000e+03 -2.212698698043823242e+00
8.321000000000000000e+03 -2.204902172088623047e+00
8.322000000000000000e+03 -2.203605890274047852e+00
8.323000000000000000e+03 -2.181869506835937500e+00
8.324000000000000000e+03 -2.117552757263183594e+00
8.325000000000000000e+03 -2.181967258453369141e+00
8.326000000000000000e+03 -2.173675775527954102e+00
8.327000000000000000e+03 -2.224368572235107422e+00
8.328000000000000000e+03 -2.148549079895019531e+00
8.329000000000000000e+03 -2.150924682617187500e+00
8.330000000000000000e+03 -2.224421739578247070e+00
8.331000000000000000e+03 -2.145155191421508789e+00
8.332000000000000000e+03 -2.195380210876464844e+00
8.333000000000000000e+03 -2.203281641006469727e+00
8.334000000000000000e+03 -2.185256958007812500e+00
8.335000000000000000e+03 -2.206102848052978516e+00
8.336000000000000000e+03 -2.181569099426269531e+00
8.337000000000000000e+03 -2.236898422241210938e+00
8.338000000000000000e+03 -2.159571886062622070e+00
8.339000000000000000e+03 -2.213010787963867188e+00
8.340000000000000000e+03 -2.179144620895385742e+00
8.341000000000000000e+03 -2.203716278076171875e+00
8.342000000000000000e+03 -2.226078748703002930e+00
8.343000000000000000e+03 -2.246376514434814453e+00
8.344000000000000000e+03 -2.197968482971191406e+00
8.345000000000000000e+03 -2.229945182800292969e+00
8.346000000000000000e+03 -2.209555864334106445e+00
8.347000000000000000e+03 -2.234312772750854492e+00
8.348000000000000000e+03 -2.214315414428710938e+00
8.349000000000000000e+03 -2.188687562942504883e+00
8.350000000000000000e+03 -2.235892295837402344e+00
8.351000000000000000e+03 -2.237673044204711914e+00
8.352000000000000000e+03 -2.225192546844482422e+00
8.353000000000000000e+03 -2.209950685501098633e+00
8.354000000000000000e+03 -2.187687397003173828e+00
8.355000000000000000e+03 -2.161133766174316406e+00
8.356000000000000000e+03 -2.165578842163085938e+00
8.357000000000000000e+03 -2.164081335067749023e+00
8.358000000000000000e+03 -2.172892570495605469e+00
8.359000000000000000e+03 -2.203585624694824219e+00
8.360000000000000000e+03 -2.178696870803833008e+00
8.361000000000000000e+03 -2.189785718917846680e+00
8.362000000000000000e+03 -2.176707744598388672e+00
8.363000000000000000e+03 -2.222122430801391602e+00
8.364000000000000000e+03 -2.192475080490112305e+00
8.365000000000000000e+03 -2.167565345764160156e+00
8.366000000000000000e+03 -2.158668994903564453e+00
8.367000000000000000e+03 -2.151083230972290039e+00
8.368000000000000000e+03 -2.186588048934936523e+00
8.369000000000000000e+03 -2.164170503616333008e+00
8.370000000000000000e+03 -2.149943828582763672e+00
8.371000000000000000e+03 -2.178922653198242188e+00
8.372000000000000000e+03 -2.224497079849243164e+00
8.373000000000000000e+03 -2.172529697418212891e+00
8.374000000000000000e+03 -2.196193695068359375e+00
8.375000000000000000e+03 -2.248885631561279297e+00
8.376000000000000000e+03 -2.239596128463745117e+00
8.377000000000000000e+03 -2.250574588775634766e+00
8.378000000000000000e+03 -2.311884403228759766e+00
8.379000000000000000e+03 -2.221886396408081055e+00
8.380000000000000000e+03 -2.213755607604980469e+00
8.381000000000000000e+03 -2.235766887664794922e+00
8.382000000000000000e+03 -2.240388870239257812e+00
8.383000000000000000e+03 -2.290066003799438477e+00
8.384000000000000000e+03 -2.189602613449096680e+00
8.385000000000000000e+03 -2.176819801330566406e+00
8.386000000000000000e+03 -2.208441495895385742e+00
8.387000000000000000e+03 -2.194107532501220703e+00
8.388000000000000000e+03 -2.191047430038452148e+00
8.389000000000000000e+03 -2.108042240142822266e+00
8.390000000000000000e+03 -2.147684574127197266e+00
8.391000000000000000e+03 -2.116319179534912109e+00
8.392000000000000000e+03 -2.170334815979003906e+00
8.393000000000000000e+03 -2.184007883071899414e+00
8.394000000000000000e+03 -2.259442090988159180e+00
8.395000000000000000e+03 -2.176705598831176758e+00
8.396000000000000000e+03 -2.118617534637451172e+00
8.397000000000000000e+03 -2.162118434906005859e+00
8.398000000000000000e+03 -2.196250438690185547e+00
8.399000000000000000e+03 -2.148286342620849609e+00
8.400000000000000000e+03 -2.154025793075561523e+00
8.401000000000000000e+03 -2.129249095916748047e+00
8.402000000000000000e+03 -2.181904792785644531e+00
8.403000000000000000e+03 -2.238156557083129883e+00
8.404000000000000000e+03 -2.231251955032348633e+00
8.405000000000000000e+03 -2.156776428222656250e+00
8.406000000000000000e+03 -2.127589464187622070e+00
8.407000000000000000e+03 -2.167821407318115234e+00
8.408000000000000000e+03 -2.173469066619873047e+00
8.409000000000000000e+03 -2.195188045501708984e+00
8.410000000000000000e+03 -2.185350656509399414e+00
8.411000000000000000e+03 -2.126651287078857422e+00
8.412000000000000000e+03 -2.170874118804931641e+00
8.413000000000000000e+03 -2.226474046707153320e+00
8.414000000000000000e+03 -2.180508613586425781e+00
8.415000000000000000e+03 -2.136439085006713867e+00
8.416000000000000000e+03 -2.208370685577392578e+00
8.417000000000000000e+03 -2.148848056793212891e+00
8.418000000000000000e+03 -2.275184392929077148e+00
8.419000000000000000e+03 -2.221562385559082031e+00
8.420000000000000000e+03 -2.219043731689453125e+00
8.421000000000000000e+03 -2.180968284606933594e+00
8.422000000000000000e+03 -2.218601465225219727e+00
8.423000000000000000e+03 -2.187974452972412109e+00
8.424000000000000000e+03 -2.206493377685546875e+00
8.425000000000000000e+03 -2.183142662048339844e+00
8.426000000000000000e+03 -2.169900655746459961e+00
8.427000000000000000e+03 -2.167294740676879883e+00
8.428000000000000000e+03 -2.201679229736328125e+00
8.429000000000000000e+03 -2.227955102920532227e+00
8.430000000000000000e+03 -2.224484920501708984e+00
8.431000000000000000e+03 -2.186617374420166016e+00
8.432000000000000000e+03 -2.146977186203002930e+00
8.433000000000000000e+03 -2.190663814544677734e+00
8.434000000000000000e+03 -2.145985126495361328e+00
8.435000000000000000e+03 -2.204380989074707031e+00
8.436000000000000000e+03 -2.153588294982910156e+00
8.437000000000000000e+03 -2.147989988327026367e+00
8.438000000000000000e+03 -2.202256917953491211e+00
8.439000000000000000e+03 -2.182530403137207031e+00
8.440000000000000000e+03 -2.170221090316772461e+00
8.441000000000000000e+03 -2.115298032760620117e+00
8.442000000000000000e+03 -2.174268245697021484e+00
8.443000000000000000e+03 -2.158473968505859375e+00
8.444000000000000000e+03 -2.151117801666259766e+00
8.445000000000000000e+03 -2.141219615936279297e+00
8.446000000000000000e+03 -2.178782701492309570e+00
8.447000000000000000e+03 -2.214453458786010742e+00
8.448000000000000000e+03 -2.173406600952148438e+00
8.449000000000000000e+03 -2.192648887634277344e+00
8.450000000000000000e+03 -2.227261543273925781e+00
8.451000000000000000e+03 -2.155082702636718750e+00
8.452000000000000000e+03 -2.141786336898803711e+00
8.453000000000000000e+03 -2.186610221862792969e+00
8.454000000000000000e+03 -2.161034822463989258e+00
8.455000000000000000e+03 -2.217161417007446289e+00
8.456000000000000000e+03 -2.193885087966918945e+00
8.457000000000000000e+03 -2.191616058349609375e+00
8.458000000000000000e+03 -2.201290130615234375e+00
8.459000000000000000e+03 -2.191465616226196289e+00
8.460000000000000000e+03 -2.189740180969238281e+00
8.461000000000000000e+03 -2.158578157424926758e+00
8.462000000000000000e+03 -2.193497657775878906e+00
8.463000000000000000e+03 -2.188717365264892578e+00
8.464000000000000000e+03 -2.174654722213745117e+00
8.465000000000000000e+03 -2.166954517364501953e+00
8.466000000000000000e+03 -2.202542543411254883e+00
8.467000000000000000e+03 -2.180627822875976562e+00
8.468000000000000000e+03 -2.143411159515380859e+00
8.469000000000000000e+03 -2.163654804229736328e+00
8.470000000000000000e+03 -2.243652582168579102e+00
8.471000000000000000e+03 -2.236759185791015625e+00
8.472000000000000000e+03 -2.173527240753173828e+00
8.473000000000000000e+03 -2.241740226745605469e+00
8.474000000000000000e+03 -2.185817956924438477e+00
8.475000000000000000e+03 -2.174023628234863281e+00
8.476000000000000000e+03 -2.164607524871826172e+00
8.477000000000000000e+03 -2.169283390045166016e+00
8.478000000000000000e+03 -2.170343160629272461e+00
8.479000000000000000e+03 -2.133666038513183594e+00
8.480000000000000000e+03 -2.204415082931518555e+00
8.481000000000000000e+03 -2.215671539306640625e+00
8.482000000000000000e+03 -2.226780891418457031e+00
8.483000000000000000e+03 -2.194716453552246094e+00
8.484000000000000000e+03 -2.205289363861083984e+00
8.485000000000000000e+03 -2.179308652877807617e+00
8.486000000000000000e+03 -2.111688613891601562e+00
8.487000000000000000e+03 -2.145332813262939453e+00
8.488000000000000000e+03 -2.154411315917968750e+00
8.489000000000000000e+03 -2.151171922683715820e+00
8.490000000000000000e+03 -2.129493713378906250e+00
8.491000000000000000e+03 -2.104444742202758789e+00
8.492000000000000000e+03 -2.158744812011718750e+00
8.493000000000000000e+03 -2.177940607070922852e+00
8.494000000000000000e+03 -2.184615612030029297e+00
8.495000000000000000e+03 -2.216101169586181641e+00
8.496000000000000000e+03 -2.132875442504882812e+00
8.497000000000000000e+03 -2.159251213073730469e+00
8.498000000000000000e+03 -2.202892780303955078e+00
8.499000000000000000e+03 -2.173889636993408203e+00
8.500000000000000000e+03 -2.204162836074829102e+00
8.501000000000000000e+03 -2.102077484130859375e+00
8.502000000000000000e+03 -2.122917413711547852e+00
8.503000000000000000e+03 -2.144392728805541992e+00
8.504000000000000000e+03 -2.160398721694946289e+00
8.505000000000000000e+03 -2.161042451858520508e+00
8.506000000000000000e+03 -2.147038936614990234e+00
8.507000000000000000e+03 -2.084641933441162109e+00
8.508000000000000000e+03 -2.122503995895385742e+00
8.509000000000000000e+03 -2.113269805908203125e+00
8.510000000000000000e+03 -2.109384536743164062e+00
8.511000000000000000e+03 -2.157405614852905273e+00
8.512000000000000000e+03 -2.180217981338500977e+00
8.513000000000000000e+03 -2.100938558578491211e+00
8.514000000000000000e+03 -2.135870456695556641e+00
8.515000000000000000e+03 -2.161614418029785156e+00
8.516000000000000000e+03 -2.201593399047851562e+00
8.517000000000000000e+03 -2.151976346969604492e+00
8.518000000000000000e+03 -2.180299997329711914e+00
8.519000000000000000e+03 -2.132737159729003906e+00
8.520000000000000000e+03 -2.206268787384033203e+00
8.521000000000000000e+03 -2.131768226623535156e+00
8.522000000000000000e+03 -2.156826972961425781e+00
8.523000000000000000e+03 -2.144517660140991211e+00
8.524000000000000000e+03 -2.153407096862792969e+00
8.525000000000000000e+03 -2.117480039596557617e+00
8.526000000000000000e+03 -2.092479228973388672e+00
8.527000000000000000e+03 -2.151152372360229492e+00
8.528000000000000000e+03 -2.134194135665893555e+00
8.529000000000000000e+03 -2.144770860671997070e+00
8.530000000000000000e+03 -2.142870187759399414e+00
8.531000000000000000e+03 -2.223051786422729492e+00
8.532000000000000000e+03 -2.184541225433349609e+00
8.533000000000000000e+03 -2.180341005325317383e+00
8.534000000000000000e+03 -2.181668996810913086e+00
8.535000000000000000e+03 -2.141647338867187500e+00
8.536000000000000000e+03 -2.184251308441162109e+00
8.537000000000000000e+03 -2.168602466583251953e+00
8.538000000000000000e+03 -2.140476703643798828e+00
8.539000000000000000e+03 -2.186565399169921875e+00
8.540000000000000000e+03 -2.105201005935668945e+00
8.541000000000000000e+03 -2.183519840240478516e+00
8.542000000000000000e+03 -2.120525360107421875e+00
8.543000000000000000e+03 -2.154519081115722656e+00
8.544000000000000000e+03 -2.217418670654296875e+00
8.545000000000000000e+03 -2.211988449096679688e+00
8.546000000000000000e+03 -2.160538196563720703e+00
8.547000000000000000e+03 -2.173666000366210938e+00
8.548000000000000000e+03 -2.207240104675292969e+00
8.549000000000000000e+03 -2.189659118652343750e+00
8.550000000000000000e+03 -2.194851398468017578e+00
8.551000000000000000e+03 -2.183165550231933594e+00
8.552000000000000000e+03 -2.153842449188232422e+00
8.553000000000000000e+03 -2.179730415344238281e+00
8.554000000000000000e+03 -2.148709774017333984e+00
8.555000000000000000e+03 -2.145341873168945312e+00
8.556000000000000000e+03 -2.185698747634887695e+00
8.557000000000000000e+03 -2.200243949890136719e+00
8.558000000000000000e+03 -2.203855514526367188e+00
8.559000000000000000e+03 -2.241029262542724609e+00
8.560000000000000000e+03 -2.217176675796508789e+00
8.561000000000000000e+03 -2.215872287750244141e+00
8.562000000000000000e+03 -2.166850566864013672e+00
8.563000000000000000e+03 -2.153249502182006836e+00
8.564000000000000000e+03 -2.152283906936645508e+00
8.565000000000000000e+03 -2.189714193344116211e+00
8.566000000000000000e+03 -2.228666305541992188e+00
8.567000000000000000e+03 -2.200643301010131836e+00
8.568000000000000000e+03 -2.191978454589843750e+00
8.569000000000000000e+03 -2.255308628082275391e+00
8.570000000000000000e+03 -2.222810745239257812e+00
8.571000000000000000e+03 -2.195567369461059570e+00
8.572000000000000000e+03 -2.171188831329345703e+00
8.573000000000000000e+03 -2.151842117309570312e+00
8.574000000000000000e+03 -2.210200786590576172e+00
8.575000000000000000e+03 -2.216130495071411133e+00
8.576000000000000000e+03 -2.243818998336791992e+00
8.577000000000000000e+03 -2.237597465515136719e+00
8.578000000000000000e+03 -2.161001205444335938e+00
8.579000000000000000e+03 -2.187058687210083008e+00
8.580000000000000000e+03 -2.214867353439331055e+00
8.581000000000000000e+03 -2.176599264144897461e+00
8.582000000000000000e+03 -2.169933795928955078e+00
8.583000000000000000e+03 -2.191688776016235352e+00
8.584000000000000000e+03 -2.272874116897583008e+00
8.585000000000000000e+03 -2.259503364562988281e+00
8.586000000000000000e+03 -2.206994295120239258e+00
8.587000000000000000e+03 -2.206326007843017578e+00
8.588000000000000000e+03 -2.209036827087402344e+00
8.589000000000000000e+03 -2.253436803817749023e+00
8.590000000000000000e+03 -2.216023683547973633e+00
8.591000000000000000e+03 -2.189726352691650391e+00
8.592000000000000000e+03 -2.205397605895996094e+00
8.593000000000000000e+03 -2.208192586898803711e+00
8.594000000000000000e+03 -2.292572259902954102e+00
8.595000000000000000e+03 -2.317732334136962891e+00
8.596000000000000000e+03 -2.225882768630981445e+00
8.597000000000000000e+03 -2.222813367843627930e+00
8.598000000000000000e+03 -2.242128610610961914e+00
8.599000000000000000e+03 -2.252055168151855469e+00
8.600000000000000000e+03 -2.242104530334472656e+00
8.601000000000000000e+03 -2.252292156219482422e+00
8.602000000000000000e+03 -2.197910785675048828e+00
8.603000000000000000e+03 -2.256970167160034180e+00
8.604000000000000000e+03 -2.298407793045043945e+00
8.605000000000000000e+03 -2.296354293823242188e+00
8.606000000000000000e+03 -2.257338523864746094e+00
8.607000000000000000e+03 -2.229120254516601562e+00
8.608000000000000000e+03 -2.200981378555297852e+00
8.609000000000000000e+03 -2.206583499908447266e+00
8.610000000000000000e+03 -2.237336635589599609e+00
8.611000000000000000e+03 -2.219642639160156250e+00
8.612000000000000000e+03 -2.312345981597900391e+00
8.613000000000000000e+03 -2.214809894561767578e+00
8.614000000000000000e+03 -2.234252452850341797e+00
8.615000000000000000e+03 -2.215178966522216797e+00
8.616000000000000000e+03 -2.190888881683349609e+00
8.617000000000000000e+03 -2.185341835021972656e+00
8.618000000000000000e+03 -2.237076282501220703e+00
8.619000000000000000e+03 -2.191300392150878906e+00
8.620000000000000000e+03 -2.221238374710083008e+00
8.621000000000000000e+03 -2.188354969024658203e+00
8.622000000000000000e+03 -2.260367870330810547e+00
8.623000000000000000e+03 -2.229587078094482422e+00
8.624000000000000000e+03 -2.260627746582031250e+00
8.625000000000000000e+03 -2.187075376510620117e+00
8.626000000000000000e+03 -2.219643592834472656e+00
8.627000000000000000e+03 -2.189891338348388672e+00
8.628000000000000000e+03 -2.229997873306274414e+00
8.629000000000000000e+03 -2.226123571395874023e+00
8.630000000000000000e+03 -2.133127212524414062e+00
8.631000000000000000e+03 -2.150117397308349609e+00
8.632000000000000000e+03 -2.158973217010498047e+00
8.633000000000000000e+03 -2.215848445892333984e+00
8.634000000000000000e+03 -2.207016468048095703e+00
8.635000000000000000e+03 -2.160147428512573242e+00
8.636000000000000000e+03 -2.180793046951293945e+00
8.637000000000000000e+03 -2.261178493499755859e+00
8.638000000000000000e+03 -2.229241609573364258e+00
8.639000000000000000e+03 -2.209468364715576172e+00
8.640000000000000000e+03 -2.193600177764892578e+00
8.641000000000000000e+03 -2.201975822448730469e+00
8.642000000000000000e+03 -2.241869211196899414e+00
8.643000000000000000e+03 -2.251569747924804688e+00
8.644000000000000000e+03 -2.234640598297119141e+00
8.645000000000000000e+03 -2.247999191284179688e+00
8.646000000000000000e+03 -2.206357717514038086e+00
8.647000000000000000e+03 -2.242578268051147461e+00
8.648000000000000000e+03 -2.270002365112304688e+00
8.649000000000000000e+03 -2.193763732910156250e+00
8.650000000000000000e+03 -2.298899650573730469e+00
8.651000000000000000e+03 -2.210169315338134766e+00
8.652000000000000000e+03 -2.218425750732421875e+00
8.653000000000000000e+03 -2.138383388519287109e+00
8.654000000000000000e+03 -2.128192186355590820e+00
8.655000000000000000e+03 -2.218004465103149414e+00
8.656000000000000000e+03 -2.201090097427368164e+00
8.657000000000000000e+03 -2.192148447036743164e+00
8.658000000000000000e+03 -2.212822437286376953e+00
8.659000000000000000e+03 -2.251037120819091797e+00
8.660000000000000000e+03 -2.211256504058837891e+00
8.661000000000000000e+03 -2.199746608734130859e+00
8.662000000000000000e+03 -2.190548658370971680e+00
8.663000000000000000e+03 -2.188511610031127930e+00
8.664000000000000000e+03 -2.180570602416992188e+00
8.665000000000000000e+03 -2.159701585769653320e+00
8.666000000000000000e+03 -2.136314630508422852e+00
8.667000000000000000e+03 -2.155477523803710938e+00
8.668000000000000000e+03 -2.227392911911010742e+00
8.669000000000000000e+03 -2.158297538757324219e+00
8.670000000000000000e+03 -2.191685199737548828e+00
8.671000000000000000e+03 -2.175516128540039062e+00
8.672000000000000000e+03 -2.213343858718872070e+00
8.673000000000000000e+03 -2.189995765686035156e+00
8.674000000000000000e+03 -2.271959781646728516e+00
8.675000000000000000e+03 -2.182800531387329102e+00
8.676000000000000000e+03 -2.202462434768676758e+00
8.677000000000000000e+03 -2.165222167968750000e+00
8.678000000000000000e+03 -2.163017749786376953e+00
8.679000000000000000e+03 -2.233896970748901367e+00
8.680000000000000000e+03 -2.193611621856689453e+00
8.681000000000000000e+03 -2.221522331237792969e+00
8.682000000000000000e+03 -2.275954723358154297e+00
8.683000000000000000e+03 -2.240329027175903320e+00
8.684000000000000000e+03 -2.222928047180175781e+00
8.685000000000000000e+03 -2.211238384246826172e+00
8.686000000000000000e+03 -2.207501888275146484e+00
8.687000000000000000e+03 -2.178910732269287109e+00
8.688000000000000000e+03 -2.195781946182250977e+00
8.689000000000000000e+03 -2.170469760894775391e+00
8.690000000000000000e+03 -2.180012941360473633e+00
8.691000000000000000e+03 -2.203734636306762695e+00
8.692000000000000000e+03 -2.223864078521728516e+00
8.693000000000000000e+03 -2.168731689453125000e+00
8.694000000000000000e+03 -2.133177518844604492e+00
8.695000000000000000e+03 -2.178006649017333984e+00
8.696000000000000000e+03 -2.200740814208984375e+00
8.697000000000000000e+03 -2.175726413726806641e+00
8.698000000000000000e+03 -2.223287343978881836e+00
8.699000000000000000e+03 -2.247640132904052734e+00
8.700000000000000000e+03 -2.109897136688232422e+00
8.701000000000000000e+03 -2.233241558074951172e+00
8.702000000000000000e+03 -2.238890647888183594e+00
8.703000000000000000e+03 -2.241816043853759766e+00
8.704000000000000000e+03 -2.257010459899902344e+00
8.705000000000000000e+03 -2.218183517456054688e+00
8.706000000000000000e+03 -2.237159729003906250e+00
8.707000000000000000e+03 -2.217308521270751953e+00
8.708000000000000000e+03 -2.206899166107177734e+00
8.709000000000000000e+03 -2.222224235534667969e+00
8.710000000000000000e+03 -2.235891580581665039e+00
8.711000000000000000e+03 -2.268544435501098633e+00
8.712000000000000000e+03 -2.220889329910278320e+00
8.713000000000000000e+03 -2.256924629211425781e+00
8.714000000000000000e+03 -2.293328285217285156e+00
8.715000000000000000e+03 -2.253671169281005859e+00
8.716000000000000000e+03 -2.271814346313476562e+00
8.717000000000000000e+03 -2.236192703247070312e+00
8.718000000000000000e+03 -2.254887342453002930e+00
8.719000000000000000e+03 -2.197069644927978516e+00
8.720000000000000000e+03 -2.201874256134033203e+00
8.721000000000000000e+03 -2.215663433074951172e+00
8.722000000000000000e+03 -2.194825172424316406e+00
8.723000000000000000e+03 -2.180001020431518555e+00
8.724000000000000000e+03 -2.238658666610717773e+00
8.725000000000000000e+03 -2.206243276596069336e+00
8.726000000000000000e+03 -2.225028038024902344e+00
8.727000000000000000e+03 -2.222914457321166992e+00
8.728000000000000000e+03 -2.229046106338500977e+00
8.729000000000000000e+03 -2.234668970108032227e+00
8.730000000000000000e+03 -2.190109014511108398e+00
8.731000000000000000e+03 -2.195990562438964844e+00
8.732000000000000000e+03 -2.223870992660522461e+00
8.733000000000000000e+03 -2.215143442153930664e+00
8.734000000000000000e+03 -2.206445217132568359e+00
8.735000000000000000e+03 -2.167678117752075195e+00
8.736000000000000000e+03 -2.206880569458007812e+00
8.737000000000000000e+03 -2.227910757064819336e+00
8.738000000000000000e+03 -2.240204811096191406e+00
8.739000000000000000e+03 -2.183221578598022461e+00
8.740000000000000000e+03 -2.164928913116455078e+00
8.741000000000000000e+03 -2.185990571975708008e+00
8.742000000000000000e+03 -2.215000867843627930e+00
8.743000000000000000e+03 -2.237006902694702148e+00
8.744000000000000000e+03 -2.271590232849121094e+00
8.745000000000000000e+03 -2.266539573669433594e+00
8.746000000000000000e+03 -2.234813451766967773e+00
8.747000000000000000e+03 -2.235588312149047852e+00
8.748000000000000000e+03 -2.281644105911254883e+00
8.749000000000000000e+03 -2.314816474914550781e+00
8.750000000000000000e+03 -2.252887487411499023e+00
8.751000000000000000e+03 -2.242877006530761719e+00
8.752000000000000000e+03 -2.184330463409423828e+00
8.753000000000000000e+03 -2.298180103302001953e+00
8.754000000000000000e+03 -2.289821386337280273e+00
8.755000000000000000e+03 -2.234359025955200195e+00
8.756000000000000000e+03 -2.254732847213745117e+00
8.757000000000000000e+03 -2.258240699768066406e+00
8.758000000000000000e+03 -2.245231389999389648e+00
8.759000000000000000e+03 -2.231629610061645508e+00
8.760000000000000000e+03 -2.281443119049072266e+00
8.761000000000000000e+03 -2.254225254058837891e+00
8.762000000000000000e+03 -2.230751514434814453e+00
8.763000000000000000e+03 -2.190671920776367188e+00
8.764000000000000000e+03 -2.223272800445556641e+00
8.765000000000000000e+03 -2.243543624877929688e+00
8.766000000000000000e+03 -2.259047508239746094e+00
8.767000000000000000e+03 -2.299130439758300781e+00
8.768000000000000000e+03 -2.251608371734619141e+00
8.769000000000000000e+03 -2.218729972839355469e+00
8.770000000000000000e+03 -2.221208572387695312e+00
8.771000000000000000e+03 -2.266508102416992188e+00
8.772000000000000000e+03 -2.288911104202270508e+00
8.773000000000000000e+03 -2.217817306518554688e+00
8.774000000000000000e+03 -2.252048254013061523e+00
8.775000000000000000e+03 -2.254115104675292969e+00
8.776000000000000000e+03 -2.239812850952148438e+00
8.777000000000000000e+03 -2.237273693084716797e+00
8.778000000000000000e+03 -2.288828372955322266e+00
8.779000000000000000e+03 -2.251492261886596680e+00
8.780000000000000000e+03 -2.253866195678710938e+00
8.781000000000000000e+03 -2.231601238250732422e+00
8.782000000000000000e+03 -2.231961727142333984e+00
8.783000000000000000e+03 -2.248009204864501953e+00
8.784000000000000000e+03 -2.228995800018310547e+00
8.785000000000000000e+03 -2.219615459442138672e+00
8.786000000000000000e+03 -2.301603317260742188e+00
8.787000000000000000e+03 -2.227170228958129883e+00
8.788000000000000000e+03 -2.295577287673950195e+00
8.789000000000000000e+03 -2.254354476928710938e+00
8.790000000000000000e+03 -2.226535558700561523e+00
8.791000000000000000e+03 -2.244771003723144531e+00
8.792000000000000000e+03 -2.161399841308593750e+00
8.793000000000000000e+03 -2.199706792831420898e+00
8.794000000000000000e+03 -2.240521192550659180e+00
8.795000000000000000e+03 -2.298753261566162109e+00
8.796000000000000000e+03 -2.228288650512695312e+00
8.797000000000000000e+03 -2.227592468261718750e+00
8.798000000000000000e+03 -2.221908569335937500e+00
8.799000000000000000e+03 -2.212203979492187500e+00
8.800000000000000000e+03 -2.207505464553833008e+00
8.801000000000000000e+03 -2.184392929077148438e+00
8.802000000000000000e+03 -2.201879739761352539e+00
8.803000000000000000e+03 -2.198117017745971680e+00
8.804000000000000000e+03 -2.202641010284423828e+00
8.805000000000000000e+03 -2.233137845993041992e+00
8.806000000000000000e+03 -2.245078086853027344e+00
8.807000000000000000e+03 -2.203808784484863281e+00
8.808000000000000000e+03 -2.179382801055908203e+00
8.809000000000000000e+03 -2.217116594314575195e+00
8.810000000000000000e+03 -2.241021871566772461e+00
8.811000000000000000e+03 -2.214420795440673828e+00
8.812000000000000000e+03 -2.236958026885986328e+00
8.813000000000000000e+03 -2.226043939590454102e+00
8.814000000000000000e+03 -2.217202186584472656e+00
8.815000000000000000e+03 -2.211655378341674805e+00
8.816000000000000000e+03 -2.268359661102294922e+00
8.817000000000000000e+03 -2.152561187744140625e+00
8.818000000000000000e+03 -2.182001352310180664e+00
8.819000000000000000e+03 -2.180338382720947266e+00
8.820000000000000000e+03 -2.159805774688720703e+00
8.821000000000000000e+03 -2.176452875137329102e+00
8.822000000000000000e+03 -2.216527462005615234e+00
8.823000000000000000e+03 -2.217026710510253906e+00
8.824000000000000000e+03 -2.227260351181030273e+00
8.825000000000000000e+03 -2.214263916015625000e+00
8.826000000000000000e+03 -2.156831502914428711e+00
8.827000000000000000e+03 -2.205460548400878906e+00
8.828000000000000000e+03 -2.202363491058349609e+00
8.829000000000000000e+03 -2.189345598220825195e+00
8.830000000000000000e+03 -2.171852588653564453e+00
8.831000000000000000e+03 -2.220339536666870117e+00
8.832000000000000000e+03 -2.210743427276611328e+00
8.833000000000000000e+03 -2.187348365783691406e+00
8.834000000000000000e+03 -2.234940767288208008e+00
8.835000000000000000e+03 -2.217020750045776367e+00
8.836000000000000000e+03 -2.211287736892700195e+00
8.837000000000000000e+03 -2.204805612564086914e+00
8.838000000000000000e+03 -2.156132936477661133e+00
8.839000000000000000e+03 -2.170863151550292969e+00
8.840000000000000000e+03 -2.214006900787353516e+00
8.841000000000000000e+03 -2.141460180282592773e+00
8.842000000000000000e+03 -2.191510200500488281e+00
8.843000000000000000e+03 -2.162551879882812500e+00
8.844000000000000000e+03 -2.215213537216186523e+00
8.845000000000000000e+03 -2.226428508758544922e+00
8.846000000000000000e+03 -2.161682605743408203e+00
8.847000000000000000e+03 -2.189813613891601562e+00
8.848000000000000000e+03 -2.172698974609375000e+00
8.849000000000000000e+03 -2.187494277954101562e+00
8.850000000000000000e+03 -2.205119132995605469e+00
8.851000000000000000e+03 -2.206288337707519531e+00
8.852000000000000000e+03 -2.223285913467407227e+00
8.853000000000000000e+03 -2.214765548706054688e+00
8.854000000000000000e+03 -2.171676158905029297e+00
8.855000000000000000e+03 -2.196996688842773438e+00
8.856000000000000000e+03 -2.232464313507080078e+00
8.857000000000000000e+03 -2.249208450317382812e+00
8.858000000000000000e+03 -2.256343841552734375e+00
8.859000000000000000e+03 -2.257069110870361328e+00
8.860000000000000000e+03 -2.261378765106201172e+00
8.861000000000000000e+03 -2.213222503662109375e+00
8.862000000000000000e+03 -2.238887548446655273e+00
8.863000000000000000e+03 -2.223471403121948242e+00
8.864000000000000000e+03 -2.239102840423583984e+00
8.865000000000000000e+03 -2.196906328201293945e+00
8.866000000000000000e+03 -2.216048240661621094e+00
8.867000000000000000e+03 -2.182849645614624023e+00
8.868000000000000000e+03 -2.170180797576904297e+00
8.869000000000000000e+03 -2.204672098159790039e+00
8.870000000000000000e+03 -2.242379426956176758e+00
8.871000000000000000e+03 -2.249359130859375000e+00
8.872000000000000000e+03 -2.253598451614379883e+00
8.873000000000000000e+03 -2.205906391143798828e+00
8.874000000000000000e+03 -2.255962371826171875e+00
8.875000000000000000e+03 -2.225605726242065430e+00
8.876000000000000000e+03 -2.208694934844970703e+00
8.877000000000000000e+03 -2.249889850616455078e+00
8.878000000000000000e+03 -2.245679616928100586e+00
8.879000000000000000e+03 -2.236775875091552734e+00
8.880000000000000000e+03 -2.232472419738769531e+00
8.881000000000000000e+03 -2.233644485473632812e+00
8.882000000000000000e+03 -2.212656974792480469e+00
8.883000000000000000e+03 -2.172899961471557617e+00
8.884000000000000000e+03 -2.142266035079956055e+00
8.885000000000000000e+03 -2.221217393875122070e+00
8.886000000000000000e+03 -2.192652940750122070e+00
8.887000000000000000e+03 -2.214596509933471680e+00
8.888000000000000000e+03 -2.217286586761474609e+00
8.889000000000000000e+03 -2.280177593231201172e+00
8.890000000000000000e+03 -2.193535089492797852e+00
8.891000000000000000e+03 -2.117918252944946289e+00
8.892000000000000000e+03 -2.161574602127075195e+00
8.893000000000000000e+03 -2.175966501235961914e+00
8.894000000000000000e+03 -2.208559274673461914e+00
8.895000000000000000e+03 -2.099077701568603516e+00
8.896000000000000000e+03 -2.181167364120483398e+00
8.897000000000000000e+03 -2.197921037673950195e+00
8.898000000000000000e+03 -2.180808305740356445e+00
8.899000000000000000e+03 -2.168811798095703125e+00
8.900000000000000000e+03 -2.163169622421264648e+00
8.901000000000000000e+03 -2.137715816497802734e+00
8.902000000000000000e+03 -2.183711051940917969e+00
8.903000000000000000e+03 -2.192827939987182617e+00
8.904000000000000000e+03 -2.187031984329223633e+00
8.905000000000000000e+03 -2.215510368347167969e+00
8.906000000000000000e+03 -2.207880258560180664e+00
8.907000000000000000e+03 -2.203420639038085938e+00
8.908000000000000000e+03 -2.224796772003173828e+00
8.909000000000000000e+03 -2.229393720626831055e+00
8.910000000000000000e+03 -2.216939687728881836e+00
8.911000000000000000e+03 -2.235049009323120117e+00
8.912000000000000000e+03 -2.263150453567504883e+00
8.913000000000000000e+03 -2.191439151763916016e+00
8.914000000000000000e+03 -2.195080280303955078e+00
8.915000000000000000e+03 -2.191299438476562500e+00
8.916000000000000000e+03 -2.198441982269287109e+00
8.917000000000000000e+03 -2.201345443725585938e+00
8.918000000000000000e+03 -2.204756736755371094e+00
8.919000000000000000e+03 -2.209232330322265625e+00
8.920000000000000000e+03 -2.196223258972167969e+00
8.921000000000000000e+03 -2.204921245574951172e+00
8.922000000000000000e+03 -2.209581613540649414e+00
8.923000000000000000e+03 -2.196193218231201172e+00
8.924000000000000000e+03 -2.220354795455932617e+00
8.925000000000000000e+03 -2.186730384826660156e+00
8.926000000000000000e+03 -2.212010145187377930e+00
8.927000000000000000e+03 -2.148225784301757812e+00
8.928000000000000000e+03 -2.172803878784179688e+00
8.929000000000000000e+03 -2.197477102279663086e+00
8.930000000000000000e+03 -2.161057472229003906e+00
8.931000000000000000e+03 -2.145740032196044922e+00
8.932000000000000000e+03 -2.211755514144897461e+00
8.933000000000000000e+03 -2.224679946899414062e+00
8.934000000000000000e+03 -2.187789916992187500e+00
8.935000000000000000e+03 -2.163461446762084961e+00
8.936000000000000000e+03 -2.224682807922363281e+00
8.937000000000000000e+03 -2.221719026565551758e+00
8.938000000000000000e+03 -2.223003864288330078e+00
8.939000000000000000e+03 -2.274129390716552734e+00
8.940000000000000000e+03 -2.235174655914306641e+00
8.941000000000000000e+03 -2.231122255325317383e+00
8.942000000000000000e+03 -2.236197948455810547e+00
8.943000000000000000e+03 -2.244565486907958984e+00
8.944000000000000000e+03 -2.218802213668823242e+00
8.945000000000000000e+03 -2.230563640594482422e+00
8.946000000000000000e+03 -2.273634910583496094e+00
8.947000000000000000e+03 -2.276616096496582031e+00
8.948000000000000000e+03 -2.284803152084350586e+00
8.949000000000000000e+03 -2.344528198242187500e+00
8.950000000000000000e+03 -2.191987037658691406e+00
8.951000000000000000e+03 -2.268055200576782227e+00
8.952000000000000000e+03 -2.215435981750488281e+00
8.953000000000000000e+03 -2.204375267028808594e+00
8.954000000000000000e+03 -2.215812206268310547e+00
8.955000000000000000e+03 -2.175591707229614258e+00
8.956000000000000000e+03 -2.148695230484008789e+00
8.957000000000000000e+03 -2.196361780166625977e+00
8.958000000000000000e+03 -2.329919576644897461e+00
8.959000000000000000e+03 -2.283315420150756836e+00
8.960000000000000000e+03 -2.243593215942382812e+00
8.961000000000000000e+03 -2.212349891662597656e+00
8.962000000000000000e+03 -2.217082500457763672e+00
8.963000000000000000e+03 -2.194185018539428711e+00
8.964000000000000000e+03 -2.263902187347412109e+00
8.965000000000000000e+03 -2.278116226196289062e+00
8.966000000000000000e+03 -2.203495979309082031e+00
8.967000000000000000e+03 -2.265422821044921875e+00
8.968000000000000000e+03 -2.266527175903320312e+00
8.969000000000000000e+03 -2.248097419738769531e+00
8.970000000000000000e+03 -2.240878582000732422e+00
8.971000000000000000e+03 -2.303606033325195312e+00
8.972000000000000000e+03 -2.218696117401123047e+00
8.973000000000000000e+03 -2.228032112121582031e+00
8.974000000000000000e+03 -2.203769445419311523e+00
8.975000000000000000e+03 -2.241637945175170898e+00
8.976000000000000000e+03 -2.221351385116577148e+00
8.977000000000000000e+03 -2.235462427139282227e+00
8.978000000000000000e+03 -2.227549314498901367e+00
8.979000000000000000e+03 -2.286567211151123047e+00
8.980000000000000000e+03 -2.280126333236694336e+00
8.981000000000000000e+03 -2.235898017883300781e+00
8.982000000000000000e+03 -2.226395845413208008e+00
8.983000000000000000e+03 -2.228536844253540039e+00
8.984000000000000000e+03 -2.200444221496582031e+00
8.985000000000000000e+03 -2.214667320251464844e+00
8.986000000000000000e+03 -2.260740995407104492e+00
8.987000000000000000e+03 -2.204700946807861328e+00
8.988000000000000000e+03 -2.223834991455078125e+00
8.989000000000000000e+03 -2.172775268554687500e+00
8.990000000000000000e+03 -2.203679800033569336e+00
8.991000000000000000e+03 -2.155167102813720703e+00
8.992000000000000000e+03 -2.170662879943847656e+00
8.993000000000000000e+03 -2.209366321563720703e+00
8.994000000000000000e+03 -2.241714000701904297e+00
8.995000000000000000e+03 -2.195369482040405273e+00
8.996000000000000000e+03 -2.201392412185668945e+00
8.997000000000000000e+03 -2.178357362747192383e+00
8.998000000000000000e+03 -2.237160444259643555e+00
8.999000000000000000e+03 -2.181347608566284180e+00
9.000000000000000000e+03 -2.167779445648193359e+00
9.001000000000000000e+03 -2.169596433639526367e+00
9.002000000000000000e+03 -2.193374633789062500e+00
9.003000000000000000e+03 -2.183957338333129883e+00
9.004000000000000000e+03 -2.203021526336669922e+00
9.005000000000000000e+03 -2.169044017791748047e+00
9.006000000000000000e+03 -2.149808645248413086e+00
9.007000000000000000e+03 -2.221682548522949219e+00
9.008000000000000000e+03 -2.245499372482299805e+00
9.009000000000000000e+03 -2.250641345977783203e+00
9.010000000000000000e+03 -2.245707750320434570e+00
9.011000000000000000e+03 -2.236433744430541992e+00
9.012000000000000000e+03 -2.216256380081176758e+00
9.013000000000000000e+03 -2.199250936508178711e+00
9.014000000000000000e+03 -2.244847536087036133e+00
9.015000000000000000e+03 -2.242008924484252930e+00
9.016000000000000000e+03 -2.256053447723388672e+00
9.017000000000000000e+03 -2.210721969604492188e+00
9.018000000000000000e+03 -2.141921520233154297e+00
9.019000000000000000e+03 -2.215512990951538086e+00
9.020000000000000000e+03 -2.193088054656982422e+00
9.021000000000000000e+03 -2.177183389663696289e+00
9.022000000000000000e+03 -2.248238086700439453e+00
9.023000000000000000e+03 -2.154336690902709961e+00
9.024000000000000000e+03 -2.165968418121337891e+00
9.025000000000000000e+03 -2.145393848419189453e+00
9.026000000000000000e+03 -2.141897916793823242e+00
9.027000000000000000e+03 -2.184000015258789062e+00
9.028000000000000000e+03 -2.133742809295654297e+00
9.029000000000000000e+03 -2.141515254974365234e+00
9.030000000000000000e+03 -2.151961565017700195e+00
9.031000000000000000e+03 -2.153301477432250977e+00
9.032000000000000000e+03 -2.167184352874755859e+00
9.033000000000000000e+03 -2.188776016235351562e+00
9.034000000000000000e+03 -2.158934831619262695e+00
9.035000000000000000e+03 -2.241655349731445312e+00
9.036000000000000000e+03 -2.194449901580810547e+00
9.037000000000000000e+03 -2.236646652221679688e+00
9.038000000000000000e+03 -2.197740554809570312e+00
9.039000000000000000e+03 -2.190667152404785156e+00
9.040000000000000000e+03 -2.203250408172607422e+00
9.041000000000000000e+03 -2.173618793487548828e+00
9.042000000000000000e+03 -2.245940446853637695e+00
9.043000000000000000e+03 -2.217817783355712891e+00
9.044000000000000000e+03 -2.168441295623779297e+00
9.045000000000000000e+03 -2.227007865905761719e+00
9.046000000000000000e+03 -2.179910182952880859e+00
9.047000000000000000e+03 -2.222865104675292969e+00
9.048000000000000000e+03 -2.243208408355712891e+00
9.049000000000000000e+03 -2.227087020874023438e+00
9.050000000000000000e+03 -2.205866813659667969e+00
9.051000000000000000e+03 -2.225636959075927734e+00
9.052000000000000000e+03 -2.186668395996093750e+00
9.053000000000000000e+03 -2.181057214736938477e+00
9.054000000000000000e+03 -2.209860563278198242e+00
9.055000000000000000e+03 -2.188733816146850586e+00
9.056000000000000000e+03 -2.237737894058227539e+00
9.057000000000000000e+03 -2.206884145736694336e+00
9.058000000000000000e+03 -2.236637592315673828e+00
9.059000000000000000e+03 -2.257387161254882812e+00
9.060000000000000000e+03 -2.324962139129638672e+00
9.061000000000000000e+03 -2.233751773834228516e+00
9.062000000000000000e+03 -2.214952468872070312e+00
9.063000000000000000e+03 -2.258306026458740234e+00
9.064000000000000000e+03 -2.191286563873291016e+00
9.065000000000000000e+03 -2.219519138336181641e+00
9.066000000000000000e+03 -2.259963512420654297e+00
9.067000000000000000e+03 -2.237374067306518555e+00
9.068000000000000000e+03 -2.261626243591308594e+00
9.069000000000000000e+03 -2.233075141906738281e+00
9.070000000000000000e+03 -2.224292278289794922e+00
9.071000000000000000e+03 -2.173775672912597656e+00
9.072000000000000000e+03 -2.255363225936889648e+00
9.073000000000000000e+03 -2.213306665420532227e+00
9.074000000000000000e+03 -2.200605869293212891e+00
9.075000000000000000e+03 -2.265948295593261719e+00
9.076000000000000000e+03 -2.229457855224609375e+00
9.077000000000000000e+03 -2.218351364135742188e+00
9.078000000000000000e+03 -2.227267742156982422e+00
9.079000000000000000e+03 -2.185901641845703125e+00
9.080000000000000000e+03 -2.233785867691040039e+00
9.081000000000000000e+03 -2.255290031433105469e+00
9.082000000000000000e+03 -2.171148538589477539e+00
9.083000000000000000e+03 -2.220107316970825195e+00
9.084000000000000000e+03 -2.208291530609130859e+00
9.085000000000000000e+03 -2.179101943969726562e+00
9.086000000000000000e+03 -2.196382522583007812e+00
9.087000000000000000e+03 -2.217641353607177734e+00
9.088000000000000000e+03 -2.170974969863891602e+00
9.089000000000000000e+03 -2.190229892730712891e+00
9.090000000000000000e+03 -2.200883626937866211e+00
9.091000000000000000e+03 -2.157977581024169922e+00
9.092000000000000000e+03 -2.250460386276245117e+00
9.093000000000000000e+03 -2.161706686019897461e+00
9.094000000000000000e+03 -2.184530735015869141e+00
9.095000000000000000e+03 -2.171635866165161133e+00
9.096000000000000000e+03 -2.212425708770751953e+00
9.097000000000000000e+03 -2.164381504058837891e+00
9.098000000000000000e+03 -2.178257465362548828e+00
9.099000000000000000e+03 -2.232996463775634766e+00
9.100000000000000000e+03 -2.181031227111816406e+00
9.101000000000000000e+03 -2.181298971176147461e+00
9.102000000000000000e+03 -2.206088781356811523e+00
9.103000000000000000e+03 -2.161624193191528320e+00
9.104000000000000000e+03 -2.156404018402099609e+00
9.105000000000000000e+03 -2.231313228607177734e+00
9.106000000000000000e+03 -2.236764669418334961e+00
9.107000000000000000e+03 -2.235582590103149414e+00
9.108000000000000000e+03 -2.232782840728759766e+00
9.109000000000000000e+03 -2.260386228561401367e+00
9.110000000000000000e+03 -2.180839300155639648e+00
9.111000000000000000e+03 -2.176546335220336914e+00
9.112000000000000000e+03 -2.181105852127075195e+00
9.113000000000000000e+03 -2.202592134475708008e+00
9.114000000000000000e+03 -2.145535945892333984e+00
9.115000000000000000e+03 -2.188715457916259766e+00
9.116000000000000000e+03 -2.165752887725830078e+00
9.117000000000000000e+03 -2.251590251922607422e+00
9.118000000000000000e+03 -2.199409008026123047e+00
9.119000000000000000e+03 -2.200037717819213867e+00
9.120000000000000000e+03 -2.182645797729492188e+00
9.121000000000000000e+03 -2.175981998443603516e+00
9.122000000000000000e+03 -2.194597482681274414e+00
9.123000000000000000e+03 -2.163519620895385742e+00
9.124000000000000000e+03 -2.192523002624511719e+00
9.125000000000000000e+03 -2.172834396362304688e+00
9.126000000000000000e+03 -2.201694965362548828e+00
9.127000000000000000e+03 -2.211018562316894531e+00
9.128000000000000000e+03 -2.263149738311767578e+00
9.129000000000000000e+03 -2.213200092315673828e+00
9.130000000000000000e+03 -2.250979185104370117e+00
9.131000000000000000e+03 -2.247488260269165039e+00
9.132000000000000000e+03 -2.231578111648559570e+00
9.133000000000000000e+03 -2.166426181793212891e+00
9.134000000000000000e+03 -2.196285247802734375e+00
9.135000000000000000e+03 -2.191231489181518555e+00
9.136000000000000000e+03 -2.218925476074218750e+00
9.137000000000000000e+03 -2.201078891754150391e+00
9.138000000000000000e+03 -2.197680473327636719e+00
9.139000000000000000e+03 -2.225635528564453125e+00
9.140000000000000000e+03 -2.248713254928588867e+00
9.141000000000000000e+03 -2.274553537368774414e+00
9.142000000000000000e+03 -2.177958011627197266e+00
9.143000000000000000e+03 -2.215946912765502930e+00
9.144000000000000000e+03 -2.249791145324707031e+00
9.145000000000000000e+03 -2.240518331527709961e+00
9.146000000000000000e+03 -2.248894929885864258e+00
9.147000000000000000e+03 -2.193031311035156250e+00
9.148000000000000000e+03 -2.219043254852294922e+00
9.149000000000000000e+03 -2.251085281372070312e+00
9.150000000000000000e+03 -2.182255744934082031e+00
9.151000000000000000e+03 -2.227734088897705078e+00
9.152000000000000000e+03 -2.218786954879760742e+00
9.153000000000000000e+03 -2.212350845336914062e+00
9.154000000000000000e+03 -2.214564085006713867e+00
9.155000000000000000e+03 -2.263581752777099609e+00
9.156000000000000000e+03 -2.248319149017333984e+00
9.157000000000000000e+03 -2.255998134613037109e+00
9.158000000000000000e+03 -2.224803924560546875e+00
9.159000000000000000e+03 -2.204870223999023438e+00
9.160000000000000000e+03 -2.216795444488525391e+00
9.161000000000000000e+03 -2.152450561523437500e+00
9.162000000000000000e+03 -2.179065465927124023e+00
9.163000000000000000e+03 -2.232742547988891602e+00
9.164000000000000000e+03 -2.245558977127075195e+00
9.165000000000000000e+03 -2.227945804595947266e+00
9.166000000000000000e+03 -2.196391820907592773e+00
9.167000000000000000e+03 -2.206855297088623047e+00
9.168000000000000000e+03 -2.194622278213500977e+00
9.169000000000000000e+03 -2.174200773239135742e+00
9.170000000000000000e+03 -2.231996297836303711e+00
9.171000000000000000e+03 -2.143712997436523438e+00
9.172000000000000000e+03 -2.196104049682617188e+00
9.173000000000000000e+03 -2.179163932800292969e+00
9.174000000000000000e+03 -2.210361719131469727e+00
9.175000000000000000e+03 -2.156315803527832031e+00
9.176000000000000000e+03 -2.168435573577880859e+00
9.177000000000000000e+03 -2.188606977462768555e+00
9.178000000000000000e+03 -2.230385303497314453e+00
9.179000000000000000e+03 -2.188821792602539062e+00
9.180000000000000000e+03 -2.160574197769165039e+00
9.181000000000000000e+03 -2.193957567214965820e+00
9.182000000000000000e+03 -2.193445205688476562e+00
9.183000000000000000e+03 -2.125406742095947266e+00
9.184000000000000000e+03 -2.208532333374023438e+00
9.185000000000000000e+03 -2.223348617553710938e+00
9.186000000000000000e+03 -2.148860931396484375e+00
9.187000000000000000e+03 -2.221056222915649414e+00
9.188000000000000000e+03 -2.211623191833496094e+00
9.189000000000000000e+03 -2.187243461608886719e+00
9.190000000000000000e+03 -2.202567338943481445e+00
9.191000000000000000e+03 -2.224511146545410156e+00
9.192000000000000000e+03 -2.219969987869262695e+00
9.193000000000000000e+03 -2.208323955535888672e+00
9.194000000000000000e+03 -2.205883026123046875e+00
9.195000000000000000e+03 -2.212897777557373047e+00
9.196000000000000000e+03 -2.181418180465698242e+00
9.197000000000000000e+03 -2.152254581451416016e+00
9.198000000000000000e+03 -2.187213182449340820e+00
9.199000000000000000e+03 -2.227997303009033203e+00
9.200000000000000000e+03 -2.237024307250976562e+00
9.201000000000000000e+03 -2.161159753799438477e+00
9.202000000000000000e+03 -2.216897010803222656e+00
9.203000000000000000e+03 -2.242244720458984375e+00
9.204000000000000000e+03 -2.259296178817749023e+00
9.205000000000000000e+03 -2.183743953704833984e+00
9.206000000000000000e+03 -2.205184698104858398e+00
9.207000000000000000e+03 -2.207697868347167969e+00
9.208000000000000000e+03 -2.253532409667968750e+00
9.209000000000000000e+03 -2.213727235794067383e+00
9.210000000000000000e+03 -2.251014709472656250e+00
9.211000000000000000e+03 -2.275784254074096680e+00
9.212000000000000000e+03 -2.253437995910644531e+00
9.213000000000000000e+03 -2.232860565185546875e+00
9.214000000000000000e+03 -2.277699470520019531e+00
9.215000000000000000e+03 -2.246676921844482422e+00
9.216000000000000000e+03 -2.258790969848632812e+00
9.217000000000000000e+03 -2.238358497619628906e+00
9.218000000000000000e+03 -2.249358177185058594e+00
9.219000000000000000e+03 -2.229238271713256836e+00
9.220000000000000000e+03 -2.251465320587158203e+00
9.221000000000000000e+03 -2.303593397140502930e+00
9.222000000000000000e+03 -2.275975704193115234e+00
9.223000000000000000e+03 -2.289866447448730469e+00
9.224000000000000000e+03 -2.239589691162109375e+00
9.225000000000000000e+03 -2.239500045776367188e+00
9.226000000000000000e+03 -2.205792903900146484e+00
9.227000000000000000e+03 -2.183712720870971680e+00
9.228000000000000000e+03 -2.188686132431030273e+00
9.229000000000000000e+03 -2.175314188003540039e+00
9.230000000000000000e+03 -2.225915431976318359e+00
9.231000000000000000e+03 -2.213379859924316406e+00
9.232000000000000000e+03 -2.214436531066894531e+00
9.233000000000000000e+03 -2.262514352798461914e+00
9.234000000000000000e+03 -2.191585063934326172e+00
9.235000000000000000e+03 -2.183580398559570312e+00
9.236000000000000000e+03 -2.252064228057861328e+00
9.237000000000000000e+03 -2.228032112121582031e+00
9.238000000000000000e+03 -2.265330076217651367e+00
9.239000000000000000e+03 -2.238284349441528320e+00
9.240000000000000000e+03 -2.218800067901611328e+00
9.241000000000000000e+03 -2.208113431930541992e+00
9.242000000000000000e+03 -2.206258535385131836e+00
9.243000000000000000e+03 -2.236132860183715820e+00
9.244000000000000000e+03 -2.224509954452514648e+00
9.245000000000000000e+03 -2.228583335876464844e+00
9.246000000000000000e+03 -2.269674777984619141e+00
9.247000000000000000e+03 -2.211985826492309570e+00
9.248000000000000000e+03 -2.262771606445312500e+00
9.249000000000000000e+03 -2.277062416076660156e+00
9.250000000000000000e+03 -2.232553482055664062e+00
9.251000000000000000e+03 -2.279348373413085938e+00
9.252000000000000000e+03 -2.282968997955322266e+00
9.253000000000000000e+03 -2.287762880325317383e+00
9.254000000000000000e+03 -2.274773836135864258e+00
9.255000000000000000e+03 -2.239893198013305664e+00
9.256000000000000000e+03 -2.245649099349975586e+00
9.257000000000000000e+03 -2.233982324600219727e+00
9.258000000000000000e+03 -2.241846561431884766e+00
9.259000000000000000e+03 -2.234005212783813477e+00
9.260000000000000000e+03 -2.241234779357910156e+00
9.261000000000000000e+03 -2.207176208496093750e+00
9.262000000000000000e+03 -2.219872474670410156e+00
9.263000000000000000e+03 -2.164232492446899414e+00
9.264000000000000000e+03 -2.148678779602050781e+00
9.265000000000000000e+03 -2.155028343200683594e+00
9.266000000000000000e+03 -2.182250499725341797e+00
9.267000000000000000e+03 -2.184349536895751953e+00
9.268000000000000000e+03 -2.153738021850585938e+00
9.269000000000000000e+03 -2.210602045059204102e+00
9.270000000000000000e+03 -2.199565887451171875e+00
9.271000000000000000e+03 -2.185561180114746094e+00
9.272000000000000000e+03 -2.207005977630615234e+00
9.273000000000000000e+03 -2.234267234802246094e+00
9.274000000000000000e+03 -2.167192935943603516e+00
9.275000000000000000e+03 -2.211483716964721680e+00
9.276000000000000000e+03 -2.177265882492065430e+00
9.277000000000000000e+03 -2.160890817642211914e+00
9.278000000000000000e+03 -2.185767173767089844e+00
9.279000000000000000e+03 -2.254066705703735352e+00
9.280000000000000000e+03 -2.248237609863281250e+00
9.281000000000000000e+03 -2.191495656967163086e+00
9.282000000000000000e+03 -2.169316053390502930e+00
9.283000000000000000e+03 -2.139286041259765625e+00
9.284000000000000000e+03 -2.130115032196044922e+00
9.285000000000000000e+03 -2.119944810867309570e+00
9.286000000000000000e+03 -2.192576408386230469e+00
9.287000000000000000e+03 -2.216106176376342773e+00
9.288000000000000000e+03 -2.159532785415649414e+00
9.289000000000000000e+03 -2.178089618682861328e+00
9.290000000000000000e+03 -2.172388792037963867e+00
9.291000000000000000e+03 -2.172838926315307617e+00
9.292000000000000000e+03 -2.145840883255004883e+00
9.293000000000000000e+03 -2.174672126770019531e+00
9.294000000000000000e+03 -2.210763931274414062e+00
9.295000000000000000e+03 -2.143531084060668945e+00
9.296000000000000000e+03 -2.172048330307006836e+00
9.297000000000000000e+03 -2.222575902938842773e+00
9.298000000000000000e+03 -2.187500715255737305e+00
9.299000000000000000e+03 -2.238098144531250000e+00
9.300000000000000000e+03 -2.169798135757446289e+00
9.301000000000000000e+03 -2.197089433670043945e+00
9.302000000000000000e+03 -2.189297676086425781e+00
9.303000000000000000e+03 -2.165915250778198242e+00
9.304000000000000000e+03 -2.144143104553222656e+00
9.305000000000000000e+03 -2.143416166305541992e+00
9.306000000000000000e+03 -2.180453300476074219e+00
9.307000000000000000e+03 -2.210373163223266602e+00
9.308000000000000000e+03 -2.134048461914062500e+00
9.309000000000000000e+03 -2.129508733749389648e+00
9.310000000000000000e+03 -2.184764862060546875e+00
9.311000000000000000e+03 -2.194208145141601562e+00
9.312000000000000000e+03 -2.165176868438720703e+00
9.313000000000000000e+03 -2.155283927917480469e+00
9.314000000000000000e+03 -2.177900314331054688e+00
9.315000000000000000e+03 -2.112045288085937500e+00
9.316000000000000000e+03 -2.200267314910888672e+00
9.317000000000000000e+03 -2.193073749542236328e+00
9.318000000000000000e+03 -2.130924701690673828e+00
9.319000000000000000e+03 -2.167376518249511719e+00
9.320000000000000000e+03 -2.178065776824951172e+00
9.321000000000000000e+03 -2.174195051193237305e+00
9.322000000000000000e+03 -2.186535596847534180e+00
9.323000000000000000e+03 -2.197507858276367188e+00
9.324000000000000000e+03 -2.153675794601440430e+00
9.325000000000000000e+03 -2.224486351013183594e+00
9.326000000000000000e+03 -2.207247972488403320e+00
9.327000000000000000e+03 -2.166098356246948242e+00
9.328000000000000000e+03 -2.106439113616943359e+00
9.329000000000000000e+03 -2.161530733108520508e+00
9.330000000000000000e+03 -2.203224658966064453e+00
9.331000000000000000e+03 -2.233897209167480469e+00
9.332000000000000000e+03 -2.154558658599853516e+00
9.333000000000000000e+03 -2.220021247863769531e+00
9.334000000000000000e+03 -2.154684066772460938e+00
9.335000000000000000e+03 -2.207023620605468750e+00
9.336000000000000000e+03 -2.190257072448730469e+00
9.337000000000000000e+03 -2.159782171249389648e+00
9.338000000000000000e+03 -2.157922029495239258e+00
9.339000000000000000e+03 -2.096366167068481445e+00
9.340000000000000000e+03 -2.117533922195434570e+00
9.341000000000000000e+03 -2.107464790344238281e+00
9.342000000000000000e+03 -2.141204118728637695e+00
9.343000000000000000e+03 -2.139119863510131836e+00
9.344000000000000000e+03 -2.159851074218750000e+00
9.345000000000000000e+03 -2.154212236404418945e+00
9.346000000000000000e+03 -2.167782783508300781e+00
9.347000000000000000e+03 -2.167650699615478516e+00
9.348000000000000000e+03 -2.148880958557128906e+00
9.349000000000000000e+03 -2.147468805313110352e+00
9.350000000000000000e+03 -2.171186923980712891e+00
9.351000000000000000e+03 -2.205076932907104492e+00
9.352000000000000000e+03 -2.175742149353027344e+00
9.353000000000000000e+03 -2.140974998474121094e+00
9.354000000000000000e+03 -2.184263944625854492e+00
9.355000000000000000e+03 -2.143138885498046875e+00
9.356000000000000000e+03 -2.165179729461669922e+00
9.357000000000000000e+03 -2.208639860153198242e+00
9.358000000000000000e+03 -2.191174983978271484e+00
9.359000000000000000e+03 -2.154856443405151367e+00
9.360000000000000000e+03 -2.189688444137573242e+00
9.361000000000000000e+03 -2.188501358032226562e+00
9.362000000000000000e+03 -2.186295509338378906e+00
9.363000000000000000e+03 -2.145935773849487305e+00
9.364000000000000000e+03 -2.160567283630371094e+00
9.365000000000000000e+03 -2.145129442214965820e+00
9.366000000000000000e+03 -2.109498739242553711e+00
9.367000000000000000e+03 -2.144028663635253906e+00
9.368000000000000000e+03 -2.116921186447143555e+00
9.369000000000000000e+03 -2.184138774871826172e+00
9.370000000000000000e+03 -2.157647609710693359e+00
9.371000000000000000e+03 -2.177565336227416992e+00
9.372000000000000000e+03 -2.178425788879394531e+00
9.373000000000000000e+03 -2.180614233016967773e+00
9.374000000000000000e+03 -2.172064781188964844e+00
9.375000000000000000e+03 -2.209659337997436523e+00
9.376000000000000000e+03 -2.205253601074218750e+00
9.377000000000000000e+03 -2.187594413757324219e+00
9.378000000000000000e+03 -2.208064079284667969e+00
9.379000000000000000e+03 -2.189122200012207031e+00
9.380000000000000000e+03 -2.200316429138183594e+00
9.381000000000000000e+03 -2.123281955718994141e+00
9.382000000000000000e+03 -2.167609453201293945e+00
9.383000000000000000e+03 -2.141392707824707031e+00
9.384000000000000000e+03 -2.170134067535400391e+00
9.385000000000000000e+03 -2.170157194137573242e+00
9.386000000000000000e+03 -2.175665855407714844e+00
9.387000000000000000e+03 -2.138787984848022461e+00
9.388000000000000000e+03 -2.129546642303466797e+00
9.389000000000000000e+03 -2.164515018463134766e+00
9.390000000000000000e+03 -2.162235260009765625e+00
9.391000000000000000e+03 -2.142820835113525391e+00
9.392000000000000000e+03 -2.164146423339843750e+00
9.393000000000000000e+03 -2.210911989212036133e+00
9.394000000000000000e+03 -2.200471639633178711e+00
9.395000000000000000e+03 -2.193614006042480469e+00
9.396000000000000000e+03 -2.221039295196533203e+00
9.397000000000000000e+03 -2.211765527725219727e+00
9.398000000000000000e+03 -2.195563077926635742e+00
9.399000000000000000e+03 -2.159080982208251953e+00
9.400000000000000000e+03 -2.173524379730224609e+00
9.401000000000000000e+03 -2.199176788330078125e+00
9.402000000000000000e+03 -2.161618709564208984e+00
9.403000000000000000e+03 -2.231707096099853516e+00
9.404000000000000000e+03 -2.251388072967529297e+00
9.405000000000000000e+03 -2.195214748382568359e+00
9.406000000000000000e+03 -2.176515102386474609e+00
9.407000000000000000e+03 -2.136668205261230469e+00
9.408000000000000000e+03 -2.126661062240600586e+00
9.409000000000000000e+03 -2.208941459655761719e+00
9.410000000000000000e+03 -2.134174346923828125e+00
9.411000000000000000e+03 -2.151745080947875977e+00
9.412000000000000000e+03 -2.185785293579101562e+00
9.413000000000000000e+03 -2.117763996124267578e+00
9.414000000000000000e+03 -2.170178413391113281e+00
9.415000000000000000e+03 -2.159861326217651367e+00
9.416000000000000000e+03 -2.164357662200927734e+00
9.417000000000000000e+03 -2.146919965744018555e+00
9.418000000000000000e+03 -2.125228881835937500e+00
9.419000000000000000e+03 -2.216295480728149414e+00
9.420000000000000000e+03 -2.177632331848144531e+00
9.421000000000000000e+03 -2.110723733901977539e+00
9.422000000000000000e+03 -2.238677501678466797e+00
9.423000000000000000e+03 -2.156188964843750000e+00
9.424000000000000000e+03 -2.202640533447265625e+00
9.425000000000000000e+03 -2.215993165969848633e+00
9.426000000000000000e+03 -2.198128223419189453e+00
9.427000000000000000e+03 -2.229284048080444336e+00
9.428000000000000000e+03 -2.178800106048583984e+00
9.429000000000000000e+03 -2.156153678894042969e+00
9.430000000000000000e+03 -2.179525852203369141e+00
9.431000000000000000e+03 -2.237094879150390625e+00
9.432000000000000000e+03 -2.165467977523803711e+00
9.433000000000000000e+03 -2.173315048217773438e+00
9.434000000000000000e+03 -2.164727210998535156e+00
9.435000000000000000e+03 -2.156007289886474609e+00
9.436000000000000000e+03 -2.178325176239013672e+00
9.437000000000000000e+03 -2.162256956100463867e+00
9.438000000000000000e+03 -2.186201572418212891e+00
9.439000000000000000e+03 -2.157139778137207031e+00
9.440000000000000000e+03 -2.180453062057495117e+00
9.441000000000000000e+03 -2.194438219070434570e+00
9.442000000000000000e+03 -2.188898086547851562e+00
9.443000000000000000e+03 -2.171300888061523438e+00
9.444000000000000000e+03 -2.153383255004882812e+00
9.445000000000000000e+03 -2.194825887680053711e+00
9.446000000000000000e+03 -2.205303907394409180e+00
9.447000000000000000e+03 -2.192270994186401367e+00
9.448000000000000000e+03 -2.208665370941162109e+00
9.449000000000000000e+03 -2.231496334075927734e+00
9.450000000000000000e+03 -2.217001914978027344e+00
9.451000000000000000e+03 -2.214435577392578125e+00
9.452000000000000000e+03 -2.221479654312133789e+00
9.453000000000000000e+03 -2.216696262359619141e+00
9.454000000000000000e+03 -2.224429368972778320e+00
9.455000000000000000e+03 -2.193065404891967773e+00
9.456000000000000000e+03 -2.228684425354003906e+00
9.457000000000000000e+03 -2.224551916122436523e+00
9.458000000000000000e+03 -2.239837169647216797e+00
9.459000000000000000e+03 -2.232042312622070312e+00
9.460000000000000000e+03 -2.250809192657470703e+00
9.461000000000000000e+03 -2.263724327087402344e+00
9.462000000000000000e+03 -2.266574382781982422e+00
9.463000000000000000e+03 -2.217105388641357422e+00
9.464000000000000000e+03 -2.254488468170166016e+00
9.465000000000000000e+03 -2.248502016067504883e+00
9.466000000000000000e+03 -2.194968223571777344e+00
9.467000000000000000e+03 -2.250536203384399414e+00
9.468000000000000000e+03 -2.278001785278320312e+00
9.469000000000000000e+03 -2.263221740722656250e+00
9.470000000000000000e+03 -2.271792888641357422e+00
9.471000000000000000e+03 -2.245059728622436523e+00
9.472000000000000000e+03 -2.255927085876464844e+00
9.473000000000000000e+03 -2.232922554016113281e+00
9.474000000000000000e+03 -2.276833057403564453e+00
9.475000000000000000e+03 -2.269616127014160156e+00
9.476000000000000000e+03 -2.304514884948730469e+00
9.477000000000000000e+03 -2.277985811233520508e+00
9.478000000000000000e+03 -2.230047702789306641e+00
9.479000000000000000e+03 -2.213984489440917969e+00
9.480000000000000000e+03 -2.180174112319946289e+00
9.481000000000000000e+03 -2.130791187286376953e+00
9.482000000000000000e+03 -2.244708299636840820e+00
9.483000000000000000e+03 -2.193384885787963867e+00
9.484000000000000000e+03 -2.200764656066894531e+00
9.485000000000000000e+03 -2.264934062957763672e+00
9.486000000000000000e+03 -2.264795303344726562e+00
9.487000000000000000e+03 -2.203950643539428711e+00
9.488000000000000000e+03 -2.208709239959716797e+00
9.489000000000000000e+03 -2.236184120178222656e+00
9.490000000000000000e+03 -2.261476278305053711e+00
9.491000000000000000e+03 -2.257815122604370117e+00
9.492000000000000000e+03 -2.262196063995361328e+00
9.493000000000000000e+03 -2.256370067596435547e+00
9.494000000000000000e+03 -2.206594467163085938e+00
9.495000000000000000e+03 -2.222238540649414062e+00
9.496000000000000000e+03 -2.246804237365722656e+00
9.497000000000000000e+03 -2.229305505752563477e+00
9.498000000000000000e+03 -2.274819612503051758e+00
9.499000000000000000e+03 -2.272819280624389648e+00
9.500000000000000000e+03 -2.262863159179687500e+00
9.501000000000000000e+03 -2.281290292739868164e+00
9.502000000000000000e+03 -2.231468915939331055e+00
9.503000000000000000e+03 -2.261666536331176758e+00
9.504000000000000000e+03 -2.240320682525634766e+00
9.505000000000000000e+03 -2.221693277359008789e+00
9.506000000000000000e+03 -2.202441692352294922e+00
9.507000000000000000e+03 -2.186308383941650391e+00
9.508000000000000000e+03 -2.220570802688598633e+00
9.509000000000000000e+03 -2.207677841186523438e+00
9.510000000000000000e+03 -2.303339004516601562e+00
9.511000000000000000e+03 -2.250872850418090820e+00
9.512000000000000000e+03 -2.252269268035888672e+00
9.513000000000000000e+03 -2.177073955535888672e+00
9.514000000000000000e+03 -2.219599723815917969e+00
9.515000000000000000e+03 -2.220154285430908203e+00
9.516000000000000000e+03 -2.199302434921264648e+00
9.517000000000000000e+03 -2.157253026962280273e+00
9.518000000000000000e+03 -2.193217754364013672e+00
9.519000000000000000e+03 -2.157215118408203125e+00
9.520000000000000000e+03 -2.195920467376708984e+00
9.521000000000000000e+03 -2.236953258514404297e+00
9.522000000000000000e+03 -2.202846765518188477e+00
9.523000000000000000e+03 -2.182694673538208008e+00
9.524000000000000000e+03 -2.146740198135375977e+00
9.525000000000000000e+03 -2.162738084793090820e+00
9.526000000000000000e+03 -2.158696413040161133e+00
9.527000000000000000e+03 -2.210516929626464844e+00
9.528000000000000000e+03 -2.220959901809692383e+00
9.529000000000000000e+03 -2.212934017181396484e+00
9.530000000000000000e+03 -2.258853435516357422e+00
9.531000000000000000e+03 -2.241914749145507812e+00
9.532000000000000000e+03 -2.248889923095703125e+00
9.533000000000000000e+03 -2.241854190826416016e+00
9.534000000000000000e+03 -2.237874984741210938e+00
9.535000000000000000e+03 -2.196883916854858398e+00
9.536000000000000000e+03 -2.205410003662109375e+00
9.537000000000000000e+03 -2.157384872436523438e+00
9.538000000000000000e+03 -2.145247459411621094e+00
9.539000000000000000e+03 -2.261478900909423828e+00
9.540000000000000000e+03 -2.199024438858032227e+00
9.541000000000000000e+03 -2.206142425537109375e+00
9.542000000000000000e+03 -2.248424291610717773e+00
9.543000000000000000e+03 -2.197006702423095703e+00
9.544000000000000000e+03 -2.228620290756225586e+00
9.545000000000000000e+03 -2.186968326568603516e+00
9.546000000000000000e+03 -2.255802154541015625e+00
9.547000000000000000e+03 -2.164700508117675781e+00
9.548000000000000000e+03 -2.204503059387207031e+00
9.549000000000000000e+03 -2.230238914489746094e+00
9.550000000000000000e+03 -2.171229839324951172e+00
9.551000000000000000e+03 -2.234317302703857422e+00
9.552000000000000000e+03 -2.224981069564819336e+00
9.553000000000000000e+03 -2.183200836181640625e+00
9.554000000000000000e+03 -2.165401458740234375e+00
9.555000000000000000e+03 -2.177819728851318359e+00
9.556000000000000000e+03 -2.129438877105712891e+00
9.557000000000000000e+03 -2.109569072723388672e+00
9.558000000000000000e+03 -2.210269927978515625e+00
9.559000000000000000e+03 -2.227787971496582031e+00
9.560000000000000000e+03 -2.187818288803100586e+00
9.561000000000000000e+03 -2.229964733123779297e+00
9.562000000000000000e+03 -2.152609825134277344e+00
9.563000000000000000e+03 -2.167332649230957031e+00
9.564000000000000000e+03 -2.149550676345825195e+00
9.565000000000000000e+03 -2.165824651718139648e+00
9.566000000000000000e+03 -2.233016252517700195e+00
9.567000000000000000e+03 -2.193071842193603516e+00
9.568000000000000000e+03 -2.233560800552368164e+00
9.569000000000000000e+03 -2.222468376159667969e+00
9.570000000000000000e+03 -2.199592590332031250e+00
9.571000000000000000e+03 -2.190745830535888672e+00
9.572000000000000000e+03 -2.185945749282836914e+00
9.573000000000000000e+03 -2.202945709228515625e+00
9.574000000000000000e+03 -2.243432521820068359e+00
9.575000000000000000e+03 -2.234695672988891602e+00
9.576000000000000000e+03 -2.193568468093872070e+00
9.577000000000000000e+03 -2.194541692733764648e+00
9.578000000000000000e+03 -2.237329244613647461e+00
9.579000000000000000e+03 -2.218277454376220703e+00
9.580000000000000000e+03 -2.215444326400756836e+00
9.581000000000000000e+03 -2.171077489852905273e+00
9.582000000000000000e+03 -2.216483831405639648e+00
9.583000000000000000e+03 -2.183953762054443359e+00
9.584000000000000000e+03 -2.194866657257080078e+00
9.585000000000000000e+03 -2.209674835205078125e+00
9.586000000000000000e+03 -2.228869199752807617e+00
9.587000000000000000e+03 -2.215735673904418945e+00
9.588000000000000000e+03 -2.199789524078369141e+00
9.589000000000000000e+03 -2.188495874404907227e+00
9.590000000000000000e+03 -2.243621587753295898e+00
9.591000000000000000e+03 -2.268214464187622070e+00
9.592000000000000000e+03 -2.232536792755126953e+00
9.593000000000000000e+03 -2.245320558547973633e+00
9.594000000000000000e+03 -2.186408996582031250e+00
9.595000000000000000e+03 -2.259695529937744141e+00
9.596000000000000000e+03 -2.232078552246093750e+00
9.597000000000000000e+03 -2.237945079803466797e+00
9.598000000000000000e+03 -2.226755142211914062e+00
9.599000000000000000e+03 -2.219750404357910156e+00
9.600000000000000000e+03 -2.181952953338623047e+00
9.601000000000000000e+03 -2.219334602355957031e+00
9.602000000000000000e+03 -2.262497425079345703e+00
9.603000000000000000e+03 -2.194434881210327148e+00
9.604000000000000000e+03 -2.228404998779296875e+00
9.605000000000000000e+03 -2.217020034790039062e+00
9.606000000000000000e+03 -2.258234024047851562e+00
9.607000000000000000e+03 -2.219435930252075195e+00
9.608000000000000000e+03 -2.224633693695068359e+00
9.609000000000000000e+03 -2.240651607513427734e+00
9.610000000000000000e+03 -2.254546165466308594e+00
9.611000000000000000e+03 -2.241948604583740234e+00
9.612000000000000000e+03 -2.205705165863037109e+00
9.613000000000000000e+03 -2.212975025177001953e+00
9.614000000000000000e+03 -2.219480514526367188e+00
9.615000000000000000e+03 -2.198782682418823242e+00
9.616000000000000000e+03 -2.245928764343261719e+00
9.617000000000000000e+03 -2.218706130981445312e+00
9.618000000000000000e+03 -2.223046064376831055e+00
9.619000000000000000e+03 -2.237011909484863281e+00
9.620000000000000000e+03 -2.239365816116333008e+00
9.621000000000000000e+03 -2.234745979309082031e+00
9.622000000000000000e+03 -2.199224948883056641e+00
9.623000000000000000e+03 -2.243993520736694336e+00
9.624000000000000000e+03 -2.205502033233642578e+00
9.625000000000000000e+03 -2.190342187881469727e+00
9.626000000000000000e+03 -2.188800811767578125e+00
9.627000000000000000e+03 -2.253254890441894531e+00
9.628000000000000000e+03 -2.248538255691528320e+00
9.629000000000000000e+03 -2.193527698516845703e+00
9.630000000000000000e+03 -2.180287837982177734e+00
9.631000000000000000e+03 -2.189349889755249023e+00
9.632000000000000000e+03 -2.193503141403198242e+00
9.633000000000000000e+03 -2.195110797882080078e+00
9.634000000000000000e+03 -2.226984739303588867e+00
9.635000000000000000e+03 -2.216318368911743164e+00
9.636000000000000000e+03 -2.193961620330810547e+00
9.637000000000000000e+03 -2.166048049926757812e+00
9.638000000000000000e+03 -2.195512771606445312e+00
9.639000000000000000e+03 -2.243724346160888672e+00
9.640000000000000000e+03 -2.141591548919677734e+00
9.641000000000000000e+03 -2.210986614227294922e+00
9.642000000000000000e+03 -2.200059652328491211e+00
9.643000000000000000e+03 -2.180796384811401367e+00
9.644000000000000000e+03 -2.231372356414794922e+00
9.645000000000000000e+03 -2.224175930023193359e+00
9.646000000000000000e+03 -2.262331485748291016e+00
9.647000000000000000e+03 -2.202182292938232422e+00
9.648000000000000000e+03 -2.186190128326416016e+00
9.649000000000000000e+03 -2.229321718215942383e+00
9.650000000000000000e+03 -2.233456611633300781e+00
9.651000000000000000e+03 -2.233078956604003906e+00
9.652000000000000000e+03 -2.256502866744995117e+00
9.653000000000000000e+03 -2.233726739883422852e+00
9.654000000000000000e+03 -2.251256704330444336e+00
9.655000000000000000e+03 -2.244032621383666992e+00
9.656000000000000000e+03 -2.183234453201293945e+00
9.657000000000000000e+03 -2.226057052612304688e+00
9.658000000000000000e+03 -2.250404834747314453e+00
9.659000000000000000e+03 -2.205866575241088867e+00
9.660000000000000000e+03 -2.249564170837402344e+00
9.661000000000000000e+03 -2.284854412078857422e+00
9.662000000000000000e+03 -2.219958305358886719e+00
9.663000000000000000e+03 -2.180999279022216797e+00
9.664000000000000000e+03 -2.171538352966308594e+00
9.665000000000000000e+03 -2.207992553710937500e+00
9.666000000000000000e+03 -2.244437217712402344e+00
9.667000000000000000e+03 -2.217784404754638672e+00
9.668000000000000000e+03 -2.217479228973388672e+00
9.669000000000000000e+03 -2.207689285278320312e+00
9.670000000000000000e+03 -2.240129232406616211e+00
9.671000000000000000e+03 -2.256505727767944336e+00
9.672000000000000000e+03 -2.226224899291992188e+00
9.673000000000000000e+03 -2.233110427856445312e+00
9.674000000000000000e+03 -2.229903697967529297e+00
9.675000000000000000e+03 -2.236157894134521484e+00
9.676000000000000000e+03 -2.235731363296508789e+00
9.677000000000000000e+03 -2.224183559417724609e+00
9.678000000000000000e+03 -2.251823425292968750e+00
9.679000000000000000e+03 -2.199941396713256836e+00
9.680000000000000000e+03 -2.259205818176269531e+00
9.681000000000000000e+03 -2.205749273300170898e+00
9.682000000000000000e+03 -2.231181144714355469e+00
9.683000000000000000e+03 -2.235448598861694336e+00
9.684000000000000000e+03 -2.229642868041992188e+00
9.685000000000000000e+03 -2.231161117553710938e+00
9.686000000000000000e+03 -2.186441421508789062e+00
9.687000000000000000e+03 -2.214840888977050781e+00
9.688000000000000000e+03 -2.195172786712646484e+00
9.689000000000000000e+03 -2.183118820190429688e+00
9.690000000000000000e+03 -2.210344314575195312e+00
9.691000000000000000e+03 -2.221482276916503906e+00
9.692000000000000000e+03 -2.171620607376098633e+00
9.693000000000000000e+03 -2.202244043350219727e+00
9.694000000000000000e+03 -2.194183349609375000e+00
9.695000000000000000e+03 -2.197064399719238281e+00
9.696000000000000000e+03 -2.227486610412597656e+00
9.697000000000000000e+03 -2.202356338500976562e+00
9.698000000000000000e+03 -2.203847885131835938e+00
9.699000000000000000e+03 -2.273047685623168945e+00
9.700000000000000000e+03 -2.218415737152099609e+00
9.701000000000000000e+03 -2.275682449340820312e+00
9.702000000000000000e+03 -2.255421400070190430e+00
9.703000000000000000e+03 -2.179527759552001953e+00
9.704000000000000000e+03 -2.246971607208251953e+00
9.705000000000000000e+03 -2.158779144287109375e+00
9.706000000000000000e+03 -2.229279994964599609e+00
9.707000000000000000e+03 -2.234046459197998047e+00
9.708000000000000000e+03 -2.214811325073242188e+00
9.709000000000000000e+03 -2.230767488479614258e+00
9.710000000000000000e+03 -2.220697402954101562e+00
9.711000000000000000e+03 -2.264835357666015625e+00
9.712000000000000000e+03 -2.237757205963134766e+00
9.713000000000000000e+03 -2.219033718109130859e+00
9.714000000000000000e+03 -2.227421998977661133e+00
9.715000000000000000e+03 -2.203345060348510742e+00
9.716000000000000000e+03 -2.270239830017089844e+00
9.717000000000000000e+03 -2.257782220840454102e+00
9.718000000000000000e+03 -2.236148595809936523e+00
9.719000000000000000e+03 -2.220326662063598633e+00
9.720000000000000000e+03 -2.156815052032470703e+00
9.721000000000000000e+03 -2.235102176666259766e+00
9.722000000000000000e+03 -2.182134151458740234e+00
9.723000000000000000e+03 -2.233155727386474609e+00
9.724000000000000000e+03 -2.208851099014282227e+00
9.725000000000000000e+03 -2.221120595932006836e+00
9.726000000000000000e+03 -2.190715312957763672e+00
9.727000000000000000e+03 -2.227309465408325195e+00
9.728000000000000000e+03 -2.237566709518432617e+00
9.729000000000000000e+03 -2.221637487411499023e+00
9.730000000000000000e+03 -2.216034173965454102e+00
9.731000000000000000e+03 -2.260746002197265625e+00
9.732000000000000000e+03 -2.250540018081665039e+00
9.733000000000000000e+03 -2.210834026336669922e+00
9.734000000000000000e+03 -2.233860969543457031e+00
9.735000000000000000e+03 -2.181358098983764648e+00
9.736000000000000000e+03 -2.176362276077270508e+00
9.737000000000000000e+03 -2.256824254989624023e+00
9.738000000000000000e+03 -2.217842578887939453e+00
9.739000000000000000e+03 -2.267515897750854492e+00
9.740000000000000000e+03 -2.241157054901123047e+00
9.741000000000000000e+03 -2.191561222076416016e+00
9.742000000000000000e+03 -2.177986145019531250e+00
9.743000000000000000e+03 -2.254346609115600586e+00
9.744000000000000000e+03 -2.201734066009521484e+00
9.745000000000000000e+03 -2.168939590454101562e+00
9.746000000000000000e+03 -2.204600334167480469e+00
9.747000000000000000e+03 -2.217973232269287109e+00
9.748000000000000000e+03 -2.243093967437744141e+00
9.749000000000000000e+03 -2.193685770034790039e+00
9.750000000000000000e+03 -2.151221513748168945e+00
9.751000000000000000e+03 -2.119588375091552734e+00
9.752000000000000000e+03 -2.191020727157592773e+00
9.753000000000000000e+03 -2.139716386795043945e+00
9.754000000000000000e+03 -2.142580509185791016e+00
9.755000000000000000e+03 -2.180736064910888672e+00
9.756000000000000000e+03 -2.165641784667968750e+00
9.757000000000000000e+03 -2.240052461624145508e+00
9.758000000000000000e+03 -2.131837368011474609e+00
9.759000000000000000e+03 -2.171727657318115234e+00
9.760000000000000000e+03 -2.187920808792114258e+00
9.761000000000000000e+03 -2.209939002990722656e+00
9.762000000000000000e+03 -2.154341220855712891e+00
9.763000000000000000e+03 -2.197602033615112305e+00
9.764000000000000000e+03 -2.147613286972045898e+00
9.765000000000000000e+03 -2.187028408050537109e+00
9.766000000000000000e+03 -2.198654174804687500e+00
9.767000000000000000e+03 -2.224294424057006836e+00
9.768000000000000000e+03 -2.205952405929565430e+00
9.769000000000000000e+03 -2.243469953536987305e+00
9.770000000000000000e+03 -2.179696798324584961e+00
9.771000000000000000e+03 -2.177191972732543945e+00
9.772000000000000000e+03 -2.140705823898315430e+00
9.773000000000000000e+03 -2.200749874114990234e+00
9.774000000000000000e+03 -2.240689992904663086e+00
9.775000000000000000e+03 -2.227703094482421875e+00
9.776000000000000000e+03 -2.216428279876708984e+00
9.777000000000000000e+03 -2.185206174850463867e+00
9.778000000000000000e+03 -2.195843458175659180e+00
9.779000000000000000e+03 -2.204673528671264648e+00
9.780000000000000000e+03 -2.174803733825683594e+00
9.781000000000000000e+03 -2.158783912658691406e+00
9.782000000000000000e+03 -2.227499008178710938e+00
9.783000000000000000e+03 -2.235321044921875000e+00
9.784000000000000000e+03 -2.178902626037597656e+00
9.785000000000000000e+03 -2.173316717147827148e+00
9.786000000000000000e+03 -2.182563304901123047e+00
9.787000000000000000e+03 -2.158712625503540039e+00
9.788000000000000000e+03 -2.241989612579345703e+00
9.789000000000000000e+03 -2.213907003402709961e+00
9.790000000000000000e+03 -2.222927570343017578e+00
9.791000000000000000e+03 -2.153825759887695312e+00
9.792000000000000000e+03 -2.210675001144409180e+00
9.793000000000000000e+03 -2.175701618194580078e+00
9.794000000000000000e+03 -2.183949708938598633e+00
9.795000000000000000e+03 -2.187215328216552734e+00
9.796000000000000000e+03 -2.233560085296630859e+00
9.797000000000000000e+03 -2.175652742385864258e+00
9.798000000000000000e+03 -2.222208976745605469e+00
9.799000000000000000e+03 -2.206268072128295898e+00
9.800000000000000000e+03 -2.162352561950683594e+00
9.801000000000000000e+03 -2.195370912551879883e+00
9.802000000000000000e+03 -2.217322826385498047e+00
9.803000000000000000e+03 -2.191353321075439453e+00
9.804000000000000000e+03 -2.140696048736572266e+00
9.805000000000000000e+03 -2.192093610763549805e+00
9.806000000000000000e+03 -2.189609766006469727e+00
9.807000000000000000e+03 -2.190935611724853516e+00
9.808000000000000000e+03 -2.169296264648437500e+00
9.809000000000000000e+03 -2.211344480514526367e+00
9.810000000000000000e+03 -2.254265546798706055e+00
9.811000000000000000e+03 -2.226065158843994141e+00
9.812000000000000000e+03 -2.213624715805053711e+00
9.813000000000000000e+03 -2.203038692474365234e+00
9.814000000000000000e+03 -2.233481407165527344e+00
9.815000000000000000e+03 -2.189830780029296875e+00
9.816000000000000000e+03 -2.205531120300292969e+00
9.817000000000000000e+03 -2.212687730789184570e+00
9.818000000000000000e+03 -2.167153596878051758e+00
9.819000000000000000e+03 -2.141230821609497070e+00
9.820000000000000000e+03 -2.214412450790405273e+00
9.821000000000000000e+03 -2.214127540588378906e+00
9.822000000000000000e+03 -2.158851146697998047e+00
9.823000000000000000e+03 -2.205650329589843750e+00
9.824000000000000000e+03 -2.175993442535400391e+00
9.825000000000000000e+03 -2.182636976242065430e+00
9.826000000000000000e+03 -2.171373128890991211e+00
9.827000000000000000e+03 -2.225155115127563477e+00
9.828000000000000000e+03 -2.172069787979125977e+00
9.829000000000000000e+03 -2.234819412231445312e+00
9.830000000000000000e+03 -2.176827430725097656e+00
9.831000000000000000e+03 -2.177988767623901367e+00
9.832000000000000000e+03 -2.149465322494506836e+00
9.833000000000000000e+03 -2.214935302734375000e+00
9.834000000000000000e+03 -2.228480339050292969e+00
9.835000000000000000e+03 -2.214236736297607422e+00
9.836000000000000000e+03 -2.237388849258422852e+00
9.837000000000000000e+03 -2.206399202346801758e+00
9.838000000000000000e+03 -2.145506858825683594e+00
9.839000000000000000e+03 -2.189570665359497070e+00
9.840000000000000000e+03 -2.199485540390014648e+00
9.841000000000000000e+03 -2.230246067047119141e+00
9.842000000000000000e+03 -2.185860157012939453e+00
9.843000000000000000e+03 -2.202622652053833008e+00
9.844000000000000000e+03 -2.179105758666992188e+00
9.845000000000000000e+03 -2.143577575683593750e+00
9.846000000000000000e+03 -2.193979024887084961e+00
9.847000000000000000e+03 -2.252359151840209961e+00
9.848000000000000000e+03 -2.204698085784912109e+00
9.849000000000000000e+03 -2.129966259002685547e+00
9.850000000000000000e+03 -2.168815612792968750e+00
9.851000000000000000e+03 -2.223515033721923828e+00
9.852000000000000000e+03 -2.203298091888427734e+00
9.853000000000000000e+03 -2.266127347946166992e+00
9.854000000000000000e+03 -2.219916820526123047e+00
9.855000000000000000e+03 -2.207198619842529297e+00
9.856000000000000000e+03 -2.238678932189941406e+00
9.857000000000000000e+03 -2.208709955215454102e+00
9.858000000000000000e+03 -2.269615173339843750e+00
9.859000000000000000e+03 -2.230289697647094727e+00
9.860000000000000000e+03 -2.222674369812011719e+00
9.861000000000000000e+03 -2.207443952560424805e+00
9.862000000000000000e+03 -2.251035213470458984e+00
9.863000000000000000e+03 -2.271005153656005859e+00
9.864000000000000000e+03 -2.214571952819824219e+00
9.865000000000000000e+03 -2.248954296112060547e+00
9.866000000000000000e+03 -2.262466907501220703e+00
9.867000000000000000e+03 -2.266704559326171875e+00
9.868000000000000000e+03 -2.234592914581298828e+00
9.869000000000000000e+03 -2.177595376968383789e+00
9.870000000000000000e+03 -2.289375066757202148e+00
9.871000000000000000e+03 -2.233795642852783203e+00
9.872000000000000000e+03 -2.231686592102050781e+00
9.873000000000000000e+03 -2.214303493499755859e+00
9.874000000000000000e+03 -2.245095252990722656e+00
9.875000000000000000e+03 -2.257298707962036133e+00
9.876000000000000000e+03 -2.256964206695556641e+00
9.877000000000000000e+03 -2.328849792480468750e+00
9.878000000000000000e+03 -2.297065258026123047e+00
9.879000000000000000e+03 -2.301048994064331055e+00
9.880000000000000000e+03 -2.276442766189575195e+00
9.881000000000000000e+03 -2.247631549835205078e+00
9.882000000000000000e+03 -2.239522933959960938e+00
9.883000000000000000e+03 -2.316583156585693359e+00
9.884000000000000000e+03 -2.273935556411743164e+00
9.885000000000000000e+03 -2.331328868865966797e+00
9.886000000000000000e+03 -2.306497097015380859e+00
9.887000000000000000e+03 -2.296943902969360352e+00
9.888000000000000000e+03 -2.299440145492553711e+00
9.889000000000000000e+03 -2.277154445648193359e+00
9.890000000000000000e+03 -2.234932661056518555e+00
9.891000000000000000e+03 -2.209072351455688477e+00
9.892000000000000000e+03 -2.156457185745239258e+00
9.893000000000000000e+03 -2.242589473724365234e+00
9.894000000000000000e+03 -2.210551738739013672e+00
9.895000000000000000e+03 -2.225063323974609375e+00
9.896000000000000000e+03 -2.167947530746459961e+00
9.897000000000000000e+03 -2.212669134140014648e+00
9.898000000000000000e+03 -2.221174955368041992e+00
9.899000000000000000e+03 -2.229129076004028320e+00
9.900000000000000000e+03 -2.168541193008422852e+00
9.901000000000000000e+03 -2.180136919021606445e+00
9.902000000000000000e+03 -2.203603029251098633e+00
9.903000000000000000e+03 -2.221848964691162109e+00
9.904000000000000000e+03 -2.279951572418212891e+00
9.905000000000000000e+03 -2.192599058151245117e+00
9.906000000000000000e+03 -2.234163761138916016e+00
9.907000000000000000e+03 -2.228068828582763672e+00
9.908000000000000000e+03 -2.281351804733276367e+00
9.909000000000000000e+03 -2.234552860260009766e+00
9.910000000000000000e+03 -2.250533103942871094e+00
9.911000000000000000e+03 -2.187804222106933594e+00
9.912000000000000000e+03 -2.254366159439086914e+00
9.913000000000000000e+03 -2.299157857894897461e+00
9.914000000000000000e+03 -2.310984373092651367e+00
9.915000000000000000e+03 -2.305500745773315430e+00
9.916000000000000000e+03 -2.253995418548583984e+00
9.917000000000000000e+03 -2.306647300720214844e+00
9.918000000000000000e+03 -2.300498723983764648e+00
9.919000000000000000e+03 -2.268231868743896484e+00
9.920000000000000000e+03 -2.244799613952636719e+00
9.921000000000000000e+03 -2.245998620986938477e+00
9.922000000000000000e+03 -2.288785219192504883e+00
9.923000000000000000e+03 -2.309993028640747070e+00
9.924000000000000000e+03 -2.316848754882812500e+00
9.925000000000000000e+03 -2.252475261688232422e+00
9.926000000000000000e+03 -2.277713298797607422e+00
9.927000000000000000e+03 -2.241758108139038086e+00
9.928000000000000000e+03 -2.263568639755249023e+00
9.929000000000000000e+03 -2.288988351821899414e+00
9.930000000000000000e+03 -2.326641798019409180e+00
9.931000000000000000e+03 -2.292280673980712891e+00
9.932000000000000000e+03 -2.262666463851928711e+00
9.933000000000000000e+03 -2.232104539871215820e+00
9.934000000000000000e+03 -2.206901550292968750e+00
9.935000000000000000e+03 -2.250082015991210938e+00
9.936000000000000000e+03 -2.202117919921875000e+00
9.937000000000000000e+03 -2.290466070175170898e+00
9.938000000000000000e+03 -2.259411334991455078e+00
9.939000000000000000e+03 -2.252832412719726562e+00
9.940000000000000000e+03 -2.257925271987915039e+00
9.941000000000000000e+03 -2.220785617828369141e+00
9.942000000000000000e+03 -2.231343030929565430e+00
9.943000000000000000e+03 -2.254186630249023438e+00
9.944000000000000000e+03 -2.273633480072021484e+00
9.945000000000000000e+03 -2.253616809844970703e+00
9.946000000000000000e+03 -2.227458238601684570e+00
9.947000000000000000e+03 -2.267675876617431641e+00
9.948000000000000000e+03 -2.197582244873046875e+00
9.949000000000000000e+03 -2.188565254211425781e+00
9.950000000000000000e+03 -2.245322227478027344e+00
9.951000000000000000e+03 -2.189544200897216797e+00
9.952000000000000000e+03 -2.273319482803344727e+00
9.953000000000000000e+03 -2.234189987182617188e+00
9.954000000000000000e+03 -2.247991561889648438e+00
9.955000000000000000e+03 -2.244571685791015625e+00
9.956000000000000000e+03 -2.249957084655761719e+00
9.957000000000000000e+03 -2.218025445938110352e+00
9.958000000000000000e+03 -2.230370521545410156e+00
9.959000000000000000e+03 -2.219500780105590820e+00
9.960000000000000000e+03 -2.282121658325195312e+00
9.961000000000000000e+03 -2.244194269180297852e+00
9.962000000000000000e+03 -2.287341833114624023e+00
9.963000000000000000e+03 -2.224453449249267578e+00
9.964000000000000000e+03 -2.282471656799316406e+00
9.965000000000000000e+03 -2.238005161285400391e+00
9.966000000000000000e+03 -2.294802188873291016e+00
9.967000000000000000e+03 -2.256519079208374023e+00
9.968000000000000000e+03 -2.253872394561767578e+00
9.969000000000000000e+03 -2.237524271011352539e+00
9.970000000000000000e+03 -2.290291070938110352e+00
9.971000000000000000e+03 -2.255522966384887695e+00
9.972000000000000000e+03 -2.292586326599121094e+00
9.973000000000000000e+03 -2.237024784088134766e+00
9.974000000000000000e+03 -2.239639997482299805e+00
9.975000000000000000e+03 -2.241623163223266602e+00
9.976000000000000000e+03 -2.273552894592285156e+00
9.977000000000000000e+03 -2.290522098541259766e+00
9.978000000000000000e+03 -2.211708307266235352e+00
9.979000000000000000e+03 -2.271306514739990234e+00
9.980000000000000000e+03 -2.290458202362060547e+00
9.981000000000000000e+03 -2.223567008972167969e+00
9.982000000000000000e+03 -2.210015058517456055e+00
9.983000000000000000e+03 -2.202004194259643555e+00
9.984000000000000000e+03 -2.185406446456909180e+00
9.985000000000000000e+03 -2.293865680694580078e+00
9.986000000000000000e+03 -2.229547500610351562e+00
9.987000000000000000e+03 -2.214823961257934570e+00
9.988000000000000000e+03 -2.242033004760742188e+00
9.989000000000000000e+03 -2.251172542572021484e+00
9.990000000000000000e+03 -2.241132259368896484e+00
9.991000000000000000e+03 -2.308545351028442383e+00
9.992000000000000000e+03 -2.243449211120605469e+00
9.993000000000000000e+03 -2.233734607696533203e+00
9.994000000000000000e+03 -2.230696201324462891e+00
9.995000000000000000e+03 -2.266955614089965820e+00
9.996000000000000000e+03 -2.247185945510864258e+00
9.997000000000000000e+03 -2.229798793792724609e+00
9.998000000000000000e+03 -2.230444192886352539e+00
9.999000000000000000e+03 -2.294464111328125000e+00
