#"Step","Time (ps)","Potential Energy (kJ/mole)","Kinetic Energy (kJ/mole)","Total Energy (kJ/mole)","Temperature (K)","Box Volume (nm^3)","Density (g/mL)","Speed (ns/day)"
1000,4.000000000000003,-713487.048100552,2524.5779765374264,-710962.4701240147,6.893163039505011,435.45975413054254,1.0049907129489113,0
2000,7.999999999999562,-712468.048100552,4430.844675920656,-708037.2034246314,12.098075416048072,435.45975413054254,1.0049907129489113,478
3000,11.999999999999122,-710716.298100552,6583.604849789379,-704132.6932507626,17.97601897784016,435.45975413054254,1.0049907129489113,315
4000,15.999999999998682,-709030.048100552,8883.247169578171,-700146.8009309738,24.255012770137736,435.45975413054254,1.0049907129489113,353
5000,20.000000000000018,-707448.048100552,11022.869872662566,-696425.1782278895,30.097085493760144,435.45975413054254,1.0049907129489113,346
6000,24.000000000001354,-706109.298100552,13300.515447589016,-692808.7826529631,36.316018891772536,435.45975413054254,1.0049907129489113,365
7000,28.00000000000269,-704738.048100552,15469.054755902893,-689268.9933446492,42.2370461480924,435.45975413054254,1.0049907129489113,378
8000,32.00000000000402,-703533.798100552,17730.96235875177,-685802.8357418003,48.41300824220764,435.45975413054254,1.0049907129489113,369
9000,36.000000000001805,-702016.298100552,19996.729668376967,-682019.5684321751,54.599508964299936,435.45975413054254,1.0049907129489113,378
10000,39.99999999999959,-700399.798100552,21912.268085457326,-678487.5300150947,59.829737042055854,435.45975413054254,1.0049907129489113,370
11000,43.99999999999737,-699125.548100552,24204.276882695747,-674921.2712178563,66.08788809707437,435.45975413054254,1.0049907129489113,377
12000,47.999999999995154,-697439.548100552,26394.75562251429,-671044.7924780378,72.06881925803147,435.45975413054254,1.0049907129489113,383
13000,51.99999999999294,-695516.548100552,28637.856425931197,-666878.6916746208,78.19343085478015,435.45975413054254,1.0049907129489113,376
14000,55.99999999999072,-694103.548100552,30831.563844281372,-663271.9842562707,84.18317767036447,435.45975413054254,1.0049907129489113,381
15000,59.9999999999885,-692420.548100552,32935.37873257862,-659485.1693679735,89.92747995167527,435.45975413054254,1.0049907129489113,376
16000,63.99999999998629,-690927.048100552,35772.810136852146,-655154.2379637,97.6748648472272,435.45975413054254,1.0049907129489113,380
17000,67.99999999999118,-688818.048100552,37441.672442200885,-651376.3756583512,102.2315630629943,435.45975413054254,1.0049907129489113,383
18000,71.99999999999606,-686497.548100552,39852.27805269405,-646645.270047858,108.81353345626592,435.45975413054254,1.0049907129489113,380
19000,76.00000000000095,-685301.798100552,42261.50710242329,-643040.2909981287,115.39174525785698,435.45975413054254,1.0049907129489113,383
20000,80.00000000000584,-683635.048100552,44064.15643760597,-639570.8916629461,120.31373851215616,435.45975413054254,1.0049907129489113,379
21000,84.00000000001073,-681035.048100552,45890.508464253624,-635144.5396362984,125.30045011473442,435.45975413054254,1.0049907129489113,381
22000,88.00000000001562,-679590.298100552,48434.97880173943,-631155.3192988127,132.24792769256317,435.45975413054254,1.0049907129489113,384
23000,92.0000000000205,-677126.798100552,50645.508150850976,-626481.289949701,138.28360547659253,435.45975413054254,1.0049907129489113,380
24000,96.0000000000254,-674843.548100552,53017.84782467201,-621825.70027588,144.76109371768194,435.45975413054254,1.0049907129489113,383
25000,100.00000000003028,-673486.798100552,55698.18368253842,-617788.6144180136,152.0795414901866,435.45975413054254,1.0049907129489113,379
26000,104.00000000003517,-671186.548100552,57283.06209635938,-613903.4860041926,156.40692824781172,435.45975413054254,1.0049907129489113,381
27000,108.00000000004006,-668366.548100552,59267.70241883822,-609098.8456817139,161.8258336826067,435.45975413054254,1.0049907129489113,383
28000,112.00000000004495,-665472.548100552,61429.04884703789,-604043.4992535142,167.727221341413,435.45975413054254,1.0049907129489113,381
29000,116.00000000004984,-663142.548100552,63616.51905654972,-599526.0290440023,173.69993794528128,435.45975413054254,1.0049907129489113,383
30000,120.00000000005473,-660044.548100552,66408.03530538338,-593636.5127951687,181.32195509407606,435.45975413054254,1.0049907129489113,380
31000,124.00000000005961,-657249.548100552,68334.17474550451,-588915.3733550475,186.58112843749012,435.45975413054254,1.0049907129489113,382
32000,128.0000000000645,-653223.548100552,70193.61019929947,-583029.9379012526,191.65817175465645,435.45975413054254,1.0049907129489113,383
33000,132.00000000005517,-650415.048100552,72479.7853931596,-577935.2627073925,197.90039461115305,435.45975413054254,1.0049907129489113,380
34000,136.00000000004584,-644790.048100552,74291.13386250613,-570498.9142380459,202.84614017203626,435.45975413054254,1.0049907129489113,382
35000,140.00000000003652,-640416.298100552,76770.04501330352,-563646.2530872485,209.61461350963927,435.45975413054254,1.0049907129489113,379
36000,144.0000000000272,-634554.048100552,78986.60673257575,-555567.4413679764,215.66676220936967,435.45975413054254,1.0049907129489113,380
37000,148.00000000001788,-629953.798100552,81169.48829073692,-548784.3098098151,221.62694985901845,435.45975413054254,1.0049907129489113,381
38000,152.00000000000855,-623336.798100552,83855.45803084574,-539481.3400697063,228.96078050707828,435.45975413054254,1.0049907129489113,379
39000,155.99999999999923,-616386.548100552,84709.81377884466,-531676.7343217074,231.29353216673277,435.45975413054254,1.0049907129489113,380
40000,159.9999999999899,-611620.048100552,87980.22265554027,-523639.8254450118,240.22312824275758,435.45975413054254,1.0049907129489113,378
41000,163.9999999999806,-606796.798100552,89812.30213830661,-516984.49596224545,245.22547821705362,435.45975413054254,1.0049907129489113,379
42000,167.99999999997127,-601124.048100552,92700.17965409314,-508423.86844645895,253.11060228113192,435.45975413054254,1.0049907129489113,380
43000,171.99999999996194,-595905.798100552,94231.15524553909,-501674.64285501296,257.29081159113065,435.45975413054254,1.0049907129489113,378
44000,175.99999999995262,-590635.798100552,97098.94494052877,-493536.8531600233,265.121087429031,435.45975413054254,1.0049907129489113,379
45000,179.9999999999433,-586746.548100552,99362.86496131588,-487383.6831392362,271.30254427319176,435.45975413054254,1.0049907129489113,377
46000,183.99999999993398,-583056.548100552,101813.49022410094,-481243.0578764511,277.99378520221086,435.45975413054254,1.0049907129489113,378
47000,187.99999999992465,-577443.048100552,102908.16478306442,-474534.88331748766,280.9827086105038,435.45975413054254,1.0049907129489113,378
48000,191.99999999991533,-573343.548100552,104942.81653309145,-468400.7315674606,286.5381663432004,435.45975413054254,1.0049907129489113,377
49000,195.999999999906,-568505.048100552,107744.3311931279,-460760.71690742415,294.1874833730832,435.45975413054254,1.0049907129489113,378
50000,199.9999999998967,-564047.798100552,110101.31127017702,-453946.48683037504,300.62303343450304,435.45975413054254,1.0049907129489113,376
51000,203.99999999988736,-564588.298100552,110893.77222864423,-453694.5258719078,302.78678620424284,435.45975413054254,1.0049907129489113,377
52000,207.99999999987804,-564188.727524911,110943.1908682533,-453245.53665665776,302.92171994096304,435.45975413054254,1.0049907129489113,362
53000,211.99999999986872,-564858.037695419,110786.59502224775,-454071.4426731713,302.49414721084446,435.45975413054254,1.0049907129489113,358
54000,215.9999999998594,-564063.3722851654,110747.93619349349,-453315.4360916719,302.38859229750994,435.45975413054254,1.0049907129489113,357
55000,219.99999999985008,-563839.0026347833,110473.79171096568,-453365.2109238176,301.6400621938621,435.45975413054254,1.0049907129489113,353
56000,223.99999999984075,-563645.8182207737,109697.8501356842,-453947.9680850895,299.5214143100357,435.45975413054254,1.0049907129489113,352
57000,227.99999999983143,-563769.6338630463,110339.66092844727,-453429.97293459903,301.2738285654661,435.45975413054254,1.0049907129489113,351
58000,231.9999999998221,-564967.0539354593,110409.96760356461,-454557.08633189474,301.4657954521511,435.45975413054254,1.0049907129489113,348
59000,235.9999999998128,-563733.6610860438,110365.52944295947,-453368.13164308434,301.34446052446265,435.45975413054254,1.0049907129489113,347
60000,239.99999999980346,-563642.4599039424,109153.70261789876,-454488.75728604366,298.03566200113636,435.45975413054254,1.0049907129489113,345
61000,243.99999999979414,-564915.1832126495,109800.26395071685,-455114.9192619327,299.8010472352528,435.45975413054254,1.0049907129489113,344
62000,247.99999999978482,-563910.6655730782,110228.12268742704,-453682.5428856512,300.9692821075482,435.45975413054254,1.0049907129489113,343
63000,251.9999999997755,-564354.7423600671,110797.65881944544,-453557.0835406217,302.52435604520343,435.45975413054254,1.0049907129489113,341
64000,255.99999999976617,-564072.4141294556,110649.5346576003,-453422.87947185524,302.11991458719433,435.45975413054254,1.0049907129489113,340
65000,259.99999999978525,-564314.6493611229,110014.34626057732,-454300.30310054554,300.3855822662388,435.45975413054254,1.0049907129489113,337
66000,263.99999999980434,-564394.5500884247,110503.42309885545,-453891.1269895693,301.7209683848014,435.45975413054254,1.0049907129489113,337
67000,267.99999999982344,-563740.9019701774,110352.07440975288,-453388.8275604246,301.3077226068951,435.45975413054254,1.0049907129489113,335
68000,271.99999999984254,-563427.7911937027,110740.05301768827,-452687.73817601445,302.36706790151214,435.45975413054254,1.0049907129489113,333
69000,275.99999999986164,-564002.3671726706,110339.75273804239,-453662.61443462817,301.27407924439683,435.45975413054254,1.0049907129489113,333
70000,279.99999999988074,-564191.0779645229,110195.42461339972,-453995.65335112315,300.88000256956485,435.45975413054254,1.0049907129489113,331
71000,283.99999999989984,-565623.3751063431,109323.75916408666,-456299.6159422564,298.49998812205735,435.45975413054254,1.0049907129489113,330
72000,287.99999999991894,-565044.1028887318,110726.54810555896,-454317.5547831728,302.33019379344074,435.45975413054254,1.0049907129489113,330
73000,291.99999999993804,-565152.1219733441,109547.12222967413,-455604.99974367,299.10986353189116,435.45975413054254,1.0049907129489113,328
74000,295.99999999995714,-563613.2341455985,109953.39611471907,-453659.8380308794,300.21916265211433,435.45975413054254,1.0049907129489113,328
75000,299.99999999997624,-563697.0970293614,109884.59368599148,-453812.5033433699,300.03130299274125,435.45975413054254,1.0049907129489113,326
76000,303.99999999999534,-564662.2313232268,109637.96092886769,-455024.27039435913,299.3578915071239,435.45975413054254,1.0049907129489113,326
77000,308.00000000001444,-564380.1987006525,110365.60128851919,-454014.59741213324,301.3446566931536,435.45975413054254,1.0049907129489113,325
78000,312.00000000003354,-563506.5959046753,110040.78774684074,-453465.8081578346,300.457778679863,435.45975413054254,1.0049907129489113,324
79000,316.00000000005264,-563999.6293152566,110413.14190785456,-453586.487407402,301.47446264215705,435.45975413054254,1.0049907129489113,323
80000,320.00000000007174,-563380.9543089825,110229.93401534419,-453151.0202936383,300.9742277969929,435.45975413054254,1.0049907129489113,322
81000,324.00000000009084,-563250.244038065,110613.11777055368,-452637.1262675113,302.02048112063613,435.45975413054254,1.0049907129489113,322
82000,328.00000000010994,-562821.6914516441,110432.08835400772,-452389.60309763637,301.52619443399186,435.45975413054254,1.0049907129489113,322
83000,332.00000000012903,-564661.2741972008,109139.63222930057,-455521.6419679002,297.99724390372046,435.45975413054254,1.0049907129489113,320
84000,336.00000000014813,-563566.7841461296,111245.17549352473,-452321.60865260486,303.7462653805438,435.45975413054254,1.0049907129489113,320
85000,340.00000000016723,-564426.0229720874,110443.69251772994,-453982.33045435743,301.55787869695297,435.45975413054254,1.0049907129489113,319
86000,344.00000000018633,-565044.7119454481,109798.6416269769,-455246.0703184712,299.796617606956,435.45975413054254,1.0049907129489113,318
87000,348.00000000020543,-564551.5220406996,109709.83138276968,-454841.6906579299,299.5541281696766,435.45975413054254,1.0049907129489113,318
88000,352.00000000022453,-564133.8954265532,108850.80513577365,-455283.09029077954,297.2086240771948,435.45975413054254,1.0049907129489113,317
89000,356.00000000024363,-564477.8746143659,111146.85337883577,-453331.0212355301,303.47780452362485,435.45975413054254,1.0049907129489113,316
90000,360.00000000026273,-564505.2228617514,110477.72504321247,-454027.497818539,301.65080185043735,435.45975413054254,1.0049907129489113,315
91000,364.00000000028183,-564603.2992631788,110188.60548788257,-454414.69377529627,300.8613834797949,435.45975413054254,1.0049907129489113,315
92000,368.00000000030093,-564879.3705558456,110638.65224632033,-454240.7183095252,302.09020101292055,435.45975413054254,1.0049907129489113,315
93000,372.00000000032003,-564249.7472462677,109955.42911588133,-454294.3181303864,300.22471360304604,435.45975413054254,1.0049907129489113,313
94000,376.0000000003391,-563419.7233158774,109740.75838337943,-453678.96493249794,299.63857192998313,435.45975413054254,1.0049907129489113,313
95000,380.0000000003582,-564599.0919108363,109412.32879401905,-455186.7631168172,298.74182058084716,435.45975413054254,1.0049907129489113,312
96000,384.0000000003773,-565222.8010964668,110542.02975339134,-454680.7713430755,301.82638084050643,435.45975413054254,1.0049907129489113,312
97000,388.0000000003964,-563525.4641350876,110049.91179492977,-453475.5523401578,300.48269118074137,435.45975413054254,1.0049907129489113,312
98000,392.0000000004155,-565244.6205188483,110783.36248492694,-454461.25803392136,302.4853210200946,435.45975413054254,1.0049907129489113,310
99000,396.0000000004346,-565359.6456060084,110426.46196678205,-454933.1836392263,301.51083202299475,435.45975413054254,1.0049907129489113,310
100000,400.0000000004537,-564521.1960792029,110577.53004737262,-453943.6660318303,301.92331162126965,435.45975413054254,1.0049907129489113,310
101000,404.0000000004728,-563843.4606478177,110849.00855416991,-452994.4520936478,302.66456248635154,435.45975413054254,1.0049907129489113,309
102000,408.0000000004919,-565397.8326468412,110075.05540464577,-455322.77724219544,300.55134384379426,435.45975413054254,1.0049907129489113,309
103000,412.000000000511,-565018.7065753019,110770.1298963005,-454248.57667900145,302.4491904700841,435.45975413054254,1.0049907129489113,309
104000,416.0000000005301,-564513.1071903482,110071.79240672084,-454441.3147836274,300.54243448274343,435.45975413054254,1.0049907129489113,308
105000,420.0000000005492,-564340.8626408107,110286.51322410611,-454054.34941670456,301.1287129086697,435.45975413054254,1.0049907129489113,307
106000,424.0000000005683,-564705.9306165655,110220.96372432378,-454484.96689224173,300.94973511778466,435.45975413054254,1.0049907129489113,307
107000,428.0000000005874,-563310.5952470512,110576.72008147824,-452733.875165573,301.9211000726392,435.45975413054254,1.0049907129489113,307
108000,432.0000000006065,-564718.0946491403,110651.03421182855,-454067.0604373117,302.12400900292556,435.45975413054254,1.0049907129489113,306
109000,436.0000000006256,-564134.8410373325,110220.38948299421,-453914.45155433833,300.9481671966725,435.45975413054254,1.0049907129489113,306
110000,440.0000000006447,-563985.9435593807,110707.54178210348,-453278.40177727723,302.27829851130736,435.45975413054254,1.0049907129489113,306
111000,444.0000000006638,-564731.6230242169,110820.99283402282,-453910.630190194,302.5880677500282,435.45975413054254,1.0049907129489113,305
112000,448.0000000006829,-563794.6436995682,109891.01374205237,-453903.62995751586,300.0488324545213,435.45975413054254,1.0049907129489113,305
113000,452.000000000702,-565346.4096282199,109989.86536549032,-455356.5442627296,300.31873909373394,435.45975413054254,1.0049907129489113,305
114000,456.0000000007211,-564778.2695320486,109960.96684520203,-454817.3026868466,300.2398339405563,435.45975413054254,1.0049907129489113,305
115000,460.0000000007402,-563482.5111199748,109974.01267072803,-453508.49844924675,300.275454548504,435.45975413054254,1.0049907129489113,304
116000,464.0000000007593,-563869.6156694307,109978.83400888846,-453890.78166054224,300.2886188358888,435.45975413054254,1.0049907129489113,304
117000,468.0000000007784,-564673.1761942878,110004.34367967868,-454668.83251460915,300.35827100012193,435.45975413054254,1.0049907129489113,304
118000,472.0000000007975,-564843.2926445776,110533.07851188857,-454310.214132689,301.80194017451873,435.45975413054254,1.0049907129489113,303
119000,476.0000000008166,-564528.7797232764,109719.761932839,-454809.0177904374,299.5812427612384,435.45975413054254,1.0049907129489113,303
120000,480.0000000008357,-563228.1652382533,110292.06525717792,-452936.0999810754,301.1438723014555,435.45975413054254,1.0049907129489113,302
121000,484.0000000008548,-564095.3803178985,110145.42058642162,-453949.95973147685,300.743470478342,435.45975413054254,1.0049907129489113,302
122000,488.0000000008739,-564068.8188249436,110962.72186542011,-453106.0969595235,302.97504780369746,435.45975413054254,1.0049907129489113,302
123000,492.000000000893,-563793.5133246421,110150.17867503839,-453643.3346496037,300.7564620677865,435.45975413054254,1.0049907129489113,302
124000,496.0000000009121,-563486.6363241188,109306.37286944303,-454180.2634546758,298.45251620209876,435.45975413054254,1.0049907129489113,302
125000,500.0000000009312,-565145.0271362066,110193.58563188213,-454951.4415043245,300.8749813741234,435.45975413054254,1.0049907129489113,301
126000,504.0000000009503,-563641.8301569824,110042.85653164593,-453598.9736253365,300.4634273352376,435.45975413054254,1.0049907129489113,301
127000,508.0000000009694,-563554.1638798439,110677.6400889589,-452876.523790885,302.1966542729759,435.45975413054254,1.0049907129489113,301
128000,512.0000000009885,-564026.8912094911,110373.97963241744,-453652.9115770736,301.3675331069655,435.45975413054254,1.0049907129489113,300
129000,516.0000000010076,-564227.9290076676,110067.50035798189,-454160.4286496857,300.5307153787957,435.45975413054254,1.0049907129489113,300
130000,520.0000000010267,-564481.2160839154,111004.50385325565,-453476.7122306598,303.0891302590391,435.45975413054254,1.0049907129489113,300
131000,524.0000000010458,-564596.0335042616,110186.89238303644,-454409.1411212252,300.85670598077604,435.45975413054254,1.0049907129489113,300
132000,528.0000000010649,-564498.4739450798,109855.0380431998,-454643.43590188003,299.9506036178779,435.45975413054254,1.0049907129489113,300
133000,532.000000001084,-564459.093332463,111214.49363433756,-453244.5996981254,303.66249095975036,435.45975413054254,1.0049907129489113,299
134000,536.0000000011031,-564579.4888799991,110230.73426582763,-454348.7546141715,300.97641281845233,435.45975413054254,1.0049907129489113,299
135000,540.0000000011222,-564324.2016958576,109214.95720754197,-455109.2444883156,298.2029128752439,435.45975413054254,1.0049907129489113,299
136000,544.0000000011413,-564064.3606530633,110421.72897256748,-453642.6316804958,301.49790895185595,435.45975413054254,1.0049907129489113,299
137000,548.0000000011604,-563845.7832325785,110198.4582194899,-453647.32501308864,300.88828559412246,435.45975413054254,1.0049907129489113,299
138000,552.0000000011795,-565727.4236528422,109726.46020964847,-456000.9634431937,299.59953188304826,435.45975413054254,1.0049907129489113,298
139000,556.0000000011986,-564527.1384396567,109585.5433309041,-454941.5951087526,299.21476934878285,435.45975413054254,1.0049907129489113,298
140000,560.0000000012177,-565004.47852046,110378.70978091698,-454625.768739543,301.38044840810153,435.45975413054254,1.0049907129489113,298
141000,564.0000000012368,-565646.763706808,111261.9289434787,-454384.83476332924,303.79200936749135,435.45975413054254,1.0049907129489113,297
142000,568.0000000012559,-563990.9018276371,110342.98753597855,-453647.91429165856,301.2829116075804,435.45975413054254,1.0049907129489113,298
143000,572.000000001275,-564335.9508300414,109533.79888015514,-454802.1519498863,299.07348516635034,435.45975413054254,1.0049907129489113,297
144000,576.0000000012941,-563580.737680532,110088.5765353762,-453492.16114515584,300.58826223548965,435.45975413054254,1.0049907129489113,297
145000,580.0000000013132,-564619.9405397507,109753.47053140882,-454866.47000834194,299.67328145758063,435.45975413054254,1.0049907129489113,297
146000,584.0000000013323,-563962.9364620834,110745.44519367896,-453217.4912684044,302.38179081702,435.45975413054254,1.0049907129489113,297
147000,588.0000000013514,-565158.399313313,111565.7828010195,-453592.61651229346,304.6216585998292,435.45975413054254,1.0049907129489113,297
148000,592.0000000013705,-562698.095767763,110320.22190196335,-452377.87386579963,301.2207518215001,435.45975413054254,1.0049907129489113,296
149000,596.0000000013896,-562675.6104834587,109889.53040187678,-452786.08008158195,300.04478230999484,435.45975413054254,1.0049907129489113,296
150000,600.0000000014087,-563560.5388981169,109682.28096322907,-453878.25793488784,299.47890390032734,435.45975413054254,1.0049907129489113,296
151000,604.0000000014278,-564607.8683271911,110951.10199917003,-453656.76632802107,302.9433206662101,435.45975413054254,1.0049907129489113,296
152000,608.0000000014469,-563785.849824076,110196.15253556403,-453589.697288512,300.8819901041965,435.45975413054254,1.0049907129489113,296
153000,612.000000001466,-565162.391645777,109664.22175353311,-455498.1698922439,299.42959463836127,435.45975413054254,1.0049907129489113,295
154000,616.0000000014851,-565066.3227134692,110266.42508277536,-454799.8976306938,301.0738638072989,435.45975413054254,1.0049907129489113,295
155000,620.0000000015042,-565852.0812391876,109346.54237171542,-456505.5388674722,298.5621958915172,435.45975413054254,1.0049907129489113,295
156000,624.0000000015233,-564101.4793995619,109883.89287911996,-454217.5865204419,300.0293894942993,435.45975413054254,1.0049907129489113,295
157000,628.0000000015424,-563120.1686045178,109950.98373676189,-453169.1848677559,300.21257584246683,435.45975413054254,1.0049907129489113,295
158000,632.0000000015615,-564876.4413455161,109560.13692528795,-455316.3044202282,299.14539914204437,435.45975413054254,1.0049907129489113,294
159000,636.0000000015806,-562775.9199337107,110059.54548623943,-452716.3744474713,300.5089952226394,435.45975413054254,1.0049907129489113,294
160000,640.0000000015997,-565042.9326680317,109576.93040174642,-455466.00226628524,299.19125241823707,435.45975413054254,1.0049907129489113,294
161000,644.0000000016188,-564201.6136464518,109859.14670623011,-454342.4669402217,299.96182200146734,435.45975413054254,1.0049907129489113,294
162000,648.0000000016379,-563790.2524395231,110418.42469204345,-453371.82774747966,301.4888868718917,435.45975413054254,1.0049907129489113,294
163000,652.000000001657,-564248.2478026785,110095.88386912434,-454152.36393355415,300.6082143397139,435.45975413054254,1.0049907129489113,294
164000,656.0000000016761,-564482.1688773204,111405.85497080907,-453076.3139065113,304.1849881470089,435.45975413054254,1.0049907129489113,294
165000,660.0000000016952,-563315.9749349379,110512.13830635732,-452803.8366285806,301.7447645783798,435.45975413054254,1.0049907129489113,293
166000,664.0000000017143,-564041.4795676437,109716.43342680356,-454325.04614084016,299.57215453540675,435.45975413054254,1.0049907129489113,293
167000,668.0000000017334,-563293.5359406793,110429.47184818587,-452864.0640924934,301.5190502691487,435.45975413054254,1.0049907129489113,293
168000,672.0000000017525,-564216.7589301411,110158.98501596617,-454057.77391417493,300.78050709406847,435.45975413054254,1.0049907129489113,293
169000,676.0000000017716,-564430.8582019326,110587.86171669204,-453842.9964852406,301.9515214376235,435.45975413054254,1.0049907129489113,293
170000,680.0000000017907,-564604.410053236,110201.9549635246,-454402.45508971135,300.8978331806746,435.45975413054254,1.0049907129489113,292
171000,684.0000000018098,-563933.5926618311,109851.75926377834,-454081.8333980527,299.94165116668296,435.45975413054254,1.0049907129489113,292
172000,688.0000000018289,-564684.5901059811,109533.32269500343,-455151.2674109777,299.07218497997536,435.45975413054254,1.0049907129489113,292
173000,692.000000001848,-564282.1787840705,109695.42549392243,-454586.7532901481,299.51479401502735,435.45975413054254,1.0049907129489113,292
174000,696.0000000018671,-564192.7982546566,111184.347347954,-453008.4509067026,303.5801788786783,435.45975413054254,1.0049907129489113,292
175000,700.0000000018862,-565412.7020576922,110816.00812524301,-454596.6939324492,302.57445739192354,435.45975413054254,1.0049907129489113,291
176000,704.0000000019053,-565183.5710948901,109644.39225755143,-455539.1788373387,299.37545174792047,435.45975413054254,1.0049907129489113,291
177000,708.0000000019244,-563378.3190915431,110405.0195252829,-452973.2995662602,301.45228511076135,435.45975413054254,1.0049907129489113,291
178000,712.0000000019435,-564124.9315377814,110340.41386930982,-453784.51766847156,301.2758844116998,435.45975413054254,1.0049907129489113,291
179000,716.0000000019626,-564496.2872334099,110158.14635946054,-454338.1408739494,300.77821720796425,435.45975413054254,1.0049907129489113,290
180000,720.0000000019817,-565232.1289865039,109607.22853311256,-455624.90045339137,299.27397910017766,435.45975413054254,1.0049907129489113,290
181000,724.0000000020008,-563558.5433364608,109215.50946646475,-454343.0338699961,298.2044207751108,435.45975413054254,1.0049907129489113,290
182000,728.0000000020199,-564682.8307524147,110175.23478463735,-454507.5959677773,300.8248758186021,435.45975413054254,1.0049907129489113,290
183000,732.000000002039,-564802.7048926549,109914.90435007901,-454887.8005425759,300.11406389429897,435.45975413054254,1.0049907129489113,290
184000,736.0000000020581,-563925.4857128626,110727.83611682209,-453197.6495960405,302.3337106076235,435.45975413054254,1.0049907129489113,290
185000,740.0000000020772,-564193.7912167213,110194.236567427,-453999.5546492943,300.87675870280196,435.45975413054254,1.0049907129489113,289
186000,744.0000000020963,-563292.7038291162,109850.78038588652,-453441.92344322964,299.9389784170326,435.45975413054254,1.0049907129489113,290
187000,748.0000000021154,-563846.3654101063,110374.87216303535,-453471.49324707093,301.3699700921266,435.45975413054254,1.0049907129489113,290
188000,752.0000000021345,-565220.5089054266,110802.02181366342,-454418.4870917632,302.53626886024205,435.45975413054254,1.0049907129489113,289
189000,756.0000000021536,-564922.4217736418,110652.52092391619,-454269.90084972564,302.1280683541946,435.45975413054254,1.0049907129489113,289
190000,760.0000000021727,-564949.8619481707,109457.87452514179,-455491.9874230289,298.8661796433519,435.45975413054254,1.0049907129489113,289
191000,764.0000000021918,-564370.7967370213,108987.34248961107,-455383.45424741023,297.5814286606662,435.45975413054254,1.0049907129489113,289
192000,768.0000000022109,-564426.5577020561,109852.54274422792,-454574.0149578282,299.94379039887434,435.45975413054254,1.0049907129489113,289
193000,772.00000000223,-563908.0458684722,110281.20766275725,-453626.83820571494,301.11422648767825,435.45975413054254,1.0049907129489113,289
194000,776.0000000022491,-564216.4796429835,110662.21548068097,-453554.26416230254,302.1545385844654,435.45975413054254,1.0049907129489113,289
195000,780.0000000022682,-565272.9377131504,110168.50135855481,-455104.4363545956,300.80649072444663,435.45975413054254,1.0049907129489113,288
196000,784.0000000022873,-564374.8410973623,109892.92509418656,-454481.9160031758,300.05405125228054,435.45975413054254,1.0049907129489113,288
197000,788.0000000023064,-564043.6346592605,110357.16473197623,-453686.4699272843,301.32162133426067,435.45975413054254,1.0049907129489113,288
198000,792.0000000023255,-565332.6678315019,111178.46356483191,-454154.20426667004,303.56411366828405,435.45975413054254,1.0049907129489113,288
199000,796.0000000023446,-563066.8227597242,109624.12753004348,-453442.69522968074,299.32012049178115,435.45975413054254,1.0049907129489113,288
200000,800.0000000023637,-564246.8014781172,110380.87262914411,-453865.9288489731,301.3863538963051,435.45975413054254,1.0049907129489113,287
201000,804.0000000023828,-563636.8405719707,110380.36643990688,-453256.4741320638,301.3849717861173,435.45975413054254,1.0049907129489113,287
202000,808.0000000024019,-564124.5266540088,109783.54720373714,-454340.97945027164,299.7554034629105,435.45975413054254,1.0049907129489113,287
203000,812.000000002421,-564591.1359188841,110033.33490986028,-454557.8010090238,300.43742929042423,435.45975413054254,1.0049907129489113,287
204000,816.0000000024401,-564393.7748687058,110462.10551707388,-453931.6693516319,301.608153953928,435.45975413054254,1.0049907129489113,287
205000,820.0000000024592,-564363.3967249179,109787.75724509463,-454575.6394798233,299.7668986521065,435.45975413054254,1.0049907129489113,287
206000,824.0000000024783,-564389.4888833854,110128.03656733123,-454261.4523160542,300.69600477160384,435.45975413054254,1.0049907129489113,287
207000,828.0000000024974,-565011.735372752,109820.01058249036,-455191.7247902616,299.8549638714434,435.45975413054254,1.0049907129489113,287
208000,832.0000000025165,-564601.490081023,110137.76001977758,-454463.7300612454,300.7225538992768,435.45975413054254,1.0049907129489113,287
209000,836.0000000025356,-562994.7658234285,110156.27098598116,-452838.49483744736,300.7730966471127,435.45975413054254,1.0049907129489113,287
210000,840.0000000025547,-563439.802086914,111160.16992296511,-452279.63216394885,303.51416430758053,435.45975413054254,1.0049907129489113,287
211000,844.0000000025738,-565134.0355832595,110642.41025923414,-454491.6253240254,302.1004619737466,435.45975413054254,1.0049907129489113,287
212000,848.0000000025929,-563619.5822080099,110533.11522839044,-453086.46697961946,301.8020404260601,435.45975413054254,1.0049907129489113,287
213000,852.000000002612,-563913.3439854658,110267.29026276973,-453646.0537226961,301.0762261137181,435.45975413054254,1.0049907129489113,286
214000,856.000000002631,-563926.3406176777,109696.8488553371,-454229.49176234053,299.51868039223046,435.45975413054254,1.0049907129489113,287
215000,860.0000000026502,-562533.6748363245,109205.98103349848,-453327.69380282605,298.17840413290054,435.45975413054254,1.0049907129489113,286
216000,864.0000000026693,-564168.4539882559,110919.94854643714,-453248.5054418188,302.8582585960633,435.45975413054254,1.0049907129489113,286
217000,868.0000000026884,-564148.4234804516,110783.44799275545,-453364.9754876961,302.4855544925437,435.45975413054254,1.0049907129489113,286
218000,872.0000000027075,-565458.7347735777,109905.49207909586,-455553.2426944818,300.0883644233134,435.45975413054254,1.0049907129489113,286
219000,876.0000000027266,-563684.0260595875,110980.91087565321,-452703.1151839343,303.024711475895,435.45975413054254,1.0049907129489113,286
220000,880.0000000027457,-563495.4449802823,109840.49578428257,-453654.94919599977,299.9108971154007,435.45975413054254,1.0049907129489113,286
221000,884.0000000027648,-563694.3067072327,110007.65629141027,-453686.65041582246,300.3673158277979,435.45975413054254,1.0049907129489113,286
222000,888.0000000027838,-564121.6559165479,110283.4734014748,-453838.1825150731,301.12041291033194,435.45975413054254,1.0049907129489113,286
223000,892.000000002803,-563416.8837104943,110263.28495201003,-453153.59875848424,301.06528992543355,435.45975413054254,1.0049907129489113,286
224000,896.000000002822,-562972.8794610566,110557.81200804829,-452415.06745300826,301.86947305452895,435.45975413054254,1.0049907129489113,286
225000,900.0000000028411,-565515.6205684212,110273.50458746467,-455242.1159809565,301.0931938420675,435.45975413054254,1.0049907129489113,285
226000,904.0000000028602,-564676.0238878974,110279.84054596387,-454396.18334193353,301.11049368202185,435.45975413054254,1.0049907129489113,285
227000,908.0000000028793,-564614.9019009308,109256.55028172571,-455358.3516192051,298.31647951661023,435.45975413054254,1.0049907129489113,286
228000,912.0000000028984,-564317.6634937697,110204.2592875436,-454113.4042062261,300.90412495748103,435.45975413054254,1.0049907129489113,285
229000,916.0000000029175,-565222.3971441011,110130.74259748147,-455091.6545466196,300.7033933756354,435.45975413054254,1.0049907129489113,285
230000,920.0000000029366,-564692.7579352758,109294.93670456589,-455397.8212307099,298.4212906468664,435.45975413054254,1.0049907129489113,285
231000,924.0000000029557,-563689.0548967058,111207.688388829,-452481.3665078768,303.64390976826,435.45975413054254,1.0049907129489113,285
232000,928.0000000029748,-565908.9293029034,110705.5566804884,-455203.37262241496,302.27287834634916,435.45975413054254,1.0049907129489113,285
233000,932.0000000029939,-564431.0892214067,108370.66198830458,-456060.42723310215,295.8976307038212,435.45975413054254,1.0049907129489113,285
234000,936.000000003013,-565116.1955541684,111032.99737547745,-454083.198178691,303.1669295966195,435.45975413054254,1.0049907129489113,285
235000,940.0000000030321,-563183.3398589292,109882.60373863048,-453300.7361202987,300.0258695968522,435.45975413054254,1.0049907129489113,285
236000,944.0000000030512,-562546.7278361907,110939.99401138106,-451606.73382480966,302.9129911728921,435.45975413054254,1.0049907129489113,285
237000,948.0000000030703,-564117.7269272152,109834.00694516231,-454283.7199820529,299.89317984684783,435.45975413054254,1.0049907129489113,285
238000,952.0000000030894,-565227.8917665882,110993.32952317412,-454234.5622434141,303.05861962327145,435.45975413054254,1.0049907129489113,285
239000,956.0000000031085,-564183.6487923432,109853.89998537669,-454329.7488069665,299.9474962398543,435.45975413054254,1.0049907129489113,285
240000,960.0000000031276,-563349.5562080606,109878.39861514186,-453471.1575929187,300.01438783551316,435.45975413054254,1.0049907129489113,285
241000,964.0000000031467,-563589.3381244214,110159.75477849483,-453429.5833459266,300.7826088705479,435.45975413054254,1.0049907129489113,285
242000,968.0000000031658,-564956.0539699779,110261.31547270331,-454694.7384972746,301.0599124159685,435.45975413054254,1.0049907129489113,285
243000,972.0000000031849,-563709.9179588668,110276.41798648785,-453433.49997237895,301.10114865061473,435.45975413054254,1.0049907129489113,285
244000,976.000000003204,-565121.5929636573,110568.30380088442,-454553.28916277294,301.8981200756423,435.45975413054254,1.0049907129489113,285
245000,980.0000000032231,-565823.7227078858,110954.6063951503,-454869.1163127355,302.95288914580215,435.45975413054254,1.0049907129489113,284
246000,984.0000000032422,-565477.7329149409,109902.3393089074,-455575.3936060335,300.07975603049005,435.45975413054254,1.0049907129489113,284
247000,988.0000000032613,-563400.2475774037,109414.42173510292,-453985.8258423008,298.74753519305455,435.45975413054254,1.0049907129489113,284
248000,992.0000000032804,-564864.4035336287,110064.21713912228,-454800.18639450637,300.52175080606156,435.45975413054254,1.0049907129489113,284
249000,996.0000000032995,-564677.8131546187,111043.59139507759,-453634.22175954113,303.19585573992987,435.45975413054254,1.0049907129489113,284
250000,1000.0000000033186,-563868.2590756714,110360.2159590429,-453508.04311662854,301.32995247151865,435.45975413054254,1.0049907129489113,284
251000,1004.0000000033377,-563718.0862204218,110285.30663378548,-453432.77958663634,301.1254184080128,435.45975413054254,1.0049907129489113,284
252000,1008.0000000033568,-564264.365585282,110473.65552340494,-453790.71006187703,301.6396903443613,435.45975413054254,1.0049907129489113,284
253000,1012.0000000033759,-563476.3181831716,109887.07717993739,-453589.2410032342,300.0380839790431,435.45975413054254,1.0049907129489113,284
254000,1016.000000003395,-565215.0197740556,110530.57940181613,-454684.44037223945,301.7951165496027,435.45975413054254,1.0049907129489113,284
255000,1020.0000000034141,-564463.5522304391,110243.502820416,-454220.04941002314,301.0112763597549,435.45975413054254,1.0049907129489113,284
256000,1024.0000000034331,-563633.524204813,110892.20949296007,-452741.3147118529,302.7825192764796,435.45975413054254,1.0049907129489113,284
257000,1028.0000000033385,-563426.0135594644,110094.96003041544,-453331.0535290489,300.60569187025493,435.45975413054254,1.0049907129489113,284
258000,1032.000000003244,-564740.8423849405,110523.2974501992,-454217.5449347413,301.77523374930587,435.45975413054254,1.0049907129489113,284
259000,1036.0000000031494,-565928.911465913,111065.75509634573,-454863.1563695673,303.2563719956447,435.45975413054254,1.0049907129489113,284
260000,1040.0000000030548,-564852.210457697,109951.07673489267,-454901.13372280437,300.21282976660143,435.45975413054254,1.0049907129489113,283
261000,1044.0000000029602,-564842.2245890885,110118.7413432562,-454723.48324583226,300.6706248880616,435.45975413054254,1.0049907129489113,284
262000,1048.0000000028656,-564139.3191514844,109421.49839837657,-454717.82075310784,298.7668574695595,435.45975413054254,1.0049907129489113,284
263000,1052.000000002771,-563993.1147990562,109564.02641165687,-454429.08838739933,299.15601908087376,435.45975413054254,1.0049907129489113,284
264000,1056.0000000026764,-564048.3349879924,111032.78572018954,-453015.54926780285,303.1663516883824,435.45975413054254,1.0049907129489113,284
265000,1060.0000000025818,-564386.4022777677,110312.24986878014,-454074.1524089875,301.19898480736987,435.45975413054254,1.0049907129489113,283
266000,1064.0000000024872,-565311.3365733903,109189.17807614198,-456122.1584972483,298.132524969856,435.45975413054254,1.0049907129489113,284
267000,1068.0000000023927,-563753.2814913015,110162.12124750222,-453591.16024379927,300.7890703293927,435.45975413054254,1.0049907129489113,284
268000,1072.000000002298,-564690.9953947281,110288.70973030699,-454402.28566442116,301.1347102973424,435.45975413054254,1.0049907129489113,283
269000,1076.0000000022035,-564178.5573313329,110110.94774624333,-454067.6095850896,300.6493450799617,435.45975413054254,1.0049907129489113,283
270000,1080.000000002109,-563832.6850304599,110172.0322151219,-453660.652815338,300.8161314526049,435.45975413054254,1.0049907129489113,283
271000,1084.0000000020143,-564448.4550518235,110119.56086463702,-454328.8941871865,300.6728625272016,435.45975413054254,1.0049907129489113,283
272000,1088.0000000019197,-564533.6235450432,110260.87759865215,-454272.745946391,301.05871683506206,435.45975413054254,1.0049907129489113,284
273000,1092.0000000018251,-563833.118342937,109525.93089088652,-454307.18745205045,299.05200223600485,435.45975413054254,1.0049907129489113,283
274000,1096.0000000017305,-563988.2374943071,110884.34633091651,-453103.8911633906,302.7610495264952,435.45975413054254,1.0049907129489113,283
275000,1100.000000001636,-565074.883927186,110015.89704773593,-455058.9868794501,300.3898165694861,435.45975413054254,1.0049907129489113,283
276000,1104.0000000015414,-564714.9756629658,110160.77166973555,-454554.20399323024,300.7853854126793,435.45975413054254,1.0049907129489113,283
277000,1108.0000000014468,-564022.4228441119,110632.1448038955,-453390.2780402164,302.0724329494971,435.45975413054254,1.0049907129489113,283
278000,1112.0000000013522,-566299.6850024872,110763.49158322776,-455536.1934192594,302.4310650745753,435.45975413054254,1.0049907129489113,283
279000,1116.0000000012576,-564973.3961208523,110484.06698075961,-454489.3291400927,301.6681180157154,435.45975413054254,1.0049907129489113,283
280000,1120.000000001163,-564877.5243722214,110506.75569549025,-454370.76867673115,301.7300677796951,435.45975413054254,1.0049907129489113,283
281000,1124.0000000010684,-563886.6637205919,110801.42634842976,-453085.23737216217,302.53464298891697,435.45975413054254,1.0049907129489113,283
282000,1128.0000000009738,-563377.766570854,111140.17900531698,-452237.587565537,303.45958066788376,435.45975413054254,1.0049907129489113,284
283000,1132.0000000008793,-564141.6574217514,110526.92523005838,-453614.73219169304,301.78513911894515,435.45975413054254,1.0049907129489113,283
284000,1136.0000000007847,-565679.738288166,109624.6299526669,-456055.10833549907,299.32149231752396,435.45975413054254,1.0049907129489113,283
285000,1140.00000000069,-564691.3627284793,111808.6996690925,-452882.66305938683,305.2849241405394,435.45975413054254,1.0049907129489113,283
286000,1144.0000000005955,-563994.6216224143,111014.3103956682,-452980.3112267461,303.11590625737693,435.45975413054254,1.0049907129489113,283
287000,1148.000000000501,-564346.9897167124,110396.35800253428,-453950.63171417813,301.4286354992098,435.45975413054254,1.0049907129489113,284
288000,1152.0000000004063,-565291.0403791657,110331.20387487893,-454959.83650428674,301.2507372410459,435.45975413054254,1.0049907129489113,283
289000,1156.0000000003117,-565021.0573031595,108848.79552513221,-456172.2617780273,297.20313699225386,435.45975413054254,1.0049907129489113,284
290000,1160.0000000002171,-563845.6808222197,111251.30206033411,-452594.3787618856,303.762993492839,435.45975413054254,1.0049907129489113,283
291000,1164.0000000001226,-565302.8848151355,109652.6090754416,-455650.2757396939,299.3978871275796,435.45975413054254,1.0049907129489113,284
292000,1168.000000000028,-564918.20682103,110532.32148116567,-454385.88533986436,301.79987316124067,435.45975413054254,1.0049907129489113,284
293000,1171.9999999999334,-565311.8871728913,110457.11228776438,-454854.7748851269,301.59452033118237,435.45975413054254,1.0049907129489113,283
294000,1175.9999999998388,-564990.1723659611,109927.58150896069,-455062.59085700044,300.1486778867608,435.45975413054254,1.0049907129489113,284
295000,1179.9999999997442,-564009.0530995582,110206.31104889786,-453802.74205066037,300.9097271316521,435.45975413054254,1.0049907129489113,283
296000,1183.9999999996496,-564936.9953575265,109984.03926593502,-454952.95609159145,300.3028313838148,435.45975413054254,1.0049907129489113,284
297000,1187.999999999555,-564527.8399068909,109254.65921818517,-455273.1806887057,298.31131611527184,435.45975413054254,1.0049907129489113,284
298000,1191.9999999994604,-564668.3063152549,110424.30103478667,-454244.0052804682,301.50493176691236,435.45975413054254,1.0049907129489113,283
299000,1195.9999999993659,-565443.4574166094,110551.00992123806,-454892.44749537134,301.8509004876177,435.45975413054254,1.0049907129489113,284
300000,1199.9999999992713,-564373.1487814835,112281.5676378631,-452091.5811436204,306.5760532065411,435.45975413054254,1.0049907129489113,283
301000,1203.9999999991767,-564016.2552166088,109782.10673114005,-454234.1484854687,299.75147036495997,435.45975413054254,1.0049907129489113,284
302000,1207.999999999082,-563217.1479239832,109721.48469367239,-453495.6632303108,299.5859466251764,435.45975413054254,1.0049907129489113,284
303000,1211.9999999989875,-564651.9325410924,110072.83029805977,-454579.10224303266,300.5452683640032,435.45975413054254,1.0049907129489113,284
304000,1215.999999998893,-564486.2649529921,110282.07146676228,-454204.1934862298,301.116585037066,435.45975413054254,1.0049907129489113,284
305000,1219.9999999987983,-563515.0247123851,110110.94383480656,-453404.0808775786,300.649334400089,435.45975413054254,1.0049907129489113,283
306000,1223.9999999987037,-564235.7410246963,110191.6915119841,-454044.04951271217,300.8698096276395,435.45975413054254,1.0049907129489113,284
307000,1227.9999999986092,-564404.1155727836,109846.12549392052,-454557.9900788631,299.92626859798514,435.45975413054254,1.0049907129489113,284
308000,1231.9999999985146,-563591.994244278,109606.59211447975,-453985.4021297982,299.27224140879395,435.45975413054254,1.0049907129489113,284
309000,1235.99999999842,-564189.4712682487,110364.0188486753,-453825.45241957344,301.34033596472074,435.45975413054254,1.0049907129489113,284
310000,1239.9999999983254,-563593.9557803869,110653.45707971166,-452940.49870067526,302.1306244544968,435.45975413054254,1.0049907129489113,284
311000,1243.9999999982308,-564653.4809011612,110336.63147835608,-454316.8494228051,301.2655568885392,435.45975413054254,1.0049907129489113,284
312000,1247.9999999981362,-564192.1278758314,111015.33215179539,-453176.79572403606,303.1186960827009,435.45975413054254,1.0049907129489113,284
313000,1251.9999999980416,-566073.4296829202,110128.89074403967,-455944.53893888055,300.69833703441,435.45975413054254,1.0049907129489113,284
314000,1255.999999997947,-565031.7752453252,109763.1580052711,-455268.61724005407,299.6997323485392,435.45975413054254,1.0049907129489113,284
315000,1259.9999999978525,-564184.8759773662,110053.94312378083,-454130.9328535854,300.4936984093929,435.45975413054254,1.0049907129489113,284
316000,1263.9999999977579,-563772.1427451982,110402.64166834566,-453369.50107685255,301.44579255806326,435.45975413054254,1.0049907129489113,284
317000,1267.9999999976633,-564296.8981795735,109978.0859352473,-454318.81224432617,300.28657627922314,435.45975413054254,1.0049907129489113,284
318000,1271.9999999975687,-563729.9941414087,110192.02943385206,-453537.96470755665,300.8707322969142,435.45975413054254,1.0049907129489113,284
319000,1275.999999997474,-563652.1627392871,109581.66700967841,-454070.4957296087,299.20418535634906,435.45975413054254,1.0049907129489113,284
320000,1279.9999999973795,-564470.5534121906,109823.22765038919,-454647.32576180145,299.86374782414435,435.45975413054254,1.0049907129489113,283
321000,1283.999999997285,-563111.841755256,110824.96110398526,-452286.8806512708,302.5989028013081,435.45975413054254,1.0049907129489113,284
322000,1287.9999999971903,-562483.7386232275,109736.72155286791,-452747.01707035955,299.6275496794773,435.45975413054254,1.0049907129489113,284
323000,1291.9999999970958,-564157.1629222617,111607.53752611992,-452549.62539614184,304.7356666164014,435.45975413054254,1.0049907129489113,283
324000,1295.9999999970012,-564376.05243963,111059.04563913192,-453317.0068004981,303.2380523466137,435.45975413054254,1.0049907129489113,283
325000,1299.9999999969066,-564086.4220062252,110072.11688856641,-454014.3051176588,300.54332045508636,435.45975413054254,1.0049907129489113,283
326000,1303.999999996812,-564460.1202917662,111025.69566224172,-453434.4246295245,303.1469928387656,435.45975413054254,1.0049907129489113,283
327000,1307.9999999967174,-564181.8306498667,110872.3322034746,-453309.4984463921,302.7282458896085,435.45975413054254,1.0049907129489113,283
328000,1311.9999999966228,-564006.0017930092,110982.12877567505,-453023.87301733415,303.0280368568079,435.45975413054254,1.0049907129489113,283
329000,1315.9999999965282,-563482.2062891657,109854.47007722198,-453627.7362119437,299.94905283112365,435.45975413054254,1.0049907129489113,283
330000,1319.9999999964336,-562209.1811160743,109187.47532615293,-453021.7057899214,298.1278757439659,435.45975413054254,1.0049907129489113,283
331000,1323.999999996339,-564487.5258956794,110123.11282614677,-454364.4130695326,300.6825608807578,435.45975413054254,1.0049907129489113,283
332000,1327.9999999962445,-565040.0975349117,109905.3178129511,-455134.7797219606,300.08788860321226,435.45975413054254,1.0049907129489113,283
333000,1331.9999999961499,-563437.3183958372,110027.61625513957,-453409.7021406976,300.42181495023635,435.45975413054254,1.0049907129489113,283
334000,1335.9999999960553,-564720.2960500815,110487.25009724498,-454233.0459528365,301.67680926673285,435.45975413054254,1.0049907129489113,283
335000,1339.9999999959607,-564069.317583987,109771.64927324455,-454297.6683107425,299.72291709272105,435.45975413054254,1.0049907129489113,283
336000,1343.9999999958661,-563804.66957023,109927.9970067183,-453876.67256351165,300.14981237094486,435.45975413054254,1.0049907129489113,283
337000,1347.9999999957715,-564559.3174615172,109579.83621641816,-454979.481245099,299.1991865183049,435.45975413054254,1.0049907129489113,283
338000,1351.999999995677,-564450.4737678929,110749.85078520485,-453700.6229826881,302.3938199406817,435.45975413054254,1.0049907129489113,283
339000,1355.9999999955824,-563345.0332537391,110398.2787753728,-452946.75447836635,301.4338800194666,435.45975413054254,1.0049907129489113,283
340000,1359.9999999954878,-564664.5813637227,110697.4575589727,-453967.12380475,302.2507643274504,435.45975413054254,1.0049907129489113,283
341000,1363.9999999953932,-563770.0774267549,110356.60034388222,-453413.47708287265,301.3200803166389,435.45975413054254,1.0049907129489113,283
342000,1367.9999999952986,-563741.9689254267,110523.46965419047,-453218.49927123624,301.77570393885793,435.45975413054254,1.0049907129489113,283
343000,1371.999999995204,-564681.9058463178,110462.67452383006,-454219.2313224877,301.60970758244633,435.45975413054254,1.0049907129489113,283
344000,1375.9999999951094,-564758.3163001332,111060.8444512228,-453697.47184891044,303.2429638625721,435.45975413054254,1.0049907129489113,283
345000,1379.9999999950148,-564054.6174135064,111452.7038451733,-452601.9135683331,304.31290534038186,435.45975413054254,1.0049907129489113,282
346000,1383.9999999949202,-564069.1433502147,110399.38894038869,-453669.754409826,301.436911238358,435.45975413054254,1.0049907129489113,283
347000,1387.9999999948257,-564209.9507134603,110481.57696137979,-453728.37375208054,301.66131921222575,435.45975413054254,1.0049907129489113,283
348000,1391.999999994731,-564851.8855768093,109770.48526344215,-455081.40031336714,299.7197388548444,435.45975413054254,1.0049907129489113,282
349000,1395.9999999946365,-562708.1948021343,111210.06736095855,-451498.12744117575,303.65040536590357,435.45975413054254,1.0049907129489113,282
350000,1399.999999994542,-564100.1734086298,110255.5769629511,-453844.59644567873,301.0442438631674,435.45975413054254,1.0049907129489113,282
351000,1403.9999999944473,-564091.9389670435,109965.91450660594,-454126.0244604376,300.25334314369377,435.45975413054254,1.0049907129489113,282
352000,1407.9999999943527,-563493.9803720391,110086.91021709173,-453407.0701549474,300.58371248352427,435.45975413054254,1.0049907129489113,282
353000,1411.9999999942581,-564629.763808547,111059.38293995074,-453570.3808685963,303.23897332016224,435.45975413054254,1.0049907129489113,282
354000,1415.9999999941635,-563449.5749176936,110152.46575341455,-453297.10916427907,300.76270675671174,435.45975413054254,1.0049907129489113,282
355000,1419.999999994069,-564200.0217617541,109669.4416117181,-454530.58015003597,299.44384705355566,435.45975413054254,1.0049907129489113,282
356000,1423.9999999939744,-564002.5930061094,109279.7526100906,-454722.84039601876,298.3798316625141,435.45975413054254,1.0049907129489113,282
357000,1427.9999999938798,-563359.9729560204,110569.14046283817,-452790.8324931822,301.90040451577835,435.45975413054254,1.0049907129489113,282
358000,1431.9999999937852,-563989.5166377001,109954.47291961615,-454035.043718084,300.2221027838062,435.45975413054254,1.0049907129489113,282
359000,1435.9999999936906,-564544.7752205953,110511.2475482832,-454033.5276723121,301.7423324330111,435.45975413054254,1.0049907129489113,282
360000,1439.999999993596,-563737.0304017393,110286.96306870435,-453450.06733303494,301.12994117422016,435.45975413054254,1.0049907129489113,282
361000,1443.9999999935014,-563662.0886114431,110132.70182724457,-453529.38678419846,300.70874289952195,435.45975413054254,1.0049907129489113,282
362000,1447.9999999934068,-564727.4695668081,109377.68055811664,-455349.78900869144,298.6472162781375,435.45975413054254,1.0049907129489113,282
363000,1451.9999999933123,-563922.128084729,109780.79238287278,-454141.3357018562,299.74788163964377,435.45975413054254,1.0049907129489113,282
364000,1455.9999999932177,-565812.6792189479,110454.58903050883,-455358.09018843906,301.5876307742684,435.45975413054254,1.0049907129489113,282
365000,1459.999999993123,-564385.5763525311,109770.999221456,-454614.5771310751,299.7211421770701,435.45975413054254,1.0049907129489113,282
366000,1463.9999999930285,-564258.6443502153,110141.73120589368,-454116.91314432165,300.73339691288663,435.45975413054254,1.0049907129489113,282
367000,1467.999999992934,-565140.180403241,110432.55455548153,-454707.6258477594,301.5274673607139,435.45975413054254,1.0049907129489113,282
368000,1471.9999999928393,-564340.1523268549,112163.49766620457,-452176.6546606503,306.25367236812934,435.45975413054254,1.0049907129489113,282
369000,1475.9999999927447,-563478.8403326352,110042.56358643866,-453436.27674619656,300.4626274712231,435.45975413054254,1.0049907129489113,282
370000,1479.9999999926501,-563480.1815237841,109972.9285137835,-453507.25301000057,300.27249434262063,435.45975413054254,1.0049907129489113,282
371000,1483.9999999925556,-562882.232558968,110556.27292958112,-452325.9596293869,301.8652707209494,435.45975413054254,1.0049907129489113,282
372000,1487.999999992461,-564051.6140061063,110101.77630265523,-453949.83770345105,300.6243031693739,435.45975413054254,1.0049907129489113,282
373000,1491.9999999923664,-565825.3550207634,109596.73393945419,-456228.62108130916,299.24532443163787,435.45975413054254,1.0049907129489113,282
374000,1495.9999999922718,-563706.1486589406,109484.27553958748,-454221.8731193531,298.938265551838,435.45975413054254,1.0049907129489113,282
375000,1499.9999999921772,-563819.1580056092,110229.853742421,-453589.30426318815,300.974008618044,435.45975413054254,1.0049907129489113,282
376000,1503.9999999920826,-564952.7934315423,109707.10446522362,-455245.68896631873,299.54668253424165,435.45975413054254,1.0049907129489113,282
377000,1507.999999991988,-563834.2268972504,110192.86568403244,-453641.36121321796,300.8730156127352,435.45975413054254,1.0049907129489113,282
378000,1511.9999999918934,-564840.2676470629,110423.09028079465,-454417.17736626824,301.50162589767586,435.45975413054254,1.0049907129489113,282
379000,1515.9999999917989,-565484.7487533386,111072.40454848809,-454412.3442048505,303.27452780551334,435.45975413054254,1.0049907129489113,282
380000,1519.9999999917043,-565018.3898321223,110855.21893404407,-454163.1708980782,302.68151944367577,435.45975413054254,1.0049907129489113,282
381000,1523.9999999916097,-564657.320148251,109701.49415845281,-454955.8259897982,299.5313640296709,435.45975413054254,1.0049907129489113,282
382000,1527.999999991515,-564633.7329838048,110086.48944966984,-454547.24353413493,300.5825636109334,435.45975413054254,1.0049907129489113,282
383000,1531.9999999914205,-563123.49843803,110978.64416049808,-452144.85427753197,303.01852238715475,435.45975413054254,1.0049907129489113,282
384000,1535.999999991326,-563959.4360604277,109432.01019604958,-454527.4258643781,298.7955591123179,435.45975413054254,1.0049907129489113,282
385000,1539.9999999912313,-563812.5897832587,110519.66105101613,-453292.9287322426,301.76530484527575,435.45975413054254,1.0049907129489113,281
386000,1543.9999999911367,-564617.6007840722,110502.89967378786,-454114.7011102843,301.7195392135247,435.45975413054254,1.0049907129489113,281
387000,1547.9999999910422,-564218.1612527897,109797.73453579619,-454420.42671699345,299.794140865315,435.45975413054254,1.0049907129489113,282
388000,1551.9999999909476,-564470.37335023,110661.21887081722,-453809.1544794128,302.15181741905025,435.45975413054254,1.0049907129489113,281
389000,1555.999999990853,-564901.8171296306,110102.35933584848,-454799.4577937821,300.62589509598337,435.45975413054254,1.0049907129489113,281
390000,1559.9999999907584,-563737.0249945968,111665.76976251646,-452071.25523208035,304.8946651909619,435.45975413054254,1.0049907129489113,281
391000,1563.9999999906638,-563633.790789552,110674.17728304176,-452959.6135065103,302.18719935180377,435.45975413054254,1.0049907129489113,281
392000,1567.9999999905692,-564383.7831173921,110694.41001095413,-453689.37310643797,302.2424432355459,435.45975413054254,1.0049907129489113,281
393000,1571.9999999904746,-563676.070317104,110281.8531439302,-453394.2171731738,301.1159889236202,435.45975413054254,1.0049907129489113,281
394000,1575.99999999038,-564413.3441356393,110350.27303850453,-454063.0710971347,301.30280410335706,435.45975413054254,1.0049907129489113,281
395000,1579.9999999902855,-564714.6595192789,109987.62616541254,-454727.03335386637,300.312625132764,435.45975413054254,1.0049907129489113,281
396000,1583.9999999901909,-564246.3066032077,109680.31584916514,-454565.9907540426,299.47353830981683,435.45975413054254,1.0049907129489113,281
397000,1587.9999999900963,-566021.7730971966,111099.56918652472,-454922.2039106719,303.3486987285888,435.45975413054254,1.0049907129489113,281
398000,1591.9999999900017,-563560.0938236462,108854.11651693145,-454705.97730671475,297.2176655448852,435.45975413054254,1.0049907129489113,281
399000,1595.999999989907,-563355.2505634199,110682.21401622993,-452673.0365471899,302.20914302424563,435.45975413054254,1.0049907129489113,281
400000,1599.9999999898125,-564594.0486903116,110417.89477636124,-454176.1539139504,301.48743997849857,435.45975413054254,1.0049907129489113,281
401000,1603.999999989718,-563401.022182087,109860.35446445242,-453540.6677176345,299.96511969098856,435.45975413054254,1.0049907129489113,281
402000,1607.9999999896233,-563762.6671923371,111625.20314874366,-452137.46404359344,304.78390121959904,435.45975413054254,1.0049907129489113,281
403000,1611.9999999895288,-564658.6711933985,110351.32652014127,-454307.34467325726,301.30568055270766,435.45975413054254,1.0049907129489113,281
404000,1615.9999999894342,-563671.4715202334,109042.59247030417,-454628.87904992927,297.7322844188905,435.45975413054254,1.0049907129489113,281
405000,1619.9999999893396,-564162.4697357807,110160.98447175766,-454001.48526402307,300.78596645198456,435.45975413054254,1.0049907129489113,281
406000,1623.999999989245,-564083.1572167831,111145.97648797836,-452937.1807288048,303.47541024160853,435.45975413054254,1.0049907129489113,281
407000,1627.9999999891504,-565771.3175450559,110720.81103985704,-455050.50650519883,302.31452918350624,435.45975413054254,1.0049907129489113,281
408000,1631.9999999890558,-564811.694193217,110971.62090943038,-453840.0732837866,302.9993459485076,435.45975413054254,1.0049907129489113,281
409000,1635.9999999889612,-565577.0204691873,109946.62442252904,-455630.3960466583,300.2006730753403,435.45975413054254,1.0049907129489113,281
410000,1639.9999999888666,-563820.5990319559,110724.69882370392,-453095.900208252,302.32514447373217,435.45975413054254,1.0049907129489113,281
411000,1643.999999988772,-564665.9074370479,110659.16955260295,-454006.737884445,302.1462219156821,435.45975413054254,1.0049907129489113,281
412000,1647.9999999886775,-564728.1219965303,110942.69406492222,-453785.4279316081,302.92036345825926,435.45975413054254,1.0049907129489113,281
413000,1651.9999999885829,-564568.3141372469,109942.17536146811,-454626.1387757788,300.18852526150744,435.45975413054254,1.0049907129489113,281
414000,1655.9999999884883,-565756.0248384117,109763.54143858812,-455992.4833998236,299.7007792832718,435.45975413054254,1.0049907129489113,281
415000,1659.9999999883937,-564741.5087119192,110170.15374154178,-454571.3549703774,300.81100242717037,435.45975413054254,1.0049907129489113,281
416000,1663.9999999882991,-564945.8764774436,110657.95431353198,-454287.92216391163,302.14290380028774,435.45975413054254,1.0049907129489113,281
417000,1667.9999999882045,-563965.4742008727,109992.06882085619,-453973.40538001654,300.3247554565591,435.45975413054254,1.0049907129489113,281
418000,1671.99999998811,-564298.1223819009,110309.62917657162,-453988.4932053293,301.1918292119247,435.45975413054254,1.0049907129489113,281
419000,1675.9999999880154,-563869.5977690248,110827.44794526888,-453042.1498237559,302.60569292725415,435.45975413054254,1.0049907129489113,281
420000,1679.9999999879208,-564677.490630731,110813.46651239891,-453864.0241183321,302.5675177165083,435.45975413054254,1.0049907129489113,280
421000,1683.9999999878262,-565412.0065154554,110789.39698308392,-454622.6095323715,302.50179774612343,435.45975413054254,1.0049907129489113,281
422000,1687.9999999877316,-563901.100454432,110364.52230048738,-453536.5781539446,301.34171060058287,435.45975413054254,1.0049907129489113,281
423000,1691.999999987637,-563839.0989901265,109803.25159340698,-454035.8473967195,299.8092047603355,435.45975413054254,1.0049907129489113,280
424000,1695.9999999875424,-565391.7250954038,110475.49429643512,-454916.2307989687,301.64471097054417,435.45975413054254,1.0049907129489113,281
425000,1699.9999999874478,-565276.7031264165,109572.68268977557,-455704.02043664095,299.17965437237274,435.45975413054254,1.0049907129489113,280
426000,1703.9999999873532,-565096.7444046335,110194.68608961604,-454902.0583150175,300.87798608803934,435.45975413054254,1.0049907129489113,280
427000,1707.9999999872587,-565545.4448385751,110194.05408901963,-455351.39074955543,300.876260459759,435.45975413054254,1.0049907129489113,280
428000,1711.999999987164,-563907.6867744587,110008.47348124222,-453899.21329321654,300.3695471008258,435.45975413054254,1.0049907129489113,280
429000,1715.9999999870695,-563798.9138234626,111022.37662343122,-452776.53720003134,303.1379304624524,435.45975413054254,1.0049907129489113,280
430000,1719.999999986975,-564707.3702549678,110459.36167566286,-454248.00857930497,301.6006621092013,435.45975413054254,1.0049907129489113,280
431000,1723.9999999868803,-564198.9858304062,110536.76372802051,-453662.2221023857,301.81200236941595,435.45975413054254,1.0049907129489113,280
432000,1727.9999999867857,-564858.7064925251,111056.80464170314,-453801.9018508219,303.23193347811724,435.45975413054254,1.0049907129489113,280
433000,1731.9999999866911,-564398.4617473404,110623.43599853729,-453775.0257488031,302.04865423647203,435.45975413054254,1.0049907129489113,280
434000,1735.9999999865965,-565273.8953022528,110707.623848368,-454566.27145388484,302.2785225868347,435.45975413054254,1.0049907129489113,280
435000,1739.999999986502,-564442.0162849696,109916.75434966956,-454525.2619353001,300.1191151737283,435.45975413054254,1.0049907129489113,280
436000,1743.9999999864074,-563751.3285604673,110519.6250613984,-453231.703499069,301.7652065784347,435.45975413054254,1.0049907129489113,280
437000,1747.9999999863128,-565308.1383592789,110863.16958947096,-454444.96876980795,302.7032280875116,435.45975413054254,1.0049907129489113,280
438000,1751.9999999862182,-564269.2649801131,110435.0531341942,-453834.2118459189,301.5342895347935,435.45975413054254,1.0049907129489113,280
439000,1755.9999999861236,-563799.6938107475,110279.22604854079,-453520.4677622067,301.10881584478966,435.45975413054254,1.0049907129489113,280
440000,1759.999999986029,-565033.7011321066,109773.21351537155,-455260.48761673504,299.7271881337088,435.45975413054254,1.0049907129489113,280
441000,1763.9999999859344,-563508.0243362589,109866.32916796664,-453641.69516829227,299.9814331524142,435.45975413054254,1.0049907129489113,280
442000,1767.9999999858398,-564357.9384178626,110149.48787113163,-454208.450546731,300.7545758816588,435.45975413054254,1.0049907129489113,280
443000,1771.9999999857453,-564036.6573991282,110346.72943703139,-453689.9279620968,301.293128576228,435.45975413054254,1.0049907129489113,280
444000,1775.9999999856507,-564659.3596895644,111111.49330269778,-453547.86638686666,303.3812565967342,435.45975413054254,1.0049907129489113,280
445000,1779.999999985556,-564598.8312880006,110263.9505431559,-454334.8807448447,301.0671072700863,435.45975413054254,1.0049907129489113,280
446000,1783.9999999854615,-564518.2391006127,110804.2185905507,-453714.020510062,302.5422669880029,435.45975413054254,1.0049907129489113,280
447000,1787.999999985367,-565152.1686020452,109629.60118627537,-455522.5674157698,299.3350658827254,435.45975413054254,1.0049907129489113,280
448000,1791.9999999852723,-563673.6905378611,110720.87090866931,-452952.81962919177,302.31469265062344,435.45975413054254,1.0049907129489113,280
449000,1795.9999999851777,-564814.769895853,110880.81143464206,-453933.95846121095,302.75139776823147,435.45975413054254,1.0049907129489113,280
450000,1799.9999999850832,-564439.4467761754,110306.87824287382,-454132.5685333016,301.1843180022627,435.45975413054254,1.0049907129489113,280
451000,1803.9999999849886,-565253.5330518931,110439.83940908458,-454813.69364280853,301.5473580846573,435.45975413054254,1.0049907129489113,280
452000,1807.999999984894,-565029.053436155,109803.8177092686,-455225.23572688637,299.8107504954919,435.45975413054254,1.0049907129489113,280
453000,1811.9999999847994,-565537.18855792,109980.55937386659,-455556.62918405345,300.2933298102407,435.45975413054254,1.0049907129489113,280
454000,1815.9999999847048,-565199.9096867158,109942.7536776273,-455257.1560090885,300.1901043086237,435.45975413054254,1.0049907129489113,280
455000,1819.9999999846102,-563258.4748208541,111431.56695426634,-451826.9078665878,304.25519271018226,435.45975413054254,1.0049907129489113,280
456000,1823.9999999845156,-563675.8320153616,109531.40284099625,-454144.42917436536,299.0669429685158,435.45975413054254,1.0049907129489113,280
457000,1827.999999984421,-564354.9628747576,110145.43233049789,-454209.5305442597,300.74350254462524,435.45975413054254,1.0049907129489113,280
458000,1831.9999999843265,-564053.0521949893,111046.38806561299,-453006.6641293763,303.2034918304556,435.45975413054254,1.0049907129489113,279
459000,1835.9999999842319,-564302.9170297133,110877.15164899602,-453425.76538071723,302.74140500929025,435.45975413054254,1.0049907129489113,279
460000,1839.9999999841373,-563648.1494864309,109418.65627708123,-454229.4932093497,298.75909727928257,435.45975413054254,1.0049907129489113,279
461000,1843.9999999840427,-564372.1200176692,110925.757867301,-453446.36215036816,302.8741204930756,435.45975413054254,1.0049907129489113,279
462000,1847.999999983948,-564524.4942890462,110210.00068955938,-454314.49359948677,300.91980140738195,435.45975413054254,1.0049907129489113,279
463000,1851.9999999838535,-564507.2835529936,110881.15532123091,-453626.1282317627,302.75233672371075,435.45975413054254,1.0049907129489113,279
464000,1855.999999983759,-563581.6884952388,109698.83565870082,-453882.852836538,299.52410520368045,435.45975413054254,1.0049907129489113,279
465000,1859.9999999836643,-565539.231255711,109721.42047630611,-455817.81077940494,299.5857712846721,435.45975413054254,1.0049907129489113,279
466000,1863.9999999835698,-565024.6704324838,110202.1306807684,-454822.5397517154,300.8983129628884,435.45975413054254,1.0049907129489113,279
467000,1867.9999999834752,-562647.2715010257,110406.92533889652,-452240.34616212914,301.45748878602257,435.45975413054254,1.0049907129489113,279
468000,1871.9999999833806,-563453.7454409511,111147.233748444,-452306.5116925071,303.47884309313986,435.45975413054254,1.0049907129489113,279
469000,1875.999999983286,-564034.6743522072,110257.81437679322,-453776.859975414,301.05035294696034,435.45975413054254,1.0049907129489113,279
470000,1879.9999999831914,-564689.3583189133,110642.73722329376,-454046.6210956195,302.1013547235812,435.45975413054254,1.0049907129489113,279
471000,1883.9999999830968,-565787.4509742744,111171.63624800113,-454615.8147262733,303.54547221277176,435.45975413054254,1.0049907129489113,279
472000,1887.9999999830022,-565101.9940483551,109898.61176644548,-455203.3822819097,300.0695782668537,435.45975413054254,1.0049907129489113,279
473000,1891.9999999829076,-564670.7087971717,110938.40243480494,-453732.30636236677,302.9086454973253,435.45975413054254,1.0049907129489113,279
474000,1895.999999982813,-563837.1701961854,110945.56475723453,-452891.6054389508,302.92820165946705,435.45975413054254,1.0049907129489113,279
475000,1899.9999999827185,-563523.4509157287,109295.90025947685,-454227.55065625184,298.42392155831396,435.45975413054254,1.0049907129489113,279
476000,1903.9999999826239,-564652.4505403363,111268.25604116748,-453384.19449916884,303.80928501369476,435.45975413054254,1.0049907129489113,279
477000,1907.9999999825293,-564908.6904365444,110759.70145272091,-454148.98898382345,302.4207164191693,435.45975413054254,1.0049907129489113,279
478000,1911.9999999824347,-564480.8024148294,110281.27368482621,-454199.52873000316,301.1144067557824,435.45975413054254,1.0049907129489113,279
479000,1915.9999999823401,-563472.2470159442,110573.95348300831,-452898.2935329359,301.91354609154007,435.45975413054254,1.0049907129489113,279
480000,1919.9999999822455,-563923.3452940118,111055.32287484128,-452868.0224191705,303.227887629401,435.45975413054254,1.0049907129489113,279
481000,1923.999999982151,-563567.0664464002,110294.53258795606,-453272.5338584442,301.15060915548975,435.45975413054254,1.0049907129489113,279
482000,1927.9999999820564,-563197.3456448829,109614.74203727482,-453582.60360760806,299.2944941366193,435.45975413054254,1.0049907129489113,279
483000,1931.9999999819618,-564772.851144542,110411.77522053962,-454361.07592400233,301.47073100915804,435.45975413054254,1.0049907129489113,279
484000,1935.9999999818672,-563817.0440950408,110214.65922440367,-453602.3848706371,300.9325211730241,435.45975413054254,1.0049907129489113,279
485000,1939.9999999817726,-563525.4827915989,109965.42588278046,-453560.0569088184,300.2520089944913,435.45975413054254,1.0049907129489113,279
486000,1943.999999981678,-564204.8256865265,111345.89696225693,-452858.92872426956,304.0212774863301,435.45975413054254,1.0049907129489113,279
487000,1947.9999999815834,-564258.6742527634,110807.25871814112,-453451.41553462227,302.5505678190077,435.45975413054254,1.0049907129489113,279
488000,1951.9999999814888,-565061.0851617963,110308.39237673522,-454752.6927850611,301.188452226544,435.45975413054254,1.0049907129489113,279
489000,1955.9999999813942,-564911.8510254985,110269.3898018258,-454642.46122367267,301.08195874117337,435.45975413054254,1.0049907129489113,279
490000,1959.9999999812997,-563582.6024479042,110925.55530417943,-452657.04714372475,302.8735674102888,435.45975413054254,1.0049907129489113,279
491000,1963.999999981205,-565796.8480535382,110011.29691508437,-455785.5511384539,300.37725626647097,435.45975413054254,1.0049907129489113,279
492000,1967.9999999811105,-564284.0365009122,110342.85251041218,-453941.1839905,301.28254293081454,435.45975413054254,1.0049907129489113,279
493000,1971.999999981016,-565007.1213955157,110503.03736745124,-454504.0840280645,301.71991517532103,435.45975413054254,1.0049907129489113,279
494000,1975.9999999809213,-564853.3406284787,110298.07601813471,-454555.26461034396,301.16028421491256,435.45975413054254,1.0049907129489113,279
495000,1979.9999999808267,-565240.1460199105,110662.3831395348,-454577.76288037567,302.1549963638745,435.45975413054254,1.0049907129489113,279
496000,1983.9999999807321,-564904.1106526018,110117.36865628324,-454786.74199631857,300.6668768734648,435.45975413054254,1.0049907129489113,279
497000,1987.9999999806375,-564120.3001365759,109554.56184194292,-454565.738294633,299.13017681228735,435.45975413054254,1.0049907129489113,279
498000,1991.999999980543,-564570.1511705667,110144.17596433056,-454425.9752062361,300.74007213490563,435.45975413054254,1.0049907129489113,279
499000,1995.9999999804484,-564209.2014955282,110595.28142452892,-453613.9200709993,301.97178037052254,435.45975413054254,1.0049907129489113,279
500000,1999.9999999803538,-563716.2825597106,110537.54421288849,-453178.7383468221,301.81413342240575,435.45975413054254,1.0049907129489113,279
501000,2003.9999999802592,-563886.1158136078,110062.88619322807,-453823.22962037975,300.51811676222104,435.45975413054254,1.0049907129489113,279
502000,2007.9999999801646,-565606.0777615164,110127.23444465722,-455478.8433168592,300.6938146382742,435.45975413054254,1.0049907129489113,279
503000,2011.99999998007,-563770.4837576584,110292.28189090735,-453478.2018667511,301.14446380293833,435.45975413054254,1.0049907129489113,279
504000,2015.9999999799754,-565599.3739493643,110071.84340240981,-455527.5305469545,300.54257372249026,435.45975413054254,1.0049907129489113,279
505000,2019.9999999798808,-563293.877427578,110446.99758708589,-452846.8798404921,301.5669029307612,435.45975413054254,1.0049907129489113,279
506000,2023.9999999797863,-563716.2489340715,110244.50786779565,-453471.74106627586,301.01402056314834,435.45975413054254,1.0049907129489113,279
507000,2027.9999999796917,-563306.3857202716,110941.44708199875,-452364.93863827287,302.9169586687542,435.45975413054254,1.0049907129489113,279
508000,2031.999999979597,-564732.5197362578,110211.11201414355,-454521.4077221143,300.922835792384,435.45975413054254,1.0049907129489113,279
509000,2035.9999999795025,-563760.2482292047,109977.95887969801,-453782.28934950667,300.2862293639666,435.45975413054254,1.0049907129489113,279
510000,2039.999999979408,-564241.9536504364,110782.43175718357,-453459.5218932528,302.48277974066497,435.45975413054254,1.0049907129489113,278
511000,2043.9999999793133,-563580.0780622466,110882.62608230903,-452697.4519799375,302.75635252199385,435.45975413054254,1.0049907129489113,279
512000,2047.9999999792187,-564312.6878403095,109966.85012508376,-454345.8377152257,300.25589777689197,435.45975413054254,1.0049907129489113,279
513000,2051.9999999791244,-566399.6491454267,110532.65781392789,-455866.99133149884,301.8007914915862,435.45975413054254,1.0049907129489113,278
514000,2055.99999997903,-566247.5099193216,110596.97587466615,-455650.5340446555,301.97640693431526,435.45975413054254,1.0049907129489113,279
515000,2059.999999978935,-564488.1224054215,111049.60762056411,-453438.51478485734,303.21228257385866,435.45975413054254,1.0049907129489113,278
516000,2063.9999999788406,-564595.7453431496,110593.44511619,-454002.30022695963,301.9667664739867,435.45975413054254,1.0049907129489113,278
517000,2067.999999978746,-563700.9385205861,111262.03294736508,-452438.90557322104,303.7922933419822,435.45975413054254,1.0049907129489113,279
518000,2071.9999999786514,-563350.2340613804,111016.50057896576,-452333.7334824146,303.1218863818559,435.45975413054254,1.0049907129489113,278
519000,2075.999999978557,-564553.6996649983,109441.86951231875,-455111.8301526796,298.8224792055505,435.45975413054254,1.0049907129489113,278
520000,2079.9999999784623,-564110.9664882254,111396.42964595067,-452714.5368422747,304.15925303343624,435.45975413054254,1.0049907129489113,278
521000,2083.9999999783677,-563879.0347069083,109478.44706980311,-454400.58763710514,298.9223513701934,435.45975413054254,1.0049907129489113,278
522000,2087.999999978273,-564946.9051930225,110104.84876084013,-454842.0564321823,300.63269227654246,435.45975413054254,1.0049907129489113,278
523000,2091.9999999781785,-563718.5196872796,110426.92295216466,-453291.59673511493,301.51209070758705,435.45975413054254,1.0049907129489113,278
524000,2095.999999978084,-564594.3595801438,110237.04182226543,-454357.3177578784,300.9936351087958,435.45975413054254,1.0049907129489113,278
525000,2099.9999999779893,-564469.1538293976,109882.84697211694,-454586.30685728067,300.0265337268946,435.45975413054254,1.0049907129489113,278
526000,2103.9999999778947,-563722.0453801774,110911.96379570343,-452810.081584474,302.8364568576544,435.45975413054254,1.0049907129489113,278
527000,2107.9999999778,-565567.6310380693,109364.2250363665,-456203.40600170277,298.61047702663984,435.45975413054254,1.0049907129489113,278
528000,2111.9999999777056,-563338.6881394899,110058.41675472379,-453280.2713847661,300.5059133093702,435.45975413054254,1.0049907129489113,278
529000,2115.999999977611,-565024.6143256496,109788.29198783077,-455236.3223378188,299.76835872539345,435.45975413054254,1.0049907129489113,278
530000,2119.9999999775164,-564223.6233245437,110418.35973843033,-453805.26358611335,301.4887095211228,435.45975413054254,1.0049907129489113,278
531000,2123.999999977422,-563990.4785336447,110555.29900186817,-453435.1795317765,301.862611487376,435.45975413054254,1.0049907129489113,278
532000,2127.999999977327,-563202.74733782,109716.96965956641,-453485.7776782536,299.5736186770953,435.45975413054254,1.0049907129489113,278
533000,2131.9999999772326,-564944.145360041,110348.04300555345,-454596.1023544875,301.2967151725108,435.45975413054254,1.0049907129489113,278
534000,2135.999999977138,-563763.7565177958,110162.90171503572,-453600.8548027601,300.7912013350521,435.45975413054254,1.0049907129489113,278
535000,2139.9999999770434,-564724.7117281854,110130.19045386976,-454594.52127431566,300.7018857906164,435.45975413054254,1.0049907129489113,278
536000,2143.999999976949,-563780.8441629228,109313.2621963172,-454467.5819666056,298.4713269711926,435.45975413054254,1.0049907129489113,278
537000,2147.9999999768543,-563268.2726525115,109429.6046307055,-453838.668021806,298.78899090397846,435.45975413054254,1.0049907129489113,278
538000,2151.9999999767597,-565855.0616383064,110486.85121186118,-455368.2104264452,301.6757201413384,435.45975413054254,1.0049907129489113,278
539000,2155.999999976665,-564247.4623161503,109843.52953486283,-454403.93278128747,299.91918053447716,435.45975413054254,1.0049907129489113,278
540000,2159.9999999765705,-565104.7144169114,110603.41756651638,-454501.296850395,301.9939954709288,435.45975413054254,1.0049907129489113,278
541000,2163.999999976476,-563438.887399286,110184.32859331748,-453254.55880596855,300.8497057531356,435.45975413054254,1.0049907129489113,278
542000,2167.9999999763813,-563694.448915909,110363.82531216019,-453330.62360374886,301.33980752837806,435.45975413054254,1.0049907129489113,278
543000,2171.9999999762867,-564350.6626944267,109933.14651544462,-454417.5161789821,300.1638727024354,435.45975413054254,1.0049907129489113,278
544000,2175.999999976192,-562992.6687209513,109140.0561774853,-453852.61254346604,297.9984014611359,435.45975413054254,1.0049907129489113,278
545000,2179.9999999760976,-563974.987592137,109920.12342493184,-454054.8641672051,300.12831417066604,435.45975413054254,1.0049907129489113,278
546000,2183.999999976003,-564473.3362876358,110230.03242203334,-454243.3038656025,300.97449648877375,435.45975413054254,1.0049907129489113,278
547000,2187.9999999759084,-565181.9967084657,110520.37030586548,-454661.62640260026,301.76724141026153,435.45975413054254,1.0049907129489113,278
548000,2191.999999975814,-564496.8591431901,110816.5563577693,-453680.3027854208,302.5759542980292,435.45975413054254,1.0049907129489113,278
549000,2195.999999975719,-563744.1566633629,110220.78126638487,-453523.375396978,300.94923693062924,435.45975413054254,1.0049907129489113,278
550000,2199.9999999756246,-564508.406245891,109996.65653021843,-454511.7497156726,300.33728183875274,435.45975413054254,1.0049907129489113,278
551000,2203.99999997553,-564303.2489501974,110744.8811341481,-453558.36781604926,302.3802506965142,435.45975413054254,1.0049907129489113,278
552000,2207.9999999754355,-564195.5653383392,110908.44062109079,-453287.12471724837,302.826837104473,435.45975413054254,1.0049907129489113,278
553000,2211.999999975341,-563605.3846926461,111157.96615577093,-452447.41853687516,303.5081470933326,435.45975413054254,1.0049907129489113,278
554000,2215.9999999752463,-564227.7093486413,110520.63412540089,-453707.0752232404,301.76796174890325,435.45975413054254,1.0049907129489113,278
555000,2219.9999999751517,-564533.6630192283,110075.7975079224,-454457.86551130586,300.55337009884585,435.45975413054254,1.0049907129489113,278
556000,2223.999999975057,-563858.5075686672,110177.30523172877,-453681.2023369384,300.83052901271947,435.45975413054254,1.0049907129489113,278
557000,2227.9999999749625,-564959.2255403451,110816.26214030664,-454142.9634000384,302.5751509602207,435.45975413054254,1.0049907129489113,278
558000,2231.999999974868,-563752.1144962301,109461.19906790438,-454290.91542832577,298.87525704777653,435.45975413054254,1.0049907129489113,278
559000,2235.9999999747733,-564252.4264069465,109559.15633316222,-454693.2700737843,299.14272171181216,435.45975413054254,1.0049907129489113,278
560000,2239.9999999746788,-564721.7295687078,109935.60147183528,-454786.1280968725,300.1705757691709,435.45975413054254,1.0049907129489113,278
561000,2243.999999974584,-565047.2847493631,110171.36005841057,-454875.9246909525,300.81429618118824,435.45975413054254,1.0049907129489113,278
562000,2247.9999999744896,-564135.4695812282,110254.76730720012,-453880.7022740281,301.0420331613593,435.45975413054254,1.0049907129489113,278
563000,2251.999999974395,-565797.1805626629,110534.50972342188,-455262.670839241,301.8058479858578,435.45975413054254,1.0049907129489113,278
564000,2255.9999999743004,-565245.3790078722,109435.10554286663,-455810.27346500556,298.8040107151093,435.45975413054254,1.0049907129489113,278
565000,2259.999999974206,-565287.4251196883,109916.0329048034,-455371.39221488487,300.1171453248535,435.45975413054254,1.0049907129489113,278
566000,2263.9999999741112,-563632.1130921203,110159.81894058862,-453472.29415153165,300.7827840601351,435.45975413054254,1.0049907129489113,278
567000,2267.9999999740166,-565143.9731204854,109744.8877521712,-455399.08536831423,299.64984684903743,435.45975413054254,1.0049907129489113,278
568000,2271.999999973922,-564556.6170448093,110172.0786144681,-454384.53843034117,300.8162581423967,435.45975413054254,1.0049907129489113,278
569000,2275.9999999738275,-563910.4312044871,111399.57800447443,-452510.8532000127,304.16784938055355,435.45975413054254,1.0049907129489113,278
570000,2279.999999973733,-564462.8490480473,111277.98294355243,-453184.8661044949,303.8358435611558,435.45975413054254,1.0049907129489113,278
571000,2283.9999999736383,-565546.4006805127,109019.09967193237,-456527.30100858025,297.66813916731337,435.45975413054254,1.0049907129489113,278
572000,2287.9999999735437,-564958.7537761806,110641.60923299467,-454317.1445431859,302.09827483414585,435.45975413054254,1.0049907129489113,278
573000,2291.999999973449,-564783.8682568935,110408.76129327831,-454375.10696361517,301.46250171610603,435.45975413054254,1.0049907129489113,278
574000,2295.9999999733545,-564782.7910055621,110224.57060757704,-454558.220397985,300.9595834308731,435.45975413054254,1.0049907129489113,278
575000,2299.99999997326,-564708.336305364,109263.02112381562,-455445.3151815484,298.334147645677,435.45975413054254,1.0049907129489113,278
576000,2303.9999999731654,-564455.7788619446,110805.116093689,-453650.66276825557,302.54471755024264,435.45975413054254,1.0049907129489113,278
577000,2307.9999999730708,-564456.1684825039,110093.41554930428,-454362.7529331996,300.60147478517786,435.45975413054254,1.0049907129489113,278
578000,2311.999999972976,-564003.7269214075,110482.49508966412,-453521.2318317434,301.6638260898163,435.45975413054254,1.0049907129489113,278
579000,2315.9999999728816,-563197.4996415409,109604.55740762874,-453592.9422339122,299.2666858006123,435.45975413054254,1.0049907129489113,278
580000,2319.999999972787,-563775.7114873361,111010.31767681218,-452765.3938105239,303.1050044503022,435.45975413054254,1.0049907129489113,278
581000,2323.9999999726924,-564262.6789058838,109722.90854361665,-454539.77036226715,299.5898343362714,435.45975413054254,1.0049907129489113,278
582000,2327.999999972598,-564955.3062938135,111143.39302455552,-453811.913269258,303.4683562964558,435.45975413054254,1.0049907129489113,278
583000,2331.9999999725032,-564824.3857626286,110524.97717816895,-454299.4085844597,301.7798201153699,435.45975413054254,1.0049907129489113,278
584000,2335.9999999724087,-563071.492660082,109884.61233342128,-453186.8803266607,300.0313539080923,435.45975413054254,1.0049907129489113,278
585000,2339.999999972314,-564718.3679373972,110093.39161310246,-454624.97632429475,300.6014094292478,435.45975413054254,1.0049907129489113,278
586000,2343.9999999722195,-564464.6289220946,110955.64639969019,-453508.9825224044,302.9557287969921,435.45975413054254,1.0049907129489113,278
587000,2347.999999972125,-564699.7243831973,110128.40645209502,-454571.31793110224,300.6970147130698,435.45975413054254,1.0049907129489113,278
588000,2351.9999999720303,-565533.2294922755,110542.24614500732,-454990.9833472682,301.8269716809175,435.45975413054254,1.0049907129489113,278
589000,2355.9999999719357,-563710.8738742503,109816.70071724878,-453894.17315700155,299.8459265428439,435.45975413054254,1.0049907129489113,278
590000,2359.999999971841,-563504.7086316398,110745.25079319975,-452759.4578384401,302.3812600216908,435.45975413054254,1.0049907129489113,278
591000,2363.9999999717465,-564342.4582205098,110753.8968996082,-453588.5613209016,302.4048675401292,435.45975413054254,1.0049907129489113,278
592000,2367.999999971652,-564317.0791655695,109846.52965297794,-454470.54951259156,299.9273721227337,435.45975413054254,1.0049907129489113,278
593000,2371.9999999715574,-564977.3457092852,110947.57839138049,-454029.76731790474,302.93369973027296,435.45975413054254,1.0049907129489113,278
594000,2375.999999971463,-564111.6822378933,110503.95364606939,-453607.72859182395,301.7224170025426,435.45975413054254,1.0049907129489113,278
595000,2379.999999971368,-564751.0651593264,110946.76259355719,-453804.30256576923,302.93147225801596,435.45975413054254,1.0049907129489113,277
596000,2383.9999999712736,-564365.2080717133,110491.15163965186,-453874.0564320615,301.6874621236325,435.45975413054254,1.0049907129489113,278
597000,2387.999999971179,-564448.3481601211,109450.30595711403,-454998.0422030071,298.8455142593251,435.45975413054254,1.0049907129489113,278
598000,2391.9999999710844,-563232.7348600863,110959.58260668674,-452273.1522533996,302.96647630284724,435.45975413054254,1.0049907129489113,278
599000,2395.99999997099,-564028.1170550082,110723.57633494046,-453304.54072006774,302.3220796058103,435.45975413054254,1.0049907129489113,278
600000,2399.9999999708953,-565797.5560270902,109811.08347707824,-455986.47255001194,299.8305891071666,435.45975413054254,1.0049907129489113,277
601000,2403.9999999708007,-564527.6877606022,109828.11201552523,-454699.575745077,299.8770842017647,435.45975413054254,1.0049907129489113,278
602000,2407.999999970706,-563814.5967688351,110362.55740707787,-453452.0393617572,301.336345612552,435.45975413054254,1.0049907129489113,278
603000,2411.9999999706115,-564108.4588260823,109609.74502903306,-454498.71379704925,299.2808501957942,435.45975413054254,1.0049907129489113,277
604000,2415.999999970517,-564156.776614476,110635.57782044739,-453521.1987940286,302.08180653313343,435.45975413054254,1.0049907129489113,277
605000,2419.9999999704223,-564190.0799261476,109375.34595248465,-454814.73397366295,298.64084181975124,435.45975413054254,1.0049907129489113,277
606000,2423.9999999703277,-564139.4401574051,109626.42621459794,-454513.01394280716,299.32639687047003,435.45975413054254,1.0049907129489113,277
607000,2427.999999970233,-564335.5702810246,109982.64615593242,-454352.9241250921,300.29902760573026,435.45975413054254,1.0049907129489113,278
608000,2431.9999999701386,-563706.2061215276,110002.27563954351,-453703.93048198405,300.35262437801066,435.45975413054254,1.0049907129489113,277
609000,2435.999999970044,-564020.600648799,110637.47319442383,-453383.12745437515,302.0869817037805,435.45975413054254,1.0049907129489113,277
610000,2439.9999999699494,-563698.253445663,109940.56750103261,-453757.6859446304,300.18413512413406,435.45975413054254,1.0049907129489113,277
611000,2443.999999969855,-563786.5243411204,110210.3845703048,-453576.1397708156,300.92084956378295,435.45975413054254,1.0049907129489113,277
612000,2447.99999996976,-563813.6732713599,110115.02635085455,-453698.6469205053,300.66048139138485,435.45975413054254,1.0049907129489113,277
613000,2451.9999999696656,-565323.2152916845,110901.23826766235,-454421.97702402214,302.8071716408146,435.45975413054254,1.0049907129489113,277
614000,2455.999999969571,-564602.3787585222,110666.28173665388,-453936.09702186834,302.1656411788959,435.45975413054254,1.0049907129489113,277
615000,2459.9999999694764,-562664.7012966867,109693.58832625987,-452971.1129704268,299.5097777721754,435.45975413054254,1.0049907129489113,277
616000,2463.999999969382,-563648.025630666,109901.34529023734,-453746.6803404286,300.07704194012695,435.45975413054254,1.0049907129489113,277
617000,2467.9999999692873,-562726.3237723215,110533.2822639267,-452193.04150839476,301.8024965035493,435.45975413054254,1.0049907129489113,277
618000,2471.9999999691927,-564181.4426675802,110158.47751905493,-454022.9651485253,300.7791214133789,435.45975413054254,1.0049907129489113,277
619000,2475.999999969098,-564060.8797993851,109676.75351767888,-454384.1262817062,299.4638116418494,435.45975413054254,1.0049907129489113,277
620000,2479.9999999690035,-564194.8735872712,109583.26855671575,-454611.60503055545,299.2085582554817,435.45975413054254,1.0049907129489113,277
621000,2483.999999968909,-564744.9282073178,109312.84473031497,-455432.08347700286,298.4701871128704,435.45975413054254,1.0049907129489113,277
622000,2487.9999999688143,-564288.2552110534,110255.97410265298,-454032.28110840044,301.0453282221137,435.45975413054254,1.0049907129489113,277
623000,2491.9999999687197,-563881.2169966898,110406.27272510226,-453474.94427158753,301.45570687501504,435.45975413054254,1.0049907129489113,277
624000,2495.999999968625,-564981.027599432,110596.55477519556,-454384.4728242365,301.9752571550913,435.45975413054254,1.0049907129489113,277
625000,2499.9999999685306,-564272.2338648373,110363.3342024074,-453908.89966242993,301.3384665915451,435.45975413054254,1.0049907129489113,277
626000,2503.999999968436,-563651.2185849431,110645.66133595345,-453005.55724898964,302.10933878487634,435.45975413054254,1.0049907129489113,277
627000,2507.9999999683414,-564131.6709623202,110329.6415830095,-453802.02937931067,301.2464715250841,435.45975413054254,1.0049907129489113,277
628000,2511.999999968247,-564328.0766593516,110559.72350904276,-453768.35315030883,301.87469225873946,435.45975413054254,1.0049907129489113,277
629000,2515.999999968152,-564998.5854155486,110723.81508078065,-454274.770334768,302.32273148268507,435.45975413054254,1.0049907129489113,277
630000,2519.9999999680576,-563940.7192018158,110016.65986514225,-453924.0593366735,300.3918993828513,435.45975413054254,1.0049907129489113,277
631000,2523.999999967963,-564146.9909782144,109477.36209378624,-454669.6288844282,298.91938892789705,435.45975413054254,1.0049907129489113,277
632000,2527.9999999678685,-564988.2394350534,109884.3179384155,-455103.9214966379,300.0305500855161,435.45975413054254,1.0049907129489113,277
633000,2531.999999967774,-564029.8001926872,110913.52800924925,-453116.27218343795,302.8407278206035,435.45975413054254,1.0049907129489113,277
634000,2535.9999999676793,-563929.7504530218,110985.4844218484,-452944.2660311734,303.03719918666695,435.45975413054254,1.0049907129489113,277
635000,2539.9999999675847,-564449.8790708226,109552.03312643315,-454897.84594438947,299.1232723520364,435.45975413054254,1.0049907129489113,277
636000,2543.99999996749,-563177.4359126138,109693.59101174521,-453483.84490086854,299.50978510468343,435.45975413054254,1.0049907129489113,277
637000,2547.9999999673955,-564736.7353025656,109793.33713501983,-454943.3981675458,299.78213410585533,435.45975413054254,1.0049907129489113,277
638000,2551.999999967301,-564390.2685710178,110509.65105053363,-453880.61752048414,301.73797332056444,435.45975413054254,1.0049907129489113,277
639000,2555.9999999672063,-563665.2987530753,109431.28179047199,-454234.0169626033,298.79357025776403,435.45975413054254,1.0049907129489113,277
640000,2559.9999999671118,-565808.4082784425,110413.71333382127,-455394.6949446212,301.4760228761408,435.45975413054254,1.0049907129489113,277
641000,2563.999999967017,-564072.2392712771,110380.66723268747,-453691.5720385896,301.38579307731806,435.45975413054254,1.0049907129489113,277
642000,2567.9999999669226,-565033.8318380886,110415.13642084925,-454618.69541723933,301.47990850415243,435.45975413054254,1.0049907129489113,277
643000,2571.999999966828,-565175.4548783982,110812.35745242285,-454363.0974259754,302.5644895148419,435.45975413054254,1.0049907129489113,277
644000,2575.9999999667334,-564924.4998427099,110463.94221352134,-454460.5576291885,301.61316891016395,435.45975413054254,1.0049907129489113,277
645000,2579.999999966639,-564824.404613805,111074.33019903034,-453750.07441477466,303.2797856439593,435.45975413054254,1.0049907129489113,277
646000,2583.9999999665442,-564724.0554432198,110672.16261605769,-454051.89282716217,302.18169846091405,435.45975413054254,1.0049907129489113,277
647000,2587.9999999664496,-564946.6753931469,110393.26911498164,-454553.4062781653,301.4202015329355,435.45975413054254,1.0049907129489113,277
648000,2591.999999966355,-564335.4302927689,109121.43698225077,-455213.9933105181,297.9475632023819,435.45975413054254,1.0049907129489113,277
649000,2595.9999999662605,-563449.1118548117,110486.4104288508,-452962.70142596087,301.67451661774595,435.45975413054254,1.0049907129489113,277
650000,2599.999999966166,-564707.8965032594,109862.29226354204,-454845.60423971736,299.9704107000945,435.45975413054254,1.0049907129489113,277
651000,2603.9999999660713,-565528.9848713735,110526.41405631485,-455002.57081505866,301.7837433989522,435.45975413054254,1.0049907129489113,277
652000,2607.9999999659767,-564091.6668394315,110514.30955648847,-453577.35728294303,301.7506930073262,435.45975413054254,1.0049907129489113,277
653000,2611.999999965882,-565715.5917890454,109651.15361886856,-456064.4381701768,299.39391311705265,435.45975413054254,1.0049907129489113,277
654000,2615.9999999657875,-563785.6696691117,110212.53251355595,-453573.13715555577,300.92671435511335,435.45975413054254,1.0049907129489113,277
655000,2619.999999965693,-564762.3698108811,110790.28909130441,-453972.0807195767,302.50423357796143,435.45975413054254,1.0049907129489113,277
656000,2623.9999999655984,-563889.9484229898,109836.64920709483,-454053.299215895,299.90039433674,435.45975413054254,1.0049907129489113,277
657000,2627.999999965504,-565091.7332360158,110169.25429574982,-454922.47894026595,300.80854656066634,435.45975413054254,1.0049907129489113,277
658000,2631.999999965409,-562570.4593035895,110659.70388698857,-451910.75541660096,302.14768087399983,435.45975413054254,1.0049907129489113,277
659000,2635.9999999653146,-564340.4125342425,110000.25119649491,-454340.1613377476,300.3470967943401,435.45975413054254,1.0049907129489113,277
660000,2639.99999996522,-563701.9706685045,109882.28399652976,-453819.6866719747,300.0249965660124,435.45975413054254,1.0049907129489113,277
661000,2643.9999999651254,-564709.4222228583,110621.00893324992,-454088.4132896084,302.04202732421624,435.45975413054254,1.0049907129489113,277
662000,2647.999999965031,-565164.6977166678,110679.81611791672,-454484.88159875106,302.20259575013534,435.45975413054254,1.0049907129489113,277
663000,2651.9999999649363,-563871.0586293289,109516.13818830776,-454354.9204410211,299.0252640262525,435.45975413054254,1.0049907129489113,277
664000,2655.9999999648417,-563425.6385373003,110183.82275153045,-453241.81578576984,300.8483245916335,435.45975413054254,1.0049907129489113,277
665000,2659.999999964747,-564521.0626308424,110497.9879932874,-454023.07463755505,301.7061282534346,435.45975413054254,1.0049907129489113,277
666000,2663.9999999646525,-564731.6525378609,110268.72678239027,-454462.92575547064,301.0801484183749,435.45975413054254,1.0049907129489113,277
667000,2667.999999964558,-564605.046357939,109809.68850913865,-454795.35784880037,299.8267802561301,435.45975413054254,1.0049907129489113,277
668000,2671.9999999644633,-565119.7981047286,110403.26641487819,-454716.5316898504,301.4474983796885,435.45975413054254,1.0049907129489113,277
669000,2675.9999999643687,-566023.7136646002,109797.2106133094,-456226.50305129075,299.79271033587406,435.45975413054254,1.0049907129489113,277
670000,2679.999999964274,-563449.8857745738,110080.78050157524,-453369.10527299857,300.56697577393015,435.45975413054254,1.0049907129489113,277
671000,2683.9999999641796,-564701.2674588631,110563.08809945523,-454138.17935940786,301.883879010145,435.45975413054254,1.0049907129489113,277
672000,2687.999999964085,-563934.8957944848,109858.86732491537,-454076.0284695694,299.96105917260223,435.45975413054254,1.0049907129489113,277
673000,2691.9999999639904,-564436.2726859832,111097.65569792403,-453338.6169880592,303.3434740973746,435.45975413054254,1.0049907129489113,277
674000,2695.999999963896,-563697.7184685627,110141.87448157303,-453555.8439869897,300.73378811594176,435.45975413054254,1.0049907129489113,277
675000,2699.999999963801,-564470.3184962636,110612.73962361715,-453857.57887264644,302.01944861995264,435.45975413054254,1.0049907129489113,277
676000,2703.9999999637066,-564016.8518187972,111293.04656753005,-452723.80525126716,303.87697361022083,435.45975413054254,1.0049907129489113,277
677000,2707.999999963612,-565003.210947677,111016.11772675742,-453987.0932209196,303.1208410337951,435.45975413054254,1.0049907129489113,277
678000,2711.9999999635174,-563369.9447939075,110199.98659928195,-453169.9581946255,300.8924587158049,435.45975413054254,1.0049907129489113,277
679000,2715.999999963423,-564055.4354871996,109965.31600700668,-454090.1194801929,300.2517089872704,435.45975413054254,1.0049907129489113,277
680000,2719.9999999633283,-564821.7032434917,110448.26681710719,-454373.4364263845,301.57036846422966,435.45975413054254,1.0049907129489113,277
681000,2723.9999999632337,-564149.8679821994,109043.44979112563,-455106.4181910738,297.7346252664517,435.45975413054254,1.0049907129489113,277
682000,2727.999999963139,-563985.9033774482,110096.81600819144,-453889.08736925677,300.61075947265283,435.45975413054254,1.0049907129489113,277
683000,2731.9999999630445,-563918.3524302365,110054.3506783052,-453864.0017519313,300.4948112051988,435.45975413054254,1.0049907129489113,277
684000,2735.99999996295,-564399.6871865862,109600.07099607098,-454799.6161905152,299.2544360041642,435.45975413054254,1.0049907129489113,277
685000,2739.9999999628553,-564111.2121568727,109891.0812764886,-454220.1308803841,300.04901685202617,435.45975413054254,1.0049907129489113,277
686000,2743.9999999627607,-565750.1858131755,110751.01141215907,-454999.17440101644,302.39698894195556,435.45975413054254,1.0049907129489113,277
687000,2747.999999962666,-565019.6213561865,110427.32921691937,-454592.2921392671,301.51319998177763,435.45975413054254,1.0049907129489113,277
688000,2751.9999999625716,-565004.729114979,109351.39253846281,-455653.3365765162,298.57543889310773,435.45975413054254,1.0049907129489113,277
689000,2755.999999962477,-564008.5719552026,109745.05478245587,-454263.5171727467,299.65030291218756,435.45975413054254,1.0049907129489113,277
690000,2759.9999999623824,-564501.2994537568,109333.94214482204,-455167.35730893473,298.5277919558425,435.45975413054254,1.0049907129489113,277
691000,2763.999999962288,-564313.4216440138,110074.2120361834,-454239.20960783045,300.5490410920602,435.45975413054254,1.0049907129489113,277
692000,2767.999999962193,-564660.0552970325,110491.5695109217,-454168.48578611074,301.6886030885064,435.45975413054254,1.0049907129489113,277
693000,2771.9999999620986,-564306.1606947607,110255.65145868168,-454050.50923607906,301.0444472679429,435.45975413054254,1.0049907129489113,277
694000,2775.999999962004,-563569.1853676229,110281.32413857081,-453287.86122905207,301.11454451579243,435.45975413054254,1.0049907129489113,277
695000,2779.9999999619095,-563867.0185072357,110519.58777839394,-453347.43072884175,301.76510478010215,435.45975413054254,1.0049907129489113,277
696000,2783.999999961815,-564906.6206902247,110706.13710297685,-454200.48358724784,302.274463144633,435.45975413054254,1.0049907129489113,277
697000,2787.9999999617203,-563231.5285763359,109772.40405835299,-453459.1245179829,299.72497797452405,435.45975413054254,1.0049907129489113,277
698000,2791.9999999616257,-564704.4866619855,110210.37064624013,-454494.1160157454,300.92081154521156,435.45975413054254,1.0049907129489113,277
699000,2795.999999961531,-564506.1139002014,110157.24570196534,-454348.86819823604,300.7757580329992,435.45975413054254,1.0049907129489113,277
700000,2799.9999999614365,-564290.5433836593,110417.18533051806,-453873.3580531413,301.4855028920191,435.45975413054254,1.0049907129489113,277
701000,2803.999999961342,-563618.9821484392,110947.70660863834,-452671.2755398008,302.934049817484,435.45975413054254,1.0049907129489113,277
702000,2807.9999999612473,-563958.3970397618,110347.1091490587,-453611.28789070307,301.2941653502697,435.45975413054254,1.0049907129489113,277
703000,2811.9999999611528,-562327.6324095596,110404.29604498687,-451923.3363645727,301.4503097043042,435.45975413054254,1.0049907129489113,277
704000,2815.999999961058,-564316.5772097688,108919.16087925906,-455397.41633050976,297.3952640973925,435.45975413054254,1.0049907129489113,277
705000,2819.9999999609636,-565496.5490777427,110173.17068822024,-455323.3783895225,300.8192399645051,435.45975413054254,1.0049907129489113,277
706000,2823.999999960869,-563772.3164418237,110626.7432991805,-453145.5731426432,302.0576845626359,435.45975413054254,1.0049907129489113,277
707000,2827.9999999607744,-564619.6718569952,110700.95340798012,-453918.71844901505,302.2603094702004,435.45975413054254,1.0049907129489113,277
708000,2831.99999996068,-563782.6848479309,110416.24814291102,-453366.4367050199,301.482943974436,435.45975413054254,1.0049907129489113,277
709000,2835.9999999605852,-564328.7589345668,109727.63831673423,-454601.1206178325,299.6027486124563,435.45975413054254,1.0049907129489113,277
710000,2839.9999999604906,-564944.2483724654,109804.63452089077,-455139.6138515746,299.8129807358475,435.45975413054254,1.0049907129489113,277
711000,2843.999999960396,-564685.3968277476,109547.63023548771,-455137.76659225987,299.1112506020988,435.45975413054254,1.0049907129489113,277
712000,2847.9999999603015,-563905.4208673919,110442.37918710115,-453463.0416802907,301.55429275021925,435.45975413054254,1.0049907129489113,277
713000,2851.999999960207,-564680.2384025119,110376.51563847787,-454303.72276403406,301.37445747349574,435.45975413054254,1.0049907129489113,277
714000,2855.9999999601123,-565331.7923256904,110111.4191198172,-455220.3732058732,300.6506321286991,435.45975413054254,1.0049907129489113,277
715000,2859.9999999600177,-563743.1667323727,110951.9224001251,-452791.24433224765,302.94556070695893,435.45975413054254,1.0049907129489113,277
716000,2863.999999959923,-563848.5004084529,109764.04592555529,-454084.45448289765,299.7021567455441,435.45975413054254,1.0049907129489113,277
717000,2867.9999999598285,-563633.3417455875,110804.65928800032,-452828.6824575872,302.5434702779783,435.45975413054254,1.0049907129489113,277
718000,2871.999999959734,-563656.8328249645,109342.86949441634,-454313.9633305482,298.55216738683964,435.45975413054254,1.0049907129489113,277
719000,2875.9999999596394,-564481.7264742525,109893.7534055614,-454587.97306869115,300.05631289181287,435.45975413054254,1.0049907129489113,277
720000,2879.9999999595448,-564581.4752113335,110324.33989042579,-454257.1353209077,301.2319956674538,435.45975413054254,1.0049907129489113,277
721000,2883.99999995945,-564288.5855349111,109703.51573356066,-454585.0698013505,299.5368837826532,435.45975413054254,1.0049907129489113,277
722000,2887.9999999593556,-564370.1054502386,110677.12513396714,-453692.9803162714,302.1952482285798,435.45975413054254,1.0049907129489113,277
723000,2891.999999959261,-564078.5898109437,110817.40856184528,-453261.1812490984,302.57828117471644,435.45975413054254,1.0049907129489113,277
724000,2895.9999999591664,-564002.1754895328,109872.75079733483,-454129.42469219794,299.99896690998696,435.45975413054254,1.0049907129489113,277
725000,2899.999999959072,-563800.4210799183,110181.59460023002,-453618.8264796883,300.84224079848735,435.45975413054254,1.0049907129489113,277
726000,2903.9999999589772,-564544.0893484345,111122.92993353796,-453421.1594148965,303.4124834242423,435.45975413054254,1.0049907129489113,277
727000,2907.9999999588827,-564046.377553713,111064.51156736302,-452981.86598635,303.2529766368553,435.45975413054254,1.0049907129489113,277
728000,2911.999999958788,-564861.6192832207,111874.24046426103,-452987.3788189597,305.4638781641561,435.45975413054254,1.0049907129489113,277
729000,2915.9999999586935,-565372.5159801319,110200.37341771921,-455172.1425624127,300.8935148933441,435.45975413054254,1.0049907129489113,277
730000,2919.999999958599,-562928.0745468093,110255.23624762462,-452672.8382991847,301.04331356657235,435.45975413054254,1.0049907129489113,277
731000,2923.9999999585043,-563311.4461094462,109789.13145443099,-453522.31465501525,299.77065082339766,435.45975413054254,1.0049907129489113,277
732000,2927.9999999584097,-564092.1824401249,110883.59446839488,-453208.58797173004,302.7589966245872,435.45975413054254,1.0049907129489113,277
733000,2931.999999958315,-563356.8841347671,109771.68826698035,-453585.19586778677,299.7230235620719,435.45975413054254,1.0049907129489113,276
734000,2935.9999999582205,-564850.854278727,111383.72544904507,-453467.1288296819,304.12456521576127,435.45975413054254,1.0049907129489113,277
735000,2939.999999958126,-563957.1411090395,110361.72969961865,-453595.4114094209,301.3340856219641,435.45975413054254,1.0049907129489113,276
736000,2943.9999999580314,-563544.7680172669,110569.56240975863,-452975.20560750825,301.9015566088979,435.45975413054254,1.0049907129489113,276
737000,2947.999999957937,-564730.5481758928,110108.459137936,-454622.0890379568,300.6425501292954,435.45975413054254,1.0049907129489113,276
738000,2951.999999957842,-565229.5713849738,110084.39487938862,-455145.1765055852,300.57684455032984,435.45975413054254,1.0049907129489113,276
739000,2955.9999999577476,-562617.146422151,109568.17774788025,-453048.9686742708,299.1673539802849,435.45975413054254,1.0049907129489113,276
740000,2959.999999957653,-563792.4606136694,111498.6613789277,-452293.79923474166,304.4383887978179,435.45975413054254,1.0049907129489113,276
741000,2963.9999999575584,-563728.0308196074,109254.34716762352,-454473.6836519839,298.31046408557893,435.45975413054254,1.0049907129489113,276
742000,2967.999999957464,-565146.7290701689,110432.53526057553,-454714.1938095934,301.52741467747967,435.45975413054254,1.0049907129489113,276
743000,2971.9999999573693,-563476.1785848825,110310.32818537846,-453165.85039950407,301.1937378008914,435.45975413054254,1.0049907129489113,276
744000,2975.9999999572747,-564804.8501679292,110267.18322401133,-454537.66694391787,301.0759338527462,435.45975413054254,1.0049907129489113,276
745000,2979.99999995718,-563390.1781630307,109729.63795888773,-453660.5402041429,299.6082084792194,435.45975413054254,1.0049907129489113,276
746000,2983.9999999570855,-563770.9519829983,110170.2546752817,-453600.6973077166,300.811278018866,435.45975413054254,1.0049907129489113,276
747000,2987.999999956991,-564550.2037073253,110541.17798301287,-454009.0257243124,301.82405514799643,435.45975413054254,1.0049907129489113,276
748000,2991.9999999568963,-564326.7736518597,110239.17783908412,-454087.5958127756,300.9994673359336,435.45975413054254,1.0049907129489113,276
749000,2995.9999999568017,-564619.332410031,109285.5292438996,-455333.8031661314,298.3956043100754,435.45975413054254,1.0049907129489113,276
750000,2999.999999956707,-565711.0027797176,109415.23443974157,-456295.76833997597,298.7497542196124,435.45975413054254,1.0049907129489113,276
751000,3003.9999999566126,-564753.0108923307,110528.37205126707,-454224.6388410636,301.789089551284,435.45975413054254,1.0049907129489113,276
752000,3007.999999956518,-565018.0074918675,109354.25630039931,-455663.7511914682,298.58325817146556,435.45975413054254,1.0049907129489113,276
753000,3011.9999999564234,-564102.9016779433,109910.88694278759,-454192.01473515574,300.10309467737903,435.45975413054254,1.0049907129489113,276
754000,3015.999999956329,-564477.3846906628,110361.14107049146,-454116.2436201714,301.332478416094,435.45975413054254,1.0049907129489113,276
755000,3019.999999956234,-564895.813032913,110125.98366356266,-454769.82936935034,300.6903994781597,435.45975413054254,1.0049907129489113,276
756000,3023.9999999561396,-564691.116017417,109285.64993323863,-455405.4660841784,298.3959338428919,435.45975413054254,1.0049907129489113,276
757000,3027.999999956045,-565150.7005980415,110526.47853715566,-454624.22206088586,301.7839194588532,435.45975413054254,1.0049907129489113,276
758000,3031.9999999559504,-564470.4533848162,109523.00731377321,-454947.44607104297,299.0440196369773,435.45975413054254,1.0049907129489113,276
759000,3035.999999955856,-564168.8562023509,110004.28149577347,-454164.57470657746,300.3581012118242,435.45975413054254,1.0049907129489113,276
760000,3039.9999999557613,-565405.7447781167,110068.10417252171,-455337.64060559496,300.5323640472493,435.45975413054254,1.0049907129489113,276
761000,3043.9999999556667,-563198.2783626514,110106.47083444765,-453091.8075282037,300.6371212218722,435.45975413054254,1.0049907129489113,276
762000,3047.999999955572,-562634.0384925115,109812.96988539654,-452821.06860711495,299.8357397977842,435.45975413054254,1.0049907129489113,276
763000,3051.9999999554775,-564217.1534952284,109646.93711303803,-454570.21638219035,299.3824002771179,435.45975413054254,1.0049907129489113,276
764000,3055.999999955383,-565876.0590887293,110477.62955370452,-455398.4295350248,301.650541123792,435.45975413054254,1.0049907129489113,276
765000,3059.9999999552883,-564521.7075138339,110499.44983882809,-454022.2576750058,301.7101197085389,435.45975413054254,1.0049907129489113,276
766000,3063.9999999551937,-564313.647923281,109637.13705253237,-454676.51087074855,299.3556419771207,435.45975413054254,1.0049907129489113,276
767000,3067.999999955099,-564550.070820027,110440.3848437551,-454109.6859762719,301.5488473514362,435.45975413054254,1.0049907129489113,276
768000,3071.9999999550046,-564680.7744185538,110765.21946441653,-453915.5549541373,302.4357829192439,435.45975413054254,1.0049907129489113,276
769000,3075.99999995491,-562723.7232404458,110203.92259361042,-452519.8006468354,300.90320564098636,435.45975413054254,1.0049907129489113,276
770000,3079.9999999548154,-564494.2842655024,110371.18093554454,-454123.1033299578,301.3598914836834,435.45975413054254,1.0049907129489113,276
771000,3083.999999954721,-564091.7095529423,110368.44209094491,-453723.2674619974,301.35241328236,435.45975413054254,1.0049907129489113,276
772000,3087.999999954626,-564205.4757266021,109817.79536533303,-454387.6803612691,299.84891539396506,435.45975413054254,1.0049907129489113,276
773000,3091.9999999545316,-564447.0852467166,108565.7277609331,-455881.3574857835,296.4302425647548,435.45975413054254,1.0049907129489113,276
774000,3095.999999954437,-564415.885415683,109670.25522893085,-454745.6301867522,299.4460685718258,435.45975413054254,1.0049907129489113,276
775000,3099.9999999543425,-564293.7008969788,110137.51332593383,-454156.187571045,300.721880320999,435.45975413054254,1.0049907129489113,276
776000,3103.999999954248,-564716.2566105006,109867.22554973967,-454849.03106076096,299.98388065285366,435.45975413054254,1.0049907129489113,276
777000,3107.9999999541533,-563063.6586602014,109626.08642890473,-453437.5722312966,299.325469112166,435.45975413054254,1.0049907129489113,276
778000,3111.9999999540587,-563883.446687506,110051.9435259864,-453831.50316151965,300.4882386637488,435.45975413054254,1.0049907129489113,276
779000,3115.999999953964,-564199.4564086911,109016.33771507125,-455183.11869361985,297.66059785976466,435.45975413054254,1.0049907129489113,276
780000,3119.9999999538695,-564593.924942675,110616.44865568611,-453977.47628698894,302.0295758424063,435.45975413054254,1.0049907129489113,276
781000,3123.999999953775,-563772.3576551303,109000.00374613557,-454772.35390899476,297.61599923298337,435.45975413054254,1.0049907129489113,276
782000,3127.9999999536803,-564894.675303625,109854.90701848679,-455039.7682851382,299.9502458651298,435.45975413054254,1.0049907129489113,276
783000,3131.9999999535858,-564437.9536419208,109681.6226528124,-454756.3309891084,299.47710643513716,435.45975413054254,1.0049907129489113,276
784000,3135.999999953491,-565488.8681432917,110181.84238056885,-455307.0257627228,300.8429173433553,435.45975413054254,1.0049907129489113,276
785000,3139.9999999533966,-564009.7437318475,109862.6474295964,-454147.0963022511,299.97138045327364,435.45975413054254,1.0049907129489113,276
786000,3143.999999953302,-563550.5293096825,109498.46572658347,-454052.06358309905,298.97701074942484,435.45975413054254,1.0049907129489113,276
787000,3147.9999999532074,-564071.7641857341,110861.24742886733,-453210.51675686677,302.69797977807053,435.45975413054254,1.0049907129489113,276
788000,3151.999999953113,-563634.1627813866,110296.83315151208,-453337.32962987456,301.15689066464563,435.45975413054254,1.0049907129489113,276
789000,3155.9999999530182,-564240.8425850216,110390.79088867974,-453850.0516963419,301.4134349295243,435.45975413054254,1.0049907129489113,276
790000,3159.9999999529236,-563829.8577450169,110548.64378505846,-453281.21395995846,301.84443993753325,435.45975413054254,1.0049907129489113,276
791000,3163.999999952829,-564961.3457904537,110082.337555571,-454879.0082348827,300.57122718828685,435.45975413054254,1.0049907129489113,276
792000,3167.9999999527345,-564806.9684721981,110051.78546234494,-454755.1830098532,300.4878070833178,435.45975413054254,1.0049907129489113,276
793000,3171.99999995264,-564750.4525946919,109971.20460609865,-454779.24798859324,300.26778734729425,435.45975413054254,1.0049907129489113,276
794000,3175.9999999525453,-565675.7041586847,109443.27653474643,-456232.4276239383,298.82632097042546,435.45975413054254,1.0049907129489113,276
795000,3179.9999999524507,-563955.334464055,110271.35601907397,-453683.97844498104,301.0873273438423,435.45975413054254,1.0049907129489113,276
796000,3183.999999952356,-564680.7384200259,109931.71984214318,-454749.0185778827,300.1599772823841,435.45975413054254,1.0049907129489113,276
797000,3187.9999999522615,-564435.1148894615,109818.57318082548,-454616.5417086361,299.8510391584334,435.45975413054254,1.0049907129489113,276
798000,3191.999999952167,-563782.7388921571,110452.99938073754,-453329.73951141955,301.58329035969183,435.45975413054254,1.0049907129489113,276
799000,3195.9999999520724,-563324.9318473274,110486.6457955325,-452838.2860517949,301.67515926809233,435.45975413054254,1.0049907129489113,276
800000,3199.9999999519778,-562673.9967674064,110616.75796337635,-452057.23880403,302.03042038290295,435.45975413054254,1.0049907129489113,276
801000,3203.999999951883,-563548.285131766,109168.99830136664,-454379.28683039936,298.07742567051974,435.45975413054254,1.0049907129489113,276
802000,3207.9999999517886,-563512.0814996925,110695.0291499279,-452817.0523497646,302.2441337461699,435.45975413054254,1.0049907129489113,276
803000,3211.999999951694,-564340.9493953795,110291.34854307747,-454049.60085230204,301.141915369567,435.45975413054254,1.0049907129489113,276
804000,3215.9999999515994,-563777.8273728471,109968.51363541128,-453809.31373743585,300.2604398619502,435.45975413054254,1.0049907129489113,276
805000,3219.999999951505,-563854.9436875056,109664.20618363703,-454190.7375038685,299.4295521259757,435.45975413054254,1.0049907129489113,276
806000,3223.9999999514102,-565451.060857065,110408.08308520314,-455042.9777718619,301.460649921913,435.45975413054254,1.0049907129489113,276
807000,3227.9999999513157,-564261.3520308333,110387.08840636117,-453874.2636244721,301.4033255906526,435.45975413054254,1.0049907129489113,276
808000,3231.999999951221,-565328.8446293296,110268.1320647953,-455060.71256453433,301.0785245884189,435.45975413054254,1.0049907129489113,276
809000,3235.9999999511265,-565212.3911739155,110636.11003498553,-454576.28113892995,302.08325970337313,435.45975413054254,1.0049907129489113,276
810000,3239.999999951032,-564353.8250724087,110432.86442967015,-453920.9606427385,301.5283134479902,435.45975413054254,1.0049907129489113,276
811000,3243.9999999509373,-564758.8971541044,109682.15805472768,-455076.7390993767,299.4785683082613,435.45975413054254,1.0049907129489113,276
812000,3247.9999999508427,-565318.7157764211,110412.4862157245,-454906.22956069664,301.472672325994,435.45975413054254,1.0049907129489113,276
813000,3251.999999950748,-565382.3784937211,110057.75393005066,-455324.6245636705,300.50410351835524,435.45975413054254,1.0049907129489113,276
814000,3255.9999999506535,-564498.7992577716,110305.843893109,-454192.9553646626,301.1814937909946,435.45975413054254,1.0049907129489113,276
815000,3259.999999950559,-563861.481119473,109791.31449089607,-454070.16662857693,299.7766114340086,435.45975413054254,1.0049907129489113,276
816000,3263.9999999504644,-564401.6258274652,109828.97579434124,-454572.65003312397,299.87944268237584,435.45975413054254,1.0049907129489113,276
817000,3267.99999995037,-563757.3089283356,110731.61541993578,-453025.69350839977,302.34402969967795,435.45975413054254,1.0049907129489113,276
818000,3271.999999950275,-564724.6996330121,110194.88424414367,-454529.8153888684,300.8785271335046,435.45975413054254,1.0049907129489113,276
819000,3275.9999999501806,-563519.6407318232,110192.00524773891,-453327.63548408425,300.87066625862076,435.45975413054254,1.0049907129489113,276
820000,3279.999999950086,-563343.0426584943,110061.4671817997,-453281.5754766946,300.5142422623159,435.45975413054254,1.0049907129489113,276
821000,3283.9999999499914,-564364.3897094475,110705.62144321384,-453658.7682662337,302.27305517591407,435.45975413054254,1.0049907129489113,276
822000,3287.999999949897,-564481.9797609546,110574.11196029524,-453907.8678006594,301.9139788013978,435.45975413054254,1.0049907129489113,276
823000,3291.9999999498023,-564636.5057921391,110559.37274029196,-454077.1330518471,301.87373451205434,435.45975413054254,1.0049907129489113,276
824000,3295.9999999497077,-564169.7920472925,109811.2114343949,-454358.5806128975,299.8309384846285,435.45975413054254,1.0049907129489113,276
825000,3299.999999949613,-564515.9385202089,109239.39453397307,-455276.54398623586,298.2696370869358,435.45975413054254,1.0049907129489113,276
826000,3303.9999999495185,-564694.4331828561,110117.47241289134,-454576.96076996473,300.6671601727816,435.45975413054254,1.0049907129489113,276
827000,3307.999999949424,-564184.1357946619,109974.7384749261,-454209.39731973584,300.2774363001942,435.45975413054254,1.0049907129489113,276
828000,3311.9999999493293,-563452.4060623166,110466.53335133952,-452985.8727109771,301.62024380965386,435.45975413054254,1.0049907129489113,276
829000,3315.9999999492347,-564405.5242516152,110537.69985511432,-453867.82439650083,301.8145583913505,435.45975413054254,1.0049907129489113,276
830000,3319.99999994914,-564592.4961636937,110600.10179616883,-453992.3943675249,301.9849420188985,435.45975413054254,1.0049907129489113,276
831000,3323.9999999490456,-564002.4880773993,110518.64115104661,-453483.8469263527,301.7625200880454,435.45975413054254,1.0049907129489113,276
832000,3327.999999948951,-564139.0347060454,110490.69902597327,-453648.33568007214,301.68622629732437,435.45975413054254,1.0049907129489113,276
833000,3331.9999999488564,-564800.5996338017,110566.1577170812,-454234.44191672053,301.8922603613892,435.45975413054254,1.0049907129489113,276
834000,3335.999999948762,-564340.5105457967,110618.9819059053,-453721.5286398914,302.0364926843272,435.45975413054254,1.0049907129489113,276
835000,3339.999999948667,-564296.8470952883,109717.65502106515,-454579.1920742232,299.5754900031529,435.45975413054254,1.0049907129489113,276
836000,3343.9999999485726,-564810.0895584626,110932.70359124395,-453877.38596721867,302.8930852499621,435.45975413054254,1.0049907129489113,276
837000,3347.999999948478,-564699.1300161877,110301.40962396894,-454397.72039221873,301.16938636534655,435.45975413054254,1.0049907129489113,276
838000,3351.9999999483834,-564974.4263651338,110353.78187997,-454620.64448516385,301.3123847209993,435.45975413054254,1.0049907129489113,276
839000,3355.999999948289,-565213.9980349918,109554.15897898236,-455659.8390560094,299.1290768264301,435.45975413054254,1.0049907129489113,276
840000,3359.9999999481943,-563200.3103579893,109641.58172768122,-453558.72863030806,299.3677778155631,435.45975413054254,1.0049907129489113,276
841000,3363.9999999480997,-564566.6710011708,110042.39556513308,-454524.2754360377,300.46216870216773,435.45975413054254,1.0049907129489113,276
842000,3367.999999948005,-564167.0569761652,109702.82936893305,-454464.2276072321,299.5350097176306,435.45975413054254,1.0049907129489113,276
843000,3371.9999999479105,-564451.2055133036,110760.31616697481,-453690.8893463288,302.4223948484411,435.45975413054254,1.0049907129489113,276
844000,3375.999999947816,-565613.9715601676,110247.74194574787,-455366.22961441975,301.02285096047194,435.45975413054254,1.0049907129489113,276
845000,3379.9999999477213,-566334.8324720981,110557.03247303702,-455777.79999906104,301.86734459504873,435.45975413054254,1.0049907129489113,276
846000,3383.9999999476267,-564352.5452590114,110235.94567468367,-454116.5995843278,300.9906421634138,435.45975413054254,1.0049907129489113,276
847000,3387.999999947532,-565667.5163311278,109741.27476980916,-455926.2415613187,299.6399818828087,435.45975413054254,1.0049907129489113,276
848000,3391.9999999474376,-564692.1055824617,110543.54906723299,-454148.5565152287,301.8305292083192,435.45975413054254,1.0049907129489113,276
849000,3395.999999947343,-563427.7235558387,110163.73788096057,-453263.9856748781,300.79348442081994,435.45975413054254,1.0049907129489113,276
850000,3399.9999999472484,-563575.7836462525,110051.528775913,-453524.2548703395,300.4871062210581,435.45975413054254,1.0049907129489113,276
851000,3403.999999947154,-564248.1180824582,110893.9714208697,-453354.14666158846,302.787330083061,435.45975413054254,1.0049907129489113,276
852000,3407.999999947059,-564569.0985601423,111089.62131942164,-453479.4772407207,303.32153685421844,435.45975413054254,1.0049907129489113,276
853000,3411.9999999469646,-564193.949523869,110912.92879693379,-453281.0207269352,302.8390917181641,435.45975413054254,1.0049907129489113,276
854000,3415.99999994687,-563421.5307228956,110876.81969777239,-452544.71102512325,302.74049864239373,435.45975413054254,1.0049907129489113,276
855000,3419.9999999467755,-565133.0129327867,110656.17026120488,-454476.84267158184,302.13803258471194,435.45975413054254,1.0049907129489113,276
856000,3423.999999946681,-563756.7186631765,109493.01597883535,-454263.7026843412,298.9621306387287,435.45975413054254,1.0049907129489113,276
857000,3427.9999999465863,-564587.2322683362,110091.08508336035,-454496.1471849759,300.5951116298866,435.45975413054254,1.0049907129489113,276
858000,3431.9999999464917,-564504.1239220258,111057.76978696324,-453446.35413506255,303.23456873188894,435.45975413054254,1.0049907129489113,276
859000,3435.999999946397,-562832.9035744416,111073.41232725128,-451759.4912471903,303.27727946673633,435.45975413054254,1.0049907129489113,276
860000,3439.9999999463025,-564987.4673835812,110088.07665107772,-454899.3907325035,300.5868973404449,435.45975413054254,1.0049907129489113,276
861000,3443.999999946208,-563044.346058324,110433.3300569182,-452611.0160014058,301.5295848068336,435.45975413054254,1.0049907129489113,276
862000,3447.9999999461133,-562691.7503709728,109664.459360028,-453027.29101094475,299.43024340434266,435.45975413054254,1.0049907129489113,276
863000,3451.9999999460188,-563434.139374169,108790.69370889687,-454643.4456652722,297.04449451975995,435.45975413054254,1.0049907129489113,276
864000,3455.999999945924,-565507.160269571,110500.25976711104,-455006.90050245996,301.7123311544742,435.45975413054254,1.0049907129489113,276
865000,3459.9999999458296,-564305.2924655294,109959.09669309098,-454346.1957724384,300.2347276362433,435.45975413054254,1.0049907129489113,276
866000,3463.999999945735,-563817.6365378089,110361.51455160679,-453456.12198620214,301.333498177117,435.45975413054254,1.0049907129489113,276
867000,3467.9999999456404,-563863.0684510372,110198.24693365785,-453664.8215173793,300.8877086946558,435.45975413054254,1.0049907129489113,276
868000,3471.999999945546,-564424.8609243282,109140.9107475651,-455283.9501767631,298.0007347980118,435.45975413054254,1.0049907129489113,276
869000,3475.9999999454512,-565164.1964052878,109925.40404031065,-455238.7923649772,300.1427324786341,435.45975413054254,1.0049907129489113,276
870000,3479.9999999453566,-563762.3311756705,109342.89731276702,-454419.4338629035,298.55224334267405,435.45975413054254,1.0049907129489113,276
871000,3483.999999945262,-564465.6268414822,110495.04671917332,-453970.5801223089,301.69809733412825,435.45975413054254,1.0049907129489113,276
872000,3487.9999999451675,-565729.7555284188,110975.04607656781,-454754.70945185097,303.00869809993065,435.45975413054254,1.0049907129489113,276
873000,3491.999999945073,-564638.4298253711,110361.44535509945,-454276.9844702717,301.3333092414568,435.45975413054254,1.0049907129489113,276
874000,3495.9999999449783,-565569.9407328218,109807.10252055983,-455762.838212262,299.8197194162362,435.45975413054254,1.0049907129489113,276
875000,3499.9999999448837,-565030.7309958464,109327.20949538774,-455703.5215004587,298.50940898226435,435.45975413054254,1.0049907129489113,275
876000,3503.999999944789,-566552.2708052625,109500.88665506616,-457051.38415019633,298.98362090561466,435.45975413054254,1.0049907129489113,276
877000,3507.9999999446945,-563986.4336744035,109632.59628713568,-454353.8373872678,299.34324377175943,435.45975413054254,1.0049907129489113,276
878000,3511.9999999446,-564725.7886968236,109825.56534402235,-454900.2233528013,299.8701307140767,435.45975413054254,1.0049907129489113,275
879000,3515.9999999445054,-564165.4503177004,111572.22150411207,-452593.2288135883,304.6392389758732,435.45975413054254,1.0049907129489113,276
880000,3519.999999944411,-563860.9385597673,111031.60392851557,-452829.33463125175,303.16312489849395,435.45975413054254,1.0049907129489113,275
881000,3523.999999944316,-564155.2388457479,109857.14073273275,-454298.0981130152,299.95634484746427,435.45975413054254,1.0049907129489113,276
882000,3527.9999999442216,-563822.7677954012,110018.06456333748,-453804.7032320637,300.395734801591,435.45975413054254,1.0049907129489113,276
883000,3531.999999944127,-564831.898731349,109531.76290729258,-455300.13582405646,299.06792610142304,435.45975413054254,1.0049907129489113,275
884000,3535.9999999440324,-564450.9024159028,110566.14411313715,-453884.75830276567,301.89222321688226,435.45975413054254,1.0049907129489113,276
885000,3539.999999943938,-564462.9151455313,111435.27974388213,-453027.63540164917,304.2653301923242,435.45975413054254,1.0049907129489113,275
886000,3543.9999999438432,-563585.7809416866,110692.16021172167,-452893.6207299649,302.2363003344117,435.45975413054254,1.0049907129489113,275
887000,3547.9999999437487,-563857.9926768546,110257.69666655664,-453600.29601029796,301.05003154835055,435.45975413054254,1.0049907129489113,276
888000,3551.999999943654,-565841.4991303626,110081.09348240239,-455760.40564796026,300.56783034364037,435.45975413054254,1.0049907129489113,275
889000,3555.9999999435595,-564842.9637059914,110467.50680655523,-454375.4568994362,301.6229017531105,435.45975413054254,1.0049907129489113,275
890000,3559.999999943465,-564652.1959443945,109929.833175776,-454722.36276861845,300.1548258871842,435.45975413054254,1.0049907129489113,275
891000,3563.9999999433703,-564471.8466843176,110552.08466313372,-453919.76202118385,301.85383498644524,435.45975413054254,1.0049907129489113,275
892000,3567.9999999432757,-563287.7703583916,110985.7804457277,-452301.9899126639,303.038007456755,435.45975413054254,1.0049907129489113,276
893000,3571.999999943181,-564310.9197190427,110087.9282359042,-454222.9914831385,300.5864921044022,435.45975413054254,1.0049907129489113,275
894000,3575.9999999430866,-563467.9234160231,110619.4759516227,-452848.44746440044,302.03784163758223,435.45975413054254,1.0049907129489113,276
895000,3579.999999942992,-565369.0484344144,110731.88432882493,-454637.1641055895,302.3447639344027,435.45975413054254,1.0049907129489113,275
896000,3583.9999999428974,-565201.1896117311,110017.63464769261,-455183.5549640385,300.39456095049155,435.45975413054254,1.0049907129489113,275
897000,3587.999999942803,-565170.8871619692,110577.98506761517,-454592.90209435404,301.92455401851277,435.45975413054254,1.0049907129489113,276
898000,3591.999999942708,-564915.9687950285,110545.530390954,-454370.4384040745,301.83593905803264,435.45975413054254,1.0049907129489113,275
899000,3595.9999999426136,-563185.1956674322,110686.6255634774,-452498.57010395476,302.22118840954005,435.45975413054254,1.0049907129489113,276
900000,3599.999999942519,-563300.2698384584,110977.85576813202,-452322.41407032637,303.0163697433589,435.45975413054254,1.0049907129489113,275
901000,3603.9999999424244,-564456.1353610163,110516.17276068032,-453939.96260033594,301.75578034088835,435.45975413054254,1.0049907129489113,275
902000,3607.99999994233,-565062.586204757,110503.74202194798,-454558.844182809,301.7218391794032,435.45975413054254,1.0049907129489113,276
903000,3611.9999999422353,-565334.6490591126,109280.98350741615,-456053.6655516965,298.3831925315499,435.45975413054254,1.0049907129489113,275
904000,3615.9999999421407,-565483.5014405986,110701.47904763697,-454782.02239296166,302.2617446882402,435.45975413054254,1.0049907129489113,275
905000,3619.999999942046,-564266.7762652403,110440.27176694549,-453826.5044982948,301.5485386040369,435.45975413054254,1.0049907129489113,275
906000,3623.9999999419515,-563905.1822476839,111030.94930987014,-452874.23293781374,303.16133751339686,435.45975413054254,1.0049907129489113,275
907000,3627.999999941857,-564114.3358914796,109947.52895967546,-454166.80693180417,300.2031428433901,435.45975413054254,1.0049907129489113,275
908000,3631.9999999417623,-564269.5870209117,111273.94390853203,-452995.6431123797,303.82481529141063,435.45975413054254,1.0049907129489113,275
909000,3635.9999999416677,-565038.435996653,110031.60694776583,-455006.82904888724,300.432711224849,435.45975413054254,1.0049907129489113,275
910000,3639.999999941573,-565657.9399912446,110570.75862518081,-455087.18136606377,301.90482278170464,435.45975413054254,1.0049907129489113,275
911000,3643.9999999414786,-564355.8104967293,110676.88031142566,-453678.9301853037,302.19457975974666,435.45975413054254,1.0049907129489113,275
912000,3647.999999941384,-565280.2987414729,109762.90263587062,-455517.39610560227,299.699035082331,435.45975413054254,1.0049907129489113,275
913000,3651.9999999412894,-565470.2367711351,110602.28280412275,-454867.95396701235,301.99089709081807,435.45975413054254,1.0049907129489113,275
914000,3655.999999941195,-564673.8816282358,109875.73679126438,-454798.1448369714,300.0071199332576,435.45975413054254,1.0049907129489113,275
915000,3659.9999999411,-564452.1202727687,110234.99185950379,-454217.1284132649,300.9880378455414,435.45975413054254,1.0049907129489113,275
916000,3663.9999999410056,-564266.6014671908,110341.2857071195,-453925.3157600713,301.2782648967638,435.45975413054254,1.0049907129489113,275
917000,3667.999999940911,-564029.7503710529,111212.35650407168,-452817.3938669812,303.6566556924319,435.45975413054254,1.0049907129489113,275
918000,3671.9999999408165,-563633.5607172083,110278.33230971353,-453355.2284074948,301.1063755607072,435.45975413054254,1.0049907129489113,275
919000,3675.999999940722,-563372.60154239,110361.26126887451,-453011.34027351544,301.3328066083935,435.45975413054254,1.0049907129489113,275
920000,3679.9999999406273,-563650.3240016671,110523.66300598113,-453126.66099568596,301.7762318708249,435.45975413054254,1.0049907129489113,275
921000,3683.9999999405327,-563427.2203873196,110655.46174910001,-452771.75863821956,302.136098047732,435.45975413054254,1.0049907129489113,275
922000,3687.999999940438,-565186.1741578267,109529.81864771922,-455656.3555101075,299.0626174524707,435.45975413054254,1.0049907129489113,275
923000,3691.9999999403435,-565938.5123167941,110694.49961273815,-455244.012704056,302.24268788622084,435.45975413054254,1.0049907129489113,275
924000,3695.999999940249,-565026.5268496023,110619.8141224659,-454406.71272713644,302.0387649866644,435.45975413054254,1.0049907129489113,275
925000,3699.9999999401543,-564366.6134563931,110683.32907212198,-453683.28438427113,302.2121875972925,435.45975413054254,1.0049907129489113,275
926000,3703.9999999400598,-564531.4445950286,110770.87795717327,-453760.5666378554,302.45123299188674,435.45975413054254,1.0049907129489113,275
927000,3707.999999939965,-563823.6454222631,110376.95212784392,-453446.69329441915,301.3756492736275,435.45975413054254,1.0049907129489113,275
928000,3711.9999999398706,-563929.1062635686,109848.53396902501,-454080.5722945436,299.93284475119816,435.45975413054254,1.0049907129489113,275
929000,3715.999999939776,-563271.2529343348,110752.79737409763,-452518.45556023717,302.4018653715763,435.45975413054254,1.0049907129489113,275
930000,3719.9999999396814,-565013.8451077244,110864.26560649986,-454149.57950122457,302.70622067642927,435.45975413054254,1.0049907129489113,275
931000,3723.999999939587,-564641.017292948,110942.78806281532,-453698.22923013265,302.9206201121668,435.45975413054254,1.0049907129489113,275
932000,3727.999999939492,-565083.3235678305,111009.72004726215,-454073.60352056834,303.1033726694802,435.45975413054254,1.0049907129489113,275
933000,3731.9999999393976,-564157.4569412931,110352.24453311443,-453805.21240817866,301.3081871154501,435.45975413054254,1.0049907129489113,275
934000,3735.999999939303,-563755.4687168961,111247.89041924538,-452507.5782976508,303.7536782732357,435.45975413054254,1.0049907129489113,275
935000,3739.9999999392085,-563138.1348349964,110116.45003501067,-453021.6847999857,300.6643686498083,435.45975413054254,1.0049907129489113,275
936000,3743.999999939114,-563747.2716805828,108720.70030633325,-455026.5713742495,296.8533829993218,435.45975413054254,1.0049907129489113,275
937000,3747.9999999390193,-563874.262805331,109764.6258865064,-454109.63691882463,299.70374028363625,435.45975413054254,1.0049907129489113,275
938000,3751.9999999389247,-565335.5026611923,109721.49430832209,-455614.00835287024,299.58597287722665,435.45975413054254,1.0049907129489113,275
939000,3755.99999993883,-564250.6808778634,110455.96666973698,-453794.7142081264,301.5913923106114,435.45975413054254,1.0049907129489113,275
940000,3759.9999999387355,-563662.917031744,110809.68974479986,-452853.22728694417,302.55720554747865,435.45975413054254,1.0049907129489113,275
941000,3763.999999938641,-565662.2479799888,110606.09203240834,-455056.15594758047,302.00129789121763,435.45975413054254,1.0049907129489113,275
942000,3767.9999999385464,-564741.6299276757,109336.06819376949,-455405.5617339062,298.5335969664862,435.45975413054254,1.0049907129489113,275
943000,3771.9999999384518,-565326.0663598445,110261.83339443384,-455064.2329654107,301.06132656081303,435.45975413054254,1.0049907129489113,275
944000,3775.999999938357,-565307.3705171836,109761.82356138679,-455545.5469557968,299.69608875370983,435.45975413054254,1.0049907129489113,275
945000,3779.9999999382626,-564290.2086402532,110731.65134512173,-453558.55729513144,302.34412779059306,435.45975413054254,1.0049907129489113,275
946000,3783.999999938168,-563473.1541665043,110981.2929288199,-452491.8612376844,303.0257546422349,435.45975413054254,1.0049907129489113,275
947000,3787.9999999380734,-564434.0802072417,110821.59205703303,-453612.48815020866,302.5897038816687,435.45975413054254,1.0049907129489113,275
948000,3791.999999937979,-564669.0807000631,111269.68159205059,-453399.39910801256,303.8131773690705,435.45975413054254,1.0049907129489113,275
949000,3795.9999999378842,-564204.2108089281,110403.45180682305,-453800.7590021051,301.44800457791814,435.45975413054254,1.0049907129489113,275
950000,3799.9999999377897,-564452.0031711292,110612.75139966805,-453839.2517714611,302.01948077354007,435.45975413054254,1.0049907129489113,275
951000,3803.999999937695,-562557.241014869,109845.17289085977,-452712.0681240092,299.92366758970945,435.45975413054254,1.0049907129489113,275
952000,3807.9999999376005,-564687.7535608201,110869.73011314901,-453818.0234476711,302.7211410851522,435.45975413054254,1.0049907129489113,275
953000,3811.999999937506,-564479.0722741424,110138.94919780968,-454340.12307633273,300.7258008570395,435.45975413054254,1.0049907129489113,275
954000,3815.9999999374113,-565686.892091217,110043.72981922317,-455643.1622719938,300.4658117787788,435.45975413054254,1.0049907129489113,275
955000,3819.9999999373167,-564049.1918309801,110036.95410380478,-454012.23772717535,300.44731121689387,435.45975413054254,1.0049907129489113,275
956000,3823.999999937222,-564635.9728934318,111082.3139527464,-453553.6589406854,303.3015846600893,435.45975413054254,1.0049907129489113,275
957000,3827.9999999371275,-563778.3755452731,110027.48099673336,-453750.8945485397,300.4214456377195,435.45975413054254,1.0049907129489113,275
958000,3831.999999937033,-563123.0551897818,110525.10222885103,-452597.95296093076,301.780161556493,435.45975413054254,1.0049907129489113,275
959000,3835.9999999369384,-563490.385373882,110329.26603527862,-453161.1193386034,301.24544612132865,435.45975413054254,1.0049907129489113,275
960000,3839.999999936844,-564440.9945330261,110555.30935342982,-453885.6851795963,301.8626397515068,435.45975413054254,1.0049907129489113,275
961000,3843.999999936749,-562974.9290894391,110443.84414749788,-452531.0849419412,301.5582927101947,435.45975413054254,1.0049907129489113,275
962000,3847.9999999366546,-564290.967835336,110882.89846587394,-453408.0693694621,302.7570962440494,435.45975413054254,1.0049907129489113,275
963000,3851.99999993656,-563540.1842961605,110344.8381451793,-453195.34615098115,301.2879645515027,435.45975413054254,1.0049907129489113,275
964000,3855.9999999364654,-562520.5959137981,111168.86274223516,-451351.7331715629,303.5378993718401,435.45975413054254,1.0049907129489113,275
965000,3859.999999936371,-564339.7084725555,111030.98619971675,-453308.72227283876,303.1614382382426,435.45975413054254,1.0049907129489113,275
966000,3863.9999999362763,-563317.7628323943,110612.3740179871,-452705.3888144072,302.01845036232714,435.45975413054254,1.0049907129489113,275
967000,3867.9999999361817,-563607.7561412081,109251.7692491049,-454355.9868921032,298.3034252803542,435.45975413054254,1.0049907129489113,275
968000,3871.999999936087,-564639.3255695095,109969.52950371196,-454669.79606579756,300.2632136110237,435.45975413054254,1.0049907129489113,275
969000,3875.9999999359925,-563559.2004608642,109806.5808798708,-453752.6195809934,299.8182951170659,435.45975413054254,1.0049907129489113,275
970000,3879.999999935898,-563531.0417124238,110875.71047841787,-452655.3312340059,302.7374700055568,435.45975413054254,1.0049907129489113,275
971000,3883.9999999358033,-564718.6162169687,109497.83781590406,-455220.7784010647,298.9752962883436,435.45975413054254,1.0049907129489113,275
972000,3887.9999999357087,-564844.1857454372,110301.67986026498,-454542.50588517217,301.17012422445214,435.45975413054254,1.0049907129489113,275
973000,3891.999999935614,-565461.5919644572,109999.18925022072,-455462.40271423646,300.34419723295787,435.45975413054254,1.0049907129489113,275
974000,3895.9999999355196,-564170.6586576123,110773.78015155799,-453396.8785060543,302.4591572070435,435.45975413054254,1.0049907129489113,275
975000,3899.999999935425,-564659.2242923062,110038.77193383302,-454620.4523584732,300.4522746598452,435.45975413054254,1.0049907129489113,275
976000,3903.9999999353304,-564122.0961491261,110186.58305065817,-453935.5130984679,300.8558613728706,435.45975413054254,1.0049907129489113,275
977000,3907.999999935236,-565074.1925353585,109833.76452753367,-455240.4280078248,299.8925179444414,435.45975413054254,1.0049907129489113,275
978000,3911.999999935141,-564596.2119141235,110163.19414644392,-454433.0177676796,300.7919997961784,435.45975413054254,1.0049907129489113,275
979000,3915.9999999350466,-564645.0824241983,109911.56688541209,-454733.5155387862,300.10495120762357,435.45975413054254,1.0049907129489113,275
980000,3919.999999934952,-564054.9674128154,110729.7479825312,-453325.2194302842,302.3389308076589,435.45975413054254,1.0049907129489113,275
981000,3923.9999999348574,-565022.2471139114,110522.40403251842,-454499.84308139305,301.7727943420888,435.45975413054254,1.0049907129489113,275
982000,3927.999999934763,-564431.2923572497,109849.7100096779,-454581.58234757173,299.9360558383726,435.45975413054254,1.0049907129489113,275
983000,3931.9999999346683,-565043.3900636863,109221.39987615682,-455821.9901875295,298.22050407883694,435.45975413054254,1.0049907129489113,275
984000,3935.9999999345737,-564579.7481469708,110757.02558918059,-453822.72255779017,302.4134101827106,435.45975413054254,1.0049907129489113,275
985000,3939.999999934479,-564714.4772953861,109222.56905025512,-455491.908245131,298.22369641742023,435.45975413054254,1.0049907129489113,275
986000,3943.9999999343845,-565142.5111603327,109902.83325086738,-455239.67790946533,300.0811047004435,435.45975413054254,1.0049907129489113,275
987000,3947.99999993429,-564547.9542062888,110706.05433856905,-453841.89986771974,302.27423716287996,435.45975413054254,1.0049907129489113,275
988000,3951.9999999341953,-565083.1829495579,109461.27596231387,-455621.90698724403,298.8754670019575,435.45975413054254,1.0049907129489113,275
989000,3955.9999999341007,-564600.3703637612,110467.02457309882,-454133.3457906624,301.62158505231184,435.45975413054254,1.0049907129489113,275
990000,3959.999999934006,-563469.2187317698,111078.30060967116,-452390.91812209866,303.2906265401944,435.45975413054254,1.0049907129489113,275
991000,3963.9999999339116,-564021.9217158118,109509.88348143722,-454512.0382343746,299.0081860375259,435.45975413054254,1.0049907129489113,275
992000,3967.999999933817,-565583.9899623399,111055.8947050992,-454528.0952572407,303.2294489672703,435.45975413054254,1.0049907129489113,275
993000,3971.9999999337224,-564283.6987679591,110951.35126261412,-453332.347505345,302.9440012605811,435.45975413054254,1.0049907129489113,275
994000,3975.999999933628,-563838.7760412488,110828.2094627544,-453010.5665784944,302.60777219128715,435.45975413054254,1.0049907129489113,275
995000,3979.999999933533,-563650.0604979875,109868.98147743705,-453781.0790205505,299.9886750763241,435.45975413054254,1.0049907129489113,275
996000,3983.9999999334386,-564244.8634208413,110093.85010107642,-454151.01331976487,300.6026612948608,435.45975413054254,1.0049907129489113,275
997000,3987.999999933344,-564465.1067113578,109450.39277080438,-455014.7139405535,298.8457512973279,435.45975413054254,1.0049907129489113,275
998000,3991.9999999332495,-565080.2272994337,110886.23946087479,-454193.98783855885,302.7662185700259,435.45975413054254,1.0049907129489113,275
999000,3995.999999933155,-564848.9400817207,110262.27711657411,-454586.6629651466,301.0625381094701,435.45975413054254,1.0049907129489113,275
1000000,3999.9999999330603,-564018.3770967652,109959.79626929393,-454058.5808274713,300.23663777444074,435.45975413054254,1.0049907129489113,275
1001000,4003.9999999329657,-563763.9730674471,109718.20421455434,-454045.76885289274,299.57698953309267,435.45975413054254,1.0049907129489113,275
1002000,4007.999999932871,-563625.3547085747,110242.49198336969,-453382.862725205,301.00851634812864,435.45975413054254,1.0049907129489113,275
1003000,4011.9999999327765,-565076.5691459989,110433.51479289576,-454643.05435310316,301.5300892139957,435.45975413054254,1.0049907129489113,275
1004000,4015.999999932682,-564501.7632061546,110639.60361455427,-453862.1595916003,302.0927986495981,435.45975413054254,1.0049907129489113,275
1005000,4019.9999999325873,-564484.0303707542,109129.75193717744,-455354.27843357675,297.9702665375565,435.45975413054254,1.0049907129489113,275
1006000,4023.9999999324928,-563841.1533583114,109157.19456560013,-454683.95879271126,298.0451964916748,435.45975413054254,1.0049907129489113,275
1007000,4027.999999932398,-564487.0136907636,110541.61392440007,-453945.39976636355,301.8252454519147,435.45975413054254,1.0049907129489113,275
1008000,4031.9999999323036,-563262.6720623053,109243.18956508848,-454019.4824972168,298.2799991230708,435.45975413054254,1.0049907129489113,275
1009000,4035.999999932209,-565070.8426154922,110319.05280253128,-454751.7898129609,301.217559686787,435.45975413054254,1.0049907129489113,275
1010000,4039.9999999321144,-564042.5405633892,109781.88023205823,-454260.66033133096,299.75085192690267,435.45975413054254,1.0049907129489113,275
1011000,4043.99999993202,-565518.1306631356,110722.360553912,-454795.77010922355,302.31876001064336,435.45975413054254,1.0049907129489113,275
1012000,4047.9999999319252,-565481.3277100138,110385.56026368242,-455095.76744633145,301.3991531163895,435.45975413054254,1.0049907129489113,275
1013000,4051.9999999318306,-563787.281290351,109854.30936109088,-453932.97192926006,299.9486140082768,435.45975413054254,1.0049907129489113,275
1014000,4055.999999931736,-564024.8203112935,110741.98213582928,-453282.8381754642,302.37233520796576,435.45975413054254,1.0049907129489113,275
1015000,4059.9999999316415,-564664.5850524753,109264.55700084823,-455400.0280516271,298.3383412379894,435.45975413054254,1.0049907129489113,275
1016000,4063.999999931547,-564180.0898706289,110122.60741568799,-454057.4824549409,300.6811808969639,435.45975413054254,1.0049907129489113,275
1017000,4067.9999999314523,-565099.5994983404,110192.03417700448,-454907.5653213359,300.8707452477215,435.45975413054254,1.0049907129489113,275
1018000,4071.9999999313577,-564624.5934555866,110497.39080465192,-454127.2026509347,301.7044976764954,435.45975413054254,1.0049907129489113,275
1019000,4075.999999931263,-564169.6900404356,110570.10856925533,-453599.5814711803,301.90304785475814,435.45975413054254,1.0049907129489113,275
1020000,4079.9999999311685,-564959.3578074351,109867.2544869592,-455092.1033204759,299.98395966367207,435.45975413054254,1.0049907129489113,275
1021000,4083.999999931074,-565500.9501521299,110721.68143579282,-454779.26871633704,302.3169057316462,435.45975413054254,1.0049907129489113,275
1022000,4087.9999999309794,-564632.0560705396,110476.07557896437,-454155.98049157526,301.64629811710233,435.45975413054254,1.0049907129489113,275
1023000,4091.9999999308848,-566052.1501495261,109806.66215084051,-456245.48799868557,299.8185170211028,435.45975413054254,1.0049907129489113,275
1024000,4095.99999993079,-564979.6365660117,110058.319745927,-454921.3168200847,300.5056484344252,435.45975413054254,1.0049907129489113,275
1025000,4099.999999930696,-564193.7275544759,109942.34669714374,-454251.38085733214,300.1889930801914,435.45975413054254,1.0049907129489113,275
1026000,4103.999999930601,-563774.4425294744,110967.75891815804,-452806.6836113164,302.9888010828925,435.45975413054254,1.0049907129489113,275
1027000,4107.999999930506,-564038.6164679984,110367.22735319089,-453671.3891148075,301.3490965357724,435.45975413054254,1.0049907129489113,275
1028000,4111.999999930412,-564686.7478688001,109960.3362010112,-454726.41166778887,300.23811201583555,435.45975413054254,1.0049907129489113,275
1029000,4115.999999930317,-564793.0586220454,109757.0601091616,-455035.99851288385,299.68308251935133,435.45975413054254,1.0049907129489113,275
1030000,4119.999999930223,-564275.1869632937,110034.05212083797,-454241.13484245574,300.4393875789971,435.45975413054254,1.0049907129489113,275
1031000,4123.999999930128,-564706.3843341963,109917.61491684604,-454788.7694173503,300.1214648852084,435.45975413054254,1.0049907129489113,275
1032000,4127.9999999300335,-563871.1236517555,110193.7525178917,-453677.3711338638,300.8754370433416,435.45975413054254,1.0049907129489113,275
1033000,4131.999999929939,-564599.6162153729,110539.79261081293,-454059.82360456,301.82027249737786,435.45975413054254,1.0049907129489113,275
1034000,4135.999999929844,-564561.5505197989,109822.75144321658,-454738.7990765823,299.862447577643,435.45975413054254,1.0049907129489113,275
1035000,4139.99999992975,-564162.8102349346,110252.75954298448,-453910.0506919501,301.03655111793984,435.45975413054254,1.0049907129489113,275
1036000,4143.999999929655,-564076.7853540718,110246.49750357232,-453830.28785049944,301.01945310828074,435.45975413054254,1.0049907129489113,275
1037000,4147.9999999295605,-563633.5752305454,110845.86967451836,-452787.705556027,302.65599202055466,435.45975413054254,1.0049907129489113,275
1038000,4151.999999929466,-563424.7076050136,110422.90496459743,-453001.8026404162,301.5011199062693,435.45975413054254,1.0049907129489113,275
1039000,4155.999999929371,-563662.3490460101,110021.8469832131,-453640.50206279696,300.4060624037204,435.45975413054254,1.0049907129489113,275
1040000,4159.999999929277,-564282.599991947,110074.64403498918,-454207.95595695777,300.5502206310678,435.45975413054254,1.0049907129489113,275
1041000,4163.999999929182,-564853.3469658783,110258.08696777298,-454595.2599981053,301.051097235346,435.45975413054254,1.0049907129489113,275
1042000,4167.999999929088,-564821.7051290004,109601.38632462476,-455220.3188043756,299.25802740607617,435.45975413054254,1.0049907129489113,275
1043000,4171.999999928993,-564275.1732065575,110248.56788365929,-454026.60532289825,301.02510611944774,435.45975413054254,1.0049907129489113,275
1044000,4175.999999928898,-565380.0486805844,110187.28318890918,-455192.76549167524,300.85777304569643,435.45975413054254,1.0049907129489113,275
1045000,4179.999999928804,-564786.676363932,110213.81133273669,-454572.8650311953,300.93020607103296,435.45975413054254,1.0049907129489113,275
1046000,4183.999999928709,-563391.5374992541,109943.91146417218,-453447.6260350819,300.1932655543816,435.45975413054254,1.0049907129489113,275
1047000,4187.999999928615,-564179.6023143474,109927.18491918928,-454252.4173951581,300.1475950293567,435.45975413054254,1.0049907129489113,275
1048000,4191.99999992852,-563255.9893954527,109608.6285956616,-453647.36079979106,299.2778018616474,435.45975413054254,1.0049907129489113,275
1049000,4195.9999999284255,-564063.2928317697,109938.21849490667,-454125.074336863,300.17772134632355,435.45975413054254,1.0049907129489113,275
1050000,4199.999999928331,-564949.981234312,110076.58514456003,-454873.39608975203,300.5555206791842,435.45975413054254,1.0049907129489113,275
1051000,4203.999999928236,-564891.0085224202,110019.26446216967,-454871.7440602505,300.39901103166113,435.45975413054254,1.0049907129489113,275
1052000,4207.999999928142,-564802.030871395,109793.52671644127,-455008.50415495376,299.78265174312355,435.45975413054254,1.0049907129489113,275
1053000,4211.999999928047,-564099.2781206663,109522.29666147952,-454576.98145918676,299.0420792563789,435.45975413054254,1.0049907129489113,275
1054000,4215.999999927953,-564073.6500909384,110007.85454047064,-454065.7955504678,300.3678571313775,435.45975413054254,1.0049907129489113,275
1055000,4219.999999927858,-565032.0783573431,109970.91235072905,-455061.16600661405,300.2669893668276,435.45975413054254,1.0049907129489113,275
1056000,4223.999999927763,-565457.97663208,109524.05814062766,-455933.91849145235,299.04688883765215,435.45975413054254,1.0049907129489113,275
1057000,4227.999999927669,-564073.6859965366,110198.07868839777,-453875.60730813886,300.88724931411014,435.45975413054254,1.0049907129489113,275
1058000,4231.999999927574,-565315.0253240955,109632.82758713257,-455682.19773696293,299.34387531834045,435.45975413054254,1.0049907129489113,275
1059000,4235.99999992748,-563997.9425127031,110903.55940677226,-453094.3831059309,302.8135093299138,435.45975413054254,1.0049907129489113,275
1060000,4239.999999927385,-562927.2457128312,109654.04273074924,-453273.2029820819,299.40180161145366,435.45975413054254,1.0049907129489113,275
1061000,4243.99999992729,-564332.5080309375,110287.15630758682,-454045.3517233507,301.13046879790016,435.45975413054254,1.0049907129489113,275
1062000,4247.999999927196,-563628.6676411214,109820.32008815452,-453808.3475529669,299.8558089524924,435.45975413054254,1.0049907129489113,275
1063000,4251.999999927101,-564365.125994835,109803.67073646784,-454561.45525836723,299.81034919773543,435.45975413054254,1.0049907129489113,275
1064000,4255.999999927007,-563396.6900577038,110215.85967957415,-453180.8303781296,300.9357989221325,435.45975413054254,1.0049907129489113,275
1065000,4259.999999926912,-564791.9982564235,109731.60352538922,-455060.3947310343,299.61357530507524,435.45975413054254,1.0049907129489113,275
1066000,4263.9999999268175,-563579.9403483546,110368.29891348328,-453211.64143487136,301.35202234748067,435.45975413054254,1.0049907129489113,275
1067000,4267.999999926723,-563872.74598053,109503.55427376658,-454369.19170676346,298.9909046301817,435.45975413054254,1.0049907129489113,275
1068000,4271.999999926628,-562810.5345331058,110745.1633886149,-452065.3711444909,302.38102137029665,435.45975413054254,1.0049907129489113,275
1069000,4275.999999926534,-563968.885029431,110346.85034214251,-453622.03468728845,301.2934586981934,435.45975413054254,1.0049907129489113,275
1070000,4279.999999926439,-563873.4098433312,109970.44956193457,-453902.96028139663,300.26572575816004,435.45975413054254,1.0049907129489113,275
1071000,4283.999999926345,-564910.298750814,109254.58379210712,-455655.7149587069,298.3111101702551,435.45975413054254,1.0049907129489113,275
1072000,4287.99999992625,-564188.3911150307,110005.46186410531,-454182.92925092543,300.3613241153882,435.45975413054254,1.0049907129489113,275
1073000,4291.999999926155,-565137.3006938561,110583.00632932992,-454554.29436452617,301.93826418155214,435.45975413054254,1.0049907129489113,275
1074000,4295.999999926061,-564023.6154471235,109894.98342478095,-454128.6320223426,300.0596713632488,435.45975413054254,1.0049907129489113,275
1075000,4299.999999925966,-562415.9836832685,109650.5118941303,-452765.4717891383,299.39216093776236,435.45975413054254,1.0049907129489113,275
1076000,4303.999999925872,-565073.6714324462,110383.51236760238,-454690.15906484384,301.3935614960479,435.45975413054254,1.0049907129489113,275
1077000,4307.999999925777,-565360.2311451719,110363.40151061199,-454996.8296345599,301.3386503713422,435.45975413054254,1.0049907129489113,275
1078000,4311.9999999256825,-564537.4267151942,110024.820402157,-454512.6063130372,300.4141810919747,435.45975413054254,1.0049907129489113,275
1079000,4315.999999925588,-563351.3992329552,110460.03550921974,-452891.36372373544,301.60250195911374,435.45975413054254,1.0049907129489113,275
1080000,4319.999999925493,-563701.5807047412,109441.7276946996,-454259.8530100416,298.82209198361494,435.45975413054254,1.0049907129489113,275
1081000,4323.999999925399,-562736.5535580008,110758.09019619337,-451978.46336180746,302.41631700903184,435.45975413054254,1.0049907129489113,275
1082000,4327.999999925304,-564578.6460756906,109928.34449061239,-454650.30158507824,300.1507611485852,435.45975413054254,1.0049907129489113,275
1083000,4331.9999999252095,-563379.7201493969,110720.21143581741,-452659.5087135795,302.3128920114946,435.45975413054254,1.0049907129489113,275
1084000,4335.999999925115,-565298.1409896188,110749.1740032268,-454548.96698639204,302.3919720403355,435.45975413054254,1.0049907129489113,275
1085000,4339.99999992502,-563303.3321008133,109451.83752490918,-453851.4945759041,298.84969608560107,435.45975413054254,1.0049907129489113,275
1086000,4343.999999924926,-564786.1866604039,110053.71480580658,-454732.4718545973,300.4930750049918,435.45975413054254,1.0049907129489113,275
1087000,4347.999999924831,-564559.5561308786,110285.11071084609,-454274.44542003254,301.12488345572496,435.45975413054254,1.0049907129489113,275
1088000,4351.999999924737,-563251.6107822605,110600.22345984995,-452651.3873224106,301.98527421208,435.45975413054254,1.0049907129489113,275
1089000,4355.999999924642,-563354.8374027074,110135.79564406839,-453219.04175863904,300.7171903247863,435.45975413054254,1.0049907129489113,275
1090000,4359.999999924547,-564524.9926944054,111346.92696220416,-453178.0657322012,304.02408982076105,435.45975413054254,1.0049907129489113,275
1091000,4363.999999924453,-563392.8154199026,110361.50962237094,-453031.3057975316,301.3334847182234,435.45975413054254,1.0049907129489113,275
1092000,4367.999999924358,-562777.7214861973,110470.11678349413,-452307.6047027032,301.6300280913486,435.45975413054254,1.0049907129489113,275
1093000,4371.999999924264,-563860.9749394548,110204.11495642265,-453656.85998303216,300.90373087262503,435.45975413054254,1.0049907129489113,275
1094000,4375.999999924169,-564558.0621631173,110864.67850809032,-453693.383655027,302.70734807198164,435.45975413054254,1.0049907129489113,275
1095000,4379.9999999240745,-563704.0667457888,110409.27407320982,-453294.79267257894,301.46390182166994,435.45975413054254,1.0049907129489113,275
1096000,4383.99999992398,-564593.3715883871,110964.46333213244,-453628.9082562546,302.9798027425773,435.45975413054254,1.0049907129489113,275
1097000,4387.999999923885,-564147.1637295922,110145.83211403058,-454001.3316155616,300.7445941223452,435.45975413054254,1.0049907129489113,275
1098000,4391.999999923791,-564977.3809678014,110370.66593498776,-454606.71503281366,301.3584853148756,435.45975413054254,1.0049907129489113,275
1099000,4395.999999923696,-564926.2015292658,109567.01375637576,-455359.1877728901,299.16417579236924,435.45975413054254,1.0049907129489113,275
1100000,4399.9999999236015,-564999.2247448107,110089.27281358954,-454909.9519312212,300.5901633687841,435.45975413054254,1.0049907129489113,275
1101000,4403.999999923507,-564439.611473728,110793.7009325799,-453645.91054114804,302.5135493441589,435.45975413054254,1.0049907129489113,275
1102000,4407.999999923412,-563651.9438235094,110085.92830327367,-453566.0155202357,300.5810314445144,435.45975413054254,1.0049907129489113,275
1103000,4411.999999923318,-564218.3293043189,111045.34012620151,-453172.98917811736,303.20063051371835,435.45975413054254,1.0049907129489113,275
1104000,4415.999999923223,-564805.3487570775,110113.03673781929,-454692.31201925816,300.6550489083461,435.45975413054254,1.0049907129489113,275
1105000,4419.999999923129,-563592.6743580895,109468.94205991802,-454123.73229817144,298.89639868287736,435.45975413054254,1.0049907129489113,275
1106000,4423.999999923034,-563621.5930508119,109219.52485902843,-454402.0681917835,298.2153844909739,435.45975413054254,1.0049907129489113,275
1107000,4427.999999922939,-564251.922461505,110056.58371952135,-454195.3387419837,300.500908349878,435.45975413054254,1.0049907129489113,275
1108000,4431.999999922845,-564557.5665301923,110127.59305546043,-454429.97347473184,300.69479379707116,435.45975413054254,1.0049907129489113,275
1109000,4435.99999992275,-564083.8027749364,110150.41952022142,-453933.383254715,300.75711967675295,435.45975413054254,1.0049907129489113,275
1110000,4439.999999922656,-564768.3474951377,110374.65697856259,-454393.6905165751,301.36938254772593,435.45975413054254,1.0049907129489113,275
1111000,4443.999999922561,-565129.1174425157,109793.12095086055,-455335.9964916551,299.78154383188865,435.45975413054254,1.0049907129489113,275
1112000,4447.9999999224665,-564341.1295076986,110182.94900251963,-454158.180505179,300.845938888184,435.45975413054254,1.0049907129489113,275
1113000,4451.999999922372,-564428.9694166034,110742.96860549971,-453686.00081110373,302.37502868637483,435.45975413054254,1.0049907129489113,275
1114000,4455.999999922277,-564908.5908937831,110741.04230518139,-454167.54858860176,302.369769073766,435.45975413054254,1.0049907129489113,275
1115000,4459.999999922183,-564531.8513923064,110023.36398405873,-454508.48740824766,300.4102044560782,435.45975413054254,1.0049907129489113,275
1116000,4463.999999922088,-563339.0190396896,109450.632112069,-453888.38692762057,298.8464047999626,435.45975413054254,1.0049907129489113,275
1117000,4467.999999921994,-564578.0824081348,110695.4854363543,-453882.5969717805,302.2453796006291,435.45975413054254,1.0049907129489113,275
1118000,4471.999999921899,-565645.5965404124,110658.37236044905,-454987.22417996335,302.14404524475265,435.45975413054254,1.0049907129489113,275
1119000,4475.999999921804,-564073.5537737878,109854.45103904739,-454219.1027347404,299.9490008488745,435.45975413054254,1.0049907129489113,275
1120000,4479.99999992171,-564731.350978714,110086.83357005456,-454644.5174086594,300.58350320477405,435.45975413054254,1.0049907129489113,275
1121000,4483.999999921615,-564034.3741613636,110021.14852026344,-454013.22564110014,300.4041553051742,435.45975413054254,1.0049907129489113,275
1122000,4487.999999921521,-564539.6632968332,110627.48190937773,-453912.18138745544,302.05970128010694,435.45975413054254,1.0049907129489113,275
1123000,4491.999999921426,-564094.1247593141,110872.85128022823,-453221.2734790859,302.7296631881535,435.45975413054254,1.0049907129489113,275
1124000,4495.999999921331,-564954.5600983808,111101.57163242606,-453852.9884659547,303.35416625076635,435.45975413054254,1.0049907129489113,275
1125000,4499.999999921237,-564399.2585626086,109405.14143817242,-454994.1171244362,298.7221960669149,435.45975413054254,1.0049907129489113,275
1126000,4503.999999921142,-564612.1616074429,110554.16873577854,-454057.99287166435,301.8595253840723,435.45975413054254,1.0049907129489113,275
1127000,4507.999999921048,-564593.9591548988,110328.91435907851,-454265.04479582026,301.244485896924,435.45975413054254,1.0049907129489113,275
1128000,4511.999999920953,-564292.3542757067,109546.7039826843,-454745.6502930224,299.1087215411432,435.45975413054254,1.0049907129489113,275
1129000,4515.9999999208585,-564275.5766471885,109425.09437660861,-454850.4822705799,298.776676007339,435.45975413054254,1.0049907129489113,275
1130000,4519.999999920764,-565692.2061718553,109471.8694114862,-456220.33676036913,298.9043915877593,435.45975413054254,1.0049907129489113,275
1131000,4523.999999920669,-564868.5836997358,110436.50948882311,-454432.0742109127,301.53826599739193,435.45975413054254,1.0049907129489113,275
1132000,4527.999999920575,-563511.3962507308,110591.88785913395,-452919.5083915969,301.9625145051897,435.45975413054254,1.0049907129489113,275
1133000,4531.99999992048,-564653.3040462942,109970.2588923135,-454683.04515398067,300.26520514964767,435.45975413054254,1.0049907129489113,275
1134000,4535.999999920386,-565304.4678864912,110455.02833740646,-454849.43954908475,301.5888302674502,435.45975413054254,1.0049907129489113,275
1135000,4539.999999920291,-564332.0459745247,110002.1865818044,-454329.8593927203,300.3523812128078,435.45975413054254,1.0049907129489113,275
1136000,4543.999999920196,-564486.0894897375,110239.23399633041,-454246.8554934071,300.99962066890976,435.45975413054254,1.0049907129489113,275
1137000,4547.999999920102,-564511.7133232635,109351.53916837403,-455160.1741548894,298.57583925463103,435.45975413054254,1.0049907129489113,275
1138000,4551.999999920007,-565746.8843666166,110210.95118104786,-455535.9331855688,300.92239665017445,435.45975413054254,1.0049907129489113,275
1139000,4555.999999919913,-563676.0481766788,109948.518874638,-453727.5293020408,300.2058457289003,435.45975413054254,1.0049907129489113,275
1140000,4559.999999919818,-563901.0662837275,109971.73864663579,-453929.32763709174,300.2692455032817,435.45975413054254,1.0049907129489113,275
1141000,4563.999999919723,-564207.4815258342,110184.72288239434,-454022.75864343985,300.8507823286729,435.45975413054254,1.0049907129489113,275
1142000,4567.999999919629,-563975.1778417793,110027.54493083362,-453947.6329109457,300.42162020478816,435.45975413054254,1.0049907129489113,275
1143000,4571.999999919534,-565052.9396178857,110706.98083507689,-454345.95878280886,302.27676688925135,435.45975413054254,1.0049907129489113,275
1144000,4575.99999991944,-564017.7513999362,110379.04459762546,-453638.7068023107,301.3813625989807,435.45975413054254,1.0049907129489113,275
1145000,4579.999999919345,-563523.1239579888,110130.34602580834,-453392.77793218044,300.70231056764726,435.45975413054254,1.0049907129489113,275
1146000,4583.9999999192505,-564477.6648718966,110020.5706574507,-454457.0942144459,300.402577495885,435.45975413054254,1.0049907129489113,275
1147000,4587.999999919156,-563174.8589115008,110078.61428157118,-453096.2446299296,300.56106107935307,435.45975413054254,1.0049907129489113,275
1148000,4591.999999919061,-563908.851372336,111253.91439654917,-452654.93697578687,303.77012627289633,435.45975413054254,1.0049907129489113,275
1149000,4595.999999918967,-563557.6898870678,110624.98803823943,-452932.70184882835,302.0528919596916,435.45975413054254,1.0049907129489113,275
1150000,4599.999999918872,-563523.9500729619,111565.35255001707,-451958.5975229448,304.6204838330621,435.45975413054254,1.0049907129489113,275
1151000,4603.999999918778,-563899.6790806018,109381.08415562994,-454518.5949249718,298.656509535386,435.45975413054254,1.0049907129489113,275
1152000,4607.999999918683,-564040.6265314524,110428.01068271484,-453612.61584873754,301.5150606709215,435.45975413054254,1.0049907129489113,275
1153000,4611.999999918588,-564534.5720812026,110474.67811714076,-454059.89396406186,301.6424824567103,435.45975413054254,1.0049907129489113,275
1154000,4615.999999918494,-564226.3303444977,110768.57506065769,-453457.75528384,302.4449451127669,435.45975413054254,1.0049907129489113,275
1155000,4619.999999918399,-563916.6151779541,111124.50788869319,-452792.1072892609,303.4167919075829,435.45975413054254,1.0049907129489113,275
1156000,4623.999999918305,-563836.3497186303,110681.02812050829,-453155.321598122,302.2059050285754,435.45975413054254,1.0049907129489113,275
1157000,4627.99999991821,-564294.5856434098,109951.73365367437,-454342.8519897354,300.214623432041,435.45975413054254,1.0049907129489113,275
1158000,4631.9999999181155,-564158.7738260427,110919.22844483738,-453239.5453812053,302.8562924148725,435.45975413054254,1.0049907129489113,275
1159000,4635.999999918021,-563599.1552357739,110813.53513178334,-452785.62010399054,302.5677050763795,435.45975413054254,1.0049907129489113,275
1160000,4639.999999917926,-563774.2892554188,110133.22682610143,-453641.0624293174,300.7101763679073,435.45975413054254,1.0049907129489113,275
1161000,4643.999999917832,-563510.738355577,110545.58386627556,-452965.15448930144,301.8360850682227,435.45975413054254,1.0049907129489113,275
1162000,4647.999999917737,-563699.4143915568,110906.93015705678,-452792.4842345,302.8227129003689,435.45975413054254,1.0049907129489113,275
1163000,4651.9999999176425,-563598.985748806,110200.13263177499,-453398.85311703105,300.89285744612454,435.45975413054254,1.0049907129489113,275
1164000,4655.999999917548,-563959.4096015813,110352.00211163113,-453607.4074899502,301.30752520251883,435.45975413054254,1.0049907129489113,275
1165000,4659.999999917453,-566375.0868020733,109908.93519923359,-456466.1516028397,300.09776559400194,435.45975413054254,1.0049907129489113,275
1166000,4663.999999917359,-564210.7414195668,110940.65196549383,-453270.089454073,302.91478766522226,435.45975413054254,1.0049907129489113,275
1167000,4667.999999917264,-564061.9219287699,109693.4764687533,-454368.4454600166,299.50947235398786,435.45975413054254,1.0049907129489113,275
1168000,4671.99999991717,-564068.5305437986,109676.54770125158,-454391.982842547,299.46324967616533,435.45975413054254,1.0049907129489113,275
1169000,4675.999999917075,-564180.1466367883,111001.14505601197,-453179.0015807763,303.07995932542866,435.45975413054254,1.0049907129489113,275
1170000,4679.99999991698,-563622.1031558621,110173.37092582817,-453448.7322300339,300.8197866976584,435.45975413054254,1.0049907129489113,275
1171000,4683.999999916886,-564504.8395161438,110725.24859976256,-453779.5909163812,302.3266455943324,435.45975413054254,1.0049907129489113,275
1172000,4687.999999916791,-564470.0573414643,110257.32949746845,-454212.7278439959,301.04902902182465,435.45975413054254,1.0049907129489113,275
1173000,4691.999999916697,-564883.4873215626,110058.87537751294,-454824.61194404965,300.50716554308553,435.45975413054254,1.0049907129489113,275
1174000,4695.999999916602,-564811.5903775524,109492.15953015932,-455319.4308473931,298.9597921724925,435.45975413054254,1.0049907129489113,275
1175000,4699.9999999165075,-564873.2827195735,109890.42809921515,-454982.8546203583,300.04723340248273,435.45975413054254,1.0049907129489113,275
1176000,4703.999999916413,-563870.9584677606,110031.48208450718,-453839.4763832534,300.4323702954709,435.45975413054254,1.0049907129489113,275
1177000,4707.999999916318,-565715.1863420624,110534.90914135665,-455180.2772007058,301.8069385653411,435.45975413054254,1.0049907129489113,275
1178000,4711.999999916224,-564845.9868255844,109081.06899203817,-455764.9178335463,297.8373415571411,435.45975413054254,1.0049907129489113,275
1179000,4715.999999916129,-564308.2041752031,108844.23528566014,-455463.968889543,297.1906856144504,435.45975413054254,1.0049907129489113,275
1180000,4719.9999999160345,-564834.1415450634,110150.49408005345,-454683.6474650099,300.7573232565525,435.45975413054254,1.0049907129489113,275
1181000,4723.99999991594,-564979.827977296,110162.40834025286,-454817.4196370431,300.7898542137314,435.45975413054254,1.0049907129489113,275
1182000,4727.999999915845,-564497.9315332179,109304.18653401651,-455193.7449992014,298.44654658393125,435.45975413054254,1.0049907129489113,275
1183000,4731.999999915751,-565045.9667051244,110082.63048755469,-454963.33621756965,300.57202701619553,435.45975413054254,1.0049907129489113,275
1184000,4735.999999915656,-565426.3238781714,110093.75209330523,-455332.57178486616,300.60239369229424,435.45975413054254,1.0049907129489113,275
1185000,4739.999999915562,-563544.7998876725,109663.82483970585,-453880.9750479667,299.42851089614794,435.45975413054254,1.0049907129489113,275
1186000,4743.999999915467,-563969.4693714604,109397.11354817968,-454572.3558232807,298.7002765401276,435.45975413054254,1.0049907129489113,275
1187000,4747.999999915372,-564370.7919773296,109416.3832438477,-454954.40873348195,298.75289093952256,435.45975413054254,1.0049907129489113,275
1188000,4751.999999915278,-563419.6789693814,110878.76268475014,-452540.91628463124,302.74580381662315,435.45975413054254,1.0049907129489113,275
1189000,4755.999999915183,-566207.333160114,110204.7631217516,-456002.5700383624,300.90550063744536,435.45975413054254,1.0049907129489113,275
1190000,4759.999999915089,-564237.767916102,110571.36694934213,-453666.40096675983,301.9064837633277,435.45975413054254,1.0049907129489113,275
1191000,4763.999999914994,-565029.8993367217,110244.39347832272,-454785.50585839903,301.0137082316243,435.45975413054254,1.0049907129489113,275
1192000,4767.9999999148995,-563839.368827248,110049.88193136419,-453789.4868958838,300.48260964060734,435.45975413054254,1.0049907129489113,275
1193000,4771.999999914805,-564407.9972373433,110616.55611864873,-453791.4411186946,302.02986926163476,435.45975413054254,1.0049907129489113,275
1194000,4775.99999991471,-565166.5978061953,109941.71954444656,-455224.8782617487,300.1872806887214,435.45975413054254,1.0049907129489113,275
1195000,4779.999999914616,-564246.5730401883,110090.29035998438,-454156.2826802039,300.5929416997626,435.45975413054254,1.0049907129489113,275
1196000,4783.999999914521,-564797.8208819721,109948.88657856408,-454848.934303408,300.2068497157592,435.45975413054254,1.0049907129489113,275
1197000,4787.999999914427,-565418.8089654348,111092.82606296538,-454325.9829024694,303.3302871562301,435.45975413054254,1.0049907129489113,275
1198000,4791.999999914332,-564246.5669288263,111226.15739253297,-453020.4095362933,303.6943379407672,435.45975413054254,1.0049907129489113,275
1199000,4795.999999914237,-564744.9083362408,109524.45213440462,-455220.4562018362,299.0479646068961,435.45975413054254,1.0049907129489113,275
1200000,4799.999999914143,-564013.126873137,109745.12967462488,-454267.9971985121,299.6505073994073,435.45975413054254,1.0049907129489113,275
1201000,4803.999999914048,-563486.4937765701,110792.8808174016,-452693.6129591685,302.51131008370123,435.45975413054254,1.0049907129489113,275
1202000,4807.999999913954,-563278.8339908002,110640.17428289627,-452638.6597079039,302.0943568149467,435.45975413054254,1.0049907129489113,275
1203000,4811.999999913859,-563835.0861671716,109799.17660228291,-454035.9095648887,299.7980783152568,435.45975413054254,1.0049907129489113,275
1204000,4815.999999913764,-564860.3835190656,109865.95077563127,-454994.4327434343,299.98039998168827,435.45975413054254,1.0049907129489113,275
1205000,4819.99999991367,-563257.842763864,109733.63095803413,-453524.21180582984,299.61911105160516,435.45975413054254,1.0049907129489113,275
1206000,4823.999999913575,-563109.7225817912,110464.04165321565,-452645.6809285756,301.6134404224847,435.45975413054254,1.0049907129489113,275
1207000,4827.999999913481,-564818.9272076022,109734.85793083947,-455084.0692767627,299.622461205045,435.45975413054254,1.0049907129489113,275
1208000,4831.999999913386,-563584.3232692061,110402.13631274068,-453182.1869564654,301.44441272404333,435.45975413054254,1.0049907129489113,274
1209000,4835.9999999132915,-564582.7289914172,110463.59265772873,-454119.1363336885,301.6122144753664,435.45975413054254,1.0049907129489113,274
1210000,4839.999999913197,-565995.265320803,110190.96248716461,-455804.30283363845,300.867819082294,435.45975413054254,1.0049907129489113,274
1211000,4843.999999913102,-564031.0459986171,110678.16720276856,-453352.8787958485,302.1980935160747,435.45975413054254,1.0049907129489113,274
1212000,4847.999999913008,-564506.7451913124,110967.29459292785,-453539.45059838454,302.98753327910714,435.45975413054254,1.0049907129489113,274
1213000,4851.999999912913,-565144.8070530333,110173.49477906723,-454971.31227396603,300.8201248692569,435.45975413054254,1.0049907129489113,274
1214000,4855.999999912819,-564191.5707912976,109926.98138632986,-454264.58940496773,300.1470392987764,435.45975413054254,1.0049907129489113,274
1215000,4859.999999912724,-564180.5583080021,109896.01708720962,-454284.54122079245,300.0624936977993,435.45975413054254,1.0049907129489113,274
1216000,4863.999999912629,-564461.9330409756,110063.68991627707,-454398.2431246985,300.52031126524963,435.45975413054254,1.0049907129489113,274
1217000,4867.999999912535,-564992.27937786,110938.69036049084,-454053.5890173692,302.9094316559287,435.45975413054254,1.0049907129489113,274
1218000,4871.99999991244,-564995.0089777503,110096.08899029717,-454898.91998745315,300.6087744070599,435.45975413054254,1.0049907129489113,274
1219000,4875.999999912346,-563539.7136029308,110875.18746738345,-452664.5261355473,302.7360419647654,435.45975413054254,1.0049907129489113,274
1220000,4879.999999912251,-564097.0539559578,110959.29488155688,-453137.7590744009,302.9656906918464,435.45975413054254,1.0049907129489113,274
1221000,4883.999999912156,-563758.6051878748,109643.22637284291,-454115.37881503184,299.372268390759,435.45975413054254,1.0049907129489113,274
1222000,4887.999999912062,-563096.376034244,110672.77070411271,-452423.60533013125,302.18335879786724,435.45975413054254,1.0049907129489113,274
1223000,4891.999999911967,-563189.025350688,109820.82385747123,-453368.2014932168,299.85718445527607,435.45975413054254,1.0049907129489113,274
1224000,4895.999999911873,-565139.7561696782,110952.13997259334,-454187.61619708483,302.9461547715949,435.45975413054254,1.0049907129489113,274
1225000,4899.999999911778,-565018.8330635973,110214.86983739768,-454803.9632261996,300.933096235359,435.45975413054254,1.0049907129489113,274
1226000,4903.9999999116835,-563439.2202078304,110549.83184815058,-452889.38835967984,301.8476838510393,435.45975413054254,1.0049907129489113,274
1227000,4907.999999911589,-564178.1126731583,110693.96312372555,-453484.14954943274,302.2412230448624,435.45975413054254,1.0049907129489113,274
1228000,4911.999999911494,-564250.0006138063,110031.3925981475,-454218.6080156588,300.4321259599531,435.45975413054254,1.0049907129489113,274
1229000,4915.9999999114,-564049.2989054113,110703.21297538394,-453346.0859300273,302.26647904256384,435.45975413054254,1.0049907129489113,274
1230000,4919.999999911305,-564355.6789419237,109815.93868861464,-454539.740253309,299.84384588315953,435.45975413054254,1.0049907129489113,274
1231000,4923.999999911211,-564517.4615710308,109865.5306544794,-454651.9309165514,299.9792528736872,435.45975413054254,1.0049907129489113,274
1232000,4927.999999911116,-565832.746374832,110224.56991920079,-455608.1764556312,300.9595815513155,435.45975413054254,1.0049907129489113,274
1233000,4931.999999911021,-564359.0433597956,110784.28250503982,-453574.76085475576,302.4878330631754,435.45975413054254,1.0049907129489113,274
1234000,4935.999999910927,-564831.9881023434,109769.2311407467,-455062.75696159666,299.71631457074955,435.45975413054254,1.0049907129489113,274
1235000,4939.999999910832,-564548.7885200856,110030.35109225051,-454518.43742783513,300.4292822094248,435.45975413054254,1.0049907129489113,274
1236000,4943.999999910738,-564645.4340824177,110416.05299408105,-454229.3810883367,301.48241113579354,435.45975413054254,1.0049907129489113,274
1237000,4947.999999910643,-563776.5546705015,110737.18031986593,-453039.37435063557,302.35922422441575,435.45975413054254,1.0049907129489113,274
1238000,4951.9999999105485,-564721.2878270573,109449.87889208691,-455271.4089349704,298.84434819161487,435.45975413054254,1.0049907129489113,274
1239000,4955.999999910454,-564119.2386273132,110118.18167396402,-454001.05695334915,300.66909675475966,435.45975413054254,1.0049907129489113,274
1240000,4959.999999910359,-564570.9304852192,110370.89792750077,-454200.03255771846,301.35911875231784,435.45975413054254,1.0049907129489113,274
1241000,4963.999999910265,-563306.5399603406,112309.90883564932,-450996.6311246913,306.653436634144,435.45975413054254,1.0049907129489113,274
1242000,4967.99999991017,-563844.3082960388,109801.07039586519,-454043.2379001736,299.80324917076103,435.45975413054254,1.0049907129489113,274
1243000,4971.9999999100755,-565682.3230693652,110302.98804218753,-455379.3350271777,301.17369611304554,435.45975413054254,1.0049907129489113,274
1244000,4975.999999909981,-564336.0954010077,110740.52997998451,-453595.5654210232,302.3683702098196,435.45975413054254,1.0049907129489113,274
1245000,4979.999999909886,-564555.9436830808,110073.65817546938,-454482.28550761146,300.5475288186273,435.45975413054254,1.0049907129489113,274
1246000,4983.999999909792,-564552.3150589378,110653.85757137259,-453898.4574875652,302.13171796570555,435.45975413054254,1.0049907129489113,274
1247000,4987.999999909697,-564596.1915895641,109852.46366808738,-454743.7279214767,299.94357448764714,435.45975413054254,1.0049907129489113,274
1248000,4991.999999909603,-564724.3831658969,109822.20731041732,-454902.17585547955,299.8609618655219,435.45975413054254,1.0049907129489113,274
1249000,4995.999999909508,-564527.6253968212,110332.05146773683,-454195.57392908435,301.2530515271622,435.45975413054254,1.0049907129489113,274
1250000,4999.999999909413,-564810.1224046592,109239.6031987411,-455570.51920591807,298.27020682979185,435.45975413054254,1.0049907129489113,274
1251000,5003.999999909319,-563837.7877481394,110909.63004590798,-452928.1577022314,302.830084736063,435.45975413054254,1.0049907129489113,274
1252000,5007.999999909224,-563658.3154528551,110606.89870847957,-453051.4167443755,302.0035004572428,435.45975413054254,1.0049907129489113,274
1253000,5011.99999990913,-564773.5471172612,109979.45605152141,-454794.0910657398,300.29031727472744,435.45975413054254,1.0049907129489113,274
1254000,5015.999999909035,-562907.2770790108,109880.09622747893,-453027.1808515319,300.0190230334457,435.45975413054254,1.0049907129489113,274
1255000,5019.9999999089405,-563559.6988871791,110086.97779001808,-453472.72109716106,300.5838969861234,435.45975413054254,1.0049907129489113,274
1256000,5023.999999908846,-564175.520242889,110985.49009909091,-453190.03014379804,303.03721468793424,435.45975413054254,1.0049907129489113,274
1257000,5027.999999908751,-564561.8825417887,109481.09534291638,-455080.78719887236,298.9295822731453,435.45975413054254,1.0049907129489113,274
1258000,5031.999999908657,-564425.7663596408,110640.97247895435,-453784.7938806864,302.09653622695816,435.45975413054254,1.0049907129489113,274
1259000,5035.999999908562,-564026.0071379002,109787.45989214696,-454238.54724575323,299.766086753101,435.45975413054254,1.0049907129489113,274
1260000,5039.9999999084675,-564011.7643608227,109491.16162986158,-454520.60273096117,298.9570674836481,435.45975413054254,1.0049907129489113,274
1261000,5043.999999908373,-562741.4172452567,109439.72924659727,-453301.68799865944,298.8166353771154,435.45975413054254,1.0049907129489113,274
1262000,5047.999999908278,-564409.8505551186,109821.41578460202,-454588.4347705166,299.85880066608763,435.45975413054254,1.0049907129489113,274
1263000,5051.999999908184,-565535.7677575969,110927.97486181802,-454607.7928957789,302.88017382349574,435.45975413054254,1.0049907129489113,274
1264000,5055.999999908089,-565352.8333991803,110557.28421004681,-454795.5491891335,301.8680319432977,435.45975413054254,1.0049907129489113,274
1265000,5059.999999907995,-565011.804365966,109638.05382914265,-455373.75053682335,299.3581451640708,435.45975413054254,1.0049907129489113,274
1266000,5063.9999999079,-564240.8665517732,109930.87390248134,-454309.9926492918,300.1576675101905,435.45975413054254,1.0049907129489113,274
1267000,5067.999999907805,-564500.0061253244,110086.31277562852,-454413.6933496959,300.58208121625876,435.45975413054254,1.0049907129489113,274
1268000,5071.999999907711,-564618.3220451814,109880.0286978914,-454738.29334729,300.01883864917977,435.45975413054254,1.0049907129489113,274
1269000,5075.999999907616,-564768.9992988319,110628.32750670132,-454140.67179213057,302.0620101175726,435.45975413054254,1.0049907129489113,274
1270000,5079.999999907522,-564635.934950538,110372.65654762846,-454263.2784029095,301.363920527259,435.45975413054254,1.0049907129489113,274
1271000,5083.999999907427,-564927.1902413829,110693.7071596256,-454233.4830817573,302.2405241548738,435.45975413054254,1.0049907129489113,274
1272000,5087.9999999073325,-562895.197224075,111149.29107167896,-451745.906152396,303.48446045359196,435.45975413054254,1.0049907129489113,274
1273000,5091.999999907238,-563813.4840641003,111063.53188295441,-452749.9521811459,303.25030168507385,435.45975413054254,1.0049907129489113,274
1274000,5095.999999907143,-565155.6622361299,110239.10787922773,-454916.55435690214,300.99927631600843,435.45975413054254,1.0049907129489113,274
1275000,5099.999999907049,-564298.9163097949,111206.08711433742,-453092.82919545745,303.63953761329225,435.45975413054254,1.0049907129489113,274
1276000,5103.999999906954,-563906.2977213897,110240.8433295245,-453665.4543918652,301.0040148275354,435.45975413054254,1.0049907129489113,274
1277000,5107.99999990686,-563898.1609005001,109800.85336555919,-454097.30753494095,299.80265658645675,435.45975413054254,1.0049907129489113,274
1278000,5111.999999906765,-565181.9359589093,110352.21541541361,-454829.7205434957,301.30810761184165,435.45975413054254,1.0049907129489113,274
1279000,5115.99999990667,-563999.3792574042,109699.54070580806,-454299.83855159616,299.52603027975493,435.45975413054254,1.0049907129489113,274
1280000,5119.999999906576,-563814.885985971,110085.8847426821,-453729.00124328886,300.58091250572045,435.45975413054254,1.0049907129489113,274
1281000,5123.999999906481,-564791.5990728466,109763.46037390805,-455028.13869893854,299.70055794249265,435.45975413054254,1.0049907129489113,274
1282000,5127.999999906387,-564129.859282406,109859.8063378617,-454270.05294454435,299.96362307413165,435.45975413054254,1.0049907129489113,274
1283000,5131.999999906292,-565425.2656724392,110438.9274684572,-454986.33820398204,301.54486810198085,435.45975413054254,1.0049907129489113,274
1284000,5135.999999906197,-565424.0930957622,110441.14963581495,-454982.94345994724,301.5509355564387,435.45975413054254,1.0049907129489113,274
1285000,5139.999999906103,-564717.0370552246,109404.21451037205,-455312.8225448526,298.7196651629328,435.45975413054254,1.0049907129489113,274
1286000,5143.999999906008,-563532.5972473952,109875.03769871558,-453657.5595486796,300.00521111564007,435.45975413054254,1.0049907129489113,274
1287000,5147.999999905914,-563402.8572831657,109457.02688016364,-453945.83040300204,298.8638652149254,435.45975413054254,1.0049907129489113,274
1288000,5151.999999905819,-565584.0561769078,110956.21656805655,-454627.8396088513,302.95728559719623,435.45975413054254,1.0049907129489113,274
1289000,5155.9999999057245,-565052.9868438425,111149.68114895094,-453903.3056948916,303.48552552912486,435.45975413054254,1.0049907129489113,274
1290000,5159.99999990563,-563056.7038638005,109900.86311565281,-453155.8407481477,300.07572540007334,435.45975413054254,1.0049907129489113,274
1291000,5163.999999905535,-563576.1111311722,110383.07849768316,-453193.032633489,301.39237684811116,435.45975413054254,1.0049907129489113,274
1292000,5167.999999905441,-563719.156876055,110982.30820284633,-452736.84867320873,303.02852676868895,435.45975413054254,1.0049907129489113,274
1293000,5171.999999905346,-565807.3670197972,110144.27365256657,-455663.0933672306,300.74033886500627,435.45975413054254,1.0049907129489113,274
1294000,5175.999999905252,-564345.5780833764,110217.22066773707,-454128.35741563933,300.939514994042,435.45975413054254,1.0049907129489113,274
1295000,5179.999999905157,-565304.7766833208,110105.88888633475,-455198.88779698603,300.6355322579899,435.45975413054254,1.0049907129489113,274
1296000,5183.999999905062,-563953.5491851089,109610.94452027569,-454342.60466483317,299.28412531297295,435.45975413054254,1.0049907129489113,274
1297000,5187.999999904968,-563970.198557442,109510.57280104485,-454459.6257563972,299.01006817089063,435.45975413054254,1.0049907129489113,274
1298000,5191.999999904873,-564105.4948243271,111972.46493955422,-452133.02988477284,305.73207242432875,435.45975413054254,1.0049907129489113,274
1299000,5195.999999904779,-564657.069674382,110446.74455256399,-454210.325121818,301.56621203975675,435.45975413054254,1.0049907129489113,274
1300000,5199.999999904684,-563266.2815161967,110754.9435524065,-452511.33796379017,302.4077253438697,435.45975413054254,1.0049907129489113,274
1301000,5203.9999999045895,-565197.302081868,110566.19831429655,-454631.1037675715,301.8923712089158,435.45975413054254,1.0049907129489113,274
1302000,5207.999999904495,-563827.1315020649,110183.46732870347,-453643.6641733614,300.8473541373568,435.45975413054254,1.0049907129489113,274
1303000,5211.9999999044,-565189.4283057195,109741.75827469124,-455447.6700310283,299.64130205513595,435.45975413054254,1.0049907129489113,274
1304000,5215.999999904306,-563839.7384671285,109720.33993641916,-454119.3985307093,299.58282095488204,435.45975413054254,1.0049907129489113,274
1305000,5219.999999904211,-564437.8435816928,110760.89730364352,-453676.94627804926,302.4239815967384,435.45975413054254,1.0049907129489113,274
1306000,5223.9999999041165,-564290.0443132711,110667.14383162494,-453622.9004816461,302.1679950618998,435.45975413054254,1.0049907129489113,274
1307000,5227.999999904022,-563033.7283626995,110429.3966430673,-452604.3317196322,301.5188449274446,435.45975413054254,1.0049907129489113,274
1308000,5231.999999903927,-563183.1730358573,110940.7557389522,-452242.41729690507,302.9150710105474,435.45975413054254,1.0049907129489113,274
1309000,5235.999999903833,-564100.4602983934,110389.56704900437,-453710.893249389,301.4100933308512,435.45975413054254,1.0049907129489113,274
1310000,5239.999999903738,-564345.4873828837,109536.09420779312,-454809.39317509055,299.0797523792409,435.45975413054254,1.0049907129489113,274
1311000,5243.999999903644,-564323.268414475,110688.46381007868,-453634.80460439634,302.2262075983499,435.45975413054254,1.0049907129489113,274
1312000,5247.999999903549,-565084.2968686349,110772.80098890548,-454311.4958797294,302.4564836798764,435.45975413054254,1.0049907129489113,274
1313000,5251.999999903454,-565168.8234501677,110401.5000205012,-454767.32342966646,301.44267537776676,435.45975413054254,1.0049907129489113,274
1314000,5255.99999990336,-564555.1609447435,111309.20390910123,-453245.95703564235,303.92108996977487,435.45975413054254,1.0049907129489113,274
1315000,5259.999999903265,-563667.4789092569,110058.03870264182,-453609.440206615,300.50488106767966,435.45975413054254,1.0049907129489113,274
1316000,5263.999999903171,-562965.7338586813,110227.6844908204,-452738.0493678609,300.96808564592925,435.45975413054254,1.0049907129489113,274
1317000,5267.999999903076,-565211.0924020661,110541.74029801716,-454669.35210404894,301.8255905052087,435.45975413054254,1.0049907129489113,274
1318000,5271.9999999029815,-564635.9038720638,108875.87664164975,-455760.0272304141,297.277079866343,435.45975413054254,1.0049907129489113,274
1319000,5275.999999902887,-563314.3967861403,110577.96634736459,-452736.4304387757,301.9245029043303,435.45975413054254,1.0049907129489113,274
1320000,5279.999999902792,-564679.060804124,110455.4513265143,-454223.6094776097,301.58998520618115,435.45975413054254,1.0049907129489113,274
1321000,5283.999999902698,-564004.4134417563,111662.0323035852,-452342.38113817107,304.8844603511804,435.45975413054254,1.0049907129489113,274
1322000,5287.999999902603,-564279.4848306174,110650.20270030247,-453629.28213031497,302.12173862563014,435.45975413054254,1.0049907129489113,274
1323000,5291.9999999025085,-564943.4965155628,109985.52530793627,-454957.9712076265,300.3068889054653,435.45975413054254,1.0049907129489113,274
1324000,5295.999999902414,-563703.6704924409,110078.30681256903,-453625.3636798719,300.5602215592506,435.45975413054254,1.0049907129489113,274
1325000,5299.999999902319,-565255.1004150752,110010.24599067651,-455244.8544243987,300.37438679943415,435.45975413054254,1.0049907129489113,274
1326000,5303.999999902225,-564962.7652865066,110398.13534780967,-454564.629938697,301.43348840170466,435.45975413054254,1.0049907129489113,274
1327000,5307.99999990213,-565998.7948548421,109905.79739570548,-456092.99745913665,300.08919806647606,435.45975413054254,1.0049907129489113,274
1328000,5311.999999902036,-564073.1048892215,111434.5291810823,-452638.5757081392,304.2632808392051,435.45975413054254,1.0049907129489113,274
1329000,5315.999999901941,-565064.5699484511,110672.28472014179,-454392.28522830934,302.1820318565815,435.45975413054254,1.0049907129489113,274
1330000,5319.999999901846,-563903.4405298484,110863.63261816272,-453039.8079116857,302.70449235120003,435.45975413054254,1.0049907129489113,274
1331000,5323.999999901752,-564052.885697091,109957.6272943553,-454095.2584027357,300.2307155577299,435.45975413054254,1.0049907129489113,274
1332000,5327.999999901657,-564641.625577515,110543.56598677568,-454098.0595907393,301.8305754058094,435.45975413054254,1.0049907129489113,274
1333000,5331.999999901563,-562325.5431189295,109765.61918075487,-452559.9239381746,299.7064523960228,435.45975413054254,1.0049907129489113,274
1334000,5335.999999901468,-564500.1888598502,109815.08774890797,-454685.1011109422,299.841522458734,435.45975413054254,1.0049907129489113,274
1335000,5339.9999999013735,-564185.112693646,110220.24940361647,-453964.8632900295,300.9477847208693,435.45975413054254,1.0049907129489113,274
1336000,5343.999999901279,-565395.6380397147,109968.37965215556,-455427.2583875591,300.26007403113226,435.45975413054254,1.0049907129489113,274
1337000,5347.999999901184,-564033.6107115559,109968.41585594206,-454065.19485561387,300.26017288274437,435.45975413054254,1.0049907129489113,274
1338000,5351.99999990109,-563851.0823981157,109876.65753200417,-453974.4248661115,300.0096339439539,435.45975413054254,1.0049907129489113,274
1339000,5355.999999900995,-564393.6927325018,110829.25414326746,-453564.4385892343,302.61062460985676,435.45975413054254,1.0049907129489113,274
1340000,5359.999999900901,-565223.6474486543,110100.86323712973,-455122.78421152453,300.621810115251,435.45975413054254,1.0049907129489113,274
1341000,5363.999999900806,-564884.7255160562,110667.68123404897,-454217.0442820072,302.16946239725684,435.45975413054254,1.0049907129489113,274
1342000,5367.999999900711,-564433.9589119218,111918.71209913562,-452515.2468127862,305.58530449072344,435.45975413054254,1.0049907129489113,274
1343000,5371.999999900617,-564339.2462629676,110072.06364377824,-454267.1826191894,300.54317507434973,435.45975413054254,1.0049907129489113,274
1344000,5375.999999900522,-565096.0054300879,110772.87224295767,-454323.1331871302,302.4566782335022,435.45975413054254,1.0049907129489113,274
1345000,5379.999999900428,-565335.3800204699,109961.3184703408,-455374.0615501291,300.24079402554196,435.45975413054254,1.0049907129489113,274
1346000,5383.999999900333,-564879.946943541,109978.70450983761,-454901.24243370345,300.28826524884204,435.45975413054254,1.0049907129489113,274
1347000,5387.999999900238,-564621.914452834,109971.08643866947,-454650.8280141646,300.2674647003557,435.45975413054254,1.0049907129489113,274
1348000,5391.999999900144,-564018.590496059,110358.58141384972,-453660.0090822093,301.3254894734982,435.45975413054254,1.0049907129489113,274
1349000,5395.999999900049,-565028.6646646247,110984.34244575497,-454044.32221886975,303.03408111011214,435.45975413054254,1.0049907129489113,274
1350000,5399.999999899955,-564879.4285390321,109951.69510437292,-454927.7334346592,300.2145181761834,435.45975413054254,1.0049907129489113,274
1351000,5403.99999989986,-565182.2255520872,110980.30040808104,-454201.92514400615,303.023044641856,435.45975413054254,1.0049907129489113,274
1352000,5407.9999998997655,-564198.6356811058,109762.67207616486,-454435.9636049409,299.6984055570572,435.45975413054254,1.0049907129489113,274
1353000,5411.999999899671,-565257.7360189566,110285.70133362315,-454972.0346853335,301.1264961051004,435.45975413054254,1.0049907129489113,274
1354000,5415.999999899576,-564368.6014840291,110278.6109499486,-454089.9905340805,301.1071363661121,435.45975413054254,1.0049907129489113,274
1355000,5419.999999899482,-562683.0487327212,109986.56687969886,-452696.48185302236,300.3097328358345,435.45975413054254,1.0049907129489113,274
1356000,5423.999999899387,-565375.5189486644,109980.71422110894,-455394.8047275555,300.29375260854505,435.45975413054254,1.0049907129489113,274
1357000,5427.999999899293,-564622.7553651882,110626.31534116715,-453996.4400240211,302.0565160566965,435.45975413054254,1.0049907129489113,274
1358000,5431.999999899198,-563165.3791567013,110321.3275697194,-452844.05158698186,301.2237707609747,435.45975413054254,1.0049907129489113,274
1359000,5435.999999899103,-563878.3002775935,109159.56622071615,-454718.7340568774,298.05167211078424,435.45975413054254,1.0049907129489113,274
1360000,5439.999999899009,-562498.2398353755,110332.98317534127,-452165.2566600342,301.255595482026,435.45975413054254,1.0049907129489113,274
1361000,5443.999999898914,-564794.4903208017,110475.33014880426,-454319.1601719975,301.64426277825515,435.45975413054254,1.0049907129489113,274
1362000,5447.99999989882,-563183.16857199,110562.95631537278,-452620.2122566172,301.8835191839979,435.45975413054254,1.0049907129489113,274
1363000,5451.999999898725,-564218.7425208571,109876.74811421784,-454341.9944066393,300.0098812716154,435.45975413054254,1.0049907129489113,274
1364000,5455.99999989863,-565310.5765395891,110999.41947241401,-454311.1570671751,303.0752477541524,435.45975413054254,1.0049907129489113,274
1365000,5459.999999898536,-564334.7467622953,109743.12395862816,-454591.6228036671,299.64503094848965,435.45975413054254,1.0049907129489113,274
1366000,5463.999999898441,-564205.9532280797,110493.21627377899,-453712.7369543007,301.6930994459048,435.45975413054254,1.0049907129489113,274
1367000,5467.999999898347,-566027.8435169132,110281.71073470797,-455746.13278220524,301.1156000863586,435.45975413054254,1.0049907129489113,274
1368000,5471.999999898252,-563350.5207705311,109764.60939481325,-453585.9113757179,299.70369525435586,435.45975413054254,1.0049907129489113,274
1369000,5475.9999998981575,-564101.0939522237,109960.12320677502,-454140.9707454486,300.2375304517048,435.45975413054254,1.0049907129489113,274
1370000,5479.999999898063,-564012.7943772986,110956.06612366403,-453056.72825363453,302.95687482052955,435.45975413054254,1.0049907129489113,274
1371000,5483.999999897968,-564894.2011894356,111074.50675982563,-453819.6944296099,303.2802677294245,435.45975413054254,1.0049907129489113,274
1372000,5487.999999897874,-563336.9999412545,111397.19616020366,-451939.80378105084,304.1613459407526,435.45975413054254,1.0049907129489113,274
1373000,5491.999999897779,-564394.6191945137,110803.33214091888,-453591.2870535948,302.5398466064994,435.45975413054254,1.0049907129489113,274
1374000,5495.999999897685,-564812.4266077252,109654.15486401017,-455158.27174371504,299.40210778256704,435.45975413054254,1.0049907129489113,274
1375000,5499.99999989759,-564812.4335658257,110177.3377713646,-454635.0957944611,300.8306178596543,435.45975413054254,1.0049907129489113,274
1376000,5503.999999897495,-564848.7020509294,110007.65798162456,-454841.04406930483,300.3673204427961,435.45975413054254,1.0049907129489113,274
1377000,5507.999999897401,-563709.8210998499,110725.05076782906,-452984.7703320208,302.3261054296852,435.45975413054254,1.0049907129489113,274
1378000,5511.999999897306,-564412.9430032172,109986.41169502266,-454426.53130819456,300.30930911619333,435.45975413054254,1.0049907129489113,274
1379000,5515.999999897212,-564769.1060254597,109998.07039262203,-454771.0356328377,300.34114227964784,435.45975413054254,1.0049907129489113,274
1380000,5519.999999897117,-563405.7741677263,110590.01328560425,-452815.76088212203,301.9573961285383,435.45975413054254,1.0049907129489113,274
1381000,5523.9999998970225,-563294.2956239623,109674.22734424294,-453620.06827971933,299.4569141225326,435.45975413054254,1.0049907129489113,274
1382000,5527.999999896928,-564083.61679265,108775.7375741725,-455307.87921847746,297.00365796170786,435.45975413054254,1.0049907129489113,274
1383000,5531.999999896833,-564797.957108825,110696.08432424907,-454101.8727845759,302.2470148172631,435.45975413054254,1.0049907129489113,274
1384000,5535.999999896739,-563679.3955515553,109669.37180427386,-454010.02374728146,299.4436564497799,435.45975413054254,1.0049907129489113,274
1385000,5539.999999896644,-564451.2614205871,110354.38973816496,-454096.8716824221,301.31404443033756,435.45975413054254,1.0049907129489113,274
1386000,5543.9999998965495,-563912.5879771537,110259.41202709277,-453653.17595006095,301.0547152063547,435.45975413054254,1.0049907129489113,274
1387000,5547.999999896455,-564230.4751193235,110178.43215153826,-454052.0429677852,300.8336059792665,435.45975413054254,1.0049907129489113,274
1388000,5551.99999989636,-563653.3053406565,110007.5711861903,-453645.73415446625,300.36708345464,435.45975413054254,1.0049907129489113,274
1389000,5555.999999896266,-565419.4849764914,110033.49792448932,-455385.9870520021,300.43787438914023,435.45975413054254,1.0049907129489113,274
1390000,5559.999999896171,-564742.1747213057,109845.06664269787,-454897.1080786078,299.9233774873995,435.45975413054254,1.0049907129489113,274
1391000,5563.999999896077,-564170.8874566178,110037.16730717453,-454133.72014944325,300.4478933520475,435.45975413054254,1.0049907129489113,274
1392000,5567.999999895982,-563433.296005521,110350.95436933805,-453082.3416361829,301.30466442399796,435.45975413054254,1.0049907129489113,274
1393000,5571.999999895887,-563345.176122495,110130.95544029208,-453214.2206822029,300.7039745263105,435.45975413054254,1.0049907129489113,274
1394000,5575.999999895793,-563863.8071421757,110424.35634736763,-453439.4507948081,301.5050827935957,435.45975413054254,1.0049907129489113,274
1395000,5579.999999895698,-564618.4059923342,109688.39750974928,-454930.00848258496,299.49560465300533,435.45975413054254,1.0049907129489113,274
1396000,5583.999999895604,-563930.3149355217,109811.34438630636,-454118.97054921533,299.8313014994415,435.45975413054254,1.0049907129489113,274
1397000,5587.999999895509,-564642.4972580336,109565.6854114586,-455076.811846575,299.1605488502935,435.45975413054254,1.0049907129489113,274
1398000,5591.9999998954145,-565142.2844327567,110422.56473585722,-454719.7196968995,301.50019093826006,435.45975413054254,1.0049907129489113,274
1399000,5595.99999989532,-563583.660560213,110656.93376031308,-452926.72679989995,302.14011725941094,435.45975413054254,1.0049907129489113,274
1400000,5599.999999895225,-564379.9590913355,110344.8000347463,-454035.15905658924,301.2878604939412,435.45975413054254,1.0049907129489113,274
1401000,5603.999999895131,-564700.7837788593,109527.36665580119,-455173.4171230581,299.05592247999624,435.45975413054254,1.0049907129489113,274
1402000,5607.999999895036,-564747.1878888193,108507.6495460631,-456239.53834275616,296.2716645339461,435.45975413054254,1.0049907129489113,274
1403000,5611.9999998949415,-565329.752996678,110472.07107171498,-454857.681924963,301.6353641227398,435.45975413054254,1.0049907129489113,274
1404000,5615.999999894847,-564660.1803251314,109238.58405228902,-455421.5962728424,298.267424129982,435.45975413054254,1.0049907129489113,274
1405000,5619.999999894752,-563855.9107714244,110216.5775451269,-453639.3332262975,300.9377589979715,435.45975413054254,1.0049907129489113,274
1406000,5623.999999894658,-564429.6653512213,110838.38840162568,-453591.27694959566,302.6355649890779,435.45975413054254,1.0049907129489113,274
1407000,5627.999999894563,-564137.6745513589,109561.08152435921,-454576.59302699973,299.14797829605175,435.45975413054254,1.0049907129489113,274
1408000,5631.999999894469,-564852.3899715734,110874.30539456947,-453978.0845770039,302.73363353382126,435.45975413054254,1.0049907129489113,274
1409000,5635.999999894374,-564318.5822677948,110478.88172260352,-453839.70054519124,301.65396007319816,435.45975413054254,1.0049907129489113,274
1410000,5639.999999894279,-564895.7061004168,109769.5148387647,-455126.19126165216,299.7170891860358,435.45975413054254,1.0049907129489113,274
1411000,5643.999999894185,-564514.1182927,110839.13500641467,-453674.98328628537,302.6376035351574,435.45975413054254,1.0049907129489113,274
1412000,5647.99999989409,-564894.9638391831,110701.62773547973,-454193.33610370336,302.2621506687849,435.45975413054254,1.0049907129489113,274
1413000,5651.999999893996,-563832.9981248877,110161.03473646689,-453671.9633884208,300.7861036958483,435.45975413054254,1.0049907129489113,274
1414000,5655.999999893901,-564985.7720699138,110158.25233289045,-454827.51973702334,300.77850656013993,435.45975413054254,1.0049907129489113,274
1415000,5659.9999998938065,-563211.6010824805,109466.36123790883,-453745.2398445717,298.8893519498984,435.45975413054254,1.0049907129489113,274
1416000,5663.999999893712,-564706.2035708805,109763.83888590039,-454942.3646849801,299.7015914399326,435.45975413054254,1.0049907129489113,274
1417000,5667.999999893617,-564286.0194887822,110655.25233376003,-453630.7671550221,302.13552625549784,435.45975413054254,1.0049907129489113,274
1418000,5671.999999893523,-565237.2740699057,111376.7528786466,-453860.52119125915,304.1055271567242,435.45975413054254,1.0049907129489113,274
1419000,5675.999999893428,-564541.345464638,110940.98844575905,-453600.3570188789,302.9157063983132,435.45975413054254,1.0049907129489113,274
1420000,5679.999999893334,-564209.2549726716,110199.82089974877,-454009.43407292286,300.8920062861678,435.45975413054254,1.0049907129489113,274
1421000,5683.999999893239,-564630.5452118665,109537.65809297917,-455092.88711888733,299.0840224456293,435.45975413054254,1.0049907129489113,274
1422000,5687.999999893144,-564220.3066658494,109938.39038267883,-454281.9162831706,300.178190672464,435.45975413054254,1.0049907129489113,274
1423000,5691.99999989305,-563769.2549392036,110406.3203607722,-453362.9345784314,301.4558369404923,435.45975413054254,1.0049907129489113,274
1424000,5695.999999892955,-564550.7937443056,110020.20007347956,-454530.59367082606,300.4015656452879,435.45975413054254,1.0049907129489113,274
1425000,5699.999999892861,-565275.2139955773,110323.95090359019,-454951.2630919871,301.2309335692723,435.45975413054254,1.0049907129489113,274
1426000,5703.999999892766,-564209.4058532119,110234.76237513352,-453974.64347807836,300.98741125638713,435.45975413054254,1.0049907129489113,274
1427000,5707.999999892671,-563729.9830395086,109723.51932709361,-454006.46371241496,299.5915020328638,435.45975413054254,1.0049907129489113,274
1428000,5711.999999892577,-564115.1849591499,110200.67800218886,-453914.50695696106,300.8943465374557,435.45975413054254,1.0049907129489113,274
1429000,5715.999999892482,-564552.267845226,110217.40076953184,-454334.86707569414,300.94000674792983,435.45975413054254,1.0049907129489113,274
1430000,5719.999999892388,-563866.50028214,110680.55668336106,-453185.9435987789,302.2046178062559,435.45975413054254,1.0049907129489113,274
1431000,5723.999999892293,-563311.614115227,109812.46930608872,-453499.14480913826,299.83437300507063,435.45975413054254,1.0049907129489113,274
1432000,5727.9999998921985,-564179.6537790038,110587.64385699591,-453592.00992200786,301.95092658873426,435.45975413054254,1.0049907129489113,274
1433000,5731.999999892104,-562989.4412884875,109885.72137699099,-453103.7199114965,300.0343820649624,435.45975413054254,1.0049907129489113,274
1434000,5735.999999892009,-563597.5859256051,110054.1077893723,-453543.4781362328,300.4941480159328,435.45975413054254,1.0049907129489113,274
1435000,5739.999999891915,-564629.289924467,110511.54899663932,-454117.74092782766,301.7431555142096,435.45975413054254,1.0049907129489113,274
1436000,5743.99999989182,-563661.9880067259,111276.26592072524,-452385.72208600066,303.8311553643956,435.45975413054254,1.0049907129489113,274
1437000,5747.999999891726,-564386.6974118454,110557.78460363409,-453828.91280821135,301.8693982289157,435.45975413054254,1.0049907129489113,274
1438000,5751.999999891631,-563196.8305843566,109924.33851198212,-453272.49207237444,300.1398231367322,435.45975413054254,1.0049907129489113,274
1439000,5755.999999891536,-563983.1719768085,109692.66801749088,-454290.5039593176,299.50726494094175,435.45975413054254,1.0049907129489113,274
1440000,5759.999999891442,-564074.0403976305,110137.42374207033,-453936.6166555602,300.72163571925466,435.45975413054254,1.0049907129489113,274
1441000,5763.999999891347,-565485.9621791467,110561.70714459739,-454924.25503454934,301.8801084207341,435.45975413054254,1.0049907129489113,274
1442000,5767.999999891253,-564702.5110540125,110113.27880215767,-454589.2322518548,300.65570984612106,435.45975413054254,1.0049907129489113,274
1443000,5771.999999891158,-562720.4752740301,109589.62740717223,-453130.8478668579,299.22592060013795,435.45975413054254,1.0049907129489113,274
1444000,5775.999999891063,-564620.8734998922,111005.50893461524,-453615.36456527695,303.0918745552122,435.45975413054254,1.0049907129489113,274
1445000,5779.999999890969,-564001.8794960678,111066.73610609234,-452935.1433899754,303.25905056615807,435.45975413054254,1.0049907129489113,274
1446000,5783.999999890874,-564408.3559615989,109150.55010056621,-455257.8058610327,298.02705429871634,435.45975413054254,1.0049907129489113,274
1447000,5787.99999989078,-564350.3950833781,110753.6284629039,-453596.76662047417,302.40413459466834,435.45975413054254,1.0049907129489113,274
1448000,5791.999999890685,-564562.2910375171,110434.74028414127,-454127.55075337586,301.5334353221521,435.45975413054254,1.0049907129489113,274
1449000,5795.9999998905905,-564671.7621487039,110704.10488159023,-453967.6572671137,302.26891432281775,435.45975413054254,1.0049907129489113,274
1450000,5799.999999890496,-563777.1500959783,110693.75095718878,-453083.3991387895,302.2406437407002,435.45975413054254,1.0049907129489113,274
1451000,5803.999999890401,-564441.7204293138,110222.25086024776,-454219.4695690661,300.9532495419223,435.45975413054254,1.0049907129489113,274
1452000,5807.999999890307,-564237.1475989181,110652.42599655883,-453584.7216023592,302.12780916245754,435.45975413054254,1.0049907129489113,274
1453000,5811.999999890212,-565157.2618274693,109570.20997819921,-455587.0518492701,299.1729028264891,435.45975413054254,1.0049907129489113,274
1454000,5815.999999890118,-564679.803319959,110729.95701607011,-453949.84630388883,302.3395015574151,435.45975413054254,1.0049907129489113,274
1455000,5819.999999890023,-564737.1547304653,109928.27342696022,-454808.88130350504,300.1505671148318,435.45975413054254,1.0049907129489113,274
1456000,5823.999999889928,-564440.5359220318,110330.62805356798,-454109.9078684639,301.2491650059179,435.45975413054254,1.0049907129489113,274
1457000,5827.999999889834,-563983.5467374274,110575.69090924488,-453407.8558281825,301.9182899982164,435.45975413054254,1.0049907129489113,274
1458000,5831.999999889739,-564569.2595939264,110235.24128777045,-454334.0183061559,300.98871888994756,435.45975413054254,1.0049907129489113,274
1459000,5835.999999889645,-563735.1547227823,109604.75506713864,-454130.3996556437,299.2672254944703,435.45975413054254,1.0049907129489113,274
1460000,5839.99999988955,-563184.4818240153,110081.21141406609,-453103.2704099492,300.5681523468397,435.45975413054254,1.0049907129489113,274
1461000,5843.9999998894555,-565282.8284158008,111178.58600106306,-454104.24241473776,303.56444797085305,435.45975413054254,1.0049907129489113,274
1462000,5847.999999889361,-563928.9264514409,110549.03725903749,-453379.8891924034,301.8455142875095,435.45975413054254,1.0049907129489113,274
1463000,5851.999999889266,-565055.3292082697,110341.8833790439,-454713.4458292258,301.2798967932856,435.45975413054254,1.0049907129489113,274
1464000,5855.999999889172,-564534.0744921602,111128.48931883764,-453405.5851733226,303.4276628917122,435.45975413054254,1.0049907129489113,274
1465000,5859.999999889077,-565456.8980539707,110117.86073906586,-455339.0373149048,300.66822046707966,435.45975413054254,1.0049907129489113,274
1466000,5863.9999998889825,-564710.1364400825,110577.68526869034,-454132.4511713921,301.9237354409576,435.45975413054254,1.0049907129489113,274
1467000,5867.999999888888,-565055.4034897559,109714.28038559295,-455341.123104163,299.56627582449613,435.45975413054254,1.0049907129489113,274
1468000,5871.999999888793,-565733.4882650739,110511.69426662684,-455221.793998447,301.7435521625675,435.45975413054254,1.0049907129489113,274
1469000,5875.999999888699,-564823.359372437,110376.1397253091,-454447.2196471279,301.3734310719407,435.45975413054254,1.0049907129489113,274
1470000,5879.999999888604,-563840.7446998581,110514.7607124314,-453325.98398742673,301.75192485340096,435.45975413054254,1.0049907129489113,274
1471000,5883.99999988851,-562872.493395533,110412.34979795513,-452460.1435975778,301.4722998479266,435.45975413054254,1.0049907129489113,274
1472000,5887.999999888415,-564607.0185888358,110375.64264001814,-454231.3759488177,301.37207381936736,435.45975413054254,1.0049907129489113,274
1473000,5891.99999988832,-564557.8910111133,109921.671858788,-454636.2191523253,300.1325420484047,435.45975413054254,1.0049907129489113,274
1474000,5895.999999888226,-564309.8226443208,109738.22979083587,-454571.5928534849,299.6316678054818,435.45975413054254,1.0049907129489113,274
1475000,5899.999999888131,-563897.3093988611,110995.93055367714,-452901.378845184,303.0657215339649,435.45975413054254,1.0049907129489113,274
1476000,5903.999999888037,-564613.3597052991,110101.4809069268,-454511.87879837235,300.62349661440265,435.45975413054254,1.0049907129489113,274
1477000,5907.999999887942,-564041.4738341174,109585.62965473556,-454455.84417938185,299.2150050492643,435.45975413054254,1.0049907129489113,274
1478000,5911.9999998878475,-563670.829968655,110383.65651799995,-453287.1734506551,301.3939550874528,435.45975413054254,1.0049907129489113,274
1479000,5915.999999887753,-564159.4513755157,110939.04647770594,-453220.4048978097,302.91040400617794,435.45975413054254,1.0049907129489113,274
1480000,5919.999999887658,-564490.5293400548,110804.818014892,-453685.71132516285,302.5439036693622,435.45975413054254,1.0049907129489113,274
1481000,5923.999999887564,-565047.4078289792,110021.15883730294,-455026.24899167626,300.40418347504493,435.45975413054254,1.0049907129489113,274
1482000,5927.999999887469,-563041.6243046639,110266.40079303121,-452775.22351163265,301.0737974860491,435.45975413054254,1.0049907129489113,274
1483000,5931.9999998873745,-565907.4824727951,110587.7480329207,-455319.73443987436,301.95121103296253,435.45975413054254,1.0049907129489113,274
1484000,5935.99999988728,-564534.0802907045,110824.23505293479,-453709.8452377697,302.59692037560666,435.45975413054254,1.0049907129489113,274
1485000,5939.999999887185,-564402.416315739,110661.7169361402,-453740.69937959884,302.15317734752443,435.45975413054254,1.0049907129489113,274
1486000,5943.999999887091,-563673.5886943038,109750.57433495962,-453923.01435934415,299.6653736193184,435.45975413054254,1.0049907129489113,274
1487000,5947.999999886996,-563942.19640079,110092.38278802799,-453849.813612762,300.5986549111536,435.45975413054254,1.0049907129489113,274
1488000,5951.999999886902,-563623.6483109691,110875.2866143575,-452748.3616966116,302.73631267783634,435.45975413054254,1.0049907129489113,274
1489000,5955.999999886807,-563914.6684116796,110381.60793804223,-453533.0604736373,301.38836159983657,435.45975413054254,1.0049907129489113,274
1490000,5959.999999886712,-564323.2063722559,110650.04896541534,-453673.1574068406,302.1213188645248,435.45975413054254,1.0049907129489113,274
1491000,5963.999999886618,-564396.6601319979,109985.85507849808,-454410.8050534998,300.307789318235,435.45975413054254,1.0049907129489113,274
1492000,5967.999999886523,-564608.3063052609,110161.31531325367,-454446.9909920072,300.78686978885645,435.45975413054254,1.0049907129489113,274
1493000,5971.999999886429,-564813.5816311208,110165.84601836547,-454647.7356127553,300.7992405253953,435.45975413054254,1.0049907129489113,274
1494000,5975.999999886334,-563992.2013341989,110156.11745875716,-453836.0838754418,300.7726774530153,435.45975413054254,1.0049907129489113,274
1495000,5979.9999998862395,-564049.7332895393,109843.35932216188,-454206.37396737747,299.9187157819879,435.45975413054254,1.0049907129489113,274
1496000,5983.999999886145,-563194.1238804422,109487.89129912073,-453706.2325813215,298.94813810091586,435.45975413054254,1.0049907129489113,274
1497000,5987.99999988605,-564225.0774199488,110234.16117820668,-453990.9162417421,300.9857697351214,435.45975413054254,1.0049907129489113,274
1498000,5991.999999885956,-563753.808425541,110766.70911753201,-452987.099308009,302.4398503007598,435.45975413054254,1.0049907129489113,274
1499000,5995.999999885861,-565124.7358988626,109618.27120529162,-455506.464693571,299.3041302543228,435.45975413054254,1.0049907129489113,274
1500000,5999.999999885767,-564870.2337793754,109950.22458969988,-454920.00918967556,300.21050305069014,435.45975413054254,1.0049907129489113,274
1501000,6003.999999885672,-563053.8180566002,110658.35723468981,-452395.46082191035,302.14400394504815,435.45975413054254,1.0049907129489113,274
1502000,6007.999999885577,-564451.0358383129,110043.2639257735,-454407.77191253944,300.4645396930926,435.45975413054254,1.0049907129489113,274
1503000,6011.999999885483,-564697.9587332453,110217.40166323911,-454480.55707000615,300.94000918812776,435.45975413054254,1.0049907129489113,274
1504000,6015.999999885388,-563935.8955121357,110421.78480300633,-453514.11070912937,301.4980613925099,435.45975413054254,1.0049907129489113,274
1505000,6019.999999885294,-563450.6442032638,111188.92633196869,-452261.7178712951,303.5926814369917,435.45975413054254,1.0049907129489113,274
1506000,6023.999999885199,-565064.4690596806,109948.65918642818,-455115.8098732524,300.20622883928746,435.45975413054254,1.0049907129489113,274
1507000,6027.999999885104,-564212.19198864,109892.7651691141,-454319.4268195259,300.05361458935755,435.45975413054254,1.0049907129489113,274
1508000,6031.99999988501,-564299.6407385892,110232.33638337516,-454067.30435521406,300.9807872753185,435.45975413054254,1.0049907129489113,274
1509000,6035.999999884915,-564021.7903737393,110942.77345493104,-453079.0169188083,302.92058022647933,435.45975413054254,1.0049907129489113,274
1510000,6039.999999884821,-563859.1077980059,110952.83146777027,-452906.27633023565,302.94804284518176,435.45975413054254,1.0049907129489113,274
1511000,6043.999999884726,-564968.2242808561,111018.9206079588,-453949.3036728973,303.12849408205943,435.45975413054254,1.0049907129489113,274
1512000,6047.9999998846315,-564002.4706758675,110349.24219697062,-453653.2284788969,301.2999894710394,435.45975413054254,1.0049907129489113,274
1513000,6051.999999884537,-563419.310056115,110941.41864717356,-452477.8914089415,302.91688102968436,435.45975413054254,1.0049907129489113,274
1514000,6055.999999884442,-563164.7207536399,110866.35241703718,-452298.36833660275,302.711918549658,435.45975413054254,1.0049907129489113,274
1515000,6059.999999884348,-564178.3972597877,110188.72262859909,-453989.67463118857,300.8617033233746,435.45975413054254,1.0049907129489113,274
1516000,6063.999999884253,-564634.0494805649,110346.6251109601,-454287.4243696048,301.2928437220364,435.45975413054254,1.0049907129489113,274
1517000,6067.999999884159,-564892.5645423019,110036.79656284244,-454855.7679794595,300.4468810635974,435.45975413054254,1.0049907129489113,274
1518000,6071.999999884064,-564022.4448275021,110491.64407564054,-453530.8007518616,301.688806681649,435.45975413054254,1.0049907129489113,274
1519000,6075.999999883969,-563573.6145142438,110670.6768319892,-452902.9376822546,302.1776416435288,435.45975413054254,1.0049907129489113,274
1520000,6079.999999883875,-564422.6487867804,109760.56391325872,-454662.0848735217,299.69264938285266,435.45975413054254,1.0049907129489113,274
1521000,6083.99999988378,-565674.6539679472,111437.16078411782,-454237.4931838294,304.2704662258114,435.45975413054254,1.0049907129489113,274
1522000,6087.999999883686,-563533.4649917101,109227.59219303599,-454305.87279867416,298.2374117165637,435.45975413054254,1.0049907129489113,274
1523000,6091.999999883591,-563838.2361908271,110000.48481753614,-453837.75137329096,300.3477346783514,435.45975413054254,1.0049907129489113,274
1524000,6095.9999998834965,-565027.066698757,109774.19746179052,-455252.8692369665,299.72987472257677,435.45975413054254,1.0049907129489113,274
1525000,6099.999999883402,-564769.7757386141,109859.81010928203,-454909.9656293321,299.9636333717004,435.45975413054254,1.0049907129489113,274
1526000,6103.999999883307,-564039.8264658251,110471.3375942503,-453568.48887157475,301.63336141979437,435.45975413054254,1.0049907129489113,274
1527000,6107.999999883213,-563647.5560319093,109261.0339982278,-454386.5220336815,298.3287219544192,435.45975413054254,1.0049907129489113,274
1528000,6111.999999883118,-565489.346960823,110591.21769512448,-454898.1292656986,301.96068467468996,435.45975413054254,1.0049907129489113,274
1529000,6115.9999998830235,-563765.5564341447,110241.9259050216,-453523.6305291231,301.00697071540003,435.45975413054254,1.0049907129489113,274
1530000,6119.999999882929,-563092.3704266185,108916.01231975397,-454176.3581068645,297.3866672015113,435.45975413054254,1.0049907129489113,274
1531000,6123.999999882834,-565635.932502992,110285.15551522066,-455350.7769877713,301.12500579057127,435.45975413054254,1.0049907129489113,274
1532000,6127.99999988274,-564806.7126378333,109805.50295650086,-455001.20968133246,299.8153519314712,435.45975413054254,1.0049907129489113,274
1533000,6131.999999882645,-564837.8284052755,110041.10715908819,-454796.7212461873,300.45865081006417,435.45975413054254,1.0049907129489113,274
1534000,6135.999999882551,-563934.521888583,110388.38786829927,-453546.1340202837,301.40687367000936,435.45975413054254,1.0049907129489113,274
1535000,6139.999999882456,-563763.4360577152,110739.49198567291,-453023.9440720423,302.365536047401,435.45975413054254,1.0049907129489113,274
1536000,6143.999999882361,-565127.9442644501,109865.58937304834,-455262.3548914018,299.9794132001548,435.45975413054254,1.0049907129489113,274
1537000,6147.999999882267,-563550.4710530955,110845.82442067965,-452704.6466324159,302.65586845848156,435.45975413054254,1.0049907129489113,274
1538000,6151.999999882172,-563233.3934187875,110476.73333176842,-452756.6600870191,301.64809405977473,435.45975413054254,1.0049907129489113,274
1539000,6155.999999882078,-564815.0102038728,110362.06903398594,-454452.94116988685,301.3350121479579,435.45975413054254,1.0049907129489113,274
1540000,6159.999999881983,-564918.8109728582,110131.47409382288,-454787.33687903534,300.70539066927853,435.45975413054254,1.0049907129489113,274
1541000,6163.9999998818885,-564501.8590664365,110135.46460336563,-454366.3944630709,300.71628644399595,435.45975413054254,1.0049907129489113,274
1542000,6167.999999881794,-563833.5179903791,110122.41180523334,-453711.1061851458,300.6806467978912,435.45975413054254,1.0049907129489113,274
1543000,6171.999999881699,-564716.6431114129,110155.62176438596,-454561.0213470269,300.77132399823984,435.45975413054254,1.0049907129489113,274
1544000,6175.999999881605,-564071.7565352339,109743.34872255987,-454328.40781267406,299.645644648855,435.45975413054254,1.0049907129489113,274
1545000,6179.99999988151,-564333.816172977,110328.52590149803,-454005.29027147894,301.24342524383223,435.45975413054254,1.0049907129489113,274
1546000,6183.9999998814155,-565265.1654493143,110111.32989771588,-455153.8355515984,300.65038851471814,435.45975413054254,1.0049907129489113,274
1547000,6187.999999881321,-563512.240676512,110450.90720547567,-453061.33347103634,301.5775778385016,435.45975413054254,1.0049907129489113,274
1548000,6191.999999881226,-564254.5609925105,110175.29408960504,-454079.2669029055,300.82503774618567,435.45975413054254,1.0049907129489113,274
1549000,6195.999999881132,-564898.2606817298,109805.96121377032,-455092.29946795944,299.8166031671636,435.45975413054254,1.0049907129489113,274
1550000,6199.999999881037,-565869.4374624635,110616.55115619907,-455252.88630626444,302.0298557120534,435.45975413054254,1.0049907129489113,274
1551000,6203.999999880943,-564847.2399218278,110600.28133005518,-454246.9585917726,301.9854322221567,435.45975413054254,1.0049907129489113,274
1552000,6207.999999880848,-564720.8001229549,109555.80225810397,-455164.9978648509,299.13356367176027,435.45975413054254,1.0049907129489113,274
1553000,6211.999999880753,-564581.5295779784,110516.80423964688,-454064.72533833154,301.75750454489906,435.45975413054254,1.0049907129489113,274
1554000,6215.999999880659,-565002.7126267063,111055.56152087863,-453947.1511058277,303.2285392337719,435.45975413054254,1.0049907129489113,274
1555000,6219.999999880564,-564927.7772457157,109442.3536882149,-455485.4235575008,298.8238012100293,435.45975413054254,1.0049907129489113,274
1556000,6223.99999988047,-565031.8726167581,110078.62865759828,-454953.2439591598,300.5611003319725,435.45975413054254,1.0049907129489113,274
1557000,6227.999999880375,-565269.744527366,110636.8559511712,-454632.8885761948,302.0852963692751,435.45975413054254,1.0049907129489113,274
1558000,6231.9999998802805,-563670.5979102305,110496.97381377302,-453173.6240964575,301.7033591154603,435.45975413054254,1.0049907129489113,274
1559000,6235.999999880186,-565294.42414361,109669.01810573332,-455625.40603787673,299.4426907035326,435.45975413054254,1.0049907129489113,274
1560000,6239.999999880091,-564488.2489623036,109669.65610559867,-454818.59285670496,299.44443271234826,435.45975413054254,1.0049907129489113,274
1561000,6243.999999879997,-563153.1548941191,110290.24915711122,-452862.9057370079,301.13891358202903,435.45975413054254,1.0049907129489113,274
1562000,6247.999999879902,-563746.13422848,110177.5120586477,-453568.62216983235,300.83109373747203,435.45975413054254,1.0049907129489113,274
1563000,6251.999999879808,-563653.251487582,110467.28869278886,-453185.96279479313,301.62230621050236,435.45975413054254,1.0049907129489113,274
1564000,6255.999999879713,-562986.6525124987,110311.026624609,-452675.62588788965,301.1956448346745,435.45975413054254,1.0049907129489113,274
1565000,6259.999999879618,-563477.4630949982,110169.20698791498,-453308.2561070832,300.8084173903173,435.45975413054254,1.0049907129489113,274
1566000,6263.999999879524,-563691.6124154995,110280.81180457876,-453410.80061092076,301.1131456278315,435.45975413054254,1.0049907129489113,274
1567000,6267.999999879429,-563976.7997850175,110580.758834849,-453396.0409501685,301.932127573362,435.45975413054254,1.0049907129489113,274
1568000,6271.999999879335,-563611.5082430379,109355.94588434254,-454255.5623586953,298.5878714484956,435.45975413054254,1.0049907129489113,274
1569000,6275.99999987924,-563956.8157130284,110786.98370216833,-453169.8320108601,302.4952084710185,435.45975413054254,1.0049907129489113,274
1570000,6279.999999879145,-565521.4924804508,109847.48379866709,-455674.0086817837,299.92997734303583,435.45975413054254,1.0049907129489113,273
1571000,6283.999999879051,-564737.6069544884,110039.42757129818,-454698.17938319023,300.45406482675,435.45975413054254,1.0049907129489113,274
1572000,6287.999999878956,-565178.2623220305,109815.24952422606,-455363.01279780443,299.8419641736082,435.45975413054254,1.0049907129489113,274
1573000,6291.999999878862,-564584.2118016086,110015.47645484557,-454568.735346763,300.3886681734399,435.45975413054254,1.0049907129489113,273
1574000,6295.999999878767,-565485.4001807175,110318.77427048289,-455166.6259102346,301.2167991767774,435.45975413054254,1.0049907129489113,274
1575000,6299.9999998786725,-564452.2257693917,110940.73072650493,-453511.4950428868,302.91500271601325,435.45975413054254,1.0049907129489113,273
1576000,6303.999999878578,-564116.5206891466,109960.3909645956,-454156.129724551,300.2382615435267,435.45975413054254,1.0049907129489113,273
1577000,6307.999999878483,-564155.5035554715,110353.09409981593,-453802.4094556556,301.31050679099224,435.45975413054254,1.0049907129489113,274
1578000,6311.999999878389,-563611.3620857489,110227.64339243207,-453383.71869331686,300.967973429989,435.45975413054254,1.0049907129489113,273
1579000,6315.999999878294,-565495.0252950564,110221.52196309579,-455273.50333196064,300.95125934516295,435.45975413054254,1.0049907129489113,274
1580000,6319.9999998782,-564422.595579783,110560.89266925522,-453861.70291052776,301.87788455940864,435.45975413054254,1.0049907129489113,273
1581000,6323.999999878105,-563079.332738826,109727.86035790469,-453351.47238092136,299.60335487853473,435.45975413054254,1.0049907129489113,274
1582000,6327.99999987801,-564350.109797494,110005.73687466118,-454344.37292283284,300.36207501023745,435.45975413054254,1.0049907129489113,274
1583000,6331.999999877916,-563749.0490852329,110673.57194266329,-453075.4771425696,302.1855465171668,435.45975413054254,1.0049907129489113,273
1584000,6335.999999877821,-564255.6704622279,109975.67823071306,-454279.9922315148,300.280002229992,435.45975413054254,1.0049907129489113,274
1585000,6339.999999877727,-563624.2223940552,109202.78202497272,-454421.4403690825,298.16966948990756,435.45975413054254,1.0049907129489113,273
1586000,6343.999999877632,-564794.1370363683,110011.56849648635,-454782.5685398819,300.3779977982833,435.45975413054254,1.0049907129489113,274
1587000,6347.999999877537,-563664.4176895907,109552.53361462546,-454111.88407496526,299.12463889596614,435.45975413054254,1.0049907129489113,274
1588000,6351.999999877443,-563584.7881030147,110425.98499524721,-453158.8031077675,301.509529689462,435.45975413054254,1.0049907129489113,274
1589000,6355.999999877348,-564554.2366128904,110794.08602118489,-453760.15059170546,302.51460079852615,435.45975413054254,1.0049907129489113,274
1590000,6359.999999877254,-563542.4059177297,110325.49016875168,-453216.91574897803,301.23513641260604,435.45975413054254,1.0049907129489113,274
1591000,6363.999999877159,-565553.7680855542,110991.75141650811,-454562.01666904613,303.0543107262424,435.45975413054254,1.0049907129489113,274
1592000,6367.9999998770645,-565920.0720175314,110480.58443913795,-455439.4875783934,301.658609207743,435.45975413054254,1.0049907129489113,274
1593000,6371.99999987697,-562305.8996270178,111030.04282062466,-451275.85680639313,303.1588624152931,435.45975413054254,1.0049907129489113,274
1594000,6375.999999876875,-564020.6900645937,110650.32735395263,-453370.36271064106,302.1220789826886,435.45975413054254,1.0049907129489113,274
1595000,6379.999999876781,-565252.4837816642,109707.53833476565,-455544.9454468985,299.5478671811485,435.45975413054254,1.0049907129489113,273
1596000,6383.999999876686,-564972.5946374419,110138.31811643834,-454834.2765210036,300.7240777386315,435.45975413054254,1.0049907129489113,274
1597000,6387.999999876592,-565259.1237006392,111018.34420716728,-454240.77949347196,303.126920264705,435.45975413054254,1.0049907129489113,274
1598000,6391.999999876497,-564002.4907966526,110742.56947559223,-453259.9213210604,302.37393889332753,435.45975413054254,1.0049907129489113,273
1599000,6395.999999876402,-563815.9198026177,110848.25580524834,-452967.6639973694,302.66250716419773,435.45975413054254,1.0049907129489113,274
1600000,6399.999999876308,-564157.2885945714,109748.86277736932,-454408.4258172021,299.6607003449609,435.45975413054254,1.0049907129489113,273
1601000,6403.999999876213,-564402.7331747357,110225.52357616101,-454177.2095985747,300.96218543718146,435.45975413054254,1.0049907129489113,273
1602000,6407.999999876119,-564102.7962158341,109597.54700489718,-454505.24921093695,299.2475444433437,435.45975413054254,1.0049907129489113,273
1603000,6411.999999876024,-564049.0245238515,111000.86972271913,-453048.15480113233,303.07920754937123,435.45975413054254,1.0049907129489113,273
1604000,6415.9999998759295,-563954.685578418,110454.45114487351,-453500.23443354445,301.5872542883077,435.45975413054254,1.0049907129489113,273
1605000,6419.999999875835,-564104.3966212631,110371.35344471247,-453733.04317655065,301.3603625064965,435.45975413054254,1.0049907129489113,273
1606000,6423.99999987574,-564309.7431263193,109687.84567669453,-454621.8974496247,299.49409791593786,435.45975413054254,1.0049907129489113,273
1607000,6427.999999875646,-563067.8766205525,109992.80019324401,-453075.0764273085,300.3267524117567,435.45975413054254,1.0049907129489113,273
1608000,6431.999999875551,-563240.0333325989,109989.57386975116,-453250.4594628477,300.31794318737894,435.45975413054254,1.0049907129489113,273
1609000,6435.9999998754565,-565879.3392919917,110291.35953625094,-455587.97975574073,301.1419453855688,435.45975413054254,1.0049907129489113,273
1610000,6439.999999875362,-565762.7057263884,109807.10408633284,-455955.60164005554,299.81972369145717,435.45975413054254,1.0049907129489113,273
1611000,6443.999999875267,-564427.6848134575,110841.49594865215,-453586.1888648054,302.64404990358855,435.45975413054254,1.0049907129489113,273
1612000,6447.999999875173,-563470.4540414354,110011.2510490781,-453459.2029923573,300.3771310329222,435.45975413054254,1.0049907129489113,273
1613000,6451.999999875078,-564306.5211908091,110356.0944549205,-453950.4267358886,301.31869902632997,435.45975413054254,1.0049907129489113,273
1614000,6455.999999874984,-565223.4166720426,110677.28389389976,-454546.1327781428,302.1956817101795,435.45975413054254,1.0049907129489113,273
1615000,6459.999999874889,-563910.5240801447,110023.84372617115,-453886.6803539735,300.4115143544567,435.45975413054254,1.0049907129489113,273
1616000,6463.999999874794,-565353.8728596568,110846.96927356983,-454506.903586087,302.6589943899052,435.45975413054254,1.0049907129489113,273
1617000,6467.9999998747,-564157.448810664,110712.75880441105,-453444.69000625296,302.29254318335984,435.45975413054254,1.0049907129489113,273
1618000,6471.999999874605,-564551.2721212003,110164.9680095585,-454386.30411164183,300.79684319090507,435.45975413054254,1.0049907129489113,273
1619000,6475.999999874511,-565798.2775132111,110263.24578576724,-455535.0317274439,301.0651829850658,435.45975413054254,1.0049907129489113,273
1620000,6479.999999874416,-564802.4330312447,111209.09270500677,-453593.3403262379,303.6477441439308,435.45975413054254,1.0049907129489113,273
1621000,6483.9999998743215,-564329.4367112401,110188.62654601142,-454140.8101652287,300.8614409773714,435.45975413054254,1.0049907129489113,273
1622000,6487.999999874227,-563201.5863561672,110471.372669718,-452730.2136864492,301.63345719062005,435.45975413054254,1.0049907129489113,273
1623000,6491.999999874132,-563924.046489126,109259.7642425127,-454664.28224661335,298.32525498558493,435.45975413054254,1.0049907129489113,273
1624000,6495.999999874038,-563931.8694974524,111331.7800019909,-452600.0894954615,303.9827322286117,435.45975413054254,1.0049907129489113,273
1625000,6499.999999873943,-564975.1227816246,110102.97528550634,-454872.1474961182,300.62757689842925,435.45975413054254,1.0049907129489113,273
1626000,6503.9999998738485,-563932.9373771576,110984.07951763284,-452948.8578595248,303.0333632054048,435.45975413054254,1.0049907129489113,273
1627000,6507.999999873754,-563902.2574785999,110487.58752057602,-453414.6699580239,301.67773057479144,435.45975413054254,1.0049907129489113,273
1628000,6511.999999873659,-565259.5259689125,109785.16266516538,-455474.36330374714,299.759814354201,435.45975413054254,1.0049907129489113,273
1629000,6515.999999873565,-564674.6193964733,109669.94634138106,-455004.6730550922,299.44522517848975,435.45975413054254,1.0049907129489113,273
1630000,6519.99999987347,-565115.562884971,110056.60145445906,-455058.96143051196,300.50095677374054,435.45975413054254,1.0049907129489113,273
1631000,6523.999999873376,-563565.8887347574,110854.22756801668,-452711.66116674076,302.6788125961464,435.45975413054254,1.0049907129489113,273
1632000,6527.999999873281,-563040.521476496,110226.23173298035,-452814.28974351566,300.96411900408197,435.45975413054254,1.0049907129489113,273
1633000,6531.999999873186,-564277.8494294975,110276.10121306451,-454001.748216433,301.1002837255167,435.45975413054254,1.0049907129489113,273
1634000,6535.999999873092,-564697.3198011462,110081.24582614365,-454616.0739750025,300.5682463063305,435.45975413054254,1.0049907129489113,273
1635000,6539.999999872997,-564621.1198877781,110077.35556230463,-454543.76432547346,300.5576242446797,435.45975413054254,1.0049907129489113,273
1636000,6543.999999872903,-564801.5221148524,110258.31666478608,-454543.20545006637,301.05172440510495,435.45975413054254,1.0049907129489113,273
1637000,6547.999999872808,-564540.4959292766,110252.30869982915,-454288.1872294474,301.03532012590716,435.45975413054254,1.0049907129489113,273
1638000,6551.9999998727135,-565127.814766176,111046.02188811719,-454081.79287805886,303.2024920113954,435.45975413054254,1.0049907129489113,273
1639000,6555.999999872619,-564408.6463384009,110174.32823165477,-454234.3181067461,300.82240054646905,435.45975413054254,1.0049907129489113,273
1640000,6559.999999872524,-564383.619768898,111105.77209233725,-453277.84767656075,303.3656352785713,435.45975413054254,1.0049907129489113,273
1641000,6563.99999987243,-564890.1092420956,110108.09529273711,-454782.0139493585,300.6415566783897,435.45975413054254,1.0049907129489113,273
1642000,6567.999999872335,-564170.802657525,110192.96019835208,-453977.84245917294,300.8732736767051,435.45975413054254,1.0049907129489113,273
1643000,6571.999999872241,-563786.7461978337,109855.57276239933,-453931.17343543435,299.9520636269,435.45975413054254,1.0049907129489113,273
1644000,6575.999999872146,-564282.7726007705,109975.11837510986,-454307.6542256606,300.27847358798243,435.45975413054254,1.0049907129489113,273
1645000,6579.999999872051,-563880.4793826672,109971.45429852552,-453909.0250841417,300.2684691129692,435.45975413054254,1.0049907129489113,273
1646000,6583.999999871957,-563900.7423186465,110306.7438210538,-453593.99849759275,301.18395097397917,435.45975413054254,1.0049907129489113,273
1647000,6587.999999871862,-564102.0670045018,111612.6209097839,-452489.44609471795,304.7495463985724,435.45975413054254,1.0049907129489113,273
1648000,6591.999999871768,-565884.0269478383,110229.7736616176,-455654.25328622066,300.97378996366325,435.45975413054254,1.0049907129489113,273
1649000,6595.999999871673,-566211.7087744963,109996.09026268107,-456215.61851181526,300.3357356894576,435.45975413054254,1.0049907129489113,273
1650000,6599.999999871578,-566049.5745432843,110917.83322054567,-455131.7413227386,302.8524828638866,435.45975413054254,1.0049907129489113,273
1651000,6603.999999871484,-564415.6451570056,110107.88861419156,-454307.7565428141,300.6409923587591,435.45975413054254,1.0049907129489113,273
1652000,6607.999999871389,-565344.124680859,110047.5374356749,-455296.5872451841,300.47620817819194,435.45975413054254,1.0049907129489113,273
1653000,6611.999999871295,-563970.7447539126,111150.84217647731,-452819.90257743525,303.4886956241296,435.45975413054254,1.0049907129489113,273
1654000,6615.9999998712,-564671.2740973802,110110.01759271958,-454561.25650466065,300.6468053683938,435.45975413054254,1.0049907129489113,273
1655000,6619.9999998711055,-563026.6423953297,109558.99947667669,-453467.642918653,299.1422934274261,435.45975413054254,1.0049907129489113,273
1656000,6623.999999871011,-563272.0475885184,109901.25342301434,-453370.79416550405,300.07679110384777,435.45975413054254,1.0049907129489113,273
1657000,6627.999999870916,-564675.0765176094,110864.87267626834,-453810.2038413411,302.7078782330305,435.45975413054254,1.0049907129489113,273
1658000,6631.999999870822,-564388.1022527893,109558.81596693234,-454829.286285857,299.1417923683981,435.45975413054254,1.0049907129489113,273
1659000,6635.999999870727,-564737.4446910736,109863.41245782538,-454874.03223324823,299.97346930311755,435.45975413054254,1.0049907129489113,273
1660000,6639.999999870633,-565079.261793205,109704.96992939408,-455374.29186381097,299.5408543508291,435.45975413054254,1.0049907129489113,273
1661000,6643.999999870538,-565228.1429766137,111337.13039661912,-453891.0125799946,303.99734106337166,435.45975413054254,1.0049907129489113,273
1662000,6647.999999870443,-563332.4367359527,110240.21479082608,-453092.22194512666,301.00229865169723,435.45975413054254,1.0049907129489113,273
1663000,6651.999999870349,-564407.5656742975,110414.82173395134,-453992.7439403462,301.4790492761493,435.45975413054254,1.0049907129489113,273
1664000,6655.999999870254,-564515.4751553638,109073.32174155151,-455442.1534138123,297.81618829461223,435.45975413054254,1.0049907129489113,273
1665000,6659.99999987016,-565020.1146234344,110380.39863732085,-454639.71598611353,301.3850596986421,435.45975413054254,1.0049907129489113,273
1666000,6663.999999870065,-564560.3792995112,109622.21723106981,-454938.1620684414,299.3149045695945,435.45975413054254,1.0049907129489113,273
1667000,6667.99999986997,-563617.0655038999,110250.34370403935,-453366.7217998606,301.029954858335,435.45975413054254,1.0049907129489113,273
1668000,6671.999999869876,-564662.4554504175,110353.31175461714,-454309.14369580033,301.3111010804319,435.45975413054254,1.0049907129489113,273
1669000,6675.999999869781,-565024.8106973786,110792.1294698685,-454232.6812275101,302.5092585879292,435.45975413054254,1.0049907129489113,273
1670000,6679.999999869687,-564042.1266493192,110448.41748197551,-453593.7091673437,301.5707798428883,435.45975413054254,1.0049907129489113,273
1671000,6683.999999869592,-564976.4320665216,110804.47490743345,-454171.95715908817,302.5429668412374,435.45975413054254,1.0049907129489113,273
1672000,6687.9999998694975,-564187.398786644,110999.56093491838,-453187.83785172564,303.07563400647473,435.45975413054254,1.0049907129489113,273
1673000,6691.999999869403,-562377.9955165875,109726.40697245594,-452651.5885441316,299.5993865230509,435.45975413054254,1.0049907129489113,273
1674000,6695.999999869308,-565217.6929797423,110037.49750579466,-455180.1954739477,300.44879493359707,435.45975413054254,1.0049907129489113,273
1675000,6699.999999869214,-564527.4579796754,110462.32578428613,-454065.13219538925,301.60875537635206,435.45975413054254,1.0049907129489113,273
1676000,6703.999999869119,-564560.6539446493,109936.18127963712,-454624.4726650121,300.1721588891009,435.45975413054254,1.0049907129489113,273
1677000,6707.999999869025,-564832.5292809056,110284.85793253401,-454547.6713483716,301.1241932642814,435.45975413054254,1.0049907129489113,273
1678000,6711.99999986893,-564343.9904324422,110927.60443442361,-453416.38599801855,302.87916240041926,435.45975413054254,1.0049907129489113,273
1679000,6715.999999868835,-564477.681706971,111055.12734013278,-453422.55436683825,303.22735373714727,435.45975413054254,1.0049907129489113,273
1680000,6719.999999868741,-563867.9189165891,110145.11455875944,-453722.8043578297,300.7426348937058,435.45975413054254,1.0049907129489113,273
1681000,6723.999999868646,-565318.3918353338,110159.99725240227,-455158.39458293153,300.7832709266192,435.45975413054254,1.0049907129489113,273
1682000,6727.999999868552,-563981.7807402327,110818.78678217967,-453162.993958053,302.58204429772456,435.45975413054254,1.0049907129489113,273
1683000,6731.999999868457,-564294.2666784376,108992.26910305675,-455301.99757538084,297.5948803939972,435.45975413054254,1.0049907129489113,273
1684000,6735.9999998683625,-565223.0543274884,110352.85646886355,-454870.19785862486,301.30985795823165,435.45975413054254,1.0049907129489113,273
1685000,6739.999999868268,-564237.1257991283,109910.75302942333,-454326.372769705,300.1027290373943,435.45975413054254,1.0049907129489113,273
1686000,6743.999999868173,-564557.420233306,109466.1898279509,-455091.2304053551,298.88888392839243,435.45975413054254,1.0049907129489113,273
1687000,6747.999999868079,-563740.6447405308,109222.34126637474,-454518.303474156,298.2230744713208,435.45975413054254,1.0049907129489113,273
1688000,6751.999999867984,-564043.1951097082,110054.15708618138,-453989.03802352684,300.4942826170208,435.45975413054254,1.0049907129489113,273
1689000,6755.9999998678895,-564792.67898355,110909.90797084244,-453882.7710127076,302.83084358839545,435.45975413054254,1.0049907129489113,273
1690000,6759.999999867795,-564989.9558940111,110469.65583504818,-454520.3000589629,301.628769507609,435.45975413054254,1.0049907129489113,273
1691000,6763.9999998677,-562860.8043325329,110865.3537306888,-451995.4506018441,302.7091917145637,435.45975413054254,1.0049907129489113,273
1692000,6767.999999867606,-564630.4800896812,110409.25028641871,-454221.2298032625,301.4638368736941,435.45975413054254,1.0049907129489113,273
1693000,6771.999999867511,-564341.3478253447,110204.19835538778,-454137.1494699569,300.9039585869873,435.45975413054254,1.0049907129489113,273
1694000,6775.999999867417,-564353.7737635644,110519.49746391596,-453834.27629964845,301.76485818347203,435.45975413054254,1.0049907129489113,273
1695000,6779.999999867322,-564036.3068163162,110199.50440941905,-453836.8024068972,300.89114213403485,435.45975413054254,1.0049907129489113,273
1696000,6783.999999867227,-564275.253408914,110508.89827124859,-453766.3551376654,301.7359179155055,435.45975413054254,1.0049907129489113,273
1697000,6787.999999867133,-563306.9535475187,111268.95218227338,-452038.0013652453,303.811185772628,435.45975413054254,1.0049907129489113,273
1698000,6791.999999867038,-564557.4306693887,110933.87184823607,-453623.55882115266,302.89627508445864,435.45975413054254,1.0049907129489113,273
1699000,6795.999999866944,-565364.1338928156,110163.74555743951,-455200.38833537605,300.79350538084634,435.45975413054254,1.0049907129489113,273
1700000,6799.999999866849,-564310.4152987958,109598.88706151256,-454711.52823728323,299.25120336329707,435.45975413054254,1.0049907129489113,273
1701000,6803.9999998667545,-563828.4526804448,110604.57267925388,-453223.88000119093,301.99714941606436,435.45975413054254,1.0049907129489113,273
1702000,6807.99999986666,-565447.6780805374,110614.95482801483,-454832.7232525225,302.0254970625917,435.45975413054254,1.0049907129489113,273
1703000,6811.999999866565,-564159.6926756348,110714.72626442593,-453444.96641120885,302.29791517930624,435.45975413054254,1.0049907129489113,273
1704000,6815.999999866471,-565379.580670428,109299.76788444316,-456079.81278598483,298.4344818062906,435.45975413054254,1.0049907129489113,273
1705000,6819.999999866376,-564698.4175170762,110019.37718157229,-454679.040335504,300.3993188031886,435.45975413054254,1.0049907129489113,273
1706000,6823.9999998662815,-564135.0828213533,109751.87954120076,-454383.2032801526,299.6689373830461,435.45975413054254,1.0049907129489113,273
1707000,6827.999999866187,-565473.0062626083,111273.66855315352,-454199.3377094548,303.82406345505,435.45975413054254,1.0049907129489113,273
1708000,6831.999999866092,-565080.318958248,109229.99576487805,-455850.32319336996,298.2439744818015,435.45975413054254,1.0049907129489113,273
1709000,6835.999999865998,-563535.6065430976,110036.25176501775,-453499.3547780799,300.44539353567626,435.45975413054254,1.0049907129489113,273
1710000,6839.999999865903,-565491.3445725162,110228.16070496966,-455263.1838675465,300.96938591147983,435.45975413054254,1.0049907129489113,273
1711000,6843.999999865809,-563832.5848310296,110651.04127368925,-453181.5435573404,302.1240282847848,435.45975413054254,1.0049907129489113,273
1712000,6847.999999865714,-562847.0353248348,109258.23654040066,-453588.7987844341,298.3210837142548,435.45975413054254,1.0049907129489113,273
1713000,6851.999999865619,-564543.0350241191,109075.87093310885,-455467.1640910102,297.82314866311214,435.45975413054254,1.0049907129489113,273
1714000,6855.999999865525,-564156.8557985295,109651.39386608632,-454505.46193244314,299.3945690933217,435.45975413054254,1.0049907129489113,273
1715000,6859.99999986543,-564259.7682753922,110216.16044262366,-454043.6078327686,300.93662013215487,435.45975413054254,1.0049907129489113,273
1716000,6863.999999865336,-564419.0957781351,110778.19354812556,-453640.90223000955,302.47120764176213,435.45975413054254,1.0049907129489113,273
1717000,6867.999999865241,-563300.7925776867,110711.61229541968,-452589.18028226704,302.28941273008127,435.45975413054254,1.0049907129489113,273
1718000,6871.9999998651465,-563746.2344213212,110285.91638444935,-453460.31803687185,301.1270832845897,435.45975413054254,1.0049907129489113,273
1719000,6875.999999865052,-565198.7971292492,110173.36853273772,-455025.4285965115,300.8197801635118,435.45975413054254,1.0049907129489113,273
1720000,6879.999999864957,-564877.9571034363,109475.97782445875,-455401.9792789776,298.9156092885856,435.45975413054254,1.0049907129489113,273
1721000,6883.999999864863,-564717.8781446693,110201.77475773299,-454516.10338693636,300.8973411428315,435.45975413054254,1.0049907129489113,273
1722000,6887.999999864768,-563732.4116412434,110433.69860102079,-453298.7130402226,301.5305910877289,435.45975413054254,1.0049907129489113,273
1723000,6891.999999864674,-564493.914459114,109979.40565443214,-454514.5088046818,300.2901796694103,435.45975413054254,1.0049907129489113,273
1724000,6895.999999864579,-562277.2421964537,110470.80844491813,-451806.4337515356,301.6319166188602,435.45975413054254,1.0049907129489113,273
1725000,6899.999999864484,-564215.4541805228,110010.13536963973,-454205.3188108831,300.37408475733076,435.45975413054254,1.0049907129489113,273
1726000,6903.99999986439,-564100.0420811917,109935.67670470593,-454164.36537648574,300.1707811866498,435.45975413054254,1.0049907129489113,273
1727000,6907.999999864295,-563739.098825824,109896.31245990563,-453842.78636591835,300.06330018988234,435.45975413054254,1.0049907129489113,273
1728000,6911.999999864201,-563135.9981192262,109499.83718815958,-453636.1609310666,298.98075541817127,435.45975413054254,1.0049907129489113,273
1729000,6915.999999864106,-564312.484487725,109668.23461791448,-454644.2498698105,299.44055145122,435.45975413054254,1.0049907129489113,273
1730000,6919.999999864011,-564551.684683559,110024.35007724343,-454527.3346063156,300.4128969065224,435.45975413054254,1.0049907129489113,273
1731000,6923.999999863917,-564659.6612774939,110566.3645772105,-454093.2967002834,301.8928251768201,435.45975413054254,1.0049907129489113,273
1732000,6927.999999863822,-564275.6484436234,108673.42428788985,-455602.2241557336,296.72429952239315,435.45975413054254,1.0049907129489113,273
1733000,6931.999999863728,-565972.020874267,109220.99619981111,-456751.02467445587,298.219401872095,435.45975413054254,1.0049907129489113,273
1734000,6935.999999863633,-564609.0645078989,109201.21193117897,-455407.8525767199,298.1653824714007,435.45975413054254,1.0049907129489113,273
1735000,6939.9999998635385,-563776.7042644564,111132.08057872008,-452644.6236857363,303.43746854640654,435.45975413054254,1.0049907129489113,273
1736000,6943.999999863444,-564284.9133641757,110466.40121645166,-453818.51214772405,301.61988302566,435.45975413054254,1.0049907129489113,273
1737000,6947.999999863349,-563730.5273008612,110235.60057631339,-453494.9267245478,300.9896998992599,435.45975413054254,1.0049907129489113,273
1738000,6951.999999863255,-565401.9841141291,109778.37214192215,-455623.61197220697,299.74127336070666,435.45975413054254,1.0049907129489113,273
1739000,6955.99999986316,-563243.4735402404,110341.26042420958,-452902.21311603085,301.27819586375244,435.45975413054254,1.0049907129489113,273
1740000,6959.999999863066,-564372.3973560003,110523.0012828345,-453849.39607316576,301.7744250874421,435.45975413054254,1.0049907129489113,273
1741000,6963.999999862971,-563205.8854140393,110158.83462522452,-453047.0507888147,300.78009646389125,435.45975413054254,1.0049907129489113,273
1742000,6967.999999862876,-563263.7279990166,110689.63547563853,-452574.0925233781,302.22940673967446,435.45975413054254,1.0049907129489113,273
1743000,6971.999999862782,-563762.4347179965,110155.56777231887,-453606.86694567767,300.7711765771165,435.45975413054254,1.0049907129489113,273
1744000,6975.999999862687,-564380.3222338487,110469.8095825577,-453910.51265129104,301.62918930317875,435.45975413054254,1.0049907129489113,273
1745000,6979.999999862593,-564534.4700569487,110253.77710041928,-454280.69295652944,301.0393294790621,435.45975413054254,1.0049907129489113,273
1746000,6983.999999862498,-564931.1099384553,109813.66121192824,-455117.44872652704,299.83762741089845,435.45975413054254,1.0049907129489113,273
1747000,6987.9999998624035,-564649.9140159069,109828.03600633304,-454821.8780095738,299.8768766646005,435.45975413054254,1.0049907129489113,273
1748000,6991.999999862309,-563924.8686550492,110134.47880873916,-453790.3898463101,300.71359480874173,435.45975413054254,1.0049907129489113,273
1749000,6995.999999862214,-563468.031049123,110234.62008441373,-453233.4109647093,300.9870227426872,435.45975413054254,1.0049907129489113,273
1750000,6999.99999986212,-564699.0779517079,110018.29327210062,-454680.78467960726,300.39635927301055,435.45975413054254,1.0049907129489113,273
1751000,7003.999999862025,-563854.5088139381,111265.4967224128,-452589.0120915253,303.80175090928975,435.45975413054254,1.0049907129489113,273
1752000,7007.9999998619305,-563742.4902180033,111113.19644931606,-452629.29376868723,303.3859069055894,435.45975413054254,1.0049907129489113,273
1753000,7011.999999861836,-563080.2944944846,111261.2054080042,-451819.0890864803,303.7900338103737,435.45975413054254,1.0049907129489113,273
1754000,7015.999999861741,-564435.3894107309,110086.01477376686,-454349.37463696406,300.5812675454442,435.45975413054254,1.0049907129489113,273
1755000,7019.999999861647,-564063.5431790007,109284.6889076865,-454778.8542713142,298.39330983766115,435.45975413054254,1.0049907129489113,273
1756000,7023.999999861552,-564769.7259087986,110725.8331837675,-454043.8927250311,302.3282417553121,435.45975413054254,1.0049907129489113,273
1757000,7027.999999861458,-564885.2453867123,110647.1275424991,-454238.11784421315,302.1133421473641,435.45975413054254,1.0049907129489113,273
1758000,7031.999999861363,-563653.9699838064,110194.16833359515,-453459.8016502112,300.87657239565203,435.45975413054254,1.0049907129489113,273
1759000,7035.999999861268,-564541.5841734819,109183.57183418202,-455358.0123392999,298.1172175639338,435.45975413054254,1.0049907129489113,273
1760000,7039.999999861174,-563731.4297403032,110586.07744952427,-453145.35229077894,301.94664963544193,435.45975413054254,1.0049907129489113,273
1761000,7043.999999861079,-564876.0203841138,109983.45612229704,-454892.56426181673,300.3012391556446,435.45975413054254,1.0049907129489113,273
1762000,7047.999999860985,-564206.0987147172,109264.87183747254,-454941.22687724466,298.33920087480885,435.45975413054254,1.0049907129489113,273
1763000,7051.99999986089,-563363.4994339375,109993.2049308361,-453370.2945031014,300.3278575161489,435.45975413054254,1.0049907129489113,273
1764000,7055.9999998607955,-564861.5974615556,111213.61470866704,-453647.9827528886,303.66009112183565,435.45975413054254,1.0049907129489113,273
1765000,7059.999999860701,-564455.7609466044,109821.73716335872,-454634.0237832457,299.85967816568865,435.45975413054254,1.0049907129489113,273
1766000,7063.999999860606,-565369.2563953833,109645.25277957646,-455724.0036158068,299.37780133611807,435.45975413054254,1.0049907129489113,273
1767000,7067.999999860512,-564750.5852509337,110851.44743504305,-453899.1378158906,302.67122166014167,435.45975413054254,1.0049907129489113,273
1768000,7071.999999860417,-563689.4299217775,109656.66682576231,-454032.76309601514,299.40896649799095,435.45975413054254,1.0049907129489113,273
1769000,7075.9999998603225,-564074.7216235157,111246.79039292724,-452827.93123058847,303.75067473726693,435.45975413054254,1.0049907129489113,273
1770000,7079.999999860228,-564405.8051310806,110528.67150225613,-453877.13362882443,301.7899071788278,435.45975413054254,1.0049907129489113,273
1771000,7083.999999860133,-563744.6933445628,110768.28571911308,-452976.4076254497,302.4441550882719,435.45975413054254,1.0049907129489113,273
1772000,7087.999999860039,-563548.5111731747,110553.96098042975,-452994.55019274494,301.8589581243145,435.45975413054254,1.0049907129489113,273
1773000,7091.999999859944,-564182.1778744254,110091.50668510541,-454090.67118932004,300.5962627805318,435.45975413054254,1.0049907129489113,273
1774000,7095.99999985985,-563629.1648196718,110033.8140333246,-453595.3507863472,300.4387374996324,435.45975413054254,1.0049907129489113,273
1775000,7099.999999859755,-565323.0744939675,110394.27867638564,-454928.7958175818,301.42295806152,435.45975413054254,1.0049907129489113,273
1776000,7103.99999985966,-564297.9109807527,109934.2094472791,-454363.70153347356,300.16677495481304,435.45975413054254,1.0049907129489113,273
1777000,7107.999999859566,-564282.1381537803,111081.4494186152,-453200.68873516505,303.2992241171491,435.45975413054254,1.0049907129489113,273
1778000,7111.999999859471,-564092.3685362069,109721.98731860227,-454370.3812176046,299.5873190033013,435.45975413054254,1.0049907129489113,273
1779000,7115.999999859377,-565321.1515833312,110848.04184244684,-454473.10974088433,302.661922955475,435.45975413054254,1.0049907129489113,273
1780000,7119.999999859282,-565125.7969436459,110072.14193738298,-455053.65500626294,300.54338884892417,435.45975413054254,1.0049907129489113,273
1781000,7123.9999998591875,-565041.5243832604,109155.88601697708,-455885.6383662833,298.0416236018343,435.45975413054254,1.0049907129489113,273
1782000,7127.999999859093,-563642.6597327911,110198.60696988902,-453444.0527629021,300.88869174547244,435.45975413054254,1.0049907129489113,273
1783000,7131.999999858998,-564123.2819120367,109642.597880572,-454480.68403146474,299.3705523416876,435.45975413054254,1.0049907129489113,273
1784000,7135.999999858904,-564313.8350262851,109579.77536551314,-454734.059660772,299.19902036966016,435.45975413054254,1.0049907129489113,273
1785000,7139.999999858809,-564958.5200295178,111705.20875637647,-453253.31127314136,305.0023502842003,435.45975413054254,1.0049907129489113,273
1786000,7143.999999858715,-565216.7091597551,110326.45882792416,-454890.250331831,301.23778126084113,435.45975413054254,1.0049907129489113,273
1787000,7147.99999985862,-564308.61358868,111191.6821015605,-453116.9314871195,303.6002058506847,435.45975413054254,1.0049907129489113,273
1788000,7151.999999858525,-564972.0833451455,110678.83782905585,-454293.2455160896,302.19992460878797,435.45975413054254,1.0049907129489113,273
1789000,7155.999999858431,-564552.6051545958,110912.36892560619,-453640.2362289896,302.83756303322036,435.45975413054254,1.0049907129489113,273
1790000,7159.999999858336,-564597.691879617,110701.07812964582,-453896.61374997126,302.26065001297,435.45975413054254,1.0049907129489113,273
1791000,7163.999999858242,-563960.4555344195,110122.90781390286,-453837.5477205167,300.6820011108337,435.45975413054254,1.0049907129489113,273
1792000,7167.999999858147,-564054.8902707119,110111.3976732865,-453943.49259742536,300.65057357062165,435.45975413054254,1.0049907129489113,273
1793000,7171.999999858052,-562934.7951506185,110996.86895765574,-451937.9261929628,303.06828377275554,435.45975413054254,1.0049907129489113,273
1794000,7175.999999857958,-564491.2697468768,110432.37164451159,-454058.8981023652,301.5269679365926,435.45975413054254,1.0049907129489113,273
1795000,7179.999999857863,-562664.5211892421,109758.27666957627,-452906.24451966584,299.6864042425715,435.45975413054254,1.0049907129489113,273
1796000,7183.999999857769,-563936.2055196804,110260.49049780262,-453675.7150218778,301.05765988641826,435.45975413054254,1.0049907129489113,273
1797000,7187.999999857674,-563709.457429504,110144.56726408616,-453564.89016541786,300.74114054833456,435.45975413054254,1.0049907129489113,273
1798000,7191.9999998575795,-563939.920601958,110999.23975541949,-452940.68084653845,303.07475705093157,435.45975413054254,1.0049907129489113,273
1799000,7195.999999857485,-563527.2476040693,109515.63327831065,-454011.61432575865,299.0238854089301,435.45975413054254,1.0049907129489113,273
1800000,7199.99999985739,-563539.9004766401,111391.61975106812,-452148.28072557197,304.1461199910281,435.45975413054254,1.0049907129489113,273
1801000,7203.999999857296,-564137.3732851623,109589.76115296513,-454547.61213219713,299.2262857825823,435.45975413054254,1.0049907129489113,273
1802000,7207.999999857201,-563562.0093737273,110583.19517774106,-452978.8141959862,301.93877981739297,435.45975413054254,1.0049907129489113,273
1803000,7211.999999857107,-564604.6612136206,110884.00153142039,-453720.6596822002,302.7601080783939,435.45975413054254,1.0049907129489113,273
1804000,7215.999999857012,-564056.8132502474,111186.46769447823,-452870.34555576916,303.5859683193006,435.45975413054254,1.0049907129489113,273
1805000,7219.999999856917,-563093.6015276718,110399.97733608785,-452693.62419158395,301.43851780687106,435.45975413054254,1.0049907129489113,273
1806000,7223.999999856823,-563237.8214807622,110414.78701226646,-452823.03446849575,301.47895447129986,435.45975413054254,1.0049907129489113,273
1807000,7227.999999856728,-564245.9926274265,111094.72969699954,-453151.262930427,303.3354848803198,435.45975413054254,1.0049907129489113,273
1808000,7231.999999856634,-565266.730729166,110146.13228044775,-455120.5984487182,300.7454137033095,435.45975413054254,1.0049907129489113,273
1809000,7235.999999856539,-563128.5559796402,109940.31598926027,-453188.23999037995,300.18344839087837,435.45975413054254,1.0049907129489113,273
1810000,7239.999999856444,-562738.7136885365,110930.69879041286,-451808.0148981237,302.88761129783273,435.45975413054254,1.0049907129489113,273
1811000,7243.99999985635,-563818.332935588,109771.15961649036,-454047.1733190976,299.7215801231873,435.45975413054254,1.0049907129489113,273
1812000,7247.999999856255,-565398.6951340111,111078.10141976102,-454320.5937142501,303.29008266769796,435.45975413054254,1.0049907129489113,273
1813000,7251.999999856161,-564193.0737295873,109255.0099889125,-454938.06374067476,298.3122738673537,435.45975413054254,1.0049907129489113,273
1814000,7255.999999856066,-565155.7904502475,110797.90577247318,-454357.8846777743,302.525030331163,435.45975413054254,1.0049907129489113,273
1815000,7259.9999998559715,-563458.5893743271,109362.46594726114,-454096.12342706596,298.60567397119183,435.45975413054254,1.0049907129489113,273
1816000,7263.999999855877,-563875.8956858958,110542.2789858107,-453333.6167000851,301.8270613501668,435.45975413054254,1.0049907129489113,273
1817000,7267.999999855782,-565554.5229837261,110147.68190157413,-455406.841082152,300.74964482279677,435.45975413054254,1.0049907129489113,273
1818000,7271.999999855688,-563681.9229601896,108868.41086464874,-454813.5120955409,297.2566951451884,435.45975413054254,1.0049907129489113,273
1819000,7275.999999855593,-564849.7395733739,109715.90070996255,-455133.8388634114,299.57069999366826,435.45975413054254,1.0049907129489113,273
1820000,7279.999999855499,-565023.1580197746,110049.66362905595,-454973.49439071864,300.48201358320034,435.45975413054254,1.0049907129489113,273
1821000,7283.999999855404,-564228.924599947,109881.21771912545,-454347.7068808215,300.0220851788176,435.45975413054254,1.0049907129489113,273
1822000,7287.999999855309,-564451.597295186,110481.89593253644,-453969.70136264956,301.6621901380629,435.45975413054254,1.0049907129489113,273
1823000,7291.999999855215,-564982.2282412485,109652.55807162006,-455329.67016962846,299.3977478656274,435.45975413054254,1.0049907129489113,273
1824000,7295.99999985512,-564625.4734260952,110152.57374970289,-454472.8996763923,300.76300163214444,435.45975413054254,1.0049907129489113,273
1825000,7299.999999855026,-564819.3172437521,109464.1470181495,-455355.1702256026,298.88330619573736,435.45975413054254,1.0049907129489113,273
1826000,7303.999999854931,-564788.0078325858,110250.23918759852,-454537.7686449873,301.02966948435414,435.45975413054254,1.0049907129489113,273
1827000,7307.9999998548365,-564176.1493474706,109891.7270170108,-454284.4223304598,300.05077999610097,435.45975413054254,1.0049907129489113,273
1828000,7311.999999854742,-564323.2225634898,109970.15034663386,-454353.07221685594,300.2649087741449,435.45975413054254,1.0049907129489113,273
1829000,7315.999999854647,-564026.7481878758,109963.03956085013,-454063.7086270257,300.2454933287906,435.45975413054254,1.0049907129489113,273
1830000,7319.999999854553,-564628.3379225689,109866.0213327946,-454762.31658977433,299.98059263251344,435.45975413054254,1.0049907129489113,273
1831000,7323.999999854458,-565876.6171297072,110234.41921451641,-455642.19791519083,300.986474283117,435.45975413054254,1.0049907129489113,273
1832000,7327.9999998543635,-565518.1488024038,109935.39277520467,-455582.75602719915,300.1700059393166,435.45975413054254,1.0049907129489113,273
1833000,7331.999999854269,-565158.3375535044,110577.3617734451,-454580.9757800593,301.9228521624498,435.45975413054254,1.0049907129489113,273
1834000,7335.999999854174,-563659.472489675,110158.00325838005,-453501.469231295,300.77782648163765,435.45975413054254,1.0049907129489113,273
1835000,7339.99999985408,-565025.3418493047,109498.5908498303,-455526.75099947443,298.9773523886804,435.45975413054254,1.0049907129489113,273
1836000,7343.999999853985,-564538.5373894954,110727.46175675676,-453811.07563273865,302.3326884466961,435.45975413054254,1.0049907129489113,273
1837000,7347.999999853891,-563565.0938061257,110642.14087311272,-452922.952933013,302.0997264359764,435.45975413054254,1.0049907129489113,273
1838000,7351.999999853796,-564249.5389241031,110400.77983969892,-453848.7590844042,301.44070898031964,435.45975413054254,1.0049907129489113,273
1839000,7355.999999853701,-564070.2150337351,110427.57799122657,-453642.6370425086,301.5138792405985,435.45975413054254,1.0049907129489113,273
1840000,7359.999999853607,-563903.5205493434,110674.73601470777,-453228.78453463566,302.1887249249906,435.45975413054254,1.0049907129489113,273
1841000,7363.999999853512,-564204.7922095987,110910.43126891658,-453294.3609406821,302.8322724129265,435.45975413054254,1.0049907129489113,273
1842000,7367.999999853418,-563621.6849488588,110171.99075066973,-453449.69419818907,300.81601823715584,435.45975413054254,1.0049907129489113,273
1843000,7371.999999853323,-563824.1542980294,110135.19067493101,-453688.96362309833,300.7155385037942,435.45975413054254,1.0049907129489113,273
1844000,7375.9999998532285,-563831.8731338992,111098.3778460545,-452733.4952878447,303.34544586645774,435.45975413054254,1.0049907129489113,273
1845000,7379.999999853134,-563462.3825972718,110040.77899731125,-453421.60359996057,300.45775478995597,435.45975413054254,1.0049907129489113,273
1846000,7383.999999853039,-563468.3369613257,110165.28102191532,-453303.0559394104,300.7976978467045,435.45975413054254,1.0049907129489113,273
1847000,7387.999999852945,-564726.3886376196,110055.91313479483,-454670.47550282476,300.49907737064314,435.45975413054254,1.0049907129489113,273
1848000,7391.99999985285,-563680.892691452,110374.32028727769,-453306.57240417437,301.3684632384622,435.45975413054254,1.0049907129489113,273
1849000,7395.9999998527555,-564318.9254441364,110162.78507629465,-454156.1403678417,300.79088286207707,435.45975413054254,1.0049907129489113,273
1850000,7399.999999852661,-564437.597936789,109319.2743448444,-455118.32359194465,298.48774267330236,435.45975413054254,1.0049907129489113,273
1851000,7403.999999852566,-564801.2739019282,110030.82382517218,-454770.45007675607,300.43057296975525,435.45975413054254,1.0049907129489113,273
1852000,7407.999999852472,-563366.6232218654,110563.2372233778,-452803.3859984876,301.8842861813716,435.45975413054254,1.0049907129489113,273
1853000,7411.999999852377,-564344.1799102766,110416.09620617167,-453928.0837041049,301.48252912303286,435.45975413054254,1.0049907129489113,273
1854000,7415.999999852283,-564404.6920366907,110394.39481616957,-454010.2972205211,301.4232751721315,435.45975413054254,1.0049907129489113,273
1855000,7419.999999852188,-564619.1418129769,109663.48302419245,-454955.65878878447,299.42757759557844,435.45975413054254,1.0049907129489113,273
1856000,7423.999999852093,-566250.7843186711,110174.30732666631,-456076.4769920048,300.8223434670304,435.45975413054254,1.0049907129489113,273
1857000,7427.999999851999,-563826.99079085,110982.21718415106,-452844.77360669896,303.0282782492485,435.45975413054254,1.0049907129489113,273
1858000,7431.999999851904,-564771.0840183445,109904.37170721288,-454866.71231113165,300.0853053353684,435.45975413054254,1.0049907129489113,273
1859000,7435.99999985181,-564940.2970670587,110136.24351642848,-454804.0535506302,300.71841320529455,435.45975413054254,1.0049907129489113,273
1860000,7439.999999851715,-565480.3079921193,110000.32285558106,-455479.9851365383,300.3472924538795,435.45975413054254,1.0049907129489113,273
1861000,7443.9999998516205,-563281.5521208649,110082.29450755194,-453199.2576133129,300.57110964903217,435.45975413054254,1.0049907129489113,273
1862000,7447.999999851526,-564255.89054314,110204.28600793035,-454051.60453520966,300.9041979154107,435.45975413054254,1.0049907129489113,273
1863000,7451.999999851431,-564040.5547424168,110809.77932248311,-453230.7754199337,302.5574501323483,435.45975413054254,1.0049907129489113,273
1864000,7455.999999851337,-564107.0882970858,111279.57316013216,-452827.5151369537,303.84018552335857,435.45975413054254,1.0049907129489113,273
1865000,7459.999999851242,-564214.9071104149,109376.56969515621,-454838.33741525875,298.644183153563,435.45975413054254,1.0049907129489113,273
1866000,7463.999999851148,-564466.880992976,109941.56562836107,-454525.31536461494,300.1868604328681,435.45975413054254,1.0049907129489113,273
1867000,7467.999999851053,-564293.4351408458,109251.13438726956,-455042.3007535763,298.3016918396844,435.45975413054254,1.0049907129489113,273
1868000,7471.999999850958,-563764.1882134983,110201.74851745804,-453562.4396960403,300.89726949580967,435.45975413054254,1.0049907129489113,273
1869000,7475.999999850864,-564032.9344752734,110339.37905818672,-453693.55541708664,301.2730589407288,435.45975413054254,1.0049907129489113,273
1870000,7479.999999850769,-564432.1689155535,111001.28585330688,-453430.8830622466,303.08034376144855,435.45975413054254,1.0049907129489113,273
1871000,7483.999999850675,-563965.2166983192,110649.5879760333,-453315.62872228585,302.1200601690124,435.45975413054254,1.0049907129489113,273
1872000,7487.99999985058,-565069.9996291776,110814.9517049609,-454255.0479242167,302.5715729188312,435.45975413054254,1.0049907129489113,273
1873000,7491.999999850485,-564311.4016823042,110574.2320085255,-453737.1696737787,301.91430658371684,435.45975413054254,1.0049907129489113,273
1874000,7495.999999850391,-564455.0768838422,110125.0834280588,-454329.99345578346,300.68794145540903,435.45975413054254,1.0049907129489113,273
1875000,7499.999999850296,-564505.8330488489,109679.54013082874,-454826.29291802016,299.47142027146936,435.45975413054254,1.0049907129489113,273
1876000,7503.999999850202,-563476.2182022105,110231.42494722886,-453244.79325498163,300.9782986700883,435.45975413054254,1.0049907129489113,273
1877000,7507.999999850107,-564922.1093783071,110920.19696994033,-454001.9124083668,302.8589368970412,435.45975413054254,1.0049907129489113,273
1878000,7511.9999998500125,-563295.0828844523,108994.53283987066,-454300.55004458164,297.60106135060926,435.45975413054254,1.0049907129489113,273
1879000,7515.999999849918,-564633.6212222017,110615.20646265216,-454018.41475954955,302.02618413132063,435.45975413054254,1.0049907129489113,273
1880000,7519.999999849823,-564905.344405253,111234.23984579154,-453671.1045594614,303.7164064482913,435.45975413054254,1.0049907129489113,273
1881000,7523.999999849729,-565227.8749622819,109990.9812333791,-455236.8937289028,300.32178588387455,435.45975413054254,1.0049907129489113,273
1882000,7527.999999849634,-564525.934050607,110077.17750783334,-454448.7565427737,300.5571380808488,435.45975413054254,1.0049907129489113,273
1883000,7531.99999984954,-563718.142530723,109797.46700632875,-453920.67552439426,299.7934103969935,435.45975413054254,1.0049907129489113,273
1884000,7535.999999849445,-564275.2054216047,109766.63899569039,-454508.5664259143,299.70923692107453,435.45975413054254,1.0049907129489113,273
1885000,7539.99999984935,-564288.4680520296,110727.47151624312,-453560.9965357865,302.3327150942116,435.45975413054254,1.0049907129489113,273
1886000,7543.999999849256,-564602.7150851423,110753.18378032173,-453849.53130482056,302.40292042359965,435.45975413054254,1.0049907129489113,273
1887000,7547.999999849161,-565671.2105274308,109985.70385743683,-455685.5066699939,300.307376420935,435.45975413054254,1.0049907129489113,273
1888000,7551.999999849067,-564056.3121895734,110611.57963590435,-453444.7325536691,302.01628136407754,435.45975413054254,1.0049907129489113,273
1889000,7555.999999848972,-566226.2576903431,110262.7567449414,-455963.50094540167,301.0638476972764,435.45975413054254,1.0049907129489113,273
1890000,7559.999999848877,-563415.3652253291,110296.76834971507,-453118.596875614,301.1567137283988,435.45975413054254,1.0049907129489113,273
1891000,7563.999999848783,-563787.8132687402,110574.35243816982,-453213.4608305704,301.9146354074572,435.45975413054254,1.0049907129489113,273
1892000,7567.999999848688,-563216.0289712297,110624.02253254325,-452592.0064386864,302.0502557217773,435.45975413054254,1.0049907129489113,273
1893000,7571.999999848594,-564546.4263315131,110020.05028860795,-454526.37604290515,300.4011566693915,435.45975413054254,1.0049907129489113,273
1894000,7575.999999848499,-564491.8616592004,110007.72127432234,-454484.14038487803,300.3674932585653,435.45975413054254,1.0049907129489113,273
1895000,7579.9999998484045,-564210.1230642255,109776.66500812315,-454433.4580561024,299.7366121651658,435.45975413054254,1.0049907129489113,273
1896000,7583.99999984831,-564542.4150465275,110011.60202385689,-454530.8130226706,300.37808934215064,435.45975413054254,1.0049907129489113,273
1897000,7587.999999848215,-564122.2838676004,110717.83922050774,-453404.4446470926,302.3064148628202,435.45975413054254,1.0049907129489113,273
1898000,7591.999999848121,-565184.8025447773,109149.29206729814,-456035.51047747914,298.0236193371083,435.45975413054254,1.0049907129489113,273
1899000,7595.999999848026,-563679.1767707425,110121.48276211403,-453557.6940086285,300.67811011819595,435.45975413054254,1.0049907129489113,273
1900000,7599.999999847932,-563475.8908866597,110225.61592662561,-453250.2749600341,300.9624375929141,435.45975413054254,1.0049907129489113,273
1901000,7603.999999847837,-563377.569447225,109970.76119171854,-453406.80825550645,300.2665766389523,435.45975413054254,1.0049907129489113,273
1902000,7607.999999847742,-564158.8112950558,110468.85063375533,-453689.96066130046,301.626570968351,435.45975413054254,1.0049907129489113,273
1903000,7611.999999847648,-564984.5693799602,109690.30333689414,-455294.26604306605,299.5008083652126,435.45975413054254,1.0049907129489113,273
1904000,7615.999999847553,-563461.8040618692,111016.87118679937,-452444.9328750698,303.1228982976076,435.45975413054254,1.0049907129489113,273
1905000,7619.999999847459,-564238.2979696007,110310.73718029715,-453927.5607893035,301.19485452958156,435.45975413054254,1.0049907129489113,273
1906000,7623.999999847364,-563973.3364241268,110798.90487888744,-453174.4315452393,302.5277583132144,435.45975413054254,1.0049907129489113,273
1907000,7627.9999998472695,-564867.7872595829,110463.98736031336,-454403.79989926954,301.6132921799544,435.45975413054254,1.0049907129489113,273
1908000,7631.999999847175,-564105.4016335402,110572.91482588957,-453532.4868076506,301.91071011937834,435.45975413054254,1.0049907129489113,273
1909000,7635.99999984708,-565406.543837328,110212.64070990914,-455193.90312741883,300.92700977680755,435.45975413054254,1.0049907129489113,273
1910000,7639.999999846986,-563812.7106999969,110140.25177669094,-453672.45892330597,300.7293574469661,435.45975413054254,1.0049907129489113,273
1911000,7643.999999846891,-563310.3858139487,110074.8489141853,-453235.5368997634,300.5507800377153,435.45975413054254,1.0049907129489113,273
1912000,7647.9999998467965,-563940.6265190383,109978.31062708143,-453962.3158919569,300.2871897827317,435.45975413054254,1.0049907129489113,273
1913000,7651.999999846702,-564812.9918953795,110839.3932175361,-453973.5986778434,302.6383085604627,435.45975413054254,1.0049907129489113,273
1914000,7655.999999846607,-563812.6865143552,110033.1857266814,-453779.50078767387,300.4370219574029,435.45975413054254,1.0049907129489113,273
1915000,7659.999999846513,-563879.9739322211,110182.10837496223,-453697.86555725883,300.8436436202769,435.45975413054254,1.0049907129489113,273
1916000,7663.999999846418,-564972.0289185285,109522.71019034821,-455449.31872818025,299.0432083646655,435.45975413054254,1.0049907129489113,273
1917000,7667.999999846324,-563332.9296947806,110230.3111074987,-453102.6185872819,300.97525741767646,435.45975413054254,1.0049907129489113,273
1918000,7671.999999846229,-565609.1367409914,109816.38796727697,-455792.7487737144,299.84507260346624,435.45975413054254,1.0049907129489113,273
1919000,7675.999999846134,-564898.5292691337,109968.46757074492,-454930.0616983888,300.2603140859756,435.45975413054254,1.0049907129489113,273
1920000,7679.99999984604,-565485.4067516266,110018.3681190837,-455467.03863254294,300.3965636368536,435.45975413054254,1.0049907129489113,273
1921000,7683.999999845945,-565085.5987118371,109994.72261173418,-455090.8761001029,300.3320014253368,435.45975413054254,1.0049907129489113,273
1922000,7687.999999845851,-565553.6442987039,109926.8828012569,-455626.761497447,300.14677011993246,435.45975413054254,1.0049907129489113,273
1923000,7691.999999845756,-563661.6452547903,110054.19397435733,-453607.451280433,300.49438333730495,435.45975413054254,1.0049907129489113,273
1924000,7695.9999998456615,-563282.7085331669,111379.83810195749,-451902.87043120945,304.11395111807246,435.45975413054254,1.0049907129489113,273
1925000,7699.999999845567,-563788.1491335877,110470.99352583126,-453317.15560775646,301.6324219678419,435.45975413054254,1.0049907129489113,273
1926000,7703.999999845472,-564767.3666026234,109812.67588033626,-454954.6907222871,299.8349370399238,435.45975413054254,1.0049907129489113,273
1927000,7707.999999845378,-564424.3989866278,111196.9303703478,-453227.46861628,303.61453583881035,435.45975413054254,1.0049907129489113,273
1928000,7711.999999845283,-565343.2499516127,110178.2271920708,-455165.02275954187,300.8330463534444,435.45975413054254,1.0049907129489113,273
1929000,7715.9999998451885,-565778.0611228123,110212.71010911593,-455565.3510136964,300.92719926592275,435.45975413054254,1.0049907129489113,273
1930000,7719.999999845094,-563734.8977189003,110217.71042972809,-453517.18728917226,300.9408522509166,435.45975413054254,1.0049907129489113,273
1931000,7723.999999844999,-564126.9662443479,110840.4465075151,-453286.51973683276,302.6411844865068,435.45975413054254,1.0049907129489113,273
1932000,7727.999999844905,-565453.539188331,110435.55633462261,-455017.9828537084,301.5356634842721,435.45975413054254,1.0049907129489113,273
1933000,7731.99999984481,-564282.5472450792,110368.35246331012,-453914.19478176907,301.3521685611015,435.45975413054254,1.0049907129489113,273
1934000,7735.999999844716,-563411.2733447994,110597.47981845669,-452813.7935263427,301.9777829134861,435.45975413054254,1.0049907129489113,273
1935000,7739.999999844621,-564668.9287030501,110518.14061191023,-454150.78809113987,301.76115340501684,435.45975413054254,1.0049907129489113,273
1936000,7743.999999844526,-564461.665317284,109953.17354808745,-454508.49176919647,300.2185549513053,435.45975413054254,1.0049907129489113,273
1937000,7747.999999844432,-563493.5797761828,109958.26274032448,-453535.3170358583,300.2324505933315,435.45975413054254,1.0049907129489113,273
1938000,7751.999999844337,-564025.6444021403,110245.37548049306,-453780.2689216472,301.0163895118733,435.45975413054254,1.0049907129489113,273
1939000,7755.999999844243,-564011.5050875084,110151.8329208293,-453859.67216667905,300.7609788567509,435.45975413054254,1.0049907129489113,273
1940000,7759.999999844148,-563964.2184351631,110322.98983700719,-453641.22859815595,301.2283094520099,435.45975413054254,1.0049907129489113,273
1941000,7763.9999998440535,-564715.9131546128,110596.83181259257,-454119.0813420202,301.9760135840721,435.45975413054254,1.0049907129489113,273
1942000,7767.999999843959,-565361.8484087377,109725.58684333495,-455636.26156540273,299.59714722452384,435.45975413054254,1.0049907129489113,273
1943000,7771.999999843864,-564640.6654455187,110175.01124341483,-454465.65420210385,300.82426545674866,435.45975413054254,1.0049907129489113,273
1944000,7775.99999984377,-565694.9849555073,110479.46164281154,-455215.5233126958,301.65554350004453,435.45975413054254,1.0049907129489113,273
1945000,7779.999999843675,-564421.1439666562,110194.2764910534,-454226.8674756028,300.87686771114653,435.45975413054254,1.0049907129489113,273
1946000,7783.999999843581,-564062.9121633153,110825.1816335452,-453237.73052977014,302.59950494005193,435.45975413054254,1.0049907129489113,273
1947000,7787.999999843486,-564247.614476251,110397.36904570553,-453850.2454305454,301.4313960736441,435.45975413054254,1.0049907129489113,273
1948000,7791.999999843391,-563418.4965951596,109690.38731895608,-453728.10927620356,299.5010376716752,435.45975413054254,1.0049907129489113,273
1949000,7795.999999843297,-564466.3594712452,110419.55484265147,-454046.80462859373,301.49197265988187,435.45975413054254,1.0049907129489113,273
1950000,7799.999999843202,-565411.3889694293,110183.62170626689,-455227.7672631624,300.8477756532395,435.45975413054254,1.0049907129489113,273
1951000,7803.999999843108,-564641.0467138547,110031.94936462688,-454609.09734922776,300.4336461673513,435.45975413054254,1.0049907129489113,273
1952000,7807.999999843013,-564207.5726700537,109988.79177788633,-454218.78089216736,300.3158077466097,435.45975413054254,1.0049907129489113,273
1953000,7811.999999842918,-565256.1737396559,110429.39944119763,-454826.77429845824,301.51885256752104,435.45975413054254,1.0049907129489113,273
1954000,7815.999999842824,-564146.8044755999,110688.78272089394,-453458.02175470593,302.22707835942964,435.45975413054254,1.0049907129489113,273
1955000,7819.999999842729,-564210.797967752,109765.92473316856,-454444.8732345834,299.7072866830301,435.45975413054254,1.0049907129489113,273
1956000,7823.999999842635,-563811.2676575677,111090.51317995845,-452720.7544776093,303.32397200977545,435.45975413054254,1.0049907129489113,273
1957000,7827.99999984254,-562955.3699723817,110146.72517060983,-452808.6448017719,300.7470325436027,435.45975413054254,1.0049907129489113,273
1958000,7831.9999998424455,-564773.855953956,109098.80513839866,-455675.05081555736,297.8857687198953,435.45975413054254,1.0049907129489113,273
1959000,7835.999999842351,-565435.2737499014,109440.43566241494,-455994.8380874865,298.8185641903468,435.45975413054254,1.0049907129489113,273
1960000,7839.999999842256,-563906.7660699366,109552.25941177082,-454354.5066581657,299.123890206482,435.45975413054254,1.0049907129489113,273
1961000,7843.999999842162,-565226.8711253009,110329.86210924824,-454897.00901605265,301.24707365475973,435.45975413054254,1.0049907129489113,273
1962000,7847.999999842067,-564611.43816726,110543.88020474452,-454067.5579625155,301.8314333534384,435.45975413054254,1.0049907129489113,273
1963000,7851.999999841973,-564020.6767574721,110136.7387947815,-453883.9379626906,300.7197655241649,435.45975413054254,1.0049907129489113,273
1964000,7855.999999841878,-565220.2840460055,110074.75634496918,-455145.5277010363,300.5505272846987,435.45975413054254,1.0049907129489113,273
1965000,7859.999999841783,-563663.412427634,110129.34051702586,-453534.07191060815,300.6995651044294,435.45975413054254,1.0049907129489113,273
1966000,7863.999999841689,-565574.0193406232,110003.55751373485,-455570.4618268883,300.3561244353981,435.45975413054254,1.0049907129489113,273
1967000,7867.999999841594,-564459.3467660588,111237.46609731647,-453221.88066874235,303.7252154761663,435.45975413054254,1.0049907129489113,273
1968000,7871.9999998415,-564887.6541899033,110401.4837195548,-454486.1704703485,301.4426308693054,435.45975413054254,1.0049907129489113,273
1969000,7875.999999841405,-564852.8612903012,109737.13133332506,-455115.72995697614,299.6286685530188,435.45975413054254,1.0049907129489113,273
1970000,7879.9999998413105,-565173.6645409144,109974.58696130564,-455199.0775796087,300.2770226040841,435.45975413054254,1.0049907129489113,273
1971000,7883.999999841216,-564347.8033804283,109186.12514905527,-455161.6782313731,298.12418919082603,435.45975413054254,1.0049907129489113,273
1972000,7887.999999841121,-563574.6162330406,110196.74439398345,-453377.87183905713,300.88360612739694,435.45975413054254,1.0049907129489113,273
1973000,7891.999999841027,-563736.0913484828,109991.10238561797,-453744.9889628648,300.32211668060285,435.45975413054254,1.0049907129489113,273
1974000,7895.999999840932,-564851.3219468454,110676.79828671284,-454174.52366013255,302.19435579767304,435.45975413054254,1.0049907129489113,273
1975000,7899.9999998408375,-565100.7559752185,110619.6737831828,-454481.0821920357,302.0383818012099,435.45975413054254,1.0049907129489113,273
1976000,7903.999999840743,-564377.4049263773,110204.2077004686,-454173.19722590875,300.90398410300077,435.45975413054254,1.0049907129489113,273
1977000,7907.999999840648,-565380.3366110395,108989.27333622362,-456391.06327481585,297.5867006865763,435.45975413054254,1.0049907129489113,273
1978000,7911.999999840554,-564922.960967693,110646.30554213142,-454276.6554255616,302.11109773954405,435.45975413054254,1.0049907129489113,273
1979000,7915.999999840459,-564904.7363316067,109629.55776775966,-455275.1785638471,299.3349473318585,435.45975413054254,1.0049907129489113,273
1980000,7919.999999840365,-564237.6261872789,110931.70641893064,-453305.9197683482,302.8903625488224,435.45975413054254,1.0049907129489113,273
1981000,7923.99999984027,-564613.7225772487,110896.07286240038,-453717.6497148483,302.79306790507474,435.45975413054254,1.0049907129489113,273
1982000,7927.999999840175,-564966.3685906716,110352.7142957112,-454613.6542949604,301.30946976554037,435.45975413054254,1.0049907129489113,273
1983000,7931.999999840081,-563470.4718444925,110038.25767364132,-453432.21417085116,300.4508705125465,435.45975413054254,1.0049907129489113,273
1984000,7935.999999839986,-563741.2462350563,109374.7520939486,-454366.4941411077,298.63922033538853,435.45975413054254,1.0049907129489113,273
1985000,7939.999999839892,-564090.2658359124,109607.77749104716,-454482.48834486527,299.27547798695406,435.45975413054254,1.0049907129489113,273
1986000,7943.999999839797,-563886.6231798455,110737.42426363192,-453149.1989162136,302.359890293821,435.45975413054254,1.0049907129489113,273
1987000,7947.9999998397025,-564811.2874367987,110656.49306760449,-454154.7943691942,302.13891398238053,435.45975413054254,1.0049907129489113,273
1988000,7951.999999839608,-564184.7091731564,110821.67152825638,-453363.03764490003,302.5899208716387,435.45975413054254,1.0049907129489113,273
1989000,7955.999999839513,-565490.7903526849,111258.15845583915,-454232.63189684576,303.78171434540076,435.45975413054254,1.0049907129489113,273
1990000,7959.999999839419,-565216.5076123117,110547.56396651122,-454668.9436458005,301.84149157730496,435.45975413054254,1.0049907129489113,273
1991000,7963.999999839324,-564394.7181705642,110054.20488704607,-454340.5132835181,300.4944131335495,435.45975413054254,1.0049907129489113,273
1992000,7967.9999998392295,-563556.2903960231,110027.94120701333,-453528.34918900975,300.4227022059546,435.45975413054254,1.0049907129489113,273
1993000,7971.999999839135,-563957.7960209474,109863.5481018615,-454094.2479190859,299.9738396685667,435.45975413054254,1.0049907129489113,273
1994000,7975.99999983904,-564148.7595363487,110461.74775589933,-453687.0117804494,301.6071771149758,435.45975413054254,1.0049907129489113,273
1995000,7979.999999838946,-564486.8571989471,111304.37873081659,-453182.4784681305,303.90791519723075,435.45975413054254,1.0049907129489113,273
1996000,7983.999999838851,-564601.2941998732,111059.01160285823,-453542.28259701503,303.23795941322606,435.45975413054254,1.0049907129489113,273
1997000,7987.999999838757,-565038.6896816413,111430.528194046,-453608.1614875953,304.2523564565097,435.45975413054254,1.0049907129489113,273
1998000,7991.999999838662,-564386.919476368,110945.43307335953,-453441.48640300846,302.92784210692855,435.45975413054254,1.0049907129489113,273
1999000,7995.999999838567,-565152.3397463588,109886.69507813454,-455265.64466822427,300.03704067990583,435.45975413054254,1.0049907129489113,273
2000000,7999.999999838473,-564635.6413028962,109920.72759321242,-454714.9137096838,300.1299638049812,435.45975413054254,1.0049907129489113,273
2001000,8003.999999838378,-563981.2623342704,111455.06009158707,-452526.2022426833,304.319338887233,435.45975413054254,1.0049907129489113,273
2002000,8007.999999838284,-563772.4128596373,110636.0095010231,-453136.4033586142,302.0829852032387,435.45975413054254,1.0049907129489113,273
2003000,8011.999999838189,-564907.9104871154,110184.6949874406,-454723.2154996748,300.85070616367983,435.45975413054254,1.0049907129489113,273
2004000,8015.9999998380945,-563830.5293082353,110844.43680863114,-452986.0924996041,302.6520796921314,435.45975413054254,1.0049907129489113,273
2005000,8019.999999838,-564321.4930844954,110673.89442928741,-453647.598655208,302.18642704171344,435.45975413054254,1.0049907129489113,273
2006000,8023.999999837905,-564373.6063998188,109718.86896323296,-454654.7374365858,299.5788045774544,435.45975413054254,1.0049907129489113,273
2007000,8027.999999837811,-564165.605390795,110327.3299064028,-453838.27548439224,301.240159672611,435.45975413054254,1.0049907129489113,273
2008000,8031.999999837716,-563507.5786533998,109351.84607926078,-454155.732574139,298.576677250843,435.45975413054254,1.0049907129489113,273
2009000,8035.9999998376215,-563801.5100665148,110866.37150657637,-452935.13855993847,302.71197067215417,435.45975413054254,1.0049907129489113,273
2010000,8039.999999837527,-563734.3687173529,110533.50689634967,-453200.8618210032,301.8031098448404,435.45975413054254,1.0049907129489113,273
2011000,8043.999999837432,-564676.4149290654,111218.85665190232,-453457.5582771631,303.67440383853545,435.45975413054254,1.0049907129489113,273
2012000,8047.999999837338,-564551.6111902827,110129.27033730468,-454422.34085297806,300.69937348418046,435.45975413054254,1.0049907129489113,273
2013000,8051.999999837243,-564342.7615486779,110164.36057000823,-454178.4009786697,300.79518462464347,435.45975413054254,1.0049907129489113,273
2014000,8055.999999837149,-564384.9484614427,110644.02375094336,-453740.92471049936,302.1048674868731,435.45975413054254,1.0049907129489113,273
2015000,8059.999999837054,-564220.1138835261,109952.04024162912,-454268.07364189695,300.21546054651225,435.45975413054254,1.0049907129489113,273
2016000,8063.999999836959,-565624.9296774073,110521.72258642892,-455103.20709097834,301.7709337067505,435.45975413054254,1.0049907129489113,273
2017000,8067.999999836865,-564623.6097896211,111093.55894969191,-453530.05083992914,303.3322882462113,435.45975413054254,1.0049907129489113,273
2018000,8071.99999983677,-564423.9936030828,110851.29749030664,-453572.6961127762,302.67081224774694,435.45975413054254,1.0049907129489113,273
2019000,8075.999999836676,-565250.7323633917,110535.18874894537,-454715.5436144463,301.8077020120296,435.45975413054254,1.0049907129489113,273
2020000,8079.999999836581,-564512.7705673943,110406.77877265209,-454105.99179474224,301.45708859833644,435.45975413054254,1.0049907129489113,273
2021000,8083.9999998364865,-564366.9293190949,110103.36090464897,-454263.5684144459,300.62862980138806,435.45975413054254,1.0049907129489113,273
2022000,8087.999999836392,-565121.4061545879,109730.96882510887,-455390.437329479,299.61184230551873,435.45975413054254,1.0049907129489113,273
2023000,8091.999999836297,-565137.5950909145,110981.88076745773,-454155.7143234568,303.0273596897356,435.45975413054254,1.0049907129489113,273
2024000,8095.999999836203,-565026.0823211712,110214.91007797746,-454811.1722431937,300.9332061091201,435.45975413054254,1.0049907129489113,273
2025000,8099.999999836108,-564276.3330945694,110290.57031165739,-453985.762782912,301.13979046944075,435.45975413054254,1.0049907129489113,273
2026000,8103.999999836014,-564339.3638289561,109917.1799914954,-454422.18383746076,300.1202773554986,435.45975413054254,1.0049907129489113,273
2027000,8107.999999835919,-564960.2246796563,110866.1163906483,-454094.108289008,302.7112740980327,435.45975413054254,1.0049907129489113,273
2028000,8111.999999835824,-564550.4884884842,109425.51719717367,-455124.9712913105,298.77783048587696,435.45975413054254,1.0049907129489113,273
2029000,8115.99999983573,-564197.5084735812,110869.0387902502,-453328.469683331,302.71925348195725,435.45975413054254,1.0049907129489113,273
2030000,8119.999999835635,-564731.4916481492,109818.72943919795,-454912.7622089513,299.8514658097184,435.45975413054254,1.0049907129489113,273
2031000,8123.999999835541,-565013.9729738338,109996.4607816597,-455017.5121921741,300.3367473625977,435.45975413054254,1.0049907129489113,273
2032000,8127.999999835446,-564061.29426212,109250.15301819591,-454811.14124392415,298.2990122880566,435.45975413054254,1.0049907129489113,273
2033000,8131.999999835351,-563241.4022392146,110556.21761580551,-452685.1846234091,301.86511969100417,435.45975413054254,1.0049907129489113,273
2034000,8135.999999835257,-563270.4741125097,110117.76883455529,-453152.70527795446,300.66796952898966,435.45975413054254,1.0049907129489113,273
2035000,8139.999999835162,-563968.6299094851,110666.93853922258,-453301.69137026253,302.16743452702485,435.45975413054254,1.0049907129489113,273
2036000,8143.999999835068,-563779.2686375561,111005.05030676769,-452774.2183307884,303.0906223076853,435.45975413054254,1.0049907129489113,273
2037000,8147.999999834973,-564028.4911252214,109797.90817847382,-454230.58294674754,299.79461498308785,435.45975413054254,1.0049907129489113,273
2038000,8151.9999998348785,-565113.1170601547,109975.47003674679,-455137.64702340786,300.2794337726234,435.45975413054254,1.0049907129489113,273
2039000,8155.999999834784,-565077.4331982536,109933.46030022448,-455143.97289802914,300.16472946727566,435.45975413054254,1.0049907129489113,273
2040000,8159.999999834689,-564819.5471194894,110184.3829785536,-454635.1641409358,300.8498542477763,435.45975413054254,1.0049907129489113,273
2041000,8163.999999834595,-564586.1432695161,110716.14444042981,-453869.99882908625,302.30178739815005,435.45975413054254,1.0049907129489113,273
2042000,8167.9999998345,-564904.3864695611,110779.46968659095,-454124.9167829702,302.47469203819776,435.45975413054254,1.0049907129489113,273
2043000,8171.999999834406,-563892.9116647453,110229.60740116687,-453663.30426357844,300.9733360024846,435.45975413054254,1.0049907129489113,273
2044000,8175.999999834311,-564561.6453905529,110286.92083215702,-454274.7245583959,301.1298258506256,435.45975413054254,1.0049907129489113,273
2045000,8179.999999834216,-564585.3291542535,110522.32398476033,-454063.00516949315,301.7725757779357,435.45975413054254,1.0049907129489113,273
2046000,8183.999999834122,-564140.8611792941,110099.80055421591,-454041.06062507816,300.61890854253176,435.45975413054254,1.0049907129489113,273
2047000,8187.999999834027,-563721.7411536928,111034.45775647927,-452687.28339721356,303.1709170529147,435.45975413054254,1.0049907129489113,273
2048000,8191.999999833933,-564617.9785967488,109207.86766156166,-455410.11093518714,298.18355542351435,435.45975413054254,1.0049907129489113,273
2049000,8195.999999834747,-563608.8137415964,110290.12405997317,-453318.68968162325,301.1385720140615,435.45975413054254,1.0049907129489113,273
2050000,8199.999999835562,-565274.9236513264,110241.80150155432,-455033.1221497721,301.0066310414463,435.45975413054254,1.0049907129489113,273
2051000,8203.999999836376,-563411.7042825245,109683.03540357166,-453728.66887895286,299.48096384077417,435.45975413054254,1.0049907129489113,273
2052000,8207.999999837191,-563898.6280023027,110201.2623072484,-453697.3656950543,300.8959419367968,435.45975413054254,1.0049907129489113,273
2053000,8211.999999838006,-564008.0110506611,109965.81142489277,-454042.19962576835,300.25306168712484,435.45975413054254,1.0049907129489113,273
2054000,8215.999999838821,-563511.2846242986,110900.08999183547,-452611.1946324631,302.8040363633296,435.45975413054254,1.0049907129489113,273
2055000,8219.999999839636,-564083.771130411,110934.07240959024,-453149.6987208207,302.89682270157584,435.45975413054254,1.0049907129489113,273
2056000,8223.999999840451,-566162.3129959628,110705.06856521696,-455457.24443074584,302.27154558571374,435.45975413054254,1.0049907129489113,273
2057000,8227.999999841266,-565236.8636311973,111238.8167170285,-453998.04691416875,303.72890323783014,435.45975413054254,1.0049907129489113,273
2058000,8231.99999984208,-563290.8917231606,109803.16692914884,-453487.7247940118,299.8089735911894,435.45975413054254,1.0049907129489113,273
2059000,8235.999999842896,-563998.804102439,109655.27905928006,-454343.5250431589,299.40517730997146,435.45975413054254,1.0049907129489113,273
2060000,8239.99999984371,-564631.7781178346,110277.23380648857,-454354.544311346,301.1033761834254,435.45975413054254,1.0049907129489113,273
2061000,8243.999999844526,-563314.9564259602,110812.24445246987,-452502.7119734903,302.5641809772936,435.45975413054254,1.0049907129489113,273
2062000,8247.99999984534,-564180.6100462344,110169.85695809021,-454010.75308814424,300.81019208312944,435.45975413054254,1.0049907129489113,273
2063000,8251.999999846155,-564519.6440927172,111177.93641023152,-453341.7076824857,303.5626743138092,435.45975413054254,1.0049907129489113,273
2064000,8255.99999984697,-565406.9069457753,110355.27854002078,-455051.62840575445,301.31647123440496,435.45975413054254,1.0049907129489113,273
2065000,8259.999999847785,-565153.2933632187,110424.83765190037,-454728.4557113183,301.50639695804085,435.45975413054254,1.0049907129489113,273
2066000,8263.9999998486,-563308.6229726425,110292.16100912658,-453016.46196351596,301.1441337446747,435.45975413054254,1.0049907129489113,273
2067000,8267.999999849415,-564538.675061197,109656.31485711155,-454882.3602040855,299.4080054750726,435.45975413054254,1.0049907129489113,273
2068000,8271.99999985023,-564774.7431196556,110983.180864244,-453791.56225541164,303.03090950249566,435.45975413054254,1.0049907129489113,273
2069000,8275.999999851045,-565323.9738193764,109294.74004003323,-456029.2337793432,298.420753669716,435.45975413054254,1.0049907129489113,273
2070000,8279.99999985186,-564051.920438902,109839.97494053771,-454211.9454983643,299.90947499222415,435.45975413054254,1.0049907129489113,273
2071000,8283.999999852675,-564847.4963211226,110871.15313499514,-453976.3431861275,302.72502653518995,435.45975413054254,1.0049907129489113,273
2072000,8287.99999985349,-563353.3754509478,110501.4258523793,-452851.9495985685,301.71551505924833,435.45975413054254,1.0049907129489113,273
2073000,8291.999999854304,-565284.7665031692,110285.3560389037,-454999.4104642655,301.1255533048304,435.45975413054254,1.0049907129489113,273
2074000,8295.99999985512,-563475.4895942081,109171.67055237689,-454303.8190418312,298.0847220432471,435.45975413054254,1.0049907129489113,273
2075000,8299.999999855934,-564540.463306692,110463.10980079987,-454077.3535058921,301.6108960722249,435.45975413054254,1.0049907129489113,273
2076000,8303.99999985675,-562981.4352825824,109535.82546337257,-453445.60981920984,299.0790185935848,435.45975413054254,1.0049907129489113,273
2077000,8307.999999857564,-563181.602639182,111054.04952551122,-452127.5531136708,303.2244108484816,435.45975413054254,1.0049907129489113,273
2078000,8311.999999858379,-564462.7022198508,110352.07578193967,-454110.6264379112,301.30772635354396,435.45975413054254,1.0049907129489113,273
2079000,8315.999999859194,-563854.4131898908,110665.6753040012,-453188.7378858896,302.1639853618895,435.45975413054254,1.0049907129489113,273
2080000,8319.999999860009,-564736.283018149,110540.06456716137,-454196.2184509876,301.82101505295225,435.45975413054254,1.0049907129489113,273
2081000,8323.999999860824,-563751.3269747859,110364.51761240605,-453386.80936237983,301.34169780014287,435.45975413054254,1.0049907129489113,273
2082000,8327.999999861639,-563274.7413987969,110507.29319035893,-452767.448208438,301.7315353674651,435.45975413054254,1.0049907129489113,273
2083000,8331.999999862453,-565359.1804880588,110500.1924390617,-454858.9880489971,301.71214732049265,435.45975413054254,1.0049907129489113,273
2084000,8335.999999863268,-563791.3958765096,110022.50889324467,-453768.88698326494,300.40786969737803,435.45975413054254,1.0049907129489113,273
2085000,8339.999999864083,-562875.7332294714,110295.42457218637,-452580.308657285,301.1530446487822,435.45975413054254,1.0049907129489113,273
2086000,8343.999999864898,-564172.7193175834,110722.29377588804,-453450.4255416953,302.3185776784631,435.45975413054254,1.0049907129489113,273
2087000,8347.999999865713,-565202.8512443369,109463.69237422361,-455739.1588701133,298.8820648259975,435.45975413054254,1.0049907129489113,273
2088000,8351.999999866528,-564749.5627406323,109767.59056509892,-454981.9721755334,299.71183510704356,435.45975413054254,1.0049907129489113,273
2089000,8355.999999867343,-565011.9796104613,111193.06672844428,-453818.912882017,303.60398646627567,435.45975413054254,1.0049907129489113,273
2090000,8359.999999868158,-563864.9710906106,110601.56770122371,-453263.4033893869,301.98894455818925,435.45975413054254,1.0049907129489113,273
2091000,8363.999999868973,-564865.7412886014,109718.1521354735,-455147.5891531279,299.57684733522893,435.45975413054254,1.0049907129489113,273
2092000,8367.999999869788,-564524.0014156029,110045.3632668031,-454478.6381487998,300.47027177985206,435.45975413054254,1.0049907129489113,273
2093000,8371.999999870603,-564492.2087079352,110953.86788400356,-453538.3408239316,302.95087269878076,435.45975413054254,1.0049907129489113,273
2094000,8375.999999871417,-564525.2366728117,110336.83018150041,-454188.40649131127,301.26609943195956,435.45975413054254,1.0049907129489113,273
2095000,8379.999999872232,-563511.8668706487,109727.530407827,-453784.3364628217,299.6024539756109,435.45975413054254,1.0049907129489113,273
2096000,8383.999999873047,-564452.9757687538,109568.46944928906,-454884.50631946477,299.1681504482048,435.45975413054254,1.0049907129489113,273
2097000,8387.999999873862,-563915.5483712484,109923.42395971448,-453992.12441153394,300.13732602317594,435.45975413054254,1.0049907129489113,273
2098000,8391.999999874677,-564762.5922349025,109454.54892722738,-455308.04330767517,298.8570993579178,435.45975413054254,1.0049907129489113,273
2099000,8395.999999875492,-563374.3803660078,110554.61910329445,-452819.76126271335,301.8607550774086,435.45975413054254,1.0049907129489113,273
2100000,8399.999999876307,-564134.1377418363,110759.74626240897,-453374.3914794273,302.42083876852365,435.45975413054254,1.0049907129489113,273
2101000,8403.999999877122,-563855.3861282086,109844.90132384648,-454010.4848043621,299.9229260971843,435.45975413054254,1.0049907129489113,273
2102000,8407.999999877937,-564520.1060921312,110663.28858824784,-453856.8175038834,302.15746862088577,435.45975413054254,1.0049907129489113,273
2103000,8411.999999878752,-563987.7300439645,111083.60007743836,-452904.1299665261,303.30509632313687,435.45975413054254,1.0049907129489113,273
2104000,8415.999999879567,-564424.3181887078,109009.4275378781,-455414.8906508297,297.6417301605029,435.45975413054254,1.0049907129489113,273
2105000,8419.999999880381,-563887.4374616263,110035.8387017964,-453851.5987598299,300.4442656988034,435.45975413054254,1.0049907129489113,273
2106000,8423.999999881196,-563744.0647381311,110535.16288746867,-453208.9018506624,301.80763139928683,435.45975413054254,1.0049907129489113,273
2107000,8427.999999882011,-563552.324772791,111479.22390872496,-452073.10086406604,304.38531630315606,435.45975413054254,1.0049907129489113,273
2108000,8431.999999882826,-563989.8425704944,110786.41855252092,-453203.4240179735,302.49366537403455,435.45975413054254,1.0049907129489113,273
2109000,8435.999999883641,-563176.7988084182,110726.37824074039,-452450.4205676778,302.32972999081716,435.45975413054254,1.0049907129489113,273
2110000,8439.999999884456,-563117.2745742188,108606.59610607289,-454510.6784681459,296.5418303900553,435.45975413054254,1.0049907129489113,273
2111000,8443.99999988527,-564116.3646767982,109910.57870472316,-454205.7859720751,300.1022530574121,435.45975413054254,1.0049907129489113,273
2112000,8447.999999886086,-564812.7487487877,109404.88095601201,-455407.8677927757,298.721484840715,435.45975413054254,1.0049907129489113,273
2113000,8451.9999998869,-564382.6208947371,109744.98815174395,-454637.6327429931,299.6501209822314,435.45975413054254,1.0049907129489113,273
2114000,8455.999999887716,-564494.2374946671,110422.10749481665,-454072.1299998504,301.49894247730134,435.45975413054254,1.0049907129489113,273
2115000,8459.99999988853,-564680.3156722253,109962.30595446579,-454718.00971775956,300.24349027383994,435.45975413054254,1.0049907129489113,273
2116000,8463.999999889345,-564364.9796424648,110581.59268142749,-453783.3869610373,301.9344043263357,435.45975413054254,1.0049907129489113,273
2117000,8467.99999989016,-565040.0119582168,110767.65331970423,-454272.35863851255,302.4424283710654,435.45975413054254,1.0049907129489113,273
2118000,8471.999999890975,-564427.0811619344,109893.87238691503,-454533.2087750194,300.05663776110856,435.45975413054254,1.0049907129489113,273
2119000,8475.99999989179,-563576.7329804283,110268.07848800404,-453308.6544924242,301.0783783011738,435.45975413054254,1.0049907129489113,273
2120000,8479.999999892605,-564836.8166885497,110752.95299454988,-454083.8636939998,302.40229028106995,435.45975413054254,1.0049907129489113,273
2121000,8483.99999989342,-564843.9768597106,111017.80108128465,-453826.175778426,303.1254373018911,435.45975413054254,1.0049907129489113,273
2122000,8487.999999894235,-564308.2961939839,110247.43081570632,-454060.86537827755,301.02200144418725,435.45975413054254,1.0049907129489113,273
2123000,8491.99999989505,-564609.9388723541,110535.68571644221,-454074.2531559119,301.8090589429753,435.45975413054254,1.0049907129489113,273
2124000,8495.999999895865,-563879.7512292401,110591.35099123418,-453288.4002380059,301.9610486293094,435.45975413054254,1.0049907129489113,273
2125000,8499.99999989668,-564601.5595354848,110516.73650683739,-454084.82302864734,301.75731960575155,435.45975413054254,1.0049907129489113,273
2126000,8503.999999897494,-564222.0528721996,110789.31386002427,-453432.7390121753,302.5015707850995,435.45975413054254,1.0049907129489113,273
2127000,8507.99999989831,-566227.7249511471,109744.94368892047,-456482.78126222664,299.6499995799636,435.45975413054254,1.0049907129489113,273
2128000,8511.999999899124,-565162.1499054595,110105.57340629959,-455056.5764991599,300.6346708643873,435.45975413054254,1.0049907129489113,273
2129000,8515.99999989994,-563629.6706544328,110236.20442249406,-453393.4662319388,300.9913486541064,435.45975413054254,1.0049907129489113,273
2130000,8519.999999900754,-563365.5118899215,110356.63400554413,-453008.8778843774,301.32017222717826,435.45975413054254,1.0049907129489113,273
2131000,8523.999999901569,-564735.4167577261,110143.32248543293,-454592.09427229315,300.7377417774174,435.45975413054254,1.0049907129489113,273
2132000,8527.999999902384,-565641.7954799337,110552.32958506298,-455089.46589487075,301.85450372664894,435.45975413054254,1.0049907129489113,273
2133000,8531.999999903199,-564234.7057435783,109637.11531406431,-454597.59042951395,299.35558262193103,435.45975413054254,1.0049907129489113,273
2134000,8535.999999904014,-564458.7105061957,110386.1636613427,-454072.546844853,301.40080064658616,435.45975413054254,1.0049907129489113,273
2135000,8539.999999904829,-564317.9887340362,109988.17142025894,-454329.8173137773,300.3141139085472,435.45975413054254,1.0049907129489113,273
2136000,8543.999999905644,-564478.7305947258,110247.95539219724,-454230.7752025286,301.0234337593355,435.45975413054254,1.0049907129489113,273
2137000,8547.999999906458,-563637.5587288314,110573.45332177711,-453064.10540705425,301.91218044035213,435.45975413054254,1.0049907129489113,273
2138000,8551.999999907273,-564625.8227609368,109523.4245068446,-455102.3982540922,299.04515875008326,435.45975413054254,1.0049907129489113,273
2139000,8555.999999908088,-563471.6571702389,110945.93857171223,-452525.71859852667,302.92922233071005,435.45975413054254,1.0049907129489113,273
2140000,8559.999999908903,-563044.9684085455,110512.32413495245,-452532.64427359303,301.74527196884884,435.45975413054254,1.0049907129489113,273
2141000,8563.999999909718,-564545.2018308048,110003.42602062749,-454541.7758101773,300.35576540373575,435.45975413054254,1.0049907129489113,273
2142000,8567.999999910533,-564145.628063391,110724.77548231526,-453420.8525810757,302.32535378408477,435.45975413054254,1.0049907129489113,273
2143000,8571.999999911348,-564025.6472292817,110764.40946427127,-453261.23776501045,302.43357127709413,435.45975413054254,1.0049907129489113,273
2144000,8575.999999912163,-563281.8690879284,110971.49356874614,-452310.3755191823,302.9989982547124,435.45975413054254,1.0049907129489113,273
2145000,8579.999999912978,-565061.8672726927,110613.67188458049,-454448.1953881122,302.0219940857197,435.45975413054254,1.0049907129489113,273
2146000,8583.999999913793,-563733.0768290753,109208.07961843204,-454524.9972106433,298.18413415519876,435.45975413054254,1.0049907129489113,273
2147000,8587.999999914608,-564794.6689492175,110145.28080149778,-454649.3881477198,300.7430888065222,435.45975413054254,1.0049907129489113,273
2148000,8591.999999915422,-564110.6911919243,110458.77283265255,-453651.9183592717,301.59905431934004,435.45975413054254,1.0049907129489113,273
2149000,8595.999999916237,-563715.1435108222,110788.10453554895,-452927.03897527326,302.49826881904676,435.45975413054254,1.0049907129489113,273
2150000,8599.999999917052,-563820.6489847032,110422.69007958472,-453397.9589051185,301.50053317952086,435.45975413054254,1.0049907129489113,273
2151000,8603.999999917867,-562448.0686840364,109482.99695457472,-452965.07172946166,298.93477447529574,435.45975413054254,1.0049907129489113,273
2152000,8607.999999918682,-565185.1196510303,111030.71831940192,-454154.4013316284,303.1607068119597,435.45975413054254,1.0049907129489113,273
2153000,8611.999999919497,-563862.5847377917,110402.5685240255,-453460.0162137662,301.4455928432084,435.45975413054254,1.0049907129489113,273
2154000,8615.999999920312,-565051.9181229188,110615.91644288052,-454436.0016800383,302.02812267689717,435.45975413054254,1.0049907129489113,273
2155000,8619.999999921127,-564806.670447221,110447.84175881196,-454358.82868840906,301.5692078757442,435.45975413054254,1.0049907129489113,273
2156000,8623.999999921942,-564581.6318824175,109506.33325974777,-455075.2986226697,298.9984924344131,435.45975413054254,1.0049907129489113,273
2157000,8627.999999922757,-563922.2881892207,110463.48194077925,-453458.80624844145,301.61191217138094,435.45975413054254,1.0049907129489113,273
2158000,8631.999999923572,-565460.6951764724,110654.13124369981,-454806.5639327726,302.13246520662597,435.45975413054254,1.0049907129489113,273
2159000,8635.999999924386,-566013.4760431321,110741.22729017516,-455272.248752957,302.37027416084743,435.45975413054254,1.0049907129489113,273
2160000,8639.999999925201,-564576.0698049315,110068.852259018,-454507.21754591353,300.534406639015,435.45975413054254,1.0049907129489113,273
2161000,8643.999999926016,-563943.1941607245,110305.83049692918,-453637.36366379535,301.1814572137715,435.45975413054254,1.0049907129489113,273
2162000,8647.999999926831,-565613.4043934844,110375.74129369037,-455237.66309979395,301.37234318551623,435.45975413054254,1.0049907129489113,273
2163000,8651.999999927646,-563530.5866272314,110593.34702218222,-452937.23960504925,301.96649863595786,435.45975413054254,1.0049907129489113,273
2164000,8655.999999928461,-563996.1245938786,110597.88476572919,-453398.23982814944,301.9788885903944,435.45975413054254,1.0049907129489113,273
2165000,8659.999999929276,-565336.6572096935,109647.13441430463,-455689.5227953888,299.3829389928205,435.45975413054254,1.0049907129489113,273
2166000,8663.99999993009,-564365.4990135566,109778.78747794713,-454586.7115356095,299.7424074032923,435.45975413054254,1.0049907129489113,273
2167000,8667.999999930906,-564099.7731655505,110125.30523292936,-453974.4679326212,300.688547076289,435.45975413054254,1.0049907129489113,273
2168000,8671.99999993172,-563864.6646971395,110245.69931888193,-453618.96537825756,301.01727372730795,435.45975413054254,1.0049907129489113,273
2169000,8675.999999932536,-564346.4809182421,109878.75219658278,-454467.72872165934,300.01535326202907,435.45975413054254,1.0049907129489113,273
2170000,8679.99999993335,-565118.2604756961,110221.1536503617,-454897.10682533437,300.9502536960013,435.45975413054254,1.0049907129489113,273
2171000,8683.999999934165,-564094.1094808932,110837.01369758596,-453257.0957833073,302.63181146703783,435.45975413054254,1.0049907129489113,273
2172000,8687.99999993498,-562490.3530660248,110649.36344541074,-451840.9896206141,302.1194471056794,435.45975413054254,1.0049907129489113,273
2173000,8691.999999935795,-564232.8808158473,110097.79814958107,-454135.08266626624,300.61344113302914,435.45975413054254,1.0049907129489113,273
2174000,8695.99999993661,-564741.9552974487,110028.5665265536,-454713.3887708951,300.42440959213275,435.45975413054254,1.0049907129489113,273
2175000,8699.999999937425,-564633.6397050908,110304.1373912206,-454329.5023138702,301.17683432083624,435.45975413054254,1.0049907129489113,273
2176000,8703.99999993824,-564449.21507208,110824.22422150764,-453624.99085057236,302.5968908012406,435.45975413054254,1.0049907129489113,273
2177000,8707.999999939055,-565740.2425734708,110128.65074630815,-455611.59182716266,300.6976817393437,435.45975413054254,1.0049907129489113,273
2178000,8711.99999993987,-564556.2572332532,110158.81223143276,-454397.44500182045,300.7800353193914,435.45975413054254,1.0049907129489113,273
2179000,8715.999999940685,-563881.3583022002,109803.63699007989,-454077.7213121203,299.81025705585813,435.45975413054254,1.0049907129489113,273
2180000,8719.9999999415,-564345.6164233722,110101.45928001143,-454244.15714336076,300.623437563799,435.45975413054254,1.0049907129489113,273
2181000,8723.999999942314,-565287.9633608437,110351.11714495026,-454936.84621589346,301.3051088700972,435.45975413054254,1.0049907129489113,273
2182000,8727.99999994313,-563800.4272783245,110794.78655217969,-453005.6407261448,302.51651354370824,435.45975413054254,1.0049907129489113,273
2183000,8731.999999943944,-564778.1771866232,110123.1560432316,-454655.0211433916,300.6826788816335,435.45975413054254,1.0049907129489113,273
2184000,8735.99999994476,-563758.0911579211,110037.55279583356,-453720.53836208757,300.44894589873104,435.45975413054254,1.0049907129489113,273
2185000,8739.999999945574,-563409.8328643283,111090.66591378523,-452319.16695054306,303.32438903756366,435.45975413054254,1.0049907129489113,273
2186000,8743.999999946389,-564118.8591152141,111320.59480782133,-452798.26430739276,303.9521919292999,435.45975413054254,1.0049907129489113,273
2187000,8747.999999947204,-563839.642541334,109692.38465733867,-454147.25788399536,299.5064912481716,435.45975413054254,1.0049907129489113,273
2188000,8751.999999948019,-564083.631589286,110100.98647955141,-453982.6451097346,300.6221466190603,435.45975413054254,1.0049907129489113,273
2189000,8755.999999948834,-562838.856937774,110583.25405989261,-452255.6028778814,301.93894059051013,435.45975413054254,1.0049907129489113,273
2190000,8759.999999949649,-564462.5491222083,109280.31290042971,-455182.23622177856,298.38136149153615,435.45975413054254,1.0049907129489113,273
2191000,8763.999999950463,-563170.8621115396,110415.56760176248,-452755.2945097771,301.48108580996836,435.45975413054254,1.0049907129489113,273
2192000,8767.999999951278,-564023.9879418514,110232.8229900942,-453791.1649517572,300.98211591696935,435.45975413054254,1.0049907129489113,273
2193000,8771.999999952093,-563942.9404595639,110678.70474098841,-453264.2357185754,302.1995612222117,435.45975413054254,1.0049907129489113,273
2194000,8775.999999952908,-563528.8839521762,109615.28639097558,-453913.5975612006,299.2959804518947,435.45975413054254,1.0049907129489113,273
2195000,8779.999999953723,-564179.8325866889,110869.08056884538,-453310.75201784354,302.7193675551493,435.45975413054254,1.0049907129489113,273
2196000,8783.999999954538,-563780.8363040867,109725.37892157678,-454055.45738250995,299.5965795103982,435.45975413054254,1.0049907129489113,273
2197000,8787.999999955353,-564556.1370616388,110629.48993400577,-453926.647127633,302.06518403456215,435.45975413054254,1.0049907129489113,273
2198000,8791.999999956168,-564954.1326424452,110502.11323155437,-454452.01941089076,301.71739189441354,435.45975413054254,1.0049907129489113,273
2199000,8795.999999956983,-563914.1269481624,110146.97002299275,-453767.1569251697,300.74770109391557,435.45975413054254,1.0049907129489113,273
2200000,8799.999999957798,-565166.9765081918,110596.17902827426,-454570.7974799175,301.97423120746197,435.45975413054254,1.0049907129489113,273
2201000,8803.999999958613,-564841.4104978577,110721.22586973617,-454120.18462812155,302.31566184410025,435.45975413054254,1.0049907129489113,273
2202000,8807.999999959427,-563740.6741026337,110089.97828018006,-453650.69582245365,300.5920895902248,435.45975413054254,1.0049907129489113,273
2203000,8811.999999960242,-562923.0726309507,110198.81811535754,-452724.2545155932,300.8892682616875,435.45975413054254,1.0049907129489113,273
2204000,8815.999999961057,-564585.4112682384,111353.0144632404,-453232.39680499805,304.040711267013,435.45975413054254,1.0049907129489113,273
2205000,8819.999999961872,-564644.8009232464,110541.79681889771,-454103.0041043487,301.82574483105975,435.45975413054254,1.0049907129489113,273
2206000,8823.999999962687,-564287.5694171926,109697.64633055753,-454589.92308663507,299.520857836051,435.45975413054254,1.0049907129489113,273
2207000,8827.999999963502,-564098.1162218042,110546.91677644968,-453551.1994453545,301.83972447537616,435.45975413054254,1.0049907129489113,273
2208000,8831.999999964317,-564934.5127089578,110827.13305763155,-454107.3796513262,302.6048331511476,435.45975413054254,1.0049907129489113,273
2209000,8835.999999965132,-563222.9213862312,110700.91966954392,-452522.0017166873,302.26021735003474,435.45975413054254,1.0049907129489113,273
2210000,8839.999999965947,-563949.1489247354,110002.03107873368,-453947.1178460017,300.3519566238153,435.45975413054254,1.0049907129489113,273
2211000,8843.999999966762,-563053.9285501414,110440.14584895318,-452613.78270118823,301.5481947947909,435.45975413054254,1.0049907129489113,273
2212000,8847.999999967577,-564905.8491709265,110149.58073820797,-454756.2684327185,300.7548294479594,435.45975413054254,1.0049907129489113,273
2213000,8851.999999968391,-564327.1331848125,110245.2881483772,-454081.8450364353,301.01615105835,435.45975413054254,1.0049907129489113,273
2214000,8855.999999969206,-564165.9734887145,109704.69411142927,-454461.2793772853,299.5401012514127,435.45975413054254,1.0049907129489113,273
2215000,8859.999999970021,-564558.349230946,109589.31247660541,-454969.03675434063,299.2250607068159,435.45975413054254,1.0049907129489113,273
2216000,8863.999999970836,-565382.0196143906,110104.0791216302,-455277.9404927604,300.6305908367751,435.45975413054254,1.0049907129489113,273
2217000,8867.999999971651,-565533.151692343,110313.01506984537,-455220.1366224976,301.2010741291296,435.45975413054254,1.0049907129489113,273
2218000,8871.999999972466,-564976.0974009861,110591.11016309797,-454384.98723788816,301.96039106688795,435.45975413054254,1.0049907129489113,273
2219000,8875.99999997328,-563918.0296478528,110285.13953009457,-453632.8901177582,301.1249621444327,435.45975413054254,1.0049907129489113,273
2220000,8879.999999974096,-565095.8100794074,110823.48350789372,-454272.32657151367,302.59486834055457,435.45975413054254,1.0049907129489113,273
2221000,8883.99999997491,-564190.0184574425,110387.44936328882,-453802.5690941537,301.40431115535915,435.45975413054254,1.0049907129489113,273
2222000,8887.999999975726,-565097.3780708695,110191.42909164837,-454905.9489792211,300.86909310940325,435.45975413054254,1.0049907129489113,273
2223000,8891.99999997654,-563895.3945993362,110090.3609869415,-453805.0336123947,300.5931345411542,435.45975413054254,1.0049907129489113,273
2224000,8895.999999977355,-564442.122661537,110553.81427038042,-453888.3083911566,301.8585575439803,435.45975413054254,1.0049907129489113,273
2225000,8899.99999997817,-564752.6880365186,110359.29263239173,-454393.3954041269,301.3274314001934,435.45975413054254,1.0049907129489113,273
2226000,8903.999999978985,-564512.2664743299,109788.47812053579,-454723.7883537941,299.7688669462108,435.45975413054254,1.0049907129489113,273
2227000,8907.9999999798,-565113.19609991,110248.18520603079,-454865.01089387917,301.0240612480635,435.45975413054254,1.0049907129489113,273
2228000,8911.999999980615,-564683.971812414,109220.49875892582,-455463.4730534882,298.2180436485992,435.45975413054254,1.0049907129489113,273
2229000,8915.99999998143,-565408.5054548187,109814.41252420441,-455594.0929306143,299.83967881040417,435.45975413054254,1.0049907129489113,273
2230000,8919.999999982245,-565320.8283844893,110355.20123232249,-454965.6271521668,301.31626015177113,435.45975413054254,1.0049907129489113,273
2231000,8923.99999998306,-564855.8621795713,109702.15906847827,-455153.703111093,299.5331795145775,435.45975413054254,1.0049907129489113,273
2232000,8927.999999983875,-565445.6276510921,110654.31309575512,-454791.314555337,302.1329617394635,435.45975413054254,1.0049907129489113,273
2233000,8931.99999998469,-564703.9539027298,109707.44695925724,-454996.50694347254,299.54761768745766,435.45975413054254,1.0049907129489113,273
2234000,8935.999999985504,-564410.6197328051,110996.86943854336,-453413.7502942617,303.0682850857816,435.45975413054254,1.0049907129489113,273
2235000,8939.99999998632,-563446.7795056431,110026.94425132271,-453419.83525432035,300.41998009628617,435.45975413054254,1.0049907129489113,273
2236000,8943.999999987134,-564682.5692844545,110786.31050718739,-453896.25877726707,302.4933703646878,435.45975413054254,1.0049907129489113,273
2237000,8947.99999998795,-564628.7976523438,110213.10663568223,-454415.6910166615,300.92828195075026,435.45975413054254,1.0049907129489113,273
2238000,8951.999999988764,-565431.4363895124,110362.67564439005,-455068.76074512233,301.33666845030064,435.45975413054254,1.0049907129489113,273
2239000,8955.999999989579,-565710.7611729554,110459.32731084379,-455251.4338621116,301.60056827874615,435.45975413054254,1.0049907129489113,273
2240000,8959.999999990394,-565068.7604039321,110325.42094545226,-454743.3394584798,301.2349474037921,435.45975413054254,1.0049907129489113,273
2241000,8963.999999991209,-565006.3549808702,109973.32052447362,-455033.03445639653,300.27356469720087,435.45975413054254,1.0049907129489113,273
2242000,8967.999999992024,-564784.2172706458,110134.36998631898,-454649.8472843268,300.7132976776206,435.45975413054254,1.0049907129489113,273
2243000,8971.999999992839,-564313.5807957035,109853.72994550032,-454459.85085020313,299.94703195924905,435.45975413054254,1.0049907129489113,273
2244000,8975.999999993654,-563747.0333710783,110362.98941110238,-453384.04395997594,301.337525165809,435.45975413054254,1.0049907129489113,273
2245000,8979.999999994468,-563224.9487638008,111058.90781919169,-452166.0409446091,303.23767604002825,435.45975413054254,1.0049907129489113,273
2246000,8983.999999995283,-563458.8377180132,111490.65586207909,-451968.1818559341,304.4165303591537,435.45975413054254,1.0049907129489113,273
2247000,8987.999999996098,-563751.1951479856,109250.1045608212,-454501.0905871644,298.2988799789786,435.45975413054254,1.0049907129489113,273
2248000,8991.999999996913,-564379.2422073451,109523.54509622406,-454855.69711112103,299.04548800996787,435.45975413054254,1.0049907129489113,273
2249000,8995.999999997728,-565168.1196094272,110087.72330201836,-455080.3963074088,300.58593254842873,435.45975413054254,1.0049907129489113,273
2250000,8999.999999998543,-565393.5663982318,109687.67941868375,-455705.886979548,299.49364396142124,435.45975413054254,1.0049907129489113,273
2251000,9003.999999999358,-565694.7738044481,109929.75522406492,-455765.01858038316,300.15461304612376,435.45975413054254,1.0049907129489113,273
2252000,9008.000000000173,-564452.0277556707,109268.44163163193,-455183.5861240388,298.3489479190225,435.45975413054254,1.0049907129489113,273
2253000,9012.000000000988,-564940.7576918495,110679.60367178865,-454261.15402006084,302.20201568257096,435.45975413054254,1.0049907129489113,273
2254000,9016.000000001803,-564942.9686366715,110678.83960049183,-454264.12903617974,302.19992944555565,435.45975413054254,1.0049907129489113,273
2255000,9020.000000002618,-563739.0377596649,110540.23488151608,-453198.80287814885,301.8214800829992,435.45975413054254,1.0049907129489113,273
2256000,9024.000000003432,-564683.9345034091,110085.30555134779,-454598.6289520613,300.5793310690068,435.45975413054254,1.0049907129489113,273
2257000,9028.000000004247,-564216.9437428997,110496.53463440342,-453720.4091084963,301.7021599704838,435.45975413054254,1.0049907129489113,273
2258000,9032.000000005062,-563069.5667734486,109921.31369241909,-453148.2530810295,300.1315641031009,435.45975413054254,1.0049907129489113,273
2259000,9036.000000005877,-565354.7758820998,110267.4468736347,-455087.32900846505,301.07665372745635,435.45975413054254,1.0049907129489113,273
2260000,9040.000000006692,-564710.2772693383,110551.09142855954,-454159.18584077875,301.8511230369947,435.45975413054254,1.0049907129489113,273
2261000,9044.000000007507,-564333.2017934807,110614.48842702742,-453718.71336645324,302.02422359111335,435.45975413054254,1.0049907129489113,273
2262000,9048.000000008322,-565096.7760399589,110559.95217408947,-454536.82386586943,301.87531661079475,435.45975413054254,1.0049907129489113,273
2263000,9052.000000009137,-565147.895625372,110722.94459576391,-454424.951029608,302.32035469131654,435.45975413054254,1.0049907129489113,273
2264000,9056.000000009952,-565056.293255866,111006.87868231937,-454049.4145735467,303.09561454436493,435.45975413054254,1.0049907129489113,273
2265000,9060.000000010767,-564178.8593152906,110503.06022778578,-453675.7990875048,301.7199775936795,435.45975413054254,1.0049907129489113,273
2266000,9064.000000011582,-563482.3315408253,110568.60424464353,-452913.7272961818,301.89894041386714,435.45975413054254,1.0049907129489113,273
2267000,9068.000000012396,-564457.0065610656,110365.52637854824,-454091.4801825173,301.34445215732705,435.45975413054254,1.0049907129489113,273
2268000,9072.000000013211,-564692.029950703,110805.52972274442,-453886.5002279586,302.5458469320813,435.45975413054254,1.0049907129489113,273
2269000,9076.000000014026,-564224.3006517668,110876.648967368,-453347.6516843988,302.7400324763556,435.45975413054254,1.0049907129489113,273
2270000,9080.000000014841,-563903.1390236858,109892.39932266629,-454010.73970101954,300.05261567419797,435.45975413054254,1.0049907129489113,273
2271000,9084.000000015656,-564499.519358098,109215.33779403378,-455284.18156406423,298.20395203694267,435.45975413054254,1.0049907129489113,273
2272000,9088.000000016471,-565394.2788767125,110420.61373073701,-454973.66514597554,301.4948638711188,435.45975413054254,1.0049907129489113,273
2273000,9092.000000017286,-564717.2040366055,109564.36318284151,-455152.84085376404,299.1569386082974,435.45975413054254,1.0049907129489113,273
2274000,9096.0000000181,-563832.0779584902,109256.54301238956,-454575.53494610067,298.3164596682555,435.45975413054254,1.0049907129489113,273
2275000,9100.000000018916,-562315.811825417,110278.44504597399,-452037.366779443,301.1066833782637,435.45975413054254,1.0049907129489113,273
2276000,9104.00000001973,-564336.7878059042,110045.76436561387,-454291.0234402903,300.4713669488361,435.45975413054254,1.0049907129489113,273
2277000,9108.000000020545,-564522.6601315727,110147.31646225665,-454375.3436693161,300.74864701927476,435.45975413054254,1.0049907129489113,273
2278000,9112.00000002136,-564159.6832501916,110679.5494690903,-453480.1337811013,302.2018676863354,435.45975413054254,1.0049907129489113,273
2279000,9116.000000022175,-563276.1619409304,111188.20035189507,-452087.96158903535,303.5906992050871,435.45975413054254,1.0049907129489113,273
2280000,9120.00000002299,-563357.1267541796,111171.69237250084,-452185.43438167876,303.5456254563359,435.45975413054254,1.0049907129489113,273
2281000,9124.000000023805,-564549.3257824755,110110.50386541628,-454438.82191705925,300.64813309802275,435.45975413054254,1.0049907129489113,273
2282000,9128.00000002462,-563842.0651806216,111230.37205795437,-452611.6931226672,303.70584575560855,435.45975413054254,1.0049907129489113,273
2283000,9132.000000025435,-564341.1857222822,111406.38525491091,-452934.80046737124,304.18643604634303,435.45975413054254,1.0049907129489113,273
2284000,9136.00000002625,-564536.0437340392,109933.01267107099,-454603.0310629682,300.16350725082407,435.45975413054254,1.0049907129489113,273
2285000,9140.000000027065,-564593.6941683237,110790.34727927472,-453803.34688904893,302.5043924556708,435.45975413054254,1.0049907129489113,273
2286000,9144.00000002788,-564835.3768487242,110181.58877187024,-454653.78807685396,300.8422248846061,435.45975413054254,1.0049907129489113,273
2287000,9148.000000028695,-565759.8211774523,109851.72207182419,-455908.09910562815,299.9415496169562,435.45975413054254,1.0049907129489113,273
2288000,9152.00000002951,-565749.9079177026,112019.76270514319,-453730.1452125594,305.86121528014036,435.45975413054254,1.0049907129489113,273
2289000,9156.000000030324,-565038.3052799948,110308.6333581689,-454729.67192182597,301.18911020753217,435.45975413054254,1.0049907129489113,273
2290000,9160.00000003114,-564403.3321772721,110601.30458198179,-453802.0275952903,301.98822613164424,435.45975413054254,1.0049907129489113,273
2291000,9164.000000031954,-564198.0061363154,110546.23735746567,-453651.76877884974,301.83786937489106,435.45975413054254,1.0049907129489113,273
2292000,9168.00000003277,-563828.7475827578,110650.8644385708,-453177.88314418704,302.1235454503016,435.45975413054254,1.0049907129489113,273
2293000,9172.000000033584,-564138.8227316644,110959.16655246163,-453179.6561792028,302.9653402992721,435.45975413054254,1.0049907129489113,273
2294000,9176.000000034399,-564980.3460216019,109267.82596785872,-455712.5200537432,298.34726689716234,435.45975413054254,1.0049907129489113,273
2295000,9180.000000035214,-565143.3948569237,110257.9032421665,-454885.4916147572,301.05059558692324,435.45975413054254,1.0049907129489113,273
2296000,9184.000000036029,-565680.9142616591,110230.2522453136,-455450.66201634554,300.9750966990762,435.45975413054254,1.0049907129489113,273
2297000,9188.000000036844,-564731.3970865342,109594.67288556253,-455136.72420097166,299.239696884919,435.45975413054254,1.0049907129489113,273
2298000,9192.000000037659,-564103.4800318768,110147.62202558928,-453955.85800628754,300.74948133609536,435.45975413054254,1.0049907129489113,273
2299000,9196.000000038473,-565483.6663548062,110560.34833277354,-454923.3180220326,301.8763982911486,435.45975413054254,1.0049907129489113,273
2300000,9200.000000039288,-563922.1533091129,110858.26689732797,-453063.8864117849,302.68984166942977,435.45975413054254,1.0049907129489113,273
2301000,9204.000000040103,-565823.9384917407,110307.24619521538,-455516.69229652535,301.1853226674007,435.45975413054254,1.0049907129489113,273
2302000,9208.000000040918,-565072.2253702418,110318.22530764359,-454754.0000625982,301.21530027660907,435.45975413054254,1.0049907129489113,273
2303000,9212.000000041733,-563682.4863779303,110211.99900533224,-453470.487372598,300.9252576525662,435.45975413054254,1.0049907129489113,273
2304000,9216.000000042548,-564993.9195449683,109282.14183075086,-455711.77771421743,298.3863552429706,435.45975413054254,1.0049907129489113,273
2305000,9220.000000043363,-564394.1462411638,110594.84188949526,-453799.3043516686,301.9705802544331,435.45975413054254,1.0049907129489113,273
2306000,9224.000000044178,-564508.1777294227,110154.21620604346,-454353.9615233792,300.7674862309352,435.45975413054254,1.0049907129489113,273
2307000,9228.000000044993,-566161.6663326831,110305.98281010822,-455855.68352257484,301.18187309301396,435.45975413054254,1.0049907129489113,273
2308000,9232.000000045808,-565081.7556949463,110140.75415713398,-454941.0015378123,300.7307291575387,435.45975413054254,1.0049907129489113,273
2309000,9236.000000046623,-564144.1505916836,109561.51700963503,-454582.6335820485,299.14916735459354,435.45975413054254,1.0049907129489113,273
2310000,9240.000000047437,-563760.6942481953,110583.75112139923,-453176.94312679605,301.94029777814205,435.45975413054254,1.0049907129489113,273
2311000,9244.000000048252,-564153.3835575916,110221.91658523172,-453931.46697235986,300.95233683009207,435.45975413054254,1.0049907129489113,273
2312000,9248.000000049067,-563783.3773131934,110495.72755932191,-453287.6497538715,301.6999563149922,435.45975413054254,1.0049907129489113,273
2313000,9252.000000049882,-563729.3633541022,109914.72038979881,-453814.64296430344,300.113561605118,435.45975413054254,1.0049907129489113,273
2314000,9256.000000050697,-565504.3299434525,110491.2677842814,-455013.0621591711,301.6877792474746,435.45975413054254,1.0049907129489113,273
2315000,9260.000000051512,-564389.7150901859,110020.32520989026,-454369.3898802956,300.4019073204863,435.45975413054254,1.0049907129489113,272
2316000,9264.000000052327,-564934.3685112298,110832.16864979069,-454102.19986143906,302.6185824423464,435.45975413054254,1.0049907129489113,273
2317000,9268.000000053142,-564333.4341995227,110448.50477250956,-453884.92942701315,301.57101818287566,435.45975413054254,1.0049907129489113,273
2318000,9272.000000053957,-563672.2028448824,111146.1683304609,-452526.0345144215,303.4759340525275,435.45975413054254,1.0049907129489113,273
2319000,9276.000000054772,-563888.8896782231,109634.5853334794,-454254.30434474366,299.34867470749117,435.45975413054254,1.0049907129489113,273
2320000,9280.000000055586,-564060.5144221792,110604.09964915877,-453456.4147730204,301.99585784432503,435.45975413054254,1.0049907129489113,273
2321000,9284.000000056401,-563889.5577835878,110680.79637822538,-453208.76140536246,302.20527227436696,435.45975413054254,1.0049907129489113,273
2322000,9288.000000057216,-564801.9480799041,109571.41892424459,-455230.5291556595,299.17620375926845,435.45975413054254,1.0049907129489113,273
2323000,9292.000000058031,-564029.2909974637,109915.69242620678,-454113.59857125697,300.1162156746309,435.45975413054254,1.0049907129489113,273
2324000,9296.000000058846,-564129.0267399908,110517.46712719239,-453611.5596127984,301.75931450758213,435.45975413054254,1.0049907129489113,273
2325000,9300.000000059661,-564378.3622288387,110581.54400858519,-453796.81822025357,301.9342714289403,435.45975413054254,1.0049907129489113,273
2326000,9304.000000060476,-565618.2763546077,110269.30541889126,-455348.9709357164,301.08172834015943,435.45975413054254,1.0049907129489113,273
2327000,9308.00000006129,-563517.9217096176,110371.76199990534,-453146.15970971226,301.3614780345495,435.45975413054254,1.0049907129489113,273
2328000,9312.000000062106,-564954.0219694679,110133.78892238712,-454820.23304708075,300.71171112792547,435.45975413054254,1.0049907129489113,273
2329000,9316.00000006292,-566293.0786130214,110005.50477084867,-456287.57384217274,300.36144126890065,435.45975413054254,1.0049907129489113,273
2330000,9320.000000063736,-563580.292868603,110429.2080492843,-453151.0848193187,301.518329986846,435.45975413054254,1.0049907129489113,273
2331000,9324.00000006455,-564211.5870113871,110895.41575362359,-453316.1712577635,302.79127372086833,435.45975413054254,1.0049907129489113,273
2332000,9328.000000065365,-565885.1456534187,110116.84085649787,-455768.30479692086,300.6654357573628,435.45975413054254,1.0049907129489113,273
2333000,9332.00000006618,-564336.1143533662,111292.11669076473,-453043.99766260147,303.8744346543202,435.45975413054254,1.0049907129489113,273
2334000,9336.000000066995,-564394.1255488005,110670.45733181611,-453723.66821698437,302.1770423154453,435.45975413054254,1.0049907129489113,273
2335000,9340.00000006781,-565042.5174205736,110274.66776720356,-454767.8496533701,301.0963698135204,435.45975413054254,1.0049907129489113,273
2336000,9344.000000068625,-564578.5079363533,111228.0243731818,-453350.4835631715,303.69943558565024,435.45975413054254,1.0049907129489113,273
2337000,9348.00000006944,-564608.9297844991,109591.53259889275,-455017.39718560636,299.2311225773687,435.45975413054254,1.0049907129489113,273
2338000,9352.000000070255,-563810.5860319613,110535.9580563691,-453274.62797559216,301.8098025458807,435.45975413054254,1.0049907129489113,273
2339000,9356.00000007107,-564453.4875114961,109873.00052874879,-454580.4869827473,299.9996487821131,435.45975413054254,1.0049907129489113,273
2340000,9360.000000071885,-565041.9976720321,110000.88528682175,-455041.11238521035,300.34882812846615,435.45975413054254,1.0049907129489113,272
2341000,9364.0000000727,-564394.1127056112,110529.66730475205,-453864.4454008591,301.79262613978807,435.45975413054254,1.0049907129489113,273
2342000,9368.000000073514,-563647.4329721378,109323.7470781923,-454323.6858939455,298.49995512246653,435.45975413054254,1.0049907129489113,273
2343000,9372.00000007433,-565024.5193748916,111241.58439008077,-453782.9349848109,303.73646015299244,435.45975413054254,1.0049907129489113,273
2344000,9376.000000075144,-565036.2737032156,110373.02933569119,-454663.24436752446,301.364938395956,435.45975413054254,1.0049907129489113,273
2345000,9380.00000007596,-566059.3316520229,109754.55596486907,-456304.7756871538,299.67624514889053,435.45975413054254,1.0049907129489113,273
2346000,9384.000000076774,-565482.9256954584,109617.29478271367,-455865.6309127448,299.3014642087153,435.45975413054254,1.0049907129489113,273
2347000,9388.000000077589,-565852.2085017087,110020.24096391862,-455831.9675377901,300.4016772934389,435.45975413054254,1.0049907129489113,273
2348000,9392.000000078404,-565014.7830214091,111043.77766591962,-453971.00535548944,303.19636433791953,435.45975413054254,1.0049907129489113,273
2349000,9396.000000079219,-565501.3186157206,109997.3979826509,-455503.9206330697,300.3393063167252,435.45975413054254,1.0049907129489113,273
2350000,9400.000000080034,-564635.8525664853,109182.60768502613,-455453.24488145916,298.1145850299469,435.45975413054254,1.0049907129489113,272
2351000,9404.000000080849,-564399.6255150251,110027.37926656153,-454372.2462484636,300.4211678714287,435.45975413054254,1.0049907129489113,273
2352000,9408.000000081664,-563878.2070565647,110806.45048768839,-453071.7565688763,302.5483610088652,435.45975413054254,1.0049907129489113,273
2353000,9412.000000082478,-564259.9629639825,110013.31714903889,-454246.6458149436,300.3827723575388,435.45975413054254,1.0049907129489113,273
2354000,9416.000000083293,-564344.7022708948,110481.17615441584,-453863.52611647896,301.6602248401067,435.45975413054254,1.0049907129489113,273
2355000,9420.000000084108,-563140.2821951434,110346.69886415795,-452793.58333098545,301.2930450993843,435.45975413054254,1.0049907129489113,272
2356000,9424.000000084923,-564170.995135732,110064.076978189,-454106.918157543,300.5213681075774,435.45975413054254,1.0049907129489113,273
2357000,9428.000000085738,-565055.3812373942,110950.4950584906,-454104.8861789036,302.9416634620764,435.45975413054254,1.0049907129489113,273
2358000,9432.000000086553,-562863.255289671,110442.57496754694,-452420.68032212404,301.55482731343943,435.45975413054254,1.0049907129489113,273
2359000,9436.000000087368,-564340.6378829917,110911.61228782544,-453429.02559516625,302.83549709284017,435.45975413054254,1.0049907129489113,273
2360000,9440.000000088183,-565627.8635221403,111165.48549648064,-454462.37802565965,303.5286780660113,435.45975413054254,1.0049907129489113,272
2361000,9444.000000088998,-563642.6822543568,110090.89463094476,-453551.78762341203,300.59459161443687,435.45975413054254,1.0049907129489113,273
2362000,9448.000000089813,-564162.7070934111,110775.3935954133,-453387.3134979978,302.4635625895087,435.45975413054254,1.0049907129489113,273
2363000,9452.000000090628,-563268.6434892714,110347.2014432092,-452921.4420460622,301.2944173522411,435.45975413054254,1.0049907129489113,272
2364000,9456.000000091442,-563795.5009959661,111026.47952849173,-452769.0214674744,303.149133124355,435.45975413054254,1.0049907129489113,273
2365000,9460.000000092257,-564461.3210723121,110571.77126286644,-453889.5498094456,301.907587709836,435.45975413054254,1.0049907129489113,272
2366000,9464.000000093072,-564021.3648365247,109986.1193331459,-454035.2455033788,300.30851084491724,435.45975413054254,1.0049907129489113,273
2367000,9468.000000093887,-563776.9721267279,110006.0264559667,-453770.9456707612,300.3628656893809,435.45975413054254,1.0049907129489113,273
2368000,9472.000000094702,-564124.0663285665,111293.27309615776,-452830.79323240876,303.8775921289508,435.45975413054254,1.0049907129489113,273
2369000,9476.000000095517,-564107.7361447252,109950.80574031937,-454156.93040440587,300.21208983707896,435.45975413054254,1.0049907129489113,273
2370000,9480.000000096332,-563315.7495203023,109662.50291597692,-453653.24660432537,299.4249014866253,435.45975413054254,1.0049907129489113,272
2371000,9484.000000097147,-562810.4077521516,110896.93879193437,-451913.4689602172,302.79543225805327,435.45975413054254,1.0049907129489113,272
2372000,9488.000000097962,-564188.1958782282,109906.00975363352,-454282.18612459465,300.08977789321716,435.45975413054254,1.0049907129489113,273
2373000,9492.000000098777,-565141.0262314365,111349.39688454615,-453791.6293468904,304.03083375085805,435.45975413054254,1.0049907129489113,272
2374000,9496.000000099591,-563592.3394328956,110378.46350276034,-453213.8759301353,301.37977596482483,435.45975413054254,1.0049907129489113,273
2375000,9500.000000100406,-564520.2068522503,110815.56427297718,-453704.6425792731,302.57324548796885,435.45975413054254,1.0049907129489113,272
2376000,9504.000000101221,-563891.0621791868,111009.73117558332,-452881.3310036035,303.1034030544923,435.45975413054254,1.0049907129489113,273
2377000,9508.000000102036,-564748.4598288164,109868.52402112796,-454879.9358076884,299.9874260275914,435.45975413054254,1.0049907129489113,273
2378000,9512.000000102851,-564020.5735433418,110007.11567836031,-454013.4578649815,300.36583972607747,435.45975413054254,1.0049907129489113,273
2379000,9516.000000103666,-563424.4798638145,110939.91652189032,-452484.5633419242,302.91277959388816,435.45975413054254,1.0049907129489113,273
2380000,9520.000000104481,-564745.880958207,109770.90177898156,-454974.9791792254,299.72087611800214,435.45975413054254,1.0049907129489113,272
2381000,9524.000000105296,-564927.7242308785,109980.69921355217,-454947.02501732635,300.2937116315832,435.45975413054254,1.0049907129489113,272
2382000,9528.00000010611,-564645.3857697234,109363.20419623808,-455282.1815734854,298.607689702379,435.45975413054254,1.0049907129489113,273
2383000,9532.000000106926,-564760.1618343825,109889.26000119522,-454870.9018331872,300.04404400204737,435.45975413054254,1.0049907129489113,272
2384000,9536.00000010774,-563855.1514408933,110839.10036636062,-453016.0510745327,302.63750895319464,435.45975413054254,1.0049907129489113,273
2385000,9540.000000108555,-565214.7902523163,110238.5990754487,-454976.1911768676,300.99788706701844,435.45975413054254,1.0049907129489113,272
2386000,9544.00000010937,-564133.4852927988,109456.6568790318,-454676.82841376704,298.86285495572554,435.45975413054254,1.0049907129489113,273
2387000,9548.000000110185,-563656.653559145,110961.94335266425,-452694.7102064808,302.9729221354058,435.45975413054254,1.0049907129489113,273
2388000,9552.000000111,-563210.1464273301,110354.05862561881,-452856.0878017113,301.3131403533844,435.45975413054254,1.0049907129489113,272
2389000,9556.000000111815,-564783.8162710704,109689.17301265488,-455094.6432584155,299.49772210313586,435.45975413054254,1.0049907129489113,273
2390000,9560.00000011263,-565297.0174340103,109698.00281964685,-455599.01461436343,299.52183120167376,435.45975413054254,1.0049907129489113,272
2391000,9564.000000113445,-564615.4259543889,110221.39700353809,-454394.0289508508,300.9509181528478,435.45975413054254,1.0049907129489113,273
2392000,9568.00000011426,-564970.5144733461,109663.33311479946,-455307.1813585466,299.42716827968616,435.45975413054254,1.0049907129489113,273
2393000,9572.000000115075,-564822.8076020167,110268.68935221352,-454554.1182498032,301.0800462181999,435.45975413054254,1.0049907129489113,272
2394000,9576.00000011589,-564952.1418921934,109976.96293733222,-454975.1789548611,300.2835100211025,435.45975413054254,1.0049907129489113,273
2395000,9580.000000116705,-564292.3644892806,110176.44948495511,-454115.9150043255,300.8281924629729,435.45975413054254,1.0049907129489113,272
2396000,9584.00000011752,-564664.0697410074,109864.8056033057,-454799.2641377017,299.9772731780712,435.45975413054254,1.0049907129489113,272
2397000,9588.000000118334,-565749.317141776,109289.17875495157,-456460.1383868244,298.40556901503976,435.45975413054254,1.0049907129489113,273
2398000,9592.00000011915,-564809.2614274849,109680.41240214805,-455128.84902533685,299.4738019401976,435.45975413054254,1.0049907129489113,272
2399000,9596.000000119964,-563033.6900721011,110039.1936680607,-452994.4964040404,300.4534261722238,435.45975413054254,1.0049907129489113,273
2400000,9600.000000120779,-563383.1201984044,109448.15722607455,-453934.9629723299,298.83964731700013,435.45975413054254,1.0049907129489113,272
2401000,9604.000000121594,-563780.6741842194,110170.45403232427,-453610.2201518952,300.81182234770444,435.45975413054254,1.0049907129489113,273
2402000,9608.000000122409,-563466.1238190918,110550.71876992472,-452915.4050491671,301.85010552169047,435.45975413054254,1.0049907129489113,273
2403000,9612.000000123224,-565489.7617896777,110061.57630479426,-455428.1854848834,300.51454021413196,435.45975413054254,1.0049907129489113,272
2404000,9616.000000124039,-564070.6828912417,110233.71881938376,-453836.964071858,300.9845619088959,435.45975413054254,1.0049907129489113,273
2405000,9620.000000124854,-564888.3080284027,110107.07798313437,-454781.23004526837,300.6387789939535,435.45975413054254,1.0049907129489113,272
2406000,9624.000000125669,-564861.8157990649,110625.49543497432,-454236.3203640906,302.0542773668574,435.45975413054254,1.0049907129489113,273
2407000,9628.000000126483,-564295.4036693401,110837.3461776182,-453458.0574917219,302.63271927780494,435.45975413054254,1.0049907129489113,273
2408000,9632.000000127298,-564073.0244328608,109456.81360950012,-454616.21082336066,298.86328289603136,435.45975413054254,1.0049907129489113,272
2409000,9636.000000128113,-564423.6962181916,110284.17327752188,-454139.5229406698,301.12232386723036,435.45975413054254,1.0049907129489113,273
2410000,9640.000000128928,-564152.097706431,109917.0081996099,-454235.0895068211,300.1198082911692,435.45975413054254,1.0049907129489113,272
2411000,9644.000000129743,-564748.6101384587,111150.99131098832,-453597.61882747035,303.48910282426715,435.45975413054254,1.0049907129489113,272
2412000,9648.000000130558,-564404.48257733,110488.6563172639,-453915.82626006607,301.68064884069327,435.45975413054254,1.0049907129489113,273
2413000,9652.000000131373,-564594.8277776334,110537.6237277214,-454057.20404991205,301.81435053144827,435.45975413054254,1.0049907129489113,272
2414000,9656.000000132188,-563474.2426022817,109850.84596334968,-453623.39663893206,299.93915747117535,435.45975413054254,1.0049907129489113,272
2415000,9660.000000133003,-563690.7106703445,110218.33695084829,-453472.37371949625,300.9425629179149,435.45975413054254,1.0049907129489113,272
2416000,9664.000000133818,-563060.3637749953,109779.29174401739,-453281.0720309779,299.7437842624228,435.45975413054254,1.0049907129489113,272
2417000,9668.000000134633,-563906.4725064365,110984.73340036467,-452921.7391060719,303.0351485811472,435.45975413054254,1.0049907129489113,273
2418000,9672.000000135447,-563563.8466363708,110726.38024132437,-452837.4663950464,302.32973545325547,435.45975413054254,1.0049907129489113,272
2419000,9676.000000136262,-563941.7340608202,110075.82093888812,-453865.91312193207,300.55343407526817,435.45975413054254,1.0049907129489113,273
2420000,9680.000000137077,-564189.3749935515,110515.96012868558,-453673.41486486595,301.75519976582956,435.45975413054254,1.0049907129489113,272
2421000,9684.000000137892,-563918.7146934583,110266.32511451631,-453652.389578942,301.0735908517733,435.45975413054254,1.0049907129489113,273
2422000,9688.000000138707,-564694.6388037722,110650.3481607879,-454044.29064298427,302.12213579412764,435.45975413054254,1.0049907129489113,273
2423000,9692.000000139522,-564350.8876921125,109921.80524469848,-454429.082447414,300.13290624821815,435.45975413054254,1.0049907129489113,273
2424000,9696.000000140337,-563986.1991189728,109893.50477962161,-454092.69433935115,300.0556340380976,435.45975413054254,1.0049907129489113,273
2425000,9700.000000141152,-564343.5624726363,110064.45955987327,-454279.1029127631,300.52241271699336,435.45975413054254,1.0049907129489113,272
2426000,9704.000000141967,-564429.8151088231,109813.27679255186,-454616.53831627127,299.8365777838077,435.45975413054254,1.0049907129489113,273
2427000,9708.000000142782,-564369.2162372298,109851.2577688368,-454517.95846839296,299.9402818739031,435.45975413054254,1.0049907129489113,273
2428000,9712.000000143596,-564025.9887193842,110789.87372747174,-453236.11499191244,302.503099459449,435.45975413054254,1.0049907129489113,273
2429000,9716.000000144411,-564059.6835793043,110062.62961677823,-453997.053962526,300.5174162002589,435.45975413054254,1.0049907129489113,273
2430000,9720.000000145226,-564238.4099296913,110588.0221859829,-453650.38774370844,301.9519595864923,435.45975413054254,1.0049907129489113,273
2431000,9724.000000146041,-564764.8287379909,111122.70332090277,-453642.12541708816,303.41186467613636,435.45975413054254,1.0049907129489113,273
2432000,9728.000000146856,-564711.089141117,110861.58369952487,-453849.5054415921,302.69889793884414,435.45975413054254,1.0049907129489113,273
2433000,9732.000000147671,-563816.5626975084,110349.8274329839,-453466.73526452447,301.301587412277,435.45975413054254,1.0049907129489113,273
2434000,9736.000000148486,-564841.1672978923,110838.41050034069,-454002.7567975516,302.63562532789365,435.45975413054254,1.0049907129489113,273
2435000,9740.0000001493,-562997.8210171093,110720.71143789269,-452277.10957921663,302.3142572281198,435.45975413054254,1.0049907129489113,273
2436000,9744.000000150116,-563767.1891748756,110994.9781300195,-452772.2110448561,303.06312101553533,435.45975413054254,1.0049907129489113,273
2437000,9748.00000015093,-563642.7303032256,109110.61950612871,-454532.11079709686,297.91802692848654,435.45975413054254,1.0049907129489113,273
2438000,9752.000000151746,-564556.3188380692,111308.26084252872,-453248.0579955405,303.91851500013564,435.45975413054254,1.0049907129489113,273
2439000,9756.00000015256,-564307.6758147171,109910.3951998559,-454397.28061486117,300.1017520117006,435.45975413054254,1.0049907129489113,273
2440000,9760.000000153375,-563995.6030025785,110024.3631163023,-453971.2398862762,300.4129325086545,435.45975413054254,1.0049907129489113,273
2441000,9764.00000015419,-564491.7651187452,109664.3354500446,-454827.42966870056,299.42990507780814,435.45975413054254,1.0049907129489113,273
2442000,9768.000000155005,-564743.7466312735,110638.61676883255,-454105.129862441,302.09010414441036,435.45975413054254,1.0049907129489113,273
2443000,9772.00000015582,-564329.4056773856,109296.49987254413,-455032.9058048415,298.4255587549749,435.45975413054254,1.0049907129489113,273
2444000,9776.000000156635,-565425.8864969853,110521.73376292491,-454904.1527340604,301.7709642233001,435.45975413054254,1.0049907129489113,273
2445000,9780.00000015745,-565802.4896091069,110253.31322774093,-455549.176381366,301.03806291093423,435.45975413054254,1.0049907129489113,273
2446000,9784.000000158265,-564519.2565733981,111412.38733457995,-453106.8692388182,304.2028242562218,435.45975413054254,1.0049907129489113,273
2447000,9788.00000015908,-564982.926568924,110925.53305096296,-454057.393517961,302.87350664961883,435.45975413054254,1.0049907129489113,273
2448000,9792.000000159895,-564542.5882680956,109746.35535230755,-454796.2329157881,299.6538540166158,435.45975413054254,1.0049907129489113,273
2449000,9796.00000016071,-565796.984425047,110044.9104527345,-455752.07397231244,300.46903540639465,435.45975413054254,1.0049907129489113,273
2450000,9800.000000161524,-565683.55901794,109709.66377359652,-455973.89524434344,299.5536705259166,435.45975413054254,1.0049907129489113,273
2451000,9804.00000016234,-565164.0851136902,110534.80663081387,-454629.27848287637,301.80665866830833,435.45975413054254,1.0049907129489113,273
2452000,9808.000000163154,-563539.408411413,109746.35747459694,-453793.050936816,299.65385981136126,435.45975413054254,1.0049907129489113,273
2453000,9812.00000016397,-564982.8991744737,110674.28090420994,-454308.6182702638,302.1874822813125,435.45975413054254,1.0049907129489113,273
2454000,9816.000000164784,-563397.8800918562,109903.71471724483,-453494.1653746114,300.08351147556004,435.45975413054254,1.0049907129489113,273
2455000,9820.000000165599,-564058.7889220356,109568.2202261634,-454490.5686958722,299.1674699639202,435.45975413054254,1.0049907129489113,273
2456000,9824.000000166414,-565106.6426913398,110449.67837056058,-454656.96432077925,301.5742226007165,435.45975413054254,1.0049907129489113,273
2457000,9828.000000167229,-565048.4052253985,110476.95465790923,-454571.45056748926,301.64869837352046,435.45975413054254,1.0049907129489113,273
2458000,9832.000000168044,-566599.4331742884,110155.40789319942,-456444.02528108895,300.7707400396646,435.45975413054254,1.0049907129489113,273
2459000,9836.000000168859,-563024.2916812035,109979.78944334353,-453044.50223786,300.2912275750656,435.45975413054254,1.0049907129489113,273
2460000,9840.000000169674,-563597.7299509095,110125.00484107179,-453472.7251098377,300.6877268797773,435.45975413054254,1.0049907129489113,273
2461000,9844.000000170488,-564441.3958921111,110739.82927267125,-453701.56661943987,302.36645698321377,435.45975413054254,1.0049907129489113,273
2462000,9848.000000171303,-564438.3864246104,109835.81353326415,-454602.57289134624,299.8981125945969,435.45975413054254,1.0049907129489113,273
2463000,9852.000000172118,-565352.3743471643,110781.76438963844,-454570.60995752586,302.4809575456927,435.45975413054254,1.0049907129489113,273
2464000,9856.000000172933,-564379.9948027637,110209.91578773918,-454170.0790150245,300.9195695895913,435.45975413054254,1.0049907129489113,273
2465000,9860.000000173748,-563375.9792612181,110381.53657326021,-452994.4426879579,301.38816674387164,435.45975413054254,1.0049907129489113,273
2466000,9864.000000174563,-563221.1407035901,110280.2647229011,-452940.875980689,301.11165186402815,435.45975413054254,1.0049907129489113,273
2467000,9868.000000175378,-564595.5516376304,109511.72463073983,-455083.8270068906,299.013213151935,435.45975413054254,1.0049907129489113,273
2468000,9872.000000176193,-564778.7471246589,109815.67596443366,-454963.07116022526,299.8431285352975,435.45975413054254,1.0049907129489113,273
2469000,9876.000000177008,-562788.3248152914,110199.28647240042,-452589.038342891,300.89054707402255,435.45975413054254,1.0049907129489113,273
2470000,9880.000000177823,-563235.8692281684,111019.65086612408,-452216.2183620443,303.1304879949593,435.45975413054254,1.0049907129489113,273
2471000,9884.000000178637,-564571.9195080916,109886.37055308983,-454685.5489550018,300.03615458961104,435.45975413054254,1.0049907129489113,273
2472000,9888.000000179452,-565367.4083241005,109744.7942667994,-455622.61405730114,299.64959159452934,435.45975413054254,1.0049907129489113,273
2473000,9892.000000180267,-562463.2852845876,109930.24251357725,-452533.0427710104,300.15594355208833,435.45975413054254,1.0049907129489113,273
2474000,9896.000000181082,-564731.5064569549,109854.32679964823,-454877.17965730664,299.948661622896,435.45975413054254,1.0049907129489113,273
2475000,9900.000000181897,-563245.5584524153,109881.26442324411,-453364.2940291712,300.0222127007668,435.45975413054254,1.0049907129489113,273
2476000,9904.000000182712,-563891.9503455115,109590.18042296497,-454301.7699225466,299.2274305665792,435.45975413054254,1.0049907129489113,273
2477000,9908.000000183527,-564398.8637556285,110071.34714168217,-454327.5166139463,300.5412187213227,435.45975413054254,1.0049907129489113,273
2478000,9912.000000184342,-563738.05451407,110780.23692419042,-452957.8175898796,302.4767869205553,435.45975413054254,1.0049907129489113,273
2479000,9916.000000185157,-563300.7422270793,110382.8300240389,-452917.91220304044,301.3916984102269,435.45975413054254,1.0049907129489113,273
2480000,9920.000000185972,-564412.4854560783,109916.23762923933,-454496.247826839,300.1177043089404,435.45975413054254,1.0049907129489113,273
2481000,9924.000000186787,-563435.247339109,111390.24664812197,-452045.000690987,304.14237084064905,435.45975413054254,1.0049907129489113,273
2482000,9928.000000187601,-564540.5637132181,110173.85760073329,-454366.7061124848,300.821115525486,435.45975413054254,1.0049907129489113,273
2483000,9932.000000188416,-564057.738975266,109855.9709756726,-454201.7679995934,299.95315091714906,435.45975413054254,1.0049907129489113,273
2484000,9936.000000189231,-564569.3263786188,110542.21642409498,-454027.10995452385,301.826890530287,435.45975413054254,1.0049907129489113,273
2485000,9940.000000190046,-563210.8803016888,111052.78170287726,-452158.09859881154,303.2209491577744,435.45975413054254,1.0049907129489113,273
2486000,9944.000000190861,-563614.646861223,109668.67117147689,-453945.97568974615,299.44174342663496,435.45975413054254,1.0049907129489113,273
2487000,9948.000000191676,-564347.6372824186,110023.020005573,-454324.61727684556,300.4092652496816,435.45975413054254,1.0049907129489113,273
2488000,9952.000000192491,-563622.7939395267,110094.38050631923,-453528.41343320743,300.6041095249609,435.45975413054254,1.0049907129489113,273
2489000,9956.000000193306,-564868.7216605693,111004.9341180416,-453863.7875425277,303.09030506344095,435.45975413054254,1.0049907129489113,273
2490000,9960.00000019412,-564174.7350986572,110970.02440936049,-453204.7106892967,302.9949868297255,435.45975413054254,1.0049907129489113,273
2491000,9964.000000194936,-564300.6212214562,109841.05243485817,-454459.56878659804,299.9124170063327,435.45975413054254,1.0049907129489113,273
2492000,9968.00000019575,-564778.8886710275,109545.52850846387,-455233.3601625636,299.10551200056835,435.45975413054254,1.0049907129489113,273
2493000,9972.000000196565,-563827.3153686286,109871.33644329905,-453955.9789253295,299.9951051267286,435.45975413054254,1.0049907129489113,273
2494000,9976.00000019738,-564285.7713576755,110775.71809890063,-453510.0532587749,302.4644486209428,435.45975413054254,1.0049907129489113,273
2495000,9980.000000198195,-564351.0833084695,109726.97596817743,-454624.1073402921,299.60094012143986,435.45975413054254,1.0049907129489113,273
2496000,9984.00000019901,-564599.057029421,110068.7640778611,-454530.2929515599,300.53416586725143,435.45975413054254,1.0049907129489113,273
2497000,9988.000000199825,-564540.8163779103,110000.37835174869,-454540.43802616163,300.3474439818319,435.45975413054254,1.0049907129489113,273
2498000,9992.00000020064,-564329.4201143188,110115.37710110127,-454214.04301321757,300.66143908754606,435.45975413054254,1.0049907129489113,273
2499000,9996.000000201455,-564390.6786057386,110513.19954810268,-453877.4790576359,301.74766221610105,435.45975413054254,1.0049907129489113,273
2500000,10000.00000020227,-563619.5688370392,109189.12498204387,-454430.4438549953,298.1323800005668,435.45975413054254,1.0049907129489113,272
2501000,10004.000000203085,-562950.5491886572,110482.7539697939,-452467.7952188633,301.66453294179666,435.45975413054254,1.0049907129489113,273
2502000,10008.0000002039,-563822.4445274258,109688.08815218299,-454134.3563752428,299.49475997632595,435.45975413054254,1.0049907129489113,273
2503000,10012.000000204715,-565992.9156126138,110342.47167912647,-455650.4439334873,301.2815031007251,435.45975413054254,1.0049907129489113,272
2504000,10016.00000020553,-564134.6692469767,110009.93741518242,-454124.7318317943,300.3735442581418,435.45975413054254,1.0049907129489113,273
2505000,10020.000000206344,-565043.684422201,109908.69941313006,-455134.98500907095,300.09712179845707,435.45975413054254,1.0049907129489113,272
2506000,10024.00000020716,-564391.8627175116,109480.89317092276,-454910.96954658884,298.9290302583029,435.45975413054254,1.0049907129489113,273
2507000,10028.000000207974,-564962.9091591379,109585.27881092764,-455377.6303482102,299.2140470976415,435.45975413054254,1.0049907129489113,273
2508000,10032.000000208789,-564133.7687196634,110553.30855595395,-453580.4601637094,301.85717673022623,435.45975413054254,1.0049907129489113,272
2509000,10036.000000209604,-564842.2230909644,110792.20550055831,-454050.01759040606,302.5094661837911,435.45975413054254,1.0049907129489113,273
2510000,10040.000000210419,-563706.4466002453,110302.70485607276,-453403.7417441725,301.17292289547106,435.45975413054254,1.0049907129489113,272
2511000,10044.000000211234,-564903.9679757054,110907.9736954763,-453995.9942802291,302.82556220054136,435.45975413054254,1.0049907129489113,273
2512000,10048.000000212049,-564175.9327957993,110341.51747157227,-453834.41532422707,301.27889771150535,435.45975413054254,1.0049907129489113,273
2513000,10052.000000212864,-564652.1398455338,110921.36710656853,-453730.7727389652,302.86213186373726,435.45975413054254,1.0049907129489113,273
2514000,10056.000000213679,-564823.5927348132,110214.0680410004,-454609.5246938128,300.9309069929025,435.45975413054254,1.0049907129489113,273
2515000,10060.000000214493,-564784.2461078772,109389.90126456923,-455394.344843308,298.6805839628826,435.45975413054254,1.0049907129489113,272
2516000,10064.000000215308,-565123.2884265715,109754.96908128558,-455368.31934528594,299.6773731310086,435.45975413054254,1.0049907129489113,273
2517000,10068.000000216123,-564169.2999815056,109830.76382179279,-454338.5361597128,299.8843247517186,435.45975413054254,1.0049907129489113,273
2518000,10072.000000216938,-564370.2153997207,110165.95831827959,-454204.2570814411,300.7995471515422,435.45975413054254,1.0049907129489113,273
2519000,10076.000000217753,-564554.9705637908,110262.61927744921,-454292.35128634155,301.0634723530228,435.45975413054254,1.0049907129489113,273
2520000,10080.000000218568,-564263.5905704862,109829.82337419968,-454433.76719628647,299.88175693299814,435.45975413054254,1.0049907129489113,272
2521000,10084.000000219383,-564844.6224129819,110241.17040239292,-454603.452010589,301.0049078744639,435.45975413054254,1.0049907129489113,273
2522000,10088.000000220198,-563820.282032832,110038.67847652239,-453781.60355630965,300.4520194819559,435.45975413054254,1.0049907129489113,273
2523000,10092.000000221013,-564021.8136714487,109935.4279594014,-454086.38571204734,300.17010200701844,435.45975413054254,1.0049907129489113,273
2524000,10096.000000221828,-563408.3799421336,111277.59895526414,-452130.7809868694,303.8347951111174,435.45975413054254,1.0049907129489113,273
2525000,10100.000000222642,-564736.4190048291,110548.34200068173,-454188.0770041474,301.8436159388566,435.45975413054254,1.0049907129489113,273
2526000,10104.000000223457,-563662.711151097,110076.4041352112,-453586.3070158858,300.5550264472909,435.45975413054254,1.0049907129489113,273
2527000,10108.000000224272,-563422.1564523531,109795.01615225733,-453627.1403000958,299.78671853132045,435.45975413054254,1.0049907129489113,273
2528000,10112.000000225087,-563993.8399738474,110378.63565802178,-453615.2043158256,301.3802460213239,435.45975413054254,1.0049907129489113,273
2529000,10116.000000225902,-563410.3480751496,110322.4749374623,-453087.8731376873,301.22690355900727,435.45975413054254,1.0049907129489113,273
2530000,10120.000000226717,-563106.4372253022,110627.13473215827,-452479.30249314394,302.0587533398177,435.45975413054254,1.0049907129489113,272
2531000,10124.000000227532,-565284.1306157452,110988.75051461137,-454295.38010113384,303.04611699793145,435.45975413054254,1.0049907129489113,273
2532000,10128.000000228347,-564548.9062496102,109928.80115829268,-454620.10509131756,300.1520080440285,435.45975413054254,1.0049907129489113,273
2533000,10132.000000229162,-564973.6191481133,109879.53326796577,-455094.0858801475,300.0174859164523,435.45975413054254,1.0049907129489113,273
2534000,10136.000000229977,-564617.2035230431,109834.37020145729,-454782.8333215858,299.89417168979725,435.45975413054254,1.0049907129489113,273
2535000,10140.000000230792,-563940.8446212015,110441.44752478099,-453499.3970964205,301.55174891900054,435.45975413054254,1.0049907129489113,272
2536000,10144.000000231606,-563825.2934778966,111078.39813441469,-452746.8953434819,303.2908928238916,435.45975413054254,1.0049907129489113,273
2537000,10148.000000232421,-564549.945311734,109725.28269718471,-454824.6626145493,299.5963167772091,435.45975413054254,1.0049907129489113,273
2538000,10152.000000233236,-566135.984232883,109994.69112605695,-456141.293106826,300.3319154561536,435.45975413054254,1.0049907129489113,273
2539000,10156.000000234051,-563081.0134477695,110483.66272680162,-452597.35072096786,301.6670142318482,435.45975413054254,1.0049907129489113,273
2540000,10160.000000234866,-564631.2290333742,110786.27069181463,-453844.9583415596,302.4932616519214,435.45975413054254,1.0049907129489113,272
2541000,10164.000000235681,-563748.1398028666,109685.59190692438,-454062.54789594223,299.4879441735605,435.45975413054254,1.0049907129489113,273
2542000,10168.000000236496,-563413.17888636,110086.38507967471,-453326.7938066853,300.58227863681117,435.45975413054254,1.0049907129489113,273
2543000,10172.00000023731,-563442.4217467983,109675.64323447132,-453766.778512327,299.4607801002449,435.45975413054254,1.0049907129489113,272
2544000,10176.000000238126,-563971.6986804362,109877.97547659156,-454093.7232038447,300.01323248874127,435.45975413054254,1.0049907129489113,273
2545000,10180.00000023894,-565026.5172968716,109515.48973921355,-455511.0275576581,299.0234934866333,435.45975413054254,1.0049907129489113,272
2546000,10184.000000239756,-564375.9443927123,110897.98948874802,-453477.9549039643,302.79830110366186,435.45975413054254,1.0049907129489113,273
2547000,10188.00000024057,-565011.9814921059,110339.15356265409,-454672.82792945177,301.2724432427842,435.45975413054254,1.0049907129489113,273
2548000,10192.000000241385,-565384.971795884,109292.93093961992,-456092.04085626407,298.41581406229665,435.45975413054254,1.0049907129489113,273
2549000,10196.0000002422,-564069.5428244416,110745.00502876367,-453324.5377956779,302.380588981088,435.45975413054254,1.0049907129489113,273
2550000,10200.000000243015,-564491.74654582,110867.50226738834,-453624.2442784317,302.7150581262586,435.45975413054254,1.0049907129489113,273
2551000,10204.00000024383,-565357.2812753147,110003.46460386203,-455353.8166714527,300.35587075224504,435.45975413054254,1.0049907129489113,273
2552000,10208.000000244645,-565061.5916300914,109892.70418237976,-455168.88744771166,300.0534480698414,435.45975413054254,1.0049907129489113,273
2553000,10212.00000024546,-565564.0766923772,111005.5485955904,-454558.5280967868,303.09198284640803,435.45975413054254,1.0049907129489113,273
2554000,10216.000000246275,-564192.361173349,110348.07487825735,-453844.2862950916,301.29680219844005,435.45975413054254,1.0049907129489113,273
2555000,10220.00000024709,-564373.8376121544,109988.00177337135,-454385.83583878307,300.3136507009671,435.45975413054254,1.0049907129489113,273
2556000,10224.000000247905,-563876.3573142933,110695.81240369496,-453180.5449105983,302.2462723594224,435.45975413054254,1.0049907129489113,273
2557000,10228.00000024872,-564702.7735751034,109268.43874678604,-455434.33482831734,298.348940042176,435.45975413054254,1.0049907129489113,273
2558000,10232.000000249534,-565013.1443440067,110311.40366359742,-454701.74068040925,301.19667431019224,435.45975413054254,1.0049907129489113,273
2559000,10236.00000025035,-563314.8698653476,110581.11305259168,-452733.75681275595,301.93309473725014,435.45975413054254,1.0049907129489113,273
2560000,10240.000000251164,-564565.6501426101,110238.39490577235,-454327.2552368377,300.9973295976593,435.45975413054254,1.0049907129489113,273
2561000,10244.00000025198,-564310.2862596908,110021.66822286311,-454288.61803682765,300.4055743125429,435.45975413054254,1.0049907129489113,273
2562000,10248.000000252794,-563657.6895751576,110608.8868667758,-453048.8027083818,302.0089289682303,435.45975413054254,1.0049907129489113,273
2563000,10252.000000253609,-564298.382894971,109601.17558201775,-454697.2073129532,299.257451989843,435.45975413054254,1.0049907129489113,273
2564000,10256.000000254424,-565790.4378363835,110706.12224248362,-455084.31559389987,302.27442256921654,435.45975413054254,1.0049907129489113,273
2565000,10260.000000255239,-564733.6450563506,110202.21614201611,-454531.4289143345,300.8985463081522,435.45975413054254,1.0049907129489113,273
2566000,10264.000000256054,-563866.2914143489,110169.22365405242,-453697.06776029646,300.8084628959042,435.45975413054254,1.0049907129489113,273
2567000,10268.000000256869,-564964.8000329202,109680.04996918014,-455284.75006374007,299.4728123452783,435.45975413054254,1.0049907129489113,273
2568000,10272.000000257683,-563328.1776934844,110031.26005478727,-453296.9176386971,300.4317640606573,435.45975413054254,1.0049907129489113,273
2569000,10276.000000258498,-564470.7128481059,111282.19214360858,-453188.52070449735,303.8473364532441,435.45975413054254,1.0049907129489113,273
2570000,10280.000000259313,-564825.943628686,110034.87394898466,-454791.06967970135,300.4416315165813,435.45975413054254,1.0049907129489113,273
2571000,10284.000000260128,-563827.2544990117,109423.25824679856,-454403.99625221314,298.7716625982623,435.45975413054254,1.0049907129489113,273
2572000,10288.000000260943,-564878.3927906128,110410.4113558539,-454467.98143475887,301.46700708312767,435.45975413054254,1.0049907129489113,273
2573000,10292.000000261758,-565628.4465381554,110176.89386480476,-455451.55267335067,300.82940580745407,435.45975413054254,1.0049907129489113,273
2574000,10296.000000262573,-564690.3416546187,110024.14791053976,-454666.193744079,300.4123449061237,435.45975413054254,1.0049907129489113,273
2575000,10300.000000263388,-565061.2056150544,110848.67790864594,-454212.5277064084,302.66365968456597,435.45975413054254,1.0049907129489113,272
2576000,10304.000000264203,-563592.289794283,110206.79159285227,-453385.4982014307,300.91103921939754,435.45975413054254,1.0049907129489113,273
2577000,10308.000000265018,-564495.3163271984,109854.26989415706,-454641.04643304134,299.94850624689565,435.45975413054254,1.0049907129489113,273
2578000,10312.000000265833,-564383.6281146426,110429.07306453757,-453954.555050105,301.517961421535,435.45975413054254,1.0049907129489113,272
2579000,10316.000000266647,-564581.9882358108,110012.6081152765,-454569.3801205343,300.38083639621374,435.45975413054254,1.0049907129489113,273
2580000,10320.000000267462,-563440.0537713729,109636.45778167484,-453803.5959896981,299.3537872810833,435.45975413054254,1.0049907129489113,272
2581000,10324.000000268277,-563358.1929944204,109968.3737789841,-453389.81921543635,300.26005799489616,435.45975413054254,1.0049907129489113,273
2582000,10328.000000269092,-565364.9165719463,110396.71680138141,-454968.1997705649,301.42961517144596,435.45975413054254,1.0049907129489113,273
2583000,10332.000000269907,-563661.5642334488,111215.70569240837,-452445.85854104045,303.6658003896721,435.45975413054254,1.0049907129489113,272
2584000,10336.000000270722,-565705.7726712911,110347.04678834983,-455358.7258829413,301.29399507922346,435.45975413054254,1.0049907129489113,273
2585000,10340.000000271537,-563202.5006025867,110217.1177555424,-452985.38284704427,300.9392340003301,435.45975413054254,1.0049907129489113,272
2586000,10344.000000272352,-564192.3868160006,110310.4028356995,-453881.98398030107,301.19394162776416,435.45975413054254,1.0049907129489113,272
2587000,10348.000000273167,-564367.2562315497,110441.26117315347,-453925.9950583962,301.55124010043244,435.45975413054254,1.0049907129489113,272
2588000,10352.000000273982,-564414.6214909633,111489.03955264157,-452925.5819383217,304.41211715244003,435.45975413054254,1.0049907129489113,272
2589000,10356.000000274797,-565089.4230555883,111349.47495173651,-453739.94810385176,304.03104690722563,435.45975413054254,1.0049907129489113,272
2590000,10360.000000275611,-564233.6265072934,110288.56546402792,-453945.0610432655,301.1343163895321,435.45975413054254,1.0049907129489113,272
2591000,10364.000000276426,-564235.8540841592,110205.86895768536,-454029.9851264739,300.908520036116,435.45975413054254,1.0049907129489113,272
2592000,10368.000000277241,-564258.1026366446,110614.32979585766,-453643.77284078696,302.02379046109064,435.45975413054254,1.0049907129489113,273
2593000,10372.000000278056,-564507.8336877692,110041.85686309001,-454465.97682467924,300.4606978183024,435.45975413054254,1.0049907129489113,272
2594000,10376.000000278871,-564185.1631633546,110330.00417284132,-453855.1589905133,301.24746154830797,435.45975413054254,1.0049907129489113,272
2595000,10380.000000279686,-564341.2370081278,110727.86147655547,-453613.3755315724,302.3337798503954,435.45975413054254,1.0049907129489113,272
2596000,10384.0000002805,-564368.8870134703,110620.04672312806,-453748.8402903422,302.03940008461035,435.45975413054254,1.0049907129489113,272
2597000,10388.000000281316,-564576.7727093613,109922.81299541052,-454653.95971395075,300.13565783284963,435.45975413054254,1.0049907129489113,273
2598000,10392.00000028213,-564702.895020349,110159.78074080462,-454543.11427954433,300.7826797586076,435.45975413054254,1.0049907129489113,272
2599000,10396.000000282946,-565028.7312852852,110417.64952852734,-454611.08175675786,301.4867703484377,435.45975413054254,1.0049907129489113,272
2600000,10400.00000028376,-563764.2638611374,110109.01203608347,-453655.25182505394,300.6440597745153,435.45975413054254,1.0049907129489113,272
2601000,10404.000000284575,-564636.2331518903,110721.1965174365,-453915.0366344538,302.31558169993787,435.45975413054254,1.0049907129489113,272
2602000,10408.00000028539,-563548.444939517,110168.29409577732,-453380.1508437396,300.80592480961633,435.45975413054254,1.0049907129489113,273
2603000,10412.000000286205,-563489.3062568405,110186.3189681081,-453302.9872887324,300.8551403160879,435.45975413054254,1.0049907129489113,272
2604000,10416.00000028702,-564608.2222635685,110833.26999102213,-453774.9522725464,302.6215895685833,435.45975413054254,1.0049907129489113,272
2605000,10420.000000287835,-565742.0159022002,109643.30053500234,-456098.7153671979,299.3724708847446,435.45975413054254,1.0049907129489113,272
2606000,10424.00000028865,-563387.2070208169,110523.33328226616,-452863.8737385507,301.77533158596685,435.45975413054254,1.0049907129489113,272
2607000,10428.000000289465,-565942.2009362942,109734.21023916127,-456207.9906971329,299.62069273349107,435.45975413054254,1.0049907129489113,272
2608000,10432.00000029028,-564101.4615255254,109830.51233505132,-454270.9491904741,299.88363808680776,435.45975413054254,1.0049907129489113,272
2609000,10436.000000291095,-563809.548267284,110246.53691427817,-453563.0113530058,301.01956071613586,435.45975413054254,1.0049907129489113,272
2610000,10440.00000029191,-564587.82049216,109933.32382856021,-454654.49666359986,300.1643568420524,435.45975413054254,1.0049907129489113,272
2611000,10444.000000292725,-563907.9010493583,110410.7099376593,-453497.191111699,301.4678223374333,435.45975413054254,1.0049907129489113,272
2612000,10448.00000029354,-564985.1027239538,110655.26625355938,-454329.8364703944,302.1355642624231,435.45975413054254,1.0049907129489113,272
2613000,10452.000000294354,-565326.5012371335,110657.63318376003,-454668.8680533735,302.1420269805201,435.45975413054254,1.0049907129489113,272
2614000,10456.00000029517,-565626.7325716312,109812.53410432453,-455814.1984673067,299.8345499315939,435.45975413054254,1.0049907129489113,272
2615000,10460.000000295984,-565155.8557147481,110572.72195142996,-454583.1337633182,301.9101834907265,435.45975413054254,1.0049907129489113,272
2616000,10464.000000296799,-564752.011369267,109930.88998862664,-454821.12138064037,300.1577114321542,435.45975413054254,1.0049907129489113,272
2617000,10468.000000297614,-565142.5921998825,110195.78037156764,-454946.81182831485,300.8809739394639,435.45975413054254,1.0049907129489113,272
2618000,10472.000000298429,-564674.2842245474,109854.0358954386,-454820.2483291088,299.94786733166615,435.45975413054254,1.0049907129489113,272
2619000,10476.000000299244,-563763.6551997024,110081.87876344961,-453681.77643625275,300.56997449222314,435.45975413054254,1.0049907129489113,272
2620000,10480.000000300059,-564266.478848381,109990.64558923578,-454275.8332591452,300.32086943374907,435.45975413054254,1.0049907129489113,272
2621000,10484.000000300874,-564173.9846029207,110349.207310842,-453824.7772920787,301.2998942171892,435.45975413054254,1.0049907129489113,272
2622000,10488.000000301688,-563774.693956668,109431.60871667403,-454343.085239994,298.7944629042315,435.45975413054254,1.0049907129489113,272
2623000,10492.000000302503,-563720.2445031758,109985.67736492632,-453734.5671382495,300.3073040852036,435.45975413054254,1.0049907129489113,272
2624000,10496.000000303318,-564593.1228615954,109565.56951747346,-455027.5533441219,299.1602324108164,435.45975413054254,1.0049907129489113,272
2625000,10500.000000304133,-565314.1323473053,109675.54424412316,-455638.58810318215,299.4605098148287,435.45975413054254,1.0049907129489113,272
2626000,10504.000000304948,-563641.3586071585,109429.48088766052,-454211.877719498,298.78865303325637,435.45975413054254,1.0049907129489113,272
2627000,10508.000000305763,-563977.4731490756,111122.84300106642,-452854.6301480092,303.41224606191656,435.45975413054254,1.0049907129489113,272
2628000,10512.000000306578,-564687.6147109237,110362.00000481511,-454325.61470610864,301.33482366919696,435.45975413054254,1.0049907129489113,272
2629000,10516.000000307393,-563876.939739109,110277.86790907488,-453599.07183003414,301.10510755102496,435.45975413054254,1.0049907129489113,272
2630000,10520.000000308208,-564523.6350169806,110638.5906303993,-453885.0443865813,302.0900327754593,435.45975413054254,1.0049907129489113,272
2631000,10524.000000309023,-564344.7883565896,110762.5403196206,-453582.248036969,302.428467723573,435.45975413054254,1.0049907129489113,272
2632000,10528.000000309838,-564247.9932646388,109320.84533394506,-454927.14793069375,298.492032136375,435.45975413054254,1.0049907129489113,272
2633000,10532.000000310652,-563261.9405927439,109978.04144251079,-453283.89915023313,300.2864547952802,435.45975413054254,1.0049907129489113,272
2634000,10536.000000311467,-564745.5491867205,109872.84789184877,-454872.70129487175,299.9992320189759,435.45975413054254,1.0049907129489113,272
2635000,10540.000000312282,-564510.4823984718,110063.63325907406,-454446.84913939773,300.5201565671808,435.45975413054254,1.0049907129489113,272
2636000,10544.000000313097,-566170.2834177609,110144.75849404896,-456025.5249237119,300.7416626868163,435.45975413054254,1.0049907129489113,272
2637000,10548.000000313912,-563538.2636439865,109834.56993349269,-453703.69371049386,299.89471704252435,435.45975413054254,1.0049907129489113,272
2638000,10552.000000314727,-564446.2698769933,110343.1639533969,-454103.10592359636,301.283393301566,435.45975413054254,1.0049907129489113,272
2639000,10556.000000315542,-563057.7991985087,110222.5473104571,-452835.2518880516,300.9540589760713,435.45975413054254,1.0049907129489113,272
2640000,10560.000000316357,-563852.3098482545,109401.73993666773,-454450.5699115868,298.7129085326541,435.45975413054254,1.0049907129489113,272
2641000,10564.000000317172,-563895.9978037402,110312.41371232888,-453583.5840914113,301.19943216938634,435.45975413054254,1.0049907129489113,272
2642000,10568.000000317987,-564672.7562834569,110995.75704349746,-453676.99923995946,303.0652477779674,435.45975413054254,1.0049907129489113,272
2643000,10572.000000318802,-564871.0801815828,109934.4213558663,-454936.6588257165,300.16735355466403,435.45975413054254,1.0049907129489113,272
2644000,10576.000000319616,-564306.5112869004,110430.47815126216,-453876.0331356382,301.5217979011238,435.45975413054254,1.0049907129489113,272
2645000,10580.000000320431,-565171.0143403127,110596.69501882617,-454574.3193214865,301.9756400793741,435.45975413054254,1.0049907129489113,272
2646000,10584.000000321246,-563921.3841632893,111129.65693765634,-452791.727225633,303.43085098372603,435.45975413054254,1.0049907129489113,272
2647000,10588.000000322061,-563633.6811715444,109908.01276566298,-453725.6684058814,300.0952469611633,435.45975413054254,1.0049907129489113,272
2648000,10592.000000322876,-563723.5590223768,109891.31738844546,-453832.2416339313,300.0496615372881,435.45975413054254,1.0049907129489113,272
2649000,10596.000000323691,-564804.7606467004,110449.25809805293,-454355.50254864746,301.5730750794503,435.45975413054254,1.0049907129489113,272
2650000,10600.000000324506,-565211.8194247917,110369.82441637087,-454841.99500842084,301.35618761400013,435.45975413054254,1.0049907129489113,272
2651000,10604.00000032532,-565189.5897930581,109916.59342170012,-455272.996371358,300.1186757724734,435.45975413054254,1.0049907129489113,272
2652000,10608.000000326136,-565046.5062899762,109947.71777090547,-455098.7885190707,300.2036583777107,435.45975413054254,1.0049907129489113,272
2653000,10612.00000032695,-564405.5645347754,110789.14232536417,-453616.4222094113,302.501102423104,435.45975413054254,1.0049907129489113,272
2654000,10616.000000327766,-564126.8480202039,109776.75491476862,-454350.09310543525,299.7368576482411,435.45975413054254,1.0049907129489113,272
2655000,10620.00000032858,-563318.56160828,110354.52471090015,-452964.0368973799,301.314412962852,435.45975413054254,1.0049907129489113,272
2656000,10624.000000329395,-563444.3235752592,110050.4857996019,-453393.8377756573,300.4842584556789,435.45975413054254,1.0049907129489113,272
2657000,10628.00000033021,-563834.9366310295,110424.73270129468,-453410.20392973477,301.50611039860684,435.45975413054254,1.0049907129489113,272
2658000,10632.000000331025,-564574.7322882619,110678.74126387376,-453895.9910243881,302.19966094509834,435.45975413054254,1.0049907129489113,272
2659000,10636.00000033184,-563656.4534663539,110735.98963009648,-452920.46383625746,302.35597313897233,435.45975413054254,1.0049907129489113,272
2660000,10640.000000332655,-564714.2316459599,109369.83185894229,-455344.3997870176,298.6257860178882,435.45975413054254,1.0049907129489113,272
2661000,10644.00000033347,-563899.7080838508,109439.62827244564,-454460.07981140516,298.8163596750787,435.45975413054254,1.0049907129489113,272
2662000,10648.000000334285,-563772.1591121834,110699.27787105308,-453072.8812411303,302.2557345474513,435.45975413054254,1.0049907129489113,272
2663000,10652.0000003351,-564383.2348936098,108929.77221109369,-455453.4626825161,297.4242375104073,435.45975413054254,1.0049907129489113,272
2664000,10656.000000335915,-565210.7632879997,110821.50474982016,-454389.2585381795,302.58946549614114,435.45975413054254,1.0049907129489113,272
2665000,10660.00000033673,-564701.69403143,110398.83650562452,-454302.8575258054,301.43540285836997,435.45975413054254,1.0049907129489113,272
2666000,10664.000000337544,-564831.0062853089,109938.79041947056,-454892.2158658383,300.1792829416879,435.45975413054254,1.0049907129489113,272
2667000,10668.00000033836,-563608.3048832496,110419.78110646887,-453188.5237767807,301.492590455568,435.45975413054254,1.0049907129489113,272
2668000,10672.000000339174,-564714.2921902547,110244.18528301464,-454470.10690724,301.0131397705921,435.45975413054254,1.0049907129489113,272
2669000,10676.00000033999,-564361.9880256308,110860.39211517881,-453501.595910452,302.6956444108291,435.45975413054254,1.0049907129489113,272
2670000,10680.000000340804,-564812.0224717171,110619.04393998114,-454192.97853173595,302.0366620635275,435.45975413054254,1.0049907129489113,272
2671000,10684.000000341619,-564552.4519716264,109874.57433514722,-454677.87763647916,300.0039459375972,435.45975413054254,1.0049907129489113,272
2672000,10688.000000342434,-565458.1855225512,109416.14142558174,-456042.0440969694,298.7522306736292,435.45975413054254,1.0049907129489113,272
2673000,10692.000000343249,-563855.0113371178,111138.96731333795,-452716.0440237798,303.45627223754695,435.45975413054254,1.0049907129489113,272
2674000,10696.000000344064,-564439.2631031997,110069.84136898164,-454369.421734218,300.5371073265385,435.45975413054254,1.0049907129489113,272
2675000,10700.000000344879,-564352.1654354278,111141.96793123637,-453210.1975041914,303.46446519042274,435.45975413054254,1.0049907129489113,272
2676000,10704.000000345693,-564036.9746150929,109818.31370230648,-454218.6609127864,299.85033067259803,435.45975413054254,1.0049907129489113,272
2677000,10708.000000346508,-564659.1149413888,109905.12725160038,-454753.98768978845,300.08736829032364,435.45975413054254,1.0049907129489113,272
2678000,10712.000000347323,-564472.0448919493,110023.56635342055,-454448.4785385287,300.4107570098191,435.45975413054254,1.0049907129489113,272
2679000,10716.000000348138,-564929.0485097454,110332.66206087393,-454596.38644887146,301.25471870404635,435.45975413054254,1.0049907129489113,272
2680000,10720.000000348953,-565580.5482516354,110812.81878055166,-454767.72947108373,302.56574913527595,435.45975413054254,1.0049907129489113,272
2681000,10724.000000349768,-564223.9435627875,111178.30854078138,-453045.6350220061,303.56369038721874,435.45975413054254,1.0049907129489113,272
2682000,10728.000000350583,-563780.3549295645,110794.98227548914,-452985.3726540754,302.5170479509221,435.45975413054254,1.0049907129489113,272
2683000,10732.000000351398,-564223.4658338483,109885.40247060207,-454338.06336324627,300.0335113159685,435.45975413054254,1.0049907129489113,272
2684000,10736.000000352213,-563777.9871101719,110586.9722470576,-453191.01486311434,301.94909281023865,435.45975413054254,1.0049907129489113,272
2685000,10740.000000353028,-564043.6309845466,110308.45949317113,-453735.1714913755,301.18863548273157,435.45975413054254,1.0049907129489113,272
2686000,10744.000000353843,-564277.4198498791,110093.49597693473,-454183.9238729444,300.6016943865428,435.45975413054254,1.0049907129489113,272
2687000,10748.000000354657,-563291.9489827962,110378.72722078837,-452913.2217620078,301.3804960263086,435.45975413054254,1.0049907129489113,272
2688000,10752.000000355472,-565310.5616025091,110989.70227484641,-454320.85932766274,303.04871570493736,435.45975413054254,1.0049907129489113,272
2689000,10756.000000356287,-563727.3404040793,111395.13057636964,-452332.20982770965,304.15570602537986,435.45975413054254,1.0049907129489113,272
2690000,10760.000000357102,-562993.5956062232,109960.15953902344,-453033.4360671998,300.2376296540722,435.45975413054254,1.0049907129489113,272
2691000,10764.000000357917,-563711.4530305895,110225.88348318904,-453485.56954740046,300.96316813521906,435.45975413054254,1.0049907129489113,272
2692000,10768.000000358732,-564754.7281929082,110919.14018518763,-453835.5880077206,302.8560514287904,435.45975413054254,1.0049907129489113,272
2693000,10772.000000359547,-562949.4160388447,110442.3976437638,-452507.01839508093,301.55434314469545,435.45975413054254,1.0049907129489113,272
2694000,10776.000000360362,-564041.594480542,111160.31539548008,-452881.2790850619,303.5145615089238,435.45975413054254,1.0049907129489113,272
2695000,10780.000000361177,-565429.7037335741,110313.49577875214,-455116.207954822,301.2023866672646,435.45975413054254,1.0049907129489113,272
2696000,10784.000000361992,-564179.7149782293,109593.68666450583,-454586.0283137234,299.23700408533034,435.45975413054254,1.0049907129489113,272
2697000,10788.000000362807,-563421.713436245,110434.38486769391,-452987.3285685511,301.5324648852944,435.45975413054254,1.0049907129489113,272
2698000,10792.000000363621,-564818.8318798589,110167.49284780996,-454651.3390320489,300.8037370646049,435.45975413054254,1.0049907129489113,272
2699000,10796.000000364436,-564959.8738216609,110641.75053382153,-454318.12328783935,302.09866064502046,435.45975413054254,1.0049907129489113,272
2700000,10800.000000365251,-563634.0175730605,110733.78026702601,-452900.2373060344,302.3499406456211,435.45975413054254,1.0049907129489113,272
2701000,10804.000000366066,-564258.1423970754,110090.33531833989,-454167.80707873555,300.5930644550418,435.45975413054254,1.0049907129489113,272
2702000,10808.000000366881,-564470.7182130725,109269.28697482025,-455201.43123825226,298.3512560625917,435.45975413054254,1.0049907129489113,272
2703000,10812.000000367696,-563192.5506378198,109672.58337938058,-453519.9672584392,299.4524254048408,435.45975413054254,1.0049907129489113,272
2704000,10816.00000036851,-563169.0077303001,109983.83468734132,-453185.1730429587,300.30227279793877,435.45975413054254,1.0049907129489113,272
2705000,10820.000000369326,-563733.543365696,109485.5631451233,-454247.9802205727,298.94178125821406,435.45975413054254,1.0049907129489113,272
2706000,10824.00000037014,-563938.0067801075,110847.1060246703,-453090.9007554372,302.65936777810714,435.45975413054254,1.0049907129489113,272
2707000,10828.000000370956,-562755.4700590484,109875.64946944907,-452879.8205895993,300.0068815078592,435.45975413054254,1.0049907129489113,272
2708000,10832.00000037177,-564731.5052989624,111155.35121123411,-453576.15408772824,303.50100719145627,435.45975413054254,1.0049907129489113,272
2709000,10836.000000372585,-564066.4126306255,109570.34050767627,-454496.0721229493,299.1732592270341,435.45975413054254,1.0049907129489113,272
2710000,10840.0000003734,-563844.203468848,111241.91806168284,-452602.2854071652,303.737371217248,435.45975413054254,1.0049907129489113,272
2711000,10844.000000374215,-563349.262706649,110419.4257815402,-452929.8369251088,301.49162026859494,435.45975413054254,1.0049907129489113,272
2712000,10848.00000037503,-564042.4665474668,110926.48589848028,-453115.98064898653,302.8761083253641,435.45975413054254,1.0049907129489113,272
2713000,10852.000000375845,-564727.365385713,110744.03309076763,-453983.33229494543,302.37793518028116,435.45975413054254,1.0049907129489113,272
2714000,10856.00000037666,-564676.7627326585,110517.66756326461,-454159.0951693939,301.75986178262684,435.45975413054254,1.0049907129489113,272
2715000,10860.000000377475,-565256.626446777,110029.94533252029,-455226.68111425673,300.4281743141642,435.45975413054254,1.0049907129489113,272
2716000,10864.00000037829,-564590.5170117058,109811.68777077814,-454778.82924092765,299.8322390839294,435.45975413054254,1.0049907129489113,272
2717000,10868.000000379105,-563208.0608297791,110758.7132419653,-452449.34758781386,302.4180181868631,435.45975413054254,1.0049907129489113,272
2718000,10872.00000037992,-564060.8914032271,110318.62329044369,-453742.26811278344,301.2163869375693,435.45975413054254,1.0049907129489113,272
2719000,10876.000000380734,-563416.9740339457,109436.94514855632,-453980.0288853894,298.809033614804,435.45975413054254,1.0049907129489113,272
2720000,10880.00000038155,-564250.8732460248,110555.59123143298,-453695.28201459185,301.86340939738466,435.45975413054254,1.0049907129489113,272
2721000,10884.000000382364,-564794.992078376,111375.29180271889,-453419.7002756571,304.10153780298805,435.45975413054254,1.0049907129489113,272
2722000,10888.00000038318,-564445.111611899,109528.12359625631,-454916.9880156427,299.0579892468051,435.45975413054254,1.0049907129489113,272
2723000,10892.000000383994,-564189.8807646572,109646.2983251168,-454543.58243954036,299.3806561165771,435.45975413054254,1.0049907129489113,272
2724000,10896.000000384809,-564971.4818144408,110636.58120097418,-454334.9006134666,302.08454618531533,435.45975413054254,1.0049907129489113,272
2725000,10900.000000385624,-565004.1501345481,109518.00309833497,-455486.1470362131,299.03035601746495,435.45975413054254,1.0049907129489113,272
2726000,10904.000000386439,-564640.6358951833,110783.07765735697,-453857.55823782634,302.48454332065495,435.45975413054254,1.0049907129489113,272
2727000,10908.000000387254,-563593.0696784002,110659.29664396413,-452933.77303443605,302.1465689287202,435.45975413054254,1.0049907129489113,272
2728000,10912.000000388069,-565738.9466294958,111062.69815704058,-454676.24847245525,303.24802526156554,435.45975413054254,1.0049907129489113,272
2729000,10916.000000388884,-565134.0695479908,109494.46706148912,-455639.6024865017,298.9660927066106,435.45975413054254,1.0049907129489113,272
2730000,10920.000000389698,-565938.3662858056,109489.60972292896,-456448.75656287663,298.9528301229454,435.45975413054254,1.0049907129489113,272
2731000,10924.000000390513,-564644.9877615883,110146.40723969083,-454498.5805218975,300.7461644580532,435.45975413054254,1.0049907129489113,272
2732000,10928.000000391328,-564195.4383407505,110338.73511650879,-453856.70322424173,301.2713007082578,435.45975413054254,1.0049907129489113,272
2733000,10932.000000392143,-564338.4536597459,110375.72727110598,-453962.7263886399,301.3723048979445,435.45975413054254,1.0049907129489113,272
2734000,10936.000000392958,-565343.8583656223,110816.81825714558,-454527.04010847677,302.57666939382636,435.45975413054254,1.0049907129489113,272
2735000,10940.000000393773,-564505.6260524681,109857.42773688119,-454648.1983155869,299.9571284898816,435.45975413054254,1.0049907129489113,272
2736000,10944.000000394588,-563695.870116022,109438.15737161017,-454257.7127444118,298.81234349519906,435.45975413054254,1.0049907129489113,272
2737000,10948.000000395403,-564704.5795649076,109388.76210245193,-455315.81746245566,298.67747356967,435.45975413054254,1.0049907129489113,272
2738000,10952.000000396218,-566252.5706478162,109519.36748503707,-456733.2031627791,299.03408136882024,435.45975413054254,1.0049907129489113,272
2739000,10956.000000397033,-564759.8425324671,110923.60490199846,-453836.2376304686,302.868241989426,435.45975413054254,1.0049907129489113,272
2740000,10960.000000397848,-564094.155597934,111699.52892820799,-452394.62666972604,304.9868419568816,435.45975413054254,1.0049907129489113,272
2741000,10964.000000398662,-563799.8170586117,109792.35108983718,-454007.4659687745,299.77944178647704,435.45975413054254,1.0049907129489113,272
2742000,10968.000000399477,-563686.2388190664,109512.20245769166,-454174.0363613748,299.0145178211171,435.45975413054254,1.0049907129489113,272
2743000,10972.000000400292,-564641.5655235839,109841.28855273878,-454800.2769708451,299.91306170776903,435.45975413054254,1.0049907129489113,272
2744000,10976.000000401107,-564447.7391479658,109734.80778559612,-454712.9313623697,299.62232428737343,435.45975413054254,1.0049907129489113,272
2745000,10980.000000401922,-564042.3982207654,110304.05442128697,-453738.34379947843,301.176607777911,435.45975413054254,1.0049907129489113,272
2746000,10984.000000402737,-564015.1369380769,110528.64759504807,-453486.48934302886,301.78984190206285,435.45975413054254,1.0049907129489113,272
2747000,10988.000000403552,-565468.571760775,110385.0452047933,-455083.5265559817,301.3977467883099,435.45975413054254,1.0049907129489113,272
2748000,10992.000000404367,-564929.8957205634,110112.60922287006,-454817.2864976933,300.65388161215867,435.45975413054254,1.0049907129489113,272
2749000,10996.000000405182,-565075.4454719769,110430.57762184134,-454644.86785013555,301.5220694977733,435.45975413054254,1.0049907129489113,272
2750000,11000.000000405997,-565394.1256427108,110469.86614552197,-454924.25949718885,301.6293437439361,435.45975413054254,1.0049907129489113,272
2751000,11004.000000406812,-563659.4562541293,110994.51188854943,-452664.94436557987,303.0618479796067,435.45975413054254,1.0049907129489113,272
2752000,11008.000000407626,-564572.8808798986,110689.58219930693,-453883.29868059163,302.22926127281096,435.45975413054254,1.0049907129489113,272
2753000,11012.000000408441,-563619.8574012984,109947.82704329301,-453672.0303580053,300.20395673743275,435.45975413054254,1.0049907129489113,272
2754000,11016.000000409256,-564288.6256971816,109886.91578850336,-454401.7099086782,300.0376433123343,435.45975413054254,1.0049907129489113,272
2755000,11020.000000410071,-563877.5814287155,110506.14207134885,-453371.43935736665,301.72839232689034,435.45975413054254,1.0049907129489113,272
2756000,11024.000000410886,-564817.4699251228,110246.18763869558,-454571.2822864272,301.01860704642985,435.45975413054254,1.0049907129489113,272
2757000,11028.000000411701,-564720.0621721516,109208.05354480725,-455512.0086273444,298.1840629632022,435.45975413054254,1.0049907129489113,272
2758000,11032.000000412516,-564641.2831377168,110416.89947161719,-454224.38366609963,301.4847223766108,435.45975413054254,1.0049907129489113,272
2759000,11036.00000041333,-563657.8378476128,110142.87197164481,-453514.965875968,300.7365116846962,435.45975413054254,1.0049907129489113,272
2760000,11040.000000414146,-564408.1076347576,110776.44780781359,-453631.65982694406,302.4664410341521,435.45975413054254,1.0049907129489113,272
2761000,11044.00000041496,-564083.6410015295,110769.83845403761,-453313.8025474919,302.4483947097419,435.45975413054254,1.0049907129489113,272
2762000,11048.000000415776,-565289.170084212,111003.60355550959,-454285.5665287024,303.086672066341,435.45975413054254,1.0049907129489113,272
2763000,11052.00000041659,-564850.7459688857,109537.8773415715,-455312.8686273142,299.0846210867911,435.45975413054254,1.0049907129489113,272
2764000,11056.000000417405,-564035.4141752939,110364.08406212833,-453671.33011316555,301.3405140249622,435.45975413054254,1.0049907129489113,272
2765000,11060.00000041822,-564526.7698813677,109605.06123785424,-454921.70864351344,299.2680614697027,435.45975413054254,1.0049907129489113,272
2766000,11064.000000419035,-563546.8691969663,110227.77152812516,-453319.09766884113,300.9683232944938,435.45975413054254,1.0049907129489113,272
2767000,11068.00000041985,-564015.8436650368,109952.95673297113,-454062.8869320657,300.21796295455965,435.45975413054254,1.0049907129489113,272
2768000,11072.000000420665,-563846.3099363786,110243.78832938644,-453602.5216069922,301.0120559197054,435.45975413054254,1.0049907129489113,272
2769000,11076.00000042148,-564751.1919437815,111275.25363852968,-453475.93830525177,303.8283914069022,435.45975413054254,1.0049907129489113,272
2770000,11080.000000422295,-563611.3684268012,109297.1287282905,-454314.2396985107,298.4272757964877,435.45975413054254,1.0049907129489113,272
2771000,11084.00000042311,-564977.6101398282,110603.29937044313,-454374.3107693851,301.99367274577975,435.45975413054254,1.0049907129489113,272
2772000,11088.000000423925,-565396.6369636743,109598.46826914739,-455798.16869452695,299.25005988344435,435.45975413054254,1.0049907129489113,272
2773000,11092.00000042474,-563868.2480871906,110207.65885424853,-453660.58923294203,300.9134072089221,435.45975413054254,1.0049907129489113,272
2774000,11096.000000425554,-565907.8803913514,110114.72689529392,-455793.1534960575,300.65966375135883,435.45975413054254,1.0049907129489113,272
2775000,11100.00000042637,-563050.4479209096,110524.81546699411,-452525.6324539155,301.7793785756338,435.45975413054254,1.0049907129489113,272
2776000,11104.000000427184,-564236.2132088728,110559.49370770971,-453676.7195011631,301.8740648041431,435.45975413054254,1.0049907129489113,272
2777000,11108.000000428,-565356.8572013946,110005.3890941315,-455351.4681072631,300.36112542265676,435.45975413054254,1.0049907129489113,272
2778000,11112.000000428814,-565480.9186069733,110306.23528878146,-455174.6833181918,301.18256246631705,435.45975413054254,1.0049907129489113,272
2779000,11116.000000429629,-564850.4121045647,110568.79665557371,-454281.615448991,301.899465776888,435.45975413054254,1.0049907129489113,272
2780000,11120.000000430444,-563714.8994242428,110086.64197424665,-453628.25744999613,300.5829800673809,435.45975413054254,1.0049907129489113,272
2781000,11124.000000431259,-563860.5893555698,110472.85436425707,-453387.7349913127,301.6375028418646,435.45975413054254,1.0049907129489113,272
2782000,11128.000000432074,-564531.5357609382,109954.32870283315,-454577.20705810504,300.22170901114106,435.45975413054254,1.0049907129489113,272
2783000,11132.000000432889,-564297.4769172296,109558.68465456006,-454738.79226266954,299.1414338302188,435.45975413054254,1.0049907129489113,272
2784000,11136.000000433703,-563181.8912212537,109903.30178874679,-453278.5894325069,300.08238400653863,435.45975413054254,1.0049907129489113,272
2785000,11140.000000434518,-564939.7829188486,110813.03255937836,-454126.7503594702,302.56633284166986,435.45975413054254,1.0049907129489113,272
2786000,11144.000000435333,-564116.2505064365,110172.10859019952,-453944.14191623696,300.8163399887908,435.45975413054254,1.0049907129489113,272
2787000,11148.000000436148,-564920.525279664,110206.42962621234,-454714.09565345163,300.9100508977505,435.45975413054254,1.0049907129489113,272
2788000,11152.000000436963,-565255.3362068636,110751.4740765288,-454503.86213033483,302.3982522108911,435.45975413054254,1.0049907129489113,272
2789000,11156.000000437778,-564141.2323638303,109977.54171336268,-454163.69065046764,300.28509032386137,435.45975413054254,1.0049907129489113,272
2790000,11160.000000438593,-565317.7845095126,110162.01824191952,-455155.7662675931,300.78878908069214,435.45975413054254,1.0049907129489113,272
2791000,11164.000000439408,-564606.384571637,110807.18280710641,-453799.2017645306,302.55036054985476,435.45975413054254,1.0049907129489113,272
2792000,11168.000000440223,-564474.7087227665,109708.56604318685,-454766.1426795797,299.55067325874654,435.45975413054254,1.0049907129489113,272
2793000,11172.000000441038,-565035.2251440906,110563.73242463288,-454471.4927194577,301.885638289732,435.45975413054254,1.0049907129489113,272
2794000,11176.000000441853,-565070.3790291115,111050.98942815748,-454019.389600954,303.21605549159733,435.45975413054254,1.0049907129489113,272
2795000,11180.000000442667,-564536.7870331435,110704.06447333348,-453832.72255981,302.2688039912279,435.45975413054254,1.0049907129489113,272
2796000,11184.000000443482,-564454.2934164763,109988.14252283581,-454466.15089364053,300.31403500638976,435.45975413054254,1.0049907129489113,272
2797000,11188.000000444297,-564052.9709100365,110199.2249285868,-453853.74598144967,300.89037903344496,435.45975413054254,1.0049907129489113,272
2798000,11192.000000445112,-563840.0713436087,110930.06768770935,-452910.0036558993,302.88588812117894,435.45975413054254,1.0049907129489113,272
2799000,11196.000000445927,-564669.7063067434,110951.59886182917,-453718.1074449143,302.9446773109046,435.45975413054254,1.0049907129489113,272
2800000,11200.000000446742,-562969.7187595931,109885.03386497556,-453084.68489461753,300.03250486708697,435.45975413054254,1.0049907129489113,272
2801000,11204.000000447557,-564230.8285066211,110851.13968884386,-453379.6888177772,302.67038138317434,435.45975413054254,1.0049907129489113,272
2802000,11208.000000448372,-564198.8689064248,110496.80838397885,-453702.060522446,301.7029074223245,435.45975413054254,1.0049907129489113,272
2803000,11212.000000449187,-564566.1473933547,110831.39410701394,-453734.75328634074,302.6164676137727,435.45975413054254,1.0049907129489113,272
2804000,11216.000000450002,-563549.8223059359,110061.44576949743,-453488.3765364385,300.51418379769643,435.45975413054254,1.0049907129489113,272
2805000,11220.000000450817,-564996.9610700761,110662.38190818368,-454334.5791618924,302.15499300176646,435.45975413054254,1.0049907129489113,272
2806000,11224.000000451631,-563379.7813778985,110159.91345883551,-453219.867919063,300.783042134828,435.45975413054254,1.0049907129489113,272
2807000,11228.000000452446,-564020.6269272477,109276.84737961611,-454743.7795476316,298.37189915755124,435.45975413054254,1.0049907129489113,272
2808000,11232.000000453261,-564075.7566060629,110932.70370038162,-453143.05290568125,302.893085547954,435.45975413054254,1.0049907129489113,272
2809000,11236.000000454076,-564312.2268628343,110550.90462939173,-453761.32223344257,301.85061299645275,435.45975413054254,1.0049907129489113,272
2810000,11240.000000454891,-565139.1919059353,110379.52983224986,-454759.66207368544,301.38268749423423,435.45975413054254,1.0049907129489113,272
2811000,11244.000000455706,-565468.2741404767,110667.12565066817,-454801.14848980855,302.16794542021694,435.45975413054254,1.0049907129489113,272
2812000,11248.00000045652,-564562.939068526,109703.65804028639,-454859.28102823964,299.5372723400561,435.45975413054254,1.0049907129489113,272
2813000,11252.000000457336,-561777.9905989417,110744.50450750545,-451033.48609143624,302.37922234687437,435.45975413054254,1.0049907129489113,272
2814000,11256.00000045815,-564322.0184726007,110795.52939715591,-453526.4890754448,302.5185418239126,435.45975413054254,1.0049907129489113,272
2815000,11260.000000458966,-564530.8603387973,109685.64012405794,-454845.2202147394,299.4880758266788,435.45975413054254,1.0049907129489113,272
2816000,11264.00000045978,-563721.5274081142,108694.17206664267,-455027.3553414715,296.7809497122387,435.45975413054254,1.0049907129489113,272
2817000,11268.000000460595,-564002.7768223742,109705.1201520621,-454297.6566703121,299.5412645220943,435.45975413054254,1.0049907129489113,272
2818000,11272.00000046141,-562953.3409827477,110260.37115091126,-452692.96983183647,301.05733401905024,435.45975413054254,1.0049907129489113,272
2819000,11276.000000462225,-564389.6735962285,109396.58456814013,-454993.0890280884,298.69883220143373,435.45975413054254,1.0049907129489113,272
2820000,11280.00000046304,-565408.19463831,110749.81204541895,-454658.38259289105,302.3937141647212,435.45975413054254,1.0049907129489113,272
2821000,11284.000000463855,-562904.690295917,111305.16879644163,-451599.52149947535,303.9100724097296,435.45975413054254,1.0049907129489113,272
2822000,11288.00000046467,-565305.3825478535,110725.78744139767,-454579.59510645585,302.3281168593429,435.45975413054254,1.0049907129489113,272
2823000,11292.000000465485,-564317.1663570404,109673.07517401478,-454644.0911830256,299.453768211689,435.45975413054254,1.0049907129489113,272
2824000,11296.0000004663,-564636.5376115423,110170.23135700473,-454466.30625453754,300.8112143501315,435.45975413054254,1.0049907129489113,272
2825000,11300.000000467115,-564811.195167012,110271.84279439403,-454539.35237261804,301.0886564458451,435.45975413054254,1.0049907129489113,272
2826000,11304.00000046793,-565319.8987193312,110972.34399088845,-454347.5547284428,303.00132026596884,435.45975413054254,1.0049907129489113,272
2827000,11308.000000468744,-565554.7235902869,109782.817387891,-455771.9062023959,299.75341075772855,435.45975413054254,1.0049907129489113,272
2828000,11312.00000046956,-565313.6391704772,109542.10765480797,-455771.5315156692,299.0961716267698,435.45975413054254,1.0049907129489113,272
2829000,11316.000000470374,-564777.9667898123,110050.24422473439,-454727.72256507794,300.48359885436594,435.45975413054254,1.0049907129489113,272
2830000,11320.00000047119,-563853.6206577895,110059.74050460482,-453793.8801531847,300.50952770505864,435.45975413054254,1.0049907129489113,272
2831000,11324.000000472004,-565883.5316456784,110453.88378994763,-455429.64785573084,301.58570516998304,435.45975413054254,1.0049907129489113,272
2832000,11328.000000472819,-564428.5762974462,110137.23225550872,-454291.34404193744,300.7211128801499,435.45975413054254,1.0049907129489113,272
2833000,11332.000000473634,-563453.2069264781,110483.25988465897,-452969.9470418191,301.6659143028326,435.45975413054254,1.0049907129489113,272
2834000,11336.000000474449,-564460.0651758225,110116.77597838058,-454343.2891974419,300.66525861272936,435.45975413054254,1.0049907129489113,272
2835000,11340.000000475264,-564599.3019244042,110481.42570746105,-454117.87621694314,301.6609062252109,435.45975413054254,1.0049907129489113,272
2836000,11344.000000476079,-563277.274578895,110110.15780367216,-453167.1167752228,300.64718820345183,435.45975413054254,1.0049907129489113,272
2837000,11348.000000476894,-563460.4586787233,111029.85370065575,-452430.60497806757,303.1583460379849,435.45975413054254,1.0049907129489113,272
2838000,11352.000000477708,-564757.0443068198,110449.68023311032,-454307.36407370947,301.57422768626316,435.45975413054254,1.0049907129489113,272
2839000,11356.000000478523,-564281.5208090111,109967.86553601106,-454313.655273,300.25867027714315,435.45975413054254,1.0049907129489113,272
2840000,11360.000000479338,-565411.6714873365,110531.42793531239,-454880.2435520241,301.7974334040586,435.45975413054254,1.0049907129489113,272
2841000,11364.000000480153,-565081.7008016165,111220.74214931286,-453860.95865230367,303.6795520419905,435.45975413054254,1.0049907129489113,272
2842000,11368.000000480968,-565060.3176078522,110467.19088825665,-454593.1267195955,301.6220391628639,435.45975413054254,1.0049907129489113,272
2843000,11372.000000481783,-566135.1967144134,110315.74675076522,-455819.4499636481,301.20853277058467,435.45975413054254,1.0049907129489113,272
2844000,11376.000000482598,-563768.6429587598,111052.02487010439,-452716.6180886554,303.2188826849835,435.45975413054254,1.0049907129489113,272
2845000,11380.000000483413,-564178.3173600314,109994.61071321723,-454183.7066468142,300.33169589517354,435.45975413054254,1.0049907129489113,272
2846000,11384.000000484228,-565194.7121405904,109359.16756128083,-455835.5445793096,298.5966679858189,435.45975413054254,1.0049907129489113,272
2847000,11388.000000485043,-563986.8041213551,109737.73151803797,-454249.0726033171,299.6303073105135,435.45975413054254,1.0049907129489113,272
2848000,11392.000000485858,-563401.2124071382,110142.71393061662,-453258.4984765216,300.736080166009,435.45975413054254,1.0049907129489113,272
2849000,11396.000000486672,-562972.5636990331,110717.68127944268,-452254.88241959043,302.30598361707445,435.45975413054254,1.0049907129489113,272
2850000,11400.000000487487,-563613.0271508861,109717.83987742625,-453895.18727345986,299.5759947390128,435.45975413054254,1.0049907129489113,272
2851000,11404.000000488302,-566162.509192544,110633.7519843654,-455528.75720817863,302.07682123027746,435.45975413054254,1.0049907129489113,272
2852000,11408.000000489117,-565618.4145321739,110236.39554081952,-455382.0189913544,300.99187048777105,435.45975413054254,1.0049907129489113,272
2853000,11412.000000489932,-564088.5577778192,110515.24091557885,-453573.3168622404,301.7532360105996,435.45975413054254,1.0049907129489113,272
2854000,11416.000000490747,-564277.8866539332,109406.50372245547,-454871.38293147774,298.72591567777914,435.45975413054254,1.0049907129489113,272
2855000,11420.000000491562,-564112.2375988709,110077.12542565617,-454035.11217321473,300.55699587453074,435.45975413054254,1.0049907129489113,272
2856000,11424.000000492377,-564707.574103476,110456.28260929341,-454251.2914941826,301.59225495890087,435.45975413054254,1.0049907129489113,272
2857000,11428.000000493192,-564929.6183454003,110851.37780419271,-454078.2405412076,302.6710315385418,435.45975413054254,1.0049907129489113,272
2858000,11432.000000494007,-564370.2766518518,110411.98666030564,-453958.2899915462,301.4713083289294,435.45975413054254,1.0049907129489113,272
2859000,11436.000000494822,-563755.1869167867,110719.78867805225,-453035.39823873446,302.3117377044269,435.45975413054254,1.0049907129489113,272
2860000,11440.000000495636,-565967.8974015731,110099.19372163969,-455868.70367993345,300.6172516335654,435.45975413054254,1.0049907129489113,272
2861000,11444.000000496451,-564731.4091631374,110858.01169008517,-453873.39747305226,302.68914484598054,435.45975413054254,1.0049907129489113,272
2862000,11448.000000497266,-564607.1319484054,109444.24069117915,-455162.89125722623,298.8289535242812,435.45975413054254,1.0049907129489113,272
2863000,11452.000000498081,-561857.8818479958,110632.01782291222,-451225.8640250836,302.07208623783725,435.45975413054254,1.0049907129489113,272
2864000,11456.000000498896,-563319.3592304527,109731.04884484934,-453588.31038560334,299.61206079317196,435.45975413054254,1.0049907129489113,272
2865000,11460.000000499711,-564460.6832724437,110064.04198977695,-454396.64128266677,300.5212725744503,435.45975413054254,1.0049907129489113,272
2866000,11464.000000500526,-563734.2737919665,110475.99728059676,-453258.27651136974,301.6460843295232,435.45975413054254,1.0049907129489113,272
2867000,11468.00000050134,-564945.7341622487,110003.8185311475,-454941.9156311012,300.35683712306246,435.45975413054254,1.0049907129489113,272
2868000,11472.000000502156,-565335.2666068869,109578.44879514363,-455756.81781174324,299.1953982728482,435.45975413054254,1.0049907129489113,272
2869000,11476.00000050297,-564521.4240083583,109466.62023990898,-455054.8037684493,298.89005913463626,435.45975413054254,1.0049907129489113,272
2870000,11480.000000503785,-564389.2530203178,110933.15359732998,-453456.0994229878,302.8943139564424,435.45975413054254,1.0049907129489113,272
2871000,11484.0000005046,-563831.148601999,109936.18653979048,-453894.96206220856,300.17217325153894,435.45975413054254,1.0049907129489113,272
2872000,11488.000000505415,-565186.6284458796,110402.11725344794,-454784.5111924316,301.4443606841327,435.45975413054254,1.0049907129489113,272
2873000,11492.00000050623,-564531.7844944983,109982.38278981438,-454549.4017046839,300.2983085051092,435.45975413054254,1.0049907129489113,272
2874000,11496.000000507045,-563525.5178009886,109629.09891847457,-453896.41888251406,299.33369447971364,435.45975413054254,1.0049907129489113,272
2875000,11500.00000050786,-563221.9593133298,110135.5203572617,-453086.4389560681,300.7164386756558,435.45975413054254,1.0049907129489113,272
2876000,11504.000000508675,-564737.9415497943,111295.19714962403,-453442.7444001703,303.88284560670553,435.45975413054254,1.0049907129489113,272
2877000,11508.00000050949,-564079.0188364214,110250.067411192,-453828.95142522943,301.0292004622889,435.45975413054254,1.0049907129489113,272
2878000,11512.000000510305,-565193.6754252492,110452.2259083546,-454741.4495168945,301.5811784537449,435.45975413054254,1.0049907129489113,272
2879000,11516.00000051112,-564944.7511021742,109552.41630027982,-455392.3348018944,299.1243185783056,435.45975413054254,1.0049907129489113,272
2880000,11520.000000511935,-562994.9500086633,110076.07865176976,-452918.87135689356,300.55413774016864,435.45975413054254,1.0049907129489113,272
2881000,11524.00000051275,-564117.6920278133,110617.21999680728,-453500.472031006,302.0316819291094,435.45975413054254,1.0049907129489113,272
2882000,11528.000000513564,-565083.6231470457,110182.32181079208,-454901.30133625364,300.8442263901447,435.45975413054254,1.0049907129489113,272
2883000,11532.00000051438,-564593.8124792194,110434.29281538725,-454159.51966383215,301.53221354365877,435.45975413054254,1.0049907129489113,272
2884000,11536.000000515194,-563940.4520502766,109407.9474937453,-454532.50455653126,298.7298577825527,435.45975413054254,1.0049907129489113,272
2885000,11540.00000051601,-564138.6594347144,110000.85595285532,-454137.80348185904,300.3487480343612,435.45975413054254,1.0049907129489113,272
2886000,11544.000000516824,-564181.8740971084,109506.68706117873,-454675.18703592964,298.99945846159466,435.45975413054254,1.0049907129489113,272
2887000,11548.000000517639,-564451.3355888366,110554.91410497107,-453896.4214838655,301.8615605564522,435.45975413054254,1.0049907129489113,272
2888000,11552.000000518454,-565089.8575359732,110282.79007442552,-454807.0674615477,301.1185471391797,435.45975413054254,1.0049907129489113,272
2889000,11556.000000519269,-564019.5076127951,110118.2216631129,-453901.28594968223,300.66920594200826,435.45975413054254,1.0049907129489113,272
2890000,11560.000000520084,-565670.5213098889,109690.94747692707,-455979.57383296185,299.50256713927644,435.45975413054254,1.0049907129489113,272
2891000,11564.000000520899,-565133.9738485706,109680.8222907529,-455453.1515578177,299.47492110902795,435.45975413054254,1.0049907129489113,272
2892000,11568.000000521713,-564304.9113286575,109876.60347421077,-454428.30785444676,300.00948634336993,435.45975413054254,1.0049907129489113,272
2893000,11572.000000522528,-564063.2072517625,110914.77310431795,-453148.43414744455,302.8441274554685,435.45975413054254,1.0049907129489113,272
2894000,11576.000000523343,-564640.7586716111,110576.37812038453,-454064.38055122655,301.920166374574,435.45975413054254,1.0049907129489113,272
2895000,11580.000000524158,-563326.3926698179,110011.0557554944,-453315.3369143235,300.37659779904084,435.45975413054254,1.0049907129489113,272
2896000,11584.000000524973,-565415.5315873967,109167.36702682497,-456248.1645605718,298.0729716027578,435.45975413054254,1.0049907129489113,272
2897000,11588.000000525788,-564916.1990406858,109085.36162415566,-455830.8374165301,297.8490622539584,435.45975413054254,1.0049907129489113,272
2898000,11592.000000526603,-565352.51814176,109636.60969204432,-455715.9084497157,299.3542020604857,435.45975413054254,1.0049907129489113,272
2899000,11596.000000527418,-564666.3196748472,110085.85417335469,-454580.4655014925,300.5808290385589,435.45975413054254,1.0049907129489113,272
2900000,11600.000000528233,-563190.6556710196,111186.73929874669,-452003.9163722729,303.58670991354813,435.45975413054254,1.0049907129489113,272
2901000,11604.000000529048,-565842.1435664468,110252.59631056993,-455589.54725587694,301.0361054245775,435.45975413054254,1.0049907129489113,272
2902000,11608.000000529863,-564599.8555509048,110960.42057992512,-453639.43497097964,302.9687643233435,435.45975413054254,1.0049907129489113,272
2903000,11612.000000530677,-564200.1885077744,110070.00400198175,-454130.1845057926,300.5375513832465,435.45975413054254,1.0049907129489113,272
2904000,11616.000000531492,-564490.3663725979,110715.9095126222,-453774.4568599757,302.3011459461151,435.45975413054254,1.0049907129489113,272
2905000,11620.000000532307,-563578.0660471353,110527.19483048812,-453050.87121664715,301.78587524186753,435.45975413054254,1.0049907129489113,272
2906000,11624.000000533122,-563605.3185920324,109942.1064333414,-453663.212158691,300.1883370586395,435.45975413054254,1.0049907129489113,272
2907000,11628.000000533937,-564717.37672411,109316.93659510702,-455400.44012900296,298.4813596301819,435.45975413054254,1.0049907129489113,272
2908000,11632.000000534752,-564553.6714194976,110863.09263336609,-453690.57878613146,302.7030179648762,435.45975413054254,1.0049907129489113,272
2909000,11636.000000535567,-564433.8388910098,109688.07865939743,-454745.76023161237,299.4947340570163,435.45975413054254,1.0049907129489113,272
2910000,11640.000000536382,-563294.8389634532,110238.73436176206,-453056.1046016911,300.99825645573355,435.45975413054254,1.0049907129489113,272
2911000,11644.000000537197,-563587.6694851718,109752.8867428184,-453834.7827423534,299.6716874684182,435.45975413054254,1.0049907129489113,272
2912000,11648.000000538012,-565116.0966550307,111034.39979146354,-454081.6968635672,303.1707587839653,435.45975413054254,1.0049907129489113,272
2913000,11652.000000538826,-564705.1391978664,109266.66837422579,-455438.47082364064,298.34410617813546,435.45975413054254,1.0049907129489113,272
2914000,11656.000000539641,-564458.6191922165,110485.53574294865,-453973.0834492679,301.67212835618784,435.45975413054254,1.0049907129489113,272
2915000,11660.000000540456,-563615.78139963,109719.42319757992,-453896.3582020501,299.5803178710628,435.45975413054254,1.0049907129489113,272
2916000,11664.000000541271,-563967.9956284612,110861.02044837933,-453106.9751800819,302.6973600255713,435.45975413054254,1.0049907129489113,272
2917000,11668.000000542086,-564589.0565772913,110482.16127996182,-454106.8952973295,301.6629146484889,435.45975413054254,1.0049907129489113,272
2918000,11672.000000542901,-564077.0435980665,110284.10856690037,-453792.9350311662,301.12214717993106,435.45975413054254,1.0049907129489113,272
2919000,11676.000000543716,-563953.9940351001,109744.20121025294,-454209.79282484716,299.64797229993655,435.45975413054254,1.0049907129489113,272
2920000,11680.00000054453,-564625.3225189499,109366.71164579442,-455258.6108731554,298.61726651952205,435.45975413054254,1.0049907129489113,272
2921000,11684.000000545346,-564482.1175585301,109559.77518815524,-454922.3423703748,299.14441144704887,435.45975413054254,1.0049907129489113,272
2922000,11688.00000054616,-563227.419573931,109665.05004964123,-453562.3695242898,299.431856236209,435.45975413054254,1.0049907129489113,272
2923000,11692.000000546976,-564293.9402826186,110569.60092324685,-453724.3393593718,301.9016617669703,435.45975413054254,1.0049907129489113,272
2924000,11696.00000054779,-564796.3818481504,110156.25360099296,-454640.12824715744,300.77304917875983,435.45975413054254,1.0049907129489113,272
2925000,11700.000000548605,-565129.4604918547,110203.35542198969,-454926.105069865,300.90165702316216,435.45975413054254,1.0049907129489113,272
2926000,11704.00000054942,-563750.2779075159,110766.54252138286,-452983.735386133,302.43939542298284,435.45975413054254,1.0049907129489113,272
2927000,11708.000000550235,-564575.5534823798,109714.60458542383,-454860.94889695593,299.56716102682,435.45975413054254,1.0049907129489113,272
2928000,11712.00000055105,-563879.9125895952,110034.23139535298,-453845.6811942422,300.4398770740622,435.45975413054254,1.0049907129489113,272
2929000,11716.000000551865,-564170.8825617363,110095.3194050534,-454075.5631566829,300.60667311464294,435.45975413054254,1.0049907129489113,272
2930000,11720.00000055268,-563287.9138641902,110959.58824060671,-452328.3256235835,302.9664916858258,435.45975413054254,1.0049907129489113,272
2931000,11724.000000553495,-564034.3227772792,110245.04430626775,-453789.27847101144,301.0154852665099,435.45975413054254,1.0049907129489113,272
2932000,11728.00000055431,-564647.8345129876,110462.57776784644,-454185.25674514123,301.60944339778797,435.45975413054254,1.0049907129489113,272
2933000,11732.000000555125,-564492.5214448273,110659.81590297472,-453832.7055418526,302.14798672490355,435.45975413054254,1.0049907129489113,272
2934000,11736.00000055594,-563700.3234512121,110836.48986432492,-452863.8335868872,302.63038118122074,435.45975413054254,1.0049907129489113,272
2935000,11740.000000556754,-563987.3899890394,110620.61268264789,-453366.7773063915,302.0409453928877,435.45975413054254,1.0049907129489113,272
2936000,11744.00000055757,-563717.4240001286,110537.85686855519,-453179.56713157345,301.8149871042907,435.45975413054254,1.0049907129489113,272
2937000,11748.000000558384,-563776.0644431165,109848.18382533878,-453927.88061777776,299.93188871120304,435.45975413054254,1.0049907129489113,272
2938000,11752.0000005592,-564649.6456329385,109071.24323344708,-455578.4023994914,297.8105130905282,435.45975413054254,1.0049907129489113,272
2939000,11756.000000560014,-563802.8698943178,109767.19306484319,-454035.6768294746,299.7107497636331,435.45975413054254,1.0049907129489113,272
2940000,11760.000000560829,-563643.9771031206,111254.70786966349,-452389.26923345716,303.7722927892786,435.45975413054254,1.0049907129489113,272
2941000,11764.000000561644,-563433.9216128318,109924.96359155432,-453508.95802127745,300.1415298676963,435.45975413054254,1.0049907129489113,272
2942000,11768.000000562459,-566044.6518738018,110473.92946901708,-455570.72240478476,301.64043833146485,435.45975413054254,1.0049907129489113,272
2943000,11772.000000563274,-562720.0876447693,110115.5370082513,-452604.55063651805,300.66187570153323,435.45975413054254,1.0049907129489113,272
2944000,11776.000000564089,-563953.2373643192,109371.81344215455,-454581.4239221646,298.63119657612225,435.45975413054254,1.0049907129489113,272
2945000,11780.000000564904,-565484.4561459855,110977.03375036822,-454507.4223956173,303.0141252880401,435.45975413054254,1.0049907129489113,272
2946000,11784.000000565718,-564688.548488948,109857.86408514483,-454830.6844038032,299.95831990474426,435.45975413054254,1.0049907129489113,272
2947000,11788.000000566533,-563804.0999692413,110330.7107696752,-453473.3891995661,301.24939085579,435.45975413054254,1.0049907129489113,272
2948000,11792.000000567348,-566063.9722125256,110410.02681203611,-455653.94540048944,301.46595711625935,435.45975413054254,1.0049907129489113,272
2949000,11796.000000568163,-565292.9384209132,110029.02669536025,-455263.9117255529,300.4256660471282,435.45975413054254,1.0049907129489113,272
2950000,11800.000000568978,-565272.9704044834,110865.2864011868,-454407.6840032966,302.7090078766157,435.45975413054254,1.0049907129489113,272
2951000,11804.000000569793,-563312.7509042774,110035.09307341454,-453277.6578308629,300.44222981872724,435.45975413054254,1.0049907129489113,272
2952000,11808.000000570608,-563552.5784466532,110503.41797758895,-453049.16046906426,301.72095440158307,435.45975413054254,1.0049907129489113,272
2953000,11812.000000571423,-564163.7173582301,110092.50006271555,-454071.2172955146,300.59897512053084,435.45975413054254,1.0049907129489113,272
2954000,11816.000000572238,-565119.1622033175,110408.87593006867,-454710.28627324884,301.46281472291105,435.45975413054254,1.0049907129489113,272
2955000,11820.000000573053,-563883.9183289041,109472.15729232077,-454411.76103658334,298.90517762389965,435.45975413054254,1.0049907129489113,272
2956000,11824.000000573868,-564251.1824389244,111458.3299048447,-452792.85253407975,304.32826685701764,435.45975413054254,1.0049907129489113,272
2957000,11828.000000574682,-564521.4637111537,110275.19781013182,-454246.2659010219,301.09781705434904,435.45975413054254,1.0049907129489113,272
2958000,11832.000000575497,-564246.2806478105,110619.80546188168,-453626.47518592887,302.0387413396154,435.45975413054254,1.0049907129489113,272
2959000,11836.000000576312,-563337.1546474732,110765.0414217728,-452572.11322570045,302.4352967877072,435.45975413054254,1.0049907129489113,272
2960000,11840.000000577127,-564442.6014901665,109334.18936135113,-455108.41212881537,298.5284669612718,435.45975413054254,1.0049907129489113,272
2961000,11844.000000577942,-564454.1670938064,109869.81989076754,-454584.34720303887,299.9909642984576,435.45975413054254,1.0049907129489113,272
2962000,11848.000000578757,-564582.2048305413,110486.34859864358,-454095.8562318977,301.67434779519306,435.45975413054254,1.0049907129489113,272
2963000,11852.000000579572,-562219.7372179264,110979.3676007613,-451240.3696171651,303.02049768430544,435.45975413054254,1.0049907129489113,272
2964000,11856.000000580387,-564546.7483287556,109977.46531094488,-454569.2830178107,300.28488171302524,435.45975413054254,1.0049907129489113,272
2965000,11860.000000581202,-563649.9792849561,110520.88201632106,-453129.09726863506,301.76863859570483,435.45975413054254,1.0049907129489113,272
2966000,11864.000000582017,-563873.2731257216,110351.90815850394,-453521.36496721767,301.3072686708411,435.45975413054254,1.0049907129489113,272
2967000,11868.000000582831,-565623.672990982,110177.84156634781,-455445.83142463415,300.8319934325184,435.45975413054254,1.0049907129489113,272
2968000,11872.000000583646,-565174.7565621687,110513.41280500591,-454661.3437571628,301.7482444974237,435.45975413054254,1.0049907129489113,272
2969000,11876.000000584461,-563358.1468480751,109736.8394666097,-453621.3073814654,299.62787163374225,435.45975413054254,1.0049907129489113,272
2970000,11880.000000585276,-563791.1137779751,110155.67240453279,-453635.4413734423,300.77146226720663,435.45975413054254,1.0049907129489113,272
2971000,11884.000000586091,-564519.5546711264,110344.833374286,-454174.7212968404,301.2879515249511,435.45975413054254,1.0049907129489113,272
2972000,11888.000000586906,-564803.7580850264,110992.58370811158,-453811.17437691486,303.0565832334783,435.45975413054254,1.0049907129489113,272
2973000,11892.000000587721,-564462.0627467465,109384.55122254416,-455077.5115242023,298.66597609087796,435.45975413054254,1.0049907129489113,272
2974000,11896.000000588536,-564872.6506359573,110442.94844554493,-454429.7021904123,301.5558470659508,435.45975413054254,1.0049907129489113,272
2975000,11900.00000058935,-565305.9445873215,110127.93875035737,-455178.0058369641,300.69573768999453,435.45975413054254,1.0049907129489113,272
2976000,11904.000000590166,-564908.0466806483,110307.26027782192,-454600.78640282643,301.1853611188583,435.45975413054254,1.0049907129489113,272
2977000,11908.00000059098,-564926.4320975868,109754.01083889304,-455172.4212586938,299.6747567249777,435.45975413054254,1.0049907129489113,272
2978000,11912.000000591795,-564140.9249102091,110234.09180948648,-453906.83310072264,300.98558032924734,435.45975413054254,1.0049907129489113,272
2979000,11916.00000059261,-564306.8813786455,109689.89211385837,-454616.9892647872,299.49968555282277,435.45975413054254,1.0049907129489113,272
2980000,11920.000000593425,-565663.1579628605,110033.49943843647,-455629.65852442407,300.4378785228547,435.45975413054254,1.0049907129489113,272
2981000,11924.00000059424,-563959.5520483158,110001.42061797273,-453958.131430343,300.3502898083739,435.45975413054254,1.0049907129489113,272
2982000,11928.000000595055,-564849.7238548524,110229.46739820729,-454620.2564566451,300.97295373533524,435.45975413054254,1.0049907129489113,272
2983000,11932.00000059587,-564970.3849296258,110687.73889734916,-454282.6460322766,302.22422828074497,435.45975413054254,1.0049907129489113,272
2984000,11936.000000596685,-564726.0625581732,109122.82582318317,-455603.23673499003,297.9513553241036,435.45975413054254,1.0049907129489113,272
2985000,11940.0000005975,-564727.1624846566,109521.1068708724,-455206.0556137841,299.038830626028,435.45975413054254,1.0049907129489113,272
2986000,11944.000000598315,-565429.1030991385,110020.83744015754,-455408.26565898093,300.403305925235,435.45975413054254,1.0049907129489113,272
2987000,11948.00000059913,-564632.8496291041,109917.44554430828,-454715.40408479585,300.12100242671914,435.45975413054254,1.0049907129489113,272
2988000,11952.000000599945,-563791.0335235987,110305.1673932276,-453485.8661303711,301.1796466608912,435.45975413054254,1.0049907129489113,272
2989000,11956.00000060076,-563758.1926390263,110015.80713499337,-453742.38550403295,300.3895710697631,435.45975413054254,1.0049907129489113,272
2990000,11960.000000601574,-564344.6173327435,110667.1181909501,-453677.49914179335,302.1679250520392,435.45975413054254,1.0049907129489113,272
2991000,11964.00000060239,-564826.3973550969,109987.99395435408,-454838.4034007428,300.313629351751,435.45975413054254,1.0049907129489113,272
2992000,11968.000000603204,-564736.3157926723,110589.372765476,-454146.94302719634,301.95564723834156,435.45975413054254,1.0049907129489113,272
2993000,11972.000000604019,-564050.001178876,109358.59742855851,-454691.4037503175,298.595111282938,435.45975413054254,1.0049907129489113,272
2994000,11976.000000604834,-563713.8695099759,109569.07374173336,-454144.79576824256,299.16980042153926,435.45975413054254,1.0049907129489113,272
2995000,11980.000000605649,-563147.3977020681,110035.05803133524,-453112.33967073285,300.44213413906596,435.45975413054254,1.0049907129489113,272
2996000,11984.000000606464,-564620.0279371329,111098.11561585893,-453521.91232127394,303.34472986738433,435.45975413054254,1.0049907129489113,272
2997000,11988.000000607279,-564245.5773333423,110962.84437459265,-453282.73295874964,302.9753823054272,435.45975413054254,1.0049907129489113,272
2998000,11992.000000608094,-563727.2519533886,110042.05597932427,-453685.1959740643,300.46124148963247,435.45975413054254,1.0049907129489113,272
2999000,11996.000000608909,-564665.6166730016,109538.56421063788,-455127.0524623637,299.0864965291444,435.45975413054254,1.0049907129489113,272
3000000,12000.000000609723,-564803.9851727895,110467.68597359548,-454336.29919919407,301.62339095472413,435.45975413054254,1.0049907129489113,272
3001000,12004.000000610538,-564734.6493717968,110432.04070600006,-454302.6086657967,301.5260643348274,435.45975413054254,1.0049907129489113,272
3002000,12008.000000611353,-564180.4190080143,110519.24618995324,-453661.172818061,301.76417209953695,435.45975413054254,1.0049907129489113,272
3003000,12012.000000612168,-563548.936639321,110521.65496249415,-453027.2816768269,301.7707490648769,435.45975413054254,1.0049907129489113,272
3004000,12016.000000612983,-565172.5113513158,110266.42811161239,-454906.0832397034,301.0738720773019,435.45975413054254,1.0049907129489113,272
3005000,12020.000000613798,-564746.6244913675,110507.28094984707,-454239.3435415204,301.73150194570326,435.45975413054254,1.0049907129489113,272
3006000,12024.000000614613,-564512.4136230447,110685.30193884962,-453827.1116841951,302.21757435584584,435.45975413054254,1.0049907129489113,272
3007000,12028.000000615428,-564572.0774140777,109984.6395372026,-454587.4378768751,300.30447037764026,435.45975413054254,1.0049907129489113,272
3008000,12032.000000616243,-562782.9131867462,110319.15273303416,-452463.760453712,301.21783253922234,435.45975413054254,1.0049907129489113,272
3009000,12036.000000617058,-564951.3860525629,109385.64027097798,-455565.7457815849,298.6689496525908,435.45975413054254,1.0049907129489113,272
3010000,12040.000000617873,-564128.3136461168,110895.05617807191,-453233.2574680449,302.7902919279011,435.45975413054254,1.0049907129489113,272
3011000,12044.000000618687,-564359.0180683141,110653.11185157532,-453705.90621673875,302.1296818360268,435.45975413054254,1.0049907129489113,272
3012000,12048.000000619502,-562767.4938839371,110620.6485234093,-452146.84536052786,302.0410432532882,435.45975413054254,1.0049907129489113,272
3013000,12052.000000620317,-564578.9722369807,110066.88283509787,-454512.08940188284,300.5290292807787,435.45975413054254,1.0049907129489113,272
3014000,12056.000000621132,-564048.9056548974,110665.67533606655,-453383.23031883093,302.16398544944144,435.45975413054254,1.0049907129489113,272
3015000,12060.000000621947,-563953.7377391541,109727.597132273,-454226.1406068811,299.60263616150075,435.45975413054254,1.0049907129489113,272
3016000,12064.000000622762,-563929.89023135,109744.90313818908,-454184.98709316086,299.6498888593579,435.45975413054254,1.0049907129489113,272
3017000,12068.000000623577,-564453.5020936802,110086.91229765303,-454366.58979602717,300.58371816433447,435.45975413054254,1.0049907129489113,272
3018000,12072.000000624392,-565337.2819607444,109843.46493547247,-455493.81702527194,299.9190041508859,435.45975413054254,1.0049907129489113,272
3019000,12076.000000625207,-563678.8753730045,110924.0581238666,-452754.81724913785,302.86947947634826,435.45975413054254,1.0049907129489113,272
3020000,12080.000000626022,-563927.1216742424,110410.12226605206,-453516.9994081904,301.46621774599663,435.45975413054254,1.0049907129489113,272
3021000,12084.000000626836,-562427.4417856634,111313.54729421414,-451113.89449144923,303.93294924368314,435.45975413054254,1.0049907129489113,272
3022000,12088.000000627651,-564756.0158034344,109989.20811399305,-454766.80768944137,300.31694451984055,435.45975413054254,1.0049907129489113,272
3023000,12092.000000628466,-564601.8513682396,109533.70876962924,-455068.1425986104,299.07323912659547,435.45975413054254,1.0049907129489113,272
3024000,12096.000000629281,-564307.1922623026,110273.91778864933,-454033.2744736533,301.0943220556384,435.45975413054254,1.0049907129489113,272
3025000,12100.000000630096,-564321.8831365649,110034.09763912228,-454287.7854974426,300.4395118631183,435.45975413054254,1.0049907129489113,272
3026000,12104.000000630911,-564394.0766988965,110474.40927167446,-453919.667427222,301.6417483951567,435.45975413054254,1.0049907129489113,272
3027000,12108.000000631726,-564397.7357182465,109884.4565005406,-454513.27921770595,300.03092841857944,435.45975413054254,1.0049907129489113,272
3028000,12112.00000063254,-564711.0275801113,109897.80170987989,-454813.2258702314,300.06736647065264,435.45975413054254,1.0049907129489113,272
3029000,12116.000000633356,-563428.0943466611,110815.47210941432,-452612.62223724683,302.57299384255674,435.45975413054254,1.0049907129489113,272
3030000,12120.00000063417,-564811.1844360968,110778.17010880084,-454033.01432729594,302.4711436425162,435.45975413054254,1.0049907129489113,272
3031000,12124.000000634986,-563961.4201818337,109864.49511120244,-454096.9250706312,299.9764254036273,435.45975413054254,1.0049907129489113,272
3032000,12128.0000006358,-564910.470674865,110069.12258479424,-454841.3480900707,300.5351447424393,435.45975413054254,1.0049907129489113,272
3033000,12132.000000636615,-565239.0131344036,110796.33739087987,-454442.67574352375,302.52074798768564,435.45975413054254,1.0049907129489113,272
3034000,12136.00000063743,-564459.5625223909,109584.91793902166,-454874.6445833692,299.21306176508006,435.45975413054254,1.0049907129489113,272
3035000,12140.000000638245,-563956.5904152719,110750.25934317749,-453206.33107209444,302.39493547632475,435.45975413054254,1.0049907129489113,272
3036000,12144.00000063906,-564705.2623002366,109601.43767866236,-455103.82462157425,299.2581676242659,435.45975413054254,1.0049907129489113,272
3037000,12148.000000639875,-564252.54469884,110364.89840107958,-453887.6462977604,301.342737513883,435.45975413054254,1.0049907129489113,272
3038000,12152.00000064069,-563679.4767949432,110808.48434922838,-452870.99244571483,302.55391430899107,435.45975413054254,1.0049907129489113,272
3039000,12156.000000641505,-565430.2559247278,110078.21667441807,-455352.0392503097,300.5599754440677,435.45975413054254,1.0049907129489113,272
3040000,12160.00000064232,-564674.4736664831,110638.62079578266,-454035.8528707004,302.0901151396831,435.45975413054254,1.0049907129489113,272
3041000,12164.000000643135,-563696.8413773957,110157.43074756046,-453539.4106298352,300.7762632855478,435.45975413054254,1.0049907129489113,272
3042000,12168.00000064395,-564872.7951150481,110525.70830478886,-454347.0868102592,301.78181639951737,435.45975413054254,1.0049907129489113,272
3043000,12172.000000644764,-564061.6252148617,110894.40474908671,-453167.220465775,302.7885132519222,435.45975413054254,1.0049907129489113,272
3044000,12176.00000064558,-564209.1572004808,109984.15621357341,-454225.0009869074,300.30315070020987,435.45975413054254,1.0049907129489113,272
3045000,12180.000000646394,-564715.5878967862,110274.81177366653,-454440.77612311963,301.09676301192326,435.45975413054254,1.0049907129489113,272
3046000,12184.00000064721,-565531.4534146083,110632.36171728619,-454899.0916973221,302.07302521457325,435.45975413054254,1.0049907129489113,272
3047000,12188.000000648024,-563606.1599329002,110782.78173551644,-452823.3781973838,302.48373532917566,435.45975413054254,1.0049907129489113,272
3048000,12192.000000648839,-564317.2949848794,110327.71283506567,-453989.58214981377,301.24120522942496,435.45975413054254,1.0049907129489113,272
3049000,12196.000000649654,-564585.0834206538,110883.68545019184,-453701.397970462,302.75924504327975,435.45975413054254,1.0049907129489113,272
3050000,12200.000000650469,-564464.0608192408,109527.11714193219,-454936.94367730856,299.0552412018596,435.45975413054254,1.0049907129489113,272
3051000,12204.000000651284,-564308.7714511552,110290.35899144283,-454018.41245971236,301.13921347609534,435.45975413054254,1.0049907129489113,272
3052000,12208.000000652099,-564704.0847443701,109506.97705391725,-455197.10769045283,299.0002502641238,435.45975413054254,1.0049907129489113,272
3053000,12212.000000652914,-563637.0378291896,110087.8563140473,-453549.18151514226,300.58629572738784,435.45975413054254,1.0049907129489113,272
3054000,12216.000000653728,-564679.8213013946,110093.35359993589,-454586.4677014587,300.6013056372646,435.45975413054254,1.0049907129489113,272
3055000,12220.000000654543,-565740.5084773442,109899.55653460068,-455840.9519427435,300.0721578825316,435.45975413054254,1.0049907129489113,272
3056000,12224.000000655358,-565125.2600193499,110903.36925230129,-454221.8907670486,302.81299012797854,435.45975413054254,1.0049907129489113,272
3057000,12228.000000656173,-564530.076210265,110756.75884486864,-453773.3173653964,302.4126818581949,435.45975413054254,1.0049907129489113,272
3058000,12232.000000656988,-564123.5675142067,110552.04377777374,-453571.523736433,301.85372335216226,435.45975413054254,1.0049907129489113,272
3059000,12236.000000657803,-564985.6608335851,109603.52883854881,-455382.13199503627,299.2638773730528,435.45975413054254,1.0049907129489113,272
3060000,12240.000000658618,-563947.9611195903,110056.93115066702,-453891.0299689233,300.5018569834929,435.45975413054254,1.0049907129489113,272
3061000,12244.000000659433,-563729.3821401629,110707.96783341898,-453021.4143067439,302.27946181115715,435.45975413054254,1.0049907129489113,272
3062000,12248.000000660248,-563926.9187163082,110798.30242694821,-453128.61628936,302.5261133652353,435.45975413054254,1.0049907129489113,272
3063000,12252.000000661063,-564425.5714295101,110494.30257558881,-453931.2688539213,301.69606550817537,435.45975413054254,1.0049907129489113,272
3064000,12256.000000661877,-563603.1024426473,110256.92003256624,-453346.1824100811,301.04791100988126,435.45975413054254,1.0049907129489113,272
3065000,12260.000000662692,-565162.4201951153,109523.34150911111,-455639.07868600416,299.0449321312526,435.45975413054254,1.0049907129489113,272
3066000,12264.000000663507,-563808.0082366276,111158.54528332705,-452649.4629533005,303.5097283559048,435.45975413054254,1.0049907129489113,272
3067000,12268.000000664322,-565023.5583014525,110678.31897046798,-454345.23933098454,302.1985079059276,435.45975413054254,1.0049907129489113,272
3068000,12272.000000665137,-563707.0510832914,110404.00162485207,-453303.04945843935,301.4495058131152,435.45975413054254,1.0049907129489113,272
3069000,12276.000000665952,-564648.1514581824,110556.55347683874,-454091.5979813436,301.8660367333306,435.45975413054254,1.0049907129489113,272
3070000,12280.000000666767,-564948.5877617132,111263.96381594823,-453684.62394576496,303.7975654278814,435.45975413054254,1.0049907129489113,272
3071000,12284.000000667582,-564014.9106178028,110387.98610777,-453626.92451003275,301.40577669425466,435.45975413054254,1.0049907129489113,272
3072000,12288.000000668397,-565217.0169263794,110271.38472623323,-454945.6322001462,301.0874057264991,435.45975413054254,1.0049907129489113,272
3073000,12292.000000669212,-566130.6527339676,109277.56251643109,-456853.09021753655,298.37385178278487,435.45975413054254,1.0049907129489113,272
3074000,12296.000000670027,-564172.3892466272,110363.92898707109,-453808.46025955613,301.34009060462705,435.45975413054254,1.0049907129489113,272
3075000,12300.000000670841,-563950.9125078605,109427.73256106541,-454523.17994679505,298.78387936400213,435.45975413054254,1.0049907129489113,272
3076000,12304.000000671656,-564652.9393281718,109912.02169960632,-454740.91762856545,300.10619304226793,435.45975413054254,1.0049907129489113,272
3077000,12308.000000672471,-564604.4888805896,109984.64570900623,-454619.8431715834,300.3044872292681,435.45975413054254,1.0049907129489113,272
3078000,12312.000000673286,-563621.2175551676,110424.45828618247,-453196.75926898513,301.50536112957,435.45975413054254,1.0049907129489113,272
3079000,12316.000000674101,-564060.7689373954,109769.25890943361,-454291.5100279618,299.7163903909809,435.45975413054254,1.0049907129489113,272
3080000,12320.000000674916,-563262.8761338396,110978.88552366989,-452283.9906101697,303.01918141044916,435.45975413054254,1.0049907129489113,272
3081000,12324.000000675731,-564876.8153382242,110799.33853929097,-454077.47679893323,302.5289423890849,435.45975413054254,1.0049907129489113,272
3082000,12328.000000676546,-563921.0321108927,109746.87372285558,-454174.1583880371,299.65526938692153,435.45975413054254,1.0049907129489113,272
3083000,12332.00000067736,-563402.2559095938,110389.65187471575,-453012.604034878,301.41032494083277,435.45975413054254,1.0049907129489113,272
3084000,12336.000000678176,-563758.5844130018,110371.5135822359,-453387.0708307659,301.3607997495002,435.45975413054254,1.0049907129489113,272
3085000,12340.00000067899,-565569.3554027844,110451.73916857984,-455117.6162342046,301.57984944879576,435.45975413054254,1.0049907129489113,272
3086000,12344.000000679805,-565636.3157633585,110486.62216223835,-455149.69360112015,301.675094739228,435.45975413054254,1.0049907129489113,272
3087000,12348.00000068062,-564113.6327120867,110460.2296169461,-453653.4030951406,301.6030319551042,435.45975413054254,1.0049907129489113,272
3088000,12352.000000681435,-564083.4432162517,110539.36254044872,-453544.08067580295,301.81909822382937,435.45975413054254,1.0049907129489113,272
3089000,12356.00000068225,-565315.1127376799,110465.77522820618,-454849.33750947367,301.6181738136345,435.45975413054254,1.0049907129489113,272
3090000,12360.000000683065,-564688.7935181893,109409.43934713647,-455279.35417105287,298.73393117174965,435.45975413054254,1.0049907129489113,272
3091000,12364.00000068388,-564612.0538013354,110140.49886836851,-454471.5549329669,300.7300321114982,435.45975413054254,1.0049907129489113,272
3092000,12368.000000684695,-563321.5621055528,110684.85802838922,-452636.70407716354,302.21636229299537,435.45975413054254,1.0049907129489113,272
3093000,12372.00000068551,-563796.096977408,110372.69289223535,-453423.4040851727,301.36401976337027,435.45975413054254,1.0049907129489113,272
3094000,12376.000000686325,-563430.7815989791,109928.56833190727,-453502.2132670719,300.1513723297628,435.45975413054254,1.0049907129489113,272
3095000,12380.00000068714,-564097.9952283464,110065.72433023469,-454032.27089811175,300.52586607370876,435.45975413054254,1.0049907129489113,272
3096000,12384.000000687955,-564187.9012207533,110712.52514355106,-453475.37607720227,302.2919051906265,435.45975413054254,1.0049907129489113,272
3097000,12388.00000068877,-564621.6651327764,109699.86505261456,-454921.8000801618,299.5269158833843,435.45975413054254,1.0049907129489113,272
3098000,12392.000000689584,-563959.9122332577,110252.81161086372,-453707.10062239395,301.03669328521846,435.45975413054254,1.0049907129489113,272
3099000,12396.0000006904,-564822.2869322542,109748.08110343221,-455074.205828822,299.6585660453107,435.45975413054254,1.0049907129489113,272
3100000,12400.000000691214,-565246.928202454,110567.36656370503,-454679.561638749,301.89556102270575,435.45975413054254,1.0049907129489113,272
3101000,12404.000000692029,-564259.9684010805,110323.95554278698,-453936.0128582935,301.2309462362369,435.45975413054254,1.0049907129489113,272
3102000,12408.000000692844,-563307.0965452474,110182.23423835558,-453124.86230689177,300.84398728044465,435.45975413054254,1.0049907129489113,272
3103000,12412.000000693659,-564169.3883159487,110993.0764439553,-453176.31187199336,303.05792861022553,435.45975413054254,1.0049907129489113,272
3104000,12416.000000694474,-564795.9931201488,110320.34204638918,-454475.6510737596,301.22107986647364,435.45975413054254,1.0049907129489113,272
3105000,12420.000000695289,-563819.9407206359,109895.47014072712,-453924.4705799088,300.0610003031358,435.45975413054254,1.0049907129489113,272
3106000,12424.000000696104,-563404.9397932463,110390.74353997596,-453014.1962532704,301.41330564758573,435.45975413054254,1.0049907129489113,272
3107000,12428.000000696919,-564336.6641008863,110683.39507220173,-453653.2690286846,302.21236780535673,435.45975413054254,1.0049907129489113,272
3108000,12432.000000697733,-565457.4767608368,109920.01466609526,-455537.4620947415,300.128017213155,435.45975413054254,1.0049907129489113,272
3109000,12436.000000698548,-564891.9148745821,109711.06239306729,-455180.8524815148,299.55748934717377,435.45975413054254,1.0049907129489113,272
3110000,12440.000000699363,-563814.6539399028,110191.7397032138,-453622.914236689,300.8699412100293,435.45975413054254,1.0049907129489113,272
3111000,12444.000000700178,-564357.8699218696,111127.00075022464,-453230.86917164497,303.4235984713456,435.45975413054254,1.0049907129489113,272
3112000,12448.000000700993,-564447.3992072828,110673.55270667258,-453773.84650061023,302.1854939947962,435.45975413054254,1.0049907129489113,272
3113000,12452.000000701808,-564465.0951349535,110041.62805579463,-454423.4670791589,300.46007307784816,435.45975413054254,1.0049907129489113,272
3114000,12456.000000702623,-563907.5124722812,110705.3467604111,-453202.1657118701,302.27230517596917,435.45975413054254,1.0049907129489113,272
3115000,12460.000000703438,-564095.1473556436,110499.3716163208,-453595.77573932277,301.7099061280905,435.45975413054254,1.0049907129489113,272
3116000,12464.000000704253,-565733.2858075514,109543.22778646511,-456190.05802108627,299.09923005879693,435.45975413054254,1.0049907129489113,272
3117000,12468.000000705068,-563653.4478027881,111021.90586663675,-452631.54193615133,303.136645097783,435.45975413054254,1.0049907129489113,272
3118000,12472.000000705882,-563137.1674505384,109190.69872439565,-453946.4687261427,298.13667698117655,435.45975413054254,1.0049907129489113,272
3119000,12476.000000706697,-564550.9792164746,110851.9910119524,-453698.9882045222,302.6727058544488,435.45975413054254,1.0049907129489113,272
3120000,12480.000000707512,-564648.1955132531,109945.05377898557,-454703.1417342675,300.19638455578473,435.45975413054254,1.0049907129489113,272
3121000,12484.000000708327,-563967.8257936076,111127.24751513469,-452840.57827847294,303.4242722436644,435.45975413054254,1.0049907129489113,272
3122000,12488.000000709142,-564561.9968919214,110484.2211600584,-454077.775731863,301.668538990252,435.45975413054254,1.0049907129489113,272
3123000,12492.000000709957,-564064.1344025298,109832.53843975844,-454231.59596277133,299.88917020750716,435.45975413054254,1.0049907129489113,272
3124000,12496.000000710772,-563759.4668779084,109123.76925067062,-454635.6976272378,297.9539312791929,435.45975413054254,1.0049907129489113,272
3125000,12500.000000711587,-564501.953708787,110503.9789451522,-453997.9747636348,301.7224860797127,435.45975413054254,1.0049907129489113,272
3126000,12504.000000712402,-562802.0235435576,109582.45925678627,-453219.56428677135,299.2063485252164,435.45975413054254,1.0049907129489113,272
3127000,12508.000000713217,-564566.0727802604,109746.56680770195,-454819.5059725584,299.6544313790593,435.45975413054254,1.0049907129489113,272
3128000,12512.000000714032,-564607.9158178563,110613.99164620589,-453993.92417165043,302.0228671698701,435.45975413054254,1.0049907129489113,272
3129000,12516.000000714846,-565206.8619214646,109830.86984997499,-455375.99207148957,299.88461425339113,435.45975413054254,1.0049907129489113,272
3130000,12520.000000715661,-563900.5207274468,110324.14844457526,-453576.3722828715,301.2314729395075,435.45975413054254,1.0049907129489113,272
3131000,12524.000000716476,-564092.3436005632,110192.89768092032,-453899.4459196429,300.8731029777391,435.45975413054254,1.0049907129489113,272
3132000,12528.000000717291,-564412.7017400418,110762.47115261207,-453650.2305874298,302.4282788684569,435.45975413054254,1.0049907129489113,272
3133000,12532.000000718106,-563017.0965187983,110040.19477147097,-452976.9017473273,300.45615960691686,435.45975413054254,1.0049907129489113,272
3134000,12536.000000718921,-564903.6891798181,110970.20006781083,-453933.4891120073,302.99546645140833,435.45975413054254,1.0049907129489113,272
3135000,12540.000000719736,-565532.6205098452,110415.33890023117,-455117.28160961403,301.4804613582947,435.45975413054254,1.0049907129489113,272
3136000,12544.00000072055,-564911.5497579705,109348.23412026805,-455563.3156377025,298.5668150788442,435.45975413054254,1.0049907129489113,272
3137000,12548.000000721366,-565930.248813374,110303.1810985228,-455627.0677148512,301.17422323829464,435.45975413054254,1.0049907129489113,272
3138000,12552.00000072218,-564420.2647490287,110751.2903890083,-453668.9743600204,302.3977506664591,435.45975413054254,1.0049907129489113,272
3139000,12556.000000722996,-564574.238886633,109070.26749371202,-455503.97139292094,297.80784890936985,435.45975413054254,1.0049907129489113,272
3140000,12560.00000072381,-563711.2649556631,110957.74683189724,-452753.5181237659,302.96146386312637,435.45975413054254,1.0049907129489113,272
3141000,12564.000000724625,-564209.7249807343,110333.13631511167,-453876.58866562264,301.2560136182115,435.45975413054254,1.0049907129489113,272
3142000,12568.00000072544,-564171.6350014885,110682.07109846134,-453489.56390302716,302.20875279843784,435.45975413054254,1.0049907129489113,272
3143000,12572.000000726255,-565470.5233440283,109740.40130288742,-455730.12204114086,299.63759694958134,435.45975413054254,1.0049907129489113,272
3144000,12576.00000072707,-563621.314138596,110390.65057509113,-453230.6635635048,301.41305181422666,435.45975413054254,1.0049907129489113,272
3145000,12580.000000727885,-563320.7143985755,110688.68488902392,-452632.0295095516,302.22681123714744,435.45975413054254,1.0049907129489113,272
3146000,12584.0000007287,-566002.7180004586,111003.57533451705,-454999.1426659415,303.0865950111245,435.45975413054254,1.0049907129489113,272
3147000,12588.000000729515,-564892.0543162115,109814.03244050144,-455078.02187571005,299.83864102153115,435.45975413054254,1.0049907129489113,272
3148000,12592.00000073033,-564748.1505215927,109985.25621702359,-454762.8943045691,300.3061541737395,435.45975413054254,1.0049907129489113,272
3149000,12596.000000731145,-564723.6340640844,110260.46386670813,-454463.1701973763,301.0575871722941,435.45975413054254,1.0049907129489113,272
3150000,12600.00000073196,-565097.0220315214,110844.46878385558,-454252.55324766587,302.65216699798503,435.45975413054254,1.0049907129489113,272
3151000,12604.000000732774,-564468.0322725107,109376.2157758477,-455091.816496663,298.64321680452605,435.45975413054254,1.0049907129489113,272
3152000,12608.00000073359,-563795.8182518408,110608.63128499879,-453187.186966842,302.00823112214465,435.45975413054254,1.0049907129489113,272
3153000,12612.000000734404,-562885.5127318199,111271.04909710068,-451614.4636347192,303.81691123483154,435.45975413054254,1.0049907129489113,272
3154000,12616.00000073522,-564097.3265418778,110689.52967821166,-453407.79686366615,302.22911786806134,435.45975413054254,1.0049907129489113,272
3155000,12620.000000736034,-563908.2541646343,110264.2780527469,-453643.9761118874,301.06800150945173,435.45975413054254,1.0049907129489113,272
3156000,12624.000000736849,-564831.2077467763,111122.01440958609,-453709.1933371902,303.4099836575781,435.45975413054254,1.0049907129489113,272
3157000,12628.000000737664,-563900.8311774386,111430.07333466114,-452470.7578427775,304.2511144984759,435.45975413054254,1.0049907129489113,272
3158000,12632.000000738479,-563527.561717004,110727.5053246895,-452800.05639231455,302.3328074055346,435.45975413054254,1.0049907129489113,272
3159000,12636.000000739294,-563852.8264507232,110610.14934979589,-453242.67710092734,302.0123760795388,435.45975413054254,1.0049907129489113,272
3160000,12640.000000740109,-563885.088149583,110579.61357889266,-453305.4745706903,301.9290005413977,435.45975413054254,1.0049907129489113,272
3161000,12644.000000740923,-565369.9893899807,110818.1945203889,-454551.7948695918,302.58042717315016,435.45975413054254,1.0049907129489113,272
3162000,12648.000000741738,-564255.5745624001,110076.42631435196,-454179.14824804815,300.555087005703,435.45975413054254,1.0049907129489113,272
3163000,12652.000000742553,-563873.612465118,109342.9941259413,-454530.61833917676,298.552507683487,435.45975413054254,1.0049907129489113,272
3164000,12656.000000743368,-563345.2709353156,110325.46994292279,-453019.8009923928,301.23508118755956,435.45975413054254,1.0049907129489113,272
3165000,12660.000000744183,-563987.5956919063,110277.56819226046,-453710.02749964583,301.1042891976658,435.45975413054254,1.0049907129489113,272
3166000,12664.000000744998,-563958.6385149173,110294.2840458263,-453664.35446909105,301.14993053061124,435.45975413054254,1.0049907129489113,272
3167000,12668.000000745813,-563726.9694589907,110148.60531179747,-453578.36414719326,300.7521661223093,435.45975413054254,1.0049907129489113,272
3168000,12672.000000746628,-564633.7837784854,110296.08946315094,-454337.69431533443,301.15486008164464,435.45975413054254,1.0049907129489113,272
3169000,12676.000000747443,-564279.4996961388,110526.89278690584,-453752.6069092329,301.7850505354504,435.45975413054254,1.0049907129489113,272
3170000,12680.000000748258,-565014.9907929054,110583.77078434813,-454431.2200085573,301.9403514662888,435.45975413054254,1.0049907129489113,272
3171000,12684.000000749073,-565457.8305214546,109929.35881477455,-455528.47170668,300.153530681509,435.45975413054254,1.0049907129489113,272
3172000,12688.000000749887,-563972.3223801455,110872.62895201729,-453099.69342812826,302.7290561383335,435.45975413054254,1.0049907129489113,272
3173000,12692.000000750702,-563767.1117985854,110205.49636024621,-453561.6154383392,300.90750268790174,435.45975413054254,1.0049907129489113,272
3174000,12696.000000751517,-564854.1364959083,111063.17188261606,-453790.9646132922,303.24931873225967,435.45975413054254,1.0049907129489113,272
3175000,12700.000000752332,-566148.1937331618,110202.42431980977,-455945.769413352,300.8991147213627,435.45975413054254,1.0049907129489113,272
3176000,12704.000000753147,-564077.5632348415,111027.23473898019,-453050.32849586126,303.15119516762496,435.45975413054254,1.0049907129489113,272
3177000,12708.000000753962,-565049.4870983572,111006.51900240697,-454042.9680959502,303.09463246644884,435.45975413054254,1.0049907129489113,272
3178000,12712.000000754777,-563963.2729855212,110097.02419604259,-453866.2487894787,300.61132791332454,435.45975413054254,1.0049907129489113,272
3179000,12716.000000755592,-565880.1938722474,109451.72514120798,-456428.4687310394,298.8493892306802,435.45975413054254,1.0049907129489113,272
3180000,12720.000000756407,-563748.2865484417,110168.35537812731,-453579.93117031443,300.8060921362878,435.45975413054254,1.0049907129489113,272
3181000,12724.000000757222,-564124.0316755744,110131.05554524926,-453992.9761303251,300.7042478550796,435.45975413054254,1.0049907129489113,272
3182000,12728.000000758037,-564130.6325759045,111040.23374272254,-453090.39883318194,303.1866879323484,435.45975413054254,1.0049907129489113,272
3183000,12732.000000758851,-564726.2038350925,109994.43989188183,-454731.76394321065,300.33122948085537,435.45975413054254,1.0049907129489113,272
3184000,12736.000000759666,-563390.9291921342,110255.82045392331,-453135.10873821087,301.0449086962546,435.45975413054254,1.0049907129489113,272
3185000,12740.000000760481,-562613.2192956014,109449.10584506777,-453164.1134505336,298.84223744709055,435.45975413054254,1.0049907129489113,272
3186000,12744.000000761296,-564827.4347225167,109634.59264782729,-455192.8420746894,299.348694678747,435.45975413054254,1.0049907129489113,272
3187000,12748.000000762111,-563406.2470419053,109017.35604228743,-454388.89099961787,297.6633783227149,435.45975413054254,1.0049907129489113,272
3188000,12752.000000762926,-562766.2061821795,109426.4325141476,-453339.7736680319,298.78032968740405,435.45975413054254,1.0049907129489113,272
3189000,12756.00000076374,-564104.9722292512,110158.15691856481,-453946.81531068636,300.77824603877394,435.45975413054254,1.0049907129489113,272
3190000,12760.000000764556,-563561.7852595304,110440.94188738393,-453120.8433721465,301.55036831556936,435.45975413054254,1.0049907129489113,272
3191000,12764.00000076537,-563681.4983954546,110119.51935219299,-453561.9790432616,300.67274918071456,435.45975413054254,1.0049907129489113,272
3192000,12768.000000766186,-564026.7176924129,110427.32103678261,-453599.3966556303,301.5131776465529,435.45975413054254,1.0049907129489113,272
3193000,12772.000000767,-565290.4684173502,109560.9271984247,-455729.5412189255,299.1475569211377,435.45975413054254,1.0049907129489113,272
3194000,12776.000000767815,-565223.9266545125,110918.22823785385,-454305.6984166587,302.8535614278027,435.45975413054254,1.0049907129489113,272
3195000,12780.00000076863,-563938.0776752066,110654.87365505108,-453283.2040201555,302.1344923028513,435.45975413054254,1.0049907129489113,272
3196000,12784.000000769445,-562944.7078614449,110253.4839361462,-452691.2239252987,301.0385290169055,435.45975413054254,1.0049907129489113,272
3197000,12788.00000077026,-564830.3409815966,111018.4659623013,-453811.8750192953,303.1272527075915,435.45975413054254,1.0049907129489113,272
3198000,12792.000000771075,-564889.3028333299,109893.66852552613,-454995.63430780376,300.05608113350416,435.45975413054254,1.0049907129489113,272
3199000,12796.00000077189,-563490.7847904814,110082.45636717425,-453408.32842330716,300.5715515940925,435.45975413054254,1.0049907129489113,272
3200000,12800.000000772705,-564680.7906237664,109945.01727853814,-454735.7733452282,300.19628489416306,435.45975413054254,1.0049907129489113,272
3201000,12804.00000077352,-564402.0383145288,109922.40950081624,-454479.6288137125,300.13455612236584,435.45975413054254,1.0049907129489113,272
3202000,12808.000000774335,-564886.639223306,109248.3751529355,-455638.26407037047,298.2941579657833,435.45975413054254,1.0049907129489113,272
3203000,12812.00000077515,-563898.1452776189,110272.03760451509,-453626.1076731038,301.0891883596694,435.45975413054254,1.0049907129489113,272
3204000,12816.000000775965,-564032.5298940386,109987.8842201003,-454044.64567393827,300.31332973093936,435.45975413054254,1.0049907129489113,272
3205000,12820.00000077678,-565004.8892019531,110353.18207369742,-454651.7071282556,301.3107469968064,435.45975413054254,1.0049907129489113,272
3206000,12824.000000777594,-564391.6465840638,110188.06276919431,-454203.58381486946,300.8599016287934,435.45975413054254,1.0049907129489113,272
3207000,12828.00000077841,-564234.3686742885,110274.92558685609,-453959.4430874324,301.0970737699505,435.45975413054254,1.0049907129489113,272
3208000,12832.000000779224,-564939.6120015713,110083.28393798124,-454856.3280635901,300.57381121156214,435.45975413054254,1.0049907129489113,272
3209000,12836.000000780039,-563692.4650712619,111216.21098842134,-452476.2540828405,303.66718006098074,435.45975413054254,1.0049907129489113,272
3210000,12840.000000780854,-564446.6374631869,110186.79416956421,-454259.84329362266,300.85643781655887,435.45975413054254,1.0049907129489113,272
3211000,12844.000000781669,-563673.050733644,109540.51642871927,-454132.5343049248,299.09182690818153,435.45975413054254,1.0049907129489113,272
3212000,12848.000000782484,-565222.2433127058,109715.12846777006,-455507.1148449357,299.5685914466603,435.45975413054254,1.0049907129489113,272
3213000,12852.000000783299,-566232.3365161242,110438.61760448496,-455793.71891163924,301.5440220425996,435.45975413054254,1.0049907129489113,272
3214000,12856.000000784114,-565122.8129076897,109244.24010473548,-455878.57280295424,298.28286753954814,435.45975413054254,1.0049907129489113,272
3215000,12860.000000784928,-565148.5842130883,109721.83370716323,-455426.75050592504,299.5868995792613,435.45975413054254,1.0049907129489113,272
3216000,12864.000000785743,-565497.7625979534,110292.07378375717,-455205.68881419627,301.14389558261433,435.45975413054254,1.0049907129489113,272
3217000,12868.000000786558,-565647.4165960443,110657.4956281193,-454989.920967925,302.1416513955837,435.45975413054254,1.0049907129489113,272
3218000,12872.000000787373,-564818.8671240741,110211.66273371718,-454607.20439035696,300.9243394891782,435.45975413054254,1.0049907129489113,272
3219000,12876.000000788188,-563449.1188688129,110171.91043608042,-453277.2084327325,300.8157989444409,435.45975413054254,1.0049907129489113,272
3220000,12880.000000789003,-564062.0768868215,109880.76757835317,-454181.30930846836,300.020856104587,435.45975413054254,1.0049907129489113,272
3221000,12884.000000789818,-565910.5240895054,108554.24550476403,-457356.2785847414,296.39889116084873,435.45975413054254,1.0049907129489113,272
3222000,12888.000000790633,-564773.8212835235,110597.23129055381,-454176.58999296965,301.977104327453,435.45975413054254,1.0049907129489113,272
3223000,12892.000000791448,-564551.5994451893,111165.89184084669,-453385.70760434266,303.52978755757437,435.45975413054254,1.0049907129489113,272
3224000,12896.000000792263,-564969.6145175607,109332.97438782768,-455636.640129733,298.5251495709342,435.45975413054254,1.0049907129489113,272
3225000,12900.000000793078,-563942.3701519398,109360.02087873535,-454582.34927320445,298.59899790249926,435.45975413054254,1.0049907129489113,272
3226000,12904.000000793892,-564683.7652908363,110066.42106480454,-454617.3442260318,300.5277684530489,435.45975413054254,1.0049907129489113,272
3227000,12908.000000794707,-563966.1101211337,110570.07067331776,-453396.039447816,301.90294438285963,435.45975413054254,1.0049907129489113,272
3228000,12912.000000795522,-564177.3912048512,109723.07111595983,-454454.32008889137,299.5902782273604,435.45975413054254,1.0049907129489113,272
3229000,12916.000000796337,-564820.5050084256,110767.57052089405,-454052.93448753154,302.44220229537933,435.45975413054254,1.0049907129489113,272
3230000,12920.000000797152,-563568.4034094275,110177.71702372667,-453390.6863857008,300.83165337861595,435.45975413054254,1.0049907129489113,272
3231000,12924.000000797967,-564317.927740165,109778.8428779468,-454539.08486221824,299.74255866866565,435.45975413054254,1.0049907129489113,272
3232000,12928.000000798782,-564391.5567258825,110526.5574377249,-453864.99928815756,301.78413489069675,435.45975413054254,1.0049907129489113,272
3233000,12932.000000799597,-564269.1632287297,110044.53859382903,-454224.6246349007,300.4680200746889,435.45975413054254,1.0049907129489113,272
3234000,12936.000000800412,-563998.5051997933,109794.718473999,-454203.78672579426,299.7859057440795,435.45975413054254,1.0049907129489113,272
3235000,12940.000000801227,-563756.2747406745,110273.63386522446,-453482.6408754501,301.0935468248962,435.45975413054254,1.0049907129489113,272
3236000,12944.000000802042,-564633.3935705177,110179.57505280315,-454453.8185177145,300.83672658192967,435.45975413054254,1.0049907129489113,272
3237000,12948.000000802856,-563869.5833284692,110819.11597408779,-453050.4673543814,302.5829431305255,435.45975413054254,1.0049907129489113,272
3238000,12952.000000803671,-563264.203234842,109520.05096287059,-453744.15227197146,299.035947551677,435.45975413054254,1.0049907129489113,272
3239000,12956.000000804486,-563514.5854157228,109991.0025202739,-453523.5828954489,300.32184400607866,435.45975413054254,1.0049907129489113,272
3240000,12960.000000805301,-565063.4133579079,110354.87376755662,-454708.5395903513,301.31536603479725,435.45975413054254,1.0049907129489113,272
3241000,12964.000000806116,-564917.1478075492,110450.52003089106,-454466.62777665816,301.5765206885299,435.45975413054254,1.0049907129489113,272
3242000,12968.000000806931,-564812.5616639187,110321.44626634335,-454491.1153975753,301.22409485283816,435.45975413054254,1.0049907129489113,272
3243000,12972.000000807746,-564692.6481716731,110743.79130474501,-453948.85686692805,302.3772750024257,435.45975413054254,1.0049907129489113,272
3244000,12976.00000080856,-564373.9475654908,111624.11547348258,-452749.83209200826,304.7809314072271,435.45975413054254,1.0049907129489113,272
3245000,12980.000000809376,-564831.3922787029,109310.84687442845,-455520.5454042745,298.4647321233698,435.45975413054254,1.0049907129489113,272
3246000,12984.00000081019,-564058.7867635684,110982.80172430963,-453075.9850392588,303.0298742905091,435.45975413054254,1.0049907129489113,272
3247000,12988.000000811006,-565359.6950365552,110195.98740116728,-455163.7076353879,300.8815392176203,435.45975413054254,1.0049907129489113,272
3248000,12992.00000081182,-564109.5008134437,110091.47228731809,-454018.0285261256,300.5961688600594,435.45975413054254,1.0049907129489113,272
3249000,12996.000000812635,-563365.3135162583,110892.32369761396,-452472.9898186443,302.78283110336963,435.45975413054254,1.0049907129489113,272
3250000,13000.00000081345,-563635.2175680129,110454.74009751517,-453180.4774704977,301.5880432509336,435.45975413054254,1.0049907129489113,272
3251000,13004.000000814265,-564354.7769303392,109997.95951020706,-454356.8174201321,300.34083952387175,435.45975413054254,1.0049907129489113,272
3252000,13008.00000081508,-564812.4109433801,110531.33059916622,-454281.0803442139,301.7971676353118,435.45975413054254,1.0049907129489113,272
3253000,13012.000000815895,-565131.3731311872,110454.78092902747,-454676.5922021597,301.5881547381897,435.45975413054254,1.0049907129489113,272
3254000,13016.00000081671,-563340.5167374564,110301.39636357618,-453039.12037388026,301.1693501588795,435.45975413054254,1.0049907129489113,272
3255000,13020.000000817525,-564826.6790931192,110484.01934719644,-454342.6597459228,301.66798795599044,435.45975413054254,1.0049907129489113,272
3256000,13024.00000081834,-563606.2542553949,111012.70573051157,-452593.54852488334,303.11152484446313,435.45975413054254,1.0049907129489113,272
3257000,13028.000000819155,-564559.7179206004,110179.62243423762,-454380.0954863628,300.83685595323686,435.45975413054254,1.0049907129489113,272
3258000,13032.00000081997,-561917.4495496433,110455.90913788677,-451461.54041175655,301.5912352243866,435.45975413054254,1.0049907129489113,272
3259000,13036.000000820784,-565096.2617634232,110865.05658883881,-454231.2051745844,302.7083803919439,435.45975413054254,1.0049907129489113,272
3260000,13040.0000008216,-564347.5042885249,110428.39647220254,-453919.1078163223,301.5161140389943,435.45975413054254,1.0049907129489113,272
3261000,13044.000000822414,-564341.5397037962,111026.70377571997,-453314.8359280762,303.1497454139019,435.45975413054254,1.0049907129489113,272
3262000,13048.00000082323,-564967.7368020741,109408.99783032166,-455558.73897175246,298.73272564456147,435.45975413054254,1.0049907129489113,272
3263000,13052.000000824044,-565650.4848052072,110702.10254977294,-454948.3822554343,302.26344711213784,435.45975413054254,1.0049907129489113,272
3264000,13056.000000824859,-565284.3194891163,110181.67387621145,-455102.64561290486,300.84245725536465,435.45975413054254,1.0049907129489113,272
3265000,13060.000000825674,-564063.8313087709,110355.91017485133,-453707.9211339196,301.3181958639902,435.45975413054254,1.0049907129489113,272
3266000,13064.000000826489,-565198.2879331042,111072.95110267459,-454125.3368304296,303.2760201290433,435.45975413054254,1.0049907129489113,272
3267000,13068.000000827304,-564750.6669305856,110450.38494856551,-454300.2819820201,301.57615185678753,435.45975413054254,1.0049907129489113,272
3268000,13072.000000828119,-564239.1523437686,110808.1295200506,-453431.022823718,302.5529454756271,435.45975413054254,1.0049907129489113,272
3269000,13076.000000828933,-564303.1073711398,110597.03398770175,-453706.07338343805,301.9765656074214,435.45975413054254,1.0049907129489113,272
3270000,13080.000000829748,-565502.452623819,110659.92987787281,-454842.5227459462,302.14829792446335,435.45975413054254,1.0049907129489113,272
3271000,13084.000000830563,-564200.53302497,110554.77951222961,-453645.75351274037,301.86119306148095,435.45975413054254,1.0049907129489113,272
3272000,13088.000000831378,-564184.3740406563,110340.10417951766,-453844.2698611386,301.27503882790364,435.45975413054254,1.0049907129489113,272
3273000,13092.000000832193,-566022.5727196462,109861.7583489616,-456160.81437068456,299.968952888022,435.45975413054254,1.0049907129489113,272
3274000,13096.000000833008,-563710.4480680358,109830.79226216947,-453879.6558058663,299.88440240594645,435.45975413054254,1.0049907129489113,272
3275000,13100.000000833823,-565656.4259302807,111040.17152740306,-454616.25440287765,303.1865180582765,435.45975413054254,1.0049907129489113,272
3276000,13104.000000834638,-563493.944331063,109898.89702188363,-453595.0473091793,300.0703571345542,435.45975413054254,1.0049907129489113,272
3277000,13108.000000835453,-565716.4623441272,109919.52029848541,-455796.94204564183,300.12666738099773,435.45975413054254,1.0049907129489113,272
3278000,13112.000000836268,-564260.5859139897,110417.24333202129,-453843.3425819684,301.4856612605948,435.45975413054254,1.0049907129489113,272
3279000,13116.000000837083,-564674.6196752316,111581.70136487449,-453092.91831035714,304.66512299547355,435.45975413054254,1.0049907129489113,272
3280000,13120.000000837897,-564590.5666593206,110606.35579811351,-453984.2108612071,302.0020180828801,435.45975413054254,1.0049907129489113,272
3281000,13124.000000838712,-564188.9350747513,110955.08548658097,-453233.8495881703,302.9541972675449,435.45975413054254,1.0049907129489113,272
3282000,13128.000000839527,-563244.9371302249,111647.86559111346,-451597.07153911144,304.84577924894893,435.45975413054254,1.0049907129489113,272
3283000,13132.000000840342,-563644.168324085,109518.90380788338,-454125.26451620157,299.0328153345572,435.45975413054254,1.0049907129489113,272
3284000,13136.000000841157,-565128.520010035,110692.69326090955,-454435.8267491255,302.2377557835974,435.45975413054254,1.0049907129489113,272
3285000,13140.000000841972,-565687.2955258279,110844.80460756854,-454842.49091825937,302.65308393841127,435.45975413054254,1.0049907129489113,272
3286000,13144.000000842787,-564495.0411658622,110135.83867676847,-454359.20248909376,300.7173078222138,435.45975413054254,1.0049907129489113,272
3287000,13148.000000843602,-564616.2950512585,110263.37544987758,-454352.91960138094,301.0655370227946,435.45975413054254,1.0049907129489113,272
3288000,13152.000000844417,-564160.713272592,109585.85709662846,-454574.8561759636,299.21562606159364,435.45975413054254,1.0049907129489113,272
3289000,13156.000000845232,-565122.584248675,110723.35395677129,-454399.2302919037,302.32147241958324,435.45975413054254,1.0049907129489113,272
3290000,13160.000000846047,-564095.4736851528,109541.11097126617,-454554.36271388666,299.09345026018246,435.45975413054254,1.0049907129489113,272
3291000,13164.000000846861,-565041.4600739125,109923.20260214846,-455118.25747176405,300.1367216236261,435.45975413054254,1.0049907129489113,272
3292000,13168.000000847676,-565023.5575204212,110237.07185746322,-454786.485662958,300.9937171175581,435.45975413054254,1.0049907129489113,272
3293000,13172.000000848491,-564048.5325549878,110473.84276652057,-453574.68978846725,301.64020159706814,435.45975413054254,1.0049907129489113,272
3294000,13176.000000849306,-564645.1487033712,109848.73074277249,-454796.4179605987,299.93338202655104,435.45975413054254,1.0049907129489113,272
3295000,13180.000000850121,-564323.6327700932,110037.28391845638,-454286.34885163675,300.44821175004734,435.45975413054254,1.0049907129489113,272
3296000,13184.000000850936,-563896.8138229074,110207.14495225965,-453689.6688706477,300.9120040396682,435.45975413054254,1.0049907129489113,272
3297000,13188.00000085175,-564977.052677637,109861.37486875954,-455115.67780887743,299.96790582527336,435.45975413054254,1.0049907129489113,272
3298000,13192.000000852566,-565039.5133511536,110045.31325485178,-454994.2000963018,300.47013522612406,435.45975413054254,1.0049907129489113,272
3299000,13196.00000085338,-564722.8220576071,110437.93894752543,-454284.88311008166,301.54216902276283,435.45975413054254,1.0049907129489113,272
3300000,13200.000000854196,-564442.4010226862,110168.60297860019,-454273.79804408597,300.80676819004583,435.45975413054254,1.0049907129489113,272
3301000,13204.00000085501,-564470.2267044676,109714.488789614,-454755.73791485355,299.56684485540285,435.45975413054254,1.0049907129489113,272
3302000,13208.000000855825,-563896.1727017146,109997.05127398326,-453899.1214277313,300.33835965578004,435.45975413054254,1.0049907129489113,272
3303000,13212.00000085664,-564064.4936997774,110116.38478599922,-453948.1089137782,300.66419049247736,435.45975413054254,1.0049907129489113,272
3304000,13216.000000857455,-564872.3240370154,110953.29527554697,-453919.0287614685,302.94930923610076,435.45975413054254,1.0049907129489113,272
3305000,13220.00000085827,-564044.1595739522,109489.94443265081,-454554.2151413014,298.95374402170586,435.45975413054254,1.0049907129489113,272
3306000,13224.000000859085,-565077.314726539,110459.61000615975,-454617.7047203792,301.6013401562328,435.45975413054254,1.0049907129489113,272
3307000,13228.0000008599,-564243.0808697059,109245.6067693872,-454997.4741003187,298.286599110667,435.45975413054254,1.0049907129489113,272
3308000,13232.000000860715,-562340.904220324,110788.41072388575,-451552.49349643826,302.49910484239246,435.45975413054254,1.0049907129489113,272
3309000,13236.00000086153,-563404.1035346678,110489.79981525906,-452914.3037194087,301.68377107268185,435.45975413054254,1.0049907129489113,272
3310000,13240.000000862345,-564125.7209258438,109521.43998227356,-454604.28094357025,299.03974016069867,435.45975413054254,1.0049907129489113,272
3311000,13244.00000086316,-562451.5116634639,109861.10122973006,-452590.41043373384,299.9671586752698,435.45975413054254,1.0049907129489113,272
3312000,13248.000000863974,-564926.3775305031,110475.55150360765,-454450.82602689543,301.6448671702619,435.45975413054254,1.0049907129489113,272
3313000,13252.00000086479,-565207.0920342901,111150.29876446447,-454056.79326982563,303.48721188005953,435.45975413054254,1.0049907129489113,272
3314000,13256.000000865604,-564183.9152355399,110551.84400585952,-453632.0712296804,301.85317789054915,435.45975413054254,1.0049907129489113,272
3315000,13260.00000086642,-565136.3413511515,110857.77905789815,-454278.5622932533,302.68850966195845,435.45975413054254,1.0049907129489113,272
3316000,13264.000000867234,-563447.0685658325,109903.95684995828,-453543.11171587417,300.0841726000278,435.45975413054254,1.0049907129489113,272
3317000,13268.000000868049,-564774.2522019222,109808.83468600351,-454965.4175159187,299.82444895872834,435.45975413054254,1.0049907129489113,272
3318000,13272.000000868864,-565142.9335373794,109606.58331864577,-455536.3502187336,299.27221739245607,435.45975413054254,1.0049907129489113,272
3319000,13276.000000869679,-564314.5365744298,109547.78193732296,-454766.7546371069,299.11166481211467,435.45975413054254,1.0049907129489113,272
3320000,13280.000000870494,-564239.99982851,109216.97129212366,-455023.0285363863,298.2084121759294,435.45975413054254,1.0049907129489113,272
3321000,13284.000000871309,-564033.7763773589,110049.7255333839,-453984.05084397504,300.48218260813417,435.45975413054254,1.0049907129489113,272
3322000,13288.000000872124,-562394.9455655017,110318.72064264142,-452076.2249228603,301.2166527501437,435.45975413054254,1.0049907129489113,272
3323000,13292.000000872938,-565259.4146938906,110680.03073837725,-454579.38395551336,302.2031817545447,435.45975413054254,1.0049907129489113,272
3324000,13296.000000873753,-565021.8403630708,109609.38078989147,-455412.45957317937,299.2798556692588,435.45975413054254,1.0049907129489113,272
3325000,13300.000000874568,-564334.8580793738,110223.42263330298,-454111.43544607086,300.95644897675453,435.45975413054254,1.0049907129489113,272
3326000,13304.000000875383,-564503.7529847184,110350.73996498607,-454153.0130197323,301.3040790096561,435.45975413054254,1.0049907129489113,272
3327000,13308.000000876198,-564753.7815725612,111365.98734881484,-453387.7942237464,304.07613271811834,435.45975413054254,1.0049907129489113,272
3328000,13312.000000877013,-563461.7295146966,110849.28824994655,-452612.4412647501,302.6653261738303,435.45975413054254,1.0049907129489113,272
3329000,13316.000000877828,-564474.7678653453,110341.59005114285,-454133.1778142025,301.27909588435557,435.45975413054254,1.0049907129489113,272
3330000,13320.000000878643,-563271.5872989693,110201.57925158268,-453070.0080473866,300.89680732855373,435.45975413054254,1.0049907129489113,272
3331000,13324.000000879458,-564680.0616846099,109512.47006000597,-455167.5916246039,299.0152484883413,435.45975413054254,1.0049907129489113,272
3332000,13328.000000880273,-564226.2374871136,110651.74209338729,-453574.4953937263,302.1259418182485,435.45975413054254,1.0049907129489113,272
3333000,13332.000000881088,-564182.5309353154,110882.35722367051,-453300.1737116449,302.7556184244745,435.45975413054254,1.0049907129489113,272
3334000,13336.000000881902,-564277.9376058658,110968.97573561719,-453308.96187024855,302.9921235079525,435.45975413054254,1.0049907129489113,272
3335000,13340.000000882717,-564509.1320792795,110582.00154123825,-453927.13053804124,301.93552068612416,435.45975413054254,1.0049907129489113,272
3336000,13344.000000883532,-564906.5145966741,110484.67689415195,-454421.83770252217,301.66978333660956,435.45975413054254,1.0049907129489113,272
3337000,13348.000000884347,-563543.7978472677,110538.36633624672,-453005.431511021,301.81637816604194,435.45975413054254,1.0049907129489113,272
3338000,13352.000000885162,-564353.8061354947,110461.6359199697,-453892.170215525,301.60687175570246,435.45975413054254,1.0049907129489113,272
3339000,13356.000000885977,-564983.84001825,110265.5194962924,-454718.32052195765,301.0713911741177,435.45975413054254,1.0049907129489113,272
3340000,13360.000000886792,-564873.358987513,109949.19404651423,-454924.1649409988,300.20768923298914,435.45975413054254,1.0049907129489113,272
3341000,13364.000000887607,-564213.7666975539,109950.45382269332,-454263.3128748606,300.21112895347966,435.45975413054254,1.0049907129489113,272
3342000,13368.000000888422,-563468.6251341486,111609.54481528117,-451859.08031886746,304.74114736272196,435.45975413054254,1.0049907129489113,272
3343000,13372.000000889237,-565756.7834609346,110221.77981047644,-455535.0036504582,300.9519633773024,435.45975413054254,1.0049907129489113,272
3344000,13376.000000890052,-564855.7914533028,109667.39278297976,-455188.3986703231,299.4382528866633,435.45975413054254,1.0049907129489113,272
3345000,13380.000000890866,-563715.6196059589,110394.20381136972,-453321.4157945892,301.42275364843965,435.45975413054254,1.0049907129489113,272
3346000,13384.000000891681,-563634.5519587114,110059.00936884806,-453575.5425898633,300.5075313959637,435.45975413054254,1.0049907129489113,272
3347000,13388.000000892496,-563616.4946019934,110219.61966423402,-453396.87493775936,300.9460652666572,435.45975413054254,1.0049907129489113,272
3348000,13392.000000893311,-564390.94293663,109894.82192194345,-454496.12101468653,300.0592303923616,435.45975413054254,1.0049907129489113,272
3349000,13396.000000894126,-564310.4396494403,110200.56823371939,-454109.87141572096,300.89404682322083,435.45975413054254,1.0049907129489113,272
3350000,13400.000000894941,-563705.1710826666,110014.200106929,-453690.9709757376,300.3851832051142,435.45975413054254,1.0049907129489113,272
3351000,13404.000000895756,-565021.0744489012,111568.5945001521,-453452.4799487491,304.6293357247662,435.45975413054254,1.0049907129489113,272
3352000,13408.00000089657,-563659.0130029251,110838.72892395366,-452820.2840789714,302.63649475870557,435.45975413054254,1.0049907129489113,272
3353000,13412.000000897386,-565161.2600247986,110960.30284198548,-454200.9571828131,302.96844284909264,435.45975413054254,1.0049907129489113,272
3354000,13416.0000008982,-562882.4794008806,110258.39189811505,-452624.0875027656,301.0519298238353,435.45975413054254,1.0049907129489113,272
3355000,13420.000000899016,-563779.5748996055,110419.32113909442,-453360.25376051106,301.49133455056756,435.45975413054254,1.0049907129489113,272
3356000,13424.00000089983,-565035.4909231327,110930.91181392974,-454104.579109203,302.88819294191217,435.45975413054254,1.0049907129489113,272
3357000,13428.000000900645,-565290.2063820506,109103.90540415084,-456186.3009778998,297.8996945972899,435.45975413054254,1.0049907129489113,272
3358000,13432.00000090146,-565763.6426172629,109533.08873502561,-456230.5538822373,299.07154617052413,435.45975413054254,1.0049907129489113,272
3359000,13436.000000902275,-565072.0877505005,109537.05366299662,-455535.0340875039,299.08237209675735,435.45975413054254,1.0049907129489113,272
3360000,13440.00000090309,-562592.4286121135,110534.50274421409,-452057.9258678994,301.80582892967584,435.45975413054254,1.0049907129489113,272
3361000,13444.000000903905,-563892.5914201639,111252.28539854185,-452640.30602162203,303.7656784210336,435.45975413054254,1.0049907129489113,272
3362000,13448.00000090472,-564772.9125745562,109912.10999887605,-454860.80257568014,300.10643413652934,435.45975413054254,1.0049907129489113,272
3363000,13452.000000905535,-564300.7754940167,110609.24860891677,-453691.52688509994,302.00991667690045,435.45975413054254,1.0049907129489113,272
3364000,13456.00000090635,-565206.2536127828,110000.35798622566,-455205.8956265572,300.34738837536145,435.45975413054254,1.0049907129489113,272
3365000,13460.000000907165,-564701.2783450824,110518.0314900123,-454183.2468550701,301.7608554561951,435.45975413054254,1.0049907129489113,272
3366000,13464.00000090798,-564221.0514749382,109468.39529462723,-454752.65618031094,298.8949057829437,435.45975413054254,1.0049907129489113,272
3367000,13468.000000908794,-565284.5965317162,109402.93957983935,-455881.6569518768,298.716184064663,435.45975413054254,1.0049907129489113,272
3368000,13472.00000090961,-564847.6565992162,111114.4262741172,-453733.23032509896,303.38926484618105,435.45975413054254,1.0049907129489113,272
3369000,13476.000000910424,-564243.2561990549,110373.50116959162,-453869.75502946327,301.36622670157914,435.45975413054254,1.0049907129489113,272
3370000,13480.00000091124,-564241.2042946573,110246.81642606133,-453994.387868596,301.02032390123475,435.45975413054254,1.0049907129489113,272
3371000,13484.000000912054,-565079.9795790766,110036.0918098162,-455043.88776926044,300.44495679048816,435.45975413054254,1.0049907129489113,272
3372000,13488.000000912869,-565079.98263379,110261.67467476317,-454818.30795902683,301.0608931891455,435.45975413054254,1.0049907129489113,272
3373000,13492.000000913684,-564929.0571375443,109654.94299569936,-455274.1141418449,299.4042597146051,435.45975413054254,1.0049907129489113,272
3374000,13496.000000914499,-565146.7142356224,111685.68956721234,-453461.0246684101,304.9490546622953,435.45975413054254,1.0049907129489113,272
3375000,13500.000000915314,-565730.5172310807,110188.6167480328,-455541.9004830479,300.86141422475583,435.45975413054254,1.0049907129489113,272
3376000,13504.000000916129,-564193.6795914173,109984.55259118532,-454209.127000232,300.304232978329,435.45975413054254,1.0049907129489113,272
3377000,13508.000000916943,-563723.2943161991,110037.8675350569,-453685.42678114225,300.4498052696047,435.45975413054254,1.0049907129489113,272
3378000,13512.000000917758,-564663.4789042566,109642.53845535044,-455020.94044890616,299.3703900857602,435.45975413054254,1.0049907129489113,272
3379000,13516.000000918573,-564032.4343951582,110211.90825646132,-453820.5261386969,300.92500986986005,435.45975413054254,1.0049907129489113,272
3380000,13520.000000919388,-564181.3630680721,110049.235682662,-454132.12738541013,300.4808451089868,435.45975413054254,1.0049907129489113,272
3381000,13524.000000920203,-564271.7236102056,110559.49153355238,-453712.23207665316,301.8740588677762,435.45975413054254,1.0049907129489113,272
3382000,13528.000000921018,-564322.6791826659,109974.50247515365,-454348.17670751223,300.276791921243,435.45975413054254,1.0049907129489113,272
3383000,13532.000000921833,-563731.8971143593,110015.67839155195,-453716.21872280736,300.3892195458489,435.45975413054254,1.0049907129489113,272
3384000,13536.000000922648,-564595.6306442269,109917.69440319383,-454677.9362410331,300.1216819164746,435.45975413054254,1.0049907129489113,272
3385000,13540.000000923463,-564440.4991753623,110409.35259974771,-454031.1465756146,301.46411623225003,435.45975413054254,1.0049907129489113,272
3386000,13544.000000924278,-564031.4041216667,110168.06855552911,-453863.33556613757,300.8053089895793,435.45975413054254,1.0049907129489113,272
3387000,13548.000000925093,-563690.9507736531,110320.10323623545,-453370.84753741766,301.2204278139958,435.45975413054254,1.0049907129489113,272
3388000,13552.000000925907,-564388.4559275904,110093.47015740757,-454294.9857701828,300.60162388833993,435.45975413054254,1.0049907129489113,272
3389000,13556.000000926722,-564294.5450947555,110378.78229841625,-453915.76279633923,301.38064641147093,435.45975413054254,1.0049907129489113,272
3390000,13560.000000927537,-564080.6783502395,109571.41371234914,-454509.2646378904,299.1761895285949,435.45975413054254,1.0049907129489113,272
3391000,13564.000000928352,-564188.9141866663,109944.56656795985,-454244.3476187064,300.1950542641216,435.45975413054254,1.0049907129489113,272
3392000,13568.000000929167,-565914.0670094122,109928.84830563184,-455985.2187037804,300.1521367761567,435.45975413054254,1.0049907129489113,272
3393000,13572.000000929982,-564637.8551880172,110395.53095379006,-454242.3242342272,301.4263773071918,435.45975413054254,1.0049907129489113,272
3394000,13576.000000930797,-564804.1999190897,111251.90851349267,-453552.291405597,303.764649365835,435.45975413054254,1.0049907129489113,272
3395000,13580.000000931612,-564432.081618899,111084.44413549657,-453347.63748340245,303.3074009577586,435.45975413054254,1.0049907129489113,272
3396000,13584.000000932427,-564581.3007996352,110220.44481392356,-454360.8559857117,300.9483182734547,435.45975413054254,1.0049907129489113,272
3397000,13588.000000933242,-562780.9103321345,110547.5223186072,-452233.38801352726,301.84137786095494,435.45975413054254,1.0049907129489113,272
3398000,13592.000000934057,-565045.1089553107,109629.3015922698,-455415.80736304086,299.33424786468623,435.45975413054254,1.0049907129489113,272
3399000,13596.000000934871,-565011.7196305706,110609.12466792064,-454402.59496265,302.00957826568816,435.45975413054254,1.0049907129489113,272
3400000,13600.000000935686,-564104.5295505198,109283.9444965662,-454820.5850539536,298.3912772812226,435.45975413054254,1.0049907129489113,272
3401000,13604.000000936501,-564692.1591378287,110005.46273316105,-454686.6964046677,300.36132648827703,435.45975413054254,1.0049907129489113,272
3402000,13608.000000937316,-564029.2585075521,110653.62947064795,-453375.62903690414,302.1310951544876,435.45975413054254,1.0049907129489113,272
3403000,13612.000000938131,-564711.2150959256,110577.4927187023,-454133.7223772233,301.92320969825005,435.45975413054254,1.0049907129489113,272
3404000,13616.000000938946,-564979.039290105,110693.94956769026,-454285.08972241473,302.24118603116654,435.45975413054254,1.0049907129489113,272
3405000,13620.00000093976,-564350.0446702321,110210.52173877065,-454139.52293146146,300.9212240915685,435.45975413054254,1.0049907129489113,272
3406000,13624.000000940576,-564020.1519912919,110759.47807084792,-453260.673920444,302.4201064924073,435.45975413054254,1.0049907129489113,272
3407000,13628.00000094139,-563935.3994308584,110139.7708369405,-453795.62859391794,300.7280442785305,435.45975413054254,1.0049907129489113,272
3408000,13632.000000942206,-563425.2186824498,110311.23219332732,-453113.98648912244,301.1962061240086,435.45975413054254,1.0049907129489113,272
3409000,13636.00000094302,-565639.3187840795,109469.94207282804,-456169.37671125145,298.89912914004464,435.45975413054254,1.0049907129489113,272
3410000,13640.000000943835,-564837.521867747,109984.26615817868,-454853.2557095683,300.3034508953698,435.45975413054254,1.0049907129489113,272
3411000,13644.00000094465,-564212.9619901287,110078.0411041989,-454134.92088592984,300.5594960632932,435.45975413054254,1.0049907129489113,272
3412000,13648.000000945465,-565625.8314006794,110018.1424230474,-455607.68897763203,300.3959473914494,435.45975413054254,1.0049907129489113,272
3413000,13652.00000094628,-564339.7593705272,110107.78369735123,-454231.975673176,300.64070589151873,435.45975413054254,1.0049907129489113,272
3414000,13656.000000947095,-562818.3142980873,110423.87051262177,-452394.4437854655,301.5037562597573,435.45975413054254,1.0049907129489113,272
3415000,13660.00000094791,-565624.0283755073,111066.9530496028,-454557.07532590453,303.2596429134739,435.45975413054254,1.0049907129489113,272
3416000,13664.000000948725,-564192.9190089842,110409.14859532635,-453783.7704136579,301.46355921410674,435.45975413054254,1.0049907129489113,272
3417000,13668.00000094954,-564277.8116108226,110792.99067738128,-453484.8209334413,302.51161004779766,435.45975413054254,1.0049907129489113,272
3418000,13672.000000950355,-564114.7051577135,110256.29013213963,-453858.41502557386,301.04619111595065,435.45975413054254,1.0049907129489113,272
3419000,13676.00000095117,-565025.6636719815,109825.2722118157,-455200.39146016585,299.8693303394749,435.45975413054254,1.0049907129489113,272
3420000,13680.000000951984,-564163.3608202781,110321.10253002463,-453842.25829025346,301.22315630765974,435.45975413054254,1.0049907129489113,272
3421000,13684.0000009528,-563865.634289444,109647.00510089449,-454218.6291885495,299.3825859126513,435.45975413054254,1.0049907129489113,272
3422000,13688.000000953614,-564913.7696573008,111077.27376030991,-453836.4958969909,303.28782280819246,435.45975413054254,1.0049907129489113,272
3423000,13692.00000095443,-563752.2253441974,110312.43612516939,-453439.78921902797,301.1994933658973,435.45975413054254,1.0049907129489113,272
3424000,13696.000000955244,-563895.5295410804,109967.08444916736,-453928.445091913,300.25653758050566,435.45975413054254,1.0049907129489113,272
3425000,13700.000000956059,-562974.2939724084,110028.78881090778,-452945.50516150065,300.42501652220534,435.45975413054254,1.0049907129489113,272
3426000,13704.000000956874,-564075.1022661822,109307.05908902537,-454768.0431771568,298.45438987108656,435.45975413054254,1.0049907129489113,272
3427000,13708.000000957689,-563679.9527599509,110021.0794318162,-453658.8733281347,300.40396666456354,435.45975413054254,1.0049907129489113,272
3428000,13712.000000958504,-564071.0103056054,110153.16151035659,-453917.8487952488,300.76460646671546,435.45975413054254,1.0049907129489113,272
3429000,13716.000000959319,-563873.8569448865,110421.8046474139,-453452.0522974726,301.4981155761152,435.45975413054254,1.0049907129489113,272
3430000,13720.000000960134,-565060.5007817298,110886.01351268898,-454174.48726904084,302.76560163614715,435.45975413054254,1.0049907129489113,272
3431000,13724.000000960948,-564300.0370779224,110932.33593157143,-453367.70114635094,302.89208138393417,435.45975413054254,1.0049907129489113,272
3432000,13728.000000961763,-563482.039916194,109695.2077653486,-453786.83215084544,299.51419952415733,435.45975413054254,1.0049907129489113,272
3433000,13732.000000962578,-564952.4122727038,109480.83916592691,-455471.5731067769,298.9288828018785,435.45975413054254,1.0049907129489113,272
3434000,13736.000000963393,-565714.1428379803,110426.99366173288,-455287.1491762474,301.51228377454186,435.45975413054254,1.0049907129489113,272
3435000,13740.000000964208,-563698.850664211,110662.30572779971,-453036.54493641126,302.1547849971764,435.45975413054254,1.0049907129489113,272
3436000,13744.000000965023,-564347.2346075652,110621.36559858511,-453725.8690089801,302.0430011710647,435.45975413054254,1.0049907129489113,272
3437000,13748.000000965838,-564978.8197667473,110587.62583133171,-454391.1939354156,301.9508773710656,435.45975413054254,1.0049907129489113,272
3438000,13752.000000966653,-563480.6189489053,110881.99817982741,-452598.62076907785,302.754638083296,435.45975413054254,1.0049907129489113,272
3439000,13756.000000967468,-563286.047514738,109758.89963216329,-453527.14788257476,299.6881051932728,435.45975413054254,1.0049907129489113,272
3440000,13760.000000968283,-564783.909874484,110770.66404529224,-454013.2458291917,302.45064892219835,435.45975413054254,1.0049907129489113,272
3441000,13764.000000969098,-564032.8227082193,110704.26334460825,-453328.55936361104,302.26934699371526,435.45975413054254,1.0049907129489113,272
3442000,13768.000000969912,-562941.9952604757,109699.16560891582,-453242.8296515598,299.52500610697916,435.45975413054254,1.0049907129489113,272
3443000,13772.000000970727,-563060.3073403616,110020.16134812983,-453040.1459922318,300.40145990874424,435.45975413054254,1.0049907129489113,272
3444000,13776.000000971542,-564624.2102114619,111012.80511869746,-453611.4050927644,303.1117962161442,435.45975413054254,1.0049907129489113,272
3445000,13780.000000972357,-564075.8901438145,110571.9013395629,-453503.9888042516,301.9079428740989,435.45975413054254,1.0049907129489113,272
3446000,13784.000000973172,-564510.9645102583,110955.7484861149,-453555.2160241434,302.9560075360036,435.45975413054254,1.0049907129489113,272
3447000,13788.000000973987,-563268.0966476635,109477.14943992245,-453790.9472077411,298.9188082931265,435.45975413054254,1.0049907129489113,272
3448000,13792.000000974802,-563210.734013767,109798.8277749255,-453411.9062388415,299.7971258693948,435.45975413054254,1.0049907129489113,272
3449000,13796.000000975617,-563930.1785134627,109359.9156139202,-454570.26289954246,298.5987104851408,435.45975413054254,1.0049907129489113,272
3450000,13800.000000976432,-564963.6338775889,110901.36297708191,-454062.270900507,302.8075121501471,435.45975413054254,1.0049907129489113,272
3451000,13804.000000977247,-564996.0740229306,109978.97061038727,-455017.1034125433,300.28899181561513,435.45975413054254,1.0049907129489113,272
3452000,13808.000000978062,-563152.3179739397,111288.49059633166,-451863.82737760805,303.86453388660533,435.45975413054254,1.0049907129489113,272
3453000,13812.000000978876,-565117.4161951165,110191.95591309399,-454925.4602820225,300.87053155422495,435.45975413054254,1.0049907129489113,272
3454000,13816.000000979691,-564383.795591162,109927.90617654391,-454455.88941461814,300.1495643662459,435.45975413054254,1.0049907129489113,272
3455000,13820.000000980506,-564387.217015407,110630.58285983768,-453756.63415556937,302.0681681832078,435.45975413054254,1.0049907129489113,272
3456000,13824.000000981321,-565520.2212981568,110258.777847188,-455261.44345096877,301.0529836276431,435.45975413054254,1.0049907129489113,272
3457000,13828.000000982136,-565125.7719399771,110788.28804385918,-454337.4838961179,302.49876987415905,435.45975413054254,1.0049907129489113,272
3458000,13832.000000982951,-563917.4499699972,109847.34690485256,-454070.1030651446,299.92960356516426,435.45975413054254,1.0049907129489113,272
3459000,13836.000000983766,-564006.1658335607,110659.25391074026,-453346.9119228205,302.14645224898914,435.45975413054254,1.0049907129489113,272
3460000,13840.00000098458,-563519.8349309913,109926.62564406474,-453593.20928692655,300.14606797229874,435.45975413054254,1.0049907129489113,272
3461000,13844.000000985396,-565287.9730188968,109744.5619333887,-455543.41108550807,299.64895722629257,435.45975413054254,1.0049907129489113,272
3462000,13848.00000098621,-565372.5370942233,110468.6907496166,-454903.8463446067,301.62613441719435,435.45975413054254,1.0049907129489113,272
3463000,13852.000000987025,-564752.602916393,110009.95670822519,-454742.6462081678,300.37359693628866,435.45975413054254,1.0049907129489113,272
3464000,13856.00000098784,-563640.8749137972,110373.9165271527,-453266.95838664455,301.36736080296754,435.45975413054254,1.0049907129489113,272
3465000,13860.000000988655,-563822.3896612041,110805.7847110075,-453016.6049501966,302.54654315762355,435.45975413054254,1.0049907129489113,272
3466000,13864.00000098947,-564624.8182490938,109880.86445497064,-454743.9537941232,300.02112061862664,435.45975413054254,1.0049907129489113,272
3467000,13868.000000990285,-563906.8711250941,109721.92791843542,-454184.9432066587,299.58715681578377,435.45975413054254,1.0049907129489113,272
3468000,13872.0000009911,-563849.5967115425,111054.2269052352,-452795.36980630725,303.2248951699677,435.45975413054254,1.0049907129489113,272
3469000,13876.000000991915,-564618.603748247,110472.00677051404,-454146.59697773296,301.6351885533315,435.45975413054254,1.0049907129489113,272
3470000,13880.00000099273,-563709.8611225346,110825.97685404838,-452883.88426848623,302.60167622754307,435.45975413054254,1.0049907129489113,272
3471000,13884.000000993545,-565036.2351471069,109788.48807960609,-455247.74706750084,299.7688941386746,435.45975413054254,1.0049907129489113,272
3472000,13888.00000099436,-565457.4005998815,109946.77714313267,-455510.6234567489,300.2010900670237,435.45975413054254,1.0049907129489113,272
3473000,13892.000000995175,-565219.2954696338,110318.11849748093,-454901.17697215284,301.2150086398,435.45975413054254,1.0049907129489113,272
3474000,13896.00000099599,-564560.5176321515,110196.70956059186,-454363.80807155964,300.8835110175411,435.45975413054254,1.0049907129489113,272
3475000,13900.000000996804,-564098.7434189795,110167.34153010522,-453931.40188887424,300.8033239034273,435.45975413054254,1.0049907129489113,272
3476000,13904.00000099762,-564775.8407655624,108979.28583485422,-455796.55493070814,297.55943059393655,435.45975413054254,1.0049907129489113,272
3477000,13908.000000998434,-564492.3715192061,110763.93559625908,-453728.435922947,302.4322774174876,435.45975413054254,1.0049907129489113,272
3478000,13912.00000099925,-562874.398564517,109616.32897114236,-453258.0695933747,299.29882713563285,435.45975413054254,1.0049907129489113,272
3479000,13916.000001000064,-563175.5303212069,109985.96891086083,-453189.56141034607,300.3081001286132,435.45975413054254,1.0049907129489113,272
3480000,13920.000001000879,-565318.541009062,110267.56592471228,-455050.9750843497,301.07697878712787,435.45975413054254,1.0049907129489113,272
3481000,13924.000001001694,-564655.7252111067,110045.21266193409,-454610.5125491726,300.46986056501686,435.45975413054254,1.0049907129489113,272
3482000,13928.000001002509,-564726.8389236312,110356.25631169498,-454370.58261193626,301.31914096361453,435.45975413054254,1.0049907129489113,272
3483000,13932.000001003324,-565599.2680220562,109108.07367323496,-456491.19434882124,297.9110757305552,435.45975413054254,1.0049907129489113,272
3484000,13936.000001004139,-565126.9521200764,109781.03568936524,-455345.91643071116,299.74854596902344,435.45975413054254,1.0049907129489113,272
3485000,13940.000001004953,-563072.5380157339,109622.5025941959,-453450.03542153805,299.3156837313284,435.45975413054254,1.0049907129489113,272
3486000,13944.000001005768,-564856.2235067049,110387.56287672429,-454468.6606299806,301.40462109493126,435.45975413054254,1.0049907129489113,272
3487000,13948.000001006583,-564818.4636700414,110238.59256801684,-454579.87110202457,300.9978692989839,435.45975413054254,1.0049907129489113,272
3488000,13952.000001007398,-564797.2251318465,109260.81575683807,-455536.4093750084,298.32812606334545,435.45975413054254,1.0049907129489113,272
3489000,13956.000001008213,-564596.0582034271,110112.4669606594,-454483.59124276775,300.6534931763006,435.45975413054254,1.0049907129489113,272
3490000,13960.000001009028,-564963.6534296456,109656.04583616945,-455307.60759347613,299.4072709343961,435.45975413054254,1.0049907129489113,272
3491000,13964.000001009843,-564380.4960582792,109882.61572221533,-454497.88033606386,300.02590231709485,435.45975413054254,1.0049907129489113,272
3492000,13968.000001010658,-564587.6741327746,110845.39581258432,-453742.27832019026,302.6546981775441,435.45975413054254,1.0049907129489113,272
3493000,13972.000001011473,-564353.3184845597,109967.61993479237,-454385.69854976726,300.2579996821927,435.45975413054254,1.0049907129489113,272
3494000,13976.000001012288,-564909.6411966039,109702.33241318085,-455207.30878342304,299.5336528187527,435.45975413054254,1.0049907129489113,272
3495000,13980.000001013103,-564196.4730236232,110874.27966255067,-453322.19336107257,302.7335632745532,435.45975413054254,1.0049907129489113,272
3496000,13984.000001013917,-564468.182767137,109895.60627496894,-454572.576492168,300.0613720070534,435.45975413054254,1.0049907129489113,272
3497000,13988.000001014732,-564124.9574178527,110582.15422957181,-453542.8031882809,301.93593758969666,435.45975413054254,1.0049907129489113,272
3498000,13992.000001015547,-564715.8242898616,110189.04262603365,-454526.78166382795,300.86257705138354,435.45975413054254,1.0049907129489113,272
3499000,13996.000001016362,-564378.59397416,110061.72220845311,-454316.8717657069,300.5149385926799,435.45975413054254,1.0049907129489113,272
3500000,14000.000001017177,-564321.4168741154,111023.31662452238,-453298.100249593,303.1404970620342,435.45975413054254,1.0049907129489113,272
3501000,14004.000001017992,-564341.9917502734,109888.30122590765,-454453.69052436575,300.0414261409883,435.45975413054254,1.0049907129489113,272
3502000,14008.000001018807,-563853.020662046,109253.55944441387,-454599.46121763217,298.3083132688624,435.45975413054254,1.0049907129489113,272
3503000,14012.000001019622,-564745.4461285779,110207.74400660179,-454537.7021219761,300.91363971077374,435.45975413054254,1.0049907129489113,272
3504000,14016.000001020437,-565047.2612323062,109655.30514002149,-455391.95609228476,299.40524852139947,435.45975413054254,1.0049907129489113,272
3505000,14020.000001021252,-565112.426804984,111056.12636330316,-454056.3004416808,303.23008149190775,435.45975413054254,1.0049907129489113,272
3506000,14024.000001022066,-563642.5494891219,109200.50594813301,-454442.0435409889,298.1634548398186,435.45975413054254,1.0049907129489113,272
3507000,14028.000001022881,-564851.445227839,109270.17582852964,-455581.2693993094,298.3536830082412,435.45975413054254,1.0049907129489113,272
3508000,14032.000001023696,-564230.5317758182,110576.43196169502,-453654.0998141232,301.92031338406827,435.45975413054254,1.0049907129489113,272
3509000,14036.000001024511,-563823.805908741,110531.61364584393,-453292.19226289704,301.7979404721642,435.45975413054254,1.0049907129489113,272
3510000,14040.000001025326,-563760.2381766038,110485.54046831076,-453274.69770829304,301.67214125842014,435.45975413054254,1.0049907129489113,272
3511000,14044.000001026141,-564564.856657974,109110.31974010088,-455454.5369178731,297.917208440754,435.45975413054254,1.0049907129489113,272
3512000,14048.000001026956,-564609.6482436452,110149.6994949514,-454459.9487486938,300.7551537039746,435.45975413054254,1.0049907129489113,272
3513000,14052.00000102777,-563392.5484286174,110641.29106703313,-452751.2573615843,302.09740610683104,435.45975413054254,1.0049907129489113,272
3514000,14056.000001028586,-564019.5242702104,110311.9204226702,-453707.6038475402,301.19808528049066,435.45975413054254,1.0049907129489113,272
3515000,14060.0000010294,-564855.2488969499,110635.87785718602,-454219.3710397639,302.0826257600207,435.45975413054254,1.0049907129489113,272
3516000,14064.000001030216,-564643.8176688342,110919.78576135938,-453724.03190747485,302.8578141241191,435.45975413054254,1.0049907129489113,272
3517000,14068.00000103103,-563120.7836962524,110187.12963828503,-452933.65405796736,300.8573537877068,435.45975413054254,1.0049907129489113,272
3518000,14072.000001031845,-565141.4985369043,109732.35075140296,-455409.1477855014,299.6156155473605,435.45975413054254,1.0049907129489113,272
3519000,14076.00000103266,-564321.7755754907,109079.83852112258,-455241.9370543681,297.83398185238434,435.45975413054254,1.0049907129489113,272
3520000,14080.000001033475,-564777.8932867362,109699.0825879884,-455078.8106987478,299.52477942481937,435.45975413054254,1.0049907129489113,272
3521000,14084.00000103429,-564371.5079711624,110307.93717224279,-454063.57079891965,301.18720932622085,435.45975413054254,1.0049907129489113,272
3522000,14088.000001035105,-563400.1042031581,110592.35277532018,-452807.7514278379,301.9637839225344,435.45975413054254,1.0049907129489113,272
3523000,14092.00000103592,-564393.4563313462,110453.9966059184,-453939.4597254278,301.58601320518227,435.45975413054254,1.0049907129489113,272
3524000,14096.000001036735,-564031.6699255169,110190.0958969153,-453841.57402860164,300.8654529252838,435.45975413054254,1.0049907129489113,272
3525000,14100.00000103755,-563831.5242575053,111077.28734587302,-452754.2369116323,303.28785990251174,435.45975413054254,1.0049907129489113,272
3526000,14104.000001038365,-564669.4897581199,110083.91234062362,-454585.5774174963,300.57552701590987,435.45975413054254,1.0049907129489113,272
3527000,14108.00000103918,-564316.3079686263,109791.50056003692,-454524.80740858935,299.7771194812689,435.45975413054254,1.0049907129489113,272
3528000,14112.000001039994,-564746.7083756872,110441.41752266313,-454305.2908530241,301.5516670005604,435.45975413054254,1.0049907129489113,272
3529000,14116.00000104081,-564224.3961951365,110588.7503707176,-453635.64582441887,301.9539478380519,435.45975413054254,1.0049907129489113,272
3530000,14120.000001041624,-564792.2027799692,109744.94325974188,-455047.2595202273,299.649998408125,435.45975413054254,1.0049907129489113,272
3531000,14124.00000104244,-564086.7552193273,111184.94643436765,-452901.8087849596,303.5818146373526,435.45975413054254,1.0049907129489113,272
3532000,14128.000001043254,-565199.4901564885,109489.40152818356,-455710.08862830495,298.9522616634494,435.45975413054254,1.0049907129489113,272
3533000,14132.000001044069,-564770.5842766133,110097.77290550387,-454672.81137110945,300.6133722060475,435.45975413054254,1.0049907129489113,272
3534000,14136.000001044884,-564274.2144143335,110043.98978951591,-454230.22462481755,300.466521607364,435.45975413054254,1.0049907129489113,272
3535000,14140.000001045699,-564154.0640267963,111319.16862192983,-452834.89540486643,303.94829784008334,435.45975413054254,1.0049907129489113,272
3536000,14144.000001046514,-564740.0245988532,110087.47216532158,-454652.5524335316,300.58524683928755,435.45975413054254,1.0049907129489113,272
3537000,14148.000001047329,-563840.6861830698,110980.33923731302,-452860.3469457568,303.02315066204204,435.45975413054254,1.0049907129489113,272
3538000,14152.000001048144,-563904.8284541201,110574.68221942964,-453330.14623469044,301.91553584943694,435.45975413054254,1.0049907129489113,272
3539000,14156.000001048958,-564231.3400366069,111419.5905145862,-452811.7495220207,304.22249197678633,435.45975413054254,1.0049907129489113,272
3540000,14160.000001049773,-564809.0494092708,110296.78906402201,-454512.26034524874,301.1567702871965,435.45975413054254,1.0049907129489113,272
3541000,14164.000001050588,-564324.86111697,111027.6992923267,-453297.16182464326,303.1524635942641,435.45975413054254,1.0049907129489113,272
3542000,14168.000001051403,-565101.3583158692,110777.80954685318,-454323.54876901605,302.4701591562717,435.45975413054254,1.0049907129489113,272
3543000,14172.000001052218,-563964.6535239615,109908.13472644007,-454056.5187975215,300.09557996554213,435.45975413054254,1.0049907129489113,272
3544000,14176.000001053033,-564485.0826228214,110327.1808133027,-454157.90180951875,301.23975258554276,435.45975413054254,1.0049907129489113,272
3545000,14180.000001053848,-565345.27304926,111051.99860819452,-454293.2744410655,303.2188109788892,435.45975413054254,1.0049907129489113,272
3546000,14184.000001054663,-564986.2875584806,110878.44306888664,-454107.844489594,302.74493113046424,435.45975413054254,1.0049907129489113,272
3547000,14188.000001055478,-564408.9970699139,109692.82009832223,-454716.17697159166,299.5076801857769,435.45975413054254,1.0049907129489113,272
3548000,14192.000001056293,-563705.7203090438,109607.88908842018,-454097.8312206236,299.27578269486725,435.45975413054254,1.0049907129489113,272
3549000,14196.000001057108,-564737.451527705,110548.42442672153,-454189.0271009834,301.84384099672224,435.45975413054254,1.0049907129489113,272
3550000,14200.000001057922,-564690.0985514247,110356.02200479712,-454334.07654662756,301.31850120692513,435.45975413054254,1.0049907129489113,272
3551000,14204.000001058737,-565277.4678620235,109410.1073153899,-455867.3605466336,298.73575500690896,435.45975413054254,1.0049907129489113,272
3552000,14208.000001059552,-564764.8954943363,110926.67214763036,-453838.2233467059,302.8766168641256,435.45975413054254,1.0049907129489113,272
3553000,14212.000001060367,-564163.8410773864,110384.14776448114,-453779.69331290526,301.39529639761196,435.45975413054254,1.0049907129489113,272
3554000,14216.000001061182,-564636.4024917246,110691.57092929876,-453944.8315624258,302.2346913447686,435.45975413054254,1.0049907129489113,272
3555000,14220.000001061997,-563526.8538197344,110736.23595765023,-452790.6178620842,302.356645717124,435.45975413054254,1.0049907129489113,272
3556000,14224.000001062812,-564794.6483502896,110240.37730142823,-454554.2710488613,301.00274237420723,435.45975413054254,1.0049907129489113,272
3557000,14228.000001063627,-564719.8154602512,110206.57286933553,-454513.24259091564,300.9104420119136,435.45975413054254,1.0049907129489113,272
3558000,14232.000001064442,-564150.4312010217,109980.7020094964,-454169.72919152526,300.2937192656905,435.45975413054254,1.0049907129489113,272
3559000,14236.000001065257,-563763.5533816256,110188.72814949485,-453574.8252321307,300.8617183977494,435.45975413054254,1.0049907129489113,272
3560000,14240.000001066071,-563936.8494960815,110677.25482737442,-453259.59466870705,302.1956023463016,435.45975413054254,1.0049907129489113,272
3561000,14244.000001066886,-564278.7662720741,111050.89110030024,-453227.87517177383,303.21578701506087,435.45975413054254,1.0049907129489113,272
3562000,14248.000001067701,-563024.9828198198,110883.95020620804,-452141.0326136118,302.75996793890914,435.45975413054254,1.0049907129489113,272
3563000,14252.000001068516,-564907.00659724,109543.73624061682,-455363.27035662316,299.1006183531568,435.45975413054254,1.0049907129489113,272
3564000,14256.000001069331,-564493.2181445239,109646.72615724005,-454846.49198728387,299.3818242787834,435.45975413054254,1.0049907129489113,272
3565000,14260.000001070146,-564636.8840961489,109992.28617936949,-454644.5979167794,300.3253489370078,435.45975413054254,1.0049907129489113,272
3566000,14264.000001070961,-564366.8887852891,109972.9091134941,-454393.97967179504,300.2724413716453,435.45975413054254,1.0049907129489113,272
3567000,14268.000001071776,-564547.690932373,110575.41507150169,-453972.27586087136,301.9175368447967,435.45975413054254,1.0049907129489113,272
3568000,14272.00000107259,-564079.4896342354,110034.94631152233,-454044.54332271306,300.44182909684014,435.45975413054254,1.0049907129489113,272
3569000,14276.000001073406,-565147.6818880746,109187.0717283237,-455960.6101597509,298.1267737516071,435.45975413054254,1.0049907129489113,272
3570000,14280.00000107422,-564485.8599262228,110099.82481876647,-454386.0351074564,300.6189747949924,435.45975413054254,1.0049907129489113,272
3571000,14284.000001075035,-564755.5988633274,110287.93050893457,-454467.66835439287,301.1325826942286,435.45975413054254,1.0049907129489113,272
3572000,14288.00000107585,-564509.956877022,110674.0149027668,-453835.94197425526,302.186755985142,435.45975413054254,1.0049907129489113,272
3573000,14292.000001076665,-564175.5080777514,111245.77827787754,-452929.72979987384,303.74791123615216,435.45975413054254,1.0049907129489113,272
3574000,14296.00000107748,-564536.7281874907,109929.82290355093,-454606.9052839398,300.15479783967567,435.45975413054254,1.0049907129489113,272
3575000,14300.000001078295,-563860.7658826485,109635.58486561233,-454225.1810170362,299.35140385193415,435.45975413054254,1.0049907129489113,272
3576000,14304.00000107911,-565307.5674846228,110726.81965241826,-454580.74783220456,302.33093523093703,435.45975413054254,1.0049907129489113,272
3577000,14308.000001079925,-564656.7016349277,111180.5731815368,-453476.12845339085,303.5698738119725,435.45975413054254,1.0049907129489113,272
3578000,14312.00000108074,-564880.6107485616,109417.86296801188,-455462.7477805497,298.75693121081224,435.45975413054254,1.0049907129489113,272
3579000,14316.000001081555,-563970.9419702943,109768.60696650221,-454202.33500379213,299.714610311712,435.45975413054254,1.0049907129489113,272
3580000,14320.00000108237,-564431.2540836087,110535.90305864805,-453895.3510249607,301.80965237889774,435.45975413054254,1.0049907129489113,272
3581000,14324.000001083185,-564172.4967940687,109109.35565414815,-455063.14113992057,297.91457607933836,435.45975413054254,1.0049907129489113,272
3582000,14328.000001084,-564019.149562764,109893.48136986699,-454125.668192897,300.05557011959047,435.45975413054254,1.0049907129489113,272
3583000,14332.000001084814,-563923.108898629,111068.49673044012,-452854.61216818885,303.26385781346573,435.45975413054254,1.0049907129489113,272
3584000,14336.00000108563,-563486.4008657956,110999.49713278213,-452486.90373301343,303.07545979972355,435.45975413054254,1.0049907129489113,272
3585000,14340.000001086444,-563452.4899277841,110005.23653847162,-453447.2533893124,300.36070888133935,435.45975413054254,1.0049907129489113,272
3586000,14344.000001087259,-564188.3953617392,109986.85439322048,-454201.5409685187,300.3105178690555,435.45975413054254,1.0049907129489113,272
3587000,14348.000001088074,-564623.492560579,110345.86782649154,-454277.62473408744,301.2907760159257,435.45975413054254,1.0049907129489113,272
3588000,14352.000001088889,-563495.7414137959,111269.45400631637,-452226.2874074795,303.8125559639937,435.45975413054254,1.0049907129489113,272
3589000,14356.000001089704,-565361.0341488672,110211.77681510826,-455149.257333759,300.9246509795088,435.45975413054254,1.0049907129489113,272
3590000,14360.000001090519,-565037.0398966349,110143.55948229774,-454893.48041433713,300.7383888788515,435.45975413054254,1.0049907129489113,272
3591000,14364.000001091334,-563983.0573680294,110659.0700174573,-453323.9873505721,302.14595014273885,435.45975413054254,1.0049907129489113,272
3592000,14368.000001092149,-564500.8250335036,110157.04044829856,-454343.784585205,300.77519760388884,435.45975413054254,1.0049907129489113,272
3593000,14372.000001092963,-564075.2985087042,109842.4916110989,-454232.8068976053,299.91634656468347,435.45975413054254,1.0049907129489113,272
3594000,14376.000001093778,-564262.1650457149,110143.73153706954,-454118.4335086454,300.7388586609714,435.45975413054254,1.0049907129489113,272
3595000,14380.000001094593,-563601.162200443,110408.38781001884,-453192.77439042414,301.46148194922864,435.45975413054254,1.0049907129489113,272
3596000,14384.000001095408,-564767.8470697366,110202.15628102224,-454565.69078871433,300.8983828623825,435.45975413054254,1.0049907129489113,272
3597000,14388.000001096223,-564002.9537975257,109506.55394204575,-454496.39985547995,298.9990949901963,435.45975413054254,1.0049907129489113,272
3598000,14392.000001097038,-564303.753637155,110494.51421995106,-453809.239417204,301.6966433865808,435.45975413054254,1.0049907129489113,272
3599000,14396.000001097853,-563734.2816172163,110636.62494153494,-453097.65667568136,302.08466561550114,435.45975413054254,1.0049907129489113,272
3600000,14400.000001098668,-564139.8979987181,109107.16508601709,-455032.732912701,297.90859490410156,435.45975413054254,1.0049907129489113,272
3601000,14404.000001099483,-562946.2417168464,109870.55654295476,-453075.6851738916,299.9929756697351,435.45975413054254,1.0049907129489113,272
3602000,14408.000001100298,-563726.1596122738,110874.06536511367,-452852.09424716013,302.73297815213436,435.45975413054254,1.0049907129489113,272
3603000,14412.000001101113,-563562.9327073744,109756.72892661157,-453806.20378076285,299.68217825125805,435.45975413054254,1.0049907129489113,272
3604000,14416.000001101927,-564145.6343269628,110312.27047225274,-453833.36385471,301.199041063543,435.45975413054254,1.0049907129489113,272
3605000,14420.000001102742,-564849.8911168971,109528.27073503041,-455321.6203818667,299.05839099773885,435.45975413054254,1.0049907129489113,272
3606000,14424.000001103557,-564469.5475570788,109778.2959918878,-454691.25156519096,299.7410654389838,435.45975413054254,1.0049907129489113,272
3607000,14428.000001104372,-564984.8422369598,110594.28016172256,-454390.5620752373,301.9690465006109,435.45975413054254,1.0049907129489113,272
3608000,14432.000001105187,-564916.9648750005,110082.7208058323,-454834.2440691682,300.5722736232002,435.45975413054254,1.0049907129489113,272
3609000,14436.000001106002,-564191.0943044401,110059.78237619868,-454131.3119282414,300.5096420321762,435.45975413054254,1.0049907129489113,272
3610000,14440.000001106817,-564273.9947473216,110637.83936494635,-453636.15538237523,302.08798150380073,435.45975413054254,1.0049907129489113,272
3611000,14444.000001107632,-563070.1061033197,109632.95178334392,-453437.15431997576,299.34421442639797,435.45975413054254,1.0049907129489113,272
3612000,14448.000001108447,-563597.6043511801,110145.56406142027,-453452.04028975987,300.74386222562293,435.45975413054254,1.0049907129489113,272
3613000,14452.000001109262,-563551.836621359,110636.2800972774,-452915.5565240816,302.08372404518224,435.45975413054254,1.0049907129489113,272
3614000,14456.000001110076,-564650.222954704,109681.35675851523,-454968.8661961887,299.4763804315204,435.45975413054254,1.0049907129489113,272
3615000,14460.000001110891,-563691.9285094682,110358.7493659308,-453333.1791435374,301.3259480535414,435.45975413054254,1.0049907129489113,272
3616000,14464.000001111706,-564442.8814225653,110052.01143261115,-454390.86998995417,300.4884240774854,435.45975413054254,1.0049907129489113,272
3617000,14468.000001112521,-564734.8818842042,110669.43012224208,-454065.45176196215,302.1742375999105,435.45975413054254,1.0049907129489113,272
3618000,14472.000001113336,-564579.0602498706,110231.51165484253,-454347.5485950281,300.97853541845706,435.45975413054254,1.0049907129489113,272
3619000,14476.000001114151,-564657.9991701152,110922.13631519023,-453735.862854925,302.8642321278171,435.45975413054254,1.0049907129489113,272
3620000,14480.000001114966,-564434.8217431842,109389.85118219373,-455044.9705609905,298.68044721686687,435.45975413054254,1.0049907129489113,272
3621000,14484.00000111578,-564533.4046933264,110611.85777520493,-453921.5469181215,302.01704080172,435.45975413054254,1.0049907129489113,272
3622000,14488.000001116596,-564976.3557489356,109940.93776121899,-455035.4179877166,300.1851460906621,435.45975413054254,1.0049907129489113,272
3623000,14492.00000111741,-564242.4548386196,110733.58053748833,-453508.87430113123,302.3493952997138,435.45975413054254,1.0049907129489113,272
3624000,14496.000001118226,-563536.3412412521,110350.72797479016,-453185.613266462,301.30404627136244,435.45975413054254,1.0049907129489113,272
3625000,14500.00000111904,-566007.5878363387,111109.69385989709,-454897.8939764416,303.37634335867193,435.45975413054254,1.0049907129489113,272
3626000,14504.000001119855,-563277.4946754607,110621.11233353647,-452656.38234192424,302.04230965062493,435.45975413054254,1.0049907129489113,272
3627000,14508.00000112067,-563671.0324752135,111833.02458765317,-451838.00788756035,305.35134143131813,435.45975413054254,1.0049907129489113,272
3628000,14512.000001121485,-565420.8684842149,111266.2789474067,-454154.5895368082,303.80388671355746,435.45975413054254,1.0049907129489113,272
3629000,14516.0000011223,-564059.8874418926,109446.31611556458,-454613.5713263281,298.8346203085112,435.45975413054254,1.0049907129489113,272
3630000,14520.000001123115,-563768.1715852045,110264.88419832755,-453503.287386877,301.0696565426303,435.45975413054254,1.0049907129489113,272
3631000,14524.00000112393,-564063.4163175821,109955.80983766036,-454107.6064799218,300.22575313413597,435.45975413054254,1.0049907129489113,272
3632000,14528.000001124745,-563696.4562223325,110242.30459269806,-453454.1516296345,301.0080046925317,435.45975413054254,1.0049907129489113,272
3633000,14532.00000112556,-563953.3357611671,109813.42180567524,-454139.91395549185,299.8369737308181,435.45975413054254,1.0049907129489113,272
3634000,14536.000001126375,-565056.2521240232,110322.6525426982,-454733.59958132496,301.22738849623596,435.45975413054254,1.0049907129489113,272
3635000,14540.00000112719,-565262.6582315434,109932.784616953,-455329.8736145904,300.162884566862,435.45975413054254,1.0049907129489113,272
3636000,14544.000001128004,-564964.5675350381,110792.15799662424,-454172.40953841386,302.5093364780083,435.45975413054254,1.0049907129489113,272
3637000,14548.00000112882,-563620.6193629759,110383.11203829094,-453237.507324685,301.39246842812173,435.45975413054254,1.0049907129489113,272
3638000,14552.000001129634,-564304.9065625551,110638.9963607231,-453665.910201832,302.09114059042804,435.45975413054254,1.0049907129489113,272
3639000,14556.00000113045,-563974.3915074286,109667.20399785176,-454307.18750957685,299.43773742361213,435.45975413054254,1.0049907129489113,272
3640000,14560.000001131264,-564884.4211643641,110103.39636622707,-454781.024798137,300.6287266264581,435.45975413054254,1.0049907129489113,272
3641000,14564.000001132079,-564332.0513906716,110744.5779870355,-453587.47340363613,302.37942297699374,435.45975413054254,1.0049907129489113,272
3642000,14568.000001132894,-564025.5588156274,110109.07444319963,-453916.48437242775,300.64423017227307,435.45975413054254,1.0049907129489113,272
3643000,14572.000001133709,-565068.445325241,110966.10532293923,-454102.34000230173,302.98428607026443,435.45975413054254,1.0049907129489113,272
3644000,14576.000001134524,-565719.1568935825,110509.0661116254,-455210.09078195714,301.73637619054904,435.45975413054254,1.0049907129489113,272
3645000,14580.000001135339,-565614.6400065203,109524.4536577349,-456090.1863487854,299.0479687662305,435.45975413054254,1.0049907129489113,272
3646000,14584.000001136154,-564753.3636623486,109740.52783084442,-455012.8358315042,299.6379424242884,435.45975413054254,1.0049907129489113,272
3647000,14588.000001136968,-565081.7781516742,111410.77674167871,-453671.0014099955,304.19842665806414,435.45975413054254,1.0049907129489113,272
3648000,14592.000001137783,-563709.0431099422,109938.35575227701,-453770.6873576652,300.17809611685584,435.45975413054254,1.0049907129489113,272
3649000,14596.000001138598,-564517.6026799744,110244.16915601795,-454273.43352395645,301.01309573708687,435.45975413054254,1.0049907129489113,272
3650000,14600.000001139413,-565051.502718946,109831.94277192879,-455219.5599470172,299.8875437830095,435.45975413054254,1.0049907129489113,272
3651000,14604.000001140228,-563915.4323284761,109780.63072872764,-454134.80159974843,299.74744025562285,435.45975413054254,1.0049907129489113,272
3652000,14608.000001141043,-564114.0969086061,110297.62173595442,-453816.4751726517,301.1590438328908,435.45975413054254,1.0049907129489113,272
3653000,14612.000001141858,-564106.4696544721,109357.66598450515,-454748.80366996693,298.59256804767983,435.45975413054254,1.0049907129489113,272
3654000,14616.000001142673,-563979.8814047403,111174.14691562126,-452805.73448911903,303.55232739466925,435.45975413054254,1.0049907129489113,272
3655000,14620.000001143488,-564540.4000488827,108857.53749141574,-455682.86255746696,297.22700624859624,435.45975413054254,1.0049907129489113,272
3656000,14624.000001144303,-564369.2152350452,110554.57468614486,-453814.64054890035,301.86063379984984,435.45975413054254,1.0049907129489113,272
3657000,14628.000001145117,-564816.4252909916,111059.9302507987,-453756.49504019285,303.2404677096972,435.45975413054254,1.0049907129489113,272
3658000,14632.000001145932,-564482.8224680633,110577.46983317222,-453905.3526348911,301.9231472110971,435.45975413054254,1.0049907129489113,272
3659000,14636.000001146747,-563912.1814350332,109835.7886291693,-454076.3928058639,299.8980445959105,435.45975413054254,1.0049907129489113,272
3660000,14640.000001147562,-564239.4245698457,110215.37764109529,-454024.04692875035,300.93448275370474,435.45975413054254,1.0049907129489113,272
3661000,14644.000001148377,-564121.0552946036,111052.90682569996,-453068.1484689036,303.2212907958718,435.45975413054254,1.0049907129489113,272
3662000,14648.000001149192,-565904.6868464304,110410.81865065778,-455493.86819577264,301.46811916978703,435.45975413054254,1.0049907129489113,272
3663000,14652.000001150007,-564805.4865587628,109426.81028453214,-455378.6762742307,298.78136115994175,435.45975413054254,1.0049907129489113,272
3664000,14656.000001150822,-564664.3913605982,111128.82333790103,-453535.5680226971,303.4285749046837,435.45975413054254,1.0049907129489113,272
3665000,14660.000001151637,-564544.5690353862,110644.7556949521,-453899.8133404341,302.10686600283685,435.45975413054254,1.0049907129489113,272
3666000,14664.000001152452,-564727.5037327595,110490.30923475267,-454237.19449800684,301.6851620028324,435.45975413054254,1.0049907129489113,272
3667000,14668.000001153267,-565543.4835783988,110698.21717795031,-454845.2664004485,302.2528384077558,435.45975413054254,1.0049907129489113,272
3668000,14672.000001154081,-563996.4622914251,109177.19263690384,-454819.26965452125,298.09979966386965,435.45975413054254,1.0049907129489113,272
3669000,14676.000001154896,-564134.5209840983,110734.32419777359,-453400.1967863247,302.35142580605583,435.45975413054254,1.0049907129489113,272
3670000,14680.000001155711,-563728.201724085,110243.01899747929,-453485.18272660574,301.0099553190043,435.45975413054254,1.0049907129489113,272
3671000,14684.000001156526,-565173.8494779798,109935.55970059967,-455238.2897773802,300.17046171607365,435.45975413054254,1.0049907129489113,272
3672000,14688.000001157341,-565112.792881141,110550.10515715629,-454562.68772398465,301.8484300999387,435.45975413054254,1.0049907129489113,272
3673000,14692.000001158156,-565483.0732366503,110185.84029792366,-455297.23293872667,300.853833344525,435.45975413054254,1.0049907129489113,272
3674000,14696.000001158971,-564741.8047437682,110146.98110455519,-454594.823639213,300.7477313512565,435.45975413054254,1.0049907129489113,272
3675000,14700.000001159786,-563557.2411777778,110945.29648799964,-452611.94468977815,302.92746917126834,435.45975413054254,1.0049907129489113,272
3676000,14704.0000011606,-562608.3000980979,110343.62172381318,-452264.6783742847,301.2846432079438,435.45975413054254,1.0049907129489113,272
3677000,14708.000001161416,-562942.2600369211,109842.92998691282,-453099.3300500083,299.9175435156139,435.45975413054254,1.0049907129489113,272
3678000,14712.00000116223,-563998.4571140967,110415.64634473424,-453582.8107693625,301.48130081150424,435.45975413054254,1.0049907129489113,272
3679000,14716.000001163045,-563544.7766284938,109550.05436045342,-453994.7222680404,299.11786948603583,435.45975413054254,1.0049907129489113,272
3680000,14720.00000116386,-563577.6356075425,110230.26657647279,-453347.3690310697,300.9751358291873,435.45975413054254,1.0049907129489113,272
3681000,14724.000001164675,-563815.9057184039,110138.19883426413,-453677.70688413974,300.7237520479686,435.45975413054254,1.0049907129489113,272
3682000,14728.00000116549,-564084.2488176413,110168.96591470044,-453915.2829029409,300.8077591587286,435.45975413054254,1.0049907129489113,272
3683000,14732.000001166305,-565475.5700997459,109818.93309999956,-455656.6369997463,299.85202188963484,435.45975413054254,1.0049907129489113,272
3684000,14736.00000116712,-565164.3049480864,110487.04299311474,-454677.26195497165,301.67624378507645,435.45975413054254,1.0049907129489113,272
3685000,14740.000001167935,-565049.0537973735,110541.86297859577,-454507.1908187778,301.8259254749494,435.45975413054254,1.0049907129489113,272
3686000,14744.00000116875,-565151.479831473,109923.58413285774,-455227.89569861523,300.1377633634369,435.45975413054254,1.0049907129489113,272
3687000,14748.000001169565,-564711.3902464793,109655.07814242976,-455056.31210404955,299.4046287221998,435.45975413054254,1.0049907129489113,272
3688000,14752.00000117038,-565315.4220563965,110234.01054352347,-455081.411512873,300.9853584388808,435.45975413054254,1.0049907129489113,272
3689000,14756.000001171195,-565003.9328522538,109209.61889522943,-455794.31395702437,298.18833703030344,435.45975413054254,1.0049907129489113,272
3690000,14760.00000117201,-563886.8967356775,110563.41410162544,-453323.48263405205,301.88476913361575,435.45975413054254,1.0049907129489113,272
3691000,14764.000001172824,-563721.2642307691,109571.84612716956,-454149.4181035996,299.177370203498,435.45975413054254,1.0049907129489113,272
3692000,14768.00000117364,-564992.6391667966,111054.06148875866,-453938.5776780379,303.2244435131946,435.45975413054254,1.0049907129489113,272
3693000,14772.000001174454,-564418.8596675126,110159.69432688807,-454259.1653406245,300.7824438121559,435.45975413054254,1.0049907129489113,272
3694000,14776.000001175269,-563771.6497495361,111124.56233032106,-452647.087419215,303.41694055619683,435.45975413054254,1.0049907129489113,272
3695000,14780.000001176084,-564335.3387733758,109839.99061390676,-454495.3481594691,299.9095177871345,435.45975413054254,1.0049907129489113,272
3696000,14784.000001176899,-563933.9556377353,110582.59187648655,-453351.36376124877,301.9371325504248,435.45975413054254,1.0049907129489113,272
3697000,14788.000001177714,-564260.7843514467,110569.21079091792,-453691.57356052875,301.9005965411086,435.45975413054254,1.0049907129489113,272
3698000,14792.000001178529,-564512.6404945557,110493.38205595454,-454019.25843860116,301.69355210119045,435.45975413054254,1.0049907129489113,272
3699000,14796.000001179344,-563484.9976011883,110430.71521838283,-453054.2823828054,301.52244519438597,435.45975413054254,1.0049907129489113,272
3700000,14800.000001180159,-564537.2827814971,110117.99948162236,-454419.28329987475,300.66859929279684,435.45975413054254,1.0049907129489113,272
3701000,14804.000001180973,-564725.4308481459,110185.31184854452,-454540.11899960134,300.852390454758,435.45975413054254,1.0049907129489113,272
3702000,14808.000001181788,-564046.6587907718,110279.20368876343,-453767.4551020084,301.1087547931635,435.45975413054254,1.0049907129489113,272
3703000,14812.000001182603,-563769.5004602075,110119.32616229354,-453650.1742979139,300.6722216907789,435.45975413054254,1.0049907129489113,272
3704000,14816.000001183418,-564626.5968808439,109814.26177171423,-454812.33510912966,299.83926719250087,435.45975413054254,1.0049907129489113,272
3705000,14820.000001184233,-563717.3882905212,109411.14565318427,-454306.24263733695,298.7385901071804,435.45975413054254,1.0049907129489113,272
3706000,14824.000001185048,-565405.1294486313,110558.94569120614,-454846.18375742517,301.8725684878706,435.45975413054254,1.0049907129489113,272
3707000,14828.000001185863,-563585.1569166295,110555.51214434125,-453029.6447722883,301.863193456256,435.45975413054254,1.0049907129489113,272
3708000,14832.000001186678,-563299.7001589928,110299.06623145915,-453000.63392753364,301.16298791507654,435.45975413054254,1.0049907129489113,272
3709000,14836.000001187493,-565222.2071961733,109944.21533410018,-455277.9918620731,300.19409524749307,435.45975413054254,1.0049907129489113,272
3710000,14840.000001188308,-563753.2661141166,110134.01621104463,-453619.249903072,300.7123317218576,435.45975413054254,1.0049907129489113,272
3711000,14844.000001189122,-565199.4033740317,110250.25465108364,-454949.14872294804,301.02971170619287,435.45975413054254,1.0049907129489113,272
3712000,14848.000001189937,-565422.6043515466,110419.87198621876,-455002.7323653279,301.492838595629,435.45975413054254,1.0049907129489113,272
3713000,14852.000001190752,-563370.8366784896,110025.65649639028,-453345.1801820993,300.41646398199435,435.45975413054254,1.0049907129489113,272
3714000,14856.000001191567,-564031.5640799892,110924.52146404772,-453107.0426159415,302.870744590534,435.45975413054254,1.0049907129489113,272
3715000,14860.000001192382,-563220.8216938283,110348.007862692,-452872.8138311363,301.2966192176716,435.45975413054254,1.0049907129489113,272
3716000,14864.000001193197,-563456.4715999351,111249.8360390527,-452206.6355608824,303.75899063620074,435.45975413054254,1.0049907129489113,272
3717000,14868.000001194012,-563518.2020232407,110943.57928807032,-452574.6227351704,302.9227804909446,435.45975413054254,1.0049907129489113,272
3718000,14872.000001194827,-563752.4429953941,110531.2313696057,-453221.2116257884,301.79689669674485,435.45975413054254,1.0049907129489113,272
3719000,14876.000001195642,-564274.2560252058,110627.8342138551,-453646.42181135074,302.06066321997355,435.45975413054254,1.0049907129489113,272
3720000,14880.000001196457,-563059.7340789093,110383.73224319512,-452676.00183571415,301.3941618491854,435.45975413054254,1.0049907129489113,272
3721000,14884.000001197272,-563410.5629063449,110369.34224222918,-453041.22066411574,301.3548710751556,435.45975413054254,1.0049907129489113,272
3722000,14888.000001198086,-563544.2965170601,110840.46492374469,-452703.83159331547,302.64123477058376,435.45975413054254,1.0049907129489113,272
3723000,14892.000001198901,-563374.6849622582,109884.3270321674,-453490.3579300908,300.03057491529563,435.45975413054254,1.0049907129489113,272
3724000,14896.000001199716,-565391.0987841077,110061.29240982287,-455329.80637428485,300.5137650610798,435.45975413054254,1.0049907129489113,272
3725000,14900.000001200531,-565114.3343798071,109888.34230767249,-455225.9920721346,300.0415383115394,435.45975413054254,1.0049907129489113,272
3726000,14904.000001201346,-564398.195417074,109681.44264539343,-454716.7527716806,299.4766149389351,435.45975413054254,1.0049907129489113,272
3727000,14908.000001202161,-564796.6274945969,110255.63186801574,-454540.99562658113,301.04439377715926,435.45975413054254,1.0049907129489113,272
3728000,14912.000001202976,-564127.3267796198,111018.99080955912,-453108.33597006067,303.1286857620476,435.45975413054254,1.0049907129489113,272
3729000,14916.00000120379,-564401.0111233317,110960.27619437466,-453440.73492895707,302.968370089872,435.45975413054254,1.0049907129489113,272
3730000,14920.000001204606,-564568.0857837652,110700.75520159438,-453867.3305821708,302.2597682831406,435.45975413054254,1.0049907129489113,272
3731000,14924.00000120542,-565049.2730187941,109140.53075969894,-455908.7422590952,297.9996972708137,435.45975413054254,1.0049907129489113,272
3732000,14928.000001206236,-565175.1584284566,110408.66880064068,-454766.48962781596,301.4622491721811,435.45975413054254,1.0049907129489113,272
3733000,14932.00000120705,-564900.8842892624,109495.9130598497,-455404.97122941265,298.97004089222696,435.45975413054254,1.0049907129489113,272
3734000,14936.000001207865,-564429.9315588153,109836.31864039577,-454593.61291841953,299.8994917501798,435.45975413054254,1.0049907129489113,272
3735000,14940.00000120868,-564524.1269615269,111175.3925850598,-453348.7343764671,303.55572859780614,435.45975413054254,1.0049907129489113,272
3736000,14944.000001209495,-563189.4844706035,110206.94426685211,-452982.5402037514,300.91145608383295,435.45975413054254,1.0049907129489113,272
3737000,14948.00000121031,-565308.8647452132,110021.5454561176,-455287.3192890956,300.4052391075302,435.45975413054254,1.0049907129489113,272
3738000,14952.000001211125,-564073.3111183993,110646.3958810165,-453426.91523738275,302.1113444028159,435.45975413054254,1.0049907129489113,272
3739000,14956.00000121194,-563147.1249729344,109325.38967882746,-453821.7352941069,298.5044401152424,435.45975413054254,1.0049907129489113,272
3740000,14960.000001212755,-565391.0735548786,110882.46947744791,-454508.6040774307,302.75592492464864,435.45975413054254,1.0049907129489113,272
3741000,14964.00000121357,-563338.4825589103,110774.24502340937,-452564.2375355009,302.4604265033354,435.45975413054254,1.0049907129489113,272
3742000,14968.000001214385,-565092.6277500577,109324.54428312514,-455768.0834669326,298.5021318282879,435.45975413054254,1.0049907129489113,272
3743000,14972.0000012152,-565246.4107210631,110361.89114014432,-454884.51958091883,301.33452642271374,435.45975413054254,1.0049907129489113,272
3744000,14976.000001216014,-563301.1575372987,111103.38362049125,-452197.7739168075,303.35911374269375,435.45975413054254,1.0049907129489113,272
3745000,14980.00000121683,-563099.5459841541,110378.15642694407,-452721.38955721003,301.37893751828574,435.45975413054254,1.0049907129489113,272
3746000,14984.000001217644,-563718.790431852,110085.65073320013,-453633.13969865185,300.58027356110193,435.45975413054254,1.0049907129489113,272
3747000,14988.00000121846,-563804.6908696722,111218.99136162276,-452585.69950804947,303.67477165290865,435.45975413054254,1.0049907129489113,272
3748000,14992.000001219274,-563705.5082154549,109887.5408475089,-453817.96736794594,300.03934998714277,435.45975413054254,1.0049907129489113,272
3749000,14996.000001220089,-564644.6596282688,110262.04502793068,-454382.6146003381,301.0619044095513,435.45975413054254,1.0049907129489113,272
3750000,15000.000001220904,-566662.9197676075,109716.8515054246,-456946.0682621829,299.57329606643685,435.45975413054254,1.0049907129489113,272
3751000,15004.000001221719,-563231.4426907711,109503.17955720704,-453728.26313356403,298.98988149587467,435.45975413054254,1.0049907129489113,272
3752000,15008.000001222534,-564436.5374978911,110325.96740430378,-454110.57009358733,301.2364394670173,435.45975413054254,1.0049907129489113,272
3753000,15012.000001223349,-564036.643247168,110974.77556742994,-453061.8676797381,303.00795949585176,435.45975413054254,1.0049907129489113,272
3754000,15016.000001224163,-564470.8763035419,110193.65542886104,-454277.2208746809,300.8751719493244,435.45975413054254,1.0049907129489113,272
3755000,15020.000001224978,-564310.8901615962,110484.12391948682,-453826.7662421094,301.66827348246403,435.45975413054254,1.0049907129489113,272
3756000,15024.000001225793,-563605.5291323578,109386.06656492787,-454219.46256742993,298.6701136149349,435.45975413054254,1.0049907129489113,272
3757000,15028.000001226608,-564820.8780252323,110313.39169438556,-454507.4863308468,301.2021024730288,435.45975413054254,1.0049907129489113,272
3758000,15032.000001227423,-564105.6709759482,110070.40307921282,-454035.2678967354,300.53864103246497,435.45975413054254,1.0049907129489113,272
3759000,15036.000001228238,-563982.7374207168,110560.24968733755,-453422.48773337924,301.87612894748804,435.45975413054254,1.0049907129489113,272
3760000,15040.000001229053,-565033.9494302301,109712.64182044339,-455321.3076097867,299.56180185029854,435.45975413054254,1.0049907129489113,272
3761000,15044.000001229868,-564208.294766807,109820.90799978317,-454387.3867670238,299.8574141992888,435.45975413054254,1.0049907129489113,272
3762000,15048.000001230683,-562854.8669385985,110746.95848500164,-452107.9084535968,302.3859227408149,435.45975413054254,1.0049907129489113,272
3763000,15052.000001231498,-564390.9764460456,109493.92865111213,-454897.04779493343,298.9646226191167,435.45975413054254,1.0049907129489113,272
3764000,15056.000001232313,-564378.629160292,110258.18008025055,-454120.44908004144,301.0513514716955,435.45975413054254,1.0049907129489113,272
3765000,15060.000001233127,-563497.313063995,109996.93620676128,-453500.3768572337,300.33804547371517,435.45975413054254,1.0049907129489113,272
3766000,15064.000001233942,-564316.5753300386,110300.07100004415,-454016.50432999444,301.16573135724303,435.45975413054254,1.0049907129489113,272
3767000,15068.000001234757,-564868.7332523693,109752.41518102732,-455116.318071342,299.67039990576836,435.45975413054254,1.0049907129489113,272
3768000,15072.000001235572,-564152.8961663893,109728.14369485271,-454424.75247153663,299.6041285079477,435.45975413054254,1.0049907129489113,272
3769000,15076.000001236387,-564986.6736609782,110189.95466144243,-454796.7189995358,300.86506729285315,435.45975413054254,1.0049907129489113,272
3770000,15080.000001237202,-564827.9628199558,109476.65792631445,-455351.3048936413,298.9174662535985,435.45975413054254,1.0049907129489113,272
3771000,15084.000001238017,-564327.1533529237,109976.08143164718,-454351.0719212765,300.2811031386597,435.45975413054254,1.0049907129489113,272
3772000,15088.000001238832,-563903.8378904299,110809.216638654,-453094.6212517759,302.5559137680887,435.45975413054254,1.0049907129489113,272
3773000,15092.000001239647,-563072.1278039855,110463.5337418869,-452608.5940620986,301.6120536102606,435.45975413054254,1.0049907129489113,272
3774000,15096.000001240462,-563900.0688523636,109425.0768877326,-454474.991964631,298.77662825532866,435.45975413054254,1.0049907129489113,272
3775000,15100.000001241277,-564632.8934903024,110584.29445464525,-454048.5990356571,301.94178130714556,435.45975413054254,1.0049907129489113,272
3776000,15104.000001242091,-562909.4322877806,111496.06782234838,-451413.3644654322,304.43130729408944,435.45975413054254,1.0049907129489113,272
3777000,15108.000001242906,-564835.3263559211,110613.66659635137,-454221.65975956974,302.02197964662304,435.45975413054254,1.0049907129489113,272
3778000,15112.000001243721,-564594.5605958547,110618.30464973208,-453976.2559461226,302.0346434892281,435.45975413054254,1.0049907129489113,272
3779000,15116.000001244536,-563825.8672729786,109838.47406084297,-453987.39321213565,299.90537695741017,435.45975413054254,1.0049907129489113,272
3780000,15120.000001245351,-564823.2062408398,110365.14329514629,-454458.0629456935,301.3434061780101,435.45975413054254,1.0049907129489113,272
3781000,15124.000001246166,-564243.4909563758,109987.6542930305,-454255.83666334534,300.31270193302856,435.45975413054254,1.0049907129489113,272
3782000,15128.00000124698,-563456.5017054346,109793.20196009881,-453663.2997453358,299.78176502128827,435.45975413054254,1.0049907129489113,272
3783000,15132.000001247796,-564422.2410360281,110314.147614288,-454108.0934217401,301.2041664532983,435.45975413054254,1.0049907129489113,272
3784000,15136.00000124861,-565722.7296984582,110227.40145870621,-455495.328239752,300.96731284884135,435.45975413054254,1.0049907129489113,272
3785000,15140.000001249426,-563938.9631387312,110810.95377484622,-453128.009363885,302.5606568828216,435.45975413054254,1.0049907129489113,272
3786000,15144.00000125024,-563712.1398827503,110835.2769122732,-452876.86297047714,302.6270693103539,435.45975413054254,1.0049907129489113,272
3787000,15148.000001251055,-564888.7747070077,110261.27549059888,-454627.4992164088,301.0598032479542,435.45975413054254,1.0049907129489113,272
3788000,15152.00000125187,-563562.5944425105,110000.82240813418,-453561.77203437634,300.3486564431194,435.45975413054254,1.0049907129489113,272
3789000,15156.000001252685,-565062.5215869783,110709.9099208028,-454352.61166617554,302.2847645291156,435.45975413054254,1.0049907129489113,272
3790000,15160.0000012535,-564321.1508977441,110651.47394968395,-453669.67694806017,302.12520967280386,435.45975413054254,1.0049907129489113,272
3791000,15164.000001254315,-564634.7511844081,111050.67664839595,-453584.07453601214,303.21520147088114,435.45975413054254,1.0049907129489113,272
3792000,15168.00000125513,-564473.394565281,110033.71795846993,-454439.67660681106,300.4384751747435,435.45975413054254,1.0049907129489113,272
3793000,15172.000001255945,-564615.0539205,110243.99406512367,-454371.0598553763,301.01261766507156,435.45975413054254,1.0049907129489113,272
3794000,15176.00000125676,-563840.3995558247,109862.66134098545,-453977.73821483925,299.97141843723523,435.45975413054254,1.0049907129489113,272
3795000,15180.000001257575,-563337.2380726519,110442.07748818921,-452895.1605844627,301.5534689848976,435.45975413054254,1.0049907129489113,272
3796000,15184.00000125839,-564803.8616077532,110642.20472012428,-454161.65688762895,302.0999007652561,435.45975413054254,1.0049907129489113,272
3797000,15188.000001259205,-564701.5467401175,110424.17386413238,-454277.3728759851,301.5045845373706,435.45975413054254,1.0049907129489113,272
3798000,15192.00000126002,-564355.9263199773,111117.21976982732,-453238.70655014995,303.39689226809435,435.45975413054254,1.0049907129489113,272
3799000,15196.000001260834,-563953.6104811542,110417.57836922939,-453536.0321119248,301.4865760535309,435.45975413054254,1.0049907129489113,272
3800000,15200.00000126165,-563658.9845407247,110141.03967551509,-453517.9448652096,300.73150874318435,435.45975413054254,1.0049907129489113,272
3801000,15204.000001262464,-564166.6304590227,110633.13899341493,-453533.4914656078,302.07514750635113,435.45975413054254,1.0049907129489113,272
3802000,15208.000001263279,-564094.6969108088,109656.38857622468,-454438.3083345841,299.40820675935487,435.45975413054254,1.0049907129489113,272
3803000,15212.000001264094,-564311.6712469817,109621.64393820532,-454690.0273087764,299.31333923819216,435.45975413054254,1.0049907129489113,272
3804000,15216.000001264909,-564737.9215247682,110694.08220968471,-454043.8393150835,302.2415481997753,435.45975413054254,1.0049907129489113,272
3805000,15220.000001265724,-564357.5165542383,110146.7227390164,-454210.79381522187,300.7470259043267,435.45975413054254,1.0049907129489113,272
3806000,15224.000001266539,-565001.581202873,109355.6035443448,-455645.97765852825,298.5869367158625,435.45975413054254,1.0049907129489113,272
3807000,15228.000001267354,-564884.2507937322,109921.00843794912,-454963.2423557831,300.13073062960564,435.45975413054254,1.0049907129489113,272
3808000,15232.000001268168,-563984.8886811393,110644.05892300524,-453340.8297581341,302.10496352144173,435.45975413054254,1.0049907129489113,272
3809000,15236.000001268983,-563724.9036304243,110036.58287000775,-453688.32076041657,300.44629759199796,435.45975413054254,1.0049907129489113,272
3810000,15240.000001269798,-565509.1293234131,110227.04773797502,-455282.0815854381,300.9663470420042,435.45975413054254,1.0049907129489113,272
3811000,15244.000001270613,-563899.3185778642,110296.21459598193,-453603.1039818823,301.15520174706893,435.45975413054254,1.0049907129489113,272
3812000,15248.000001271428,-565008.3876819615,109969.89925887459,-455038.48842308694,300.26422319862377,435.45975413054254,1.0049907129489113,272
3813000,15252.000001272243,-564435.7038842505,110098.7770184318,-454336.9268658187,300.6161138579935,435.45975413054254,1.0049907129489113,272
3814000,15256.000001273058,-564548.6939025098,110156.46841592743,-454392.2254865823,300.77363571416515,435.45975413054254,1.0049907129489113,272
3815000,15260.000001273873,-564826.0539100715,109712.25336590956,-455113.80054416193,299.56074120552546,435.45975413054254,1.0049907129489113,272
3816000,15264.000001274688,-564228.6782402722,109601.17601353572,-454627.5022267365,299.2574531680691,435.45975413054254,1.0049907129489113,272
3817000,15268.000001275503,-563613.4698277726,110053.7385226523,-453559.7313051203,300.49313976198715,435.45975413054254,1.0049907129489113,272
3818000,15272.000001276318,-563462.164179415,109870.47195695934,-453591.69222245563,299.9927447142793,435.45975413054254,1.0049907129489113,272
3819000,15276.000001277132,-564673.8210869767,110362.06694344163,-454311.75414353504,301.3350064398899,435.45975413054254,1.0049907129489113,272
3820000,15280.000001277947,-565604.089256566,111114.94099869207,-454489.14825787395,303.39067026144176,435.45975413054254,1.0049907129489113,272
3821000,15284.000001278762,-563601.9846565244,110741.27004197845,-452860.7146145459,302.3703908913082,435.45975413054254,1.0049907129489113,272
3822000,15288.000001279577,-564208.4286008826,110674.91233852587,-453533.5162623568,302.1892063634081,435.45975413054254,1.0049907129489113,272
3823000,15292.000001280392,-564479.1403834894,110078.44894035603,-454400.6914431334,300.5606096280753,435.45975413054254,1.0049907129489113,272
3824000,15296.000001281207,-563300.4386934321,110736.4619339126,-452563.97675951954,302.35726272766357,435.45975413054254,1.0049907129489113,272
3825000,15300.000001282022,-563703.171541044,111213.79010686121,-452489.3814341828,303.66057003290933,435.45975413054254,1.0049907129489113,272
3826000,15304.000001282837,-564780.8199520777,109505.2833871232,-455275.5365649545,298.99562583918845,435.45975413054254,1.0049907129489113,272
3827000,15308.000001283652,-564538.2369750547,109882.77611951245,-454655.4608555423,300.02634026939046,435.45975413054254,1.0049907129489113,272
3828000,15312.000001284467,-564851.5439546295,109129.8014116945,-455721.74254293495,297.9704016238622,435.45975413054254,1.0049907129489113,272
3829000,15316.000001285282,-564470.8176612528,109940.58998010866,-454530.22768114414,300.18419650149605,435.45975413054254,1.0049907129489113,272
3830000,15320.000001286096,-565316.0585000543,111002.11631517392,-454313.9421848804,303.0826112727319,435.45975413054254,1.0049907129489113,272
3831000,15324.000001286911,-564768.1528069163,109658.35784226516,-455109.7949646511,299.4135836865131,435.45975413054254,1.0049907129489113,272
3832000,15328.000001287726,-564522.0597228445,110485.52359365672,-454036.5361291878,301.67209518349483,435.45975413054254,1.0049907129489113,272
3833000,15332.000001288541,-563020.7433096888,110700.58668351779,-452320.15662617097,302.2593081576908,435.45975413054254,1.0049907129489113,272
3834000,15336.000001289356,-564869.2242503157,109979.29203708138,-454889.9322132343,300.28986944610557,435.45975413054254,1.0049907129489113,272
3835000,15340.000001290171,-564920.6242959239,109249.30025110074,-455671.3240448231,298.29668387408947,435.45975413054254,1.0049907129489113,272
3836000,15344.000001290986,-565041.7748418478,110254.03803497873,-454787.7368068691,301.0400419405022,435.45975413054254,1.0049907129489113,272
3837000,15348.0000012918,-564170.2275729235,109609.71242078138,-454560.51515214215,299.28076116150913,435.45975413054254,1.0049907129489113,272
3838000,15352.000001292616,-565312.4880947447,110058.80772174237,-455253.68037300237,300.50698081428675,435.45975413054254,1.0049907129489113,272
3839000,15356.00000129343,-566236.4810515889,110909.41534274747,-455327.06570884143,302.82949850584777,435.45975413054254,1.0049907129489113,272
3840000,15360.000001294246,-563445.8957905709,110713.48888684023,-452732.40690373065,302.29453661642606,435.45975413054254,1.0049907129489113,272
3841000,15364.00000129506,-563427.0050387769,109987.59830935649,-453439.4067294204,300.312549073978,435.45975413054254,1.0049907129489113,272
3842000,15368.000001295875,-564619.1652619625,109888.97822666538,-454730.18703529704,300.04327463869527,435.45975413054254,1.0049907129489113,272
3843000,15372.00000129669,-564560.2482547574,110081.53143416333,-454478.71682059404,300.56902613672725,435.45975413054254,1.0049907129489113,272
3844000,15376.000001297505,-564160.7900610403,110493.47612404902,-453667.31393699127,301.6938089467774,435.45975413054254,1.0049907129489113,272
3845000,15380.00000129832,-563573.2204065043,109592.96317804971,-453980.25722845463,299.23502866205354,435.45975413054254,1.0049907129489113,272
3846000,15384.000001299135,-563374.9725902523,110900.71796060869,-452474.25462964363,302.80575098303143,435.45975413054254,1.0049907129489113,272
3847000,15388.00000129995,-563906.0284747453,110704.73586467805,-453201.2926100673,302.27063717287035,435.45975413054254,1.0049907129489113,272
3848000,15392.000001300765,-564596.5630956292,109672.0785599025,-454924.4845357267,299.4510470346736,435.45975413054254,1.0049907129489113,272
3849000,15396.00000130158,-564724.0483088857,110288.77373857354,-454435.2745703121,301.1348850669163,435.45975413054254,1.0049907129489113,272
3850000,15400.000001302395,-565362.4334308067,110995.58428651944,-454366.8491442873,303.0647760785282,435.45975413054254,1.0049907129489113,272
3851000,15404.00000130321,-563644.8285261793,109511.70854974375,-454133.11997643556,299.01316924403085,435.45975413054254,1.0049907129489113,272
3852000,15408.000001304024,-563690.9369132821,110606.06137715891,-453084.87553612323,302.00121418945275,435.45975413054254,1.0049907129489113,272
3853000,15412.00000130484,-563858.7296037669,110208.53468882723,-453650.1949149397,300.91579860685187,435.45975413054254,1.0049907129489113,272
3854000,15416.000001305654,-565396.6587719261,111280.91350514625,-454115.7452667798,303.84384523076204,435.45975413054254,1.0049907129489113,272
3855000,15420.00000130647,-564111.8694405565,109722.1952242828,-454389.6742162737,299.5878866735281,435.45975413054254,1.0049907129489113,272
3856000,15424.000001307284,-563833.6377943652,111511.58536685928,-452322.0524275059,304.4736767377274,435.45975413054254,1.0049907129489113,272
3857000,15428.000001308099,-565593.8128075507,109650.3068105819,-455943.5059969688,299.39160097314686,435.45975413054254,1.0049907129489113,272
3858000,15432.000001308914,-563113.9659889983,110375.29573469877,-452738.67025429953,301.3711266214801,435.45975413054254,1.0049907129489113,272
3859000,15436.000001309729,-565010.7436021827,110714.24468406884,-454296.4989181139,302.29660026174423,435.45975413054254,1.0049907129489113,272
3860000,15440.000001310544,-564533.4781365027,110686.0761573629,-453847.4019791398,302.21968829904347,435.45975413054254,1.0049907129489113,272
3861000,15444.000001311359,-564281.3390510129,110345.9685391697,-453935.3705118432,301.2910510040295,435.45975413054254,1.0049907129489113,272
3862000,15448.000001312173,-563653.0832651057,109277.27215794916,-454375.81110715657,298.37305898162185,435.45975413054254,1.0049907129489113,272
3863000,15452.000001312988,-564467.303524415,110473.4642226143,-453993.8393018007,301.63916801248973,435.45975413054254,1.0049907129489113,272
3864000,15456.000001313803,-562783.7165905884,110815.29744290817,-451968.4191476803,302.57251692930015,435.45975413054254,1.0049907129489113,272
3865000,15460.000001314618,-565211.9309308673,109986.05306042079,-455225.87787044654,300.308329892416,435.45975413054254,1.0049907129489113,272
3866000,15464.000001315433,-564068.1460603164,110903.98098103714,-453164.1650792792,302.81466040552647,435.45975413054254,1.0049907129489113,272
3867000,15468.000001316248,-565069.7185330084,109991.56479296566,-455078.1537400427,300.32337924775976,435.45975413054254,1.0049907129489113,272
3868000,15472.000001317063,-563552.4200577606,109405.23712397576,-454147.1829337848,298.72245732952945,435.45975413054254,1.0049907129489113,272
3869000,15476.000001317878,-564143.8227434694,110710.95591261442,-453432.86683085497,302.2876205280835,435.45975413054254,1.0049907129489113,272
3870000,15480.000001318693,-563815.7762236926,110468.43178997957,-453347.344433713,301.62542734812564,435.45975413054254,1.0049907129489113,272
3871000,15484.000001319508,-565082.1651938306,109863.8817545175,-455218.2834393131,299.9747506810915,435.45975413054254,1.0049907129489113,272
3872000,15488.000001320323,-563737.1797960461,111066.12821877387,-452671.05157727224,303.2573907773004,435.45975413054254,1.0049907129489113,272
3873000,15492.000001321137,-565015.2097291048,110346.82252573481,-454668.38720337,301.2933827476641,435.45975413054254,1.0049907129489113,272
3874000,15496.000001321952,-565452.4317010357,110546.256835356,-454906.1748656797,301.8379225577497,435.45975413054254,1.0049907129489113,272
3875000,15500.000001322767,-565645.2556992904,110190.40440939507,-455454.85128989536,300.86629529452034,435.45975413054254,1.0049907129489113,272
3876000,15504.000001323582,-563665.6877643159,110313.98192469834,-453351.7058396175,301.20371405081113,435.45975413054254,1.0049907129489113,272
3877000,15508.000001324397,-563975.6031155158,110543.905384921,-453431.6977305948,301.83150210594414,435.45975413054254,1.0049907129489113,272
3878000,15512.000001325212,-564546.4351401506,109840.55445120257,-454705.88068894803,299.9110573008449,435.45975413054254,1.0049907129489113,272
3879000,15516.000001326027,-564952.2360882005,109400.77896189943,-455551.457126301,298.71028466608465,435.45975413054254,1.0049907129489113,272
3880000,15520.000001326842,-565048.732764631,109084.12665804249,-455964.60610658856,297.84569027541556,435.45975413054254,1.0049907129489113,272
3881000,15524.000001327657,-563635.3552112705,110569.44592161878,-453065.9092896517,301.9012385471278,435.45975413054254,1.0049907129489113,272
3882000,15528.000001328472,-563727.0966678993,110360.46512813662,-453366.63153976266,301.3306328082734,435.45975413054254,1.0049907129489113,272
3883000,15532.000001329287,-565076.7148250109,110160.63274377969,-454916.0820812312,300.78500608620453,435.45975413054254,1.0049907129489113,272
3884000,15536.000001330101,-564794.4962536865,110545.9001273252,-454248.5961263613,301.8369485943243,435.45975413054254,1.0049907129489113,272
3885000,15540.000001330916,-565074.2258071443,110018.7001469073,-455055.525660237,300.39747021290043,435.45975413054254,1.0049907129489113,272
3886000,15544.000001331731,-562907.582500509,110491.63701561283,-452415.9454848962,301.68878740479454,435.45975413054254,1.0049907129489113,272
3887000,15548.000001332546,-565074.4349158448,109833.0173836106,-455241.4175322342,299.89047792629833,435.45975413054254,1.0049907129489113,272
3888000,15552.000001333361,-565099.3004860459,110852.86527767294,-454246.43520837295,302.67509296873385,435.45975413054254,1.0049907129489113,272
3889000,15556.000001334176,-564238.5297840782,110631.4897214761,-453607.04006260214,302.07064429810146,435.45975413054254,1.0049907129489113,272
3890000,15560.00000133499,-564254.7486905358,110934.1496837713,-453320.5990067645,302.89703369269347,435.45975413054254,1.0049907129489113,272
3891000,15564.000001335806,-563880.7400599243,110551.55876949057,-453329.18129043374,301.85239907491575,435.45975413054254,1.0049907129489113,272
3892000,15568.00000133662,-563341.0504711303,110732.07945638249,-452608.9710147478,302.3452967149625,435.45975413054254,1.0049907129489113,272
3893000,15572.000001337436,-563666.3509049225,110067.59188063804,-453598.75902428443,300.53096527426203,435.45975413054254,1.0049907129489113,272
3894000,15576.00000133825,-563400.5368063506,111365.41745387728,-452035.1193524733,304.07457666449017,435.45975413054254,1.0049907129489113,272
3895000,15580.000001339065,-564604.065312807,110415.39517204283,-454188.67014076415,301.48061500408255,435.45975413054254,1.0049907129489113,272
3896000,15584.00000133988,-563321.0704408404,110855.9513784945,-452465.11906234594,302.68351932605657,435.45975413054254,1.0049907129489113,272
3897000,15588.000001340695,-563941.2372706393,109858.74748043914,-454082.48979020014,299.96073194661767,435.45975413054254,1.0049907129489113,272
3898000,15592.00000134151,-563802.230013723,110588.15528944827,-453214.07472427475,301.95232301511146,435.45975413054254,1.0049907129489113,272
3899000,15596.000001342325,-564498.7352793161,111118.76409317524,-453379.97118614084,303.4011089224112,435.45975413054254,1.0049907129489113,272
3900000,15600.00000134314,-563776.9102388639,109469.95868342757,-454306.95155543636,298.8991744939897,435.45975413054254,1.0049907129489113,272
3901000,15604.000001343955,-563208.9212994459,111037.4800045354,-452171.4412949105,303.1791690652472,435.45975413054254,1.0049907129489113,272
3902000,15608.00000134477,-563910.4153438634,110037.9089115035,-453872.5064323599,300.4499182447614,435.45975413054254,1.0049907129489113,272
3903000,15612.000001345585,-565260.1823071912,110282.73911250767,-454977.4431946835,301.1184079916423,435.45975413054254,1.0049907129489113,272
3904000,15616.0000013464,-564944.0614097207,111028.59750236795,-453915.46390735277,303.15491608664723,435.45975413054254,1.0049907129489113,272
3905000,15620.000001347214,-564304.9201414688,109867.13584344683,-454437.7842980219,299.9836357168256,435.45975413054254,1.0049907129489113,272
3906000,15624.00000134803,-565124.3767566541,110451.1903151659,-454673.1864414882,301.57835084740486,435.45975413054254,1.0049907129489113,272
3907000,15628.000001348844,-564119.3045318602,110528.96948340093,-453590.33504845924,301.7907207930765,435.45975413054254,1.0049907129489113,272
3908000,15632.00000134966,-564197.2596450406,109557.08147668815,-454640.17816835246,299.13705647821973,435.45975413054254,1.0049907129489113,272
3909000,15636.000001350474,-564720.2813013336,110214.87492608733,-454505.40637524624,300.9331101296288,435.45975413054254,1.0049907129489113,272
3910000,15640.000001351289,-565165.4114489458,110169.92840350303,-454995.4830454427,300.81038715925047,435.45975413054254,1.0049907129489113,272
3911000,15644.000001352104,-562404.4530035984,110656.24835304974,-451748.20465054864,302.13824580839673,435.45975413054254,1.0049907129489113,272
3912000,15648.000001352919,-563577.3091453314,109609.79403490969,-453967.5151104217,299.28098400251383,435.45975413054254,1.0049907129489113,272
3913000,15652.000001353734,-563742.7227222142,110192.48741798208,-453550.2353042321,300.87198278682064,435.45975413054254,1.0049907129489113,272
3914000,15656.000001354549,-563595.3956791391,109980.75704770541,-453614.63863143366,300.29386954322274,435.45975413054254,1.0049907129489113,272
3915000,15660.000001355364,-564585.9005217724,109958.75531987892,-454627.1452018935,300.23379554334304,435.45975413054254,1.0049907129489113,272
3916000,15664.000001356178,-563745.1264643972,109633.26793458528,-454111.8585298119,299.34507765267665,435.45975413054254,1.0049907129489113,272
3917000,15668.000001356993,-564902.509252964,110578.2046464791,-454324.30460648495,301.9251535614555,435.45975413054254,1.0049907129489113,272
3918000,15672.000001357808,-565062.1214931477,110380.4149657992,-454681.7065273485,301.38510428227727,435.45975413054254,1.0049907129489113,272
3919000,15676.000001358623,-564545.882037167,110163.28059430234,-454382.60144286463,300.79223583530575,435.45975413054254,1.0049907129489113,272
3920000,15680.000001359438,-563477.7677111807,109581.99875070422,-453895.7689604765,299.20509114931684,435.45975413054254,1.0049907129489113,272
3921000,15684.000001360253,-564601.7544847536,110145.17871636717,-454456.5757683864,300.7428100710441,435.45975413054254,1.0049907129489113,272
3922000,15688.000001361068,-563192.9302654169,110462.2813797465,-452730.64888567035,301.60863413322386,435.45975413054254,1.0049907129489113,272
3923000,15692.000001361883,-564775.2619332843,109311.83409174846,-455463.4278415359,298.4674276431777,435.45975413054254,1.0049907129489113,272
3924000,15696.000001362698,-563731.3299611527,109632.89984827721,-454098.43011287553,299.3440726217535,435.45975413054254,1.0049907129489113,272
3925000,15700.000001363513,-564243.6157386489,109907.1306475621,-454336.4850910868,300.09283840656684,435.45975413054254,1.0049907129489113,272
3926000,15704.000001364328,-564789.8841781379,110086.70892686467,-454703.1752512732,300.5831628762765,435.45975413054254,1.0049907129489113,272
3927000,15708.000001365142,-564335.6364396294,109301.23508145253,-455034.40135817684,298.43848787316216,435.45975413054254,1.0049907129489113,272
3928000,15712.000001365957,-565682.4591275956,109082.45881051198,-456600.0003170837,297.8411363479633,435.45975413054254,1.0049907129489113,272
3929000,15716.000001366772,-564045.457580707,110863.05225961091,-453182.4053210961,302.7029077274901,435.45975413054254,1.0049907129489113,272
3930000,15720.000001367587,-563822.0724179712,110218.43769119406,-453603.63472677715,300.942837981563,435.45975413054254,1.0049907129489113,272
3931000,15724.000001368402,-564793.7607632712,110411.95455013996,-454381.8062131313,301.47122065462924,435.45975413054254,1.0049907129489113,272
3932000,15728.000001369217,-565373.4018962258,110967.17892718573,-454406.22296904004,302.98721746282973,435.45975413054254,1.0049907129489113,272
3933000,15732.000001370032,-563893.2143619028,111000.70692613028,-452892.5074357725,303.07876304599694,435.45975413054254,1.0049907129489113,272
3934000,15736.000001370847,-563979.0605889182,110598.60972267215,-453380.450866246,301.98086802872064,435.45975413054254,1.0049907129489113,272
3935000,15740.000001371662,-564050.1024034438,109429.22850013257,-454620.8739033112,298.78796390881837,435.45975413054254,1.0049907129489113,272
3936000,15744.000001372477,-564188.6798762516,110343.57937045197,-453845.10050579964,301.2845275653981,435.45975413054254,1.0049907129489113,272
3937000,15748.000001373292,-564229.4022117844,109267.58124593954,-454961.82096584485,298.3465987030705,435.45975413054254,1.0049907129489113,272
3938000,15752.000001374106,-565917.6510653407,109652.77339745534,-456264.8776678854,299.3983357960075,435.45975413054254,1.0049907129489113,272
3939000,15756.000001374921,-564926.5099492772,110034.91462198726,-454891.5953272899,300.4417425710391,435.45975413054254,1.0049907129489113,272
3940000,15760.000001375736,-565103.8171778126,110372.05364732421,-454731.76353048836,301.3622743550542,435.45975413054254,1.0049907129489113,272
3941000,15764.000001376551,-564812.3999074074,110275.01335953412,-454537.38654787326,301.09731342639435,435.45975413054254,1.0049907129489113,272
3942000,15768.000001377366,-565555.7827627067,109986.62252751851,-455569.1602351882,300.30988477786093,435.45975413054254,1.0049907129489113,272
3943000,15772.000001378181,-563518.686196256,110238.58087721106,-453280.1053190449,300.99783737815153,435.45975413054254,1.0049907129489113,272
3944000,15776.000001378996,-562309.4638375221,109860.16933789488,-452449.2944996272,299.96461421737837,435.45975413054254,1.0049907129489113,272
3945000,15780.00000137981,-563588.2986334623,110058.97603002633,-453529.32260343595,300.5074403669141,435.45975413054254,1.0049907129489113,272
3946000,15784.000001380626,-563844.3548007743,109706.69593754178,-454137.6588632325,299.54556708130525,435.45975413054254,1.0049907129489113,272
3947000,15788.00000138144,-564696.1717002783,110178.50265053258,-454517.6690497457,300.83379847126577,435.45975413054254,1.0049907129489113,272
3948000,15792.000001382256,-564163.7038214286,111428.71235816402,-452734.99146326457,304.24739845841896,435.45975413054254,1.0049907129489113,272
3949000,15796.00000138307,-563491.7371589569,110094.55000040654,-453397.18715855037,300.6045723153318,435.45975413054254,1.0049907129489113,272
3950000,15800.000001383885,-564738.6136296899,110842.19940964319,-453896.4142200467,302.64597064889654,435.45975413054254,1.0049907129489113,272
3951000,15804.0000013847,-565335.1005745148,110058.58131393859,-455276.5192605762,300.506362625457,435.45975413054254,1.0049907129489113,272
3952000,15808.000001385515,-564761.1698522489,109949.2246246147,-454811.94522763416,300.20777272410487,435.45975413054254,1.0049907129489113,272
3953000,15812.00000138633,-565203.2904734346,110614.92493559478,-454588.3655378398,302.02541544367284,435.45975413054254,1.0049907129489113,272
3954000,15816.000001387145,-563667.981287234,109837.66090082488,-453830.3203864091,299.90315668747434,435.45975413054254,1.0049907129489113,272
3955000,15820.00000138796,-563540.7699579187,109641.89441520278,-453898.8755427159,299.36863158442526,435.45975413054254,1.0049907129489113,272
3956000,15824.000001388775,-564687.3788829562,110339.37913798215,-454347.9997449741,301.273059158604,435.45975413054254,1.0049907129489113,272
3957000,15828.00000138959,-565765.881634092,110566.43181916932,-455199.44981492264,301.8930087757382,435.45975413054254,1.0049907129489113,272
3958000,15832.000001390405,-564765.6510812384,109538.11725987424,-455227.53382136417,299.0852761649834,435.45975413054254,1.0049907129489113,272
3959000,15836.00000139122,-564309.6926404433,109798.70719377184,-454510.9854466715,299.7967966319699,435.45975413054254,1.0049907129489113,272
3960000,15840.000001392034,-564816.8058678079,110354.07281676051,-454462.7330510474,301.3131791011887,435.45975413054254,1.0049907129489113,272
3961000,15844.00000139285,-564740.1963743079,110885.3386274011,-453854.85774690675,302.76375891456536,435.45975413054254,1.0049907129489113,272
3962000,15848.000001393664,-564635.3561945562,109692.61724451528,-454942.73895004095,299.5071263092963,435.45975413054254,1.0049907129489113,272
3963000,15852.00000139448,-564698.4693673518,110092.70998102578,-454605.75938632607,300.59954828608596,435.45975413054254,1.0049907129489113,272
3964000,15856.000001395294,-564476.8181038643,110241.45941022506,-454235.3586936393,301.0056969877831,435.45975413054254,1.0049907129489113,272
3965000,15860.000001396109,-563260.8370427871,110334.2017935713,-452926.6352492158,301.2589228239503,435.45975413054254,1.0049907129489113,272
3966000,15864.000001396924,-563983.9287300687,110053.05052156097,-453930.8782085078,300.49126122872815,435.45975413054254,1.0049907129489113,272
3967000,15868.000001397739,-563480.6684152889,109963.03234448552,-453517.6360708034,300.2454736250705,435.45975413054254,1.0049907129489113,272
3968000,15872.000001398554,-563839.0817356715,109764.57206198885,-454074.5096736826,299.70359331999384,435.45975413054254,1.0049907129489113,272
3969000,15876.000001399369,-563883.882159201,110101.5358366651,-453782.3463225359,300.623646595764,435.45975413054254,1.0049907129489113,272
3970000,15880.000001400183,-563195.7693557357,110200.84504181545,-452994.9243139203,300.8948026261133,435.45975413054254,1.0049907129489113,272
3971000,15884.000001400998,-563209.6171726487,110302.77765459276,-452906.8395180559,301.1731216661456,435.45975413054254,1.0049907129489113,272
3972000,15888.000001401813,-564851.1095787194,110694.40532585443,-454156.70425286493,302.242430443247,435.45975413054254,1.0049907129489113,272
3973000,15892.000001402628,-563295.3973672637,111103.83816067674,-452191.5592065869,303.36035482917856,435.45975413054254,1.0049907129489113,272
3974000,15896.000001403443,-564782.6518111983,110484.10609636668,-454298.5457148317,301.6682248178262,435.45975413054254,1.0049907129489113,272
3975000,15900.000001404258,-565158.129619597,110645.95465960656,-454512.1749599904,302.1101396822077,435.45975413054254,1.0049907129489113,272
3976000,15904.000001405073,-564093.4348241938,110045.72776982212,-454047.7070543717,300.4712670268842,435.45975413054254,1.0049907129489113,272
3977000,15908.000001405888,-564252.341393502,110236.28402027173,-454016.05737323023,300.9915659896231,435.45975413054254,1.0049907129489113,272
3978000,15912.000001406703,-565493.2696029218,110188.97675022238,-455304.2928526994,300.8623971826246,435.45975413054254,1.0049907129489113,272
3979000,15916.000001407518,-564566.220140134,110099.40879075893,-454466.81134937506,300.61783886300236,435.45975413054254,1.0049907129489113,272
3980000,15920.000001408333,-565274.1643616664,110257.80381137825,-455016.36055028817,301.0503240989198,435.45975413054254,1.0049907129489113,272
3981000,15924.000001409147,-563631.9960190128,109608.40377063322,-454023.59224837954,299.2771879944623,435.45975413054254,1.0049907129489113,272
3982000,15928.000001409962,-564627.3667688086,111111.33991989319,-453516.0268489154,303.38083779696274,435.45975413054254,1.0049907129489113,272
3983000,15932.000001410777,-563465.0881686499,110938.71537907707,-452526.37278957287,302.90949996722486,435.45975413054254,1.0049907129489113,272
3984000,15936.000001411592,-564441.8092004173,110853.20349330286,-453588.6057071144,302.6760164401026,435.45975413054254,1.0049907129489113,272
3985000,15940.000001412407,-564265.309284376,110973.05631741579,-453292.2529669602,303.00326521793147,435.45975413054254,1.0049907129489113,272
3986000,15944.000001413222,-565029.1481502224,111765.77997704211,-453263.36817318026,305.16773527267384,435.45975413054254,1.0049907129489113,272
3987000,15948.000001414037,-564767.1714951405,109752.04398924141,-455015.1275058991,299.6693863955806,435.45975413054254,1.0049907129489113,272
3988000,15952.000001414852,-564874.355021562,109980.5343314727,-454893.82069008925,300.29326143393956,435.45975413054254,1.0049907129489113,272
3989000,15956.000001415667,-565436.6422691424,111182.6587720968,-454253.98349704564,303.57556835414846,435.45975413054254,1.0049907129489113,272
3990000,15960.000001416482,-564574.9211843736,110612.7326906154,-453962.18849375815,302.0194296899327,435.45975413054254,1.0049907129489113,272
3991000,15964.000001417297,-563799.5908683403,108738.14755787089,-455061.44331046945,296.90102135731985,435.45975413054254,1.0049907129489113,272
3992000,15968.000001418111,-563140.6784479003,110791.94916060714,-452348.7292872932,302.5087662675701,435.45975413054254,1.0049907129489113,272
3993000,15972.000001418926,-564636.9062869968,110108.56130054744,-454528.34498644935,300.6428290763288,435.45975413054254,1.0049907129489113,272
3994000,15976.000001419741,-564908.2386258398,110388.3755907081,-454519.8630351317,301.40684014700537,435.45975413054254,1.0049907129489113,272
3995000,15980.000001420556,-564467.5694342023,110163.74715623376,-454303.8222779685,300.7935097462292,435.45975413054254,1.0049907129489113,272
3996000,15984.000001421371,-565127.0084965834,110375.95591754641,-454751.05257903703,301.3729291991968,435.45975413054254,1.0049907129489113,272
3997000,15988.000001422186,-564031.0104643018,109953.30528694269,-454077.7051773591,300.218914653963,435.45975413054254,1.0049907129489113,272
3998000,15992.000001423,-564478.0309252054,109828.39792982291,-454649.63299538253,299.87786486842964,435.45975413054254,1.0049907129489113,272
3999000,15996.000001423816,-564848.0558334887,110457.63854552276,-454390.41728796595,301.5959572369001,435.45975413054254,1.0049907129489113,272
4000000,16000.00000142463,-564363.6621490628,111037.90967960865,-453325.7524694542,303.1803422594846,435.45975413054254,1.0049907129489113,272
4001000,16004.000001425446,-564800.0246802503,109884.56566544645,-454915.45901480387,300.031226484831,435.45975413054254,1.0049907129489113,272
4002000,16008.00000142626,-564671.0104771242,110299.67284577852,-454371.3376313457,301.1646442281097,435.45975413054254,1.0049907129489113,272
4003000,16012.000001427075,-564874.7059897073,109274.85823487223,-455599.84775483503,298.36646795314556,435.45975413054254,1.0049907129489113,272
4004000,16016.00000142789,-564209.7353585791,110724.403964672,-453485.3313939071,302.32433938416887,435.45975413054254,1.0049907129489113,272
4005000,16020.000001428705,-564597.6176476278,110614.0724079113,-453983.54523971654,302.02308768340066,435.45975413054254,1.0049907129489113,272
4006000,16024.00000142952,-564223.0472305729,109494.59399449773,-454728.4532360752,298.9664392872794,435.45975413054254,1.0049907129489113,272
4007000,16028.000001430335,-564815.0193561385,109554.80287841964,-455260.2164777189,299.1308349435663,435.45975413054254,1.0049907129489113,272
4008000,16032.00000143115,-564242.6464147335,110071.93041683896,-454170.7159978945,300.54281130859476,435.45975413054254,1.0049907129489113,272
4009000,16036.000001431965,-563466.5681052036,110465.90452122514,-453000.6635839784,301.6185268381272,435.45975413054254,1.0049907129489113,272
4010000,16040.00000143278,-563989.4053116092,111002.58998205402,-452986.81532955513,303.08390458316296,435.45975413054254,1.0049907129489113,272
4011000,16044.000001433595,-565613.1511660367,110530.98369302496,-455082.16747301177,301.7962204351803,435.45975413054254,1.0049907129489113,272
4012000,16048.00000143441,-564675.4134211903,110281.49120482383,-454393.9222163665,301.11500067715133,435.45975413054254,1.0049907129489113,272
4013000,16052.000001435224,-562420.5376133835,109700.50553260092,-452720.0320807826,299.5286646639767,435.45975413054254,1.0049907129489113,272
4014000,16056.00000143604,-565615.4025555435,110397.71588126809,-455217.6866742754,301.4323430810659,435.45975413054254,1.0049907129489113,272
4015000,16060.000001436854,-564604.9609639253,111094.48676799063,-453510.4741959347,303.3348215816295,435.45975413054254,1.0049907129489113,272
4016000,16064.00000143767,-564750.6998244519,109986.48191926943,-454764.2179051825,300.30950085801584,435.45975413054254,1.0049907129489113,272
4017000,16068.000001438484,-564025.0220886632,110190.8480089897,-453834.1740796735,300.8675065085762,435.45975413054254,1.0049907129489113,272
4018000,16072.000001439299,-564886.9335153899,109969.02099751541,-454917.9125178745,300.2618251745595,435.45975413054254,1.0049907129489113,272
4019000,16076.000001440114,-563924.6381535451,110440.44232343556,-453484.19583010953,301.5490042952155,435.45975413054254,1.0049907129489113,272
4020000,16080.000001440929,-563488.0861137579,110231.02476674196,-453257.06134701596,300.9772060085159,435.45975413054254,1.0049907129489113,272
4021000,16084.000001441744,-564846.3744785888,110634.9399445022,-454211.4345340866,302.0800648626721,435.45975413054254,1.0049907129489113,272
4022000,16088.000001442559,-563162.7235714905,110571.10039215095,-452591.6231793396,301.90575594973063,435.45975413054254,1.0049907129489113,272
4023000,16092.000001443374,-564633.5380592863,110135.18256729643,-454498.3554919899,300.7155163665311,435.45975413054254,1.0049907129489113,272
4024000,16096.000001444188,-564212.7661962649,110028.58028795078,-454184.1859083141,300.42444716655325,435.45975413054254,1.0049907129489113,272
4025000,16100.000001445003,-564427.3494184907,109956.79757516203,-454470.55184332863,300.22845007425923,435.45975413054254,1.0049907129489113,272
4026000,16104.000001445818,-564501.2941869795,110466.30142964535,-454034.9927573342,301.619610565577,435.45975413054254,1.0049907129489113,272
4027000,16108.000001446633,-564659.8396448637,110728.81808791345,-453931.0215569503,302.33639180301367,435.45975413054254,1.0049907129489113,272
4028000,16112.000001447448,-564032.4435983878,110332.24196424277,-453700.201634145,301.2535716629972,435.45975413054254,1.0049907129489113,272
4029000,16116.000001448263,-563898.8016509432,110191.1140623067,-453707.68758863653,300.86823294638407,435.45975413054254,1.0049907129489113,272
4030000,16120.000001449078,-563469.3410294917,110141.01788084599,-453328.32314864575,300.7314492345421,435.45975413054254,1.0049907129489113,272
4031000,16124.000001449893,-564170.0333229178,109558.98337652604,-454611.0499463917,299.142249467222,435.45975413054254,1.0049907129489113,272
4032000,16128.000001450708,-564302.289196589,110221.32614496397,-454080.96305162506,300.950724679044,435.45975413054254,1.0049907129489113,272
4033000,16132.000001451523,-564336.6561842514,109459.1849037087,-454877.4712805427,298.86975752971125,435.45975413054254,1.0049907129489113,272
4034000,16136.000001452338,-563443.1210488915,110809.1201259243,-452634.00092296716,302.5556502476162,435.45975413054254,1.0049907129489113,272
4035000,16140.000001453152,-564852.3607135802,110457.81090062353,-454394.5498129566,301.5964278390449,435.45975413054254,1.0049907129489113,272
4036000,16144.000001453967,-564293.8460433977,110098.35663286038,-454195.4894105373,300.61496602801554,435.45975413054254,1.0049907129489113,272
4037000,16148.000001454782,-563277.4899806166,110319.69411289366,-452957.79586772295,301.2193107346564,435.45975413054254,1.0049907129489113,272
4038000,16152.000001455597,-564252.7669025664,110487.29657061036,-453765.47033195605,301.6769361586282,435.45975413054254,1.0049907129489113,272
4039000,16156.000001456412,-565762.392865628,110899.8943017493,-454862.4985638787,302.80350204682924,435.45975413054254,1.0049907129489113,272
4040000,16160.000001457227,-564446.2335545132,109908.52623924345,-454537.70731526974,300.0966489606815,435.45975413054254,1.0049907129489113,272
4041000,16164.000001458042,-565358.1671008156,110375.71334127604,-454982.4537595395,301.3722668636316,435.45975413054254,1.0049907129489113,272
4042000,16168.000001458857,-563923.3487774017,111170.3556778729,-452752.99309952883,303.54197571602674,435.45975413054254,1.0049907129489113,272
4043000,16172.000001459672,-564127.7204471533,110648.77888740331,-453478.94155975,302.11785101568387,435.45975413054254,1.0049907129489113,272
4044000,16176.000001460487,-564478.9940776736,110082.66084432288,-454396.3332333508,300.5721099029807,435.45975413054254,1.0049907129489113,272
4045000,16180.000001461302,-564007.6378138731,111189.39908926346,-452818.23872460966,303.593972263871,435.45975413054254,1.0049907129489113,272
4046000,16184.000001462116,-564181.7669909336,109648.2131780269,-454533.55381290667,299.3858844729316,435.45975413054254,1.0049907129489113,272
4047000,16188.000001462931,-564782.3542933981,109626.81387973903,-455155.54041365907,299.3274553598679,435.45975413054254,1.0049907129489113,272
4048000,16192.000001463746,-563398.5880146986,109004.74614874768,-454393.8418659509,297.628947993017,435.45975413054254,1.0049907129489113,272
4049000,16196.000001464561,-564756.4531840468,110535.88064461167,-454220.5725394351,301.80959117912147,435.45975413054254,1.0049907129489113,272
4050000,16200.000001465376,-564523.2841003295,110138.27229451749,-454385.011805812,300.7239526254545,435.45975413054254,1.0049907129489113,272
4051000,16204.000001466191,-565603.5706261029,110170.92242778954,-455432.6481983133,300.81310126494884,435.45975413054254,1.0049907129489113,272
4052000,16208.000001467006,-563044.3181596203,109233.23426233197,-453811.0838972883,298.25281694622936,435.45975413054254,1.0049907129489113,272
4053000,16212.00000146782,-564019.4710403201,109754.1972579569,-454265.2737823632,299.67526572767554,435.45975413054254,1.0049907129489113,272
4054000,16216.000001468636,-563771.9256484248,110638.00690655338,-453133.91874187137,302.0884389630766,435.45975413054254,1.0049907129489113,272
4055000,16220.00000146945,-564732.891091791,109990.19620337586,-454742.6948884151,300.31964242074775,435.45975413054254,1.0049907129489113,272
4056000,16224.000001470265,-564272.0065901494,110830.13196949952,-453441.87462064985,302.6130214458405,435.45975413054254,1.0049907129489113,272
4057000,16228.00000147108,-564638.5053876215,109947.67065252585,-454690.8347350956,300.20352972465435,435.45975413054254,1.0049907129489113,272
4058000,16232.000001471895,-564683.4103407143,110876.37211623642,-453807.03822447784,302.73927655595804,435.45975413054254,1.0049907129489113,272
4059000,16236.00000147271,-565090.1771242218,110021.72013466588,-455068.4569895559,300.40571605366694,435.45975413054254,1.0049907129489113,272
4060000,16240.000001473525,-564581.1519741002,109289.5017981471,-455291.65017595305,298.40645105926114,435.45975413054254,1.0049907129489113,272
4061000,16244.00000147434,-565274.9806656213,109326.63751410175,-455948.3431515196,298.50784723202474,435.45975413054254,1.0049907129489113,272
4062000,16248.000001475155,-564292.9839233491,110455.43876564375,-453837.5451577053,301.58995090970484,435.45975413054254,1.0049907129489113,272
4063000,16252.00000147597,-563784.7250773078,110316.05510962725,-453468.66996768053,301.2093747203801,435.45975413054254,1.0049907129489113,272
4064000,16256.000001476785,-564920.2053691191,109650.58530558302,-455269.62006353604,299.39236138200187,435.45975413054254,1.0049907129489113,272
4065000,16260.0000014776,-565394.1890112367,110483.75000018626,-454910.4390110504,301.6672525250105,435.45975413054254,1.0049907129489113,272
4066000,16264.000001478415,-566031.1897767275,110428.95500842019,-455602.2347683073,301.5176390785246,435.45975413054254,1.0049907129489113,272
4067000,16268.00000147923,-564745.6723158015,110037.83801544143,-454707.83430036006,300.4497246685997,435.45975413054254,1.0049907129489113,272
4068000,16272.000001480044,-563712.9957203926,109484.8776839188,-454228.11803647375,298.93990965991776,435.45975413054254,1.0049907129489113,272
4069000,16276.00000148086,-564024.8854160486,110335.87196517747,-453689.0134508711,301.26348309710977,435.45975413054254,1.0049907129489113,272
4070000,16280.000001481674,-563024.6070167781,110359.53000317537,-452665.0770136027,301.3280795225836,435.45975413054254,1.0049907129489113,272
4071000,16284.00000148249,-563820.7129923156,110729.33532339195,-453091.3776689237,302.3378040741007,435.45975413054254,1.0049907129489113,272
4072000,16288.000001483304,-563754.0805250718,109496.21471537964,-454257.8658096922,298.9708645390974,435.45975413054254,1.0049907129489113,272
4073000,16292.000001484119,-565218.5443711327,109676.64964064985,-455541.8947304829,299.4635280137327,435.45975413054254,1.0049907129489113,272
4074000,16296.000001484934,-564160.5451043625,110893.90748853682,-453266.63761582575,302.7871555208181,435.45975413054254,1.0049907129489113,272
4075000,16300.000001485749,-564451.9050794006,109780.85419076192,-454671.0508886387,299.748050401259,435.45975413054254,1.0049907129489113,272
4076000,16304.000001486564,-564601.0396901062,110640.38137349086,-453960.6583166153,302.09492225964505,435.45975413054254,1.0049907129489113,272
4077000,16308.000001487379,-565629.6185426097,110215.87730330887,-455413.74123930087,300.93584704236406,435.45975413054254,1.0049907129489113,272
4078000,16312.000001488193,-564819.4981778809,109597.5477679288,-455221.9504099521,299.24754652674204,435.45975413054254,1.0049907129489113,272
4079000,16316.000001489008,-563740.6742284512,110661.64600378193,-453079.0282246693,302.15298367225876,435.45975413054254,1.0049907129489113,272
4080000,16320.000001489823,-564857.6883851662,109338.55913573295,-455519.1292494333,298.54039828901836,435.45975413054254,1.0049907129489113,272
4081000,16324.000001490638,-564112.9005486122,111504.70559364534,-452608.1949549669,304.45489205415674,435.45975413054254,1.0049907129489113,272
4082000,16328.000001491453,-565013.8557309341,110861.7826533269,-454152.0730776072,302.69944116666574,435.45975413054254,1.0049907129489113,272
4083000,16332.000001492268,-564533.1739286445,109176.89782868014,-455356.2760999644,298.0989947130342,435.45975413054254,1.0049907129489113,272
4084000,16336.000001493083,-563913.8828751277,110431.82566292188,-453482.05721220584,301.5254771764936,435.45975413054254,1.0049907129489113,272
4085000,16340.000001493898,-564061.0997475064,110447.53155765258,-453613.56818985386,301.56836089569975,435.45975413054254,1.0049907129489113,272
4086000,16344.000001494713,-566662.5138062909,109622.34534188613,-457040.16846440476,299.3152543661752,435.45975413054254,1.0049907129489113,272
4087000,16348.000001495528,-563405.3773066835,109438.91559762674,-453966.46170905675,298.8144137721331,435.45975413054254,1.0049907129489113,272
4088000,16352.000001496343,-564329.3714338145,109613.17237684107,-454716.19905697345,299.29020830136807,435.45975413054254,1.0049907129489113,272
4089000,16356.000001497157,-564671.4042559499,110777.16102050542,-453894.2432354445,302.4683884057177,435.45975413054254,1.0049907129489113,272
4090000,16360.000001497972,-564220.1921086768,109734.32998401753,-454485.86212465924,299.62101968747106,435.45975413054254,1.0049907129489113,272
4091000,16364.000001498787,-564950.9297237662,109903.87719618622,-455047.05252757994,300.0839551116228,435.45975413054254,1.0049907129489113,272
4092000,16368.000001499602,-563461.3941114154,110542.15401126072,-452919.24010015465,301.8267201169164,435.45975413054254,1.0049907129489113,272
4093000,16372.000001500417,-565133.4315339462,110649.81062964723,-454483.62090429896,302.12066810731983,435.45975413054254,1.0049907129489113,272
4094000,16376.000001501232,-564949.7143325168,110213.60261031275,-454736.111722204,300.92963617075196,435.45975413054254,1.0049907129489113,272
4095000,16380.000001502047,-563903.2520211656,110366.79772131646,-453536.4542998491,301.347923459486,435.45975413054254,1.0049907129489113,272
4096000,16384.00000150286,-564865.1663254048,109939.96443574154,-454925.20188966324,300.1824885014457,435.45975413054254,1.0049907129489113,272
4097000,16388.000001503675,-563566.2252208642,109361.59620388411,-454204.62901698006,298.6032992048126,435.45975413054254,1.0049907129489113,272
4098000,16392.00000150449,-564155.2596304738,110312.88390211709,-453842.3757283567,301.2007159858894,435.45975413054254,1.0049907129489113,272
4099000,16396.000001505305,-564966.0801574979,110269.50540431874,-454696.57475317916,301.0822743847538,435.45975413054254,1.0049907129489113,272
4100000,16400.00000150612,-563959.2202983,111310.04843648605,-452649.171861814,303.9233958858563,435.45975413054254,1.0049907129489113,272
4101000,16404.000001506934,-563489.5916257878,110911.0238784717,-452578.5677473161,302.8338904870443,435.45975413054254,1.0049907129489113,272
4102000,16408.00000150775,-563831.6246589115,110124.14533938677,-453707.4793195247,300.6853800775384,435.45975413054254,1.0049907129489113,272
4103000,16412.000001508564,-565278.2903931718,109980.75818676967,-455297.53220640216,300.2938726533488,435.45975413054254,1.0049907129489113,272
4104000,16416.00000150938,-564750.3983123014,111145.24461162428,-453605.1537006771,303.4734119103705,435.45975413054254,1.0049907129489113,272
4105000,16420.000001510194,-564905.4322007201,109818.1457897037,-455087.28641101636,299.8498722003472,435.45975413054254,1.0049907129489113,272
4106000,16424.00000151101,-565708.8513626247,109474.45418844128,-456234.3971741834,298.9114491194092,435.45975413054254,1.0049907129489113,272
4107000,16428.000001511824,-565162.5404975354,109712.1657686535,-455450.37472888187,299.56050202805756,435.45975413054254,1.0049907129489113,272
4108000,16432.00000151264,-562908.0479069767,110079.35459116858,-452828.6933158081,300.56308243690347,435.45975413054254,1.0049907129489113,272
4109000,16436.000001513454,-564727.0260099871,109857.68610422255,-454869.33990576456,299.9578339417332,435.45975413054254,1.0049907129489113,272
4110000,16440.00000151427,-565014.0795649993,110124.12706546503,-454889.9524995343,300.68533018202197,435.45975413054254,1.0049907129489113,272
4111000,16444.000001515084,-563207.4715478099,110047.4058896784,-453160.0656581315,300.47584900211996,435.45975413054254,1.0049907129489113,272
4112000,16448.0000015159,-564231.1834993297,109918.34914779646,-454312.83435153327,300.12346964548794,435.45975413054254,1.0049907129489113,272
4113000,16452.000001516713,-564494.9879803099,110063.46364818022,-454431.52433212963,300.51969345787876,435.45975413054254,1.0049907129489113,272
4114000,16456.00000151753,-565220.337574712,110499.0779149509,-454721.2596597611,301.709104199433,435.45975413054254,1.0049907129489113,272
4115000,16460.000001518343,-564271.1499277134,110407.40623402083,-453863.7436936926,301.45880183261,435.45975413054254,1.0049907129489113,272
4116000,16464.000001519158,-563741.6122474591,110113.82452819683,-453627.7877192623,300.6571999084593,435.45975413054254,1.0049907129489113,272
4117000,16468.000001519973,-564426.3632090501,109699.48069898447,-454726.8825100657,299.5258664358086,435.45975413054254,1.0049907129489113,272
4118000,16472.000001520788,-563800.4241762767,110618.9903781985,-453181.43379807816,302.0365158172623,435.45975413054254,1.0049907129489113,272
4119000,16476.000001521603,-564301.1717983154,110575.83106135673,-453725.34073695866,301.9186726726144,435.45975413054254,1.0049907129489113,272
4120000,16480.000001522418,-564066.9490546752,111668.74044542643,-452398.20860924874,304.9027764086892,435.45975413054254,1.0049907129489113,272
4121000,16484.000001523233,-564484.1874579969,110502.44138704572,-453981.74607095117,301.71828789735946,435.45975413054254,1.0049907129489113,272
4122000,16488.000001524048,-564660.9393804395,109577.35130828375,-455083.5880721557,299.19240167067187,435.45975413054254,1.0049907129489113,272
4123000,16492.000001524862,-563735.9878395996,110245.03384536947,-453490.95399423013,301.01545670384405,435.45975413054254,1.0049907129489113,272
4124000,16496.000001525677,-563877.8667128836,110709.84612771738,-453168.0205851662,302.2845903470769,435.45975413054254,1.0049907129489113,272
4125000,16500.000001526492,-565981.0082797562,110291.33484645403,-455689.67343330214,301.1418779720062,435.45975413054254,1.0049907129489113,272
4126000,16504.000001527307,-564738.5952490154,109681.78889301652,-455056.80635599885,299.477560341034,435.45975413054254,1.0049907129489113,272
4127000,16508.000001528122,-564311.881294752,110500.23423187528,-453811.6470628767,301.71226143250686,435.45975413054254,1.0049907129489113,272
4128000,16512.000001528937,-562689.8795133755,109793.33901553485,-452896.5404978406,299.7821392404548,435.45975413054254,1.0049907129489113,272
4129000,16516.000001529752,-564806.3436944899,109528.93158938095,-455277.41210510896,299.0601954089418,435.45975413054254,1.0049907129489113,272
4130000,16520.000001530567,-565438.195244533,110258.22134404468,-455179.97390048834,301.05146413926343,435.45975413054254,1.0049907129489113,272
4131000,16524.00000153138,-563386.2852999377,110134.2643445108,-453252.0209554269,300.71300923091206,435.45975413054254,1.0049907129489113,272
4132000,16528.000001532197,-564658.1891950574,110090.64980951145,-454567.53938554594,300.5939231486295,435.45975413054254,1.0049907129489113,272
4133000,16532.00000153301,-563134.213107015,110346.76669875713,-452787.4464082579,301.29323031646067,435.45975413054254,1.0049907129489113,272
4134000,16536.000001533826,-565109.2684277482,109571.94705658345,-455537.32137116475,299.1776457833818,435.45975413054254,1.0049907129489113,272
4135000,16540.00000153464,-564679.0116126076,109749.71843458217,-454929.29317802546,299.66303665016875,435.45975413054254,1.0049907129489113,272
4136000,16544.000001535456,-565505.1184214447,110389.31416948832,-455115.80425195635,301.4094028630781,435.45975413054254,1.0049907129489113,272
4137000,16548.00000153627,-564903.6578385564,110092.42691592511,-454811.23092263134,300.598775398931,435.45975413054254,1.0049907129489113,272
4138000,16552.000001537086,-564732.698542261,109408.4698778796,-455324.22866438143,298.7312841116423,435.45975413054254,1.0049907129489113,272
4139000,16556.0000015379,-564857.7339953678,110316.85970561893,-454540.87428974884,301.2115716069104,435.45975413054254,1.0049907129489113,272
4140000,16560.000001538716,-564858.3803239996,109905.94895329722,-454952.43137070234,300.0896118826463,435.45975413054254,1.0049907129489113,272
4141000,16564.00000153953,-565329.7917935862,110463.32808288251,-454866.4637107037,301.61149207440747,435.45975413054254,1.0049907129489113,272
4142000,16568.000001540346,-564350.3245927687,110465.60481225356,-453884.7197805151,301.61770850618234,435.45975413054254,1.0049907129489113,272
4143000,16572.00000154116,-563740.5390082994,110542.60447926249,-453197.93452903687,301.8279500846216,435.45975413054254,1.0049907129489113,272
4144000,16576.000001541976,-564313.0654735127,110325.74831988645,-453987.3171536263,301.23584127412244,435.45975413054254,1.0049907129489113,272
4145000,16580.00000154279,-564895.3671495598,110757.07221783028,-454138.2949317295,302.41353749859775,435.45975413054254,1.0049907129489113,272
4146000,16584.000001543605,-566286.2151524825,110680.18423418299,-455606.0309182995,302.20360086285694,435.45975413054254,1.0049907129489113,272
4147000,16588.00000154442,-564829.057066388,110121.95088279131,-454707.10618359665,300.6793882851532,435.45975413054254,1.0049907129489113,272
4148000,16592.000001545235,-564343.538932032,109517.69724426232,-454825.8416877696,299.02952090680145,435.45975413054254,1.0049907129489113,272
4149000,16596.00000154605,-563461.4467048761,110567.98657504749,-452893.46012982866,301.8972539152643,435.45975413054254,1.0049907129489113,272
4150000,16600.000001546865,-565260.3840818084,110563.0245758116,-454697.3595059968,301.8837055637962,435.45975413054254,1.0049907129489113,272
4151000,16604.00000154768,-565171.2068053493,109919.55685859942,-455251.6499467499,300.12676720553435,435.45975413054254,1.0049907129489113,272
4152000,16608.000001548495,-564387.4563110117,110933.08288445573,-453454.37342655595,302.8941208804607,435.45975413054254,1.0049907129489113,272
4153000,16612.00000154931,-563858.0941418861,110591.1314732962,-453266.9626685899,301.96044925272025,435.45975413054254,1.0049907129489113,272
4154000,16616.000001550125,-565078.3117036554,110530.5164572071,-454547.7952464483,301.79494468426265,435.45975413054254,1.0049907129489113,272
4155000,16620.00000155094,-566325.2807935122,110697.51047735079,-455627.77031616145,302.2509088169498,435.45975413054254,1.0049907129489113,272
4156000,16624.000001551754,-563937.0810781666,109986.81740526413,-453950.2636729025,300.3104168763288,435.45975413054254,1.0049907129489113,272
4157000,16628.00000155257,-563212.075105513,110660.91909447068,-452551.1560110423,302.15099890314326,435.45975413054254,1.0049907129489113,272
4158000,16632.000001553384,-564636.148232081,111003.88258395699,-453632.265648124,303.0874339317294,435.45975413054254,1.0049907129489113,272
4159000,16636.0000015542,-565329.7593533983,109969.20152592017,-455360.55782747816,300.26231809327254,435.45975413054254,1.0049907129489113,272
4160000,16640.000001555014,-563172.0714273532,109929.456199851,-453242.6152275022,300.15379658385615,435.45975413054254,1.0049907129489113,272
4161000,16644.00000155583,-563583.4288439448,110988.07844264741,-452595.3504012974,303.04428195791087,435.45975413054254,1.0049907129489113,272
4162000,16648.000001556644,-564012.77434716,109760.43174983095,-454252.34259732906,299.6922885209328,435.45975413054254,1.0049907129489113,272
4163000,16652.00000155746,-564034.5451142811,110521.94101978105,-453512.6040945001,301.77153012196266,435.45975413054254,1.0049907129489113,272
4164000,16656.000001558274,-563584.3073341576,110355.35688342829,-453228.95045072935,301.316685144962,435.45975413054254,1.0049907129489113,272
4165000,16660.00000155909,-564905.6039707046,110524.81688699499,-454380.7870837096,301.7793824528353,435.45975413054254,1.0049907129489113,272
4166000,16664.000001559903,-564031.1909306739,110689.26680885156,-453341.9241218223,302.2284001237991,435.45975413054254,1.0049907129489113,272
4167000,16668.00000156072,-563687.8607913596,110255.21330746863,-453432.64748389093,301.0432509302676,435.45975413054254,1.0049907129489113,272
4168000,16672.000001561533,-563579.2891915459,109172.62962215021,-454406.6595693957,298.08734070837653,435.45975413054254,1.0049907129489113,272
4169000,16676.00000156235,-563708.8858551756,110036.26620506868,-453672.6196501069,300.4454329631078,435.45975413054254,1.0049907129489113,272
4170000,16680.000001563163,-564703.4570052945,109830.62266867212,-454872.8343366224,299.8839393441442,435.45975413054254,1.0049907129489113,272
4171000,16684.000001563978,-563823.0522751971,109738.32238692569,-454084.7298882714,299.6319206318749,435.45975413054254,1.0049907129489113,272
4172000,16688.000001564793,-563578.042280444,109759.75803374668,-453818.28424669727,299.6904489917701,435.45975413054254,1.0049907129489113,272
4173000,16692.000001565608,-564014.3996628663,110181.1489092994,-453833.25075356686,300.84102387420205,435.45975413054254,1.0049907129489113,272
4174000,16696.000001566423,-565514.2087447178,108906.25376657839,-456607.9549781394,297.3600222340379,435.45975413054254,1.0049907129489113,272
4175000,16700.000001567238,-564786.033858119,110662.29947547521,-454123.73438264383,302.1547679256925,435.45975413054254,1.0049907129489113,272
4176000,16704.000001568053,-563415.5949088731,109809.89803314616,-453605.6968757269,299.82735234507254,435.45975413054254,1.0049907129489113,272
4177000,16708.000001568867,-565844.1120936777,110986.41355570185,-454857.6985379759,303.03973611410464,435.45975413054254,1.0049907129489113,272
4178000,16712.000001569682,-565304.7800710374,110267.14040586539,-455037.63966517197,301.07581694114197,435.45975413054254,1.0049907129489113,272
4179000,16716.000001570497,-563748.5143356388,110372.75728246546,-453375.7570531734,301.3641955758658,435.45975413054254,1.0049907129489113,272
4180000,16720.000001571312,-563505.7529198867,111327.1301991815,-452178.6227207052,303.970036305109,435.45975413054254,1.0049907129489113,272
4181000,16724.000001572127,-564873.2396343504,109555.603428039,-455317.6362063114,299.133020781793,435.45975413054254,1.0049907129489113,272
4182000,16728.000001572942,-564791.3534468259,109862.88483466674,-454928.46861215914,299.97202866928103,435.45975413054254,1.0049907129489113,272
4183000,16732.000001573757,-564887.5029346645,110269.36216574686,-454618.1407689176,301.0818832830177,435.45975413054254,1.0049907129489113,272
4184000,16736.00000157457,-563460.0468455097,110630.61174135984,-452829.43510414986,302.0682470419489,435.45975413054254,1.0049907129489113,272
4185000,16740.000001575387,-564457.4192832932,110501.00548891025,-453956.41379438294,301.7143672896191,435.45975413054254,1.0049907129489113,272
4186000,16744.0000015762,-566226.3980630566,110189.12971952278,-456037.26834353385,300.8628148533551,435.45975413054254,1.0049907129489113,272
4187000,16748.000001577017,-564550.1669483967,109651.69861292525,-454898.46833547147,299.39540118076997,435.45975413054254,1.0049907129489113,272
4188000,16752.00000157783,-563821.6663844883,110602.25582193414,-453219.4105625542,301.9908234180589,435.45975413054254,1.0049907129489113,272
4189000,16756.000001578646,-563347.062183579,109980.97532791909,-453366.08685565984,300.2944655403023,435.45975413054254,1.0049907129489113,272
4190000,16760.00000157946,-563669.8796038781,109808.5440988937,-453861.3355049844,299.8236555333148,435.45975413054254,1.0049907129489113,272
4191000,16764.000001580276,-564434.6064036312,110381.95267913025,-454052.6537245009,301.38930288845916,435.45975413054254,1.0049907129489113,272
4192000,16768.00000158109,-564991.397657061,109890.35235574673,-455101.04530131427,300.0470265908565,435.45975413054254,1.0049907129489113,272
4193000,16772.000001581906,-564382.5538094547,111171.25096017483,-453211.30284927983,303.5444202144463,435.45975413054254,1.0049907129489113,272
4194000,16776.00000158272,-564041.6297617964,110357.20917497424,-453684.4205868222,301.3217426823965,435.45975413054254,1.0049907129489113,272
4195000,16780.000001583536,-564891.1861106944,110672.17052934453,-454219.0155813499,302.1817200675259,435.45975413054254,1.0049907129489113,272
4196000,16784.00000158435,-565970.3966152687,110352.32226096105,-455618.0743543076,301.30839934526614,435.45975413054254,1.0049907129489113,272
4197000,16788.000001585166,-564670.7990603247,110737.70619170112,-453933.09286862356,302.36066007640034,435.45975413054254,1.0049907129489113,272
4198000,16792.00000158598,-565271.2784242295,110140.2716450782,-455131.00677915127,300.72941169604616,435.45975413054254,1.0049907129489113,272
4199000,16796.000001586795,-563680.1088363295,109903.96685597498,-453776.14198035456,300.08419992067513,435.45975413054254,1.0049907129489113,272
4200000,16800.00000158761,-562868.4434715356,110565.10839144175,-452303.3350800938,301.8893952596647,435.45975413054254,1.0049907129489113,272
4201000,16804.000001588425,-563927.595461438,110864.9853697287,-453062.61009170924,302.7081859337247,435.45975413054254,1.0049907129489113,272
4202000,16808.00000158924,-564480.2251982545,110508.11646840011,-453972.10872985434,301.7337832638729,435.45975413054254,1.0049907129489113,272
4203000,16812.000001590055,-563843.2770673102,109903.9392721802,-453939.33779513,300.0841246052773,435.45975413054254,1.0049907129489113,272
4204000,16816.00000159087,-564639.6834478411,110089.86671916628,-454549.8167286748,300.5917849815877,435.45975413054254,1.0049907129489113,272
4205000,16820.000001591685,-564828.2488652281,110169.31708434,-454658.9317808881,300.8087180000092,435.45975413054254,1.0049907129489113,272
4206000,16824.0000015925,-565055.2043579095,109645.79323070636,-455409.41112720314,299.37927699572845,435.45975413054254,1.0049907129489113,272
4207000,16828.000001593315,-564923.0254380223,110965.58485843404,-453957.4405795883,302.9828649825722,435.45975413054254,1.0049907129489113,272
4208000,16832.00000159413,-563685.9347426551,110335.95972567162,-453349.9750169835,301.26372272028647,435.45975413054254,1.0049907129489113,272
4209000,16836.000001594944,-565291.1941107558,110486.60817257222,-454804.5859381836,301.675056541537,435.45975413054254,1.0049907129489113,272
4210000,16840.00000159576,-565679.0626096018,110499.87932914251,-455179.18328045926,301.7112923983067,435.45975413054254,1.0049907129489113,272
4211000,16844.000001596574,-564677.3754398501,110792.40925255907,-453884.9661872911,302.5100225127197,435.45975413054254,1.0049907129489113,272
4212000,16848.00000159739,-564704.3115158807,110531.26024137205,-454173.0512745087,301.79697552884846,435.45975413054254,1.0049907129489113,272
4213000,16852.000001598204,-565175.9608576982,110497.11822702747,-454678.84263067076,301.70375342457544,435.45975413054254,1.0049907129489113,272
4214000,16856.00000159902,-564612.7933158465,109556.2009539805,-455056.592361866,299.1346522797199,435.45975413054254,1.0049907129489113,272
4215000,16860.000001599834,-563845.3102701204,110897.55589312618,-452947.7543769942,302.79711720467265,435.45975413054254,1.0049907129489113,272
4216000,16864.00000160065,-564492.2846243763,111236.10465229664,-453256.1799720797,303.7214981568447,435.45975413054254,1.0049907129489113,272
4217000,16868.000001601464,-565133.7786187362,110479.22082503163,-454654.55779370456,301.6548859659002,435.45975413054254,1.0049907129489113,272
4218000,16872.00000160228,-565550.2561604772,110084.74465088313,-455465.51150959404,300.57779957408457,435.45975413054254,1.0049907129489113,272
4219000,16876.000001603094,-564385.9386051758,109266.14095494698,-455119.79765022884,298.34266610097694,435.45975413054254,1.0049907129489113,272
4220000,16880.00000160391,-563534.0115342494,110764.3556599163,-452769.6558743331,302.433424368504,435.45975413054254,1.0049907129489113,272
4221000,16884.000001604723,-563424.5506140445,110451.36876046006,-452973.1818535845,301.5788380783471,435.45975413054254,1.0049907129489113,272
4222000,16888.00000160554,-564129.3344588298,110618.04930820724,-453511.2851506226,302.0339462991322,435.45975413054254,1.0049907129489113,272
4223000,16892.000001606353,-564363.0502443765,111017.6948674065,-453345.35537697,303.1251472931903,435.45975413054254,1.0049907129489113,272
4224000,16896.000001607168,-564910.1752575217,109821.10465781498,-455089.0705997067,299.8579511586891,435.45975413054254,1.0049907129489113,272
4225000,16900.000001607983,-563119.1592906914,110530.40886025986,-452588.7504304315,301.79465089919967,435.45975413054254,1.0049907129489113,272
4226000,16904.000001608798,-563587.6539256512,110719.13142875873,-452868.5224968925,302.3099431365506,435.45975413054254,1.0049907129489113,272
4227000,16908.000001609613,-563661.8819225603,109857.03808198607,-453804.8438405742,299.9560645676157,435.45975413054254,1.0049907129489113,272
4228000,16912.000001610428,-563646.0294898748,109824.6504845582,-453821.37900531664,299.8676327617444,435.45975413054254,1.0049907129489113,272
4229000,16916.000001611243,-564240.4607524951,110126.54325371038,-454113.9174987847,300.69192739536385,435.45975413054254,1.0049907129489113,272
4230000,16920.000001612058,-565588.4918432427,109867.9260142615,-455720.56582898117,299.9857932165365,435.45975413054254,1.0049907129489113,272
4231000,16924.000001612872,-563837.0317893308,110642.47762542282,-453194.55416390795,302.10064591186466,435.45975413054254,1.0049907129489113,272
4232000,16928.000001613687,-565810.0056328545,109148.96707817589,-456661.0385546787,298.02273197968594,435.45975413054254,1.0049907129489113,272
4233000,16932.000001614502,-564851.2038097614,111435.75827858201,-453415.44553117943,304.26663679395705,435.45975413054254,1.0049907129489113,272
4234000,16936.000001615317,-563701.9938737997,110218.40717488679,-453483.5866989129,300.9427546591688,435.45975413054254,1.0049907129489113,272
4235000,16940.000001616132,-564410.6723525254,109681.82583889517,-454728.84651363024,299.4776612188709,435.45975413054254,1.0049907129489113,272
4236000,16944.000001616947,-564670.5507365968,111216.20749436389,-453454.3432422329,303.66717052072966,435.45975413054254,1.0049907129489113,272
4237000,16948.000001617762,-563674.5933331302,110599.34057538141,-453075.2527577488,301.9828635649765,435.45975413054254,1.0049907129489113,272
4238000,16952.000001618577,-564390.9616331002,111016.50890242227,-453374.4527306779,303.121909108404,435.45975413054254,1.0049907129489113,272
4239000,16956.00000161939,-565035.6911246162,109468.67126335012,-455567.0198612661,298.8956592939932,435.45975413054254,1.0049907129489113,272
4240000,16960.000001620207,-563421.3738671527,110886.77961472305,-452534.59425242967,302.76769341793204,435.45975413054254,1.0049907129489113,272
4241000,16964.00000162102,-563600.1760596046,109453.30779560693,-454146.8682639977,298.8537105449388,435.45975413054254,1.0049907129489113,272
4242000,16968.000001621836,-563898.2075551688,111041.33941616106,-452856.8681390077,303.1897068873385,435.45975413054254,1.0049907129489113,272
4243000,16972.00000162265,-564105.1237545894,110722.24197223171,-453382.88178235764,302.3184362326245,435.45975413054254,1.0049907129489113,272
4244000,16976.000001623466,-562997.0103195133,109856.04732131422,-453140.96299819904,299.9533593729623,435.45975413054254,1.0049907129489113,272
4245000,16980.00000162428,-564489.3036321364,110628.31127193756,-453860.99236019887,302.0619657898178,435.45975413054254,1.0049907129489113,272
4246000,16984.000001625096,-564608.7498655096,110001.8645466991,-454606.88531881047,300.3515019210982,435.45975413054254,1.0049907129489113,272
4247000,16988.00000162591,-564183.989842915,109086.86252457666,-455097.1273183383,297.8531603453638,435.45975413054254,1.0049907129489113,272
4248000,16992.000001626726,-562875.898478799,110725.99140302606,-452149.907075773,302.32867376064337,435.45975413054254,1.0049907129489113,272
4249000,16996.00000162754,-563775.4462186401,110587.96749695152,-453187.47872168856,301.9518102623624,435.45975413054254,1.0049907129489113,272
4250000,17000.000001628356,-564112.8129236987,110196.57670346621,-453916.23622023244,300.88314826153334,435.45975413054254,1.0049907129489113,272
4251000,17004.00000162917,-563683.8667994221,111391.1712596161,-452292.695539806,304.14489542013774,435.45975413054254,1.0049907129489113,272
4252000,17008.000001629985,-564862.3638041443,109995.51222141355,-454866.8515827308,300.3341573929116,435.45975413054254,1.0049907129489113,272
4253000,17012.0000016308,-563900.4453879911,110553.66061034467,-453346.7847776465,301.8581379872508,435.45975413054254,1.0049907129489113,272
4254000,17016.000001631615,-565405.7432625811,110194.69632574683,-455211.04693683423,300.87801403699524,435.45975413054254,1.0049907129489113,272
4255000,17020.00000163243,-564474.3975496241,109290.1591592271,-455184.238390397,298.40824593236164,435.45975413054254,1.0049907129489113,272
4256000,17024.000001633245,-564732.7274451107,110418.46175303869,-454314.265692072,301.4889880640454,435.45975413054254,1.0049907129489113,272
4257000,17028.00000163406,-563218.0716309617,109991.51708225289,-453226.55454870884,300.3232489773839,435.45975413054254,1.0049907129489113,272
4258000,17032.000001634875,-564452.1840181793,109708.44137331657,-454743.74264486274,299.5503328574003,435.45975413054254,1.0049907129489113,272
4259000,17036.00000163569,-563197.2822949532,110082.1073375186,-453115.17495743465,300.5705985958708,435.45975413054254,1.0049907129489113,272
4260000,17040.000001636505,-564079.9359597205,110531.36002173531,-453548.5759379852,301.7972479713393,435.45975413054254,1.0049907129489113,272
4261000,17044.00000163732,-563622.3187071942,110434.3854368758,-453187.9332703184,301.5324664394011,435.45975413054254,1.0049907129489113,272
4262000,17048.000001638135,-564851.100954555,110182.97975044075,-454668.1212041142,300.8460228429817,435.45975413054254,1.0049907129489113,272
4263000,17052.00000163895,-563407.0184516623,110025.03193365072,-453381.98651801154,300.4147586622014,435.45975413054254,1.0049907129489113,272
4264000,17056.000001639764,-564000.8201380158,110383.70122726704,-453617.11891074874,301.39407716261564,435.45975413054254,1.0049907129489113,272
4265000,17060.00000164058,-564351.9763920424,110691.6539461721,-453660.32244587026,302.23491801585914,435.45975413054254,1.0049907129489113,272
4266000,17064.000001641394,-562675.0848442004,110153.31663685874,-452521.76820734167,300.76503002751696,435.45975413054254,1.0049907129489113,272
4267000,17068.00000164221,-564208.694220968,110501.3140416739,-453707.38017929415,301.71520976884767,435.45975413054254,1.0049907129489113,272
4268000,17072.000001643024,-565160.4983813027,109927.30353335862,-455233.1948479441,300.1479188960843,435.45975413054254,1.0049907129489113,272
4269000,17076.00000164384,-563984.6062877486,110547.3870801616,-453437.21920758695,301.841008602939,435.45975413054254,1.0049907129489113,272
4270000,17080.000001644654,-564928.0642437739,109724.63077687816,-455203.4334668958,299.59453675971565,435.45975413054254,1.0049907129489113,272
4271000,17084.00000164547,-564804.9349991414,110979.87176916731,-453825.06322997407,303.0218742767713,435.45975413054254,1.0049907129489113,272
4272000,17088.000001646284,-565166.23202617,110232.22870919557,-454934.00331697444,300.9804932793786,435.45975413054254,1.0049907129489113,272
4273000,17092.0000016471,-564803.4475558773,109955.7089591627,-454847.73859671457,300.22547769327497,435.45975413054254,1.0049907129489113,272
4274000,17096.000001647913,-565035.5850265552,110062.91414470528,-454972.67088184995,300.5181930815471,435.45975413054254,1.0049907129489113,272
4275000,17100.00000164873,-565383.8903567498,110074.76859126653,-455309.1217654832,300.55056072225744,435.45975413054254,1.0049907129489113,272
4276000,17104.000001649543,-565250.981033789,109481.35333901178,-455769.6276947772,298.93028671133885,435.45975413054254,1.0049907129489113,272
4277000,17108.000001650358,-565163.1704957755,110456.97747150366,-454706.19302427187,301.5941522259093,435.45975413054254,1.0049907129489113,272
4278000,17112.000001651173,-564373.0514407856,109633.00769921124,-454740.0437415744,299.34436710030764,435.45975413054254,1.0049907129489113,272
4279000,17116.000001651988,-564649.1191849471,110168.25545805716,-454480.86372688995,300.8058193123384,435.45975413054254,1.0049907129489113,272
4280000,17120.000001652803,-564417.2452694015,110230.47181293007,-454186.7734564714,300.97569621130856,435.45975413054254,1.0049907129489113,272
4281000,17124.000001653618,-563239.3203334804,110008.75484142418,-453230.5654920562,300.37031533283334,435.45975413054254,1.0049907129489113,272
4282000,17128.000001654433,-564027.9122824073,109750.54774481547,-454277.3645375918,299.66530101700613,435.45975413054254,1.0049907129489113,272
4283000,17132.000001655248,-564401.8542885347,109453.46075583888,-454948.39353269583,298.8541281909086,435.45975413054254,1.0049907129489113,272
4284000,17136.000001656063,-563489.678276829,111069.04979628825,-452420.6284805407,303.26536791657924,435.45975413054254,1.0049907129489113,272
4285000,17140.000001656877,-565080.2893800931,110121.05389259056,-454959.23548750253,300.67693912344936,435.45975413054254,1.0049907129489113,272
4286000,17144.000001657692,-565105.2877449687,110128.01441561809,-454977.2733293506,300.6959442880808,435.45975413054254,1.0049907129489113,272
4287000,17148.000001658507,-564196.7551978645,109864.36968421293,-454332.38551365153,299.9760829350261,435.45975413054254,1.0049907129489113,272
4288000,17152.000001659322,-563795.6115478356,109011.41464609624,-454784.1969017394,297.6471558043341,435.45975413054254,1.0049907129489113,272
4289000,17156.000001660137,-564491.6845430932,110905.11034049746,-453586.57420259574,302.8177440333496,435.45975413054254,1.0049907129489113,272
4290000,17160.000001660952,-564436.6377878455,110711.08173721805,-453725.5560506274,302.28796408233904,435.45975413054254,1.0049907129489113,272
4291000,17164.000001661767,-563801.8846872733,110113.08390823519,-453688.8007790381,300.65517770348356,435.45975413054254,1.0049907129489113,272
4292000,17168.00000166258,-564590.8146979897,111556.55798631324,-453034.2567116765,304.5964709635706,435.45975413054254,1.0049907129489113,272
4293000,17172.000001663397,-563441.5064699012,110777.34090904443,-452664.16556085675,302.4688795773273,435.45975413054254,1.0049907129489113,272
4294000,17176.00000166421,-565128.620041002,110318.06158000708,-454810.558460995,301.21485323108186,435.45975413054254,1.0049907129489113,272
4295000,17180.000001665027,-564977.7385246614,110778.76756428683,-454198.9709603746,302.47277494806985,435.45975413054254,1.0049907129489113,272
4296000,17184.00000166584,-565283.2019052184,110770.06166856695,-454513.14023665147,302.4490041795851,435.45975413054254,1.0049907129489113,272
4297000,17188.000001666656,-563613.8602864663,109258.14124303567,-454355.71904343064,298.3208235122408,435.45975413054254,1.0049907129489113,272
4298000,17192.00000166747,-565910.3080576076,109215.2289509821,-456695.0791066255,298.2036548494887,435.45975413054254,1.0049907129489113,272
4299000,17196.000001668286,-564051.6016447968,110551.84021648555,-453499.76142831123,301.8531675439594,435.45975413054254,1.0049907129489113,272
4300000,17200.0000016691,-563700.0599588226,110115.0542012412,-453585.0057575813,300.660557434691,435.45975413054254,1.0049907129489113,272
4301000,17204.000001669916,-564164.5304653472,110117.59348459722,-454046.93698075,300.667490749621,435.45975413054254,1.0049907129489113,272
4302000,17208.00000167073,-563299.6822743667,110948.06027021137,-452351.62200415536,302.93501546279435,435.45975413054254,1.0049907129489113,272
4303000,17212.000001671546,-564122.7190456442,109996.19958672911,-454126.51945891505,300.33603419023444,435.45975413054254,1.0049907129489113,272
4304000,17216.00000167236,-564036.90747895,109528.72890124761,-454508.1785777024,299.0596419848201,435.45975413054254,1.0049907129489113,272
4305000,17220.000001673176,-564623.051562388,110944.75245874352,-453678.29910364444,302.9259837418637,435.45975413054254,1.0049907129489113,272
4306000,17224.00000167399,-563956.9774080915,110677.75594915537,-453279.22145893617,302.19697062019566,435.45975413054254,1.0049907129489113,272
4307000,17228.000001674805,-563632.1883857977,111090.75373526651,-452541.43465053116,303.324628827261,435.45975413054254,1.0049907129489113,272
4308000,17232.00000167562,-564091.7790313563,109251.39278170536,-454840.38624965097,298.30239736551533,435.45975413054254,1.0049907129489113,272
4309000,17236.000001676435,-564226.8566974918,110353.05445087387,-453873.80224661797,301.31039853265185,435.45975413054254,1.0049907129489113,272
4310000,17240.00000167725,-564381.4990514778,111284.10121509313,-453097.3978363846,303.85254902386754,435.45975413054254,1.0049907129489113,272
4311000,17244.000001678065,-564497.7849193355,110948.36591733806,-453549.41900199745,302.93585000840807,435.45975413054254,1.0049907129489113,272
4312000,17248.00000167888,-565695.2201177478,110385.60061900667,-455309.6194987411,301.39926330345133,435.45975413054254,1.0049907129489113,272
4313000,17252.000001679695,-564612.8240490835,110271.34922818362,-454341.4748208999,301.08730880184646,435.45975413054254,1.0049907129489113,272
4314000,17256.00000168051,-564652.2534616841,110102.75865153433,-454549.4948101498,300.62698539628394,435.45975413054254,1.0049907129489113,272
4315000,17260.000001681325,-564216.7093626363,110415.74472848605,-453800.96463415027,301.4815694406566,435.45975413054254,1.0049907129489113,272
4316000,17264.00000168214,-563992.3468894432,111081.60098416684,-452910.7459052764,303.29963795505324,435.45975413054254,1.0049907129489113,272
4317000,17268.000001682954,-563300.8360648411,110278.14311183244,-453022.6929530087,301.10585897066596,435.45975413054254,1.0049907129489113,272
4318000,17272.00000168377,-564251.8154521594,110372.05758675782,-453879.75786540157,301.3622851113701,435.45975413054254,1.0049907129489113,272
4319000,17276.000001684584,-564899.373130003,109281.65725295243,-455617.71587705053,298.385032141129,435.45975413054254,1.0049907129489113,272
4320000,17280.0000016854,-564508.5701040677,110345.00502618746,-454163.5650778802,301.28842020706503,435.45975413054254,1.0049907129489113,272
4321000,17284.000001686214,-563769.4645369612,109976.32292961079,-453793.1416073504,300.28176252999253,435.45975413054254,1.0049907129489113,272
4322000,17288.00000168703,-563288.8035991415,110418.67332541803,-452870.1302737235,301.4895657459071,435.45975413054254,1.0049907129489113,272
4323000,17292.000001687844,-562805.7481127302,110989.42532208009,-451816.3227906501,303.0479595070341,435.45975413054254,1.0049907129489113,272
4324000,17296.00000168866,-564170.1577768466,110457.93286249455,-453712.224914352,301.5967608464106,435.45975413054254,1.0049907129489113,272
4325000,17300.000001689474,-564515.6843761243,109321.30920756608,-455194.3751685582,298.49329870707675,435.45975413054254,1.0049907129489113,272
4326000,17304.00000169029,-566062.7769290386,110281.86093181837,-455780.9159972202,301.11601018784074,435.45975413054254,1.0049907129489113,272
4327000,17308.000001691104,-565154.7761594877,110595.70578030706,-454559.0703791806,301.97293904083995,435.45975413054254,1.0049907129489113,272
4328000,17312.00000169192,-563544.7377408417,110192.88861804805,-453351.84912279365,300.87307823227405,435.45975413054254,1.0049907129489113,272
4329000,17316.000001692733,-564493.8530725325,110369.61979143391,-454124.23328109854,301.35562890158735,435.45975413054254,1.0049907129489113,272
4330000,17320.00000169355,-564009.0877957116,109911.83522893925,-454097.25256677234,300.1056838986716,435.45975413054254,1.0049907129489113,272
4331000,17324.000001694363,-564032.9954795614,111109.38418613008,-452923.6112934313,303.37549781863123,435.45975413054254,1.0049907129489113,272
4332000,17328.000001695178,-564329.3755636853,108975.9399857648,-455353.4355779205,297.55029501425025,435.45975413054254,1.0049907129489113,272
4333000,17332.000001695993,-565011.8896685564,110168.58212569411,-454843.30754286225,300.806711252814,435.45975413054254,1.0049907129489113,272
4334000,17336.000001696808,-564895.3041207162,110303.241755253,-454592.0623654632,301.17438885676023,435.45975413054254,1.0049907129489113,272
4335000,17340.000001697623,-564737.7698833547,109774.60622979107,-454963.1636535636,299.73099083168466,435.45975413054254,1.0049907129489113,272
4336000,17344.000001698438,-564969.7312831762,110722.11744038912,-454247.6138427871,302.31809620815204,435.45975413054254,1.0049907129489113,272
4337000,17348.000001699253,-563681.3189046928,109769.03660121863,-453912.28230347415,299.71578339575825,435.45975413054254,1.0049907129489113,272
4338000,17352.000001700068,-563709.6392923123,109992.40428267047,-453717.23500964185,300.3256714088493,435.45975413054254,1.0049907129489113,272
4339000,17356.000001700882,-564744.1720933905,109911.86701056361,-454832.3050828269,300.1057706759153,435.45975413054254,1.0049907129489113,272
4340000,17360.000001701697,-564192.2724956297,110341.73876614857,-453850.53372948116,301.2795019390667,435.45975413054254,1.0049907129489113,272
4341000,17364.000001702512,-564029.5868473789,110361.70591506278,-453667.88093231607,301.33402068009144,435.45975413054254,1.0049907129489113,272
4342000,17368.000001703327,-562977.2613612595,110192.5032122815,-452784.758148978,300.872025911922,435.45975413054254,1.0049907129489113,272
4343000,17372.000001704142,-563584.6229974637,110224.46914757392,-453360.15384988976,300.95930640225686,435.45975413054254,1.0049907129489113,272
4344000,17376.000001704957,-564663.9937729724,109377.08353390044,-455286.91023907193,298.6455861501323,435.45975413054254,1.0049907129489113,272
4345000,17380.000001705772,-566051.5359738953,110066.28955682559,-455985.24641706975,300.52740938078085,435.45975413054254,1.0049907129489113,272
4346000,17384.000001706587,-564883.4205051372,110180.71257707902,-454702.70792805817,300.8398325031442,435.45975413054254,1.0049907129489113,272
4347000,17388.0000017074,-564866.8847874389,108759.9517330344,-456106.9330544045,296.96055595507863,435.45975413054254,1.0049907129489113,272
4348000,17392.000001708217,-564156.1119384947,110329.93149903778,-453826.18043945695,301.2472631181619,435.45975413054254,1.0049907129489113,272
4349000,17396.00000170903,-563570.5361610306,110967.56950559834,-452602.9666554323,302.9882839066881,435.45975413054254,1.0049907129489113,272
4350000,17400.000001709846,-563261.7141331723,110655.9461160365,-452605.7680171358,302.1374205738315,435.45975413054254,1.0049907129489113,272
4351000,17404.00000171066,-565806.6856663302,110133.80154669873,-455672.88411963143,300.71174559762267,435.45975413054254,1.0049907129489113,272
4352000,17408.000001711476,-565051.657391334,109586.85424856539,-455464.80314276856,299.2183487070972,435.45975413054254,1.0049907129489113,272
4353000,17412.00000171229,-564788.0141135762,109904.57692664489,-454883.43718693126,300.08586567100343,435.45975413054254,1.0049907129489113,272
4354000,17416.000001713106,-564095.9770055013,110790.76479365857,-453305.2122118427,302.5055324460954,435.45975413054254,1.0049907129489113,272
4355000,17420.00000171392,-565138.4147287011,110242.24827750633,-454896.1664511948,301.0078509282979,435.45975413054254,1.0049907129489113,272
4356000,17424.000001714736,-565252.7682196242,110740.36053110124,-454512.40768852294,302.36790754287483,435.45975413054254,1.0049907129489113,272
4357000,17428.00000171555,-563421.6001516702,110120.41036978795,-453301.1897818822,300.67518203468467,435.45975413054254,1.0049907129489113,272
4358000,17432.000001716366,-563805.3931637555,110533.97567483096,-453271.4174889246,301.80438980788017,435.45975413054254,1.0049907129489113,272
4359000,17436.00000171718,-564215.995716094,110708.47969248728,-453507.51602360676,302.2808594023759,435.45975413054254,1.0049907129489113,272
4360000,17440.000001717995,-564429.1143719726,110390.65631035628,-454038.45806161634,301.4130674739203,435.45975413054254,1.0049907129489113,272
4361000,17444.00000171881,-563142.067943627,109564.53207751151,-453577.5358661155,299.15739976200615,435.45975413054254,1.0049907129489113,272
4362000,17448.000001719625,-562961.9643386593,110326.00356548792,-452635.9607731714,301.236538202307,435.45975413054254,1.0049907129489113,272
4363000,17452.00000172044,-563451.6969000399,110901.78345132113,-452549.9134487188,302.80866022222557,435.45975413054254,1.0049907129489113,272
4364000,17456.000001721255,-564702.9880282739,110139.20411891199,-454563.7839093619,300.72649689920445,435.45975413054254,1.0049907129489113,272
4365000,17460.00000172207,-563356.4856782253,109397.40114877222,-453959.0845294531,298.70106181108895,435.45975413054254,1.0049907129489113,272
4366000,17464.000001722885,-563601.2140124827,109582.32833554695,-454018.8856769357,299.20599105499514,435.45975413054254,1.0049907129489113,272
4367000,17468.0000017237,-564774.2728146301,110887.46173889574,-453886.8110757343,302.7695559047235,435.45975413054254,1.0049907129489113,272
4368000,17472.000001724515,-563487.767895597,110427.01677975006,-453060.751115847,301.51234689648265,435.45975413054254,1.0049907129489113,272
4369000,17476.00000172533,-563766.7057992164,109998.04253598035,-453768.66326323606,300.34106621926287,435.45975413054254,1.0049907129489113,272
4370000,17480.000001726145,-564133.3877830394,110423.20848319045,-453710.1792998489,301.5019486400881,435.45975413054254,1.0049907129489113,272
4371000,17484.00000172696,-564170.3075954868,110839.52885391505,-453330.7787415717,302.6386789050046,435.45975413054254,1.0049907129489113,272
4372000,17488.000001727774,-565131.4080222305,111041.3761433374,-454090.0318788931,303.18980716802577,435.45975413054254,1.0049907129489113,272
4373000,17492.00000172859,-565486.6205563596,111074.73735775973,-454411.8831985999,303.2808973590779,435.45975413054254,1.0049907129489113,272
4374000,17496.000001729404,-564351.9654845833,110075.77648377407,-454276.1890008092,300.5533126940504,435.45975413054254,1.0049907129489113,272
4375000,17500.00000173022,-563687.5954582621,109663.98233620747,-454023.61312205467,299.4289409280479,435.45975413054254,1.0049907129489113,272
4376000,17504.000001731034,-564912.16181356,110560.67351048946,-454351.4883030705,301.87728616351114,435.45975413054254,1.0049907129489113,272
4377000,17508.00000173185,-564745.0323989191,110365.78114783915,-454379.25125107996,301.3451477849829,435.45975413054254,1.0049907129489113,272
4378000,17512.000001732664,-564989.5213962896,109080.35718641372,-455909.16420987586,297.8353980274631,435.45975413054254,1.0049907129489113,272
4379000,17516.00000173348,-563783.2326168576,111215.69974119915,-452567.5328756585,303.66578414036,435.45975413054254,1.0049907129489113,272
4380000,17520.000001734294,-564369.2933076071,109315.60093638877,-455053.6923712183,298.47771271834335,435.45975413054254,1.0049907129489113,272
4381000,17524.00000173511,-564618.4824129427,109640.35133055318,-454978.1310823895,299.3644183122775,435.45975413054254,1.0049907129489113,272
4382000,17528.000001735923,-564895.5123049575,109571.3147258989,-455324.1975790586,299.17591925382163,435.45975413054254,1.0049907129489113,272
4383000,17532.00000173674,-562774.2197280498,109060.43214497797,-453713.78758307185,297.78099425762036,435.45975413054254,1.0049907129489113,272
4384000,17536.000001737553,-564219.3433843744,110715.27926455461,-453504.0641198198,302.299425102978,435.45975413054254,1.0049907129489113,272
4385000,17540.000001738368,-564912.290383616,110473.07450442473,-454439.2158791913,301.63810391740327,435.45975413054254,1.0049907129489113,272
4386000,17544.000001739183,-562834.7621848658,110064.71047158644,-452770.05171327933,300.52309781183436,435.45975413054254,1.0049907129489113,272
4387000,17548.000001739998,-565599.4369591414,110304.00771571623,-455295.42924342514,301.17648025199696,435.45975413054254,1.0049907129489113,272
4388000,17552.000001740813,-564807.4585538935,109651.60217277636,-455155.85638111713,299.39513785847373,435.45975413054254,1.0049907129489113,272
4389000,17556.000001741628,-565702.7639541193,110328.01072231634,-455374.75323180296,301.24201858730316,435.45975413054254,1.0049907129489113,272
4390000,17560.000001742443,-564576.414747545,110231.38355798891,-454345.0311895561,300.97818566000035,435.45975413054254,1.0049907129489113,272
4391000,17564.000001743258,-563988.4070092253,110433.85655449849,-453554.55045472685,301.53102236736635,435.45975413054254,1.0049907129489113,272
4392000,17568.000001744073,-562802.409825604,110668.6472451188,-452133.76258048514,302.17210001505447,435.45975413054254,1.0049907129489113,272
4393000,17572.000001744887,-564787.8008785294,110374.53716670124,-454413.2637118282,301.36905541079375,435.45975413054254,1.0049907129489113,272
4394000,17576.000001745702,-564189.599402959,109841.53079032933,-454348.06861262966,299.9137231185955,435.45975413054254,1.0049907129489113,272
4395000,17580.000001746517,-563292.9181939848,109750.84668128917,-453542.07151269563,299.66611723970584,435.45975413054254,1.0049907129489113,272
4396000,17584.000001747332,-563550.126465104,110770.72052143497,-452779.4059436691,302.4508031258963,435.45975413054254,1.0049907129489113,272
4397000,17588.000001748147,-564401.6482425919,109380.60462678055,-455021.04361581133,298.6552002193056,435.45975413054254,1.0049907129489113,272
4398000,17592.000001748962,-565085.5583666549,110047.14494598313,-455038.4134206718,300.47513651573513,435.45975413054254,1.0049907129489113,272
4399000,17596.000001749777,-564081.3234267365,110405.73007953621,-453675.5933472003,301.4542252236681,435.45975413054254,1.0049907129489113,272
4400000,17600.00000175059,-562522.6382706254,109388.33339337003,-453134.30487725534,298.6763030129966,435.45975413054254,1.0049907129489113,272
4401000,17604.000001751407,-561841.6201025657,110097.50049084856,-451744.1196117172,300.612628399102,435.45975413054254,1.0049907129489113,272
4402000,17608.00000175222,-564022.7679401133,110204.11804400117,-453818.64989611215,300.90373930301706,435.45975413054254,1.0049907129489113,272
4403000,17612.000001753036,-564349.8575294148,109896.87811534741,-454452.9794140674,300.06484466789834,435.45975413054254,1.0049907129489113,272
4404000,17616.00000175385,-564351.6813827339,109428.64089048456,-454923.0404922493,298.78635948655653,435.45975413054254,1.0049907129489113,272
4405000,17620.000001754666,-564036.4563369644,110893.60647213395,-453142.84986483044,302.78633361903417,435.45975413054254,1.0049907129489113,272
4406000,17624.00000175548,-565338.9837224795,109982.06634543306,-455356.9173770465,300.29744447843484,435.45975413054254,1.0049907129489113,272
4407000,17628.000001756296,-565641.2100800234,110568.82481609221,-455072.3852639312,301.8995426669849,435.45975413054254,1.0049907129489113,272
4408000,17632.00000175711,-564524.6538819005,110448.79843386868,-454075.8554480318,301.5718200022869,435.45975413054254,1.0049907129489113,272
4409000,17636.000001757926,-564852.4585879045,110568.37201294706,-454284.0865749574,301.89830632335315,435.45975413054254,1.0049907129489113,272
4410000,17640.00000175874,-564652.291276956,110338.4940792208,-454313.79719773517,301.27064257476377,435.45975413054254,1.0049907129489113,272
4411000,17644.000001759556,-564679.8197483704,110120.73555837251,-454559.0841899979,300.6760699367233,435.45975413054254,1.0049907129489113,272
4412000,17648.00000176037,-564228.8721939516,110565.01559455763,-453663.856599394,301.88914188501843,435.45975413054254,1.0049907129489113,272
4413000,17652.000001761186,-564296.4434852898,109740.41087724234,-454556.0326080475,299.6376230916099,435.45975413054254,1.0049907129489113,272
4414000,17656.000001762,-563983.2929861159,110206.65605992335,-453776.63692619256,300.9106691573179,435.45975413054254,1.0049907129489113,272
4415000,17660.000001762815,-563684.979185049,110208.01892773437,-453476.9602573146,300.9143903614597,435.45975413054254,1.0049907129489113,272
4416000,17664.00000176363,-563629.3017242975,110281.47707804333,-453347.8246462541,301.1149621050803,435.45975413054254,1.0049907129489113,272
4417000,17668.000001764445,-565131.4127331576,110514.43550693721,-454616.9772262204,301.75103690519194,435.45975413054254,1.0049907129489113,272
4418000,17672.00000176526,-563746.6602509874,110283.5299775448,-453463.1302734426,301.1205673868734,435.45975413054254,1.0049907129489113,272
4419000,17676.000001766075,-563983.9101895378,110086.4324075568,-453897.477781981,300.5824078618977,435.45975413054254,1.0049907129489113,272
4420000,17680.00000176689,-563659.2716898918,109792.71978856693,-453866.5519013249,299.7804484895697,435.45975413054254,1.0049907129489113,272
4421000,17684.000001767705,-563486.1191636045,110872.45682749338,-452613.66233611107,302.7285861657608,435.45975413054254,1.0049907129489113,272
4422000,17688.00000176852,-564330.7656668709,110462.60036613981,-453868.1653007311,301.6095051006635,435.45975413054254,1.0049907129489113,272
4423000,17692.000001769335,-564850.1316924295,110966.37957649131,-453883.75211593823,302.985034898174,435.45975413054254,1.0049907129489113,272
4424000,17696.00000177015,-564583.9316405607,110033.50723067275,-454550.424409888,300.4378997989474,435.45975413054254,1.0049907129489113,272
4425000,17700.000001770964,-564576.3664362798,110536.47666288848,-454039.88977339136,301.81121856048776,435.45975413054254,1.0049907129489113,272
4426000,17704.00000177178,-564346.8168179118,110104.33024555014,-454242.48657236167,300.63127651103014,435.45975413054254,1.0049907129489113,272
4427000,17708.000001772594,-563922.2463993556,109438.20373560238,-454484.0426637532,298.8124700884596,435.45975413054254,1.0049907129489113,272
4428000,17712.00000177341,-563891.7495247182,110394.55261820299,-453497.19690651516,301.4237060382622,435.45975413054254,1.0049907129489113,272
4429000,17716.000001774224,-563238.3273050911,110402.33210734476,-452835.9951977463,301.4449473259216,435.45975413054254,1.0049907129489113,272
4430000,17720.00000177504,-563367.2937613428,109956.08875261503,-453411.20500872773,300.2265146896413,435.45975413054254,1.0049907129489113,272
4431000,17724.000001775854,-564205.8961992781,110551.6349445149,-453654.2612547632,301.85260706487173,435.45975413054254,1.0049907129489113,272
4432000,17728.00000177667,-562608.6973008136,110217.2872607801,-452391.4100400335,300.9396968211462,435.45975413054254,1.0049907129489113,272
4433000,17732.000001777484,-564161.4069731226,110313.17226284498,-453848.23471027764,301.201503332341,435.45975413054254,1.0049907129489113,272
4434000,17736.0000017783,-563622.6316899802,110179.85056784109,-453442.7811221391,300.83747885422787,435.45975413054254,1.0049907129489113,272
4435000,17740.000001779114,-562804.5445280392,109965.56379643123,-452838.98073160794,300.2523855569461,435.45975413054254,1.0049907129489113,272
4436000,17744.00000177993,-564028.1831694548,110782.22178507777,-453245.96138437703,302.4822064282252,435.45975413054254,1.0049907129489113,272
4437000,17748.000001780743,-564056.7810063297,110259.08594926097,-453797.6950570687,301.053824876296,435.45975413054254,1.0049907129489113,272
4438000,17752.00000178156,-564480.3731929329,109987.74705459236,-454492.62613834057,300.31295521123013,435.45975413054254,1.0049907129489113,272
4439000,17756.000001782373,-563396.2703662054,110249.82315682527,-453146.4472093801,301.0285335448125,435.45975413054254,1.0049907129489113,272
4440000,17760.000001783188,-564281.0354827791,110797.5439201484,-453483.49156263075,302.5240423216445,435.45975413054254,1.0049907129489113,272
4441000,17764.000001784003,-564793.8925206396,110266.67988862477,-454527.2126320148,301.07455953477483,435.45975413054254,1.0049907129489113,272
4442000,17768.000001784818,-564893.1024873755,109403.36406113429,-455489.7384262412,298.7173430776943,435.45975413054254,1.0049907129489113,272
4443000,17772.000001785633,-563172.7748788083,110364.42238496794,-452808.3524938404,301.34143778905866,435.45975413054254,1.0049907129489113,272
4444000,17776.000001786448,-563462.1908507547,110834.42540308658,-452627.76544766815,302.62474433100783,435.45975413054254,1.0049907129489113,272
4445000,17780.000001787263,-564570.4713996672,110415.61713240357,-454154.85426726367,301.48122104951636,435.45975413054254,1.0049907129489113,272
4446000,17784.000001788077,-565611.853330018,109552.02043394023,-456059.8328960778,299.1232376961755,435.45975413054254,1.0049907129489113,272
4447000,17788.000001788892,-562949.8980117794,109756.4242795204,-453193.473732259,299.6813464361632,435.45975413054254,1.0049907129489113,272
4448000,17792.000001789707,-563892.4376823194,109866.48840903465,-454025.94927328476,299.9818679477164,435.45975413054254,1.0049907129489113,272
4449000,17796.000001790522,-564665.0315980287,110270.06201426359,-454394.96958376514,301.08379416474673,435.45975413054254,1.0049907129489113,272
4450000,17800.000001791337,-564365.405707927,109884.40823989786,-454480.9974680291,300.03079664666274,435.45975413054254,1.0049907129489113,272
4451000,17804.000001792152,-563768.6346679381,110278.88801994716,-453489.74664799095,301.1078928841089,435.45975413054254,1.0049907129489113,272
4452000,17808.000001792967,-562442.5648353263,109533.75930924377,-452908.8055260825,299.0733771210667,435.45975413054254,1.0049907129489113,272
4453000,17812.000001793782,-564747.1657021609,109190.76782683702,-455556.3978753239,298.13686565999706,435.45975413054254,1.0049907129489113,272
4454000,17816.000001794597,-564677.9835496717,110519.17607132369,-454158.807478348,301.763980646094,435.45975413054254,1.0049907129489113,272
4455000,17820.00000179541,-563884.483329514,110528.5566809586,-453355.92664855544,301.78959366824046,435.45975413054254,1.0049907129489113,272
4456000,17824.000001796227,-563006.0809750799,110354.20550710347,-452651.87546797644,301.3135414018094,435.45975413054254,1.0049907129489113,272
4457000,17828.00000179704,-563298.3249519025,110382.10655021167,-452916.2184016908,301.38972302143236,435.45975413054254,1.0049907129489113,272
4458000,17832.000001797856,-563533.6808548728,110120.00036366697,-453413.6804912058,300.6740625449857,435.45975413054254,1.0049907129489113,272
4459000,17836.00000179867,-564501.6937356773,110528.93889442779,-453972.7548412495,301.79063727227384,435.45975413054254,1.0049907129489113,272
4460000,17840.000001799486,-564046.1506577414,111123.76097843377,-452922.3896793076,303.41475252744016,435.45975413054254,1.0049907129489113,272
4461000,17844.0000018003,-563305.5872550667,109710.07030457282,-453595.5169504939,299.5547805270044,435.45975413054254,1.0049907129489113,272
4462000,17848.000001801116,-563497.492778677,110043.40143978338,-453454.09133889363,300.4649151643591,435.45975413054254,1.0049907129489113,272
4463000,17852.00000180193,-564505.3284213804,109616.98052422254,-454888.34789715783,299.30060615044334,435.45975413054254,1.0049907129489113,272
4464000,17856.000001802746,-564352.4156533629,110104.11889011948,-454248.2967632434,300.63069942152987,435.45975413054254,1.0049907129489113,272
4465000,17860.00000180356,-562856.2743471079,110880.59277525061,-451975.68157185725,302.75080073583655,435.45975413054254,1.0049907129489113,272
4466000,17864.000001804376,-562765.2301309402,109816.0685541204,-452949.16157681984,299.8442004707828,435.45975413054254,1.0049907129489113,272
4467000,17868.00000180519,-564030.2235631505,109893.01961109412,-454137.20395205636,300.05430932331643,435.45975413054254,1.0049907129489113,272
4468000,17872.000001806005,-563063.1957875667,109901.10271457466,-453162.09307299205,300.07637960622094,435.45975413054254,1.0049907129489113,272
4469000,17876.00000180682,-564496.44922157,110057.47882025328,-454438.97040131676,300.50335235253476,435.45975413054254,1.0049907129489113,272
4470000,17880.000001807635,-564810.7071999284,110745.04933473316,-454065.6578651952,302.38070995507815,435.45975413054254,1.0049907129489113,272
4471000,17884.00000180845,-563392.957387079,110374.50174479827,-453018.45564228075,301.3689586940535,435.45975413054254,1.0049907129489113,272
4472000,17888.000001809265,-564929.9930091472,109950.91029434826,-454979.082714799,300.212375313691,435.45975413054254,1.0049907129489113,272
4473000,17892.00000181008,-563965.952575027,110375.77957153926,-453590.17300348775,301.37244770019385,435.45975413054254,1.0049907129489113,272
4474000,17896.000001810895,-565031.4841605136,111583.66456816367,-453447.81959234993,304.67048336876275,435.45975413054254,1.0049907129489113,272
4475000,17900.00000181171,-563066.3172565098,110077.1887133182,-452989.1285431916,300.55716867655025,435.45975413054254,1.0049907129489113,272
4476000,17904.000001812525,-564883.7676439835,109996.02376520965,-454887.7438787738,300.3355541233042,435.45975413054254,1.0049907129489113,272
4477000,17908.00000181334,-564077.8396534882,110220.54495211923,-453857.294701369,300.94859169297894,435.45975413054254,1.0049907129489113,272
4478000,17912.000001814155,-563768.1391350701,110234.26706364658,-453533.87207142357,300.9860588470472,435.45975413054254,1.0049907129489113,272
4479000,17916.00000181497,-564273.3155921116,109729.00128190292,-454544.31431020866,299.6064700824257,435.45975413054254,1.0049907129489113,272
4480000,17920.000001815784,-564077.1853262866,110656.75327410223,-453420.43205218436,302.13962445590505,435.45975413054254,1.0049907129489113,272
4481000,17924.0000018166,-564208.3809436611,110848.57863541995,-453359.80230824114,302.66338862677395,435.45975413054254,1.0049907129489113,272
4482000,17928.000001817414,-564429.3409091872,110218.4416611967,-454210.8992479905,300.94284882134525,435.45975413054254,1.0049907129489113,272
4483000,17932.00000181823,-566284.8922536154,110558.22975013184,-455726.6625034836,301.87061366666967,435.45975413054254,1.0049907129489113,272
4484000,17936.000001819044,-564348.4833606137,110880.55959814767,-453467.92376246606,302.75071014834754,435.45975413054254,1.0049907129489113,272
4485000,17940.00000181986,-565210.8009567815,109938.54788032267,-455272.2530764588,300.1786207074827,435.45975413054254,1.0049907129489113,272
4486000,17944.000001820674,-565235.0746686738,110425.73536601278,-454809.339302661,301.5088480963291,435.45975413054254,1.0049907129489113,272
4487000,17948.00000182149,-565467.3684646315,110423.00063281652,-455044.367831815,301.50138112087154,435.45975413054254,1.0049907129489113,272
4488000,17952.000001822304,-564343.9009251245,110774.15542736545,-453569.7454977591,302.46018186833334,435.45975413054254,1.0049907129489113,272
4489000,17956.00000182312,-563420.9415310561,110075.32928397786,-453345.6122470782,300.5520916499254,435.45975413054254,1.0049907129489113,272
4490000,17960.000001823933,-564275.2848750656,110878.4971685133,-453396.78770655225,302.74507884527065,435.45975413054254,1.0049907129489113,272
4491000,17964.00000182475,-563136.3922879049,110674.51259626503,-452461.8796916398,302.18811489837776,435.45975413054254,1.0049907129489113,272
4492000,17968.000001825563,-564166.5420442643,110528.29091089405,-453638.2511333702,301.78886800383117,435.45975413054254,1.0049907129489113,272
4493000,17972.000001826378,-564676.9531378052,110849.96809739311,-453826.9850404121,302.66718244419894,435.45975413054254,1.0049907129489113,272
4494000,17976.000001827193,-563815.4719326161,109459.61539683468,-454355.8565357814,298.87093295757774,435.45975413054254,1.0049907129489113,272
4495000,17980.000001828008,-564335.6646153047,110267.15691200178,-454068.5077033029,301.0758620098586,435.45975413054254,1.0049907129489113,272
4496000,17984.000001828823,-564330.1965547889,109410.72154974227,-454919.4750050466,298.73743212584714,435.45975413054254,1.0049907129489113,272
4497000,17988.000001829638,-563033.4908146248,110035.79005083366,-452997.70076379116,300.44413286114843,435.45975413054254,1.0049907129489113,272
4498000,17992.000001830453,-563415.3694149731,109125.90479589056,-454289.4646190825,297.95976221866715,435.45975413054254,1.0049907129489113,272
4499000,17996.000001831268,-564509.6400139686,110001.94758258329,-454507.6924313853,300.3517286440963,435.45975413054254,1.0049907129489113,272
4500000,18000.000001832082,-564875.1223004288,109285.15393884102,-455589.9683615878,298.3945795689177,435.45975413054254,1.0049907129489113,272
4501000,18004.000001832897,-563284.4637149125,110973.59615039028,-452310.86756452225,303.0047391897168,435.45975413054254,1.0049907129489113,272
4502000,18008.000001833712,-564614.2173219547,110431.94720589102,-454182.27011606365,301.5258090400804,435.45975413054254,1.0049907129489113,272
4503000,18012.000001834527,-564127.9132659049,110478.25745468808,-453649.6558112168,301.6522555583995,435.45975413054254,1.0049907129489113,272
4504000,18016.000001835342,-564435.1528099757,109975.0169625713,-454460.13584740437,300.27819668896444,435.45975413054254,1.0049907129489113,272
4505000,18020.000001836157,-565850.6502993046,111129.2532761037,-454721.39702320093,303.42974881737547,435.45975413054254,1.0049907129489113,272
4506000,18024.000001836972,-565450.053951838,110731.8745258575,-454718.17942598055,302.3447371681656,435.45975413054254,1.0049907129489113,272
4507000,18028.000001837787,-564968.6574678803,110303.29733100008,-454665.3601368802,301.17454060199816,435.45975413054254,1.0049907129489113,272
4508000,18032.0000018386,-563796.748411186,110963.40960904164,-452833.3388021444,302.9769256339552,435.45975413054254,1.0049907129489113,272
4509000,18036.000001839417,-564249.5777685558,110246.22742155989,-454003.350346996,301.0187156704345,435.45975413054254,1.0049907129489113,272
4510000,18040.00000184023,-563260.45895941,111172.66377490736,-452087.7951845026,303.54827779475727,435.45975413054254,1.0049907129489113,272
4511000,18044.000001841046,-566289.0929134772,110364.89108105475,-455924.20183242246,301.3427175271267,435.45975413054254,1.0049907129489113,272
4512000,18048.00000184186,-564006.8585275486,110141.02721429028,-453865.8313132583,300.731474718783,435.45975413054254,1.0049907129489113,272
4513000,18052.000001842676,-563313.42869878,110673.16657425021,-452640.2621245298,302.1844396903671,435.45975413054254,1.0049907129489113,272
4514000,18056.00000184349,-564944.6012197472,109704.33180427714,-455240.2694154701,299.53911200002364,435.45975413054254,1.0049907129489113,272
4515000,18060.000001844306,-565282.4092380786,110740.6971501573,-454541.71208792133,302.36882665492334,435.45975413054254,1.0049907129489113,272
4516000,18064.00000184512,-564190.3479597662,110383.84892682286,-453806.4990329433,301.39448044472,435.45975413054254,1.0049907129489113,272
4517000,18068.000001845936,-565229.3817738015,110654.79730541981,-454574.5844683817,302.1342838361447,435.45975413054254,1.0049907129489113,272
4518000,18072.00000184675,-564446.6756643066,110734.3764290589,-453712.2992352477,302.3515684195021,435.45975413054254,1.0049907129489113,272
4519000,18076.000001847566,-562975.5584909334,110965.1320236167,-452010.4264673167,302.9816285524619,435.45975413054254,1.0049907129489113,272
4520000,18080.00000184838,-565389.5211632415,110414.74849241972,-454974.77267082175,301.47884929586604,435.45975413054254,1.0049907129489113,272
4521000,18084.000001849196,-564937.1118425867,110081.43373516074,-454855.6781074259,300.56875937722924,435.45975413054254,1.0049907129489113,272
4522000,18088.00000185001,-563062.228810783,110965.49859303667,-452096.73021774634,302.9826294416405,435.45975413054254,1.0049907129489113,272
4523000,18092.000001850825,-564195.1855292805,109613.8437078296,-454581.34182145086,299.29204131821297,435.45975413054254,1.0049907129489113,272
4524000,18096.00000185164,-565902.4896929339,110656.04449085996,-455246.4452020739,302.1376891786056,435.45975413054254,1.0049907129489113,272
4525000,18100.000001852455,-564574.5925394967,109981.58042840665,-454593.01211109007,300.29611771993586,435.45975413054254,1.0049907129489113,272
4526000,18104.00000185327,-564072.8832678539,110339.11979899724,-453733.76346885663,301.27235105375553,435.45975413054254,1.0049907129489113,272
4527000,18108.000001854085,-563634.0354880895,110407.8910033601,-453226.14448472945,301.46012545743883,435.45975413054254,1.0049907129489113,272
4528000,18112.0000018549,-564759.826265743,110723.5807620459,-454036.2455036971,302.32209169367604,435.45975413054254,1.0049907129489113,272
4529000,18116.000001855715,-564363.0837282576,110931.76986603322,-453431.31386222434,302.8905357861819,435.45975413054254,1.0049907129489113,272
4530000,18120.00000185653,-564276.7805587659,109930.6070582163,-454346.1735005496,300.15693891276067,435.45975413054254,1.0049907129489113,272
4531000,18124.000001857345,-563943.2501496291,109425.39298399561,-454517.85716563347,298.7774913314932,435.45975413054254,1.0049907129489113,272
4532000,18128.00000185816,-565005.3783892733,111096.53418807557,-453908.84420119773,303.3404119023037,435.45975413054254,1.0049907129489113,272
4533000,18132.000001858974,-564787.4306295421,111766.29134668806,-453021.13928285404,305.169131527563,435.45975413054254,1.0049907129489113,272
4534000,18136.00000185979,-564504.1486021322,109898.75170042133,-454605.3969017109,300.0699603456484,435.45975413054254,1.0049907129489113,272
4535000,18140.000001860604,-564846.1838556095,110271.4133351876,-454574.7705204219,301.0874838410151,435.45975413054254,1.0049907129489113,272
4536000,18144.00000186142,-564564.7833519438,110860.78532609309,-453703.99802585074,302.6967180425276,435.45975413054254,1.0049907129489113,272
4537000,18148.000001862234,-563234.2925734036,109972.90613541484,-453261.3864379887,300.27243324023243,435.45975413054254,1.0049907129489113,272
4538000,18152.00000186305,-565426.7403873242,110362.65313197154,-455064.0872553527,301.33660698189976,435.45975413054254,1.0049907129489113,272
4539000,18156.000001863864,-563271.4943232159,109385.34433611378,-453886.14998710214,298.66814162555147,435.45975413054254,1.0049907129489113,272
4540000,18160.00000186468,-563595.7479825998,110449.82237311802,-453145.92560948175,301.5746157884555,435.45975413054254,1.0049907129489113,272
4541000,18164.000001865494,-564886.6523088105,110325.76342194248,-454560.888886868,301.2358825091072,435.45975413054254,1.0049907129489113,272
4542000,18168.00000186631,-564916.1839375561,110693.4472336052,-454222.7367039509,302.2398144471707,435.45975413054254,1.0049907129489113,272
4543000,18172.000001867124,-563835.4184331289,109426.4607695113,-454408.95766361756,298.78040683646833,435.45975413054254,1.0049907129489113,272
4544000,18176.00000186794,-564209.0817873641,109993.0138238247,-454216.0679635394,300.3273357133764,435.45975413054254,1.0049907129489113,272
4545000,18180.000001868753,-564037.9265508051,110518.19560401468,-453519.7309467904,301.7613035566641,435.45975413054254,1.0049907129489113,272
4546000,18184.00000186957,-563812.9643970695,109253.70063282916,-454559.2637642404,298.308698772806,435.45975413054254,1.0049907129489113,272
4547000,18188.000001870383,-563528.6037618318,110804.45353968974,-452724.150222142,302.5429084982816,435.45975413054254,1.0049907129489113,272
4548000,18192.000001871198,-565058.9728617319,110978.22642308875,-454080.74643864314,303.01738178777657,435.45975413054254,1.0049907129489113,272
4549000,18196.000001872013,-563907.1614364656,109606.2860705991,-454300.87536586646,299.27140577987456,435.45975413054254,1.0049907129489113,272
4550000,18200.000001872828,-565210.8851308478,110809.41611302632,-454401.4690178215,302.5564584172868,435.45975413054254,1.0049907129489113,272
4551000,18204.000001873643,-564856.9398944629,110512.56220423453,-454344.3776902284,301.74592199843454,435.45975413054254,1.0049907129489113,272
4552000,18208.000001874458,-562717.9189541494,109516.58488538238,-453201.33406876697,299.02648369773556,435.45975413054254,1.0049907129489113,272
4553000,18212.000001875273,-564180.349445778,110281.53771037096,-453898.811735407,301.11512765691657,435.45975413054254,1.0049907129489113,272
4554000,18216.000001876087,-563852.5801145379,110083.155521599,-453769.42459293886,300.57346058065747,435.45975413054254,1.0049907129489113,272
4555000,18220.000001876902,-563553.0302684368,111222.77906529949,-452330.2512031373,303.68511368204446,435.45975413054254,1.0049907129489113,272
4556000,18224.000001877717,-564013.5391625296,110117.1730786186,-453896.36608391104,300.66634286392264,435.45975413054254,1.0049907129489113,272
4557000,18228.000001878532,-563219.208736511,111624.72076167999,-451594.48797483096,304.7825840993877,435.45975413054254,1.0049907129489113,272
4558000,18232.000001879347,-564814.9317554035,110420.85098635324,-454394.0807690503,301.4955116790534,435.45975413054254,1.0049907129489113,272
4559000,18236.000001880162,-564046.1744248583,110077.65055451333,-453968.523870345,300.5584296978718,435.45975413054254,1.0049907129489113,272
4560000,18240.000001880977,-564389.9905179581,110738.85088914962,-453651.1396288085,302.3637855834026,435.45975413054254,1.0049907129489113,272
4561000,18244.000001881792,-564494.3465332431,110580.21716989166,-453914.1293633514,301.9306485994906,435.45975413054254,1.0049907129489113,272
4562000,18248.000001882607,-563894.6720736236,110826.47211292054,-453068.1999607031,302.60302849322244,435.45975413054254,1.0049907129489113,272
4563000,18252.00000188342,-563739.7730248305,110455.41210967972,-453284.3609151508,301.58987812767646,435.45975413054254,1.0049907129489113,272
4564000,18256.000001884237,-564180.1910747685,111270.21033567563,-452909.9807390929,303.814621062253,435.45975413054254,1.0049907129489113,272
4565000,18260.00000188505,-565081.063277843,110573.99349992408,-454507.06977791886,301.913655354604,435.45975413054254,1.0049907129489113,272
4566000,18264.000001885866,-563557.2714560353,110342.83726095653,-453214.4341950788,301.2825012933665,435.45975413054254,1.0049907129489113,272
4567000,18268.00000188668,-565018.1405901373,109632.45438931466,-455385.6862008227,299.34285633083886,435.45975413054254,1.0049907129489113,272
4568000,18272.000001887496,-563842.6230633305,110077.60475554992,-453765.0183077806,300.5583046473783,435.45975413054254,1.0049907129489113,272
4569000,18276.00000188831,-564544.1294354233,110369.59657392607,-454174.53286149725,301.3555655079951,435.45975413054254,1.0049907129489113,272
4570000,18280.000001889126,-564462.2613891689,110242.00753599702,-454220.2538531719,301.00719360240447,435.45975413054254,1.0049907129489113,272
4571000,18284.00000188994,-564311.5754020438,110384.86854673781,-453926.70685530594,301.3972644372833,435.45975413054254,1.0049907129489113,272
4572000,18288.000001890756,-563991.2783052688,110155.91874557221,-453835.35955969663,300.7721348821799,435.45975413054254,1.0049907129489113,272
4573000,18292.00000189157,-564606.9293303741,109963.13969275422,-454643.78963761986,300.24576673113614,435.45975413054254,1.0049907129489113,272
4574000,18296.000001892386,-565343.1321866936,109820.33155998576,-455522.80062670785,299.8558402754319,435.45975413054254,1.0049907129489113,272
4575000,18300.0000018932,-564701.0657921098,110365.75664852397,-454335.30914358585,301.34508089151575,435.45975413054254,1.0049907129489113,272
4576000,18304.000001894015,-564804.1674505523,110183.63897432823,-454620.5284762241,300.8478228023327,435.45975413054254,1.0049907129489113,272
4577000,18308.00000189483,-563940.9598861067,110708.785938696,-453232.17394741066,302.28169558373634,435.45975413054254,1.0049907129489113,272
4578000,18312.000001895645,-565129.8482074356,110509.76924269513,-454620.07896474045,301.73829603503265,435.45975413054254,1.0049907129489113,272
4579000,18316.00000189646,-564600.6352766156,109964.04791644966,-454636.58736016596,300.2482465650201,435.45975413054254,1.0049907129489113,272
4580000,18320.000001897275,-564843.9405203331,109221.6387112,-455622.30180913315,298.2211561992734,435.45975413054254,1.0049907129489113,272
4581000,18324.00000189809,-564710.8573200931,109266.24396294431,-455444.6133571488,298.3429473562705,435.45975413054254,1.0049907129489113,272
4582000,18328.000001898905,-564745.0309004593,109550.45796872956,-455194.5729317297,299.1189715069191,435.45975413054254,1.0049907129489113,272
4583000,18332.00000189972,-564805.970731474,109905.75410720916,-454900.21662426484,300.08907987061696,435.45975413054254,1.0049907129489113,272
4584000,18336.000001900535,-564502.1698076543,109724.29809950525,-454777.8717081491,299.59362841012523,435.45975413054254,1.0049907129489113,272
4585000,18340.00000190135,-564504.973010188,109987.77518917935,-454517.1978210086,300.3130320305231,435.45975413054254,1.0049907129489113,272
4586000,18344.000001902165,-564960.6823230372,110327.06895928609,-454633.6133637511,301.23944717688425,435.45975413054254,1.0049907129489113,272
4587000,18348.00000190298,-562835.9547992605,109645.55158185583,-453190.4032174046,299.3786171924107,435.45975413054254,1.0049907129489113,272
4588000,18352.000001903794,-563943.2498558606,109348.41733899363,-454594.83251686697,298.56731534326826,435.45975413054254,1.0049907129489113,272
4589000,18356.00000190461,-564065.417416079,109952.72482328204,-454112.6925927969,300.2173297432617,435.45975413054254,1.0049907129489113,272
4590000,18360.000001905424,-563338.2114482834,110019.60024381231,-453318.6112044711,300.3999278572177,435.45975413054254,1.0049907129489113,272
4591000,18364.00000190624,-564906.1403366458,110595.76370121608,-454310.3766354297,301.97309718935946,435.45975413054254,1.0049907129489113,272
4592000,18368.000001907054,-563823.590327898,109767.02718904347,-454056.5631388546,299.710296852714,435.45975413054254,1.0049907129489113,272
4593000,18372.00000190787,-563663.4872125117,110027.90624818951,-453635.5809643222,300.4226067536158,435.45975413054254,1.0049907129489113,272
4594000,18376.000001908684,-564289.0529193874,110240.16353516193,-454048.8893842254,301.0021587021085,435.45975413054254,1.0049907129489113,272
4595000,18380.0000019095,-565051.0392943318,110001.09136366216,-455049.94793066964,300.34939080518785,435.45975413054254,1.0049907129489113,272
4596000,18384.000001910314,-564415.6099367738,109862.5523114872,-454553.0576252866,299.97112074070355,435.45975413054254,1.0049907129489113,272
4597000,18388.00000191113,-565855.9394543818,110524.65765302503,-455331.2818013568,301.7789476769138,435.45975413054254,1.0049907129489113,272
4598000,18392.000001911943,-564655.6379167666,109933.67916960473,-454721.95874716184,300.16532707302855,435.45975413054254,1.0049907129489113,272
4599000,18396.00000191276,-565113.5214266013,110119.88733931951,-454993.6340872818,300.6737539408302,435.45975413054254,1.0049907129489113,272
4600000,18400.000001913573,-563585.3466731361,109637.79122248059,-453947.5554506555,299.35742813708504,435.45975413054254,1.0049907129489113,272
4601000,18404.000001914388,-564011.1452302602,110539.49132238317,-453471.65390787704,301.81944985284576,435.45975413054254,1.0049907129489113,272
4602000,18408.000001915203,-563804.4055845053,110722.61689376715,-453081.78869073815,302.3194599266021,435.45975413054254,1.0049907129489113,272
4603000,18412.000001916018,-563793.7296978538,109768.1852707282,-454025.5444271256,299.71345890432815,435.45975413054254,1.0049907129489113,272
4604000,18416.000001916833,-564721.9912813585,109960.79438444437,-454761.19689691416,300.23936304992367,435.45975413054254,1.0049907129489113,272
4605000,18420.000001917648,-563843.8031028411,110155.46081649698,-453688.34228634415,300.7708845425962,435.45975413054254,1.0049907129489113,272
4606000,18424.000001918463,-562652.0021885862,109898.3295130548,-452753.67267553136,300.06880759600955,435.45975413054254,1.0049907129489113,272
4607000,18428.000001919278,-564548.8840497048,110979.69703389518,-453569.1870158096,303.0213971757545,435.45975413054254,1.0049907129489113,272
4608000,18432.000001920092,-566158.3016222697,110358.94666058721,-455799.35496168246,301.3264867511955,435.45975413054254,1.0049907129489113,272
4609000,18436.000001920907,-563671.298527584,109999.8437367198,-453671.45479086414,300.34598425723965,435.45975413054254,1.0049907129489113,272
4610000,18440.000001921722,-562657.5606877757,111618.69361628086,-451038.86707149487,304.7661274494901,435.45975413054254,1.0049907129489113,272
4611000,18444.000001922537,-564956.1658681259,110297.92861831386,-454658.237249812,301.1598817512111,435.45975413054254,1.0049907129489113,272
4612000,18448.000001923352,-564620.7501262333,110574.0245136664,-454046.7256125669,301.91374003520576,435.45975413054254,1.0049907129489113,272
4613000,18452.000001924167,-563022.1567635085,111277.45280326484,-451744.7039602436,303.8343960544952,435.45975413054254,1.0049907129489113,272
4614000,18456.000001924982,-564125.5968537661,110434.13786417467,-453691.45898959145,301.53179046147176,435.45975413054254,1.0049907129489113,272
4615000,18460.000001925797,-564066.6719056619,111154.84905068029,-452911.82285498164,303.499636081274,435.45975413054254,1.0049907129489113,272
4616000,18464.00000192661,-563914.6853138292,109101.54149731144,-454813.1438165178,297.89324013424476,435.45975413054254,1.0049907129489113,272
4617000,18468.000001927427,-564851.781399033,109988.58992764924,-454863.1914713838,300.3152566102983,435.45975413054254,1.0049907129489113,272
4618000,18472.00000192824,-564536.4784304895,110299.41034822016,-454237.0680822694,301.16392749902303,435.45975413054254,1.0049907129489113,272
4619000,18476.000001929056,-565558.9120822595,110249.4170243883,-455309.4950578712,301.02742463190526,435.45975413054254,1.0049907129489113,272
4620000,18480.00000192987,-564522.9299553232,110123.53121285886,-454399.3987424644,300.68370325300646,435.45975413054254,1.0049907129489113,272
4621000,18484.000001930686,-562627.194692832,110115.75304170849,-452511.44165112346,300.6624655640197,435.45975413054254,1.0049907129489113,272
4622000,18488.0000019315,-563431.8864165461,110703.45442899724,-452728.4319875488,302.2671383128016,435.45975413054254,1.0049907129489113,272
4623000,18492.000001932316,-564724.6285095247,110462.89274979313,-454261.7357597316,301.61030343139885,435.45975413054254,1.0049907129489113,272
4624000,18496.00000193313,-564709.0113639287,110031.45140272478,-454677.5599612039,300.43228652125975,435.45975413054254,1.0049907129489113,272
4625000,18500.000001933946,-565722.9140841379,110648.34638009802,-455074.56770403986,302.1166700882581,435.45975413054254,1.0049907129489113,272
4626000,18504.00000193476,-565288.5685741808,110558.14743875363,-454730.4211354272,301.87038892187854,435.45975413054254,1.0049907129489113,272
4627000,18508.000001935576,-565097.4739819388,110199.1328175168,-454898.341164422,300.89012753136063,435.45975413054254,1.0049907129489113,272
4628000,18512.00000193639,-564831.0357871479,110247.46613577663,-454583.56965137133,301.0220978828814,435.45975413054254,1.0049907129489113,272
4629000,18516.000001937206,-564424.0451312545,110534.03433484305,-453890.0107964114,301.8045499744628,435.45975413054254,1.0049907129489113,272
4630000,18520.00000193802,-564123.3971540071,110240.82468920693,-453882.5724648002,301.0039639316038,435.45975413054254,1.0049907129489113,272
4631000,18524.000001938835,-563595.2590108644,110543.23819125257,-453052.02081961185,301.82968038572864,435.45975413054254,1.0049907129489113,272
4632000,18528.00000193965,-562949.3705463544,108905.00894649792,-454044.3615998565,297.3566233500069,435.45975413054254,1.0049907129489113,272
4633000,18532.000001940465,-564555.8379172687,110353.81063535705,-454202.0272819117,301.3124632353383,435.45975413054254,1.0049907129489113,272
4634000,18536.00000194128,-564720.8519360311,110453.1026721464,-454267.74926388473,301.5835723888184,435.45975413054254,1.0049907129489113,272
4635000,18540.000001942095,-563487.9438172108,109620.11172842223,-453867.8320887886,299.30915565901824,435.45975413054254,1.0049907129489113,272
4636000,18544.00000194291,-563310.31369561,110498.68393623845,-452811.6297593716,301.7080284713214,435.45975413054254,1.0049907129489113,272
4637000,18548.000001943725,-563624.382327198,110199.34225525122,-453425.0400719468,300.890699384741,435.45975413054254,1.0049907129489113,272
4638000,18552.00000194454,-564277.5271436563,110043.47795222577,-454234.0491914305,300.4651240756088,435.45975413054254,1.0049907129489113,272
4639000,18556.000001945355,-563739.5349049009,110201.10760671459,-453538.42729818635,300.89551953906863,435.45975413054254,1.0049907129489113,272
4640000,18560.00000194617,-563799.3516265289,110936.39634994825,-452862.95527658064,302.9031680392643,435.45975413054254,1.0049907129489113,272
4641000,18564.000001946984,-564417.3728292189,110675.70170146797,-453741.6711277509,302.19136165728605,435.45975413054254,1.0049907129489113,272
4642000,18568.0000019478,-564705.9027669975,110649.58704603207,-454056.3157209654,302.12005762971665,435.45975413054254,1.0049907129489113,272
4643000,18572.000001948614,-564549.1533722142,110935.79160157562,-453613.36177063856,302.9015168210531,435.45975413054254,1.0049907129489113,272
4644000,18576.00000194943,-564631.8597498084,109450.57490942965,-455181.2848403788,298.84624861262245,435.45975413054254,1.0049907129489113,272
4645000,18580.000001950244,-564824.6105041141,110447.21228101308,-454377.398223101,301.5674891357655,435.45975413054254,1.0049907129489113,272
4646000,18584.00000195106,-564161.4844602859,110374.28781482053,-453787.19664546533,301.36837457495346,435.45975413054254,1.0049907129489113,272
4647000,18588.000001951874,-563810.2003500368,110083.13294768974,-453727.0674023471,300.57339894436086,435.45975413054254,1.0049907129489113,272
4648000,18592.00000195269,-563121.961003405,110290.92195786606,-452831.039045539,301.1407506119561,435.45975413054254,1.0049907129489113,272
4649000,18596.000001953504,-564579.7033269252,110205.75919819862,-454373.94412872655,300.90822034640775,435.45975413054254,1.0049907129489113,272
4650000,18600.00000195432,-565114.8223022078,109435.34608068509,-455679.4762215227,298.8046674848409,435.45975413054254,1.0049907129489113,272
4651000,18604.000001955133,-563908.0607401859,110139.01259374997,-453769.04814643593,300.7259739547043,435.45975413054254,1.0049907129489113,272
4652000,18608.00000195595,-564610.8267346607,110207.98506873101,-454402.84166592965,300.91429791209487,435.45975413054254,1.0049907129489113,272
4653000,18612.000001956763,-563784.0593153117,110503.38305257517,-453280.67626273655,301.72085904156,435.45975413054254,1.0049907129489113,272
4654000,18616.00000195758,-564964.18200017,110273.24659906013,-454690.93540110986,301.0924894248733,435.45975413054254,1.0049907129489113,272
4655000,18620.000001958393,-563645.9472471583,109813.43546482833,-453832.51178232994,299.8370110260691,435.45975413054254,1.0049907129489113,272
4656000,18624.000001959208,-564778.7355748462,110621.10802597721,-454157.62754886894,302.04229788917075,435.45975413054254,1.0049907129489113,272
4657000,18628.000001960023,-564404.1959958863,110015.39390582475,-454388.8020900616,300.38844277978416,435.45975413054254,1.0049907129489113,272
4658000,18632.000001960838,-565084.23290938,108962.9997476255,-456121.2331617545,297.51496270441737,435.45975413054254,1.0049907129489113,272
4659000,18636.000001961653,-564828.8395112692,109209.45779025625,-455619.381721013,298.1878971457536,435.45975413054254,1.0049907129489113,272
4660000,18640.000001962468,-564728.1719878786,110586.89397017343,-454141.2780177052,301.9488790813185,435.45975413054254,1.0049907129489113,272
4661000,18644.000001963283,-564045.402936582,110765.07705508347,-453280.3258814985,302.43539408167965,435.45975413054254,1.0049907129489113,272
4662000,18648.000001964097,-564473.3434998449,110637.01347688306,-453836.33002296183,302.0857264809313,435.45975413054254,1.0049907129489113,272
4663000,18652.000001964912,-562116.0780372517,109609.06991570292,-452507.0081215488,299.27900685156084,435.45975413054254,1.0049907129489113,272
4664000,18656.000001965727,-564303.5216087978,109729.45543226693,-454574.0661765309,299.6077101045334,435.45975413054254,1.0049907129489113,272
4665000,18660.000001966542,-564510.1824384672,110362.46432523511,-454147.71811323205,301.33609145984843,435.45975413054254,1.0049907129489113,272
4666000,18664.000001967357,-564737.0011438355,110806.79278337001,-453930.2083604655,302.54929562049654,435.45975413054254,1.0049907129489113,272
4667000,18668.000001968172,-565410.8481414905,110920.18224951962,-454490.66589197086,302.85889670408187,435.45975413054254,1.0049907129489113,272
4668000,18672.000001968987,-565395.1664070804,110259.25757713267,-455135.9088299477,301.0542934927985,435.45975413054254,1.0049907129489113,272
4669000,18676.0000019698,-565239.5841319063,110142.3069719657,-455097.27715994057,300.734968997189,435.45975413054254,1.0049907129489113,272
4670000,18680.000001970617,-563809.4357218612,109673.35840754933,-454136.0773143119,299.45454155873944,435.45975413054254,1.0049907129489113,272
4671000,18684.00000197143,-564894.960195323,109987.46717962524,-454907.49301569775,300.31219103448575,435.45975413054254,1.0049907129489113,272
4672000,18688.000001972247,-563817.308106408,110306.30305763078,-453511.0050487772,301.18274750386854,435.45975413054254,1.0049907129489113,272
4673000,18692.00000197306,-564601.3839111794,109952.74231629912,-454648.64159488026,300.2173775065789,435.45975413054254,1.0049907129489113,272
4674000,18696.000001973876,-565294.484104909,110014.47891590028,-455280.0051890087,300.3859444712401,435.45975413054254,1.0049907129489113,272
4675000,18700.00000197469,-564172.6183856516,110306.07758866221,-453866.5407969894,301.18213187845504,435.45975413054254,1.0049907129489113,272
4676000,18704.000001975506,-564930.4676723834,110134.5746577688,-454795.8930146146,300.713856517033,435.45975413054254,1.0049907129489113,272
4677000,18708.00000197632,-564149.4838573406,110360.41472079651,-453789.06913654413,301.33049517496715,435.45975413054254,1.0049907129489113,272
4678000,18712.000001977136,-564177.2263761028,110639.34042907233,-453537.88594703045,302.0920800421898,435.45975413054254,1.0049907129489113,272
4679000,18716.00000197795,-564161.4167242972,110456.34457178292,-453705.0721525143,301.59242414264025,435.45975413054254,1.0049907129489113,272
4680000,18720.000001978766,-565682.1243099757,110135.97801938665,-455546.146290589,300.7176882863525,435.45975413054254,1.0049907129489113,272
4681000,18724.00000197958,-564884.1268631085,109995.9628586634,-454888.1640044451,300.3353878227354,435.45975413054254,1.0049907129489113,272
4682000,18728.000001980396,-563666.8117518062,110563.85848857276,-453102.9532632334,301.8859824974765,435.45975413054254,1.0049907129489113,272
4683000,18732.00000198121,-563737.0686565107,110395.88186750785,-453341.18678900285,301.427335449698,435.45975413054254,1.0049907129489113,272
4684000,18736.000001982025,-565465.1891847048,110912.16535563034,-454553.02382907446,302.8370072012965,435.45975413054254,1.0049907129489113,272
4685000,18740.00000198284,-563926.8427649913,110303.07542540994,-453623.7673395814,301.17393470611125,435.45975413054254,1.0049907129489113,272
4686000,18744.000001983655,-564104.4014578783,109516.26661608007,-454588.1348417982,299.0256146882569,435.45975413054254,1.0049907129489113,272
4687000,18748.00000198447,-564052.1433247281,110930.65833782649,-453121.48498690163,302.88750084520433,435.45975413054254,1.0049907129489113,272
4688000,18752.000001985285,-564224.6432029367,110678.67222897871,-453545.970973958,302.19947245070784,435.45975413054254,1.0049907129489113,272
4689000,18756.0000019861,-563561.03182765,110864.50949971215,-452696.5223279379,302.7068866078016,435.45975413054254,1.0049907129489113,272
4690000,18760.000001986915,-564224.4431486647,110754.62324481318,-453469.8199038515,302.40685076899655,435.45975413054254,1.0049907129489113,272
4691000,18764.00000198773,-563313.8223149143,110107.63854297163,-453206.1837719427,300.64030955881924,435.45975413054254,1.0049907129489113,272
4692000,18768.000001988545,-563420.630424248,110558.52708950348,-452862.1033347446,301.8714255286069,435.45975413054254,1.0049907129489113,272
4693000,18772.00000198936,-565296.513813755,110229.62082145747,-455066.89299229754,300.97337264554017,435.45975413054254,1.0049907129489113,272
4694000,18776.000001990174,-563362.8602722078,109439.42101859895,-453923.4392536088,298.8157937846332,435.45975413054254,1.0049907129489113,272
4695000,18780.00000199099,-564481.6433357792,110125.6868124046,-454355.9565233746,300.68958894925146,435.45975413054254,1.0049907129489113,272
4696000,18784.000001991804,-563742.3375420333,110294.62806871798,-453447.7094733153,301.1508698582548,435.45975413054254,1.0049907129489113,272
4697000,18788.00000199262,-563821.815398836,110123.68334332225,-453698.1320555138,300.684118633358,435.45975413054254,1.0049907129489113,272
4698000,18792.000001993434,-563597.3521666476,110313.10077463684,-453284.2513920107,301.20130813937067,435.45975413054254,1.0049907129489113,272
4699000,18796.00000199425,-564218.9180500531,110105.06536635302,-454113.85268370004,300.6332837009823,435.45975413054254,1.0049907129489113,272
4700000,18800.000001995064,-563353.5372676984,110694.85550337244,-452658.681764326,302.243659617809,435.45975413054254,1.0049907129489113,272
4701000,18804.00000199588,-563182.4601931316,110002.81998217187,-453179.6402109597,300.35411066305375,435.45975413054254,1.0049907129489113,272
4702000,18808.000001996694,-563693.283040876,110355.73655725655,-453337.5464836195,301.31772181470404,435.45975413054254,1.0049907129489113,272
4703000,18812.00000199751,-564079.8095649802,110360.89689875365,-453718.91266622656,301.3318117242294,435.45975413054254,1.0049907129489113,272
4704000,18816.000001998324,-564034.4254702181,110866.08598089966,-453168.33948931843,302.7111910665885,435.45975413054254,1.0049907129489113,272
4705000,18820.00000199914,-564020.434963251,109851.86002280057,-454168.57494045043,299.94192628132566,435.45975413054254,1.0049907129489113,272
4706000,18824.000001999953,-565281.826697967,110184.28257602593,-455097.5441219411,300.84958010651417,435.45975413054254,1.0049907129489113,272
4707000,18828.00000200077,-565181.5058950013,111216.64839877782,-453964.8574962235,303.668374375805,435.45975413054254,1.0049907129489113,272
4708000,18832.000002001583,-563470.0965582607,110246.00617532805,-453224.0903829327,301.01811157487396,435.45975413054254,1.0049907129489113,272
4709000,18836.000002002398,-565444.6442674659,110194.83646313823,-455249.8078043277,300.87839667120016,435.45975413054254,1.0049907129489113,272
4710000,18840.000002003213,-564811.5822790116,110517.06238204241,-454294.5198969692,301.7582093825537,435.45975413054254,1.0049907129489113,272
4711000,18844.000002004028,-564773.0567289051,111806.91713025549,-452966.1395986496,305.28005705743004,435.45975413054254,1.0049907129489113,272
4712000,18848.000002004843,-564195.0930528464,109955.95891420986,-454239.1341386365,300.2261601760141,435.45975413054254,1.0049907129489113,272
4713000,18852.000002005658,-564221.5360288187,109762.35947055579,-454459.1765582629,299.6975520118507,435.45975413054254,1.0049907129489113,272
4714000,18856.000002006473,-564850.4539224212,110051.50053237157,-454798.95339004963,300.48702910427363,435.45975413054254,1.0049907129489113,272
4715000,18860.000002007288,-564061.3135315296,109781.28404807951,-454280.0294834501,299.7492240931003,435.45975413054254,1.0049907129489113,272
4716000,18864.000002008102,-565452.1024918631,110708.1682587997,-454743.93423306337,302.2800090570095,435.45975413054254,1.0049907129489113,272
4717000,18868.000002008917,-564649.4239423727,109990.60325813468,-454658.820684238,300.3207538519829,435.45975413054254,1.0049907129489113,272
4718000,18872.000002009732,-563915.8744394458,110543.33964450727,-453372.5347949385,301.8299573959189,435.45975413054254,1.0049907129489113,272
4719000,18876.000002010547,-565187.9648329699,111154.41553628305,-454033.5492966869,303.4984524040623,435.45975413054254,1.0049907129489113,272
4720000,18880.000002011362,-563772.7128205509,110954.42810996383,-452818.28471058706,302.9524023520214,435.45975413054254,1.0049907129489113,272
4721000,18884.000002012177,-563477.3135714415,111527.92819309159,-451949.38537834986,304.5182995486655,435.45975413054254,1.0049907129489113,272
4722000,18888.000002012992,-563213.3101597545,109679.37609165028,-453533.9340681042,299.47097237530113,435.45975413054254,1.0049907129489113,272
4723000,18892.000002013807,-564408.3837885926,109842.72940257611,-454565.65438601654,299.9169958357447,435.45975413054254,1.0049907129489113,272
4724000,18896.00000201462,-563661.1946361526,110946.71331038483,-452714.48132576776,302.93133769416204,435.45975413054254,1.0049907129489113,272
4725000,18900.000002015437,-563924.3930596975,109921.6864024644,-454002.70665723307,300.1325817587775,435.45975413054254,1.0049907129489113,272
4726000,18904.00000201625,-564898.6442273129,109926.45703720069,-454972.1871901122,300.14560760442174,435.45975413054254,1.0049907129489113,272
4727000,18908.000002017066,-563921.4730257378,110336.92865676293,-453584.54436897486,301.2663683109747,435.45975413054254,1.0049907129489113,272
4728000,18912.00000201788,-564933.6099170037,110441.44617021445,-454492.1637467892,301.5517452204624,435.45975413054254,1.0049907129489113,272
4729000,18916.000002018696,-565529.106775465,109626.16853494218,-455902.93824052275,299.32569329629024,435.45975413054254,1.0049907129489113,272
4730000,18920.00000201951,-564435.5087227672,110172.67530261667,-454262.83342015056,300.8178873527955,435.45975413054254,1.0049907129489113,272
4731000,18924.000002020326,-563973.0684419358,110246.08846448571,-453726.9799774501,301.0183362589936,435.45975413054254,1.0049907129489113,272
4732000,18928.00000202114,-564598.5651290454,110702.87931497634,-453895.68581406906,302.2655680088739,435.45975413054254,1.0049907129489113,272
4733000,18932.000002021956,-563739.0551773757,110741.28972308326,-452997.7654542924,302.37044462902804,435.45975413054254,1.0049907129489113,272
4734000,18936.00000202277,-564025.0693132272,110819.23119997082,-453205.8381132564,302.58325774580203,435.45975413054254,1.0049907129489113,272
4735000,18940.000002023586,-565412.9785342361,110576.09378121089,-454836.8847530252,301.9193900086623,435.45975413054254,1.0049907129489113,272
4736000,18944.0000020244,-563454.9951418121,110390.9722178267,-453064.02292398544,301.41393003460144,435.45975413054254,1.0049907129489113,272
4737000,18948.000002025216,-564898.045785619,109785.03810489585,-455113.0076807231,299.7594742521111,435.45975413054254,1.0049907129489113,272
4738000,18952.00000202603,-564931.6751911249,110058.37200343888,-454873.303187686,300.50579111948105,435.45975413054254,1.0049907129489113,272
4739000,18956.000002026845,-564651.9535712698,110711.69395007618,-453940.2596211936,302.28963568174504,435.45975413054254,1.0049907129489113,272
4740000,18960.00000202766,-564019.3069062484,110054.17254632601,-453965.13435992243,300.4943248297386,435.45975413054254,1.0049907129489113,272
4741000,18964.000002028475,-565816.101318852,109516.89662731171,-456299.20469154033,299.027334884732,435.45975413054254,1.0049907129489113,272
4742000,18968.00000202929,-564455.8550305604,110239.88580952218,-454215.9692210382,301.00140039393466,435.45975413054254,1.0049907129489113,272
4743000,18972.000002030105,-564938.6435620785,109673.82893086132,-455264.81463121716,299.45582628590324,435.45975413054254,1.0049907129489113,272
4744000,18976.00000203092,-565777.1132814577,110033.34588644581,-455743.76739501185,300.43745926113394,435.45975413054254,1.0049907129489113,272
4745000,18980.000002031735,-564952.647616942,110191.77473464818,-454760.87288229377,300.87003686062553,435.45975413054254,1.0049907129489113,272
4746000,18984.00000203255,-563145.2819679179,109779.31707711006,-453365.96489080787,299.7438534324542,435.45975413054254,1.0049907129489113,272
4747000,18988.000002033365,-564617.9563450497,110134.05485999165,-454483.901485058,300.7124372497896,435.45975413054254,1.0049907129489113,272
4748000,18992.00000203418,-564498.0605287645,111099.2123142794,-453398.8482144851,303.3477243167884,435.45975413054254,1.0049907129489113,272
4749000,18996.000002034994,-564569.3284354755,110565.59690797096,-454003.7315275045,301.89072911590307,435.45975413054254,1.0049907129489113,272
4750000,19000.00000203581,-563863.5939618433,111156.92696925427,-452706.666992589,303.50530967569114,435.45975413054254,1.0049907129489113,272
4751000,19004.000002036624,-563605.8098125332,109605.87270775103,-453999.9371047822,299.2702771248942,435.45975413054254,1.0049907129489113,272
4752000,19008.00000203744,-563904.8366887663,109526.00483880588,-454378.8318499604,299.05220414502463,435.45975413054254,1.0049907129489113,272
4753000,19012.000002038254,-564412.3766331868,110431.7123786083,-453980.6642545785,301.52516786252085,435.45975413054254,1.0049907129489113,272
4754000,19016.00000203907,-564045.5622161883,110485.53372718964,-453560.02848899865,301.6721228523153,435.45975413054254,1.0049907129489113,272
4755000,19020.000002039884,-563428.620057602,109334.11432586229,-454094.5057317397,298.52826208272853,435.45975413054254,1.0049907129489113,272
4756000,19024.0000020407,-564821.73123571,109986.70375555503,-454835.02748015494,300.31010656467214,435.45975413054254,1.0049907129489113,272
4757000,19028.000002041514,-564874.1410550601,110407.79911539145,-454466.34193966864,301.4598745645153,435.45975413054254,1.0049907129489113,272
4758000,19032.00000204233,-564011.2966039726,110489.41785132175,-453521.8787526508,301.6827281499758,435.45975413054254,1.0049907129489113,272
4759000,19036.000002043143,-563295.4763039411,111404.40092120541,-451891.0753827357,304.1810179781019,435.45975413054254,1.0049907129489113,272
4760000,19040.00000204396,-564027.5742922779,110404.47711977299,-453623.09717250493,301.4508041148689,435.45975413054254,1.0049907129489113,272
4761000,19044.000002044773,-564688.7571902713,110097.05454285734,-454591.70264741394,300.6114107729327,435.45975413054254,1.0049907129489113,272
4762000,19048.00000204559,-564582.9292494501,110296.08799230825,-454286.84125714184,301.1548560656235,435.45975413054254,1.0049907129489113,272
4763000,19052.000002046403,-563475.0542464866,109741.06509799563,-453733.989148491,299.63940939029357,435.45975413054254,1.0049907129489113,272
4764000,19056.000002047218,-564967.2699870775,109606.39926997409,-455360.87071710336,299.27171486192907,435.45975413054254,1.0049907129489113,272
4765000,19060.000002048033,-564259.7652848684,110642.16073975067,-453617.60454511776,302.0997806802801,435.45975413054254,1.0049907129489113,272
4766000,19064.000002048848,-564837.3102729474,109759.69083890307,-455077.61943404435,299.6902655214964,435.45975413054254,1.0049907129489113,272
4767000,19068.000002049663,-564628.6974354722,110633.60867196089,-453995.0887635113,302.0764299269471,435.45975413054254,1.0049907129489113,272
4768000,19072.000002050478,-564226.4576629777,109932.73370114618,-454293.72396183154,300.1627455452271,435.45975413054254,1.0049907129489113,272
4769000,19076.000002051293,-564691.936328914,110981.61317718259,-453710.3231517314,303.02662905538347,435.45975413054254,1.0049907129489113,272
4770000,19080.000002052107,-564667.4909471399,110891.51480748333,-453775.9761396566,302.78062249202816,435.45975413054254,1.0049907129489113,272
4771000,19084.000002052922,-565702.6399860336,111149.21474445541,-454553.42524157814,303.48425204806784,435.45975413054254,1.0049907129489113,272
4772000,19088.000002053737,-564336.5448279171,110890.14653895883,-453446.3982889583,302.77688654165985,435.45975413054254,1.0049907129489113,272
4773000,19092.000002054552,-565090.1197859128,109492.00362097743,-455598.1161649354,298.9593664746451,435.45975413054254,1.0049907129489113,272
4774000,19096.000002055367,-563822.4829027047,109933.05209099641,-453889.4308117083,300.16361488385246,435.45975413054254,1.0049907129489113,272
4775000,19100.000002056182,-564754.9156500949,109576.78611557721,-455178.12953451765,299.1908584561183,435.45975413054254,1.0049907129489113,272
4776000,19104.000002056997,-565439.4573848462,109640.53369647637,-455798.9236883698,299.36491624819115,435.45975413054254,1.0049907129489113,272
4777000,19108.00000205781,-564355.3120731497,110680.95307848882,-453674.3589946609,302.2057001322007,435.45975413054254,1.0049907129489113,272
4778000,19112.000002058627,-563578.2780005261,110509.75808787864,-453068.5199126475,301.7382655776772,435.45975413054254,1.0049907129489113,272
4779000,19116.00000205944,-563832.5044662971,110559.89221674064,-453272.61224955646,301.87515290193545,435.45975413054254,1.0049907129489113,272
4780000,19120.000002060257,-563933.3542631818,110921.73331318666,-453011.6209499951,302.8631317623138,435.45975413054254,1.0049907129489113,272
4781000,19124.00000206107,-564043.5563141815,109627.02819577657,-454416.52811840497,299.32804053307405,435.45975413054254,1.0049907129489113,272
4782000,19128.000002061886,-564389.885343147,110313.48062361495,-454076.404719532,301.2023452873458,435.45975413054254,1.0049907129489113,272
4783000,19132.0000020627,-565022.6059428905,109952.73171687592,-455069.8742260146,300.2173485656815,435.45975413054254,1.0049907129489113,272
4784000,19136.000002063516,-565003.5554016978,110530.26756867417,-454473.2878330236,301.79426511355734,435.45975413054254,1.0049907129489113,272
4785000,19140.00000206433,-563802.8052900266,110482.37237305961,-453320.43291696697,301.6634910217098,435.45975413054254,1.0049907129489113,272
4786000,19144.000002065146,-563944.322752458,110454.6152995337,-453489.70745292434,301.5877024997897,435.45975413054254,1.0049907129489113,272
4787000,19148.00000206596,-564460.9420571928,110230.50091148145,-454230.44114571135,300.975775662631,435.45975413054254,1.0049907129489113,272
4788000,19152.000002066776,-562682.3169326964,111152.72312058113,-451529.59381211526,303.4938313951362,435.45975413054254,1.0049907129489113,272
4789000,19156.00000206759,-563769.1106190989,110145.25029072966,-453623.8603283692,300.7430054992522,435.45975413054254,1.0049907129489113,272
4790000,19160.000002068406,-563530.2817569454,110112.94523876224,-453417.3365181832,300.6547990773153,435.45975413054254,1.0049907129489113,272
4791000,19164.00000206922,-564082.1700505535,110963.2242436544,-453118.9458068991,302.9764195082392,435.45975413054254,1.0049907129489113,272
4792000,19168.000002070035,-562573.0567372246,110819.99382446229,-451753.0629127623,302.5853400324283,435.45975413054254,1.0049907129489113,272
4793000,19172.00000207085,-563769.7833757778,110496.56094384743,-453273.22243193036,301.7022318063664,435.45975413054254,1.0049907129489113,272
4794000,19176.000002071665,-563668.6028635278,110266.28826038784,-453402.31460314,301.0734902244532,435.45975413054254,1.0049907129489113,272
4795000,19180.00000207248,-564345.5204161927,109224.14459809451,-455121.3758180982,298.227998327773,435.45975413054254,1.0049907129489113,272
4796000,19184.000002073295,-564505.7372440752,110594.79448642791,-453910.94275764725,301.97045082405907,435.45975413054254,1.0049907129489113,272
4797000,19188.00000207411,-563860.913418205,110145.78425942882,-453715.12915877614,300.74446345909166,435.45975413054254,1.0049907129489113,272
4798000,19192.000002074925,-565143.1924542147,110354.24993434834,-454788.94251986634,301.3136627069325,435.45975413054254,1.0049907129489113,272
4799000,19196.00000207574,-564122.6699188678,110980.86817023501,-453141.80174863274,303.0245948720852,435.45975413054254,1.0049907129489113,272
4800000,19200.000002076555,-563799.2458099052,110795.78173749642,-453003.4640724088,302.519230819509,435.45975413054254,1.0049907129489113,272
4801000,19204.00000207737,-565076.8905067518,109999.48382899299,-455077.40667775885,300.34500155729404,435.45975413054254,1.0049907129489113,272
4802000,19208.000002078184,-563649.5487299087,111033.86027906311,-452615.68845084554,303.16928568748244,435.45975413054254,1.0049907129489113,272
4803000,19212.000002079,-564431.1676396332,110122.55541130726,-454308.6122283259,300.6810389030629,435.45975413054254,1.0049907129489113,272
4804000,19216.000002079814,-564159.4674750981,110055.11661585118,-454104.3508592469,300.49690253786173,435.45975413054254,1.0049907129489113,272
4805000,19220.00000208063,-564632.1617160011,110406.4712945034,-454225.6904214977,301.4562490532601,435.45975413054254,1.0049907129489113,272
4806000,19224.000002081444,-563682.4747449276,109725.71385490539,-453956.7608900222,299.5974940196995,435.45975413054254,1.0049907129489113,272
4807000,19228.00000208226,-564260.3216778575,110170.73547322443,-454089.5862046331,300.8125908001067,435.45975413054254,1.0049907129489113,272
4808000,19232.000002083074,-565711.0527725471,110466.79663181724,-455244.2561407299,301.6209626764407,435.45975413054254,1.0049907129489113,272
4809000,19236.00000208389,-564315.5151463235,110124.72800395693,-454190.7871423665,300.6869709976513,435.45975413054254,1.0049907129489113,272
4810000,19240.000002084704,-564858.4354593223,110917.87085375737,-453940.5646055649,302.85258561843267,435.45975413054254,1.0049907129489113,272
4811000,19244.00000208552,-564040.2010521698,109456.99955326549,-454583.20149890427,298.86379060096374,435.45975413054254,1.0049907129489113,272
4812000,19248.000002086334,-565051.7643747954,110734.78829007281,-454316.97608472256,302.3526929738414,435.45975413054254,1.0049907129489113,272
4813000,19252.00000208715,-563589.9384433124,109600.93564726535,-453989.0027960471,299.2567968667363,435.45975413054254,1.0049907129489113,272
4814000,19256.000002087963,-564718.5304213064,110281.3418711184,-454437.188550188,301.114592933129,435.45975413054254,1.0049907129489113,272
4815000,19260.00000208878,-563966.8212905754,109874.74329466198,-454092.07799591345,300.00440726835956,435.45975413054254,1.0049907129489113,272
4816000,19264.000002089593,-563711.0542975315,110024.5470110362,-453686.5072864953,300.41343461886646,435.45975413054254,1.0049907129489113,272
4817000,19268.000002090408,-564088.9510167292,109673.33141076192,-454415.6196059673,299.4544678461194,435.45975413054254,1.0049907129489113,272
4818000,19272.000002091223,-562486.8195629739,109510.26282733132,-452976.5567356426,299.0092218118694,435.45975413054254,1.0049907129489113,272
4819000,19276.000002092038,-564484.9298026608,109985.21486659232,-454499.7149360685,300.30604126961566,435.45975413054254,1.0049907129489113,272
4820000,19280.000002092853,-565241.2659384138,110435.41830495831,-454805.8476334555,301.53528660505145,435.45975413054254,1.0049907129489113,272
4821000,19284.000002093668,-564673.639760653,110486.73156860011,-454186.9081920529,301.6753934647561,435.45975413054254,1.0049907129489113,272
4822000,19288.000002094483,-563218.3906566817,110253.41350261564,-452964.9771540661,301.03833670364986,435.45975413054254,1.0049907129489113,272
4823000,19292.000002095298,-563376.0089135603,110534.27432881901,-452841.7345847413,301.8052052592748,435.45975413054254,1.0049907129489113,272
4824000,19296.000002096112,-563957.6348125436,111041.92409338208,-452915.71071916155,303.1913033028374,435.45975413054254,1.0049907129489113,272
4825000,19300.000002096927,-564719.447848313,110358.37666094815,-454361.07118736487,301.32493041168806,435.45975413054254,1.0049907129489113,272
4826000,19304.000002097742,-564061.4113187091,110071.42807795538,-453989.98324075376,300.54143971149705,435.45975413054254,1.0049907129489113,272
4827000,19308.000002098557,-563996.7069581621,110620.58407085657,-453376.12288730557,302.04086727062554,435.45975413054254,1.0049907129489113,272
4828000,19312.000002099372,-565086.8430013778,110359.15205999266,-454727.6909413851,301.327047578234,435.45975413054254,1.0049907129489113,272
4829000,19316.000002100187,-564388.332103664,109639.77924731496,-454748.5528563491,299.3628562836653,435.45975413054254,1.0049907129489113,272
4830000,19320.000002101002,-563775.0210649902,110867.03884551977,-452907.98221947043,302.7137927890316,435.45975413054254,1.0049907129489113,272
4831000,19324.000002101817,-564694.1769636879,109700.77354423824,-454993.40341944963,299.52939644882537,435.45975413054254,1.0049907129489113,272
4832000,19328.00000210263,-564856.5089769247,110254.85968867247,-454601.6492882522,301.0422854017562,435.45975413054254,1.0049907129489113,272
4833000,19332.000002103447,-564309.4667029944,110265.98709316016,-454043.47960983426,301.07266791085397,435.45975413054254,1.0049907129489113,272
4834000,19336.00000210426,-565207.8874839651,109783.26597818168,-455424.62150578346,299.75463559849015,435.45975413054254,1.0049907129489113,272
4835000,19340.000002105076,-564513.428424215,110796.96116806776,-453716.4672561472,302.52245116259115,435.45975413054254,1.0049907129489113,272
4836000,19344.00000210589,-564723.8604572769,110669.53288123242,-454054.3275760445,302.1745181753099,435.45975413054254,1.0049907129489113,272
4837000,19348.000002106706,-565360.209551489,110407.92413255619,-454952.2854189328,301.460215914122,435.45975413054254,1.0049907129489113,272
4838000,19352.00000210752,-564739.7414279105,110061.00416653341,-454678.7372613771,300.51297803528473,435.45975413054254,1.0049907129489113,272
4839000,19356.000002108336,-564107.568397258,111229.88855485088,-452877.67984240706,303.70452558813764,435.45975413054254,1.0049907129489113,272
4840000,19360.00000210915,-564353.7055577673,111014.67709287128,-453339.028464896,303.1169074954573,435.45975413054254,1.0049907129489113,272
4841000,19364.000002109966,-565097.4788010409,110585.16514788603,-454512.3136531549,301.94415866705356,435.45975413054254,1.0049907129489113,272
4842000,19368.00000211078,-561745.1070743445,110458.03083181806,-451287.07624252647,301.5970283439988,435.45975413054254,1.0049907129489113,272
4843000,19372.000002111596,-564556.1999682593,109871.73960714604,-454684.4603611133,299.9962059341327,435.45975413054254,1.0049907129489113,272
4844000,19376.00000211241,-563871.8889683443,110533.05780224263,-453338.8311661017,301.8018836284475,435.45975413054254,1.0049907129489113,272
4845000,19380.000002113225,-564603.2503956892,109612.64946466265,-454990.6009310265,299.2887805304951,435.45975413054254,1.0049907129489113,272
4846000,19384.00000211404,-563939.4302937756,110515.10815975821,-453424.3221340174,301.7528735311973,435.45975413054254,1.0049907129489113,272
4847000,19388.000002114855,-564231.9251052164,110536.63853027765,-453695.2865749388,301.81166052675485,435.45975413054254,1.0049907129489113,272
4848000,19392.00000211567,-564569.8037205175,110313.70607343197,-454256.09764708555,301.2029608604675,435.45975413054254,1.0049907129489113,272
4849000,19396.000002116485,-564536.1652532318,110318.72049708467,-454217.4447561471,301.21665235271234,435.45975413054254,1.0049907129489113,272
4850000,19400.0000021173,-562457.7256451901,110844.5176857711,-451613.207959419,302.65230052084695,435.45975413054254,1.0049907129489113,272
4851000,19404.000002118115,-564431.5462938934,110526.46778475534,-453905.078509138,301.7838901002637,435.45975413054254,1.0049907129489113,272
4852000,19408.00000211893,-564055.8756326232,110040.27466800017,-454015.60096462304,300.45637775815135,435.45975413054254,1.0049907129489113,272
4853000,19412.000002119745,-564101.0008852133,110496.22709199111,-453604.77379322215,301.70132024994075,435.45975413054254,1.0049907129489113,272
4854000,19416.00000212056,-564352.4298067377,109833.66325152124,-454518.76655521645,299.89224141819733,435.45975413054254,1.0049907129489113,272
4855000,19420.000002121375,-563905.406251899,111112.40233099076,-452793.0039209082,303.38373862750893,435.45975413054254,1.0049907129489113,272
4856000,19424.00000212219,-564557.49595905,110851.52173061349,-453705.97422843653,302.67142451839555,435.45975413054254,1.0049907129489113,272
4857000,19428.000002123004,-563775.1359191658,109181.62895027189,-454593.5069688939,298.1119126711225,435.45975413054254,1.0049907129489113,272
4858000,19432.00000212382,-564171.3927666973,109672.73735286715,-454498.6554138302,299.45284581742334,435.45975413054254,1.0049907129489113,272
4859000,19436.000002124634,-564714.066284134,110625.06936922739,-454088.99691490666,302.05311402760367,435.45975413054254,1.0049907129489113,272
4860000,19440.00000212545,-565511.611165626,110075.49106043794,-455436.12010518805,300.5525333679177,435.45975413054254,1.0049907129489113,272
4861000,19444.000002126264,-564979.2906600004,109896.34508456802,-455082.9455754324,300.0633892689756,435.45975413054254,1.0049907129489113,272
4862000,19448.00000212708,-563650.6908414802,110268.01852034335,-453382.6723211368,301.07821456415866,435.45975413054254,1.0049907129489113,272
4863000,19452.000002127894,-564335.0200746432,111079.73064698983,-453255.28942765336,303.2945311454321,435.45975413054254,1.0049907129489113,272
4864000,19456.00000212871,-564100.4844264132,110756.23006236216,-453344.25436405104,302.4112380588497,435.45975413054254,1.0049907129489113,272
4865000,19460.000002129524,-564530.2250745147,110120.36327150336,-454409.8618030114,300.67505343649617,435.45975413054254,1.0049907129489113,272
4866000,19464.00000213034,-564936.142429328,109387.20634482114,-455548.9360845069,298.6732256949366,435.45975413054254,1.0049907129489113,272
4867000,19468.000002131153,-564721.7578335833,109153.96518490784,-455567.79264867544,298.0363789198527,435.45975413054254,1.0049907129489113,272
4868000,19472.00000213197,-565521.1880065608,110739.56050253299,-454781.6275040278,302.36572312733745,435.45975413054254,1.0049907129489113,272
4869000,19476.000002132783,-563729.150770063,109515.10478031356,-454214.0459897495,299.0224423864155,435.45975413054254,1.0049907129489113,272
4870000,19480.000002133598,-564562.1422022451,109471.9306580536,-455090.21154419146,298.90455881672926,435.45975413054254,1.0049907129489113,272
4871000,19484.000002134413,-565737.8794554421,110902.69263865077,-454835.1868167913,302.8111426872375,435.45975413054254,1.0049907129489113,272
4872000,19488.000002135228,-564206.0018829559,110132.0103669808,-454073.9915159751,300.7068549212627,435.45975413054254,1.0049907129489113,272
4873000,19492.000002136043,-565183.990887857,110720.70642281731,-454463.28446503973,302.31424353484806,435.45975413054254,1.0049907129489113,272
4874000,19496.000002136858,-564896.4425326735,109786.82138291572,-455109.62114975776,299.76434335350143,435.45975413054254,1.0049907129489113,272
4875000,19500.000002137673,-564214.0940180342,111440.13303380599,-452773.9609842282,304.27858172150417,435.45975413054254,1.0049907129489113,272
4876000,19504.000002138488,-564778.4582848796,109767.64020314859,-455010.818081731,299.71197063986233,435.45975413054254,1.0049907129489113,272
4877000,19508.000002139303,-564387.845714388,110433.01487120529,-453954.83084318263,301.528724216855,435.45975413054254,1.0049907129489113,272
4878000,19512.000002140117,-564427.5050942516,110787.31386372424,-453640.19123052736,302.496109951367,435.45975413054254,1.0049907129489113,272
4879000,19516.000002140932,-563759.7698664195,111114.72087262466,-452645.04899379483,303.3900692244027,435.45975413054254,1.0049907129489113,272
4880000,19520.000002141747,-564511.5432161707,110058.9232113153,-454452.62000485545,300.5072961495479,435.45975413054254,1.0049907129489113,272
4881000,19524.000002142562,-565027.4054079326,111093.92226978927,-453933.4831381433,303.3332802633681,435.45975413054254,1.0049907129489113,272
4882000,19528.000002143377,-563923.3018133999,110815.18621761084,-453108.11559578904,302.57221323731056,435.45975413054254,1.0049907129489113,272
4883000,19532.000002144192,-562986.266951276,109972.69688431022,-453013.57006696577,300.27186189643015,435.45975413054254,1.0049907129489113,272
4884000,19536.000002145007,-564911.0512328581,110566.70929099493,-454344.3419418632,301.8937663908924,435.45975413054254,1.0049907129489113,272
4885000,19540.00000214582,-563701.2038067458,110314.43263342412,-453386.7711733217,301.2049446757944,435.45975413054254,1.0049907129489113,272
4886000,19544.000002146637,-564284.815035366,110214.84869811533,-454069.96633725066,300.9330385161992,435.45975413054254,1.0049907129489113,272
4887000,19548.00000214745,-563809.127408477,109972.22444043856,-453836.90296803846,300.2705719253281,435.45975413054254,1.0049907129489113,272
4888000,19552.000002148267,-564232.5501048318,110304.12524417823,-453928.4248606536,301.1768011542855,435.45975413054254,1.0049907129489113,272
4889000,19556.00000214908,-564276.1660664841,109432.6011933086,-454843.56487317546,298.7971727841871,435.45975413054254,1.0049907129489113,272
4890000,19560.000002149896,-564359.6589987599,110368.41435604742,-453991.2446427125,301.352337554388,435.45975413054254,1.0049907129489113,272
4891000,19564.00000215071,-565683.602237734,110938.83315752586,-454744.76908020815,302.90982155208286,435.45975413054254,1.0049907129489113,272
4892000,19568.000002151526,-564161.3849405227,110382.55939009832,-453778.8255504244,301.39095946538396,435.45975413054254,1.0049907129489113,272
4893000,19572.00000215234,-564433.2886137604,110450.43066234153,-453982.85795141885,301.5762766746836,435.45975413054254,1.0049907129489113,272
4894000,19576.000002153156,-563429.2234570412,110158.38636893645,-453270.83708810474,300.77887253509766,435.45975413054254,1.0049907129489113,272
4895000,19580.00000215397,-564907.901494686,110156.36102691654,-454751.5404677695,300.7733424968561,435.45975413054254,1.0049907129489113,272
4896000,19584.000002154786,-565529.5421460909,110542.43937566644,-454987.10277042445,301.82749928214423,435.45975413054254,1.0049907129489113,272
4897000,19588.0000021556,-564818.0339057264,110285.13272354042,-454532.901182186,301.124943559668,435.45975413054254,1.0049907129489113,272
4898000,19592.000002156416,-564389.0524732401,109907.82418871002,-454481.22828453005,300.09473206651785,435.45975413054254,1.0049907129489113,272
4899000,19596.00000215723,-565254.6372550605,109167.09931015599,-456087.5379449045,298.0722406232971,435.45975413054254,1.0049907129489113,272
4900000,19600.000002158045,-563748.0515096276,109625.04102762982,-454123.0104819978,299.3226147256124,435.45975413054254,1.0049907129489113,272
4901000,19604.00000215886,-564093.2019299171,109822.94883530127,-454270.2530946158,299.8629865413174,435.45975413054254,1.0049907129489113,272
4902000,19608.000002159675,-565296.0863972921,109921.9174651028,-455374.1689321893,300.13321265726967,435.45975413054254,1.0049907129489113,272
4903000,19612.00000216049,-564310.3662535702,109790.21291459294,-454520.15333897725,299.77360366592677,435.45975413054254,1.0049907129489113,272
4904000,19616.000002161305,-565226.3141559702,111121.71805389936,-454104.5961020709,303.40917448151566,435.45975413054254,1.0049907129489113,272
4905000,19620.00000216212,-563697.0139267216,109560.66259830247,-454136.3513284192,299.14683445116464,435.45975413054254,1.0049907129489113,272
4906000,19624.000002162935,-563993.9765331214,110540.72162069601,-453453.2549124254,301.8228090863242,435.45975413054254,1.0049907129489113,272
4907000,19628.00000216375,-565564.7853443017,110082.23661645758,-455482.54872784414,300.57095158191925,435.45975413054254,1.0049907129489113,272
4908000,19632.000002164565,-563679.7902331138,109678.11596278468,-454001.6742703291,299.4675316918277,435.45975413054254,1.0049907129489113,272
4909000,19636.00000216538,-565053.1108351615,110309.03132696834,-454744.0795081932,301.1901968302646,435.45975413054254,1.0049907129489113,272
4910000,19640.000002166194,-565027.9273906979,110057.31498185289,-454970.612408845,300.50290500457544,435.45975413054254,1.0049907129489113,272
4911000,19644.00000216701,-565503.6254098509,110239.66055745399,-455263.96485239686,301.0007853607507,435.45975413054254,1.0049907129489113,272
4912000,19648.000002167824,-564532.9574653362,110347.91625311179,-454185.0412122244,301.29636908486594,435.45975413054254,1.0049907129489113,272
4913000,19652.00000216864,-563767.1112303766,109709.64952419116,-454057.4617061855,299.5536316190279,435.45975413054254,1.0049907129489113,272
4914000,19656.000002169454,-564028.2846131432,110542.68991784527,-453485.5946952979,301.8281833680006,435.45975413054254,1.0049907129489113,272
4915000,19660.00000217027,-563508.6308850404,110278.85358823533,-453229.77729680506,301.10779887100824,435.45975413054254,1.0049907129489113,272
4916000,19664.000002171084,-564265.657571787,110377.45996718667,-453888.19760460034,301.3770358892995,435.45975413054254,1.0049907129489113,272
4917000,19668.0000021719,-564621.6501526306,110594.41278132121,-454027.2373713094,301.9694086080697,435.45975413054254,1.0049907129489113,272
4918000,19672.000002172714,-564331.7618748546,109466.73771540324,-454865.0241594513,298.89037989230053,435.45975413054254,1.0049907129489113,272
4919000,19676.00000217353,-564577.491937296,110168.69532661873,-454408.79661067727,300.80702033909967,435.45975413054254,1.0049907129489113,272
4920000,19680.000002174344,-563549.1897902614,109897.93338866875,-453651.2564015927,300.06772600930384,435.45975413054254,1.0049907129489113,272
4921000,19684.00000217516,-563573.1376696536,109972.53083808639,-453600.60683156725,300.27140852018124,435.45975413054254,1.0049907129489113,272
4922000,19688.000002175973,-564684.8549599159,109862.68747982348,-454822.1674800924,299.9714898072915,435.45975413054254,1.0049907129489113,272
4923000,19692.00000217679,-564523.7815144607,109591.94486043551,-454931.8366540252,299.2322482253208,435.45975413054254,1.0049907129489113,272
4924000,19696.000002177603,-565175.459498866,110384.79410419217,-454790.6653946738,301.3970611777251,435.45975413054254,1.0049907129489113,272
4925000,19700.000002178418,-563768.822571028,110081.07622673608,-453687.74634429195,300.5677832283909,435.45975413054254,1.0049907129489113,272
4926000,19704.000002179233,-563807.8420253783,110631.78039618745,-453176.0616291908,302.0714379627041,435.45975413054254,1.0049907129489113,272
4927000,19708.000002180048,-563917.3548292024,110261.06769184448,-453656.2871373579,301.0592358696808,435.45975413054254,1.0049907129489113,272
4928000,19712.000002180863,-563722.7255579284,110029.41223267687,-453693.31332525157,300.4267187266675,435.45975413054254,1.0049907129489113,272
4929000,19716.000002181678,-562480.8259550203,110471.42048475158,-452009.4054702687,301.63358774583577,435.45975413054254,1.0049907129489113,272
4930000,19720.000002182493,-564200.1708597476,110467.76433201681,-453732.40652773075,301.62360490627515,435.45975413054254,1.0049907129489113,272
4931000,19724.000002183308,-565504.4363389313,109899.03675805134,-455605.39958087995,300.07073867324914,435.45975413054254,1.0049907129489113,272
4932000,19728.000002184122,-564360.3832059293,109785.70149138823,-454574.68171454105,299.7612855771296,435.45975413054254,1.0049907129489113,272
4933000,19732.000002184937,-564791.168198029,110468.66995923384,-454322.4982387952,301.6260776506776,435.45975413054254,1.0049907129489113,272
4934000,19736.000002185752,-564518.7679442922,110151.35452442919,-454367.413419863,300.7596726327348,435.45975413054254,1.0049907129489113,272
4935000,19740.000002186567,-565101.6521989806,110045.56927761072,-455056.0829213698,300.47083427627643,435.45975413054254,1.0049907129489113,272
4936000,19744.000002187382,-564471.6725861067,110564.38463975623,-453907.28794635047,301.8874191121997,435.45975413054254,1.0049907129489113,272
4937000,19748.000002188197,-564506.0871130144,110104.26996550667,-454401.81714750774,300.63111192107823,435.45975413054254,1.0049907129489113,272
4938000,19752.000002189012,-564493.65921361,110328.85003431985,-454164.80917929014,301.24431026319314,435.45975413054254,1.0049907129489113,272
4939000,19756.000002189827,-563437.9528366299,110327.80687035393,-453110.145966276,301.24146198543707,435.45975413054254,1.0049907129489113,272
4940000,19760.00000219064,-563779.9052437437,109713.39320193604,-454066.51204180764,299.5638534387944,435.45975413054254,1.0049907129489113,272
4941000,19764.000002191457,-563601.4204654954,111659.38915728038,-451942.03130821505,304.8772434465786,435.45975413054254,1.0049907129489113,272
4942000,19768.00000219227,-565047.2785549103,110577.08435608249,-454470.19419882784,301.9220946960026,435.45975413054254,1.0049907129489113,272
4943000,19772.000002193086,-566019.6321626655,109406.45464640844,-456613.17751625704,298.72578167946466,435.45975413054254,1.0049907129489113,272
4944000,19776.0000021939,-564773.0541798403,110750.9908963613,-454022.06328347896,302.3969329251716,435.45975413054254,1.0049907129489113,272
4945000,19780.000002194716,-564313.5957874707,110752.90256370266,-453560.69322376803,302.4021525835794,435.45975413054254,1.0049907129489113,272
4946000,19784.00000219553,-563158.1629993608,109313.27023966622,-453844.8927596946,298.4713489329291,435.45975413054254,1.0049907129489113,272
4947000,19788.000002196346,-563203.724078123,110182.66780654457,-453021.0562715784,300.8451711045306,435.45975413054254,1.0049907129489113,272
4948000,19792.00000219716,-564091.4762424035,109737.69794090456,-454353.77830149897,299.6302156307725,435.45975413054254,1.0049907129489113,272
4949000,19796.000002197976,-563632.7048670589,110425.14551729814,-453207.55934976076,301.50723756047057,435.45975413054254,1.0049907129489113,272
4950000,19800.00000219879,-564598.3849925627,109898.10229170904,-454700.28270085366,300.068187185867,435.45975413054254,1.0049907129489113,272
4951000,19804.000002199606,-563992.7490682728,110509.90074314021,-453482.84832513257,301.7386550867301,435.45975413054254,1.0049907129489113,272
4952000,19808.00000220042,-564372.077068409,110078.15841679403,-454293.9186516149,300.5598163761741,435.45975413054254,1.0049907129489113,272
4953000,19812.000002201235,-564024.0966776717,110513.04902328685,-453511.0476543848,301.7472512198448,435.45975413054254,1.0049907129489113,272
4954000,19816.00000220205,-563907.7480896856,110538.06655386416,-453369.6815358214,301.8155596336541,435.45975413054254,1.0049907129489113,272
4955000,19820.000002202865,-564400.1159301298,109931.40094012304,-454468.71499000676,300.15910654531876,435.45975413054254,1.0049907129489113,272
4956000,19824.00000220368,-564695.94970614,110005.40624567727,-454690.5434604627,300.3611722536132,435.45975413054254,1.0049907129489113,272
4957000,19828.000002204495,-563836.5930497041,109307.06257015126,-454529.5304795528,298.454399376029,435.45975413054254,1.0049907129489113,272
4958000,19832.00000220531,-563379.4985644813,111067.56957556482,-452311.92898891645,303.2613262894733,435.45975413054254,1.0049907129489113,272
4959000,19836.000002206125,-563290.9883669335,111010.52691270644,-452280.4614542271,303.10557575257377,435.45975413054254,1.0049907129489113,272
4960000,19840.00000220694,-563667.3946698471,110263.84550963377,-453403.5491602133,301.06682048425535,435.45975413054254,1.0049907129489113,272
4961000,19844.000002207755,-564622.7016048166,110780.09122588829,-453842.6103789283,302.4763891027178,435.45975413054254,1.0049907129489113,272
4962000,19848.00000220857,-564521.8647893653,111300.7125957782,-453221.15219358716,303.8979051017695,435.45975413054254,1.0049907129489113,272
4963000,19852.000002209385,-564871.5399105572,110020.95809384459,-454850.5818167126,300.40363536070646,435.45975413054254,1.0049907129489113,272
4964000,19856.0000022102,-564608.536264027,109616.43458990261,-454992.10167412437,299.2991155194107,435.45975413054254,1.0049907129489113,272
4965000,19860.000002211014,-563352.1047498793,111610.69788515993,-451741.4068647194,304.7442957299913,435.45975413054254,1.0049907129489113,272
4966000,19864.00000221183,-565374.4085936844,111755.710776666,-453618.69781701843,305.14024210727547,435.45975413054254,1.0049907129489113,272
4967000,19868.000002212644,-562968.9577780799,110002.67693186761,-452966.2808462123,300.3537200753676,435.45975413054254,1.0049907129489113,272
4968000,19872.00000221346,-564487.183839635,111247.55416020588,-453239.6296794291,303.7527601441843,435.45975413054254,1.0049907129489113,272
4969000,19876.000002214274,-565316.526896405,109797.33730065165,-455519.1895957534,299.79305624576995,435.45975413054254,1.0049907129489113,272
4970000,19880.00000221509,-565324.2361222967,109747.71541319217,-455576.5207091045,299.6575675566643,435.45975413054254,1.0049907129489113,272
4971000,19884.000002215904,-564178.3946741922,110807.21860101353,-453371.17607317865,302.55045828232323,435.45975413054254,1.0049907129489113,272
4972000,19888.00000221672,-564547.4327437347,110337.9436457312,-454209.4890980035,301.2691396590996,435.45975413054254,1.0049907129489113,272
4973000,19892.000002217534,-564243.4666995704,110116.62392096838,-454126.84277860203,300.66484343183834,435.45975413054254,1.0049907129489113,272
4974000,19896.00000221835,-564183.8499054024,110125.0775641969,-454058.7723412055,300.687925444592,435.45975413054254,1.0049907129489113,272
4975000,19900.000002219163,-564170.5935215801,109894.44145722303,-454276.15206435707,300.0581915631501,435.45975413054254,1.0049907129489113,272
4976000,19904.00000221998,-563150.7778746816,110537.43444917764,-452613.343425504,301.8138337211639,435.45975413054254,1.0049907129489113,272
4977000,19908.000002220793,-564060.6069544503,109154.10214545892,-454906.50480899133,298.03675287994326,435.45975413054254,1.0049907129489113,272
4978000,19912.000002221608,-564836.3959909207,110367.58751975908,-454468.80847116164,301.35007994246416,435.45975413054254,1.0049907129489113,272
4979000,19916.000002222423,-564846.0619722335,109320.75688968477,-455525.3050825487,298.49179064622814,435.45975413054254,1.0049907129489113,272
4980000,19920.000002223238,-564599.9022381217,110123.21528730885,-454476.6869508129,300.68284064296046,435.45975413054254,1.0049907129489113,272
4981000,19924.000002224053,-563225.3194693453,110472.15607859503,-452753.16339075024,301.6355962273883,435.45975413054254,1.0049907129489113,272
4982000,19928.000002224868,-564718.4144780259,110370.27760977988,-454348.136868246,301.3574250232169,435.45975413054254,1.0049907129489113,272
4983000,19932.000002225683,-564574.7894398449,110889.220598027,-453685.5688418179,302.77435833224524,435.45975413054254,1.0049907129489113,272
4984000,19936.000002226498,-564004.2140473393,109358.87373578588,-454645.3403115534,298.5958657182475,435.45975413054254,1.0049907129489113,272
4985000,19940.000002227313,-564248.3283534101,110529.28179812967,-453719.04655528045,301.791573544057,435.45975413054254,1.0049907129489113,272
4986000,19944.000002228127,-565025.8453306928,109843.56605081214,-455182.2792798807,299.91928023842553,435.45975413054254,1.0049907129489113,272
4987000,19948.000002228942,-563996.5078575695,110240.2189978651,-453756.2888597044,301.0023101386888,435.45975413054254,1.0049907129489113,272
4988000,19952.000002229757,-564077.5943087204,110528.3171659486,-453549.27714277187,301.78893969120753,435.45975413054254,1.0049907129489113,272
4989000,19956.000002230572,-564761.7291891761,110005.0138590876,-454756.7153300885,300.3601008726687,435.45975413054254,1.0049907129489113,272
4990000,19960.000002231387,-565084.905907623,109248.85267303907,-455836.05323458393,298.2954617971401,435.45975413054254,1.0049907129489113,272
4991000,19964.000002232202,-564362.9161238722,109801.3256320119,-454561.5904918603,299.80394607313013,435.45975413054254,1.0049907129489113,272
4992000,19968.000002233017,-563200.165959321,109474.51327245595,-453725.652686865,298.91161044369784,435.45975413054254,1.0049907129489113,272
4993000,19972.00000223383,-564717.3776445901,110415.7499958229,-454301.6276487672,301.4815838227085,435.45975413054254,1.0049907129489113,272
4994000,19976.000002234647,-564376.067123828,110062.54141637811,-454313.5257074499,300.5171753759533,435.45975413054254,1.0049907129489113,272
4995000,19980.00000223546,-563451.5791035509,110496.37432159972,-452955.20478195115,301.701722248891,435.45975413054254,1.0049907129489113,272
4996000,19984.000002236276,-564068.2654086375,109987.41385000123,-454080.85155863623,300.31204542211157,435.45975413054254,1.0049907129489113,272
4997000,19988.00000223709,-563445.2528413292,110196.9624520049,-453248.2903893243,300.884201517798,435.45975413054254,1.0049907129489113,272
4998000,19992.000002237906,-563163.2705545165,109886.27655996638,-453276.9939945501,300.03589794872664,435.45975413054254,1.0049907129489113,272
4999000,19996.00000223872,-564143.0049583102,109303.2021700422,-454839.80278826796,298.44385885496104,435.45975413054254,1.0049907129489113,272
5000000,20000.000002239536,-563966.8386810883,110749.36431078975,-453217.47437029856,302.39249166027645,435.45975413054254,1.0049907129489113,272
5001000,20004.00000224035,-564858.4104883685,109593.02692315058,-455265.3835652179,299.2352027130741,435.45975413054254,1.0049907129489113,272
5002000,20008.000002241166,-565035.646434213,110078.81427248096,-454956.8321617321,300.5616071389164,435.45975413054254,1.0049907129489113,272
5003000,20012.00000224198,-564948.1160240187,110089.27544270543,-454858.8405813133,300.59017054737967,435.45975413054254,1.0049907129489113,272
5004000,20016.000002242796,-564041.7930289074,110126.55797372505,-453915.23505518236,300.6919675872145,435.45975413054254,1.0049907129489113,272
5005000,20020.00000224361,-565020.0047415253,110280.91665015998,-454739.0880913653,301.11343190050445,435.45975413054254,1.0049907129489113,272
5006000,20024.000002244426,-564099.1189249484,110168.78268955974,-453930.33623538865,300.8072588767886,435.45975413054254,1.0049907129489113,272
5007000,20028.00000224524,-563883.871302417,109789.11924824963,-454094.7520541674,299.7706174953726,435.45975413054254,1.0049907129489113,272
5008000,20032.000002246055,-563876.4903708105,110824.0160156567,-453052.4743551538,302.59632231142183,435.45975413054254,1.0049907129489113,272
5009000,20036.00000224687,-564082.5316961305,110283.88967116666,-453798.64202496386,301.12154950222214,435.45975413054254,1.0049907129489113,272
5010000,20040.000002247685,-564613.7559992187,110402.7913434353,-454210.9646557834,301.4462012342085,435.45975413054254,1.0049907129489113,272
5011000,20044.0000022485,-564955.4090119386,109695.77976282734,-455259.6292491113,299.51576131861003,435.45975413054254,1.0049907129489113,272
5012000,20048.000002249315,-563518.3677035379,110816.82032659499,-452701.54737694294,302.57667504429634,435.45975413054254,1.0049907129489113,272
5013000,20052.00000225013,-565255.9867400038,110067.82240090988,-455188.16433909396,300.5315946918647,435.45975413054254,1.0049907129489113,272
5014000,20056.000002250945,-564515.9582768534,110518.40742907615,-453997.5508477773,301.7618819284546,435.45975413054254,1.0049907129489113,272
5015000,20060.00000225176,-564213.968885161,110089.762902266,-454124.205982895,300.5915015176477,435.45975413054254,1.0049907129489113,272
5016000,20064.000002252575,-564470.0629917472,109656.51499057922,-454813.54800116795,299.40855192387914,435.45975413054254,1.0049907129489113,272
5017000,20068.00000225339,-563728.9512088099,110970.7410475344,-452758.21016127546,302.99694355430245,435.45975413054254,1.0049907129489113,272
5018000,20072.000002254204,-564090.9975806284,110688.85983706985,-453402.1377435585,302.22728891912647,435.45975413054254,1.0049907129489113,272
5019000,20076.00000225502,-564396.1723039001,109498.72085750563,-454897.4514463945,298.97770736448655,435.45975413054254,1.0049907129489113,272
5020000,20080.000002255834,-565212.6607102673,110547.15470813971,-454665.50600212754,301.84037412927745,435.45975413054254,1.0049907129489113,272
5021000,20084.00000225665,-562023.6794349956,110119.34357945481,-451904.3358555408,300.67226924697775,435.45975413054254,1.0049907129489113,272
5022000,20088.000002257464,-565510.7724563214,109958.98071865365,-455551.79173766775,300.23441097709775,435.45975413054254,1.0049907129489113,272
5023000,20092.00000225828,-564776.6526988666,109848.85395197337,-454927.7987468932,299.9337184396536,435.45975413054254,1.0049907129489113,272
5024000,20096.000002259094,-563551.2660276955,110862.78521019244,-452688.48081750306,302.70217856990496,435.45975413054254,1.0049907129489113,272
5025000,20100.00000225991,-564015.6529288124,109817.92540047714,-454197.7275283353,299.8492704447726,435.45975413054254,1.0049907129489113,272
5026000,20104.000002260724,-564373.9773652023,111141.40012546466,-453232.5772397376,303.46291484109884,435.45975413054254,1.0049907129489113,272
5027000,20108.00000226154,-563591.1528733512,109821.93710889865,-453769.2157644526,299.8602241013732,435.45975413054254,1.0049907129489113,272
5028000,20112.000002262354,-564236.027854112,110001.69724395359,-454234.3306101584,300.35104511401494,435.45975413054254,1.0049907129489113,272
5029000,20116.00000226317,-563981.2556650601,110823.97187151085,-453157.2837935493,302.59620177927843,435.45975413054254,1.0049907129489113,272
5030000,20120.000002263983,-563969.2626501997,109969.51965144079,-453999.7429987589,300.2631867101665,435.45975413054254,1.0049907129489113,272
5031000,20124.0000022648,-564418.1023325156,109902.37137398432,-454515.7309585313,300.07984358167886,435.45975413054254,1.0049907129489113,272
5032000,20128.000002265613,-564693.4415870262,109830.427598343,-454863.01398868323,299.88340671984207,435.45975413054254,1.0049907129489113,272
5033000,20132.000002266428,-565531.1223638887,110769.9559008948,-454761.16646299383,302.44871538921484,435.45975413054254,1.0049907129489113,272
5034000,20136.000002267243,-564000.9234084962,110237.47311661977,-453763.45029187645,300.9948127243538,435.45975413054254,1.0049907129489113,272
5035000,20140.000002268058,-563135.2271067635,109682.96204826434,-453452.2650584992,299.4807635498353,435.45975413054254,1.0049907129489113,272
5036000,20144.000002268873,-564686.348488614,110238.30478948075,-454448.0436991332,300.9970835421616,435.45975413054254,1.0049907129489113,272
5037000,20148.000002269688,-565747.4776395583,110563.06499911402,-455184.41264044424,301.88381593646704,435.45975413054254,1.0049907129489113,272
5038000,20152.000002270503,-564950.0063999603,110433.12233875436,-454516.8840612059,301.5290176486064,435.45975413054254,1.0049907129489113,272
5039000,20156.000002271317,-564685.6091031986,110267.3226730536,-454418.28643014503,301.0763146074675,435.45975413054254,1.0049907129489113,272
5040000,20160.000002272132,-565247.8893724568,110046.56919629092,-455201.3201761659,300.4735644761565,435.45975413054254,1.0049907129489113,272
5041000,20164.000002272947,-564661.9386223312,109381.5277323586,-455280.41088997264,298.65772068700807,435.45975413054254,1.0049907129489113,272
5042000,20168.000002273762,-565148.9235652494,110643.17747683334,-454505.7460884161,302.10255680149487,435.45975413054254,1.0049907129489113,272
5043000,20172.000002274577,-564631.7762797973,110880.7544618136,-453751.0218179837,302.75124220837193,435.45975413054254,1.0049907129489113,272
5044000,20176.000002275392,-564496.8740182482,109647.27491290268,-454849.5991053455,299.383322613272,435.45975413054254,1.0049907129489113,272
5045000,20180.000002276207,-563466.7854380226,110538.97018610896,-452927.8152519136,301.8180269309407,435.45975413054254,1.0049907129489113,272
5046000,20184.000002277022,-563726.3850167445,109988.51924670709,-453737.8657700374,300.31506362150475,435.45975413054254,1.0049907129489113,272
5047000,20188.000002277837,-564568.9819591055,109803.52153264923,-454765.46042645624,299.80994180835893,435.45975413054254,1.0049907129489113,272
5048000,20192.00000227865,-564160.2757662055,109753.93005891901,-454406.3457072865,299.6745361615662,435.45975413054254,1.0049907129489113,272
5049000,20196.000002279467,-563986.1488260501,110864.5088022009,-453121.6400238492,302.70688470330157,435.45975413054254,1.0049907129489113,272
5050000,20200.00000228028,-564976.6714862371,110581.63804688753,-454395.03343934956,301.93452819318213,435.45975413054254,1.0049907129489113,272
5051000,20204.000002281096,-564624.0515556633,111016.34972708924,-453607.7018285741,303.12147449258595,435.45975413054254,1.0049907129489113,272
