0.000000000000000000e+00 -3.077052593231201172e+00
1.000000000000000000e+00 -3.100429534912109375e+00
2.000000000000000000e+00 -3.095927953720092773e+00
3.000000000000000000e+00 -3.086800098419189453e+00
4.000000000000000000e+00 -3.112574338912963867e+00
5.000000000000000000e+00 -3.110959053039550781e+00
6.000000000000000000e+00 -3.092871904373168945e+00
7.000000000000000000e+00 -3.110193490982055664e+00
8.000000000000000000e+00 -3.120586156845092773e+00
9.000000000000000000e+00 -3.102641582489013672e+00
1.000000000000000000e+01 -3.200017515813009084e+00
1.100000000000000000e+01 -3.157081190739766896e+00
1.200000000000000000e+01 -3.127469301223754883e+00
1.300000000000000000e+01 -3.137652873992919922e+00
1.400000000000000000e+01 -3.118243217468261719e+00
1.500000000000000000e+01 -3.127791881561279297e+00
1.600000000000000000e+01 -3.131007432937622070e+00
1.700000000000000000e+01 -3.170566622410909474e+00
1.800000000000000000e+01 -3.194330755864278615e+00
1.900000000000000000e+01 -3.139891386032104492e+00
2.000000000000000000e+01 -3.147889200841085255e+00
2.100000000000000000e+01 -3.136896848678588867e+00
2.200000000000000000e+01 -3.140642881393432617e+00
2.300000000000000000e+01 -3.126106977462768555e+00
2.400000000000000000e+01 -3.144851986561910451e+00
2.500000000000000000e+01 -3.131942987442016602e+00
2.600000000000000000e+01 -3.116185665130615234e+00
2.700000000000000000e+01 -3.098587274551391602e+00
2.800000000000000000e+01 -3.100975275039672852e+00
2.900000000000000000e+01 -3.183926884328023732e+00
3.000000000000000000e+01 -3.178867403660909474e+00
3.100000000000000000e+01 -3.139046192169189453e+00
3.200000000000000000e+01 -3.147122923527852834e+00
3.300000000000000000e+01 -3.151446406041280568e+00
3.400000000000000000e+01 -3.094189167022705078e+00
3.500000000000000000e+01 -3.122503995895385742e+00
3.600000000000000000e+01 -3.184184853230611623e+00
3.700000000000000000e+01 -3.165271822606221974e+00
3.800000000000000000e+01 -3.105932474136352539e+00
3.900000000000000000e+01 -3.106615066528320312e+00
4.000000000000000000e+01 -3.121847629547119141e+00
4.100000000000000000e+01 -3.116360187530517578e+00
4.200000000000000000e+01 -3.096190929412841797e+00
4.300000000000000000e+01 -3.087709903717041016e+00
4.400000000000000000e+01 -3.069654941558837891e+00
4.500000000000000000e+01 -3.064360618591308594e+00
4.600000000000000000e+01 -3.040841102600097656e+00
4.700000000000000000e+01 -3.068983554840087891e+00
4.800000000000000000e+01 -3.092262744903564453e+00
4.900000000000000000e+01 -3.063464641571044922e+00
5.000000000000000000e+01 -3.063612222671508789e+00
5.100000000000000000e+01 -3.057261705398559570e+00
5.200000000000000000e+01 -3.081724643707275391e+00
5.300000000000000000e+01 -3.051218748092651367e+00
5.400000000000000000e+01 -3.042525053024291992e+00
5.500000000000000000e+01 -3.095410346984863281e+00
5.600000000000000000e+01 -3.100945949554443359e+00
5.700000000000000000e+01 -3.118405103683471680e+00
5.800000000000000000e+01 -3.075168132781982422e+00
5.900000000000000000e+01 -3.068673610687255859e+00
6.000000000000000000e+01 -3.038516283035278320e+00
6.100000000000000000e+01 -2.992267847061157227e+00
6.200000000000000000e+01 -3.056539297103881836e+00
6.300000000000000000e+01 -3.031625032424926758e+00
6.400000000000000000e+01 -3.041736841201782227e+00
6.500000000000000000e+01 -3.082099437713623047e+00
6.600000000000000000e+01 -3.045211315155029297e+00
6.700000000000000000e+01 -3.091003656387329102e+00
6.800000000000000000e+01 -3.093481302261352539e+00
6.900000000000000000e+01 -3.048870801925659180e+00
7.000000000000000000e+01 -3.063569307327270508e+00
7.100000000000000000e+01 -3.089148283004760742e+00
7.200000000000000000e+01 -3.084506750106811523e+00
7.300000000000000000e+01 -3.097318887710571289e+00
7.400000000000000000e+01 -3.091138362884521484e+00
7.500000000000000000e+01 -3.121031522750854492e+00
7.600000000000000000e+01 -3.137102603912353516e+00
7.700000000000000000e+01 -3.124577045440673828e+00
7.800000000000000000e+01 -3.088323831558227539e+00
7.900000000000000000e+01 -3.094475269317626953e+00
8.000000000000000000e+01 -3.084761142730712891e+00
8.100000000000000000e+01 -3.072818756103515625e+00
8.200000000000000000e+01 -3.077724933624267578e+00
8.300000000000000000e+01 -3.068958282470703125e+00
8.400000000000000000e+01 -3.073284387588500977e+00
8.500000000000000000e+01 -3.052804470062255859e+00
8.600000000000000000e+01 -3.066663265228271484e+00
8.700000000000000000e+01 -3.073346853256225586e+00
8.800000000000000000e+01 -3.083746671676635742e+00
8.900000000000000000e+01 -3.088875055313110352e+00
9.000000000000000000e+01 -3.119457960128784180e+00
9.100000000000000000e+01 -3.073060512542724609e+00
9.200000000000000000e+01 -3.060183763504028320e+00
9.300000000000000000e+01 -3.045700311660766602e+00
9.400000000000000000e+01 -3.063638210296630859e+00
9.500000000000000000e+01 -3.088068008422851562e+00
9.600000000000000000e+01 -3.071971178054809570e+00
9.700000000000000000e+01 -3.108186244964599609e+00
9.800000000000000000e+01 -3.077049970626831055e+00
9.900000000000000000e+01 -3.077854156494140625e+00
1.000000000000000000e+02 -3.074643135070800781e+00
1.010000000000000000e+02 -3.110178470611572266e+00
1.020000000000000000e+02 -3.100583553314208984e+00
1.030000000000000000e+02 -3.082490205764770508e+00
1.040000000000000000e+02 -3.124679565429687500e+00
1.050000000000000000e+02 -3.095555305480957031e+00
1.060000000000000000e+02 -3.056212663650512695e+00
1.070000000000000000e+02 -3.118343591690063477e+00
1.080000000000000000e+02 -3.102918148040771484e+00
1.090000000000000000e+02 -3.140381574630737305e+00
1.100000000000000000e+02 -3.141714398060933888e+00
1.110000000000000000e+02 -3.110112905502319336e+00
1.120000000000000000e+02 -3.148121897374288380e+00
1.130000000000000000e+02 -3.098335981369018555e+00
1.140000000000000000e+02 -3.109992980957031250e+00
1.150000000000000000e+02 -3.117519617080688477e+00
1.160000000000000000e+02 -3.090652704238891602e+00
1.170000000000000000e+02 -3.151689592991964162e+00
1.180000000000000000e+02 -3.170916859303609669e+00
1.190000000000000000e+02 -3.157004896794454396e+00
1.200000000000000000e+02 -3.180379692708150685e+00
1.210000000000000000e+02 -3.159927670155660451e+00
1.220000000000000000e+02 -3.129781007766723633e+00
1.230000000000000000e+02 -3.133119583129882812e+00
1.240000000000000000e+02 -3.137311935424804688e+00
1.250000000000000000e+02 -3.123175621032714844e+00
1.260000000000000000e+02 -3.101486921310424805e+00
1.270000000000000000e+02 -3.076940298080444336e+00
1.280000000000000000e+02 -3.078648805618286133e+00
1.290000000000000000e+02 -3.057806491851806641e+00
1.300000000000000000e+02 -3.114030599594116211e+00
1.310000000000000000e+02 -3.098030805587768555e+00
1.320000000000000000e+02 -3.108341455459594727e+00
1.330000000000000000e+02 -3.101348638534545898e+00
1.340000000000000000e+02 -3.115310430526733398e+00
1.350000000000000000e+02 -3.086243867874145508e+00
1.360000000000000000e+02 -3.086441040039062500e+00
1.370000000000000000e+02 -3.097030878067016602e+00
1.380000000000000000e+02 -3.104157209396362305e+00
1.390000000000000000e+02 -3.089498996734619141e+00
1.400000000000000000e+02 -3.078482627868652344e+00
1.410000000000000000e+02 -3.092629432678222656e+00
1.420000000000000000e+02 -3.074515581130981445e+00
1.430000000000000000e+02 -3.053615570068359375e+00
1.440000000000000000e+02 -3.060353755950927734e+00
1.450000000000000000e+02 -3.052340984344482422e+00
1.460000000000000000e+02 -3.074043035507202148e+00
1.470000000000000000e+02 -3.025427103042602539e+00
1.480000000000000000e+02 -3.077138662338256836e+00
1.490000000000000000e+02 -3.092536449432373047e+00
1.500000000000000000e+02 -3.094424962997436523e+00
1.510000000000000000e+02 -3.037907361984252930e+00
1.520000000000000000e+02 -3.064656496047973633e+00
1.530000000000000000e+02 -3.103971004486083984e+00
1.540000000000000000e+02 -3.092485904693603516e+00
1.550000000000000000e+02 -3.023290634155273438e+00
1.560000000000000000e+02 -3.057610273361206055e+00
1.570000000000000000e+02 -3.096391677856445312e+00
1.580000000000000000e+02 -3.076242685317993164e+00
1.590000000000000000e+02 -3.096357345581054688e+00
1.600000000000000000e+02 -3.088300228118896484e+00
1.610000000000000000e+02 -3.062175273895263672e+00
1.620000000000000000e+02 -3.049839735031127930e+00
1.630000000000000000e+02 -3.048684597015380859e+00
1.640000000000000000e+02 -3.085427761077880859e+00
1.650000000000000000e+02 -3.035254240036010742e+00
1.660000000000000000e+02 -3.082306146621704102e+00
1.670000000000000000e+02 -3.060239076614379883e+00
1.680000000000000000e+02 -3.067096710205078125e+00
1.690000000000000000e+02 -3.073339223861694336e+00
1.700000000000000000e+02 -3.056845903396606445e+00
1.710000000000000000e+02 -3.107914924621582031e+00
1.720000000000000000e+02 -3.080660820007324219e+00
1.730000000000000000e+02 -3.091546058654785156e+00
1.740000000000000000e+02 -3.059471607208251953e+00
1.750000000000000000e+02 -3.062293052673339844e+00
1.760000000000000000e+02 -3.066406488418579102e+00
1.770000000000000000e+02 -3.064323186874389648e+00
1.780000000000000000e+02 -3.099677562713623047e+00
1.790000000000000000e+02 -3.043706893920898438e+00
1.800000000000000000e+02 -3.072284460067749023e+00
1.810000000000000000e+02 -3.087306737899780273e+00
1.820000000000000000e+02 -3.072100162506103516e+00
1.830000000000000000e+02 -3.067460536956787109e+00
1.840000000000000000e+02 -3.026196479797363281e+00
1.850000000000000000e+02 -3.047209262847900391e+00
1.860000000000000000e+02 -3.014550209045410156e+00
1.870000000000000000e+02 -3.056508064270019531e+00
1.880000000000000000e+02 -3.011993885040283203e+00
1.890000000000000000e+02 -3.016356945037841797e+00
1.900000000000000000e+02 -3.056799173355102539e+00
1.910000000000000000e+02 -3.007692813873291016e+00
1.920000000000000000e+02 -2.998900651931762695e+00
1.930000000000000000e+02 -2.987756490707397461e+00
1.940000000000000000e+02 -3.009511947631835938e+00
1.950000000000000000e+02 -3.017736911773681641e+00
1.960000000000000000e+02 -3.033135890960693359e+00
1.970000000000000000e+02 -3.048765420913696289e+00
1.980000000000000000e+02 -3.034088850021362305e+00
1.990000000000000000e+02 -3.065433740615844727e+00
2.000000000000000000e+02 -3.054627180099487305e+00
2.010000000000000000e+02 -3.042922258377075195e+00
2.020000000000000000e+02 -3.019158840179443359e+00
2.030000000000000000e+02 -2.998878479003906250e+00
2.040000000000000000e+02 -3.046188831329345703e+00
2.050000000000000000e+02 -3.061869382858276367e+00
2.060000000000000000e+02 -3.049575805664062500e+00
2.070000000000000000e+02 -3.019892454147338867e+00
2.080000000000000000e+02 -3.020739316940307617e+00
2.090000000000000000e+02 -3.028981447219848633e+00
2.100000000000000000e+02 -3.025039196014404297e+00
2.110000000000000000e+02 -3.004219055175781250e+00
2.120000000000000000e+02 -3.021200180053710938e+00
2.130000000000000000e+02 -3.032447576522827148e+00
2.140000000000000000e+02 -3.060679912567138672e+00
2.150000000000000000e+02 -3.046464681625366211e+00
2.160000000000000000e+02 -3.041169643402099609e+00
2.170000000000000000e+02 -3.022743463516235352e+00
2.180000000000000000e+02 -3.050328731536865234e+00
2.190000000000000000e+02 -3.008871555328369141e+00
2.200000000000000000e+02 -3.057158946990966797e+00
2.210000000000000000e+02 -3.021797418594360352e+00
2.220000000000000000e+02 -3.028445720672607422e+00
2.230000000000000000e+02 -3.036777019500732422e+00
2.240000000000000000e+02 -3.092473983764648438e+00
2.250000000000000000e+02 -3.032882213592529297e+00
2.260000000000000000e+02 -3.042575120925903320e+00
2.270000000000000000e+02 -3.013252496719360352e+00
2.280000000000000000e+02 -3.026363134384155273e+00
2.290000000000000000e+02 -3.031232118606567383e+00
2.300000000000000000e+02 -3.027289628982543945e+00
2.310000000000000000e+02 -3.017398834228515625e+00
2.320000000000000000e+02 -3.000054359436035156e+00
2.330000000000000000e+02 -3.057804584503173828e+00
2.340000000000000000e+02 -3.048336029052734375e+00
2.350000000000000000e+02 -3.097886085510253906e+00
2.360000000000000000e+02 -3.047679424285888672e+00
2.370000000000000000e+02 -3.043440818786621094e+00
2.380000000000000000e+02 -3.029052019119262695e+00
2.390000000000000000e+02 -3.045346021652221680e+00
2.400000000000000000e+02 -3.025195360183715820e+00
2.410000000000000000e+02 -2.994914293289184570e+00
2.420000000000000000e+02 -3.038113832473754883e+00
2.430000000000000000e+02 -3.013013601303100586e+00
2.440000000000000000e+02 -3.013074636459350586e+00
2.450000000000000000e+02 -3.029509544372558594e+00
2.460000000000000000e+02 -3.017469406127929688e+00
2.470000000000000000e+02 -3.034417867660522461e+00
2.480000000000000000e+02 -3.055340290069580078e+00
2.490000000000000000e+02 -3.048685073852539062e+00
2.500000000000000000e+02 -3.044924736022949219e+00
2.510000000000000000e+02 -3.043077707290649414e+00
2.520000000000000000e+02 -3.051105737686157227e+00
2.530000000000000000e+02 -3.033947944641113281e+00
2.540000000000000000e+02 -3.067589759826660156e+00
2.550000000000000000e+02 -3.096159458160400391e+00
2.560000000000000000e+02 -3.104824066162109375e+00
2.570000000000000000e+02 -3.072495937347412109e+00
2.580000000000000000e+02 -3.044623851776123047e+00
2.590000000000000000e+02 -3.058838844299316406e+00
2.600000000000000000e+02 -3.092623710632324219e+00
2.610000000000000000e+02 -3.082344055175781250e+00
2.620000000000000000e+02 -3.076598167419433594e+00
2.630000000000000000e+02 -3.098039865493774414e+00
2.640000000000000000e+02 -3.066734075546264648e+00
2.650000000000000000e+02 -3.035673141479492188e+00
2.660000000000000000e+02 -2.998132467269897461e+00
2.670000000000000000e+02 -2.979557037353515625e+00
2.680000000000000000e+02 -3.012718439102172852e+00
2.690000000000000000e+02 -3.017978906631469727e+00
2.700000000000000000e+02 -3.019981384277343750e+00
2.710000000000000000e+02 -2.993610382080078125e+00
2.720000000000000000e+02 -3.006407976150512695e+00
2.730000000000000000e+02 -3.017780780792236328e+00
2.740000000000000000e+02 -3.050480604171752930e+00
2.750000000000000000e+02 -3.043297767639160156e+00
2.760000000000000000e+02 -3.027782678604125977e+00
2.770000000000000000e+02 -3.052821397781372070e+00
2.780000000000000000e+02 -3.041796922683715820e+00
2.790000000000000000e+02 -2.999682903289794922e+00
2.800000000000000000e+02 -3.047959804534912109e+00
2.810000000000000000e+02 -2.996570825576782227e+00
2.820000000000000000e+02 -2.992067813873291016e+00
2.830000000000000000e+02 -3.013070821762084961e+00
2.840000000000000000e+02 -3.044082880020141602e+00
2.850000000000000000e+02 -3.038590908050537109e+00
2.860000000000000000e+02 -2.977138757705688477e+00
2.870000000000000000e+02 -3.042809247970581055e+00
2.880000000000000000e+02 -3.002263545989990234e+00
2.890000000000000000e+02 -3.013849020004272461e+00
2.900000000000000000e+02 -3.003594636917114258e+00
2.910000000000000000e+02 -3.002286672592163086e+00
2.920000000000000000e+02 -2.988044977188110352e+00
2.930000000000000000e+02 -3.041115999221801758e+00
2.940000000000000000e+02 -3.020061969757080078e+00
2.950000000000000000e+02 -3.003448247909545898e+00
2.960000000000000000e+02 -2.997298955917358398e+00
2.970000000000000000e+02 -2.983175039291381836e+00
2.980000000000000000e+02 -2.966320037841796875e+00
2.990000000000000000e+02 -2.990252494812011719e+00
3.000000000000000000e+02 -2.990998029708862305e+00
3.010000000000000000e+02 -3.002800226211547852e+00
3.020000000000000000e+02 -3.064203739166259766e+00
3.030000000000000000e+02 -2.979452848434448242e+00
3.040000000000000000e+02 -2.981983184814453125e+00
3.050000000000000000e+02 -3.063204288482666016e+00
3.060000000000000000e+02 -3.057023048400878906e+00
3.070000000000000000e+02 -3.025508642196655273e+00
3.080000000000000000e+02 -3.041920185089111328e+00
3.090000000000000000e+02 -3.024499654769897461e+00
3.100000000000000000e+02 -3.006359815597534180e+00
3.110000000000000000e+02 -3.000761270523071289e+00
3.120000000000000000e+02 -3.013168573379516602e+00
3.130000000000000000e+02 -3.030345678329467773e+00
3.140000000000000000e+02 -3.048811435699462891e+00
3.150000000000000000e+02 -3.024909257888793945e+00
3.160000000000000000e+02 -3.051869869232177734e+00
3.170000000000000000e+02 -2.976709365844726562e+00
3.180000000000000000e+02 -3.003045320510864258e+00
3.190000000000000000e+02 -3.021167993545532227e+00
3.200000000000000000e+02 -3.066397428512573242e+00
3.210000000000000000e+02 -3.006864309310913086e+00
3.220000000000000000e+02 -3.092990159988403320e+00
3.230000000000000000e+02 -3.045608282089233398e+00
3.240000000000000000e+02 -3.036164283752441406e+00
3.250000000000000000e+02 -3.026443958282470703e+00
3.260000000000000000e+02 -3.068346261978149414e+00
3.270000000000000000e+02 -3.067507266998291016e+00
3.280000000000000000e+02 -3.061354398727416992e+00
3.290000000000000000e+02 -3.075924158096313477e+00
3.300000000000000000e+02 -3.072153091430664062e+00
3.310000000000000000e+02 -3.053079843521118164e+00
3.320000000000000000e+02 -3.047070026397705078e+00
3.330000000000000000e+02 -3.060420989990234375e+00
3.340000000000000000e+02 -3.010647296905517578e+00
3.350000000000000000e+02 -3.038183927536010742e+00
3.360000000000000000e+02 -3.058534383773803711e+00
3.370000000000000000e+02 -3.028529644012451172e+00
3.380000000000000000e+02 -3.015540122985839844e+00
3.390000000000000000e+02 -3.055589914321899414e+00
3.400000000000000000e+02 -3.059869527816772461e+00
3.410000000000000000e+02 -3.040062189102172852e+00
3.420000000000000000e+02 -3.018166542053222656e+00
3.430000000000000000e+02 -3.033840894699096680e+00
3.440000000000000000e+02 -3.105659246444702148e+00
3.450000000000000000e+02 -3.097888946533203125e+00
3.460000000000000000e+02 -3.051980018615722656e+00
3.470000000000000000e+02 -3.050694704055786133e+00
3.480000000000000000e+02 -3.031611919403076172e+00
3.490000000000000000e+02 -3.068161010742187500e+00
3.500000000000000000e+02 -3.038413524627685547e+00
3.510000000000000000e+02 -3.045984745025634766e+00
3.520000000000000000e+02 -3.054517030715942383e+00
3.530000000000000000e+02 -3.008849382400512695e+00
3.540000000000000000e+02 -3.033279895782470703e+00
3.550000000000000000e+02 -3.011888980865478516e+00
3.560000000000000000e+02 -3.029367446899414062e+00
3.570000000000000000e+02 -3.034173965454101562e+00
3.580000000000000000e+02 -3.037765026092529297e+00
3.590000000000000000e+02 -3.035153627395629883e+00
3.600000000000000000e+02 -3.025573253631591797e+00
3.610000000000000000e+02 -3.093049049377441406e+00
3.620000000000000000e+02 -3.015630960464477539e+00
3.630000000000000000e+02 -2.986940622329711914e+00
3.640000000000000000e+02 -3.007579088211059570e+00
3.650000000000000000e+02 -3.074067354202270508e+00
3.660000000000000000e+02 -3.017742633819580078e+00
3.670000000000000000e+02 -3.078364133834838867e+00
3.680000000000000000e+02 -3.072319746017456055e+00
3.690000000000000000e+02 -3.058048486709594727e+00
3.700000000000000000e+02 -3.126733541488647461e+00
3.710000000000000000e+02 -3.057892799377441406e+00
3.720000000000000000e+02 -3.061308383941650391e+00
3.730000000000000000e+02 -3.035114526748657227e+00
3.740000000000000000e+02 -3.038088083267211914e+00
3.750000000000000000e+02 -3.036718606948852539e+00
3.760000000000000000e+02 -3.041174888610839844e+00
3.770000000000000000e+02 -3.068623542785644531e+00
3.780000000000000000e+02 -3.083798170089721680e+00
3.790000000000000000e+02 -3.075383186340332031e+00
3.800000000000000000e+02 -3.067326307296752930e+00
3.810000000000000000e+02 -3.066774368286132812e+00
3.820000000000000000e+02 -3.088181972503662109e+00
3.830000000000000000e+02 -3.036411046981811523e+00
3.840000000000000000e+02 -3.101195096969604492e+00
3.850000000000000000e+02 -3.070426464080810547e+00
3.860000000000000000e+02 -3.062069654464721680e+00
3.870000000000000000e+02 -3.072250604629516602e+00
3.880000000000000000e+02 -3.086618423461914062e+00
3.890000000000000000e+02 -3.078242063522338867e+00
3.900000000000000000e+02 -3.041352510452270508e+00
3.910000000000000000e+02 -3.073289632797241211e+00
3.920000000000000000e+02 -3.034665584564208984e+00
3.930000000000000000e+02 -3.039340257644653320e+00
3.940000000000000000e+02 -3.042163848876953125e+00
3.950000000000000000e+02 -3.029414176940917969e+00
3.960000000000000000e+02 -3.046765565872192383e+00
3.970000000000000000e+02 -3.068639516830444336e+00
3.980000000000000000e+02 -3.064360380172729492e+00
3.990000000000000000e+02 -3.074736833572387695e+00
4.000000000000000000e+02 -3.068176984786987305e+00
4.010000000000000000e+02 -3.078332901000976562e+00
4.020000000000000000e+02 -3.083905935287475586e+00
4.030000000000000000e+02 -3.013146638870239258e+00
4.040000000000000000e+02 -3.012171268463134766e+00
4.050000000000000000e+02 -3.029561281204223633e+00
4.060000000000000000e+02 -3.047916889190673828e+00
4.070000000000000000e+02 -3.044783830642700195e+00
4.080000000000000000e+02 -3.026819705963134766e+00
4.090000000000000000e+02 -3.002205133438110352e+00
4.100000000000000000e+02 -3.026624441146850586e+00
4.110000000000000000e+02 -3.064303159713745117e+00
4.120000000000000000e+02 -3.040539503097534180e+00
4.130000000000000000e+02 -3.031760692596435547e+00
4.140000000000000000e+02 -3.067026376724243164e+00
4.150000000000000000e+02 -3.017352342605590820e+00
4.160000000000000000e+02 -3.010723352432250977e+00
4.170000000000000000e+02 -3.054846286773681641e+00
4.180000000000000000e+02 -2.997007846832275391e+00
4.190000000000000000e+02 -3.071181535720825195e+00
4.200000000000000000e+02 -3.092440843582153320e+00
4.210000000000000000e+02 -3.028422117233276367e+00
4.220000000000000000e+02 -3.003874778747558594e+00
4.230000000000000000e+02 -2.982324838638305664e+00
4.240000000000000000e+02 -2.978041887283325195e+00
4.250000000000000000e+02 -2.976903438568115234e+00
4.260000000000000000e+02 -2.998421669006347656e+00
4.270000000000000000e+02 -2.989594459533691406e+00
4.280000000000000000e+02 -3.023761987686157227e+00
4.290000000000000000e+02 -2.938153505325317383e+00
4.300000000000000000e+02 -2.990288496017456055e+00
4.310000000000000000e+02 -2.947227001190185547e+00
4.320000000000000000e+02 -2.949826240539550781e+00
4.330000000000000000e+02 -2.941903591156005859e+00
4.340000000000000000e+02 -2.962955474853515625e+00
4.350000000000000000e+02 -3.050649642944335938e+00
4.360000000000000000e+02 -3.016897916793823242e+00
4.370000000000000000e+02 -3.029229402542114258e+00
4.380000000000000000e+02 -3.008281469345092773e+00
4.390000000000000000e+02 -2.971997737884521484e+00
4.400000000000000000e+02 -2.981100320816040039e+00
4.410000000000000000e+02 -2.949257850646972656e+00
4.420000000000000000e+02 -2.997006893157958984e+00
4.430000000000000000e+02 -2.975737571716308594e+00
4.440000000000000000e+02 -2.984552383422851562e+00
4.450000000000000000e+02 -3.004252195358276367e+00
4.460000000000000000e+02 -3.018366098403930664e+00
4.470000000000000000e+02 -3.003804922103881836e+00
4.480000000000000000e+02 -2.980711698532104492e+00
4.490000000000000000e+02 -2.966616392135620117e+00
4.500000000000000000e+02 -3.003217697143554688e+00
4.510000000000000000e+02 -2.962158441543579102e+00
4.520000000000000000e+02 -3.006330728530883789e+00
4.530000000000000000e+02 -2.977806329727172852e+00
4.540000000000000000e+02 -2.998893976211547852e+00
4.550000000000000000e+02 -3.005579233169555664e+00
4.560000000000000000e+02 -2.958819627761840820e+00
4.570000000000000000e+02 -3.005404949188232422e+00
4.580000000000000000e+02 -2.988779067993164062e+00
4.590000000000000000e+02 -2.994853496551513672e+00
4.600000000000000000e+02 -3.005752325057983398e+00
4.610000000000000000e+02 -3.003181457519531250e+00
4.620000000000000000e+02 -2.981888055801391602e+00
4.630000000000000000e+02 -3.026833057403564453e+00
4.640000000000000000e+02 -3.002302646636962891e+00
4.650000000000000000e+02 -3.005976200103759766e+00
4.660000000000000000e+02 -2.973258256912231445e+00
4.670000000000000000e+02 -3.001411676406860352e+00
4.680000000000000000e+02 -2.971657991409301758e+00
4.690000000000000000e+02 -2.965414047241210938e+00
4.700000000000000000e+02 -2.989005565643310547e+00
4.710000000000000000e+02 -2.987225294113159180e+00
4.720000000000000000e+02 -2.966744184494018555e+00
4.730000000000000000e+02 -2.984741926193237305e+00
4.740000000000000000e+02 -2.982810974121093750e+00
4.750000000000000000e+02 -2.940886974334716797e+00
4.760000000000000000e+02 -2.947114229202270508e+00
4.770000000000000000e+02 -2.939861536026000977e+00
4.780000000000000000e+02 -2.949280977249145508e+00
4.790000000000000000e+02 -2.943731784820556641e+00
4.800000000000000000e+02 -2.946661710739135742e+00
4.810000000000000000e+02 -2.955581665039062500e+00
4.820000000000000000e+02 -2.952532291412353516e+00
4.830000000000000000e+02 -2.938472270965576172e+00
4.840000000000000000e+02 -2.970389842987060547e+00
4.850000000000000000e+02 -2.933227300643920898e+00
4.860000000000000000e+02 -2.920892715454101562e+00
4.870000000000000000e+02 -2.961100578308105469e+00
4.880000000000000000e+02 -2.953571319580078125e+00
4.890000000000000000e+02 -2.948846340179443359e+00
4.900000000000000000e+02 -2.970679283142089844e+00
4.910000000000000000e+02 -2.932083606719970703e+00
4.920000000000000000e+02 -2.934553861618041992e+00
4.930000000000000000e+02 -2.951725482940673828e+00
4.940000000000000000e+02 -2.959837675094604492e+00
4.950000000000000000e+02 -2.950662851333618164e+00
4.960000000000000000e+02 -2.946818351745605469e+00
4.970000000000000000e+02 -2.947032928466796875e+00
4.980000000000000000e+02 -2.947974920272827148e+00
4.990000000000000000e+02 -2.913475036621093750e+00
5.000000000000000000e+02 -2.949406862258911133e+00
5.010000000000000000e+02 -2.965960502624511719e+00
5.020000000000000000e+02 -2.930351972579956055e+00
5.030000000000000000e+02 -2.958331584930419922e+00
5.040000000000000000e+02 -2.957925796508789062e+00
5.050000000000000000e+02 -2.949912071228027344e+00
5.060000000000000000e+02 -2.990662574768066406e+00
5.070000000000000000e+02 -2.974759101867675781e+00
5.080000000000000000e+02 -2.958137273788452148e+00
5.090000000000000000e+02 -2.992449045181274414e+00
5.100000000000000000e+02 -2.938630104064941406e+00
5.110000000000000000e+02 -2.968546152114868164e+00
5.120000000000000000e+02 -2.925371408462524414e+00
5.130000000000000000e+02 -2.958863496780395508e+00
5.140000000000000000e+02 -2.957176685333251953e+00
5.150000000000000000e+02 -2.935253858566284180e+00
5.160000000000000000e+02 -2.932751178741455078e+00
5.170000000000000000e+02 -2.949920415878295898e+00
5.180000000000000000e+02 -2.935581922531127930e+00
5.190000000000000000e+02 -2.970003604888916016e+00
5.200000000000000000e+02 -2.984434127807617188e+00
5.210000000000000000e+02 -3.009938001632690430e+00
5.220000000000000000e+02 -3.018387556076049805e+00
5.230000000000000000e+02 -3.008093833923339844e+00
5.240000000000000000e+02 -3.038132667541503906e+00
5.250000000000000000e+02 -3.007218122482299805e+00
5.260000000000000000e+02 -3.038275718688964844e+00
5.270000000000000000e+02 -3.016873598098754883e+00
5.280000000000000000e+02 -3.020831823348999023e+00
5.290000000000000000e+02 -3.016421794891357422e+00
5.300000000000000000e+02 -3.047387599945068359e+00
5.310000000000000000e+02 -3.004467248916625977e+00
5.320000000000000000e+02 -2.975731372833251953e+00
5.330000000000000000e+02 -3.013281583786010742e+00
5.340000000000000000e+02 -2.982837915420532227e+00
5.350000000000000000e+02 -2.997916936874389648e+00
5.360000000000000000e+02 -3.012499332427978516e+00
5.370000000000000000e+02 -3.024593591690063477e+00
5.380000000000000000e+02 -3.074243545532226562e+00
5.390000000000000000e+02 -3.065970897674560547e+00
5.400000000000000000e+02 -3.058329820632934570e+00
5.410000000000000000e+02 -3.035758018493652344e+00
5.420000000000000000e+02 -3.034216642379760742e+00
5.430000000000000000e+02 -3.097478628158569336e+00
5.440000000000000000e+02 -3.085924386978149414e+00
5.450000000000000000e+02 -3.024739742279052734e+00
5.460000000000000000e+02 -3.064893245697021484e+00
5.470000000000000000e+02 -3.065853357315063477e+00
5.480000000000000000e+02 -3.057364225387573242e+00
5.490000000000000000e+02 -3.049401283264160156e+00
5.500000000000000000e+02 -3.059512138366699219e+00
5.510000000000000000e+02 -3.062344789505004883e+00
5.520000000000000000e+02 -3.069132089614868164e+00
5.530000000000000000e+02 -3.086795091629028320e+00
5.540000000000000000e+02 -3.064434051513671875e+00
5.550000000000000000e+02 -3.080194234848022461e+00
5.560000000000000000e+02 -3.019706964492797852e+00
5.570000000000000000e+02 -3.038381099700927734e+00
5.580000000000000000e+02 -2.999832868576049805e+00
5.590000000000000000e+02 -3.013259172439575195e+00
5.600000000000000000e+02 -3.061152935028076172e+00
5.610000000000000000e+02 -3.073479890823364258e+00
5.620000000000000000e+02 -3.053562164306640625e+00
5.630000000000000000e+02 -3.028120040893554688e+00
5.640000000000000000e+02 -3.026861190795898438e+00
5.650000000000000000e+02 -3.035611629486083984e+00
5.660000000000000000e+02 -3.063175678253173828e+00
5.670000000000000000e+02 -3.049980163574218750e+00
5.680000000000000000e+02 -3.088222265243530273e+00
5.690000000000000000e+02 -3.068718671798706055e+00
5.700000000000000000e+02 -3.093217611312866211e+00
5.710000000000000000e+02 -3.073094129562377930e+00
5.720000000000000000e+02 -3.069997549057006836e+00
5.730000000000000000e+02 -3.087074995040893555e+00
5.740000000000000000e+02 -3.062628269195556641e+00
5.750000000000000000e+02 -3.073758840560913086e+00
5.760000000000000000e+02 -3.051346302032470703e+00
5.770000000000000000e+02 -3.025015592575073242e+00
5.780000000000000000e+02 -3.082414388656616211e+00
5.790000000000000000e+02 -3.034717798233032227e+00
5.800000000000000000e+02 -3.036678314208984375e+00
5.810000000000000000e+02 -3.054801940917968750e+00
5.820000000000000000e+02 -3.076752901077270508e+00
5.830000000000000000e+02 -3.048804044723510742e+00
5.840000000000000000e+02 -3.060310602188110352e+00
5.850000000000000000e+02 -3.066295385360717773e+00
5.860000000000000000e+02 -3.031343221664428711e+00
5.870000000000000000e+02 -3.060446023941040039e+00
5.880000000000000000e+02 -3.044728994369506836e+00
5.890000000000000000e+02 -3.045248508453369141e+00
5.900000000000000000e+02 -2.975715875625610352e+00
5.910000000000000000e+02 -3.058671236038208008e+00
5.920000000000000000e+02 -3.047164916992187500e+00
5.930000000000000000e+02 -3.076804399490356445e+00
5.940000000000000000e+02 -3.046844720840454102e+00
5.950000000000000000e+02 -3.063426256179809570e+00
5.960000000000000000e+02 -3.032425403594970703e+00
5.970000000000000000e+02 -2.979548692703247070e+00
5.980000000000000000e+02 -3.043482542037963867e+00
5.990000000000000000e+02 -3.033564090728759766e+00
6.000000000000000000e+02 -3.061491250991821289e+00
6.010000000000000000e+02 -3.019225835800170898e+00
6.020000000000000000e+02 -3.012157440185546875e+00
6.030000000000000000e+02 -3.036779403686523438e+00
6.040000000000000000e+02 -3.035858869552612305e+00
6.050000000000000000e+02 -3.074269056320190430e+00
6.060000000000000000e+02 -3.118966579437255859e+00
6.070000000000000000e+02 -3.078897476196289062e+00
6.080000000000000000e+02 -3.088061809539794922e+00
6.090000000000000000e+02 -3.102010726928710938e+00
6.100000000000000000e+02 -3.079750061035156250e+00
6.110000000000000000e+02 -3.130078077316284180e+00
6.120000000000000000e+02 -3.104210853576660156e+00
6.130000000000000000e+02 -3.114213943481445312e+00
6.140000000000000000e+02 -3.108524560928344727e+00
6.150000000000000000e+02 -3.109756469726562500e+00
6.160000000000000000e+02 -3.118498802185058594e+00
6.170000000000000000e+02 -3.091650724411010742e+00
6.180000000000000000e+02 -3.104844808578491211e+00
6.190000000000000000e+02 -3.072012662887573242e+00
6.200000000000000000e+02 -3.083541631698608398e+00
6.210000000000000000e+02 -3.074310064315795898e+00
6.220000000000000000e+02 -3.081700086593627930e+00
6.230000000000000000e+02 -3.051792621612548828e+00
6.240000000000000000e+02 -3.081362247467041016e+00
6.250000000000000000e+02 -3.073225498199462891e+00
6.260000000000000000e+02 -3.043772935867309570e+00
6.270000000000000000e+02 -3.046066284179687500e+00
6.280000000000000000e+02 -3.074213027954101562e+00
6.290000000000000000e+02 -3.047199964523315430e+00
6.300000000000000000e+02 -3.086711883544921875e+00
6.310000000000000000e+02 -3.060359477996826172e+00
6.320000000000000000e+02 -3.053846597671508789e+00
6.330000000000000000e+02 -3.019445896148681641e+00
6.340000000000000000e+02 -3.030296802520751953e+00
6.350000000000000000e+02 -3.027383089065551758e+00
6.360000000000000000e+02 -3.056045532226562500e+00
6.370000000000000000e+02 -3.007241487503051758e+00
6.380000000000000000e+02 -3.023682832717895508e+00
6.390000000000000000e+02 -3.021197795867919922e+00
6.400000000000000000e+02 -3.054967641830444336e+00
6.410000000000000000e+02 -3.023893356323242188e+00
6.420000000000000000e+02 -3.046477556228637695e+00
6.430000000000000000e+02 -3.021453619003295898e+00
6.440000000000000000e+02 -3.029180765151977539e+00
6.450000000000000000e+02 -3.052118062973022461e+00
6.460000000000000000e+02 -3.022223234176635742e+00
6.470000000000000000e+02 -3.096554040908813477e+00
6.480000000000000000e+02 -3.026919126510620117e+00
6.490000000000000000e+02 -2.995491743087768555e+00
6.500000000000000000e+02 -3.077440261840820312e+00
6.510000000000000000e+02 -3.043555736541748047e+00
6.520000000000000000e+02 -3.072430849075317383e+00
6.530000000000000000e+02 -3.018191576004028320e+00
6.540000000000000000e+02 -3.037928819656372070e+00
6.550000000000000000e+02 -3.002429962158203125e+00
6.560000000000000000e+02 -3.036838769912719727e+00
6.570000000000000000e+02 -3.047641277313232422e+00
6.580000000000000000e+02 -3.051758289337158203e+00
6.590000000000000000e+02 -3.044837236404418945e+00
6.600000000000000000e+02 -3.055593729019165039e+00
6.610000000000000000e+02 -3.054703235626220703e+00
6.620000000000000000e+02 -3.030505657196044922e+00
6.630000000000000000e+02 -2.999959945678710938e+00
6.640000000000000000e+02 -3.040797472000122070e+00
6.650000000000000000e+02 -3.002836465835571289e+00
6.660000000000000000e+02 -3.005974292755126953e+00
6.670000000000000000e+02 -3.028971910476684570e+00
6.680000000000000000e+02 -3.013746500015258789e+00
6.690000000000000000e+02 -3.038038492202758789e+00
6.700000000000000000e+02 -3.087795495986938477e+00
6.710000000000000000e+02 -3.070764303207397461e+00
6.720000000000000000e+02 -3.066277980804443359e+00
6.730000000000000000e+02 -3.082371711730957031e+00
6.740000000000000000e+02 -3.040924310684204102e+00
6.750000000000000000e+02 -3.075102090835571289e+00
6.760000000000000000e+02 -3.054725885391235352e+00
6.770000000000000000e+02 -3.021836042404174805e+00
6.780000000000000000e+02 -3.038011550903320312e+00
6.790000000000000000e+02 -3.012509584426879883e+00
6.800000000000000000e+02 -3.017999410629272461e+00
6.810000000000000000e+02 -2.999015092849731445e+00
6.820000000000000000e+02 -3.024921894073486328e+00
6.830000000000000000e+02 -3.002559185028076172e+00
6.840000000000000000e+02 -3.039053916931152344e+00
6.850000000000000000e+02 -3.005667209625244141e+00
6.860000000000000000e+02 -3.008691072463989258e+00
6.870000000000000000e+02 -3.008600234985351562e+00
6.880000000000000000e+02 -3.014131546020507812e+00
6.890000000000000000e+02 -3.012991428375244141e+00
6.900000000000000000e+02 -3.006953477859497070e+00
6.910000000000000000e+02 -3.031151771545410156e+00
6.920000000000000000e+02 -2.937496423721313477e+00
6.930000000000000000e+02 -2.973245382308959961e+00
6.940000000000000000e+02 -2.985438346862792969e+00
6.950000000000000000e+02 -2.932531595230102539e+00
6.960000000000000000e+02 -3.014858007431030273e+00
6.970000000000000000e+02 -2.930435657501220703e+00
6.980000000000000000e+02 -2.987048625946044922e+00
6.990000000000000000e+02 -2.912101268768310547e+00
7.000000000000000000e+02 -2.970292568206787109e+00
7.010000000000000000e+02 -2.983328819274902344e+00
7.020000000000000000e+02 -3.007644891738891602e+00
7.030000000000000000e+02 -2.978631734848022461e+00
7.040000000000000000e+02 -3.002123117446899414e+00
7.050000000000000000e+02 -3.001189708709716797e+00
7.060000000000000000e+02 -3.007353782653808594e+00
7.070000000000000000e+02 -2.951077699661254883e+00
7.080000000000000000e+02 -3.014813899993896484e+00
7.090000000000000000e+02 -2.976164817810058594e+00
7.100000000000000000e+02 -2.985763311386108398e+00
7.110000000000000000e+02 -2.965459585189819336e+00
7.120000000000000000e+02 -2.970339775085449219e+00
7.130000000000000000e+02 -2.980847120285034180e+00
7.140000000000000000e+02 -2.979460239410400391e+00
7.150000000000000000e+02 -2.948883771896362305e+00
7.160000000000000000e+02 -2.951141834259033203e+00
7.170000000000000000e+02 -2.972384691238403320e+00
7.180000000000000000e+02 -2.970650196075439453e+00
7.190000000000000000e+02 -2.997956037521362305e+00
7.200000000000000000e+02 -2.968961954116821289e+00
7.210000000000000000e+02 -2.973170518875122070e+00
7.220000000000000000e+02 -2.988309621810913086e+00
7.230000000000000000e+02 -2.967931270599365234e+00
7.240000000000000000e+02 -2.928719043731689453e+00
7.250000000000000000e+02 -2.953677177429199219e+00
7.260000000000000000e+02 -2.944664239883422852e+00
7.270000000000000000e+02 -2.965415239334106445e+00
7.280000000000000000e+02 -2.979342937469482422e+00
7.290000000000000000e+02 -3.027917385101318359e+00
7.300000000000000000e+02 -2.996536970138549805e+00
7.310000000000000000e+02 -3.012101411819458008e+00
7.320000000000000000e+02 -2.990508079528808594e+00
7.330000000000000000e+02 -3.007384061813354492e+00
7.340000000000000000e+02 -3.023151874542236328e+00
7.350000000000000000e+02 -2.982254028320312500e+00
7.360000000000000000e+02 -3.015403270721435547e+00
7.370000000000000000e+02 -3.020016431808471680e+00
7.380000000000000000e+02 -3.025709867477416992e+00
7.390000000000000000e+02 -2.988724708557128906e+00
7.400000000000000000e+02 -2.963603734970092773e+00
7.410000000000000000e+02 -3.006870269775390625e+00
7.420000000000000000e+02 -3.037932395935058594e+00
7.430000000000000000e+02 -3.016988754272460938e+00
7.440000000000000000e+02 -3.046322584152221680e+00
7.450000000000000000e+02 -3.045628547668457031e+00
7.460000000000000000e+02 -2.992876529693603516e+00
7.470000000000000000e+02 -3.003271818161010742e+00
7.480000000000000000e+02 -3.017439365386962891e+00
7.490000000000000000e+02 -3.006706237792968750e+00
7.500000000000000000e+02 -2.959864377975463867e+00
7.510000000000000000e+02 -2.952076911926269531e+00
7.520000000000000000e+02 -2.969959259033203125e+00
7.530000000000000000e+02 -3.001641988754272461e+00
7.540000000000000000e+02 -2.978747367858886719e+00
7.550000000000000000e+02 -3.014845132827758789e+00
7.560000000000000000e+02 -2.986967802047729492e+00
7.570000000000000000e+02 -2.997694969177246094e+00
7.580000000000000000e+02 -2.989277601242065430e+00
7.590000000000000000e+02 -2.975382328033447266e+00
7.600000000000000000e+02 -2.979706764221191406e+00
7.610000000000000000e+02 -2.943630218505859375e+00
7.620000000000000000e+02 -2.951435565948486328e+00
7.630000000000000000e+02 -2.974821805953979492e+00
7.640000000000000000e+02 -2.951108455657958984e+00
7.650000000000000000e+02 -3.022885084152221680e+00
7.660000000000000000e+02 -3.010475158691406250e+00
7.670000000000000000e+02 -3.090573549270629883e+00
7.680000000000000000e+02 -3.097276687622070312e+00
7.690000000000000000e+02 -3.035871744155883789e+00
7.700000000000000000e+02 -3.025455951690673828e+00
7.710000000000000000e+02 -3.049237966537475586e+00
7.720000000000000000e+02 -3.063078165054321289e+00
7.730000000000000000e+02 -3.008422136306762695e+00
7.740000000000000000e+02 -3.001873493194580078e+00
7.750000000000000000e+02 -2.986936330795288086e+00
7.760000000000000000e+02 -2.994902849197387695e+00
7.770000000000000000e+02 -3.076829910278320312e+00
7.780000000000000000e+02 -3.030697822570800781e+00
7.790000000000000000e+02 -3.056974649429321289e+00
7.800000000000000000e+02 -3.078298330307006836e+00
7.810000000000000000e+02 -3.061975240707397461e+00
7.820000000000000000e+02 -3.044010400772094727e+00
7.830000000000000000e+02 -3.079866409301757812e+00
7.840000000000000000e+02 -3.098508596420288086e+00
7.850000000000000000e+02 -3.011133193969726562e+00
7.860000000000000000e+02 -3.046581268310546875e+00
7.870000000000000000e+02 -3.004217624664306641e+00
7.880000000000000000e+02 -3.056307077407836914e+00
7.890000000000000000e+02 -3.077362537384033203e+00
7.900000000000000000e+02 -3.055927038192749023e+00
7.910000000000000000e+02 -3.058336734771728516e+00
7.920000000000000000e+02 -3.016930341720581055e+00
7.930000000000000000e+02 -3.037368774414062500e+00
7.940000000000000000e+02 -3.042957782745361328e+00
7.950000000000000000e+02 -3.029010295867919922e+00
7.960000000000000000e+02 -3.038412570953369141e+00
7.970000000000000000e+02 -3.074493646621704102e+00
7.980000000000000000e+02 -3.090647220611572266e+00
7.990000000000000000e+02 -3.033144950866699219e+00
8.000000000000000000e+02 -3.060309171676635742e+00
8.010000000000000000e+02 -3.043772459030151367e+00
8.020000000000000000e+02 -3.003694772720336914e+00
8.030000000000000000e+02 -3.039000272750854492e+00
8.040000000000000000e+02 -3.044070482254028320e+00
8.050000000000000000e+02 -3.004659175872802734e+00
8.060000000000000000e+02 -3.018313884735107422e+00
8.070000000000000000e+02 -3.053305149078369141e+00
8.080000000000000000e+02 -3.095465660095214844e+00
8.090000000000000000e+02 -3.013978958129882812e+00
8.100000000000000000e+02 -3.046697378158569336e+00
8.110000000000000000e+02 -3.002871274948120117e+00
8.120000000000000000e+02 -3.039331912994384766e+00
8.130000000000000000e+02 -2.998523950576782227e+00
8.140000000000000000e+02 -3.041760444641113281e+00
8.150000000000000000e+02 -3.029505014419555664e+00
8.160000000000000000e+02 -3.069836378097534180e+00
8.170000000000000000e+02 -3.048572063446044922e+00
8.180000000000000000e+02 -3.034699201583862305e+00
8.190000000000000000e+02 -3.042346000671386719e+00
8.200000000000000000e+02 -3.024900674819946289e+00
8.210000000000000000e+02 -3.025653362274169922e+00
8.220000000000000000e+02 -3.047414541244506836e+00
8.230000000000000000e+02 -3.055621623992919922e+00
8.240000000000000000e+02 -3.018579959869384766e+00
8.250000000000000000e+02 -3.008137226104736328e+00
8.260000000000000000e+02 -3.032382488250732422e+00
8.270000000000000000e+02 -3.016557693481445312e+00
8.280000000000000000e+02 -3.015361547470092773e+00
8.290000000000000000e+02 -3.030442953109741211e+00
8.300000000000000000e+02 -3.033321380615234375e+00
8.310000000000000000e+02 -3.060892820358276367e+00
8.320000000000000000e+02 -3.007798194885253906e+00
8.330000000000000000e+02 -3.060633182525634766e+00
8.340000000000000000e+02 -3.060304641723632812e+00
8.350000000000000000e+02 -3.036706686019897461e+00
8.360000000000000000e+02 -3.026533126831054688e+00
8.370000000000000000e+02 -3.049371719360351562e+00
8.380000000000000000e+02 -3.042789936065673828e+00
8.390000000000000000e+02 -3.040253639221191406e+00
8.400000000000000000e+02 -3.033933639526367188e+00
8.410000000000000000e+02 -2.975755214691162109e+00
8.420000000000000000e+02 -3.006886005401611328e+00
8.430000000000000000e+02 -2.996048688888549805e+00
8.440000000000000000e+02 -3.023328542709350586e+00
8.450000000000000000e+02 -3.046602249145507812e+00
8.460000000000000000e+02 -3.067142963409423828e+00
8.470000000000000000e+02 -3.026719808578491211e+00
8.480000000000000000e+02 -2.990974664688110352e+00
8.490000000000000000e+02 -2.990410804748535156e+00
8.500000000000000000e+02 -3.011888265609741211e+00
8.510000000000000000e+02 -3.019767522811889648e+00
8.520000000000000000e+02 -3.038444757461547852e+00
8.530000000000000000e+02 -3.005294799804687500e+00
8.540000000000000000e+02 -3.013756513595581055e+00
8.550000000000000000e+02 -3.019079923629760742e+00
8.560000000000000000e+02 -3.007921934127807617e+00
8.570000000000000000e+02 -2.925249099731445312e+00
8.580000000000000000e+02 -2.966491222381591797e+00
8.590000000000000000e+02 -2.950733900070190430e+00
8.600000000000000000e+02 -2.979276180267333984e+00
8.610000000000000000e+02 -2.965624570846557617e+00
8.620000000000000000e+02 -2.997350215911865234e+00
8.630000000000000000e+02 -2.975142478942871094e+00
8.640000000000000000e+02 -2.970185518264770508e+00
8.650000000000000000e+02 -2.955920696258544922e+00
8.660000000000000000e+02 -2.941145896911621094e+00
8.670000000000000000e+02 -2.977679491043090820e+00
8.680000000000000000e+02 -2.956171512603759766e+00
8.690000000000000000e+02 -2.992581605911254883e+00
8.700000000000000000e+02 -2.967515468597412109e+00
8.710000000000000000e+02 -2.970423698425292969e+00
8.720000000000000000e+02 -2.936715841293334961e+00
8.730000000000000000e+02 -2.958435535430908203e+00
8.740000000000000000e+02 -2.993709564208984375e+00
8.750000000000000000e+02 -2.993974447250366211e+00
8.760000000000000000e+02 -3.011793613433837891e+00
8.770000000000000000e+02 -2.967903614044189453e+00
8.780000000000000000e+02 -2.974979162216186523e+00
8.790000000000000000e+02 -2.929239034652709961e+00
8.800000000000000000e+02 -2.962819099426269531e+00
8.810000000000000000e+02 -2.935535907745361328e+00
8.820000000000000000e+02 -2.999459743499755859e+00
8.830000000000000000e+02 -2.974751472473144531e+00
8.840000000000000000e+02 -3.007131576538085938e+00
8.850000000000000000e+02 -2.957675933837890625e+00
8.860000000000000000e+02 -2.978642940521240234e+00
8.870000000000000000e+02 -2.946065664291381836e+00
8.880000000000000000e+02 -2.976846933364868164e+00
8.890000000000000000e+02 -2.954196929931640625e+00
8.900000000000000000e+02 -2.982158422470092773e+00
8.910000000000000000e+02 -2.977053165435791016e+00
8.920000000000000000e+02 -2.916245698928833008e+00
8.930000000000000000e+02 -2.957499742507934570e+00
8.940000000000000000e+02 -2.969403505325317383e+00
8.950000000000000000e+02 -2.985319137573242188e+00
8.960000000000000000e+02 -2.954870939254760742e+00
8.970000000000000000e+02 -2.968781232833862305e+00
8.980000000000000000e+02 -2.958008050918579102e+00
8.990000000000000000e+02 -2.912759780883789062e+00
9.000000000000000000e+02 -2.905948877334594727e+00
9.010000000000000000e+02 -2.970781326293945312e+00
9.020000000000000000e+02 -2.987646102905273438e+00
9.030000000000000000e+02 -2.955285310745239258e+00
9.040000000000000000e+02 -2.961157083511352539e+00
9.050000000000000000e+02 -2.980363368988037109e+00
9.060000000000000000e+02 -2.991471529006958008e+00
9.070000000000000000e+02 -2.970090627670288086e+00
9.080000000000000000e+02 -2.919673204421997070e+00
9.090000000000000000e+02 -2.962674856185913086e+00
9.100000000000000000e+02 -2.978288888931274414e+00
9.110000000000000000e+02 -2.991680622100830078e+00
9.120000000000000000e+02 -2.983689308166503906e+00
9.130000000000000000e+02 -2.985082626342773438e+00
9.140000000000000000e+02 -2.969792842864990234e+00
9.150000000000000000e+02 -3.030591726303100586e+00
9.160000000000000000e+02 -3.047565221786499023e+00
9.170000000000000000e+02 -3.030344247817993164e+00
9.180000000000000000e+02 -3.008147716522216797e+00
9.190000000000000000e+02 -2.997369766235351562e+00
9.200000000000000000e+02 -3.012583255767822266e+00
9.210000000000000000e+02 -3.004771232604980469e+00
9.220000000000000000e+02 -2.991667747497558594e+00
9.230000000000000000e+02 -2.959641218185424805e+00
9.240000000000000000e+02 -2.970603942871093750e+00
9.250000000000000000e+02 -3.031407833099365234e+00
9.260000000000000000e+02 -2.990025520324707031e+00
9.270000000000000000e+02 -3.028667211532592773e+00
9.280000000000000000e+02 -3.040374517440795898e+00
9.290000000000000000e+02 -3.031581163406372070e+00
9.300000000000000000e+02 -3.035338163375854492e+00
9.310000000000000000e+02 -3.049196720123291016e+00
9.320000000000000000e+02 -3.039611816406250000e+00
9.330000000000000000e+02 -3.033557176589965820e+00
9.340000000000000000e+02 -2.989891290664672852e+00
9.350000000000000000e+02 -3.004040956497192383e+00
9.360000000000000000e+02 -3.034730195999145508e+00
9.370000000000000000e+02 -3.022517204284667969e+00
9.380000000000000000e+02 -3.032239913940429688e+00
9.390000000000000000e+02 -3.032174825668334961e+00
9.400000000000000000e+02 -3.068688392639160156e+00
9.410000000000000000e+02 -3.053156614303588867e+00
9.420000000000000000e+02 -3.027617454528808594e+00
9.430000000000000000e+02 -3.035866737365722656e+00
9.440000000000000000e+02 -3.000969886779785156e+00
9.450000000000000000e+02 -3.036622047424316406e+00
9.460000000000000000e+02 -3.042423486709594727e+00
9.470000000000000000e+02 -3.005950927734375000e+00
9.480000000000000000e+02 -2.985534667968750000e+00
9.490000000000000000e+02 -3.056923151016235352e+00
9.500000000000000000e+02 -3.017863035202026367e+00
9.510000000000000000e+02 -2.993669033050537109e+00
9.520000000000000000e+02 -3.011464118957519531e+00
9.530000000000000000e+02 -2.986035823822021484e+00
9.540000000000000000e+02 -2.978716850280761719e+00
9.550000000000000000e+02 -2.935355901718139648e+00
9.560000000000000000e+02 -2.954549312591552734e+00
9.570000000000000000e+02 -2.949233055114746094e+00
9.580000000000000000e+02 -2.952281713485717773e+00
9.590000000000000000e+02 -2.968185424804687500e+00
9.600000000000000000e+02 -2.913781642913818359e+00
9.610000000000000000e+02 -2.905804634094238281e+00
9.620000000000000000e+02 -2.927152395248413086e+00
9.630000000000000000e+02 -2.911754608154296875e+00
9.640000000000000000e+02 -2.943784236907958984e+00
9.650000000000000000e+02 -2.956232547760009766e+00
9.660000000000000000e+02 -2.940370082855224609e+00
9.670000000000000000e+02 -2.987178802490234375e+00
9.680000000000000000e+02 -2.965200424194335938e+00
9.690000000000000000e+02 -2.961343765258789062e+00
9.700000000000000000e+02 -2.936545133590698242e+00
9.710000000000000000e+02 -2.981645822525024414e+00
9.720000000000000000e+02 -2.997101306915283203e+00
9.730000000000000000e+02 -2.945620059967041016e+00
9.740000000000000000e+02 -2.970127820968627930e+00
9.750000000000000000e+02 -2.979284286499023438e+00
9.760000000000000000e+02 -2.969732284545898438e+00
9.770000000000000000e+02 -2.974236249923706055e+00
9.780000000000000000e+02 -2.985379457473754883e+00
9.790000000000000000e+02 -2.977950811386108398e+00
9.800000000000000000e+02 -2.984599828720092773e+00
9.810000000000000000e+02 -2.973437547683715820e+00
9.820000000000000000e+02 -2.978264331817626953e+00
9.830000000000000000e+02 -2.951670408248901367e+00
9.840000000000000000e+02 -2.958961248397827148e+00
9.850000000000000000e+02 -2.931944847106933594e+00
9.860000000000000000e+02 -2.951146602630615234e+00
9.870000000000000000e+02 -2.992955446243286133e+00
9.880000000000000000e+02 -2.938260078430175781e+00
9.890000000000000000e+02 -2.917710304260253906e+00
9.900000000000000000e+02 -2.912463903427124023e+00
9.910000000000000000e+02 -2.907978296279907227e+00
9.920000000000000000e+02 -2.963366508483886719e+00
9.930000000000000000e+02 -2.979086399078369141e+00
9.940000000000000000e+02 -2.946934700012207031e+00
9.950000000000000000e+02 -2.965708971023559570e+00
9.960000000000000000e+02 -2.972015142440795898e+00
9.970000000000000000e+02 -2.964710712432861328e+00
9.980000000000000000e+02 -2.967409849166870117e+00
9.990000000000000000e+02 -2.979770183563232422e+00
1.000000000000000000e+03 -2.910605907440185547e+00
1.001000000000000000e+03 -2.950125932693481445e+00
1.002000000000000000e+03 -2.925008296966552734e+00
1.003000000000000000e+03 -2.951714515686035156e+00
1.004000000000000000e+03 -2.983768224716186523e+00
1.005000000000000000e+03 -2.996402978897094727e+00
1.006000000000000000e+03 -3.001579284667968750e+00
1.007000000000000000e+03 -2.973075866699218750e+00
1.008000000000000000e+03 -2.998907327651977539e+00
1.009000000000000000e+03 -3.030461788177490234e+00
1.010000000000000000e+03 -3.021073579788208008e+00
1.011000000000000000e+03 -2.992930889129638672e+00
1.012000000000000000e+03 -3.032150983810424805e+00
1.013000000000000000e+03 -3.028212308883666992e+00
1.014000000000000000e+03 -3.040014743804931641e+00
1.015000000000000000e+03 -3.048440217971801758e+00
1.016000000000000000e+03 -3.005568981170654297e+00
1.017000000000000000e+03 -3.021534442901611328e+00
1.018000000000000000e+03 -3.039656162261962891e+00
1.019000000000000000e+03 -3.043096065521240234e+00
1.020000000000000000e+03 -3.055445671081542969e+00
1.021000000000000000e+03 -3.006927490234375000e+00
1.022000000000000000e+03 -3.051131248474121094e+00
1.023000000000000000e+03 -3.016617059707641602e+00
1.024000000000000000e+03 -3.002491950988769531e+00
1.025000000000000000e+03 -2.964475154876708984e+00
1.026000000000000000e+03 -2.999981403350830078e+00
1.027000000000000000e+03 -3.008693933486938477e+00
1.028000000000000000e+03 -3.004652261734008789e+00
1.029000000000000000e+03 -2.952541828155517578e+00
1.030000000000000000e+03 -2.945663213729858398e+00
1.031000000000000000e+03 -2.955557107925415039e+00
1.032000000000000000e+03 -2.952589511871337891e+00
1.033000000000000000e+03 -2.964843273162841797e+00
1.034000000000000000e+03 -2.957745790481567383e+00
1.035000000000000000e+03 -2.909440755844116211e+00
1.036000000000000000e+03 -2.965651750564575195e+00
1.037000000000000000e+03 -2.978027582168579102e+00
1.038000000000000000e+03 -2.947089672088623047e+00
1.039000000000000000e+03 -2.969377994537353516e+00
1.040000000000000000e+03 -2.919815063476562500e+00
1.041000000000000000e+03 -2.910145521163940430e+00
1.042000000000000000e+03 -2.904263496398925781e+00
1.043000000000000000e+03 -2.942095994949340820e+00
1.044000000000000000e+03 -2.927750587463378906e+00
1.045000000000000000e+03 -2.980129718780517578e+00
1.046000000000000000e+03 -2.950140476226806641e+00
1.047000000000000000e+03 -2.951555252075195312e+00
1.048000000000000000e+03 -2.932990074157714844e+00
1.049000000000000000e+03 -2.936556577682495117e+00
1.050000000000000000e+03 -2.978628635406494141e+00
1.051000000000000000e+03 -2.965345144271850586e+00
1.052000000000000000e+03 -2.932330846786499023e+00
1.053000000000000000e+03 -2.994739055633544922e+00
1.054000000000000000e+03 -2.979811906814575195e+00
1.055000000000000000e+03 -2.973646879196166992e+00
1.056000000000000000e+03 -2.973980665206909180e+00
1.057000000000000000e+03 -2.929309606552124023e+00
1.058000000000000000e+03 -2.936916589736938477e+00
1.059000000000000000e+03 -2.940869569778442383e+00
1.060000000000000000e+03 -2.940201520919799805e+00
1.061000000000000000e+03 -2.970440864562988281e+00
1.062000000000000000e+03 -2.916987419128417969e+00
1.063000000000000000e+03 -2.923533439636230469e+00
1.064000000000000000e+03 -2.915022373199462891e+00
1.065000000000000000e+03 -2.919911384582519531e+00
1.066000000000000000e+03 -2.977100610733032227e+00
1.067000000000000000e+03 -2.918404579162597656e+00
1.068000000000000000e+03 -2.932010889053344727e+00
1.069000000000000000e+03 -2.908037662506103516e+00
1.070000000000000000e+03 -2.941799402236938477e+00
1.071000000000000000e+03 -2.898653507232666016e+00
1.072000000000000000e+03 -2.915687084197998047e+00
1.073000000000000000e+03 -2.931339025497436523e+00
1.074000000000000000e+03 -2.951366901397705078e+00
1.075000000000000000e+03 -2.948676824569702148e+00
1.076000000000000000e+03 -2.905777931213378906e+00
1.077000000000000000e+03 -2.927066802978515625e+00
1.078000000000000000e+03 -2.930161476135253906e+00
1.079000000000000000e+03 -2.911071538925170898e+00
1.080000000000000000e+03 -2.894558191299438477e+00
1.081000000000000000e+03 -2.958302497863769531e+00
1.082000000000000000e+03 -2.942979097366333008e+00
1.083000000000000000e+03 -2.982677459716796875e+00
1.084000000000000000e+03 -2.980173826217651367e+00
1.085000000000000000e+03 -2.944718599319458008e+00
1.086000000000000000e+03 -2.954203367233276367e+00
1.087000000000000000e+03 -2.976962327957153320e+00
1.088000000000000000e+03 -2.910876035690307617e+00
1.089000000000000000e+03 -2.939857244491577148e+00
1.090000000000000000e+03 -2.985868215560913086e+00
1.091000000000000000e+03 -3.011323213577270508e+00
1.092000000000000000e+03 -2.963937282562255859e+00
1.093000000000000000e+03 -2.994734525680541992e+00
1.094000000000000000e+03 -2.962479829788208008e+00
1.095000000000000000e+03 -2.959625482559204102e+00
1.096000000000000000e+03 -2.972637176513671875e+00
1.097000000000000000e+03 -2.956938743591308594e+00
1.098000000000000000e+03 -3.003089666366577148e+00
1.099000000000000000e+03 -2.988564729690551758e+00
1.100000000000000000e+03 -3.000364065170288086e+00
1.101000000000000000e+03 -3.056833505630493164e+00
1.102000000000000000e+03 -3.014597892761230469e+00
1.103000000000000000e+03 -3.043303251266479492e+00
1.104000000000000000e+03 -3.068991184234619141e+00
1.105000000000000000e+03 -3.053369522094726562e+00
1.106000000000000000e+03 -3.030522823333740234e+00
1.107000000000000000e+03 -3.007239103317260742e+00
1.108000000000000000e+03 -3.023070335388183594e+00
1.109000000000000000e+03 -3.054120779037475586e+00
1.110000000000000000e+03 -3.031153202056884766e+00
1.111000000000000000e+03 -3.013001203536987305e+00
1.112000000000000000e+03 -2.979975461959838867e+00
1.113000000000000000e+03 -2.961671829223632812e+00
1.114000000000000000e+03 -3.011850833892822266e+00
1.115000000000000000e+03 -3.018205642700195312e+00
1.116000000000000000e+03 -2.994968891143798828e+00
1.117000000000000000e+03 -2.959374189376831055e+00
1.118000000000000000e+03 -2.922891139984130859e+00
1.119000000000000000e+03 -2.964421272277832031e+00
1.120000000000000000e+03 -2.961540460586547852e+00
1.121000000000000000e+03 -2.975077390670776367e+00
1.122000000000000000e+03 -2.962993144989013672e+00
1.123000000000000000e+03 -2.975471973419189453e+00
1.124000000000000000e+03 -2.979764461517333984e+00
1.125000000000000000e+03 -2.943801403045654297e+00
1.126000000000000000e+03 -2.962475776672363281e+00
1.127000000000000000e+03 -2.978221416473388672e+00
1.128000000000000000e+03 -3.020156860351562500e+00
1.129000000000000000e+03 -2.979566097259521484e+00
1.130000000000000000e+03 -3.020220041275024414e+00
1.131000000000000000e+03 -3.008010149002075195e+00
1.132000000000000000e+03 -2.984563827514648438e+00
1.133000000000000000e+03 -2.988247871398925781e+00
1.134000000000000000e+03 -2.980918645858764648e+00
1.135000000000000000e+03 -2.963882684707641602e+00
1.136000000000000000e+03 -2.994423151016235352e+00
1.137000000000000000e+03 -2.972040891647338867e+00
1.138000000000000000e+03 -3.023978710174560547e+00
1.139000000000000000e+03 -3.042783737182617188e+00
1.140000000000000000e+03 -2.973128795623779297e+00
1.141000000000000000e+03 -2.975339651107788086e+00
1.142000000000000000e+03 -2.985193729400634766e+00
1.143000000000000000e+03 -2.939583301544189453e+00
1.144000000000000000e+03 -2.940508842468261719e+00
1.145000000000000000e+03 -2.927633762359619141e+00
1.146000000000000000e+03 -2.911227941513061523e+00
1.147000000000000000e+03 -2.915603876113891602e+00
1.148000000000000000e+03 -2.986060619354248047e+00
1.149000000000000000e+03 -2.946724176406860352e+00
1.150000000000000000e+03 -2.972097873687744141e+00
1.151000000000000000e+03 -2.974510908126831055e+00
1.152000000000000000e+03 -2.941666603088378906e+00
1.153000000000000000e+03 -2.900519609451293945e+00
1.154000000000000000e+03 -2.927542686462402344e+00
1.155000000000000000e+03 -2.909112930297851562e+00
1.156000000000000000e+03 -2.903803825378417969e+00
1.157000000000000000e+03 -2.903335094451904297e+00
1.158000000000000000e+03 -2.898235797882080078e+00
1.159000000000000000e+03 -2.889412879943847656e+00
1.160000000000000000e+03 -2.932563781738281250e+00
1.161000000000000000e+03 -2.938249111175537109e+00
1.162000000000000000e+03 -2.958740472793579102e+00
1.163000000000000000e+03 -2.987813711166381836e+00
1.164000000000000000e+03 -2.982454299926757812e+00
1.165000000000000000e+03 -2.944102525711059570e+00
1.166000000000000000e+03 -2.979476928710937500e+00
1.167000000000000000e+03 -2.949574947357177734e+00
1.168000000000000000e+03 -2.940668582916259766e+00
1.169000000000000000e+03 -2.992328166961669922e+00
1.170000000000000000e+03 -2.943788528442382812e+00
1.171000000000000000e+03 -2.946377992630004883e+00
1.172000000000000000e+03 -2.979064941406250000e+00
1.173000000000000000e+03 -2.944810628890991211e+00
1.174000000000000000e+03 -2.979433774948120117e+00
1.175000000000000000e+03 -2.943475723266601562e+00
1.176000000000000000e+03 -3.012178182601928711e+00
1.177000000000000000e+03 -2.934329509735107422e+00
1.178000000000000000e+03 -2.995462179183959961e+00
1.179000000000000000e+03 -2.984477043151855469e+00
1.180000000000000000e+03 -2.949258327484130859e+00
1.181000000000000000e+03 -2.946208477020263672e+00
1.182000000000000000e+03 -2.932206153869628906e+00
1.183000000000000000e+03 -2.942078351974487305e+00
1.184000000000000000e+03 -2.940397739410400391e+00
1.185000000000000000e+03 -2.965279579162597656e+00
1.186000000000000000e+03 -2.917811870574951172e+00
1.187000000000000000e+03 -2.945509910583496094e+00
1.188000000000000000e+03 -2.902410984039306641e+00
1.189000000000000000e+03 -2.906811237335205078e+00
1.190000000000000000e+03 -2.886780261993408203e+00
1.191000000000000000e+03 -3.002087831497192383e+00
1.192000000000000000e+03 -2.971691131591796875e+00
1.193000000000000000e+03 -2.955280780792236328e+00
1.194000000000000000e+03 -2.944585800170898438e+00
1.195000000000000000e+03 -2.965290546417236328e+00
1.196000000000000000e+03 -2.988758802413940430e+00
1.197000000000000000e+03 -2.967836141586303711e+00
1.198000000000000000e+03 -2.968639135360717773e+00
1.199000000000000000e+03 -2.999447822570800781e+00
1.200000000000000000e+03 -2.982257366180419922e+00
1.201000000000000000e+03 -2.990032196044921875e+00
1.202000000000000000e+03 -2.972782135009765625e+00
1.203000000000000000e+03 -2.972795724868774414e+00
1.204000000000000000e+03 -3.000156641006469727e+00
1.205000000000000000e+03 -2.952142953872680664e+00
1.206000000000000000e+03 -2.965487957000732422e+00
1.207000000000000000e+03 -2.949102878570556641e+00
1.208000000000000000e+03 -2.972667694091796875e+00
1.209000000000000000e+03 -3.008203506469726562e+00
1.210000000000000000e+03 -3.036425828933715820e+00
1.211000000000000000e+03 -2.985947370529174805e+00
1.212000000000000000e+03 -2.970542430877685547e+00
1.213000000000000000e+03 -2.974265098571777344e+00
1.214000000000000000e+03 -3.021691799163818359e+00
1.215000000000000000e+03 -3.033911228179931641e+00
1.216000000000000000e+03 -3.034969806671142578e+00
1.217000000000000000e+03 -3.051622867584228516e+00
1.218000000000000000e+03 -3.004305362701416016e+00
1.219000000000000000e+03 -3.041737556457519531e+00
1.220000000000000000e+03 -3.050198793411254883e+00
1.221000000000000000e+03 -3.052399873733520508e+00
1.222000000000000000e+03 -3.091360330581665039e+00
1.223000000000000000e+03 -2.982470750808715820e+00
1.224000000000000000e+03 -3.026355981826782227e+00
1.225000000000000000e+03 -3.019195079803466797e+00
1.226000000000000000e+03 -3.049405574798583984e+00
1.227000000000000000e+03 -3.085443258285522461e+00
1.228000000000000000e+03 -3.059323549270629883e+00
1.229000000000000000e+03 -3.075074672698974609e+00
1.230000000000000000e+03 -3.059024333953857422e+00
1.231000000000000000e+03 -3.081529855728149414e+00
1.232000000000000000e+03 -3.077765703201293945e+00
1.233000000000000000e+03 -3.046787977218627930e+00
1.234000000000000000e+03 -3.108891725540161133e+00
1.235000000000000000e+03 -3.054444074630737305e+00
1.236000000000000000e+03 -3.046807765960693359e+00
1.237000000000000000e+03 -3.036090850830078125e+00
1.238000000000000000e+03 -3.030981779098510742e+00
1.239000000000000000e+03 -3.035576343536376953e+00
1.240000000000000000e+03 -2.975982904434204102e+00
1.241000000000000000e+03 -3.016843318939208984e+00
1.242000000000000000e+03 -3.006418704986572266e+00
1.243000000000000000e+03 -3.042946577072143555e+00
1.244000000000000000e+03 -3.012911319732666016e+00
1.245000000000000000e+03 -3.070610761642456055e+00
1.246000000000000000e+03 -3.055036544799804688e+00
1.247000000000000000e+03 -3.049545288085937500e+00
1.248000000000000000e+03 -3.042426824569702148e+00
1.249000000000000000e+03 -3.047149658203125000e+00
1.250000000000000000e+03 -3.035852193832397461e+00
1.251000000000000000e+03 -3.002615213394165039e+00
1.252000000000000000e+03 -3.029473781585693359e+00
1.253000000000000000e+03 -3.010903358459472656e+00
1.254000000000000000e+03 -3.007458925247192383e+00
1.255000000000000000e+03 -2.997839927673339844e+00
1.256000000000000000e+03 -2.972054958343505859e+00
1.257000000000000000e+03 -3.008109331130981445e+00
1.258000000000000000e+03 -2.998232364654541016e+00
1.259000000000000000e+03 -2.976241111755371094e+00
1.260000000000000000e+03 -2.994173526763916016e+00
1.261000000000000000e+03 -3.011820077896118164e+00
1.262000000000000000e+03 -3.046433448791503906e+00
1.263000000000000000e+03 -3.003162145614624023e+00
1.264000000000000000e+03 -3.020611763000488281e+00
1.265000000000000000e+03 -3.022908210754394531e+00
1.266000000000000000e+03 -2.997858762741088867e+00
1.267000000000000000e+03 -2.988057136535644531e+00
1.268000000000000000e+03 -3.011066675186157227e+00
1.269000000000000000e+03 -2.985542774200439453e+00
1.270000000000000000e+03 -3.007832288742065430e+00
1.271000000000000000e+03 -2.980930566787719727e+00
1.272000000000000000e+03 -3.020645141601562500e+00
1.273000000000000000e+03 -3.038585186004638672e+00
1.274000000000000000e+03 -3.022107362747192383e+00
1.275000000000000000e+03 -3.003505229949951172e+00
1.276000000000000000e+03 -3.003830671310424805e+00
1.277000000000000000e+03 -3.004447937011718750e+00
1.278000000000000000e+03 -2.952061653137207031e+00
1.279000000000000000e+03 -3.016227006912231445e+00
1.280000000000000000e+03 -2.985472917556762695e+00
1.281000000000000000e+03 -2.999054193496704102e+00
1.282000000000000000e+03 -2.972565889358520508e+00
1.283000000000000000e+03 -3.001785278320312500e+00
1.284000000000000000e+03 -3.024255514144897461e+00
1.285000000000000000e+03 -3.074753284454345703e+00
1.286000000000000000e+03 -3.062877178192138672e+00
1.287000000000000000e+03 -3.049215078353881836e+00
1.288000000000000000e+03 -3.055261611938476562e+00
1.289000000000000000e+03 -3.053316593170166016e+00
1.290000000000000000e+03 -3.002835035324096680e+00
1.291000000000000000e+03 -3.026157140731811523e+00
1.292000000000000000e+03 -3.038060188293457031e+00
1.293000000000000000e+03 -3.042188644409179688e+00
1.294000000000000000e+03 -3.063225030899047852e+00
1.295000000000000000e+03 -3.059806823730468750e+00
1.296000000000000000e+03 -3.052837371826171875e+00
1.297000000000000000e+03 -3.068197965621948242e+00
1.298000000000000000e+03 -3.028813838958740234e+00
1.299000000000000000e+03 -3.026762008666992188e+00
1.300000000000000000e+03 -3.046545028686523438e+00
1.301000000000000000e+03 -3.058995246887207031e+00
1.302000000000000000e+03 -2.985757589340209961e+00
1.303000000000000000e+03 -2.986981630325317383e+00
1.304000000000000000e+03 -2.979122161865234375e+00
1.305000000000000000e+03 -2.995402812957763672e+00
1.306000000000000000e+03 -2.959558486938476562e+00
1.307000000000000000e+03 -2.935052394866943359e+00
1.308000000000000000e+03 -2.908511161804199219e+00
1.309000000000000000e+03 -2.903728246688842773e+00
1.310000000000000000e+03 -2.928601980209350586e+00
1.311000000000000000e+03 -3.041471004486083984e+00
1.312000000000000000e+03 -2.990795612335205078e+00
1.313000000000000000e+03 -2.999830007553100586e+00
1.314000000000000000e+03 -2.983253240585327148e+00
1.315000000000000000e+03 -3.013623476028442383e+00
1.316000000000000000e+03 -3.026842355728149414e+00
1.317000000000000000e+03 -3.005839586257934570e+00
1.318000000000000000e+03 -3.007149934768676758e+00
1.319000000000000000e+03 -3.007407903671264648e+00
1.320000000000000000e+03 -2.983193159103393555e+00
1.321000000000000000e+03 -3.024080514907836914e+00
1.322000000000000000e+03 -3.013587713241577148e+00
1.323000000000000000e+03 -3.050171375274658203e+00
1.324000000000000000e+03 -3.006553649902343750e+00
1.325000000000000000e+03 -3.024739980697631836e+00
1.326000000000000000e+03 -2.992907524108886719e+00
1.327000000000000000e+03 -3.009245634078979492e+00
1.328000000000000000e+03 -2.987591743469238281e+00
1.329000000000000000e+03 -2.982474088668823242e+00
1.330000000000000000e+03 -2.980673313140869141e+00
1.331000000000000000e+03 -2.989438772201538086e+00
1.332000000000000000e+03 -2.961200475692749023e+00
1.333000000000000000e+03 -3.010546445846557617e+00
1.334000000000000000e+03 -2.964813947677612305e+00
1.335000000000000000e+03 -3.010811567306518555e+00
1.336000000000000000e+03 -2.977559089660644531e+00
1.337000000000000000e+03 -2.919569730758666992e+00
1.338000000000000000e+03 -2.943725824356079102e+00
1.339000000000000000e+03 -2.951378107070922852e+00
1.340000000000000000e+03 -2.974928140640258789e+00
1.341000000000000000e+03 -2.967260837554931641e+00
1.342000000000000000e+03 -2.958190202713012695e+00
1.343000000000000000e+03 -2.946027755737304688e+00
1.344000000000000000e+03 -2.947061538696289062e+00
1.345000000000000000e+03 -2.955251693725585938e+00
1.346000000000000000e+03 -2.962514877319335938e+00
1.347000000000000000e+03 -2.937693357467651367e+00
1.348000000000000000e+03 -2.953881740570068359e+00
1.349000000000000000e+03 -2.999710321426391602e+00
1.350000000000000000e+03 -2.939438343048095703e+00
1.351000000000000000e+03 -2.984465599060058594e+00
1.352000000000000000e+03 -2.975203990936279297e+00
1.353000000000000000e+03 -2.970868349075317383e+00
1.354000000000000000e+03 -2.953372716903686523e+00
1.355000000000000000e+03 -2.889375448226928711e+00
1.356000000000000000e+03 -2.924891471862792969e+00
1.357000000000000000e+03 -2.917001247406005859e+00
1.358000000000000000e+03 -2.930931091308593750e+00
1.359000000000000000e+03 -2.934523582458496094e+00
1.360000000000000000e+03 -2.949410438537597656e+00
1.361000000000000000e+03 -2.992985725402832031e+00
1.362000000000000000e+03 -3.028205633163452148e+00
1.363000000000000000e+03 -2.968783617019653320e+00
1.364000000000000000e+03 -2.995238065719604492e+00
1.365000000000000000e+03 -3.013447761535644531e+00
1.366000000000000000e+03 -2.993981599807739258e+00
1.367000000000000000e+03 -2.998177051544189453e+00
1.368000000000000000e+03 -3.005875825881958008e+00
1.369000000000000000e+03 -3.004927158355712891e+00
1.370000000000000000e+03 -2.968819618225097656e+00
1.371000000000000000e+03 -2.991771221160888672e+00
1.372000000000000000e+03 -2.985478162765502930e+00
1.373000000000000000e+03 -2.975079536437988281e+00
1.374000000000000000e+03 -3.011656522750854492e+00
1.375000000000000000e+03 -2.959773540496826172e+00
1.376000000000000000e+03 -2.988090753555297852e+00
1.377000000000000000e+03 -2.987518787384033203e+00
1.378000000000000000e+03 -2.986151695251464844e+00
1.379000000000000000e+03 -2.978153705596923828e+00
1.380000000000000000e+03 -3.024650812149047852e+00
1.381000000000000000e+03 -2.993972301483154297e+00
1.382000000000000000e+03 -3.002652168273925781e+00
1.383000000000000000e+03 -2.916364669799804688e+00
1.384000000000000000e+03 -2.955555200576782227e+00
1.385000000000000000e+03 -2.980268478393554688e+00
1.386000000000000000e+03 -2.977581024169921875e+00
1.387000000000000000e+03 -2.953925609588623047e+00
1.388000000000000000e+03 -3.004716157913208008e+00
1.389000000000000000e+03 -2.991580486297607422e+00
1.390000000000000000e+03 -3.039900302886962891e+00
1.391000000000000000e+03 -3.062796115875244141e+00
1.392000000000000000e+03 -2.996502399444580078e+00
1.393000000000000000e+03 -2.985531568527221680e+00
1.394000000000000000e+03 -3.032165527343750000e+00
1.395000000000000000e+03 -3.002848148345947266e+00
1.396000000000000000e+03 -3.018412113189697266e+00
1.397000000000000000e+03 -2.979750394821166992e+00
1.398000000000000000e+03 -3.034662246704101562e+00
1.399000000000000000e+03 -2.961472272872924805e+00
1.400000000000000000e+03 -3.038448095321655273e+00
1.401000000000000000e+03 -3.057335376739501953e+00
1.402000000000000000e+03 -3.072106838226318359e+00
1.403000000000000000e+03 -3.016941785812377930e+00
1.404000000000000000e+03 -3.035439729690551758e+00
1.405000000000000000e+03 -3.002080917358398438e+00
1.406000000000000000e+03 -3.039088010787963867e+00
1.407000000000000000e+03 -3.016261577606201172e+00
1.408000000000000000e+03 -3.012330293655395508e+00
1.409000000000000000e+03 -3.053025007247924805e+00
1.410000000000000000e+03 -3.013511419296264648e+00
1.411000000000000000e+03 -3.001164674758911133e+00
1.412000000000000000e+03 -3.034221649169921875e+00
1.413000000000000000e+03 -3.040112495422363281e+00
1.414000000000000000e+03 -3.046876192092895508e+00
1.415000000000000000e+03 -3.047099113464355469e+00
1.416000000000000000e+03 -3.051642656326293945e+00
1.417000000000000000e+03 -2.996487140655517578e+00
1.418000000000000000e+03 -3.050960540771484375e+00
1.419000000000000000e+03 -3.017270803451538086e+00
1.420000000000000000e+03 -2.989983081817626953e+00
1.421000000000000000e+03 -3.049004077911376953e+00
1.422000000000000000e+03 -2.979961872100830078e+00
1.423000000000000000e+03 -2.971950769424438477e+00
1.424000000000000000e+03 -3.035412073135375977e+00
1.425000000000000000e+03 -2.991623163223266602e+00
1.426000000000000000e+03 -3.019540071487426758e+00
1.427000000000000000e+03 -2.989201307296752930e+00
1.428000000000000000e+03 -3.011435031890869141e+00
1.429000000000000000e+03 -3.008122205734252930e+00
1.430000000000000000e+03 -2.987415313720703125e+00
1.431000000000000000e+03 -2.973598718643188477e+00
1.432000000000000000e+03 -3.002922058105468750e+00
1.433000000000000000e+03 -3.015525579452514648e+00
1.434000000000000000e+03 -2.976277112960815430e+00
1.435000000000000000e+03 -2.999985218048095703e+00
1.436000000000000000e+03 -2.998379468917846680e+00
1.437000000000000000e+03 -3.011639356613159180e+00
1.438000000000000000e+03 -2.986969709396362305e+00
1.439000000000000000e+03 -3.003341197967529297e+00
1.440000000000000000e+03 -2.980082273483276367e+00
1.441000000000000000e+03 -2.976814270019531250e+00
1.442000000000000000e+03 -3.006449460983276367e+00
1.443000000000000000e+03 -2.985702753067016602e+00
1.444000000000000000e+03 -3.047402143478393555e+00
1.445000000000000000e+03 -3.014803886413574219e+00
1.446000000000000000e+03 -3.019252061843872070e+00
1.447000000000000000e+03 -3.024674654006958008e+00
1.448000000000000000e+03 -3.036461353302001953e+00
1.449000000000000000e+03 -3.032584667205810547e+00
1.450000000000000000e+03 -3.001687526702880859e+00
1.451000000000000000e+03 -3.027688264846801758e+00
1.452000000000000000e+03 -3.057198524475097656e+00
1.453000000000000000e+03 -3.011501789093017578e+00
1.454000000000000000e+03 -2.984462499618530273e+00
1.455000000000000000e+03 -2.970058441162109375e+00
1.456000000000000000e+03 -2.964625358581542969e+00
1.457000000000000000e+03 -2.990152597427368164e+00
1.458000000000000000e+03 -2.992177486419677734e+00
1.459000000000000000e+03 -3.045146942138671875e+00
1.460000000000000000e+03 -3.028655529022216797e+00
1.461000000000000000e+03 -2.993771076202392578e+00
1.462000000000000000e+03 -3.038798809051513672e+00
1.463000000000000000e+03 -3.065423488616943359e+00
1.464000000000000000e+03 -3.058024644851684570e+00
1.465000000000000000e+03 -3.066149711608886719e+00
1.466000000000000000e+03 -3.052981853485107422e+00
1.467000000000000000e+03 -3.064475297927856445e+00
1.468000000000000000e+03 -3.057027578353881836e+00
1.469000000000000000e+03 -3.038079977035522461e+00
1.470000000000000000e+03 -3.037676334381103516e+00
1.471000000000000000e+03 -3.040836572647094727e+00
1.472000000000000000e+03 -3.068273782730102539e+00
1.473000000000000000e+03 -3.033439159393310547e+00
1.474000000000000000e+03 -3.055081844329833984e+00
1.475000000000000000e+03 -3.060246467590332031e+00
1.476000000000000000e+03 -3.014344453811645508e+00
1.477000000000000000e+03 -3.030261278152465820e+00
1.478000000000000000e+03 -3.027555227279663086e+00
1.479000000000000000e+03 -3.011485099792480469e+00
1.480000000000000000e+03 -3.001139402389526367e+00
1.481000000000000000e+03 -3.002892971038818359e+00
1.482000000000000000e+03 -3.047145605087280273e+00
1.483000000000000000e+03 -3.036965608596801758e+00
1.484000000000000000e+03 -3.022704839706420898e+00
1.485000000000000000e+03 -2.993941545486450195e+00
1.486000000000000000e+03 -3.042172670364379883e+00
1.487000000000000000e+03 -2.990642547607421875e+00
1.488000000000000000e+03 -2.992767095565795898e+00
1.489000000000000000e+03 -2.968186140060424805e+00
1.490000000000000000e+03 -2.956922054290771484e+00
1.491000000000000000e+03 -2.945708990097045898e+00
1.492000000000000000e+03 -2.972683668136596680e+00
1.493000000000000000e+03 -2.995219707489013672e+00
1.494000000000000000e+03 -2.985446453094482422e+00
1.495000000000000000e+03 -2.945108413696289062e+00
1.496000000000000000e+03 -3.034269332885742188e+00
1.497000000000000000e+03 -2.979740858078002930e+00
1.498000000000000000e+03 -2.975712537765502930e+00
1.499000000000000000e+03 -3.008276462554931641e+00
1.500000000000000000e+03 -2.985857009887695312e+00
1.501000000000000000e+03 -3.004796504974365234e+00
1.502000000000000000e+03 -3.016280412673950195e+00
1.503000000000000000e+03 -2.961466550827026367e+00
1.504000000000000000e+03 -2.948553562164306641e+00
1.505000000000000000e+03 -2.996610641479492188e+00
1.506000000000000000e+03 -3.009464502334594727e+00
1.507000000000000000e+03 -2.996623039245605469e+00
1.508000000000000000e+03 -2.986842393875122070e+00
1.509000000000000000e+03 -3.006515502929687500e+00
1.510000000000000000e+03 -2.956535339355468750e+00
1.511000000000000000e+03 -2.971141576766967773e+00
1.512000000000000000e+03 -2.949391603469848633e+00
1.513000000000000000e+03 -2.915386676788330078e+00
1.514000000000000000e+03 -2.974046230316162109e+00
1.515000000000000000e+03 -2.986406803131103516e+00
1.516000000000000000e+03 -3.006040573120117188e+00
1.517000000000000000e+03 -3.019916772842407227e+00
1.518000000000000000e+03 -3.005496740341186523e+00
1.519000000000000000e+03 -2.985983133316040039e+00
1.520000000000000000e+03 -3.006785631179809570e+00
1.521000000000000000e+03 -2.978158473968505859e+00
1.522000000000000000e+03 -2.995064496994018555e+00
1.523000000000000000e+03 -2.968595266342163086e+00
1.524000000000000000e+03 -2.990275144577026367e+00
1.525000000000000000e+03 -3.020145416259765625e+00
1.526000000000000000e+03 -3.005815982818603516e+00
1.527000000000000000e+03 -2.997940301895141602e+00
1.528000000000000000e+03 -2.936444759368896484e+00
1.529000000000000000e+03 -2.998342752456665039e+00
1.530000000000000000e+03 -2.994333744049072266e+00
1.531000000000000000e+03 -2.983033895492553711e+00
1.532000000000000000e+03 -2.968956470489501953e+00
1.533000000000000000e+03 -2.972677946090698242e+00
1.534000000000000000e+03 -2.974329710006713867e+00
1.535000000000000000e+03 -2.962343692779541016e+00
1.536000000000000000e+03 -2.961964607238769531e+00
1.537000000000000000e+03 -2.964180707931518555e+00
1.538000000000000000e+03 -3.002837657928466797e+00
1.539000000000000000e+03 -2.923587083816528320e+00
1.540000000000000000e+03 -2.903224468231201172e+00
1.541000000000000000e+03 -2.939082622528076172e+00
1.542000000000000000e+03 -2.993724107742309570e+00
1.543000000000000000e+03 -2.950268507003784180e+00
1.544000000000000000e+03 -2.914357900619506836e+00
1.545000000000000000e+03 -2.942595005035400391e+00
1.546000000000000000e+03 -2.943402290344238281e+00
1.547000000000000000e+03 -2.949213504791259766e+00
1.548000000000000000e+03 -2.925662994384765625e+00
1.549000000000000000e+03 -2.943433761596679688e+00
1.550000000000000000e+03 -2.982097625732421875e+00
1.551000000000000000e+03 -2.997525453567504883e+00
1.552000000000000000e+03 -2.979341030120849609e+00
1.553000000000000000e+03 -2.999690532684326172e+00
1.554000000000000000e+03 -2.979805946350097656e+00
1.555000000000000000e+03 -3.015675306320190430e+00
1.556000000000000000e+03 -3.014324665069580078e+00
1.557000000000000000e+03 -3.010018110275268555e+00
1.558000000000000000e+03 -2.998337984085083008e+00
1.559000000000000000e+03 -2.971324920654296875e+00
1.560000000000000000e+03 -2.998367309570312500e+00
1.561000000000000000e+03 -2.990516185760498047e+00
1.562000000000000000e+03 -2.987197875976562500e+00
1.563000000000000000e+03 -2.958105564117431641e+00
1.564000000000000000e+03 -3.009086847305297852e+00
1.565000000000000000e+03 -2.993779897689819336e+00
1.566000000000000000e+03 -3.034577131271362305e+00
1.567000000000000000e+03 -2.978044033050537109e+00
1.568000000000000000e+03 -3.053803920745849609e+00
1.569000000000000000e+03 -2.977675437927246094e+00
1.570000000000000000e+03 -3.029852151870727539e+00
1.571000000000000000e+03 -2.963298082351684570e+00
1.572000000000000000e+03 -2.989629507064819336e+00
1.573000000000000000e+03 -2.956715583801269531e+00
1.574000000000000000e+03 -2.977056503295898438e+00
1.575000000000000000e+03 -2.950258731842041016e+00
1.576000000000000000e+03 -2.973273277282714844e+00
1.577000000000000000e+03 -2.929335832595825195e+00
1.578000000000000000e+03 -2.923825740814208984e+00
1.579000000000000000e+03 -2.906072139739990234e+00
1.580000000000000000e+03 -2.921110391616821289e+00
1.581000000000000000e+03 -2.922239780426025391e+00
1.582000000000000000e+03 -2.911266326904296875e+00
1.583000000000000000e+03 -2.926515579223632812e+00
1.584000000000000000e+03 -2.927244186401367188e+00
1.585000000000000000e+03 -2.918055534362792969e+00
1.586000000000000000e+03 -2.949391365051269531e+00
1.587000000000000000e+03 -2.969256162643432617e+00
1.588000000000000000e+03 -2.944581031799316406e+00
1.589000000000000000e+03 -2.970027685165405273e+00
1.590000000000000000e+03 -2.951748847961425781e+00
1.591000000000000000e+03 -2.929749250411987305e+00
1.592000000000000000e+03 -2.891840696334838867e+00
1.593000000000000000e+03 -2.915713310241699219e+00
1.594000000000000000e+03 -2.953887939453125000e+00
1.595000000000000000e+03 -2.948704242706298828e+00
1.596000000000000000e+03 -2.934525966644287109e+00
1.597000000000000000e+03 -2.933922290802001953e+00
1.598000000000000000e+03 -2.904673576354980469e+00
1.599000000000000000e+03 -2.957762241363525391e+00
1.600000000000000000e+03 -2.923358678817749023e+00
1.601000000000000000e+03 -2.937403678894042969e+00
1.602000000000000000e+03 -2.945551872253417969e+00
1.603000000000000000e+03 -2.946246147155761719e+00
1.604000000000000000e+03 -2.972783565521240234e+00
1.605000000000000000e+03 -2.974485874176025391e+00
1.606000000000000000e+03 -2.952657699584960938e+00
1.607000000000000000e+03 -2.917388200759887695e+00
1.608000000000000000e+03 -2.922750234603881836e+00
1.609000000000000000e+03 -2.903514385223388672e+00
1.610000000000000000e+03 -2.930416345596313477e+00
1.611000000000000000e+03 -2.932714223861694336e+00
1.612000000000000000e+03 -2.918368816375732422e+00
1.613000000000000000e+03 -2.864902496337890625e+00
1.614000000000000000e+03 -2.864748477935791016e+00
1.615000000000000000e+03 -2.916649103164672852e+00
1.616000000000000000e+03 -2.890393733978271484e+00
1.617000000000000000e+03 -2.922962188720703125e+00
1.618000000000000000e+03 -2.912652492523193359e+00
1.619000000000000000e+03 -2.907568931579589844e+00
1.620000000000000000e+03 -2.883161306381225586e+00
1.621000000000000000e+03 -2.914891481399536133e+00
1.622000000000000000e+03 -2.905889511108398438e+00
1.623000000000000000e+03 -2.891725778579711914e+00
1.624000000000000000e+03 -2.876536846160888672e+00
1.625000000000000000e+03 -2.905602216720581055e+00
1.626000000000000000e+03 -2.911958932876586914e+00
1.627000000000000000e+03 -2.891875028610229492e+00
1.628000000000000000e+03 -2.900933742523193359e+00
1.629000000000000000e+03 -2.894837856292724609e+00
1.630000000000000000e+03 -2.933000564575195312e+00
1.631000000000000000e+03 -2.949644565582275391e+00
1.632000000000000000e+03 -2.928560018539428711e+00
1.633000000000000000e+03 -2.933811664581298828e+00
1.634000000000000000e+03 -2.924985885620117188e+00
1.635000000000000000e+03 -2.950173616409301758e+00
1.636000000000000000e+03 -2.914223909378051758e+00
1.637000000000000000e+03 -2.907075643539428711e+00
1.638000000000000000e+03 -2.929852962493896484e+00
1.639000000000000000e+03 -2.920582532882690430e+00
1.640000000000000000e+03 -2.908045768737792969e+00
1.641000000000000000e+03 -2.900074958801269531e+00
1.642000000000000000e+03 -2.884347677230834961e+00
1.643000000000000000e+03 -2.875353336334228516e+00
1.644000000000000000e+03 -2.926408767700195312e+00
1.645000000000000000e+03 -2.929651498794555664e+00
1.646000000000000000e+03 -2.896896839141845703e+00
1.647000000000000000e+03 -2.904940605163574219e+00
1.648000000000000000e+03 -2.912602424621582031e+00
1.649000000000000000e+03 -2.878390789031982422e+00
1.650000000000000000e+03 -2.874430418014526367e+00
1.651000000000000000e+03 -2.855952978134155273e+00
1.652000000000000000e+03 -2.829675674438476562e+00
1.653000000000000000e+03 -2.888430118560791016e+00
1.654000000000000000e+03 -2.869148731231689453e+00
1.655000000000000000e+03 -2.860306262969970703e+00
1.656000000000000000e+03 -2.891741514205932617e+00
1.657000000000000000e+03 -2.870817184448242188e+00
1.658000000000000000e+03 -2.876775264739990234e+00
1.659000000000000000e+03 -2.888656854629516602e+00
1.660000000000000000e+03 -2.911764144897460938e+00
1.661000000000000000e+03 -2.917117357254028320e+00
1.662000000000000000e+03 -2.899077177047729492e+00
1.663000000000000000e+03 -2.880152940750122070e+00
1.664000000000000000e+03 -2.867000102996826172e+00
1.665000000000000000e+03 -2.923513650894165039e+00
1.666000000000000000e+03 -2.839333295822143555e+00
1.667000000000000000e+03 -2.881739139556884766e+00
1.668000000000000000e+03 -2.879016399383544922e+00
1.669000000000000000e+03 -2.868110418319702148e+00
1.670000000000000000e+03 -2.873527288436889648e+00
1.671000000000000000e+03 -2.868884325027465820e+00
1.672000000000000000e+03 -2.861282348632812500e+00
1.673000000000000000e+03 -2.916830778121948242e+00
1.674000000000000000e+03 -2.891192674636840820e+00
1.675000000000000000e+03 -2.878547191619873047e+00
1.676000000000000000e+03 -2.860988616943359375e+00
1.677000000000000000e+03 -2.859019279479980469e+00
1.678000000000000000e+03 -2.875054359436035156e+00
1.679000000000000000e+03 -2.868443727493286133e+00
1.680000000000000000e+03 -2.893362522125244141e+00
1.681000000000000000e+03 -2.842092275619506836e+00
1.682000000000000000e+03 -2.835256814956665039e+00
1.683000000000000000e+03 -2.806657791137695312e+00
1.684000000000000000e+03 -2.804095506668090820e+00
1.685000000000000000e+03 -2.816366195678710938e+00
1.686000000000000000e+03 -2.864473819732666016e+00
1.687000000000000000e+03 -2.860845804214477539e+00
1.688000000000000000e+03 -2.834880352020263672e+00
1.689000000000000000e+03 -2.879452228546142578e+00
1.690000000000000000e+03 -2.898918151855468750e+00
1.691000000000000000e+03 -2.867525577545166016e+00
1.692000000000000000e+03 -2.878665208816528320e+00
1.693000000000000000e+03 -2.880595445632934570e+00
1.694000000000000000e+03 -2.945788621902465820e+00
1.695000000000000000e+03 -2.935906887054443359e+00
1.696000000000000000e+03 -2.906022310256958008e+00
1.697000000000000000e+03 -2.931469440460205078e+00
1.698000000000000000e+03 -2.925524711608886719e+00
1.699000000000000000e+03 -2.912050247192382812e+00
1.700000000000000000e+03 -2.912659645080566406e+00
1.701000000000000000e+03 -2.878545284271240234e+00
1.702000000000000000e+03 -2.900236606597900391e+00
1.703000000000000000e+03 -2.910761833190917969e+00
1.704000000000000000e+03 -2.864091873168945312e+00
1.705000000000000000e+03 -2.852073192596435547e+00
1.706000000000000000e+03 -2.847763538360595703e+00
1.707000000000000000e+03 -2.839995861053466797e+00
1.708000000000000000e+03 -2.812383174896240234e+00
1.709000000000000000e+03 -2.856749057769775391e+00
1.710000000000000000e+03 -2.828011274337768555e+00
1.711000000000000000e+03 -2.894811630249023438e+00
1.712000000000000000e+03 -2.914658069610595703e+00
1.713000000000000000e+03 -2.935027837753295898e+00
1.714000000000000000e+03 -2.934036493301391602e+00
1.715000000000000000e+03 -2.906995534896850586e+00
1.716000000000000000e+03 -2.914350032806396484e+00
1.717000000000000000e+03 -2.889255285263061523e+00
1.718000000000000000e+03 -2.901955842971801758e+00
1.719000000000000000e+03 -2.946162462234497070e+00
1.720000000000000000e+03 -2.966831684112548828e+00
1.721000000000000000e+03 -2.950513601303100586e+00
1.722000000000000000e+03 -2.901615142822265625e+00
1.723000000000000000e+03 -2.957807302474975586e+00
1.724000000000000000e+03 -2.929917335510253906e+00
1.725000000000000000e+03 -2.936392784118652344e+00
1.726000000000000000e+03 -2.871953725814819336e+00
1.727000000000000000e+03 -2.927795886993408203e+00
1.728000000000000000e+03 -2.921082735061645508e+00
1.729000000000000000e+03 -2.948562860488891602e+00
1.730000000000000000e+03 -2.935491323471069336e+00
1.731000000000000000e+03 -2.919500112533569336e+00
1.732000000000000000e+03 -2.943655490875244141e+00
1.733000000000000000e+03 -2.920743227005004883e+00
1.734000000000000000e+03 -2.939413309097290039e+00
1.735000000000000000e+03 -2.918782949447631836e+00
1.736000000000000000e+03 -2.872874975204467773e+00
1.737000000000000000e+03 -2.909485816955566406e+00
1.738000000000000000e+03 -2.911026239395141602e+00
1.739000000000000000e+03 -2.912244319915771484e+00
1.740000000000000000e+03 -2.956280469894409180e+00
1.741000000000000000e+03 -2.941130638122558594e+00
1.742000000000000000e+03 -2.938874244689941406e+00
1.743000000000000000e+03 -2.891721487045288086e+00
1.744000000000000000e+03 -2.882332563400268555e+00
1.745000000000000000e+03 -2.899376392364501953e+00
1.746000000000000000e+03 -2.941964387893676758e+00
1.747000000000000000e+03 -2.924420118331909180e+00
1.748000000000000000e+03 -2.901692628860473633e+00
1.749000000000000000e+03 -2.873631000518798828e+00
1.750000000000000000e+03 -2.889688968658447266e+00
1.751000000000000000e+03 -2.858754396438598633e+00
1.752000000000000000e+03 -2.848506927490234375e+00
1.753000000000000000e+03 -2.922351837158203125e+00
1.754000000000000000e+03 -2.876838207244873047e+00
1.755000000000000000e+03 -2.852450847625732422e+00
1.756000000000000000e+03 -2.866249799728393555e+00
1.757000000000000000e+03 -2.894574880599975586e+00
1.758000000000000000e+03 -2.858039855957031250e+00
1.759000000000000000e+03 -2.869701147079467773e+00
1.760000000000000000e+03 -2.894321918487548828e+00
1.761000000000000000e+03 -2.880765438079833984e+00
1.762000000000000000e+03 -2.885431051254272461e+00
1.763000000000000000e+03 -2.854372501373291016e+00
1.764000000000000000e+03 -2.871802330017089844e+00
1.765000000000000000e+03 -2.924308538436889648e+00
1.766000000000000000e+03 -2.909377098083496094e+00
1.767000000000000000e+03 -2.915660619735717773e+00
1.768000000000000000e+03 -2.902765274047851562e+00
1.769000000000000000e+03 -2.876260995864868164e+00
1.770000000000000000e+03 -2.893302679061889648e+00
1.771000000000000000e+03 -2.858844280242919922e+00
1.772000000000000000e+03 -2.871857643127441406e+00
1.773000000000000000e+03 -2.894082307815551758e+00
1.774000000000000000e+03 -2.909382581710815430e+00
1.775000000000000000e+03 -2.932645082473754883e+00
1.776000000000000000e+03 -2.906802892684936523e+00
1.777000000000000000e+03 -2.919589519500732422e+00
1.778000000000000000e+03 -2.955944776535034180e+00
1.779000000000000000e+03 -2.945145845413208008e+00
1.780000000000000000e+03 -2.960251331329345703e+00
1.781000000000000000e+03 -2.931591272354125977e+00
1.782000000000000000e+03 -2.961125135421752930e+00
1.783000000000000000e+03 -2.950139999389648438e+00
1.784000000000000000e+03 -2.947777986526489258e+00
1.785000000000000000e+03 -2.958245277404785156e+00
1.786000000000000000e+03 -2.957050800323486328e+00
1.787000000000000000e+03 -2.952832937240600586e+00
1.788000000000000000e+03 -2.915367603302001953e+00
1.789000000000000000e+03 -2.937025785446166992e+00
1.790000000000000000e+03 -2.928161382675170898e+00
1.791000000000000000e+03 -2.979250431060791016e+00
1.792000000000000000e+03 -2.947273015975952148e+00
1.793000000000000000e+03 -2.905867338180541992e+00
1.794000000000000000e+03 -2.965544462203979492e+00
1.795000000000000000e+03 -2.947188615798950195e+00
1.796000000000000000e+03 -2.978298664093017578e+00
1.797000000000000000e+03 -2.959285497665405273e+00
1.798000000000000000e+03 -2.999544143676757812e+00
1.799000000000000000e+03 -2.967806339263916016e+00
1.800000000000000000e+03 -2.955194950103759766e+00
1.801000000000000000e+03 -2.994926452636718750e+00
1.802000000000000000e+03 -3.015528678894042969e+00
1.803000000000000000e+03 -2.973342657089233398e+00
1.804000000000000000e+03 -2.972075223922729492e+00
1.805000000000000000e+03 -2.956181764602661133e+00
1.806000000000000000e+03 -2.946220874786376953e+00
1.807000000000000000e+03 -2.960436820983886719e+00
1.808000000000000000e+03 -2.942361831665039062e+00
1.809000000000000000e+03 -2.880532264709472656e+00
1.810000000000000000e+03 -2.914458751678466797e+00
1.811000000000000000e+03 -2.901635169982910156e+00
1.812000000000000000e+03 -2.887142419815063477e+00
1.813000000000000000e+03 -2.914665937423706055e+00
1.814000000000000000e+03 -2.979599952697753906e+00
1.815000000000000000e+03 -2.939017057418823242e+00
1.816000000000000000e+03 -2.958246231079101562e+00
1.817000000000000000e+03 -2.953553676605224609e+00
1.818000000000000000e+03 -2.979455471038818359e+00
1.819000000000000000e+03 -2.952843666076660156e+00
1.820000000000000000e+03 -2.927933454513549805e+00
1.821000000000000000e+03 -2.946484804153442383e+00
1.822000000000000000e+03 -2.940843343734741211e+00
1.823000000000000000e+03 -2.975439548492431641e+00
1.824000000000000000e+03 -2.970577478408813477e+00
1.825000000000000000e+03 -2.945959806442260742e+00
1.826000000000000000e+03 -2.934995651245117188e+00
1.827000000000000000e+03 -2.948411464691162109e+00
1.828000000000000000e+03 -2.906594991683959961e+00
1.829000000000000000e+03 -2.908772468566894531e+00
1.830000000000000000e+03 -2.954733610153198242e+00
1.831000000000000000e+03 -2.978417873382568359e+00
1.832000000000000000e+03 -2.905547618865966797e+00
1.833000000000000000e+03 -2.897996187210083008e+00
1.834000000000000000e+03 -2.948320627212524414e+00
1.835000000000000000e+03 -2.954631090164184570e+00
1.836000000000000000e+03 -2.957682847976684570e+00
1.837000000000000000e+03 -2.949913501739501953e+00
1.838000000000000000e+03 -2.950469255447387695e+00
1.839000000000000000e+03 -3.000319004058837891e+00
1.840000000000000000e+03 -2.978444099426269531e+00
1.841000000000000000e+03 -2.984766483306884766e+00
1.842000000000000000e+03 -2.953628778457641602e+00
1.843000000000000000e+03 -2.958520412445068359e+00
1.844000000000000000e+03 -2.937980651855468750e+00
1.845000000000000000e+03 -2.972292184829711914e+00
1.846000000000000000e+03 -2.969992876052856445e+00
1.847000000000000000e+03 -2.930449247360229492e+00
1.848000000000000000e+03 -2.946955919265747070e+00
1.849000000000000000e+03 -2.972829818725585938e+00
1.850000000000000000e+03 -2.986768484115600586e+00
1.851000000000000000e+03 -3.003698110580444336e+00
1.852000000000000000e+03 -2.965834856033325195e+00
1.853000000000000000e+03 -2.978565454483032227e+00
1.854000000000000000e+03 -2.935814857482910156e+00
1.855000000000000000e+03 -2.932121753692626953e+00
1.856000000000000000e+03 -2.875339746475219727e+00
1.857000000000000000e+03 -2.993040084838867188e+00
1.858000000000000000e+03 -3.016250610351562500e+00
1.859000000000000000e+03 -2.960981845855712891e+00
1.860000000000000000e+03 -2.962966442108154297e+00
1.861000000000000000e+03 -3.033173561096191406e+00
1.862000000000000000e+03 -3.030573368072509766e+00
1.863000000000000000e+03 -3.005898475646972656e+00
1.864000000000000000e+03 -3.014479637145996094e+00
1.865000000000000000e+03 -2.983240842819213867e+00
1.866000000000000000e+03 -2.994710445404052734e+00
1.867000000000000000e+03 -2.974915742874145508e+00
1.868000000000000000e+03 -2.990991353988647461e+00
1.869000000000000000e+03 -3.002411127090454102e+00
1.870000000000000000e+03 -2.959783792495727539e+00
1.871000000000000000e+03 -2.993873119354248047e+00
1.872000000000000000e+03 -2.988154649734497070e+00
1.873000000000000000e+03 -2.994467973709106445e+00
1.874000000000000000e+03 -2.991115331649780273e+00
1.875000000000000000e+03 -2.963116645812988281e+00
1.876000000000000000e+03 -2.976354122161865234e+00
1.877000000000000000e+03 -3.002550601959228516e+00
1.878000000000000000e+03 -3.014666080474853516e+00
1.879000000000000000e+03 -3.034113168716430664e+00
1.880000000000000000e+03 -3.004754543304443359e+00
1.881000000000000000e+03 -3.004016399383544922e+00
1.882000000000000000e+03 -2.977905035018920898e+00
1.883000000000000000e+03 -2.989472866058349609e+00
1.884000000000000000e+03 -2.954443216323852539e+00
1.885000000000000000e+03 -2.960482835769653320e+00
1.886000000000000000e+03 -2.961046218872070312e+00
1.887000000000000000e+03 -2.979862928390502930e+00
1.888000000000000000e+03 -3.001211166381835938e+00
1.889000000000000000e+03 -2.977079868316650391e+00
1.890000000000000000e+03 -2.971867561340332031e+00
1.891000000000000000e+03 -2.947385072708129883e+00
1.892000000000000000e+03 -2.970632076263427734e+00
1.893000000000000000e+03 -2.962881088256835938e+00
1.894000000000000000e+03 -2.910449743270874023e+00
1.895000000000000000e+03 -2.956267118453979492e+00
1.896000000000000000e+03 -2.974220752716064453e+00
1.897000000000000000e+03 -2.983635902404785156e+00
1.898000000000000000e+03 -2.955778598785400391e+00
1.899000000000000000e+03 -2.998740673065185547e+00
1.900000000000000000e+03 -2.979050159454345703e+00
1.901000000000000000e+03 -2.911824226379394531e+00
1.902000000000000000e+03 -2.949866294860839844e+00
1.903000000000000000e+03 -2.911736488342285156e+00
1.904000000000000000e+03 -2.988335609436035156e+00
1.905000000000000000e+03 -2.975548505783081055e+00
1.906000000000000000e+03 -3.034205436706542969e+00
1.907000000000000000e+03 -2.948813676834106445e+00
1.908000000000000000e+03 -3.037165164947509766e+00
1.909000000000000000e+03 -3.022778511047363281e+00
1.910000000000000000e+03 -3.025371313095092773e+00
1.911000000000000000e+03 -3.007058620452880859e+00
1.912000000000000000e+03 -3.034853219985961914e+00
1.913000000000000000e+03 -3.012292861938476562e+00
1.914000000000000000e+03 -3.025247335433959961e+00
1.915000000000000000e+03 -3.034491777420043945e+00
1.916000000000000000e+03 -3.015113115310668945e+00
1.917000000000000000e+03 -3.011033535003662109e+00
1.918000000000000000e+03 -3.003716707229614258e+00
1.919000000000000000e+03 -3.022434949874877930e+00
1.920000000000000000e+03 -3.031792879104614258e+00
1.921000000000000000e+03 -2.985347986221313477e+00
1.922000000000000000e+03 -2.947538852691650391e+00
1.923000000000000000e+03 -2.985981941223144531e+00
1.924000000000000000e+03 -2.987018585205078125e+00
1.925000000000000000e+03 -2.970131874084472656e+00
1.926000000000000000e+03 -2.944858074188232422e+00
1.927000000000000000e+03 -2.945728778839111328e+00
1.928000000000000000e+03 -2.920474052429199219e+00
1.929000000000000000e+03 -2.954344272613525391e+00
1.930000000000000000e+03 -2.970394372940063477e+00
1.931000000000000000e+03 -2.949755191802978516e+00
1.932000000000000000e+03 -2.946268558502197266e+00
1.933000000000000000e+03 -2.916293621063232422e+00
1.934000000000000000e+03 -2.887227058410644531e+00
1.935000000000000000e+03 -2.954524993896484375e+00
1.936000000000000000e+03 -2.951162576675415039e+00
1.937000000000000000e+03 -2.945932865142822266e+00
1.938000000000000000e+03 -2.907565832138061523e+00
1.939000000000000000e+03 -2.932689905166625977e+00
1.940000000000000000e+03 -2.922953367233276367e+00
1.941000000000000000e+03 -2.958358287811279297e+00
1.942000000000000000e+03 -2.952207565307617188e+00
1.943000000000000000e+03 -2.956763744354248047e+00
1.944000000000000000e+03 -2.978377580642700195e+00
1.945000000000000000e+03 -2.952226161956787109e+00
1.946000000000000000e+03 -2.977329730987548828e+00
1.947000000000000000e+03 -3.009222030639648438e+00
1.948000000000000000e+03 -2.974501848220825195e+00
1.949000000000000000e+03 -2.952705621719360352e+00
1.950000000000000000e+03 -2.973813056945800781e+00
1.951000000000000000e+03 -3.028215885162353516e+00
1.952000000000000000e+03 -3.014541625976562500e+00
1.953000000000000000e+03 -3.010152101516723633e+00
1.954000000000000000e+03 -2.944843769073486328e+00
1.955000000000000000e+03 -2.929161548614501953e+00
1.956000000000000000e+03 -3.024998426437377930e+00
1.957000000000000000e+03 -3.012854099273681641e+00
1.958000000000000000e+03 -2.962836742401123047e+00
1.959000000000000000e+03 -2.978168010711669922e+00
1.960000000000000000e+03 -3.003723621368408203e+00
1.961000000000000000e+03 -2.974350690841674805e+00
1.962000000000000000e+03 -2.941335201263427734e+00
1.963000000000000000e+03 -2.920527219772338867e+00
1.964000000000000000e+03 -2.952084779739379883e+00
1.965000000000000000e+03 -2.972746133804321289e+00
1.966000000000000000e+03 -2.966067075729370117e+00
1.967000000000000000e+03 -2.951814651489257812e+00
1.968000000000000000e+03 -2.944271802902221680e+00
1.969000000000000000e+03 -2.946401357650756836e+00
1.970000000000000000e+03 -2.957503557205200195e+00
1.971000000000000000e+03 -2.951445341110229492e+00
1.972000000000000000e+03 -2.957118511199951172e+00
1.973000000000000000e+03 -2.932319879531860352e+00
1.974000000000000000e+03 -2.906203985214233398e+00
1.975000000000000000e+03 -2.925534248352050781e+00
1.976000000000000000e+03 -2.929978132247924805e+00
1.977000000000000000e+03 -2.904787302017211914e+00
1.978000000000000000e+03 -2.976141691207885742e+00
1.979000000000000000e+03 -2.918129205703735352e+00
1.980000000000000000e+03 -2.884262323379516602e+00
1.981000000000000000e+03 -2.966249465942382812e+00
1.982000000000000000e+03 -2.977708101272583008e+00
1.983000000000000000e+03 -2.963879585266113281e+00
1.984000000000000000e+03 -2.974275588989257812e+00
1.985000000000000000e+03 -2.945488452911376953e+00
1.986000000000000000e+03 -2.938497543334960938e+00
1.987000000000000000e+03 -2.949987649917602539e+00
1.988000000000000000e+03 -2.949268341064453125e+00
1.989000000000000000e+03 -2.970283508300781250e+00
1.990000000000000000e+03 -2.968344211578369141e+00
1.991000000000000000e+03 -3.002051353454589844e+00
1.992000000000000000e+03 -2.969725608825683594e+00
1.993000000000000000e+03 -2.984624147415161133e+00
1.994000000000000000e+03 -2.926723480224609375e+00
1.995000000000000000e+03 -2.948948860168457031e+00
1.996000000000000000e+03 -2.948426723480224609e+00
1.997000000000000000e+03 -2.967828512191772461e+00
1.998000000000000000e+03 -2.956028461456298828e+00
1.999000000000000000e+03 -2.984891414642333984e+00
2.000000000000000000e+03 -2.960779428482055664e+00
2.001000000000000000e+03 -2.930230379104614258e+00
2.002000000000000000e+03 -2.953878641128540039e+00
2.003000000000000000e+03 -2.943929672241210938e+00
2.004000000000000000e+03 -2.961390495300292969e+00
2.005000000000000000e+03 -2.931371927261352539e+00
2.006000000000000000e+03 -2.948101997375488281e+00
2.007000000000000000e+03 -2.939279079437255859e+00
2.008000000000000000e+03 -2.970765590667724609e+00
2.009000000000000000e+03 -2.938357353210449219e+00
2.010000000000000000e+03 -2.960981369018554688e+00
2.011000000000000000e+03 -2.875791311264038086e+00
2.012000000000000000e+03 -2.924866914749145508e+00
2.013000000000000000e+03 -2.913446903228759766e+00
2.014000000000000000e+03 -2.896158218383789062e+00
2.015000000000000000e+03 -2.866145849227905273e+00
2.016000000000000000e+03 -2.890580654144287109e+00
2.017000000000000000e+03 -2.953353643417358398e+00
2.018000000000000000e+03 -2.885507345199584961e+00
2.019000000000000000e+03 -2.867604255676269531e+00
2.020000000000000000e+03 -2.866354942321777344e+00
2.021000000000000000e+03 -2.944293022155761719e+00
2.022000000000000000e+03 -2.927680015563964844e+00
2.023000000000000000e+03 -2.902783393859863281e+00
2.024000000000000000e+03 -2.938106775283813477e+00
2.025000000000000000e+03 -2.938025236129760742e+00
2.026000000000000000e+03 -2.928061723709106445e+00
2.027000000000000000e+03 -2.923814773559570312e+00
2.028000000000000000e+03 -2.914546251296997070e+00
2.029000000000000000e+03 -2.943943500518798828e+00
2.030000000000000000e+03 -2.903347253799438477e+00
2.031000000000000000e+03 -2.935818672180175781e+00
2.032000000000000000e+03 -2.953370809555053711e+00
2.033000000000000000e+03 -2.984164714813232422e+00
2.034000000000000000e+03 -2.951447010040283203e+00
2.035000000000000000e+03 -2.923557996749877930e+00
2.036000000000000000e+03 -2.962353467941284180e+00
2.037000000000000000e+03 -2.946087360382080078e+00
2.038000000000000000e+03 -2.952796697616577148e+00
2.039000000000000000e+03 -2.950793266296386719e+00
2.040000000000000000e+03 -2.926804065704345703e+00
2.041000000000000000e+03 -2.964807271957397461e+00
2.042000000000000000e+03 -2.946175336837768555e+00
2.043000000000000000e+03 -2.933602333068847656e+00
2.044000000000000000e+03 -2.932800769805908203e+00
2.045000000000000000e+03 -2.933898448944091797e+00
2.046000000000000000e+03 -2.956004381179809570e+00
2.047000000000000000e+03 -2.976081848144531250e+00
2.048000000000000000e+03 -2.978678703308105469e+00
2.049000000000000000e+03 -2.968652963638305664e+00
2.050000000000000000e+03 -2.964141130447387695e+00
2.051000000000000000e+03 -2.922711372375488281e+00
2.052000000000000000e+03 -2.953436851501464844e+00
2.053000000000000000e+03 -2.902593374252319336e+00
2.054000000000000000e+03 -2.930976390838623047e+00
2.055000000000000000e+03 -2.951615333557128906e+00
2.056000000000000000e+03 -2.941114664077758789e+00
2.057000000000000000e+03 -2.946435689926147461e+00
2.058000000000000000e+03 -2.937673568725585938e+00
2.059000000000000000e+03 -2.945249557495117188e+00
2.060000000000000000e+03 -2.952402591705322266e+00
2.061000000000000000e+03 -2.952247142791748047e+00
2.062000000000000000e+03 -2.948305368423461914e+00
2.063000000000000000e+03 -2.970865964889526367e+00
2.064000000000000000e+03 -2.975183486938476562e+00
2.065000000000000000e+03 -2.973066568374633789e+00
2.066000000000000000e+03 -2.969351768493652344e+00
2.067000000000000000e+03 -2.938099861145019531e+00
2.068000000000000000e+03 -2.987703561782836914e+00
2.069000000000000000e+03 -2.979127645492553711e+00
2.070000000000000000e+03 -2.932249307632446289e+00
2.071000000000000000e+03 -2.959286451339721680e+00
2.072000000000000000e+03 -3.006954908370971680e+00
2.073000000000000000e+03 -3.002477884292602539e+00
2.074000000000000000e+03 -3.002513647079467773e+00
2.075000000000000000e+03 -2.995514869689941406e+00
2.076000000000000000e+03 -3.031764507293701172e+00
2.077000000000000000e+03 -3.011760950088500977e+00
2.078000000000000000e+03 -3.025849580764770508e+00
2.079000000000000000e+03 -2.995973110198974609e+00
2.080000000000000000e+03 -3.012741565704345703e+00
2.081000000000000000e+03 -2.973395347595214844e+00
2.082000000000000000e+03 -2.984084844589233398e+00
2.083000000000000000e+03 -3.013777494430541992e+00
2.084000000000000000e+03 -3.045627593994140625e+00
2.085000000000000000e+03 -2.998360157012939453e+00
2.086000000000000000e+03 -3.027761459350585938e+00
2.087000000000000000e+03 -3.020170927047729492e+00
2.088000000000000000e+03 -3.022815942764282227e+00
2.089000000000000000e+03 -2.999552726745605469e+00
2.090000000000000000e+03 -3.018347740173339844e+00
2.091000000000000000e+03 -3.058858871459960938e+00
2.092000000000000000e+03 -3.082731008529663086e+00
2.093000000000000000e+03 -3.033012390136718750e+00
2.094000000000000000e+03 -3.026334524154663086e+00
2.095000000000000000e+03 -3.029385566711425781e+00
2.096000000000000000e+03 -3.005386114120483398e+00
2.097000000000000000e+03 -3.013610124588012695e+00
2.098000000000000000e+03 -2.979091167449951172e+00
2.099000000000000000e+03 -2.972479104995727539e+00
2.100000000000000000e+03 -2.983879327774047852e+00
2.101000000000000000e+03 -3.016920804977416992e+00
2.102000000000000000e+03 -3.039750099182128906e+00
2.103000000000000000e+03 -3.090789318084716797e+00
2.104000000000000000e+03 -3.064055919647216797e+00
2.105000000000000000e+03 -3.035610437393188477e+00
2.106000000000000000e+03 -3.050808668136596680e+00
2.107000000000000000e+03 -3.022762537002563477e+00
2.108000000000000000e+03 -2.999739408493041992e+00
2.109000000000000000e+03 -3.020778417587280273e+00
2.110000000000000000e+03 -3.020663022994995117e+00
2.111000000000000000e+03 -3.037046194076538086e+00
2.112000000000000000e+03 -3.022904396057128906e+00
2.113000000000000000e+03 -3.032982587814331055e+00
2.114000000000000000e+03 -2.973265409469604492e+00
2.115000000000000000e+03 -2.982750177383422852e+00
2.116000000000000000e+03 -2.989360570907592773e+00
2.117000000000000000e+03 -2.945749282836914062e+00
2.118000000000000000e+03 -2.949960708618164062e+00
2.119000000000000000e+03 -2.987242698669433594e+00
2.120000000000000000e+03 -2.972283840179443359e+00
2.121000000000000000e+03 -2.943597078323364258e+00
2.122000000000000000e+03 -2.987689256668090820e+00
2.123000000000000000e+03 -2.995016336441040039e+00
2.124000000000000000e+03 -3.005346059799194336e+00
2.125000000000000000e+03 -2.964619636535644531e+00
2.126000000000000000e+03 -3.007626533508300781e+00
2.127000000000000000e+03 -2.952123641967773438e+00
2.128000000000000000e+03 -2.980712413787841797e+00
2.129000000000000000e+03 -3.003367662429809570e+00
2.130000000000000000e+03 -2.983195066452026367e+00
2.131000000000000000e+03 -2.934011459350585938e+00
2.132000000000000000e+03 -2.972174406051635742e+00
2.133000000000000000e+03 -2.984599113464355469e+00
2.134000000000000000e+03 -2.975606203079223633e+00
2.135000000000000000e+03 -2.984678983688354492e+00
2.136000000000000000e+03 -2.942393302917480469e+00
2.137000000000000000e+03 -2.984023571014404297e+00
2.138000000000000000e+03 -2.923164367675781250e+00
2.139000000000000000e+03 -2.954065561294555664e+00
2.140000000000000000e+03 -2.944836854934692383e+00
2.141000000000000000e+03 -2.948228836059570312e+00
2.142000000000000000e+03 -2.960664272308349609e+00
2.143000000000000000e+03 -2.951051235198974609e+00
2.144000000000000000e+03 -2.951638698577880859e+00
2.145000000000000000e+03 -2.954214334487915039e+00
2.146000000000000000e+03 -2.965688228607177734e+00
2.147000000000000000e+03 -3.015088081359863281e+00
2.148000000000000000e+03 -2.949472904205322266e+00
2.149000000000000000e+03 -2.945685386657714844e+00
2.150000000000000000e+03 -2.911124944686889648e+00
2.151000000000000000e+03 -2.866038799285888672e+00
2.152000000000000000e+03 -2.869965553283691406e+00
2.153000000000000000e+03 -2.904117107391357422e+00
2.154000000000000000e+03 -2.909625530242919922e+00
2.155000000000000000e+03 -2.904249906539916992e+00
2.156000000000000000e+03 -2.902705430984497070e+00
2.157000000000000000e+03 -2.882741689682006836e+00
2.158000000000000000e+03 -2.879481792449951172e+00
2.159000000000000000e+03 -2.887149810791015625e+00
2.160000000000000000e+03 -2.870420217514038086e+00
2.161000000000000000e+03 -2.882638454437255859e+00
2.162000000000000000e+03 -2.906245231628417969e+00
2.163000000000000000e+03 -2.913978576660156250e+00
2.164000000000000000e+03 -2.885003805160522461e+00
2.165000000000000000e+03 -2.922255992889404297e+00
2.166000000000000000e+03 -2.912510871887207031e+00
2.167000000000000000e+03 -2.941773414611816406e+00
2.168000000000000000e+03 -2.957832336425781250e+00
2.169000000000000000e+03 -2.973896265029907227e+00
2.170000000000000000e+03 -2.963330984115600586e+00
2.171000000000000000e+03 -2.945242643356323242e+00
2.172000000000000000e+03 -2.948271512985229492e+00
2.173000000000000000e+03 -2.943936109542846680e+00
2.174000000000000000e+03 -2.946884155273437500e+00
2.175000000000000000e+03 -2.934875726699829102e+00
2.176000000000000000e+03 -2.899030685424804688e+00
2.177000000000000000e+03 -2.918867588043212891e+00
2.178000000000000000e+03 -2.937854051589965820e+00
2.179000000000000000e+03 -2.937121868133544922e+00
2.180000000000000000e+03 -2.955983400344848633e+00
2.181000000000000000e+03 -2.934970617294311523e+00
2.182000000000000000e+03 -2.960723161697387695e+00
2.183000000000000000e+03 -2.909841537475585938e+00
2.184000000000000000e+03 -2.906751871109008789e+00
2.185000000000000000e+03 -2.926329612731933594e+00
2.186000000000000000e+03 -2.923533916473388672e+00
2.187000000000000000e+03 -2.936189413070678711e+00
2.188000000000000000e+03 -2.931863307952880859e+00
2.189000000000000000e+03 -2.950606107711791992e+00
2.190000000000000000e+03 -2.888971567153930664e+00
2.191000000000000000e+03 -2.882987976074218750e+00
2.192000000000000000e+03 -2.862109422683715820e+00
2.193000000000000000e+03 -2.933013916015625000e+00
2.194000000000000000e+03 -2.935353994369506836e+00
2.195000000000000000e+03 -2.904590129852294922e+00
2.196000000000000000e+03 -2.937712192535400391e+00
2.197000000000000000e+03 -2.893404722213745117e+00
2.198000000000000000e+03 -2.895548820495605469e+00
2.199000000000000000e+03 -2.901384592056274414e+00
2.200000000000000000e+03 -2.930646896362304688e+00
2.201000000000000000e+03 -2.981011867523193359e+00
2.202000000000000000e+03 -2.929221391677856445e+00
2.203000000000000000e+03 -2.910688638687133789e+00
2.204000000000000000e+03 -2.879933357238769531e+00
2.205000000000000000e+03 -2.899756431579589844e+00
2.206000000000000000e+03 -2.898322582244873047e+00
2.207000000000000000e+03 -2.889192342758178711e+00
2.208000000000000000e+03 -2.826287746429443359e+00
2.209000000000000000e+03 -2.882595062255859375e+00
2.210000000000000000e+03 -2.960213899612426758e+00
2.211000000000000000e+03 -2.903664112091064453e+00
2.212000000000000000e+03 -2.891341209411621094e+00
2.213000000000000000e+03 -2.900355815887451172e+00
2.214000000000000000e+03 -2.916384696960449219e+00
2.215000000000000000e+03 -2.876111030578613281e+00
2.216000000000000000e+03 -2.889083862304687500e+00
2.217000000000000000e+03 -2.901181221008300781e+00
2.218000000000000000e+03 -2.878707885742187500e+00
2.219000000000000000e+03 -2.868322610855102539e+00
2.220000000000000000e+03 -2.885306358337402344e+00
2.221000000000000000e+03 -2.896368503570556641e+00
2.222000000000000000e+03 -2.873710870742797852e+00
2.223000000000000000e+03 -2.909449577331542969e+00
2.224000000000000000e+03 -2.895692825317382812e+00
2.225000000000000000e+03 -2.899153232574462891e+00
2.226000000000000000e+03 -2.939439535140991211e+00
2.227000000000000000e+03 -2.912517547607421875e+00
2.228000000000000000e+03 -2.906120300292968750e+00
2.229000000000000000e+03 -2.896961688995361328e+00
2.230000000000000000e+03 -2.901453495025634766e+00
2.231000000000000000e+03 -2.932282686233520508e+00
2.232000000000000000e+03 -2.896029949188232422e+00
2.233000000000000000e+03 -2.909357070922851562e+00
2.234000000000000000e+03 -2.925822734832763672e+00
2.235000000000000000e+03 -2.898761034011840820e+00
2.236000000000000000e+03 -2.925339460372924805e+00
2.237000000000000000e+03 -2.883671522140502930e+00
2.238000000000000000e+03 -2.952204704284667969e+00
2.239000000000000000e+03 -2.934890270233154297e+00
2.240000000000000000e+03 -2.921654939651489258e+00
2.241000000000000000e+03 -2.923574209213256836e+00
2.242000000000000000e+03 -2.855918169021606445e+00
2.243000000000000000e+03 -2.879076719284057617e+00
2.244000000000000000e+03 -2.935793399810791016e+00
2.245000000000000000e+03 -2.914148330688476562e+00
2.246000000000000000e+03 -2.916175365447998047e+00
2.247000000000000000e+03 -2.876039266586303711e+00
2.248000000000000000e+03 -2.893802165985107422e+00
2.249000000000000000e+03 -2.895626306533813477e+00
2.250000000000000000e+03 -2.940839767456054688e+00
2.251000000000000000e+03 -2.979080915451049805e+00
2.252000000000000000e+03 -2.984461069107055664e+00
2.253000000000000000e+03 -3.006401538848876953e+00
2.254000000000000000e+03 -2.981967210769653320e+00
2.255000000000000000e+03 -2.999939203262329102e+00
2.256000000000000000e+03 -2.959745645523071289e+00
2.257000000000000000e+03 -2.976120233535766602e+00
2.258000000000000000e+03 -2.933217048645019531e+00
2.259000000000000000e+03 -2.926189661026000977e+00
2.260000000000000000e+03 -2.940206050872802734e+00
2.261000000000000000e+03 -2.980026721954345703e+00
2.262000000000000000e+03 -2.943377494812011719e+00
2.263000000000000000e+03 -2.932920694351196289e+00
2.264000000000000000e+03 -2.924225091934204102e+00
2.265000000000000000e+03 -2.950539827346801758e+00
2.266000000000000000e+03 -3.002076625823974609e+00
2.267000000000000000e+03 -2.953012228012084961e+00
2.268000000000000000e+03 -3.002452850341796875e+00
2.269000000000000000e+03 -2.940384864807128906e+00
2.270000000000000000e+03 -2.927965402603149414e+00
2.271000000000000000e+03 -2.956738948822021484e+00
2.272000000000000000e+03 -2.924232721328735352e+00
2.273000000000000000e+03 -2.903136730194091797e+00
2.274000000000000000e+03 -2.901930332183837891e+00
2.275000000000000000e+03 -2.886346817016601562e+00
2.276000000000000000e+03 -2.903379440307617188e+00
2.277000000000000000e+03 -2.896370649337768555e+00
2.278000000000000000e+03 -2.950369834899902344e+00
2.279000000000000000e+03 -2.908220767974853516e+00
2.280000000000000000e+03 -2.868973731994628906e+00
2.281000000000000000e+03 -2.914132356643676758e+00
2.282000000000000000e+03 -2.900776386260986328e+00
2.283000000000000000e+03 -2.931270837783813477e+00
2.284000000000000000e+03 -2.911028623580932617e+00
2.285000000000000000e+03 -2.934499979019165039e+00
2.286000000000000000e+03 -2.907176494598388672e+00
2.287000000000000000e+03 -2.894667387008666992e+00
2.288000000000000000e+03 -2.937811851501464844e+00
2.289000000000000000e+03 -2.899146556854248047e+00
2.290000000000000000e+03 -2.903676986694335938e+00
2.291000000000000000e+03 -2.949688673019409180e+00
2.292000000000000000e+03 -2.928153038024902344e+00
2.293000000000000000e+03 -2.882259130477905273e+00
2.294000000000000000e+03 -2.910835981369018555e+00
2.295000000000000000e+03 -2.846933126449584961e+00
2.296000000000000000e+03 -2.944874286651611328e+00
2.297000000000000000e+03 -2.888196706771850586e+00
2.298000000000000000e+03 -2.903230428695678711e+00
2.299000000000000000e+03 -2.910397768020629883e+00
2.300000000000000000e+03 -2.933945178985595703e+00
2.301000000000000000e+03 -2.892896175384521484e+00
2.302000000000000000e+03 -2.931536912918090820e+00
2.303000000000000000e+03 -3.032158136367797852e+00
2.304000000000000000e+03 -2.950265645980834961e+00
2.305000000000000000e+03 -2.979231595993041992e+00
2.306000000000000000e+03 -2.965608835220336914e+00
2.307000000000000000e+03 -2.957886934280395508e+00
2.308000000000000000e+03 -2.944631814956665039e+00
2.309000000000000000e+03 -2.926703929901123047e+00
2.310000000000000000e+03 -2.951418876647949219e+00
2.311000000000000000e+03 -2.975089311599731445e+00
2.312000000000000000e+03 -2.937490701675415039e+00
2.313000000000000000e+03 -2.936719655990600586e+00
2.314000000000000000e+03 -2.959584951400756836e+00
2.315000000000000000e+03 -2.966761350631713867e+00
2.316000000000000000e+03 -2.970769405364990234e+00
2.317000000000000000e+03 -3.014819860458374023e+00
2.318000000000000000e+03 -2.976136684417724609e+00
2.319000000000000000e+03 -2.968372583389282227e+00
2.320000000000000000e+03 -2.943831682205200195e+00
2.321000000000000000e+03 -2.923578977584838867e+00
2.322000000000000000e+03 -2.919903993606567383e+00
2.323000000000000000e+03 -2.962388038635253906e+00
2.324000000000000000e+03 -2.950092077255249023e+00
2.325000000000000000e+03 -2.969306945800781250e+00
2.326000000000000000e+03 -2.936349868774414062e+00
2.327000000000000000e+03 -2.959374904632568359e+00
2.328000000000000000e+03 -2.934867382049560547e+00
2.329000000000000000e+03 -2.953721284866333008e+00
2.330000000000000000e+03 -2.933560132980346680e+00
2.331000000000000000e+03 -2.884219646453857422e+00
2.332000000000000000e+03 -2.951225757598876953e+00
2.333000000000000000e+03 -2.890162229537963867e+00
2.334000000000000000e+03 -2.922831058502197266e+00
2.335000000000000000e+03 -2.951216459274291992e+00
2.336000000000000000e+03 -2.917418241500854492e+00
2.337000000000000000e+03 -2.922082662582397461e+00
2.338000000000000000e+03 -2.949237585067749023e+00
2.339000000000000000e+03 -2.891192197799682617e+00
2.340000000000000000e+03 -2.909443855285644531e+00
2.341000000000000000e+03 -2.933540582656860352e+00
2.342000000000000000e+03 -2.899247169494628906e+00
2.343000000000000000e+03 -2.927299976348876953e+00
2.344000000000000000e+03 -2.879022836685180664e+00
2.345000000000000000e+03 -2.937633037567138672e+00
2.346000000000000000e+03 -2.937935352325439453e+00
2.347000000000000000e+03 -2.952961683273315430e+00
2.348000000000000000e+03 -2.951550722122192383e+00
2.349000000000000000e+03 -2.948534488677978516e+00
2.350000000000000000e+03 -2.911606550216674805e+00
2.351000000000000000e+03 -2.958130836486816406e+00
2.352000000000000000e+03 -2.937885284423828125e+00
2.353000000000000000e+03 -2.961781263351440430e+00
2.354000000000000000e+03 -2.978257417678833008e+00
2.355000000000000000e+03 -3.005601167678833008e+00
2.356000000000000000e+03 -2.991197109222412109e+00
2.357000000000000000e+03 -2.988952636718750000e+00
2.358000000000000000e+03 -2.994353771209716797e+00
2.359000000000000000e+03 -2.987042188644409180e+00
2.360000000000000000e+03 -2.987571239471435547e+00
2.361000000000000000e+03 -3.024146556854248047e+00
2.362000000000000000e+03 -3.002851963043212891e+00
2.363000000000000000e+03 -2.971756935119628906e+00
2.364000000000000000e+03 -3.006347656250000000e+00
2.365000000000000000e+03 -2.993921756744384766e+00
2.366000000000000000e+03 -3.024709224700927734e+00
2.367000000000000000e+03 -2.984540224075317383e+00
2.368000000000000000e+03 -3.018921136856079102e+00
2.369000000000000000e+03 -2.993323326110839844e+00
2.370000000000000000e+03 -3.019772052764892578e+00
2.371000000000000000e+03 -2.997889518737792969e+00
2.372000000000000000e+03 -2.979927062988281250e+00
2.373000000000000000e+03 -2.992456436157226562e+00
2.374000000000000000e+03 -2.957054138183593750e+00
2.375000000000000000e+03 -3.005937576293945312e+00
2.376000000000000000e+03 -2.955527782440185547e+00
2.377000000000000000e+03 -2.930581569671630859e+00
2.378000000000000000e+03 -2.982550859451293945e+00
2.379000000000000000e+03 -2.966480493545532227e+00
2.380000000000000000e+03 -2.937864303588867188e+00
2.381000000000000000e+03 -2.945447921752929688e+00
2.382000000000000000e+03 -2.943756341934204102e+00
2.383000000000000000e+03 -3.000634670257568359e+00
2.384000000000000000e+03 -2.970857143402099609e+00
2.385000000000000000e+03 -2.932212352752685547e+00
2.386000000000000000e+03 -2.978066921234130859e+00
2.387000000000000000e+03 -2.994606971740722656e+00
2.388000000000000000e+03 -2.995151042938232422e+00
2.389000000000000000e+03 -2.980164527893066406e+00
2.390000000000000000e+03 -2.995152711868286133e+00
2.391000000000000000e+03 -3.023461103439331055e+00
2.392000000000000000e+03 -3.023135900497436523e+00
2.393000000000000000e+03 -3.028230905532836914e+00
2.394000000000000000e+03 -3.012045621871948242e+00
2.395000000000000000e+03 -3.013276815414428711e+00
2.396000000000000000e+03 -3.033823966979980469e+00
2.397000000000000000e+03 -3.014762878417968750e+00
2.398000000000000000e+03 -3.054523468017578125e+00
2.399000000000000000e+03 -3.026224136352539062e+00
2.400000000000000000e+03 -3.057390928268432617e+00
2.401000000000000000e+03 -3.076648950576782227e+00
2.402000000000000000e+03 -3.043725490570068359e+00
2.403000000000000000e+03 -3.007718563079833984e+00
2.404000000000000000e+03 -3.040770769119262695e+00
2.405000000000000000e+03 -3.027910709381103516e+00
2.406000000000000000e+03 -3.011229515075683594e+00
2.407000000000000000e+03 -3.018778324127197266e+00
2.408000000000000000e+03 -2.995622634887695312e+00
2.409000000000000000e+03 -2.999197721481323242e+00
2.410000000000000000e+03 -3.023500204086303711e+00
2.411000000000000000e+03 -3.061515808105468750e+00
2.412000000000000000e+03 -3.046881198883056641e+00
2.413000000000000000e+03 -3.044380426406860352e+00
2.414000000000000000e+03 -3.052670478820800781e+00
2.415000000000000000e+03 -3.060065984725952148e+00
2.416000000000000000e+03 -3.053077220916748047e+00
2.417000000000000000e+03 -2.994304180145263672e+00
2.418000000000000000e+03 -3.067865133285522461e+00
2.419000000000000000e+03 -3.005325555801391602e+00
2.420000000000000000e+03 -2.978292226791381836e+00
2.421000000000000000e+03 -3.054506301879882812e+00
2.422000000000000000e+03 -3.024815797805786133e+00
2.423000000000000000e+03 -2.982064008712768555e+00
2.424000000000000000e+03 -3.012020587921142578e+00
2.425000000000000000e+03 -2.917052984237670898e+00
2.426000000000000000e+03 -2.964093923568725586e+00
2.427000000000000000e+03 -2.988966703414916992e+00
2.428000000000000000e+03 -2.968912363052368164e+00
2.429000000000000000e+03 -2.964724540710449219e+00
2.430000000000000000e+03 -2.986527442932128906e+00
2.431000000000000000e+03 -2.967261314392089844e+00
2.432000000000000000e+03 -2.978415489196777344e+00
2.433000000000000000e+03 -2.974697828292846680e+00
2.434000000000000000e+03 -3.026915073394775391e+00
2.435000000000000000e+03 -3.002673387527465820e+00
2.436000000000000000e+03 -2.983050107955932617e+00
2.437000000000000000e+03 -2.994602203369140625e+00
2.438000000000000000e+03 -3.030276775360107422e+00
2.439000000000000000e+03 -2.992948055267333984e+00
2.440000000000000000e+03 -2.992885828018188477e+00
2.441000000000000000e+03 -2.973546028137207031e+00
2.442000000000000000e+03 -2.969903707504272461e+00
2.443000000000000000e+03 -2.995680570602416992e+00
2.444000000000000000e+03 -2.958660125732421875e+00
2.445000000000000000e+03 -2.985843658447265625e+00
2.446000000000000000e+03 -3.016077995300292969e+00
2.447000000000000000e+03 -2.974816560745239258e+00
2.448000000000000000e+03 -2.987001419067382812e+00
2.449000000000000000e+03 -2.951881408691406250e+00
2.450000000000000000e+03 -2.981256961822509766e+00
2.451000000000000000e+03 -2.993180513381958008e+00
2.452000000000000000e+03 -3.004092693328857422e+00
2.453000000000000000e+03 -2.980232477188110352e+00
2.454000000000000000e+03 -2.973540544509887695e+00
2.455000000000000000e+03 -2.967419147491455078e+00
2.456000000000000000e+03 -2.983362674713134766e+00
2.457000000000000000e+03 -3.031632661819458008e+00
2.458000000000000000e+03 -3.002937555313110352e+00
2.459000000000000000e+03 -3.016206502914428711e+00
2.460000000000000000e+03 -2.955064058303833008e+00
2.461000000000000000e+03 -2.959122896194458008e+00
2.462000000000000000e+03 -2.969422340393066406e+00
2.463000000000000000e+03 -2.958155393600463867e+00
2.464000000000000000e+03 -2.995546579360961914e+00
2.465000000000000000e+03 -3.005327224731445312e+00
2.466000000000000000e+03 -2.984308719635009766e+00
2.467000000000000000e+03 -3.004287719726562500e+00
2.468000000000000000e+03 -3.006774902343750000e+00
2.469000000000000000e+03 -2.987113714218139648e+00
2.470000000000000000e+03 -2.987552881240844727e+00
2.471000000000000000e+03 -2.947313308715820312e+00
2.472000000000000000e+03 -2.957252502441406250e+00
2.473000000000000000e+03 -2.975610017776489258e+00
2.474000000000000000e+03 -2.996594190597534180e+00
2.475000000000000000e+03 -2.965245723724365234e+00
2.476000000000000000e+03 -2.976413726806640625e+00
2.477000000000000000e+03 -3.000598669052124023e+00
2.478000000000000000e+03 -2.985492706298828125e+00
2.479000000000000000e+03 -2.960004568099975586e+00
2.480000000000000000e+03 -2.969379901885986328e+00
2.481000000000000000e+03 -2.923566341400146484e+00
2.482000000000000000e+03 -2.965225219726562500e+00
2.483000000000000000e+03 -2.947206974029541016e+00
2.484000000000000000e+03 -2.958002567291259766e+00
2.485000000000000000e+03 -2.955594539642333984e+00
2.486000000000000000e+03 -2.958064079284667969e+00
2.487000000000000000e+03 -2.969708919525146484e+00
2.488000000000000000e+03 -2.973333358764648438e+00
2.489000000000000000e+03 -2.992620229721069336e+00
2.490000000000000000e+03 -2.980084896087646484e+00
2.491000000000000000e+03 -2.985827207565307617e+00
2.492000000000000000e+03 -3.013126373291015625e+00
2.493000000000000000e+03 -2.993167638778686523e+00
2.494000000000000000e+03 -2.994625329971313477e+00
2.495000000000000000e+03 -2.951918601989746094e+00
2.496000000000000000e+03 -2.996869325637817383e+00
2.497000000000000000e+03 -2.992559194564819336e+00
2.498000000000000000e+03 -2.978562116622924805e+00
2.499000000000000000e+03 -2.979787826538085938e+00
2.500000000000000000e+03 -2.970669746398925781e+00
2.501000000000000000e+03 -2.982991218566894531e+00
2.502000000000000000e+03 -2.984421014785766602e+00
2.503000000000000000e+03 -2.999891281127929688e+00
2.504000000000000000e+03 -3.044340610504150391e+00
2.505000000000000000e+03 -3.048565387725830078e+00
2.506000000000000000e+03 -3.020143508911132812e+00
2.507000000000000000e+03 -3.008956432342529297e+00
2.508000000000000000e+03 -3.016390800476074219e+00
2.509000000000000000e+03 -3.006206035614013672e+00
2.510000000000000000e+03 -2.989130258560180664e+00
2.511000000000000000e+03 -3.013601779937744141e+00
2.512000000000000000e+03 -2.961760520935058594e+00
2.513000000000000000e+03 -2.905276536941528320e+00
2.514000000000000000e+03 -2.944330930709838867e+00
2.515000000000000000e+03 -2.967110157012939453e+00
2.516000000000000000e+03 -3.003380775451660156e+00
2.517000000000000000e+03 -3.017724275588989258e+00
2.518000000000000000e+03 -2.976372241973876953e+00
2.519000000000000000e+03 -2.980534315109252930e+00
2.520000000000000000e+03 -2.937018394470214844e+00
2.521000000000000000e+03 -2.970665216445922852e+00
2.522000000000000000e+03 -3.015285015106201172e+00
2.523000000000000000e+03 -2.977556228637695312e+00
2.524000000000000000e+03 -2.990458965301513672e+00
2.525000000000000000e+03 -2.988540887832641602e+00
2.526000000000000000e+03 -2.978213310241699219e+00
2.527000000000000000e+03 -2.992847681045532227e+00
2.528000000000000000e+03 -2.983443975448608398e+00
2.529000000000000000e+03 -2.997346878051757812e+00
2.530000000000000000e+03 -3.013461112976074219e+00
2.531000000000000000e+03 -3.009080410003662109e+00
2.532000000000000000e+03 -2.973618030548095703e+00
2.533000000000000000e+03 -2.974710226058959961e+00
2.534000000000000000e+03 -2.936840057373046875e+00
2.535000000000000000e+03 -2.916717290878295898e+00
2.536000000000000000e+03 -2.951436519622802734e+00
2.537000000000000000e+03 -2.983883857727050781e+00
2.538000000000000000e+03 -2.928909778594970703e+00
2.539000000000000000e+03 -2.970487833023071289e+00
2.540000000000000000e+03 -2.968855857849121094e+00
2.541000000000000000e+03 -2.942181348800659180e+00
2.542000000000000000e+03 -2.946904420852661133e+00
2.543000000000000000e+03 -2.959239482879638672e+00
2.544000000000000000e+03 -2.974281549453735352e+00
2.545000000000000000e+03 -2.923416137695312500e+00
2.546000000000000000e+03 -2.899000883102416992e+00
2.547000000000000000e+03 -2.993016719818115234e+00
2.548000000000000000e+03 -2.948022603988647461e+00
2.549000000000000000e+03 -2.983358383178710938e+00
2.550000000000000000e+03 -2.985729455947875977e+00
2.551000000000000000e+03 -2.974826812744140625e+00
2.552000000000000000e+03 -3.009211540222167969e+00
2.553000000000000000e+03 -2.968873023986816406e+00
2.554000000000000000e+03 -2.976310253143310547e+00
2.555000000000000000e+03 -2.969521760940551758e+00
2.556000000000000000e+03 -2.984884500503540039e+00
2.557000000000000000e+03 -2.988795995712280273e+00
2.558000000000000000e+03 -2.957153797149658203e+00
2.559000000000000000e+03 -2.972936868667602539e+00
2.560000000000000000e+03 -3.000044107437133789e+00
2.561000000000000000e+03 -2.944111585617065430e+00
2.562000000000000000e+03 -2.993740320205688477e+00
2.563000000000000000e+03 -2.939275264739990234e+00
2.564000000000000000e+03 -2.955005884170532227e+00
2.565000000000000000e+03 -2.971813917160034180e+00
2.566000000000000000e+03 -2.987236976623535156e+00
2.567000000000000000e+03 -3.019462823867797852e+00
2.568000000000000000e+03 -3.037552118301391602e+00
2.569000000000000000e+03 -3.002684354782104492e+00
2.570000000000000000e+03 -3.006968498229980469e+00
2.571000000000000000e+03 -3.003823757171630859e+00
2.572000000000000000e+03 -2.992651939392089844e+00
2.573000000000000000e+03 -3.030897855758666992e+00
2.574000000000000000e+03 -2.954739570617675781e+00
2.575000000000000000e+03 -2.960924625396728516e+00
2.576000000000000000e+03 -3.024857044219970703e+00
2.577000000000000000e+03 -3.014547348022460938e+00
2.578000000000000000e+03 -3.001018524169921875e+00
2.579000000000000000e+03 -2.997019290924072266e+00
2.580000000000000000e+03 -3.005205392837524414e+00
2.581000000000000000e+03 -3.020701408386230469e+00
2.582000000000000000e+03 -3.011035442352294922e+00
2.583000000000000000e+03 -2.992378473281860352e+00
2.584000000000000000e+03 -2.989035844802856445e+00
2.585000000000000000e+03 -2.954985618591308594e+00
2.586000000000000000e+03 -2.940817832946777344e+00
2.587000000000000000e+03 -2.957240581512451172e+00
2.588000000000000000e+03 -2.972942590713500977e+00
2.589000000000000000e+03 -3.006795167922973633e+00
2.590000000000000000e+03 -2.999825477600097656e+00
2.591000000000000000e+03 -2.961011648178100586e+00
2.592000000000000000e+03 -2.954628229141235352e+00
2.593000000000000000e+03 -2.958355665206909180e+00
2.594000000000000000e+03 -2.919775962829589844e+00
2.595000000000000000e+03 -2.919536590576171875e+00
2.596000000000000000e+03 -2.913018465042114258e+00
2.597000000000000000e+03 -2.889596939086914062e+00
2.598000000000000000e+03 -2.897516489028930664e+00
2.599000000000000000e+03 -2.886132478713989258e+00
2.600000000000000000e+03 -2.915693521499633789e+00
2.601000000000000000e+03 -2.941887140274047852e+00
2.602000000000000000e+03 -2.912214279174804688e+00
2.603000000000000000e+03 -2.909703016281127930e+00
2.604000000000000000e+03 -2.939556598663330078e+00
2.605000000000000000e+03 -2.956257104873657227e+00
2.606000000000000000e+03 -2.982190132141113281e+00
2.607000000000000000e+03 -2.988303661346435547e+00
2.608000000000000000e+03 -2.965183496475219727e+00
2.609000000000000000e+03 -2.962605714797973633e+00
2.610000000000000000e+03 -3.025323629379272461e+00
2.611000000000000000e+03 -3.043431282043457031e+00
2.612000000000000000e+03 -3.013916015625000000e+00
2.613000000000000000e+03 -3.000209331512451172e+00
2.614000000000000000e+03 -2.908487558364868164e+00
2.615000000000000000e+03 -2.953189373016357422e+00
2.616000000000000000e+03 -3.018172740936279297e+00
2.617000000000000000e+03 -2.962521553039550781e+00
2.618000000000000000e+03 -3.004762172698974609e+00
2.619000000000000000e+03 -2.993314027786254883e+00
2.620000000000000000e+03 -3.056603431701660156e+00
2.621000000000000000e+03 -3.026894569396972656e+00
2.622000000000000000e+03 -2.981651782989501953e+00
2.623000000000000000e+03 -2.984452724456787109e+00
2.624000000000000000e+03 -3.006131887435913086e+00
2.625000000000000000e+03 -3.010905265808105469e+00
2.626000000000000000e+03 -3.041300535202026367e+00
2.627000000000000000e+03 -3.070961952209472656e+00
2.628000000000000000e+03 -3.035143852233886719e+00
2.629000000000000000e+03 -3.049989461898803711e+00
2.630000000000000000e+03 -3.045093059539794922e+00
2.631000000000000000e+03 -3.018387079238891602e+00
2.632000000000000000e+03 -2.999317884445190430e+00
2.633000000000000000e+03 -3.020706653594970703e+00
2.634000000000000000e+03 -3.048477172851562500e+00
2.635000000000000000e+03 -3.054848432540893555e+00
2.636000000000000000e+03 -3.033326625823974609e+00
2.637000000000000000e+03 -3.048109054565429688e+00
2.638000000000000000e+03 -3.036225318908691406e+00
2.639000000000000000e+03 -2.999763727188110352e+00
2.640000000000000000e+03 -3.075544595718383789e+00
2.641000000000000000e+03 -3.015927314758300781e+00
2.642000000000000000e+03 -3.063890218734741211e+00
2.643000000000000000e+03 -3.026689052581787109e+00
2.644000000000000000e+03 -3.043528318405151367e+00
2.645000000000000000e+03 -3.085411548614501953e+00
2.646000000000000000e+03 -3.058492660522460938e+00
2.647000000000000000e+03 -3.028355360031127930e+00
2.648000000000000000e+03 -3.039318084716796875e+00
2.649000000000000000e+03 -3.031299114227294922e+00
2.650000000000000000e+03 -3.021688222885131836e+00
2.651000000000000000e+03 -3.035080432891845703e+00
2.652000000000000000e+03 -3.064378261566162109e+00
2.653000000000000000e+03 -3.020359039306640625e+00
2.654000000000000000e+03 -3.055415391921997070e+00
2.655000000000000000e+03 -3.043963193893432617e+00
2.656000000000000000e+03 -3.025416374206542969e+00
2.657000000000000000e+03 -3.038956403732299805e+00
2.658000000000000000e+03 -2.981905937194824219e+00
2.659000000000000000e+03 -2.971016168594360352e+00
2.660000000000000000e+03 -2.986327409744262695e+00
2.661000000000000000e+03 -3.002662897109985352e+00
2.662000000000000000e+03 -3.023324728012084961e+00
2.663000000000000000e+03 -3.016667127609252930e+00
2.664000000000000000e+03 -3.049366712570190430e+00
2.665000000000000000e+03 -3.012868404388427734e+00
2.666000000000000000e+03 -3.016433477401733398e+00
2.667000000000000000e+03 -3.017143726348876953e+00
2.668000000000000000e+03 -2.988672733306884766e+00
2.669000000000000000e+03 -3.021636486053466797e+00
2.670000000000000000e+03 -3.031665802001953125e+00
2.671000000000000000e+03 -3.029682636260986328e+00
2.672000000000000000e+03 -3.023903608322143555e+00
2.673000000000000000e+03 -3.018598794937133789e+00
2.674000000000000000e+03 -2.954532384872436523e+00
2.675000000000000000e+03 -2.991915464401245117e+00
2.676000000000000000e+03 -3.018803119659423828e+00
2.677000000000000000e+03 -2.963248491287231445e+00
2.678000000000000000e+03 -3.000120401382446289e+00
2.679000000000000000e+03 -2.941103219985961914e+00
2.680000000000000000e+03 -3.020980358123779297e+00
2.681000000000000000e+03 -2.967195034027099609e+00
2.682000000000000000e+03 -2.968116998672485352e+00
2.683000000000000000e+03 -2.920920133590698242e+00
2.684000000000000000e+03 -2.961399078369140625e+00
2.685000000000000000e+03 -2.982881784439086914e+00
2.686000000000000000e+03 -2.971961736679077148e+00
2.687000000000000000e+03 -2.982903242111206055e+00
2.688000000000000000e+03 -2.986986398696899414e+00
2.689000000000000000e+03 -3.008641242980957031e+00
2.690000000000000000e+03 -3.002540349960327148e+00
2.691000000000000000e+03 -2.988626480102539062e+00
2.692000000000000000e+03 -2.971415519714355469e+00
2.693000000000000000e+03 -2.951439619064331055e+00
2.694000000000000000e+03 -2.973191022872924805e+00
2.695000000000000000e+03 -2.953480720520019531e+00
2.696000000000000000e+03 -2.973897457122802734e+00
2.697000000000000000e+03 -2.969514131546020508e+00
2.698000000000000000e+03 -2.987221002578735352e+00
2.699000000000000000e+03 -3.030915975570678711e+00
2.700000000000000000e+03 -2.978212594985961914e+00
2.701000000000000000e+03 -3.005480051040649414e+00
2.702000000000000000e+03 -3.027283430099487305e+00
2.703000000000000000e+03 -3.003844022750854492e+00
2.704000000000000000e+03 -3.011908054351806641e+00
2.705000000000000000e+03 -2.973156452178955078e+00
2.706000000000000000e+03 -2.956277847290039062e+00
2.707000000000000000e+03 -2.988963127136230469e+00
2.708000000000000000e+03 -3.002789020538330078e+00
2.709000000000000000e+03 -2.986631870269775391e+00
2.710000000000000000e+03 -2.961841106414794922e+00
2.711000000000000000e+03 -2.978876590728759766e+00
2.712000000000000000e+03 -3.018970012664794922e+00
2.713000000000000000e+03 -3.012445211410522461e+00
2.714000000000000000e+03 -3.037971973419189453e+00
2.715000000000000000e+03 -3.065653800964355469e+00
2.716000000000000000e+03 -3.029677152633666992e+00
2.717000000000000000e+03 -2.991644620895385742e+00
2.718000000000000000e+03 -2.987229108810424805e+00
2.719000000000000000e+03 -3.004789590835571289e+00
2.720000000000000000e+03 -3.033586740493774414e+00
2.721000000000000000e+03 -3.026505470275878906e+00
2.722000000000000000e+03 -2.994971752166748047e+00
2.723000000000000000e+03 -3.011135578155517578e+00
2.724000000000000000e+03 -3.009507417678833008e+00
2.725000000000000000e+03 -2.999935388565063477e+00
2.726000000000000000e+03 -3.016141653060913086e+00
2.727000000000000000e+03 -2.988449335098266602e+00
2.728000000000000000e+03 -2.962366819381713867e+00
2.729000000000000000e+03 -2.962080001831054688e+00
2.730000000000000000e+03 -2.968814611434936523e+00
2.731000000000000000e+03 -3.013387680053710938e+00
2.732000000000000000e+03 -2.911548852920532227e+00
2.733000000000000000e+03 -2.957252025604248047e+00
2.734000000000000000e+03 -2.955065011978149414e+00
2.735000000000000000e+03 -2.952158451080322266e+00
2.736000000000000000e+03 -2.985657453536987305e+00
2.737000000000000000e+03 -2.975713729858398438e+00
2.738000000000000000e+03 -2.945935249328613281e+00
2.739000000000000000e+03 -3.003541469573974609e+00
2.740000000000000000e+03 -3.006362438201904297e+00
2.741000000000000000e+03 -2.993021011352539062e+00
2.742000000000000000e+03 -2.960751056671142578e+00
2.743000000000000000e+03 -2.985172986984252930e+00
2.744000000000000000e+03 -2.953010559082031250e+00
2.745000000000000000e+03 -2.988850831985473633e+00
2.746000000000000000e+03 -2.994130373001098633e+00
2.747000000000000000e+03 -2.956869125366210938e+00
2.748000000000000000e+03 -2.976940870285034180e+00
2.749000000000000000e+03 -2.971648931503295898e+00
2.750000000000000000e+03 -2.941616535186767578e+00
2.751000000000000000e+03 -2.975242137908935547e+00
2.752000000000000000e+03 -2.976124525070190430e+00
2.753000000000000000e+03 -2.981024503707885742e+00
2.754000000000000000e+03 -3.004102468490600586e+00
2.755000000000000000e+03 -2.991450309753417969e+00
2.756000000000000000e+03 -2.997235059738159180e+00
2.757000000000000000e+03 -2.993927717208862305e+00
2.758000000000000000e+03 -2.977854728698730469e+00
2.759000000000000000e+03 -2.960015535354614258e+00
2.760000000000000000e+03 -2.997904539108276367e+00
2.761000000000000000e+03 -3.000905513763427734e+00
2.762000000000000000e+03 -2.975779294967651367e+00
2.763000000000000000e+03 -3.004277467727661133e+00
2.764000000000000000e+03 -3.021663904190063477e+00
2.765000000000000000e+03 -2.996020317077636719e+00
2.766000000000000000e+03 -3.050506114959716797e+00
2.767000000000000000e+03 -3.041090726852416992e+00
2.768000000000000000e+03 -3.043516874313354492e+00
2.769000000000000000e+03 -2.996033906936645508e+00
2.770000000000000000e+03 -2.998951911926269531e+00
2.771000000000000000e+03 -2.965928077697753906e+00
2.772000000000000000e+03 -3.011356830596923828e+00
2.773000000000000000e+03 -2.953676223754882812e+00
2.774000000000000000e+03 -3.019264936447143555e+00
2.775000000000000000e+03 -3.021078824996948242e+00
2.776000000000000000e+03 -3.050903320312500000e+00
2.777000000000000000e+03 -3.055886745452880859e+00
2.778000000000000000e+03 -3.037022590637207031e+00
2.779000000000000000e+03 -3.017659425735473633e+00
2.780000000000000000e+03 -2.958698511123657227e+00
2.781000000000000000e+03 -2.996861457824707031e+00
2.782000000000000000e+03 -2.975605010986328125e+00
2.783000000000000000e+03 -3.036120891571044922e+00
2.784000000000000000e+03 -2.988119125366210938e+00
2.785000000000000000e+03 -3.004245042800903320e+00
2.786000000000000000e+03 -3.007516860961914062e+00
2.787000000000000000e+03 -2.998434066772460938e+00
2.788000000000000000e+03 -3.021128416061401367e+00
2.789000000000000000e+03 -3.042906761169433594e+00
2.790000000000000000e+03 -3.033043384552001953e+00
2.791000000000000000e+03 -2.982230186462402344e+00
2.792000000000000000e+03 -2.955832242965698242e+00
2.793000000000000000e+03 -3.001346588134765625e+00
2.794000000000000000e+03 -2.996747016906738281e+00
2.795000000000000000e+03 -3.004960775375366211e+00
2.796000000000000000e+03 -3.003063201904296875e+00
2.797000000000000000e+03 -3.034986734390258789e+00
2.798000000000000000e+03 -2.961146116256713867e+00
2.799000000000000000e+03 -3.009237051010131836e+00
2.800000000000000000e+03 -3.043384552001953125e+00
2.801000000000000000e+03 -3.030244350433349609e+00
2.802000000000000000e+03 -2.971204996109008789e+00
2.803000000000000000e+03 -2.998142004013061523e+00
2.804000000000000000e+03 -2.995496511459350586e+00
2.805000000000000000e+03 -3.024595499038696289e+00
2.806000000000000000e+03 -2.988709688186645508e+00
2.807000000000000000e+03 -2.978065013885498047e+00
2.808000000000000000e+03 -2.975042819976806641e+00
2.809000000000000000e+03 -2.983009576797485352e+00
2.810000000000000000e+03 -2.950139522552490234e+00
2.811000000000000000e+03 -2.955925226211547852e+00
2.812000000000000000e+03 -3.000532627105712891e+00
2.813000000000000000e+03 -2.942389488220214844e+00
2.814000000000000000e+03 -2.966663599014282227e+00
2.815000000000000000e+03 -3.022787570953369141e+00
2.816000000000000000e+03 -3.015222787857055664e+00
2.817000000000000000e+03 -2.998547077178955078e+00
2.818000000000000000e+03 -3.050622224807739258e+00
2.819000000000000000e+03 -3.030955314636230469e+00
2.820000000000000000e+03 -3.041034221649169922e+00
2.821000000000000000e+03 -3.049281358718872070e+00
2.822000000000000000e+03 -3.073769569396972656e+00
2.823000000000000000e+03 -3.025827884674072266e+00
2.824000000000000000e+03 -3.020742416381835938e+00
2.825000000000000000e+03 -3.027012348175048828e+00
2.826000000000000000e+03 -3.017580509185791016e+00
2.827000000000000000e+03 -3.019700527191162109e+00
2.828000000000000000e+03 -3.009061098098754883e+00
2.829000000000000000e+03 -3.011445999145507812e+00
2.830000000000000000e+03 -3.011306285858154297e+00
2.831000000000000000e+03 -3.046389818191528320e+00
2.832000000000000000e+03 -3.026280641555786133e+00
2.833000000000000000e+03 -3.059601783752441406e+00
2.834000000000000000e+03 -3.006694078445434570e+00
2.835000000000000000e+03 -3.068865299224853516e+00
2.836000000000000000e+03 -3.079297304153442383e+00
2.837000000000000000e+03 -3.087338685989379883e+00
2.838000000000000000e+03 -3.099192142486572266e+00
2.839000000000000000e+03 -3.074263572692871094e+00
2.840000000000000000e+03 -3.040284872055053711e+00
2.841000000000000000e+03 -3.033785581588745117e+00
2.842000000000000000e+03 -3.033601522445678711e+00
2.843000000000000000e+03 -3.034085512161254883e+00
2.844000000000000000e+03 -3.074298381805419922e+00
2.845000000000000000e+03 -3.080745220184326172e+00
2.846000000000000000e+03 -3.072162151336669922e+00
2.847000000000000000e+03 -3.061700820922851562e+00
2.848000000000000000e+03 -3.059669494628906250e+00
2.849000000000000000e+03 -3.035485267639160156e+00
2.850000000000000000e+03 -3.076269865036010742e+00
2.851000000000000000e+03 -3.078727245330810547e+00
2.852000000000000000e+03 -3.033743143081665039e+00
2.853000000000000000e+03 -3.048925399780273438e+00
2.854000000000000000e+03 -3.077508687973022461e+00
2.855000000000000000e+03 -3.073384523391723633e+00
2.856000000000000000e+03 -3.039952993392944336e+00
2.857000000000000000e+03 -3.053947210311889648e+00
2.858000000000000000e+03 -3.051304101943969727e+00
2.859000000000000000e+03 -3.076529741287231445e+00
2.860000000000000000e+03 -3.061041116714477539e+00
2.861000000000000000e+03 -3.014456272125244141e+00
2.862000000000000000e+03 -3.024698495864868164e+00
2.863000000000000000e+03 -3.070873975753784180e+00
2.864000000000000000e+03 -3.053766250610351562e+00
2.865000000000000000e+03 -3.034657955169677734e+00
2.866000000000000000e+03 -3.079235315322875977e+00
2.867000000000000000e+03 -3.100203752517700195e+00
2.868000000000000000e+03 -3.078098297119140625e+00
2.869000000000000000e+03 -3.093739986419677734e+00
2.870000000000000000e+03 -3.070697307586669922e+00
2.871000000000000000e+03 -3.037542343139648438e+00
2.872000000000000000e+03 -3.050963878631591797e+00
2.873000000000000000e+03 -3.018263816833496094e+00
2.874000000000000000e+03 -3.025194406509399414e+00
2.875000000000000000e+03 -3.043212652206420898e+00
2.876000000000000000e+03 -3.065163850784301758e+00
2.877000000000000000e+03 -3.063672542572021484e+00
2.878000000000000000e+03 -3.058948516845703125e+00
2.879000000000000000e+03 -3.075297117233276367e+00
2.880000000000000000e+03 -3.043490886688232422e+00
2.881000000000000000e+03 -3.012151479721069336e+00
2.882000000000000000e+03 -3.028855562210083008e+00
2.883000000000000000e+03 -3.023268222808837891e+00
2.884000000000000000e+03 -3.030912399291992188e+00
2.885000000000000000e+03 -3.066920757293701172e+00
2.886000000000000000e+03 -3.041743993759155273e+00
2.887000000000000000e+03 -3.029228448867797852e+00
2.888000000000000000e+03 -2.992515325546264648e+00
2.889000000000000000e+03 -3.005529403686523438e+00
2.890000000000000000e+03 -3.049926757812500000e+00
2.891000000000000000e+03 -3.049397945404052734e+00
2.892000000000000000e+03 -3.049661874771118164e+00
2.893000000000000000e+03 -3.044969558715820312e+00
2.894000000000000000e+03 -3.034482479095458984e+00
2.895000000000000000e+03 -3.073733806610107422e+00
2.896000000000000000e+03 -2.994012355804443359e+00
2.897000000000000000e+03 -3.017887353897094727e+00
2.898000000000000000e+03 -3.030313253402709961e+00
2.899000000000000000e+03 -3.024481296539306641e+00
2.900000000000000000e+03 -3.032272338867187500e+00
2.901000000000000000e+03 -3.005955934524536133e+00
2.902000000000000000e+03 -3.063375711441040039e+00
2.903000000000000000e+03 -3.036399602890014648e+00
2.904000000000000000e+03 -3.046945095062255859e+00
2.905000000000000000e+03 -3.002544164657592773e+00
2.906000000000000000e+03 -3.026822328567504883e+00
2.907000000000000000e+03 -3.019069910049438477e+00
2.908000000000000000e+03 -3.005481481552124023e+00
2.909000000000000000e+03 -3.016975641250610352e+00
2.910000000000000000e+03 -3.011400938034057617e+00
2.911000000000000000e+03 -3.053201436996459961e+00
2.912000000000000000e+03 -3.058510780334472656e+00
2.913000000000000000e+03 -3.050306797027587891e+00
2.914000000000000000e+03 -3.067430019378662109e+00
2.915000000000000000e+03 -3.019714832305908203e+00
2.916000000000000000e+03 -3.054349184036254883e+00
2.917000000000000000e+03 -3.079359769821166992e+00
2.918000000000000000e+03 -3.012011051177978516e+00
2.919000000000000000e+03 -3.007815361022949219e+00
2.920000000000000000e+03 -3.019195318222045898e+00
2.921000000000000000e+03 -3.058548212051391602e+00
2.922000000000000000e+03 -3.026593923568725586e+00
2.923000000000000000e+03 -3.079577684402465820e+00
2.924000000000000000e+03 -3.056631088256835938e+00
2.925000000000000000e+03 -3.083104372024536133e+00
2.926000000000000000e+03 -3.056158304214477539e+00
2.927000000000000000e+03 -3.072295665740966797e+00
2.928000000000000000e+03 -3.033315658569335938e+00
2.929000000000000000e+03 -3.057644128799438477e+00
2.930000000000000000e+03 -3.034743309020996094e+00
2.931000000000000000e+03 -3.045693397521972656e+00
2.932000000000000000e+03 -3.036441326141357422e+00
2.933000000000000000e+03 -3.009247541427612305e+00
2.934000000000000000e+03 -3.046995401382446289e+00
2.935000000000000000e+03 -3.043885469436645508e+00
2.936000000000000000e+03 -3.057594299316406250e+00
2.937000000000000000e+03 -3.053983688354492188e+00
2.938000000000000000e+03 -3.092467784881591797e+00
2.939000000000000000e+03 -3.045104742050170898e+00
2.940000000000000000e+03 -3.062148094177246094e+00
2.941000000000000000e+03 -3.071679115295410156e+00
2.942000000000000000e+03 -3.022174119949340820e+00
2.943000000000000000e+03 -3.036948919296264648e+00
2.944000000000000000e+03 -3.031384468078613281e+00
2.945000000000000000e+03 -3.033049345016479492e+00
2.946000000000000000e+03 -3.025850057601928711e+00
2.947000000000000000e+03 -3.053894996643066406e+00
2.948000000000000000e+03 -3.028016328811645508e+00
2.949000000000000000e+03 -3.040364980697631836e+00
2.950000000000000000e+03 -3.087673902511596680e+00
2.951000000000000000e+03 -3.042057275772094727e+00
2.952000000000000000e+03 -3.072613954544067383e+00
2.953000000000000000e+03 -3.063585281372070312e+00
2.954000000000000000e+03 -3.015953302383422852e+00
2.955000000000000000e+03 -3.085606575012207031e+00
2.956000000000000000e+03 -3.090939998626708984e+00
2.957000000000000000e+03 -3.072671890258789062e+00
2.958000000000000000e+03 -3.083776712417602539e+00
2.959000000000000000e+03 -3.060468196868896484e+00
2.960000000000000000e+03 -3.049238204956054688e+00
2.961000000000000000e+03 -3.085536241531372070e+00
2.962000000000000000e+03 -3.082785129547119141e+00
2.963000000000000000e+03 -3.054084777832031250e+00
2.964000000000000000e+03 -3.055749654769897461e+00
2.965000000000000000e+03 -3.066601276397705078e+00
2.966000000000000000e+03 -2.992171049118041992e+00
2.967000000000000000e+03 -3.002436161041259766e+00
2.968000000000000000e+03 -3.045713663101196289e+00
2.969000000000000000e+03 -3.059902429580688477e+00
2.970000000000000000e+03 -3.076848268508911133e+00
2.971000000000000000e+03 -3.033139705657958984e+00
2.972000000000000000e+03 -3.074831724166870117e+00
2.973000000000000000e+03 -3.069031000137329102e+00
2.974000000000000000e+03 -3.047021389007568359e+00
2.975000000000000000e+03 -3.058635234832763672e+00
2.976000000000000000e+03 -3.035414695739746094e+00
2.977000000000000000e+03 -3.076122283935546875e+00
2.978000000000000000e+03 -3.039381980895996094e+00
2.979000000000000000e+03 -3.061118125915527344e+00
2.980000000000000000e+03 -3.053387403488159180e+00
2.981000000000000000e+03 -3.082073450088500977e+00
2.982000000000000000e+03 -3.083040714263916016e+00
2.983000000000000000e+03 -3.011145591735839844e+00
2.984000000000000000e+03 -3.041164636611938477e+00
2.985000000000000000e+03 -3.009076833724975586e+00
2.986000000000000000e+03 -3.036976814270019531e+00
2.987000000000000000e+03 -3.004616498947143555e+00
2.988000000000000000e+03 -3.029185533523559570e+00
2.989000000000000000e+03 -3.032671213150024414e+00
2.990000000000000000e+03 -3.084342241287231445e+00
2.991000000000000000e+03 -3.048306703567504883e+00
2.992000000000000000e+03 -3.066583395004272461e+00
2.993000000000000000e+03 -3.049198865890502930e+00
2.994000000000000000e+03 -3.070198297500610352e+00
2.995000000000000000e+03 -3.084344863891601562e+00
2.996000000000000000e+03 -3.089266538619995117e+00
2.997000000000000000e+03 -3.049592971801757812e+00
2.998000000000000000e+03 -3.024715185165405273e+00
2.999000000000000000e+03 -3.025701761245727539e+00
3.000000000000000000e+03 -3.092373609542846680e+00
3.001000000000000000e+03 -3.068525552749633789e+00
3.002000000000000000e+03 -3.039227962493896484e+00
3.003000000000000000e+03 -3.098517894744873047e+00
3.004000000000000000e+03 -3.128602266311645508e+00
3.005000000000000000e+03 -3.075797319412231445e+00
3.006000000000000000e+03 -3.084437370300292969e+00
3.007000000000000000e+03 -3.071970701217651367e+00
3.008000000000000000e+03 -3.054964542388916016e+00
3.009000000000000000e+03 -3.029870271682739258e+00
3.010000000000000000e+03 -2.994922876358032227e+00
3.011000000000000000e+03 -3.012387990951538086e+00
3.012000000000000000e+03 -2.988754749298095703e+00
3.013000000000000000e+03 -2.995070457458496094e+00
3.014000000000000000e+03 -3.004720926284790039e+00
3.015000000000000000e+03 -3.014202833175659180e+00
3.016000000000000000e+03 -2.991174936294555664e+00
3.017000000000000000e+03 -2.963513851165771484e+00
3.018000000000000000e+03 -2.998214960098266602e+00
3.019000000000000000e+03 -2.979408740997314453e+00
3.020000000000000000e+03 -2.989212274551391602e+00
3.021000000000000000e+03 -2.949421644210815430e+00
3.022000000000000000e+03 -3.000862836837768555e+00
3.023000000000000000e+03 -3.014349699020385742e+00
3.024000000000000000e+03 -2.973634958267211914e+00
3.025000000000000000e+03 -2.996385335922241211e+00
3.026000000000000000e+03 -3.008702754974365234e+00
3.027000000000000000e+03 -2.998410224914550781e+00
3.028000000000000000e+03 -2.982143402099609375e+00
3.029000000000000000e+03 -2.958479404449462891e+00
3.030000000000000000e+03 -2.991761684417724609e+00
3.031000000000000000e+03 -2.973293542861938477e+00
3.032000000000000000e+03 -2.956323385238647461e+00
3.033000000000000000e+03 -2.956519603729248047e+00
3.034000000000000000e+03 -2.965616464614868164e+00
3.035000000000000000e+03 -2.943747520446777344e+00
3.036000000000000000e+03 -2.951189517974853516e+00
3.037000000000000000e+03 -2.947552204132080078e+00
3.038000000000000000e+03 -2.950413703918457031e+00
3.039000000000000000e+03 -2.909181118011474609e+00
3.040000000000000000e+03 -2.943825960159301758e+00
3.041000000000000000e+03 -2.969161987304687500e+00
3.042000000000000000e+03 -2.983119487762451172e+00
3.043000000000000000e+03 -3.008886337280273438e+00
3.044000000000000000e+03 -2.973869800567626953e+00
3.045000000000000000e+03 -2.979487657546997070e+00
3.046000000000000000e+03 -2.952360630035400391e+00
3.047000000000000000e+03 -2.953748941421508789e+00
3.048000000000000000e+03 -2.944315433502197266e+00
3.049000000000000000e+03 -2.984039306640625000e+00
3.050000000000000000e+03 -2.977427959442138672e+00
3.051000000000000000e+03 -2.983605146408081055e+00
3.052000000000000000e+03 -2.986330032348632812e+00
3.053000000000000000e+03 -3.012356519699096680e+00
3.054000000000000000e+03 -2.990094184875488281e+00
3.055000000000000000e+03 -2.908805131912231445e+00
3.056000000000000000e+03 -2.965418338775634766e+00
3.057000000000000000e+03 -2.982918262481689453e+00
3.058000000000000000e+03 -2.994505405426025391e+00
3.059000000000000000e+03 -2.967750310897827148e+00
3.060000000000000000e+03 -2.966303348541259766e+00
3.061000000000000000e+03 -3.037723064422607422e+00
3.062000000000000000e+03 -2.973505020141601562e+00
3.063000000000000000e+03 -2.982681512832641602e+00
3.064000000000000000e+03 -3.006644248962402344e+00
3.065000000000000000e+03 -3.003685474395751953e+00
3.066000000000000000e+03 -3.021229982376098633e+00
3.067000000000000000e+03 -2.988300085067749023e+00
3.068000000000000000e+03 -2.979587078094482422e+00
3.069000000000000000e+03 -2.962513923645019531e+00
3.070000000000000000e+03 -2.962926387786865234e+00
3.071000000000000000e+03 -2.978323936462402344e+00
3.072000000000000000e+03 -2.995265007019042969e+00
3.073000000000000000e+03 -3.021760940551757812e+00
3.074000000000000000e+03 -2.974885463714599609e+00
3.075000000000000000e+03 -2.955127716064453125e+00
3.076000000000000000e+03 -2.956907749176025391e+00
3.077000000000000000e+03 -2.983459472656250000e+00
3.078000000000000000e+03 -2.973814249038696289e+00
3.079000000000000000e+03 -2.997799634933471680e+00
3.080000000000000000e+03 -2.976999998092651367e+00
3.081000000000000000e+03 -2.995121955871582031e+00
3.082000000000000000e+03 -2.982735872268676758e+00
3.083000000000000000e+03 -3.021115779876708984e+00
3.084000000000000000e+03 -3.023400783538818359e+00
3.085000000000000000e+03 -3.006781816482543945e+00
3.086000000000000000e+03 -3.040699958801269531e+00
3.087000000000000000e+03 -3.022665739059448242e+00
3.088000000000000000e+03 -3.060139656066894531e+00
3.089000000000000000e+03 -3.023824214935302734e+00
3.090000000000000000e+03 -2.993337154388427734e+00
3.091000000000000000e+03 -2.971706867218017578e+00
3.092000000000000000e+03 -2.960712194442749023e+00
3.093000000000000000e+03 -2.951462745666503906e+00
3.094000000000000000e+03 -2.995805978775024414e+00
3.095000000000000000e+03 -3.019856929779052734e+00
3.096000000000000000e+03 -3.000430583953857422e+00
3.097000000000000000e+03 -2.991928100585937500e+00
3.098000000000000000e+03 -3.038195848464965820e+00
3.099000000000000000e+03 -3.013927221298217773e+00
3.100000000000000000e+03 -3.012325286865234375e+00
3.101000000000000000e+03 -2.995631694793701172e+00
3.102000000000000000e+03 -3.002683162689208984e+00
3.103000000000000000e+03 -2.963960886001586914e+00
3.104000000000000000e+03 -3.002806663513183594e+00
3.105000000000000000e+03 -2.983797073364257812e+00
3.106000000000000000e+03 -2.962029457092285156e+00
3.107000000000000000e+03 -2.992516517639160156e+00
3.108000000000000000e+03 -3.003316402435302734e+00
3.109000000000000000e+03 -3.022465467453002930e+00
3.110000000000000000e+03 -2.980147123336791992e+00
3.111000000000000000e+03 -2.976428508758544922e+00
3.112000000000000000e+03 -2.998255014419555664e+00
3.113000000000000000e+03 -2.987189292907714844e+00
3.114000000000000000e+03 -3.032994270324707031e+00
3.115000000000000000e+03 -2.944584608078002930e+00
3.116000000000000000e+03 -2.991906166076660156e+00
3.117000000000000000e+03 -2.958794832229614258e+00
3.118000000000000000e+03 -2.959253549575805664e+00
3.119000000000000000e+03 -2.934046983718872070e+00
3.120000000000000000e+03 -2.946807622909545898e+00
3.121000000000000000e+03 -2.902519702911376953e+00
3.122000000000000000e+03 -2.938893795013427734e+00
3.123000000000000000e+03 -2.962115049362182617e+00
3.124000000000000000e+03 -2.983218193054199219e+00
3.125000000000000000e+03 -2.964748620986938477e+00
3.126000000000000000e+03 -2.974362611770629883e+00
3.127000000000000000e+03 -2.969264030456542969e+00
3.128000000000000000e+03 -2.961361169815063477e+00
3.129000000000000000e+03 -2.951607465744018555e+00
3.130000000000000000e+03 -2.912065982818603516e+00
3.131000000000000000e+03 -2.894831657409667969e+00
3.132000000000000000e+03 -2.916897058486938477e+00
3.133000000000000000e+03 -2.899743318557739258e+00
3.134000000000000000e+03 -2.957184076309204102e+00
3.135000000000000000e+03 -2.971083164215087891e+00
3.136000000000000000e+03 -2.933694124221801758e+00
3.137000000000000000e+03 -2.956008434295654297e+00
3.138000000000000000e+03 -2.910914182662963867e+00
3.139000000000000000e+03 -2.889089107513427734e+00
3.140000000000000000e+03 -2.866313457489013672e+00
3.141000000000000000e+03 -2.906728506088256836e+00
3.142000000000000000e+03 -2.909104585647583008e+00
3.143000000000000000e+03 -2.903564929962158203e+00
3.144000000000000000e+03 -2.926970243453979492e+00
3.145000000000000000e+03 -2.921932220458984375e+00
3.146000000000000000e+03 -2.951637268066406250e+00
3.147000000000000000e+03 -2.981518983840942383e+00
3.148000000000000000e+03 -2.969382047653198242e+00
3.149000000000000000e+03 -2.914326906204223633e+00
3.150000000000000000e+03 -2.917897224426269531e+00
3.151000000000000000e+03 -2.951627492904663086e+00
3.152000000000000000e+03 -2.918605804443359375e+00
3.153000000000000000e+03 -2.934546947479248047e+00
3.154000000000000000e+03 -2.935820341110229492e+00
3.155000000000000000e+03 -2.907261133193969727e+00
3.156000000000000000e+03 -2.896630287170410156e+00
3.157000000000000000e+03 -2.933859109878540039e+00
3.158000000000000000e+03 -2.896678209304809570e+00
3.159000000000000000e+03 -2.919024467468261719e+00
3.160000000000000000e+03 -2.900889873504638672e+00
3.161000000000000000e+03 -2.913655042648315430e+00
3.162000000000000000e+03 -2.963563442230224609e+00
3.163000000000000000e+03 -2.964349031448364258e+00
3.164000000000000000e+03 -2.963709115982055664e+00
3.165000000000000000e+03 -2.921344280242919922e+00
3.166000000000000000e+03 -2.932299375534057617e+00
3.167000000000000000e+03 -2.954801082611083984e+00
3.168000000000000000e+03 -2.950999259948730469e+00
3.169000000000000000e+03 -2.959180355072021484e+00
3.170000000000000000e+03 -2.973141193389892578e+00
3.171000000000000000e+03 -2.946067333221435547e+00
3.172000000000000000e+03 -2.919663429260253906e+00
3.173000000000000000e+03 -2.920074224472045898e+00
3.174000000000000000e+03 -2.982319355010986328e+00
3.175000000000000000e+03 -2.969333887100219727e+00
3.176000000000000000e+03 -2.994551420211791992e+00
3.177000000000000000e+03 -3.004581928253173828e+00
3.178000000000000000e+03 -3.001046657562255859e+00
3.179000000000000000e+03 -3.009392738342285156e+00
3.180000000000000000e+03 -3.032461166381835938e+00
3.181000000000000000e+03 -3.004895687103271484e+00
3.182000000000000000e+03 -2.981395483016967773e+00
3.183000000000000000e+03 -3.039244174957275391e+00
3.184000000000000000e+03 -3.059110879898071289e+00
3.185000000000000000e+03 -3.011168003082275391e+00
3.186000000000000000e+03 -3.010078430175781250e+00
3.187000000000000000e+03 -3.039127111434936523e+00
3.188000000000000000e+03 -2.994964361190795898e+00
3.189000000000000000e+03 -2.996071815490722656e+00
3.190000000000000000e+03 -2.987246990203857422e+00
3.191000000000000000e+03 -3.025361776351928711e+00
3.192000000000000000e+03 -2.999401569366455078e+00
3.193000000000000000e+03 -3.025500297546386719e+00
3.194000000000000000e+03 -3.030984401702880859e+00
3.195000000000000000e+03 -3.038973808288574219e+00
3.196000000000000000e+03 -3.034333705902099609e+00
3.197000000000000000e+03 -3.015499114990234375e+00
3.198000000000000000e+03 -3.004576683044433594e+00
3.199000000000000000e+03 -3.000566005706787109e+00
3.200000000000000000e+03 -3.010544061660766602e+00
3.201000000000000000e+03 -3.046769142150878906e+00
3.202000000000000000e+03 -3.031192541122436523e+00
3.203000000000000000e+03 -3.055814743041992188e+00
3.204000000000000000e+03 -3.013404369354248047e+00
3.205000000000000000e+03 -3.013210773468017578e+00
3.206000000000000000e+03 -2.999909639358520508e+00
3.207000000000000000e+03 -2.997092962265014648e+00
3.208000000000000000e+03 -3.020115852355957031e+00
3.209000000000000000e+03 -3.004386901855468750e+00
3.210000000000000000e+03 -2.997989416122436523e+00
3.211000000000000000e+03 -3.021371126174926758e+00
3.212000000000000000e+03 -3.008669376373291016e+00
3.213000000000000000e+03 -2.991304636001586914e+00
3.214000000000000000e+03 -3.007541656494140625e+00
3.215000000000000000e+03 -3.039409160614013672e+00
3.216000000000000000e+03 -3.023310899734497070e+00
3.217000000000000000e+03 -3.023569107055664062e+00
3.218000000000000000e+03 -3.036268234252929688e+00
3.219000000000000000e+03 -3.020509958267211914e+00
3.220000000000000000e+03 -3.006348848342895508e+00
3.221000000000000000e+03 -3.028702735900878906e+00
3.222000000000000000e+03 -3.001392841339111328e+00
3.223000000000000000e+03 -2.983241081237792969e+00
3.224000000000000000e+03 -3.008889913558959961e+00
3.225000000000000000e+03 -3.012450695037841797e+00
3.226000000000000000e+03 -3.043609857559204102e+00
3.227000000000000000e+03 -3.008751630783081055e+00
3.228000000000000000e+03 -2.992632150650024414e+00
3.229000000000000000e+03 -2.990464210510253906e+00
3.230000000000000000e+03 -2.993507146835327148e+00
3.231000000000000000e+03 -3.020138263702392578e+00
3.232000000000000000e+03 -3.014226675033569336e+00
3.233000000000000000e+03 -3.012764692306518555e+00
3.234000000000000000e+03 -2.969669580459594727e+00
3.235000000000000000e+03 -3.026163339614868164e+00
3.236000000000000000e+03 -2.998200893402099609e+00
3.237000000000000000e+03 -2.990012407302856445e+00
3.238000000000000000e+03 -2.980240583419799805e+00
3.239000000000000000e+03 -2.984822511672973633e+00
3.240000000000000000e+03 -2.922928333282470703e+00
3.241000000000000000e+03 -2.958593368530273438e+00
3.242000000000000000e+03 -2.962020635604858398e+00
3.243000000000000000e+03 -2.942343711853027344e+00
3.244000000000000000e+03 -2.944169521331787109e+00
3.245000000000000000e+03 -3.001821994781494141e+00
3.246000000000000000e+03 -2.947685956954956055e+00
3.247000000000000000e+03 -2.919748067855834961e+00
3.248000000000000000e+03 -2.921227216720581055e+00
3.249000000000000000e+03 -2.918453693389892578e+00
3.250000000000000000e+03 -2.979466199874877930e+00
3.251000000000000000e+03 -2.989325046539306641e+00
3.252000000000000000e+03 -3.013537645339965820e+00
3.253000000000000000e+03 -3.017037868499755859e+00
3.254000000000000000e+03 -2.976167678833007812e+00
3.255000000000000000e+03 -2.983376502990722656e+00
3.256000000000000000e+03 -2.991120338439941406e+00
3.257000000000000000e+03 -2.986857414245605469e+00
3.258000000000000000e+03 -2.927114725112915039e+00
3.259000000000000000e+03 -2.979662179946899414e+00
3.260000000000000000e+03 -2.970634222030639648e+00
3.261000000000000000e+03 -2.995081901550292969e+00
3.262000000000000000e+03 -2.952776432037353516e+00
3.263000000000000000e+03 -2.991881370544433594e+00
3.264000000000000000e+03 -2.926092386245727539e+00
3.265000000000000000e+03 -3.000741481781005859e+00
3.266000000000000000e+03 -2.967480421066284180e+00
3.267000000000000000e+03 -2.978383541107177734e+00
3.268000000000000000e+03 -3.031569480895996094e+00
3.269000000000000000e+03 -3.010525941848754883e+00
3.270000000000000000e+03 -2.996618509292602539e+00
3.271000000000000000e+03 -2.974030971527099609e+00
3.272000000000000000e+03 -2.980283975601196289e+00
3.273000000000000000e+03 -2.986530542373657227e+00
3.274000000000000000e+03 -2.967027664184570312e+00
3.275000000000000000e+03 -2.966046810150146484e+00
3.276000000000000000e+03 -3.008716821670532227e+00
3.277000000000000000e+03 -2.974453926086425781e+00
3.278000000000000000e+03 -2.972838163375854492e+00
3.279000000000000000e+03 -2.980079889297485352e+00
3.280000000000000000e+03 -2.954715013504028320e+00
3.281000000000000000e+03 -2.960824966430664062e+00
3.282000000000000000e+03 -2.920195817947387695e+00
3.283000000000000000e+03 -2.906685352325439453e+00
3.284000000000000000e+03 -2.875629425048828125e+00
3.285000000000000000e+03 -2.934772968292236328e+00
3.286000000000000000e+03 -2.922113180160522461e+00
3.287000000000000000e+03 -2.877723217010498047e+00
3.288000000000000000e+03 -2.914552450180053711e+00
3.289000000000000000e+03 -2.888847112655639648e+00
3.290000000000000000e+03 -2.882174730300903320e+00
3.291000000000000000e+03 -2.905556678771972656e+00
3.292000000000000000e+03 -2.848903656005859375e+00
3.293000000000000000e+03 -2.897154092788696289e+00
3.294000000000000000e+03 -2.885605096817016602e+00
3.295000000000000000e+03 -2.846213579177856445e+00
3.296000000000000000e+03 -2.877528190612792969e+00
3.297000000000000000e+03 -2.863004446029663086e+00
3.298000000000000000e+03 -2.940776586532592773e+00
3.299000000000000000e+03 -2.902688026428222656e+00
3.300000000000000000e+03 -2.840701341629028320e+00
3.301000000000000000e+03 -2.875960826873779297e+00
3.302000000000000000e+03 -2.868508338928222656e+00
3.303000000000000000e+03 -2.842533349990844727e+00
3.304000000000000000e+03 -2.838857889175415039e+00
3.305000000000000000e+03 -2.844660758972167969e+00
3.306000000000000000e+03 -2.901623487472534180e+00
3.307000000000000000e+03 -2.897795677185058594e+00
3.308000000000000000e+03 -2.874519109725952148e+00
3.309000000000000000e+03 -2.921722173690795898e+00
3.310000000000000000e+03 -2.925723552703857422e+00
3.311000000000000000e+03 -2.942949771881103516e+00
3.312000000000000000e+03 -2.951771020889282227e+00
3.313000000000000000e+03 -2.972018003463745117e+00
3.314000000000000000e+03 -2.938545942306518555e+00
3.315000000000000000e+03 -2.897920608520507812e+00
3.316000000000000000e+03 -2.900708675384521484e+00
3.317000000000000000e+03 -2.900988340377807617e+00
3.318000000000000000e+03 -2.911339521408081055e+00
3.319000000000000000e+03 -2.923091650009155273e+00
3.320000000000000000e+03 -2.965530633926391602e+00
3.321000000000000000e+03 -2.951268196105957031e+00
3.322000000000000000e+03 -2.940969705581665039e+00
3.323000000000000000e+03 -2.885166168212890625e+00
3.324000000000000000e+03 -2.926150321960449219e+00
3.325000000000000000e+03 -2.939846515655517578e+00
3.326000000000000000e+03 -2.914760828018188477e+00
3.327000000000000000e+03 -2.952139139175415039e+00
3.328000000000000000e+03 -2.930432081222534180e+00
3.329000000000000000e+03 -2.901699542999267578e+00
3.330000000000000000e+03 -2.913425683975219727e+00
3.331000000000000000e+03 -2.917567014694213867e+00
3.332000000000000000e+03 -2.923671007156372070e+00
3.333000000000000000e+03 -2.905826568603515625e+00
3.334000000000000000e+03 -2.928814172744750977e+00
3.335000000000000000e+03 -2.893992662429809570e+00
3.336000000000000000e+03 -2.881744623184204102e+00
3.337000000000000000e+03 -2.937692403793334961e+00
3.338000000000000000e+03 -2.950027942657470703e+00
3.339000000000000000e+03 -2.914693355560302734e+00
3.340000000000000000e+03 -2.939478397369384766e+00
3.341000000000000000e+03 -2.907103061676025391e+00
3.342000000000000000e+03 -2.913834333419799805e+00
3.343000000000000000e+03 -2.944935083389282227e+00
3.344000000000000000e+03 -2.943380832672119141e+00
3.345000000000000000e+03 -2.951246738433837891e+00
3.346000000000000000e+03 -2.947138309478759766e+00
3.347000000000000000e+03 -2.972304344177246094e+00
3.348000000000000000e+03 -2.975646495819091797e+00
3.349000000000000000e+03 -2.970303297042846680e+00
3.350000000000000000e+03 -2.959176540374755859e+00
3.351000000000000000e+03 -2.975097656250000000e+00
3.352000000000000000e+03 -2.961364746093750000e+00
3.353000000000000000e+03 -2.952600955963134766e+00
3.354000000000000000e+03 -2.929364442825317383e+00
3.355000000000000000e+03 -2.913346529006958008e+00
3.356000000000000000e+03 -2.951091527938842773e+00
3.357000000000000000e+03 -2.912905454635620117e+00
3.358000000000000000e+03 -2.930927753448486328e+00
3.359000000000000000e+03 -2.962626457214355469e+00
3.360000000000000000e+03 -2.934592962265014648e+00
3.361000000000000000e+03 -2.959115982055664062e+00
3.362000000000000000e+03 -2.960423231124877930e+00
3.363000000000000000e+03 -3.005228042602539062e+00
3.364000000000000000e+03 -2.989212751388549805e+00
3.365000000000000000e+03 -2.986786842346191406e+00
3.366000000000000000e+03 -3.010509490966796875e+00
3.367000000000000000e+03 -2.941447734832763672e+00
3.368000000000000000e+03 -2.934026718139648438e+00
3.369000000000000000e+03 -2.973297834396362305e+00
3.370000000000000000e+03 -3.035178661346435547e+00
3.371000000000000000e+03 -3.008316278457641602e+00
3.372000000000000000e+03 -3.008863925933837891e+00
3.373000000000000000e+03 -2.978357791900634766e+00
3.374000000000000000e+03 -3.003745317459106445e+00
3.375000000000000000e+03 -2.983057260513305664e+00
3.376000000000000000e+03 -2.989183425903320312e+00
3.377000000000000000e+03 -2.991786003112792969e+00
3.378000000000000000e+03 -3.018161535263061523e+00
3.379000000000000000e+03 -2.984493494033813477e+00
3.380000000000000000e+03 -2.988714456558227539e+00
3.381000000000000000e+03 -2.974370479583740234e+00
3.382000000000000000e+03 -2.967170476913452148e+00
3.383000000000000000e+03 -2.945186614990234375e+00
3.384000000000000000e+03 -2.980827331542968750e+00
3.385000000000000000e+03 -2.945592164993286133e+00
3.386000000000000000e+03 -2.956250905990600586e+00
3.387000000000000000e+03 -2.932322263717651367e+00
3.388000000000000000e+03 -2.940269947052001953e+00
3.389000000000000000e+03 -2.948611736297607422e+00
3.390000000000000000e+03 -2.986432313919067383e+00
3.391000000000000000e+03 -2.934154272079467773e+00
3.392000000000000000e+03 -2.906202077865600586e+00
3.393000000000000000e+03 -2.934021949768066406e+00
3.394000000000000000e+03 -2.972797393798828125e+00
3.395000000000000000e+03 -2.949717044830322266e+00
3.396000000000000000e+03 -3.029639005661010742e+00
3.397000000000000000e+03 -2.976464271545410156e+00
3.398000000000000000e+03 -2.970504522323608398e+00
3.399000000000000000e+03 -2.983967781066894531e+00
3.400000000000000000e+03 -2.989960670471191406e+00
3.401000000000000000e+03 -2.983235120773315430e+00
3.402000000000000000e+03 -2.945197582244873047e+00
3.403000000000000000e+03 -2.911806821823120117e+00
3.404000000000000000e+03 -2.951369047164916992e+00
3.405000000000000000e+03 -2.920835971832275391e+00
3.406000000000000000e+03 -2.955131292343139648e+00
3.407000000000000000e+03 -2.969380617141723633e+00
3.408000000000000000e+03 -2.930117368698120117e+00
3.409000000000000000e+03 -2.901136875152587891e+00
3.410000000000000000e+03 -2.952561140060424805e+00
3.411000000000000000e+03 -2.950127601623535156e+00
3.412000000000000000e+03 -2.932318925857543945e+00
3.413000000000000000e+03 -2.963882446289062500e+00
3.414000000000000000e+03 -2.962964296340942383e+00
3.415000000000000000e+03 -3.005942583084106445e+00
3.416000000000000000e+03 -2.965648174285888672e+00
3.417000000000000000e+03 -3.006246328353881836e+00
3.418000000000000000e+03 -2.967856168746948242e+00
3.419000000000000000e+03 -2.961224794387817383e+00
3.420000000000000000e+03 -3.003384828567504883e+00
3.421000000000000000e+03 -2.964640617370605469e+00
3.422000000000000000e+03 -2.968877553939819336e+00
3.423000000000000000e+03 -2.990002393722534180e+00
3.424000000000000000e+03 -3.018772602081298828e+00
3.425000000000000000e+03 -3.021466493606567383e+00
3.426000000000000000e+03 -3.039868116378784180e+00
3.427000000000000000e+03 -2.980145931243896484e+00
3.428000000000000000e+03 -2.987422466278076172e+00
3.429000000000000000e+03 -2.973721027374267578e+00
3.430000000000000000e+03 -2.964423656463623047e+00
3.431000000000000000e+03 -2.983686208724975586e+00
3.432000000000000000e+03 -2.989655256271362305e+00
3.433000000000000000e+03 -2.989377021789550781e+00
3.434000000000000000e+03 -2.989504098892211914e+00
3.435000000000000000e+03 -3.010679483413696289e+00
3.436000000000000000e+03 -2.967030048370361328e+00
3.437000000000000000e+03 -2.946362972259521484e+00
3.438000000000000000e+03 -2.931026697158813477e+00
3.439000000000000000e+03 -2.971124172210693359e+00
3.440000000000000000e+03 -2.963874340057373047e+00
3.441000000000000000e+03 -2.943958520889282227e+00
3.442000000000000000e+03 -2.947931766510009766e+00
3.443000000000000000e+03 -2.962206363677978516e+00
3.444000000000000000e+03 -2.971009731292724609e+00
3.445000000000000000e+03 -2.971410512924194336e+00
3.446000000000000000e+03 -3.002670288085937500e+00
3.447000000000000000e+03 -3.034177303314208984e+00
3.448000000000000000e+03 -2.987693071365356445e+00
3.449000000000000000e+03 -2.972354173660278320e+00
3.450000000000000000e+03 -2.956221103668212891e+00
3.451000000000000000e+03 -3.010093688964843750e+00
3.452000000000000000e+03 -3.021756410598754883e+00
3.453000000000000000e+03 -2.940441608428955078e+00
3.454000000000000000e+03 -2.986375093460083008e+00
3.455000000000000000e+03 -2.991997241973876953e+00
3.456000000000000000e+03 -2.989881038665771484e+00
3.457000000000000000e+03 -3.002181529998779297e+00
3.458000000000000000e+03 -2.952714681625366211e+00
3.459000000000000000e+03 -3.004747152328491211e+00
3.460000000000000000e+03 -2.947172641754150391e+00
3.461000000000000000e+03 -2.948514223098754883e+00
3.462000000000000000e+03 -2.951018810272216797e+00
3.463000000000000000e+03 -2.937937736511230469e+00
3.464000000000000000e+03 -2.942276954650878906e+00
3.465000000000000000e+03 -2.925138473510742188e+00
3.466000000000000000e+03 -2.948506116867065430e+00
3.467000000000000000e+03 -2.970273017883300781e+00
3.468000000000000000e+03 -2.996129989624023438e+00
3.469000000000000000e+03 -2.930851221084594727e+00
3.470000000000000000e+03 -2.980094194412231445e+00
3.471000000000000000e+03 -2.964532613754272461e+00
3.472000000000000000e+03 -2.948873758316040039e+00
3.473000000000000000e+03 -2.950045108795166016e+00
3.474000000000000000e+03 -2.901973009109497070e+00
3.475000000000000000e+03 -2.928138971328735352e+00
3.476000000000000000e+03 -2.932758808135986328e+00
3.477000000000000000e+03 -2.909027576446533203e+00
3.478000000000000000e+03 -2.886582612991333008e+00
3.479000000000000000e+03 -2.949185371398925781e+00
3.480000000000000000e+03 -2.893953561782836914e+00
3.481000000000000000e+03 -2.905684947967529297e+00
3.482000000000000000e+03 -2.925295829772949219e+00
3.483000000000000000e+03 -2.912084341049194336e+00
3.484000000000000000e+03 -2.891587734222412109e+00
3.485000000000000000e+03 -2.857783317565917969e+00
3.486000000000000000e+03 -2.879259824752807617e+00
3.487000000000000000e+03 -2.904222488403320312e+00
3.488000000000000000e+03 -2.910887718200683594e+00
3.489000000000000000e+03 -2.902921915054321289e+00
3.490000000000000000e+03 -2.898193120956420898e+00
3.491000000000000000e+03 -2.891874551773071289e+00
3.492000000000000000e+03 -2.901989698410034180e+00
3.493000000000000000e+03 -2.951841592788696289e+00
3.494000000000000000e+03 -2.926835536956787109e+00
3.495000000000000000e+03 -2.892894268035888672e+00
3.496000000000000000e+03 -2.913646697998046875e+00
3.497000000000000000e+03 -2.921993494033813477e+00
3.498000000000000000e+03 -2.927779674530029297e+00
3.499000000000000000e+03 -2.989946842193603516e+00
3.500000000000000000e+03 -2.900055646896362305e+00
3.501000000000000000e+03 -2.937344074249267578e+00
3.502000000000000000e+03 -2.963497638702392578e+00
3.503000000000000000e+03 -2.928276538848876953e+00
3.504000000000000000e+03 -2.926975011825561523e+00
3.505000000000000000e+03 -2.954819917678833008e+00
3.506000000000000000e+03 -2.932784318923950195e+00
3.507000000000000000e+03 -2.909113645553588867e+00
3.508000000000000000e+03 -2.900283813476562500e+00
3.509000000000000000e+03 -2.928142070770263672e+00
3.510000000000000000e+03 -2.910627841949462891e+00
3.511000000000000000e+03 -2.963673114776611328e+00
3.512000000000000000e+03 -2.917401313781738281e+00
3.513000000000000000e+03 -2.925202131271362305e+00
3.514000000000000000e+03 -2.968826770782470703e+00
3.515000000000000000e+03 -2.917013645172119141e+00
3.516000000000000000e+03 -2.937123775482177734e+00
3.517000000000000000e+03 -2.955369710922241211e+00
3.518000000000000000e+03 -2.923944950103759766e+00
3.519000000000000000e+03 -2.972374439239501953e+00
3.520000000000000000e+03 -2.892118692398071289e+00
3.521000000000000000e+03 -2.945602655410766602e+00
3.522000000000000000e+03 -2.982037544250488281e+00
3.523000000000000000e+03 -2.974506616592407227e+00
3.524000000000000000e+03 -2.955707311630249023e+00
3.525000000000000000e+03 -2.992173433303833008e+00
3.526000000000000000e+03 -2.972005605697631836e+00
3.527000000000000000e+03 -2.970216274261474609e+00
3.528000000000000000e+03 -2.989589452743530273e+00
3.529000000000000000e+03 -2.935888051986694336e+00
3.530000000000000000e+03 -2.948715686798095703e+00
3.531000000000000000e+03 -2.985259532928466797e+00
3.532000000000000000e+03 -2.991906881332397461e+00
3.533000000000000000e+03 -3.019092559814453125e+00
3.534000000000000000e+03 -3.011951208114624023e+00
3.535000000000000000e+03 -2.977965354919433594e+00
3.536000000000000000e+03 -2.946310043334960938e+00
3.537000000000000000e+03 -2.913865089416503906e+00
3.538000000000000000e+03 -2.938647985458374023e+00
3.539000000000000000e+03 -2.899880647659301758e+00
3.540000000000000000e+03 -2.953108310699462891e+00
3.541000000000000000e+03 -2.894166707992553711e+00
3.542000000000000000e+03 -2.920539140701293945e+00
3.543000000000000000e+03 -2.909349918365478516e+00
3.544000000000000000e+03 -2.937199354171752930e+00
3.545000000000000000e+03 -2.935820817947387695e+00
3.546000000000000000e+03 -2.937595129013061523e+00
3.547000000000000000e+03 -2.915718078613281250e+00
3.548000000000000000e+03 -2.921998262405395508e+00
3.549000000000000000e+03 -2.923561811447143555e+00
3.550000000000000000e+03 -2.913560628890991211e+00
3.551000000000000000e+03 -2.917939424514770508e+00
3.552000000000000000e+03 -2.935806751251220703e+00
3.553000000000000000e+03 -2.906403303146362305e+00
3.554000000000000000e+03 -2.948544979095458984e+00
3.555000000000000000e+03 -2.886144161224365234e+00
3.556000000000000000e+03 -2.921752214431762695e+00
3.557000000000000000e+03 -2.889826536178588867e+00
3.558000000000000000e+03 -2.909483671188354492e+00
3.559000000000000000e+03 -2.947894334793090820e+00
3.560000000000000000e+03 -2.888715028762817383e+00
3.561000000000000000e+03 -2.903873682022094727e+00
3.562000000000000000e+03 -2.892075300216674805e+00
3.563000000000000000e+03 -2.885464906692504883e+00
3.564000000000000000e+03 -2.879534482955932617e+00
3.565000000000000000e+03 -2.922486782073974609e+00
3.566000000000000000e+03 -2.893560647964477539e+00
3.567000000000000000e+03 -2.915346384048461914e+00
3.568000000000000000e+03 -2.883992671966552734e+00
3.569000000000000000e+03 -2.896407365798950195e+00
3.570000000000000000e+03 -2.912980079650878906e+00
3.571000000000000000e+03 -2.857491016387939453e+00
3.572000000000000000e+03 -2.924767732620239258e+00
3.573000000000000000e+03 -2.873206138610839844e+00
3.574000000000000000e+03 -2.857521057128906250e+00
3.575000000000000000e+03 -2.873853445053100586e+00
3.576000000000000000e+03 -2.884903669357299805e+00
3.577000000000000000e+03 -2.855394124984741211e+00
3.578000000000000000e+03 -2.856538295745849609e+00
3.579000000000000000e+03 -2.913687705993652344e+00
3.580000000000000000e+03 -2.906119585037231445e+00
3.581000000000000000e+03 -2.883754253387451172e+00
3.582000000000000000e+03 -2.884429693222045898e+00
3.583000000000000000e+03 -2.937963008880615234e+00
3.584000000000000000e+03 -2.916325092315673828e+00
3.585000000000000000e+03 -2.918747901916503906e+00
3.586000000000000000e+03 -2.955036163330078125e+00
3.587000000000000000e+03 -2.923954486846923828e+00
3.588000000000000000e+03 -2.940446138381958008e+00
3.589000000000000000e+03 -2.915985345840454102e+00
3.590000000000000000e+03 -2.931884527206420898e+00
3.591000000000000000e+03 -2.916657686233520508e+00
3.592000000000000000e+03 -2.987501144409179688e+00
3.593000000000000000e+03 -2.932924747467041016e+00
3.594000000000000000e+03 -2.924970626831054688e+00
3.595000000000000000e+03 -2.906373023986816406e+00
3.596000000000000000e+03 -2.936782598495483398e+00
3.597000000000000000e+03 -2.918332099914550781e+00
3.598000000000000000e+03 -2.955049276351928711e+00
3.599000000000000000e+03 -2.901921272277832031e+00
3.600000000000000000e+03 -2.938861608505249023e+00
3.601000000000000000e+03 -2.882040262222290039e+00
3.602000000000000000e+03 -2.915163993835449219e+00
3.603000000000000000e+03 -2.912524938583374023e+00
3.604000000000000000e+03 -2.856274366378784180e+00
3.605000000000000000e+03 -2.914941787719726562e+00
3.606000000000000000e+03 -2.949353218078613281e+00
3.607000000000000000e+03 -2.969116687774658203e+00
3.608000000000000000e+03 -2.952902078628540039e+00
3.609000000000000000e+03 -2.934796571731567383e+00
3.610000000000000000e+03 -2.931630849838256836e+00
3.611000000000000000e+03 -2.895031452178955078e+00
3.612000000000000000e+03 -2.918616294860839844e+00
3.613000000000000000e+03 -2.936097621917724609e+00
3.614000000000000000e+03 -2.926153421401977539e+00
3.615000000000000000e+03 -2.934063434600830078e+00
3.616000000000000000e+03 -2.931604385375976562e+00
3.617000000000000000e+03 -2.920495271682739258e+00
3.618000000000000000e+03 -2.934230089187622070e+00
3.619000000000000000e+03 -2.955321073532104492e+00
3.620000000000000000e+03 -2.874516487121582031e+00
3.621000000000000000e+03 -2.945857524871826172e+00
3.622000000000000000e+03 -2.935519933700561523e+00
3.623000000000000000e+03 -2.933662891387939453e+00
3.624000000000000000e+03 -2.950928211212158203e+00
3.625000000000000000e+03 -2.920059442520141602e+00
3.626000000000000000e+03 -2.968633890151977539e+00
3.627000000000000000e+03 -2.899597644805908203e+00
3.628000000000000000e+03 -2.971374273300170898e+00
3.629000000000000000e+03 -2.946989059448242188e+00
3.630000000000000000e+03 -2.947637081146240234e+00
3.631000000000000000e+03 -2.961596250534057617e+00
3.632000000000000000e+03 -2.946904182434082031e+00
3.633000000000000000e+03 -2.925618171691894531e+00
3.634000000000000000e+03 -2.934405326843261719e+00
3.635000000000000000e+03 -2.906442165374755859e+00
3.636000000000000000e+03 -2.964554548263549805e+00
3.637000000000000000e+03 -2.955395460128784180e+00
3.638000000000000000e+03 -2.885482788085937500e+00
3.639000000000000000e+03 -2.920947313308715820e+00
3.640000000000000000e+03 -2.880971670150756836e+00
3.641000000000000000e+03 -2.912671327590942383e+00
3.642000000000000000e+03 -2.924586534500122070e+00
3.643000000000000000e+03 -2.937732696533203125e+00
3.644000000000000000e+03 -2.927009582519531250e+00
3.645000000000000000e+03 -2.945960283279418945e+00
3.646000000000000000e+03 -2.930057764053344727e+00
3.647000000000000000e+03 -2.964477777481079102e+00
3.648000000000000000e+03 -3.006495475769042969e+00
3.649000000000000000e+03 -2.984532594680786133e+00
3.650000000000000000e+03 -2.959536075592041016e+00
3.651000000000000000e+03 -2.902770757675170898e+00
3.652000000000000000e+03 -2.925789594650268555e+00
3.653000000000000000e+03 -2.970665693283081055e+00
3.654000000000000000e+03 -2.955425024032592773e+00
3.655000000000000000e+03 -2.950407743453979492e+00
3.656000000000000000e+03 -2.917534828186035156e+00
3.657000000000000000e+03 -2.940138339996337891e+00
3.658000000000000000e+03 -2.974505901336669922e+00
3.659000000000000000e+03 -2.953305244445800781e+00
3.660000000000000000e+03 -2.973938703536987305e+00
3.661000000000000000e+03 -2.967057943344116211e+00
3.662000000000000000e+03 -2.951234817504882812e+00
3.663000000000000000e+03 -2.997310876846313477e+00
3.664000000000000000e+03 -2.955576181411743164e+00
3.665000000000000000e+03 -2.987725019454956055e+00
3.666000000000000000e+03 -3.052712202072143555e+00
3.667000000000000000e+03 -3.007968425750732422e+00
3.668000000000000000e+03 -2.984576225280761719e+00
3.669000000000000000e+03 -3.020606040954589844e+00
3.670000000000000000e+03 -2.995370864868164062e+00
3.671000000000000000e+03 -2.991454124450683594e+00
3.672000000000000000e+03 -2.985159635543823242e+00
3.673000000000000000e+03 -2.992972612380981445e+00
3.674000000000000000e+03 -2.974891185760498047e+00
3.675000000000000000e+03 -2.994611978530883789e+00
3.676000000000000000e+03 -3.000469923019409180e+00
3.677000000000000000e+03 -3.018559694290161133e+00
3.678000000000000000e+03 -3.001656770706176758e+00
3.679000000000000000e+03 -3.023475170135498047e+00
3.680000000000000000e+03 -3.011173248291015625e+00
3.681000000000000000e+03 -2.976741552352905273e+00
3.682000000000000000e+03 -2.984946250915527344e+00
3.683000000000000000e+03 -3.014884233474731445e+00
3.684000000000000000e+03 -2.973563432693481445e+00
3.685000000000000000e+03 -2.971256017684936523e+00
3.686000000000000000e+03 -2.975471735000610352e+00
3.687000000000000000e+03 -2.980464458465576172e+00
3.688000000000000000e+03 -2.970952987670898438e+00
3.689000000000000000e+03 -2.956533193588256836e+00
3.690000000000000000e+03 -2.932847976684570312e+00
3.691000000000000000e+03 -2.939652204513549805e+00
3.692000000000000000e+03 -2.980129718780517578e+00
3.693000000000000000e+03 -2.994259834289550781e+00
3.694000000000000000e+03 -2.934585094451904297e+00
3.695000000000000000e+03 -3.007502079010009766e+00
3.696000000000000000e+03 -2.971611976623535156e+00
3.697000000000000000e+03 -2.973982095718383789e+00
3.698000000000000000e+03 -2.963263750076293945e+00
3.699000000000000000e+03 -2.982578516006469727e+00
3.700000000000000000e+03 -2.958010911941528320e+00
3.701000000000000000e+03 -3.000528812408447266e+00
3.702000000000000000e+03 -2.990520000457763672e+00
3.703000000000000000e+03 -2.960563421249389648e+00
3.704000000000000000e+03 -2.981000661849975586e+00
3.705000000000000000e+03 -3.030638217926025391e+00
3.706000000000000000e+03 -3.003219842910766602e+00
3.707000000000000000e+03 -3.001238346099853516e+00
3.708000000000000000e+03 -3.002480745315551758e+00
3.709000000000000000e+03 -3.022592782974243164e+00
3.710000000000000000e+03 -2.966924905776977539e+00
3.711000000000000000e+03 -3.006302356719970703e+00
3.712000000000000000e+03 -2.981865644454956055e+00
3.713000000000000000e+03 -3.010921955108642578e+00
3.714000000000000000e+03 -2.997712612152099609e+00
3.715000000000000000e+03 -2.973449468612670898e+00
3.716000000000000000e+03 -2.986854314804077148e+00
3.717000000000000000e+03 -2.993240594863891602e+00
3.718000000000000000e+03 -2.966642856597900391e+00
3.719000000000000000e+03 -2.967617988586425781e+00
3.720000000000000000e+03 -2.946102142333984375e+00
3.721000000000000000e+03 -2.942860603332519531e+00
3.722000000000000000e+03 -2.948244810104370117e+00
3.723000000000000000e+03 -2.956066131591796875e+00
3.724000000000000000e+03 -2.950695991516113281e+00
3.725000000000000000e+03 -2.908875226974487305e+00
3.726000000000000000e+03 -2.921054363250732422e+00
3.727000000000000000e+03 -2.935646533966064453e+00
3.728000000000000000e+03 -2.897492408752441406e+00
3.729000000000000000e+03 -2.943311691284179688e+00
3.730000000000000000e+03 -2.906078338623046875e+00
3.731000000000000000e+03 -2.904510498046875000e+00
3.732000000000000000e+03 -2.940021514892578125e+00
3.733000000000000000e+03 -2.927766799926757812e+00
3.734000000000000000e+03 -2.953961610794067383e+00
3.735000000000000000e+03 -2.898074150085449219e+00
3.736000000000000000e+03 -2.879398107528686523e+00
3.737000000000000000e+03 -2.844641923904418945e+00
3.738000000000000000e+03 -2.938828468322753906e+00
3.739000000000000000e+03 -2.913515567779541016e+00
3.740000000000000000e+03 -2.902975320816040039e+00
3.741000000000000000e+03 -2.923588275909423828e+00
3.742000000000000000e+03 -2.904783964157104492e+00
3.743000000000000000e+03 -2.893192768096923828e+00
3.744000000000000000e+03 -2.887108087539672852e+00
3.745000000000000000e+03 -2.931327819824218750e+00
3.746000000000000000e+03 -2.941612958908081055e+00
3.747000000000000000e+03 -2.975085973739624023e+00
3.748000000000000000e+03 -2.959398269653320312e+00
3.749000000000000000e+03 -2.928916215896606445e+00
3.750000000000000000e+03 -2.970243692398071289e+00
3.751000000000000000e+03 -2.856139183044433594e+00
3.752000000000000000e+03 -2.934474706649780273e+00
3.753000000000000000e+03 -2.962285757064819336e+00
3.754000000000000000e+03 -2.912552595138549805e+00
3.755000000000000000e+03 -2.956374883651733398e+00
3.756000000000000000e+03 -2.936261653900146484e+00
3.757000000000000000e+03 -2.961309194564819336e+00
3.758000000000000000e+03 -2.921494960784912109e+00
3.759000000000000000e+03 -2.946625471115112305e+00
3.760000000000000000e+03 -2.956893682479858398e+00
3.761000000000000000e+03 -2.949764251708984375e+00
3.762000000000000000e+03 -2.941058874130249023e+00
3.763000000000000000e+03 -2.940806865692138672e+00
3.764000000000000000e+03 -2.943714857101440430e+00
3.765000000000000000e+03 -2.912314653396606445e+00
3.766000000000000000e+03 -2.888348102569580078e+00
3.767000000000000000e+03 -2.867470264434814453e+00
3.768000000000000000e+03 -2.925984382629394531e+00
3.769000000000000000e+03 -2.969070672988891602e+00
3.770000000000000000e+03 -2.969869136810302734e+00
3.771000000000000000e+03 -2.948160886764526367e+00
3.772000000000000000e+03 -2.949714183807373047e+00
3.773000000000000000e+03 -2.992886543273925781e+00
3.774000000000000000e+03 -2.919304609298706055e+00
3.775000000000000000e+03 -2.886863231658935547e+00
3.776000000000000000e+03 -2.845104932785034180e+00
3.777000000000000000e+03 -2.904338836669921875e+00
3.778000000000000000e+03 -2.911288022994995117e+00
3.779000000000000000e+03 -2.909075736999511719e+00
3.780000000000000000e+03 -2.874791622161865234e+00
3.781000000000000000e+03 -2.863409280776977539e+00
3.782000000000000000e+03 -2.907414913177490234e+00
3.783000000000000000e+03 -2.975973129272460938e+00
3.784000000000000000e+03 -2.961520433425903320e+00
3.785000000000000000e+03 -2.895483493804931641e+00
3.786000000000000000e+03 -2.924366474151611328e+00
3.787000000000000000e+03 -2.935216665267944336e+00
3.788000000000000000e+03 -2.895647764205932617e+00
3.789000000000000000e+03 -2.914135217666625977e+00
3.790000000000000000e+03 -2.910482168197631836e+00
3.791000000000000000e+03 -2.952837467193603516e+00
3.792000000000000000e+03 -2.943476200103759766e+00
3.793000000000000000e+03 -2.975519657135009766e+00
3.794000000000000000e+03 -2.942064046859741211e+00
3.795000000000000000e+03 -2.971204280853271484e+00
3.796000000000000000e+03 -2.949079513549804688e+00
3.797000000000000000e+03 -2.956015586853027344e+00
3.798000000000000000e+03 -2.952283143997192383e+00
3.799000000000000000e+03 -2.951870203018188477e+00
3.800000000000000000e+03 -2.959359407424926758e+00
3.801000000000000000e+03 -2.928431034088134766e+00
3.802000000000000000e+03 -2.926335811614990234e+00
3.803000000000000000e+03 -2.949766635894775391e+00
3.804000000000000000e+03 -2.940884113311767578e+00
3.805000000000000000e+03 -2.937500238418579102e+00
3.806000000000000000e+03 -2.897555351257324219e+00
3.807000000000000000e+03 -2.910917043685913086e+00
3.808000000000000000e+03 -2.895105361938476562e+00
3.809000000000000000e+03 -2.896586179733276367e+00
3.810000000000000000e+03 -2.918197393417358398e+00
3.811000000000000000e+03 -2.868092060089111328e+00
3.812000000000000000e+03 -2.903477907180786133e+00
3.813000000000000000e+03 -2.893858671188354492e+00
3.814000000000000000e+03 -2.859260082244873047e+00
3.815000000000000000e+03 -2.864689111709594727e+00
3.816000000000000000e+03 -2.861350774765014648e+00
3.817000000000000000e+03 -2.884402990341186523e+00
3.818000000000000000e+03 -2.881760835647583008e+00
3.819000000000000000e+03 -2.893913745880126953e+00
3.820000000000000000e+03 -2.896448373794555664e+00
3.821000000000000000e+03 -2.880273103713989258e+00
3.822000000000000000e+03 -2.900517940521240234e+00
3.823000000000000000e+03 -2.919998645782470703e+00
3.824000000000000000e+03 -2.886116504669189453e+00
3.825000000000000000e+03 -2.898760318756103516e+00
3.826000000000000000e+03 -2.893972158432006836e+00
3.827000000000000000e+03 -2.918261766433715820e+00
3.828000000000000000e+03 -2.939526081085205078e+00
3.829000000000000000e+03 -2.912190914154052734e+00
3.830000000000000000e+03 -2.890612363815307617e+00
3.831000000000000000e+03 -2.929572582244873047e+00
3.832000000000000000e+03 -2.913616895675659180e+00
3.833000000000000000e+03 -2.921232461929321289e+00
3.834000000000000000e+03 -2.888936042785644531e+00
3.835000000000000000e+03 -2.937506675720214844e+00
3.836000000000000000e+03 -2.954568147659301758e+00
3.837000000000000000e+03 -2.965115547180175781e+00
3.838000000000000000e+03 -2.990745544433593750e+00
3.839000000000000000e+03 -2.925724506378173828e+00
3.840000000000000000e+03 -2.983674526214599609e+00
3.841000000000000000e+03 -2.971567630767822266e+00
3.842000000000000000e+03 -2.936296224594116211e+00
3.843000000000000000e+03 -2.942337989807128906e+00
3.844000000000000000e+03 -2.928564786911010742e+00
3.845000000000000000e+03 -2.883067369461059570e+00
3.846000000000000000e+03 -2.899200201034545898e+00
3.847000000000000000e+03 -2.912239313125610352e+00
3.848000000000000000e+03 -2.899953126907348633e+00
3.849000000000000000e+03 -2.913599252700805664e+00
3.850000000000000000e+03 -2.898088216781616211e+00
3.851000000000000000e+03 -2.890153646469116211e+00
3.852000000000000000e+03 -2.912817478179931641e+00
3.853000000000000000e+03 -2.872951030731201172e+00
3.854000000000000000e+03 -2.877028226852416992e+00
3.855000000000000000e+03 -2.901051044464111328e+00
3.856000000000000000e+03 -2.868557214736938477e+00
3.857000000000000000e+03 -2.882400035858154297e+00
3.858000000000000000e+03 -2.903652191162109375e+00
3.859000000000000000e+03 -2.934868335723876953e+00
3.860000000000000000e+03 -2.921620607376098633e+00
3.861000000000000000e+03 -2.946600198745727539e+00
3.862000000000000000e+03 -2.942329883575439453e+00
3.863000000000000000e+03 -2.910082101821899414e+00
3.864000000000000000e+03 -2.932654857635498047e+00
3.865000000000000000e+03 -2.929302453994750977e+00
3.866000000000000000e+03 -2.944360494613647461e+00
3.867000000000000000e+03 -2.913104295730590820e+00
3.868000000000000000e+03 -2.920570850372314453e+00
3.869000000000000000e+03 -2.929840326309204102e+00
3.870000000000000000e+03 -2.842471122741699219e+00
3.871000000000000000e+03 -2.872668027877807617e+00
3.872000000000000000e+03 -2.864366769790649414e+00
3.873000000000000000e+03 -2.866292476654052734e+00
3.874000000000000000e+03 -2.904907941818237305e+00
3.875000000000000000e+03 -2.937413454055786133e+00
3.876000000000000000e+03 -2.951431274414062500e+00
3.877000000000000000e+03 -2.975460052490234375e+00
3.878000000000000000e+03 -2.984259605407714844e+00
3.879000000000000000e+03 -2.939925193786621094e+00
3.880000000000000000e+03 -2.942522048950195312e+00
3.881000000000000000e+03 -2.946568250656127930e+00
3.882000000000000000e+03 -2.950051069259643555e+00
3.883000000000000000e+03 -2.959103107452392578e+00
3.884000000000000000e+03 -2.930313825607299805e+00
3.885000000000000000e+03 -2.960757970809936523e+00
3.886000000000000000e+03 -2.918818950653076172e+00
3.887000000000000000e+03 -2.889819622039794922e+00
3.888000000000000000e+03 -2.932830333709716797e+00
3.889000000000000000e+03 -2.961166143417358398e+00
3.890000000000000000e+03 -2.997395038604736328e+00
3.891000000000000000e+03 -3.008259773254394531e+00
3.892000000000000000e+03 -3.019235134124755859e+00
3.893000000000000000e+03 -3.051569461822509766e+00
3.894000000000000000e+03 -3.001668691635131836e+00
3.895000000000000000e+03 -2.962403297424316406e+00
3.896000000000000000e+03 -2.910901069641113281e+00
3.897000000000000000e+03 -2.901305437088012695e+00
3.898000000000000000e+03 -2.924817562103271484e+00
3.899000000000000000e+03 -2.854058027267456055e+00
3.900000000000000000e+03 -2.826048135757446289e+00
3.901000000000000000e+03 -2.863278150558471680e+00
3.902000000000000000e+03 -2.889749050140380859e+00
3.903000000000000000e+03 -2.874732017517089844e+00
3.904000000000000000e+03 -2.891387939453125000e+00
3.905000000000000000e+03 -2.930159091949462891e+00
3.906000000000000000e+03 -2.954252958297729492e+00
3.907000000000000000e+03 -2.969848632812500000e+00
3.908000000000000000e+03 -2.958379030227661133e+00
3.909000000000000000e+03 -2.993036746978759766e+00
3.910000000000000000e+03 -2.994367122650146484e+00
3.911000000000000000e+03 -2.963516950607299805e+00
3.912000000000000000e+03 -2.938030481338500977e+00
3.913000000000000000e+03 -2.971751213073730469e+00
3.914000000000000000e+03 -2.922379016876220703e+00
3.915000000000000000e+03 -2.946989059448242188e+00
3.916000000000000000e+03 -2.910927057266235352e+00
3.917000000000000000e+03 -2.903720378875732422e+00
3.918000000000000000e+03 -2.939487457275390625e+00
3.919000000000000000e+03 -2.959100723266601562e+00
3.920000000000000000e+03 -2.902571439743041992e+00
3.921000000000000000e+03 -2.933413982391357422e+00
3.922000000000000000e+03 -2.913214683532714844e+00
3.923000000000000000e+03 -2.952892541885375977e+00
3.924000000000000000e+03 -2.939362525939941406e+00
3.925000000000000000e+03 -2.949661493301391602e+00
3.926000000000000000e+03 -2.991164922714233398e+00
3.927000000000000000e+03 -2.979760408401489258e+00
3.928000000000000000e+03 -2.966635942459106445e+00
3.929000000000000000e+03 -3.012528896331787109e+00
3.930000000000000000e+03 -2.956671953201293945e+00
3.931000000000000000e+03 -2.973238706588745117e+00
3.932000000000000000e+03 -2.979011297225952148e+00
3.933000000000000000e+03 -2.997698307037353516e+00
3.934000000000000000e+03 -3.000651597976684570e+00
3.935000000000000000e+03 -3.009112358093261719e+00
3.936000000000000000e+03 -2.998106479644775391e+00
3.937000000000000000e+03 -3.029570341110229492e+00
3.938000000000000000e+03 -3.028141736984252930e+00
3.939000000000000000e+03 -3.023602247238159180e+00
3.940000000000000000e+03 -2.987365007400512695e+00
3.941000000000000000e+03 -3.035470962524414062e+00
3.942000000000000000e+03 -3.005757808685302734e+00
3.943000000000000000e+03 -3.001002788543701172e+00
3.944000000000000000e+03 -2.998083114624023438e+00
3.945000000000000000e+03 -3.034273862838745117e+00
3.946000000000000000e+03 -3.052829027175903320e+00
3.947000000000000000e+03 -3.063157320022583008e+00
3.948000000000000000e+03 -2.959969520568847656e+00
3.949000000000000000e+03 -3.017716169357299805e+00
3.950000000000000000e+03 -3.024467229843139648e+00
3.951000000000000000e+03 -3.024555683135986328e+00
3.952000000000000000e+03 -3.033626317977905273e+00
3.953000000000000000e+03 -3.007112026214599609e+00
3.954000000000000000e+03 -3.004926204681396484e+00
3.955000000000000000e+03 -2.994142293930053711e+00
3.956000000000000000e+03 -3.028699159622192383e+00
3.957000000000000000e+03 -3.008121252059936523e+00
3.958000000000000000e+03 -2.985753297805786133e+00
3.959000000000000000e+03 -3.043514728546142578e+00
3.960000000000000000e+03 -3.033706426620483398e+00
3.961000000000000000e+03 -3.016246557235717773e+00
3.962000000000000000e+03 -2.990453481674194336e+00
3.963000000000000000e+03 -2.996697902679443359e+00
3.964000000000000000e+03 -2.948475122451782227e+00
3.965000000000000000e+03 -2.987233877182006836e+00
3.966000000000000000e+03 -2.998189449310302734e+00
3.967000000000000000e+03 -3.011199474334716797e+00
3.968000000000000000e+03 -3.006165742874145508e+00
3.969000000000000000e+03 -3.026463747024536133e+00
3.970000000000000000e+03 -3.019572973251342773e+00
3.971000000000000000e+03 -3.038694381713867188e+00
3.972000000000000000e+03 -3.014009952545166016e+00
3.973000000000000000e+03 -3.013338804244995117e+00
3.974000000000000000e+03 -2.979360580444335938e+00
3.975000000000000000e+03 -3.025744915008544922e+00
3.976000000000000000e+03 -3.035580873489379883e+00
3.977000000000000000e+03 -3.022599458694458008e+00
3.978000000000000000e+03 -3.036151170730590820e+00
3.979000000000000000e+03 -3.035963296890258789e+00
3.980000000000000000e+03 -2.995017528533935547e+00
3.981000000000000000e+03 -2.996875524520874023e+00
3.982000000000000000e+03 -3.029373168945312500e+00
3.983000000000000000e+03 -2.978428602218627930e+00
3.984000000000000000e+03 -2.969637870788574219e+00
3.985000000000000000e+03 -2.980486631393432617e+00
3.986000000000000000e+03 -2.955610990524291992e+00
3.987000000000000000e+03 -2.961900472640991211e+00
3.988000000000000000e+03 -2.939059734344482422e+00
3.989000000000000000e+03 -2.936890840530395508e+00
3.990000000000000000e+03 -2.935096740722656250e+00
3.991000000000000000e+03 -2.971344709396362305e+00
3.992000000000000000e+03 -3.009451389312744141e+00
3.993000000000000000e+03 -2.966284275054931641e+00
3.994000000000000000e+03 -2.984024286270141602e+00
3.995000000000000000e+03 -2.967239856719970703e+00
3.996000000000000000e+03 -2.999838829040527344e+00
3.997000000000000000e+03 -2.947458267211914062e+00
3.998000000000000000e+03 -2.924203395843505859e+00
3.999000000000000000e+03 -2.930266857147216797e+00
4.000000000000000000e+03 -2.959069967269897461e+00
4.001000000000000000e+03 -2.967688560485839844e+00
4.002000000000000000e+03 -2.953144788742065430e+00
4.003000000000000000e+03 -2.960863113403320312e+00
4.004000000000000000e+03 -2.955350637435913086e+00
4.005000000000000000e+03 -2.977229118347167969e+00
4.006000000000000000e+03 -2.958419561386108398e+00
4.007000000000000000e+03 -3.003473043441772461e+00
4.008000000000000000e+03 -2.999572038650512695e+00
4.009000000000000000e+03 -2.996736288070678711e+00
4.010000000000000000e+03 -3.030545473098754883e+00
4.011000000000000000e+03 -3.006259918212890625e+00
4.012000000000000000e+03 -3.008505344390869141e+00
4.013000000000000000e+03 -2.999933719635009766e+00
4.014000000000000000e+03 -3.015208244323730469e+00
4.015000000000000000e+03 -2.980705022811889648e+00
4.016000000000000000e+03 -2.978434801101684570e+00
4.017000000000000000e+03 -2.996354341506958008e+00
4.018000000000000000e+03 -2.986519336700439453e+00
4.019000000000000000e+03 -2.966444730758666992e+00
4.020000000000000000e+03 -3.001300334930419922e+00
4.021000000000000000e+03 -2.974825859069824219e+00
4.022000000000000000e+03 -3.013452529907226562e+00
4.023000000000000000e+03 -3.013929367065429688e+00
4.024000000000000000e+03 -2.993419885635375977e+00
4.025000000000000000e+03 -2.965047359466552734e+00
4.026000000000000000e+03 -2.997745513916015625e+00
4.027000000000000000e+03 -3.005263328552246094e+00
4.028000000000000000e+03 -3.044543743133544922e+00
4.029000000000000000e+03 -3.004150390625000000e+00
4.030000000000000000e+03 -3.037322044372558594e+00
4.031000000000000000e+03 -3.031815052032470703e+00
4.032000000000000000e+03 -2.957540988922119141e+00
4.033000000000000000e+03 -2.990627765655517578e+00
4.034000000000000000e+03 -2.999947309494018555e+00
4.035000000000000000e+03 -3.007865667343139648e+00
4.036000000000000000e+03 -2.999138593673706055e+00
4.037000000000000000e+03 -3.007545948028564453e+00
4.038000000000000000e+03 -2.999006748199462891e+00
4.039000000000000000e+03 -3.003622293472290039e+00
4.040000000000000000e+03 -3.012181997299194336e+00
4.041000000000000000e+03 -3.042957305908203125e+00
4.042000000000000000e+03 -2.989140510559082031e+00
4.043000000000000000e+03 -3.033758401870727539e+00
4.044000000000000000e+03 -2.994349002838134766e+00
4.045000000000000000e+03 -2.999833345413208008e+00
4.046000000000000000e+03 -3.004021883010864258e+00
4.047000000000000000e+03 -2.995083570480346680e+00
4.048000000000000000e+03 -3.015458345413208008e+00
4.049000000000000000e+03 -3.001747846603393555e+00
4.050000000000000000e+03 -3.012142419815063477e+00
4.051000000000000000e+03 -3.008302927017211914e+00
4.052000000000000000e+03 -2.991103410720825195e+00
4.053000000000000000e+03 -2.966035366058349609e+00
4.054000000000000000e+03 -2.960547685623168945e+00
4.055000000000000000e+03 -2.947049617767333984e+00
4.056000000000000000e+03 -3.005182981491088867e+00
4.057000000000000000e+03 -2.969525575637817383e+00
4.058000000000000000e+03 -2.970218420028686523e+00
4.059000000000000000e+03 -2.953454256057739258e+00
4.060000000000000000e+03 -2.986371994018554688e+00
4.061000000000000000e+03 -2.954702615737915039e+00
4.062000000000000000e+03 -2.953727245330810547e+00
4.063000000000000000e+03 -2.969974994659423828e+00
4.064000000000000000e+03 -2.973584890365600586e+00
4.065000000000000000e+03 -2.951386451721191406e+00
4.066000000000000000e+03 -2.933290719985961914e+00
4.067000000000000000e+03 -2.981367111206054688e+00
4.068000000000000000e+03 -2.971408367156982422e+00
4.069000000000000000e+03 -2.999336004257202148e+00
4.070000000000000000e+03 -2.984493017196655273e+00
4.071000000000000000e+03 -2.952204465866088867e+00
4.072000000000000000e+03 -2.937867403030395508e+00
4.073000000000000000e+03 -3.000990390777587891e+00
4.074000000000000000e+03 -2.970579147338867188e+00
4.075000000000000000e+03 -2.979707956314086914e+00
4.076000000000000000e+03 -2.958891391754150391e+00
4.077000000000000000e+03 -2.920824050903320312e+00
4.078000000000000000e+03 -2.942841768264770508e+00
4.079000000000000000e+03 -2.947020530700683594e+00
4.080000000000000000e+03 -2.956745386123657227e+00
4.081000000000000000e+03 -2.952480316162109375e+00
4.082000000000000000e+03 -2.966296195983886719e+00
4.083000000000000000e+03 -2.994018554687500000e+00
4.084000000000000000e+03 -2.998256206512451172e+00
4.085000000000000000e+03 -2.976787090301513672e+00
4.086000000000000000e+03 -3.010382175445556641e+00
4.087000000000000000e+03 -3.001247644424438477e+00
4.088000000000000000e+03 -2.987880706787109375e+00
4.089000000000000000e+03 -2.993274211883544922e+00
4.090000000000000000e+03 -2.971334457397460938e+00
4.091000000000000000e+03 -2.993867397308349609e+00
4.092000000000000000e+03 -2.963583469390869141e+00
4.093000000000000000e+03 -2.949835300445556641e+00
4.094000000000000000e+03 -2.965475797653198242e+00
4.095000000000000000e+03 -2.957283020019531250e+00
4.096000000000000000e+03 -3.028213739395141602e+00
4.097000000000000000e+03 -3.028030157089233398e+00
4.098000000000000000e+03 -3.035414218902587891e+00
4.099000000000000000e+03 -3.019110679626464844e+00
4.100000000000000000e+03 -3.044785261154174805e+00
4.101000000000000000e+03 -3.021878957748413086e+00
4.102000000000000000e+03 -3.015367031097412109e+00
4.103000000000000000e+03 -3.024105310440063477e+00
4.104000000000000000e+03 -3.035683155059814453e+00
4.105000000000000000e+03 -3.015640020370483398e+00
4.106000000000000000e+03 -3.006751775741577148e+00
4.107000000000000000e+03 -3.015058517456054688e+00
4.108000000000000000e+03 -3.031163930892944336e+00
4.109000000000000000e+03 -3.019150733947753906e+00
4.110000000000000000e+03 -3.026480197906494141e+00
4.111000000000000000e+03 -3.039276361465454102e+00
4.112000000000000000e+03 -3.043729782104492188e+00
4.113000000000000000e+03 -2.986962318420410156e+00
4.114000000000000000e+03 -3.024508237838745117e+00
4.115000000000000000e+03 -3.033082246780395508e+00
4.116000000000000000e+03 -3.030402898788452148e+00
4.117000000000000000e+03 -3.026872873306274414e+00
4.118000000000000000e+03 -3.007818698883056641e+00
4.119000000000000000e+03 -3.011861324310302734e+00
4.120000000000000000e+03 -3.026745080947875977e+00
4.121000000000000000e+03 -3.003044128417968750e+00
4.122000000000000000e+03 -3.013086318969726562e+00
4.123000000000000000e+03 -3.063216924667358398e+00
4.124000000000000000e+03 -3.021870136260986328e+00
4.125000000000000000e+03 -3.010852336883544922e+00
4.126000000000000000e+03 -2.993129491806030273e+00
4.127000000000000000e+03 -3.020216464996337891e+00
4.128000000000000000e+03 -3.024372339248657227e+00
4.129000000000000000e+03 -3.004851341247558594e+00
4.130000000000000000e+03 -2.996021270751953125e+00
4.131000000000000000e+03 -2.992390632629394531e+00
4.132000000000000000e+03 -3.074773788452148438e+00
4.133000000000000000e+03 -3.046366214752197266e+00
4.134000000000000000e+03 -3.018205404281616211e+00
4.135000000000000000e+03 -2.999956607818603516e+00
4.136000000000000000e+03 -3.015435218811035156e+00
4.137000000000000000e+03 -2.998836994171142578e+00
4.138000000000000000e+03 -2.988903522491455078e+00
4.139000000000000000e+03 -2.993418216705322266e+00
4.140000000000000000e+03 -3.015512943267822266e+00
4.141000000000000000e+03 -2.964154720306396484e+00
4.142000000000000000e+03 -2.973117113113403320e+00
4.143000000000000000e+03 -2.952205657958984375e+00
4.144000000000000000e+03 -2.946665525436401367e+00
4.145000000000000000e+03 -2.956375598907470703e+00
4.146000000000000000e+03 -2.987169981002807617e+00
4.147000000000000000e+03 -2.979645729064941406e+00
4.148000000000000000e+03 -3.035140752792358398e+00
4.149000000000000000e+03 -2.998707532882690430e+00
4.150000000000000000e+03 -2.955980300903320312e+00
4.151000000000000000e+03 -2.968374490737915039e+00
4.152000000000000000e+03 -2.960447072982788086e+00
4.153000000000000000e+03 -2.997468471527099609e+00
4.154000000000000000e+03 -2.975948572158813477e+00
4.155000000000000000e+03 -3.008949518203735352e+00
4.156000000000000000e+03 -3.019696235656738281e+00
4.157000000000000000e+03 -3.021682024002075195e+00
4.158000000000000000e+03 -2.979130983352661133e+00
4.159000000000000000e+03 -3.024492502212524414e+00
4.160000000000000000e+03 -3.005570650100708008e+00
4.161000000000000000e+03 -3.026642322540283203e+00
4.162000000000000000e+03 -3.010055780410766602e+00
4.163000000000000000e+03 -3.054156780242919922e+00
4.164000000000000000e+03 -3.018372774124145508e+00
4.165000000000000000e+03 -3.024833917617797852e+00
4.166000000000000000e+03 -3.030149698257446289e+00
4.167000000000000000e+03 -3.022768974304199219e+00
4.168000000000000000e+03 -2.991939067840576172e+00
4.169000000000000000e+03 -3.049793720245361328e+00
4.170000000000000000e+03 -3.047524213790893555e+00
4.171000000000000000e+03 -3.019703149795532227e+00
4.172000000000000000e+03 -3.051895141601562500e+00
4.173000000000000000e+03 -2.996726274490356445e+00
4.174000000000000000e+03 -2.961995601654052734e+00
4.175000000000000000e+03 -2.941715240478515625e+00
4.176000000000000000e+03 -2.972510576248168945e+00
4.177000000000000000e+03 -2.967339277267456055e+00
4.178000000000000000e+03 -2.980772018432617188e+00
4.179000000000000000e+03 -2.998664379119873047e+00
4.180000000000000000e+03 -2.964421749114990234e+00
4.181000000000000000e+03 -3.017699480056762695e+00
4.182000000000000000e+03 -2.999649047851562500e+00
4.183000000000000000e+03 -2.981332063674926758e+00
4.184000000000000000e+03 -3.049743175506591797e+00
4.185000000000000000e+03 -3.002659082412719727e+00
4.186000000000000000e+03 -2.983843803405761719e+00
4.187000000000000000e+03 -2.939737081527709961e+00
4.188000000000000000e+03 -3.007328987121582031e+00
4.189000000000000000e+03 -3.070130348205566406e+00
4.190000000000000000e+03 -3.045257091522216797e+00
4.191000000000000000e+03 -3.049643039703369141e+00
4.192000000000000000e+03 -3.033262729644775391e+00
4.193000000000000000e+03 -3.026306867599487305e+00
4.194000000000000000e+03 -2.995867490768432617e+00
4.195000000000000000e+03 -2.990082979202270508e+00
4.196000000000000000e+03 -3.015367984771728516e+00
4.197000000000000000e+03 -2.969752311706542969e+00
4.198000000000000000e+03 -2.996021986007690430e+00
4.199000000000000000e+03 -3.007565259933471680e+00
4.200000000000000000e+03 -2.945935726165771484e+00
4.201000000000000000e+03 -2.963078737258911133e+00
4.202000000000000000e+03 -2.972978830337524414e+00
4.203000000000000000e+03 -2.970829963684082031e+00
4.204000000000000000e+03 -2.941338062286376953e+00
4.205000000000000000e+03 -2.990358114242553711e+00
4.206000000000000000e+03 -2.974043846130371094e+00
4.207000000000000000e+03 -2.967548370361328125e+00
4.208000000000000000e+03 -2.977993726730346680e+00
4.209000000000000000e+03 -2.991318941116333008e+00
4.210000000000000000e+03 -3.011886119842529297e+00
4.211000000000000000e+03 -2.958322763442993164e+00
4.212000000000000000e+03 -2.942462444305419922e+00
4.213000000000000000e+03 -2.931569337844848633e+00
4.214000000000000000e+03 -2.904001235961914062e+00
4.215000000000000000e+03 -2.959157705307006836e+00
4.216000000000000000e+03 -2.948040008544921875e+00
4.217000000000000000e+03 -2.932607412338256836e+00
4.218000000000000000e+03 -2.931788444519042969e+00
4.219000000000000000e+03 -2.950338125228881836e+00
4.220000000000000000e+03 -2.928406000137329102e+00
4.221000000000000000e+03 -2.940899372100830078e+00
4.222000000000000000e+03 -2.925679206848144531e+00
4.223000000000000000e+03 -2.941851854324340820e+00
4.224000000000000000e+03 -2.901875972747802734e+00
4.225000000000000000e+03 -2.920406103134155273e+00
4.226000000000000000e+03 -2.908146381378173828e+00
4.227000000000000000e+03 -2.903180837631225586e+00
4.228000000000000000e+03 -2.916972875595092773e+00
4.229000000000000000e+03 -2.937874794006347656e+00
4.230000000000000000e+03 -2.971280097961425781e+00
4.231000000000000000e+03 -2.948821783065795898e+00
4.232000000000000000e+03 -2.905666351318359375e+00
4.233000000000000000e+03 -2.946227550506591797e+00
4.234000000000000000e+03 -2.929119348526000977e+00
4.235000000000000000e+03 -2.945107460021972656e+00
4.236000000000000000e+03 -2.981475830078125000e+00
4.237000000000000000e+03 -2.937391996383666992e+00
4.238000000000000000e+03 -2.957121849060058594e+00
4.239000000000000000e+03 -2.901882886886596680e+00
4.240000000000000000e+03 -2.923216104507446289e+00
4.241000000000000000e+03 -2.952685356140136719e+00
4.242000000000000000e+03 -2.946361541748046875e+00
4.243000000000000000e+03 -2.925019264221191406e+00
4.244000000000000000e+03 -2.887475013732910156e+00
4.245000000000000000e+03 -2.933614969253540039e+00
4.246000000000000000e+03 -2.925842523574829102e+00
4.247000000000000000e+03 -2.934127330780029297e+00
4.248000000000000000e+03 -2.974513053894042969e+00
4.249000000000000000e+03 -2.922379255294799805e+00
4.250000000000000000e+03 -2.929171085357666016e+00
4.251000000000000000e+03 -2.896575450897216797e+00
4.252000000000000000e+03 -2.930195331573486328e+00
4.253000000000000000e+03 -2.945855855941772461e+00
4.254000000000000000e+03 -2.989971399307250977e+00
4.255000000000000000e+03 -2.942434072494506836e+00
4.256000000000000000e+03 -2.994509458541870117e+00
4.257000000000000000e+03 -2.952816963195800781e+00
4.258000000000000000e+03 -3.001846313476562500e+00
4.259000000000000000e+03 -2.996474266052246094e+00
4.260000000000000000e+03 -2.971618652343750000e+00
4.261000000000000000e+03 -3.000326156616210938e+00
4.262000000000000000e+03 -2.969926118850708008e+00
4.263000000000000000e+03 -2.993177413940429688e+00
4.264000000000000000e+03 -3.012222290039062500e+00
4.265000000000000000e+03 -3.013633966445922852e+00
4.266000000000000000e+03 -2.997921228408813477e+00
4.267000000000000000e+03 -3.029991865158081055e+00
4.268000000000000000e+03 -3.075608491897583008e+00
4.269000000000000000e+03 -3.028515100479125977e+00
4.270000000000000000e+03 -3.039230823516845703e+00
4.271000000000000000e+03 -3.028990983963012695e+00
4.272000000000000000e+03 -3.059162855148315430e+00
4.273000000000000000e+03 -3.042374610900878906e+00
4.274000000000000000e+03 -3.067370176315307617e+00
4.275000000000000000e+03 -3.083777666091918945e+00
4.276000000000000000e+03 -3.085872411727905273e+00
4.277000000000000000e+03 -3.053992509841918945e+00
4.278000000000000000e+03 -3.036926746368408203e+00
4.279000000000000000e+03 -3.054743289947509766e+00
4.280000000000000000e+03 -3.024868726730346680e+00
4.281000000000000000e+03 -3.077544689178466797e+00
4.282000000000000000e+03 -3.093039512634277344e+00
4.283000000000000000e+03 -3.063395500183105469e+00
4.284000000000000000e+03 -3.020181179046630859e+00
4.285000000000000000e+03 -2.987240076065063477e+00
4.286000000000000000e+03 -3.012218952178955078e+00
4.287000000000000000e+03 -2.998505592346191406e+00
4.288000000000000000e+03 -3.034066438674926758e+00
4.289000000000000000e+03 -2.993678331375122070e+00
4.290000000000000000e+03 -3.003031969070434570e+00
4.291000000000000000e+03 -3.039514541625976562e+00
4.292000000000000000e+03 -3.017285585403442383e+00
4.293000000000000000e+03 -3.004445552825927734e+00
4.294000000000000000e+03 -3.047930240631103516e+00
4.295000000000000000e+03 -3.018969297409057617e+00
4.296000000000000000e+03 -2.996853113174438477e+00
4.297000000000000000e+03 -3.014718294143676758e+00
4.298000000000000000e+03 -2.973600387573242188e+00
4.299000000000000000e+03 -3.045866489410400391e+00
4.300000000000000000e+03 -3.018097400665283203e+00
4.301000000000000000e+03 -3.042716979980468750e+00
4.302000000000000000e+03 -3.033451318740844727e+00
4.303000000000000000e+03 -3.078972101211547852e+00
4.304000000000000000e+03 -3.065368890762329102e+00
4.305000000000000000e+03 -3.071726799011230469e+00
4.306000000000000000e+03 -3.051083803176879883e+00
4.307000000000000000e+03 -3.007736444473266602e+00
4.308000000000000000e+03 -3.024446249008178711e+00
4.309000000000000000e+03 -3.037211418151855469e+00
4.310000000000000000e+03 -3.033091068267822266e+00
4.311000000000000000e+03 -3.035118341445922852e+00
4.312000000000000000e+03 -2.967527866363525391e+00
4.313000000000000000e+03 -2.991921663284301758e+00
4.314000000000000000e+03 -3.010568380355834961e+00
4.315000000000000000e+03 -2.996792078018188477e+00
4.316000000000000000e+03 -3.012926101684570312e+00
4.317000000000000000e+03 -2.995728969573974609e+00
4.318000000000000000e+03 -3.054615259170532227e+00
4.319000000000000000e+03 -3.102549791336059570e+00
4.320000000000000000e+03 -3.069281101226806641e+00
4.321000000000000000e+03 -3.024542570114135742e+00
4.322000000000000000e+03 -3.021203517913818359e+00
4.323000000000000000e+03 -3.046691894531250000e+00
4.324000000000000000e+03 -2.988502025604248047e+00
4.325000000000000000e+03 -2.974229097366333008e+00
4.326000000000000000e+03 -2.982378005981445312e+00
4.327000000000000000e+03 -3.012675523757934570e+00
4.328000000000000000e+03 -2.989593029022216797e+00
4.329000000000000000e+03 -3.026226997375488281e+00
4.330000000000000000e+03 -3.031013011932373047e+00
4.331000000000000000e+03 -3.031365871429443359e+00
4.332000000000000000e+03 -3.013994693756103516e+00
4.333000000000000000e+03 -2.979212045669555664e+00
4.334000000000000000e+03 -3.019887685775756836e+00
4.335000000000000000e+03 -3.035906314849853516e+00
4.336000000000000000e+03 -2.998714685440063477e+00
4.337000000000000000e+03 -3.028434991836547852e+00
4.338000000000000000e+03 -3.017995119094848633e+00
4.339000000000000000e+03 -3.020117044448852539e+00
4.340000000000000000e+03 -3.029779195785522461e+00
4.341000000000000000e+03 -2.994282245635986328e+00
4.342000000000000000e+03 -3.061898708343505859e+00
4.343000000000000000e+03 -3.035966873168945312e+00
4.344000000000000000e+03 -3.031234025955200195e+00
4.345000000000000000e+03 -3.012388229370117188e+00
4.346000000000000000e+03 -3.026439905166625977e+00
4.347000000000000000e+03 -3.035378217697143555e+00
4.348000000000000000e+03 -3.051371812820434570e+00
4.349000000000000000e+03 -3.011969089508056641e+00
4.350000000000000000e+03 -3.030746936798095703e+00
4.351000000000000000e+03 -3.037116765975952148e+00
4.352000000000000000e+03 -3.017048120498657227e+00
4.353000000000000000e+03 -2.997158050537109375e+00
4.354000000000000000e+03 -3.060746192932128906e+00
4.355000000000000000e+03 -3.042217493057250977e+00
4.356000000000000000e+03 -3.026841640472412109e+00
4.357000000000000000e+03 -3.011881113052368164e+00
4.358000000000000000e+03 -3.013333797454833984e+00
4.359000000000000000e+03 -3.010927915573120117e+00
4.360000000000000000e+03 -2.963186502456665039e+00
4.361000000000000000e+03 -3.008250474929809570e+00
4.362000000000000000e+03 -3.002258539199829102e+00
4.363000000000000000e+03 -3.002353906631469727e+00
4.364000000000000000e+03 -2.982131481170654297e+00
4.365000000000000000e+03 -3.009206533432006836e+00
4.366000000000000000e+03 -3.017338514328002930e+00
4.367000000000000000e+03 -3.029152393341064453e+00
4.368000000000000000e+03 -3.056413888931274414e+00
4.369000000000000000e+03 -3.045927286148071289e+00
4.370000000000000000e+03 -3.015664577484130859e+00
4.371000000000000000e+03 -3.018704652786254883e+00
4.372000000000000000e+03 -3.047677993774414062e+00
4.373000000000000000e+03 -3.030105829238891602e+00
4.374000000000000000e+03 -3.035316705703735352e+00
4.375000000000000000e+03 -3.027174711227416992e+00
4.376000000000000000e+03 -2.992576837539672852e+00
4.377000000000000000e+03 -3.040555953979492188e+00
4.378000000000000000e+03 -2.989220619201660156e+00
4.379000000000000000e+03 -2.996013641357421875e+00
4.380000000000000000e+03 -3.002202749252319336e+00
4.381000000000000000e+03 -3.031639099121093750e+00
4.382000000000000000e+03 -3.019036293029785156e+00
4.383000000000000000e+03 -2.976039648056030273e+00
4.384000000000000000e+03 -2.992861747741699219e+00
4.385000000000000000e+03 -3.009190559387207031e+00
4.386000000000000000e+03 -3.073032855987548828e+00
4.387000000000000000e+03 -3.061535358428955078e+00
4.388000000000000000e+03 -3.048470735549926758e+00
4.389000000000000000e+03 -3.054213047027587891e+00
4.390000000000000000e+03 -2.988916635513305664e+00
4.391000000000000000e+03 -3.000171184539794922e+00
4.392000000000000000e+03 -3.003218173980712891e+00
4.393000000000000000e+03 -3.020143270492553711e+00
4.394000000000000000e+03 -3.009239435195922852e+00
4.395000000000000000e+03 -2.959458351135253906e+00
4.396000000000000000e+03 -3.031883001327514648e+00
4.397000000000000000e+03 -3.012630462646484375e+00
4.398000000000000000e+03 -2.985314369201660156e+00
4.399000000000000000e+03 -2.976531028747558594e+00
4.400000000000000000e+03 -3.017746925354003906e+00
4.401000000000000000e+03 -2.985669374465942383e+00
4.402000000000000000e+03 -3.026785135269165039e+00
4.403000000000000000e+03 -3.012531518936157227e+00
4.404000000000000000e+03 -3.037005901336669922e+00
4.405000000000000000e+03 -3.033549785614013672e+00
4.406000000000000000e+03 -3.043683767318725586e+00
4.407000000000000000e+03 -3.058509588241577148e+00
4.408000000000000000e+03 -3.031686305999755859e+00
4.409000000000000000e+03 -2.979996919631958008e+00
4.410000000000000000e+03 -3.062640905380249023e+00
4.411000000000000000e+03 -3.019033908843994141e+00
4.412000000000000000e+03 -2.990553617477416992e+00
4.413000000000000000e+03 -3.020161151885986328e+00
4.414000000000000000e+03 -2.990586519241333008e+00
4.415000000000000000e+03 -3.005903244018554688e+00
4.416000000000000000e+03 -2.976050376892089844e+00
4.417000000000000000e+03 -2.968440771102905273e+00
4.418000000000000000e+03 -3.009787797927856445e+00
4.419000000000000000e+03 -3.014318227767944336e+00
4.420000000000000000e+03 -3.015255212783813477e+00
4.421000000000000000e+03 -2.994786977767944336e+00
4.422000000000000000e+03 -3.018180370330810547e+00
4.423000000000000000e+03 -3.039386034011840820e+00
4.424000000000000000e+03 -2.988232612609863281e+00
4.425000000000000000e+03 -2.989503145217895508e+00
4.426000000000000000e+03 -3.033249139785766602e+00
4.427000000000000000e+03 -3.016906976699829102e+00
4.428000000000000000e+03 -3.039195060729980469e+00
4.429000000000000000e+03 -2.991353511810302734e+00
4.430000000000000000e+03 -3.010290622711181641e+00
4.431000000000000000e+03 -2.983586549758911133e+00
4.432000000000000000e+03 -2.968615531921386719e+00
4.433000000000000000e+03 -2.979996681213378906e+00
4.434000000000000000e+03 -3.005081415176391602e+00
4.435000000000000000e+03 -3.002927303314208984e+00
4.436000000000000000e+03 -2.993122100830078125e+00
4.437000000000000000e+03 -2.984832763671875000e+00
4.438000000000000000e+03 -2.934896945953369141e+00
4.439000000000000000e+03 -2.927296638488769531e+00
4.440000000000000000e+03 -2.925957679748535156e+00
4.441000000000000000e+03 -2.952954292297363281e+00
4.442000000000000000e+03 -2.952956438064575195e+00
4.443000000000000000e+03 -2.951440334320068359e+00
4.444000000000000000e+03 -2.970661401748657227e+00
4.445000000000000000e+03 -2.963088035583496094e+00
4.446000000000000000e+03 -2.970389127731323242e+00
4.447000000000000000e+03 -2.960515975952148438e+00
4.448000000000000000e+03 -3.027041196823120117e+00
4.449000000000000000e+03 -3.003395080566406250e+00
4.450000000000000000e+03 -3.020408630371093750e+00
4.451000000000000000e+03 -3.037144422531127930e+00
4.452000000000000000e+03 -2.969606876373291016e+00
4.453000000000000000e+03 -3.028769016265869141e+00
4.454000000000000000e+03 -3.030507326126098633e+00
4.455000000000000000e+03 -3.059008359909057617e+00
4.456000000000000000e+03 -3.067884683609008789e+00
4.457000000000000000e+03 -3.049464225769042969e+00
4.458000000000000000e+03 -3.065887451171875000e+00
4.459000000000000000e+03 -3.045100688934326172e+00
4.460000000000000000e+03 -3.023511648178100586e+00
4.461000000000000000e+03 -3.027912616729736328e+00
4.462000000000000000e+03 -3.046377182006835938e+00
4.463000000000000000e+03 -3.053766965866088867e+00
4.464000000000000000e+03 -3.052146434783935547e+00
4.465000000000000000e+03 -3.029484987258911133e+00
4.466000000000000000e+03 -3.062532901763916016e+00
4.467000000000000000e+03 -3.039273500442504883e+00
4.468000000000000000e+03 -3.080942630767822266e+00
4.469000000000000000e+03 -3.061869144439697266e+00
4.470000000000000000e+03 -2.985748052597045898e+00
4.471000000000000000e+03 -3.041459321975708008e+00
4.472000000000000000e+03 -2.997320413589477539e+00
4.473000000000000000e+03 -2.986131429672241211e+00
4.474000000000000000e+03 -3.016382455825805664e+00
4.475000000000000000e+03 -3.028619289398193359e+00
4.476000000000000000e+03 -2.977449178695678711e+00
4.477000000000000000e+03 -3.017612934112548828e+00
4.478000000000000000e+03 -2.974560260772705078e+00
4.479000000000000000e+03 -3.028069496154785156e+00
4.480000000000000000e+03 -2.985385894775390625e+00
4.481000000000000000e+03 -3.004070758819580078e+00
4.482000000000000000e+03 -2.979644298553466797e+00
4.483000000000000000e+03 -2.998204946517944336e+00
4.484000000000000000e+03 -3.004495382308959961e+00
4.485000000000000000e+03 -2.985187530517578125e+00
4.486000000000000000e+03 -3.008491277694702148e+00
4.487000000000000000e+03 -2.990379571914672852e+00
4.488000000000000000e+03 -2.977132558822631836e+00
4.489000000000000000e+03 -2.956037521362304688e+00
4.490000000000000000e+03 -2.931183815002441406e+00
4.491000000000000000e+03 -3.014340400695800781e+00
4.492000000000000000e+03 -3.009440422058105469e+00
4.493000000000000000e+03 -3.044917583465576172e+00
4.494000000000000000e+03 -2.978463888168334961e+00
4.495000000000000000e+03 -3.025922536849975586e+00
4.496000000000000000e+03 -3.016959190368652344e+00
4.497000000000000000e+03 -3.007411241531372070e+00
4.498000000000000000e+03 -3.009449958801269531e+00
4.499000000000000000e+03 -3.007544517517089844e+00
4.500000000000000000e+03 -3.016216993331909180e+00
4.501000000000000000e+03 -3.036543369293212891e+00
4.502000000000000000e+03 -3.031238794326782227e+00
4.503000000000000000e+03 -3.023679018020629883e+00
4.504000000000000000e+03 -3.005759239196777344e+00
4.505000000000000000e+03 -2.999801397323608398e+00
4.506000000000000000e+03 -3.024255990982055664e+00
4.507000000000000000e+03 -3.037966251373291016e+00
4.508000000000000000e+03 -3.006354808807373047e+00
4.509000000000000000e+03 -3.037112474441528320e+00
4.510000000000000000e+03 -3.013284683227539062e+00
4.511000000000000000e+03 -3.034577369689941406e+00
4.512000000000000000e+03 -3.042134046554565430e+00
4.513000000000000000e+03 -3.045747756958007812e+00
4.514000000000000000e+03 -3.018234014511108398e+00
4.515000000000000000e+03 -3.037338018417358398e+00
4.516000000000000000e+03 -3.013350009918212891e+00
4.517000000000000000e+03 -3.062526226043701172e+00
4.518000000000000000e+03 -3.036706447601318359e+00
4.519000000000000000e+03 -3.015048027038574219e+00
4.520000000000000000e+03 -3.043117761611938477e+00
4.521000000000000000e+03 -3.053988218307495117e+00
4.522000000000000000e+03 -3.010798931121826172e+00
4.523000000000000000e+03 -3.053248405456542969e+00
4.524000000000000000e+03 -3.069798469543457031e+00
4.525000000000000000e+03 -3.050404548645019531e+00
4.526000000000000000e+03 -3.018181085586547852e+00
4.527000000000000000e+03 -3.018112659454345703e+00
4.528000000000000000e+03 -3.016714572906494141e+00
4.529000000000000000e+03 -3.060658216476440430e+00
4.530000000000000000e+03 -3.028758049011230469e+00
4.531000000000000000e+03 -2.985903501510620117e+00
4.532000000000000000e+03 -2.989967823028564453e+00
4.533000000000000000e+03 -2.995730876922607422e+00
4.534000000000000000e+03 -2.987379312515258789e+00
4.535000000000000000e+03 -2.947453260421752930e+00
4.536000000000000000e+03 -2.990001678466796875e+00
4.537000000000000000e+03 -2.981760263442993164e+00
4.538000000000000000e+03 -3.002813577651977539e+00
4.539000000000000000e+03 -3.007445573806762695e+00
4.540000000000000000e+03 -3.049544811248779297e+00
4.541000000000000000e+03 -3.065181016921997070e+00
4.542000000000000000e+03 -3.041965484619140625e+00
4.543000000000000000e+03 -3.039163351058959961e+00
4.544000000000000000e+03 -3.086126804351806641e+00
4.545000000000000000e+03 -3.092469692230224609e+00
4.546000000000000000e+03 -3.095072031021118164e+00
4.547000000000000000e+03 -3.113271713256835938e+00
4.548000000000000000e+03 -3.090309143066406250e+00
4.549000000000000000e+03 -3.076061964035034180e+00
4.550000000000000000e+03 -3.107809543609619141e+00
4.551000000000000000e+03 -3.153557364140645802e+00
4.552000000000000000e+03 -3.130031824111938477e+00
4.553000000000000000e+03 -3.084656476974487305e+00
4.554000000000000000e+03 -3.114127874374389648e+00
4.555000000000000000e+03 -3.126564741134643555e+00
4.556000000000000000e+03 -3.120042085647583008e+00
4.557000000000000000e+03 -3.148287121449605763e+00
4.558000000000000000e+03 -3.065610885620117188e+00
4.559000000000000000e+03 -3.121546745300292969e+00
4.560000000000000000e+03 -3.080423355102539062e+00
4.561000000000000000e+03 -3.063934564590454102e+00
4.562000000000000000e+03 -3.065704345703125000e+00
4.563000000000000000e+03 -3.082187414169311523e+00
4.564000000000000000e+03 -3.092007637023925781e+00
4.565000000000000000e+03 -3.135198831558227539e+00
4.566000000000000000e+03 -3.122496843338012695e+00
4.567000000000000000e+03 -3.109551906585693359e+00
4.568000000000000000e+03 -3.062618255615234375e+00
4.569000000000000000e+03 -3.067706823348999023e+00
4.570000000000000000e+03 -3.093582391738891602e+00
4.571000000000000000e+03 -3.097060680389404297e+00
4.572000000000000000e+03 -3.063809156417846680e+00
4.573000000000000000e+03 -3.051127433776855469e+00
4.574000000000000000e+03 -3.048245906829833984e+00
4.575000000000000000e+03 -3.087374925613403320e+00
4.576000000000000000e+03 -3.050082206726074219e+00
4.577000000000000000e+03 -3.086937904357910156e+00
4.578000000000000000e+03 -3.049708843231201172e+00
4.579000000000000000e+03 -3.118477582931518555e+00
4.580000000000000000e+03 -3.032997131347656250e+00
4.581000000000000000e+03 -3.029362678527832031e+00
4.582000000000000000e+03 -3.043282032012939453e+00
4.583000000000000000e+03 -3.016685724258422852e+00
4.584000000000000000e+03 -3.019007682800292969e+00
4.585000000000000000e+03 -2.985999345779418945e+00
4.586000000000000000e+03 -2.960018157958984375e+00
4.587000000000000000e+03 -2.999099493026733398e+00
4.588000000000000000e+03 -3.014206409454345703e+00
4.589000000000000000e+03 -3.042404174804687500e+00
4.590000000000000000e+03 -3.057638168334960938e+00
4.591000000000000000e+03 -2.985103130340576172e+00
4.592000000000000000e+03 -3.015814781188964844e+00
4.593000000000000000e+03 -3.010666608810424805e+00
4.594000000000000000e+03 -3.024534940719604492e+00
4.595000000000000000e+03 -3.051346778869628906e+00
4.596000000000000000e+03 -3.064612388610839844e+00
4.597000000000000000e+03 -3.057619810104370117e+00
4.598000000000000000e+03 -3.023673295974731445e+00
4.599000000000000000e+03 -3.001835823059082031e+00
4.600000000000000000e+03 -3.032136201858520508e+00
4.601000000000000000e+03 -2.981695175170898438e+00
4.602000000000000000e+03 -3.009721994400024414e+00
4.603000000000000000e+03 -3.036707878112792969e+00
4.604000000000000000e+03 -3.042661428451538086e+00
4.605000000000000000e+03 -3.017307758331298828e+00
4.606000000000000000e+03 -3.018391847610473633e+00
4.607000000000000000e+03 -3.005828619003295898e+00
4.608000000000000000e+03 -3.033841133117675781e+00
4.609000000000000000e+03 -3.067615985870361328e+00
4.610000000000000000e+03 -3.038296461105346680e+00
4.611000000000000000e+03 -3.014156103134155273e+00
4.612000000000000000e+03 -3.027361392974853516e+00
4.613000000000000000e+03 -3.023963451385498047e+00
4.614000000000000000e+03 -3.033377408981323242e+00
4.615000000000000000e+03 -3.013519763946533203e+00
4.616000000000000000e+03 -3.041678667068481445e+00
4.617000000000000000e+03 -3.030977249145507812e+00
4.618000000000000000e+03 -3.024483442306518555e+00
4.619000000000000000e+03 -3.055825233459472656e+00
4.620000000000000000e+03 -3.061020612716674805e+00
4.621000000000000000e+03 -3.055845737457275391e+00
4.622000000000000000e+03 -3.026036977767944336e+00
4.623000000000000000e+03 -3.062615871429443359e+00
4.624000000000000000e+03 -3.052667379379272461e+00
4.625000000000000000e+03 -3.016216039657592773e+00
4.626000000000000000e+03 -3.003265857696533203e+00
4.627000000000000000e+03 -2.982727527618408203e+00
4.628000000000000000e+03 -3.007924556732177734e+00
4.629000000000000000e+03 -3.041326522827148438e+00
4.630000000000000000e+03 -3.048563957214355469e+00
4.631000000000000000e+03 -3.007505655288696289e+00
4.632000000000000000e+03 -3.014149665832519531e+00
4.633000000000000000e+03 -3.087599039077758789e+00
4.634000000000000000e+03 -3.076573610305786133e+00
4.635000000000000000e+03 -3.089401245117187500e+00
4.636000000000000000e+03 -3.051105260848999023e+00
4.637000000000000000e+03 -3.046439170837402344e+00
4.638000000000000000e+03 -3.089445590972900391e+00
4.639000000000000000e+03 -3.054090976715087891e+00
4.640000000000000000e+03 -3.061581611633300781e+00
4.641000000000000000e+03 -3.041114091873168945e+00
4.642000000000000000e+03 -3.074049711227416992e+00
4.643000000000000000e+03 -3.054191827774047852e+00
4.644000000000000000e+03 -3.099933385848999023e+00
4.645000000000000000e+03 -3.073655128479003906e+00
4.646000000000000000e+03 -3.040616035461425781e+00
4.647000000000000000e+03 -3.047212362289428711e+00
4.648000000000000000e+03 -3.071842670440673828e+00
4.649000000000000000e+03 -3.082219362258911133e+00
4.650000000000000000e+03 -3.123052597045898438e+00
4.651000000000000000e+03 -3.116922855377197266e+00
4.652000000000000000e+03 -3.075284957885742188e+00
4.653000000000000000e+03 -3.037374496459960938e+00
4.654000000000000000e+03 -3.065836191177368164e+00
4.655000000000000000e+03 -3.084864139556884766e+00
4.656000000000000000e+03 -3.107642650604248047e+00
4.657000000000000000e+03 -3.094610452651977539e+00
4.658000000000000000e+03 -3.072308540344238281e+00
4.659000000000000000e+03 -3.070923089981079102e+00
4.660000000000000000e+03 -3.059498786926269531e+00
4.661000000000000000e+03 -3.119691133499145508e+00
4.662000000000000000e+03 -3.069107770919799805e+00
4.663000000000000000e+03 -3.053667306900024414e+00
4.664000000000000000e+03 -3.041051864624023438e+00
4.665000000000000000e+03 -3.029018402099609375e+00
4.666000000000000000e+03 -3.045763969421386719e+00
4.667000000000000000e+03 -3.052178859710693359e+00
4.668000000000000000e+03 -3.037362337112426758e+00
4.669000000000000000e+03 -3.033093690872192383e+00
4.670000000000000000e+03 -3.033222436904907227e+00
4.671000000000000000e+03 -3.039913654327392578e+00
4.672000000000000000e+03 -3.040599822998046875e+00
4.673000000000000000e+03 -3.035649776458740234e+00
4.674000000000000000e+03 -3.019347429275512695e+00
4.675000000000000000e+03 -3.036621570587158203e+00
4.676000000000000000e+03 -3.033164978027343750e+00
4.677000000000000000e+03 -3.056025743484497070e+00
4.678000000000000000e+03 -2.994620800018310547e+00
4.679000000000000000e+03 -3.005773544311523438e+00
4.680000000000000000e+03 -3.034093618392944336e+00
4.681000000000000000e+03 -3.012561321258544922e+00
4.682000000000000000e+03 -3.043789386749267578e+00
4.683000000000000000e+03 -3.011949300765991211e+00
4.684000000000000000e+03 -2.975594520568847656e+00
4.685000000000000000e+03 -3.005257129669189453e+00
4.686000000000000000e+03 -2.985463619232177734e+00
4.687000000000000000e+03 -3.009560108184814453e+00
4.688000000000000000e+03 -2.996726036071777344e+00
4.689000000000000000e+03 -3.012297391891479492e+00
4.690000000000000000e+03 -2.990302324295043945e+00
4.691000000000000000e+03 -3.040747642517089844e+00
4.692000000000000000e+03 -2.990674495697021484e+00
4.693000000000000000e+03 -3.005549907684326172e+00
4.694000000000000000e+03 -3.042490243911743164e+00
4.695000000000000000e+03 -3.010181188583374023e+00
4.696000000000000000e+03 -2.986444473266601562e+00
4.697000000000000000e+03 -2.979677915573120117e+00
4.698000000000000000e+03 -3.027877092361450195e+00
4.699000000000000000e+03 -2.974058151245117188e+00
4.700000000000000000e+03 -3.012421131134033203e+00
4.701000000000000000e+03 -3.036697149276733398e+00
4.702000000000000000e+03 -2.996470451354980469e+00
4.703000000000000000e+03 -3.013220548629760742e+00
4.704000000000000000e+03 -3.032699108123779297e+00
4.705000000000000000e+03 -2.980209827423095703e+00
4.706000000000000000e+03 -2.992362022399902344e+00
4.707000000000000000e+03 -2.979722261428833008e+00
4.708000000000000000e+03 -2.974755525588989258e+00
4.709000000000000000e+03 -2.949822664260864258e+00
4.710000000000000000e+03 -2.971871376037597656e+00
4.711000000000000000e+03 -2.980992078781127930e+00
4.712000000000000000e+03 -3.008346080780029297e+00
4.713000000000000000e+03 -3.030869245529174805e+00
4.714000000000000000e+03 -3.051460742950439453e+00
4.715000000000000000e+03 -3.052217483520507812e+00
4.716000000000000000e+03 -3.045386552810668945e+00
4.717000000000000000e+03 -2.997349977493286133e+00
4.718000000000000000e+03 -2.996479511260986328e+00
4.719000000000000000e+03 -3.025826454162597656e+00
4.720000000000000000e+03 -3.012863874435424805e+00
4.721000000000000000e+03 -3.029417753219604492e+00
4.722000000000000000e+03 -2.999011516571044922e+00
4.723000000000000000e+03 -3.017632484436035156e+00
4.724000000000000000e+03 -2.968439340591430664e+00
4.725000000000000000e+03 -2.986788272857666016e+00
4.726000000000000000e+03 -2.945104598999023438e+00
4.727000000000000000e+03 -2.986511707305908203e+00
4.728000000000000000e+03 -2.976034641265869141e+00
4.729000000000000000e+03 -2.973129272460937500e+00
4.730000000000000000e+03 -2.968104124069213867e+00
4.731000000000000000e+03 -2.952794551849365234e+00
4.732000000000000000e+03 -2.986649513244628906e+00
4.733000000000000000e+03 -2.946148157119750977e+00
4.734000000000000000e+03 -2.971982240676879883e+00
4.735000000000000000e+03 -2.991006374359130859e+00
4.736000000000000000e+03 -2.978055953979492188e+00
4.737000000000000000e+03 -2.956251621246337891e+00
4.738000000000000000e+03 -2.932025432586669922e+00
4.739000000000000000e+03 -2.970038175582885742e+00
4.740000000000000000e+03 -3.001164913177490234e+00
4.741000000000000000e+03 -2.950970172882080078e+00
4.742000000000000000e+03 -2.961965560913085938e+00
4.743000000000000000e+03 -2.937701463699340820e+00
4.744000000000000000e+03 -2.937818050384521484e+00
4.745000000000000000e+03 -2.921618700027465820e+00
4.746000000000000000e+03 -2.925247669219970703e+00
4.747000000000000000e+03 -2.950944900512695312e+00
4.748000000000000000e+03 -2.938771486282348633e+00
4.749000000000000000e+03 -2.958348512649536133e+00
4.750000000000000000e+03 -2.952425718307495117e+00
4.751000000000000000e+03 -2.946241855621337891e+00
4.752000000000000000e+03 -2.965621471405029297e+00
4.753000000000000000e+03 -2.968978881835937500e+00
4.754000000000000000e+03 -2.930443286895751953e+00
4.755000000000000000e+03 -2.935843944549560547e+00
4.756000000000000000e+03 -2.944594621658325195e+00
4.757000000000000000e+03 -2.935299158096313477e+00
4.758000000000000000e+03 -2.959489345550537109e+00
4.759000000000000000e+03 -2.907125234603881836e+00
4.760000000000000000e+03 -2.991418600082397461e+00
4.761000000000000000e+03 -2.958041429519653320e+00
4.762000000000000000e+03 -2.941312313079833984e+00
4.763000000000000000e+03 -2.886801958084106445e+00
4.764000000000000000e+03 -2.935808181762695312e+00
4.765000000000000000e+03 -2.902369499206542969e+00
4.766000000000000000e+03 -2.942716598510742188e+00
4.767000000000000000e+03 -2.910108566284179688e+00
4.768000000000000000e+03 -2.928793907165527344e+00
4.769000000000000000e+03 -2.915825128555297852e+00
4.770000000000000000e+03 -2.929358243942260742e+00
4.771000000000000000e+03 -2.924554586410522461e+00
4.772000000000000000e+03 -2.916153907775878906e+00
4.773000000000000000e+03 -2.897946357727050781e+00
4.774000000000000000e+03 -2.930947542190551758e+00
4.775000000000000000e+03 -2.936235666275024414e+00
4.776000000000000000e+03 -2.925854921340942383e+00
4.777000000000000000e+03 -2.952211856842041016e+00
4.778000000000000000e+03 -2.922042846679687500e+00
4.779000000000000000e+03 -2.956516981124877930e+00
4.780000000000000000e+03 -2.904184341430664062e+00
4.781000000000000000e+03 -2.900365114212036133e+00
4.782000000000000000e+03 -2.923974990844726562e+00
4.783000000000000000e+03 -2.930282354354858398e+00
4.784000000000000000e+03 -3.003746986389160156e+00
4.785000000000000000e+03 -2.990944385528564453e+00
4.786000000000000000e+03 -2.945960521697998047e+00
4.787000000000000000e+03 -2.957634210586547852e+00
4.788000000000000000e+03 -2.944603443145751953e+00
4.789000000000000000e+03 -2.946208953857421875e+00
4.790000000000000000e+03 -2.909712791442871094e+00
4.791000000000000000e+03 -2.946482419967651367e+00
4.792000000000000000e+03 -2.952395677566528320e+00
4.793000000000000000e+03 -2.916496515274047852e+00
4.794000000000000000e+03 -2.950223684310913086e+00
4.795000000000000000e+03 -2.959953784942626953e+00
4.796000000000000000e+03 -2.949813127517700195e+00
4.797000000000000000e+03 -2.918128013610839844e+00
4.798000000000000000e+03 -2.949152946472167969e+00
4.799000000000000000e+03 -2.952600955963134766e+00
4.800000000000000000e+03 -2.970659017562866211e+00
4.801000000000000000e+03 -2.922642230987548828e+00
4.802000000000000000e+03 -2.908995628356933594e+00
4.803000000000000000e+03 -2.920154571533203125e+00
4.804000000000000000e+03 -2.907091856002807617e+00
4.805000000000000000e+03 -2.916343450546264648e+00
4.806000000000000000e+03 -2.900042533874511719e+00
4.807000000000000000e+03 -2.924507617950439453e+00
4.808000000000000000e+03 -2.893888711929321289e+00
4.809000000000000000e+03 -2.860720157623291016e+00
4.810000000000000000e+03 -2.891127109527587891e+00
4.811000000000000000e+03 -2.918488264083862305e+00
4.812000000000000000e+03 -2.865088701248168945e+00
4.813000000000000000e+03 -2.854926824569702148e+00
4.814000000000000000e+03 -2.880699157714843750e+00
4.815000000000000000e+03 -2.908337116241455078e+00
4.816000000000000000e+03 -2.876478195190429688e+00
4.817000000000000000e+03 -2.892666339874267578e+00
4.818000000000000000e+03 -2.915519714355468750e+00
4.819000000000000000e+03 -2.905538797378540039e+00
4.820000000000000000e+03 -2.908586740493774414e+00
4.821000000000000000e+03 -2.913304328918457031e+00
4.822000000000000000e+03 -2.902770519256591797e+00
4.823000000000000000e+03 -2.915423154830932617e+00
4.824000000000000000e+03 -2.888868331909179688e+00
4.825000000000000000e+03 -2.886229753494262695e+00
4.826000000000000000e+03 -2.886051177978515625e+00
4.827000000000000000e+03 -2.874408960342407227e+00
4.828000000000000000e+03 -2.899083852767944336e+00
4.829000000000000000e+03 -2.919456958770751953e+00
4.830000000000000000e+03 -2.903408288955688477e+00
4.831000000000000000e+03 -2.926054239273071289e+00
4.832000000000000000e+03 -2.925967216491699219e+00
4.833000000000000000e+03 -2.921922206878662109e+00
4.834000000000000000e+03 -2.926997423171997070e+00
4.835000000000000000e+03 -2.919219255447387695e+00
4.836000000000000000e+03 -2.931841135025024414e+00
4.837000000000000000e+03 -2.919109344482421875e+00
4.838000000000000000e+03 -2.921980857849121094e+00
4.839000000000000000e+03 -2.902978897094726562e+00
4.840000000000000000e+03 -2.900785446166992188e+00
4.841000000000000000e+03 -2.930384874343872070e+00
4.842000000000000000e+03 -2.946607589721679688e+00
4.843000000000000000e+03 -2.929509639739990234e+00
4.844000000000000000e+03 -2.895113229751586914e+00
4.845000000000000000e+03 -2.936263799667358398e+00
4.846000000000000000e+03 -2.941624402999877930e+00
4.847000000000000000e+03 -2.994862556457519531e+00
4.848000000000000000e+03 -2.983353376388549805e+00
4.849000000000000000e+03 -2.978472948074340820e+00
4.850000000000000000e+03 -2.970359325408935547e+00
4.851000000000000000e+03 -2.965778112411499023e+00
4.852000000000000000e+03 -2.968243122100830078e+00
4.853000000000000000e+03 -2.957756519317626953e+00
4.854000000000000000e+03 -2.972176551818847656e+00
4.855000000000000000e+03 -2.975883722305297852e+00
4.856000000000000000e+03 -2.993050098419189453e+00
4.857000000000000000e+03 -2.947797060012817383e+00
4.858000000000000000e+03 -2.946483373641967773e+00
4.859000000000000000e+03 -2.957165241241455078e+00
4.860000000000000000e+03 -2.955339193344116211e+00
4.861000000000000000e+03 -2.964881181716918945e+00
4.862000000000000000e+03 -2.969579696655273438e+00
4.863000000000000000e+03 -2.952989816665649414e+00
4.864000000000000000e+03 -2.920818090438842773e+00
4.865000000000000000e+03 -2.926210880279541016e+00
4.866000000000000000e+03 -2.968940496444702148e+00
4.867000000000000000e+03 -2.980969667434692383e+00
4.868000000000000000e+03 -2.995613336563110352e+00
4.869000000000000000e+03 -2.978019714355468750e+00
4.870000000000000000e+03 -2.969203233718872070e+00
4.871000000000000000e+03 -2.932449102401733398e+00
4.872000000000000000e+03 -2.898948431015014648e+00
4.873000000000000000e+03 -2.942579269409179688e+00
4.874000000000000000e+03 -2.913576841354370117e+00
4.875000000000000000e+03 -2.858399152755737305e+00
4.876000000000000000e+03 -2.861955165863037109e+00
4.877000000000000000e+03 -2.937708854675292969e+00
4.878000000000000000e+03 -2.911017179489135742e+00
4.879000000000000000e+03 -2.916321277618408203e+00
4.880000000000000000e+03 -2.853351593017578125e+00
4.881000000000000000e+03 -2.882462263107299805e+00
4.882000000000000000e+03 -2.893786191940307617e+00
4.883000000000000000e+03 -2.889790058135986328e+00
4.884000000000000000e+03 -2.918202161788940430e+00
4.885000000000000000e+03 -2.906305313110351562e+00
4.886000000000000000e+03 -2.900147199630737305e+00
4.887000000000000000e+03 -2.910864830017089844e+00
4.888000000000000000e+03 -2.924993276596069336e+00
4.889000000000000000e+03 -2.931258678436279297e+00
4.890000000000000000e+03 -2.908939361572265625e+00
4.891000000000000000e+03 -2.946794033050537109e+00
4.892000000000000000e+03 -2.905128717422485352e+00
4.893000000000000000e+03 -2.902428150177001953e+00
4.894000000000000000e+03 -2.891093492507934570e+00
4.895000000000000000e+03 -2.896383047103881836e+00
4.896000000000000000e+03 -2.921754598617553711e+00
4.897000000000000000e+03 -2.909436464309692383e+00
4.898000000000000000e+03 -2.897008180618286133e+00
4.899000000000000000e+03 -2.905489683151245117e+00
4.900000000000000000e+03 -2.912919759750366211e+00
4.901000000000000000e+03 -2.919047594070434570e+00
4.902000000000000000e+03 -2.903118371963500977e+00
4.903000000000000000e+03 -2.960521459579467773e+00
4.904000000000000000e+03 -2.957052946090698242e+00
4.905000000000000000e+03 -2.886155128479003906e+00
4.906000000000000000e+03 -2.928730726242065430e+00
4.907000000000000000e+03 -2.914911270141601562e+00
4.908000000000000000e+03 -2.972215890884399414e+00
4.909000000000000000e+03 -2.970267057418823242e+00
4.910000000000000000e+03 -2.939123630523681641e+00
4.911000000000000000e+03 -2.971574306488037109e+00
4.912000000000000000e+03 -2.948996782302856445e+00
4.913000000000000000e+03 -2.952852964401245117e+00
4.914000000000000000e+03 -2.984881639480590820e+00
4.915000000000000000e+03 -3.037055730819702148e+00
4.916000000000000000e+03 -2.997093439102172852e+00
4.917000000000000000e+03 -2.992524623870849609e+00
4.918000000000000000e+03 -3.009840726852416992e+00
4.919000000000000000e+03 -2.979242324829101562e+00
4.920000000000000000e+03 -2.947079420089721680e+00
4.921000000000000000e+03 -2.952588796615600586e+00
4.922000000000000000e+03 -2.945442676544189453e+00
4.923000000000000000e+03 -2.984013795852661133e+00
4.924000000000000000e+03 -3.011427402496337891e+00
4.925000000000000000e+03 -2.998942136764526367e+00
4.926000000000000000e+03 -2.996268749237060547e+00
4.927000000000000000e+03 -2.989474058151245117e+00
4.928000000000000000e+03 -2.955904960632324219e+00
4.929000000000000000e+03 -3.005161285400390625e+00
4.930000000000000000e+03 -3.015178442001342773e+00
4.931000000000000000e+03 -3.032341957092285156e+00
4.932000000000000000e+03 -2.967123508453369141e+00
4.933000000000000000e+03 -3.006355524063110352e+00
4.934000000000000000e+03 -2.940700769424438477e+00
4.935000000000000000e+03 -2.940398931503295898e+00
4.936000000000000000e+03 -3.011852502822875977e+00
4.937000000000000000e+03 -2.944176912307739258e+00
4.938000000000000000e+03 -2.947995901107788086e+00
4.939000000000000000e+03 -2.915708541870117188e+00
4.940000000000000000e+03 -2.928225278854370117e+00
4.941000000000000000e+03 -2.933886289596557617e+00
4.942000000000000000e+03 -2.925573348999023438e+00
4.943000000000000000e+03 -2.942538976669311523e+00
4.944000000000000000e+03 -2.933550834655761719e+00
4.945000000000000000e+03 -2.950119972229003906e+00
4.946000000000000000e+03 -2.947436571121215820e+00
4.947000000000000000e+03 -2.969129562377929688e+00
4.948000000000000000e+03 -2.937574863433837891e+00
4.949000000000000000e+03 -2.976572036743164062e+00
4.950000000000000000e+03 -2.919667243957519531e+00
4.951000000000000000e+03 -2.936434984207153320e+00
4.952000000000000000e+03 -2.966015100479125977e+00
4.953000000000000000e+03 -2.980851173400878906e+00
4.954000000000000000e+03 -2.972444534301757812e+00
4.955000000000000000e+03 -2.970670938491821289e+00
4.956000000000000000e+03 -2.944056034088134766e+00
4.957000000000000000e+03 -2.967073440551757812e+00
4.958000000000000000e+03 -2.956932783126831055e+00
4.959000000000000000e+03 -2.956407546997070312e+00
4.960000000000000000e+03 -2.965322017669677734e+00
4.961000000000000000e+03 -2.973463058471679688e+00
4.962000000000000000e+03 -2.928245067596435547e+00
4.963000000000000000e+03 -2.989265441894531250e+00
4.964000000000000000e+03 -2.977172851562500000e+00
4.965000000000000000e+03 -2.953622102737426758e+00
4.966000000000000000e+03 -2.965324401855468750e+00
4.967000000000000000e+03 -2.929418087005615234e+00
4.968000000000000000e+03 -2.935927152633666992e+00
4.969000000000000000e+03 -2.982305049896240234e+00
4.970000000000000000e+03 -3.007536411285400391e+00
4.971000000000000000e+03 -2.982329368591308594e+00
4.972000000000000000e+03 -2.988495111465454102e+00
4.973000000000000000e+03 -3.004196882247924805e+00
4.974000000000000000e+03 -3.018805980682373047e+00
4.975000000000000000e+03 -2.997392177581787109e+00
4.976000000000000000e+03 -3.049015283584594727e+00
4.977000000000000000e+03 -2.993754386901855469e+00
4.978000000000000000e+03 -2.996306657791137695e+00
4.979000000000000000e+03 -3.014393091201782227e+00
4.980000000000000000e+03 -3.056705236434936523e+00
4.981000000000000000e+03 -3.012278318405151367e+00
4.982000000000000000e+03 -3.004592895507812500e+00
4.983000000000000000e+03 -3.045595407485961914e+00
4.984000000000000000e+03 -3.052211761474609375e+00
4.985000000000000000e+03 -3.084616184234619141e+00
4.986000000000000000e+03 -3.021839618682861328e+00
4.987000000000000000e+03 -3.036367893218994141e+00
4.988000000000000000e+03 -3.025987386703491211e+00
4.989000000000000000e+03 -3.017100095748901367e+00
4.990000000000000000e+03 -3.052923202514648438e+00
4.991000000000000000e+03 -3.047755241394042969e+00
4.992000000000000000e+03 -3.052106618881225586e+00
4.993000000000000000e+03 -3.080261230468750000e+00
4.994000000000000000e+03 -3.069365501403808594e+00
4.995000000000000000e+03 -3.055850505828857422e+00
4.996000000000000000e+03 -3.052567720413208008e+00
4.997000000000000000e+03 -3.144258085881368459e+00
4.998000000000000000e+03 -3.099650382995605469e+00
4.999000000000000000e+03 -3.087593317031860352e+00
5.000000000000000000e+03 -3.066573143005371094e+00
5.001000000000000000e+03 -3.049807548522949219e+00
5.002000000000000000e+03 -3.049377202987670898e+00
5.003000000000000000e+03 -3.092640399932861328e+00
5.004000000000000000e+03 -3.075202226638793945e+00
5.005000000000000000e+03 -3.082944393157958984e+00
5.006000000000000000e+03 -3.102188587188720703e+00
5.007000000000000000e+03 -3.094847202301025391e+00
5.008000000000000000e+03 -3.107857704162597656e+00
5.009000000000000000e+03 -3.074154853820800781e+00
5.010000000000000000e+03 -3.064567804336547852e+00
5.011000000000000000e+03 -3.089331865310668945e+00
5.012000000000000000e+03 -3.047048568725585938e+00
5.013000000000000000e+03 -3.092721462249755859e+00
5.014000000000000000e+03 -3.110152244567871094e+00
5.015000000000000000e+03 -3.112124919891357422e+00
5.016000000000000000e+03 -3.157237831746236623e+00
5.017000000000000000e+03 -3.126937627792358398e+00
5.018000000000000000e+03 -3.116112947463989258e+00
5.019000000000000000e+03 -3.108541488647460938e+00
5.020000000000000000e+03 -3.117736339569091797e+00
5.021000000000000000e+03 -3.074199438095092773e+00
5.022000000000000000e+03 -3.065026283264160156e+00
5.023000000000000000e+03 -3.063308715820312500e+00
5.024000000000000000e+03 -3.120462179183959961e+00
5.025000000000000000e+03 -3.089861392974853516e+00
5.026000000000000000e+03 -3.065281391143798828e+00
5.027000000000000000e+03 -3.062438249588012695e+00
5.028000000000000000e+03 -3.112810134887695312e+00
5.029000000000000000e+03 -3.087628841400146484e+00
5.030000000000000000e+03 -3.096082925796508789e+00
5.031000000000000000e+03 -3.143437210713521779e+00
5.032000000000000000e+03 -3.119689702987670898e+00
5.033000000000000000e+03 -3.077760219573974609e+00
5.034000000000000000e+03 -3.076732397079467773e+00
5.035000000000000000e+03 -3.097646236419677734e+00
5.036000000000000000e+03 -3.116709232330322266e+00
5.037000000000000000e+03 -3.113596200942993164e+00
5.038000000000000000e+03 -3.155068937932149709e+00
5.039000000000000000e+03 -3.109066724777221680e+00
5.040000000000000000e+03 -3.149830166493551076e+00
5.041000000000000000e+03 -3.094619035720825195e+00
5.042000000000000000e+03 -3.067375898361206055e+00
5.043000000000000000e+03 -3.073322296142578125e+00
5.044000000000000000e+03 -3.092159271240234375e+00
5.045000000000000000e+03 -3.077618122100830078e+00
5.046000000000000000e+03 -3.059901952743530273e+00
5.047000000000000000e+03 -3.049796819686889648e+00
5.048000000000000000e+03 -3.039725780487060547e+00
5.049000000000000000e+03 -3.057198047637939453e+00
5.050000000000000000e+03 -3.034512996673583984e+00
5.051000000000000000e+03 -3.094181776046752930e+00
5.052000000000000000e+03 -3.111330270767211914e+00
5.053000000000000000e+03 -3.040487289428710938e+00
5.054000000000000000e+03 -3.065036296844482422e+00
5.055000000000000000e+03 -3.021965980529785156e+00
5.056000000000000000e+03 -3.027115583419799805e+00
5.057000000000000000e+03 -3.023875236511230469e+00
5.058000000000000000e+03 -3.046145439147949219e+00
5.059000000000000000e+03 -3.093181610107421875e+00
5.060000000000000000e+03 -3.093337297439575195e+00
5.061000000000000000e+03 -3.075961112976074219e+00
5.062000000000000000e+03 -3.084659814834594727e+00
5.063000000000000000e+03 -3.058074474334716797e+00
5.064000000000000000e+03 -3.048051834106445312e+00
5.065000000000000000e+03 -3.053757429122924805e+00
5.066000000000000000e+03 -3.097789049148559570e+00
5.067000000000000000e+03 -3.099620819091796875e+00
5.068000000000000000e+03 -3.107736349105834961e+00
5.069000000000000000e+03 -3.036830902099609375e+00
5.070000000000000000e+03 -3.061356306076049805e+00
5.071000000000000000e+03 -3.055442571640014648e+00
5.072000000000000000e+03 -3.097587108612060547e+00
5.073000000000000000e+03 -3.032121658325195312e+00
5.074000000000000000e+03 -3.034596443176269531e+00
5.075000000000000000e+03 -3.022201061248779297e+00
5.076000000000000000e+03 -3.041756868362426758e+00
5.077000000000000000e+03 -3.064181804656982422e+00
5.078000000000000000e+03 -3.065308809280395508e+00
5.079000000000000000e+03 -3.081432342529296875e+00
5.080000000000000000e+03 -3.084834337234497070e+00
5.081000000000000000e+03 -3.051969528198242188e+00
5.082000000000000000e+03 -3.079718112945556641e+00
5.083000000000000000e+03 -3.084794282913208008e+00
5.084000000000000000e+03 -3.100821971893310547e+00
5.085000000000000000e+03 -3.090360403060913086e+00
5.086000000000000000e+03 -3.116079807281494141e+00
5.087000000000000000e+03 -3.091139554977416992e+00
5.088000000000000000e+03 -3.086829900741577148e+00
5.089000000000000000e+03 -3.088806152343750000e+00
5.090000000000000000e+03 -3.045278549194335938e+00
5.091000000000000000e+03 -3.059207677841186523e+00
5.092000000000000000e+03 -3.065107583999633789e+00
5.093000000000000000e+03 -3.083280324935913086e+00
5.094000000000000000e+03 -3.143328253422872365e+00
5.095000000000000000e+03 -3.162877623234884084e+00
5.096000000000000000e+03 -3.124697446823120117e+00
5.097000000000000000e+03 -3.137729167938232422e+00
5.098000000000000000e+03 -3.080047845840454102e+00
5.099000000000000000e+03 -3.097634077072143555e+00
5.100000000000000000e+03 -3.067521095275878906e+00
5.101000000000000000e+03 -3.078226089477539062e+00
5.102000000000000000e+03 -3.091210603713989258e+00
5.103000000000000000e+03 -3.107205629348754883e+00
5.104000000000000000e+03 -3.078937530517578125e+00
5.105000000000000000e+03 -3.113686800003051758e+00
5.106000000000000000e+03 -3.078728199005126953e+00
5.107000000000000000e+03 -3.050687313079833984e+00
5.108000000000000000e+03 -3.077106237411499023e+00
5.109000000000000000e+03 -3.079382658004760742e+00
5.110000000000000000e+03 -3.070222139358520508e+00
5.111000000000000000e+03 -3.053648948669433594e+00
5.112000000000000000e+03 -3.080252408981323242e+00
5.113000000000000000e+03 -3.073547601699829102e+00
5.114000000000000000e+03 -3.081148624420166016e+00
5.115000000000000000e+03 -3.074555397033691406e+00
5.116000000000000000e+03 -3.074504852294921875e+00
5.117000000000000000e+03 -3.067812681198120117e+00
5.118000000000000000e+03 -3.063320636749267578e+00
5.119000000000000000e+03 -3.066353559494018555e+00
5.120000000000000000e+03 -3.066190958023071289e+00
5.121000000000000000e+03 -3.091907501220703125e+00
5.122000000000000000e+03 -3.082274436950683594e+00
5.123000000000000000e+03 -3.056484699249267578e+00
5.124000000000000000e+03 -3.072468519210815430e+00
5.125000000000000000e+03 -3.082313537597656250e+00
5.126000000000000000e+03 -2.991348505020141602e+00
5.127000000000000000e+03 -3.052047491073608398e+00
5.128000000000000000e+03 -3.067128181457519531e+00
5.129000000000000000e+03 -3.044142961502075195e+00
5.130000000000000000e+03 -3.042830705642700195e+00
5.131000000000000000e+03 -3.012992382049560547e+00
5.132000000000000000e+03 -3.063548088073730469e+00
5.133000000000000000e+03 -2.991864681243896484e+00
5.134000000000000000e+03 -3.013043880462646484e+00
5.135000000000000000e+03 -3.038982391357421875e+00
5.136000000000000000e+03 -3.071986675262451172e+00
5.137000000000000000e+03 -3.040670156478881836e+00
5.138000000000000000e+03 -3.054462194442749023e+00
5.139000000000000000e+03 -3.103771924972534180e+00
5.140000000000000000e+03 -3.077493190765380859e+00
5.141000000000000000e+03 -3.063455820083618164e+00
5.142000000000000000e+03 -3.074193239212036133e+00
5.143000000000000000e+03 -3.088089466094970703e+00
5.144000000000000000e+03 -3.053694486618041992e+00
5.145000000000000000e+03 -3.078608036041259766e+00
5.146000000000000000e+03 -3.054315090179443359e+00
5.147000000000000000e+03 -3.059819698333740234e+00
5.148000000000000000e+03 -3.082763433456420898e+00
5.149000000000000000e+03 -3.085269212722778320e+00
5.150000000000000000e+03 -3.081551074981689453e+00
5.151000000000000000e+03 -3.084081411361694336e+00
5.152000000000000000e+03 -3.080017566680908203e+00
5.153000000000000000e+03 -3.100825786590576172e+00
5.154000000000000000e+03 -3.042834043502807617e+00
5.155000000000000000e+03 -3.053582668304443359e+00
5.156000000000000000e+03 -3.090879201889038086e+00
5.157000000000000000e+03 -3.101526498794555664e+00
5.158000000000000000e+03 -3.048572778701782227e+00
5.159000000000000000e+03 -3.067450284957885742e+00
5.160000000000000000e+03 -3.106686830520629883e+00
5.161000000000000000e+03 -3.104298830032348633e+00
5.162000000000000000e+03 -3.077822208404541016e+00
5.163000000000000000e+03 -3.043886899948120117e+00
5.164000000000000000e+03 -3.049723386764526367e+00
5.165000000000000000e+03 -3.033158540725708008e+00
5.166000000000000000e+03 -3.036602735519409180e+00
5.167000000000000000e+03 -2.997257471084594727e+00
5.168000000000000000e+03 -3.031087160110473633e+00
5.169000000000000000e+03 -3.026946783065795898e+00
5.170000000000000000e+03 -3.046010732650756836e+00
5.171000000000000000e+03 -3.060020685195922852e+00
5.172000000000000000e+03 -3.033506631851196289e+00
5.173000000000000000e+03 -3.065391778945922852e+00
5.174000000000000000e+03 -3.036366939544677734e+00
5.175000000000000000e+03 -2.993582963943481445e+00
5.176000000000000000e+03 -3.000540733337402344e+00
5.177000000000000000e+03 -3.042766571044921875e+00
5.178000000000000000e+03 -3.033348560333251953e+00
5.179000000000000000e+03 -3.050486087799072266e+00
5.180000000000000000e+03 -3.071880578994750977e+00
5.181000000000000000e+03 -3.038928747177124023e+00
5.182000000000000000e+03 -3.040689468383789062e+00
5.183000000000000000e+03 -3.017136573791503906e+00
5.184000000000000000e+03 -3.037515163421630859e+00
5.185000000000000000e+03 -2.999287605285644531e+00
5.186000000000000000e+03 -3.018475770950317383e+00
5.187000000000000000e+03 -3.012746334075927734e+00
5.188000000000000000e+03 -3.057512760162353516e+00
5.189000000000000000e+03 -3.048007726669311523e+00
5.190000000000000000e+03 -3.036453962326049805e+00
5.191000000000000000e+03 -3.093281984329223633e+00
5.192000000000000000e+03 -3.126592636108398438e+00
5.193000000000000000e+03 -3.085491418838500977e+00
5.194000000000000000e+03 -3.058938980102539062e+00
5.195000000000000000e+03 -3.080868721008300781e+00
5.196000000000000000e+03 -3.086864233016967773e+00
5.197000000000000000e+03 -3.050914287567138672e+00
5.198000000000000000e+03 -3.075739145278930664e+00
5.199000000000000000e+03 -3.067431688308715820e+00
5.200000000000000000e+03 -3.074807643890380859e+00
5.201000000000000000e+03 -3.031546592712402344e+00
5.202000000000000000e+03 -3.037389278411865234e+00
5.203000000000000000e+03 -3.034919261932373047e+00
5.204000000000000000e+03 -3.084602832794189453e+00
5.205000000000000000e+03 -3.080283403396606445e+00
5.206000000000000000e+03 -3.096193790435791016e+00
5.207000000000000000e+03 -3.064434051513671875e+00
5.208000000000000000e+03 -3.044794321060180664e+00
5.209000000000000000e+03 -3.088584661483764648e+00
5.210000000000000000e+03 -3.079952239990234375e+00
5.211000000000000000e+03 -3.084429264068603516e+00
5.212000000000000000e+03 -3.071277856826782227e+00
5.213000000000000000e+03 -3.087453365325927734e+00
5.214000000000000000e+03 -3.044455528259277344e+00
5.215000000000000000e+03 -3.051459550857543945e+00
5.216000000000000000e+03 -3.058967351913452148e+00
5.217000000000000000e+03 -3.042765378952026367e+00
5.218000000000000000e+03 -3.048886299133300781e+00
5.219000000000000000e+03 -3.088598966598510742e+00
5.220000000000000000e+03 -3.093731880187988281e+00
5.221000000000000000e+03 -3.045557022094726562e+00
5.222000000000000000e+03 -3.046281814575195312e+00
5.223000000000000000e+03 -3.040757656097412109e+00
5.224000000000000000e+03 -3.002625942230224609e+00
5.225000000000000000e+03 -3.070106983184814453e+00
5.226000000000000000e+03 -3.043705463409423828e+00
5.227000000000000000e+03 -3.036802530288696289e+00
5.228000000000000000e+03 -3.015060186386108398e+00
5.229000000000000000e+03 -3.044196128845214844e+00
5.230000000000000000e+03 -3.055964708328247070e+00
5.231000000000000000e+03 -3.027430057525634766e+00
5.232000000000000000e+03 -3.053628444671630859e+00
5.233000000000000000e+03 -3.078175306320190430e+00
5.234000000000000000e+03 -3.052514791488647461e+00
5.235000000000000000e+03 -3.086122512817382812e+00
5.236000000000000000e+03 -3.097039937973022461e+00
5.237000000000000000e+03 -3.106607437133789062e+00
5.238000000000000000e+03 -3.091213703155517578e+00
5.239000000000000000e+03 -3.039435148239135742e+00
5.240000000000000000e+03 -3.026949167251586914e+00
5.241000000000000000e+03 -3.068470954895019531e+00
5.242000000000000000e+03 -3.069257497787475586e+00
5.243000000000000000e+03 -3.074092864990234375e+00
5.244000000000000000e+03 -3.086931228637695312e+00
5.245000000000000000e+03 -3.047462940216064453e+00
5.246000000000000000e+03 -3.042902469635009766e+00
5.247000000000000000e+03 -3.060518980026245117e+00
5.248000000000000000e+03 -3.076065540313720703e+00
5.249000000000000000e+03 -3.054718971252441406e+00
5.250000000000000000e+03 -3.016091346740722656e+00
5.251000000000000000e+03 -3.081113815307617188e+00
5.252000000000000000e+03 -3.082497835159301758e+00
5.253000000000000000e+03 -3.126825094223022461e+00
5.254000000000000000e+03 -3.101812839508056641e+00
5.255000000000000000e+03 -3.082792758941650391e+00
5.256000000000000000e+03 -3.095313787460327148e+00
5.257000000000000000e+03 -3.067297220230102539e+00
5.258000000000000000e+03 -2.985989809036254883e+00
5.259000000000000000e+03 -3.062666177749633789e+00
5.260000000000000000e+03 -3.070164680480957031e+00
5.261000000000000000e+03 -3.109235763549804688e+00
5.262000000000000000e+03 -3.065762996673583984e+00
5.263000000000000000e+03 -3.081830263137817383e+00
5.264000000000000000e+03 -3.084188461303710938e+00
5.265000000000000000e+03 -3.043307304382324219e+00
5.266000000000000000e+03 -3.078653097152709961e+00
5.267000000000000000e+03 -3.103604316711425781e+00
5.268000000000000000e+03 -3.056758165359497070e+00
5.269000000000000000e+03 -3.053533077239990234e+00
5.270000000000000000e+03 -3.046853065490722656e+00
5.271000000000000000e+03 -3.050002098083496094e+00
5.272000000000000000e+03 -3.074257612228393555e+00
5.273000000000000000e+03 -3.015894174575805664e+00
5.274000000000000000e+03 -3.026986360549926758e+00
5.275000000000000000e+03 -2.978604793548583984e+00
5.276000000000000000e+03 -3.074494600296020508e+00
5.277000000000000000e+03 -3.027790069580078125e+00
5.278000000000000000e+03 -3.030266761779785156e+00
5.279000000000000000e+03 -3.075372219085693359e+00
5.280000000000000000e+03 -3.108598470687866211e+00
5.281000000000000000e+03 -3.087038516998291016e+00
5.282000000000000000e+03 -3.071132183074951172e+00
5.283000000000000000e+03 -3.042778253555297852e+00
5.284000000000000000e+03 -3.033908605575561523e+00
5.285000000000000000e+03 -3.087285041809082031e+00
5.286000000000000000e+03 -3.103474378585815430e+00
5.287000000000000000e+03 -3.068521976470947266e+00
5.288000000000000000e+03 -3.066840171813964844e+00
5.289000000000000000e+03 -3.086743831634521484e+00
5.290000000000000000e+03 -3.072420358657836914e+00
5.291000000000000000e+03 -3.076699972152709961e+00
5.292000000000000000e+03 -3.133432149887084961e+00
5.293000000000000000e+03 -3.126644611358642578e+00
5.294000000000000000e+03 -3.088452100753784180e+00
5.295000000000000000e+03 -3.107492208480834961e+00
5.296000000000000000e+03 -3.118952751159667969e+00
5.297000000000000000e+03 -3.077889204025268555e+00
5.298000000000000000e+03 -3.156845633183614552e+00
5.299000000000000000e+03 -3.086499691009521484e+00
5.300000000000000000e+03 -3.110615491867065430e+00
5.301000000000000000e+03 -3.093262195587158203e+00
5.302000000000000000e+03 -3.088786840438842773e+00
5.303000000000000000e+03 -3.134616136550903320e+00
5.304000000000000000e+03 -3.116999626159667969e+00
5.305000000000000000e+03 -3.098942995071411133e+00
5.306000000000000000e+03 -3.106026411056518555e+00
5.307000000000000000e+03 -3.114750862121582031e+00
5.308000000000000000e+03 -3.100440502166748047e+00
5.309000000000000000e+03 -3.146003548298970998e+00
5.310000000000000000e+03 -3.124501705169677734e+00
5.311000000000000000e+03 -3.134225845336914062e+00
5.312000000000000000e+03 -3.110694169998168945e+00
5.313000000000000000e+03 -3.115351676940917969e+00
5.314000000000000000e+03 -3.109954357147216797e+00
5.315000000000000000e+03 -3.124361276626586914e+00
5.316000000000000000e+03 -3.149086777363912404e+00
5.317000000000000000e+03 -3.131208419799804688e+00
5.318000000000000000e+03 -3.093028783798217773e+00
5.319000000000000000e+03 -3.097609758377075195e+00
5.320000000000000000e+03 -3.133978843688964844e+00
5.321000000000000000e+03 -3.122151136398315430e+00
5.322000000000000000e+03 -3.142652098332540334e+00
5.323000000000000000e+03 -3.097559690475463867e+00
5.324000000000000000e+03 -3.118818044662475586e+00
5.325000000000000000e+03 -3.080808639526367188e+00
5.326000000000000000e+03 -3.131157398223876953e+00
5.327000000000000000e+03 -3.094642639160156250e+00
5.328000000000000000e+03 -3.120964050292968750e+00
5.329000000000000000e+03 -3.158090893422262013e+00
5.330000000000000000e+03 -3.143669430409566701e+00
5.331000000000000000e+03 -3.124403953552246094e+00
5.332000000000000000e+03 -3.150450531636373341e+00
5.333000000000000000e+03 -3.122176647186279297e+00
5.334000000000000000e+03 -3.122450113296508789e+00
5.335000000000000000e+03 -3.109805822372436523e+00
5.336000000000000000e+03 -3.145866219197408498e+00
5.337000000000000000e+03 -3.154001061116353810e+00
5.338000000000000000e+03 -3.132118701934814453e+00
5.339000000000000000e+03 -3.129483222961425781e+00
5.340000000000000000e+03 -3.123078823089599609e+00
5.341000000000000000e+03 -3.115025997161865234e+00
5.342000000000000000e+03 -3.096128702163696289e+00
5.343000000000000000e+03 -3.085578441619873047e+00
5.344000000000000000e+03 -3.082633733749389648e+00
5.345000000000000000e+03 -3.130349397659301758e+00
5.346000000000000000e+03 -3.115543365478515625e+00
5.347000000000000000e+03 -3.104813337326049805e+00
5.348000000000000000e+03 -3.071350097656250000e+00
5.349000000000000000e+03 -3.112310647964477539e+00
5.350000000000000000e+03 -3.093831777572631836e+00
5.351000000000000000e+03 -3.156496588383809865e+00
5.352000000000000000e+03 -3.131439685821533203e+00
5.353000000000000000e+03 -3.125351905822753906e+00
5.354000000000000000e+03 -3.096706151962280273e+00
5.355000000000000000e+03 -3.061709403991699219e+00
5.356000000000000000e+03 -3.131412982940673828e+00
5.357000000000000000e+03 -3.136674404144287109e+00
5.358000000000000000e+03 -3.120546340942382812e+00
5.359000000000000000e+03 -3.147333208714620412e+00
5.360000000000000000e+03 -3.164249722157613576e+00
5.361000000000000000e+03 -3.187726322804586232e+00
5.362000000000000000e+03 -3.165843788777486623e+00
5.363000000000000000e+03 -3.138417005538940430e+00
5.364000000000000000e+03 -3.187190357838765919e+00
5.365000000000000000e+03 -3.194595162068502248e+00
5.366000000000000000e+03 -3.191112820302144826e+00
5.367000000000000000e+03 -3.164577786122457326e+00
5.368000000000000000e+03 -3.153479401265279591e+00
5.369000000000000000e+03 -3.139489889144897461e+00
5.370000000000000000e+03 -3.163960997258321584e+00
5.371000000000000000e+03 -3.119274139404296875e+00
5.372000000000000000e+03 -3.086377382278442383e+00
5.373000000000000000e+03 -3.126248359680175781e+00
5.374000000000000000e+03 -3.135820150375366211e+00
5.375000000000000000e+03 -3.129817247390747070e+00
5.376000000000000000e+03 -3.131372213363647461e+00
5.377000000000000000e+03 -3.119920015335083008e+00
5.378000000000000000e+03 -3.092228889465332031e+00
5.379000000000000000e+03 -3.136041641235351562e+00
5.380000000000000000e+03 -3.135662317276000977e+00
5.381000000000000000e+03 -3.088202714920043945e+00
5.382000000000000000e+03 -3.114643335342407227e+00
5.383000000000000000e+03 -3.082168102264404297e+00
5.384000000000000000e+03 -3.119303226470947266e+00
5.385000000000000000e+03 -3.110515594482421875e+00
5.386000000000000000e+03 -3.064785957336425781e+00
5.387000000000000000e+03 -3.116165161132812500e+00
5.388000000000000000e+03 -3.099920272827148438e+00
5.389000000000000000e+03 -3.138175487518310547e+00
5.390000000000000000e+03 -3.107872724533081055e+00
5.391000000000000000e+03 -3.186791245137349904e+00
5.392000000000000000e+03 -3.136518239974975586e+00
5.393000000000000000e+03 -3.158336941395894826e+00
5.394000000000000000e+03 -3.130503654479980469e+00
5.395000000000000000e+03 -3.110368013381958008e+00
5.396000000000000000e+03 -3.100890159606933594e+00
5.397000000000000000e+03 -3.134388208389282227e+00
5.398000000000000000e+03 -3.113240957260131836e+00
5.399000000000000000e+03 -3.110928058624267578e+00
5.400000000000000000e+03 -3.109364271163940430e+00
5.401000000000000000e+03 -3.098988294601440430e+00
5.402000000000000000e+03 -3.085450649261474609e+00
5.403000000000000000e+03 -3.101902246475219727e+00
5.404000000000000000e+03 -3.104007482528686523e+00
5.405000000000000000e+03 -3.093191862106323242e+00
5.406000000000000000e+03 -3.036547899246215820e+00
5.407000000000000000e+03 -3.087972402572631836e+00
5.408000000000000000e+03 -3.094707012176513672e+00
5.409000000000000000e+03 -3.085288286209106445e+00
5.410000000000000000e+03 -3.128284454345703125e+00
5.411000000000000000e+03 -3.077925443649291992e+00
5.412000000000000000e+03 -3.100218057632446289e+00
5.413000000000000000e+03 -3.128780364990234375e+00
5.414000000000000000e+03 -3.135425090789794922e+00
5.415000000000000000e+03 -3.083582639694213867e+00
5.416000000000000000e+03 -3.085054636001586914e+00
5.417000000000000000e+03 -3.104188680648803711e+00
5.418000000000000000e+03 -3.126287698745727539e+00
5.419000000000000000e+03 -3.123245239257812500e+00
5.420000000000000000e+03 -3.115130901336669922e+00
5.421000000000000000e+03 -3.109963178634643555e+00
5.422000000000000000e+03 -3.112961292266845703e+00
5.423000000000000000e+03 -3.134926795959472656e+00
5.424000000000000000e+03 -3.143516127263204396e+00
5.425000000000000000e+03 -3.186910692845479787e+00
5.426000000000000000e+03 -3.158206764851705373e+00
5.427000000000000000e+03 -3.159326855336324513e+00
5.428000000000000000e+03 -3.172877375279561818e+00
5.429000000000000000e+03 -3.182548348103658498e+00
5.430000000000000000e+03 -3.168513123189107716e+00
5.431000000000000000e+03 -3.155490461980001271e+00
5.432000000000000000e+03 -3.183116737996236623e+00
5.433000000000000000e+03 -3.178873602543966115e+00
5.434000000000000000e+03 -3.202165190373555959e+00
5.435000000000000000e+03 -3.185634438191549123e+00
5.436000000000000000e+03 -3.173196617756978810e+00
5.437000000000000000e+03 -3.177022520695821584e+00
5.438000000000000000e+03 -3.135915994644165039e+00
5.439000000000000000e+03 -3.190181080495015919e+00
5.440000000000000000e+03 -3.116109371185302734e+00
5.441000000000000000e+03 -3.123877763748168945e+00
5.442000000000000000e+03 -3.128594636917114258e+00
5.443000000000000000e+03 -3.099442005157470703e+00
5.444000000000000000e+03 -3.133104801177978516e+00
5.445000000000000000e+03 -3.104686498641967773e+00
5.446000000000000000e+03 -3.118156909942626953e+00
5.447000000000000000e+03 -3.102260351181030273e+00
5.448000000000000000e+03 -3.113870382308959961e+00
5.449000000000000000e+03 -3.129234075546264648e+00
5.450000000000000000e+03 -3.131523609161376953e+00
5.451000000000000000e+03 -3.132905244827270508e+00
5.452000000000000000e+03 -3.096193313598632812e+00
5.453000000000000000e+03 -3.145044628773824513e+00
5.454000000000000000e+03 -3.182614866887227834e+00
5.455000000000000000e+03 -3.198366943989888966e+00
5.456000000000000000e+03 -3.168170515690938771e+00
5.457000000000000000e+03 -3.159664694462911427e+00
5.458000000000000000e+03 -3.154926125203267873e+00
5.459000000000000000e+03 -3.171099487935201466e+00
5.460000000000000000e+03 -3.137861013412475586e+00
5.461000000000000000e+03 -3.181984726582662404e+00
5.462000000000000000e+03 -3.212558333073751271e+00
5.463000000000000000e+03 -3.216194931660787404e+00
5.464000000000000000e+03 -3.171384398137227834e+00
5.465000000000000000e+03 -3.193330113087789357e+00
5.466000000000000000e+03 -3.201113049183980763e+00
5.467000000000000000e+03 -3.193870369588033498e+00
5.468000000000000000e+03 -3.209595505391256154e+00
5.469000000000000000e+03 -3.214266840611593068e+00
5.470000000000000000e+03 -3.204908672963277638e+00
5.471000000000000000e+03 -3.224617067967550099e+00
5.472000000000000000e+03 -3.242930952702657521e+00
5.473000000000000000e+03 -3.188372198735372365e+00
5.474000000000000000e+03 -3.188616577778951466e+00
5.475000000000000000e+03 -3.184012953435079396e+00
5.476000000000000000e+03 -3.194550577794210255e+00
5.477000000000000000e+03 -3.199900452290670216e+00
5.478000000000000000e+03 -3.206591908131734669e+00
5.479000000000000000e+03 -3.151628557835714162e+00
5.480000000000000000e+03 -3.169098679219381154e+00
5.481000000000000000e+03 -3.186101500188009084e+00
5.482000000000000000e+03 -3.156207386647359669e+00
5.483000000000000000e+03 -3.177765909825460255e+00
5.484000000000000000e+03 -3.170557800923482716e+00
5.485000000000000000e+03 -3.162685934697286427e+00
5.486000000000000000e+03 -3.118920564651489258e+00
5.487000000000000000e+03 -3.180130783711568654e+00
5.488000000000000000e+03 -3.125293970108032227e+00
5.489000000000000000e+03 -3.168366972600118459e+00
5.490000000000000000e+03 -3.163907829915181935e+00
5.491000000000000000e+03 -3.100562334060668945e+00
5.492000000000000000e+03 -3.156131569539205373e+00
5.493000000000000000e+03 -3.137008905410766602e+00
5.494000000000000000e+03 -3.151029888783590138e+00
5.495000000000000000e+03 -3.134739398956298828e+00
5.496000000000000000e+03 -3.123260259628295898e+00
5.497000000000000000e+03 -3.152095619832174123e+00
5.498000000000000000e+03 -3.120553731918334961e+00
5.499000000000000000e+03 -3.119472503662109375e+00
5.500000000000000000e+03 -3.129770278930664062e+00
5.501000000000000000e+03 -3.118243694305419922e+00
5.502000000000000000e+03 -3.147628609334127248e+00
5.503000000000000000e+03 -3.141869608555929005e+00
5.504000000000000000e+03 -3.148181025181905568e+00
5.505000000000000000e+03 -3.131066083908081055e+00
5.506000000000000000e+03 -3.141251087188720703e+00
5.507000000000000000e+03 -3.119439363479614258e+00
5.508000000000000000e+03 -3.102444171905517578e+00
5.509000000000000000e+03 -3.087728977203369141e+00
5.510000000000000000e+03 -3.087031364440917969e+00
5.511000000000000000e+03 -3.101296901702880859e+00
5.512000000000000000e+03 -3.097130060195922852e+00
5.513000000000000000e+03 -3.085556507110595703e+00
5.514000000000000000e+03 -3.076288461685180664e+00
5.515000000000000000e+03 -3.099492073059082031e+00
5.516000000000000000e+03 -3.101755380630493164e+00
5.517000000000000000e+03 -3.092692136764526367e+00
5.518000000000000000e+03 -3.096261262893676758e+00
5.519000000000000000e+03 -3.106127262115478516e+00
5.520000000000000000e+03 -3.128409624099731445e+00
5.521000000000000000e+03 -3.089026212692260742e+00
5.522000000000000000e+03 -3.103566884994506836e+00
5.523000000000000000e+03 -3.129835367202758789e+00
5.524000000000000000e+03 -3.113835811614990234e+00
5.525000000000000000e+03 -3.130064725875854492e+00
5.526000000000000000e+03 -3.118653535842895508e+00
5.527000000000000000e+03 -3.139985322952270508e+00
5.528000000000000000e+03 -3.144243065510885060e+00
5.529000000000000000e+03 -3.122453451156616211e+00
5.530000000000000000e+03 -3.115879058837890625e+00
5.531000000000000000e+03 -3.164305035267965138e+00
5.532000000000000000e+03 -3.165168587361470998e+00
5.533000000000000000e+03 -3.119768857955932617e+00
5.534000000000000000e+03 -3.170201841984884084e+00
5.535000000000000000e+03 -3.085098266601562500e+00
5.536000000000000000e+03 -3.124568223953247070e+00
5.537000000000000000e+03 -3.204493586217061818e+00
5.538000000000000000e+03 -3.145329538975850880e+00
5.539000000000000000e+03 -3.143596951161519826e+00
5.540000000000000000e+03 -3.142616335545675099e+00
5.541000000000000000e+03 -3.116688728332519531e+00
5.542000000000000000e+03 -3.155810896550313771e+00
5.543000000000000000e+03 -3.137971162796020508e+00
5.544000000000000000e+03 -3.115121841430664062e+00
5.545000000000000000e+03 -3.165268246327535451e+00
5.546000000000000000e+03 -3.155220810567037404e+00
5.547000000000000000e+03 -3.163364235554830373e+00
5.548000000000000000e+03 -3.145040814076558888e+00
5.549000000000000000e+03 -3.108994722366333008e+00
5.550000000000000000e+03 -3.115741491317749023e+00
5.551000000000000000e+03 -3.086622238159179688e+00
5.552000000000000000e+03 -3.077744007110595703e+00
5.553000000000000000e+03 -3.135205030441284180e+00
5.554000000000000000e+03 -3.175565783177511037e+00
5.555000000000000000e+03 -3.096284866333007812e+00
5.556000000000000000e+03 -3.154533211384908498e+00
5.557000000000000000e+03 -3.086438894271850586e+00
5.558000000000000000e+03 -3.082866907119750977e+00
5.559000000000000000e+03 -3.112439632415771484e+00
5.560000000000000000e+03 -3.114310026168823242e+00
5.561000000000000000e+03 -3.118136644363403320e+00
5.562000000000000000e+03 -3.102480888366699219e+00
5.563000000000000000e+03 -3.096548318862915039e+00
5.564000000000000000e+03 -3.099688053131103516e+00
5.565000000000000000e+03 -3.102940320968627930e+00
5.566000000000000000e+03 -3.066394090652465820e+00
5.567000000000000000e+03 -3.099202156066894531e+00
5.568000000000000000e+03 -3.097150325775146484e+00
5.569000000000000000e+03 -3.090199470520019531e+00
5.570000000000000000e+03 -3.112873077392578125e+00
5.571000000000000000e+03 -3.033306121826171875e+00
5.572000000000000000e+03 -3.049996376037597656e+00
5.573000000000000000e+03 -3.093971967697143555e+00
5.574000000000000000e+03 -3.067781686782836914e+00
5.575000000000000000e+03 -3.072239398956298828e+00
5.576000000000000000e+03 -3.064818620681762695e+00
5.577000000000000000e+03 -3.067381858825683594e+00
5.578000000000000000e+03 -3.077478885650634766e+00
5.579000000000000000e+03 -3.064303636550903320e+00
5.580000000000000000e+03 -3.110835313796997070e+00
5.581000000000000000e+03 -3.074354648590087891e+00
5.582000000000000000e+03 -3.098966121673583984e+00
5.583000000000000000e+03 -3.080660581588745117e+00
5.584000000000000000e+03 -3.010389566421508789e+00
5.585000000000000000e+03 -3.065543174743652344e+00
5.586000000000000000e+03 -3.029492378234863281e+00
5.587000000000000000e+03 -3.066891670227050781e+00
5.588000000000000000e+03 -3.072335720062255859e+00
5.589000000000000000e+03 -3.081354141235351562e+00
5.590000000000000000e+03 -3.043368577957153320e+00
5.591000000000000000e+03 -3.040324687957763672e+00
5.592000000000000000e+03 -3.098555088043212891e+00
5.593000000000000000e+03 -3.137527227401733398e+00
5.594000000000000000e+03 -3.088680505752563477e+00
5.595000000000000000e+03 -3.119061708450317383e+00
5.596000000000000000e+03 -3.115747690200805664e+00
5.597000000000000000e+03 -3.102550029754638672e+00
5.598000000000000000e+03 -3.140027761459350586e+00
5.599000000000000000e+03 -3.125628232955932617e+00
5.600000000000000000e+03 -3.124971151351928711e+00
5.601000000000000000e+03 -3.132147073745727539e+00
5.602000000000000000e+03 -3.134980440139770508e+00
5.603000000000000000e+03 -3.139546632766723633e+00
5.604000000000000000e+03 -3.147685829793111623e+00
5.605000000000000000e+03 -3.128631591796875000e+00
5.606000000000000000e+03 -3.150423590336934865e+00
5.607000000000000000e+03 -3.129633903503417969e+00
5.608000000000000000e+03 -3.164708201085225880e+00
5.609000000000000000e+03 -3.135394096374511719e+00
5.610000000000000000e+03 -3.133463144302368164e+00
5.611000000000000000e+03 -3.186975781117574513e+00
5.612000000000000000e+03 -3.147288386021749318e+00
5.613000000000000000e+03 -3.115099906921386719e+00
5.614000000000000000e+03 -3.136658906936645508e+00
5.615000000000000000e+03 -3.105111598968505859e+00
5.616000000000000000e+03 -3.100648164749145508e+00
5.617000000000000000e+03 -3.167292181645528615e+00
5.618000000000000000e+03 -3.146368328724996388e+00
5.619000000000000000e+03 -3.145989958439962209e+00
5.620000000000000000e+03 -3.147826258336202443e+00
5.621000000000000000e+03 -3.124622106552124023e+00
5.622000000000000000e+03 -3.155233685170308888e+00
5.623000000000000000e+03 -3.136830091476440430e+00
5.624000000000000000e+03 -3.106665849685668945e+00
5.625000000000000000e+03 -3.116601228713989258e+00
5.626000000000000000e+03 -3.105965614318847656e+00
5.627000000000000000e+03 -3.133260011672973633e+00
5.628000000000000000e+03 -3.180679146443502248e+00
5.629000000000000000e+03 -3.169506136571065724e+00
5.630000000000000000e+03 -3.170301024113790334e+00
5.631000000000000000e+03 -3.217174832020894826e+00
5.632000000000000000e+03 -3.205076996480123341e+00
5.633000000000000000e+03 -3.267172638569967091e+00
5.634000000000000000e+03 -3.241928164158956349e+00
5.635000000000000000e+03 -3.240776125584737599e+00
5.636000000000000000e+03 -3.236915890370504201e+00
5.637000000000000000e+03 -3.226464096699849904e+00
5.638000000000000000e+03 -3.215935532246724904e+00
5.639000000000000000e+03 -3.217569414769307912e+00
5.640000000000000000e+03 -3.238415304814473927e+00
5.641000000000000000e+03 -3.204960171376363576e+00
5.642000000000000000e+03 -3.226714436207906544e+00
5.643000000000000000e+03 -3.236945454274312794e+00
5.644000000000000000e+03 -3.212579075490133107e+00
5.645000000000000000e+03 -3.241903607045308888e+00
5.646000000000000000e+03 -3.202135149632589162e+00
5.647000000000000000e+03 -3.221019570027486623e+00
5.648000000000000000e+03 -3.203930679951803029e+00
5.649000000000000000e+03 -3.232659880314962209e+00
5.650000000000000000e+03 -3.190409247075216115e+00
5.651000000000000000e+03 -3.128500461578369141e+00
5.652000000000000000e+03 -3.139677047729492188e+00
5.653000000000000000e+03 -3.147238079701558888e+00
5.654000000000000000e+03 -3.167425219212667287e+00
5.655000000000000000e+03 -3.154578272496358693e+00
5.656000000000000000e+03 -3.100642204284667969e+00
5.657000000000000000e+03 -3.091227054595947266e+00
5.658000000000000000e+03 -3.110143184661865234e+00
5.659000000000000000e+03 -3.174585167561666310e+00
5.660000000000000000e+03 -3.147931877766744435e+00
5.661000000000000000e+03 -3.174849096928731740e+00
5.662000000000000000e+03 -3.212058846150533498e+00
5.663000000000000000e+03 -3.154050652180806935e+00
5.664000000000000000e+03 -3.175441090260640919e+00
5.665000000000000000e+03 -3.181441609059469044e+00
5.666000000000000000e+03 -3.177664105092183888e+00
5.667000000000000000e+03 -3.203716103230611623e+00
5.668000000000000000e+03 -3.236174885426656544e+00
5.669000000000000000e+03 -3.219282690678731740e+00
5.670000000000000000e+03 -3.161796156560079396e+00
5.671000000000000000e+03 -3.189436022435323537e+00
5.672000000000000000e+03 -3.200154606495992482e+00
5.673000000000000000e+03 -3.194149080907003224e+00
5.674000000000000000e+03 -3.183541838322774709e+00
5.675000000000000000e+03 -3.201276604329244435e+00
5.676000000000000000e+03 -3.196631018315450490e+00
5.677000000000000000e+03 -3.144549194966451466e+00
5.678000000000000000e+03 -3.158483807240621388e+00
5.679000000000000000e+03 -3.144452635441915334e+00
5.680000000000000000e+03 -3.140492200851440430e+00
5.681000000000000000e+03 -3.116636514663696289e+00
5.682000000000000000e+03 -3.160229031239644826e+00
5.683000000000000000e+03 -3.112288951873779297e+00
5.684000000000000000e+03 -3.134711980819702148e+00
5.685000000000000000e+03 -3.174390856419698537e+00
5.686000000000000000e+03 -3.180361572896138966e+00
5.687000000000000000e+03 -3.199651781712667287e+00
5.688000000000000000e+03 -3.193830315266744435e+00
5.689000000000000000e+03 -3.185016457234517873e+00
5.690000000000000000e+03 -3.147505346928731740e+00
5.691000000000000000e+03 -3.194506947194234669e+00
5.692000000000000000e+03 -3.193860356007711232e+00
5.693000000000000000e+03 -3.166750017796651662e+00
5.694000000000000000e+03 -3.188397709523336232e+00
5.695000000000000000e+03 -3.212501351033345998e+00
5.696000000000000000e+03 -3.182610813771383107e+00
5.697000000000000000e+03 -3.216526095067159474e+00
5.698000000000000000e+03 -3.232029263173238576e+00
5.699000000000000000e+03 -3.189119879399434865e+00
5.700000000000000000e+03 -3.163254563008443654e+00
5.701000000000000000e+03 -3.210611168538228810e+00
5.702000000000000000e+03 -3.147437159215108693e+00
5.703000000000000000e+03 -3.173947159443990529e+00
5.704000000000000000e+03 -3.168582502995626271e+00
5.705000000000000000e+03 -3.112737178802490234e+00
5.706000000000000000e+03 -3.134305953979492188e+00
5.707000000000000000e+03 -3.170783583317891896e+00
5.708000000000000000e+03 -3.153889481221334279e+00
5.709000000000000000e+03 -3.164225880299703419e+00
5.710000000000000000e+03 -3.144836250935689748e+00
5.711000000000000000e+03 -3.199907843266622365e+00
5.712000000000000000e+03 -3.192847315465108693e+00
5.713000000000000000e+03 -3.160930220280782521e+00
5.714000000000000000e+03 -3.117609262466430664e+00
5.715000000000000000e+03 -3.116539239883422852e+00
5.716000000000000000e+03 -3.155516211186544240e+00
5.717000000000000000e+03 -3.113451242446899414e+00
5.718000000000000000e+03 -3.143532578145162404e+00
5.719000000000000000e+03 -3.157100264226095021e+00
5.720000000000000000e+03 -3.116855621337890625e+00
5.721000000000000000e+03 -3.124246835708618164e+00
5.722000000000000000e+03 -3.165158335362569630e+00
5.723000000000000000e+03 -3.125121831893920898e+00
5.724000000000000000e+03 -3.141391754150390625e+00
5.725000000000000000e+03 -3.121516466140747070e+00
5.726000000000000000e+03 -3.114797830581665039e+00
5.727000000000000000e+03 -3.202443663273946584e+00
5.728000000000000000e+03 -3.165937964116231740e+00
5.729000000000000000e+03 -3.134208917617797852e+00
5.730000000000000000e+03 -3.150883261357442677e+00
5.731000000000000000e+03 -3.111314773559570312e+00
5.732000000000000000e+03 -3.156971041356221974e+00
5.733000000000000000e+03 -3.119170427322387695e+00
5.734000000000000000e+03 -3.147642199193136037e+00
5.735000000000000000e+03 -3.143983189259664357e+00
5.736000000000000000e+03 -3.152924362813131154e+00
5.737000000000000000e+03 -3.157388750706807912e+00
5.738000000000000000e+03 -3.113332986831665039e+00
5.739000000000000000e+03 -3.152826849614278615e+00
5.740000000000000000e+03 -3.137596130371093750e+00
5.741000000000000000e+03 -3.145037476216451466e+00
5.742000000000000000e+03 -3.146839682255880177e+00
5.743000000000000000e+03 -3.136929273605346680e+00
5.744000000000000000e+03 -3.174569670354024709e+00
5.745000000000000000e+03 -3.152709786091939748e+00
5.746000000000000000e+03 -3.144052330647603810e+00
5.747000000000000000e+03 -3.151652161275045216e+00
5.748000000000000000e+03 -3.115202188491821289e+00
5.749000000000000000e+03 -3.125099420547485352e+00
5.750000000000000000e+03 -3.138066053390502930e+00
5.751000000000000000e+03 -3.128627061843872070e+00
5.752000000000000000e+03 -3.142776791249410451e+00
5.753000000000000000e+03 -3.151120011006490529e+00
5.754000000000000000e+03 -3.150568310414449513e+00
5.755000000000000000e+03 -3.148645941411153615e+00
5.756000000000000000e+03 -3.092273950576782227e+00
5.757000000000000000e+03 -3.078956365585327148e+00
5.758000000000000000e+03 -3.117803812026977539e+00
5.759000000000000000e+03 -3.130467414855957031e+00
5.760000000000000000e+03 -3.131873369216918945e+00
5.761000000000000000e+03 -3.129346132278442383e+00
5.762000000000000000e+03 -3.135123014450073242e+00
5.763000000000000000e+03 -3.143978897725240529e+00
5.764000000000000000e+03 -3.087273120880126953e+00
5.765000000000000000e+03 -3.143829647694722951e+00
5.766000000000000000e+03 -3.112462759017944336e+00
5.767000000000000000e+03 -3.111468315124511719e+00
5.768000000000000000e+03 -3.177501980458394826e+00
5.769000000000000000e+03 -3.144100252782003224e+00
5.770000000000000000e+03 -3.144873682652608693e+00
5.771000000000000000e+03 -3.086979627609252930e+00
5.772000000000000000e+03 -3.090631246566772461e+00
5.773000000000000000e+03 -3.129428386688232422e+00
5.774000000000000000e+03 -3.111683845520019531e+00
5.775000000000000000e+03 -3.133065462112426758e+00
5.776000000000000000e+03 -3.121441125869750977e+00
5.777000000000000000e+03 -3.113956451416015625e+00
5.778000000000000000e+03 -3.103804111480712891e+00
5.779000000000000000e+03 -3.128291130065917969e+00
5.780000000000000000e+03 -3.124184608459472656e+00
5.781000000000000000e+03 -3.161100212727681935e+00
5.782000000000000000e+03 -3.164619747792379201e+00
5.783000000000000000e+03 -3.164399210606710255e+00
5.784000000000000000e+03 -3.171696011220113576e+00
5.785000000000000000e+03 -3.174227539693013966e+00
5.786000000000000000e+03 -3.152118269597188771e+00
5.787000000000000000e+03 -3.171050135289327443e+00
5.788000000000000000e+03 -3.123990535736083984e+00
5.789000000000000000e+03 -3.140492677688598633e+00
5.790000000000000000e+03 -3.141629759465352834e+00
5.791000000000000000e+03 -3.092360019683837891e+00
5.792000000000000000e+03 -3.097578763961791992e+00
5.793000000000000000e+03 -3.124182224273681641e+00
5.794000000000000000e+03 -3.142708841954366505e+00
5.795000000000000000e+03 -3.124895811080932617e+00
5.796000000000000000e+03 -3.136637687683105469e+00
5.797000000000000000e+03 -3.128213644027709961e+00
5.798000000000000000e+03 -3.073222637176513672e+00
5.799000000000000000e+03 -3.171978537236348927e+00
5.800000000000000000e+03 -3.164897505437032521e+00
5.801000000000000000e+03 -3.196318689976827443e+00
5.802000000000000000e+03 -3.164409939442769826e+00
5.803000000000000000e+03 -3.122111558914184570e+00
5.804000000000000000e+03 -3.188236538563863576e+00
5.805000000000000000e+03 -3.184410635625020802e+00
5.806000000000000000e+03 -3.220462862645284474e+00
5.807000000000000000e+03 -3.161532227193013966e+00
5.808000000000000000e+03 -3.174696270619527638e+00
5.809000000000000000e+03 -3.109963417053222656e+00
5.810000000000000000e+03 -3.153664414082662404e+00
5.811000000000000000e+03 -3.166934792195455373e+00
5.812000000000000000e+03 -3.173380915318624318e+00
5.813000000000000000e+03 -3.147483889256612599e+00
5.814000000000000000e+03 -3.154328171406881154e+00
5.815000000000000000e+03 -3.176471773778096974e+00
5.816000000000000000e+03 -3.195656124745504201e+00
5.817000000000000000e+03 -3.142003838215963185e+00
5.818000000000000000e+03 -3.188068453465596974e+00
5.819000000000000000e+03 -3.166369024907247365e+00
5.820000000000000000e+03 -3.142527166997091115e+00
5.821000000000000000e+03 -3.155417267476217091e+00
5.822000000000000000e+03 -3.108544588088989258e+00
5.823000000000000000e+03 -3.123096942901611328e+00
5.824000000000000000e+03 -3.146301809941427052e+00
5.825000000000000000e+03 -3.099779605865478516e+00
5.826000000000000000e+03 -3.149569098149434865e+00
5.827000000000000000e+03 -3.147255484257833302e+00
5.828000000000000000e+03 -3.141339778900146484e+00
5.829000000000000000e+03 -3.177818838750020802e+00
5.830000000000000000e+03 -3.192990366612569630e+00
5.831000000000000000e+03 -3.156391922627584279e+00
5.832000000000000000e+03 -3.149758879338399709e+00
5.833000000000000000e+03 -3.130311965942382812e+00
5.834000000000000000e+03 -3.104947805404663086e+00
5.835000000000000000e+03 -3.156564776097432912e+00
5.836000000000000000e+03 -3.154105965291158498e+00
5.837000000000000000e+03 -3.125611543655395508e+00
5.838000000000000000e+03 -3.097181797027587891e+00
5.839000000000000000e+03 -3.150908772145406544e+00
5.840000000000000000e+03 -3.106814384460449219e+00
5.841000000000000000e+03 -3.155588928853170216e+00
5.842000000000000000e+03 -3.128138303756713867e+00
5.843000000000000000e+03 -3.147155586873189748e+00
5.844000000000000000e+03 -3.101393699645996094e+00
5.845000000000000000e+03 -3.135089635848999023e+00
5.846000000000000000e+03 -3.110395908355712891e+00
5.847000000000000000e+03 -3.159325424824849904e+00
5.848000000000000000e+03 -3.169249121342794240e+00
5.849000000000000000e+03 -3.165494028721944630e+00
5.850000000000000000e+03 -3.158309284840719044e+00
5.851000000000000000e+03 -3.126204013824462891e+00
5.852000000000000000e+03 -3.140284061431884766e+00
5.853000000000000000e+03 -3.134277105331420898e+00
5.854000000000000000e+03 -3.113937139511108398e+00
5.855000000000000000e+03 -3.137794971466064453e+00
5.856000000000000000e+03 -3.166081015263692677e+00
5.857000000000000000e+03 -3.177790705357686818e+00
5.858000000000000000e+03 -3.149595324193136037e+00
5.859000000000000000e+03 -3.169258419667379201e+00
5.860000000000000000e+03 -3.165036026631490529e+00
5.861000000000000000e+03 -3.156050507222310841e+00
5.862000000000000000e+03 -3.148250404988424123e+00
5.863000000000000000e+03 -3.145262543355123341e+00
5.864000000000000000e+03 -3.189293448125020802e+00
5.865000000000000000e+03 -3.153063837681905568e+00
5.866000000000000000e+03 -3.160612408314840138e+00
5.867000000000000000e+03 -3.154810969029561818e+00
5.868000000000000000e+03 -3.152923170720235646e+00
5.869000000000000000e+03 -3.187131468449727834e+00
5.870000000000000000e+03 -3.168596092854635060e+00
5.871000000000000000e+03 -3.197496716176168263e+00
5.872000000000000000e+03 -3.191227022801534474e+00
5.873000000000000000e+03 -3.212259833012716115e+00
5.874000000000000000e+03 -3.179836336766378224e+00
5.875000000000000000e+03 -3.169831101094381154e+00
5.876000000000000000e+03 -3.190798346196309865e+00
5.877000000000000000e+03 -3.195145193730489552e+00
5.878000000000000000e+03 -3.222516600285665334e+00
5.879000000000000000e+03 -3.199113670979635060e+00
5.880000000000000000e+03 -3.223530594502584279e+00
5.881000000000000000e+03 -3.226007525120870412e+00
5.882000000000000000e+03 -3.205246512089864552e+00
5.883000000000000000e+03 -3.229123894368306935e+00
5.884000000000000000e+03 -3.177491013203756154e+00
5.885000000000000000e+03 -3.188132349644796193e+00
5.886000000000000000e+03 -3.185530249272481740e+00
5.887000000000000000e+03 -3.185764853154317677e+00
5.888000000000000000e+03 -3.175383631383077443e+00
5.889000000000000000e+03 -3.220221106206075490e+00
5.890000000000000000e+03 -3.221436325703756154e+00
5.891000000000000000e+03 -3.227960411702291310e+00
5.892000000000000000e+03 -3.214194122944967091e+00
5.893000000000000000e+03 -3.220083300267354787e+00
5.894000000000000000e+03 -3.238354031239644826e+00
5.895000000000000000e+03 -3.210568253193990529e+00
5.896000000000000000e+03 -3.247919623051778615e+00
5.897000000000000000e+03 -3.206979815159932912e+00
5.898000000000000000e+03 -3.218254868184224904e+00
5.899000000000000000e+03 -3.256146017705098927e+00
5.900000000000000000e+03 -3.189446274434224904e+00
5.901000000000000000e+03 -3.196631256734029591e+00
5.902000000000000000e+03 -3.171857897435323537e+00
5.903000000000000000e+03 -3.183029476796285451e+00
5.904000000000000000e+03 -3.180985514317647755e+00
5.905000000000000000e+03 -3.191540543233053029e+00
5.906000000000000000e+03 -3.147063795720235646e+00
5.907000000000000000e+03 -3.146152083073751271e+00
5.908000000000000000e+03 -3.191722933446065724e+00
5.909000000000000000e+03 -3.180587593709127248e+00
5.910000000000000000e+03 -3.203440014516012013e+00
5.911000000000000000e+03 -3.218467537556783498e+00
5.912000000000000000e+03 -3.198079649602071584e+00
5.913000000000000000e+03 -3.175123516713277638e+00
5.914000000000000000e+03 -3.208934370671407521e+00
5.915000000000000000e+03 -3.171215359364644826e+00
5.916000000000000000e+03 -3.220652166997091115e+00
5.917000000000000000e+03 -3.223857704793111623e+00
5.918000000000000000e+03 -3.182298723851339162e+00
5.919000000000000000e+03 -3.192779843007222951e+00
5.920000000000000000e+03 -3.144723955784932912e+00
5.921000000000000000e+03 -3.220707241688863576e+00
5.922000000000000000e+03 -3.232584778462545216e+00
5.923000000000000000e+03 -3.184352699910299123e+00
5.924000000000000000e+03 -3.181819502507345021e+00
5.925000000000000000e+03 -3.192415062581197560e+00
5.926000000000000000e+03 -3.186739985142843068e+00
5.927000000000000000e+03 -3.169331852589742482e+00
5.928000000000000000e+03 -3.171008888875142873e+00
5.929000000000000000e+03 -3.165798012410299123e+00
5.930000000000000000e+03 -3.196646277104512990e+00
5.931000000000000000e+03 -3.226848189030782521e+00
5.932000000000000000e+03 -3.214152638112203419e+00
5.933000000000000000e+03 -3.189104382191793263e+00
5.934000000000000000e+03 -3.153512779866353810e+00
5.935000000000000000e+03 -3.175585333500997365e+00
5.936000000000000000e+03 -3.150378529225484669e+00
5.937000000000000000e+03 -3.153322521840230763e+00
5.938000000000000000e+03 -3.207252089177266896e+00
5.939000000000000000e+03 -3.187687698994771779e+00
5.940000000000000000e+03 -3.148589197789327443e+00
5.941000000000000000e+03 -3.189697090779439748e+00
5.942000000000000000e+03 -3.230277125035421193e+00
5.943000000000000000e+03 -3.194858853016988576e+00
5.944000000000000000e+03 -3.199182812367574513e+00
5.945000000000000000e+03 -3.180131737385885060e+00
5.946000000000000000e+03 -3.219906870518819630e+00
5.947000000000000000e+03 -3.178599659596578419e+00
5.948000000000000000e+03 -3.206869904194967091e+00
5.949000000000000000e+03 -3.238560978566304982e+00
5.950000000000000000e+03 -3.222544018422262013e+00
5.951000000000000000e+03 -3.198576037083761037e+00
5.952000000000000000e+03 -3.202764336262838185e+00
5.953000000000000000e+03 -3.201658550892965138e+00
5.954000000000000000e+03 -3.240499083195821584e+00
5.955000000000000000e+03 -3.200624291096822560e+00
5.956000000000000000e+03 -3.181509081517354787e+00
5.957000000000000000e+03 -3.180523697529928029e+00
5.958000000000000000e+03 -3.185897652302877248e+00
5.959000000000000000e+03 -3.200516049061910451e+00
5.960000000000000000e+03 -3.246662680302755177e+00
5.961000000000000000e+03 -3.166874710713521779e+00
5.962000000000000000e+03 -3.108097314834594727e+00
5.963000000000000000e+03 -3.167483154927388966e+00
5.964000000000000000e+03 -3.171315495167867482e+00
5.965000000000000000e+03 -3.185354534779683888e+00
5.966000000000000000e+03 -3.173587147389547169e+00
5.967000000000000000e+03 -3.212642017995015919e+00
5.968000000000000000e+03 -3.178814236317769826e+00
5.969000000000000000e+03 -3.212232891713277638e+00
5.970000000000000000e+03 -3.207887951527730763e+00
5.971000000000000000e+03 -3.220944706593648732e+00
5.972000000000000000e+03 -3.248649899159566701e+00
5.973000000000000000e+03 -3.244043175374166310e+00
5.974000000000000000e+03 -3.214843098317281544e+00
5.975000000000000000e+03 -3.245924536381856740e+00
5.976000000000000000e+03 -3.226528708134786427e+00
5.977000000000000000e+03 -3.251127306615011037e+00
5.978000000000000000e+03 -3.272853199635640919e+00
5.979000000000000000e+03 -3.241675917302266896e+00
5.980000000000000000e+03 -3.250164095555440724e+00
5.981000000000000000e+03 -3.270218912755147755e+00
5.982000000000000000e+03 -3.262595955525533498e+00
5.983000000000000000e+03 -3.233213249837056935e+00
5.984000000000000000e+03 -3.235183302556173146e+00
5.985000000000000000e+03 -3.257649008427755177e+00
5.986000000000000000e+03 -3.231909577046529591e+00
5.987000000000000000e+03 -3.211086575184957326e+00
5.988000000000000000e+03 -3.169611994420186818e+00
5.989000000000000000e+03 -3.198584143315450490e+00
5.990000000000000000e+03 -3.252797190343038380e+00
5.991000000000000000e+03 -3.210801426564351857e+00
5.992000000000000000e+03 -3.206166807805196584e+00
5.993000000000000000e+03 -3.203886095677511037e+00
5.994000000000000000e+03 -3.247182432805196584e+00
5.995000000000000000e+03 -3.247888390217916310e+00
5.996000000000000000e+03 -3.230104033146993459e+00
5.997000000000000000e+03 -3.209888521824971974e+00
5.998000000000000000e+03 -3.227579895650045216e+00
5.999000000000000000e+03 -3.257255617772237599e+00
6.000000000000000000e+03 -3.268759791051046193e+00
6.001000000000000000e+03 -3.241813007985250294e+00
6.002000000000000000e+03 -3.234525982533590138e+00
6.003000000000000000e+03 -3.221423451100484669e+00
6.004000000000000000e+03 -3.217385117207662404e+00
6.005000000000000000e+03 -3.247752014790670216e+00
6.006000000000000000e+03 -3.252957169209615529e+00
6.007000000000000000e+03 -3.226655546818868459e+00
6.008000000000000000e+03 -3.209405247365133107e+00
6.009000000000000000e+03 -3.207869593297139943e+00
6.010000000000000000e+03 -3.219035450612203419e+00
6.011000000000000000e+03 -3.200493399296895802e+00
6.012000000000000000e+03 -3.200519148503438771e+00
6.013000000000000000e+03 -3.207761828099386037e+00
6.014000000000000000e+03 -3.218821827565328419e+00
6.015000000000000000e+03 -3.174959961568013966e+00
6.016000000000000000e+03 -3.193078581486837209e+00
6.017000000000000000e+03 -3.202547136937276662e+00
6.018000000000000000e+03 -3.187278095875875294e+00
6.019000000000000000e+03 -3.151753250752584279e+00
6.020000000000000000e+03 -3.112555265426635742e+00
6.021000000000000000e+03 -3.094977617263793945e+00
6.022000000000000000e+03 -3.170665804539815724e+00
6.023000000000000000e+03 -3.110809087753295898e+00
6.024000000000000000e+03 -3.109116554260253906e+00
6.025000000000000000e+03 -3.114608287811279297e+00
6.026000000000000000e+03 -3.198062245045797169e+00
6.027000000000000000e+03 -3.115966081619262695e+00
6.028000000000000000e+03 -3.142685476933614552e+00
6.029000000000000000e+03 -3.194441620503560841e+00
6.030000000000000000e+03 -3.155879322682515919e+00
6.031000000000000000e+03 -3.205135170613424123e+00
6.032000000000000000e+03 -3.205139223729268849e+00
6.033000000000000000e+03 -3.195148531590596974e+00
6.034000000000000000e+03 -3.187305037175313771e+00
6.035000000000000000e+03 -3.168939654027120412e+00
6.036000000000000000e+03 -3.177443806325094044e+00
6.037000000000000000e+03 -3.179319206868306935e+00
6.038000000000000000e+03 -3.141182184219360352e+00
6.039000000000000000e+03 -3.132447719573974609e+00
6.040000000000000000e+03 -3.119882822036743164e+00
6.041000000000000000e+03 -3.127020597457885742e+00
6.042000000000000000e+03 -3.139272689819335938e+00
6.043000000000000000e+03 -3.160957161580220998e+00
6.044000000000000000e+03 -3.113366842269897461e+00
6.045000000000000000e+03 -3.126242637634277344e+00
6.046000000000000000e+03 -3.084594726562500000e+00
6.047000000000000000e+03 -3.088340282440185547e+00
6.048000000000000000e+03 -3.063925743103027344e+00
6.049000000000000000e+03 -3.125057458877563477e+00
6.050000000000000000e+03 -3.102808952331542969e+00
6.051000000000000000e+03 -3.110890865325927734e+00
6.052000000000000000e+03 -3.100790500640869141e+00
6.053000000000000000e+03 -3.122431755065917969e+00
6.054000000000000000e+03 -3.111182212829589844e+00
6.055000000000000000e+03 -3.091609239578247070e+00
6.056000000000000000e+03 -3.150276009236470998e+00
6.057000000000000000e+03 -3.105525493621826172e+00
6.058000000000000000e+03 -3.138845682144165039e+00
6.059000000000000000e+03 -3.161840979252950490e+00
6.060000000000000000e+03 -3.079382181167602539e+00
6.061000000000000000e+03 -3.088921308517456055e+00
6.062000000000000000e+03 -3.097403049468994141e+00
6.063000000000000000e+03 -3.094313859939575195e+00
6.064000000000000000e+03 -3.108648300170898438e+00
6.065000000000000000e+03 -3.048020362854003906e+00
6.066000000000000000e+03 -3.135732412338256836e+00
6.067000000000000000e+03 -3.101074695587158203e+00
6.068000000000000000e+03 -3.145361487065450490e+00
6.069000000000000000e+03 -3.110888242721557617e+00
6.070000000000000000e+03 -3.143136088048116505e+00
6.071000000000000000e+03 -3.121985435485839844e+00
6.072000000000000000e+03 -3.071349143981933594e+00
6.073000000000000000e+03 -3.092852354049682617e+00
6.074000000000000000e+03 -3.136756896972656250e+00
6.075000000000000000e+03 -3.149862591420308888e+00
6.076000000000000000e+03 -3.119744300842285156e+00
6.077000000000000000e+03 -3.123180866241455078e+00
6.078000000000000000e+03 -3.126099586486816406e+00
6.079000000000000000e+03 -3.139308691024780273e+00
6.080000000000000000e+03 -3.144053045903341115e+00
6.081000000000000000e+03 -3.117174625396728516e+00
6.082000000000000000e+03 -3.086863517761230469e+00
6.083000000000000000e+03 -3.126444101333618164e+00
6.084000000000000000e+03 -3.110471248626708984e+00
6.085000000000000000e+03 -3.128426313400268555e+00
6.086000000000000000e+03 -3.183045689259664357e+00
6.087000000000000000e+03 -3.165469471608297169e+00
6.088000000000000000e+03 -3.163638178502218068e+00
6.089000000000000000e+03 -3.177374426518575490e+00
6.090000000000000000e+03 -3.153891865407125294e+00
6.091000000000000000e+03 -3.169893805180684865e+00
6.092000000000000000e+03 -3.173485581074849904e+00
6.093000000000000000e+03 -3.216863218938009084e+00
6.094000000000000000e+03 -3.203026119862691701e+00
6.095000000000000000e+03 -3.193573061619893849e+00
6.096000000000000000e+03 -3.179498974476949513e+00
6.097000000000000000e+03 -3.155824963246480763e+00
6.098000000000000000e+03 -3.142851654683248341e+00
6.099000000000000000e+03 -3.154555861149923146e+00
6.100000000000000000e+03 -3.162205759678975880e+00
6.101000000000000000e+03 -3.163700405751363576e+00
6.102000000000000000e+03 -3.158786837254659474e+00
6.103000000000000000e+03 -3.154399458562032521e+00
6.104000000000000000e+03 -3.134827375411987305e+00
6.105000000000000000e+03 -3.159555498753682912e+00
6.106000000000000000e+03 -3.143805090581075490e+00
6.107000000000000000e+03 -3.134622573852539062e+00
6.108000000000000000e+03 -3.159162584935323537e+00
6.109000000000000000e+03 -3.117809534072875977e+00
6.110000000000000000e+03 -3.113471269607543945e+00
6.111000000000000000e+03 -3.094529628753662109e+00
6.112000000000000000e+03 -3.142538849507467091e+00
6.113000000000000000e+03 -3.145139042531148732e+00
6.114000000000000000e+03 -3.194957319890157521e+00
6.115000000000000000e+03 -3.127964735031127930e+00
6.116000000000000000e+03 -3.105011940002441406e+00
6.117000000000000000e+03 -3.125710964202880859e+00
6.118000000000000000e+03 -3.098156690597534180e+00
6.119000000000000000e+03 -3.133248090744018555e+00
6.120000000000000000e+03 -3.121408700942993164e+00
6.121000000000000000e+03 -3.143852774296895802e+00
6.122000000000000000e+03 -3.143966738377706349e+00
6.123000000000000000e+03 -3.182672802601949513e+00
6.124000000000000000e+03 -3.147882525120870412e+00
6.125000000000000000e+03 -3.123393535614013672e+00
6.126000000000000000e+03 -3.180435005818502248e+00
6.127000000000000000e+03 -3.134268522262573242e+00
6.128000000000000000e+03 -3.143582169209615529e+00
6.129000000000000000e+03 -3.151127878819600880e+00
6.130000000000000000e+03 -3.113986968994140625e+00
6.131000000000000000e+03 -3.096936702728271484e+00
6.132000000000000000e+03 -3.104061365127563477e+00
6.133000000000000000e+03 -3.130366563796997070e+00
6.134000000000000000e+03 -3.167882267628804982e+00
6.135000000000000000e+03 -3.106173276901245117e+00
6.136000000000000000e+03 -3.139522314071655273e+00
6.137000000000000000e+03 -3.116445064544677734e+00
6.138000000000000000e+03 -3.149749104176656544e+00
6.139000000000000000e+03 -3.093215227127075195e+00
6.140000000000000000e+03 -3.118408203125000000e+00
6.141000000000000000e+03 -3.130159139633178711e+00
6.142000000000000000e+03 -3.095739364624023438e+00
6.143000000000000000e+03 -3.161535565053121388e+00
6.144000000000000000e+03 -3.131204128265380859e+00
6.145000000000000000e+03 -3.131867170333862305e+00
6.146000000000000000e+03 -3.136135101318359375e+00
6.147000000000000000e+03 -3.109878063201904297e+00
6.148000000000000000e+03 -3.122319936752319336e+00
6.149000000000000000e+03 -3.114689588546752930e+00
6.150000000000000000e+03 -3.113628625869750977e+00
6.151000000000000000e+03 -3.097239494323730469e+00
6.152000000000000000e+03 -3.079685926437377930e+00
6.153000000000000000e+03 -3.098225116729736328e+00
6.154000000000000000e+03 -3.084381580352783203e+00
6.155000000000000000e+03 -3.114557504653930664e+00
6.156000000000000000e+03 -3.135321378707885742e+00
6.157000000000000000e+03 -3.132511138916015625e+00
6.158000000000000000e+03 -3.134012222290039062e+00
6.159000000000000000e+03 -3.116862535476684570e+00
6.160000000000000000e+03 -3.094722747802734375e+00
6.161000000000000000e+03 -3.113716363906860352e+00
6.162000000000000000e+03 -3.127122640609741211e+00
6.163000000000000000e+03 -3.081577777862548828e+00
6.164000000000000000e+03 -3.111898183822631836e+00
6.165000000000000000e+03 -3.056801080703735352e+00
6.166000000000000000e+03 -3.058669805526733398e+00
6.167000000000000000e+03 -3.124314069747924805e+00
6.168000000000000000e+03 -3.111714601516723633e+00
6.169000000000000000e+03 -3.096564292907714844e+00
6.170000000000000000e+03 -3.103503465652465820e+00
6.171000000000000000e+03 -3.140475988388061523e+00
6.172000000000000000e+03 -3.108066320419311523e+00
6.173000000000000000e+03 -3.113279342651367188e+00
6.174000000000000000e+03 -3.083334684371948242e+00
6.175000000000000000e+03 -3.092373132705688477e+00
6.176000000000000000e+03 -3.066755056381225586e+00
6.177000000000000000e+03 -3.078845024108886719e+00
6.178000000000000000e+03 -3.071451663970947266e+00
6.179000000000000000e+03 -3.092242479324340820e+00
6.180000000000000000e+03 -3.117637157440185547e+00
6.181000000000000000e+03 -3.120486974716186523e+00
6.182000000000000000e+03 -3.137117385864257812e+00
6.183000000000000000e+03 -3.145239655171529591e+00
6.184000000000000000e+03 -3.127660989761352539e+00
6.185000000000000000e+03 -3.107522487640380859e+00
6.186000000000000000e+03 -3.126743793487548828e+00
6.187000000000000000e+03 -3.125056982040405273e+00
6.188000000000000000e+03 -3.137053251266479492e+00
6.189000000000000000e+03 -3.142510477696554005e+00
6.190000000000000000e+03 -3.147831741963521779e+00
6.191000000000000000e+03 -3.117692470550537109e+00
6.192000000000000000e+03 -3.144194666539327443e+00
6.193000000000000000e+03 -3.197486941014425099e+00
6.194000000000000000e+03 -3.214725081120626271e+00
6.195000000000000000e+03 -3.171355072651998341e+00
6.196000000000000000e+03 -3.182490650807515919e+00
6.197000000000000000e+03 -3.163234535847799123e+00
6.198000000000000000e+03 -3.172320191060201466e+00
6.199000000000000000e+03 -3.205087486897603810e+00
6.200000000000000000e+03 -3.184336725865499318e+00
6.201000000000000000e+03 -3.193209234868184865e+00
6.202000000000000000e+03 -3.154541556035177052e+00
6.203000000000000000e+03 -3.137005329132080078e+00
6.204000000000000000e+03 -3.177734200154439748e+00
6.205000000000000000e+03 -3.155674044285909474e+00
6.206000000000000000e+03 -3.150515381489888966e+00
6.207000000000000000e+03 -3.131562709808349609e+00
6.208000000000000000e+03 -3.134476184844970703e+00
6.209000000000000000e+03 -3.127075910568237305e+00
6.210000000000000000e+03 -3.138226509094238281e+00
6.211000000000000000e+03 -3.164940420781270802e+00
6.212000000000000000e+03 -3.151333157216207326e+00
6.213000000000000000e+03 -3.140825986862182617e+00
6.214000000000000000e+03 -3.171941105519429982e+00
6.215000000000000000e+03 -3.136279821395874023e+00
6.216000000000000000e+03 -3.145613018666402638e+00
6.217000000000000000e+03 -3.165936295186178029e+00
6.218000000000000000e+03 -3.116751194000244141e+00
6.219000000000000000e+03 -3.146375958119527638e+00
6.220000000000000000e+03 -3.134209394454956055e+00
6.221000000000000000e+03 -3.112082719802856445e+00
6.222000000000000000e+03 -3.129447698593139648e+00
6.223000000000000000e+03 -3.115303754806518555e+00
6.224000000000000000e+03 -3.110296010971069336e+00
6.225000000000000000e+03 -3.128781795501708984e+00
6.226000000000000000e+03 -3.129287481307983398e+00
6.227000000000000000e+03 -3.107803344726562500e+00
6.228000000000000000e+03 -3.144211117421285451e+00
6.229000000000000000e+03 -3.112828969955444336e+00
6.230000000000000000e+03 -3.118708610534667969e+00
6.231000000000000000e+03 -3.139741897583007812e+00
6.232000000000000000e+03 -3.140683412551879883e+00
6.233000000000000000e+03 -3.135967493057250977e+00
6.234000000000000000e+03 -3.123603582382202148e+00
6.235000000000000000e+03 -3.142437044774190724e+00
6.236000000000000000e+03 -3.118385314941406250e+00
6.237000000000000000e+03 -3.115409851074218750e+00
6.238000000000000000e+03 -3.119741916656494141e+00
6.239000000000000000e+03 -3.122697591781616211e+00
6.240000000000000000e+03 -3.114797592163085938e+00
6.241000000000000000e+03 -3.124007463455200195e+00
6.242000000000000000e+03 -3.107265233993530273e+00
6.243000000000000000e+03 -3.163331333790914357e+00
6.244000000000000000e+03 -3.159569565449849904e+00
6.245000000000000000e+03 -3.135769844055175781e+00
6.246000000000000000e+03 -3.092285871505737305e+00
6.247000000000000000e+03 -3.102124214172363281e+00
6.248000000000000000e+03 -3.111953973770141602e+00
6.249000000000000000e+03 -3.156162325535909474e+00
6.250000000000000000e+03 -3.147697273884908498e+00
6.251000000000000000e+03 -3.143107477818624318e+00
6.252000000000000000e+03 -3.131095886230468750e+00
6.253000000000000000e+03 -3.145421568547384084e+00
6.254000000000000000e+03 -3.166675392781392873e+00
6.255000000000000000e+03 -3.172752205525533498e+00
6.256000000000000000e+03 -3.161238257084981740e+00
6.257000000000000000e+03 -3.153860155736104787e+00
6.258000000000000000e+03 -3.135178565979003906e+00
6.259000000000000000e+03 -3.141165256500244141e+00
6.260000000000000000e+03 -3.101980447769165039e+00
6.261000000000000000e+03 -3.113907575607299805e+00
6.262000000000000000e+03 -3.088679313659667969e+00
6.263000000000000000e+03 -3.111636161804199219e+00
6.264000000000000000e+03 -3.103221654891967773e+00
6.265000000000000000e+03 -3.153242890034810841e+00
6.266000000000000000e+03 -3.076549768447875977e+00
6.267000000000000000e+03 -3.088586568832397461e+00
6.268000000000000000e+03 -3.088962793350219727e+00
6.269000000000000000e+03 -3.102188587188720703e+00
6.270000000000000000e+03 -3.117231130599975586e+00
6.271000000000000000e+03 -3.089902639389038086e+00
6.272000000000000000e+03 -3.110973119735717773e+00
6.273000000000000000e+03 -3.133459806442260742e+00
6.274000000000000000e+03 -3.108697891235351562e+00
6.275000000000000000e+03 -3.097875595092773438e+00
6.276000000000000000e+03 -3.104732751846313477e+00
6.277000000000000000e+03 -3.101355314254760742e+00
6.278000000000000000e+03 -3.102887630462646484e+00
6.279000000000000000e+03 -3.105162620544433594e+00
6.280000000000000000e+03 -3.113087892532348633e+00
6.281000000000000000e+03 -3.112970829010009766e+00
6.282000000000000000e+03 -3.072893619537353516e+00
6.283000000000000000e+03 -3.108935594558715820e+00
6.284000000000000000e+03 -3.123639583587646484e+00
6.285000000000000000e+03 -3.114852666854858398e+00
6.286000000000000000e+03 -3.119888067245483398e+00
6.287000000000000000e+03 -3.124105215072631836e+00
6.288000000000000000e+03 -3.073773860931396484e+00
6.289000000000000000e+03 -3.102297306060791016e+00
6.290000000000000000e+03 -3.150886837636129201e+00
6.291000000000000000e+03 -3.122592449188232422e+00
6.292000000000000000e+03 -3.122091293334960938e+00
6.293000000000000000e+03 -3.187330547963277638e+00
6.294000000000000000e+03 -3.126137971878051758e+00
6.295000000000000000e+03 -3.111873149871826172e+00
6.296000000000000000e+03 -3.139973640441894531e+00
6.297000000000000000e+03 -3.128026008605957031e+00
6.298000000000000000e+03 -3.135202169418334961e+00
6.299000000000000000e+03 -3.131867647171020508e+00
6.300000000000000000e+03 -3.147876087819234669e+00
6.301000000000000000e+03 -3.147673908864156544e+00
6.302000000000000000e+03 -3.163469854985372365e+00
6.303000000000000000e+03 -3.090424299240112305e+00
6.304000000000000000e+03 -3.088680505752563477e+00
6.305000000000000000e+03 -3.129888534545898438e+00
6.306000000000000000e+03 -3.138849973678588867e+00
6.307000000000000000e+03 -3.132912397384643555e+00
6.308000000000000000e+03 -3.047866821289062500e+00
6.309000000000000000e+03 -3.096882343292236328e+00
6.310000000000000000e+03 -3.102951765060424805e+00
6.311000000000000000e+03 -3.063502550125122070e+00
6.312000000000000000e+03 -3.096187114715576172e+00
6.313000000000000000e+03 -3.058359861373901367e+00
6.314000000000000000e+03 -3.145748440419332326e+00
6.315000000000000000e+03 -3.127508878707885742e+00
6.316000000000000000e+03 -3.073074579238891602e+00
6.317000000000000000e+03 -3.125121116638183594e+00
6.318000000000000000e+03 -3.141435384750366211e+00
6.319000000000000000e+03 -3.092526912689208984e+00
6.320000000000000000e+03 -3.096837282180786133e+00
6.321000000000000000e+03 -3.109878063201904297e+00
6.322000000000000000e+03 -3.151432577763692677e+00
6.323000000000000000e+03 -3.139444828033447266e+00
6.324000000000000000e+03 -3.117251634597778320e+00
6.325000000000000000e+03 -3.112894296646118164e+00
6.326000000000000000e+03 -3.135990142822265625e+00
6.327000000000000000e+03 -3.168744866047994435e+00
6.328000000000000000e+03 -3.100180864334106445e+00
6.329000000000000000e+03 -3.113953351974487305e+00
6.330000000000000000e+03 -3.107118129730224609e+00
6.331000000000000000e+03 -3.102049827575683594e+00
6.332000000000000000e+03 -3.102218627929687500e+00
6.333000000000000000e+03 -3.094397544860839844e+00
6.334000000000000000e+03 -3.098173379898071289e+00
6.335000000000000000e+03 -3.049558401107788086e+00
6.336000000000000000e+03 -3.072337627410888672e+00
6.337000000000000000e+03 -3.096741914749145508e+00
6.338000000000000000e+03 -3.097702980041503906e+00
6.339000000000000000e+03 -3.074228286743164062e+00
6.340000000000000000e+03 -3.074764251708984375e+00
6.341000000000000000e+03 -3.074871778488159180e+00
6.342000000000000000e+03 -3.064287424087524414e+00
6.343000000000000000e+03 -3.036957740783691406e+00
6.344000000000000000e+03 -3.040662288665771484e+00
6.345000000000000000e+03 -3.051751852035522461e+00
6.346000000000000000e+03 -3.060801982879638672e+00
6.347000000000000000e+03 -3.045427799224853516e+00
6.348000000000000000e+03 -3.083325624465942383e+00
6.349000000000000000e+03 -3.086603641510009766e+00
6.350000000000000000e+03 -3.057358503341674805e+00
6.351000000000000000e+03 -3.054187536239624023e+00
6.352000000000000000e+03 -3.044385433197021484e+00
6.353000000000000000e+03 -3.036466360092163086e+00
6.354000000000000000e+03 -3.059362888336181641e+00
6.355000000000000000e+03 -3.032690286636352539e+00
6.356000000000000000e+03 -3.035423517227172852e+00
6.357000000000000000e+03 -3.004417657852172852e+00
6.358000000000000000e+03 -3.052139043807983398e+00
6.359000000000000000e+03 -3.005495309829711914e+00
6.360000000000000000e+03 -3.060863256454467773e+00
6.361000000000000000e+03 -3.015870571136474609e+00
6.362000000000000000e+03 -2.964104652404785156e+00
6.363000000000000000e+03 -2.957726478576660156e+00
6.364000000000000000e+03 -2.958754301071166992e+00
6.365000000000000000e+03 -3.000252008438110352e+00
6.366000000000000000e+03 -3.015255212783813477e+00
6.367000000000000000e+03 -3.031486749649047852e+00
6.368000000000000000e+03 -2.959482431411743164e+00
6.369000000000000000e+03 -2.991678953170776367e+00
6.370000000000000000e+03 -3.011394739151000977e+00
6.371000000000000000e+03 -2.987950801849365234e+00
6.372000000000000000e+03 -2.992438316345214844e+00
6.373000000000000000e+03 -3.039811134338378906e+00
6.374000000000000000e+03 -3.025230407714843750e+00
6.375000000000000000e+03 -3.018743038177490234e+00
6.376000000000000000e+03 -2.964408874511718750e+00
6.377000000000000000e+03 -2.921854734420776367e+00
6.378000000000000000e+03 -2.985582113265991211e+00
6.379000000000000000e+03 -2.962985754013061523e+00
6.380000000000000000e+03 -2.962788581848144531e+00
6.381000000000000000e+03 -2.988068103790283203e+00
6.382000000000000000e+03 -2.967869520187377930e+00
6.383000000000000000e+03 -2.973940610885620117e+00
6.384000000000000000e+03 -2.995874643325805664e+00
6.385000000000000000e+03 -2.971432924270629883e+00
6.386000000000000000e+03 -3.003227710723876953e+00
6.387000000000000000e+03 -3.027847290039062500e+00
6.388000000000000000e+03 -3.015584945678710938e+00
6.389000000000000000e+03 -2.986732959747314453e+00
6.390000000000000000e+03 -3.036359786987304688e+00
6.391000000000000000e+03 -2.977477788925170898e+00
6.392000000000000000e+03 -3.008748769760131836e+00
6.393000000000000000e+03 -3.009381771087646484e+00
6.394000000000000000e+03 -3.027457952499389648e+00
6.395000000000000000e+03 -3.059267997741699219e+00
6.396000000000000000e+03 -3.019441604614257812e+00
6.397000000000000000e+03 -3.018088340759277344e+00
6.398000000000000000e+03 -2.983225584030151367e+00
6.399000000000000000e+03 -2.960736751556396484e+00
6.400000000000000000e+03 -2.981667518615722656e+00
6.401000000000000000e+03 -3.019781589508056641e+00
6.402000000000000000e+03 -3.013960599899291992e+00
6.403000000000000000e+03 -3.017355680465698242e+00
6.404000000000000000e+03 -3.010299682617187500e+00
6.405000000000000000e+03 -3.022882223129272461e+00
6.406000000000000000e+03 -2.991925001144409180e+00
6.407000000000000000e+03 -2.992051362991333008e+00
6.408000000000000000e+03 -3.033512592315673828e+00
6.409000000000000000e+03 -3.049833297729492188e+00
6.410000000000000000e+03 -3.031337022781372070e+00
6.411000000000000000e+03 -3.086488246917724609e+00
6.412000000000000000e+03 -3.037550926208496094e+00
6.413000000000000000e+03 -3.083696126937866211e+00
6.414000000000000000e+03 -3.084170103073120117e+00
6.415000000000000000e+03 -3.069000720977783203e+00
6.416000000000000000e+03 -3.078151464462280273e+00
6.417000000000000000e+03 -3.043029308319091797e+00
6.418000000000000000e+03 -3.030214309692382812e+00
6.419000000000000000e+03 -3.067675352096557617e+00
6.420000000000000000e+03 -3.061175107955932617e+00
6.421000000000000000e+03 -3.099220275878906250e+00
6.422000000000000000e+03 -3.070414543151855469e+00
6.423000000000000000e+03 -3.043264865875244141e+00
6.424000000000000000e+03 -3.075658798217773438e+00
6.425000000000000000e+03 -3.097281694412231445e+00
6.426000000000000000e+03 -3.077413558959960938e+00
6.427000000000000000e+03 -3.052630186080932617e+00
6.428000000000000000e+03 -3.020942926406860352e+00
6.429000000000000000e+03 -3.058600425720214844e+00
6.430000000000000000e+03 -3.042201042175292969e+00
6.431000000000000000e+03 -3.063808917999267578e+00
6.432000000000000000e+03 -3.116899728775024414e+00
6.433000000000000000e+03 -3.087962388992309570e+00
6.434000000000000000e+03 -3.005618333816528320e+00
6.435000000000000000e+03 -3.083362340927124023e+00
6.436000000000000000e+03 -3.047376155853271484e+00
6.437000000000000000e+03 -3.064741134643554688e+00
6.438000000000000000e+03 -3.062353610992431641e+00
6.439000000000000000e+03 -3.048705816268920898e+00
6.440000000000000000e+03 -3.064234256744384766e+00
6.441000000000000000e+03 -3.066703319549560547e+00
6.442000000000000000e+03 -3.051648855209350586e+00
6.443000000000000000e+03 -3.049418926239013672e+00
6.444000000000000000e+03 -3.057754755020141602e+00
6.445000000000000000e+03 -3.041338682174682617e+00
6.446000000000000000e+03 -3.066177845001220703e+00
6.447000000000000000e+03 -3.076135635375976562e+00
6.448000000000000000e+03 -3.065831184387207031e+00
6.449000000000000000e+03 -3.070663690567016602e+00
6.450000000000000000e+03 -3.083252906799316406e+00
6.451000000000000000e+03 -3.078699350357055664e+00
6.452000000000000000e+03 -3.055122137069702148e+00
6.453000000000000000e+03 -3.056140899658203125e+00
6.454000000000000000e+03 -3.058916330337524414e+00
6.455000000000000000e+03 -3.061429500579833984e+00
6.456000000000000000e+03 -3.050271749496459961e+00
6.457000000000000000e+03 -3.055424928665161133e+00
6.458000000000000000e+03 -3.036948442459106445e+00
6.459000000000000000e+03 -3.067351579666137695e+00
6.460000000000000000e+03 -3.087009906768798828e+00
6.461000000000000000e+03 -3.125559806823730469e+00
6.462000000000000000e+03 -3.129603147506713867e+00
6.463000000000000000e+03 -3.138034582138061523e+00
6.464000000000000000e+03 -3.055719614028930664e+00
6.465000000000000000e+03 -3.075129747390747070e+00
6.466000000000000000e+03 -3.063016891479492188e+00
6.467000000000000000e+03 -3.112022161483764648e+00
6.468000000000000000e+03 -3.077124357223510742e+00
6.469000000000000000e+03 -3.100506782531738281e+00
6.470000000000000000e+03 -3.124673604965209961e+00
6.471000000000000000e+03 -3.080142021179199219e+00
6.472000000000000000e+03 -3.118891716003417969e+00
6.473000000000000000e+03 -3.068177461624145508e+00
6.474000000000000000e+03 -3.044378042221069336e+00
6.475000000000000000e+03 -3.049094915390014648e+00
6.476000000000000000e+03 -2.995210647583007812e+00
6.477000000000000000e+03 -3.006614208221435547e+00
6.478000000000000000e+03 -3.024351358413696289e+00
6.479000000000000000e+03 -3.043617010116577148e+00
6.480000000000000000e+03 -3.083618164062500000e+00
6.481000000000000000e+03 -3.037570953369140625e+00
6.482000000000000000e+03 -3.058229446411132812e+00
6.483000000000000000e+03 -3.055836915969848633e+00
6.484000000000000000e+03 -3.050724744796752930e+00
6.485000000000000000e+03 -3.038322448730468750e+00
6.486000000000000000e+03 -3.038739919662475586e+00
6.487000000000000000e+03 -3.001257896423339844e+00
6.488000000000000000e+03 -3.005865097045898438e+00
6.489000000000000000e+03 -3.003193855285644531e+00
6.490000000000000000e+03 -3.017920255661010742e+00
6.491000000000000000e+03 -3.001352071762084961e+00
6.492000000000000000e+03 -3.040551662445068359e+00
6.493000000000000000e+03 -3.029487133026123047e+00
6.494000000000000000e+03 -2.989613056182861328e+00
6.495000000000000000e+03 -2.982558727264404297e+00
6.496000000000000000e+03 -2.993825197219848633e+00
6.497000000000000000e+03 -2.972134113311767578e+00
6.498000000000000000e+03 -3.012565135955810547e+00
6.499000000000000000e+03 -2.962193250656127930e+00
6.500000000000000000e+03 -3.011957406997680664e+00
6.501000000000000000e+03 -2.948791265487670898e+00
6.502000000000000000e+03 -3.036779165267944336e+00
6.503000000000000000e+03 -3.016107797622680664e+00
6.504000000000000000e+03 -2.977107048034667969e+00
6.505000000000000000e+03 -2.967963695526123047e+00
6.506000000000000000e+03 -2.992740154266357422e+00
6.507000000000000000e+03 -2.976787805557250977e+00
6.508000000000000000e+03 -2.978604555130004883e+00
6.509000000000000000e+03 -2.975653409957885742e+00
6.510000000000000000e+03 -2.990036487579345703e+00
6.511000000000000000e+03 -3.028337955474853516e+00
6.512000000000000000e+03 -3.003311634063720703e+00
6.513000000000000000e+03 -2.993668317794799805e+00
6.514000000000000000e+03 -3.021580457687377930e+00
6.515000000000000000e+03 -3.022070884704589844e+00
6.516000000000000000e+03 -3.031778812408447266e+00
6.517000000000000000e+03 -3.019264459609985352e+00
6.518000000000000000e+03 -2.998411178588867188e+00
6.519000000000000000e+03 -3.034981250762939453e+00
6.520000000000000000e+03 -3.014550685882568359e+00
6.521000000000000000e+03 -3.033862113952636719e+00
6.522000000000000000e+03 -3.038338899612426758e+00
6.523000000000000000e+03 -3.080072402954101562e+00
6.524000000000000000e+03 -3.114220142364501953e+00
6.525000000000000000e+03 -3.052364110946655273e+00
6.526000000000000000e+03 -3.072914838790893555e+00
6.527000000000000000e+03 -3.103100299835205078e+00
6.528000000000000000e+03 -3.097126722335815430e+00
6.529000000000000000e+03 -3.078933477401733398e+00
6.530000000000000000e+03 -3.081637382507324219e+00
6.531000000000000000e+03 -3.123789548873901367e+00
6.532000000000000000e+03 -3.070140600204467773e+00
6.533000000000000000e+03 -3.075943470001220703e+00
6.534000000000000000e+03 -3.076783657073974609e+00
6.535000000000000000e+03 -3.068069934844970703e+00
6.536000000000000000e+03 -3.083641529083251953e+00
6.537000000000000000e+03 -3.066953182220458984e+00
6.538000000000000000e+03 -3.109622478485107422e+00
6.539000000000000000e+03 -3.070050239562988281e+00
6.540000000000000000e+03 -3.119614124298095703e+00
6.541000000000000000e+03 -3.121426343917846680e+00
6.542000000000000000e+03 -3.108859062194824219e+00
6.543000000000000000e+03 -3.096325397491455078e+00
6.544000000000000000e+03 -3.101237058639526367e+00
6.545000000000000000e+03 -3.039418220520019531e+00
6.546000000000000000e+03 -3.050990104675292969e+00
6.547000000000000000e+03 -3.062508106231689453e+00
6.548000000000000000e+03 -3.083478689193725586e+00
6.549000000000000000e+03 -3.073521137237548828e+00
6.550000000000000000e+03 -3.081172704696655273e+00
6.551000000000000000e+03 -3.022179841995239258e+00
6.552000000000000000e+03 -3.038416862487792969e+00
6.553000000000000000e+03 -3.061749219894409180e+00
6.554000000000000000e+03 -3.074788570404052734e+00
6.555000000000000000e+03 -3.091843843460083008e+00
6.556000000000000000e+03 -3.075221300125122070e+00
6.557000000000000000e+03 -3.087239027023315430e+00
6.558000000000000000e+03 -3.075850009918212891e+00
6.559000000000000000e+03 -3.092013597488403320e+00
6.560000000000000000e+03 -3.115641117095947266e+00
6.561000000000000000e+03 -3.119054555892944336e+00
6.562000000000000000e+03 -3.096832752227783203e+00
6.563000000000000000e+03 -3.067998409271240234e+00
6.564000000000000000e+03 -3.074394226074218750e+00
6.565000000000000000e+03 -3.104532003402709961e+00
6.566000000000000000e+03 -3.072744846343994141e+00
6.567000000000000000e+03 -3.083809137344360352e+00
6.568000000000000000e+03 -3.053570985794067383e+00
6.569000000000000000e+03 -3.025130271911621094e+00
6.570000000000000000e+03 -3.077869176864624023e+00
6.571000000000000000e+03 -3.062099933624267578e+00
6.572000000000000000e+03 -3.040718078613281250e+00
6.573000000000000000e+03 -3.049291372299194336e+00
6.574000000000000000e+03 -3.103211879730224609e+00
6.575000000000000000e+03 -3.066309690475463867e+00
6.576000000000000000e+03 -3.056494951248168945e+00
6.577000000000000000e+03 -3.051456212997436523e+00
6.578000000000000000e+03 -3.065687656402587891e+00
6.579000000000000000e+03 -3.026633977890014648e+00
6.580000000000000000e+03 -3.021596431732177734e+00
6.581000000000000000e+03 -3.055685043334960938e+00
6.582000000000000000e+03 -3.039098978042602539e+00
6.583000000000000000e+03 -3.039739847183227539e+00
6.584000000000000000e+03 -3.047685861587524414e+00
6.585000000000000000e+03 -3.048862934112548828e+00
6.586000000000000000e+03 -3.041399955749511719e+00
6.587000000000000000e+03 -3.059458732604980469e+00
6.588000000000000000e+03 -3.019251108169555664e+00
6.589000000000000000e+03 -3.043429851531982422e+00
6.590000000000000000e+03 -3.028960704803466797e+00
6.591000000000000000e+03 -3.037441015243530273e+00
6.592000000000000000e+03 -3.064545392990112305e+00
6.593000000000000000e+03 -3.065299510955810547e+00
6.594000000000000000e+03 -3.025758028030395508e+00
6.595000000000000000e+03 -3.000527381896972656e+00
6.596000000000000000e+03 -3.063367128372192383e+00
6.597000000000000000e+03 -3.011623144149780273e+00
6.598000000000000000e+03 -3.037621259689331055e+00
6.599000000000000000e+03 -3.049037218093872070e+00
6.600000000000000000e+03 -3.042192697525024414e+00
6.601000000000000000e+03 -3.057925224304199219e+00
6.602000000000000000e+03 -3.023549079895019531e+00
6.603000000000000000e+03 -3.031823396682739258e+00
6.604000000000000000e+03 -3.033493757247924805e+00
6.605000000000000000e+03 -3.044298410415649414e+00
6.606000000000000000e+03 -3.037076234817504883e+00
6.607000000000000000e+03 -3.066656827926635742e+00
6.608000000000000000e+03 -3.040780782699584961e+00
6.609000000000000000e+03 -3.030288219451904297e+00
6.610000000000000000e+03 -3.043047428131103516e+00
6.611000000000000000e+03 -3.015946626663208008e+00
6.612000000000000000e+03 -3.004612922668457031e+00
6.613000000000000000e+03 -3.037909507751464844e+00
6.614000000000000000e+03 -3.110177993774414062e+00
6.615000000000000000e+03 -3.098765134811401367e+00
6.616000000000000000e+03 -3.083525657653808594e+00
6.617000000000000000e+03 -3.075622558593750000e+00
6.618000000000000000e+03 -3.030575275421142578e+00
6.619000000000000000e+03 -3.049365997314453125e+00
6.620000000000000000e+03 -3.022769689559936523e+00
6.621000000000000000e+03 -3.009914159774780273e+00
6.622000000000000000e+03 -3.049165964126586914e+00
6.623000000000000000e+03 -2.979878902435302734e+00
6.624000000000000000e+03 -2.962037324905395508e+00
6.625000000000000000e+03 -3.007283210754394531e+00
6.626000000000000000e+03 -3.008851528167724609e+00
6.627000000000000000e+03 -3.046188116073608398e+00
6.628000000000000000e+03 -3.061257839202880859e+00
6.629000000000000000e+03 -3.047955274581909180e+00
6.630000000000000000e+03 -3.075377702713012695e+00
6.631000000000000000e+03 -3.037300348281860352e+00
6.632000000000000000e+03 -3.080286741256713867e+00
6.633000000000000000e+03 -3.004271984100341797e+00
6.634000000000000000e+03 -2.964124917984008789e+00
6.635000000000000000e+03 -2.968069553375244141e+00
6.636000000000000000e+03 -3.021787881851196289e+00
6.637000000000000000e+03 -3.073088884353637695e+00
6.638000000000000000e+03 -2.994164943695068359e+00
6.639000000000000000e+03 -3.038007736206054688e+00
6.640000000000000000e+03 -2.981492042541503906e+00
6.641000000000000000e+03 -2.958956718444824219e+00
6.642000000000000000e+03 -2.988835096359252930e+00
6.643000000000000000e+03 -2.943655252456665039e+00
6.644000000000000000e+03 -2.982265949249267578e+00
6.645000000000000000e+03 -2.948193550109863281e+00
6.646000000000000000e+03 -2.969206809997558594e+00
6.647000000000000000e+03 -2.959598302841186523e+00
6.648000000000000000e+03 -3.032920598983764648e+00
6.649000000000000000e+03 -3.002985000610351562e+00
6.650000000000000000e+03 -3.022618055343627930e+00
6.651000000000000000e+03 -3.043068885803222656e+00
6.652000000000000000e+03 -3.028667211532592773e+00
6.653000000000000000e+03 -2.974776744842529297e+00
6.654000000000000000e+03 -3.005074501037597656e+00
6.655000000000000000e+03 -3.012517213821411133e+00
6.656000000000000000e+03 -2.986891984939575195e+00
6.657000000000000000e+03 -3.024639606475830078e+00
6.658000000000000000e+03 -3.066616296768188477e+00
6.659000000000000000e+03 -3.053694009780883789e+00
6.660000000000000000e+03 -3.028730154037475586e+00
6.661000000000000000e+03 -3.041243314743041992e+00
6.662000000000000000e+03 -3.038375854492187500e+00
6.663000000000000000e+03 -3.061766862869262695e+00
6.664000000000000000e+03 -3.049489498138427734e+00
6.665000000000000000e+03 -3.039731025695800781e+00
6.666000000000000000e+03 -3.049151659011840820e+00
6.667000000000000000e+03 -3.076398372650146484e+00
6.668000000000000000e+03 -3.063291549682617188e+00
6.669000000000000000e+03 -3.054156541824340820e+00
6.670000000000000000e+03 -3.086760759353637695e+00
6.671000000000000000e+03 -3.044539213180541992e+00
6.672000000000000000e+03 -3.091445922851562500e+00
6.673000000000000000e+03 -3.073992729187011719e+00
6.674000000000000000e+03 -3.076005458831787109e+00
6.675000000000000000e+03 -3.093292951583862305e+00
6.676000000000000000e+03 -3.089476823806762695e+00
6.677000000000000000e+03 -3.075008392333984375e+00
6.678000000000000000e+03 -3.050291299819946289e+00
6.679000000000000000e+03 -3.080735683441162109e+00
6.680000000000000000e+03 -3.043280601501464844e+00
6.681000000000000000e+03 -3.065161228179931641e+00
6.682000000000000000e+03 -3.021071434020996094e+00
6.683000000000000000e+03 -2.997841596603393555e+00
6.684000000000000000e+03 -3.003577947616577148e+00
6.685000000000000000e+03 -3.005311012268066406e+00
6.686000000000000000e+03 -2.985417604446411133e+00
6.687000000000000000e+03 -3.023772001266479492e+00
6.688000000000000000e+03 -3.014626026153564453e+00
6.689000000000000000e+03 -3.021858692169189453e+00
6.690000000000000000e+03 -3.037438392639160156e+00
6.691000000000000000e+03 -3.000889778137207031e+00
6.692000000000000000e+03 -2.958857536315917969e+00
6.693000000000000000e+03 -3.002774000167846680e+00
6.694000000000000000e+03 -3.027592182159423828e+00
6.695000000000000000e+03 -3.024024009704589844e+00
6.696000000000000000e+03 -3.034031391143798828e+00
6.697000000000000000e+03 -2.999413490295410156e+00
6.698000000000000000e+03 -3.001598834991455078e+00
6.699000000000000000e+03 -3.060962438583374023e+00
6.700000000000000000e+03 -3.042589664459228516e+00
6.701000000000000000e+03 -3.063930511474609375e+00
6.702000000000000000e+03 -3.045791864395141602e+00
6.703000000000000000e+03 -3.038541793823242188e+00
6.704000000000000000e+03 -3.078832149505615234e+00
6.705000000000000000e+03 -3.057368993759155273e+00
6.706000000000000000e+03 -3.081139564514160156e+00
6.707000000000000000e+03 -3.053714990615844727e+00
6.708000000000000000e+03 -3.029694318771362305e+00
6.709000000000000000e+03 -3.034857988357543945e+00
6.710000000000000000e+03 -3.032788753509521484e+00
6.711000000000000000e+03 -3.017114877700805664e+00
6.712000000000000000e+03 -3.044049739837646484e+00
6.713000000000000000e+03 -3.060269832611083984e+00
6.714000000000000000e+03 -3.019037723541259766e+00
6.715000000000000000e+03 -3.034244298934936523e+00
6.716000000000000000e+03 -3.051805019378662109e+00
6.717000000000000000e+03 -3.028384208679199219e+00
6.718000000000000000e+03 -3.066869020462036133e+00
6.719000000000000000e+03 -3.041724681854248047e+00
6.720000000000000000e+03 -3.072387695312500000e+00
6.721000000000000000e+03 -3.065014839172363281e+00
6.722000000000000000e+03 -3.054495811462402344e+00
6.723000000000000000e+03 -3.039600849151611328e+00
6.724000000000000000e+03 -3.033988952636718750e+00
6.725000000000000000e+03 -3.021126508712768555e+00
6.726000000000000000e+03 -3.077016115188598633e+00
6.727000000000000000e+03 -3.039005994796752930e+00
6.728000000000000000e+03 -3.089463710784912109e+00
6.729000000000000000e+03 -3.039618730545043945e+00
6.730000000000000000e+03 -3.067583322525024414e+00
6.731000000000000000e+03 -3.016432762145996094e+00
6.732000000000000000e+03 -3.033555269241333008e+00
6.733000000000000000e+03 -3.110731840133666992e+00
6.734000000000000000e+03 -3.038577079772949219e+00
6.735000000000000000e+03 -3.042459249496459961e+00
6.736000000000000000e+03 -3.091612100601196289e+00
6.737000000000000000e+03 -3.100000143051147461e+00
6.738000000000000000e+03 -3.093320131301879883e+00
6.739000000000000000e+03 -3.085051298141479492e+00
6.740000000000000000e+03 -3.024663209915161133e+00
6.741000000000000000e+03 -3.080214738845825195e+00
6.742000000000000000e+03 -3.041488647460937500e+00
6.743000000000000000e+03 -3.056339502334594727e+00
6.744000000000000000e+03 -3.076182842254638672e+00
6.745000000000000000e+03 -3.048871040344238281e+00
6.746000000000000000e+03 -3.020558357238769531e+00
6.747000000000000000e+03 -3.104453802108764648e+00
6.748000000000000000e+03 -3.083854913711547852e+00
6.749000000000000000e+03 -3.126560449600219727e+00
6.750000000000000000e+03 -3.076097011566162109e+00
6.751000000000000000e+03 -3.101001501083374023e+00
6.752000000000000000e+03 -3.080545663833618164e+00
6.753000000000000000e+03 -3.046895503997802734e+00
6.754000000000000000e+03 -3.040716648101806641e+00
6.755000000000000000e+03 -3.050414323806762695e+00
6.756000000000000000e+03 -3.076586008071899414e+00
6.757000000000000000e+03 -3.092149734497070312e+00
6.758000000000000000e+03 -3.059575080871582031e+00
6.759000000000000000e+03 -3.090455293655395508e+00
6.760000000000000000e+03 -3.085388422012329102e+00
6.761000000000000000e+03 -3.049671649932861328e+00
6.762000000000000000e+03 -3.033481121063232422e+00
6.763000000000000000e+03 -3.080149888992309570e+00
6.764000000000000000e+03 -3.124210357666015625e+00
6.765000000000000000e+03 -3.083137512207031250e+00
6.766000000000000000e+03 -3.065941333770751953e+00
6.767000000000000000e+03 -3.035832166671752930e+00
6.768000000000000000e+03 -3.033625602722167969e+00
6.769000000000000000e+03 -3.051768302917480469e+00
6.770000000000000000e+03 -3.050374984741210938e+00
6.771000000000000000e+03 -3.062024593353271484e+00
6.772000000000000000e+03 -3.093881368637084961e+00
6.773000000000000000e+03 -3.064604759216308594e+00
6.774000000000000000e+03 -3.118723869323730469e+00
6.775000000000000000e+03 -3.065884590148925781e+00
6.776000000000000000e+03 -3.110606193542480469e+00
6.777000000000000000e+03 -3.081098794937133789e+00
6.778000000000000000e+03 -3.063696622848510742e+00
6.779000000000000000e+03 -3.010179758071899414e+00
6.780000000000000000e+03 -3.047424793243408203e+00
6.781000000000000000e+03 -3.061240673065185547e+00
6.782000000000000000e+03 -2.999579191207885742e+00
6.783000000000000000e+03 -3.002135515213012695e+00
6.784000000000000000e+03 -3.041759967803955078e+00
6.785000000000000000e+03 -3.020679950714111328e+00
6.786000000000000000e+03 -3.050435066223144531e+00
6.787000000000000000e+03 -3.000602960586547852e+00
6.788000000000000000e+03 -3.037219524383544922e+00
6.789000000000000000e+03 -3.060415029525756836e+00
6.790000000000000000e+03 -3.087844133377075195e+00
6.791000000000000000e+03 -3.084893465042114258e+00
6.792000000000000000e+03 -3.054921865463256836e+00
6.793000000000000000e+03 -3.059945821762084961e+00
6.794000000000000000e+03 -3.011775255203247070e+00
6.795000000000000000e+03 -3.040465593338012695e+00
6.796000000000000000e+03 -3.037030458450317383e+00
6.797000000000000000e+03 -3.051924228668212891e+00
6.798000000000000000e+03 -3.074405908584594727e+00
6.799000000000000000e+03 -3.055106163024902344e+00
6.800000000000000000e+03 -3.121020793914794922e+00
6.801000000000000000e+03 -3.114735126495361328e+00
6.802000000000000000e+03 -3.087529182434082031e+00
6.803000000000000000e+03 -3.068180322647094727e+00
6.804000000000000000e+03 -3.095742464065551758e+00
6.805000000000000000e+03 -3.076499223709106445e+00
6.806000000000000000e+03 -3.092589378356933594e+00
6.807000000000000000e+03 -3.065037012100219727e+00
6.808000000000000000e+03 -3.055861711502075195e+00
6.809000000000000000e+03 -3.067548274993896484e+00
6.810000000000000000e+03 -3.049264430999755859e+00
6.811000000000000000e+03 -3.064966201782226562e+00
6.812000000000000000e+03 -3.087389707565307617e+00
6.813000000000000000e+03 -3.083197116851806641e+00
6.814000000000000000e+03 -3.099293231964111328e+00
6.815000000000000000e+03 -3.074034690856933594e+00
6.816000000000000000e+03 -3.097315549850463867e+00
6.817000000000000000e+03 -3.109355211257934570e+00
6.818000000000000000e+03 -3.122461795806884766e+00
6.819000000000000000e+03 -3.169233862553731740e+00
6.820000000000000000e+03 -3.144469086323873341e+00
6.821000000000000000e+03 -3.121614694595336914e+00
6.822000000000000000e+03 -3.098596096038818359e+00
6.823000000000000000e+03 -3.057255506515502930e+00
6.824000000000000000e+03 -3.108842372894287109e+00
6.825000000000000000e+03 -3.134124517440795898e+00
6.826000000000000000e+03 -3.123738527297973633e+00
6.827000000000000000e+03 -3.150595966969625294e+00
6.828000000000000000e+03 -3.110089063644409180e+00
6.829000000000000000e+03 -3.119475603103637695e+00
6.830000000000000000e+03 -3.154424492512838185e+00
6.831000000000000000e+03 -3.063980340957641602e+00
6.832000000000000000e+03 -3.057055950164794922e+00
6.833000000000000000e+03 -3.093110084533691406e+00
6.834000000000000000e+03 -3.071774005889892578e+00
6.835000000000000000e+03 -3.069875478744506836e+00
6.836000000000000000e+03 -3.133044958114624023e+00
6.837000000000000000e+03 -3.102828979492187500e+00
6.838000000000000000e+03 -3.112204790115356445e+00
6.839000000000000000e+03 -3.089845657348632812e+00
6.840000000000000000e+03 -3.082455158233642578e+00
6.841000000000000000e+03 -3.084392070770263672e+00
6.842000000000000000e+03 -3.108308076858520508e+00
6.843000000000000000e+03 -3.072753429412841797e+00
6.844000000000000000e+03 -3.058085918426513672e+00
6.845000000000000000e+03 -3.074584722518920898e+00
6.846000000000000000e+03 -3.100047588348388672e+00
6.847000000000000000e+03 -3.077382326126098633e+00
6.848000000000000000e+03 -3.086571455001831055e+00
6.849000000000000000e+03 -3.095451354980468750e+00
6.850000000000000000e+03 -3.098442316055297852e+00
6.851000000000000000e+03 -3.062093019485473633e+00
6.852000000000000000e+03 -3.067400217056274414e+00
6.853000000000000000e+03 -3.030553102493286133e+00
6.854000000000000000e+03 -3.061609745025634766e+00
6.855000000000000000e+03 -3.068856239318847656e+00
6.856000000000000000e+03 -3.098726749420166016e+00
6.857000000000000000e+03 -3.086363792419433594e+00
6.858000000000000000e+03 -3.098604679107666016e+00
6.859000000000000000e+03 -3.146163527165548146e+00
6.860000000000000000e+03 -3.118799448013305664e+00
6.861000000000000000e+03 -3.159378592167989552e+00
6.862000000000000000e+03 -3.139780044555664062e+00
6.863000000000000000e+03 -3.103725433349609375e+00
6.864000000000000000e+03 -3.119649171829223633e+00
6.865000000000000000e+03 -3.135548114776611328e+00
6.866000000000000000e+03 -3.116944074630737305e+00
6.867000000000000000e+03 -3.152756277714864552e+00
6.868000000000000000e+03 -3.127466678619384766e+00
6.869000000000000000e+03 -3.053190469741821289e+00
6.870000000000000000e+03 -3.078019380569458008e+00
6.871000000000000000e+03 -3.087602376937866211e+00
6.872000000000000000e+03 -3.091920852661132812e+00
6.873000000000000000e+03 -3.093817710876464844e+00
6.874000000000000000e+03 -3.032043218612670898e+00
6.875000000000000000e+03 -2.987385988235473633e+00
6.876000000000000000e+03 -3.041109323501586914e+00
6.877000000000000000e+03 -3.052226781845092773e+00
6.878000000000000000e+03 -3.040464401245117188e+00
6.879000000000000000e+03 -2.998476266860961914e+00
6.880000000000000000e+03 -3.042322874069213867e+00
6.881000000000000000e+03 -3.018977165222167969e+00
6.882000000000000000e+03 -3.026282310485839844e+00
6.883000000000000000e+03 -3.008700132369995117e+00
6.884000000000000000e+03 -3.004950761795043945e+00
6.885000000000000000e+03 -3.008390188217163086e+00
6.886000000000000000e+03 -3.045376777648925781e+00
6.887000000000000000e+03 -2.975906133651733398e+00
6.888000000000000000e+03 -2.938041925430297852e+00
6.889000000000000000e+03 -2.972966432571411133e+00
6.890000000000000000e+03 -2.963349819183349609e+00
6.891000000000000000e+03 -2.986747741699218750e+00
6.892000000000000000e+03 -2.998303890228271484e+00
6.893000000000000000e+03 -3.003360033035278320e+00
6.894000000000000000e+03 -3.008100271224975586e+00
6.895000000000000000e+03 -2.991251707077026367e+00
6.896000000000000000e+03 -3.007889986038208008e+00
6.897000000000000000e+03 -3.014194011688232422e+00
6.898000000000000000e+03 -2.995945215225219727e+00
6.899000000000000000e+03 -3.002017736434936523e+00
6.900000000000000000e+03 -3.032924890518188477e+00
6.901000000000000000e+03 -3.019062280654907227e+00
6.902000000000000000e+03 -3.003007650375366211e+00
6.903000000000000000e+03 -3.031123399734497070e+00
6.904000000000000000e+03 -3.001086235046386719e+00
6.905000000000000000e+03 -2.962189197540283203e+00
6.906000000000000000e+03 -2.981911182403564453e+00
6.907000000000000000e+03 -2.996288061141967773e+00
6.908000000000000000e+03 -3.000205516815185547e+00
6.909000000000000000e+03 -3.020777225494384766e+00
6.910000000000000000e+03 -3.033672094345092773e+00
6.911000000000000000e+03 -3.054062128067016602e+00
6.912000000000000000e+03 -3.010885477066040039e+00
6.913000000000000000e+03 -2.984132766723632812e+00
6.914000000000000000e+03 -3.003610610961914062e+00
6.915000000000000000e+03 -3.023393154144287109e+00
6.916000000000000000e+03 -2.982465982437133789e+00
6.917000000000000000e+03 -3.011592626571655273e+00
6.918000000000000000e+03 -3.024441003799438477e+00
6.919000000000000000e+03 -3.003200054168701172e+00
6.920000000000000000e+03 -2.970610618591308594e+00
6.921000000000000000e+03 -2.989317655563354492e+00
6.922000000000000000e+03 -2.993052005767822266e+00
6.923000000000000000e+03 -2.985834121704101562e+00
6.924000000000000000e+03 -3.013021707534790039e+00
6.925000000000000000e+03 -2.946486711502075195e+00
6.926000000000000000e+03 -3.025796175003051758e+00
6.927000000000000000e+03 -2.990550518035888672e+00
6.928000000000000000e+03 -3.033070325851440430e+00
6.929000000000000000e+03 -3.017068147659301758e+00
6.930000000000000000e+03 -3.035028457641601562e+00
6.931000000000000000e+03 -3.063369750976562500e+00
6.932000000000000000e+03 -3.059047222137451172e+00
6.933000000000000000e+03 -3.045177936553955078e+00
6.934000000000000000e+03 -3.019102573394775391e+00
6.935000000000000000e+03 -3.037108421325683594e+00
6.936000000000000000e+03 -3.064317226409912109e+00
6.937000000000000000e+03 -3.032405138015747070e+00
6.938000000000000000e+03 -2.999272584915161133e+00
6.939000000000000000e+03 -2.989452838897705078e+00
6.940000000000000000e+03 -2.987071037292480469e+00
6.941000000000000000e+03 -3.006510496139526367e+00
6.942000000000000000e+03 -3.007783174514770508e+00
6.943000000000000000e+03 -2.945430755615234375e+00
6.944000000000000000e+03 -2.932195186614990234e+00
6.945000000000000000e+03 -2.949719190597534180e+00
6.946000000000000000e+03 -2.960541963577270508e+00
6.947000000000000000e+03 -2.968351364135742188e+00
6.948000000000000000e+03 -2.931296825408935547e+00
6.949000000000000000e+03 -2.937248945236206055e+00
6.950000000000000000e+03 -2.958615064620971680e+00
6.951000000000000000e+03 -2.962754964828491211e+00
6.952000000000000000e+03 -2.957740783691406250e+00
6.953000000000000000e+03 -2.950529575347900391e+00
6.954000000000000000e+03 -2.956236362457275391e+00
6.955000000000000000e+03 -2.991390705108642578e+00
6.956000000000000000e+03 -2.949139118194580078e+00
6.957000000000000000e+03 -2.972792863845825195e+00
6.958000000000000000e+03 -2.939930438995361328e+00
6.959000000000000000e+03 -2.965370416641235352e+00
6.960000000000000000e+03 -2.930627584457397461e+00
6.961000000000000000e+03 -3.003741025924682617e+00
6.962000000000000000e+03 -2.988084793090820312e+00
6.963000000000000000e+03 -3.019043207168579102e+00
6.964000000000000000e+03 -2.964341163635253906e+00
6.965000000000000000e+03 -2.966003894805908203e+00
6.966000000000000000e+03 -2.959567546844482422e+00
6.967000000000000000e+03 -2.964021682739257812e+00
6.968000000000000000e+03 -2.953888893127441406e+00
6.969000000000000000e+03 -2.962987422943115234e+00
6.970000000000000000e+03 -2.996846199035644531e+00
6.971000000000000000e+03 -3.004704475402832031e+00
6.972000000000000000e+03 -3.019871711730957031e+00
6.973000000000000000e+03 -2.990053892135620117e+00
6.974000000000000000e+03 -2.997800111770629883e+00
6.975000000000000000e+03 -3.040312290191650391e+00
6.976000000000000000e+03 -3.064231395721435547e+00
6.977000000000000000e+03 -3.039999485015869141e+00
6.978000000000000000e+03 -3.054911136627197266e+00
6.979000000000000000e+03 -3.038039922714233398e+00
6.980000000000000000e+03 -2.998277187347412109e+00
6.981000000000000000e+03 -3.026855468750000000e+00
6.982000000000000000e+03 -3.012337923049926758e+00
6.983000000000000000e+03 -2.996572494506835938e+00
6.984000000000000000e+03 -3.002764225006103516e+00
6.985000000000000000e+03 -3.003473043441772461e+00
6.986000000000000000e+03 -3.025760650634765625e+00
6.987000000000000000e+03 -2.988896608352661133e+00
6.988000000000000000e+03 -2.974160671234130859e+00
6.989000000000000000e+03 -2.977064847946166992e+00
6.990000000000000000e+03 -2.992959737777709961e+00
6.991000000000000000e+03 -2.991537809371948242e+00
6.992000000000000000e+03 -2.971332073211669922e+00
6.993000000000000000e+03 -2.996046543121337891e+00
6.994000000000000000e+03 -2.956648826599121094e+00
6.995000000000000000e+03 -2.986219167709350586e+00
6.996000000000000000e+03 -2.972329378128051758e+00
6.997000000000000000e+03 -3.011220932006835938e+00
6.998000000000000000e+03 -2.988462209701538086e+00
6.999000000000000000e+03 -2.999075889587402344e+00
7.000000000000000000e+03 -2.950641632080078125e+00
7.001000000000000000e+03 -2.968277215957641602e+00
7.002000000000000000e+03 -2.980442523956298828e+00
7.003000000000000000e+03 -2.996474266052246094e+00
7.004000000000000000e+03 -2.954532384872436523e+00
7.005000000000000000e+03 -2.966957330703735352e+00
7.006000000000000000e+03 -2.971974134445190430e+00
7.007000000000000000e+03 -3.006962537765502930e+00
7.008000000000000000e+03 -3.005145072937011719e+00
7.009000000000000000e+03 -3.022206068038940430e+00
7.010000000000000000e+03 -3.002412319183349609e+00
7.011000000000000000e+03 -3.015345573425292969e+00
7.012000000000000000e+03 -2.988408327102661133e+00
7.013000000000000000e+03 -3.003842592239379883e+00
7.014000000000000000e+03 -3.039034366607666016e+00
7.015000000000000000e+03 -3.056992530822753906e+00
7.016000000000000000e+03 -3.083936214447021484e+00
7.017000000000000000e+03 -3.080549001693725586e+00
7.018000000000000000e+03 -3.057177305221557617e+00
7.019000000000000000e+03 -2.986658096313476562e+00
7.020000000000000000e+03 -3.020737648010253906e+00
7.021000000000000000e+03 -3.013499736785888672e+00
7.022000000000000000e+03 -3.003829479217529297e+00
7.023000000000000000e+03 -3.021404504776000977e+00
7.024000000000000000e+03 -3.011118888854980469e+00
7.025000000000000000e+03 -2.984283685684204102e+00
7.026000000000000000e+03 -3.008612871170043945e+00
7.027000000000000000e+03 -2.999429702758789062e+00
7.028000000000000000e+03 -2.994194507598876953e+00
7.029000000000000000e+03 -3.041689395904541016e+00
7.030000000000000000e+03 -2.980409860610961914e+00
7.031000000000000000e+03 -3.037395715713500977e+00
7.032000000000000000e+03 -3.031138420104980469e+00
7.033000000000000000e+03 -3.011373758316040039e+00
7.034000000000000000e+03 -3.004307031631469727e+00
7.035000000000000000e+03 -3.017872333526611328e+00
7.036000000000000000e+03 -3.006161451339721680e+00
7.037000000000000000e+03 -2.990042448043823242e+00
7.038000000000000000e+03 -2.959560394287109375e+00
7.039000000000000000e+03 -2.987974882125854492e+00
7.040000000000000000e+03 -2.957863092422485352e+00
7.041000000000000000e+03 -2.959447383880615234e+00
7.042000000000000000e+03 -2.969143867492675781e+00
7.043000000000000000e+03 -2.960862159729003906e+00
7.044000000000000000e+03 -2.943776845932006836e+00
7.045000000000000000e+03 -2.916210651397705078e+00
7.046000000000000000e+03 -2.954866886138916016e+00
7.047000000000000000e+03 -3.002614021301269531e+00
7.048000000000000000e+03 -2.959766149520874023e+00
7.049000000000000000e+03 -2.988553285598754883e+00
7.050000000000000000e+03 -2.951164960861206055e+00
7.051000000000000000e+03 -2.941336393356323242e+00
7.052000000000000000e+03 -2.929289579391479492e+00
7.053000000000000000e+03 -2.907354116439819336e+00
7.054000000000000000e+03 -2.928445577621459961e+00
7.055000000000000000e+03 -2.967365741729736328e+00
7.056000000000000000e+03 -2.952644586563110352e+00
7.057000000000000000e+03 -2.932550668716430664e+00
7.058000000000000000e+03 -2.906156539916992188e+00
7.059000000000000000e+03 -2.956277370452880859e+00
7.060000000000000000e+03 -2.975197553634643555e+00
7.061000000000000000e+03 -2.926012992858886719e+00
7.062000000000000000e+03 -2.941056013107299805e+00
7.063000000000000000e+03 -2.920802354812622070e+00
7.064000000000000000e+03 -2.934094905853271484e+00
7.065000000000000000e+03 -2.966593742370605469e+00
7.066000000000000000e+03 -2.931888341903686523e+00
7.067000000000000000e+03 -2.934339284896850586e+00
7.068000000000000000e+03 -2.907116413116455078e+00
7.069000000000000000e+03 -2.927798032760620117e+00
7.070000000000000000e+03 -2.942935466766357422e+00
7.071000000000000000e+03 -2.940635919570922852e+00
7.072000000000000000e+03 -2.964963436126708984e+00
7.073000000000000000e+03 -2.964559316635131836e+00
7.074000000000000000e+03 -2.974634885787963867e+00
7.075000000000000000e+03 -2.976998329162597656e+00
7.076000000000000000e+03 -2.965117692947387695e+00
7.077000000000000000e+03 -2.952689409255981445e+00
7.078000000000000000e+03 -2.969414949417114258e+00
7.079000000000000000e+03 -2.976589202880859375e+00
7.080000000000000000e+03 -2.960518836975097656e+00
7.081000000000000000e+03 -2.942623376846313477e+00
7.082000000000000000e+03 -2.940982580184936523e+00
7.083000000000000000e+03 -2.929975748062133789e+00
7.084000000000000000e+03 -2.947523593902587891e+00
7.085000000000000000e+03 -2.942653656005859375e+00
7.086000000000000000e+03 -2.969522237777709961e+00
7.087000000000000000e+03 -2.979815959930419922e+00
7.088000000000000000e+03 -2.945304155349731445e+00
7.089000000000000000e+03 -2.995866775512695312e+00
7.090000000000000000e+03 -3.003004550933837891e+00
7.091000000000000000e+03 -2.974121332168579102e+00
7.092000000000000000e+03 -2.940260648727416992e+00
7.093000000000000000e+03 -2.918712854385375977e+00
7.094000000000000000e+03 -2.965284824371337891e+00
7.095000000000000000e+03 -2.930936098098754883e+00
7.096000000000000000e+03 -2.910423040390014648e+00
7.097000000000000000e+03 -2.906888723373413086e+00
7.098000000000000000e+03 -2.917747974395751953e+00
7.099000000000000000e+03 -2.941245079040527344e+00
7.100000000000000000e+03 -2.957905292510986328e+00
7.101000000000000000e+03 -2.908863782882690430e+00
7.102000000000000000e+03 -2.983618497848510742e+00
7.103000000000000000e+03 -2.958388566970825195e+00
7.104000000000000000e+03 -2.980521678924560547e+00
7.105000000000000000e+03 -2.946037530899047852e+00
7.106000000000000000e+03 -2.975101470947265625e+00
7.107000000000000000e+03 -2.927642107009887695e+00
7.108000000000000000e+03 -2.949891328811645508e+00
7.109000000000000000e+03 -2.941232919692993164e+00
7.110000000000000000e+03 -2.905660629272460938e+00
7.111000000000000000e+03 -2.947459459304809570e+00
7.112000000000000000e+03 -2.996590137481689453e+00
7.113000000000000000e+03 -2.967555999755859375e+00
7.114000000000000000e+03 -2.915087938308715820e+00
7.115000000000000000e+03 -2.945595979690551758e+00
7.116000000000000000e+03 -2.964933395385742188e+00
7.117000000000000000e+03 -2.967772245407104492e+00
7.118000000000000000e+03 -2.941152572631835938e+00
7.119000000000000000e+03 -2.930732488632202148e+00
7.120000000000000000e+03 -2.944428443908691406e+00
7.121000000000000000e+03 -2.902769088745117188e+00
7.122000000000000000e+03 -2.922219276428222656e+00
7.123000000000000000e+03 -2.939269065856933594e+00
7.124000000000000000e+03 -2.962702751159667969e+00
7.125000000000000000e+03 -2.887730598449707031e+00
7.126000000000000000e+03 -2.899840354919433594e+00
7.127000000000000000e+03 -2.960176467895507812e+00
7.128000000000000000e+03 -2.948376417160034180e+00
7.129000000000000000e+03 -2.995734214782714844e+00
7.130000000000000000e+03 -2.951620101928710938e+00
7.131000000000000000e+03 -2.896065711975097656e+00
7.132000000000000000e+03 -2.924863576889038086e+00
7.133000000000000000e+03 -2.970862388610839844e+00
7.134000000000000000e+03 -2.986397981643676758e+00
7.135000000000000000e+03 -2.967381000518798828e+00
7.136000000000000000e+03 -2.962155103683471680e+00
7.137000000000000000e+03 -2.986203432083129883e+00
7.138000000000000000e+03 -2.956871032714843750e+00
7.139000000000000000e+03 -2.965192079544067383e+00
7.140000000000000000e+03 -2.937481641769409180e+00
7.141000000000000000e+03 -2.964967727661132812e+00
7.142000000000000000e+03 -2.973255157470703125e+00
7.143000000000000000e+03 -2.971513032913208008e+00
7.144000000000000000e+03 -3.019297838211059570e+00
7.145000000000000000e+03 -2.963096857070922852e+00
7.146000000000000000e+03 -2.978130578994750977e+00
7.147000000000000000e+03 -2.963843822479248047e+00
7.148000000000000000e+03 -2.958297491073608398e+00
7.149000000000000000e+03 -2.943791627883911133e+00
7.150000000000000000e+03 -2.936524391174316406e+00
7.151000000000000000e+03 -2.978873968124389648e+00
7.152000000000000000e+03 -2.960762023925781250e+00
7.153000000000000000e+03 -2.980268478393554688e+00
7.154000000000000000e+03 -2.954960584640502930e+00
7.155000000000000000e+03 -2.981165170669555664e+00
7.156000000000000000e+03 -2.967206239700317383e+00
7.157000000000000000e+03 -2.964073181152343750e+00
7.158000000000000000e+03 -2.955593347549438477e+00
7.159000000000000000e+03 -2.993521928787231445e+00
7.160000000000000000e+03 -2.994415998458862305e+00
7.161000000000000000e+03 -2.936431884765625000e+00
7.162000000000000000e+03 -2.944792032241821289e+00
7.163000000000000000e+03 -2.971487998962402344e+00
7.164000000000000000e+03 -2.920694589614868164e+00
7.165000000000000000e+03 -2.958885669708251953e+00
7.166000000000000000e+03 -2.938940048217773438e+00
7.167000000000000000e+03 -2.960535049438476562e+00
7.168000000000000000e+03 -2.961522817611694336e+00
7.169000000000000000e+03 -2.970850706100463867e+00
7.170000000000000000e+03 -2.996954917907714844e+00
7.171000000000000000e+03 -2.958845853805541992e+00
7.172000000000000000e+03 -2.971832275390625000e+00
7.173000000000000000e+03 -2.964928627014160156e+00
7.174000000000000000e+03 -2.982356548309326172e+00
7.175000000000000000e+03 -2.991135597229003906e+00
7.176000000000000000e+03 -2.968103170394897461e+00
7.177000000000000000e+03 -2.987098217010498047e+00
7.178000000000000000e+03 -2.987587928771972656e+00
7.179000000000000000e+03 -3.017000913619995117e+00
7.180000000000000000e+03 -2.966632604598999023e+00
7.181000000000000000e+03 -3.008599519729614258e+00
7.182000000000000000e+03 -3.005002498626708984e+00
7.183000000000000000e+03 -2.965358734130859375e+00
7.184000000000000000e+03 -2.955200672149658203e+00
7.185000000000000000e+03 -2.988035202026367188e+00
7.186000000000000000e+03 -2.992510557174682617e+00
7.187000000000000000e+03 -2.930462121963500977e+00
7.188000000000000000e+03 -2.967187404632568359e+00
7.189000000000000000e+03 -2.976165056228637695e+00
7.190000000000000000e+03 -2.911916971206665039e+00
7.191000000000000000e+03 -2.940893173217773438e+00
7.192000000000000000e+03 -2.971464633941650391e+00
7.193000000000000000e+03 -3.035079956054687500e+00
7.194000000000000000e+03 -2.982450008392333984e+00
7.195000000000000000e+03 -2.974109649658203125e+00
7.196000000000000000e+03 -3.003214359283447266e+00
7.197000000000000000e+03 -3.028453588485717773e+00
7.198000000000000000e+03 -2.989228487014770508e+00
7.199000000000000000e+03 -3.016726255416870117e+00
7.200000000000000000e+03 -2.998069524765014648e+00
7.201000000000000000e+03 -2.966411113739013672e+00
7.202000000000000000e+03 -2.996247768402099609e+00
7.203000000000000000e+03 -2.998842000961303711e+00
7.204000000000000000e+03 -3.014781951904296875e+00
7.205000000000000000e+03 -3.019258499145507812e+00
7.206000000000000000e+03 -2.956476211547851562e+00
7.207000000000000000e+03 -3.003891706466674805e+00
7.208000000000000000e+03 -3.000133991241455078e+00
7.209000000000000000e+03 -2.987853765487670898e+00
7.210000000000000000e+03 -3.002674818038940430e+00
7.211000000000000000e+03 -3.016770839691162109e+00
7.212000000000000000e+03 -3.056938648223876953e+00
7.213000000000000000e+03 -3.027294874191284180e+00
7.214000000000000000e+03 -3.033831596374511719e+00
7.215000000000000000e+03 -2.999990463256835938e+00
7.216000000000000000e+03 -3.053784847259521484e+00
7.217000000000000000e+03 -3.073712587356567383e+00
7.218000000000000000e+03 -3.020211219787597656e+00
7.219000000000000000e+03 -3.076720237731933594e+00
7.220000000000000000e+03 -3.073025465011596680e+00
7.221000000000000000e+03 -3.066467046737670898e+00
7.222000000000000000e+03 -3.026769161224365234e+00
7.223000000000000000e+03 -3.081241846084594727e+00
7.224000000000000000e+03 -3.057641983032226562e+00
7.225000000000000000e+03 -3.098248004913330078e+00
7.226000000000000000e+03 -3.048972845077514648e+00
7.227000000000000000e+03 -3.036946058273315430e+00
7.228000000000000000e+03 -3.075912952423095703e+00
7.229000000000000000e+03 -3.046594858169555664e+00
7.230000000000000000e+03 -3.051341056823730469e+00
7.231000000000000000e+03 -3.070333480834960938e+00
7.232000000000000000e+03 -3.036418437957763672e+00
7.233000000000000000e+03 -3.038721084594726562e+00
7.234000000000000000e+03 -3.016921043395996094e+00
7.235000000000000000e+03 -3.047375202178955078e+00
7.236000000000000000e+03 -3.044581890106201172e+00
7.237000000000000000e+03 -3.052958011627197266e+00
7.238000000000000000e+03 -3.025277853012084961e+00
7.239000000000000000e+03 -3.037897586822509766e+00
7.240000000000000000e+03 -2.996908187866210938e+00
7.241000000000000000e+03 -2.993567943572998047e+00
7.242000000000000000e+03 -3.047287702560424805e+00
7.243000000000000000e+03 -2.980324029922485352e+00
7.244000000000000000e+03 -3.021956920623779297e+00
7.245000000000000000e+03 -3.017268657684326172e+00
7.246000000000000000e+03 -3.010483026504516602e+00
7.247000000000000000e+03 -3.035849332809448242e+00
7.248000000000000000e+03 -3.021822214126586914e+00
7.249000000000000000e+03 -3.002358436584472656e+00
7.250000000000000000e+03 -2.984155178070068359e+00
7.251000000000000000e+03 -2.970518112182617188e+00
7.252000000000000000e+03 -2.973857641220092773e+00
7.253000000000000000e+03 -3.011534452438354492e+00
7.254000000000000000e+03 -2.988330125808715820e+00
7.255000000000000000e+03 -2.980517625808715820e+00
7.256000000000000000e+03 -2.946090459823608398e+00
7.257000000000000000e+03 -2.958764553070068359e+00
7.258000000000000000e+03 -3.004207372665405273e+00
7.259000000000000000e+03 -2.977131128311157227e+00
7.260000000000000000e+03 -2.993406772613525391e+00
7.261000000000000000e+03 -2.965483427047729492e+00
7.262000000000000000e+03 -2.999027013778686523e+00
7.263000000000000000e+03 -2.944274187088012695e+00
7.264000000000000000e+03 -2.987110614776611328e+00
7.265000000000000000e+03 -2.961074113845825195e+00
7.266000000000000000e+03 -2.960443496704101562e+00
7.267000000000000000e+03 -2.975590705871582031e+00
7.268000000000000000e+03 -2.946840047836303711e+00
7.269000000000000000e+03 -2.953934192657470703e+00
7.270000000000000000e+03 -2.929742336273193359e+00
7.271000000000000000e+03 -2.904496192932128906e+00
7.272000000000000000e+03 -2.990062952041625977e+00
7.273000000000000000e+03 -2.959698438644409180e+00
7.274000000000000000e+03 -2.995953083038330078e+00
7.275000000000000000e+03 -2.956478357315063477e+00
7.276000000000000000e+03 -2.967608928680419922e+00
7.277000000000000000e+03 -2.944753170013427734e+00
7.278000000000000000e+03 -3.009652853012084961e+00
7.279000000000000000e+03 -3.006778717041015625e+00
7.280000000000000000e+03 -3.012227058410644531e+00
7.281000000000000000e+03 -2.982578039169311523e+00
7.282000000000000000e+03 -2.960066556930541992e+00
7.283000000000000000e+03 -2.963654279708862305e+00
7.284000000000000000e+03 -2.957166194915771484e+00
7.285000000000000000e+03 -2.973803520202636719e+00
7.286000000000000000e+03 -2.969521522521972656e+00
7.287000000000000000e+03 -3.018226623535156250e+00
7.288000000000000000e+03 -3.035635471343994141e+00
7.289000000000000000e+03 -3.038184404373168945e+00
7.290000000000000000e+03 -2.950890779495239258e+00
7.291000000000000000e+03 -2.984708786010742188e+00
7.292000000000000000e+03 -2.966484069824218750e+00
7.293000000000000000e+03 -2.936409950256347656e+00
7.294000000000000000e+03 -2.925925970077514648e+00
7.295000000000000000e+03 -2.947123050689697266e+00
7.296000000000000000e+03 -2.949614763259887695e+00
7.297000000000000000e+03 -2.980183839797973633e+00
7.298000000000000000e+03 -2.992660284042358398e+00
7.299000000000000000e+03 -2.964097499847412109e+00
7.300000000000000000e+03 -2.940796375274658203e+00
7.301000000000000000e+03 -2.933515548706054688e+00
7.302000000000000000e+03 -3.009452104568481445e+00
7.303000000000000000e+03 -2.990325689315795898e+00
7.304000000000000000e+03 -2.970464229583740234e+00
7.305000000000000000e+03 -2.957857847213745117e+00
7.306000000000000000e+03 -2.942574501037597656e+00
7.307000000000000000e+03 -2.941089391708374023e+00
7.308000000000000000e+03 -2.956263780593872070e+00
7.309000000000000000e+03 -2.985026597976684570e+00
7.310000000000000000e+03 -2.963244199752807617e+00
7.311000000000000000e+03 -3.008000373840332031e+00
7.312000000000000000e+03 -3.045611619949340820e+00
7.313000000000000000e+03 -2.968513488769531250e+00
7.314000000000000000e+03 -3.033429145812988281e+00
7.315000000000000000e+03 -2.988447666168212891e+00
7.316000000000000000e+03 -3.004052400588989258e+00
7.317000000000000000e+03 -3.011576175689697266e+00
7.318000000000000000e+03 -2.998574495315551758e+00
7.319000000000000000e+03 -2.937816619873046875e+00
7.320000000000000000e+03 -2.910758972167968750e+00
7.321000000000000000e+03 -2.981142044067382812e+00
7.322000000000000000e+03 -2.984670400619506836e+00
7.323000000000000000e+03 -2.989497661590576172e+00
7.324000000000000000e+03 -2.979249000549316406e+00
7.325000000000000000e+03 -2.978346824645996094e+00
7.326000000000000000e+03 -3.020213603973388672e+00
7.327000000000000000e+03 -2.991029024124145508e+00
7.328000000000000000e+03 -2.981437683105468750e+00
7.329000000000000000e+03 -2.964893102645874023e+00
7.330000000000000000e+03 -2.987503051757812500e+00
7.331000000000000000e+03 -2.978433370590209961e+00
7.332000000000000000e+03 -2.979901075363159180e+00
7.333000000000000000e+03 -3.012308359146118164e+00
7.334000000000000000e+03 -3.001975059509277344e+00
7.335000000000000000e+03 -3.040537595748901367e+00
7.336000000000000000e+03 -3.021018981933593750e+00
7.337000000000000000e+03 -3.025304555892944336e+00
7.338000000000000000e+03 -2.996051073074340820e+00
7.339000000000000000e+03 -3.002713918685913086e+00
7.340000000000000000e+03 -3.021831750869750977e+00
7.341000000000000000e+03 -3.049912691116333008e+00
7.342000000000000000e+03 -3.012998104095458984e+00
7.343000000000000000e+03 -3.018975973129272461e+00
7.344000000000000000e+03 -3.024635791778564453e+00
7.345000000000000000e+03 -2.983740568161010742e+00
7.346000000000000000e+03 -2.982214927673339844e+00
7.347000000000000000e+03 -2.959669589996337891e+00
7.348000000000000000e+03 -2.960737705230712891e+00
7.349000000000000000e+03 -2.997498750686645508e+00
7.350000000000000000e+03 -2.960350751876831055e+00
7.351000000000000000e+03 -2.987409114837646484e+00
7.352000000000000000e+03 -2.930292844772338867e+00
7.353000000000000000e+03 -2.995283842086791992e+00
7.354000000000000000e+03 -3.033350229263305664e+00
7.355000000000000000e+03 -3.030271053314208984e+00
7.356000000000000000e+03 -3.032011508941650391e+00
7.357000000000000000e+03 -3.033814191818237305e+00
7.358000000000000000e+03 -3.022871017456054688e+00
7.359000000000000000e+03 -3.035769701004028320e+00
7.360000000000000000e+03 -3.051463365554809570e+00
7.361000000000000000e+03 -3.049342632293701172e+00
7.362000000000000000e+03 -2.993471384048461914e+00
7.363000000000000000e+03 -3.046102523803710938e+00
7.364000000000000000e+03 -3.015643358230590820e+00
7.365000000000000000e+03 -3.034759998321533203e+00
7.366000000000000000e+03 -3.043131113052368164e+00
7.367000000000000000e+03 -3.014649868011474609e+00
7.368000000000000000e+03 -3.016547679901123047e+00
7.369000000000000000e+03 -2.989847421646118164e+00
7.370000000000000000e+03 -3.005087375640869141e+00
7.371000000000000000e+03 -2.988744735717773438e+00
7.372000000000000000e+03 -3.007181644439697266e+00
7.373000000000000000e+03 -3.028585195541381836e+00
7.374000000000000000e+03 -3.002009630203247070e+00
7.375000000000000000e+03 -2.974594354629516602e+00
7.376000000000000000e+03 -3.003500223159790039e+00
7.377000000000000000e+03 -3.028145313262939453e+00
7.378000000000000000e+03 -2.989010334014892578e+00
7.379000000000000000e+03 -2.989454746246337891e+00
7.380000000000000000e+03 -3.000905752182006836e+00
7.381000000000000000e+03 -3.008328676223754883e+00
7.382000000000000000e+03 -3.010949373245239258e+00
7.383000000000000000e+03 -3.004565238952636719e+00
7.384000000000000000e+03 -3.007035970687866211e+00
7.385000000000000000e+03 -3.034802198410034180e+00
7.386000000000000000e+03 -3.007364034652709961e+00
7.387000000000000000e+03 -3.049806833267211914e+00
7.388000000000000000e+03 -3.009612560272216797e+00
7.389000000000000000e+03 -3.000249147415161133e+00
7.390000000000000000e+03 -3.002840280532836914e+00
7.391000000000000000e+03 -2.998258352279663086e+00
7.392000000000000000e+03 -3.036549329757690430e+00
7.393000000000000000e+03 -3.003111362457275391e+00
7.394000000000000000e+03 -2.986612558364868164e+00
7.395000000000000000e+03 -2.978525161743164062e+00
7.396000000000000000e+03 -3.021212577819824219e+00
7.397000000000000000e+03 -3.013767004013061523e+00
7.398000000000000000e+03 -2.966346025466918945e+00
7.399000000000000000e+03 -2.931251287460327148e+00
7.400000000000000000e+03 -2.932364463806152344e+00
7.401000000000000000e+03 -2.933240890502929688e+00
7.402000000000000000e+03 -2.990026950836181641e+00
7.403000000000000000e+03 -2.956018209457397461e+00
7.404000000000000000e+03 -2.985187530517578125e+00
7.405000000000000000e+03 -2.966323614120483398e+00
7.406000000000000000e+03 -2.968380928039550781e+00
7.407000000000000000e+03 -2.965645074844360352e+00
7.408000000000000000e+03 -2.981370449066162109e+00
7.409000000000000000e+03 -2.967259168624877930e+00
7.410000000000000000e+03 -2.964419603347778320e+00
7.411000000000000000e+03 -2.956117153167724609e+00
7.412000000000000000e+03 -2.988350152969360352e+00
7.413000000000000000e+03 -2.975995063781738281e+00
7.414000000000000000e+03 -2.988337516784667969e+00
7.415000000000000000e+03 -3.005252122879028320e+00
7.416000000000000000e+03 -2.947303533554077148e+00
7.417000000000000000e+03 -2.954913377761840820e+00
7.418000000000000000e+03 -2.955124139785766602e+00
7.419000000000000000e+03 -3.021679878234863281e+00
7.420000000000000000e+03 -2.979332685470581055e+00
7.421000000000000000e+03 -2.982454299926757812e+00
7.422000000000000000e+03 -2.993513584136962891e+00
7.423000000000000000e+03 -2.986473083496093750e+00
7.424000000000000000e+03 -2.942467212677001953e+00
7.425000000000000000e+03 -2.946578025817871094e+00
7.426000000000000000e+03 -2.991704463958740234e+00
7.427000000000000000e+03 -3.078833580017089844e+00
7.428000000000000000e+03 -2.933528423309326172e+00
7.429000000000000000e+03 -2.966280460357666016e+00
7.430000000000000000e+03 -2.961126089096069336e+00
7.431000000000000000e+03 -3.010919094085693359e+00
7.432000000000000000e+03 -2.996813535690307617e+00
7.433000000000000000e+03 -3.010987281799316406e+00
7.434000000000000000e+03 -3.000864744186401367e+00
7.435000000000000000e+03 -2.992970705032348633e+00
7.436000000000000000e+03 -3.035627365112304688e+00
7.437000000000000000e+03 -3.035414457321166992e+00
7.438000000000000000e+03 -2.976947307586669922e+00
7.439000000000000000e+03 -3.044267177581787109e+00
7.440000000000000000e+03 -3.037324190139770508e+00
7.441000000000000000e+03 -3.008492946624755859e+00
7.442000000000000000e+03 -3.013129711151123047e+00
7.443000000000000000e+03 -3.043027400970458984e+00
7.444000000000000000e+03 -3.026443958282470703e+00
7.445000000000000000e+03 -3.056657075881958008e+00
7.446000000000000000e+03 -3.038108110427856445e+00
7.447000000000000000e+03 -3.004028320312500000e+00
7.448000000000000000e+03 -3.022508382797241211e+00
7.449000000000000000e+03 -3.039167881011962891e+00
7.450000000000000000e+03 -3.066327571868896484e+00
7.451000000000000000e+03 -3.011892080307006836e+00
7.452000000000000000e+03 -2.995019197463989258e+00
7.453000000000000000e+03 -3.006637573242187500e+00
7.454000000000000000e+03 -2.979540109634399414e+00
7.455000000000000000e+03 -2.977015733718872070e+00
7.456000000000000000e+03 -3.025178670883178711e+00
7.457000000000000000e+03 -3.073333501815795898e+00
7.458000000000000000e+03 -3.037641286849975586e+00
7.459000000000000000e+03 -3.000527143478393555e+00
7.460000000000000000e+03 -2.989806175231933594e+00
7.461000000000000000e+03 -2.964972972869873047e+00
7.462000000000000000e+03 -2.969131946563720703e+00
7.463000000000000000e+03 -3.017590522766113281e+00
7.464000000000000000e+03 -2.992379665374755859e+00
7.465000000000000000e+03 -2.975483179092407227e+00
7.466000000000000000e+03 -2.951344490051269531e+00
7.467000000000000000e+03 -2.967174291610717773e+00
7.468000000000000000e+03 -2.993521213531494141e+00
7.469000000000000000e+03 -3.005139827728271484e+00
7.470000000000000000e+03 -2.976145505905151367e+00
7.471000000000000000e+03 -3.040753126144409180e+00
7.472000000000000000e+03 -3.010509252548217773e+00
7.473000000000000000e+03 -2.981338024139404297e+00
7.474000000000000000e+03 -3.008077383041381836e+00
7.475000000000000000e+03 -3.032268285751342773e+00
7.476000000000000000e+03 -3.026322841644287109e+00
7.477000000000000000e+03 -3.012541532516479492e+00
7.478000000000000000e+03 -2.997323751449584961e+00
7.479000000000000000e+03 -2.987852334976196289e+00
7.480000000000000000e+03 -2.983989477157592773e+00
7.481000000000000000e+03 -3.002982139587402344e+00
7.482000000000000000e+03 -2.987403392791748047e+00
7.483000000000000000e+03 -2.999779462814331055e+00
7.484000000000000000e+03 -2.986438512802124023e+00
7.485000000000000000e+03 -2.998871326446533203e+00
7.486000000000000000e+03 -3.006846189498901367e+00
7.487000000000000000e+03 -2.990495204925537109e+00
7.488000000000000000e+03 -2.978066444396972656e+00
7.489000000000000000e+03 -2.917838811874389648e+00
7.490000000000000000e+03 -2.994246959686279297e+00
7.491000000000000000e+03 -2.980329990386962891e+00
7.492000000000000000e+03 -3.015348196029663086e+00
7.493000000000000000e+03 -3.001720428466796875e+00
7.494000000000000000e+03 -2.990814924240112305e+00
7.495000000000000000e+03 -2.977005481719970703e+00
7.496000000000000000e+03 -2.925938606262207031e+00
7.497000000000000000e+03 -2.968267679214477539e+00
7.498000000000000000e+03 -2.972676753997802734e+00
7.499000000000000000e+03 -2.957808017730712891e+00
7.500000000000000000e+03 -2.923631906509399414e+00
7.501000000000000000e+03 -2.941906213760375977e+00
7.502000000000000000e+03 -2.943934202194213867e+00
7.503000000000000000e+03 -2.951765298843383789e+00
7.504000000000000000e+03 -3.022806406021118164e+00
7.505000000000000000e+03 -3.012746334075927734e+00
7.506000000000000000e+03 -2.991896152496337891e+00
7.507000000000000000e+03 -2.984637022018432617e+00
7.508000000000000000e+03 -2.976781368255615234e+00
7.509000000000000000e+03 -2.949566841125488281e+00
7.510000000000000000e+03 -3.006239175796508789e+00
7.511000000000000000e+03 -2.978877305984497070e+00
7.512000000000000000e+03 -3.053583860397338867e+00
7.513000000000000000e+03 -3.015235662460327148e+00
7.514000000000000000e+03 -2.994683742523193359e+00
7.515000000000000000e+03 -3.019982576370239258e+00
7.516000000000000000e+03 -3.060961246490478516e+00
7.517000000000000000e+03 -3.036757707595825195e+00
7.518000000000000000e+03 -3.064551353454589844e+00
7.519000000000000000e+03 -3.047569513320922852e+00
7.520000000000000000e+03 -3.054156780242919922e+00
7.521000000000000000e+03 -3.072884798049926758e+00
7.522000000000000000e+03 -3.013292789459228516e+00
7.523000000000000000e+03 -2.998372793197631836e+00
7.524000000000000000e+03 -3.015704154968261719e+00
7.525000000000000000e+03 -3.016971111297607422e+00
7.526000000000000000e+03 -3.060089349746704102e+00
7.527000000000000000e+03 -3.016954898834228516e+00
7.528000000000000000e+03 -2.978259086608886719e+00
7.529000000000000000e+03 -2.979678630828857422e+00
7.530000000000000000e+03 -2.968736648559570312e+00
7.531000000000000000e+03 -2.993976831436157227e+00
7.532000000000000000e+03 -2.995507240295410156e+00
7.533000000000000000e+03 -3.017730951309204102e+00
7.534000000000000000e+03 -2.998376131057739258e+00
7.535000000000000000e+03 -3.059038877487182617e+00
7.536000000000000000e+03 -3.033655405044555664e+00
7.537000000000000000e+03 -3.003919124603271484e+00
7.538000000000000000e+03 -3.027188062667846680e+00
7.539000000000000000e+03 -3.045487880706787109e+00
7.540000000000000000e+03 -3.058107137680053711e+00
7.541000000000000000e+03 -2.991933345794677734e+00
7.542000000000000000e+03 -3.011403560638427734e+00
7.543000000000000000e+03 -3.029216527938842773e+00
7.544000000000000000e+03 -3.019776344299316406e+00
7.545000000000000000e+03 -3.020566463470458984e+00
7.546000000000000000e+03 -3.024310350418090820e+00
7.547000000000000000e+03 -2.997482538223266602e+00
7.548000000000000000e+03 -3.000090360641479492e+00
7.549000000000000000e+03 -3.024415493011474609e+00
7.550000000000000000e+03 -3.012568235397338867e+00
7.551000000000000000e+03 -3.004355192184448242e+00
7.552000000000000000e+03 -3.033428907394409180e+00
7.553000000000000000e+03 -3.087740898132324219e+00
7.554000000000000000e+03 -3.001083850860595703e+00
7.555000000000000000e+03 -3.019356489181518555e+00
7.556000000000000000e+03 -3.025243520736694336e+00
7.557000000000000000e+03 -3.021681547164916992e+00
7.558000000000000000e+03 -3.047026395797729492e+00
7.559000000000000000e+03 -3.026386737823486328e+00
7.560000000000000000e+03 -3.021902322769165039e+00
7.561000000000000000e+03 -3.017409801483154297e+00
7.562000000000000000e+03 -3.064014434814453125e+00
7.563000000000000000e+03 -3.051731824874877930e+00
7.564000000000000000e+03 -3.055544614791870117e+00
7.565000000000000000e+03 -3.013428449630737305e+00
7.566000000000000000e+03 -3.053835153579711914e+00
7.567000000000000000e+03 -3.032618999481201172e+00
7.568000000000000000e+03 -3.041750192642211914e+00
7.569000000000000000e+03 -3.040993690490722656e+00
7.570000000000000000e+03 -3.004418134689331055e+00
7.571000000000000000e+03 -2.985326051712036133e+00
7.572000000000000000e+03 -3.021587371826171875e+00
7.573000000000000000e+03 -3.067800521850585938e+00
7.574000000000000000e+03 -3.048156023025512695e+00
7.575000000000000000e+03 -3.046942234039306641e+00
7.576000000000000000e+03 -2.999800443649291992e+00
7.577000000000000000e+03 -3.024597406387329102e+00
7.578000000000000000e+03 -3.004240036010742188e+00
7.579000000000000000e+03 -3.030030965805053711e+00
7.580000000000000000e+03 -3.017783403396606445e+00
7.581000000000000000e+03 -3.041405200958251953e+00
7.582000000000000000e+03 -3.021857738494873047e+00
7.583000000000000000e+03 -3.016623258590698242e+00
7.584000000000000000e+03 -3.048080682754516602e+00
7.585000000000000000e+03 -3.042571783065795898e+00
7.586000000000000000e+03 -3.039310455322265625e+00
7.587000000000000000e+03 -3.054843187332153320e+00
7.588000000000000000e+03 -3.034968376159667969e+00
7.589000000000000000e+03 -3.051919221878051758e+00
7.590000000000000000e+03 -3.070805549621582031e+00
7.591000000000000000e+03 -3.074136734008789062e+00
7.592000000000000000e+03 -3.061328172683715820e+00
7.593000000000000000e+03 -3.070856332778930664e+00
7.594000000000000000e+03 -3.059265375137329102e+00
7.595000000000000000e+03 -3.065590620040893555e+00
7.596000000000000000e+03 -3.022055387496948242e+00
7.597000000000000000e+03 -3.029910564422607422e+00
7.598000000000000000e+03 -3.004087448120117188e+00
7.599000000000000000e+03 -3.017525196075439453e+00
7.600000000000000000e+03 -3.018288612365722656e+00
7.601000000000000000e+03 -2.973587274551391602e+00
7.602000000000000000e+03 -2.977090835571289062e+00
7.603000000000000000e+03 -3.016829252243041992e+00
7.604000000000000000e+03 -2.965170860290527344e+00
7.605000000000000000e+03 -3.020829916000366211e+00
7.606000000000000000e+03 -3.034109592437744141e+00
7.607000000000000000e+03 -3.031740665435791016e+00
7.608000000000000000e+03 -2.997425794601440430e+00
7.609000000000000000e+03 -3.012052297592163086e+00
7.610000000000000000e+03 -2.994267702102661133e+00
7.611000000000000000e+03 -3.022581338882446289e+00
7.612000000000000000e+03 -3.086086511611938477e+00
7.613000000000000000e+03 -3.043201446533203125e+00
7.614000000000000000e+03 -3.022723913192749023e+00
7.615000000000000000e+03 -3.035023927688598633e+00
7.616000000000000000e+03 -3.017573833465576172e+00
7.617000000000000000e+03 -3.018386840820312500e+00
7.618000000000000000e+03 -3.040213584899902344e+00
7.619000000000000000e+03 -3.019945383071899414e+00
7.620000000000000000e+03 -3.086387634277343750e+00
7.621000000000000000e+03 -3.059875011444091797e+00
7.622000000000000000e+03 -3.054983615875244141e+00
7.623000000000000000e+03 -3.018059968948364258e+00
7.624000000000000000e+03 -3.066907405853271484e+00
7.625000000000000000e+03 -3.067170858383178711e+00
7.626000000000000000e+03 -3.001955986022949219e+00
7.627000000000000000e+03 -3.069128751754760742e+00
7.628000000000000000e+03 -3.076970100402832031e+00
7.629000000000000000e+03 -3.064978361129760742e+00
7.630000000000000000e+03 -3.066534519195556641e+00
7.631000000000000000e+03 -3.075426340103149414e+00
7.632000000000000000e+03 -3.071455240249633789e+00
7.633000000000000000e+03 -3.034209251403808594e+00
7.634000000000000000e+03 -3.046973228454589844e+00
7.635000000000000000e+03 -3.053402423858642578e+00
7.636000000000000000e+03 -3.074915170669555664e+00
7.637000000000000000e+03 -3.080748319625854492e+00
7.638000000000000000e+03 -3.038299083709716797e+00
7.639000000000000000e+03 -3.056705474853515625e+00
7.640000000000000000e+03 -3.059798479080200195e+00
7.641000000000000000e+03 -3.074737548828125000e+00
7.642000000000000000e+03 -3.056470632553100586e+00
7.643000000000000000e+03 -3.018211126327514648e+00
7.644000000000000000e+03 -3.050121545791625977e+00
7.645000000000000000e+03 -3.071770191192626953e+00
7.646000000000000000e+03 -2.998300552368164062e+00
7.647000000000000000e+03 -3.008244514465332031e+00
7.648000000000000000e+03 -2.978744029998779297e+00
7.649000000000000000e+03 -3.005269289016723633e+00
7.650000000000000000e+03 -2.993834495544433594e+00
7.651000000000000000e+03 -2.982756137847900391e+00
7.652000000000000000e+03 -2.939606428146362305e+00
7.653000000000000000e+03 -2.976344108581542969e+00
7.654000000000000000e+03 -2.984571456909179688e+00
7.655000000000000000e+03 -2.986139774322509766e+00
7.656000000000000000e+03 -3.037964344024658203e+00
7.657000000000000000e+03 -3.035999774932861328e+00
7.658000000000000000e+03 -3.053131103515625000e+00
7.659000000000000000e+03 -3.032778024673461914e+00
7.660000000000000000e+03 -3.017957448959350586e+00
7.661000000000000000e+03 -3.034900665283203125e+00
7.662000000000000000e+03 -3.022891521453857422e+00
7.663000000000000000e+03 -3.015462398529052734e+00
7.664000000000000000e+03 -3.033738374710083008e+00
7.665000000000000000e+03 -2.978764057159423828e+00
7.666000000000000000e+03 -3.003453254699707031e+00
7.667000000000000000e+03 -2.982046365737915039e+00
7.668000000000000000e+03 -3.000981807708740234e+00
7.669000000000000000e+03 -3.014845371246337891e+00
7.670000000000000000e+03 -2.989543676376342773e+00
7.671000000000000000e+03 -2.951913595199584961e+00
7.672000000000000000e+03 -2.916703701019287109e+00
7.673000000000000000e+03 -2.929741144180297852e+00
7.674000000000000000e+03 -2.989594221115112305e+00
7.675000000000000000e+03 -2.936629772186279297e+00
7.676000000000000000e+03 -2.981457710266113281e+00
7.677000000000000000e+03 -2.972395181655883789e+00
7.678000000000000000e+03 -2.987959861755371094e+00
7.679000000000000000e+03 -3.011156320571899414e+00
7.680000000000000000e+03 -2.991730451583862305e+00
7.681000000000000000e+03 -3.024285078048706055e+00
7.682000000000000000e+03 -3.017837285995483398e+00
7.683000000000000000e+03 -3.010491132736206055e+00
7.684000000000000000e+03 -3.023498773574829102e+00
7.685000000000000000e+03 -3.023308038711547852e+00
7.686000000000000000e+03 -3.030605554580688477e+00
7.687000000000000000e+03 -3.058415174484252930e+00
7.688000000000000000e+03 -3.022785902023315430e+00
7.689000000000000000e+03 -3.067472934722900391e+00
7.690000000000000000e+03 -3.037227153778076172e+00
7.691000000000000000e+03 -2.994829416275024414e+00
7.692000000000000000e+03 -3.053197145462036133e+00
7.693000000000000000e+03 -3.087457656860351562e+00
7.694000000000000000e+03 -3.049952030181884766e+00
7.695000000000000000e+03 -3.073391675949096680e+00
7.696000000000000000e+03 -3.067610502243041992e+00
7.697000000000000000e+03 -3.055761575698852539e+00
7.698000000000000000e+03 -2.995082855224609375e+00
7.699000000000000000e+03 -3.002130270004272461e+00
7.700000000000000000e+03 -3.018285512924194336e+00
7.701000000000000000e+03 -3.068152189254760742e+00
7.702000000000000000e+03 -3.055830240249633789e+00
7.703000000000000000e+03 -3.034314155578613281e+00
7.704000000000000000e+03 -3.015911579132080078e+00
7.705000000000000000e+03 -3.041943311691284180e+00
7.706000000000000000e+03 -3.064498424530029297e+00
7.707000000000000000e+03 -3.044728994369506836e+00
7.708000000000000000e+03 -3.058917284011840820e+00
7.709000000000000000e+03 -3.032274723052978516e+00
7.710000000000000000e+03 -3.021976709365844727e+00
7.711000000000000000e+03 -3.023079156875610352e+00
7.712000000000000000e+03 -3.047393798828125000e+00
7.713000000000000000e+03 -3.085941553115844727e+00
7.714000000000000000e+03 -3.034137010574340820e+00
7.715000000000000000e+03 -3.065656185150146484e+00
7.716000000000000000e+03 -3.052689790725708008e+00
7.717000000000000000e+03 -3.080600738525390625e+00
7.718000000000000000e+03 -3.088966131210327148e+00
7.719000000000000000e+03 -3.061285734176635742e+00
7.720000000000000000e+03 -3.080096244812011719e+00
7.721000000000000000e+03 -3.081346273422241211e+00
7.722000000000000000e+03 -3.075326681137084961e+00
7.723000000000000000e+03 -3.083486080169677734e+00
7.724000000000000000e+03 -3.108983516693115234e+00
7.725000000000000000e+03 -3.032614946365356445e+00
7.726000000000000000e+03 -3.055955886840820312e+00
7.727000000000000000e+03 -3.087943077087402344e+00
7.728000000000000000e+03 -3.039830923080444336e+00
7.729000000000000000e+03 -3.036986351013183594e+00
7.730000000000000000e+03 -3.094869613647460938e+00
7.731000000000000000e+03 -3.029003620147705078e+00
7.732000000000000000e+03 -3.063240289688110352e+00
7.733000000000000000e+03 -3.043778657913208008e+00
7.734000000000000000e+03 -3.030862331390380859e+00
7.735000000000000000e+03 -3.025396108627319336e+00
7.736000000000000000e+03 -3.079315185546875000e+00
7.737000000000000000e+03 -3.039799451828002930e+00
7.738000000000000000e+03 -3.056477785110473633e+00
7.739000000000000000e+03 -3.054259061813354492e+00
7.740000000000000000e+03 -3.052904605865478516e+00
7.741000000000000000e+03 -3.048257827758789062e+00
7.742000000000000000e+03 -3.090361118316650391e+00
7.743000000000000000e+03 -3.035753726959228516e+00
7.744000000000000000e+03 -3.035245180130004883e+00
7.745000000000000000e+03 -3.074979305267333984e+00
7.746000000000000000e+03 -3.050840139389038086e+00
7.747000000000000000e+03 -3.040309667587280273e+00
7.748000000000000000e+03 -3.050796508789062500e+00
7.749000000000000000e+03 -3.055428743362426758e+00
7.750000000000000000e+03 -3.008538961410522461e+00
7.751000000000000000e+03 -3.034117937088012695e+00
7.752000000000000000e+03 -3.042665481567382812e+00
7.753000000000000000e+03 -2.990430831909179688e+00
7.754000000000000000e+03 -3.005889892578125000e+00
7.755000000000000000e+03 -2.996603250503540039e+00
7.756000000000000000e+03 -3.051997423171997070e+00
7.757000000000000000e+03 -3.020524263381958008e+00
7.758000000000000000e+03 -3.069366693496704102e+00
7.759000000000000000e+03 -3.051060914993286133e+00
7.760000000000000000e+03 -3.059170007705688477e+00
7.761000000000000000e+03 -3.022588253021240234e+00
7.762000000000000000e+03 -3.011157512664794922e+00
7.763000000000000000e+03 -3.013797760009765625e+00
7.764000000000000000e+03 -3.050085067749023438e+00
7.765000000000000000e+03 -3.034248828887939453e+00
7.766000000000000000e+03 -2.988741159439086914e+00
7.767000000000000000e+03 -3.014963865280151367e+00
7.768000000000000000e+03 -3.013204336166381836e+00
7.769000000000000000e+03 -3.070206642150878906e+00
7.770000000000000000e+03 -3.058842182159423828e+00
7.771000000000000000e+03 -3.048252344131469727e+00
7.772000000000000000e+03 -3.036826133728027344e+00
7.773000000000000000e+03 -3.061751604080200195e+00
7.774000000000000000e+03 -3.061254739761352539e+00
7.775000000000000000e+03 -3.002613067626953125e+00
7.776000000000000000e+03 -3.031642436981201172e+00
7.777000000000000000e+03 -3.063093662261962891e+00
7.778000000000000000e+03 -3.003734350204467773e+00
7.779000000000000000e+03 -3.051854133605957031e+00
7.780000000000000000e+03 -3.077701807022094727e+00
7.781000000000000000e+03 -3.062591552734375000e+00
7.782000000000000000e+03 -3.051712512969970703e+00
7.783000000000000000e+03 -3.075109243392944336e+00
7.784000000000000000e+03 -3.084929466247558594e+00
7.785000000000000000e+03 -3.061293601989746094e+00
7.786000000000000000e+03 -3.035941362380981445e+00
7.787000000000000000e+03 -3.098243236541748047e+00
7.788000000000000000e+03 -3.066219806671142578e+00
7.789000000000000000e+03 -3.095818281173706055e+00
7.790000000000000000e+03 -3.084479093551635742e+00
7.791000000000000000e+03 -3.113329172134399414e+00
7.792000000000000000e+03 -3.086395502090454102e+00
7.793000000000000000e+03 -3.041835546493530273e+00
7.794000000000000000e+03 -3.014330625534057617e+00
7.795000000000000000e+03 -3.019720792770385742e+00
7.796000000000000000e+03 -3.023014068603515625e+00
7.797000000000000000e+03 -3.049620866775512695e+00
7.798000000000000000e+03 -3.046788454055786133e+00
7.799000000000000000e+03 -3.035929441452026367e+00
7.800000000000000000e+03 -3.044112443923950195e+00
7.801000000000000000e+03 -3.017302036285400391e+00
7.802000000000000000e+03 -3.041866779327392578e+00
7.803000000000000000e+03 -3.072006940841674805e+00
7.804000000000000000e+03 -3.043355226516723633e+00
7.805000000000000000e+03 -3.044746637344360352e+00
7.806000000000000000e+03 -3.085738897323608398e+00
7.807000000000000000e+03 -3.083293199539184570e+00
7.808000000000000000e+03 -3.075436115264892578e+00
7.809000000000000000e+03 -3.090947151184082031e+00
7.810000000000000000e+03 -3.029236555099487305e+00
7.811000000000000000e+03 -3.033631086349487305e+00
7.812000000000000000e+03 -3.037250995635986328e+00
7.813000000000000000e+03 -3.038249015808105469e+00
7.814000000000000000e+03 -3.055940151214599609e+00
7.815000000000000000e+03 -3.054341793060302734e+00
7.816000000000000000e+03 -3.068046092987060547e+00
7.817000000000000000e+03 -3.077058553695678711e+00
7.818000000000000000e+03 -3.029663562774658203e+00
7.819000000000000000e+03 -3.099020481109619141e+00
7.820000000000000000e+03 -3.094360828399658203e+00
7.821000000000000000e+03 -3.072148323059082031e+00
7.822000000000000000e+03 -3.054618120193481445e+00
7.823000000000000000e+03 -3.080061197280883789e+00
7.824000000000000000e+03 -3.060869693756103516e+00
7.825000000000000000e+03 -3.041314125061035156e+00
7.826000000000000000e+03 -3.043470621109008789e+00
7.827000000000000000e+03 -2.994168996810913086e+00
7.828000000000000000e+03 -3.023825168609619141e+00
7.829000000000000000e+03 -3.005041122436523438e+00
7.830000000000000000e+03 -2.997497558593750000e+00
7.831000000000000000e+03 -3.015154838562011719e+00
7.832000000000000000e+03 -2.949561357498168945e+00
7.833000000000000000e+03 -2.990424633026123047e+00
7.834000000000000000e+03 -3.012728691101074219e+00
7.835000000000000000e+03 -2.967868089675903320e+00
7.836000000000000000e+03 -2.969788312911987305e+00
7.837000000000000000e+03 -2.964154720306396484e+00
7.838000000000000000e+03 -3.005530357360839844e+00
7.839000000000000000e+03 -2.970744132995605469e+00
7.840000000000000000e+03 -3.004827499389648438e+00
7.841000000000000000e+03 -2.952445507049560547e+00
7.842000000000000000e+03 -3.009163379669189453e+00
7.843000000000000000e+03 -3.000495910644531250e+00
7.844000000000000000e+03 -3.061073780059814453e+00
7.845000000000000000e+03 -3.058234691619873047e+00
7.846000000000000000e+03 -3.085394620895385742e+00
7.847000000000000000e+03 -3.064617156982421875e+00
7.848000000000000000e+03 -3.065039634704589844e+00
7.849000000000000000e+03 -3.058860063552856445e+00
7.850000000000000000e+03 -2.989389181137084961e+00
7.851000000000000000e+03 -3.003269672393798828e+00
7.852000000000000000e+03 -2.998002052307128906e+00
7.853000000000000000e+03 -3.045170307159423828e+00
7.854000000000000000e+03 -3.037010431289672852e+00
7.855000000000000000e+03 -3.040096998214721680e+00
7.856000000000000000e+03 -3.003220081329345703e+00
7.857000000000000000e+03 -3.008724689483642578e+00
7.858000000000000000e+03 -3.021178483963012695e+00
7.859000000000000000e+03 -3.014694690704345703e+00
7.860000000000000000e+03 -2.981539964675903320e+00
7.861000000000000000e+03 -3.021890401840209961e+00
7.862000000000000000e+03 -3.017131328582763672e+00
7.863000000000000000e+03 -3.037229061126708984e+00
7.864000000000000000e+03 -3.046985864639282227e+00
7.865000000000000000e+03 -3.023197650909423828e+00
7.866000000000000000e+03 -3.018399715423583984e+00
7.867000000000000000e+03 -2.965941190719604492e+00
7.868000000000000000e+03 -3.023904561996459961e+00
7.869000000000000000e+03 -3.050118207931518555e+00
7.870000000000000000e+03 -3.039948463439941406e+00
7.871000000000000000e+03 -3.047613859176635742e+00
7.872000000000000000e+03 -3.048528194427490234e+00
7.873000000000000000e+03 -3.088701725006103516e+00
7.874000000000000000e+03 -3.109285354614257812e+00
7.875000000000000000e+03 -3.084129095077514648e+00
7.876000000000000000e+03 -3.054575443267822266e+00
7.877000000000000000e+03 -3.056073427200317383e+00
7.878000000000000000e+03 -3.048033952713012695e+00
7.879000000000000000e+03 -3.038857221603393555e+00
7.880000000000000000e+03 -3.070002794265747070e+00
7.881000000000000000e+03 -3.103148460388183594e+00
7.882000000000000000e+03 -3.081576824188232422e+00
7.883000000000000000e+03 -3.083935260772705078e+00
7.884000000000000000e+03 -3.093653917312622070e+00
7.885000000000000000e+03 -3.069203615188598633e+00
7.886000000000000000e+03 -3.093971014022827148e+00
7.887000000000000000e+03 -3.085614442825317383e+00
7.888000000000000000e+03 -3.128017902374267578e+00
7.889000000000000000e+03 -3.097288846969604492e+00
7.890000000000000000e+03 -3.065421104431152344e+00
7.891000000000000000e+03 -3.087352752685546875e+00
7.892000000000000000e+03 -3.054359674453735352e+00
7.893000000000000000e+03 -3.087720394134521484e+00
7.894000000000000000e+03 -3.034343481063842773e+00
7.895000000000000000e+03 -3.062970876693725586e+00
7.896000000000000000e+03 -3.033130407333374023e+00
7.897000000000000000e+03 -3.081615209579467773e+00
7.898000000000000000e+03 -3.057940006256103516e+00
7.899000000000000000e+03 -3.079183816909790039e+00
7.900000000000000000e+03 -3.067112207412719727e+00
7.901000000000000000e+03 -3.027041912078857422e+00
7.902000000000000000e+03 -3.094764709472656250e+00
7.903000000000000000e+03 -3.064705848693847656e+00
7.904000000000000000e+03 -3.101148366928100586e+00
7.905000000000000000e+03 -3.151943270360128224e+00
7.906000000000000000e+03 -3.092787027359008789e+00
7.907000000000000000e+03 -3.089966058731079102e+00
7.908000000000000000e+03 -3.095767498016357422e+00
7.909000000000000000e+03 -3.086677312850952148e+00
7.910000000000000000e+03 -3.097534656524658203e+00
7.911000000000000000e+03 -3.079895973205566406e+00
7.912000000000000000e+03 -3.080164670944213867e+00
7.913000000000000000e+03 -3.058290004730224609e+00
7.914000000000000000e+03 -3.077800035476684570e+00
7.915000000000000000e+03 -3.066528797149658203e+00
7.916000000000000000e+03 -3.094161987304687500e+00
7.917000000000000000e+03 -3.081465482711791992e+00
7.918000000000000000e+03 -3.040227413177490234e+00
7.919000000000000000e+03 -3.029874324798583984e+00
7.920000000000000000e+03 -3.030477762222290039e+00
7.921000000000000000e+03 -3.049423456192016602e+00
7.922000000000000000e+03 -3.050208806991577148e+00
7.923000000000000000e+03 -3.036735534667968750e+00
7.924000000000000000e+03 -3.062632560729980469e+00
7.925000000000000000e+03 -3.028954744338989258e+00
7.926000000000000000e+03 -3.057748794555664062e+00
7.927000000000000000e+03 -3.056283712387084961e+00
7.928000000000000000e+03 -3.018404960632324219e+00
7.929000000000000000e+03 -3.041228055953979492e+00
7.930000000000000000e+03 -3.027980804443359375e+00
7.931000000000000000e+03 -3.011667490005493164e+00
7.932000000000000000e+03 -3.014708280563354492e+00
7.933000000000000000e+03 -3.017946720123291016e+00
7.934000000000000000e+03 -3.016517639160156250e+00
7.935000000000000000e+03 -3.047935962677001953e+00
7.936000000000000000e+03 -3.030475854873657227e+00
7.937000000000000000e+03 -3.032761096954345703e+00
7.938000000000000000e+03 -2.975885629653930664e+00
7.939000000000000000e+03 -3.052381038665771484e+00
7.940000000000000000e+03 -3.027357578277587891e+00
7.941000000000000000e+03 -3.058721303939819336e+00
7.942000000000000000e+03 -3.051956176757812500e+00
7.943000000000000000e+03 -3.093629598617553711e+00
7.944000000000000000e+03 -3.060519456863403320e+00
7.945000000000000000e+03 -3.058574676513671875e+00
7.946000000000000000e+03 -3.118345737457275391e+00
7.947000000000000000e+03 -3.075563907623291016e+00
7.948000000000000000e+03 -3.099963188171386719e+00
7.949000000000000000e+03 -3.087516307830810547e+00
7.950000000000000000e+03 -3.052696228027343750e+00
7.951000000000000000e+03 -3.040232658386230469e+00
7.952000000000000000e+03 -3.082140445709228516e+00
7.953000000000000000e+03 -3.055680990219116211e+00
7.954000000000000000e+03 -3.081936359405517578e+00
7.955000000000000000e+03 -3.094897747039794922e+00
7.956000000000000000e+03 -3.026246070861816406e+00
7.957000000000000000e+03 -3.068485975265502930e+00
7.958000000000000000e+03 -3.054532527923583984e+00
7.959000000000000000e+03 -3.061227083206176758e+00
7.960000000000000000e+03 -3.051819562911987305e+00
7.961000000000000000e+03 -3.065093040466308594e+00
7.962000000000000000e+03 -3.045944690704345703e+00
7.963000000000000000e+03 -3.069329500198364258e+00
7.964000000000000000e+03 -3.078717470169067383e+00
7.965000000000000000e+03 -3.073278665542602539e+00
7.966000000000000000e+03 -3.108185052871704102e+00
7.967000000000000000e+03 -3.119701623916625977e+00
7.968000000000000000e+03 -3.120996475219726562e+00
7.969000000000000000e+03 -3.116044521331787109e+00
7.970000000000000000e+03 -3.093288660049438477e+00
7.971000000000000000e+03 -3.059167623519897461e+00
7.972000000000000000e+03 -3.076028108596801758e+00
7.973000000000000000e+03 -3.059605121612548828e+00
7.974000000000000000e+03 -3.098211050033569336e+00
7.975000000000000000e+03 -3.065843820571899414e+00
7.976000000000000000e+03 -3.049673318862915039e+00
7.977000000000000000e+03 -3.070477485656738281e+00
7.978000000000000000e+03 -3.075119256973266602e+00
7.979000000000000000e+03 -3.076809406280517578e+00
7.980000000000000000e+03 -3.132748365402221680e+00
7.981000000000000000e+03 -3.142153326665059865e+00
7.982000000000000000e+03 -3.136472940444946289e+00
7.983000000000000000e+03 -3.113828897476196289e+00
7.984000000000000000e+03 -3.070377826690673828e+00
7.985000000000000000e+03 -3.121836662292480469e+00
7.986000000000000000e+03 -3.065730333328247070e+00
7.987000000000000000e+03 -3.094184398651123047e+00
7.988000000000000000e+03 -3.067003726959228516e+00
7.989000000000000000e+03 -3.097586154937744141e+00
7.990000000000000000e+03 -3.128462553024291992e+00
7.991000000000000000e+03 -3.100556850433349609e+00
7.992000000000000000e+03 -3.071825265884399414e+00
7.993000000000000000e+03 -3.076302051544189453e+00
7.994000000000000000e+03 -3.037353754043579102e+00
7.995000000000000000e+03 -3.041207313537597656e+00
7.996000000000000000e+03 -3.088841199874877930e+00
7.997000000000000000e+03 -3.066649913787841797e+00
7.998000000000000000e+03 -3.022159576416015625e+00
7.999000000000000000e+03 -2.991610288619995117e+00
8.000000000000000000e+03 -3.008636474609375000e+00
8.001000000000000000e+03 -3.028453111648559570e+00
8.002000000000000000e+03 -2.973742485046386719e+00
8.003000000000000000e+03 -2.965274572372436523e+00
8.004000000000000000e+03 -3.001500368118286133e+00
8.005000000000000000e+03 -2.992203950881958008e+00
8.006000000000000000e+03 -3.003038167953491211e+00
8.007000000000000000e+03 -3.035946369171142578e+00
8.008000000000000000e+03 -3.041719675064086914e+00
8.009000000000000000e+03 -3.032007932662963867e+00
8.010000000000000000e+03 -3.042666673660278320e+00
8.011000000000000000e+03 -3.039975166320800781e+00
8.012000000000000000e+03 -3.061213970184326172e+00
8.013000000000000000e+03 -3.068478107452392578e+00
8.014000000000000000e+03 -3.057715892791748047e+00
8.015000000000000000e+03 -3.012763261795043945e+00
8.016000000000000000e+03 -3.035214900970458984e+00
8.017000000000000000e+03 -3.008507728576660156e+00
8.018000000000000000e+03 -3.017488002777099609e+00
8.019000000000000000e+03 -2.987603425979614258e+00
8.020000000000000000e+03 -3.000360965728759766e+00
8.021000000000000000e+03 -3.052789688110351562e+00
8.022000000000000000e+03 -3.046931743621826172e+00
8.023000000000000000e+03 -3.013882875442504883e+00
8.024000000000000000e+03 -3.002223014831542969e+00
8.025000000000000000e+03 -2.969660043716430664e+00
8.026000000000000000e+03 -3.024053812026977539e+00
8.027000000000000000e+03 -3.017831325531005859e+00
8.028000000000000000e+03 -3.026033639907836914e+00
8.029000000000000000e+03 -3.002287626266479492e+00
8.030000000000000000e+03 -2.976430416107177734e+00
8.031000000000000000e+03 -2.994181632995605469e+00
8.032000000000000000e+03 -3.039211273193359375e+00
8.033000000000000000e+03 -3.048569202423095703e+00
8.034000000000000000e+03 -3.022820949554443359e+00
8.035000000000000000e+03 -3.059585809707641602e+00
8.036000000000000000e+03 -3.017995834350585938e+00
8.037000000000000000e+03 -3.047443389892578125e+00
8.038000000000000000e+03 -3.071280002593994141e+00
8.039000000000000000e+03 -3.069376468658447266e+00
8.040000000000000000e+03 -3.045120239257812500e+00
8.041000000000000000e+03 -3.043392419815063477e+00
8.042000000000000000e+03 -3.022399425506591797e+00
8.043000000000000000e+03 -2.989859342575073242e+00
8.044000000000000000e+03 -2.995795011520385742e+00
8.045000000000000000e+03 -2.998416900634765625e+00
8.046000000000000000e+03 -3.031843900680541992e+00
8.047000000000000000e+03 -3.021258354187011719e+00
8.048000000000000000e+03 -2.993396282196044922e+00
8.049000000000000000e+03 -2.994993925094604492e+00
8.050000000000000000e+03 -3.005393028259277344e+00
8.051000000000000000e+03 -3.026414155960083008e+00
8.052000000000000000e+03 -3.004230737686157227e+00
8.053000000000000000e+03 -3.021440505981445312e+00
8.054000000000000000e+03 -3.004583358764648438e+00
8.055000000000000000e+03 -3.017300128936767578e+00
8.056000000000000000e+03 -3.000507354736328125e+00
8.057000000000000000e+03 -2.985350370407104492e+00
8.058000000000000000e+03 -2.966318368911743164e+00
8.059000000000000000e+03 -3.018323421478271484e+00
8.060000000000000000e+03 -2.993097543716430664e+00
8.061000000000000000e+03 -3.029317378997802734e+00
8.062000000000000000e+03 -3.009619712829589844e+00
8.063000000000000000e+03 -3.031078577041625977e+00
8.064000000000000000e+03 -3.042806148529052734e+00
8.065000000000000000e+03 -3.083179950714111328e+00
8.066000000000000000e+03 -3.050148963928222656e+00
8.067000000000000000e+03 -3.069236755371093750e+00
8.068000000000000000e+03 -3.059089899063110352e+00
8.069000000000000000e+03 -3.058859586715698242e+00
8.070000000000000000e+03 -3.061393976211547852e+00
8.071000000000000000e+03 -3.002153396606445312e+00
8.072000000000000000e+03 -3.002350330352783203e+00
8.073000000000000000e+03 -2.968838214874267578e+00
8.074000000000000000e+03 -2.985348463058471680e+00
8.075000000000000000e+03 -2.965878725051879883e+00
8.076000000000000000e+03 -3.020385980606079102e+00
8.077000000000000000e+03 -3.026394844055175781e+00
8.078000000000000000e+03 -3.036980390548706055e+00
8.079000000000000000e+03 -3.058377981185913086e+00
8.080000000000000000e+03 -3.063374042510986328e+00
8.081000000000000000e+03 -3.045458316802978516e+00
8.082000000000000000e+03 -3.081448316574096680e+00
8.083000000000000000e+03 -3.075033903121948242e+00
8.084000000000000000e+03 -3.007447719573974609e+00
8.085000000000000000e+03 -3.017413377761840820e+00
8.086000000000000000e+03 -3.048931837081909180e+00
8.087000000000000000e+03 -3.062156677246093750e+00
8.088000000000000000e+03 -3.053124666213989258e+00
8.089000000000000000e+03 -3.028095006942749023e+00
8.090000000000000000e+03 -3.067366123199462891e+00
8.091000000000000000e+03 -3.102452039718627930e+00
8.092000000000000000e+03 -3.116462707519531250e+00
8.093000000000000000e+03 -3.145565096532003224e+00
8.094000000000000000e+03 -3.156355206166402638e+00
8.095000000000000000e+03 -3.061980009078979492e+00
8.096000000000000000e+03 -3.087009906768798828e+00
8.097000000000000000e+03 -3.069129228591918945e+00
8.098000000000000000e+03 -3.072509527206420898e+00
8.099000000000000000e+03 -3.111708402633666992e+00
8.100000000000000000e+03 -3.106737852096557617e+00
8.101000000000000000e+03 -3.105985403060913086e+00
8.102000000000000000e+03 -3.100633382797241211e+00
8.103000000000000000e+03 -3.116917133331298828e+00
8.104000000000000000e+03 -3.117800235748291016e+00
8.105000000000000000e+03 -3.123093366622924805e+00
8.106000000000000000e+03 -3.105311155319213867e+00
8.107000000000000000e+03 -3.104592323303222656e+00
8.108000000000000000e+03 -3.118648529052734375e+00
8.109000000000000000e+03 -3.099221944808959961e+00
8.110000000000000000e+03 -3.104275226593017578e+00
8.111000000000000000e+03 -3.108788728713989258e+00
8.112000000000000000e+03 -3.115077733993530273e+00
8.113000000000000000e+03 -3.115289926528930664e+00
8.114000000000000000e+03 -3.122590303421020508e+00
8.115000000000000000e+03 -3.157311741505758107e+00
8.116000000000000000e+03 -3.095276355743408203e+00
8.117000000000000000e+03 -3.104688405990600586e+00
8.118000000000000000e+03 -3.097526311874389648e+00
8.119000000000000000e+03 -3.132882118225097656e+00
8.120000000000000000e+03 -3.111120700836181641e+00
8.121000000000000000e+03 -3.118089914321899414e+00
8.122000000000000000e+03 -3.123567104339599609e+00
8.123000000000000000e+03 -3.103269100189208984e+00
8.124000000000000000e+03 -3.087622165679931641e+00
8.125000000000000000e+03 -3.096572399139404297e+00
8.126000000000000000e+03 -3.127647161483764648e+00
8.127000000000000000e+03 -3.105444431304931641e+00
8.128000000000000000e+03 -3.126260280609130859e+00
8.129000000000000000e+03 -3.130792379379272461e+00
8.130000000000000000e+03 -3.096992492675781250e+00
8.131000000000000000e+03 -3.065406322479248047e+00
8.132000000000000000e+03 -3.064993619918823242e+00
8.133000000000000000e+03 -3.066436767578125000e+00
8.134000000000000000e+03 -3.090508460998535156e+00
8.135000000000000000e+03 -3.120486736297607422e+00
8.136000000000000000e+03 -3.091650724411010742e+00
8.137000000000000000e+03 -3.067376136779785156e+00
8.138000000000000000e+03 -3.099296808242797852e+00
8.139000000000000000e+03 -3.061833858489990234e+00
8.140000000000000000e+03 -3.062863349914550781e+00
8.141000000000000000e+03 -3.112681150436401367e+00
8.142000000000000000e+03 -3.084406375885009766e+00
8.143000000000000000e+03 -3.108821153640747070e+00
8.144000000000000000e+03 -3.078403472900390625e+00
8.145000000000000000e+03 -3.095460176467895508e+00
8.146000000000000000e+03 -3.107971429824829102e+00
8.147000000000000000e+03 -3.074788093566894531e+00
8.148000000000000000e+03 -3.095294713973999023e+00
8.149000000000000000e+03 -3.056864261627197266e+00
8.150000000000000000e+03 -3.072235107421875000e+00
8.151000000000000000e+03 -3.054564476013183594e+00
8.152000000000000000e+03 -3.104202747344970703e+00
8.153000000000000000e+03 -3.128223419189453125e+00
8.154000000000000000e+03 -3.082318544387817383e+00
8.155000000000000000e+03 -3.079243421554565430e+00
8.156000000000000000e+03 -3.078417778015136719e+00
8.157000000000000000e+03 -3.085200309753417969e+00
8.158000000000000000e+03 -3.072583198547363281e+00
8.159000000000000000e+03 -3.044934749603271484e+00
8.160000000000000000e+03 -3.077119350433349609e+00
8.161000000000000000e+03 -3.086641550064086914e+00
8.162000000000000000e+03 -3.060082435607910156e+00
8.163000000000000000e+03 -3.079227447509765625e+00
8.164000000000000000e+03 -3.122041463851928711e+00
8.165000000000000000e+03 -3.078850030899047852e+00
8.166000000000000000e+03 -3.128552675247192383e+00
8.167000000000000000e+03 -3.096537828445434570e+00
8.168000000000000000e+03 -3.064802408218383789e+00
8.169000000000000000e+03 -3.060672760009765625e+00
8.170000000000000000e+03 -3.051303863525390625e+00
8.171000000000000000e+03 -3.042540311813354492e+00
8.172000000000000000e+03 -3.041533231735229492e+00
8.173000000000000000e+03 -3.047297716140747070e+00
8.174000000000000000e+03 -3.046252012252807617e+00
8.175000000000000000e+03 -3.003980636596679688e+00
8.176000000000000000e+03 -3.057505369186401367e+00
8.177000000000000000e+03 -3.009663581848144531e+00
8.178000000000000000e+03 -3.038902521133422852e+00
8.179000000000000000e+03 -3.005743265151977539e+00
8.180000000000000000e+03 -2.992372035980224609e+00
8.181000000000000000e+03 -3.018168926239013672e+00
8.182000000000000000e+03 -3.037015199661254883e+00
8.183000000000000000e+03 -3.051469087600708008e+00
8.184000000000000000e+03 -3.076895713806152344e+00
8.185000000000000000e+03 -3.067810535430908203e+00
8.186000000000000000e+03 -3.063747882843017578e+00
8.187000000000000000e+03 -3.101347923278808594e+00
8.188000000000000000e+03 -3.069396734237670898e+00
8.189000000000000000e+03 -3.099448442459106445e+00
8.190000000000000000e+03 -3.089965105056762695e+00
8.191000000000000000e+03 -3.080289363861083984e+00
8.192000000000000000e+03 -3.111294031143188477e+00
8.193000000000000000e+03 -3.097452640533447266e+00
8.194000000000000000e+03 -3.084559202194213867e+00
8.195000000000000000e+03 -3.028019905090332031e+00
8.196000000000000000e+03 -3.063250064849853516e+00
8.197000000000000000e+03 -3.063116550445556641e+00
8.198000000000000000e+03 -3.045762300491333008e+00
8.199000000000000000e+03 -3.052494525909423828e+00
8.200000000000000000e+03 -3.036460876464843750e+00
8.201000000000000000e+03 -2.970646142959594727e+00
8.202000000000000000e+03 -3.017727851867675781e+00
8.203000000000000000e+03 -2.994421720504760742e+00
8.204000000000000000e+03 -2.989367961883544922e+00
8.205000000000000000e+03 -2.980107069015502930e+00
8.206000000000000000e+03 -3.029473066329956055e+00
8.207000000000000000e+03 -3.016546487808227539e+00
8.208000000000000000e+03 -3.055548429489135742e+00
8.209000000000000000e+03 -3.083244800567626953e+00
8.210000000000000000e+03 -3.088671445846557617e+00
8.211000000000000000e+03 -3.074071168899536133e+00
8.212000000000000000e+03 -3.075952291488647461e+00
8.213000000000000000e+03 -3.108549594879150391e+00
8.214000000000000000e+03 -3.076867103576660156e+00
8.215000000000000000e+03 -3.049358606338500977e+00
8.216000000000000000e+03 -3.043918848037719727e+00
8.217000000000000000e+03 -3.049215078353881836e+00
8.218000000000000000e+03 -3.060737133026123047e+00
8.219000000000000000e+03 -3.022801399230957031e+00
8.220000000000000000e+03 -3.037335872650146484e+00
8.221000000000000000e+03 -3.067519426345825195e+00
8.222000000000000000e+03 -2.999871015548706055e+00
8.223000000000000000e+03 -2.994853496551513672e+00
8.224000000000000000e+03 -3.039511203765869141e+00
8.225000000000000000e+03 -3.013702869415283203e+00
8.226000000000000000e+03 -3.006081104278564453e+00
8.227000000000000000e+03 -2.993038415908813477e+00
8.228000000000000000e+03 -3.005659341812133789e+00
8.229000000000000000e+03 -3.042472124099731445e+00
8.230000000000000000e+03 -3.023274898529052734e+00
8.231000000000000000e+03 -3.035062074661254883e+00
8.232000000000000000e+03 -3.034581184387207031e+00
8.233000000000000000e+03 -2.987845659255981445e+00
8.234000000000000000e+03 -3.033813714981079102e+00
8.235000000000000000e+03 -3.037046194076538086e+00
8.236000000000000000e+03 -3.016240835189819336e+00
8.237000000000000000e+03 -3.017623186111450195e+00
8.238000000000000000e+03 -3.025698423385620117e+00
8.239000000000000000e+03 -3.071765661239624023e+00
8.240000000000000000e+03 -3.108036756515502930e+00
8.241000000000000000e+03 -3.105437517166137695e+00
8.242000000000000000e+03 -3.087556600570678711e+00
8.243000000000000000e+03 -3.123790740966796875e+00
8.244000000000000000e+03 -3.112107753753662109e+00
8.245000000000000000e+03 -3.128285884857177734e+00
8.246000000000000000e+03 -3.138895750045776367e+00
8.247000000000000000e+03 -3.130011796951293945e+00
8.248000000000000000e+03 -3.134999036788940430e+00
8.249000000000000000e+03 -3.122621774673461914e+00
8.250000000000000000e+03 -3.144948069249288380e+00
8.251000000000000000e+03 -3.118031978607177734e+00
8.252000000000000000e+03 -3.121001482009887695e+00
8.253000000000000000e+03 -3.094053506851196289e+00
8.254000000000000000e+03 -3.092975854873657227e+00
8.255000000000000000e+03 -3.105644226074218750e+00
8.256000000000000000e+03 -3.097689867019653320e+00
8.257000000000000000e+03 -3.095115661621093750e+00
8.258000000000000000e+03 -3.131568193435668945e+00
8.259000000000000000e+03 -3.125473976135253906e+00
8.260000000000000000e+03 -3.130037546157836914e+00
8.261000000000000000e+03 -3.135273218154907227e+00
8.262000000000000000e+03 -3.119632959365844727e+00
8.263000000000000000e+03 -3.150437895451680959e+00
8.264000000000000000e+03 -3.162424389516012013e+00
8.265000000000000000e+03 -3.147310797368184865e+00
8.266000000000000000e+03 -3.071841478347778320e+00
8.267000000000000000e+03 -3.083086252212524414e+00
8.268000000000000000e+03 -3.116225004196166992e+00
8.269000000000000000e+03 -3.125662326812744141e+00
8.270000000000000000e+03 -3.121385097503662109e+00
8.271000000000000000e+03 -3.088974952697753906e+00
8.272000000000000000e+03 -3.063308715820312500e+00
8.273000000000000000e+03 -3.126827478408813477e+00
8.274000000000000000e+03 -3.070102453231811523e+00
8.275000000000000000e+03 -3.051150798797607422e+00
8.276000000000000000e+03 -3.070373773574829102e+00
8.277000000000000000e+03 -3.078193426132202148e+00
8.278000000000000000e+03 -3.053121328353881836e+00
8.279000000000000000e+03 -3.044793844223022461e+00
8.280000000000000000e+03 -3.083621978759765625e+00
8.281000000000000000e+03 -3.065224647521972656e+00
8.282000000000000000e+03 -3.056124210357666016e+00
8.283000000000000000e+03 -3.059844255447387695e+00
8.284000000000000000e+03 -3.094414949417114258e+00
8.285000000000000000e+03 -3.099860191345214844e+00
8.286000000000000000e+03 -3.057147502899169922e+00
8.287000000000000000e+03 -3.081269979476928711e+00
8.288000000000000000e+03 -3.055766820907592773e+00
8.289000000000000000e+03 -3.098585367202758789e+00
8.290000000000000000e+03 -3.103261709213256836e+00
8.291000000000000000e+03 -3.081725835800170898e+00
8.292000000000000000e+03 -3.047359943389892578e+00
8.293000000000000000e+03 -3.065972328186035156e+00
8.294000000000000000e+03 -3.076606273651123047e+00
8.295000000000000000e+03 -3.045956611633300781e+00
8.296000000000000000e+03 -3.041756868362426758e+00
8.297000000000000000e+03 -3.049468278884887695e+00
8.298000000000000000e+03 -3.030434370040893555e+00
8.299000000000000000e+03 -3.050584316253662109e+00
8.300000000000000000e+03 -3.059978008270263672e+00
8.301000000000000000e+03 -3.066765785217285156e+00
8.302000000000000000e+03 -3.087960004806518555e+00
8.303000000000000000e+03 -3.107204198837280273e+00
8.304000000000000000e+03 -3.136483430862426758e+00
8.305000000000000000e+03 -3.075667619705200195e+00
8.306000000000000000e+03 -3.057714462280273438e+00
8.307000000000000000e+03 -3.117748975753784180e+00
8.308000000000000000e+03 -3.083077192306518555e+00
8.309000000000000000e+03 -3.060851812362670898e+00
8.310000000000000000e+03 -3.061935186386108398e+00
8.311000000000000000e+03 -3.074299812316894531e+00
8.312000000000000000e+03 -3.091833591461181641e+00
8.313000000000000000e+03 -3.017312765121459961e+00
8.314000000000000000e+03 -3.046269416809082031e+00
8.315000000000000000e+03 -3.034652233123779297e+00
8.316000000000000000e+03 -3.096812248229980469e+00
8.317000000000000000e+03 -3.059786319732666016e+00
8.318000000000000000e+03 -3.055143117904663086e+00
8.319000000000000000e+03 -3.065783739089965820e+00
8.320000000000000000e+03 -3.081834316253662109e+00
8.321000000000000000e+03 -3.054668903350830078e+00
8.322000000000000000e+03 -3.046808242797851562e+00
8.323000000000000000e+03 -3.108460664749145508e+00
8.324000000000000000e+03 -3.083480596542358398e+00
8.325000000000000000e+03 -3.084592342376708984e+00
8.326000000000000000e+03 -3.071320772171020508e+00
8.327000000000000000e+03 -3.080209493637084961e+00
8.328000000000000000e+03 -3.030769348144531250e+00
8.329000000000000000e+03 -3.082586765289306641e+00
8.330000000000000000e+03 -3.069235086441040039e+00
8.331000000000000000e+03 -3.018311023712158203e+00
8.332000000000000000e+03 -3.048019886016845703e+00
8.333000000000000000e+03 -3.093662023544311523e+00
8.334000000000000000e+03 -3.066796779632568359e+00
8.335000000000000000e+03 -3.030408382415771484e+00
8.336000000000000000e+03 -3.073324918746948242e+00
8.337000000000000000e+03 -3.056485414505004883e+00
8.338000000000000000e+03 -3.085732221603393555e+00
8.339000000000000000e+03 -3.052322626113891602e+00
8.340000000000000000e+03 -3.013884305953979492e+00
8.341000000000000000e+03 -3.078724622726440430e+00
8.342000000000000000e+03 -3.037407398223876953e+00
8.343000000000000000e+03 -2.996854305267333984e+00
8.344000000000000000e+03 -3.056839227676391602e+00
8.345000000000000000e+03 -3.056436538696289062e+00
8.346000000000000000e+03 -3.043947458267211914e+00
8.347000000000000000e+03 -3.119852066040039062e+00
8.348000000000000000e+03 -3.099943637847900391e+00
8.349000000000000000e+03 -3.065404176712036133e+00
8.350000000000000000e+03 -3.043015241622924805e+00
8.351000000000000000e+03 -3.043258190155029297e+00
8.352000000000000000e+03 -3.085756301879882812e+00
8.353000000000000000e+03 -3.049492835998535156e+00
8.354000000000000000e+03 -3.077409505844116211e+00
8.355000000000000000e+03 -3.042625427246093750e+00
8.356000000000000000e+03 -3.052831411361694336e+00
8.357000000000000000e+03 -3.082569599151611328e+00
8.358000000000000000e+03 -3.046175241470336914e+00
8.359000000000000000e+03 -3.042600870132446289e+00
8.360000000000000000e+03 -3.061084270477294922e+00
8.361000000000000000e+03 -3.057794094085693359e+00
8.362000000000000000e+03 -3.076348304748535156e+00
8.363000000000000000e+03 -3.026746034622192383e+00
8.364000000000000000e+03 -3.086849689483642578e+00
8.365000000000000000e+03 -3.062102317810058594e+00
8.366000000000000000e+03 -3.030034542083740234e+00
8.367000000000000000e+03 -3.079222440719604492e+00
8.368000000000000000e+03 -3.066035747528076172e+00
8.369000000000000000e+03 -3.060900449752807617e+00
8.370000000000000000e+03 -3.010743618011474609e+00
8.371000000000000000e+03 -3.031337261199951172e+00
8.372000000000000000e+03 -3.025271892547607422e+00
8.373000000000000000e+03 -3.008761405944824219e+00
8.374000000000000000e+03 -3.063518524169921875e+00
8.375000000000000000e+03 -3.029920101165771484e+00
8.376000000000000000e+03 -3.047139406204223633e+00
8.377000000000000000e+03 -3.049071788787841797e+00
8.378000000000000000e+03 -3.076203346252441406e+00
8.379000000000000000e+03 -3.063289403915405273e+00
8.380000000000000000e+03 -3.044696807861328125e+00
8.381000000000000000e+03 -2.982414722442626953e+00
8.382000000000000000e+03 -2.985565662384033203e+00
8.383000000000000000e+03 -2.984696626663208008e+00
8.384000000000000000e+03 -2.995530128479003906e+00
8.385000000000000000e+03 -3.003688573837280273e+00
8.386000000000000000e+03 -3.026263236999511719e+00
8.387000000000000000e+03 -3.029719352722167969e+00
8.388000000000000000e+03 -2.991436004638671875e+00
8.389000000000000000e+03 -2.982663631439208984e+00
8.390000000000000000e+03 -3.002896785736083984e+00
8.391000000000000000e+03 -3.004859447479248047e+00
8.392000000000000000e+03 -3.032305955886840820e+00
8.393000000000000000e+03 -2.997085571289062500e+00
8.394000000000000000e+03 -3.009345531463623047e+00
8.395000000000000000e+03 -2.971262454986572266e+00
8.396000000000000000e+03 -2.999521017074584961e+00
8.397000000000000000e+03 -2.994095563888549805e+00
8.398000000000000000e+03 -2.964190006256103516e+00
8.399000000000000000e+03 -2.997369050979614258e+00
8.400000000000000000e+03 -2.960570812225341797e+00
8.401000000000000000e+03 -2.978454589843750000e+00
8.402000000000000000e+03 -2.963557004928588867e+00
8.403000000000000000e+03 -2.960233449935913086e+00
8.404000000000000000e+03 -3.007972240447998047e+00
8.405000000000000000e+03 -2.982789278030395508e+00
8.406000000000000000e+03 -2.933995723724365234e+00
8.407000000000000000e+03 -2.974949836730957031e+00
8.408000000000000000e+03 -2.987385511398315430e+00
8.409000000000000000e+03 -2.978803634643554688e+00
8.410000000000000000e+03 -2.996423959732055664e+00
8.411000000000000000e+03 -3.015325546264648438e+00
8.412000000000000000e+03 -2.963851451873779297e+00
8.413000000000000000e+03 -3.004981517791748047e+00
8.414000000000000000e+03 -2.977951288223266602e+00
8.415000000000000000e+03 -2.935802221298217773e+00
8.416000000000000000e+03 -2.970382690429687500e+00
8.417000000000000000e+03 -2.989644050598144531e+00
8.418000000000000000e+03 -3.003549814224243164e+00
8.419000000000000000e+03 -2.990562915802001953e+00
8.420000000000000000e+03 -2.955313682556152344e+00
8.421000000000000000e+03 -2.972976446151733398e+00
8.422000000000000000e+03 -2.970273017883300781e+00
8.423000000000000000e+03 -2.969155311584472656e+00
8.424000000000000000e+03 -2.976605176925659180e+00
8.425000000000000000e+03 -2.948411464691162109e+00
8.426000000000000000e+03 -2.969048261642456055e+00
8.427000000000000000e+03 -2.994948148727416992e+00
8.428000000000000000e+03 -3.012162208557128906e+00
8.429000000000000000e+03 -2.965596675872802734e+00
8.430000000000000000e+03 -3.006672143936157227e+00
8.431000000000000000e+03 -3.010400295257568359e+00
8.432000000000000000e+03 -3.014520406723022461e+00
8.433000000000000000e+03 -3.039861917495727539e+00
8.434000000000000000e+03 -3.002860307693481445e+00
8.435000000000000000e+03 -3.044392108917236328e+00
8.436000000000000000e+03 -3.056848526000976562e+00
8.437000000000000000e+03 -3.039530992507934570e+00
8.438000000000000000e+03 -3.086757183074951172e+00
8.439000000000000000e+03 -3.046761035919189453e+00
8.440000000000000000e+03 -3.056272745132446289e+00
8.441000000000000000e+03 -3.019834041595458984e+00
8.442000000000000000e+03 -2.977939367294311523e+00
8.443000000000000000e+03 -2.955896854400634766e+00
8.444000000000000000e+03 -3.032721042633056641e+00
8.445000000000000000e+03 -3.005943536758422852e+00
8.446000000000000000e+03 -3.027568340301513672e+00
8.447000000000000000e+03 -3.005558729171752930e+00
8.448000000000000000e+03 -2.982962846755981445e+00
8.449000000000000000e+03 -3.026484727859497070e+00
8.450000000000000000e+03 -3.044106721878051758e+00
8.451000000000000000e+03 -3.046086311340332031e+00
8.452000000000000000e+03 -3.069624900817871094e+00
8.453000000000000000e+03 -3.007532835006713867e+00
8.454000000000000000e+03 -2.985460758209228516e+00
8.455000000000000000e+03 -3.003938913345336914e+00
8.456000000000000000e+03 -3.022916316986083984e+00
8.457000000000000000e+03 -3.051702976226806641e+00
8.458000000000000000e+03 -3.054445266723632812e+00
8.459000000000000000e+03 -3.038125276565551758e+00
8.460000000000000000e+03 -3.037078619003295898e+00
8.461000000000000000e+03 -3.013782262802124023e+00
8.462000000000000000e+03 -3.031714439392089844e+00
8.463000000000000000e+03 -3.020733356475830078e+00
8.464000000000000000e+03 -3.006139039993286133e+00
8.465000000000000000e+03 -3.005043745040893555e+00
8.466000000000000000e+03 -3.007723093032836914e+00
8.467000000000000000e+03 -3.031374216079711914e+00
8.468000000000000000e+03 -3.024563074111938477e+00
8.469000000000000000e+03 -3.064929723739624023e+00
8.470000000000000000e+03 -3.055485010147094727e+00
8.471000000000000000e+03 -3.028499841690063477e+00
8.472000000000000000e+03 -3.024885892868041992e+00
8.473000000000000000e+03 -3.057975292205810547e+00
8.474000000000000000e+03 -3.045072317123413086e+00
8.475000000000000000e+03 -3.018339157104492188e+00
8.476000000000000000e+03 -3.031707525253295898e+00
8.477000000000000000e+03 -3.013841152191162109e+00
8.478000000000000000e+03 -2.980969667434692383e+00
8.479000000000000000e+03 -2.997483968734741211e+00
8.480000000000000000e+03 -3.014774799346923828e+00
8.481000000000000000e+03 -3.002794265747070312e+00
8.482000000000000000e+03 -3.022508859634399414e+00
8.483000000000000000e+03 -3.011717319488525391e+00
8.484000000000000000e+03 -3.025631666183471680e+00
8.485000000000000000e+03 -3.026906490325927734e+00
8.486000000000000000e+03 -2.983883142471313477e+00
8.487000000000000000e+03 -2.990001201629638672e+00
8.488000000000000000e+03 -2.998530626296997070e+00
8.489000000000000000e+03 -3.017637968063354492e+00
8.490000000000000000e+03 -3.009222984313964844e+00
8.491000000000000000e+03 -3.069175720214843750e+00
8.492000000000000000e+03 -3.047908067703247070e+00
8.493000000000000000e+03 -3.033935546875000000e+00
8.494000000000000000e+03 -3.036718606948852539e+00
8.495000000000000000e+03 -3.037597894668579102e+00
8.496000000000000000e+03 -3.022336721420288086e+00
8.497000000000000000e+03 -3.022703409194946289e+00
8.498000000000000000e+03 -3.057210683822631836e+00
8.499000000000000000e+03 -3.044927835464477539e+00
8.500000000000000000e+03 -3.037672758102416992e+00
8.501000000000000000e+03 -3.031801939010620117e+00
8.502000000000000000e+03 -3.074491262435913086e+00
8.503000000000000000e+03 -3.020819902420043945e+00
8.504000000000000000e+03 -3.033905506134033203e+00
8.505000000000000000e+03 -3.011201858520507812e+00
8.506000000000000000e+03 -3.090155601501464844e+00
8.507000000000000000e+03 -3.054553508758544922e+00
8.508000000000000000e+03 -3.079749584197998047e+00
8.509000000000000000e+03 -3.013343334197998047e+00
8.510000000000000000e+03 -3.045935630798339844e+00
8.511000000000000000e+03 -2.968809604644775391e+00
8.512000000000000000e+03 -2.997351646423339844e+00
8.513000000000000000e+03 -3.022995471954345703e+00
8.514000000000000000e+03 -3.021616458892822266e+00
8.515000000000000000e+03 -2.998691320419311523e+00
8.516000000000000000e+03 -2.997711420059204102e+00
8.517000000000000000e+03 -3.043736696243286133e+00
8.518000000000000000e+03 -3.018570661544799805e+00
8.519000000000000000e+03 -2.999270439147949219e+00
8.520000000000000000e+03 -3.031500577926635742e+00
8.521000000000000000e+03 -3.040421962738037109e+00
8.522000000000000000e+03 -3.015402793884277344e+00
8.523000000000000000e+03 -2.994759321212768555e+00
8.524000000000000000e+03 -3.014129161834716797e+00
8.525000000000000000e+03 -3.000061988830566406e+00
8.526000000000000000e+03 -3.023670196533203125e+00
8.527000000000000000e+03 -2.992290735244750977e+00
8.528000000000000000e+03 -2.985314607620239258e+00
8.529000000000000000e+03 -3.014990806579589844e+00
8.530000000000000000e+03 -3.051688909530639648e+00
8.531000000000000000e+03 -3.014907121658325195e+00
8.532000000000000000e+03 -3.058525562286376953e+00
8.533000000000000000e+03 -3.021918058395385742e+00
8.534000000000000000e+03 -3.054752826690673828e+00
8.535000000000000000e+03 -3.030496597290039062e+00
8.536000000000000000e+03 -3.053488969802856445e+00
8.537000000000000000e+03 -3.016424417495727539e+00
8.538000000000000000e+03 -3.034425497055053711e+00
8.539000000000000000e+03 -3.053902387619018555e+00
8.540000000000000000e+03 -3.039791107177734375e+00
8.541000000000000000e+03 -3.058119058609008789e+00
8.542000000000000000e+03 -3.005318880081176758e+00
8.543000000000000000e+03 -2.981912136077880859e+00
8.544000000000000000e+03 -3.000689268112182617e+00
8.545000000000000000e+03 -2.975584506988525391e+00
8.546000000000000000e+03 -3.035059928894042969e+00
8.547000000000000000e+03 -3.047758579254150391e+00
8.548000000000000000e+03 -3.035183906555175781e+00
8.549000000000000000e+03 -3.046314954757690430e+00
8.550000000000000000e+03 -3.053129196166992188e+00
8.551000000000000000e+03 -3.044102907180786133e+00
8.552000000000000000e+03 -3.078229904174804688e+00
8.553000000000000000e+03 -3.072769880294799805e+00
8.554000000000000000e+03 -3.029163837432861328e+00
8.555000000000000000e+03 -3.050994396209716797e+00
8.556000000000000000e+03 -2.997646570205688477e+00
8.557000000000000000e+03 -2.963140726089477539e+00
8.558000000000000000e+03 -3.035529613494873047e+00
8.559000000000000000e+03 -3.031255722045898438e+00
8.560000000000000000e+03 -3.022855997085571289e+00
8.561000000000000000e+03 -3.003365993499755859e+00
8.562000000000000000e+03 -3.004930734634399414e+00
8.563000000000000000e+03 -3.023238658905029297e+00
8.564000000000000000e+03 -2.998606443405151367e+00
8.565000000000000000e+03 -3.040918588638305664e+00
8.566000000000000000e+03 -3.057983875274658203e+00
8.567000000000000000e+03 -3.017411708831787109e+00
8.568000000000000000e+03 -3.021156311035156250e+00
8.569000000000000000e+03 -3.073912382125854492e+00
8.570000000000000000e+03 -3.004899263381958008e+00
8.571000000000000000e+03 -3.041449546813964844e+00
8.572000000000000000e+03 -3.051893472671508789e+00
8.573000000000000000e+03 -3.050637006759643555e+00
8.574000000000000000e+03 -3.065605163574218750e+00
8.575000000000000000e+03 -3.062207698822021484e+00
8.576000000000000000e+03 -3.051643371582031250e+00
8.577000000000000000e+03 -3.050982475280761719e+00
8.578000000000000000e+03 -3.089974641799926758e+00
8.579000000000000000e+03 -3.028424501419067383e+00
8.580000000000000000e+03 -3.098603248596191406e+00
8.581000000000000000e+03 -3.084069967269897461e+00
8.582000000000000000e+03 -3.098090410232543945e+00
8.583000000000000000e+03 -3.100858688354492188e+00
8.584000000000000000e+03 -3.072250604629516602e+00
8.585000000000000000e+03 -3.066056489944458008e+00
8.586000000000000000e+03 -3.063992977142333984e+00
8.587000000000000000e+03 -3.069241762161254883e+00
8.588000000000000000e+03 -3.052963972091674805e+00
8.589000000000000000e+03 -3.044608592987060547e+00
8.590000000000000000e+03 -3.057743549346923828e+00
8.591000000000000000e+03 -3.117473602294921875e+00
8.592000000000000000e+03 -3.115872621536254883e+00
8.593000000000000000e+03 -3.121191501617431641e+00
8.594000000000000000e+03 -3.106895446777343750e+00
8.595000000000000000e+03 -3.103941202163696289e+00
8.596000000000000000e+03 -3.100660800933837891e+00
8.597000000000000000e+03 -3.070772171020507812e+00
8.598000000000000000e+03 -3.032796859741210938e+00
8.599000000000000000e+03 -3.063342094421386719e+00
8.600000000000000000e+03 -3.079803228378295898e+00
8.601000000000000000e+03 -3.075491666793823242e+00
8.602000000000000000e+03 -3.071084260940551758e+00
8.603000000000000000e+03 -3.066973209381103516e+00
8.604000000000000000e+03 -3.073783636093139648e+00
8.605000000000000000e+03 -3.103668689727783203e+00
8.606000000000000000e+03 -3.116077661514282227e+00
8.607000000000000000e+03 -3.091151952743530273e+00
8.608000000000000000e+03 -3.063857078552246094e+00
8.609000000000000000e+03 -3.047970533370971680e+00
8.610000000000000000e+03 -3.069696903228759766e+00
8.611000000000000000e+03 -3.052432060241699219e+00
8.612000000000000000e+03 -3.029850244522094727e+00
8.613000000000000000e+03 -3.043030977249145508e+00
8.614000000000000000e+03 -3.036436080932617188e+00
8.615000000000000000e+03 -3.030656337738037109e+00
8.616000000000000000e+03 -3.044438600540161133e+00
8.617000000000000000e+03 -3.053741693496704102e+00
8.618000000000000000e+03 -3.078714370727539062e+00
8.619000000000000000e+03 -3.042863130569458008e+00
8.620000000000000000e+03 -3.034688949584960938e+00
8.621000000000000000e+03 -3.048409461975097656e+00
8.622000000000000000e+03 -3.032336235046386719e+00
8.623000000000000000e+03 -3.052030563354492188e+00
8.624000000000000000e+03 -3.047206401824951172e+00
8.625000000000000000e+03 -3.018691539764404297e+00
8.626000000000000000e+03 -2.967557430267333984e+00
8.627000000000000000e+03 -2.960185050964355469e+00
8.628000000000000000e+03 -3.030136108398437500e+00
8.629000000000000000e+03 -3.028295755386352539e+00
8.630000000000000000e+03 -3.018925189971923828e+00
8.631000000000000000e+03 -3.077756643295288086e+00
8.632000000000000000e+03 -3.026746511459350586e+00
8.633000000000000000e+03 -3.020093441009521484e+00
8.634000000000000000e+03 -3.034956693649291992e+00
8.635000000000000000e+03 -3.012358665466308594e+00
8.636000000000000000e+03 -3.016171216964721680e+00
8.637000000000000000e+03 -3.011039733886718750e+00
8.638000000000000000e+03 -3.016857862472534180e+00
8.639000000000000000e+03 -2.992490768432617188e+00
8.640000000000000000e+03 -3.007325172424316406e+00
8.641000000000000000e+03 -3.004653930664062500e+00
8.642000000000000000e+03 -3.027769804000854492e+00
8.643000000000000000e+03 -3.025109529495239258e+00
8.644000000000000000e+03 -3.056173801422119141e+00
8.645000000000000000e+03 -3.012389659881591797e+00
8.646000000000000000e+03 -2.981488943099975586e+00
8.647000000000000000e+03 -3.011587858200073242e+00
8.648000000000000000e+03 -3.030302286148071289e+00
8.649000000000000000e+03 -2.994748353958129883e+00
8.650000000000000000e+03 -2.992869377136230469e+00
8.651000000000000000e+03 -3.014195680618286133e+00
8.652000000000000000e+03 -3.009354829788208008e+00
8.653000000000000000e+03 -2.987950801849365234e+00
8.654000000000000000e+03 -3.002937316894531250e+00
8.655000000000000000e+03 -2.962824821472167969e+00
8.656000000000000000e+03 -2.977585315704345703e+00
8.657000000000000000e+03 -3.019234657287597656e+00
8.658000000000000000e+03 -2.957561969757080078e+00
8.659000000000000000e+03 -2.964425325393676758e+00
8.660000000000000000e+03 -3.008145093917846680e+00
8.661000000000000000e+03 -2.978660345077514648e+00
8.662000000000000000e+03 -2.988772869110107422e+00
8.663000000000000000e+03 -2.990806341171264648e+00
8.664000000000000000e+03 -3.009032726287841797e+00
8.665000000000000000e+03 -2.981252908706665039e+00
8.666000000000000000e+03 -2.998349666595458984e+00
8.667000000000000000e+03 -2.956314325332641602e+00
8.668000000000000000e+03 -2.994382143020629883e+00
8.669000000000000000e+03 -2.993184566497802734e+00
8.670000000000000000e+03 -3.010289192199707031e+00
8.671000000000000000e+03 -3.009091615676879883e+00
8.672000000000000000e+03 -2.994859218597412109e+00
8.673000000000000000e+03 -3.020200252532958984e+00
8.674000000000000000e+03 -3.018466234207153320e+00
8.675000000000000000e+03 -2.979229688644409180e+00
8.676000000000000000e+03 -3.002374172210693359e+00
8.677000000000000000e+03 -3.032789945602416992e+00
8.678000000000000000e+03 -3.017381906509399414e+00
8.679000000000000000e+03 -3.005833864212036133e+00
8.680000000000000000e+03 -3.014812469482421875e+00
8.681000000000000000e+03 -3.037286758422851562e+00
8.682000000000000000e+03 -3.025975704193115234e+00
8.683000000000000000e+03 -2.981997489929199219e+00
8.684000000000000000e+03 -2.968351364135742188e+00
8.685000000000000000e+03 -3.004050970077514648e+00
8.686000000000000000e+03 -2.984281063079833984e+00
8.687000000000000000e+03 -2.956708192825317383e+00
8.688000000000000000e+03 -2.991820573806762695e+00
8.689000000000000000e+03 -3.020596742630004883e+00
8.690000000000000000e+03 -3.001846790313720703e+00
8.691000000000000000e+03 -2.980932950973510742e+00
8.692000000000000000e+03 -2.940047264099121094e+00
8.693000000000000000e+03 -2.969271659851074219e+00
8.694000000000000000e+03 -2.999946594238281250e+00
8.695000000000000000e+03 -2.935767889022827148e+00
8.696000000000000000e+03 -2.957832336425781250e+00
8.697000000000000000e+03 -2.980718851089477539e+00
8.698000000000000000e+03 -2.967022657394409180e+00
8.699000000000000000e+03 -2.992729425430297852e+00
8.700000000000000000e+03 -2.994821786880493164e+00
8.701000000000000000e+03 -2.976698160171508789e+00
8.702000000000000000e+03 -2.961400985717773438e+00
8.703000000000000000e+03 -2.936956644058227539e+00
8.704000000000000000e+03 -2.976383924484252930e+00
8.705000000000000000e+03 -2.980035781860351562e+00
8.706000000000000000e+03 -2.941557407379150391e+00
8.707000000000000000e+03 -2.946887731552124023e+00
8.708000000000000000e+03 -3.013791084289550781e+00
8.709000000000000000e+03 -3.021847963333129883e+00
8.710000000000000000e+03 -2.968826055526733398e+00
8.711000000000000000e+03 -2.937133789062500000e+00
8.712000000000000000e+03 -2.975724935531616211e+00
8.713000000000000000e+03 -2.968673706054687500e+00
8.714000000000000000e+03 -2.985702037811279297e+00
8.715000000000000000e+03 -2.982024192810058594e+00
8.716000000000000000e+03 -3.003631591796875000e+00
8.717000000000000000e+03 -2.950600862503051758e+00
8.718000000000000000e+03 -2.936402082443237305e+00
8.719000000000000000e+03 -2.949985027313232422e+00
8.720000000000000000e+03 -2.938344478607177734e+00
8.721000000000000000e+03 -2.966300964355468750e+00
8.722000000000000000e+03 -2.960139989852905273e+00
8.723000000000000000e+03 -2.970980167388916016e+00
8.724000000000000000e+03 -2.932221651077270508e+00
8.725000000000000000e+03 -2.994082212448120117e+00
8.726000000000000000e+03 -3.008013248443603516e+00
8.727000000000000000e+03 -2.967345476150512695e+00
8.728000000000000000e+03 -2.943713665008544922e+00
8.729000000000000000e+03 -2.955569505691528320e+00
8.730000000000000000e+03 -2.939893722534179688e+00
8.731000000000000000e+03 -2.970010995864868164e+00
8.732000000000000000e+03 -2.938587665557861328e+00
8.733000000000000000e+03 -3.005743265151977539e+00
8.734000000000000000e+03 -2.955789327621459961e+00
8.735000000000000000e+03 -2.943065166473388672e+00
8.736000000000000000e+03 -2.927135467529296875e+00
8.737000000000000000e+03 -2.932081222534179688e+00
8.738000000000000000e+03 -2.960526704788208008e+00
8.739000000000000000e+03 -2.966709136962890625e+00
8.740000000000000000e+03 -2.969790458679199219e+00
8.741000000000000000e+03 -2.953592061996459961e+00
8.742000000000000000e+03 -2.925897359848022461e+00
8.743000000000000000e+03 -2.982722282409667969e+00
8.744000000000000000e+03 -2.998794317245483398e+00
8.745000000000000000e+03 -3.003860950469970703e+00
8.746000000000000000e+03 -3.016746282577514648e+00
8.747000000000000000e+03 -3.001850843429565430e+00
8.748000000000000000e+03 -2.991145610809326172e+00
8.749000000000000000e+03 -3.053023815155029297e+00
8.750000000000000000e+03 -3.036356925964355469e+00
8.751000000000000000e+03 -3.064187526702880859e+00
8.752000000000000000e+03 -3.088540315628051758e+00
8.753000000000000000e+03 -3.021749496459960938e+00
8.754000000000000000e+03 -3.018113851547241211e+00
8.755000000000000000e+03 -2.973648548126220703e+00
8.756000000000000000e+03 -3.012468814849853516e+00
8.757000000000000000e+03 -2.980694293975830078e+00
8.758000000000000000e+03 -3.006569385528564453e+00
8.759000000000000000e+03 -3.060819387435913086e+00
8.760000000000000000e+03 -3.066601991653442383e+00
8.761000000000000000e+03 -3.040180206298828125e+00
8.762000000000000000e+03 -3.084422826766967773e+00
8.763000000000000000e+03 -2.998587131500244141e+00
8.764000000000000000e+03 -3.046754360198974609e+00
8.765000000000000000e+03 -3.033856630325317383e+00
8.766000000000000000e+03 -3.013799190521240234e+00
8.767000000000000000e+03 -3.034841299057006836e+00
8.768000000000000000e+03 -3.020379781723022461e+00
8.769000000000000000e+03 -3.029980421066284180e+00
8.770000000000000000e+03 -2.967668056488037109e+00
8.771000000000000000e+03 -2.989632368087768555e+00
8.772000000000000000e+03 -3.005238533020019531e+00
8.773000000000000000e+03 -3.030987977981567383e+00
8.774000000000000000e+03 -2.991958618164062500e+00
8.775000000000000000e+03 -3.023512601852416992e+00
8.776000000000000000e+03 -2.964891672134399414e+00
8.777000000000000000e+03 -2.980279445648193359e+00
8.778000000000000000e+03 -3.008393526077270508e+00
8.779000000000000000e+03 -2.986203670501708984e+00
8.780000000000000000e+03 -2.974194049835205078e+00
8.781000000000000000e+03 -2.959633827209472656e+00
8.782000000000000000e+03 -2.945243835449218750e+00
8.783000000000000000e+03 -2.942610740661621094e+00
8.784000000000000000e+03 -2.949329853057861328e+00
8.785000000000000000e+03 -2.967540502548217773e+00
8.786000000000000000e+03 -2.997787952423095703e+00
8.787000000000000000e+03 -2.980315923690795898e+00
8.788000000000000000e+03 -2.969949722290039062e+00
8.789000000000000000e+03 -2.959366083145141602e+00
8.790000000000000000e+03 -2.969401359558105469e+00
8.791000000000000000e+03 -3.021503686904907227e+00
8.792000000000000000e+03 -3.061506032943725586e+00
8.793000000000000000e+03 -3.003513574600219727e+00
8.794000000000000000e+03 -2.989706277847290039e+00
8.795000000000000000e+03 -3.031352519989013672e+00
8.796000000000000000e+03 -3.002913236618041992e+00
8.797000000000000000e+03 -2.967636585235595703e+00
8.798000000000000000e+03 -2.994410991668701172e+00
8.799000000000000000e+03 -3.028706789016723633e+00
8.800000000000000000e+03 -3.021155834197998047e+00
8.801000000000000000e+03 -3.019776821136474609e+00
8.802000000000000000e+03 -3.027030706405639648e+00
8.803000000000000000e+03 -3.006062746047973633e+00
8.804000000000000000e+03 -3.009908914566040039e+00
8.805000000000000000e+03 -3.034307718276977539e+00
8.806000000000000000e+03 -3.009107828140258789e+00
8.807000000000000000e+03 -3.007524251937866211e+00
8.808000000000000000e+03 -2.999655961990356445e+00
8.809000000000000000e+03 -3.042704105377197266e+00
8.810000000000000000e+03 -3.017092227935791016e+00
8.811000000000000000e+03 -2.996578931808471680e+00
8.812000000000000000e+03 -3.006652116775512695e+00
8.813000000000000000e+03 -3.038684368133544922e+00
8.814000000000000000e+03 -3.013769865036010742e+00
8.815000000000000000e+03 -2.978274106979370117e+00
8.816000000000000000e+03 -2.987241268157958984e+00
8.817000000000000000e+03 -2.962006568908691406e+00
8.818000000000000000e+03 -3.004063367843627930e+00
8.819000000000000000e+03 -2.987407684326171875e+00
8.820000000000000000e+03 -2.999117612838745117e+00
8.821000000000000000e+03 -3.000354051589965820e+00
8.822000000000000000e+03 -3.023327350616455078e+00
8.823000000000000000e+03 -3.012986660003662109e+00
8.824000000000000000e+03 -3.014697551727294922e+00
8.825000000000000000e+03 -3.004451513290405273e+00
8.826000000000000000e+03 -2.997222661972045898e+00
8.827000000000000000e+03 -3.001988172531127930e+00
8.828000000000000000e+03 -3.016626596450805664e+00
8.829000000000000000e+03 -3.025150775909423828e+00
8.830000000000000000e+03 -3.005804777145385742e+00
8.831000000000000000e+03 -3.024096250534057617e+00
8.832000000000000000e+03 -2.986922740936279297e+00
8.833000000000000000e+03 -3.011596679687500000e+00
8.834000000000000000e+03 -3.011405706405639648e+00
8.835000000000000000e+03 -3.020599126815795898e+00
8.836000000000000000e+03 -3.051326036453247070e+00
8.837000000000000000e+03 -3.007327795028686523e+00
8.838000000000000000e+03 -2.998812198638916016e+00
8.839000000000000000e+03 -2.990828514099121094e+00
8.840000000000000000e+03 -2.927584171295166016e+00
8.841000000000000000e+03 -2.955803155899047852e+00
8.842000000000000000e+03 -3.005843400955200195e+00
8.843000000000000000e+03 -2.994511842727661133e+00
8.844000000000000000e+03 -2.989516258239746094e+00
8.845000000000000000e+03 -2.934905052185058594e+00
8.846000000000000000e+03 -2.945300102233886719e+00
8.847000000000000000e+03 -2.925564050674438477e+00
8.848000000000000000e+03 -2.924674510955810547e+00
8.849000000000000000e+03 -2.926220178604125977e+00
8.850000000000000000e+03 -2.933283090591430664e+00
8.851000000000000000e+03 -2.993342399597167969e+00
8.852000000000000000e+03 -2.978540182113647461e+00
8.853000000000000000e+03 -2.957837104797363281e+00
8.854000000000000000e+03 -2.948173761367797852e+00
8.855000000000000000e+03 -2.962988376617431641e+00
8.856000000000000000e+03 -2.940960884094238281e+00
8.857000000000000000e+03 -2.962936401367187500e+00
8.858000000000000000e+03 -2.969413995742797852e+00
8.859000000000000000e+03 -2.977620124816894531e+00
8.860000000000000000e+03 -2.957015275955200195e+00
8.861000000000000000e+03 -2.947058677673339844e+00
8.862000000000000000e+03 -2.943896293640136719e+00
8.863000000000000000e+03 -2.957216024398803711e+00
8.864000000000000000e+03 -2.978847742080688477e+00
8.865000000000000000e+03 -2.949388742446899414e+00
8.866000000000000000e+03 -2.914545297622680664e+00
8.867000000000000000e+03 -2.943222999572753906e+00
8.868000000000000000e+03 -2.966281175613403320e+00
8.869000000000000000e+03 -2.963857650756835938e+00
8.870000000000000000e+03 -2.936574697494506836e+00
8.871000000000000000e+03 -2.985557317733764648e+00
8.872000000000000000e+03 -2.959085941314697266e+00
8.873000000000000000e+03 -3.009837150573730469e+00
8.874000000000000000e+03 -2.988549709320068359e+00
8.875000000000000000e+03 -2.995959997177124023e+00
8.876000000000000000e+03 -2.991353988647460938e+00
8.877000000000000000e+03 -2.987024307250976562e+00
8.878000000000000000e+03 -2.984182357788085938e+00
8.879000000000000000e+03 -3.029677391052246094e+00
8.880000000000000000e+03 -2.991139650344848633e+00
8.881000000000000000e+03 -2.952820777893066406e+00
8.882000000000000000e+03 -2.997037172317504883e+00
8.883000000000000000e+03 -2.967221021652221680e+00
8.884000000000000000e+03 -2.966325044631958008e+00
8.885000000000000000e+03 -2.998994588851928711e+00
8.886000000000000000e+03 -2.946202516555786133e+00
8.887000000000000000e+03 -3.013449668884277344e+00
8.888000000000000000e+03 -2.988286972045898438e+00
8.889000000000000000e+03 -2.997929811477661133e+00
8.890000000000000000e+03 -3.048887014389038086e+00
8.891000000000000000e+03 -3.046360015869140625e+00
8.892000000000000000e+03 -3.055018901824951172e+00
8.893000000000000000e+03 -3.037447690963745117e+00
8.894000000000000000e+03 -3.016081333160400391e+00
8.895000000000000000e+03 -3.041063547134399414e+00
8.896000000000000000e+03 -3.020365715026855469e+00
8.897000000000000000e+03 -3.039589643478393555e+00
8.898000000000000000e+03 -3.027320146560668945e+00
8.899000000000000000e+03 -3.007592201232910156e+00
8.900000000000000000e+03 -2.971903800964355469e+00
8.901000000000000000e+03 -3.013162851333618164e+00
8.902000000000000000e+03 -3.014954328536987305e+00
8.903000000000000000e+03 -3.002147912979125977e+00
8.904000000000000000e+03 -3.036242246627807617e+00
8.905000000000000000e+03 -2.998070240020751953e+00
8.906000000000000000e+03 -3.010942459106445312e+00
8.907000000000000000e+03 -2.993656158447265625e+00
8.908000000000000000e+03 -3.008417606353759766e+00
8.909000000000000000e+03 -2.925614118576049805e+00
8.910000000000000000e+03 -2.926619768142700195e+00
8.911000000000000000e+03 -2.944307088851928711e+00
8.912000000000000000e+03 -2.942859172821044922e+00
8.913000000000000000e+03 -2.998770475387573242e+00
8.914000000000000000e+03 -2.959566354751586914e+00
8.915000000000000000e+03 -2.958392620086669922e+00
8.916000000000000000e+03 -2.997695207595825195e+00
8.917000000000000000e+03 -2.995980978012084961e+00
8.918000000000000000e+03 -2.965990543365478516e+00
8.919000000000000000e+03 -2.960601329803466797e+00
8.920000000000000000e+03 -2.935782432556152344e+00
8.921000000000000000e+03 -2.956906080245971680e+00
8.922000000000000000e+03 -2.994866132736206055e+00
8.923000000000000000e+03 -2.966505765914916992e+00
8.924000000000000000e+03 -2.983507871627807617e+00
8.925000000000000000e+03 -3.019076585769653320e+00
8.926000000000000000e+03 -3.043360233306884766e+00
8.927000000000000000e+03 -2.999840497970581055e+00
8.928000000000000000e+03 -2.966819524765014648e+00
8.929000000000000000e+03 -2.986575365066528320e+00
8.930000000000000000e+03 -3.017144203186035156e+00
8.931000000000000000e+03 -3.025191068649291992e+00
8.932000000000000000e+03 -3.023587226867675781e+00
8.933000000000000000e+03 -2.981749773025512695e+00
8.934000000000000000e+03 -3.002253293991088867e+00
8.935000000000000000e+03 -3.025731086730957031e+00
8.936000000000000000e+03 -3.000964403152465820e+00
8.937000000000000000e+03 -3.021894454956054688e+00
8.938000000000000000e+03 -3.007520914077758789e+00
8.939000000000000000e+03 -3.021403789520263672e+00
8.940000000000000000e+03 -3.043019771575927734e+00
8.941000000000000000e+03 -2.991205930709838867e+00
8.942000000000000000e+03 -3.054994106292724609e+00
8.943000000000000000e+03 -3.036889791488647461e+00
8.944000000000000000e+03 -3.039799690246582031e+00
8.945000000000000000e+03 -3.045624256134033203e+00
8.946000000000000000e+03 -3.034572362899780273e+00
8.947000000000000000e+03 -3.041805028915405273e+00
8.948000000000000000e+03 -3.063429117202758789e+00
8.949000000000000000e+03 -2.985231876373291016e+00
8.950000000000000000e+03 -3.045617341995239258e+00
8.951000000000000000e+03 -3.029676914215087891e+00
8.952000000000000000e+03 -3.013752222061157227e+00
8.953000000000000000e+03 -3.047229051589965820e+00
8.954000000000000000e+03 -3.060842514038085938e+00
8.955000000000000000e+03 -3.106036186218261719e+00
8.956000000000000000e+03 -3.001998424530029297e+00
8.957000000000000000e+03 -3.020479440689086914e+00
8.958000000000000000e+03 -3.007578849792480469e+00
8.959000000000000000e+03 -3.024401187896728516e+00
8.960000000000000000e+03 -3.019487380981445312e+00
8.961000000000000000e+03 -3.013735532760620117e+00
8.962000000000000000e+03 -3.009513616561889648e+00
8.963000000000000000e+03 -3.025630474090576172e+00
8.964000000000000000e+03 -3.026196002960205078e+00
8.965000000000000000e+03 -3.033672809600830078e+00
8.966000000000000000e+03 -3.067877769470214844e+00
8.967000000000000000e+03 -3.065395832061767578e+00
8.968000000000000000e+03 -3.038828849792480469e+00
8.969000000000000000e+03 -3.037120342254638672e+00
8.970000000000000000e+03 -3.031056642532348633e+00
8.971000000000000000e+03 -3.038526058197021484e+00
8.972000000000000000e+03 -3.076549768447875977e+00
8.973000000000000000e+03 -3.007078170776367188e+00
8.974000000000000000e+03 -3.041924476623535156e+00
8.975000000000000000e+03 -3.019388198852539062e+00
8.976000000000000000e+03 -3.036439418792724609e+00
8.977000000000000000e+03 -3.020842552185058594e+00
8.978000000000000000e+03 -3.044982194900512695e+00
8.979000000000000000e+03 -3.035444974899291992e+00
8.980000000000000000e+03 -2.967443466186523438e+00
8.981000000000000000e+03 -3.004981994628906250e+00
8.982000000000000000e+03 -3.012885808944702148e+00
8.983000000000000000e+03 -3.062268257141113281e+00
8.984000000000000000e+03 -3.092821359634399414e+00
8.985000000000000000e+03 -3.072709798812866211e+00
8.986000000000000000e+03 -3.096347570419311523e+00
8.987000000000000000e+03 -3.097533226013183594e+00
8.988000000000000000e+03 -3.057544469833374023e+00
8.989000000000000000e+03 -3.059997558593750000e+00
8.990000000000000000e+03 -3.044391870498657227e+00
8.991000000000000000e+03 -3.073886632919311523e+00
8.992000000000000000e+03 -3.049591541290283203e+00
8.993000000000000000e+03 -3.041653633117675781e+00
8.994000000000000000e+03 -3.053353548049926758e+00
8.995000000000000000e+03 -3.060312032699584961e+00
8.996000000000000000e+03 -3.052458524703979492e+00
8.997000000000000000e+03 -3.072803497314453125e+00
8.998000000000000000e+03 -3.057439088821411133e+00
8.999000000000000000e+03 -3.047095537185668945e+00
9.000000000000000000e+03 -3.042467355728149414e+00
9.001000000000000000e+03 -3.047528982162475586e+00
9.002000000000000000e+03 -3.034441232681274414e+00
9.003000000000000000e+03 -3.079444885253906250e+00
9.004000000000000000e+03 -3.036989688873291016e+00
9.005000000000000000e+03 -3.027444601058959961e+00
9.006000000000000000e+03 -3.049108743667602539e+00
9.007000000000000000e+03 -3.072179794311523438e+00
9.008000000000000000e+03 -3.029041528701782227e+00
9.009000000000000000e+03 -3.052698612213134766e+00
9.010000000000000000e+03 -3.033597230911254883e+00
9.011000000000000000e+03 -3.061944484710693359e+00
9.012000000000000000e+03 -3.045755624771118164e+00
9.013000000000000000e+03 -3.082721233367919922e+00
9.014000000000000000e+03 -3.044220924377441406e+00
9.015000000000000000e+03 -3.058501958847045898e+00
9.016000000000000000e+03 -3.007996559143066406e+00
9.017000000000000000e+03 -2.967965126037597656e+00
9.018000000000000000e+03 -2.988687515258789062e+00
9.019000000000000000e+03 -3.016389846801757812e+00
9.020000000000000000e+03 -3.057193517684936523e+00
9.021000000000000000e+03 -2.986298561096191406e+00
9.022000000000000000e+03 -2.945767164230346680e+00
9.023000000000000000e+03 -2.958439826965332031e+00
9.024000000000000000e+03 -2.965733528137207031e+00
9.025000000000000000e+03 -2.976787090301513672e+00
9.026000000000000000e+03 -2.949805736541748047e+00
9.027000000000000000e+03 -3.014364957809448242e+00
9.028000000000000000e+03 -3.006582021713256836e+00
9.029000000000000000e+03 -3.005861043930053711e+00
9.030000000000000000e+03 -2.993703603744506836e+00
9.031000000000000000e+03 -3.041546344757080078e+00
9.032000000000000000e+03 -2.994465827941894531e+00
9.033000000000000000e+03 -3.031185626983642578e+00
9.034000000000000000e+03 -3.031265735626220703e+00
9.035000000000000000e+03 -3.059086322784423828e+00
9.036000000000000000e+03 -3.059795379638671875e+00
9.037000000000000000e+03 -3.057353734970092773e+00
9.038000000000000000e+03 -3.041389942169189453e+00
9.039000000000000000e+03 -3.069990158081054688e+00
9.040000000000000000e+03 -3.056117057800292969e+00
9.041000000000000000e+03 -3.036323308944702148e+00
9.042000000000000000e+03 -3.059468269348144531e+00
9.043000000000000000e+03 -3.043030738830566406e+00
9.044000000000000000e+03 -3.091081142425537109e+00
9.045000000000000000e+03 -3.078624486923217773e+00
9.046000000000000000e+03 -3.045379638671875000e+00
9.047000000000000000e+03 -3.047507524490356445e+00
9.048000000000000000e+03 -3.036092281341552734e+00
9.049000000000000000e+03 -3.068590402603149414e+00
9.050000000000000000e+03 -3.084593296051025391e+00
9.051000000000000000e+03 -3.091318368911743164e+00
9.052000000000000000e+03 -3.070820093154907227e+00
9.053000000000000000e+03 -3.081092596054077148e+00
9.054000000000000000e+03 -3.133159875869750977e+00
9.055000000000000000e+03 -3.105332612991333008e+00
9.056000000000000000e+03 -3.063124179840087891e+00
9.057000000000000000e+03 -3.075711727142333984e+00
9.058000000000000000e+03 -3.045739889144897461e+00
9.059000000000000000e+03 -3.055447101593017578e+00
9.060000000000000000e+03 -3.057766437530517578e+00
9.061000000000000000e+03 -3.038294792175292969e+00
9.062000000000000000e+03 -3.053786754608154297e+00
9.063000000000000000e+03 -3.055634975433349609e+00
9.064000000000000000e+03 -3.042233705520629883e+00
9.065000000000000000e+03 -3.006902217864990234e+00
9.066000000000000000e+03 -2.988050222396850586e+00
9.067000000000000000e+03 -2.983119964599609375e+00
9.068000000000000000e+03 -3.016996622085571289e+00
9.069000000000000000e+03 -2.985233068466186523e+00
9.070000000000000000e+03 -2.979166030883789062e+00
9.071000000000000000e+03 -3.013770341873168945e+00
9.072000000000000000e+03 -2.935980558395385742e+00
9.073000000000000000e+03 -2.971714973449707031e+00
9.074000000000000000e+03 -2.981597423553466797e+00
9.075000000000000000e+03 -2.947831392288208008e+00
9.076000000000000000e+03 -2.948755264282226562e+00
9.077000000000000000e+03 -2.903234243392944336e+00
9.078000000000000000e+03 -2.886854648590087891e+00
9.079000000000000000e+03 -2.924138069152832031e+00
9.080000000000000000e+03 -2.937288522720336914e+00
9.081000000000000000e+03 -2.922461271286010742e+00
9.082000000000000000e+03 -2.911877155303955078e+00
9.083000000000000000e+03 -2.920387744903564453e+00
9.084000000000000000e+03 -2.963362932205200195e+00
9.085000000000000000e+03 -2.982410669326782227e+00
9.086000000000000000e+03 -2.934644937515258789e+00
9.087000000000000000e+03 -2.964339256286621094e+00
9.088000000000000000e+03 -2.963242769241333008e+00
9.089000000000000000e+03 -2.973959445953369141e+00
9.090000000000000000e+03 -3.018080949783325195e+00
9.091000000000000000e+03 -2.986300706863403320e+00
9.092000000000000000e+03 -2.995616674423217773e+00
9.093000000000000000e+03 -2.961884021759033203e+00
9.094000000000000000e+03 -3.010151147842407227e+00
9.095000000000000000e+03 -2.955277442932128906e+00
9.096000000000000000e+03 -2.913899183273315430e+00
9.097000000000000000e+03 -2.974019527435302734e+00
9.098000000000000000e+03 -2.957095146179199219e+00
9.099000000000000000e+03 -2.972506523132324219e+00
9.100000000000000000e+03 -2.912113904953002930e+00
9.101000000000000000e+03 -2.940143108367919922e+00
9.102000000000000000e+03 -2.981323719024658203e+00
9.103000000000000000e+03 -2.953575134277343750e+00
9.104000000000000000e+03 -2.960109472274780273e+00
9.105000000000000000e+03 -3.008790254592895508e+00
9.106000000000000000e+03 -2.933030128479003906e+00
9.107000000000000000e+03 -2.992421150207519531e+00
9.108000000000000000e+03 -3.004262447357177734e+00
9.109000000000000000e+03 -3.019397974014282227e+00
9.110000000000000000e+03 -3.014358758926391602e+00
9.111000000000000000e+03 -3.016363859176635742e+00
9.112000000000000000e+03 -3.008718252182006836e+00
9.113000000000000000e+03 -3.011423826217651367e+00
9.114000000000000000e+03 -3.047738313674926758e+00
9.115000000000000000e+03 -3.036282062530517578e+00
9.116000000000000000e+03 -2.992975234985351562e+00
9.117000000000000000e+03 -3.018711805343627930e+00
9.118000000000000000e+03 -2.974332809448242188e+00
9.119000000000000000e+03 -2.997201919555664062e+00
9.120000000000000000e+03 -2.977028369903564453e+00
9.121000000000000000e+03 -2.954956531524658203e+00
9.122000000000000000e+03 -2.959069967269897461e+00
9.123000000000000000e+03 -3.005895376205444336e+00
9.124000000000000000e+03 -2.957848548889160156e+00
9.125000000000000000e+03 -2.955784082412719727e+00
9.126000000000000000e+03 -3.035833835601806641e+00
9.127000000000000000e+03 -3.026248455047607422e+00
9.128000000000000000e+03 -3.016801118850708008e+00
9.129000000000000000e+03 -2.954446077346801758e+00
9.130000000000000000e+03 -3.024967670440673828e+00
9.131000000000000000e+03 -3.007590055465698242e+00
9.132000000000000000e+03 -2.983083963394165039e+00
9.133000000000000000e+03 -2.968787908554077148e+00
9.134000000000000000e+03 -3.015889167785644531e+00
9.135000000000000000e+03 -2.981044769287109375e+00
9.136000000000000000e+03 -2.963179588317871094e+00
9.137000000000000000e+03 -3.004120111465454102e+00
9.138000000000000000e+03 -3.001905202865600586e+00
9.139000000000000000e+03 -2.956490039825439453e+00
9.140000000000000000e+03 -2.993763446807861328e+00
9.141000000000000000e+03 -2.999699592590332031e+00
9.142000000000000000e+03 -3.017202615737915039e+00
9.143000000000000000e+03 -3.011029481887817383e+00
9.144000000000000000e+03 -2.984689474105834961e+00
9.145000000000000000e+03 -3.045345544815063477e+00
9.146000000000000000e+03 -2.994268417358398438e+00
9.147000000000000000e+03 -3.011406898498535156e+00
9.148000000000000000e+03 -2.981620311737060547e+00
9.149000000000000000e+03 -3.047017335891723633e+00
9.150000000000000000e+03 -3.034275770187377930e+00
9.151000000000000000e+03 -3.045940399169921875e+00
9.152000000000000000e+03 -3.021581172943115234e+00
9.153000000000000000e+03 -3.048566579818725586e+00
9.154000000000000000e+03 -3.007453203201293945e+00
9.155000000000000000e+03 -3.046709299087524414e+00
9.156000000000000000e+03 -3.015912294387817383e+00
9.157000000000000000e+03 -3.014482975006103516e+00
9.158000000000000000e+03 -3.055369377136230469e+00
9.159000000000000000e+03 -3.043239831924438477e+00
9.160000000000000000e+03 -3.008508920669555664e+00
9.161000000000000000e+03 -3.068393468856811523e+00
9.162000000000000000e+03 -3.096104860305786133e+00
9.163000000000000000e+03 -3.037779808044433594e+00
9.164000000000000000e+03 -3.024658441543579102e+00
9.165000000000000000e+03 -2.994012117385864258e+00
9.166000000000000000e+03 -2.992506027221679688e+00
9.167000000000000000e+03 -2.962688446044921875e+00
9.168000000000000000e+03 -3.001297473907470703e+00
9.169000000000000000e+03 -3.014599561691284180e+00
9.170000000000000000e+03 -3.023771524429321289e+00
9.171000000000000000e+03 -3.055931091308593750e+00
9.172000000000000000e+03 -3.049295425415039062e+00
9.173000000000000000e+03 -3.084366559982299805e+00
9.174000000000000000e+03 -3.050310850143432617e+00
9.175000000000000000e+03 -3.045888662338256836e+00
9.176000000000000000e+03 -3.068527221679687500e+00
9.177000000000000000e+03 -3.000021219253540039e+00
9.178000000000000000e+03 -3.022180795669555664e+00
9.179000000000000000e+03 -3.016998529434204102e+00
9.180000000000000000e+03 -3.088290452957153320e+00
9.181000000000000000e+03 -3.022917270660400391e+00
9.182000000000000000e+03 -2.989363193511962891e+00
9.183000000000000000e+03 -3.034217834472656250e+00
9.184000000000000000e+03 -3.016564369201660156e+00
9.185000000000000000e+03 -2.989000082015991211e+00
9.186000000000000000e+03 -2.979202508926391602e+00
9.187000000000000000e+03 -3.043139457702636719e+00
9.188000000000000000e+03 -3.046090841293334961e+00
9.189000000000000000e+03 -3.052974462509155273e+00
9.190000000000000000e+03 -3.043005704879760742e+00
9.191000000000000000e+03 -3.067500829696655273e+00
9.192000000000000000e+03 -3.020929098129272461e+00
9.193000000000000000e+03 -3.043228387832641602e+00
9.194000000000000000e+03 -3.073159694671630859e+00
9.195000000000000000e+03 -3.066679477691650391e+00
9.196000000000000000e+03 -2.983786344528198242e+00
9.197000000000000000e+03 -2.987733602523803711e+00
9.198000000000000000e+03 -3.026856422424316406e+00
9.199000000000000000e+03 -2.987840890884399414e+00
9.200000000000000000e+03 -3.066233873367309570e+00
9.201000000000000000e+03 -3.078317165374755859e+00
9.202000000000000000e+03 -3.047741889953613281e+00
9.203000000000000000e+03 -3.037173748016357422e+00
9.204000000000000000e+03 -3.053131580352783203e+00
9.205000000000000000e+03 -3.077969551086425781e+00
9.206000000000000000e+03 -3.064395189285278320e+00
9.207000000000000000e+03 -3.092179775238037109e+00
9.208000000000000000e+03 -3.049354314804077148e+00
9.209000000000000000e+03 -3.066649436950683594e+00
9.210000000000000000e+03 -3.118946075439453125e+00
9.211000000000000000e+03 -3.101130723953247070e+00
9.212000000000000000e+03 -3.092248678207397461e+00
9.213000000000000000e+03 -3.137456893920898438e+00
9.214000000000000000e+03 -3.115007162094116211e+00
9.215000000000000000e+03 -3.132547855377197266e+00
9.216000000000000000e+03 -3.133663892745971680e+00
9.217000000000000000e+03 -3.160007778798238576e+00
9.218000000000000000e+03 -3.122410535812377930e+00
9.219000000000000000e+03 -3.049989938735961914e+00
9.220000000000000000e+03 -3.083161592483520508e+00
9.221000000000000000e+03 -3.153084580098287404e+00
9.222000000000000000e+03 -3.100058555603027344e+00
9.223000000000000000e+03 -3.069258689880371094e+00
9.224000000000000000e+03 -3.153911415730611623e+00
9.225000000000000000e+03 -3.097838878631591797e+00
9.226000000000000000e+03 -3.118713855743408203e+00
9.227000000000000000e+03 -3.103676319122314453e+00
9.228000000000000000e+03 -3.112467050552368164e+00
9.229000000000000000e+03 -3.102270364761352539e+00
9.230000000000000000e+03 -3.129989147186279297e+00
9.231000000000000000e+03 -3.137642621994018555e+00
9.232000000000000000e+03 -3.112893342971801758e+00
9.233000000000000000e+03 -3.113089323043823242e+00
9.234000000000000000e+03 -3.112602949142456055e+00
9.235000000000000000e+03 -3.115580797195434570e+00
9.236000000000000000e+03 -3.068285465240478516e+00
9.237000000000000000e+03 -3.061015367507934570e+00
9.238000000000000000e+03 -3.076378583908081055e+00
9.239000000000000000e+03 -3.062093019485473633e+00
9.240000000000000000e+03 -3.083116054534912109e+00
9.241000000000000000e+03 -3.045162200927734375e+00
9.242000000000000000e+03 -3.026503086090087891e+00
9.243000000000000000e+03 -3.048704385757446289e+00
9.244000000000000000e+03 -3.047597646713256836e+00
9.245000000000000000e+03 -3.021599054336547852e+00
9.246000000000000000e+03 -3.037051677703857422e+00
9.247000000000000000e+03 -3.008544445037841797e+00
9.248000000000000000e+03 -3.004125356674194336e+00
9.249000000000000000e+03 -3.052459955215454102e+00
9.250000000000000000e+03 -3.064302921295166016e+00
9.251000000000000000e+03 -3.066685676574707031e+00
9.252000000000000000e+03 -3.074585437774658203e+00
9.253000000000000000e+03 -3.042047739028930664e+00
9.254000000000000000e+03 -3.046843528747558594e+00
9.255000000000000000e+03 -3.044833183288574219e+00
9.256000000000000000e+03 -3.065366506576538086e+00
9.257000000000000000e+03 -3.076803684234619141e+00
9.258000000000000000e+03 -3.034243106842041016e+00
9.259000000000000000e+03 -3.041668415069580078e+00
9.260000000000000000e+03 -3.029398679733276367e+00
9.261000000000000000e+03 -3.021402835845947266e+00
9.262000000000000000e+03 -3.027325868606567383e+00
9.263000000000000000e+03 -3.034600496292114258e+00
9.264000000000000000e+03 -3.030067205429077148e+00
9.265000000000000000e+03 -2.969024419784545898e+00
9.266000000000000000e+03 -2.999686241149902344e+00
9.267000000000000000e+03 -3.040872097015380859e+00
9.268000000000000000e+03 -3.056260347366333008e+00
9.269000000000000000e+03 -3.011179685592651367e+00
9.270000000000000000e+03 -3.022655248641967773e+00
9.271000000000000000e+03 -3.051490068435668945e+00
9.272000000000000000e+03 -3.082748651504516602e+00
9.273000000000000000e+03 -3.063021898269653320e+00
9.274000000000000000e+03 -3.041694164276123047e+00
9.275000000000000000e+03 -3.041984081268310547e+00
9.276000000000000000e+03 -3.083111763000488281e+00
9.277000000000000000e+03 -3.068598031997680664e+00
9.278000000000000000e+03 -3.073262214660644531e+00
9.279000000000000000e+03 -3.036070108413696289e+00
9.280000000000000000e+03 -3.019182920455932617e+00
9.281000000000000000e+03 -3.026320695877075195e+00
9.282000000000000000e+03 -3.049390792846679688e+00
9.283000000000000000e+03 -3.066389083862304688e+00
9.284000000000000000e+03 -2.992676258087158203e+00
9.285000000000000000e+03 -2.992068052291870117e+00
9.286000000000000000e+03 -3.063616275787353516e+00
9.287000000000000000e+03 -3.031629323959350586e+00
9.288000000000000000e+03 -3.060100078582763672e+00
9.289000000000000000e+03 -3.011230468750000000e+00
9.290000000000000000e+03 -3.038852453231811523e+00
9.291000000000000000e+03 -3.072172403335571289e+00
9.292000000000000000e+03 -3.064818382263183594e+00
9.293000000000000000e+03 -3.023882389068603516e+00
9.294000000000000000e+03 -3.053629398345947266e+00
9.295000000000000000e+03 -3.044744729995727539e+00
9.296000000000000000e+03 -3.035361528396606445e+00
9.297000000000000000e+03 -3.035018920898437500e+00
9.298000000000000000e+03 -3.038382053375244141e+00
9.299000000000000000e+03 -3.036692380905151367e+00
9.300000000000000000e+03 -3.035156965255737305e+00
9.301000000000000000e+03 -3.040114402770996094e+00
9.302000000000000000e+03 -3.046357154846191406e+00
9.303000000000000000e+03 -3.072257995605468750e+00
9.304000000000000000e+03 -3.027827024459838867e+00
9.305000000000000000e+03 -3.070183753967285156e+00
9.306000000000000000e+03 -2.999956130981445312e+00
9.307000000000000000e+03 -3.051779270172119141e+00
9.308000000000000000e+03 -3.001216888427734375e+00
9.309000000000000000e+03 -3.020149707794189453e+00
9.310000000000000000e+03 -3.050227642059326172e+00
9.311000000000000000e+03 -3.017749547958374023e+00
9.312000000000000000e+03 -2.986330509185791016e+00
9.313000000000000000e+03 -2.979261159896850586e+00
9.314000000000000000e+03 -2.979656219482421875e+00
9.315000000000000000e+03 -3.002066373825073242e+00
9.316000000000000000e+03 -2.946398735046386719e+00
9.317000000000000000e+03 -2.979076862335205078e+00
9.318000000000000000e+03 -2.995533466339111328e+00
9.319000000000000000e+03 -2.987267255783081055e+00
9.320000000000000000e+03 -2.950358629226684570e+00
9.321000000000000000e+03 -2.958734512329101562e+00
9.322000000000000000e+03 -2.974005937576293945e+00
9.323000000000000000e+03 -2.969922542572021484e+00
9.324000000000000000e+03 -2.958008289337158203e+00
9.325000000000000000e+03 -2.945178031921386719e+00
9.326000000000000000e+03 -2.966010332107543945e+00
9.327000000000000000e+03 -2.940732955932617188e+00
9.328000000000000000e+03 -2.938950061798095703e+00
9.329000000000000000e+03 -2.947730302810668945e+00
9.330000000000000000e+03 -2.927484273910522461e+00
9.331000000000000000e+03 -2.905886888504028320e+00
9.332000000000000000e+03 -2.968258380889892578e+00
9.333000000000000000e+03 -3.005608797073364258e+00
9.334000000000000000e+03 -2.950164318084716797e+00
9.335000000000000000e+03 -2.926331043243408203e+00
9.336000000000000000e+03 -2.945019721984863281e+00
9.337000000000000000e+03 -2.899880647659301758e+00
9.338000000000000000e+03 -2.925887823104858398e+00
9.339000000000000000e+03 -2.952787876129150391e+00
9.340000000000000000e+03 -2.937518358230590820e+00
9.341000000000000000e+03 -2.953537702560424805e+00
9.342000000000000000e+03 -2.994193792343139648e+00
9.343000000000000000e+03 -2.962671995162963867e+00
9.344000000000000000e+03 -3.001753568649291992e+00
9.345000000000000000e+03 -2.976791143417358398e+00
9.346000000000000000e+03 -2.952726602554321289e+00
9.347000000000000000e+03 -2.921564102172851562e+00
9.348000000000000000e+03 -2.949603557586669922e+00
9.349000000000000000e+03 -2.978387832641601562e+00
9.350000000000000000e+03 -2.929880380630493164e+00
9.351000000000000000e+03 -2.963188886642456055e+00
9.352000000000000000e+03 -2.951527357101440430e+00
9.353000000000000000e+03 -2.996464252471923828e+00
9.354000000000000000e+03 -2.969602584838867188e+00
9.355000000000000000e+03 -2.989404916763305664e+00
9.356000000000000000e+03 -2.986824274063110352e+00
9.357000000000000000e+03 -2.945643663406372070e+00
9.358000000000000000e+03 -2.959933280944824219e+00
9.359000000000000000e+03 -3.013249874114990234e+00
9.360000000000000000e+03 -3.001575469970703125e+00
9.361000000000000000e+03 -2.981385469436645508e+00
9.362000000000000000e+03 -2.977169752120971680e+00
9.363000000000000000e+03 -3.030666589736938477e+00
9.364000000000000000e+03 -3.007395267486572266e+00
9.365000000000000000e+03 -3.008882761001586914e+00
9.366000000000000000e+03 -3.008813858032226562e+00
9.367000000000000000e+03 -3.037370204925537109e+00
9.368000000000000000e+03 -2.981792926788330078e+00
9.369000000000000000e+03 -2.969668388366699219e+00
9.370000000000000000e+03 -2.977288484573364258e+00
9.371000000000000000e+03 -3.023398637771606445e+00
9.372000000000000000e+03 -2.979258775711059570e+00
9.373000000000000000e+03 -2.967248201370239258e+00
9.374000000000000000e+03 -2.986921310424804688e+00
9.375000000000000000e+03 -2.937775850296020508e+00
9.376000000000000000e+03 -2.973032474517822266e+00
9.377000000000000000e+03 -2.992397785186767578e+00
9.378000000000000000e+03 -2.919219017028808594e+00
9.379000000000000000e+03 -2.939018249511718750e+00
9.380000000000000000e+03 -2.941267013549804688e+00
9.381000000000000000e+03 -2.935783863067626953e+00
9.382000000000000000e+03 -2.929553270339965820e+00
9.383000000000000000e+03 -2.999658823013305664e+00
9.384000000000000000e+03 -3.009707689285278320e+00
9.385000000000000000e+03 -2.931870222091674805e+00
9.386000000000000000e+03 -2.960966587066650391e+00
9.387000000000000000e+03 -2.978770494461059570e+00
9.388000000000000000e+03 -3.004486560821533203e+00
9.389000000000000000e+03 -2.960066318511962891e+00
9.390000000000000000e+03 -2.944868326187133789e+00
9.391000000000000000e+03 -2.934859037399291992e+00
9.392000000000000000e+03 -2.927214384078979492e+00
9.393000000000000000e+03 -2.950418710708618164e+00
9.394000000000000000e+03 -2.920604944229125977e+00
9.395000000000000000e+03 -2.972306013107299805e+00
9.396000000000000000e+03 -2.951602697372436523e+00
9.397000000000000000e+03 -2.940050601959228516e+00
9.398000000000000000e+03 -2.925309419631958008e+00
9.399000000000000000e+03 -2.970404386520385742e+00
9.400000000000000000e+03 -2.957666158676147461e+00
9.401000000000000000e+03 -2.976263284683227539e+00
9.402000000000000000e+03 -2.952728986740112305e+00
9.403000000000000000e+03 -2.973096847534179688e+00
9.404000000000000000e+03 -2.945126295089721680e+00
9.405000000000000000e+03 -2.958560943603515625e+00
9.406000000000000000e+03 -2.997391700744628906e+00
9.407000000000000000e+03 -2.955571651458740234e+00
9.408000000000000000e+03 -2.937368154525756836e+00
9.409000000000000000e+03 -2.971247673034667969e+00
9.410000000000000000e+03 -2.966835260391235352e+00
9.411000000000000000e+03 -2.992025375366210938e+00
9.412000000000000000e+03 -2.948538541793823242e+00
9.413000000000000000e+03 -2.964106798171997070e+00
9.414000000000000000e+03 -2.967007875442504883e+00
9.415000000000000000e+03 -2.905313730239868164e+00
9.416000000000000000e+03 -2.953422546386718750e+00
9.417000000000000000e+03 -2.929824352264404297e+00
9.418000000000000000e+03 -2.951045274734497070e+00
9.419000000000000000e+03 -2.953279018402099609e+00
9.420000000000000000e+03 -2.946294307708740234e+00
9.421000000000000000e+03 -2.971955060958862305e+00
9.422000000000000000e+03 -2.970276355743408203e+00
9.423000000000000000e+03 -2.966133594512939453e+00
9.424000000000000000e+03 -2.994585990905761719e+00
9.425000000000000000e+03 -2.974563121795654297e+00
9.426000000000000000e+03 -2.953617095947265625e+00
9.427000000000000000e+03 -2.949546813964843750e+00
9.428000000000000000e+03 -2.949165344238281250e+00
9.429000000000000000e+03 -2.941579580307006836e+00
9.430000000000000000e+03 -2.941103219985961914e+00
9.431000000000000000e+03 -2.985477209091186523e+00
9.432000000000000000e+03 -2.968584775924682617e+00
9.433000000000000000e+03 -2.969276666641235352e+00
9.434000000000000000e+03 -2.995836019515991211e+00
9.435000000000000000e+03 -2.941959857940673828e+00
9.436000000000000000e+03 -2.956929683685302734e+00
9.437000000000000000e+03 -2.949597120285034180e+00
9.438000000000000000e+03 -2.932673454284667969e+00
9.439000000000000000e+03 -2.930177211761474609e+00
9.440000000000000000e+03 -2.955098152160644531e+00
9.441000000000000000e+03 -2.973473548889160156e+00
9.442000000000000000e+03 -2.946887969970703125e+00
9.443000000000000000e+03 -2.914648294448852539e+00
9.444000000000000000e+03 -2.946360111236572266e+00
9.445000000000000000e+03 -2.917778015136718750e+00
9.446000000000000000e+03 -2.926351785659790039e+00
9.447000000000000000e+03 -2.948506116867065430e+00
9.448000000000000000e+03 -2.965564727783203125e+00
9.449000000000000000e+03 -2.973603010177612305e+00
9.450000000000000000e+03 -2.963621854782104492e+00
9.451000000000000000e+03 -2.952637672424316406e+00
9.452000000000000000e+03 -2.951728820800781250e+00
9.453000000000000000e+03 -2.965136528015136719e+00
9.454000000000000000e+03 -3.009347915649414062e+00
9.455000000000000000e+03 -2.936289787292480469e+00
9.456000000000000000e+03 -2.961489915847778320e+00
9.457000000000000000e+03 -2.982823610305786133e+00
9.458000000000000000e+03 -2.941852569580078125e+00
9.459000000000000000e+03 -2.956883430480957031e+00
9.460000000000000000e+03 -2.961465597152709961e+00
9.461000000000000000e+03 -2.987285375595092773e+00
9.462000000000000000e+03 -2.945809125900268555e+00
9.463000000000000000e+03 -2.971816778182983398e+00
9.464000000000000000e+03 -2.938924074172973633e+00
9.465000000000000000e+03 -2.922110080718994141e+00
9.466000000000000000e+03 -2.961059808731079102e+00
9.467000000000000000e+03 -2.954269409179687500e+00
9.468000000000000000e+03 -2.960688352584838867e+00
9.469000000000000000e+03 -2.898880720138549805e+00
9.470000000000000000e+03 -2.933169841766357422e+00
9.471000000000000000e+03 -2.935715675354003906e+00
9.472000000000000000e+03 -2.938708543777465820e+00
9.473000000000000000e+03 -2.935259580612182617e+00
9.474000000000000000e+03 -2.932446479797363281e+00
9.475000000000000000e+03 -2.932623863220214844e+00
9.476000000000000000e+03 -2.940975189208984375e+00
9.477000000000000000e+03 -2.968427419662475586e+00
9.478000000000000000e+03 -2.924455404281616211e+00
9.479000000000000000e+03 -2.951542615890502930e+00
9.480000000000000000e+03 -2.954908370971679688e+00
9.481000000000000000e+03 -2.948512554168701172e+00
9.482000000000000000e+03 -2.975658416748046875e+00
9.483000000000000000e+03 -2.953644752502441406e+00
9.484000000000000000e+03 -2.970197677612304688e+00
9.485000000000000000e+03 -2.978340864181518555e+00
9.486000000000000000e+03 -2.973834753036499023e+00
9.487000000000000000e+03 -2.967049360275268555e+00
9.488000000000000000e+03 -2.938904762268066406e+00
9.489000000000000000e+03 -2.981903076171875000e+00
9.490000000000000000e+03 -2.948514223098754883e+00
9.491000000000000000e+03 -2.958416700363159180e+00
9.492000000000000000e+03 -2.959411382675170898e+00
9.493000000000000000e+03 -2.986650705337524414e+00
9.494000000000000000e+03 -3.015503168106079102e+00
9.495000000000000000e+03 -2.950980424880981445e+00
9.496000000000000000e+03 -3.003582000732421875e+00
9.497000000000000000e+03 -3.002066612243652344e+00
9.498000000000000000e+03 -3.001588106155395508e+00
9.499000000000000000e+03 -3.008607625961303711e+00
9.500000000000000000e+03 -3.025760889053344727e+00
9.501000000000000000e+03 -2.996906518936157227e+00
9.502000000000000000e+03 -2.995806455612182617e+00
9.503000000000000000e+03 -2.973198175430297852e+00
9.504000000000000000e+03 -2.979522466659545898e+00
9.505000000000000000e+03 -3.032850265502929688e+00
9.506000000000000000e+03 -3.003889322280883789e+00
9.507000000000000000e+03 -3.023007154464721680e+00
9.508000000000000000e+03 -2.999831676483154297e+00
9.509000000000000000e+03 -3.015518426895141602e+00
9.510000000000000000e+03 -3.044697761535644531e+00
9.511000000000000000e+03 -3.044422388076782227e+00
9.512000000000000000e+03 -2.971128225326538086e+00
9.513000000000000000e+03 -3.012754917144775391e+00
9.514000000000000000e+03 -3.015593051910400391e+00
9.515000000000000000e+03 -3.007734298706054688e+00
9.516000000000000000e+03 -3.019953489303588867e+00
9.517000000000000000e+03 -2.986173391342163086e+00
9.518000000000000000e+03 -2.978842735290527344e+00
9.519000000000000000e+03 -2.977818012237548828e+00
9.520000000000000000e+03 -2.961189031600952148e+00
9.521000000000000000e+03 -3.021034717559814453e+00
9.522000000000000000e+03 -3.009783267974853516e+00
9.523000000000000000e+03 -2.981463909149169922e+00
9.524000000000000000e+03 -2.992302417755126953e+00
9.525000000000000000e+03 -2.992474317550659180e+00
9.526000000000000000e+03 -2.965374946594238281e+00
9.527000000000000000e+03 -2.995442628860473633e+00
9.528000000000000000e+03 -2.947386503219604492e+00
9.529000000000000000e+03 -2.979084968566894531e+00
9.530000000000000000e+03 -2.956123352050781250e+00
9.531000000000000000e+03 -3.006923437118530273e+00
9.532000000000000000e+03 -3.002990484237670898e+00
9.533000000000000000e+03 -2.983289480209350586e+00
9.534000000000000000e+03 -2.964299917221069336e+00
9.535000000000000000e+03 -2.932645082473754883e+00
9.536000000000000000e+03 -3.014171123504638672e+00
9.537000000000000000e+03 -2.949414730072021484e+00
9.538000000000000000e+03 -2.990385532379150391e+00
9.539000000000000000e+03 -2.953761100769042969e+00
9.540000000000000000e+03 -2.964040517807006836e+00
9.541000000000000000e+03 -2.958764076232910156e+00
9.542000000000000000e+03 -3.028138637542724609e+00
9.543000000000000000e+03 -2.998194932937622070e+00
9.544000000000000000e+03 -2.992516994476318359e+00
9.545000000000000000e+03 -2.995940685272216797e+00
9.546000000000000000e+03 -3.067588329315185547e+00
9.547000000000000000e+03 -3.006673812866210938e+00
9.548000000000000000e+03 -3.039817333221435547e+00
9.549000000000000000e+03 -2.984978437423706055e+00
9.550000000000000000e+03 -3.006416082382202148e+00
9.551000000000000000e+03 -3.010581254959106445e+00
9.552000000000000000e+03 -2.986088275909423828e+00
9.553000000000000000e+03 -2.948536634445190430e+00
9.554000000000000000e+03 -2.967185974121093750e+00
9.555000000000000000e+03 -2.999165773391723633e+00
9.556000000000000000e+03 -3.017464160919189453e+00
9.557000000000000000e+03 -2.984086751937866211e+00
9.558000000000000000e+03 -2.976518392562866211e+00
9.559000000000000000e+03 -2.997638463973999023e+00
9.560000000000000000e+03 -2.996065855026245117e+00
9.561000000000000000e+03 -2.951434373855590820e+00
9.562000000000000000e+03 -2.930306434631347656e+00
9.563000000000000000e+03 -2.912864208221435547e+00
9.564000000000000000e+03 -2.927722215652465820e+00
9.565000000000000000e+03 -2.960812568664550781e+00
9.566000000000000000e+03 -2.995563745498657227e+00
9.567000000000000000e+03 -2.996096372604370117e+00
9.568000000000000000e+03 -2.981829643249511719e+00
9.569000000000000000e+03 -2.999664783477783203e+00
9.570000000000000000e+03 -3.033992052078247070e+00
9.571000000000000000e+03 -2.960546731948852539e+00
9.572000000000000000e+03 -3.000666618347167969e+00
9.573000000000000000e+03 -2.970117330551147461e+00
9.574000000000000000e+03 -2.996037960052490234e+00
9.575000000000000000e+03 -2.988642454147338867e+00
9.576000000000000000e+03 -2.993999958038330078e+00
9.577000000000000000e+03 -2.957468748092651367e+00
9.578000000000000000e+03 -2.948791265487670898e+00
9.579000000000000000e+03 -2.981564521789550781e+00
9.580000000000000000e+03 -2.945380926132202148e+00
9.581000000000000000e+03 -2.930846691131591797e+00
9.582000000000000000e+03 -2.944226026535034180e+00
9.583000000000000000e+03 -2.960416555404663086e+00
9.584000000000000000e+03 -2.942914009094238281e+00
9.585000000000000000e+03 -2.937438488006591797e+00
9.586000000000000000e+03 -2.980831146240234375e+00
9.587000000000000000e+03 -2.939574718475341797e+00
9.588000000000000000e+03 -2.973440408706665039e+00
9.589000000000000000e+03 -2.993589878082275391e+00
9.590000000000000000e+03 -2.923348426818847656e+00
9.591000000000000000e+03 -2.953214406967163086e+00
9.592000000000000000e+03 -2.965914964675903320e+00
9.593000000000000000e+03 -2.967280626296997070e+00
9.594000000000000000e+03 -2.967595338821411133e+00
9.595000000000000000e+03 -2.956977128982543945e+00
9.596000000000000000e+03 -2.925724029541015625e+00
9.597000000000000000e+03 -2.940550327301025391e+00
9.598000000000000000e+03 -2.976252079010009766e+00
9.599000000000000000e+03 -2.990061759948730469e+00
9.600000000000000000e+03 -3.021667003631591797e+00
9.601000000000000000e+03 -3.025106430053710938e+00
9.602000000000000000e+03 -2.954941034317016602e+00
9.603000000000000000e+03 -2.951033830642700195e+00
9.604000000000000000e+03 -2.960159301757812500e+00
9.605000000000000000e+03 -2.980313301086425781e+00
9.606000000000000000e+03 -3.004921913146972656e+00
9.607000000000000000e+03 -3.007465362548828125e+00
9.608000000000000000e+03 -2.989219903945922852e+00
9.609000000000000000e+03 -3.009858608245849609e+00
9.610000000000000000e+03 -2.993293523788452148e+00
9.611000000000000000e+03 -2.994077682495117188e+00
9.612000000000000000e+03 -2.979295015335083008e+00
9.613000000000000000e+03 -2.947107791900634766e+00
9.614000000000000000e+03 -3.017569065093994141e+00
9.615000000000000000e+03 -2.968442916870117188e+00
9.616000000000000000e+03 -2.966975212097167969e+00
9.617000000000000000e+03 -2.948593854904174805e+00
9.618000000000000000e+03 -2.962079763412475586e+00
9.619000000000000000e+03 -2.991207599639892578e+00
9.620000000000000000e+03 -2.968151569366455078e+00
9.621000000000000000e+03 -2.966489076614379883e+00
9.622000000000000000e+03 -2.968515634536743164e+00
9.623000000000000000e+03 -2.937061071395874023e+00
9.624000000000000000e+03 -2.969588041305541992e+00
9.625000000000000000e+03 -2.946322917938232422e+00
9.626000000000000000e+03 -2.975742578506469727e+00
9.627000000000000000e+03 -2.972691059112548828e+00
9.628000000000000000e+03 -2.928446292877197266e+00
9.629000000000000000e+03 -2.959870576858520508e+00
9.630000000000000000e+03 -2.926927089691162109e+00
9.631000000000000000e+03 -2.890214920043945312e+00
9.632000000000000000e+03 -2.920309543609619141e+00
9.633000000000000000e+03 -2.921681165695190430e+00
9.634000000000000000e+03 -2.938149452209472656e+00
9.635000000000000000e+03 -2.906798601150512695e+00
9.636000000000000000e+03 -2.925938367843627930e+00
9.637000000000000000e+03 -2.914045333862304688e+00
9.638000000000000000e+03 -2.889425992965698242e+00
9.639000000000000000e+03 -2.873738288879394531e+00
9.640000000000000000e+03 -2.883544921875000000e+00
9.641000000000000000e+03 -2.884030342102050781e+00
9.642000000000000000e+03 -2.847024202346801758e+00
9.643000000000000000e+03 -2.903831481933593750e+00
9.644000000000000000e+03 -2.931185483932495117e+00
9.645000000000000000e+03 -2.879339933395385742e+00
9.646000000000000000e+03 -2.918397665023803711e+00
9.647000000000000000e+03 -2.952517747879028320e+00
9.648000000000000000e+03 -2.944832801818847656e+00
9.649000000000000000e+03 -2.957823038101196289e+00
9.650000000000000000e+03 -2.991920948028564453e+00
9.651000000000000000e+03 -2.981924533843994141e+00
9.652000000000000000e+03 -2.966021060943603516e+00
9.653000000000000000e+03 -3.044327735900878906e+00
9.654000000000000000e+03 -2.965111494064331055e+00
9.655000000000000000e+03 -2.974570035934448242e+00
9.656000000000000000e+03 -2.985343456268310547e+00
9.657000000000000000e+03 -2.940364599227905273e+00
9.658000000000000000e+03 -3.033170461654663086e+00
9.659000000000000000e+03 -2.971862316131591797e+00
9.660000000000000000e+03 -3.001849174499511719e+00
9.661000000000000000e+03 -2.964331388473510742e+00
9.662000000000000000e+03 -3.013948678970336914e+00
9.663000000000000000e+03 -3.001610279083251953e+00
9.664000000000000000e+03 -3.004248142242431641e+00
9.665000000000000000e+03 -3.015862226486206055e+00
9.666000000000000000e+03 -3.002911329269409180e+00
9.667000000000000000e+03 -2.994327068328857422e+00
9.668000000000000000e+03 -2.946370601654052734e+00
9.669000000000000000e+03 -2.976540565490722656e+00
9.670000000000000000e+03 -3.005261421203613281e+00
9.671000000000000000e+03 -3.005705356597900391e+00
9.672000000000000000e+03 -3.040464878082275391e+00
9.673000000000000000e+03 -3.008058071136474609e+00
9.674000000000000000e+03 -2.998941421508789062e+00
9.675000000000000000e+03 -3.011816978454589844e+00
9.676000000000000000e+03 -2.986458539962768555e+00
9.677000000000000000e+03 -3.063364267349243164e+00
9.678000000000000000e+03 -3.025540351867675781e+00
9.679000000000000000e+03 -3.049270868301391602e+00
9.680000000000000000e+03 -3.037348270416259766e+00
9.681000000000000000e+03 -3.056541919708251953e+00
9.682000000000000000e+03 -3.007499217987060547e+00
9.683000000000000000e+03 -3.071437835693359375e+00
9.684000000000000000e+03 -3.020383119583129883e+00
9.685000000000000000e+03 -3.004749298095703125e+00
9.686000000000000000e+03 -2.989543676376342773e+00
9.687000000000000000e+03 -2.988551378250122070e+00
9.688000000000000000e+03 -3.010876893997192383e+00
9.689000000000000000e+03 -2.997199058532714844e+00
9.690000000000000000e+03 -2.966872453689575195e+00
9.691000000000000000e+03 -3.003359079360961914e+00
9.692000000000000000e+03 -3.003471851348876953e+00
9.693000000000000000e+03 -2.986633777618408203e+00
9.694000000000000000e+03 -3.006285667419433594e+00
9.695000000000000000e+03 -2.993577003479003906e+00
9.696000000000000000e+03 -3.003305912017822266e+00
9.697000000000000000e+03 -2.995601415634155273e+00
9.698000000000000000e+03 -3.019903182983398438e+00
9.699000000000000000e+03 -2.979502916336059570e+00
9.700000000000000000e+03 -2.999684095382690430e+00
9.701000000000000000e+03 -2.944458723068237305e+00
9.702000000000000000e+03 -2.994339942932128906e+00
9.703000000000000000e+03 -3.003215312957763672e+00
9.704000000000000000e+03 -3.061765193939208984e+00
9.705000000000000000e+03 -3.033855438232421875e+00
9.706000000000000000e+03 -3.014656305313110352e+00
9.707000000000000000e+03 -3.020820617675781250e+00
9.708000000000000000e+03 -2.977921247482299805e+00
9.709000000000000000e+03 -3.027032852172851562e+00
9.710000000000000000e+03 -2.974543094635009766e+00
9.711000000000000000e+03 -2.961494922637939453e+00
9.712000000000000000e+03 -2.991756439208984375e+00
9.713000000000000000e+03 -2.962238788604736328e+00
9.714000000000000000e+03 -2.985700368881225586e+00
9.715000000000000000e+03 -2.980052471160888672e+00
9.716000000000000000e+03 -2.939836263656616211e+00
9.717000000000000000e+03 -2.947740554809570312e+00
9.718000000000000000e+03 -2.948734045028686523e+00
9.719000000000000000e+03 -2.972304344177246094e+00
9.720000000000000000e+03 -2.935167074203491211e+00
9.721000000000000000e+03 -2.936194181442260742e+00
9.722000000000000000e+03 -2.971464395523071289e+00
9.723000000000000000e+03 -2.940612554550170898e+00
9.724000000000000000e+03 -2.934980869293212891e+00
9.725000000000000000e+03 -2.912815570831298828e+00
9.726000000000000000e+03 -2.928337812423706055e+00
9.727000000000000000e+03 -2.974199771881103516e+00
9.728000000000000000e+03 -2.980950832366943359e+00
9.729000000000000000e+03 -2.963569164276123047e+00
9.730000000000000000e+03 -2.919672012329101562e+00
9.731000000000000000e+03 -2.908149719238281250e+00
9.732000000000000000e+03 -2.959510564804077148e+00
9.733000000000000000e+03 -3.009453535079956055e+00
9.734000000000000000e+03 -2.948425769805908203e+00
9.735000000000000000e+03 -2.975833892822265625e+00
9.736000000000000000e+03 -2.963912010192871094e+00
9.737000000000000000e+03 -2.989976882934570312e+00
9.738000000000000000e+03 -3.020573377609252930e+00
9.739000000000000000e+03 -3.014297008514404297e+00
9.740000000000000000e+03 -3.015017986297607422e+00
9.741000000000000000e+03 -3.001862287521362305e+00
9.742000000000000000e+03 -3.001434564590454102e+00
9.743000000000000000e+03 -2.998440027236938477e+00
9.744000000000000000e+03 -3.002469539642333984e+00
9.745000000000000000e+03 -3.019381046295166016e+00
9.746000000000000000e+03 -3.017460107803344727e+00
9.747000000000000000e+03 -3.004743576049804688e+00
9.748000000000000000e+03 -3.012887239456176758e+00
9.749000000000000000e+03 -2.974914312362670898e+00
9.750000000000000000e+03 -3.013446331024169922e+00
9.751000000000000000e+03 -3.046333074569702148e+00
9.752000000000000000e+03 -3.033021688461303711e+00
9.753000000000000000e+03 -3.037716627120971680e+00
9.754000000000000000e+03 -3.007389783859252930e+00
9.755000000000000000e+03 -2.992844343185424805e+00
9.756000000000000000e+03 -2.982093572616577148e+00
9.757000000000000000e+03 -2.995370864868164062e+00
9.758000000000000000e+03 -2.979403018951416016e+00
9.759000000000000000e+03 -2.992194175720214844e+00
9.760000000000000000e+03 -2.970622539520263672e+00
9.761000000000000000e+03 -3.008926153182983398e+00
9.762000000000000000e+03 -2.976049661636352539e+00
9.763000000000000000e+03 -2.997498750686645508e+00
9.764000000000000000e+03 -3.014420270919799805e+00
9.765000000000000000e+03 -3.016583204269409180e+00
9.766000000000000000e+03 -2.985155105590820312e+00
9.767000000000000000e+03 -3.027589321136474609e+00
9.768000000000000000e+03 -3.025941848754882812e+00
9.769000000000000000e+03 -3.040440797805786133e+00
9.770000000000000000e+03 -3.045118808746337891e+00
9.771000000000000000e+03 -2.998070240020751953e+00
9.772000000000000000e+03 -3.048059463500976562e+00
9.773000000000000000e+03 -3.030269384384155273e+00
9.774000000000000000e+03 -2.989946365356445312e+00
9.775000000000000000e+03 -3.034533023834228516e+00
9.776000000000000000e+03 -3.040666818618774414e+00
9.777000000000000000e+03 -3.064442396163940430e+00
9.778000000000000000e+03 -2.997006177902221680e+00
9.779000000000000000e+03 -3.009276151657104492e+00
9.780000000000000000e+03 -2.971389770507812500e+00
9.781000000000000000e+03 -2.981891155242919922e+00
9.782000000000000000e+03 -3.002569198608398438e+00
9.783000000000000000e+03 -3.005877733230590820e+00
9.784000000000000000e+03 -3.007681369781494141e+00
9.785000000000000000e+03 -2.989086866378784180e+00
9.786000000000000000e+03 -2.962136268615722656e+00
9.787000000000000000e+03 -3.015335321426391602e+00
9.788000000000000000e+03 -2.998504400253295898e+00
9.789000000000000000e+03 -2.963509559631347656e+00
9.790000000000000000e+03 -2.984747648239135742e+00
9.791000000000000000e+03 -2.984250068664550781e+00
9.792000000000000000e+03 -2.990723371505737305e+00
9.793000000000000000e+03 -2.937254667282104492e+00
9.794000000000000000e+03 -2.984693288803100586e+00
9.795000000000000000e+03 -2.991086721420288086e+00
9.796000000000000000e+03 -2.970347166061401367e+00
9.797000000000000000e+03 -2.969880819320678711e+00
9.798000000000000000e+03 -2.980216503143310547e+00
9.799000000000000000e+03 -2.974752187728881836e+00
9.800000000000000000e+03 -2.980463027954101562e+00
9.801000000000000000e+03 -2.981074094772338867e+00
9.802000000000000000e+03 -2.954087018966674805e+00
9.803000000000000000e+03 -2.914983272552490234e+00
9.804000000000000000e+03 -2.991931438446044922e+00
9.805000000000000000e+03 -2.999503850936889648e+00
9.806000000000000000e+03 -2.989672899246215820e+00
9.807000000000000000e+03 -2.988105058670043945e+00
9.808000000000000000e+03 -3.010186672210693359e+00
9.809000000000000000e+03 -3.012927532196044922e+00
9.810000000000000000e+03 -2.980133295059204102e+00
9.811000000000000000e+03 -3.005178689956665039e+00
9.812000000000000000e+03 -2.975587844848632812e+00
9.813000000000000000e+03 -2.980666399002075195e+00
9.814000000000000000e+03 -2.999675989151000977e+00
9.815000000000000000e+03 -3.006367206573486328e+00
9.816000000000000000e+03 -3.011769771575927734e+00
9.817000000000000000e+03 -3.006138801574707031e+00
9.818000000000000000e+03 -2.941590070724487305e+00
9.819000000000000000e+03 -2.998416185379028320e+00
9.820000000000000000e+03 -3.028076887130737305e+00
9.821000000000000000e+03 -2.968687057495117188e+00
9.822000000000000000e+03 -2.990929603576660156e+00
9.823000000000000000e+03 -2.980064868927001953e+00
9.824000000000000000e+03 -2.983657598495483398e+00
9.825000000000000000e+03 -3.024203300476074219e+00
9.826000000000000000e+03 -2.959387302398681641e+00
9.827000000000000000e+03 -2.990664243698120117e+00
9.828000000000000000e+03 -3.009093761444091797e+00
9.829000000000000000e+03 -2.990335941314697266e+00
9.830000000000000000e+03 -3.004391670227050781e+00
9.831000000000000000e+03 -3.000488042831420898e+00
9.832000000000000000e+03 -3.029514312744140625e+00
9.833000000000000000e+03 -2.999643564224243164e+00
9.834000000000000000e+03 -2.989765405654907227e+00
9.835000000000000000e+03 -2.970330953598022461e+00
9.836000000000000000e+03 -2.965479850769042969e+00
9.837000000000000000e+03 -2.938021183013916016e+00
9.838000000000000000e+03 -2.967514991760253906e+00
9.839000000000000000e+03 -2.980766296386718750e+00
9.840000000000000000e+03 -2.990729808807373047e+00
9.841000000000000000e+03 -2.984118700027465820e+00
9.842000000000000000e+03 -3.013955593109130859e+00
9.843000000000000000e+03 -2.974752187728881836e+00
9.844000000000000000e+03 -3.010671377182006836e+00
9.845000000000000000e+03 -2.980567693710327148e+00
9.846000000000000000e+03 -3.006130218505859375e+00
9.847000000000000000e+03 -3.002712965011596680e+00
9.848000000000000000e+03 -2.976072788238525391e+00
9.849000000000000000e+03 -2.971939563751220703e+00
9.850000000000000000e+03 -2.980082988739013672e+00
9.851000000000000000e+03 -2.977589607238769531e+00
9.852000000000000000e+03 -2.997975826263427734e+00
9.853000000000000000e+03 -2.965312957763671875e+00
9.854000000000000000e+03 -2.998377323150634766e+00
9.855000000000000000e+03 -2.969957590103149414e+00
9.856000000000000000e+03 -2.955931663513183594e+00
9.857000000000000000e+03 -2.924368381500244141e+00
9.858000000000000000e+03 -2.951285600662231445e+00
9.859000000000000000e+03 -2.963431119918823242e+00
9.860000000000000000e+03 -2.945355176925659180e+00
9.861000000000000000e+03 -2.901532888412475586e+00
9.862000000000000000e+03 -2.953116893768310547e+00
9.863000000000000000e+03 -2.932807445526123047e+00
9.864000000000000000e+03 -2.920732975006103516e+00
9.865000000000000000e+03 -2.927405357360839844e+00
9.866000000000000000e+03 -2.946447610855102539e+00
9.867000000000000000e+03 -2.969942092895507812e+00
9.868000000000000000e+03 -2.964199304580688477e+00
9.869000000000000000e+03 -2.997380971908569336e+00
9.870000000000000000e+03 -2.952748775482177734e+00
9.871000000000000000e+03 -2.963500022888183594e+00
9.872000000000000000e+03 -2.934461593627929688e+00
9.873000000000000000e+03 -2.903667688369750977e+00
9.874000000000000000e+03 -2.948887348175048828e+00
9.875000000000000000e+03 -2.915898323059082031e+00
9.876000000000000000e+03 -2.976091384887695312e+00
9.877000000000000000e+03 -3.012638092041015625e+00
9.878000000000000000e+03 -2.933806419372558594e+00
9.879000000000000000e+03 -2.929273605346679688e+00
9.880000000000000000e+03 -2.917580842971801758e+00
9.881000000000000000e+03 -2.910365819931030273e+00
9.882000000000000000e+03 -2.957026958465576172e+00
9.883000000000000000e+03 -2.980722904205322266e+00
9.884000000000000000e+03 -2.995615720748901367e+00
9.885000000000000000e+03 -2.975090265274047852e+00
9.886000000000000000e+03 -2.972752809524536133e+00
9.887000000000000000e+03 -2.960196971893310547e+00
9.888000000000000000e+03 -2.989296436309814453e+00
9.889000000000000000e+03 -2.980513811111450195e+00
9.890000000000000000e+03 -2.942055702209472656e+00
9.891000000000000000e+03 -2.991835355758666992e+00
9.892000000000000000e+03 -2.948890447616577148e+00
9.893000000000000000e+03 -2.955738544464111328e+00
9.894000000000000000e+03 -3.010365009307861328e+00
9.895000000000000000e+03 -2.970005035400390625e+00
9.896000000000000000e+03 -2.959836006164550781e+00
9.897000000000000000e+03 -2.974052667617797852e+00
9.898000000000000000e+03 -2.941800832748413086e+00
9.899000000000000000e+03 -2.937461376190185547e+00
9.900000000000000000e+03 -2.987817287445068359e+00
9.901000000000000000e+03 -2.966857194900512695e+00
9.902000000000000000e+03 -2.979392766952514648e+00
9.903000000000000000e+03 -2.973346471786499023e+00
9.904000000000000000e+03 -3.011502027511596680e+00
9.905000000000000000e+03 -2.943828821182250977e+00
9.906000000000000000e+03 -2.968632936477661133e+00
9.907000000000000000e+03 -2.964599609375000000e+00
9.908000000000000000e+03 -2.985447168350219727e+00
9.909000000000000000e+03 -3.008890867233276367e+00
9.910000000000000000e+03 -2.974856138229370117e+00
9.911000000000000000e+03 -2.960881710052490234e+00
9.912000000000000000e+03 -2.961487531661987305e+00
9.913000000000000000e+03 -2.937588214874267578e+00
9.914000000000000000e+03 -2.969037532806396484e+00
9.915000000000000000e+03 -2.935319185256958008e+00
9.916000000000000000e+03 -2.899296998977661133e+00
9.917000000000000000e+03 -2.868102073669433594e+00
9.918000000000000000e+03 -2.967740535736083984e+00
9.919000000000000000e+03 -2.967513799667358398e+00
9.920000000000000000e+03 -2.975302219390869141e+00
9.921000000000000000e+03 -2.976031303405761719e+00
9.922000000000000000e+03 -2.999811410903930664e+00
9.923000000000000000e+03 -2.979476213455200195e+00
9.924000000000000000e+03 -2.982978343963623047e+00
9.925000000000000000e+03 -2.958091735839843750e+00
9.926000000000000000e+03 -2.952733755111694336e+00
9.927000000000000000e+03 -2.965608835220336914e+00
9.928000000000000000e+03 -2.948554754257202148e+00
9.929000000000000000e+03 -2.945137023925781250e+00
9.930000000000000000e+03 -2.948659181594848633e+00
9.931000000000000000e+03 -2.916584491729736328e+00
9.932000000000000000e+03 -2.953669786453247070e+00
9.933000000000000000e+03 -2.972587108612060547e+00
9.934000000000000000e+03 -2.970806598663330078e+00
9.935000000000000000e+03 -2.959819078445434570e+00
9.936000000000000000e+03 -2.930818796157836914e+00
9.937000000000000000e+03 -2.996723413467407227e+00
9.938000000000000000e+03 -3.018429994583129883e+00
9.939000000000000000e+03 -3.025619506835937500e+00
9.940000000000000000e+03 -3.023607254028320312e+00
9.941000000000000000e+03 -3.017335176467895508e+00
9.942000000000000000e+03 -2.994698286056518555e+00
9.943000000000000000e+03 -3.021426677703857422e+00
9.944000000000000000e+03 -3.003824710845947266e+00
9.945000000000000000e+03 -2.977553606033325195e+00
9.946000000000000000e+03 -2.982677459716796875e+00
9.947000000000000000e+03 -2.973155021667480469e+00
9.948000000000000000e+03 -3.020536184310913086e+00
9.949000000000000000e+03 -2.953433275222778320e+00
9.950000000000000000e+03 -3.022815704345703125e+00
9.951000000000000000e+03 -3.004911899566650391e+00
9.952000000000000000e+03 -3.011557579040527344e+00
9.953000000000000000e+03 -3.035923957824707031e+00
9.954000000000000000e+03 -3.033318281173706055e+00
9.955000000000000000e+03 -3.006730794906616211e+00
9.956000000000000000e+03 -2.998838663101196289e+00
9.957000000000000000e+03 -3.021883249282836914e+00
9.958000000000000000e+03 -3.068463325500488281e+00
9.959000000000000000e+03 -3.054770708084106445e+00
9.960000000000000000e+03 -3.045414686203002930e+00
9.961000000000000000e+03 -3.061979532241821289e+00
9.962000000000000000e+03 -3.009794473648071289e+00
9.963000000000000000e+03 -3.070631027221679688e+00
9.964000000000000000e+03 -3.060770988464355469e+00
9.965000000000000000e+03 -3.084248304367065430e+00
9.966000000000000000e+03 -3.082373142242431641e+00
9.967000000000000000e+03 -3.029267549514770508e+00
9.968000000000000000e+03 -3.057994842529296875e+00
9.969000000000000000e+03 -3.053956031799316406e+00
9.970000000000000000e+03 -3.068289518356323242e+00
9.971000000000000000e+03 -3.073732614517211914e+00
9.972000000000000000e+03 -3.020667552947998047e+00
9.973000000000000000e+03 -3.046640157699584961e+00
9.974000000000000000e+03 -3.044438838958740234e+00
9.975000000000000000e+03 -3.031190156936645508e+00
9.976000000000000000e+03 -3.028522253036499023e+00
9.977000000000000000e+03 -3.036776542663574219e+00
9.978000000000000000e+03 -2.984398126602172852e+00
9.979000000000000000e+03 -2.996741294860839844e+00
9.980000000000000000e+03 -3.012919425964355469e+00
9.981000000000000000e+03 -2.994439840316772461e+00
9.982000000000000000e+03 -2.960905075073242188e+00
9.983000000000000000e+03 -2.959083080291748047e+00
9.984000000000000000e+03 -2.968681335449218750e+00
9.985000000000000000e+03 -3.003113031387329102e+00
9.986000000000000000e+03 -3.014045715332031250e+00
9.987000000000000000e+03 -3.030356407165527344e+00
9.988000000000000000e+03 -2.995722293853759766e+00
9.989000000000000000e+03 -2.982140541076660156e+00
9.990000000000000000e+03 -3.017467975616455078e+00
9.991000000000000000e+03 -3.000718832015991211e+00
9.992000000000000000e+03 -3.020643234252929688e+00
9.993000000000000000e+03 -3.048310279846191406e+00
9.994000000000000000e+03 -3.043551206588745117e+00
9.995000000000000000e+03 -3.037827253341674805e+00
9.996000000000000000e+03 -3.026191234588623047e+00
9.997000000000000000e+03 -3.036462306976318359e+00
9.998000000000000000e+03 -3.050733566284179688e+00
9.999000000000000000e+03 -3.071117639541625977e+00
