0.000000000000000000e+00 1.255889177322387695e+00
1.000000000000000000e+00 1.283007144927978516e+00
2.000000000000000000e+00 1.254107832908630371e+00
3.000000000000000000e+00 1.264562964439392090e+00
4.000000000000000000e+00 1.310107469558715820e+00
5.000000000000000000e+00 1.260862946510314941e+00
6.000000000000000000e+00 1.293244361877441406e+00
7.000000000000000000e+00 1.295959711074829102e+00
8.000000000000000000e+00 1.270601868629455566e+00
9.000000000000000000e+00 1.285742759704589844e+00
1.000000000000000000e+01 1.262154340744018555e+00
1.100000000000000000e+01 1.269178867340087891e+00
1.200000000000000000e+01 1.274234056472778320e+00
1.300000000000000000e+01 1.252488255500793457e+00
1.400000000000000000e+01 1.246927142143249512e+00
1.500000000000000000e+01 1.256770730018615723e+00
1.600000000000000000e+01 1.249096989631652832e+00
1.700000000000000000e+01 1.255851507186889648e+00
1.800000000000000000e+01 1.251953840255737305e+00
1.900000000000000000e+01 1.245245814323425293e+00
2.000000000000000000e+01 1.224894046783447266e+00
2.100000000000000000e+01 1.243157267570495605e+00
2.200000000000000000e+01 1.282053232192993164e+00
2.300000000000000000e+01 1.250163555145263672e+00
2.400000000000000000e+01 1.210158348083496094e+00
2.500000000000000000e+01 1.266414642333984375e+00
2.600000000000000000e+01 1.269340991973876953e+00
2.700000000000000000e+01 1.254402279853820801e+00
2.800000000000000000e+01 1.268185138702392578e+00
2.900000000000000000e+01 1.273404121398925781e+00
3.000000000000000000e+01 1.254510760307312012e+00
3.100000000000000000e+01 1.231682777404785156e+00
3.200000000000000000e+01 1.254599809646606445e+00
3.300000000000000000e+01 1.266431093215942383e+00
3.400000000000000000e+01 1.283726096153259277e+00
3.500000000000000000e+01 1.263273358345031738e+00
3.600000000000000000e+01 1.286709189414978027e+00
3.700000000000000000e+01 1.274164557456970215e+00
3.800000000000000000e+01 1.267492055892944336e+00
3.900000000000000000e+01 1.278414726257324219e+00
4.000000000000000000e+01 1.273392438888549805e+00
4.100000000000000000e+01 1.244304656982421875e+00
4.200000000000000000e+01 1.261048793792724609e+00
4.300000000000000000e+01 1.246096849441528320e+00
4.400000000000000000e+01 1.255328893661499023e+00
4.500000000000000000e+01 1.262763381004333496e+00
4.600000000000000000e+01 1.260908484458923340e+00
4.700000000000000000e+01 1.242553234100341797e+00
4.800000000000000000e+01 1.247318983078002930e+00
4.900000000000000000e+01 1.223409891128540039e+00
5.000000000000000000e+01 1.232040643692016602e+00
5.100000000000000000e+01 1.255004882812500000e+00
5.200000000000000000e+01 1.238417387008666992e+00
5.300000000000000000e+01 1.242991924285888672e+00
5.400000000000000000e+01 1.223447918891906738e+00
5.500000000000000000e+01 1.238237142562866211e+00
5.600000000000000000e+01 1.239992856979370117e+00
5.700000000000000000e+01 1.236968994140625000e+00
5.800000000000000000e+01 1.243236541748046875e+00
5.900000000000000000e+01 1.254250884056091309e+00
6.000000000000000000e+01 1.229719996452331543e+00
6.100000000000000000e+01 1.272115468978881836e+00
6.200000000000000000e+01 1.267572999000549316e+00
6.300000000000000000e+01 1.261106371879577637e+00
6.400000000000000000e+01 1.264423370361328125e+00
6.500000000000000000e+01 1.258882164955139160e+00
6.600000000000000000e+01 1.279325366020202637e+00
6.700000000000000000e+01 1.249712467193603516e+00
6.800000000000000000e+01 1.264798879623413086e+00
6.900000000000000000e+01 1.246100664138793945e+00
7.000000000000000000e+01 1.263291835784912109e+00
7.100000000000000000e+01 1.231375932693481445e+00
7.200000000000000000e+01 1.253276705741882324e+00
7.300000000000000000e+01 1.247468709945678711e+00
7.400000000000000000e+01 1.278791069984436035e+00
7.500000000000000000e+01 1.251888036727905273e+00
7.600000000000000000e+01 1.294414281845092773e+00
7.700000000000000000e+01 1.282292962074279785e+00
7.800000000000000000e+01 1.283378005027770996e+00
7.900000000000000000e+01 1.264777064323425293e+00
8.000000000000000000e+01 1.256792902946472168e+00
8.100000000000000000e+01 1.283428907394409180e+00
8.200000000000000000e+01 1.268199086189270020e+00
8.300000000000000000e+01 1.250980734825134277e+00
8.400000000000000000e+01 1.245707511901855469e+00
8.500000000000000000e+01 1.274581193923950195e+00
8.600000000000000000e+01 1.252502918243408203e+00
8.700000000000000000e+01 1.248635888099670410e+00
8.800000000000000000e+01 1.261364698410034180e+00
8.900000000000000000e+01 1.252278327941894531e+00
9.000000000000000000e+01 1.261380434036254883e+00
9.100000000000000000e+01 1.258396744728088379e+00
9.200000000000000000e+01 1.240924119949340820e+00
9.300000000000000000e+01 1.253006339073181152e+00
9.400000000000000000e+01 1.297359943389892578e+00
9.500000000000000000e+01 1.251296877861022949e+00
9.600000000000000000e+01 1.270783424377441406e+00
9.700000000000000000e+01 1.247337460517883301e+00
9.800000000000000000e+01 1.279756188392639160e+00
9.900000000000000000e+01 1.283845543861389160e+00
1.000000000000000000e+02 1.276465892791748047e+00
1.010000000000000000e+02 1.265626430511474609e+00
1.020000000000000000e+02 1.259214639663696289e+00
1.030000000000000000e+02 1.264272689819335938e+00
1.040000000000000000e+02 1.268073201179504395e+00
1.050000000000000000e+02 1.238999605178833008e+00
1.060000000000000000e+02 1.269101738929748535e+00
1.070000000000000000e+02 1.287725329399108887e+00
1.080000000000000000e+02 1.231678247451782227e+00
1.090000000000000000e+02 1.287080764770507812e+00
1.100000000000000000e+02 1.296658635139465332e+00
1.110000000000000000e+02 1.236489415168762207e+00
1.120000000000000000e+02 1.252992033958435059e+00
1.130000000000000000e+02 1.270787954330444336e+00
1.140000000000000000e+02 1.285990715026855469e+00
1.150000000000000000e+02 1.263347744941711426e+00
1.160000000000000000e+02 1.229056239128112793e+00
1.170000000000000000e+02 1.274590730667114258e+00
1.180000000000000000e+02 1.266528248786926270e+00
1.190000000000000000e+02 1.275191783905029297e+00
1.200000000000000000e+02 1.268879890441894531e+00
1.210000000000000000e+02 1.266227126121520996e+00
1.220000000000000000e+02 1.277840018272399902e+00
1.230000000000000000e+02 1.259163379669189453e+00
1.240000000000000000e+02 1.239911913871765137e+00
1.250000000000000000e+02 1.259683370590209961e+00
1.260000000000000000e+02 1.252606153488159180e+00
1.270000000000000000e+02 1.233730316162109375e+00
1.280000000000000000e+02 1.220221996307373047e+00
1.290000000000000000e+02 1.251263499259948730e+00
1.300000000000000000e+02 1.272047519683837891e+00
1.310000000000000000e+02 1.262380361557006836e+00
1.320000000000000000e+02 1.276658058166503906e+00
1.330000000000000000e+02 1.253058195114135742e+00
1.340000000000000000e+02 1.290409684181213379e+00
1.350000000000000000e+02 1.259705781936645508e+00
1.360000000000000000e+02 1.233841896057128906e+00
1.370000000000000000e+02 1.270092248916625977e+00
1.380000000000000000e+02 1.227658390998840332e+00
1.390000000000000000e+02 1.244309425354003906e+00
1.400000000000000000e+02 1.266765713691711426e+00
1.410000000000000000e+02 1.260147929191589355e+00
1.420000000000000000e+02 1.250685930252075195e+00
1.430000000000000000e+02 1.246573805809020996e+00
1.440000000000000000e+02 1.257991671562194824e+00
1.450000000000000000e+02 1.294148564338684082e+00
1.460000000000000000e+02 1.228648900985717773e+00
1.470000000000000000e+02 1.258545398712158203e+00
1.480000000000000000e+02 1.277922391891479492e+00
1.490000000000000000e+02 1.272881984710693359e+00
1.500000000000000000e+02 1.241469144821166992e+00
1.510000000000000000e+02 1.235938072204589844e+00
1.520000000000000000e+02 1.308978080749511719e+00
1.530000000000000000e+02 1.248262405395507812e+00
1.540000000000000000e+02 1.256214380264282227e+00
1.550000000000000000e+02 1.244766354560852051e+00
1.560000000000000000e+02 1.309507608413696289e+00
1.570000000000000000e+02 1.245489239692687988e+00
1.580000000000000000e+02 1.241456270217895508e+00
1.590000000000000000e+02 1.264799237251281738e+00
1.600000000000000000e+02 1.275550127029418945e+00
1.610000000000000000e+02 1.277366518974304199e+00
1.620000000000000000e+02 1.300618290901184082e+00
1.630000000000000000e+02 1.270269751548767090e+00
1.640000000000000000e+02 1.294824361801147461e+00
1.650000000000000000e+02 1.296546339988708496e+00
1.660000000000000000e+02 1.291820287704467773e+00
1.670000000000000000e+02 1.269486784934997559e+00
1.680000000000000000e+02 1.265925407409667969e+00
1.690000000000000000e+02 1.280627489089965820e+00
1.700000000000000000e+02 1.233680009841918945e+00
1.710000000000000000e+02 1.267707467079162598e+00
1.720000000000000000e+02 1.289318680763244629e+00
1.730000000000000000e+02 1.229771614074707031e+00
1.740000000000000000e+02 1.281563401222229004e+00
1.750000000000000000e+02 1.254433393478393555e+00
1.760000000000000000e+02 1.231740593910217285e+00
1.770000000000000000e+02 1.220689415931701660e+00
1.780000000000000000e+02 1.235848903656005859e+00
1.790000000000000000e+02 1.250078082084655762e+00
1.800000000000000000e+02 1.244280099868774414e+00
1.810000000000000000e+02 1.259313464164733887e+00
1.820000000000000000e+02 1.260778903961181641e+00
1.830000000000000000e+02 1.277035951614379883e+00
1.840000000000000000e+02 1.262584328651428223e+00
1.850000000000000000e+02 1.246953248977661133e+00
1.860000000000000000e+02 1.253278374671936035e+00
1.870000000000000000e+02 1.268718361854553223e+00
1.880000000000000000e+02 1.220308542251586914e+00
1.890000000000000000e+02 1.281611084938049316e+00
1.900000000000000000e+02 1.229797720909118652e+00
1.910000000000000000e+02 1.307112097740173340e+00
1.920000000000000000e+02 1.256467938423156738e+00
1.930000000000000000e+02 1.243571519851684570e+00
1.940000000000000000e+02 1.270718336105346680e+00
1.950000000000000000e+02 1.248579502105712891e+00
1.960000000000000000e+02 1.262648344039916992e+00
1.970000000000000000e+02 1.284953951835632324e+00
1.980000000000000000e+02 1.297220587730407715e+00
1.990000000000000000e+02 1.292782664299011230e+00
2.000000000000000000e+02 1.249751567840576172e+00
2.010000000000000000e+02 1.269643902778625488e+00
2.020000000000000000e+02 1.331682801246643066e+00
2.030000000000000000e+02 1.304357767105102539e+00
2.040000000000000000e+02 1.262917160987854004e+00
2.050000000000000000e+02 1.288568496704101562e+00
2.060000000000000000e+02 1.306236982345581055e+00
2.070000000000000000e+02 1.265737056732177734e+00
2.080000000000000000e+02 1.282597899436950684e+00
2.090000000000000000e+02 1.276185750961303711e+00
2.100000000000000000e+02 1.285024046897888184e+00
2.110000000000000000e+02 1.277465343475341797e+00
2.120000000000000000e+02 1.279354333877563477e+00
2.130000000000000000e+02 1.288374543190002441e+00
2.140000000000000000e+02 1.296879649162292480e+00
2.150000000000000000e+02 1.270851731300354004e+00
2.160000000000000000e+02 1.276487946510314941e+00
2.170000000000000000e+02 1.262155294418334961e+00
2.180000000000000000e+02 1.266732573509216309e+00
2.190000000000000000e+02 1.260824322700500488e+00
2.200000000000000000e+02 1.258076906204223633e+00
2.210000000000000000e+02 1.254768848419189453e+00
2.220000000000000000e+02 1.268519878387451172e+00
2.230000000000000000e+02 1.256932258605957031e+00
2.240000000000000000e+02 1.259845376014709473e+00
2.250000000000000000e+02 1.274690151214599609e+00
2.260000000000000000e+02 1.221905946731567383e+00
2.270000000000000000e+02 1.242299795150756836e+00
2.280000000000000000e+02 1.252463102340698242e+00
2.290000000000000000e+02 1.288138270378112793e+00
2.300000000000000000e+02 1.249313592910766602e+00
2.310000000000000000e+02 1.277234077453613281e+00
2.320000000000000000e+02 1.266154289245605469e+00
2.330000000000000000e+02 1.262103438377380371e+00
2.340000000000000000e+02 1.236066818237304688e+00
2.350000000000000000e+02 1.257205009460449219e+00
2.360000000000000000e+02 1.259679555892944336e+00
2.370000000000000000e+02 1.248783826828002930e+00
2.380000000000000000e+02 1.285294651985168457e+00
2.390000000000000000e+02 1.265723466873168945e+00
2.400000000000000000e+02 1.285028219223022461e+00
2.410000000000000000e+02 1.267913341522216797e+00
2.420000000000000000e+02 1.250793814659118652e+00
2.430000000000000000e+02 1.267965912818908691e+00
2.440000000000000000e+02 1.249286770820617676e+00
2.450000000000000000e+02 1.275751948356628418e+00
2.460000000000000000e+02 1.242723464965820312e+00
2.470000000000000000e+02 1.264011740684509277e+00
2.480000000000000000e+02 1.293571710586547852e+00
2.490000000000000000e+02 1.248228192329406738e+00
2.500000000000000000e+02 1.275296688079833984e+00
2.510000000000000000e+02 1.248967409133911133e+00
2.520000000000000000e+02 1.268690109252929688e+00
2.530000000000000000e+02 1.251563906669616699e+00
2.540000000000000000e+02 1.261394739151000977e+00
2.550000000000000000e+02 1.238905906677246094e+00
2.560000000000000000e+02 1.257404208183288574e+00
2.570000000000000000e+02 1.265112638473510742e+00
2.580000000000000000e+02 1.255251884460449219e+00
2.590000000000000000e+02 1.239535212516784668e+00
2.600000000000000000e+02 1.241436600685119629e+00
2.610000000000000000e+02 1.253380656242370605e+00
2.620000000000000000e+02 1.273826003074645996e+00
2.630000000000000000e+02 1.257785201072692871e+00
2.640000000000000000e+02 1.271240234375000000e+00
2.650000000000000000e+02 1.280964136123657227e+00
2.660000000000000000e+02 1.268175482749938965e+00
2.670000000000000000e+02 1.256338596343994141e+00
2.680000000000000000e+02 1.227472782135009766e+00
2.690000000000000000e+02 1.240867733955383301e+00
2.700000000000000000e+02 1.214613795280456543e+00
2.710000000000000000e+02 1.240214467048645020e+00
2.720000000000000000e+02 1.265099287033081055e+00
2.730000000000000000e+02 1.277631402015686035e+00
2.740000000000000000e+02 1.269580960273742676e+00
2.750000000000000000e+02 1.223369359970092773e+00
2.760000000000000000e+02 1.275077700614929199e+00
2.770000000000000000e+02 1.238794207572937012e+00
2.780000000000000000e+02 1.255450487136840820e+00
2.790000000000000000e+02 1.271464467048645020e+00
2.800000000000000000e+02 1.257844686508178711e+00
2.810000000000000000e+02 1.203760147094726562e+00
2.820000000000000000e+02 1.241673469543457031e+00
2.830000000000000000e+02 1.270736217498779297e+00
2.840000000000000000e+02 1.264689445495605469e+00
2.850000000000000000e+02 1.250911474227905273e+00
2.860000000000000000e+02 1.259677648544311523e+00
2.870000000000000000e+02 1.243108987808227539e+00
2.880000000000000000e+02 1.236572265625000000e+00
2.890000000000000000e+02 1.270585417747497559e+00
2.900000000000000000e+02 1.254944324493408203e+00
2.910000000000000000e+02 1.243589401245117188e+00
2.920000000000000000e+02 1.282180190086364746e+00
2.930000000000000000e+02 1.249688863754272461e+00
2.940000000000000000e+02 1.273062944412231445e+00
2.950000000000000000e+02 1.245491981506347656e+00
2.960000000000000000e+02 1.246408581733703613e+00
2.970000000000000000e+02 1.250842332839965820e+00
2.980000000000000000e+02 1.254108428955078125e+00
2.990000000000000000e+02 1.233944058418273926e+00
3.000000000000000000e+02 1.236443758010864258e+00
3.010000000000000000e+02 1.241227388381958008e+00
3.020000000000000000e+02 1.264974832534790039e+00
3.030000000000000000e+02 1.268762350082397461e+00
3.040000000000000000e+02 1.273374557495117188e+00
3.050000000000000000e+02 1.278148651123046875e+00
3.060000000000000000e+02 1.216895341873168945e+00
3.070000000000000000e+02 1.228230118751525879e+00
3.080000000000000000e+02 1.247488021850585938e+00
3.090000000000000000e+02 1.232387065887451172e+00
3.100000000000000000e+02 1.268721938133239746e+00
3.110000000000000000e+02 1.240821599960327148e+00
3.120000000000000000e+02 1.270302057266235352e+00
3.130000000000000000e+02 1.259384512901306152e+00
3.140000000000000000e+02 1.256446599960327148e+00
3.150000000000000000e+02 1.241313934326171875e+00
3.160000000000000000e+02 1.234794616699218750e+00
3.170000000000000000e+02 1.227197170257568359e+00
3.180000000000000000e+02 1.260085582733154297e+00
3.190000000000000000e+02 1.216397523880004883e+00
3.200000000000000000e+02 1.223108530044555664e+00
3.210000000000000000e+02 1.244416475296020508e+00
3.220000000000000000e+02 1.235111474990844727e+00
3.230000000000000000e+02 1.260493516921997070e+00
3.240000000000000000e+02 1.241366505622863770e+00
3.250000000000000000e+02 1.236609697341918945e+00
3.260000000000000000e+02 1.236880660057067871e+00
3.270000000000000000e+02 1.260231375694274902e+00
3.280000000000000000e+02 1.237863659858703613e+00
3.290000000000000000e+02 1.234106063842773438e+00
3.300000000000000000e+02 1.244561553001403809e+00
3.310000000000000000e+02 1.217209339141845703e+00
3.320000000000000000e+02 1.218729496002197266e+00
3.330000000000000000e+02 1.251601934432983398e+00
3.340000000000000000e+02 1.262661695480346680e+00
3.350000000000000000e+02 1.276700496673583984e+00
3.360000000000000000e+02 1.276802778244018555e+00
3.370000000000000000e+02 1.270783424377441406e+00
3.380000000000000000e+02 1.222538471221923828e+00
3.390000000000000000e+02 1.208544015884399414e+00
3.400000000000000000e+02 1.210068702697753906e+00
3.410000000000000000e+02 1.221883296966552734e+00
3.420000000000000000e+02 1.205688118934631348e+00
3.430000000000000000e+02 1.224438786506652832e+00
3.440000000000000000e+02 1.213325977325439453e+00
3.450000000000000000e+02 1.264180421829223633e+00
3.460000000000000000e+02 1.230546116828918457e+00
3.470000000000000000e+02 1.251349687576293945e+00
3.480000000000000000e+02 1.217044591903686523e+00
3.490000000000000000e+02 1.230713367462158203e+00
3.500000000000000000e+02 1.272957801818847656e+00
3.510000000000000000e+02 1.248517870903015137e+00
3.520000000000000000e+02 1.246555924415588379e+00
3.530000000000000000e+02 1.227486133575439453e+00
3.540000000000000000e+02 1.257181763648986816e+00
3.550000000000000000e+02 1.233406186103820801e+00
3.560000000000000000e+02 1.254769802093505859e+00
3.570000000000000000e+02 1.234435796737670898e+00
3.580000000000000000e+02 1.234320044517517090e+00
3.590000000000000000e+02 1.262117385864257812e+00
3.600000000000000000e+02 1.258400321006774902e+00
3.610000000000000000e+02 1.268767237663269043e+00
3.620000000000000000e+02 1.229421615600585938e+00
3.630000000000000000e+02 1.234004497528076172e+00
3.640000000000000000e+02 1.278215289115905762e+00
3.650000000000000000e+02 1.261467576026916504e+00
3.660000000000000000e+02 1.268992900848388672e+00
3.670000000000000000e+02 1.284362196922302246e+00
3.680000000000000000e+02 1.245130538940429688e+00
3.690000000000000000e+02 1.262444019317626953e+00
3.700000000000000000e+02 1.253553032875061035e+00
3.710000000000000000e+02 1.249862432479858398e+00
3.720000000000000000e+02 1.260771751403808594e+00
3.730000000000000000e+02 1.258648514747619629e+00
3.740000000000000000e+02 1.244106531143188477e+00
3.750000000000000000e+02 1.240835070610046387e+00
3.760000000000000000e+02 1.225656270980834961e+00
3.770000000000000000e+02 1.249926567077636719e+00
3.780000000000000000e+02 1.230291485786437988e+00
3.790000000000000000e+02 1.245107054710388184e+00
3.800000000000000000e+02 1.237370133399963379e+00
3.810000000000000000e+02 1.240814208984375000e+00
3.820000000000000000e+02 1.234478831291198730e+00
3.830000000000000000e+02 1.252611279487609863e+00
3.840000000000000000e+02 1.243477702140808105e+00
3.850000000000000000e+02 1.235510945320129395e+00
3.860000000000000000e+02 1.209400177001953125e+00
3.870000000000000000e+02 1.239429116249084473e+00
3.880000000000000000e+02 1.254184722900390625e+00
3.890000000000000000e+02 1.245285272598266602e+00
3.900000000000000000e+02 1.250988364219665527e+00
3.910000000000000000e+02 1.250123023986816406e+00
3.920000000000000000e+02 1.234856486320495605e+00
3.930000000000000000e+02 1.228438377380371094e+00
3.940000000000000000e+02 1.232988119125366211e+00
3.950000000000000000e+02 1.218703031539916992e+00
3.960000000000000000e+02 1.208335995674133301e+00
3.970000000000000000e+02 1.199275970458984375e+00
3.980000000000000000e+02 1.229312777519226074e+00
3.990000000000000000e+02 1.222544789314270020e+00
4.000000000000000000e+02 1.196685314178466797e+00
4.010000000000000000e+02 1.198755502700805664e+00
4.020000000000000000e+02 1.232110500335693359e+00
4.030000000000000000e+02 1.237297773361206055e+00
4.040000000000000000e+02 1.257133007049560547e+00
4.050000000000000000e+02 1.263357400894165039e+00
4.060000000000000000e+02 1.252024888992309570e+00
4.070000000000000000e+02 1.238884210586547852e+00
4.080000000000000000e+02 1.251409173011779785e+00
4.090000000000000000e+02 1.260276436805725098e+00
4.100000000000000000e+02 1.257776260375976562e+00
4.110000000000000000e+02 1.256768465042114258e+00
4.120000000000000000e+02 1.252771735191345215e+00
4.130000000000000000e+02 1.264389276504516602e+00
4.140000000000000000e+02 1.244556665420532227e+00
4.150000000000000000e+02 1.219321012496948242e+00
4.160000000000000000e+02 1.265613555908203125e+00
4.170000000000000000e+02 1.240823745727539062e+00
4.180000000000000000e+02 1.232485175132751465e+00
4.190000000000000000e+02 1.250337719917297363e+00
4.200000000000000000e+02 1.228978157043457031e+00
4.210000000000000000e+02 1.238761305809020996e+00
4.220000000000000000e+02 1.252545356750488281e+00
4.230000000000000000e+02 1.269825220108032227e+00
4.240000000000000000e+02 1.255871415138244629e+00
4.250000000000000000e+02 1.275873780250549316e+00
4.260000000000000000e+02 1.264076471328735352e+00
4.270000000000000000e+02 1.230242490768432617e+00
4.280000000000000000e+02 1.224283099174499512e+00
4.290000000000000000e+02 1.238715887069702148e+00
4.300000000000000000e+02 1.236160039901733398e+00
4.310000000000000000e+02 1.227143764495849609e+00
4.320000000000000000e+02 1.241471052169799805e+00
4.330000000000000000e+02 1.210451245307922363e+00
4.340000000000000000e+02 1.226384997367858887e+00
4.350000000000000000e+02 1.226727128028869629e+00
4.360000000000000000e+02 1.241100549697875977e+00
4.370000000000000000e+02 1.221991539001464844e+00
4.380000000000000000e+02 1.247589945793151855e+00
4.390000000000000000e+02 1.262833237648010254e+00
4.400000000000000000e+02 1.214040279388427734e+00
4.410000000000000000e+02 1.217165231704711914e+00
4.420000000000000000e+02 1.237879633903503418e+00
4.430000000000000000e+02 1.263650655746459961e+00
4.440000000000000000e+02 1.200178861618041992e+00
4.450000000000000000e+02 1.225055336952209473e+00
4.460000000000000000e+02 1.266280412673950195e+00
4.470000000000000000e+02 1.225681424140930176e+00
4.480000000000000000e+02 1.239852666854858398e+00
4.490000000000000000e+02 1.222719669342041016e+00
4.500000000000000000e+02 1.231493711471557617e+00
4.510000000000000000e+02 1.235944151878356934e+00
4.520000000000000000e+02 1.222490787506103516e+00
4.530000000000000000e+02 1.224662542343139648e+00
4.540000000000000000e+02 1.254888415336608887e+00
4.550000000000000000e+02 1.235297799110412598e+00
4.560000000000000000e+02 1.217753052711486816e+00
4.570000000000000000e+02 1.217544555664062500e+00
4.580000000000000000e+02 1.217628121376037598e+00
4.590000000000000000e+02 1.256523013114929199e+00
4.600000000000000000e+02 1.220081567764282227e+00
4.610000000000000000e+02 1.257977366447448730e+00
4.620000000000000000e+02 1.224789142608642578e+00
4.630000000000000000e+02 1.277629733085632324e+00
4.640000000000000000e+02 1.252480864524841309e+00
4.650000000000000000e+02 1.232059955596923828e+00
4.660000000000000000e+02 1.238412141799926758e+00
4.670000000000000000e+02 1.246556162834167480e+00
4.680000000000000000e+02 1.233871340751647949e+00
4.690000000000000000e+02 1.211836695671081543e+00
4.700000000000000000e+02 1.261528730392456055e+00
4.710000000000000000e+02 1.223362088203430176e+00
4.720000000000000000e+02 1.223113059997558594e+00
4.730000000000000000e+02 1.263802051544189453e+00
4.740000000000000000e+02 1.249707579612731934e+00
4.750000000000000000e+02 1.220211148262023926e+00
4.760000000000000000e+02 1.235533714294433594e+00
4.770000000000000000e+02 1.216496109962463379e+00
4.780000000000000000e+02 1.220160484313964844e+00
4.790000000000000000e+02 1.214772701263427734e+00
4.800000000000000000e+02 1.230767965316772461e+00
4.810000000000000000e+02 1.210987925529479980e+00
4.820000000000000000e+02 1.199076890945434570e+00
4.830000000000000000e+02 1.207248806953430176e+00
4.840000000000000000e+02 1.216041445732116699e+00
4.850000000000000000e+02 1.233735561370849609e+00
4.860000000000000000e+02 1.207531452178955078e+00
4.870000000000000000e+02 1.212723731994628906e+00
4.880000000000000000e+02 1.213038682937622070e+00
4.890000000000000000e+02 1.209718704223632812e+00
4.900000000000000000e+02 1.209502339363098145e+00
4.910000000000000000e+02 1.211568355560302734e+00
4.920000000000000000e+02 1.246948957443237305e+00
4.930000000000000000e+02 1.219955325126647949e+00
4.940000000000000000e+02 1.228956222534179688e+00
4.950000000000000000e+02 1.226304531097412109e+00
4.960000000000000000e+02 1.203053116798400879e+00
4.970000000000000000e+02 1.218979001045227051e+00
4.980000000000000000e+02 1.224628925323486328e+00
4.990000000000000000e+02 1.268106460571289062e+00
5.000000000000000000e+02 1.228217482566833496e+00
5.010000000000000000e+02 1.240831136703491211e+00
5.020000000000000000e+02 1.230329990386962891e+00
5.030000000000000000e+02 1.284664869308471680e+00
5.040000000000000000e+02 1.218279361724853516e+00
5.050000000000000000e+02 1.228230237960815430e+00
5.060000000000000000e+02 1.236437082290649414e+00
5.070000000000000000e+02 1.228692412376403809e+00
5.080000000000000000e+02 1.234882712364196777e+00
5.090000000000000000e+02 1.223484754562377930e+00
5.100000000000000000e+02 1.281763315200805664e+00
5.110000000000000000e+02 1.223378181457519531e+00
5.120000000000000000e+02 1.235044360160827637e+00
5.130000000000000000e+02 1.249930381774902344e+00
5.140000000000000000e+02 1.241584897041320801e+00
5.150000000000000000e+02 1.238060235977172852e+00
5.160000000000000000e+02 1.238887310028076172e+00
5.170000000000000000e+02 1.236237525939941406e+00
5.180000000000000000e+02 1.230219125747680664e+00
5.190000000000000000e+02 1.256023883819580078e+00
5.200000000000000000e+02 1.214028477668762207e+00
5.210000000000000000e+02 1.222203254699707031e+00
5.220000000000000000e+02 1.239518404006958008e+00
5.230000000000000000e+02 1.227256894111633301e+00
5.240000000000000000e+02 1.212180495262145996e+00
5.250000000000000000e+02 1.240507125854492188e+00
5.260000000000000000e+02 1.239800930023193359e+00
5.270000000000000000e+02 1.226449847221374512e+00
5.280000000000000000e+02 1.210787415504455566e+00
5.290000000000000000e+02 1.199916839599609375e+00
5.300000000000000000e+02 1.234824061393737793e+00
5.310000000000000000e+02 1.236434102058410645e+00
5.320000000000000000e+02 1.250857830047607422e+00
5.330000000000000000e+02 1.253368377685546875e+00
5.340000000000000000e+02 1.242593765258789062e+00
5.350000000000000000e+02 1.272658586502075195e+00
5.360000000000000000e+02 1.237360239028930664e+00
5.370000000000000000e+02 1.254297971725463867e+00
5.380000000000000000e+02 1.261564731597900391e+00
5.390000000000000000e+02 1.264121294021606445e+00
5.400000000000000000e+02 1.248668789863586426e+00
5.410000000000000000e+02 1.244603872299194336e+00
5.420000000000000000e+02 1.209306120872497559e+00
5.430000000000000000e+02 1.223150491714477539e+00
5.440000000000000000e+02 1.267160296440124512e+00
5.450000000000000000e+02 1.265029311180114746e+00
5.460000000000000000e+02 1.234356164932250977e+00
5.470000000000000000e+02 1.221888303756713867e+00
5.480000000000000000e+02 1.252643823623657227e+00
5.490000000000000000e+02 1.210496068000793457e+00
5.500000000000000000e+02 1.226374149322509766e+00
5.510000000000000000e+02 1.238126039505004883e+00
5.520000000000000000e+02 1.226272821426391602e+00
5.530000000000000000e+02 1.250636458396911621e+00
5.540000000000000000e+02 1.195538997650146484e+00
5.550000000000000000e+02 1.243395447731018066e+00
5.560000000000000000e+02 1.234251141548156738e+00
5.570000000000000000e+02 1.241672992706298828e+00
5.580000000000000000e+02 1.215819597244262695e+00
5.590000000000000000e+02 1.204465627670288086e+00
5.600000000000000000e+02 1.234133958816528320e+00
5.610000000000000000e+02 1.238452196121215820e+00
5.620000000000000000e+02 1.239049911499023438e+00
5.630000000000000000e+02 1.234917402267456055e+00
5.640000000000000000e+02 1.242115020751953125e+00
5.650000000000000000e+02 1.244490742683410645e+00
5.660000000000000000e+02 1.254171609878540039e+00
5.670000000000000000e+02 1.204673051834106445e+00
5.680000000000000000e+02 1.216979742050170898e+00
5.690000000000000000e+02 1.242062211036682129e+00
5.700000000000000000e+02 1.259808540344238281e+00
5.710000000000000000e+02 1.237003087997436523e+00
5.720000000000000000e+02 1.225228905677795410e+00
5.730000000000000000e+02 1.228380560874938965e+00
5.740000000000000000e+02 1.261461138725280762e+00
5.750000000000000000e+02 1.235496401786804199e+00
5.760000000000000000e+02 1.243360638618469238e+00
5.770000000000000000e+02 1.243730545043945312e+00
5.780000000000000000e+02 1.216371417045593262e+00
5.790000000000000000e+02 1.239188432693481445e+00
5.800000000000000000e+02 1.242642164230346680e+00
5.810000000000000000e+02 1.238176703453063965e+00
5.820000000000000000e+02 1.249432682991027832e+00
5.830000000000000000e+02 1.223673582077026367e+00
5.840000000000000000e+02 1.221356868743896484e+00
5.850000000000000000e+02 1.241313815116882324e+00
5.860000000000000000e+02 1.230794906616210938e+00
5.870000000000000000e+02 1.257762193679809570e+00
5.880000000000000000e+02 1.268900752067565918e+00
5.890000000000000000e+02 1.255448579788208008e+00
5.900000000000000000e+02 1.250190973281860352e+00
5.910000000000000000e+02 1.263467311859130859e+00
5.920000000000000000e+02 1.235915422439575195e+00
5.930000000000000000e+02 1.235952138900756836e+00
5.940000000000000000e+02 1.213565945625305176e+00
5.950000000000000000e+02 1.217160820960998535e+00
5.960000000000000000e+02 1.237349271774291992e+00
5.970000000000000000e+02 1.256882190704345703e+00
5.980000000000000000e+02 1.241303443908691406e+00
5.990000000000000000e+02 1.253511071205139160e+00
6.000000000000000000e+02 1.266184329986572266e+00
6.010000000000000000e+02 1.233577489852905273e+00
6.020000000000000000e+02 1.219509363174438477e+00
6.030000000000000000e+02 1.239191889762878418e+00
6.040000000000000000e+02 1.229304313659667969e+00
6.050000000000000000e+02 1.240034699440002441e+00
6.060000000000000000e+02 1.255461096763610840e+00
6.070000000000000000e+02 1.215095996856689453e+00
6.080000000000000000e+02 1.234216690063476562e+00
6.090000000000000000e+02 1.257555603981018066e+00
6.100000000000000000e+02 1.238992691040039062e+00
6.110000000000000000e+02 1.238210439682006836e+00
6.120000000000000000e+02 1.275444388389587402e+00
6.130000000000000000e+02 1.241155624389648438e+00
6.140000000000000000e+02 1.254209280014038086e+00
6.150000000000000000e+02 1.256433248519897461e+00
6.160000000000000000e+02 1.235417723655700684e+00
6.170000000000000000e+02 1.221469759941101074e+00
6.180000000000000000e+02 1.240057229995727539e+00
6.190000000000000000e+02 1.237163901329040527e+00
6.200000000000000000e+02 1.237840652465820312e+00
6.210000000000000000e+02 1.241207003593444824e+00
6.220000000000000000e+02 1.217184901237487793e+00
6.230000000000000000e+02 1.226008653640747070e+00
6.240000000000000000e+02 1.213604688644409180e+00
6.250000000000000000e+02 1.223409175872802734e+00
6.260000000000000000e+02 1.218487858772277832e+00
6.270000000000000000e+02 1.221898794174194336e+00
6.280000000000000000e+02 1.222046375274658203e+00
6.290000000000000000e+02 1.225905895233154297e+00
6.300000000000000000e+02 1.251304745674133301e+00
6.310000000000000000e+02 1.230681777000427246e+00
6.320000000000000000e+02 1.241353750228881836e+00
6.330000000000000000e+02 1.254086613655090332e+00
6.340000000000000000e+02 1.275963664054870605e+00
6.350000000000000000e+02 1.239891886711120605e+00
6.360000000000000000e+02 1.238138198852539062e+00
6.370000000000000000e+02 1.213373422622680664e+00
6.380000000000000000e+02 1.235160350799560547e+00
6.390000000000000000e+02 1.244064927101135254e+00
6.400000000000000000e+02 1.261230230331420898e+00
6.410000000000000000e+02 1.234321594238281250e+00
6.420000000000000000e+02 1.277388334274291992e+00
6.430000000000000000e+02 1.213766455650329590e+00
6.440000000000000000e+02 1.247754335403442383e+00
6.450000000000000000e+02 1.243461370468139648e+00
6.460000000000000000e+02 1.218005299568176270e+00
6.470000000000000000e+02 1.304775238037109375e+00
6.480000000000000000e+02 1.275638222694396973e+00
6.490000000000000000e+02 1.251207351684570312e+00
6.500000000000000000e+02 1.293666362762451172e+00
6.510000000000000000e+02 1.252150654792785645e+00
6.520000000000000000e+02 1.250005483627319336e+00
6.530000000000000000e+02 1.241838335990905762e+00
6.540000000000000000e+02 1.247236728668212891e+00
6.550000000000000000e+02 1.247153759002685547e+00
6.560000000000000000e+02 1.249075174331665039e+00
6.570000000000000000e+02 1.242650985717773438e+00
6.580000000000000000e+02 1.246691703796386719e+00
6.590000000000000000e+02 1.272137165069580078e+00
6.600000000000000000e+02 1.270363092422485352e+00
6.610000000000000000e+02 1.297723412513732910e+00
6.620000000000000000e+02 1.250336289405822754e+00
6.630000000000000000e+02 1.269775390625000000e+00
6.640000000000000000e+02 1.278043031692504883e+00
6.650000000000000000e+02 1.252450227737426758e+00
6.660000000000000000e+02 1.258531093597412109e+00
6.670000000000000000e+02 1.247837424278259277e+00
6.680000000000000000e+02 1.259314537048339844e+00
6.690000000000000000e+02 1.233979821205139160e+00
6.700000000000000000e+02 1.255540609359741211e+00
6.710000000000000000e+02 1.285370230674743652e+00
6.720000000000000000e+02 1.266752958297729492e+00
6.730000000000000000e+02 1.263793230056762695e+00
6.740000000000000000e+02 1.218507885932922363e+00
6.750000000000000000e+02 1.252868771553039551e+00
6.760000000000000000e+02 1.237820625305175781e+00
6.770000000000000000e+02 1.235130071640014648e+00
6.780000000000000000e+02 1.270341753959655762e+00
6.790000000000000000e+02 1.278181910514831543e+00
6.800000000000000000e+02 1.265258669853210449e+00
6.810000000000000000e+02 1.248171925544738770e+00
6.820000000000000000e+02 1.239073753356933594e+00
6.830000000000000000e+02 1.218472480773925781e+00
6.840000000000000000e+02 1.230484008789062500e+00
6.850000000000000000e+02 1.269037365913391113e+00
6.860000000000000000e+02 1.263567090034484863e+00
6.870000000000000000e+02 1.264100790023803711e+00
6.880000000000000000e+02 1.250436425209045410e+00
6.890000000000000000e+02 1.249672055244445801e+00
6.900000000000000000e+02 1.276277780532836914e+00
6.910000000000000000e+02 1.269174575805664062e+00
6.920000000000000000e+02 1.269680500030517578e+00
6.930000000000000000e+02 1.258190155029296875e+00
6.940000000000000000e+02 1.256251096725463867e+00
6.950000000000000000e+02 1.279208421707153320e+00
6.960000000000000000e+02 1.237425327301025391e+00
6.970000000000000000e+02 1.275229930877685547e+00
6.980000000000000000e+02 1.283931851387023926e+00
6.990000000000000000e+02 1.255749702453613281e+00
7.000000000000000000e+02 1.242298722267150879e+00
7.010000000000000000e+02 1.267388582229614258e+00
7.020000000000000000e+02 1.254589557647705078e+00
7.030000000000000000e+02 1.245051145553588867e+00
7.040000000000000000e+02 1.233167171478271484e+00
7.050000000000000000e+02 1.239908695220947266e+00
7.060000000000000000e+02 1.235588312149047852e+00
7.070000000000000000e+02 1.242096424102783203e+00
7.080000000000000000e+02 1.245536327362060547e+00
7.090000000000000000e+02 1.277440786361694336e+00
7.100000000000000000e+02 1.275012731552124023e+00
7.110000000000000000e+02 1.244703292846679688e+00
7.120000000000000000e+02 1.222739934921264648e+00
7.130000000000000000e+02 1.230751514434814453e+00
7.140000000000000000e+02 1.284410834312438965e+00
7.150000000000000000e+02 1.276855707168579102e+00
7.160000000000000000e+02 1.275843143463134766e+00
7.170000000000000000e+02 1.262102603912353516e+00
7.180000000000000000e+02 1.263583421707153320e+00
7.190000000000000000e+02 1.258037328720092773e+00
7.200000000000000000e+02 1.260325908660888672e+00
7.210000000000000000e+02 1.267695665359497070e+00
7.220000000000000000e+02 1.253350138664245605e+00
7.230000000000000000e+02 1.246054649353027344e+00
7.240000000000000000e+02 1.251848697662353516e+00
7.250000000000000000e+02 1.263522982597351074e+00
7.260000000000000000e+02 1.285910367965698242e+00
7.270000000000000000e+02 1.272565484046936035e+00
7.280000000000000000e+02 1.278130650520324707e+00
7.290000000000000000e+02 1.253733396530151367e+00
7.300000000000000000e+02 1.277466773986816406e+00
7.310000000000000000e+02 1.242947101593017578e+00
7.320000000000000000e+02 1.268340587615966797e+00
7.330000000000000000e+02 1.278924226760864258e+00
7.340000000000000000e+02 1.252856612205505371e+00
7.350000000000000000e+02 1.227717399597167969e+00
7.360000000000000000e+02 1.253172993659973145e+00
7.370000000000000000e+02 1.220329523086547852e+00
7.380000000000000000e+02 1.263277769088745117e+00
7.390000000000000000e+02 1.222254753112792969e+00
7.400000000000000000e+02 1.242366790771484375e+00
7.410000000000000000e+02 1.253829360008239746e+00
7.420000000000000000e+02 1.248245835304260254e+00
7.430000000000000000e+02 1.253978729248046875e+00
7.440000000000000000e+02 1.242794275283813477e+00
7.450000000000000000e+02 1.219163656234741211e+00
7.460000000000000000e+02 1.238072514533996582e+00
7.470000000000000000e+02 1.224896788597106934e+00
7.480000000000000000e+02 1.247112393379211426e+00
7.490000000000000000e+02 1.274838685989379883e+00
7.500000000000000000e+02 1.251687765121459961e+00
7.510000000000000000e+02 1.259680271148681641e+00
7.520000000000000000e+02 1.296108484268188477e+00
7.530000000000000000e+02 1.239525079727172852e+00
7.540000000000000000e+02 1.256876349449157715e+00
7.550000000000000000e+02 1.248005151748657227e+00
7.560000000000000000e+02 1.234022498130798340e+00
7.570000000000000000e+02 1.241017341613769531e+00
7.580000000000000000e+02 1.210038661956787109e+00
7.590000000000000000e+02 1.240778684616088867e+00
7.600000000000000000e+02 1.241457343101501465e+00
7.610000000000000000e+02 1.249548912048339844e+00
7.620000000000000000e+02 1.237134695053100586e+00
7.630000000000000000e+02 1.250690698623657227e+00
7.640000000000000000e+02 1.266552567481994629e+00
7.650000000000000000e+02 1.249324083328247070e+00
7.660000000000000000e+02 1.258930444717407227e+00
7.670000000000000000e+02 1.221981525421142578e+00
7.680000000000000000e+02 1.273513317108154297e+00
7.690000000000000000e+02 1.256500959396362305e+00
7.700000000000000000e+02 1.261235952377319336e+00
7.710000000000000000e+02 1.245704650878906250e+00
7.720000000000000000e+02 1.240767717361450195e+00
7.730000000000000000e+02 1.260374069213867188e+00
7.740000000000000000e+02 1.210703730583190918e+00
7.750000000000000000e+02 1.276695489883422852e+00
7.760000000000000000e+02 1.285238623619079590e+00
7.770000000000000000e+02 1.258602023124694824e+00
7.780000000000000000e+02 1.247987151145935059e+00
7.790000000000000000e+02 1.248741865158081055e+00
7.800000000000000000e+02 1.260569930076599121e+00
7.810000000000000000e+02 1.240674257278442383e+00
7.820000000000000000e+02 1.293753385543823242e+00
7.830000000000000000e+02 1.274568080902099609e+00
7.840000000000000000e+02 1.285053968429565430e+00
7.850000000000000000e+02 1.242605209350585938e+00
7.860000000000000000e+02 1.276971697807312012e+00
7.870000000000000000e+02 1.256912708282470703e+00
7.880000000000000000e+02 1.245303511619567871e+00
7.890000000000000000e+02 1.244983434677124023e+00
7.900000000000000000e+02 1.230357050895690918e+00
7.910000000000000000e+02 1.240602850914001465e+00
7.920000000000000000e+02 1.244609236717224121e+00
7.930000000000000000e+02 1.232270836830139160e+00
7.940000000000000000e+02 1.224472999572753906e+00
7.950000000000000000e+02 1.253000497817993164e+00
7.960000000000000000e+02 1.240079402923583984e+00
7.970000000000000000e+02 1.263024687767028809e+00
7.980000000000000000e+02 1.259896636009216309e+00
7.990000000000000000e+02 1.239137411117553711e+00
8.000000000000000000e+02 1.249640226364135742e+00
8.010000000000000000e+02 1.227429747581481934e+00
8.020000000000000000e+02 1.269084095954895020e+00
8.030000000000000000e+02 1.261212229728698730e+00
8.040000000000000000e+02 1.278684735298156738e+00
8.050000000000000000e+02 1.234372138977050781e+00
8.060000000000000000e+02 1.249934554100036621e+00
8.070000000000000000e+02 1.241714954376220703e+00
8.080000000000000000e+02 1.242401123046875000e+00
8.090000000000000000e+02 1.237833023071289062e+00
8.100000000000000000e+02 1.270459294319152832e+00
8.110000000000000000e+02 1.264947772026062012e+00
8.120000000000000000e+02 1.233704328536987305e+00
8.130000000000000000e+02 1.242811679840087891e+00
8.140000000000000000e+02 1.250081300735473633e+00
8.150000000000000000e+02 1.209424734115600586e+00
8.160000000000000000e+02 1.229046940803527832e+00
8.170000000000000000e+02 1.252160310745239258e+00
8.180000000000000000e+02 1.244095325469970703e+00
8.190000000000000000e+02 1.250252008438110352e+00
8.200000000000000000e+02 1.226497054100036621e+00
8.210000000000000000e+02 1.242919325828552246e+00
8.220000000000000000e+02 1.224270343780517578e+00
8.230000000000000000e+02 1.226278305053710938e+00
8.240000000000000000e+02 1.220152735710144043e+00
8.250000000000000000e+02 1.253436684608459473e+00
8.260000000000000000e+02 1.228225469589233398e+00
8.270000000000000000e+02 1.275389194488525391e+00
8.280000000000000000e+02 1.261318922042846680e+00
8.290000000000000000e+02 1.310092806816101074e+00
8.300000000000000000e+02 1.267691254615783691e+00
8.310000000000000000e+02 1.268302559852600098e+00
8.320000000000000000e+02 1.256048917770385742e+00
8.330000000000000000e+02 1.259549140930175781e+00
8.340000000000000000e+02 1.241399288177490234e+00
8.350000000000000000e+02 1.242298007011413574e+00
8.360000000000000000e+02 1.224818468093872070e+00
8.370000000000000000e+02 1.249816536903381348e+00
8.380000000000000000e+02 1.259737610816955566e+00
8.390000000000000000e+02 1.259540677070617676e+00
8.400000000000000000e+02 1.244204044342041016e+00
8.410000000000000000e+02 1.229735851287841797e+00
8.420000000000000000e+02 1.276233434677124023e+00
8.430000000000000000e+02 1.254186153411865234e+00
8.440000000000000000e+02 1.267184734344482422e+00
8.450000000000000000e+02 1.242945671081542969e+00
8.460000000000000000e+02 1.248321771621704102e+00
8.470000000000000000e+02 1.239142537117004395e+00
8.480000000000000000e+02 1.258064866065979004e+00
8.490000000000000000e+02 1.252463459968566895e+00
8.500000000000000000e+02 1.248306870460510254e+00
8.510000000000000000e+02 1.237091302871704102e+00
8.520000000000000000e+02 1.240275979042053223e+00
8.530000000000000000e+02 1.235388636589050293e+00
8.540000000000000000e+02 1.258348345756530762e+00
8.550000000000000000e+02 1.227204918861389160e+00
8.560000000000000000e+02 1.236107826232910156e+00
8.570000000000000000e+02 1.244047641754150391e+00
8.580000000000000000e+02 1.262320518493652344e+00
8.590000000000000000e+02 1.248878240585327148e+00
8.600000000000000000e+02 1.282009840011596680e+00
8.610000000000000000e+02 1.230739831924438477e+00
8.620000000000000000e+02 1.238411664962768555e+00
8.630000000000000000e+02 1.256547212600708008e+00
8.640000000000000000e+02 1.233035087585449219e+00
8.650000000000000000e+02 1.239723443984985352e+00
8.660000000000000000e+02 1.244809865951538086e+00
8.670000000000000000e+02 1.240996360778808594e+00
8.680000000000000000e+02 1.280070304870605469e+00
8.690000000000000000e+02 1.270829439163208008e+00
8.700000000000000000e+02 1.256699800491333008e+00
8.710000000000000000e+02 1.283165097236633301e+00
8.720000000000000000e+02 1.292903900146484375e+00
8.730000000000000000e+02 1.274860620498657227e+00
8.740000000000000000e+02 1.299501776695251465e+00
8.750000000000000000e+02 1.290001511573791504e+00
8.760000000000000000e+02 1.267038822174072266e+00
8.770000000000000000e+02 1.282250881195068359e+00
8.780000000000000000e+02 1.254456043243408203e+00
8.790000000000000000e+02 1.271048188209533691e+00
8.800000000000000000e+02 1.287022948265075684e+00
8.810000000000000000e+02 1.286153316497802734e+00
8.820000000000000000e+02 1.262579441070556641e+00
8.830000000000000000e+02 1.275211572647094727e+00
8.840000000000000000e+02 1.275626659393310547e+00
8.850000000000000000e+02 1.238885164260864258e+00
8.860000000000000000e+02 1.269793748855590820e+00
8.870000000000000000e+02 1.266225814819335938e+00
8.880000000000000000e+02 1.231118917465209961e+00
8.890000000000000000e+02 1.210127472877502441e+00
8.900000000000000000e+02 1.237946987152099609e+00
8.910000000000000000e+02 1.273861289024353027e+00
8.920000000000000000e+02 1.272586822509765625e+00
8.930000000000000000e+02 1.247458696365356445e+00
8.940000000000000000e+02 1.254133462905883789e+00
8.950000000000000000e+02 1.223508715629577637e+00
8.960000000000000000e+02 1.235874414443969727e+00
8.970000000000000000e+02 1.253768563270568848e+00
8.980000000000000000e+02 1.253410577774047852e+00
8.990000000000000000e+02 1.243887543678283691e+00
9.000000000000000000e+02 1.254366517066955566e+00
9.010000000000000000e+02 1.248166441917419434e+00
9.020000000000000000e+02 1.246857047080993652e+00
9.030000000000000000e+02 1.251230239868164062e+00
9.040000000000000000e+02 1.283020138740539551e+00
9.050000000000000000e+02 1.275717973709106445e+00
9.060000000000000000e+02 1.238056659698486328e+00
9.070000000000000000e+02 1.276722908020019531e+00
9.080000000000000000e+02 1.246860742568969727e+00
9.090000000000000000e+02 1.274206638336181641e+00
9.100000000000000000e+02 1.261436700820922852e+00
9.110000000000000000e+02 1.242069602012634277e+00
9.120000000000000000e+02 1.275325775146484375e+00
9.130000000000000000e+02 1.271829843521118164e+00
9.140000000000000000e+02 1.275905609130859375e+00
9.150000000000000000e+02 1.269915819168090820e+00
9.160000000000000000e+02 1.271039366722106934e+00
9.170000000000000000e+02 1.251432657241821289e+00
9.180000000000000000e+02 1.233659505844116211e+00
9.190000000000000000e+02 1.253203272819519043e+00
9.200000000000000000e+02 1.260586500167846680e+00
9.210000000000000000e+02 1.237786769866943359e+00
9.220000000000000000e+02 1.229730606079101562e+00
9.230000000000000000e+02 1.259816646575927734e+00
9.240000000000000000e+02 1.263295888900756836e+00
9.250000000000000000e+02 1.280014634132385254e+00
9.260000000000000000e+02 1.236648201942443848e+00
9.270000000000000000e+02 1.295467853546142578e+00
9.280000000000000000e+02 1.296331405639648438e+00
9.290000000000000000e+02 1.284857988357543945e+00
9.300000000000000000e+02 1.276515960693359375e+00
9.310000000000000000e+02 1.261802911758422852e+00
9.320000000000000000e+02 1.259828090667724609e+00
9.330000000000000000e+02 1.238402605056762695e+00
9.340000000000000000e+02 1.273383140563964844e+00
9.350000000000000000e+02 1.258687973022460938e+00
9.360000000000000000e+02 1.288748621940612793e+00
9.370000000000000000e+02 1.259588122367858887e+00
9.380000000000000000e+02 1.255148410797119141e+00
9.390000000000000000e+02 1.251217365264892578e+00
9.400000000000000000e+02 1.259980559349060059e+00
9.410000000000000000e+02 1.240954160690307617e+00
9.420000000000000000e+02 1.269958257675170898e+00
9.430000000000000000e+02 1.295608043670654297e+00
9.440000000000000000e+02 1.255480527877807617e+00
9.450000000000000000e+02 1.266819477081298828e+00
9.460000000000000000e+02 1.278201699256896973e+00
9.470000000000000000e+02 1.243099212646484375e+00
9.480000000000000000e+02 1.255152940750122070e+00
9.490000000000000000e+02 1.277661323547363281e+00
9.500000000000000000e+02 1.239356040954589844e+00
9.510000000000000000e+02 1.241182327270507812e+00
9.520000000000000000e+02 1.239381074905395508e+00
9.530000000000000000e+02 1.246502399444580078e+00
9.540000000000000000e+02 1.239706397056579590e+00
9.550000000000000000e+02 1.214839696884155273e+00
9.560000000000000000e+02 1.229185461997985840e+00
9.570000000000000000e+02 1.253563880920410156e+00
9.580000000000000000e+02 1.228111982345581055e+00
9.590000000000000000e+02 1.232856512069702148e+00
9.600000000000000000e+02 1.223060131072998047e+00
9.610000000000000000e+02 1.207071185111999512e+00
9.620000000000000000e+02 1.267546176910400391e+00
9.630000000000000000e+02 1.232208132743835449e+00
9.640000000000000000e+02 1.243662118911743164e+00
9.650000000000000000e+02 1.225638508796691895e+00
9.660000000000000000e+02 1.261803984642028809e+00
9.670000000000000000e+02 1.253559112548828125e+00
9.680000000000000000e+02 1.270775556564331055e+00
9.690000000000000000e+02 1.236536741256713867e+00
9.700000000000000000e+02 1.235459804534912109e+00
9.710000000000000000e+02 1.247583985328674316e+00
9.720000000000000000e+02 1.239669084548950195e+00
9.730000000000000000e+02 1.256509423255920410e+00
9.740000000000000000e+02 1.248813033103942871e+00
9.750000000000000000e+02 1.271691679954528809e+00
9.760000000000000000e+02 1.255633115768432617e+00
9.770000000000000000e+02 1.254847288131713867e+00
9.780000000000000000e+02 1.248908638954162598e+00
9.790000000000000000e+02 1.238707065582275391e+00
9.800000000000000000e+02 1.221892714500427246e+00
9.810000000000000000e+02 1.239691972732543945e+00
9.820000000000000000e+02 1.244071602821350098e+00
9.830000000000000000e+02 1.272518515586853027e+00
9.840000000000000000e+02 1.215362787246704102e+00
9.850000000000000000e+02 1.241306781768798828e+00
9.860000000000000000e+02 1.264962196350097656e+00
9.870000000000000000e+02 1.250881910324096680e+00
9.880000000000000000e+02 1.245278954505920410e+00
9.890000000000000000e+02 1.257063865661621094e+00
9.900000000000000000e+02 1.256803989410400391e+00
9.910000000000000000e+02 1.247902393341064453e+00
9.920000000000000000e+02 1.240033030509948730e+00
9.930000000000000000e+02 1.261553764343261719e+00
9.940000000000000000e+02 1.244756460189819336e+00
9.950000000000000000e+02 1.261308431625366211e+00
9.960000000000000000e+02 1.259896874427795410e+00
9.970000000000000000e+02 1.237680077552795410e+00
9.980000000000000000e+02 1.254513621330261230e+00
9.990000000000000000e+02 1.246960282325744629e+00
1.000000000000000000e+03 1.235999226570129395e+00
1.001000000000000000e+03 1.267084360122680664e+00
1.002000000000000000e+03 1.252397060394287109e+00
1.003000000000000000e+03 1.256000757217407227e+00
1.004000000000000000e+03 1.244100928306579590e+00
1.005000000000000000e+03 1.249236941337585449e+00
1.006000000000000000e+03 1.245320320129394531e+00
1.007000000000000000e+03 1.231328248977661133e+00
1.008000000000000000e+03 1.234649538993835449e+00
1.009000000000000000e+03 1.256876230239868164e+00
1.010000000000000000e+03 1.252729892730712891e+00
1.011000000000000000e+03 1.266304016113281250e+00
1.012000000000000000e+03 1.284239053726196289e+00
1.013000000000000000e+03 1.286350846290588379e+00
1.014000000000000000e+03 1.269976615905761719e+00
1.015000000000000000e+03 1.278367280960083008e+00
1.016000000000000000e+03 1.277654767036437988e+00
1.017000000000000000e+03 1.249077916145324707e+00
1.018000000000000000e+03 1.253605127334594727e+00
1.019000000000000000e+03 1.253260374069213867e+00
1.020000000000000000e+03 1.266860604286193848e+00
1.021000000000000000e+03 1.249191522598266602e+00
1.022000000000000000e+03 1.285663604736328125e+00
1.023000000000000000e+03 1.252366781234741211e+00
1.024000000000000000e+03 1.255856990814208984e+00
1.025000000000000000e+03 1.255209326744079590e+00
1.026000000000000000e+03 1.254523277282714844e+00
1.027000000000000000e+03 1.247929096221923828e+00
1.028000000000000000e+03 1.243676304817199707e+00
1.029000000000000000e+03 1.287557601928710938e+00
1.030000000000000000e+03 1.291105389595031738e+00
1.031000000000000000e+03 1.241779565811157227e+00
1.032000000000000000e+03 1.294280886650085449e+00
1.033000000000000000e+03 1.262745022773742676e+00
1.034000000000000000e+03 1.241553068161010742e+00
1.035000000000000000e+03 1.271802067756652832e+00
1.036000000000000000e+03 1.231868982315063477e+00
1.037000000000000000e+03 1.268348693847656250e+00
1.038000000000000000e+03 1.250072240829467773e+00
1.039000000000000000e+03 1.261928319931030273e+00
1.040000000000000000e+03 1.251143336296081543e+00
1.041000000000000000e+03 1.231150031089782715e+00
1.042000000000000000e+03 1.254165649414062500e+00
1.043000000000000000e+03 1.259440302848815918e+00
1.044000000000000000e+03 1.240275621414184570e+00
1.045000000000000000e+03 1.245100975036621094e+00
1.046000000000000000e+03 1.275101423263549805e+00
1.047000000000000000e+03 1.283176183700561523e+00
1.048000000000000000e+03 1.255939364433288574e+00
1.049000000000000000e+03 1.267058372497558594e+00
1.050000000000000000e+03 1.258481025695800781e+00
1.051000000000000000e+03 1.266925811767578125e+00
1.052000000000000000e+03 1.261336565017700195e+00
1.053000000000000000e+03 1.274594306945800781e+00
1.054000000000000000e+03 1.262782573699951172e+00
1.055000000000000000e+03 1.294348716735839844e+00
1.056000000000000000e+03 1.265520453453063965e+00
1.057000000000000000e+03 1.253949165344238281e+00
1.058000000000000000e+03 1.283573627471923828e+00
1.059000000000000000e+03 1.294052600860595703e+00
1.060000000000000000e+03 1.288043379783630371e+00
1.061000000000000000e+03 1.284643411636352539e+00
1.062000000000000000e+03 1.260719299316406250e+00
1.063000000000000000e+03 1.280819296836853027e+00
1.064000000000000000e+03 1.285018205642700195e+00
1.065000000000000000e+03 1.299781322479248047e+00
1.066000000000000000e+03 1.281011462211608887e+00
1.067000000000000000e+03 1.273155570030212402e+00
1.068000000000000000e+03 1.281083822250366211e+00
1.069000000000000000e+03 1.287296056747436523e+00
1.070000000000000000e+03 1.298740983009338379e+00
1.071000000000000000e+03 1.279482960700988770e+00
1.072000000000000000e+03 1.275238275527954102e+00
1.073000000000000000e+03 1.291821718215942383e+00
1.074000000000000000e+03 1.277871727943420410e+00
1.075000000000000000e+03 1.271084666252136230e+00
1.076000000000000000e+03 1.291038513183593750e+00
1.077000000000000000e+03 1.279362678527832031e+00
1.078000000000000000e+03 1.295829534530639648e+00
1.079000000000000000e+03 1.256587386131286621e+00
1.080000000000000000e+03 1.250041484832763672e+00
1.081000000000000000e+03 1.265165805816650391e+00
1.082000000000000000e+03 1.252502918243408203e+00
1.083000000000000000e+03 1.258225560188293457e+00
1.084000000000000000e+03 1.290802836418151855e+00
1.085000000000000000e+03 1.297677159309387207e+00
1.086000000000000000e+03 1.246398687362670898e+00
1.087000000000000000e+03 1.258508682250976562e+00
1.088000000000000000e+03 1.239077568054199219e+00
1.089000000000000000e+03 1.256281614303588867e+00
1.090000000000000000e+03 1.266176342964172363e+00
1.091000000000000000e+03 1.265505790710449219e+00
1.092000000000000000e+03 1.235192775726318359e+00
1.093000000000000000e+03 1.251386284828186035e+00
1.094000000000000000e+03 1.243593573570251465e+00
1.095000000000000000e+03 1.222960233688354492e+00
1.096000000000000000e+03 1.275590300559997559e+00
1.097000000000000000e+03 1.253157258033752441e+00
1.098000000000000000e+03 1.275418758392333984e+00
1.099000000000000000e+03 1.273953914642333984e+00
1.100000000000000000e+03 1.263049483299255371e+00
1.101000000000000000e+03 1.268318176269531250e+00
1.102000000000000000e+03 1.240338563919067383e+00
1.103000000000000000e+03 1.271973848342895508e+00
1.104000000000000000e+03 1.278462409973144531e+00
1.105000000000000000e+03 1.274100542068481445e+00
1.106000000000000000e+03 1.255055785179138184e+00
1.107000000000000000e+03 1.295001864433288574e+00
1.108000000000000000e+03 1.286387205123901367e+00
1.109000000000000000e+03 1.245074152946472168e+00
1.110000000000000000e+03 1.252929925918579102e+00
1.111000000000000000e+03 1.242323637008666992e+00
1.112000000000000000e+03 1.250892996788024902e+00
1.113000000000000000e+03 1.253367900848388672e+00
1.114000000000000000e+03 1.232554554939270020e+00
1.115000000000000000e+03 1.237150549888610840e+00
1.116000000000000000e+03 1.244579195976257324e+00
1.117000000000000000e+03 1.264325499534606934e+00
1.118000000000000000e+03 1.258676290512084961e+00
1.119000000000000000e+03 1.273982882499694824e+00
1.120000000000000000e+03 1.245561718940734863e+00
1.121000000000000000e+03 1.245991945266723633e+00
1.122000000000000000e+03 1.205723762512207031e+00
1.123000000000000000e+03 1.221497297286987305e+00
1.124000000000000000e+03 1.255794644355773926e+00
1.125000000000000000e+03 1.264884352684020996e+00
1.126000000000000000e+03 1.241353034973144531e+00
1.127000000000000000e+03 1.256267786026000977e+00
1.128000000000000000e+03 1.224165916442871094e+00
1.129000000000000000e+03 1.255426168441772461e+00
1.130000000000000000e+03 1.216581225395202637e+00
1.131000000000000000e+03 1.237897276878356934e+00
1.132000000000000000e+03 1.235244035720825195e+00
1.133000000000000000e+03 1.227962136268615723e+00
1.134000000000000000e+03 1.250180482864379883e+00
1.135000000000000000e+03 1.254099130630493164e+00
1.136000000000000000e+03 1.261312842369079590e+00
1.137000000000000000e+03 1.260900020599365234e+00
1.138000000000000000e+03 1.259532570838928223e+00
1.139000000000000000e+03 1.229737997055053711e+00
1.140000000000000000e+03 1.239344000816345215e+00
1.141000000000000000e+03 1.231763124465942383e+00
1.142000000000000000e+03 1.236912131309509277e+00
1.143000000000000000e+03 1.243907332420349121e+00
1.144000000000000000e+03 1.267176270484924316e+00
1.145000000000000000e+03 1.252085804939270020e+00
1.146000000000000000e+03 1.271602272987365723e+00
1.147000000000000000e+03 1.272910475730895996e+00
1.148000000000000000e+03 1.240221858024597168e+00
1.149000000000000000e+03 1.254916191101074219e+00
1.150000000000000000e+03 1.244481086730957031e+00
1.151000000000000000e+03 1.268834471702575684e+00
1.152000000000000000e+03 1.255295157432556152e+00
1.153000000000000000e+03 1.273716449737548828e+00
1.154000000000000000e+03 1.272263646125793457e+00
1.155000000000000000e+03 1.224455356597900391e+00
1.156000000000000000e+03 1.264321327209472656e+00
1.157000000000000000e+03 1.246554255485534668e+00
1.158000000000000000e+03 1.252932786941528320e+00
1.159000000000000000e+03 1.278193831443786621e+00
1.160000000000000000e+03 1.249814510345458984e+00
1.161000000000000000e+03 1.236841559410095215e+00
1.162000000000000000e+03 1.285226345062255859e+00
1.163000000000000000e+03 1.261618733406066895e+00
1.164000000000000000e+03 1.283689498901367188e+00
1.165000000000000000e+03 1.270454645156860352e+00
1.166000000000000000e+03 1.251701831817626953e+00
1.167000000000000000e+03 1.247705698013305664e+00
1.168000000000000000e+03 1.241439938545227051e+00
1.169000000000000000e+03 1.240460753440856934e+00
1.170000000000000000e+03 1.258318662643432617e+00
1.171000000000000000e+03 1.253819584846496582e+00
1.172000000000000000e+03 1.242288947105407715e+00
1.173000000000000000e+03 1.254770278930664062e+00
1.174000000000000000e+03 1.241824626922607422e+00
1.175000000000000000e+03 1.271409988403320312e+00
1.176000000000000000e+03 1.261754512786865234e+00
1.177000000000000000e+03 1.237165689468383789e+00
1.178000000000000000e+03 1.250378727912902832e+00
1.179000000000000000e+03 1.267362713813781738e+00
1.180000000000000000e+03 1.250387907028198242e+00
1.181000000000000000e+03 1.218900799751281738e+00
1.182000000000000000e+03 1.250659942626953125e+00
1.183000000000000000e+03 1.246121168136596680e+00
1.184000000000000000e+03 1.254444718360900879e+00
1.185000000000000000e+03 1.253853678703308105e+00
1.186000000000000000e+03 1.275574922561645508e+00
1.187000000000000000e+03 1.299356460571289062e+00
1.188000000000000000e+03 1.272978186607360840e+00
1.189000000000000000e+03 1.266958713531494141e+00
1.190000000000000000e+03 1.264431834220886230e+00
1.191000000000000000e+03 1.240670800209045410e+00
1.192000000000000000e+03 1.253653645515441895e+00
1.193000000000000000e+03 1.261710047721862793e+00
1.194000000000000000e+03 1.249301910400390625e+00
1.195000000000000000e+03 1.242233514785766602e+00
1.196000000000000000e+03 1.264833688735961914e+00
1.197000000000000000e+03 1.247210860252380371e+00
1.198000000000000000e+03 1.242897152900695801e+00
1.199000000000000000e+03 1.253303885459899902e+00
1.200000000000000000e+03 1.248115181922912598e+00
1.201000000000000000e+03 1.241026401519775391e+00
1.202000000000000000e+03 1.259846210479736328e+00
1.203000000000000000e+03 1.258891940116882324e+00
1.204000000000000000e+03 1.260831117630004883e+00
1.205000000000000000e+03 1.297939419746398926e+00
1.206000000000000000e+03 1.270352602005004883e+00
1.207000000000000000e+03 1.261383175849914551e+00
1.208000000000000000e+03 1.257941365242004395e+00
1.209000000000000000e+03 1.263017654418945312e+00
1.210000000000000000e+03 1.244260787963867188e+00
1.211000000000000000e+03 1.254274606704711914e+00
1.212000000000000000e+03 1.268926143646240234e+00
1.213000000000000000e+03 1.264123916625976562e+00
1.214000000000000000e+03 1.235776305198669434e+00
1.215000000000000000e+03 1.256293296813964844e+00
1.216000000000000000e+03 1.242460012435913086e+00
1.217000000000000000e+03 1.234602332115173340e+00
1.218000000000000000e+03 1.237126469612121582e+00
1.219000000000000000e+03 1.227945923805236816e+00
1.220000000000000000e+03 1.241583824157714844e+00
1.221000000000000000e+03 1.228135943412780762e+00
1.222000000000000000e+03 1.238211870193481445e+00
1.223000000000000000e+03 1.241514444351196289e+00
1.224000000000000000e+03 1.226526975631713867e+00
1.225000000000000000e+03 1.209344625473022461e+00
1.226000000000000000e+03 1.216643095016479492e+00
1.227000000000000000e+03 1.255431652069091797e+00
1.228000000000000000e+03 1.234970331192016602e+00
1.229000000000000000e+03 1.249803662300109863e+00
1.230000000000000000e+03 1.248937368392944336e+00
1.231000000000000000e+03 1.236755132675170898e+00
1.232000000000000000e+03 1.256461501121520996e+00
1.233000000000000000e+03 1.255981564521789551e+00
1.234000000000000000e+03 1.235930323600769043e+00
1.235000000000000000e+03 1.234924316406250000e+00
1.236000000000000000e+03 1.228506445884704590e+00
1.237000000000000000e+03 1.261189222335815430e+00
1.238000000000000000e+03 1.246876120567321777e+00
1.239000000000000000e+03 1.259648680686950684e+00
1.240000000000000000e+03 1.246964454650878906e+00
1.241000000000000000e+03 1.260563611984252930e+00
1.242000000000000000e+03 1.261467933654785156e+00
1.243000000000000000e+03 1.255108237266540527e+00
1.244000000000000000e+03 1.246008634567260742e+00
1.245000000000000000e+03 1.224691033363342285e+00
1.246000000000000000e+03 1.225043654441833496e+00
1.247000000000000000e+03 1.246138572692871094e+00
1.248000000000000000e+03 1.254692792892456055e+00
1.249000000000000000e+03 1.241483330726623535e+00
1.250000000000000000e+03 1.226381659507751465e+00
1.251000000000000000e+03 1.252338290214538574e+00
1.252000000000000000e+03 1.249614238739013672e+00
1.253000000000000000e+03 1.271666049957275391e+00
1.254000000000000000e+03 1.228580474853515625e+00
1.255000000000000000e+03 1.262846469879150391e+00
1.256000000000000000e+03 1.244652628898620605e+00
1.257000000000000000e+03 1.255716323852539062e+00
1.258000000000000000e+03 1.259388327598571777e+00
1.259000000000000000e+03 1.277338266372680664e+00
1.260000000000000000e+03 1.287290334701538086e+00
1.261000000000000000e+03 1.294680833816528320e+00
1.262000000000000000e+03 1.232297182083129883e+00
1.263000000000000000e+03 1.262315630912780762e+00
1.264000000000000000e+03 1.259253859519958496e+00
1.265000000000000000e+03 1.282266259193420410e+00
1.266000000000000000e+03 1.274874091148376465e+00
1.267000000000000000e+03 1.251302719116210938e+00
1.268000000000000000e+03 1.264639019966125488e+00
1.269000000000000000e+03 1.272265911102294922e+00
1.270000000000000000e+03 1.274245142936706543e+00
1.271000000000000000e+03 1.258266329765319824e+00
1.272000000000000000e+03 1.254378318786621094e+00
1.273000000000000000e+03 1.287358641624450684e+00
1.274000000000000000e+03 1.270273089408874512e+00
1.275000000000000000e+03 1.230511069297790527e+00
1.276000000000000000e+03 1.289978981018066406e+00
1.277000000000000000e+03 1.228474736213684082e+00
1.278000000000000000e+03 1.257877588272094727e+00
1.279000000000000000e+03 1.246889114379882812e+00
1.280000000000000000e+03 1.271206140518188477e+00
1.281000000000000000e+03 1.247741222381591797e+00
1.282000000000000000e+03 1.243023991584777832e+00
1.283000000000000000e+03 1.278991699218750000e+00
1.284000000000000000e+03 1.249888420104980469e+00
1.285000000000000000e+03 1.281697392463684082e+00
1.286000000000000000e+03 1.247343897819519043e+00
1.287000000000000000e+03 1.256254434585571289e+00
1.288000000000000000e+03 1.325437545776367188e+00
1.289000000000000000e+03 1.247949361801147461e+00
1.290000000000000000e+03 1.241962194442749023e+00
1.291000000000000000e+03 1.269542217254638672e+00
1.292000000000000000e+03 1.256210327148437500e+00
1.293000000000000000e+03 1.270585417747497559e+00
1.294000000000000000e+03 1.276030063629150391e+00
1.295000000000000000e+03 1.254980325698852539e+00
1.296000000000000000e+03 1.261574268341064453e+00
1.297000000000000000e+03 1.262724399566650391e+00
1.298000000000000000e+03 1.251998901367187500e+00
1.299000000000000000e+03 1.283314347267150879e+00
1.300000000000000000e+03 1.259608864784240723e+00
1.301000000000000000e+03 1.296265363693237305e+00
1.302000000000000000e+03 1.312074184417724609e+00
1.303000000000000000e+03 1.275602102279663086e+00
1.304000000000000000e+03 1.276803135871887207e+00
1.305000000000000000e+03 1.261059284210205078e+00
1.306000000000000000e+03 1.266963005065917969e+00
1.307000000000000000e+03 1.288084149360656738e+00
1.308000000000000000e+03 1.268277406692504883e+00
1.309000000000000000e+03 1.287006735801696777e+00
1.310000000000000000e+03 1.255075693130493164e+00
1.311000000000000000e+03 1.245076656341552734e+00
1.312000000000000000e+03 1.257627129554748535e+00
1.313000000000000000e+03 1.288488268852233887e+00
1.314000000000000000e+03 1.279304862022399902e+00
1.315000000000000000e+03 1.295875430107116699e+00
1.316000000000000000e+03 1.271380901336669922e+00
1.317000000000000000e+03 1.287196755409240723e+00
1.318000000000000000e+03 1.285345792770385742e+00
1.319000000000000000e+03 1.305452346801757812e+00
1.320000000000000000e+03 1.286091208457946777e+00
1.321000000000000000e+03 1.287823438644409180e+00
1.322000000000000000e+03 1.236023187637329102e+00
1.323000000000000000e+03 1.253166556358337402e+00
1.324000000000000000e+03 1.230869650840759277e+00
1.325000000000000000e+03 1.256433606147766113e+00
1.326000000000000000e+03 1.251379966735839844e+00
1.327000000000000000e+03 1.282065510749816895e+00
1.328000000000000000e+03 1.272155880928039551e+00
1.329000000000000000e+03 1.290598154067993164e+00
1.330000000000000000e+03 1.282785177230834961e+00
1.331000000000000000e+03 1.263331890106201172e+00
1.332000000000000000e+03 1.263226032257080078e+00
1.333000000000000000e+03 1.260081529617309570e+00
1.334000000000000000e+03 1.250266909599304199e+00
1.335000000000000000e+03 1.296893835067749023e+00
1.336000000000000000e+03 1.252474188804626465e+00
1.337000000000000000e+03 1.257448196411132812e+00
1.338000000000000000e+03 1.244963288307189941e+00
1.339000000000000000e+03 1.243881225585937500e+00
1.340000000000000000e+03 1.265116453170776367e+00
1.341000000000000000e+03 1.240493297576904297e+00
1.342000000000000000e+03 1.267593860626220703e+00
1.343000000000000000e+03 1.259756565093994141e+00
1.344000000000000000e+03 1.236611843109130859e+00
1.345000000000000000e+03 1.271526217460632324e+00
1.346000000000000000e+03 1.250126957893371582e+00
1.347000000000000000e+03 1.249005794525146484e+00
1.348000000000000000e+03 1.263360023498535156e+00
1.349000000000000000e+03 1.275957822799682617e+00
1.350000000000000000e+03 1.241543531417846680e+00
1.351000000000000000e+03 1.287021756172180176e+00
1.352000000000000000e+03 1.226423740386962891e+00
1.353000000000000000e+03 1.255584001541137695e+00
1.354000000000000000e+03 1.272331833839416504e+00
1.355000000000000000e+03 1.259281396865844727e+00
1.356000000000000000e+03 1.268247604370117188e+00
1.357000000000000000e+03 1.222052574157714844e+00
1.358000000000000000e+03 1.268530368804931641e+00
1.359000000000000000e+03 1.263444900512695312e+00
1.360000000000000000e+03 1.297077059745788574e+00
1.361000000000000000e+03 1.293724894523620605e+00
1.362000000000000000e+03 1.251863956451416016e+00
1.363000000000000000e+03 1.229851603507995605e+00
1.364000000000000000e+03 1.224139690399169922e+00
1.365000000000000000e+03 1.254087448120117188e+00
1.366000000000000000e+03 1.230163693428039551e+00
1.367000000000000000e+03 1.237945795059204102e+00
1.368000000000000000e+03 1.226133346557617188e+00
1.369000000000000000e+03 1.236880779266357422e+00
1.370000000000000000e+03 1.259431958198547363e+00
1.371000000000000000e+03 1.235912561416625977e+00
1.372000000000000000e+03 1.243664145469665527e+00
1.373000000000000000e+03 1.245093345642089844e+00
1.374000000000000000e+03 1.222314596176147461e+00
1.375000000000000000e+03 1.233474493026733398e+00
1.376000000000000000e+03 1.268181324005126953e+00
1.377000000000000000e+03 1.262710094451904297e+00
1.378000000000000000e+03 1.265318870544433594e+00
1.379000000000000000e+03 1.239032745361328125e+00
1.380000000000000000e+03 1.243703961372375488e+00
1.381000000000000000e+03 1.212050676345825195e+00
1.382000000000000000e+03 1.232424497604370117e+00
1.383000000000000000e+03 1.271984219551086426e+00
1.384000000000000000e+03 1.277592062950134277e+00
1.385000000000000000e+03 1.245654702186584473e+00
1.386000000000000000e+03 1.270235300064086914e+00
1.387000000000000000e+03 1.234823226928710938e+00
1.388000000000000000e+03 1.290157794952392578e+00
1.389000000000000000e+03 1.244142651557922363e+00
1.390000000000000000e+03 1.300631523132324219e+00
1.391000000000000000e+03 1.256961822509765625e+00
1.392000000000000000e+03 1.244574546813964844e+00
1.393000000000000000e+03 1.238699197769165039e+00
1.394000000000000000e+03 1.247801065444946289e+00
1.395000000000000000e+03 1.230373620986938477e+00
1.396000000000000000e+03 1.269937634468078613e+00
1.397000000000000000e+03 1.262418389320373535e+00
1.398000000000000000e+03 1.273145318031311035e+00
1.399000000000000000e+03 1.269294500350952148e+00
1.400000000000000000e+03 1.277146577835083008e+00
1.401000000000000000e+03 1.254259824752807617e+00
1.402000000000000000e+03 1.266799688339233398e+00
1.403000000000000000e+03 1.293042540550231934e+00
1.404000000000000000e+03 1.282432317733764648e+00
1.405000000000000000e+03 1.250549674034118652e+00
1.406000000000000000e+03 1.273189067840576172e+00
1.407000000000000000e+03 1.267128229141235352e+00
1.408000000000000000e+03 1.283988475799560547e+00
1.409000000000000000e+03 1.263194561004638672e+00
1.410000000000000000e+03 1.270741462707519531e+00
1.411000000000000000e+03 1.300202131271362305e+00
1.412000000000000000e+03 1.255538702011108398e+00
1.413000000000000000e+03 1.291120648384094238e+00
1.414000000000000000e+03 1.281109809875488281e+00
1.415000000000000000e+03 1.271966218948364258e+00
1.416000000000000000e+03 1.279258728027343750e+00
1.417000000000000000e+03 1.275618553161621094e+00
1.418000000000000000e+03 1.260982990264892578e+00
1.419000000000000000e+03 1.241031169891357422e+00
1.420000000000000000e+03 1.248412251472473145e+00
1.421000000000000000e+03 1.258308172225952148e+00
1.422000000000000000e+03 1.279838204383850098e+00
1.423000000000000000e+03 1.244373917579650879e+00
1.424000000000000000e+03 1.256610155105590820e+00
1.425000000000000000e+03 1.324874520301818848e+00
1.426000000000000000e+03 1.268080234527587891e+00
1.427000000000000000e+03 1.235688209533691406e+00
1.428000000000000000e+03 1.267788887023925781e+00
1.429000000000000000e+03 1.286654472351074219e+00
1.430000000000000000e+03 1.261770844459533691e+00
1.431000000000000000e+03 1.266704797744750977e+00
1.432000000000000000e+03 1.264799475669860840e+00
1.433000000000000000e+03 1.262672662734985352e+00
1.434000000000000000e+03 1.265099883079528809e+00
1.435000000000000000e+03 1.262645006179809570e+00
1.436000000000000000e+03 1.264544486999511719e+00
1.437000000000000000e+03 1.213931560516357422e+00
1.438000000000000000e+03 1.253323197364807129e+00
1.439000000000000000e+03 1.263056755065917969e+00
1.440000000000000000e+03 1.239288568496704102e+00
1.441000000000000000e+03 1.274286866188049316e+00
1.442000000000000000e+03 1.265640497207641602e+00
1.443000000000000000e+03 1.246667146682739258e+00
1.444000000000000000e+03 1.241877317428588867e+00
1.445000000000000000e+03 1.243027925491333008e+00
1.446000000000000000e+03 1.246208190917968750e+00
1.447000000000000000e+03 1.266103744506835938e+00
1.448000000000000000e+03 1.262801289558410645e+00
1.449000000000000000e+03 1.262520790100097656e+00
1.450000000000000000e+03 1.256691217422485352e+00
1.451000000000000000e+03 1.269342899322509766e+00
1.452000000000000000e+03 1.242682695388793945e+00
1.453000000000000000e+03 1.241734981536865234e+00
1.454000000000000000e+03 1.278881311416625977e+00
1.455000000000000000e+03 1.268627643585205078e+00
1.456000000000000000e+03 1.260325551033020020e+00
1.457000000000000000e+03 1.280289530754089355e+00
1.458000000000000000e+03 1.260365605354309082e+00
1.459000000000000000e+03 1.269162654876708984e+00
1.460000000000000000e+03 1.284554481506347656e+00
1.461000000000000000e+03 1.263575434684753418e+00
1.462000000000000000e+03 1.304473876953125000e+00
1.463000000000000000e+03 1.290846228599548340e+00
1.464000000000000000e+03 1.277973651885986328e+00
1.465000000000000000e+03 1.282464742660522461e+00
1.466000000000000000e+03 1.267740130424499512e+00
1.467000000000000000e+03 1.260354042053222656e+00
1.468000000000000000e+03 1.241760492324829102e+00
1.469000000000000000e+03 1.273692846298217773e+00
1.470000000000000000e+03 1.230597615242004395e+00
1.471000000000000000e+03 1.295200467109680176e+00
1.472000000000000000e+03 1.271501898765563965e+00
1.473000000000000000e+03 1.247112989425659180e+00
1.474000000000000000e+03 1.265119194984436035e+00
1.475000000000000000e+03 1.255794286727905273e+00
1.476000000000000000e+03 1.270296454429626465e+00
1.477000000000000000e+03 1.269356012344360352e+00
1.478000000000000000e+03 1.270873665809631348e+00
1.479000000000000000e+03 1.258673787117004395e+00
1.480000000000000000e+03 1.281240105628967285e+00
1.481000000000000000e+03 1.268957138061523438e+00
1.482000000000000000e+03 1.243801355361938477e+00
1.483000000000000000e+03 1.235376119613647461e+00
1.484000000000000000e+03 1.242258071899414062e+00
1.485000000000000000e+03 1.214940309524536133e+00
1.486000000000000000e+03 1.245742559432983398e+00
1.487000000000000000e+03 1.245691418647766113e+00
1.488000000000000000e+03 1.238028764724731445e+00
1.489000000000000000e+03 1.242633581161499023e+00
1.490000000000000000e+03 1.236590862274169922e+00
1.491000000000000000e+03 1.291704535484313965e+00
1.492000000000000000e+03 1.255961656570434570e+00
1.493000000000000000e+03 1.234504938125610352e+00
1.494000000000000000e+03 1.248515248298645020e+00
1.495000000000000000e+03 1.274710655212402344e+00
1.496000000000000000e+03 1.264094948768615723e+00
1.497000000000000000e+03 1.287062406539916992e+00
1.498000000000000000e+03 1.243578433990478516e+00
1.499000000000000000e+03 1.271548509597778320e+00
1.500000000000000000e+03 1.280640244483947754e+00
1.501000000000000000e+03 1.226373672485351562e+00
1.502000000000000000e+03 1.268311142921447754e+00
1.503000000000000000e+03 1.252733945846557617e+00
1.504000000000000000e+03 1.238196849822998047e+00
1.505000000000000000e+03 1.269888877868652344e+00
1.506000000000000000e+03 1.268418550491333008e+00
1.507000000000000000e+03 1.221557378768920898e+00
1.508000000000000000e+03 1.269037961959838867e+00
1.509000000000000000e+03 1.262491464614868164e+00
1.510000000000000000e+03 1.259441137313842773e+00
1.511000000000000000e+03 1.289268970489501953e+00
1.512000000000000000e+03 1.257588386535644531e+00
1.513000000000000000e+03 1.279543042182922363e+00
1.514000000000000000e+03 1.258784770965576172e+00
1.515000000000000000e+03 1.273390889167785645e+00
1.516000000000000000e+03 1.255405902862548828e+00
1.517000000000000000e+03 1.285605788230895996e+00
1.518000000000000000e+03 1.233381628990173340e+00
1.519000000000000000e+03 1.272402048110961914e+00
1.520000000000000000e+03 1.243628263473510742e+00
1.521000000000000000e+03 1.259344339370727539e+00
1.522000000000000000e+03 1.242571115493774414e+00
1.523000000000000000e+03 1.249164700508117676e+00
1.524000000000000000e+03 1.225257635116577148e+00
1.525000000000000000e+03 1.282325625419616699e+00
1.526000000000000000e+03 1.290268659591674805e+00
1.527000000000000000e+03 1.247707009315490723e+00
1.528000000000000000e+03 1.252241849899291992e+00
1.529000000000000000e+03 1.268634915351867676e+00
1.530000000000000000e+03 1.241817951202392578e+00
1.531000000000000000e+03 1.254099845886230469e+00
1.532000000000000000e+03 1.243368029594421387e+00
1.533000000000000000e+03 1.258327841758728027e+00
1.534000000000000000e+03 1.263641238212585449e+00
1.535000000000000000e+03 1.277611494064331055e+00
1.536000000000000000e+03 1.256467580795288086e+00
1.537000000000000000e+03 1.254317998886108398e+00
1.538000000000000000e+03 1.225828289985656738e+00
1.539000000000000000e+03 1.267170429229736328e+00
1.540000000000000000e+03 1.273104429244995117e+00
1.541000000000000000e+03 1.249273180961608887e+00
1.542000000000000000e+03 1.262254357337951660e+00
1.543000000000000000e+03 1.229241132736206055e+00
1.544000000000000000e+03 1.246520042419433594e+00
1.545000000000000000e+03 1.262441277503967285e+00
1.546000000000000000e+03 1.230217695236206055e+00
1.547000000000000000e+03 1.281640887260437012e+00
1.548000000000000000e+03 1.267013072967529297e+00
1.549000000000000000e+03 1.266076922416687012e+00
1.550000000000000000e+03 1.270250439643859863e+00
1.551000000000000000e+03 1.284296751022338867e+00
1.552000000000000000e+03 1.282965183258056641e+00
1.553000000000000000e+03 1.269817709922790527e+00
1.554000000000000000e+03 1.257165789604187012e+00
1.555000000000000000e+03 1.251946210861206055e+00
1.556000000000000000e+03 1.268871545791625977e+00
1.557000000000000000e+03 1.251914262771606445e+00
1.558000000000000000e+03 1.270450353622436523e+00
1.559000000000000000e+03 1.244623184204101562e+00
1.560000000000000000e+03 1.288137555122375488e+00
1.561000000000000000e+03 1.259180903434753418e+00
1.562000000000000000e+03 1.258406877517700195e+00
1.563000000000000000e+03 1.243703961372375488e+00
1.564000000000000000e+03 1.263638257980346680e+00
1.565000000000000000e+03 1.218295097351074219e+00
1.566000000000000000e+03 1.235319018363952637e+00
1.567000000000000000e+03 1.255161643028259277e+00
1.568000000000000000e+03 1.253395438194274902e+00
1.569000000000000000e+03 1.269847512245178223e+00
1.570000000000000000e+03 1.313368797302246094e+00
1.571000000000000000e+03 1.292418718338012695e+00
1.572000000000000000e+03 1.286670446395874023e+00
1.573000000000000000e+03 1.284385681152343750e+00
1.574000000000000000e+03 1.296373844146728516e+00
1.575000000000000000e+03 1.264042139053344727e+00
1.576000000000000000e+03 1.249349951744079590e+00
1.577000000000000000e+03 1.285637974739074707e+00
1.578000000000000000e+03 1.270166635513305664e+00
1.579000000000000000e+03 1.249974250793457031e+00
1.580000000000000000e+03 1.222976088523864746e+00
1.581000000000000000e+03 1.221037030220031738e+00
1.582000000000000000e+03 1.239995360374450684e+00
1.583000000000000000e+03 1.244364976882934570e+00
1.584000000000000000e+03 1.254866480827331543e+00
1.585000000000000000e+03 1.268022775650024414e+00
1.586000000000000000e+03 1.267332196235656738e+00
1.587000000000000000e+03 1.239888906478881836e+00
1.588000000000000000e+03 1.230472087860107422e+00
1.589000000000000000e+03 1.240383148193359375e+00
1.590000000000000000e+03 1.247548103332519531e+00
1.591000000000000000e+03 1.248466610908508301e+00
1.592000000000000000e+03 1.255728960037231445e+00
1.593000000000000000e+03 1.242370128631591797e+00
1.594000000000000000e+03 1.253355503082275391e+00
1.595000000000000000e+03 1.207464337348937988e+00
1.596000000000000000e+03 1.222267866134643555e+00
1.597000000000000000e+03 1.278294324874877930e+00
1.598000000000000000e+03 1.216772794723510742e+00
1.599000000000000000e+03 1.214777708053588867e+00
1.600000000000000000e+03 1.245676398277282715e+00
1.601000000000000000e+03 1.218378782272338867e+00
1.602000000000000000e+03 1.217672348022460938e+00
1.603000000000000000e+03 1.259260535240173340e+00
1.604000000000000000e+03 1.217610836029052734e+00
1.605000000000000000e+03 1.240088820457458496e+00
1.606000000000000000e+03 1.245335102081298828e+00
1.607000000000000000e+03 1.250786781311035156e+00
1.608000000000000000e+03 1.258002758026123047e+00
1.609000000000000000e+03 1.228438973426818848e+00
1.610000000000000000e+03 1.273050427436828613e+00
1.611000000000000000e+03 1.266779303550720215e+00
1.612000000000000000e+03 1.245980501174926758e+00
1.613000000000000000e+03 1.236743211746215820e+00
1.614000000000000000e+03 1.267268300056457520e+00
1.615000000000000000e+03 1.256200194358825684e+00
1.616000000000000000e+03 1.266492009162902832e+00
1.617000000000000000e+03 1.273612737655639648e+00
1.618000000000000000e+03 1.248492121696472168e+00
1.619000000000000000e+03 1.257408976554870605e+00
1.620000000000000000e+03 1.264742136001586914e+00
1.621000000000000000e+03 1.266546845436096191e+00
1.622000000000000000e+03 1.250435113906860352e+00
1.623000000000000000e+03 1.249873161315917969e+00
1.624000000000000000e+03 1.267352104187011719e+00
1.625000000000000000e+03 1.283261179924011230e+00
1.626000000000000000e+03 1.257662534713745117e+00
1.627000000000000000e+03 1.244373202323913574e+00
1.628000000000000000e+03 1.275702476501464844e+00
1.629000000000000000e+03 1.229820728302001953e+00
1.630000000000000000e+03 1.210987806320190430e+00
1.631000000000000000e+03 1.232636928558349609e+00
1.632000000000000000e+03 1.267450571060180664e+00
1.633000000000000000e+03 1.250368595123291016e+00
1.634000000000000000e+03 1.242276787757873535e+00
1.635000000000000000e+03 1.265773773193359375e+00
1.636000000000000000e+03 1.299677848815917969e+00
1.637000000000000000e+03 1.300673484802246094e+00
1.638000000000000000e+03 1.247116088867187500e+00
1.639000000000000000e+03 1.242228865623474121e+00
1.640000000000000000e+03 1.216361761093139648e+00
1.641000000000000000e+03 1.283366799354553223e+00
1.642000000000000000e+03 1.261046051979064941e+00
1.643000000000000000e+03 1.285091042518615723e+00
1.644000000000000000e+03 1.294368028640747070e+00
1.645000000000000000e+03 1.253537893295288086e+00
1.646000000000000000e+03 1.256257653236389160e+00
1.647000000000000000e+03 1.221482992172241211e+00
1.648000000000000000e+03 1.246366858482360840e+00
1.649000000000000000e+03 1.250083327293395996e+00
1.650000000000000000e+03 1.238908648490905762e+00
1.651000000000000000e+03 1.249549388885498047e+00
1.652000000000000000e+03 1.228868842124938965e+00
1.653000000000000000e+03 1.239298105239868164e+00
1.654000000000000000e+03 1.246701478958129883e+00
1.655000000000000000e+03 1.281492233276367188e+00
1.656000000000000000e+03 1.247810125350952148e+00
1.657000000000000000e+03 1.234271764755249023e+00
1.658000000000000000e+03 1.246586799621582031e+00
1.659000000000000000e+03 1.246939659118652344e+00
1.660000000000000000e+03 1.246669292449951172e+00
1.661000000000000000e+03 1.233100056648254395e+00
1.662000000000000000e+03 1.282795906066894531e+00
1.663000000000000000e+03 1.269863605499267578e+00
1.664000000000000000e+03 1.275239467620849609e+00
1.665000000000000000e+03 1.248675823211669922e+00
1.666000000000000000e+03 1.218639135360717773e+00
1.667000000000000000e+03 1.257509946823120117e+00
1.668000000000000000e+03 1.280753850936889648e+00
1.669000000000000000e+03 1.279412865638732910e+00
1.670000000000000000e+03 1.269435763359069824e+00
1.671000000000000000e+03 1.287553548812866211e+00
1.672000000000000000e+03 1.281046628952026367e+00
1.673000000000000000e+03 1.296935081481933594e+00
1.674000000000000000e+03 1.267751574516296387e+00
1.675000000000000000e+03 1.286187052726745605e+00
1.676000000000000000e+03 1.278571486473083496e+00
1.677000000000000000e+03 1.276585340499877930e+00
1.678000000000000000e+03 1.258838176727294922e+00
1.679000000000000000e+03 1.293316125869750977e+00
1.680000000000000000e+03 1.260105848312377930e+00
1.681000000000000000e+03 1.274410486221313477e+00
1.682000000000000000e+03 1.287203311920166016e+00
1.683000000000000000e+03 1.294380187988281250e+00
1.684000000000000000e+03 1.279846310615539551e+00
1.685000000000000000e+03 1.293971061706542969e+00
1.686000000000000000e+03 1.263150334358215332e+00
1.687000000000000000e+03 1.268542647361755371e+00
1.688000000000000000e+03 1.292287826538085938e+00
1.689000000000000000e+03 1.318902373313903809e+00
1.690000000000000000e+03 1.304079174995422363e+00
1.691000000000000000e+03 1.284726858139038086e+00
1.692000000000000000e+03 1.308827877044677734e+00
1.693000000000000000e+03 1.299782872200012207e+00
1.694000000000000000e+03 1.278317451477050781e+00
1.695000000000000000e+03 1.302190303802490234e+00
1.696000000000000000e+03 1.295014262199401855e+00
1.697000000000000000e+03 1.288559436798095703e+00
1.698000000000000000e+03 1.267829418182373047e+00
1.699000000000000000e+03 1.259951710700988770e+00
1.700000000000000000e+03 1.283218860626220703e+00
1.701000000000000000e+03 1.266176939010620117e+00
1.702000000000000000e+03 1.277568578720092773e+00
1.703000000000000000e+03 1.262860178947448730e+00
1.704000000000000000e+03 1.251058697700500488e+00
1.705000000000000000e+03 1.278336882591247559e+00
1.706000000000000000e+03 1.303995728492736816e+00
1.707000000000000000e+03 1.298483371734619141e+00
1.708000000000000000e+03 1.299386262893676758e+00
1.709000000000000000e+03 1.300778031349182129e+00
1.710000000000000000e+03 1.265036225318908691e+00
1.711000000000000000e+03 1.270287275314331055e+00
1.712000000000000000e+03 1.270770311355590820e+00
1.713000000000000000e+03 1.262805461883544922e+00
1.714000000000000000e+03 1.236214756965637207e+00
1.715000000000000000e+03 1.275494813919067383e+00
1.716000000000000000e+03 1.253161907196044922e+00
1.717000000000000000e+03 1.254026889801025391e+00
1.718000000000000000e+03 1.290347933769226074e+00
1.719000000000000000e+03 1.270254135131835938e+00
1.720000000000000000e+03 1.274960994720458984e+00
1.721000000000000000e+03 1.259482145309448242e+00
1.722000000000000000e+03 1.252180814743041992e+00
1.723000000000000000e+03 1.259504556655883789e+00
1.724000000000000000e+03 1.257592439651489258e+00
1.725000000000000000e+03 1.285804152488708496e+00
1.726000000000000000e+03 1.270380735397338867e+00
1.727000000000000000e+03 1.274185419082641602e+00
1.728000000000000000e+03 1.249533891677856445e+00
1.729000000000000000e+03 1.262861490249633789e+00
1.730000000000000000e+03 1.268272757530212402e+00
1.731000000000000000e+03 1.268873214721679688e+00
1.732000000000000000e+03 1.268170237541198730e+00
1.733000000000000000e+03 1.292578816413879395e+00
1.734000000000000000e+03 1.267672300338745117e+00
1.735000000000000000e+03 1.260670781135559082e+00
1.736000000000000000e+03 1.262051582336425781e+00
1.737000000000000000e+03 1.263287305831909180e+00
1.738000000000000000e+03 1.255566120147705078e+00
1.739000000000000000e+03 1.273406505584716797e+00
1.740000000000000000e+03 1.232038259506225586e+00
1.741000000000000000e+03 1.249103665351867676e+00
1.742000000000000000e+03 1.221206545829772949e+00
1.743000000000000000e+03 1.233617305755615234e+00
1.744000000000000000e+03 1.259804129600524902e+00
1.745000000000000000e+03 1.276934027671813965e+00
1.746000000000000000e+03 1.262127876281738281e+00
1.747000000000000000e+03 1.254767060279846191e+00
1.748000000000000000e+03 1.273120403289794922e+00
1.749000000000000000e+03 1.273353695869445801e+00
1.750000000000000000e+03 1.309009671211242676e+00
1.751000000000000000e+03 1.316860318183898926e+00
1.752000000000000000e+03 1.288858532905578613e+00
1.753000000000000000e+03 1.291561007499694824e+00
1.754000000000000000e+03 1.276767253875732422e+00
1.755000000000000000e+03 1.239174604415893555e+00
1.756000000000000000e+03 1.275702357292175293e+00
1.757000000000000000e+03 1.299766540527343750e+00
1.758000000000000000e+03 1.300663352012634277e+00
1.759000000000000000e+03 1.293295621871948242e+00
1.760000000000000000e+03 1.268972873687744141e+00
1.761000000000000000e+03 1.277995824813842773e+00
1.762000000000000000e+03 1.252391934394836426e+00
1.763000000000000000e+03 1.281262636184692383e+00
1.764000000000000000e+03 1.308659315109252930e+00
1.765000000000000000e+03 1.284937977790832520e+00
1.766000000000000000e+03 1.312951564788818359e+00
1.767000000000000000e+03 1.238955974578857422e+00
1.768000000000000000e+03 1.300471305847167969e+00
1.769000000000000000e+03 1.273481130599975586e+00
1.770000000000000000e+03 1.263407945632934570e+00
1.771000000000000000e+03 1.291477203369140625e+00
1.772000000000000000e+03 1.265470266342163086e+00
1.773000000000000000e+03 1.253049850463867188e+00
1.774000000000000000e+03 1.245434761047363281e+00
1.775000000000000000e+03 1.244773745536804199e+00
1.776000000000000000e+03 1.252836227416992188e+00
1.777000000000000000e+03 1.256808996200561523e+00
1.778000000000000000e+03 1.265685081481933594e+00
1.779000000000000000e+03 1.267250061035156250e+00
1.780000000000000000e+03 1.252546548843383789e+00
1.781000000000000000e+03 1.298181653022766113e+00
1.782000000000000000e+03 1.242968678474426270e+00
1.783000000000000000e+03 1.280755400657653809e+00
1.784000000000000000e+03 1.263692975044250488e+00
1.785000000000000000e+03 1.255141019821166992e+00
1.786000000000000000e+03 1.235769987106323242e+00
1.787000000000000000e+03 1.243609666824340820e+00
1.788000000000000000e+03 1.240754246711730957e+00
1.789000000000000000e+03 1.253529429435729980e+00
1.790000000000000000e+03 1.272971510887145996e+00
1.791000000000000000e+03 1.243472814559936523e+00
1.792000000000000000e+03 1.230148315429687500e+00
1.793000000000000000e+03 1.223605513572692871e+00
1.794000000000000000e+03 1.249353647232055664e+00
1.795000000000000000e+03 1.269535303115844727e+00
1.796000000000000000e+03 1.258820891380310059e+00
1.797000000000000000e+03 1.239180207252502441e+00
1.798000000000000000e+03 1.263198375701904297e+00
1.799000000000000000e+03 1.272868752479553223e+00
1.800000000000000000e+03 1.254964232444763184e+00
1.801000000000000000e+03 1.264897346496582031e+00
1.802000000000000000e+03 1.220632076263427734e+00
1.803000000000000000e+03 1.238983273506164551e+00
1.804000000000000000e+03 1.236283898353576660e+00
1.805000000000000000e+03 1.263874769210815430e+00
1.806000000000000000e+03 1.275090217590332031e+00
1.807000000000000000e+03 1.236813068389892578e+00
1.808000000000000000e+03 1.230908632278442383e+00
1.809000000000000000e+03 1.234105110168457031e+00
1.810000000000000000e+03 1.243000388145446777e+00
1.811000000000000000e+03 1.273207187652587891e+00
1.812000000000000000e+03 1.274539113044738770e+00
1.813000000000000000e+03 1.222528457641601562e+00
1.814000000000000000e+03 1.233820557594299316e+00
1.815000000000000000e+03 1.250049352645874023e+00
1.816000000000000000e+03 1.256453394889831543e+00
1.817000000000000000e+03 1.246607065200805664e+00
1.818000000000000000e+03 1.259532213211059570e+00
1.819000000000000000e+03 1.259912729263305664e+00
1.820000000000000000e+03 1.244061708450317383e+00
1.821000000000000000e+03 1.240815162658691406e+00
1.822000000000000000e+03 1.218494534492492676e+00
1.823000000000000000e+03 1.231486558914184570e+00
1.824000000000000000e+03 1.240474224090576172e+00
1.825000000000000000e+03 1.238438487052917480e+00
1.826000000000000000e+03 1.237544775009155273e+00
1.827000000000000000e+03 1.233907699584960938e+00
1.828000000000000000e+03 1.236687779426574707e+00
1.829000000000000000e+03 1.247006773948669434e+00
1.830000000000000000e+03 1.235320448875427246e+00
1.831000000000000000e+03 1.282281637191772461e+00
1.832000000000000000e+03 1.247089028358459473e+00
1.833000000000000000e+03 1.282506465911865234e+00
1.834000000000000000e+03 1.257250428199768066e+00
1.835000000000000000e+03 1.268944263458251953e+00
1.836000000000000000e+03 1.251556634902954102e+00
1.837000000000000000e+03 1.260628581047058105e+00
1.838000000000000000e+03 1.263435125350952148e+00
1.839000000000000000e+03 1.252637624740600586e+00
1.840000000000000000e+03 1.222532868385314941e+00
1.841000000000000000e+03 1.244387984275817871e+00
1.842000000000000000e+03 1.230553150177001953e+00
1.843000000000000000e+03 1.244507312774658203e+00
1.844000000000000000e+03 1.226949930191040039e+00
1.845000000000000000e+03 1.255074977874755859e+00
1.846000000000000000e+03 1.237156033515930176e+00
1.847000000000000000e+03 1.274077296257019043e+00
1.848000000000000000e+03 1.255059003829956055e+00
1.849000000000000000e+03 1.232926964759826660e+00
1.850000000000000000e+03 1.244337201118469238e+00
1.851000000000000000e+03 1.296343684196472168e+00
1.852000000000000000e+03 1.290909290313720703e+00
1.853000000000000000e+03 1.277029037475585938e+00
1.854000000000000000e+03 1.268924832344055176e+00
1.855000000000000000e+03 1.249523878097534180e+00
1.856000000000000000e+03 1.235158681869506836e+00
1.857000000000000000e+03 1.248206734657287598e+00
1.858000000000000000e+03 1.225114345550537109e+00
1.859000000000000000e+03 1.233362197875976562e+00
1.860000000000000000e+03 1.229411840438842773e+00
1.861000000000000000e+03 1.247120261192321777e+00
1.862000000000000000e+03 1.274819612503051758e+00
1.863000000000000000e+03 1.231592655181884766e+00
1.864000000000000000e+03 1.193131804466247559e+00
1.865000000000000000e+03 1.223575830459594727e+00
1.866000000000000000e+03 1.227082133293151855e+00
1.867000000000000000e+03 1.210854053497314453e+00
1.868000000000000000e+03 1.238359928131103516e+00
1.869000000000000000e+03 1.254002690315246582e+00
1.870000000000000000e+03 1.264403581619262695e+00
1.871000000000000000e+03 1.251775622367858887e+00
1.872000000000000000e+03 1.258881688117980957e+00
1.873000000000000000e+03 1.269235134124755859e+00
1.874000000000000000e+03 1.205971002578735352e+00
1.875000000000000000e+03 1.259105205535888672e+00
1.876000000000000000e+03 1.275383353233337402e+00
1.877000000000000000e+03 1.269832491874694824e+00
1.878000000000000000e+03 1.264459133148193359e+00
1.879000000000000000e+03 1.228188037872314453e+00
1.880000000000000000e+03 1.253396630287170410e+00
1.881000000000000000e+03 1.242814421653747559e+00
1.882000000000000000e+03 1.257730960845947266e+00
1.883000000000000000e+03 1.235395669937133789e+00
1.884000000000000000e+03 1.215877056121826172e+00
1.885000000000000000e+03 1.237002372741699219e+00
1.886000000000000000e+03 1.231972575187683105e+00
1.887000000000000000e+03 1.239384055137634277e+00
1.888000000000000000e+03 1.249883651733398438e+00
1.889000000000000000e+03 1.258611798286437988e+00
1.890000000000000000e+03 1.253687620162963867e+00
1.891000000000000000e+03 1.248460292816162109e+00
1.892000000000000000e+03 1.237748861312866211e+00
1.893000000000000000e+03 1.245180368423461914e+00
1.894000000000000000e+03 1.250815033912658691e+00
1.895000000000000000e+03 1.228270769119262695e+00
1.896000000000000000e+03 1.246416568756103516e+00
1.897000000000000000e+03 1.223661065101623535e+00
1.898000000000000000e+03 1.253394365310668945e+00
1.899000000000000000e+03 1.248305559158325195e+00
1.900000000000000000e+03 1.244573116302490234e+00
1.901000000000000000e+03 1.252157807350158691e+00
1.902000000000000000e+03 1.285228729248046875e+00
1.903000000000000000e+03 1.228601336479187012e+00
1.904000000000000000e+03 1.232879757881164551e+00
1.905000000000000000e+03 1.228561878204345703e+00
1.906000000000000000e+03 1.244546413421630859e+00
1.907000000000000000e+03 1.248555183410644531e+00
1.908000000000000000e+03 1.224123239517211914e+00
1.909000000000000000e+03 1.221803665161132812e+00
1.910000000000000000e+03 1.245018005371093750e+00
1.911000000000000000e+03 1.236580014228820801e+00
1.912000000000000000e+03 1.255708813667297363e+00
1.913000000000000000e+03 1.238699078559875488e+00
1.914000000000000000e+03 1.250912666320800781e+00
1.915000000000000000e+03 1.249863862991333008e+00
1.916000000000000000e+03 1.234967112541198730e+00
1.917000000000000000e+03 1.245857596397399902e+00
1.918000000000000000e+03 1.233253955841064453e+00
1.919000000000000000e+03 1.243117690086364746e+00
1.920000000000000000e+03 1.278704404830932617e+00
1.921000000000000000e+03 1.257200956344604492e+00
1.922000000000000000e+03 1.246740818023681641e+00
1.923000000000000000e+03 1.226584196090698242e+00
1.924000000000000000e+03 1.252700209617614746e+00
1.925000000000000000e+03 1.239992856979370117e+00
1.926000000000000000e+03 1.219552636146545410e+00
1.927000000000000000e+03 1.219418764114379883e+00
1.928000000000000000e+03 1.252506852149963379e+00
1.929000000000000000e+03 1.243950724601745605e+00
1.930000000000000000e+03 1.251159071922302246e+00
1.931000000000000000e+03 1.226393938064575195e+00
1.932000000000000000e+03 1.221146345138549805e+00
1.933000000000000000e+03 1.258985877037048340e+00
1.934000000000000000e+03 1.258982539176940918e+00
1.935000000000000000e+03 1.260149717330932617e+00
1.936000000000000000e+03 1.257427692413330078e+00
1.937000000000000000e+03 1.240599155426025391e+00
1.938000000000000000e+03 1.251708745956420898e+00
1.939000000000000000e+03 1.248344063758850098e+00
1.940000000000000000e+03 1.237392306327819824e+00
1.941000000000000000e+03 1.259788870811462402e+00
1.942000000000000000e+03 1.233666419982910156e+00
1.943000000000000000e+03 1.257189989089965820e+00
1.944000000000000000e+03 1.228756427764892578e+00
1.945000000000000000e+03 1.247005462646484375e+00
1.946000000000000000e+03 1.233234643936157227e+00
1.947000000000000000e+03 1.268190860748291016e+00
1.948000000000000000e+03 1.241439342498779297e+00
1.949000000000000000e+03 1.262819051742553711e+00
1.950000000000000000e+03 1.268690347671508789e+00
1.951000000000000000e+03 1.279927968978881836e+00
1.952000000000000000e+03 1.292786359786987305e+00
1.953000000000000000e+03 1.263748645782470703e+00
1.954000000000000000e+03 1.263214826583862305e+00
1.955000000000000000e+03 1.224400401115417480e+00
1.956000000000000000e+03 1.234941720962524414e+00
1.957000000000000000e+03 1.237213611602783203e+00
1.958000000000000000e+03 1.238290429115295410e+00
1.959000000000000000e+03 1.243432760238647461e+00
1.960000000000000000e+03 1.241726875305175781e+00
1.961000000000000000e+03 1.241217017173767090e+00
1.962000000000000000e+03 1.243123769760131836e+00
1.963000000000000000e+03 1.237018823623657227e+00
1.964000000000000000e+03 1.243045091629028320e+00
1.965000000000000000e+03 1.238260746002197266e+00
1.966000000000000000e+03 1.227645874023437500e+00
1.967000000000000000e+03 1.225279808044433594e+00
1.968000000000000000e+03 1.259286403656005859e+00
1.969000000000000000e+03 1.268524289131164551e+00
1.970000000000000000e+03 1.251836180686950684e+00
1.971000000000000000e+03 1.233514666557312012e+00
1.972000000000000000e+03 1.248183965682983398e+00
1.973000000000000000e+03 1.220134019851684570e+00
1.974000000000000000e+03 1.218428730964660645e+00
1.975000000000000000e+03 1.219662070274353027e+00
1.976000000000000000e+03 1.210168838500976562e+00
1.977000000000000000e+03 1.213870406150817871e+00
1.978000000000000000e+03 1.227265238761901855e+00
1.979000000000000000e+03 1.229018688201904297e+00
1.980000000000000000e+03 1.215617656707763672e+00
1.981000000000000000e+03 1.249413013458251953e+00
1.982000000000000000e+03 1.260190010070800781e+00
1.983000000000000000e+03 1.246471762657165527e+00
1.984000000000000000e+03 1.248758077621459961e+00
1.985000000000000000e+03 1.247389674186706543e+00
1.986000000000000000e+03 1.258239746093750000e+00
1.987000000000000000e+03 1.244622468948364258e+00
1.988000000000000000e+03 1.249520182609558105e+00
1.989000000000000000e+03 1.241149663925170898e+00
1.990000000000000000e+03 1.257883310317993164e+00
1.991000000000000000e+03 1.233875036239624023e+00
1.992000000000000000e+03 1.256696343421936035e+00
1.993000000000000000e+03 1.255571484565734863e+00
1.994000000000000000e+03 1.222963094711303711e+00
1.995000000000000000e+03 1.249752402305603027e+00
1.996000000000000000e+03 1.221342682838439941e+00
1.997000000000000000e+03 1.246786117553710938e+00
1.998000000000000000e+03 1.245275974273681641e+00
1.999000000000000000e+03 1.242073416709899902e+00
2.000000000000000000e+03 1.236238598823547363e+00
2.001000000000000000e+03 1.214786529541015625e+00
2.002000000000000000e+03 1.245748162269592285e+00
2.003000000000000000e+03 1.221173882484436035e+00
2.004000000000000000e+03 1.243283987045288086e+00
2.005000000000000000e+03 1.243059277534484863e+00
2.006000000000000000e+03 1.258700013160705566e+00
2.007000000000000000e+03 1.277709364891052246e+00
2.008000000000000000e+03 1.256932377815246582e+00
2.009000000000000000e+03 1.278085708618164062e+00
2.010000000000000000e+03 1.240512490272521973e+00
2.011000000000000000e+03 1.247142314910888672e+00
2.012000000000000000e+03 1.248813986778259277e+00
2.013000000000000000e+03 1.231430053710937500e+00
2.014000000000000000e+03 1.238259911537170410e+00
2.015000000000000000e+03 1.247870922088623047e+00
2.016000000000000000e+03 1.239594221115112305e+00
2.017000000000000000e+03 1.234366297721862793e+00
2.018000000000000000e+03 1.253043770790100098e+00
2.019000000000000000e+03 1.252130031585693359e+00
2.020000000000000000e+03 1.240899562835693359e+00
2.021000000000000000e+03 1.228293538093566895e+00
2.022000000000000000e+03 1.247213482856750488e+00
2.023000000000000000e+03 1.266572833061218262e+00
2.024000000000000000e+03 1.215237855911254883e+00
2.025000000000000000e+03 1.222096681594848633e+00
2.026000000000000000e+03 1.241315603256225586e+00
2.027000000000000000e+03 1.231895327568054199e+00
2.028000000000000000e+03 1.215732932090759277e+00
2.029000000000000000e+03 1.230468034744262695e+00
2.030000000000000000e+03 1.254647970199584961e+00
2.031000000000000000e+03 1.271802902221679688e+00
2.032000000000000000e+03 1.235192537307739258e+00
2.033000000000000000e+03 1.232374668121337891e+00
2.034000000000000000e+03 1.243698835372924805e+00
2.035000000000000000e+03 1.223299622535705566e+00
2.036000000000000000e+03 1.252049207687377930e+00
2.037000000000000000e+03 1.242143034934997559e+00
2.038000000000000000e+03 1.283816814422607422e+00
2.039000000000000000e+03 1.229352235794067383e+00
2.040000000000000000e+03 1.219452619552612305e+00
2.041000000000000000e+03 1.216427564620971680e+00
2.042000000000000000e+03 1.209348320960998535e+00
2.043000000000000000e+03 1.239678621292114258e+00
2.044000000000000000e+03 1.251137495040893555e+00
2.045000000000000000e+03 1.250165224075317383e+00
2.046000000000000000e+03 1.238321781158447266e+00
2.047000000000000000e+03 1.225742816925048828e+00
2.048000000000000000e+03 1.248407006263732910e+00
2.049000000000000000e+03 1.233615756034851074e+00
2.050000000000000000e+03 1.215156078338623047e+00
2.051000000000000000e+03 1.222942829132080078e+00
2.052000000000000000e+03 1.201279997825622559e+00
2.053000000000000000e+03 1.224790334701538086e+00
2.054000000000000000e+03 1.226879477500915527e+00
2.055000000000000000e+03 1.219563603401184082e+00
2.056000000000000000e+03 1.285347223281860352e+00
2.057000000000000000e+03 1.261463522911071777e+00
2.058000000000000000e+03 1.260748386383056641e+00
2.059000000000000000e+03 1.249668478965759277e+00
2.060000000000000000e+03 1.250193715095520020e+00
2.061000000000000000e+03 1.250134587287902832e+00
2.062000000000000000e+03 1.220854997634887695e+00
2.063000000000000000e+03 1.241760015487670898e+00
2.064000000000000000e+03 1.253051996231079102e+00
2.065000000000000000e+03 1.250892162322998047e+00
2.066000000000000000e+03 1.243045091629028320e+00
2.067000000000000000e+03 1.263996362686157227e+00
2.068000000000000000e+03 1.263482689857482910e+00
2.069000000000000000e+03 1.257445573806762695e+00
2.070000000000000000e+03 1.263084650039672852e+00
2.071000000000000000e+03 1.238022327423095703e+00
2.072000000000000000e+03 1.261033892631530762e+00
2.073000000000000000e+03 1.239195227622985840e+00
2.074000000000000000e+03 1.219334483146667480e+00
2.075000000000000000e+03 1.243437767028808594e+00
2.076000000000000000e+03 1.239766478538513184e+00
2.077000000000000000e+03 1.243457436561584473e+00
2.078000000000000000e+03 1.254421472549438477e+00
2.079000000000000000e+03 1.226341605186462402e+00
2.080000000000000000e+03 1.196569919586181641e+00
2.081000000000000000e+03 1.212639451026916504e+00
2.082000000000000000e+03 1.220953822135925293e+00
2.083000000000000000e+03 1.213802576065063477e+00
2.084000000000000000e+03 1.245123267173767090e+00
2.085000000000000000e+03 1.241425275802612305e+00
2.086000000000000000e+03 1.246809244155883789e+00
2.087000000000000000e+03 1.241376996040344238e+00
2.088000000000000000e+03 1.256593823432922363e+00
2.089000000000000000e+03 1.269331932067871094e+00
2.090000000000000000e+03 1.233171701431274414e+00
2.091000000000000000e+03 1.211903333663940430e+00
2.092000000000000000e+03 1.264819383621215820e+00
2.093000000000000000e+03 1.228225350379943848e+00
2.094000000000000000e+03 1.215988993644714355e+00
2.095000000000000000e+03 1.239671587944030762e+00
2.096000000000000000e+03 1.220577239990234375e+00
2.097000000000000000e+03 1.240851521492004395e+00
2.098000000000000000e+03 1.234771013259887695e+00
2.099000000000000000e+03 1.229861021041870117e+00
2.100000000000000000e+03 1.211959838867187500e+00
2.101000000000000000e+03 1.235698819160461426e+00
2.102000000000000000e+03 1.244529962539672852e+00
2.103000000000000000e+03 1.275071382522583008e+00
2.104000000000000000e+03 1.224013924598693848e+00
2.105000000000000000e+03 1.237530231475830078e+00
2.106000000000000000e+03 1.248332738876342773e+00
2.107000000000000000e+03 1.245654106140136719e+00
2.108000000000000000e+03 1.263969421386718750e+00
2.109000000000000000e+03 1.241547584533691406e+00
2.110000000000000000e+03 1.261018753051757812e+00
2.111000000000000000e+03 1.260314583778381348e+00
2.112000000000000000e+03 1.247249960899353027e+00
2.113000000000000000e+03 1.242008686065673828e+00
2.114000000000000000e+03 1.234327793121337891e+00
2.115000000000000000e+03 1.251097083091735840e+00
2.116000000000000000e+03 1.215088248252868652e+00
2.117000000000000000e+03 1.227457284927368164e+00
2.118000000000000000e+03 1.220442652702331543e+00
2.119000000000000000e+03 1.232730865478515625e+00
2.120000000000000000e+03 1.238421678543090820e+00
2.121000000000000000e+03 1.254360914230346680e+00
2.122000000000000000e+03 1.248317241668701172e+00
2.123000000000000000e+03 1.228004217147827148e+00
2.124000000000000000e+03 1.240327477455139160e+00
2.125000000000000000e+03 1.247941970825195312e+00
2.126000000000000000e+03 1.252730607986450195e+00
2.127000000000000000e+03 1.215558886528015137e+00
2.128000000000000000e+03 1.233682990074157715e+00
2.129000000000000000e+03 1.251424551010131836e+00
2.130000000000000000e+03 1.256084680557250977e+00
2.131000000000000000e+03 1.212441444396972656e+00
2.132000000000000000e+03 1.229786157608032227e+00
2.133000000000000000e+03 1.216624975204467773e+00
2.134000000000000000e+03 1.231103181838989258e+00
2.135000000000000000e+03 1.225370287895202637e+00
2.136000000000000000e+03 1.228180170059204102e+00
2.137000000000000000e+03 1.232814788818359375e+00
2.138000000000000000e+03 1.221302628517150879e+00
2.139000000000000000e+03 1.228391408920288086e+00
2.140000000000000000e+03 1.250208020210266113e+00
2.141000000000000000e+03 1.242804527282714844e+00
2.142000000000000000e+03 1.234365105628967285e+00
2.143000000000000000e+03 1.237969636917114258e+00
2.144000000000000000e+03 1.218114614486694336e+00
2.145000000000000000e+03 1.212090969085693359e+00
2.146000000000000000e+03 1.236566066741943359e+00
2.147000000000000000e+03 1.263004064559936523e+00
2.148000000000000000e+03 1.237694025039672852e+00
2.149000000000000000e+03 1.248036146163940430e+00
2.150000000000000000e+03 1.229749441146850586e+00
2.151000000000000000e+03 1.209292292594909668e+00
2.152000000000000000e+03 1.230132818222045898e+00
2.153000000000000000e+03 1.249761581420898438e+00
2.154000000000000000e+03 1.192096710205078125e+00
2.155000000000000000e+03 1.217549562454223633e+00
2.156000000000000000e+03 1.204563260078430176e+00
2.157000000000000000e+03 1.195720076560974121e+00
2.158000000000000000e+03 1.238558769226074219e+00
2.159000000000000000e+03 1.231088161468505859e+00
2.160000000000000000e+03 1.204282522201538086e+00
2.161000000000000000e+03 1.262164592742919922e+00
2.162000000000000000e+03 1.254721760749816895e+00
2.163000000000000000e+03 1.240486860275268555e+00
2.164000000000000000e+03 1.270089626312255859e+00
2.165000000000000000e+03 1.245095729827880859e+00
2.166000000000000000e+03 1.239263057708740234e+00
2.167000000000000000e+03 1.275779128074645996e+00
2.168000000000000000e+03 1.250434875488281250e+00
2.169000000000000000e+03 1.236670613288879395e+00
2.170000000000000000e+03 1.259688854217529297e+00
2.171000000000000000e+03 1.257981181144714355e+00
2.172000000000000000e+03 1.230040669441223145e+00
2.173000000000000000e+03 1.239823818206787109e+00
2.174000000000000000e+03 1.262093782424926758e+00
2.175000000000000000e+03 1.264712929725646973e+00
2.176000000000000000e+03 1.253125190734863281e+00
2.177000000000000000e+03 1.246618032455444336e+00
2.178000000000000000e+03 1.231216073036193848e+00
2.179000000000000000e+03 1.253356933593750000e+00
2.180000000000000000e+03 1.258379578590393066e+00
2.181000000000000000e+03 1.227786898612976074e+00
2.182000000000000000e+03 1.250574111938476562e+00
2.183000000000000000e+03 1.211279511451721191e+00
2.184000000000000000e+03 1.245659589767456055e+00
2.185000000000000000e+03 1.268895983695983887e+00
2.186000000000000000e+03 1.248209595680236816e+00
2.187000000000000000e+03 1.247280359268188477e+00
2.188000000000000000e+03 1.235920071601867676e+00
2.189000000000000000e+03 1.282339930534362793e+00
2.190000000000000000e+03 1.257123708724975586e+00
2.191000000000000000e+03 1.259460210800170898e+00
2.192000000000000000e+03 1.265452861785888672e+00
2.193000000000000000e+03 1.250184297561645508e+00
2.194000000000000000e+03 1.227572202682495117e+00
2.195000000000000000e+03 1.254639029502868652e+00
2.196000000000000000e+03 1.254830121994018555e+00
2.197000000000000000e+03 1.231029510498046875e+00
2.198000000000000000e+03 1.244153738021850586e+00
2.199000000000000000e+03 1.258009076118469238e+00
2.200000000000000000e+03 1.227890968322753906e+00
2.201000000000000000e+03 1.227500200271606445e+00
2.202000000000000000e+03 1.262738227844238281e+00
2.203000000000000000e+03 1.267315149307250977e+00
2.204000000000000000e+03 1.233062028884887695e+00
2.205000000000000000e+03 1.223699569702148438e+00
2.206000000000000000e+03 1.221008300781250000e+00
2.207000000000000000e+03 1.251245021820068359e+00
2.208000000000000000e+03 1.219961166381835938e+00
2.209000000000000000e+03 1.239868640899658203e+00
2.210000000000000000e+03 1.193054199218750000e+00
2.211000000000000000e+03 1.208178758621215820e+00
2.212000000000000000e+03 1.239216327667236328e+00
2.213000000000000000e+03 1.242662310600280762e+00
2.214000000000000000e+03 1.245180130004882812e+00
2.215000000000000000e+03 1.223373174667358398e+00
2.216000000000000000e+03 1.250390052795410156e+00
2.217000000000000000e+03 1.249879121780395508e+00
2.218000000000000000e+03 1.271607160568237305e+00
2.219000000000000000e+03 1.258800506591796875e+00
2.220000000000000000e+03 1.222494721412658691e+00
2.221000000000000000e+03 1.237510919570922852e+00
2.222000000000000000e+03 1.274955511093139648e+00
2.223000000000000000e+03 1.246219396591186523e+00
2.224000000000000000e+03 1.245647430419921875e+00
2.225000000000000000e+03 1.249998569488525391e+00
2.226000000000000000e+03 1.280460596084594727e+00
2.227000000000000000e+03 1.242776513099670410e+00
2.228000000000000000e+03 1.248000502586364746e+00
2.229000000000000000e+03 1.265056371688842773e+00
2.230000000000000000e+03 1.241295814514160156e+00
2.231000000000000000e+03 1.264944791793823242e+00
2.232000000000000000e+03 1.254092097282409668e+00
2.233000000000000000e+03 1.281449198722839355e+00
2.234000000000000000e+03 1.268178701400756836e+00
2.235000000000000000e+03 1.245413064956665039e+00
2.236000000000000000e+03 1.245737433433532715e+00
2.237000000000000000e+03 1.243525147438049316e+00
2.238000000000000000e+03 1.240705013275146484e+00
2.239000000000000000e+03 1.288450956344604492e+00
2.240000000000000000e+03 1.236695885658264160e+00
2.241000000000000000e+03 1.250877141952514648e+00
2.242000000000000000e+03 1.265799760818481445e+00
2.243000000000000000e+03 1.248425364494323730e+00
2.244000000000000000e+03 1.234606266021728516e+00
2.245000000000000000e+03 1.255307674407958984e+00
2.246000000000000000e+03 1.244768619537353516e+00
2.247000000000000000e+03 1.267017483711242676e+00
2.248000000000000000e+03 1.249836921691894531e+00
2.249000000000000000e+03 1.259684920310974121e+00
2.250000000000000000e+03 1.265862703323364258e+00
2.251000000000000000e+03 1.258912563323974609e+00
2.252000000000000000e+03 1.247124195098876953e+00
2.253000000000000000e+03 1.237752676010131836e+00
2.254000000000000000e+03 1.239670276641845703e+00
2.255000000000000000e+03 1.238862752914428711e+00
2.256000000000000000e+03 1.269169211387634277e+00
2.257000000000000000e+03 1.252429485321044922e+00
2.258000000000000000e+03 1.273850202560424805e+00
2.259000000000000000e+03 1.324819684028625488e+00
2.260000000000000000e+03 1.267561674118041992e+00
2.261000000000000000e+03 1.270769596099853516e+00
2.262000000000000000e+03 1.266523838043212891e+00
2.263000000000000000e+03 1.278963565826416016e+00
2.264000000000000000e+03 1.268402814865112305e+00
2.265000000000000000e+03 1.275592088699340820e+00
2.266000000000000000e+03 1.260770320892333984e+00
2.267000000000000000e+03 1.270136356353759766e+00
2.268000000000000000e+03 1.311510086059570312e+00
2.269000000000000000e+03 1.258288145065307617e+00
2.270000000000000000e+03 1.275853872299194336e+00
2.271000000000000000e+03 1.275574207305908203e+00
2.272000000000000000e+03 1.267105698585510254e+00
2.273000000000000000e+03 1.278697371482849121e+00
2.274000000000000000e+03 1.277552962303161621e+00
2.275000000000000000e+03 1.287939548492431641e+00
2.276000000000000000e+03 1.268797397613525391e+00
2.277000000000000000e+03 1.313766717910766602e+00
2.278000000000000000e+03 1.243736505508422852e+00
2.279000000000000000e+03 1.265739321708679199e+00
2.280000000000000000e+03 1.283773183822631836e+00
2.281000000000000000e+03 1.271007895469665527e+00
2.282000000000000000e+03 1.265868663787841797e+00
2.283000000000000000e+03 1.267793416976928711e+00
2.284000000000000000e+03 1.251189708709716797e+00
2.285000000000000000e+03 1.272861361503601074e+00
2.286000000000000000e+03 1.262905120849609375e+00
2.287000000000000000e+03 1.283420681953430176e+00
2.288000000000000000e+03 1.247285485267639160e+00
2.289000000000000000e+03 1.265486359596252441e+00
2.290000000000000000e+03 1.253630757331848145e+00
2.291000000000000000e+03 1.242400765419006348e+00
2.292000000000000000e+03 1.319969296455383301e+00
2.293000000000000000e+03 1.251121878623962402e+00
2.294000000000000000e+03 1.272588968276977539e+00
2.295000000000000000e+03 1.282380700111389160e+00
2.296000000000000000e+03 1.280388355255126953e+00
2.297000000000000000e+03 1.300780177116394043e+00
2.298000000000000000e+03 1.290128588676452637e+00
2.299000000000000000e+03 1.246102809906005859e+00
2.300000000000000000e+03 1.288997888565063477e+00
2.301000000000000000e+03 1.249874830245971680e+00
2.302000000000000000e+03 1.257426261901855469e+00
2.303000000000000000e+03 1.253611803054809570e+00
2.304000000000000000e+03 1.265778660774230957e+00
2.305000000000000000e+03 1.282675504684448242e+00
2.306000000000000000e+03 1.251007556915283203e+00
2.307000000000000000e+03 1.253960967063903809e+00
2.308000000000000000e+03 1.250876784324645996e+00
2.309000000000000000e+03 1.251760482788085938e+00
2.310000000000000000e+03 1.256957173347473145e+00
2.311000000000000000e+03 1.238526821136474609e+00
2.312000000000000000e+03 1.251713275909423828e+00
2.313000000000000000e+03 1.290411710739135742e+00
2.314000000000000000e+03 1.285591363906860352e+00
2.315000000000000000e+03 1.270567655563354492e+00
2.316000000000000000e+03 1.289356708526611328e+00
2.317000000000000000e+03 1.305912256240844727e+00
2.318000000000000000e+03 1.272490262985229492e+00
2.319000000000000000e+03 1.260257124900817871e+00
2.320000000000000000e+03 1.255501985549926758e+00
2.321000000000000000e+03 1.271279335021972656e+00
2.322000000000000000e+03 1.263259649276733398e+00
2.323000000000000000e+03 1.279327273368835449e+00
2.324000000000000000e+03 1.240295290946960449e+00
2.325000000000000000e+03 1.267758727073669434e+00
2.326000000000000000e+03 1.287771821022033691e+00
2.327000000000000000e+03 1.286174535751342773e+00
2.328000000000000000e+03 1.232273101806640625e+00
2.329000000000000000e+03 1.267814517021179199e+00
2.330000000000000000e+03 1.253406286239624023e+00
2.331000000000000000e+03 1.265602707862854004e+00
2.332000000000000000e+03 1.293377161026000977e+00
2.333000000000000000e+03 1.260177850723266602e+00
2.334000000000000000e+03 1.283682703971862793e+00
2.335000000000000000e+03 1.277654647827148438e+00
2.336000000000000000e+03 1.255525946617126465e+00
2.337000000000000000e+03 1.260050535202026367e+00
2.338000000000000000e+03 1.262483000755310059e+00
2.339000000000000000e+03 1.266433715820312500e+00
2.340000000000000000e+03 1.254899382591247559e+00
2.341000000000000000e+03 1.240497112274169922e+00
2.342000000000000000e+03 1.237423181533813477e+00
2.343000000000000000e+03 1.241506099700927734e+00
2.344000000000000000e+03 1.208307981491088867e+00
2.345000000000000000e+03 1.227100253105163574e+00
2.346000000000000000e+03 1.221087455749511719e+00
2.347000000000000000e+03 1.226020336151123047e+00
2.348000000000000000e+03 1.247995376586914062e+00
2.349000000000000000e+03 1.221150159835815430e+00
2.350000000000000000e+03 1.235828399658203125e+00
2.351000000000000000e+03 1.256929874420166016e+00
2.352000000000000000e+03 1.244220733642578125e+00
2.353000000000000000e+03 1.255673766136169434e+00
2.354000000000000000e+03 1.257128000259399414e+00
2.355000000000000000e+03 1.250200152397155762e+00
2.356000000000000000e+03 1.272315025329589844e+00
2.357000000000000000e+03 1.243075728416442871e+00
2.358000000000000000e+03 1.278258562088012695e+00
2.359000000000000000e+03 1.271699547767639160e+00
2.360000000000000000e+03 1.274777889251708984e+00
2.361000000000000000e+03 1.258354663848876953e+00
2.362000000000000000e+03 1.238971710205078125e+00
2.363000000000000000e+03 1.256342649459838867e+00
2.364000000000000000e+03 1.268384456634521484e+00
2.365000000000000000e+03 1.289224505424499512e+00
2.366000000000000000e+03 1.232863187789916992e+00
2.367000000000000000e+03 1.244745254516601562e+00
2.368000000000000000e+03 1.268980145454406738e+00
2.369000000000000000e+03 1.254529714584350586e+00
2.370000000000000000e+03 1.259504795074462891e+00
2.371000000000000000e+03 1.282674789428710938e+00
2.372000000000000000e+03 1.292143821716308594e+00
2.373000000000000000e+03 1.295082926750183105e+00
2.374000000000000000e+03 1.279352426528930664e+00
2.375000000000000000e+03 1.263961911201477051e+00
2.376000000000000000e+03 1.226741433143615723e+00
2.377000000000000000e+03 1.273922204971313477e+00
2.378000000000000000e+03 1.259769201278686523e+00
2.379000000000000000e+03 1.252425670623779297e+00
2.380000000000000000e+03 1.275677680969238281e+00
2.381000000000000000e+03 1.280645489692687988e+00
2.382000000000000000e+03 1.253166675567626953e+00
2.383000000000000000e+03 1.243177890777587891e+00
2.384000000000000000e+03 1.228920698165893555e+00
2.385000000000000000e+03 1.227574825286865234e+00
2.386000000000000000e+03 1.236593365669250488e+00
2.387000000000000000e+03 1.224014043807983398e+00
2.388000000000000000e+03 1.228025794029235840e+00
2.389000000000000000e+03 1.262284398078918457e+00
2.390000000000000000e+03 1.249224662780761719e+00
2.391000000000000000e+03 1.234188318252563477e+00
2.392000000000000000e+03 1.224940538406372070e+00
2.393000000000000000e+03 1.250892043113708496e+00
2.394000000000000000e+03 1.246886491775512695e+00
2.395000000000000000e+03 1.222562551498413086e+00
2.396000000000000000e+03 1.264876604080200195e+00
2.397000000000000000e+03 1.257312417030334473e+00
2.398000000000000000e+03 1.261309742927551270e+00
2.399000000000000000e+03 1.298834800720214844e+00
2.400000000000000000e+03 1.252420902252197266e+00
2.401000000000000000e+03 1.283090710639953613e+00
2.402000000000000000e+03 1.254220008850097656e+00
2.403000000000000000e+03 1.263235330581665039e+00
2.404000000000000000e+03 1.289855241775512695e+00
2.405000000000000000e+03 1.283031225204467773e+00
2.406000000000000000e+03 1.267792224884033203e+00
2.407000000000000000e+03 1.246639132499694824e+00
2.408000000000000000e+03 1.267111182212829590e+00
2.409000000000000000e+03 1.269545078277587891e+00
2.410000000000000000e+03 1.227351665496826172e+00
2.411000000000000000e+03 1.266226530075073242e+00
2.412000000000000000e+03 1.272218704223632812e+00
2.413000000000000000e+03 1.287872314453125000e+00
2.414000000000000000e+03 1.285297155380249023e+00
2.415000000000000000e+03 1.282034158706665039e+00
2.416000000000000000e+03 1.286830902099609375e+00
2.417000000000000000e+03 1.260492086410522461e+00
2.418000000000000000e+03 1.275894641876220703e+00
2.419000000000000000e+03 1.255259990692138672e+00
2.420000000000000000e+03 1.269693851470947266e+00
2.421000000000000000e+03 1.261334538459777832e+00
2.422000000000000000e+03 1.266392111778259277e+00
2.423000000000000000e+03 1.274870395660400391e+00
2.424000000000000000e+03 1.285893440246582031e+00
2.425000000000000000e+03 1.287347078323364258e+00
2.426000000000000000e+03 1.274305105209350586e+00
2.427000000000000000e+03 1.308920025825500488e+00
2.428000000000000000e+03 1.263637304306030273e+00
2.429000000000000000e+03 1.266628980636596680e+00
2.430000000000000000e+03 1.253145694732666016e+00
2.431000000000000000e+03 1.244722604751586914e+00
2.432000000000000000e+03 1.236860632896423340e+00
2.433000000000000000e+03 1.259957790374755859e+00
2.434000000000000000e+03 1.242249369621276855e+00
2.435000000000000000e+03 1.274672746658325195e+00
2.436000000000000000e+03 1.271002054214477539e+00
2.437000000000000000e+03 1.243213176727294922e+00
2.438000000000000000e+03 1.251703858375549316e+00
2.439000000000000000e+03 1.262310266494750977e+00
2.440000000000000000e+03 1.233775615692138672e+00
2.441000000000000000e+03 1.233843088150024414e+00
2.442000000000000000e+03 1.259344100952148438e+00
2.443000000000000000e+03 1.245113849639892578e+00
2.444000000000000000e+03 1.235320448875427246e+00
2.445000000000000000e+03 1.256951570510864258e+00
2.446000000000000000e+03 1.310392618179321289e+00
2.447000000000000000e+03 1.276133060455322266e+00
2.448000000000000000e+03 1.258660435676574707e+00
2.449000000000000000e+03 1.258391618728637695e+00
2.450000000000000000e+03 1.263579607009887695e+00
2.451000000000000000e+03 1.287343621253967285e+00
2.452000000000000000e+03 1.267003297805786133e+00
2.453000000000000000e+03 1.241839408874511719e+00
2.454000000000000000e+03 1.251535177230834961e+00
2.455000000000000000e+03 1.252845168113708496e+00
2.456000000000000000e+03 1.249581098556518555e+00
2.457000000000000000e+03 1.284773111343383789e+00
2.458000000000000000e+03 1.261478900909423828e+00
2.459000000000000000e+03 1.246428251266479492e+00
2.460000000000000000e+03 1.261528134346008301e+00
2.461000000000000000e+03 1.288213133811950684e+00
2.462000000000000000e+03 1.258225917816162109e+00
2.463000000000000000e+03 1.251709342002868652e+00
2.464000000000000000e+03 1.271691679954528809e+00
2.465000000000000000e+03 1.288963079452514648e+00
2.466000000000000000e+03 1.261369943618774414e+00
2.467000000000000000e+03 1.271064162254333496e+00
2.468000000000000000e+03 1.279389500617980957e+00
2.469000000000000000e+03 1.233762502670288086e+00
2.470000000000000000e+03 1.235204219818115234e+00
2.471000000000000000e+03 1.276357889175415039e+00
2.472000000000000000e+03 1.234728097915649414e+00
2.473000000000000000e+03 1.257156848907470703e+00
2.474000000000000000e+03 1.234969615936279297e+00
2.475000000000000000e+03 1.248242378234863281e+00
2.476000000000000000e+03 1.251159429550170898e+00
2.477000000000000000e+03 1.258225202560424805e+00
2.478000000000000000e+03 1.258756160736083984e+00
2.479000000000000000e+03 1.253514409065246582e+00
2.480000000000000000e+03 1.237801551818847656e+00
2.481000000000000000e+03 1.235176801681518555e+00
2.482000000000000000e+03 1.274225234985351562e+00
2.483000000000000000e+03 1.251365065574645996e+00
2.484000000000000000e+03 1.254328846931457520e+00
2.485000000000000000e+03 1.248889327049255371e+00
2.486000000000000000e+03 1.249569416046142578e+00
2.487000000000000000e+03 1.203975439071655273e+00
2.488000000000000000e+03 1.266125798225402832e+00
2.489000000000000000e+03 1.241376638412475586e+00
2.490000000000000000e+03 1.272665739059448242e+00
2.491000000000000000e+03 1.239445209503173828e+00
2.492000000000000000e+03 1.235868453979492188e+00
2.493000000000000000e+03 1.228036999702453613e+00
2.494000000000000000e+03 1.214920043945312500e+00
2.495000000000000000e+03 1.232139587402343750e+00
2.496000000000000000e+03 1.279625654220581055e+00
2.497000000000000000e+03 1.215969085693359375e+00
2.498000000000000000e+03 1.247061252593994141e+00
2.499000000000000000e+03 1.229076266288757324e+00
2.500000000000000000e+03 1.233023643493652344e+00
2.501000000000000000e+03 1.216149091720581055e+00
2.502000000000000000e+03 1.224644899368286133e+00
2.503000000000000000e+03 1.223999142646789551e+00
2.504000000000000000e+03 1.232679843902587891e+00
2.505000000000000000e+03 1.235394716262817383e+00
2.506000000000000000e+03 1.243814468383789062e+00
2.507000000000000000e+03 1.263645648956298828e+00
2.508000000000000000e+03 1.255232930183410645e+00
2.509000000000000000e+03 1.231067299842834473e+00
2.510000000000000000e+03 1.225300788879394531e+00
2.511000000000000000e+03 1.245946645736694336e+00
2.512000000000000000e+03 1.244560599327087402e+00
2.513000000000000000e+03 1.242781877517700195e+00
2.514000000000000000e+03 1.285784006118774414e+00
2.515000000000000000e+03 1.258569478988647461e+00
2.516000000000000000e+03 1.266247868537902832e+00
2.517000000000000000e+03 1.243368625640869141e+00
2.518000000000000000e+03 1.280636548995971680e+00
2.519000000000000000e+03 1.250039458274841309e+00
2.520000000000000000e+03 1.249964356422424316e+00
2.521000000000000000e+03 1.262677550315856934e+00
2.522000000000000000e+03 1.272607326507568359e+00
2.523000000000000000e+03 1.248111128807067871e+00
2.524000000000000000e+03 1.257116079330444336e+00
2.525000000000000000e+03 1.251031756401062012e+00
2.526000000000000000e+03 1.263571739196777344e+00
2.527000000000000000e+03 1.244680404663085938e+00
2.528000000000000000e+03 1.249554514884948730e+00
2.529000000000000000e+03 1.276964068412780762e+00
2.530000000000000000e+03 1.270786523818969727e+00
2.531000000000000000e+03 1.284978628158569336e+00
2.532000000000000000e+03 1.262905120849609375e+00
2.533000000000000000e+03 1.235142946243286133e+00
2.534000000000000000e+03 1.246675729751586914e+00
2.535000000000000000e+03 1.255911469459533691e+00
2.536000000000000000e+03 1.236577987670898438e+00
2.537000000000000000e+03 1.248160600662231445e+00
2.538000000000000000e+03 1.260436415672302246e+00
2.539000000000000000e+03 1.275979161262512207e+00
2.540000000000000000e+03 1.258695602416992188e+00
2.541000000000000000e+03 1.272827029228210449e+00
2.542000000000000000e+03 1.268568873405456543e+00
2.543000000000000000e+03 1.258022069931030273e+00
2.544000000000000000e+03 1.213083028793334961e+00
2.545000000000000000e+03 1.255058169364929199e+00
2.546000000000000000e+03 1.238576650619506836e+00
2.547000000000000000e+03 1.265648365020751953e+00
2.548000000000000000e+03 1.264328122138977051e+00
2.549000000000000000e+03 1.240665555000305176e+00
2.550000000000000000e+03 1.247718691825866699e+00
2.551000000000000000e+03 1.256624221801757812e+00
2.552000000000000000e+03 1.287754535675048828e+00
2.553000000000000000e+03 1.286500930786132812e+00
2.554000000000000000e+03 1.323963284492492676e+00
2.555000000000000000e+03 1.313502192497253418e+00
2.556000000000000000e+03 1.267022013664245605e+00
2.557000000000000000e+03 1.265424609184265137e+00
2.558000000000000000e+03 1.272297739982604980e+00
2.559000000000000000e+03 1.256462335586547852e+00
2.560000000000000000e+03 1.269598245620727539e+00
2.561000000000000000e+03 1.250964403152465820e+00
2.562000000000000000e+03 1.240815639495849609e+00
2.563000000000000000e+03 1.274477005004882812e+00
2.564000000000000000e+03 1.263112664222717285e+00
2.565000000000000000e+03 1.240176320075988770e+00
2.566000000000000000e+03 1.292376756668090820e+00
2.567000000000000000e+03 1.260461807250976562e+00
2.568000000000000000e+03 1.273988246917724609e+00
2.569000000000000000e+03 1.281396865844726562e+00
2.570000000000000000e+03 1.259079694747924805e+00
2.571000000000000000e+03 1.288385868072509766e+00
2.572000000000000000e+03 1.280605554580688477e+00
2.573000000000000000e+03 1.276225090026855469e+00
2.574000000000000000e+03 1.314403772354125977e+00
2.575000000000000000e+03 1.278355002403259277e+00
2.576000000000000000e+03 1.301977992057800293e+00
2.577000000000000000e+03 1.263150930404663086e+00
2.578000000000000000e+03 1.262120127677917480e+00
2.579000000000000000e+03 1.274094700813293457e+00
2.580000000000000000e+03 1.307677030563354492e+00
2.581000000000000000e+03 1.256820917129516602e+00
2.582000000000000000e+03 1.262853145599365234e+00
2.583000000000000000e+03 1.266885519027709961e+00
2.584000000000000000e+03 1.271176934242248535e+00
2.585000000000000000e+03 1.254401445388793945e+00
2.586000000000000000e+03 1.284034252166748047e+00
2.587000000000000000e+03 1.286294460296630859e+00
2.588000000000000000e+03 1.270705819129943848e+00
2.589000000000000000e+03 1.299229979515075684e+00
2.590000000000000000e+03 1.286051034927368164e+00
2.591000000000000000e+03 1.261552453041076660e+00
2.592000000000000000e+03 1.275774240493774414e+00
2.593000000000000000e+03 1.243890285491943359e+00
2.594000000000000000e+03 1.228301286697387695e+00
2.595000000000000000e+03 1.238849759101867676e+00
2.596000000000000000e+03 1.226979255676269531e+00
2.597000000000000000e+03 1.248983144760131836e+00
2.598000000000000000e+03 1.269791126251220703e+00
2.599000000000000000e+03 1.248452663421630859e+00
2.600000000000000000e+03 1.226055741310119629e+00
2.601000000000000000e+03 1.247935175895690918e+00
2.602000000000000000e+03 1.241573929786682129e+00
2.603000000000000000e+03 1.234287738800048828e+00
2.604000000000000000e+03 1.267605781555175781e+00
2.605000000000000000e+03 1.215455055236816406e+00
2.606000000000000000e+03 1.228875875473022461e+00
2.607000000000000000e+03 1.224802494049072266e+00
2.608000000000000000e+03 1.233975887298583984e+00
2.609000000000000000e+03 1.234907865524291992e+00
2.610000000000000000e+03 1.246284246444702148e+00
2.611000000000000000e+03 1.264331459999084473e+00
2.612000000000000000e+03 1.277115106582641602e+00
2.613000000000000000e+03 1.254320859909057617e+00
2.614000000000000000e+03 1.282058238983154297e+00
2.615000000000000000e+03 1.268302917480468750e+00
2.616000000000000000e+03 1.267602443695068359e+00
2.617000000000000000e+03 1.229087591171264648e+00
2.618000000000000000e+03 1.231794714927673340e+00
2.619000000000000000e+03 1.267976522445678711e+00
2.620000000000000000e+03 1.234339118003845215e+00
2.621000000000000000e+03 1.269958257675170898e+00
2.622000000000000000e+03 1.281967878341674805e+00
2.623000000000000000e+03 1.284359216690063477e+00
2.624000000000000000e+03 1.241240739822387695e+00
2.625000000000000000e+03 1.254253149032592773e+00
2.626000000000000000e+03 1.236102104187011719e+00
2.627000000000000000e+03 1.268196225166320801e+00
2.628000000000000000e+03 1.279388785362243652e+00
2.629000000000000000e+03 1.266195297241210938e+00
2.630000000000000000e+03 1.227007627487182617e+00
2.631000000000000000e+03 1.267153978347778320e+00
2.632000000000000000e+03 1.262190937995910645e+00
2.633000000000000000e+03 1.260188817977905273e+00
2.634000000000000000e+03 1.266907811164855957e+00
2.635000000000000000e+03 1.259351015090942383e+00
2.636000000000000000e+03 1.281060576438903809e+00
2.637000000000000000e+03 1.268035650253295898e+00
2.638000000000000000e+03 1.250941038131713867e+00
2.639000000000000000e+03 1.283608436584472656e+00
2.640000000000000000e+03 1.277418375015258789e+00
2.641000000000000000e+03 1.262409210205078125e+00
2.642000000000000000e+03 1.233402013778686523e+00
2.643000000000000000e+03 1.256489992141723633e+00
2.644000000000000000e+03 1.263409376144409180e+00
2.645000000000000000e+03 1.272194027900695801e+00
2.646000000000000000e+03 1.257453918457031250e+00
2.647000000000000000e+03 1.304679989814758301e+00
2.648000000000000000e+03 1.288461208343505859e+00
2.649000000000000000e+03 1.273469448089599609e+00
2.650000000000000000e+03 1.248553156852722168e+00
2.651000000000000000e+03 1.264453649520874023e+00
2.652000000000000000e+03 1.238139748573303223e+00
2.653000000000000000e+03 1.228347301483154297e+00
2.654000000000000000e+03 1.260107994079589844e+00
2.655000000000000000e+03 1.254056096076965332e+00
2.656000000000000000e+03 1.246094226837158203e+00
2.657000000000000000e+03 1.262818455696105957e+00
2.658000000000000000e+03 1.233279347419738770e+00
2.659000000000000000e+03 1.281273841857910156e+00
2.660000000000000000e+03 1.249312400817871094e+00
2.661000000000000000e+03 1.280273199081420898e+00
2.662000000000000000e+03 1.289152860641479492e+00
2.663000000000000000e+03 1.284447073936462402e+00
2.664000000000000000e+03 1.298539400100708008e+00
2.665000000000000000e+03 1.267664432525634766e+00
2.666000000000000000e+03 1.274196624755859375e+00
2.667000000000000000e+03 1.292793393135070801e+00
2.668000000000000000e+03 1.264435529708862305e+00
2.669000000000000000e+03 1.256052494049072266e+00
2.670000000000000000e+03 1.227289915084838867e+00
2.671000000000000000e+03 1.251482009887695312e+00
2.672000000000000000e+03 1.262794017791748047e+00
2.673000000000000000e+03 1.265376091003417969e+00
2.674000000000000000e+03 1.279356002807617188e+00
2.675000000000000000e+03 1.277787804603576660e+00
2.676000000000000000e+03 1.270495772361755371e+00
2.677000000000000000e+03 1.285554170608520508e+00
2.678000000000000000e+03 1.266847968101501465e+00
2.679000000000000000e+03 1.261811375617980957e+00
2.680000000000000000e+03 1.255783081054687500e+00
2.681000000000000000e+03 1.259027600288391113e+00
2.682000000000000000e+03 1.252861499786376953e+00
2.683000000000000000e+03 1.271956682205200195e+00
2.684000000000000000e+03 1.270759582519531250e+00
2.685000000000000000e+03 1.232786536216735840e+00
2.686000000000000000e+03 1.286779761314392090e+00
2.687000000000000000e+03 1.261895656585693359e+00
2.688000000000000000e+03 1.258020997047424316e+00
2.689000000000000000e+03 1.289712190628051758e+00
2.690000000000000000e+03 1.232690572738647461e+00
2.691000000000000000e+03 1.257060170173645020e+00
2.692000000000000000e+03 1.245561838150024414e+00
2.693000000000000000e+03 1.270980834960937500e+00
2.694000000000000000e+03 1.271042704582214355e+00
2.695000000000000000e+03 1.301468014717102051e+00
2.696000000000000000e+03 1.315144181251525879e+00
2.697000000000000000e+03 1.265092015266418457e+00
2.698000000000000000e+03 1.279782891273498535e+00
2.699000000000000000e+03 1.299923300743103027e+00
2.700000000000000000e+03 1.277531623840332031e+00
2.701000000000000000e+03 1.284306287765502930e+00
2.702000000000000000e+03 1.266320824623107910e+00
2.703000000000000000e+03 1.267530918121337891e+00
2.704000000000000000e+03 1.287845849990844727e+00
2.705000000000000000e+03 1.262154817581176758e+00
2.706000000000000000e+03 1.255055189132690430e+00
2.707000000000000000e+03 1.236569762229919434e+00
2.708000000000000000e+03 1.262227296829223633e+00
2.709000000000000000e+03 1.233605384826660156e+00
2.710000000000000000e+03 1.259965658187866211e+00
2.711000000000000000e+03 1.277827620506286621e+00
2.712000000000000000e+03 1.266345739364624023e+00
2.713000000000000000e+03 1.281979084014892578e+00
2.714000000000000000e+03 1.280069589614868164e+00
2.715000000000000000e+03 1.254179239273071289e+00
2.716000000000000000e+03 1.268204212188720703e+00
2.717000000000000000e+03 1.315467476844787598e+00
2.718000000000000000e+03 1.275019884109497070e+00
2.719000000000000000e+03 1.281443595886230469e+00
2.720000000000000000e+03 1.255760192871093750e+00
2.721000000000000000e+03 1.283636093139648438e+00
2.722000000000000000e+03 1.269369006156921387e+00
2.723000000000000000e+03 1.276079297065734863e+00
2.724000000000000000e+03 1.282664060592651367e+00
2.725000000000000000e+03 1.274979591369628906e+00
2.726000000000000000e+03 1.287983417510986328e+00
2.727000000000000000e+03 1.261804699897766113e+00
2.728000000000000000e+03 1.280478119850158691e+00
2.729000000000000000e+03 1.302051663398742676e+00
2.730000000000000000e+03 1.272465348243713379e+00
2.731000000000000000e+03 1.251550793647766113e+00
2.732000000000000000e+03 1.286044836044311523e+00
2.733000000000000000e+03 1.261475205421447754e+00
2.734000000000000000e+03 1.232712984085083008e+00
2.735000000000000000e+03 1.243931770324707031e+00
2.736000000000000000e+03 1.284932255744934082e+00
2.737000000000000000e+03 1.269343018531799316e+00
2.738000000000000000e+03 1.288495182991027832e+00
2.739000000000000000e+03 1.258862733840942383e+00
2.740000000000000000e+03 1.260632991790771484e+00
2.741000000000000000e+03 1.267797708511352539e+00
2.742000000000000000e+03 1.258082509040832520e+00
2.743000000000000000e+03 1.267586469650268555e+00
2.744000000000000000e+03 1.268129110336303711e+00
2.745000000000000000e+03 1.266588687896728516e+00
2.746000000000000000e+03 1.277584910392761230e+00
2.747000000000000000e+03 1.298336505889892578e+00
2.748000000000000000e+03 1.262921571731567383e+00
2.749000000000000000e+03 1.257971048355102539e+00
2.750000000000000000e+03 1.292520999908447266e+00
2.751000000000000000e+03 1.272064685821533203e+00
2.752000000000000000e+03 1.266460537910461426e+00
2.753000000000000000e+03 1.275038957595825195e+00
2.754000000000000000e+03 1.267775893211364746e+00
2.755000000000000000e+03 1.280495285987854004e+00
2.756000000000000000e+03 1.290870428085327148e+00
2.757000000000000000e+03 1.284138917922973633e+00
2.758000000000000000e+03 1.274112105369567871e+00
2.759000000000000000e+03 1.288420319557189941e+00
2.760000000000000000e+03 1.289088368415832520e+00
2.761000000000000000e+03 1.260066032409667969e+00
2.762000000000000000e+03 1.267456650733947754e+00
2.763000000000000000e+03 1.255398273468017578e+00
2.764000000000000000e+03 1.280050635337829590e+00
2.765000000000000000e+03 1.255942940711975098e+00
2.766000000000000000e+03 1.280926704406738281e+00
2.767000000000000000e+03 1.245054244995117188e+00
2.768000000000000000e+03 1.264641404151916504e+00
2.769000000000000000e+03 1.246135830879211426e+00
2.770000000000000000e+03 1.252854108810424805e+00
2.771000000000000000e+03 1.260346174240112305e+00
2.772000000000000000e+03 1.274753808975219727e+00
2.773000000000000000e+03 1.278264403343200684e+00
2.774000000000000000e+03 1.245831489562988281e+00
2.775000000000000000e+03 1.274365186691284180e+00
2.776000000000000000e+03 1.263694643974304199e+00
2.777000000000000000e+03 1.249530553817749023e+00
2.778000000000000000e+03 1.268631577491760254e+00
2.779000000000000000e+03 1.256956338882446289e+00
2.780000000000000000e+03 1.285872936248779297e+00
2.781000000000000000e+03 1.265513896942138672e+00
2.782000000000000000e+03 1.286407709121704102e+00
2.783000000000000000e+03 1.289744973182678223e+00
2.784000000000000000e+03 1.277557134628295898e+00
2.785000000000000000e+03 1.265440464019775391e+00
2.786000000000000000e+03 1.286078214645385742e+00
2.787000000000000000e+03 1.287591338157653809e+00
2.788000000000000000e+03 1.267907619476318359e+00
2.789000000000000000e+03 1.252624750137329102e+00
2.790000000000000000e+03 1.259618759155273438e+00
2.791000000000000000e+03 1.265603542327880859e+00
2.792000000000000000e+03 1.228170633316040039e+00
2.793000000000000000e+03 1.246173262596130371e+00
2.794000000000000000e+03 1.221817970275878906e+00
2.795000000000000000e+03 1.226385116577148438e+00
2.796000000000000000e+03 1.242680788040161133e+00
2.797000000000000000e+03 1.225433826446533203e+00
2.798000000000000000e+03 1.245578765869140625e+00
2.799000000000000000e+03 1.252523541450500488e+00
2.800000000000000000e+03 1.240114212036132812e+00
2.801000000000000000e+03 1.250808954238891602e+00
2.802000000000000000e+03 1.264716506004333496e+00
2.803000000000000000e+03 1.251541376113891602e+00
2.804000000000000000e+03 1.215466380119323730e+00
2.805000000000000000e+03 1.199802756309509277e+00
2.806000000000000000e+03 1.253589868545532227e+00
2.807000000000000000e+03 1.252020597457885742e+00
2.808000000000000000e+03 1.264771938323974609e+00
2.809000000000000000e+03 1.209951877593994141e+00
2.810000000000000000e+03 1.217736244201660156e+00
2.811000000000000000e+03 1.231976389884948730e+00
2.812000000000000000e+03 1.209903478622436523e+00
2.813000000000000000e+03 1.204414129257202148e+00
2.814000000000000000e+03 1.283453822135925293e+00
2.815000000000000000e+03 1.226979613304138184e+00
2.816000000000000000e+03 1.252096891403198242e+00
2.817000000000000000e+03 1.227223396301269531e+00
2.818000000000000000e+03 1.246606349945068359e+00
2.819000000000000000e+03 1.215916872024536133e+00
2.820000000000000000e+03 1.230258822441101074e+00
2.821000000000000000e+03 1.203936815261840820e+00
2.822000000000000000e+03 1.218160152435302734e+00
2.823000000000000000e+03 1.258115887641906738e+00
2.824000000000000000e+03 1.218671441078186035e+00
2.825000000000000000e+03 1.250982403755187988e+00
2.826000000000000000e+03 1.228780865669250488e+00
2.827000000000000000e+03 1.232999086380004883e+00
2.828000000000000000e+03 1.224622368812561035e+00
2.829000000000000000e+03 1.259270191192626953e+00
2.830000000000000000e+03 1.219456911087036133e+00
2.831000000000000000e+03 1.250682592391967773e+00
2.832000000000000000e+03 1.242439508438110352e+00
2.833000000000000000e+03 1.213446378707885742e+00
2.834000000000000000e+03 1.249135732650756836e+00
2.835000000000000000e+03 1.255696892738342285e+00
2.836000000000000000e+03 1.247451543807983398e+00
2.837000000000000000e+03 1.265998244285583496e+00
2.838000000000000000e+03 1.274662852287292480e+00
2.839000000000000000e+03 1.243022680282592773e+00
2.840000000000000000e+03 1.248608708381652832e+00
2.841000000000000000e+03 1.240378618240356445e+00
2.842000000000000000e+03 1.233430147171020508e+00
2.843000000000000000e+03 1.238341450691223145e+00
2.844000000000000000e+03 1.250099062919616699e+00
2.845000000000000000e+03 1.238782286643981934e+00
2.846000000000000000e+03 1.235149145126342773e+00
2.847000000000000000e+03 1.252564430236816406e+00
2.848000000000000000e+03 1.219679832458496094e+00
2.849000000000000000e+03 1.206852197647094727e+00
2.850000000000000000e+03 1.237516999244689941e+00
2.851000000000000000e+03 1.228611826896667480e+00
2.852000000000000000e+03 1.231509566307067871e+00
2.853000000000000000e+03 1.250371813774108887e+00
2.854000000000000000e+03 1.243793845176696777e+00
2.855000000000000000e+03 1.223509788513183594e+00
2.856000000000000000e+03 1.206113338470458984e+00
2.857000000000000000e+03 1.253686904907226562e+00
2.858000000000000000e+03 1.227645277976989746e+00
2.859000000000000000e+03 1.244522213935852051e+00
2.860000000000000000e+03 1.246731519699096680e+00
2.861000000000000000e+03 1.245397925376892090e+00
2.862000000000000000e+03 1.254594922065734863e+00
2.863000000000000000e+03 1.236883401870727539e+00
2.864000000000000000e+03 1.255395889282226562e+00
2.865000000000000000e+03 1.241108417510986328e+00
2.866000000000000000e+03 1.239799380302429199e+00
2.867000000000000000e+03 1.224199295043945312e+00
2.868000000000000000e+03 1.233119964599609375e+00
2.869000000000000000e+03 1.243833899497985840e+00
2.870000000000000000e+03 1.266091585159301758e+00
2.871000000000000000e+03 1.235686779022216797e+00
2.872000000000000000e+03 1.214758396148681641e+00
2.873000000000000000e+03 1.237908840179443359e+00
2.874000000000000000e+03 1.255544662475585938e+00
2.875000000000000000e+03 1.276300430297851562e+00
2.876000000000000000e+03 1.227971553802490234e+00
2.877000000000000000e+03 1.201045513153076172e+00
2.878000000000000000e+03 1.251956820487976074e+00
2.879000000000000000e+03 1.218826770782470703e+00
2.880000000000000000e+03 1.236428737640380859e+00
2.881000000000000000e+03 1.253693461418151855e+00
2.882000000000000000e+03 1.248993515968322754e+00
2.883000000000000000e+03 1.255897998809814453e+00
2.884000000000000000e+03 1.256409525871276855e+00
2.885000000000000000e+03 1.286734700202941895e+00
2.886000000000000000e+03 1.252759218215942383e+00
2.887000000000000000e+03 1.256721496582031250e+00
2.888000000000000000e+03 1.248205661773681641e+00
2.889000000000000000e+03 1.260880470275878906e+00
2.890000000000000000e+03 1.233256459236145020e+00
2.891000000000000000e+03 1.250734806060791016e+00
2.892000000000000000e+03 1.260919213294982910e+00
2.893000000000000000e+03 1.253105878829956055e+00
2.894000000000000000e+03 1.272958874702453613e+00
2.895000000000000000e+03 1.256688237190246582e+00
2.896000000000000000e+03 1.268526077270507812e+00
2.897000000000000000e+03 1.269778490066528320e+00
2.898000000000000000e+03 1.248108625411987305e+00
2.899000000000000000e+03 1.257147669792175293e+00
2.900000000000000000e+03 1.259056448936462402e+00
2.901000000000000000e+03 1.272308349609375000e+00
2.902000000000000000e+03 1.242572546005249023e+00
2.903000000000000000e+03 1.257627606391906738e+00
2.904000000000000000e+03 1.264634609222412109e+00
2.905000000000000000e+03 1.257523536682128906e+00
2.906000000000000000e+03 1.261797785758972168e+00
2.907000000000000000e+03 1.252719163894653320e+00
2.908000000000000000e+03 1.274944186210632324e+00
2.909000000000000000e+03 1.267262697219848633e+00
2.910000000000000000e+03 1.239964604377746582e+00
2.911000000000000000e+03 1.250116467475891113e+00
2.912000000000000000e+03 1.255756258964538574e+00
2.913000000000000000e+03 1.248731255531311035e+00
2.914000000000000000e+03 1.259173631668090820e+00
2.915000000000000000e+03 1.273037314414978027e+00
2.916000000000000000e+03 1.305819034576416016e+00
2.917000000000000000e+03 1.256002902984619141e+00
2.918000000000000000e+03 1.296829462051391602e+00
2.919000000000000000e+03 1.291901111602783203e+00
2.920000000000000000e+03 1.282536506652832031e+00
2.921000000000000000e+03 1.266248226165771484e+00
2.922000000000000000e+03 1.258041858673095703e+00
2.923000000000000000e+03 1.270437717437744141e+00
2.924000000000000000e+03 1.235889434814453125e+00
2.925000000000000000e+03 1.225657582283020020e+00
2.926000000000000000e+03 1.275815963745117188e+00
2.927000000000000000e+03 1.282289981842041016e+00
2.928000000000000000e+03 1.265186429023742676e+00
2.929000000000000000e+03 1.238587141036987305e+00
2.930000000000000000e+03 1.215487718582153320e+00
2.931000000000000000e+03 1.232058405876159668e+00
2.932000000000000000e+03 1.207152724266052246e+00
2.933000000000000000e+03 1.258254766464233398e+00
2.934000000000000000e+03 1.273557901382446289e+00
2.935000000000000000e+03 1.273692011833190918e+00
2.936000000000000000e+03 1.211462497711181641e+00
2.937000000000000000e+03 1.244420289993286133e+00
2.938000000000000000e+03 1.210924625396728516e+00
2.939000000000000000e+03 1.250944137573242188e+00
2.940000000000000000e+03 1.247907161712646484e+00
2.941000000000000000e+03 1.261303782463073730e+00
2.942000000000000000e+03 1.264215111732482910e+00
2.943000000000000000e+03 1.235660076141357422e+00
2.944000000000000000e+03 1.268024206161499023e+00
2.945000000000000000e+03 1.262066602706909180e+00
2.946000000000000000e+03 1.246518850326538086e+00
2.947000000000000000e+03 1.256551623344421387e+00
2.948000000000000000e+03 1.248042821884155273e+00
2.949000000000000000e+03 1.265603780746459961e+00
2.950000000000000000e+03 1.285754442214965820e+00
2.951000000000000000e+03 1.278650164604187012e+00
2.952000000000000000e+03 1.255301952362060547e+00
2.953000000000000000e+03 1.259137153625488281e+00
2.954000000000000000e+03 1.263920187950134277e+00
2.955000000000000000e+03 1.229618906974792480e+00
2.956000000000000000e+03 1.275408864021301270e+00
2.957000000000000000e+03 1.247378110885620117e+00
2.958000000000000000e+03 1.238966941833496094e+00
2.959000000000000000e+03 1.255841851234436035e+00
2.960000000000000000e+03 1.252161026000976562e+00
2.961000000000000000e+03 1.291453123092651367e+00
2.962000000000000000e+03 1.257013797760009766e+00
2.963000000000000000e+03 1.258059978485107422e+00
2.964000000000000000e+03 1.273208856582641602e+00
2.965000000000000000e+03 1.259725451469421387e+00
2.966000000000000000e+03 1.261342883110046387e+00
2.967000000000000000e+03 1.259887933731079102e+00
2.968000000000000000e+03 1.244574308395385742e+00
2.969000000000000000e+03 1.250876426696777344e+00
2.970000000000000000e+03 1.261584162712097168e+00
2.971000000000000000e+03 1.244889616966247559e+00
2.972000000000000000e+03 1.269161701202392578e+00
2.973000000000000000e+03 1.287915587425231934e+00
2.974000000000000000e+03 1.259670019149780273e+00
2.975000000000000000e+03 1.238078474998474121e+00
2.976000000000000000e+03 1.260258316993713379e+00
2.977000000000000000e+03 1.255005478858947754e+00
2.978000000000000000e+03 1.282793521881103516e+00
2.979000000000000000e+03 1.254425883293151855e+00
2.980000000000000000e+03 1.250251054763793945e+00
2.981000000000000000e+03 1.252152323722839355e+00
2.982000000000000000e+03 1.233891010284423828e+00
2.983000000000000000e+03 1.259285926818847656e+00
2.984000000000000000e+03 1.261218309402465820e+00
2.985000000000000000e+03 1.245239496231079102e+00
2.986000000000000000e+03 1.249236226081848145e+00
2.987000000000000000e+03 1.259255170822143555e+00
2.988000000000000000e+03 1.262958884239196777e+00
2.989000000000000000e+03 1.226390242576599121e+00
2.990000000000000000e+03 1.255672574043273926e+00
2.991000000000000000e+03 1.276010155677795410e+00
2.992000000000000000e+03 1.247996807098388672e+00
2.993000000000000000e+03 1.220786333084106445e+00
2.994000000000000000e+03 1.245958566665649414e+00
2.995000000000000000e+03 1.250344991683959961e+00
2.996000000000000000e+03 1.217397570610046387e+00
2.997000000000000000e+03 1.226138234138488770e+00
2.998000000000000000e+03 1.236683249473571777e+00
2.999000000000000000e+03 1.214669704437255859e+00
3.000000000000000000e+03 1.261389493942260742e+00
3.001000000000000000e+03 1.265187978744506836e+00
3.002000000000000000e+03 1.243620872497558594e+00
3.003000000000000000e+03 1.249807000160217285e+00
3.004000000000000000e+03 1.235381841659545898e+00
3.005000000000000000e+03 1.236414194107055664e+00
3.006000000000000000e+03 1.279908299446105957e+00
3.007000000000000000e+03 1.263938188552856445e+00
3.008000000000000000e+03 1.269937872886657715e+00
3.009000000000000000e+03 1.228597998619079590e+00
3.010000000000000000e+03 1.217825055122375488e+00
3.011000000000000000e+03 1.238707304000854492e+00
3.012000000000000000e+03 1.244490265846252441e+00
3.013000000000000000e+03 1.246986865997314453e+00
3.014000000000000000e+03 1.243814468383789062e+00
3.015000000000000000e+03 1.246827483177185059e+00
3.016000000000000000e+03 1.266543865203857422e+00
3.017000000000000000e+03 1.295386791229248047e+00
3.018000000000000000e+03 1.254212856292724609e+00
3.019000000000000000e+03 1.261726379394531250e+00
3.020000000000000000e+03 1.215683221817016602e+00
3.021000000000000000e+03 1.234195351600646973e+00
3.022000000000000000e+03 1.291920661926269531e+00
3.023000000000000000e+03 1.252139568328857422e+00
3.024000000000000000e+03 1.246294140815734863e+00
3.025000000000000000e+03 1.238451957702636719e+00
3.026000000000000000e+03 1.215247869491577148e+00
3.027000000000000000e+03 1.225640773773193359e+00
3.028000000000000000e+03 1.205308437347412109e+00
3.029000000000000000e+03 1.219236135482788086e+00
3.030000000000000000e+03 1.227057218551635742e+00
3.031000000000000000e+03 1.222572803497314453e+00
3.032000000000000000e+03 1.223581790924072266e+00
3.033000000000000000e+03 1.286307334899902344e+00
3.034000000000000000e+03 1.277024269104003906e+00
3.035000000000000000e+03 1.237200736999511719e+00
3.036000000000000000e+03 1.253679275512695312e+00
3.037000000000000000e+03 1.272009849548339844e+00
3.038000000000000000e+03 1.295792937278747559e+00
3.039000000000000000e+03 1.268072962760925293e+00
3.040000000000000000e+03 1.238173961639404297e+00
3.041000000000000000e+03 1.263827085494995117e+00
3.042000000000000000e+03 1.260470986366271973e+00
3.043000000000000000e+03 1.231266975402832031e+00
3.044000000000000000e+03 1.240799188613891602e+00
3.045000000000000000e+03 1.266153335571289062e+00
3.046000000000000000e+03 1.256340503692626953e+00
3.047000000000000000e+03 1.263011813163757324e+00
3.048000000000000000e+03 1.277202606201171875e+00
3.049000000000000000e+03 1.257260322570800781e+00
3.050000000000000000e+03 1.261699438095092773e+00
3.051000000000000000e+03 1.271945595741271973e+00
3.052000000000000000e+03 1.249498128890991211e+00
3.053000000000000000e+03 1.271927118301391602e+00
3.054000000000000000e+03 1.292429685592651367e+00
3.055000000000000000e+03 1.294539451599121094e+00
3.056000000000000000e+03 1.248123049736022949e+00
3.057000000000000000e+03 1.282009124755859375e+00
3.058000000000000000e+03 1.287666916847229004e+00
3.059000000000000000e+03 1.260479569435119629e+00
3.060000000000000000e+03 1.231941819190979004e+00
3.061000000000000000e+03 1.262219071388244629e+00
3.062000000000000000e+03 1.278090953826904297e+00
3.063000000000000000e+03 1.238450527191162109e+00
3.064000000000000000e+03 1.275620341300964355e+00
3.065000000000000000e+03 1.270164012908935547e+00
3.066000000000000000e+03 1.276244878768920898e+00
3.067000000000000000e+03 1.263886332511901855e+00
3.068000000000000000e+03 1.252150297164916992e+00
3.069000000000000000e+03 1.251063942909240723e+00
3.070000000000000000e+03 1.281505465507507324e+00
3.071000000000000000e+03 1.250427365303039551e+00
3.072000000000000000e+03 1.238840103149414062e+00
3.073000000000000000e+03 1.264547348022460938e+00
3.074000000000000000e+03 1.236354589462280273e+00
3.075000000000000000e+03 1.247447967529296875e+00
3.076000000000000000e+03 1.256402373313903809e+00
3.077000000000000000e+03 1.258167743682861328e+00
3.078000000000000000e+03 1.254701018333435059e+00
3.079000000000000000e+03 1.224818229675292969e+00
3.080000000000000000e+03 1.217405319213867188e+00
3.081000000000000000e+03 1.255587100982666016e+00
3.082000000000000000e+03 1.241769909858703613e+00
3.083000000000000000e+03 1.262436985969543457e+00
3.084000000000000000e+03 1.220916986465454102e+00
3.085000000000000000e+03 1.216193437576293945e+00
3.086000000000000000e+03 1.268973469734191895e+00
3.087000000000000000e+03 1.266866445541381836e+00
3.088000000000000000e+03 1.269208908081054688e+00
3.089000000000000000e+03 1.232071161270141602e+00
3.090000000000000000e+03 1.272065162658691406e+00
3.091000000000000000e+03 1.259684085845947266e+00
3.092000000000000000e+03 1.265598654747009277e+00
3.093000000000000000e+03 1.249544382095336914e+00
3.094000000000000000e+03 1.249377369880676270e+00
3.095000000000000000e+03 1.274693012237548828e+00
3.096000000000000000e+03 1.220256567001342773e+00
3.097000000000000000e+03 1.253152728080749512e+00
3.098000000000000000e+03 1.223628997802734375e+00
3.099000000000000000e+03 1.230483412742614746e+00
3.100000000000000000e+03 1.261085748672485352e+00
3.101000000000000000e+03 1.279002904891967773e+00
3.102000000000000000e+03 1.236421942710876465e+00
3.103000000000000000e+03 1.254521489143371582e+00
3.104000000000000000e+03 1.214447498321533203e+00
3.105000000000000000e+03 1.228776931762695312e+00
3.106000000000000000e+03 1.213708400726318359e+00
3.107000000000000000e+03 1.249876499176025391e+00
3.108000000000000000e+03 1.237818241119384766e+00
3.109000000000000000e+03 1.224463343620300293e+00
3.110000000000000000e+03 1.218808412551879883e+00
3.111000000000000000e+03 1.239396810531616211e+00
3.112000000000000000e+03 1.242686390876770020e+00
3.113000000000000000e+03 1.231148838996887207e+00
3.114000000000000000e+03 1.267318725585937500e+00
3.115000000000000000e+03 1.236683964729309082e+00
3.116000000000000000e+03 1.242686867713928223e+00
3.117000000000000000e+03 1.234276652336120605e+00
3.118000000000000000e+03 1.248074531555175781e+00
3.119000000000000000e+03 1.245052099227905273e+00
3.120000000000000000e+03 1.250661969184875488e+00
3.121000000000000000e+03 1.220447063446044922e+00
3.122000000000000000e+03 1.258156657218933105e+00
3.123000000000000000e+03 1.250153541564941406e+00
3.124000000000000000e+03 1.251844048500061035e+00
3.125000000000000000e+03 1.245738744735717773e+00
3.126000000000000000e+03 1.257186293601989746e+00
3.127000000000000000e+03 1.267275452613830566e+00
3.128000000000000000e+03 1.243024230003356934e+00
3.129000000000000000e+03 1.265432834625244141e+00
3.130000000000000000e+03 1.285646319389343262e+00
3.131000000000000000e+03 1.245747447013854980e+00
3.132000000000000000e+03 1.240687131881713867e+00
3.133000000000000000e+03 1.221579790115356445e+00
3.134000000000000000e+03 1.265232801437377930e+00
3.135000000000000000e+03 1.253510713577270508e+00
3.136000000000000000e+03 1.243707895278930664e+00
3.137000000000000000e+03 1.258698821067810059e+00
3.138000000000000000e+03 1.236860036849975586e+00
3.139000000000000000e+03 1.241491675376892090e+00
3.140000000000000000e+03 1.238954067230224609e+00
3.141000000000000000e+03 1.245348572731018066e+00
3.142000000000000000e+03 1.273074388504028320e+00
3.143000000000000000e+03 1.259655714035034180e+00
3.144000000000000000e+03 1.238189220428466797e+00
3.145000000000000000e+03 1.278894901275634766e+00
3.146000000000000000e+03 1.243507862091064453e+00
3.147000000000000000e+03 1.206565737724304199e+00
3.148000000000000000e+03 1.239053130149841309e+00
3.149000000000000000e+03 1.261980533599853516e+00
3.150000000000000000e+03 1.250885128974914551e+00
3.151000000000000000e+03 1.251689672470092773e+00
3.152000000000000000e+03 1.244927406311035156e+00
3.153000000000000000e+03 1.219739794731140137e+00
3.154000000000000000e+03 1.223099350929260254e+00
3.155000000000000000e+03 1.252897500991821289e+00
3.156000000000000000e+03 1.233976244926452637e+00
3.157000000000000000e+03 1.261267900466918945e+00
3.158000000000000000e+03 1.271307706832885742e+00
3.159000000000000000e+03 1.237547159194946289e+00
3.160000000000000000e+03 1.258539080619812012e+00
3.161000000000000000e+03 1.262485980987548828e+00
3.162000000000000000e+03 1.270642280578613281e+00
3.163000000000000000e+03 1.264968872070312500e+00
3.164000000000000000e+03 1.249375939369201660e+00
3.165000000000000000e+03 1.253165483474731445e+00
3.166000000000000000e+03 1.219259738922119141e+00
3.167000000000000000e+03 1.267188668251037598e+00
3.168000000000000000e+03 1.267588853836059570e+00
3.169000000000000000e+03 1.268890738487243652e+00
3.170000000000000000e+03 1.269601106643676758e+00
3.171000000000000000e+03 1.260691881179809570e+00
3.172000000000000000e+03 1.248101115226745605e+00
3.173000000000000000e+03 1.258102893829345703e+00
3.174000000000000000e+03 1.250803232192993164e+00
3.175000000000000000e+03 1.245133280754089355e+00
3.176000000000000000e+03 1.235674619674682617e+00
3.177000000000000000e+03 1.223660469055175781e+00
3.178000000000000000e+03 1.238306879997253418e+00
3.179000000000000000e+03 1.228153586387634277e+00
3.180000000000000000e+03 1.228748321533203125e+00
3.181000000000000000e+03 1.228426575660705566e+00
3.182000000000000000e+03 1.229586243629455566e+00
3.183000000000000000e+03 1.237663030624389648e+00
3.184000000000000000e+03 1.219660162925720215e+00
3.185000000000000000e+03 1.222207546234130859e+00
3.186000000000000000e+03 1.214031457901000977e+00
3.187000000000000000e+03 1.193607926368713379e+00
3.188000000000000000e+03 1.227407455444335938e+00
3.189000000000000000e+03 1.231988787651062012e+00
3.190000000000000000e+03 1.233260154724121094e+00
3.191000000000000000e+03 1.232176303863525391e+00
3.192000000000000000e+03 1.243292808532714844e+00
3.193000000000000000e+03 1.233656883239746094e+00
3.194000000000000000e+03 1.230203628540039062e+00
3.195000000000000000e+03 1.277551293373107910e+00
3.196000000000000000e+03 1.234113931655883789e+00
3.197000000000000000e+03 1.269073843955993652e+00
3.198000000000000000e+03 1.266843795776367188e+00
3.199000000000000000e+03 1.241040706634521484e+00
3.200000000000000000e+03 1.275754690170288086e+00
3.201000000000000000e+03 1.257869362831115723e+00
3.202000000000000000e+03 1.245563387870788574e+00
3.203000000000000000e+03 1.266268849372863770e+00
3.204000000000000000e+03 1.235820651054382324e+00
3.205000000000000000e+03 1.245264887809753418e+00
3.206000000000000000e+03 1.269692301750183105e+00
3.207000000000000000e+03 1.261061310768127441e+00
3.208000000000000000e+03 1.267388343811035156e+00
3.209000000000000000e+03 1.284956336021423340e+00
3.210000000000000000e+03 1.279909849166870117e+00
3.211000000000000000e+03 1.263894796371459961e+00
3.212000000000000000e+03 1.247665762901306152e+00
3.213000000000000000e+03 1.264267444610595703e+00
3.214000000000000000e+03 1.261246562004089355e+00
3.215000000000000000e+03 1.245538115501403809e+00
3.216000000000000000e+03 1.275616765022277832e+00
3.217000000000000000e+03 1.241754293441772461e+00
3.218000000000000000e+03 1.288619995117187500e+00
3.219000000000000000e+03 1.305183291435241699e+00
3.220000000000000000e+03 1.266844987869262695e+00
3.221000000000000000e+03 1.237495899200439453e+00
3.222000000000000000e+03 1.240645527839660645e+00
3.223000000000000000e+03 1.263185381889343262e+00
3.224000000000000000e+03 1.270874500274658203e+00
3.225000000000000000e+03 1.266489982604980469e+00
3.226000000000000000e+03 1.280984163284301758e+00
3.227000000000000000e+03 1.239518165588378906e+00
3.228000000000000000e+03 1.265527963638305664e+00
3.229000000000000000e+03 1.287617444992065430e+00
3.230000000000000000e+03 1.263780951499938965e+00
3.231000000000000000e+03 1.263874650001525879e+00
3.232000000000000000e+03 1.262354612350463867e+00
3.233000000000000000e+03 1.283600091934204102e+00
3.234000000000000000e+03 1.257412791252136230e+00
3.235000000000000000e+03 1.260227560997009277e+00
3.236000000000000000e+03 1.256883621215820312e+00
3.237000000000000000e+03 1.248196721076965332e+00
3.238000000000000000e+03 1.257667064666748047e+00
3.239000000000000000e+03 1.239320874214172363e+00
3.240000000000000000e+03 1.236344575881958008e+00
3.241000000000000000e+03 1.221911907196044922e+00
3.242000000000000000e+03 1.253525733947753906e+00
3.243000000000000000e+03 1.282884001731872559e+00
3.244000000000000000e+03 1.279347300529479980e+00
3.245000000000000000e+03 1.258560299873352051e+00
3.246000000000000000e+03 1.233148694038391113e+00
3.247000000000000000e+03 1.218014359474182129e+00
3.248000000000000000e+03 1.222286224365234375e+00
3.249000000000000000e+03 1.239924430847167969e+00
3.250000000000000000e+03 1.276853322982788086e+00
3.251000000000000000e+03 1.227263569831848145e+00
3.252000000000000000e+03 1.240881681442260742e+00
3.253000000000000000e+03 1.250269532203674316e+00
3.254000000000000000e+03 1.259064912796020508e+00
3.255000000000000000e+03 1.228900313377380371e+00
3.256000000000000000e+03 1.242604136466979980e+00
3.257000000000000000e+03 1.287919998168945312e+00
3.258000000000000000e+03 1.261086702346801758e+00
3.259000000000000000e+03 1.265751600265502930e+00
3.260000000000000000e+03 1.236596226692199707e+00
3.261000000000000000e+03 1.238382697105407715e+00
3.262000000000000000e+03 1.256926655769348145e+00
3.263000000000000000e+03 1.260514020919799805e+00
3.264000000000000000e+03 1.249876737594604492e+00
3.265000000000000000e+03 1.303273320198059082e+00
3.266000000000000000e+03 1.240584015846252441e+00
3.267000000000000000e+03 1.248291850090026855e+00
3.268000000000000000e+03 1.271048545837402344e+00
3.269000000000000000e+03 1.257765054702758789e+00
3.270000000000000000e+03 1.288452029228210449e+00
3.271000000000000000e+03 1.233898401260375977e+00
3.272000000000000000e+03 1.269353628158569336e+00
3.273000000000000000e+03 1.282310247421264648e+00
3.274000000000000000e+03 1.270497202873229980e+00
3.275000000000000000e+03 1.288868665695190430e+00
3.276000000000000000e+03 1.265264749526977539e+00
3.277000000000000000e+03 1.280739545822143555e+00
3.278000000000000000e+03 1.272149443626403809e+00
3.279000000000000000e+03 1.263576030731201172e+00
3.280000000000000000e+03 1.243274927139282227e+00
3.281000000000000000e+03 1.247366786003112793e+00
3.282000000000000000e+03 1.261491537094116211e+00
3.283000000000000000e+03 1.251872658729553223e+00
3.284000000000000000e+03 1.236562132835388184e+00
3.285000000000000000e+03 1.257160902023315430e+00
3.286000000000000000e+03 1.260195970535278320e+00
3.287000000000000000e+03 1.260052680969238281e+00
3.288000000000000000e+03 1.281912803649902344e+00
3.289000000000000000e+03 1.254495978355407715e+00
3.290000000000000000e+03 1.260152459144592285e+00
3.291000000000000000e+03 1.260195016860961914e+00
3.292000000000000000e+03 1.296012401580810547e+00
3.293000000000000000e+03 1.285590648651123047e+00
3.294000000000000000e+03 1.265744924545288086e+00
3.295000000000000000e+03 1.273281455039978027e+00
3.296000000000000000e+03 1.264687895774841309e+00
3.297000000000000000e+03 1.272777318954467773e+00
3.298000000000000000e+03 1.241280555725097656e+00
3.299000000000000000e+03 1.273081302642822266e+00
3.300000000000000000e+03 1.267684936523437500e+00
3.301000000000000000e+03 1.273698568344116211e+00
3.302000000000000000e+03 1.281417369842529297e+00
3.303000000000000000e+03 1.284212589263916016e+00
3.304000000000000000e+03 1.278867959976196289e+00
3.305000000000000000e+03 1.274911165237426758e+00
3.306000000000000000e+03 1.323767304420471191e+00
3.307000000000000000e+03 1.297917962074279785e+00
3.308000000000000000e+03 1.283607721328735352e+00
3.309000000000000000e+03 1.286404371261596680e+00
3.310000000000000000e+03 1.286519289016723633e+00
3.311000000000000000e+03 1.300397038459777832e+00
3.312000000000000000e+03 1.272603273391723633e+00
3.313000000000000000e+03 1.258162260055541992e+00
3.314000000000000000e+03 1.272091150283813477e+00
3.315000000000000000e+03 1.272355556488037109e+00
3.316000000000000000e+03 1.282131195068359375e+00
3.317000000000000000e+03 1.314353108406066895e+00
3.318000000000000000e+03 1.297322511672973633e+00
3.319000000000000000e+03 1.297164082527160645e+00
3.320000000000000000e+03 1.292624950408935547e+00
3.321000000000000000e+03 1.283519029617309570e+00
3.322000000000000000e+03 1.275154352188110352e+00
3.323000000000000000e+03 1.294681549072265625e+00
3.324000000000000000e+03 1.282120227813720703e+00
3.325000000000000000e+03 1.300073862075805664e+00
3.326000000000000000e+03 1.277980446815490723e+00
3.327000000000000000e+03 1.266204833984375000e+00
3.328000000000000000e+03 1.266798734664916992e+00
3.329000000000000000e+03 1.262026667594909668e+00
3.330000000000000000e+03 1.279961228370666504e+00
3.331000000000000000e+03 1.283379435539245605e+00
3.332000000000000000e+03 1.261063575744628906e+00
3.333000000000000000e+03 1.260001540184020996e+00
3.334000000000000000e+03 1.273853421211242676e+00
3.335000000000000000e+03 1.294623970985412598e+00
3.336000000000000000e+03 1.292910575866699219e+00
3.337000000000000000e+03 1.271476268768310547e+00
3.338000000000000000e+03 1.288404464721679688e+00
3.339000000000000000e+03 1.280014991760253906e+00
3.340000000000000000e+03 1.271869182586669922e+00
3.341000000000000000e+03 1.264885306358337402e+00
3.342000000000000000e+03 1.244924902915954590e+00
3.343000000000000000e+03 1.259699106216430664e+00
3.344000000000000000e+03 1.265269517898559570e+00
3.345000000000000000e+03 1.271508574485778809e+00
3.346000000000000000e+03 1.281042218208312988e+00
3.347000000000000000e+03 1.288473486900329590e+00
3.348000000000000000e+03 1.275903940200805664e+00
3.349000000000000000e+03 1.283918380737304688e+00
3.350000000000000000e+03 1.308116555213928223e+00
3.351000000000000000e+03 1.264773964881896973e+00
3.352000000000000000e+03 1.294302344322204590e+00
3.353000000000000000e+03 1.248263716697692871e+00
3.354000000000000000e+03 1.261110305786132812e+00
3.355000000000000000e+03 1.264107704162597656e+00
3.356000000000000000e+03 1.270876884460449219e+00
3.357000000000000000e+03 1.268061161041259766e+00
3.358000000000000000e+03 1.292910814285278320e+00
3.359000000000000000e+03 1.316188454627990723e+00
3.360000000000000000e+03 1.316239953041076660e+00
3.361000000000000000e+03 1.311270117759704590e+00
3.362000000000000000e+03 1.273108959197998047e+00
3.363000000000000000e+03 1.252756357192993164e+00
3.364000000000000000e+03 1.284146547317504883e+00
3.365000000000000000e+03 1.280399799346923828e+00
3.366000000000000000e+03 1.262499809265136719e+00
3.367000000000000000e+03 1.262603044509887695e+00
3.368000000000000000e+03 1.268738746643066406e+00
3.369000000000000000e+03 1.281458616256713867e+00
3.370000000000000000e+03 1.290146589279174805e+00
3.371000000000000000e+03 1.312912940979003906e+00
3.372000000000000000e+03 1.303059577941894531e+00
3.373000000000000000e+03 1.286209464073181152e+00
3.374000000000000000e+03 1.292341113090515137e+00
3.375000000000000000e+03 1.290829777717590332e+00
3.376000000000000000e+03 1.305919528007507324e+00
3.377000000000000000e+03 1.300491809844970703e+00
3.378000000000000000e+03 1.311459064483642578e+00
3.379000000000000000e+03 1.316001415252685547e+00
3.380000000000000000e+03 1.277509093284606934e+00
3.381000000000000000e+03 1.271059870719909668e+00
3.382000000000000000e+03 1.283066749572753906e+00
3.383000000000000000e+03 1.281941056251525879e+00
3.384000000000000000e+03 1.277746438980102539e+00
3.385000000000000000e+03 1.277530789375305176e+00
3.386000000000000000e+03 1.244110584259033203e+00
3.387000000000000000e+03 1.269071459770202637e+00
3.388000000000000000e+03 1.268684148788452148e+00
3.389000000000000000e+03 1.302846670150756836e+00
3.390000000000000000e+03 1.280936956405639648e+00
3.391000000000000000e+03 1.283516883850097656e+00
3.392000000000000000e+03 1.288503885269165039e+00
3.393000000000000000e+03 1.276180505752563477e+00
3.394000000000000000e+03 1.290733575820922852e+00
3.395000000000000000e+03 1.320041894912719727e+00
3.396000000000000000e+03 1.276169538497924805e+00
3.397000000000000000e+03 1.302036285400390625e+00
3.398000000000000000e+03 1.307006597518920898e+00
3.399000000000000000e+03 1.270431518554687500e+00
3.400000000000000000e+03 1.286343574523925781e+00
3.401000000000000000e+03 1.249683022499084473e+00
3.402000000000000000e+03 1.292560338973999023e+00
3.403000000000000000e+03 1.282164335250854492e+00
3.404000000000000000e+03 1.271919250488281250e+00
3.405000000000000000e+03 1.273867964744567871e+00
3.406000000000000000e+03 1.276976108551025391e+00
3.407000000000000000e+03 1.287710547447204590e+00
3.408000000000000000e+03 1.288730025291442871e+00
3.409000000000000000e+03 1.298972368240356445e+00
3.410000000000000000e+03 1.308893680572509766e+00
3.411000000000000000e+03 1.288515806198120117e+00
3.412000000000000000e+03 1.267716526985168457e+00
3.413000000000000000e+03 1.309667944908142090e+00
3.414000000000000000e+03 1.303406119346618652e+00
3.415000000000000000e+03 1.272345781326293945e+00
3.416000000000000000e+03 1.276239633560180664e+00
3.417000000000000000e+03 1.269296407699584961e+00
3.418000000000000000e+03 1.285403728485107422e+00
3.419000000000000000e+03 1.257847666740417480e+00
3.420000000000000000e+03 1.274016141891479492e+00
3.421000000000000000e+03 1.244183063507080078e+00
3.422000000000000000e+03 1.274289727210998535e+00
3.423000000000000000e+03 1.272850871086120605e+00
3.424000000000000000e+03 1.282739043235778809e+00
3.425000000000000000e+03 1.271907687187194824e+00
3.426000000000000000e+03 1.242112636566162109e+00
3.427000000000000000e+03 1.266486048698425293e+00
3.428000000000000000e+03 1.281364083290100098e+00
3.429000000000000000e+03 1.297328472137451172e+00
3.430000000000000000e+03 1.268355250358581543e+00
3.431000000000000000e+03 1.252703785896301270e+00
3.432000000000000000e+03 1.272077322006225586e+00
3.433000000000000000e+03 1.261702418327331543e+00
3.434000000000000000e+03 1.278112411499023438e+00
3.435000000000000000e+03 1.253171443939208984e+00
3.436000000000000000e+03 1.230843067169189453e+00
3.437000000000000000e+03 1.304355859756469727e+00
3.438000000000000000e+03 1.294582843780517578e+00
3.439000000000000000e+03 1.281706809997558594e+00
3.440000000000000000e+03 1.283988952636718750e+00
3.441000000000000000e+03 1.267064452171325684e+00
3.442000000000000000e+03 1.273642778396606445e+00
3.443000000000000000e+03 1.261583566665649414e+00
3.444000000000000000e+03 1.259405136108398438e+00
3.445000000000000000e+03 1.277105927467346191e+00
3.446000000000000000e+03 1.265461206436157227e+00
3.447000000000000000e+03 1.287334442138671875e+00
3.448000000000000000e+03 1.297923088073730469e+00
3.449000000000000000e+03 1.264945626258850098e+00
3.450000000000000000e+03 1.274245262145996094e+00
3.451000000000000000e+03 1.283875703811645508e+00
3.452000000000000000e+03 1.285960793495178223e+00
3.453000000000000000e+03 1.286927223205566406e+00
3.454000000000000000e+03 1.297896862030029297e+00
3.455000000000000000e+03 1.305321455001831055e+00
3.456000000000000000e+03 1.284341812133789062e+00
3.457000000000000000e+03 1.297361731529235840e+00
3.458000000000000000e+03 1.259426116943359375e+00
3.459000000000000000e+03 1.281367659568786621e+00
3.460000000000000000e+03 1.284144163131713867e+00
3.461000000000000000e+03 1.322014451026916504e+00
3.462000000000000000e+03 1.304183840751647949e+00
3.463000000000000000e+03 1.267069339752197266e+00
3.464000000000000000e+03 1.263295888900756836e+00
3.465000000000000000e+03 1.299348354339599609e+00
3.466000000000000000e+03 1.282286167144775391e+00
3.467000000000000000e+03 1.253997445106506348e+00
3.468000000000000000e+03 1.269897460937500000e+00
3.469000000000000000e+03 1.284585714340209961e+00
3.470000000000000000e+03 1.308310985565185547e+00
3.471000000000000000e+03 1.287539482116699219e+00
3.472000000000000000e+03 1.282162666320800781e+00
3.473000000000000000e+03 1.286036133766174316e+00
3.474000000000000000e+03 1.287840485572814941e+00
3.475000000000000000e+03 1.278727531433105469e+00
3.476000000000000000e+03 1.267635226249694824e+00
3.477000000000000000e+03 1.283460140228271484e+00
3.478000000000000000e+03 1.287855863571166992e+00
3.479000000000000000e+03 1.259317278861999512e+00
3.480000000000000000e+03 1.277005672454833984e+00
3.481000000000000000e+03 1.252880573272705078e+00
3.482000000000000000e+03 1.293700933456420898e+00
3.483000000000000000e+03 1.290571451187133789e+00
3.484000000000000000e+03 1.266043424606323242e+00
3.485000000000000000e+03 1.262749552726745605e+00
3.486000000000000000e+03 1.284148812294006348e+00
3.487000000000000000e+03 1.276434421539306641e+00
3.488000000000000000e+03 1.276286125183105469e+00
3.489000000000000000e+03 1.266400814056396484e+00
3.490000000000000000e+03 1.265828371047973633e+00
3.491000000000000000e+03 1.247585296630859375e+00
3.492000000000000000e+03 1.269033789634704590e+00
3.493000000000000000e+03 1.244081497192382812e+00
3.494000000000000000e+03 1.279498219490051270e+00
3.495000000000000000e+03 1.265583753585815430e+00
3.496000000000000000e+03 1.274343967437744141e+00
3.497000000000000000e+03 1.283300995826721191e+00
3.498000000000000000e+03 1.265302896499633789e+00
3.499000000000000000e+03 1.240525960922241211e+00
3.500000000000000000e+03 1.231863737106323242e+00
3.501000000000000000e+03 1.235086202621459961e+00
3.502000000000000000e+03 1.253265500068664551e+00
3.503000000000000000e+03 1.264942884445190430e+00
3.504000000000000000e+03 1.253301620483398438e+00
3.505000000000000000e+03 1.273910522460937500e+00
3.506000000000000000e+03 1.256393790245056152e+00
3.507000000000000000e+03 1.229848504066467285e+00
3.508000000000000000e+03 1.246425151824951172e+00
3.509000000000000000e+03 1.253114938735961914e+00
3.510000000000000000e+03 1.247469186782836914e+00
3.511000000000000000e+03 1.224450588226318359e+00
3.512000000000000000e+03 1.247157573699951172e+00
3.513000000000000000e+03 1.252407670021057129e+00
3.514000000000000000e+03 1.273688912391662598e+00
3.515000000000000000e+03 1.265724182128906250e+00
3.516000000000000000e+03 1.269650936126708984e+00
3.517000000000000000e+03 1.284757614135742188e+00
3.518000000000000000e+03 1.291936993598937988e+00
3.519000000000000000e+03 1.258736133575439453e+00
3.520000000000000000e+03 1.268345117568969727e+00
3.521000000000000000e+03 1.255487442016601562e+00
3.522000000000000000e+03 1.248443365097045898e+00
3.523000000000000000e+03 1.253364801406860352e+00
3.524000000000000000e+03 1.262478232383728027e+00
3.525000000000000000e+03 1.282551527023315430e+00
3.526000000000000000e+03 1.265545129776000977e+00
3.527000000000000000e+03 1.318616628646850586e+00
3.528000000000000000e+03 1.288234949111938477e+00
3.529000000000000000e+03 1.286854982376098633e+00
3.530000000000000000e+03 1.277927756309509277e+00
3.531000000000000000e+03 1.290919184684753418e+00
3.532000000000000000e+03 1.303776502609252930e+00
3.533000000000000000e+03 1.305983662605285645e+00
3.534000000000000000e+03 1.253372192382812500e+00
3.535000000000000000e+03 1.246189355850219727e+00
3.536000000000000000e+03 1.279855966567993164e+00
3.537000000000000000e+03 1.270930767059326172e+00
3.538000000000000000e+03 1.263676404953002930e+00
3.539000000000000000e+03 1.287341713905334473e+00
3.540000000000000000e+03 1.276494741439819336e+00
3.541000000000000000e+03 1.287554502487182617e+00
3.542000000000000000e+03 1.298707127571105957e+00
3.543000000000000000e+03 1.274365901947021484e+00
3.544000000000000000e+03 1.274881839752197266e+00
3.545000000000000000e+03 1.268400311470031738e+00
3.546000000000000000e+03 1.302520751953125000e+00
3.547000000000000000e+03 1.273391246795654297e+00
3.548000000000000000e+03 1.249025344848632812e+00
3.549000000000000000e+03 1.242689609527587891e+00
3.550000000000000000e+03 1.261092424392700195e+00
3.551000000000000000e+03 1.288110971450805664e+00
3.552000000000000000e+03 1.292717695236206055e+00
3.553000000000000000e+03 1.281244158744812012e+00
3.554000000000000000e+03 1.263757944107055664e+00
3.555000000000000000e+03 1.290771603584289551e+00
3.556000000000000000e+03 1.304736733436584473e+00
3.557000000000000000e+03 1.299108147621154785e+00
3.558000000000000000e+03 1.293076276779174805e+00
3.559000000000000000e+03 1.283746123313903809e+00
3.560000000000000000e+03 1.294743418693542480e+00
3.561000000000000000e+03 1.271051883697509766e+00
3.562000000000000000e+03 1.298602700233459473e+00
3.563000000000000000e+03 1.304652094841003418e+00
3.564000000000000000e+03 1.273830175399780273e+00
3.565000000000000000e+03 1.274983406066894531e+00
3.566000000000000000e+03 1.264286160469055176e+00
3.567000000000000000e+03 1.265703201293945312e+00
3.568000000000000000e+03 1.280996918678283691e+00
3.569000000000000000e+03 1.259297013282775879e+00
3.570000000000000000e+03 1.276470422744750977e+00
3.571000000000000000e+03 1.257587194442749023e+00
3.572000000000000000e+03 1.249763369560241699e+00
3.573000000000000000e+03 1.258691549301147461e+00
3.574000000000000000e+03 1.282160758972167969e+00
3.575000000000000000e+03 1.298054933547973633e+00
3.576000000000000000e+03 1.253086209297180176e+00
3.577000000000000000e+03 1.248797416687011719e+00
3.578000000000000000e+03 1.268874526023864746e+00
3.579000000000000000e+03 1.279223680496215820e+00
3.580000000000000000e+03 1.282897949218750000e+00
3.581000000000000000e+03 1.276161074638366699e+00
3.582000000000000000e+03 1.244161844253540039e+00
3.583000000000000000e+03 1.246654987335205078e+00
3.584000000000000000e+03 1.263103485107421875e+00
3.585000000000000000e+03 1.279883384704589844e+00
3.586000000000000000e+03 1.286281585693359375e+00
3.587000000000000000e+03 1.277156591415405273e+00
3.588000000000000000e+03 1.258556008338928223e+00
3.589000000000000000e+03 1.265461325645446777e+00
3.590000000000000000e+03 1.251651644706726074e+00
3.591000000000000000e+03 1.309591650962829590e+00
3.592000000000000000e+03 1.264569759368896484e+00
3.593000000000000000e+03 1.301498651504516602e+00
3.594000000000000000e+03 1.270246505737304688e+00
3.595000000000000000e+03 1.275431990623474121e+00
3.596000000000000000e+03 1.300183176994323730e+00
3.597000000000000000e+03 1.290113806724548340e+00
3.598000000000000000e+03 1.313285708427429199e+00
3.599000000000000000e+03 1.281488656997680664e+00
3.600000000000000000e+03 1.302575111389160156e+00
3.601000000000000000e+03 1.303367853164672852e+00
3.602000000000000000e+03 1.295096635818481445e+00
3.603000000000000000e+03 1.263980507850646973e+00
3.604000000000000000e+03 1.294322609901428223e+00
3.605000000000000000e+03 1.281252503395080566e+00
3.606000000000000000e+03 1.275999546051025391e+00
3.607000000000000000e+03 1.309132933616638184e+00
3.608000000000000000e+03 1.296036958694458008e+00
3.609000000000000000e+03 1.302865743637084961e+00
3.610000000000000000e+03 1.285148024559020996e+00
3.611000000000000000e+03 1.261899590492248535e+00
3.612000000000000000e+03 1.248573541641235352e+00
3.613000000000000000e+03 1.231158971786499023e+00
3.614000000000000000e+03 1.245517969131469727e+00
3.615000000000000000e+03 1.268005490303039551e+00
3.616000000000000000e+03 1.284884214401245117e+00
3.617000000000000000e+03 1.276405215263366699e+00
3.618000000000000000e+03 1.318283796310424805e+00
3.619000000000000000e+03 1.302310228347778320e+00
3.620000000000000000e+03 1.272010207176208496e+00
3.621000000000000000e+03 1.302741289138793945e+00
3.622000000000000000e+03 1.277919173240661621e+00
3.623000000000000000e+03 1.280753612518310547e+00
3.624000000000000000e+03 1.273477911949157715e+00
3.625000000000000000e+03 1.262513875961303711e+00
3.626000000000000000e+03 1.289849877357482910e+00
3.627000000000000000e+03 1.288098335266113281e+00
3.628000000000000000e+03 1.269986867904663086e+00
3.629000000000000000e+03 1.312830686569213867e+00
3.630000000000000000e+03 1.295131921768188477e+00
3.631000000000000000e+03 1.295979976654052734e+00
3.632000000000000000e+03 1.290212392807006836e+00
3.633000000000000000e+03 1.263015747070312500e+00
3.634000000000000000e+03 1.246773958206176758e+00
3.635000000000000000e+03 1.277213335037231445e+00
3.636000000000000000e+03 1.287718296051025391e+00
3.637000000000000000e+03 1.275072097778320312e+00
3.638000000000000000e+03 1.254625797271728516e+00
3.639000000000000000e+03 1.263665676116943359e+00
3.640000000000000000e+03 1.285640597343444824e+00
3.641000000000000000e+03 1.273761749267578125e+00
3.642000000000000000e+03 1.297895789146423340e+00
3.643000000000000000e+03 1.277317762374877930e+00
3.644000000000000000e+03 1.298675298690795898e+00
3.645000000000000000e+03 1.340993523597717285e+00
3.646000000000000000e+03 1.265499830245971680e+00
3.647000000000000000e+03 1.276541948318481445e+00
3.648000000000000000e+03 1.253077268600463867e+00
3.649000000000000000e+03 1.306623935699462891e+00
3.650000000000000000e+03 1.302857875823974609e+00
3.651000000000000000e+03 1.272616624832153320e+00
3.652000000000000000e+03 1.264339566230773926e+00
3.653000000000000000e+03 1.270140886306762695e+00
3.654000000000000000e+03 1.260339736938476562e+00
3.655000000000000000e+03 1.261416673660278320e+00
3.656000000000000000e+03 1.270974874496459961e+00
3.657000000000000000e+03 1.280186057090759277e+00
3.658000000000000000e+03 1.271628022193908691e+00
3.659000000000000000e+03 1.300184488296508789e+00
3.660000000000000000e+03 1.290909767150878906e+00
3.661000000000000000e+03 1.293122529983520508e+00
3.662000000000000000e+03 1.259465694427490234e+00
3.663000000000000000e+03 1.300750613212585449e+00
3.664000000000000000e+03 1.285664081573486328e+00
3.665000000000000000e+03 1.278413653373718262e+00
3.666000000000000000e+03 1.323892951011657715e+00
3.667000000000000000e+03 1.318850517272949219e+00
3.668000000000000000e+03 1.286249637603759766e+00
3.669000000000000000e+03 1.255199193954467773e+00
3.670000000000000000e+03 1.248238444328308105e+00
3.671000000000000000e+03 1.254133939743041992e+00
3.672000000000000000e+03 1.263294935226440430e+00
3.673000000000000000e+03 1.273637413978576660e+00
3.674000000000000000e+03 1.265688896179199219e+00
3.675000000000000000e+03 1.257381319999694824e+00
3.676000000000000000e+03 1.282995343208312988e+00
3.677000000000000000e+03 1.304802656173706055e+00
3.678000000000000000e+03 1.252447247505187988e+00
3.679000000000000000e+03 1.260536074638366699e+00
3.680000000000000000e+03 1.265476465225219727e+00
3.681000000000000000e+03 1.254460692405700684e+00
3.682000000000000000e+03 1.238653302192687988e+00
3.683000000000000000e+03 1.259620547294616699e+00
3.684000000000000000e+03 1.249092817306518555e+00
3.685000000000000000e+03 1.241925716400146484e+00
3.686000000000000000e+03 1.263688325881958008e+00
3.687000000000000000e+03 1.227927327156066895e+00
3.688000000000000000e+03 1.260564804077148438e+00
3.689000000000000000e+03 1.247328519821166992e+00
3.690000000000000000e+03 1.235780358314514160e+00
3.691000000000000000e+03 1.289089679718017578e+00
3.692000000000000000e+03 1.261607170104980469e+00
3.693000000000000000e+03 1.276566863059997559e+00
3.694000000000000000e+03 1.258978128433227539e+00
3.695000000000000000e+03 1.275426149368286133e+00
3.696000000000000000e+03 1.275993227958679199e+00
3.697000000000000000e+03 1.272331357002258301e+00
3.698000000000000000e+03 1.269950389862060547e+00
3.699000000000000000e+03 1.246586203575134277e+00
3.700000000000000000e+03 1.261890769004821777e+00
3.701000000000000000e+03 1.259100437164306641e+00
3.702000000000000000e+03 1.236487627029418945e+00
3.703000000000000000e+03 1.258487224578857422e+00
3.704000000000000000e+03 1.267272233963012695e+00
3.705000000000000000e+03 1.270808219909667969e+00
3.706000000000000000e+03 1.276118636131286621e+00
3.707000000000000000e+03 1.279222488403320312e+00
3.708000000000000000e+03 1.257817745208740234e+00
3.709000000000000000e+03 1.243992328643798828e+00
3.710000000000000000e+03 1.210122466087341309e+00
3.711000000000000000e+03 1.252120733261108398e+00
3.712000000000000000e+03 1.242026805877685547e+00
3.713000000000000000e+03 1.253674149513244629e+00
3.714000000000000000e+03 1.252927303314208984e+00
3.715000000000000000e+03 1.264800071716308594e+00
3.716000000000000000e+03 1.230613470077514648e+00
3.717000000000000000e+03 1.231406688690185547e+00
3.718000000000000000e+03 1.242257475852966309e+00
3.719000000000000000e+03 1.251411318778991699e+00
3.720000000000000000e+03 1.257194995880126953e+00
3.721000000000000000e+03 1.233161568641662598e+00
3.722000000000000000e+03 1.207377910614013672e+00
3.723000000000000000e+03 1.256741762161254883e+00
3.724000000000000000e+03 1.242211222648620605e+00
3.725000000000000000e+03 1.241870880126953125e+00
3.726000000000000000e+03 1.273940682411193848e+00
3.727000000000000000e+03 1.255197048187255859e+00
3.728000000000000000e+03 1.269492149353027344e+00
3.729000000000000000e+03 1.276110291481018066e+00
3.730000000000000000e+03 1.254819512367248535e+00
3.731000000000000000e+03 1.276692628860473633e+00
3.732000000000000000e+03 1.283514499664306641e+00
3.733000000000000000e+03 1.271862030029296875e+00
3.734000000000000000e+03 1.271448612213134766e+00
3.735000000000000000e+03 1.269863843917846680e+00
3.736000000000000000e+03 1.268009305000305176e+00
3.737000000000000000e+03 1.281877279281616211e+00
3.738000000000000000e+03 1.282189607620239258e+00
3.739000000000000000e+03 1.273491144180297852e+00
3.740000000000000000e+03 1.242162585258483887e+00
3.741000000000000000e+03 1.275222063064575195e+00
3.742000000000000000e+03 1.241327047348022461e+00
3.743000000000000000e+03 1.252697944641113281e+00
3.744000000000000000e+03 1.234807014465332031e+00
3.745000000000000000e+03 1.265188336372375488e+00
3.746000000000000000e+03 1.227378129959106445e+00
3.747000000000000000e+03 1.229755401611328125e+00
3.748000000000000000e+03 1.260569334030151367e+00
3.749000000000000000e+03 1.287857055664062500e+00
3.750000000000000000e+03 1.262346506118774414e+00
3.751000000000000000e+03 1.235319137573242188e+00
3.752000000000000000e+03 1.274866104125976562e+00
3.753000000000000000e+03 1.260747432708740234e+00
3.754000000000000000e+03 1.256748795509338379e+00
3.755000000000000000e+03 1.259382605552673340e+00
3.756000000000000000e+03 1.265621662139892578e+00
3.757000000000000000e+03 1.256018280982971191e+00
3.758000000000000000e+03 1.285784363746643066e+00
3.759000000000000000e+03 1.244406104087829590e+00
3.760000000000000000e+03 1.250160813331604004e+00
3.761000000000000000e+03 1.242627382278442383e+00
3.762000000000000000e+03 1.274440288543701172e+00
3.763000000000000000e+03 1.266401052474975586e+00
3.764000000000000000e+03 1.277630090713500977e+00
3.765000000000000000e+03 1.234401106834411621e+00
3.766000000000000000e+03 1.262415528297424316e+00
3.767000000000000000e+03 1.249587297439575195e+00
3.768000000000000000e+03 1.276811599731445312e+00
3.769000000000000000e+03 1.242464184761047363e+00
3.770000000000000000e+03 1.259903669357299805e+00
3.771000000000000000e+03 1.259684085845947266e+00
3.772000000000000000e+03 1.244318127632141113e+00
3.773000000000000000e+03 1.236953496932983398e+00
3.774000000000000000e+03 1.245974183082580566e+00
3.775000000000000000e+03 1.226784586906433105e+00
3.776000000000000000e+03 1.239348173141479492e+00
3.777000000000000000e+03 1.269514203071594238e+00
3.778000000000000000e+03 1.228318691253662109e+00
3.779000000000000000e+03 1.280613660812377930e+00
3.780000000000000000e+03 1.266748428344726562e+00
3.781000000000000000e+03 1.258444786071777344e+00
3.782000000000000000e+03 1.275497913360595703e+00
3.783000000000000000e+03 1.229033589363098145e+00
3.784000000000000000e+03 1.262168526649475098e+00
3.785000000000000000e+03 1.286136031150817871e+00
3.786000000000000000e+03 1.262942075729370117e+00
3.787000000000000000e+03 1.256070971488952637e+00
3.788000000000000000e+03 1.298718571662902832e+00
3.789000000000000000e+03 1.301076054573059082e+00
3.790000000000000000e+03 1.275138139724731445e+00
3.791000000000000000e+03 1.290214419364929199e+00
3.792000000000000000e+03 1.274332880973815918e+00
3.793000000000000000e+03 1.259629726409912109e+00
3.794000000000000000e+03 1.290098786354064941e+00
3.795000000000000000e+03 1.279777765274047852e+00
3.796000000000000000e+03 1.268990397453308105e+00
3.797000000000000000e+03 1.245122432708740234e+00
3.798000000000000000e+03 1.255132079124450684e+00
3.799000000000000000e+03 1.257552385330200195e+00
3.800000000000000000e+03 1.289666652679443359e+00
3.801000000000000000e+03 1.274029493331909180e+00
3.802000000000000000e+03 1.272531032562255859e+00
3.803000000000000000e+03 1.276230216026306152e+00
3.804000000000000000e+03 1.258102178573608398e+00
3.805000000000000000e+03 1.275729894638061523e+00
3.806000000000000000e+03 1.251319289207458496e+00
3.807000000000000000e+03 1.257165670394897461e+00
3.808000000000000000e+03 1.245501875877380371e+00
3.809000000000000000e+03 1.270376563072204590e+00
3.810000000000000000e+03 1.253535509109497070e+00
3.811000000000000000e+03 1.266793370246887207e+00
3.812000000000000000e+03 1.254559397697448730e+00
3.813000000000000000e+03 1.273474574089050293e+00
3.814000000000000000e+03 1.277737140655517578e+00
3.815000000000000000e+03 1.281827449798583984e+00
3.816000000000000000e+03 1.277419805526733398e+00
3.817000000000000000e+03 1.265441656112670898e+00
3.818000000000000000e+03 1.271954417228698730e+00
3.819000000000000000e+03 1.268630146980285645e+00
3.820000000000000000e+03 1.280633211135864258e+00
3.821000000000000000e+03 1.254536867141723633e+00
3.822000000000000000e+03 1.276440858840942383e+00
3.823000000000000000e+03 1.250853896141052246e+00
3.824000000000000000e+03 1.254261732101440430e+00
3.825000000000000000e+03 1.294742226600646973e+00
3.826000000000000000e+03 1.298511266708374023e+00
3.827000000000000000e+03 1.324706554412841797e+00
3.828000000000000000e+03 1.267037510871887207e+00
3.829000000000000000e+03 1.259598851203918457e+00
3.830000000000000000e+03 1.281535506248474121e+00
3.831000000000000000e+03 1.311457157135009766e+00
3.832000000000000000e+03 1.302842140197753906e+00
3.833000000000000000e+03 1.283988714218139648e+00
3.834000000000000000e+03 1.287729978561401367e+00
3.835000000000000000e+03 1.281153202056884766e+00
3.836000000000000000e+03 1.287641644477844238e+00
3.837000000000000000e+03 1.277502655982971191e+00
3.838000000000000000e+03 1.273305416107177734e+00
3.839000000000000000e+03 1.255362033843994141e+00
3.840000000000000000e+03 1.268245220184326172e+00
3.841000000000000000e+03 1.313640117645263672e+00
3.842000000000000000e+03 1.282492637634277344e+00
3.843000000000000000e+03 1.307867765426635742e+00
3.844000000000000000e+03 1.271231293678283691e+00
3.845000000000000000e+03 1.267145276069641113e+00
3.846000000000000000e+03 1.319639205932617188e+00
3.847000000000000000e+03 1.294597148895263672e+00
3.848000000000000000e+03 1.297037363052368164e+00
3.849000000000000000e+03 1.259028673171997070e+00
3.850000000000000000e+03 1.274275898933410645e+00
3.851000000000000000e+03 1.250857830047607422e+00
3.852000000000000000e+03 1.248526334762573242e+00
3.853000000000000000e+03 1.248774766921997070e+00
3.854000000000000000e+03 1.226547002792358398e+00
3.855000000000000000e+03 1.272922754287719727e+00
3.856000000000000000e+03 1.250398635864257812e+00
3.857000000000000000e+03 1.250267624855041504e+00
3.858000000000000000e+03 1.267095685005187988e+00
3.859000000000000000e+03 1.269235491752624512e+00
3.860000000000000000e+03 1.245948433876037598e+00
3.861000000000000000e+03 1.279594421386718750e+00
3.862000000000000000e+03 1.248233556747436523e+00
3.863000000000000000e+03 1.238044738769531250e+00
3.864000000000000000e+03 1.223946452140808105e+00
3.865000000000000000e+03 1.262400150299072266e+00
3.866000000000000000e+03 1.231075286865234375e+00
3.867000000000000000e+03 1.243529200553894043e+00
3.868000000000000000e+03 1.215638518333435059e+00
3.869000000000000000e+03 1.244743585586547852e+00
3.870000000000000000e+03 1.245451450347900391e+00
3.871000000000000000e+03 1.252144932746887207e+00
3.872000000000000000e+03 1.261050939559936523e+00
3.873000000000000000e+03 1.256688952445983887e+00
3.874000000000000000e+03 1.273687720298767090e+00
3.875000000000000000e+03 1.297076344490051270e+00
3.876000000000000000e+03 1.271260857582092285e+00
3.877000000000000000e+03 1.281251549720764160e+00
3.878000000000000000e+03 1.271421670913696289e+00
3.879000000000000000e+03 1.282753467559814453e+00
3.880000000000000000e+03 1.297927141189575195e+00
3.881000000000000000e+03 1.315608501434326172e+00
3.882000000000000000e+03 1.281736969947814941e+00
3.883000000000000000e+03 1.250255584716796875e+00
3.884000000000000000e+03 1.303384423255920410e+00
3.885000000000000000e+03 1.264276027679443359e+00
3.886000000000000000e+03 1.253725767135620117e+00
3.887000000000000000e+03 1.255792617797851562e+00
3.888000000000000000e+03 1.263023376464843750e+00
3.889000000000000000e+03 1.243308305740356445e+00
3.890000000000000000e+03 1.262705802917480469e+00
3.891000000000000000e+03 1.244154691696166992e+00
3.892000000000000000e+03 1.283232092857360840e+00
3.893000000000000000e+03 1.287067770957946777e+00
3.894000000000000000e+03 1.279037117958068848e+00
3.895000000000000000e+03 1.322290539741516113e+00
3.896000000000000000e+03 1.260849952697753906e+00
3.897000000000000000e+03 1.266746878623962402e+00
3.898000000000000000e+03 1.238508462905883789e+00
3.899000000000000000e+03 1.266885280609130859e+00
3.900000000000000000e+03 1.268371105194091797e+00
3.901000000000000000e+03 1.253685474395751953e+00
3.902000000000000000e+03 1.246081471443176270e+00
3.903000000000000000e+03 1.261832833290100098e+00
3.904000000000000000e+03 1.222193717956542969e+00
3.905000000000000000e+03 1.258663415908813477e+00
3.906000000000000000e+03 1.260802745819091797e+00
3.907000000000000000e+03 1.285754680633544922e+00
3.908000000000000000e+03 1.259235382080078125e+00
3.909000000000000000e+03 1.251668453216552734e+00
3.910000000000000000e+03 1.230339646339416504e+00
3.911000000000000000e+03 1.233251571655273438e+00
3.912000000000000000e+03 1.272530913352966309e+00
3.913000000000000000e+03 1.255210399627685547e+00
3.914000000000000000e+03 1.257628560066223145e+00
3.915000000000000000e+03 1.300591230392456055e+00
3.916000000000000000e+03 1.266453266143798828e+00
3.917000000000000000e+03 1.267136693000793457e+00
3.918000000000000000e+03 1.287960529327392578e+00
3.919000000000000000e+03 1.277546644210815430e+00
3.920000000000000000e+03 1.305040717124938965e+00
3.921000000000000000e+03 1.266747951507568359e+00
3.922000000000000000e+03 1.253495693206787109e+00
3.923000000000000000e+03 1.256610393524169922e+00
3.924000000000000000e+03 1.266248464584350586e+00
3.925000000000000000e+03 1.244952678680419922e+00
3.926000000000000000e+03 1.232496380805969238e+00
3.927000000000000000e+03 1.236202239990234375e+00
3.928000000000000000e+03 1.233948826789855957e+00
3.929000000000000000e+03 1.256028413772583008e+00
3.930000000000000000e+03 1.226189255714416504e+00
3.931000000000000000e+03 1.277883410453796387e+00
3.932000000000000000e+03 1.246045351028442383e+00
3.933000000000000000e+03 1.239780306816101074e+00
3.934000000000000000e+03 1.247892379760742188e+00
3.935000000000000000e+03 1.281768202781677246e+00
3.936000000000000000e+03 1.233563303947448730e+00
3.937000000000000000e+03 1.253924369812011719e+00
3.938000000000000000e+03 1.269937515258789062e+00
3.939000000000000000e+03 1.238678932189941406e+00
3.940000000000000000e+03 1.243553519248962402e+00
3.941000000000000000e+03 1.249595761299133301e+00
3.942000000000000000e+03 1.253934144973754883e+00
3.943000000000000000e+03 1.244309425354003906e+00
3.944000000000000000e+03 1.234932184219360352e+00
3.945000000000000000e+03 1.258276343345642090e+00
3.946000000000000000e+03 1.287526130676269531e+00
3.947000000000000000e+03 1.248675227165222168e+00
3.948000000000000000e+03 1.269636631011962891e+00
3.949000000000000000e+03 1.299411535263061523e+00
3.950000000000000000e+03 1.289438486099243164e+00
3.951000000000000000e+03 1.282203197479248047e+00
3.952000000000000000e+03 1.277646660804748535e+00
3.953000000000000000e+03 1.271052360534667969e+00
3.954000000000000000e+03 1.257908344268798828e+00
3.955000000000000000e+03 1.239684104919433594e+00
3.956000000000000000e+03 1.263879776000976562e+00
3.957000000000000000e+03 1.275577783584594727e+00
3.958000000000000000e+03 1.273306846618652344e+00
3.959000000000000000e+03 1.262599349021911621e+00
3.960000000000000000e+03 1.272220253944396973e+00
3.961000000000000000e+03 1.234071969985961914e+00
3.962000000000000000e+03 1.276528716087341309e+00
3.963000000000000000e+03 1.280928611755371094e+00
3.964000000000000000e+03 1.262299418449401855e+00
3.965000000000000000e+03 1.306187987327575684e+00
3.966000000000000000e+03 1.284961223602294922e+00
3.967000000000000000e+03 1.254760146141052246e+00
3.968000000000000000e+03 1.268534660339355469e+00
3.969000000000000000e+03 1.252442955970764160e+00
3.970000000000000000e+03 1.232535004615783691e+00
3.971000000000000000e+03 1.283563852310180664e+00
3.972000000000000000e+03 1.276867508888244629e+00
3.973000000000000000e+03 1.256943821907043457e+00
3.974000000000000000e+03 1.231683611869812012e+00
3.975000000000000000e+03 1.260083198547363281e+00
3.976000000000000000e+03 1.254089355468750000e+00
3.977000000000000000e+03 1.246403813362121582e+00
3.978000000000000000e+03 1.253874063491821289e+00
3.979000000000000000e+03 1.253056287765502930e+00
3.980000000000000000e+03 1.270160436630249023e+00
3.981000000000000000e+03 1.268232226371765137e+00
3.982000000000000000e+03 1.294413805007934570e+00
3.983000000000000000e+03 1.291474819183349609e+00
3.984000000000000000e+03 1.285064935684204102e+00
3.985000000000000000e+03 1.280647277832031250e+00
3.986000000000000000e+03 1.274606704711914062e+00
3.987000000000000000e+03 1.271742820739746094e+00
3.988000000000000000e+03 1.252592325210571289e+00
3.989000000000000000e+03 1.244568109512329102e+00
3.990000000000000000e+03 1.288860440254211426e+00
3.991000000000000000e+03 1.301860451698303223e+00
3.992000000000000000e+03 1.305387735366821289e+00
3.993000000000000000e+03 1.296742200851440430e+00
3.994000000000000000e+03 1.286665916442871094e+00
3.995000000000000000e+03 1.279497504234313965e+00
3.996000000000000000e+03 1.272295713424682617e+00
3.997000000000000000e+03 1.289887666702270508e+00
3.998000000000000000e+03 1.231553316116333008e+00
3.999000000000000000e+03 1.281789898872375488e+00
4.000000000000000000e+03 1.278458476066589355e+00
4.001000000000000000e+03 1.272652864456176758e+00
4.002000000000000000e+03 1.261208176612854004e+00
4.003000000000000000e+03 1.257950782775878906e+00
4.004000000000000000e+03 1.262347459793090820e+00
4.005000000000000000e+03 1.285792350769042969e+00
4.006000000000000000e+03 1.264712452888488770e+00
4.007000000000000000e+03 1.247768163681030273e+00
4.008000000000000000e+03 1.290434479713439941e+00
4.009000000000000000e+03 1.319066643714904785e+00
4.010000000000000000e+03 1.301535964012145996e+00
4.011000000000000000e+03 1.318101644515991211e+00
4.012000000000000000e+03 1.312568902969360352e+00
4.013000000000000000e+03 1.316668272018432617e+00
4.014000000000000000e+03 1.304293870925903320e+00
4.015000000000000000e+03 1.297233819961547852e+00
4.016000000000000000e+03 1.290871620178222656e+00
4.017000000000000000e+03 1.319167613983154297e+00
4.018000000000000000e+03 1.259445428848266602e+00
4.019000000000000000e+03 1.272819995880126953e+00
4.020000000000000000e+03 1.252156257629394531e+00
4.021000000000000000e+03 1.268217802047729492e+00
4.022000000000000000e+03 1.274688482284545898e+00
4.023000000000000000e+03 1.269162654876708984e+00
4.024000000000000000e+03 1.254245042800903320e+00
4.025000000000000000e+03 1.274422287940979004e+00
4.026000000000000000e+03 1.267513036727905273e+00
4.027000000000000000e+03 1.281653523445129395e+00
4.028000000000000000e+03 1.291650176048278809e+00
4.029000000000000000e+03 1.292361259460449219e+00
4.030000000000000000e+03 1.265764236450195312e+00
4.031000000000000000e+03 1.260875940322875977e+00
4.032000000000000000e+03 1.255826711654663086e+00
4.033000000000000000e+03 1.278213620185852051e+00
4.034000000000000000e+03 1.266010284423828125e+00
4.035000000000000000e+03 1.308614253997802734e+00
4.036000000000000000e+03 1.237251281738281250e+00
4.037000000000000000e+03 1.243483543395996094e+00
4.038000000000000000e+03 1.290392041206359863e+00
4.039000000000000000e+03 1.280037164688110352e+00
4.040000000000000000e+03 1.261358618736267090e+00
4.041000000000000000e+03 1.273789763450622559e+00
4.042000000000000000e+03 1.303745031356811523e+00
4.043000000000000000e+03 1.295545220375061035e+00
4.044000000000000000e+03 1.277868270874023438e+00
4.045000000000000000e+03 1.314652919769287109e+00
4.046000000000000000e+03 1.317317008972167969e+00
4.047000000000000000e+03 1.272391319274902344e+00
4.048000000000000000e+03 1.292250990867614746e+00
4.049000000000000000e+03 1.320188641548156738e+00
4.050000000000000000e+03 1.293431758880615234e+00
4.051000000000000000e+03 1.314424514770507812e+00
4.052000000000000000e+03 1.271053671836853027e+00
4.053000000000000000e+03 1.268883705139160156e+00
4.054000000000000000e+03 1.295866847038269043e+00
4.055000000000000000e+03 1.263999581336975098e+00
4.056000000000000000e+03 1.291295886039733887e+00
4.057000000000000000e+03 1.296445250511169434e+00
4.058000000000000000e+03 1.301760792732238770e+00
4.059000000000000000e+03 1.279497146606445312e+00
4.060000000000000000e+03 1.292424678802490234e+00
4.061000000000000000e+03 1.267669558525085449e+00
4.062000000000000000e+03 1.277298092842102051e+00
4.063000000000000000e+03 1.277930736541748047e+00
4.064000000000000000e+03 1.287939906120300293e+00
4.065000000000000000e+03 1.305449485778808594e+00
4.066000000000000000e+03 1.335579991340637207e+00
4.067000000000000000e+03 1.283270120620727539e+00
4.068000000000000000e+03 1.317302942276000977e+00
4.069000000000000000e+03 1.320359110832214355e+00
4.070000000000000000e+03 1.293229579925537109e+00
4.071000000000000000e+03 1.287680387496948242e+00
4.072000000000000000e+03 1.286927342414855957e+00
4.073000000000000000e+03 1.286455631256103516e+00
4.074000000000000000e+03 1.277030229568481445e+00
4.075000000000000000e+03 1.275728583335876465e+00
4.076000000000000000e+03 1.263715028762817383e+00
4.077000000000000000e+03 1.265823841094970703e+00
4.078000000000000000e+03 1.289383411407470703e+00
4.079000000000000000e+03 1.276109576225280762e+00
4.080000000000000000e+03 1.290351867675781250e+00
4.081000000000000000e+03 1.270926237106323242e+00
4.082000000000000000e+03 1.274520397186279297e+00
4.083000000000000000e+03 1.230476260185241699e+00
4.084000000000000000e+03 1.253846883773803711e+00
4.085000000000000000e+03 1.268133401870727539e+00
4.086000000000000000e+03 1.284576654434204102e+00
4.087000000000000000e+03 1.288467168807983398e+00
4.088000000000000000e+03 1.280292987823486328e+00
4.089000000000000000e+03 1.294843673706054688e+00
4.090000000000000000e+03 1.301947116851806641e+00
4.091000000000000000e+03 1.307175755500793457e+00
4.092000000000000000e+03 1.247014164924621582e+00
4.093000000000000000e+03 1.280745983123779297e+00
4.094000000000000000e+03 1.296815633773803711e+00
4.095000000000000000e+03 1.273307204246520996e+00
4.096000000000000000e+03 1.284336805343627930e+00
4.097000000000000000e+03 1.317890167236328125e+00
4.098000000000000000e+03 1.278723359107971191e+00
4.099000000000000000e+03 1.270923733711242676e+00
4.100000000000000000e+03 1.259355068206787109e+00
4.101000000000000000e+03 1.295576572418212891e+00
4.102000000000000000e+03 1.253862977027893066e+00
4.103000000000000000e+03 1.251086950302124023e+00
4.104000000000000000e+03 1.264509439468383789e+00
4.105000000000000000e+03 1.251831412315368652e+00
4.106000000000000000e+03 1.304088234901428223e+00
4.107000000000000000e+03 1.291407108306884766e+00
4.108000000000000000e+03 1.282062649726867676e+00
4.109000000000000000e+03 1.265707850456237793e+00
4.110000000000000000e+03 1.289602756500244141e+00
4.111000000000000000e+03 1.313365936279296875e+00
4.112000000000000000e+03 1.304456472396850586e+00
4.113000000000000000e+03 1.320114970207214355e+00
4.114000000000000000e+03 1.280083537101745605e+00
4.115000000000000000e+03 1.278947830200195312e+00
4.116000000000000000e+03 1.252662062644958496e+00
4.117000000000000000e+03 1.268867492675781250e+00
4.118000000000000000e+03 1.274270296096801758e+00
4.119000000000000000e+03 1.283998131752014160e+00
4.120000000000000000e+03 1.291416406631469727e+00
4.121000000000000000e+03 1.303186655044555664e+00
4.122000000000000000e+03 1.314015388488769531e+00
4.123000000000000000e+03 1.278387069702148438e+00
4.124000000000000000e+03 1.300654888153076172e+00
4.125000000000000000e+03 1.270379543304443359e+00
4.126000000000000000e+03 1.249775648117065430e+00
4.127000000000000000e+03 1.264379024505615234e+00
4.128000000000000000e+03 1.258872032165527344e+00
4.129000000000000000e+03 1.291870117187500000e+00
4.130000000000000000e+03 1.259053230285644531e+00
4.131000000000000000e+03 1.287491202354431152e+00
4.132000000000000000e+03 1.280266523361206055e+00
4.133000000000000000e+03 1.281598329544067383e+00
4.134000000000000000e+03 1.254558801651000977e+00
4.135000000000000000e+03 1.264719486236572266e+00
4.136000000000000000e+03 1.261409521102905273e+00
4.137000000000000000e+03 1.280194997787475586e+00
4.138000000000000000e+03 1.272421360015869141e+00
4.139000000000000000e+03 1.246086478233337402e+00
4.140000000000000000e+03 1.241670608520507812e+00
4.141000000000000000e+03 1.227560639381408691e+00
4.142000000000000000e+03 1.254689335823059082e+00
4.143000000000000000e+03 1.244585514068603516e+00
4.144000000000000000e+03 1.241508007049560547e+00
4.145000000000000000e+03 1.234077572822570801e+00
4.146000000000000000e+03 1.216999888420104980e+00
4.147000000000000000e+03 1.244601011276245117e+00
4.148000000000000000e+03 1.264092803001403809e+00
4.149000000000000000e+03 1.265455007553100586e+00
4.150000000000000000e+03 1.268547892570495605e+00
4.151000000000000000e+03 1.265372276306152344e+00
4.152000000000000000e+03 1.277090311050415039e+00
4.153000000000000000e+03 1.264085412025451660e+00
4.154000000000000000e+03 1.243679523468017578e+00
4.155000000000000000e+03 1.286310911178588867e+00
4.156000000000000000e+03 1.306753993034362793e+00
4.157000000000000000e+03 1.276242017745971680e+00
4.158000000000000000e+03 1.245322465896606445e+00
4.159000000000000000e+03 1.284536361694335938e+00
4.160000000000000000e+03 1.266497492790222168e+00
4.161000000000000000e+03 1.255035638809204102e+00
4.162000000000000000e+03 1.273792624473571777e+00
4.163000000000000000e+03 1.252719163894653320e+00
4.164000000000000000e+03 1.283001422882080078e+00
4.165000000000000000e+03 1.263179063796997070e+00
4.166000000000000000e+03 1.280813813209533691e+00
4.167000000000000000e+03 1.255154371261596680e+00
4.168000000000000000e+03 1.284823656082153320e+00
4.169000000000000000e+03 1.297572255134582520e+00
4.170000000000000000e+03 1.288233637809753418e+00
4.171000000000000000e+03 1.259729981422424316e+00
4.172000000000000000e+03 1.262016415596008301e+00
4.173000000000000000e+03 1.285585045814514160e+00
4.174000000000000000e+03 1.273931980133056641e+00
4.175000000000000000e+03 1.257474899291992188e+00
4.176000000000000000e+03 1.271805763244628906e+00
4.177000000000000000e+03 1.231149435043334961e+00
4.178000000000000000e+03 1.266404151916503906e+00
4.179000000000000000e+03 1.279207944869995117e+00
4.180000000000000000e+03 1.289403915405273438e+00
4.181000000000000000e+03 1.287068009376525879e+00
4.182000000000000000e+03 1.291899561882019043e+00
4.183000000000000000e+03 1.258682012557983398e+00
4.184000000000000000e+03 1.261204481124877930e+00
4.185000000000000000e+03 1.265172481536865234e+00
4.186000000000000000e+03 1.239937305450439453e+00
4.187000000000000000e+03 1.283143401145935059e+00
4.188000000000000000e+03 1.295987129211425781e+00
4.189000000000000000e+03 1.297127246856689453e+00
4.190000000000000000e+03 1.317006349563598633e+00
4.191000000000000000e+03 1.307628154754638672e+00
4.192000000000000000e+03 1.286207318305969238e+00
4.193000000000000000e+03 1.289926648139953613e+00
4.194000000000000000e+03 1.306984424591064453e+00
4.195000000000000000e+03 1.294046163558959961e+00
4.196000000000000000e+03 1.279384136199951172e+00
4.197000000000000000e+03 1.299495935440063477e+00
4.198000000000000000e+03 1.292988181114196777e+00
4.199000000000000000e+03 1.309145092964172363e+00
4.200000000000000000e+03 1.304832220077514648e+00
4.201000000000000000e+03 1.259890317916870117e+00
4.202000000000000000e+03 1.297080039978027344e+00
4.203000000000000000e+03 1.254308342933654785e+00
4.204000000000000000e+03 1.289228677749633789e+00
4.205000000000000000e+03 1.322599172592163086e+00
4.206000000000000000e+03 1.315851449966430664e+00
4.207000000000000000e+03 1.283024668693542480e+00
4.208000000000000000e+03 1.293753266334533691e+00
4.209000000000000000e+03 1.295467257499694824e+00
4.210000000000000000e+03 1.293419361114501953e+00
4.211000000000000000e+03 1.277496695518493652e+00
4.212000000000000000e+03 1.296665430068969727e+00
4.213000000000000000e+03 1.299032688140869141e+00
4.214000000000000000e+03 1.295718073844909668e+00
4.215000000000000000e+03 1.284479618072509766e+00
4.216000000000000000e+03 1.307028412818908691e+00
4.217000000000000000e+03 1.310943126678466797e+00
4.218000000000000000e+03 1.280147314071655273e+00
4.219000000000000000e+03 1.295858502388000488e+00
4.220000000000000000e+03 1.286832213401794434e+00
4.221000000000000000e+03 1.319211244583129883e+00
4.222000000000000000e+03 1.301638245582580566e+00
4.223000000000000000e+03 1.299996733665466309e+00
4.224000000000000000e+03 1.295331716537475586e+00
4.225000000000000000e+03 1.252554774284362793e+00
4.226000000000000000e+03 1.283444404602050781e+00
4.227000000000000000e+03 1.309306859970092773e+00
4.228000000000000000e+03 1.275647163391113281e+00
4.229000000000000000e+03 1.231093525886535645e+00
4.230000000000000000e+03 1.248373508453369141e+00
4.231000000000000000e+03 1.291142225265502930e+00
4.232000000000000000e+03 1.296253919601440430e+00
4.233000000000000000e+03 1.256984353065490723e+00
4.234000000000000000e+03 1.281672000885009766e+00
4.235000000000000000e+03 1.286047935485839844e+00
4.236000000000000000e+03 1.285234212875366211e+00
4.237000000000000000e+03 1.267097353935241699e+00
4.238000000000000000e+03 1.277409315109252930e+00
4.239000000000000000e+03 1.298877835273742676e+00
4.240000000000000000e+03 1.279296159744262695e+00
4.241000000000000000e+03 1.287875890731811523e+00
4.242000000000000000e+03 1.263460278511047363e+00
4.243000000000000000e+03 1.254657268524169922e+00
4.244000000000000000e+03 1.243301153182983398e+00
4.245000000000000000e+03 1.251737594604492188e+00
4.246000000000000000e+03 1.266776800155639648e+00
4.247000000000000000e+03 1.253871679306030273e+00
4.248000000000000000e+03 1.293448448181152344e+00
4.249000000000000000e+03 1.262167453765869141e+00
4.250000000000000000e+03 1.253196239471435547e+00
4.251000000000000000e+03 1.285968661308288574e+00
4.252000000000000000e+03 1.278941392898559570e+00
4.253000000000000000e+03 1.269109487533569336e+00
4.254000000000000000e+03 1.270345330238342285e+00
4.255000000000000000e+03 1.277057051658630371e+00
4.256000000000000000e+03 1.255582928657531738e+00
4.257000000000000000e+03 1.286996126174926758e+00
4.258000000000000000e+03 1.245279312133789062e+00
4.259000000000000000e+03 1.241081595420837402e+00
4.260000000000000000e+03 1.265153408050537109e+00
4.261000000000000000e+03 1.271353960037231445e+00
4.262000000000000000e+03 1.294843792915344238e+00
4.263000000000000000e+03 1.270807981491088867e+00
4.264000000000000000e+03 1.269175648689270020e+00
4.265000000000000000e+03 1.276054501533508301e+00
4.266000000000000000e+03 1.268154144287109375e+00
4.267000000000000000e+03 1.263150572776794434e+00
4.268000000000000000e+03 1.252413630485534668e+00
4.269000000000000000e+03 1.246392726898193359e+00
4.270000000000000000e+03 1.268991947174072266e+00
4.271000000000000000e+03 1.246327638626098633e+00
4.272000000000000000e+03 1.226365804672241211e+00
4.273000000000000000e+03 1.244601607322692871e+00
4.274000000000000000e+03 1.218387722969055176e+00
4.275000000000000000e+03 1.269397020339965820e+00
4.276000000000000000e+03 1.253445625305175781e+00
4.277000000000000000e+03 1.276346206665039062e+00
4.278000000000000000e+03 1.293073296546936035e+00
4.279000000000000000e+03 1.246980786323547363e+00
4.280000000000000000e+03 1.236892938613891602e+00
4.281000000000000000e+03 1.269480466842651367e+00
4.282000000000000000e+03 1.251482486724853516e+00
4.283000000000000000e+03 1.284650206565856934e+00
4.284000000000000000e+03 1.281657934188842773e+00
4.285000000000000000e+03 1.268075108528137207e+00
4.286000000000000000e+03 1.247768640518188477e+00
4.287000000000000000e+03 1.201632976531982422e+00
4.288000000000000000e+03 1.229945182800292969e+00
4.289000000000000000e+03 1.264945507049560547e+00
4.290000000000000000e+03 1.240918636322021484e+00
4.291000000000000000e+03 1.266367197036743164e+00
4.292000000000000000e+03 1.264420151710510254e+00
4.293000000000000000e+03 1.265865564346313477e+00
4.294000000000000000e+03 1.274078607559204102e+00
4.295000000000000000e+03 1.264138579368591309e+00
4.296000000000000000e+03 1.270959973335266113e+00
4.297000000000000000e+03 1.262948513031005859e+00
4.298000000000000000e+03 1.254277467727661133e+00
4.299000000000000000e+03 1.291848063468933105e+00
4.300000000000000000e+03 1.295224905014038086e+00
4.301000000000000000e+03 1.251937389373779297e+00
4.302000000000000000e+03 1.246228694915771484e+00
4.303000000000000000e+03 1.293946027755737305e+00
4.304000000000000000e+03 1.293914079666137695e+00
4.305000000000000000e+03 1.270780563354492188e+00
4.306000000000000000e+03 1.310043096542358398e+00
4.307000000000000000e+03 1.272732019424438477e+00
4.308000000000000000e+03 1.283296823501586914e+00
4.309000000000000000e+03 1.263375878334045410e+00
4.310000000000000000e+03 1.255509614944458008e+00
4.311000000000000000e+03 1.293512344360351562e+00
4.312000000000000000e+03 1.300879478454589844e+00
4.313000000000000000e+03 1.307457923889160156e+00
4.314000000000000000e+03 1.284668087959289551e+00
4.315000000000000000e+03 1.278269529342651367e+00
4.316000000000000000e+03 1.274507164955139160e+00
4.317000000000000000e+03 1.283231496810913086e+00
4.318000000000000000e+03 1.278055191040039062e+00
4.319000000000000000e+03 1.301191091537475586e+00
4.320000000000000000e+03 1.290416359901428223e+00
4.321000000000000000e+03 1.316037893295288086e+00
4.322000000000000000e+03 1.313586592674255371e+00
4.323000000000000000e+03 1.285038828849792480e+00
4.324000000000000000e+03 1.305488348007202148e+00
4.325000000000000000e+03 1.298078536987304688e+00
4.326000000000000000e+03 1.283946275711059570e+00
4.327000000000000000e+03 1.285523891448974609e+00
4.328000000000000000e+03 1.265564918518066406e+00
4.329000000000000000e+03 1.240570306777954102e+00
4.330000000000000000e+03 1.264889240264892578e+00
4.331000000000000000e+03 1.294131040573120117e+00
4.332000000000000000e+03 1.260496616363525391e+00
4.333000000000000000e+03 1.271574378013610840e+00
4.334000000000000000e+03 1.284727334976196289e+00
4.335000000000000000e+03 1.271064639091491699e+00
4.336000000000000000e+03 1.271912813186645508e+00
4.337000000000000000e+03 1.290156841278076172e+00
4.338000000000000000e+03 1.257798194885253906e+00
4.339000000000000000e+03 1.272854208946228027e+00
4.340000000000000000e+03 1.261866450309753418e+00
4.341000000000000000e+03 1.252793908119201660e+00
4.342000000000000000e+03 1.245864987373352051e+00
4.343000000000000000e+03 1.264473319053649902e+00
4.344000000000000000e+03 1.231881856918334961e+00
4.345000000000000000e+03 1.289326071739196777e+00
4.346000000000000000e+03 1.252874135971069336e+00
4.347000000000000000e+03 1.270576238632202148e+00
4.348000000000000000e+03 1.250931739807128906e+00
4.349000000000000000e+03 1.297751069068908691e+00
4.350000000000000000e+03 1.271736025810241699e+00
4.351000000000000000e+03 1.284636974334716797e+00
4.352000000000000000e+03 1.271491050720214844e+00
4.353000000000000000e+03 1.252383470535278320e+00
4.354000000000000000e+03 1.242603063583374023e+00
4.355000000000000000e+03 1.266132116317749023e+00
4.356000000000000000e+03 1.270106434822082520e+00
4.357000000000000000e+03 1.256671547889709473e+00
4.358000000000000000e+03 1.294433355331420898e+00
4.359000000000000000e+03 1.275062680244445801e+00
4.360000000000000000e+03 1.277541399002075195e+00
4.361000000000000000e+03 1.293259501457214355e+00
4.362000000000000000e+03 1.303919911384582520e+00
4.363000000000000000e+03 1.270437598228454590e+00
4.364000000000000000e+03 1.244754076004028320e+00
4.365000000000000000e+03 1.261844754219055176e+00
4.366000000000000000e+03 1.273251175880432129e+00
4.367000000000000000e+03 1.299733519554138184e+00
4.368000000000000000e+03 1.294871091842651367e+00
4.369000000000000000e+03 1.302917242050170898e+00
4.370000000000000000e+03 1.302274703979492188e+00
4.371000000000000000e+03 1.287761449813842773e+00
4.372000000000000000e+03 1.275067210197448730e+00
4.373000000000000000e+03 1.280957937240600586e+00
4.374000000000000000e+03 1.264462590217590332e+00
4.375000000000000000e+03 1.262401461601257324e+00
4.376000000000000000e+03 1.277031898498535156e+00
4.377000000000000000e+03 1.291011571884155273e+00
4.378000000000000000e+03 1.249510049819946289e+00
4.379000000000000000e+03 1.237296462059020996e+00
4.380000000000000000e+03 1.276329755783081055e+00
4.381000000000000000e+03 1.302328824996948242e+00
4.382000000000000000e+03 1.304877042770385742e+00
4.383000000000000000e+03 1.275563001632690430e+00
4.384000000000000000e+03 1.265888929367065430e+00
4.385000000000000000e+03 1.264753222465515137e+00
4.386000000000000000e+03 1.267101287841796875e+00
4.387000000000000000e+03 1.285473227500915527e+00
4.388000000000000000e+03 1.268900275230407715e+00
4.389000000000000000e+03 1.267981052398681641e+00
4.390000000000000000e+03 1.286808013916015625e+00
4.391000000000000000e+03 1.289403676986694336e+00
4.392000000000000000e+03 1.312912702560424805e+00
4.393000000000000000e+03 1.284407734870910645e+00
4.394000000000000000e+03 1.296576142311096191e+00
4.395000000000000000e+03 1.277991175651550293e+00
4.396000000000000000e+03 1.302461147308349609e+00
4.397000000000000000e+03 1.263854026794433594e+00
4.398000000000000000e+03 1.276250839233398438e+00
4.399000000000000000e+03 1.261100292205810547e+00
4.400000000000000000e+03 1.275462269783020020e+00
4.401000000000000000e+03 1.252256631851196289e+00
4.402000000000000000e+03 1.210101842880249023e+00
4.403000000000000000e+03 1.256187915802001953e+00
4.404000000000000000e+03 1.263246536254882812e+00
4.405000000000000000e+03 1.261661291122436523e+00
4.406000000000000000e+03 1.258804321289062500e+00
4.407000000000000000e+03 1.239230155944824219e+00
4.408000000000000000e+03 1.272840499877929688e+00
4.409000000000000000e+03 1.243050217628479004e+00
4.410000000000000000e+03 1.232739210128784180e+00
4.411000000000000000e+03 1.236612677574157715e+00
4.412000000000000000e+03 1.231155872344970703e+00
4.413000000000000000e+03 1.277341961860656738e+00
4.414000000000000000e+03 1.291180849075317383e+00
4.415000000000000000e+03 1.293201684951782227e+00
4.416000000000000000e+03 1.292051553726196289e+00
4.417000000000000000e+03 1.258201837539672852e+00
4.418000000000000000e+03 1.226858496665954590e+00
4.419000000000000000e+03 1.227179408073425293e+00
4.420000000000000000e+03 1.256029963493347168e+00
4.421000000000000000e+03 1.269825577735900879e+00
4.422000000000000000e+03 1.259524464607238770e+00
4.423000000000000000e+03 1.288065552711486816e+00
4.424000000000000000e+03 1.299849271774291992e+00
4.425000000000000000e+03 1.275785326957702637e+00
4.426000000000000000e+03 1.267661690711975098e+00
4.427000000000000000e+03 1.284322381019592285e+00
4.428000000000000000e+03 1.297173738479614258e+00
4.429000000000000000e+03 1.308124899864196777e+00
4.430000000000000000e+03 1.266076922416687012e+00
4.431000000000000000e+03 1.298654556274414062e+00
4.432000000000000000e+03 1.282343029975891113e+00
4.433000000000000000e+03 1.283153414726257324e+00
4.434000000000000000e+03 1.278335690498352051e+00
4.435000000000000000e+03 1.272235512733459473e+00
4.436000000000000000e+03 1.259353756904602051e+00
4.437000000000000000e+03 1.298352122306823730e+00
4.438000000000000000e+03 1.279438853263854980e+00
4.439000000000000000e+03 1.267286181449890137e+00
4.440000000000000000e+03 1.317090868949890137e+00
4.441000000000000000e+03 1.319055199623107910e+00
4.442000000000000000e+03 1.302690148353576660e+00
4.443000000000000000e+03 1.314853906631469727e+00
4.444000000000000000e+03 1.292955875396728516e+00
4.445000000000000000e+03 1.302351355552673340e+00
4.446000000000000000e+03 1.286696910858154297e+00
4.447000000000000000e+03 1.283053398132324219e+00
4.448000000000000000e+03 1.251371383666992188e+00
4.449000000000000000e+03 1.281008839607238770e+00
4.450000000000000000e+03 1.245996356010437012e+00
4.451000000000000000e+03 1.253960847854614258e+00
4.452000000000000000e+03 1.222900986671447754e+00
4.453000000000000000e+03 1.244299054145812988e+00
4.454000000000000000e+03 1.253870487213134766e+00
4.455000000000000000e+03 1.250667095184326172e+00
4.456000000000000000e+03 1.267123937606811523e+00
4.457000000000000000e+03 1.260476946830749512e+00
4.458000000000000000e+03 1.260114789009094238e+00
4.459000000000000000e+03 1.217195510864257812e+00
4.460000000000000000e+03 1.301652550697326660e+00
4.461000000000000000e+03 1.269764661788940430e+00
4.462000000000000000e+03 1.250957012176513672e+00
4.463000000000000000e+03 1.277845740318298340e+00
4.464000000000000000e+03 1.288176774978637695e+00
4.465000000000000000e+03 1.277970790863037109e+00
4.466000000000000000e+03 1.297057271003723145e+00
4.467000000000000000e+03 1.292649745941162109e+00
4.468000000000000000e+03 1.262735962867736816e+00
4.469000000000000000e+03 1.315155148506164551e+00
4.470000000000000000e+03 1.289356946945190430e+00
4.471000000000000000e+03 1.252927064895629883e+00
4.472000000000000000e+03 1.299658298492431641e+00
4.473000000000000000e+03 1.264720201492309570e+00
4.474000000000000000e+03 1.308983683586120605e+00
4.475000000000000000e+03 1.292675495147705078e+00
4.476000000000000000e+03 1.290535807609558105e+00
4.477000000000000000e+03 1.301599621772766113e+00
4.478000000000000000e+03 1.275177717208862305e+00
4.479000000000000000e+03 1.309468746185302734e+00
4.480000000000000000e+03 1.279825329780578613e+00
4.481000000000000000e+03 1.323284149169921875e+00
4.482000000000000000e+03 1.279902815818786621e+00
4.483000000000000000e+03 1.293698191642761230e+00
4.484000000000000000e+03 1.274347186088562012e+00
4.485000000000000000e+03 1.264236450195312500e+00
4.486000000000000000e+03 1.301168441772460938e+00
4.487000000000000000e+03 1.292942047119140625e+00
4.488000000000000000e+03 1.299927473068237305e+00
4.489000000000000000e+03 1.292758703231811523e+00
4.490000000000000000e+03 1.276247501373291016e+00
4.491000000000000000e+03 1.302228212356567383e+00
4.492000000000000000e+03 1.306388497352600098e+00
4.493000000000000000e+03 1.270879030227661133e+00
4.494000000000000000e+03 1.266746520996093750e+00
4.495000000000000000e+03 1.279935121536254883e+00
4.496000000000000000e+03 1.262314438819885254e+00
4.497000000000000000e+03 1.310115456581115723e+00
4.498000000000000000e+03 1.279255628585815430e+00
4.499000000000000000e+03 1.263728857040405273e+00
4.500000000000000000e+03 1.256237864494323730e+00
4.501000000000000000e+03 1.249858617782592773e+00
4.502000000000000000e+03 1.264360785484313965e+00
4.503000000000000000e+03 1.275226831436157227e+00
4.504000000000000000e+03 1.308104753494262695e+00
4.505000000000000000e+03 1.270152330398559570e+00
4.506000000000000000e+03 1.287710309028625488e+00
4.507000000000000000e+03 1.249600410461425781e+00
4.508000000000000000e+03 1.289598941802978516e+00
4.509000000000000000e+03 1.243250727653503418e+00
4.510000000000000000e+03 1.290082573890686035e+00
4.511000000000000000e+03 1.268717408180236816e+00
4.512000000000000000e+03 1.255705237388610840e+00
4.513000000000000000e+03 1.305560231208801270e+00
4.514000000000000000e+03 1.250564336776733398e+00
4.515000000000000000e+03 1.273833513259887695e+00
4.516000000000000000e+03 1.289223670959472656e+00
4.517000000000000000e+03 1.274371623992919922e+00
4.518000000000000000e+03 1.276215791702270508e+00
4.519000000000000000e+03 1.304148077964782715e+00
4.520000000000000000e+03 1.287525653839111328e+00
4.521000000000000000e+03 1.296607136726379395e+00
4.522000000000000000e+03 1.340618610382080078e+00
4.523000000000000000e+03 1.290476441383361816e+00
4.524000000000000000e+03 1.257633209228515625e+00
4.525000000000000000e+03 1.268801093101501465e+00
4.526000000000000000e+03 1.254061222076416016e+00
4.527000000000000000e+03 1.267365932464599609e+00
4.528000000000000000e+03 1.300287723541259766e+00
4.529000000000000000e+03 1.293347001075744629e+00
4.530000000000000000e+03 1.312647581100463867e+00
4.531000000000000000e+03 1.306290388107299805e+00
4.532000000000000000e+03 1.294342398643493652e+00
4.533000000000000000e+03 1.272441387176513672e+00
4.534000000000000000e+03 1.291058540344238281e+00
4.535000000000000000e+03 1.286410808563232422e+00
4.536000000000000000e+03 1.316188931465148926e+00
4.537000000000000000e+03 1.282567501068115234e+00
4.538000000000000000e+03 1.267097473144531250e+00
4.539000000000000000e+03 1.259066104888916016e+00
4.540000000000000000e+03 1.259868979454040527e+00
4.541000000000000000e+03 1.319295883178710938e+00
4.542000000000000000e+03 1.275349497795104980e+00
4.543000000000000000e+03 1.297760725021362305e+00
4.544000000000000000e+03 1.267091631889343262e+00
4.545000000000000000e+03 1.267744541168212891e+00
4.546000000000000000e+03 1.303642988204956055e+00
4.547000000000000000e+03 1.315350770950317383e+00
4.548000000000000000e+03 1.278671741485595703e+00
4.549000000000000000e+03 1.281809568405151367e+00
4.550000000000000000e+03 1.283802509307861328e+00
4.551000000000000000e+03 1.266265749931335449e+00
4.552000000000000000e+03 1.274044990539550781e+00
4.553000000000000000e+03 1.292215824127197266e+00
4.554000000000000000e+03 1.313704252243041992e+00
4.555000000000000000e+03 1.290176391601562500e+00
4.556000000000000000e+03 1.282460212707519531e+00
4.557000000000000000e+03 1.290643453598022461e+00
4.558000000000000000e+03 1.304693937301635742e+00
4.559000000000000000e+03 1.286661863327026367e+00
4.560000000000000000e+03 1.309215188026428223e+00
4.561000000000000000e+03 1.294633150100708008e+00
4.562000000000000000e+03 1.310011148452758789e+00
4.563000000000000000e+03 1.307650446891784668e+00
4.564000000000000000e+03 1.285317301750183105e+00
4.565000000000000000e+03 1.295839786529541016e+00
4.566000000000000000e+03 1.301061153411865234e+00
4.567000000000000000e+03 1.308970689773559570e+00
4.568000000000000000e+03 1.306839346885681152e+00
4.569000000000000000e+03 1.290162324905395508e+00
4.570000000000000000e+03 1.278122663497924805e+00
4.571000000000000000e+03 1.328689575195312500e+00
4.572000000000000000e+03 1.322768092155456543e+00
4.573000000000000000e+03 1.333863019943237305e+00
4.574000000000000000e+03 1.332813024520874023e+00
4.575000000000000000e+03 1.317930698394775391e+00
4.576000000000000000e+03 1.329134941101074219e+00
4.577000000000000000e+03 1.310240983963012695e+00
4.578000000000000000e+03 1.316352128982543945e+00
4.579000000000000000e+03 1.353491902351379395e+00
4.580000000000000000e+03 1.309936881065368652e+00
4.581000000000000000e+03 1.297394871711730957e+00
4.582000000000000000e+03 1.284473061561584473e+00
4.583000000000000000e+03 1.289322137832641602e+00
4.584000000000000000e+03 1.302587389945983887e+00
4.585000000000000000e+03 1.274517774581909180e+00
4.586000000000000000e+03 1.289457559585571289e+00
4.587000000000000000e+03 1.290698051452636719e+00
4.588000000000000000e+03 1.292521715164184570e+00
4.589000000000000000e+03 1.297600269317626953e+00
4.590000000000000000e+03 1.298165082931518555e+00
4.591000000000000000e+03 1.284922361373901367e+00
4.592000000000000000e+03 1.266746282577514648e+00
4.593000000000000000e+03 1.258751869201660156e+00
4.594000000000000000e+03 1.291609287261962891e+00
4.595000000000000000e+03 1.261091947555541992e+00
4.596000000000000000e+03 1.322739005088806152e+00
4.597000000000000000e+03 1.320485234260559082e+00
4.598000000000000000e+03 1.292704939842224121e+00
4.599000000000000000e+03 1.269010901451110840e+00
4.600000000000000000e+03 1.274123907089233398e+00
4.601000000000000000e+03 1.300010561943054199e+00
4.602000000000000000e+03 1.266165494918823242e+00
4.603000000000000000e+03 1.275217771530151367e+00
4.604000000000000000e+03 1.262412905693054199e+00
4.605000000000000000e+03 1.259651184082031250e+00
4.606000000000000000e+03 1.233289480209350586e+00
4.607000000000000000e+03 1.229126214981079102e+00
4.608000000000000000e+03 1.243215084075927734e+00
4.609000000000000000e+03 1.256021976470947266e+00
4.610000000000000000e+03 1.241921544075012207e+00
4.611000000000000000e+03 1.255456924438476562e+00
4.612000000000000000e+03 1.262889146804809570e+00
4.613000000000000000e+03 1.282951831817626953e+00
4.614000000000000000e+03 1.280000329017639160e+00
4.615000000000000000e+03 1.288053154945373535e+00
4.616000000000000000e+03 1.308348417282104492e+00
4.617000000000000000e+03 1.303024291992187500e+00
4.618000000000000000e+03 1.312385678291320801e+00
4.619000000000000000e+03 1.301641583442687988e+00
4.620000000000000000e+03 1.313137412071228027e+00
4.621000000000000000e+03 1.316717743873596191e+00
4.622000000000000000e+03 1.310791969299316406e+00
4.623000000000000000e+03 1.302008271217346191e+00
4.624000000000000000e+03 1.296654343605041504e+00
4.625000000000000000e+03 1.302912831306457520e+00
4.626000000000000000e+03 1.328520655632019043e+00
4.627000000000000000e+03 1.273356318473815918e+00
4.628000000000000000e+03 1.301396489143371582e+00
4.629000000000000000e+03 1.314413785934448242e+00
4.630000000000000000e+03 1.298185825347900391e+00
4.631000000000000000e+03 1.281507968902587891e+00
4.632000000000000000e+03 1.278869271278381348e+00
4.633000000000000000e+03 1.286552309989929199e+00
4.634000000000000000e+03 1.259682416915893555e+00
4.635000000000000000e+03 1.281093120574951172e+00
4.636000000000000000e+03 1.256060838699340820e+00
4.637000000000000000e+03 1.287491679191589355e+00
4.638000000000000000e+03 1.288275480270385742e+00
4.639000000000000000e+03 1.267434477806091309e+00
4.640000000000000000e+03 1.260904312133789062e+00
4.641000000000000000e+03 1.266465306282043457e+00
4.642000000000000000e+03 1.273207545280456543e+00
4.643000000000000000e+03 1.263592720031738281e+00
4.644000000000000000e+03 1.267453789710998535e+00
4.645000000000000000e+03 1.282911777496337891e+00
4.646000000000000000e+03 1.282047033309936523e+00
4.647000000000000000e+03 1.266940474510192871e+00
4.648000000000000000e+03 1.261260032653808594e+00
4.649000000000000000e+03 1.285661697387695312e+00
4.650000000000000000e+03 1.281119227409362793e+00
4.651000000000000000e+03 1.273766040802001953e+00
4.652000000000000000e+03 1.295164942741394043e+00
4.653000000000000000e+03 1.290450692176818848e+00
4.654000000000000000e+03 1.292253851890563965e+00
4.655000000000000000e+03 1.287871241569519043e+00
4.656000000000000000e+03 1.307266473770141602e+00
4.657000000000000000e+03 1.272204160690307617e+00
4.658000000000000000e+03 1.276744842529296875e+00
4.659000000000000000e+03 1.293410181999206543e+00
4.660000000000000000e+03 1.291837692260742188e+00
4.661000000000000000e+03 1.259058237075805664e+00
4.662000000000000000e+03 1.267083883285522461e+00
4.663000000000000000e+03 1.285463571548461914e+00
4.664000000000000000e+03 1.280955314636230469e+00
4.665000000000000000e+03 1.284377098083496094e+00
4.666000000000000000e+03 1.272248625755310059e+00
4.667000000000000000e+03 1.297850728034973145e+00
4.668000000000000000e+03 1.269699811935424805e+00
4.669000000000000000e+03 1.274907350540161133e+00
4.670000000000000000e+03 1.274161100387573242e+00
4.671000000000000000e+03 1.269211649894714355e+00
4.672000000000000000e+03 1.258671045303344727e+00
4.673000000000000000e+03 1.254797697067260742e+00
4.674000000000000000e+03 1.270379900932312012e+00
4.675000000000000000e+03 1.247381687164306641e+00
4.676000000000000000e+03 1.241321206092834473e+00
4.677000000000000000e+03 1.267675638198852539e+00
4.678000000000000000e+03 1.254798293113708496e+00
4.679000000000000000e+03 1.254336953163146973e+00
4.680000000000000000e+03 1.275369644165039062e+00
4.681000000000000000e+03 1.252475023269653320e+00
4.682000000000000000e+03 1.242376089096069336e+00
4.683000000000000000e+03 1.279649257659912109e+00
4.684000000000000000e+03 1.261247634887695312e+00
4.685000000000000000e+03 1.261083006858825684e+00
4.686000000000000000e+03 1.293537855148315430e+00
4.687000000000000000e+03 1.280866861343383789e+00
4.688000000000000000e+03 1.287130475044250488e+00
4.689000000000000000e+03 1.266075491905212402e+00
4.690000000000000000e+03 1.276115775108337402e+00
4.691000000000000000e+03 1.267595291137695312e+00
4.692000000000000000e+03 1.283043861389160156e+00
4.693000000000000000e+03 1.283693790435791016e+00
4.694000000000000000e+03 1.261511445045471191e+00
4.695000000000000000e+03 1.272717833518981934e+00
4.696000000000000000e+03 1.286313295364379883e+00
4.697000000000000000e+03 1.296571016311645508e+00
4.698000000000000000e+03 1.284230232238769531e+00
4.699000000000000000e+03 1.295047044754028320e+00
4.700000000000000000e+03 1.269840955734252930e+00
4.701000000000000000e+03 1.256476879119873047e+00
4.702000000000000000e+03 1.259117603302001953e+00
4.703000000000000000e+03 1.257958650588989258e+00
4.704000000000000000e+03 1.299132108688354492e+00
4.705000000000000000e+03 1.269293546676635742e+00
4.706000000000000000e+03 1.278684616088867188e+00
4.707000000000000000e+03 1.279392480850219727e+00
4.708000000000000000e+03 1.265507459640502930e+00
4.709000000000000000e+03 1.284934878349304199e+00
4.710000000000000000e+03 1.276828050613403320e+00
4.711000000000000000e+03 1.269427657127380371e+00
4.712000000000000000e+03 1.292559862136840820e+00
4.713000000000000000e+03 1.259653568267822266e+00
4.714000000000000000e+03 1.302340149879455566e+00
4.715000000000000000e+03 1.285272359848022461e+00
4.716000000000000000e+03 1.281365752220153809e+00
4.717000000000000000e+03 1.257038831710815430e+00
4.718000000000000000e+03 1.226207613945007324e+00
4.719000000000000000e+03 1.276615023612976074e+00
4.720000000000000000e+03 1.272649288177490234e+00
4.721000000000000000e+03 1.298345804214477539e+00
4.722000000000000000e+03 1.279326677322387695e+00
4.723000000000000000e+03 1.254798412322998047e+00
4.724000000000000000e+03 1.269960045814514160e+00
4.725000000000000000e+03 1.275541067123413086e+00
4.726000000000000000e+03 1.276754856109619141e+00
4.727000000000000000e+03 1.270928144454956055e+00
4.728000000000000000e+03 1.246936321258544922e+00
4.729000000000000000e+03 1.281400561332702637e+00
4.730000000000000000e+03 1.267415642738342285e+00
4.731000000000000000e+03 1.294892072677612305e+00
4.732000000000000000e+03 1.264602422714233398e+00
4.733000000000000000e+03 1.262525320053100586e+00
4.734000000000000000e+03 1.295555830001831055e+00
4.735000000000000000e+03 1.263411045074462891e+00
4.736000000000000000e+03 1.271756887435913086e+00
4.737000000000000000e+03 1.301259279251098633e+00
4.738000000000000000e+03 1.265104770660400391e+00
4.739000000000000000e+03 1.286067247390747070e+00
4.740000000000000000e+03 1.279065728187561035e+00
4.741000000000000000e+03 1.283751845359802246e+00
4.742000000000000000e+03 1.244835495948791504e+00
4.743000000000000000e+03 1.275743842124938965e+00
4.744000000000000000e+03 1.264822363853454590e+00
4.745000000000000000e+03 1.247897386550903320e+00
4.746000000000000000e+03 1.289557933807373047e+00
4.747000000000000000e+03 1.261295795440673828e+00
4.748000000000000000e+03 1.264933347702026367e+00
4.749000000000000000e+03 1.249615073204040527e+00
4.750000000000000000e+03 1.295837402343750000e+00
4.751000000000000000e+03 1.258076906204223633e+00
4.752000000000000000e+03 1.291039228439331055e+00
4.753000000000000000e+03 1.303138256072998047e+00
4.754000000000000000e+03 1.276996135711669922e+00
4.755000000000000000e+03 1.306297898292541504e+00
4.756000000000000000e+03 1.268076539039611816e+00
4.757000000000000000e+03 1.280845642089843750e+00
4.758000000000000000e+03 1.259241938591003418e+00
4.759000000000000000e+03 1.257427573204040527e+00
4.760000000000000000e+03 1.236638784408569336e+00
4.761000000000000000e+03 1.272015333175659180e+00
4.762000000000000000e+03 1.282114982604980469e+00
4.763000000000000000e+03 1.284047603607177734e+00
4.764000000000000000e+03 1.265341639518737793e+00
4.765000000000000000e+03 1.250655293464660645e+00
4.766000000000000000e+03 1.274019122123718262e+00
4.767000000000000000e+03 1.234484195709228516e+00
4.768000000000000000e+03 1.275399565696716309e+00
4.769000000000000000e+03 1.255362033843994141e+00
4.770000000000000000e+03 1.252171993255615234e+00
4.771000000000000000e+03 1.246709108352661133e+00
4.772000000000000000e+03 1.247134089469909668e+00
4.773000000000000000e+03 1.260319471359252930e+00
4.774000000000000000e+03 1.260177016258239746e+00
4.775000000000000000e+03 1.229658484458923340e+00
4.776000000000000000e+03 1.253574848175048828e+00
4.777000000000000000e+03 1.275786280632019043e+00
4.778000000000000000e+03 1.254322290420532227e+00
4.779000000000000000e+03 1.268128871917724609e+00
4.780000000000000000e+03 1.270177960395812988e+00
4.781000000000000000e+03 1.253082513809204102e+00
4.782000000000000000e+03 1.278690218925476074e+00
4.783000000000000000e+03 1.266953706741333008e+00
4.784000000000000000e+03 1.260552883148193359e+00
4.785000000000000000e+03 1.295795559883117676e+00
4.786000000000000000e+03 1.264708280563354492e+00
4.787000000000000000e+03 1.282787799835205078e+00
4.788000000000000000e+03 1.281105995178222656e+00
4.789000000000000000e+03 1.278672695159912109e+00
4.790000000000000000e+03 1.254745602607727051e+00
4.791000000000000000e+03 1.269945859909057617e+00
4.792000000000000000e+03 1.261053681373596191e+00
4.793000000000000000e+03 1.297321557998657227e+00
4.794000000000000000e+03 1.283216476440429688e+00
4.795000000000000000e+03 1.285156250000000000e+00
4.796000000000000000e+03 1.258585453033447266e+00
4.797000000000000000e+03 1.279505372047424316e+00
4.798000000000000000e+03 1.269520878791809082e+00
4.799000000000000000e+03 1.271112680435180664e+00
4.800000000000000000e+03 1.274472236633300781e+00
4.801000000000000000e+03 1.287914991378784180e+00
4.802000000000000000e+03 1.298004269599914551e+00
4.803000000000000000e+03 1.289737343788146973e+00
4.804000000000000000e+03 1.288532137870788574e+00
4.805000000000000000e+03 1.270682811737060547e+00
4.806000000000000000e+03 1.266508221626281738e+00
4.807000000000000000e+03 1.297622203826904297e+00
4.808000000000000000e+03 1.307716488838195801e+00
4.809000000000000000e+03 1.276519060134887695e+00
4.810000000000000000e+03 1.273996353149414062e+00
4.811000000000000000e+03 1.262287855148315430e+00
4.812000000000000000e+03 1.268723487854003906e+00
4.813000000000000000e+03 1.251156210899353027e+00
4.814000000000000000e+03 1.275301218032836914e+00
4.815000000000000000e+03 1.280074238777160645e+00
4.816000000000000000e+03 1.281003117561340332e+00
4.817000000000000000e+03 1.276558518409729004e+00
4.818000000000000000e+03 1.240922927856445312e+00
4.819000000000000000e+03 1.264074087142944336e+00
4.820000000000000000e+03 1.274660825729370117e+00
4.821000000000000000e+03 1.298725843429565430e+00
4.822000000000000000e+03 1.267028331756591797e+00
4.823000000000000000e+03 1.256229877471923828e+00
4.824000000000000000e+03 1.249855399131774902e+00
4.825000000000000000e+03 1.228338599205017090e+00
4.826000000000000000e+03 1.300084948539733887e+00
4.827000000000000000e+03 1.253785371780395508e+00
4.828000000000000000e+03 1.227307677268981934e+00
4.829000000000000000e+03 1.277817845344543457e+00
4.830000000000000000e+03 1.258855938911437988e+00
4.831000000000000000e+03 1.268187284469604492e+00
4.832000000000000000e+03 1.281442642211914062e+00
4.833000000000000000e+03 1.268651843070983887e+00
4.834000000000000000e+03 1.260532736778259277e+00
4.835000000000000000e+03 1.237022519111633301e+00
4.836000000000000000e+03 1.262487888336181641e+00
4.837000000000000000e+03 1.263663172721862793e+00
4.838000000000000000e+03 1.279992580413818359e+00
4.839000000000000000e+03 1.302878022193908691e+00
4.840000000000000000e+03 1.294392824172973633e+00
4.841000000000000000e+03 1.253677845001220703e+00
4.842000000000000000e+03 1.263348579406738281e+00
4.843000000000000000e+03 1.301221132278442383e+00
4.844000000000000000e+03 1.254985094070434570e+00
4.845000000000000000e+03 1.244719982147216797e+00
4.846000000000000000e+03 1.215254664421081543e+00
4.847000000000000000e+03 1.276279687881469727e+00
4.848000000000000000e+03 1.246952891349792480e+00
4.849000000000000000e+03 1.245981931686401367e+00
4.850000000000000000e+03 1.252512693405151367e+00
4.851000000000000000e+03 1.286925315856933594e+00
4.852000000000000000e+03 1.282740950584411621e+00
4.853000000000000000e+03 1.299322128295898438e+00
4.854000000000000000e+03 1.288850545883178711e+00
4.855000000000000000e+03 1.234543442726135254e+00
4.856000000000000000e+03 1.249203920364379883e+00
4.857000000000000000e+03 1.264917969703674316e+00
4.858000000000000000e+03 1.249196767807006836e+00
4.859000000000000000e+03 1.227476596832275391e+00
4.860000000000000000e+03 1.254055976867675781e+00
4.861000000000000000e+03 1.261951446533203125e+00
4.862000000000000000e+03 1.279312372207641602e+00
4.863000000000000000e+03 1.269808053970336914e+00
4.864000000000000000e+03 1.264912366867065430e+00
4.865000000000000000e+03 1.280580163002014160e+00
4.866000000000000000e+03 1.236403226852416992e+00
4.867000000000000000e+03 1.244375705718994141e+00
4.868000000000000000e+03 1.252418756484985352e+00
4.869000000000000000e+03 1.226884841918945312e+00
4.870000000000000000e+03 1.247933983802795410e+00
4.871000000000000000e+03 1.285583496093750000e+00
4.872000000000000000e+03 1.288305401802062988e+00
4.873000000000000000e+03 1.257082700729370117e+00
4.874000000000000000e+03 1.267809987068176270e+00
4.875000000000000000e+03 1.258650064468383789e+00
4.876000000000000000e+03 1.251310706138610840e+00
4.877000000000000000e+03 1.231026291847229004e+00
4.878000000000000000e+03 1.256837844848632812e+00
4.879000000000000000e+03 1.249573945999145508e+00
4.880000000000000000e+03 1.258360385894775391e+00
4.881000000000000000e+03 1.266174316406250000e+00
4.882000000000000000e+03 1.228515386581420898e+00
4.883000000000000000e+03 1.236163854598999023e+00
4.884000000000000000e+03 1.234511256217956543e+00
4.885000000000000000e+03 1.274361848831176758e+00
4.886000000000000000e+03 1.303565382957458496e+00
4.887000000000000000e+03 1.281760573387145996e+00
4.888000000000000000e+03 1.272134184837341309e+00
4.889000000000000000e+03 1.297402501106262207e+00
4.890000000000000000e+03 1.269862651824951172e+00
4.891000000000000000e+03 1.277998685836791992e+00
4.892000000000000000e+03 1.257713913917541504e+00
4.893000000000000000e+03 1.264388442039489746e+00
4.894000000000000000e+03 1.232113003730773926e+00
4.895000000000000000e+03 1.257203578948974609e+00
4.896000000000000000e+03 1.232717156410217285e+00
4.897000000000000000e+03 1.239283204078674316e+00
4.898000000000000000e+03 1.279439091682434082e+00
4.899000000000000000e+03 1.242096185684204102e+00
4.900000000000000000e+03 1.246383190155029297e+00
4.901000000000000000e+03 1.264341473579406738e+00
4.902000000000000000e+03 1.261201620101928711e+00
4.903000000000000000e+03 1.264592885971069336e+00
4.904000000000000000e+03 1.273350715637207031e+00
4.905000000000000000e+03 1.244693875312805176e+00
4.906000000000000000e+03 1.287917613983154297e+00
4.907000000000000000e+03 1.259171605110168457e+00
4.908000000000000000e+03 1.245521545410156250e+00
4.909000000000000000e+03 1.291206121444702148e+00
4.910000000000000000e+03 1.279857635498046875e+00
4.911000000000000000e+03 1.290971636772155762e+00
4.912000000000000000e+03 1.270033121109008789e+00
4.913000000000000000e+03 1.285674810409545898e+00
4.914000000000000000e+03 1.283757686614990234e+00
4.915000000000000000e+03 1.291079521179199219e+00
4.916000000000000000e+03 1.257677912712097168e+00
4.917000000000000000e+03 1.268875122070312500e+00
4.918000000000000000e+03 1.268414258956909180e+00
4.919000000000000000e+03 1.261799812316894531e+00
4.920000000000000000e+03 1.241840958595275879e+00
4.921000000000000000e+03 1.250468492507934570e+00
4.922000000000000000e+03 1.257930874824523926e+00
4.923000000000000000e+03 1.259374499320983887e+00
4.924000000000000000e+03 1.281322598457336426e+00
4.925000000000000000e+03 1.283483862876892090e+00
4.926000000000000000e+03 1.256641626358032227e+00
4.927000000000000000e+03 1.255025506019592285e+00
4.928000000000000000e+03 1.267992019653320312e+00
4.929000000000000000e+03 1.260029673576354980e+00
4.930000000000000000e+03 1.286148071289062500e+00
4.931000000000000000e+03 1.279941797256469727e+00
4.932000000000000000e+03 1.290304422378540039e+00
4.933000000000000000e+03 1.275337219238281250e+00
4.934000000000000000e+03 1.278738737106323242e+00
4.935000000000000000e+03 1.262589931488037109e+00
4.936000000000000000e+03 1.240448713302612305e+00
4.937000000000000000e+03 1.247226715087890625e+00
4.938000000000000000e+03 1.234529495239257812e+00
4.939000000000000000e+03 1.263966917991638184e+00
4.940000000000000000e+03 1.245055675506591797e+00
4.941000000000000000e+03 1.265506386756896973e+00
4.942000000000000000e+03 1.259173154830932617e+00
4.943000000000000000e+03 1.294775843620300293e+00
4.944000000000000000e+03 1.248867511749267578e+00
4.945000000000000000e+03 1.238325715065002441e+00
4.946000000000000000e+03 1.268878698348999023e+00
4.947000000000000000e+03 1.244159698486328125e+00
4.948000000000000000e+03 1.247989416122436523e+00
4.949000000000000000e+03 1.248602271080017090e+00
4.950000000000000000e+03 1.251046895980834961e+00
4.951000000000000000e+03 1.249128580093383789e+00
4.952000000000000000e+03 1.258854627609252930e+00
4.953000000000000000e+03 1.248586893081665039e+00
4.954000000000000000e+03 1.263138294219970703e+00
4.955000000000000000e+03 1.261684060096740723e+00
4.956000000000000000e+03 1.235838055610656738e+00
4.957000000000000000e+03 1.241470098495483398e+00
4.958000000000000000e+03 1.259637594223022461e+00
4.959000000000000000e+03 1.289322495460510254e+00
4.960000000000000000e+03 1.255087256431579590e+00
4.961000000000000000e+03 1.284212231636047363e+00
4.962000000000000000e+03 1.258007287979125977e+00
4.963000000000000000e+03 1.270175933837890625e+00
4.964000000000000000e+03 1.262063384056091309e+00
4.965000000000000000e+03 1.272630810737609863e+00
4.966000000000000000e+03 1.284002780914306641e+00
4.967000000000000000e+03 1.246220827102661133e+00
4.968000000000000000e+03 1.262855291366577148e+00
4.969000000000000000e+03 1.255738735198974609e+00
4.970000000000000000e+03 1.294947147369384766e+00
4.971000000000000000e+03 1.256594181060791016e+00
4.972000000000000000e+03 1.253783226013183594e+00
4.973000000000000000e+03 1.257326126098632812e+00
4.974000000000000000e+03 1.266246438026428223e+00
4.975000000000000000e+03 1.270560264587402344e+00
4.976000000000000000e+03 1.283522605895996094e+00
4.977000000000000000e+03 1.264867782592773438e+00
4.978000000000000000e+03 1.263705730438232422e+00
4.979000000000000000e+03 1.274530410766601562e+00
4.980000000000000000e+03 1.270020723342895508e+00
4.981000000000000000e+03 1.300115942955017090e+00
4.982000000000000000e+03 1.253825426101684570e+00
4.983000000000000000e+03 1.275949001312255859e+00
4.984000000000000000e+03 1.280931711196899414e+00
4.985000000000000000e+03 1.289727449417114258e+00
4.986000000000000000e+03 1.275518059730529785e+00
4.987000000000000000e+03 1.244044184684753418e+00
4.988000000000000000e+03 1.260390281677246094e+00
4.989000000000000000e+03 1.273476481437683105e+00
4.990000000000000000e+03 1.260991454124450684e+00
4.991000000000000000e+03 1.283937811851501465e+00
4.992000000000000000e+03 1.253019094467163086e+00
4.993000000000000000e+03 1.261952996253967285e+00
4.994000000000000000e+03 1.259777903556823730e+00
4.995000000000000000e+03 1.251202106475830078e+00
4.996000000000000000e+03 1.223376750946044922e+00
4.997000000000000000e+03 1.267088174819946289e+00
4.998000000000000000e+03 1.283476114273071289e+00
4.999000000000000000e+03 1.258020639419555664e+00
5.000000000000000000e+03 1.214346289634704590e+00
5.001000000000000000e+03 1.233987092971801758e+00
5.002000000000000000e+03 1.221102833747863770e+00
5.003000000000000000e+03 1.201602339744567871e+00
5.004000000000000000e+03 1.247873425483703613e+00
5.005000000000000000e+03 1.272026538848876953e+00
5.006000000000000000e+03 1.234939098358154297e+00
5.007000000000000000e+03 1.257175326347351074e+00
5.008000000000000000e+03 1.248376607894897461e+00
5.009000000000000000e+03 1.256754636764526367e+00
5.010000000000000000e+03 1.247463822364807129e+00
5.011000000000000000e+03 1.264174342155456543e+00
5.012000000000000000e+03 1.245355010032653809e+00
5.013000000000000000e+03 1.266709446907043457e+00
5.014000000000000000e+03 1.252545118331909180e+00
5.015000000000000000e+03 1.250788688659667969e+00
5.016000000000000000e+03 1.245095610618591309e+00
5.017000000000000000e+03 1.231220602989196777e+00
5.018000000000000000e+03 1.248430252075195312e+00
5.019000000000000000e+03 1.272331833839416504e+00
5.020000000000000000e+03 1.262060165405273438e+00
5.021000000000000000e+03 1.251174449920654297e+00
5.022000000000000000e+03 1.247837781906127930e+00
5.023000000000000000e+03 1.251850605010986328e+00
5.024000000000000000e+03 1.238855481147766113e+00
5.025000000000000000e+03 1.254238605499267578e+00
5.026000000000000000e+03 1.267224073410034180e+00
5.027000000000000000e+03 1.248999118804931641e+00
5.028000000000000000e+03 1.252904176712036133e+00
5.029000000000000000e+03 1.250009298324584961e+00
5.030000000000000000e+03 1.257191061973571777e+00
5.031000000000000000e+03 1.259045124053955078e+00
5.032000000000000000e+03 1.235628128051757812e+00
5.033000000000000000e+03 1.227488160133361816e+00
5.034000000000000000e+03 1.267249941825866699e+00
5.035000000000000000e+03 1.264989018440246582e+00
5.036000000000000000e+03 1.263222217559814453e+00
5.037000000000000000e+03 1.264938354492187500e+00
5.038000000000000000e+03 1.249152898788452148e+00
5.039000000000000000e+03 1.268980383872985840e+00
5.040000000000000000e+03 1.285047411918640137e+00
5.041000000000000000e+03 1.236096858978271484e+00
5.042000000000000000e+03 1.249393224716186523e+00
5.043000000000000000e+03 1.242655038833618164e+00
5.044000000000000000e+03 1.237387776374816895e+00
5.045000000000000000e+03 1.245764493942260742e+00
5.046000000000000000e+03 1.260713458061218262e+00
5.047000000000000000e+03 1.254867792129516602e+00
5.048000000000000000e+03 1.254738807678222656e+00
5.049000000000000000e+03 1.228944182395935059e+00
5.050000000000000000e+03 1.252104997634887695e+00
5.051000000000000000e+03 1.241235613822937012e+00
5.052000000000000000e+03 1.249358177185058594e+00
5.053000000000000000e+03 1.282532334327697754e+00
5.054000000000000000e+03 1.270919680595397949e+00
5.055000000000000000e+03 1.264750003814697266e+00
5.056000000000000000e+03 1.281495928764343262e+00
5.057000000000000000e+03 1.258338689804077148e+00
5.058000000000000000e+03 1.265139341354370117e+00
5.059000000000000000e+03 1.273437619209289551e+00
5.060000000000000000e+03 1.269709587097167969e+00
5.061000000000000000e+03 1.274993300437927246e+00
5.062000000000000000e+03 1.248748779296875000e+00
5.063000000000000000e+03 1.258188247680664062e+00
5.064000000000000000e+03 1.252904653549194336e+00
5.065000000000000000e+03 1.260007023811340332e+00
5.066000000000000000e+03 1.262620449066162109e+00
5.067000000000000000e+03 1.259147047996520996e+00
5.068000000000000000e+03 1.260411024093627930e+00
5.069000000000000000e+03 1.239080667495727539e+00
5.070000000000000000e+03 1.259546995162963867e+00
5.071000000000000000e+03 1.274762630462646484e+00
5.072000000000000000e+03 1.296061635017395020e+00
5.073000000000000000e+03 1.288873434066772461e+00
5.074000000000000000e+03 1.268104314804077148e+00
5.075000000000000000e+03 1.262084960937500000e+00
5.076000000000000000e+03 1.293032646179199219e+00
5.077000000000000000e+03 1.277906417846679688e+00
5.078000000000000000e+03 1.249302625656127930e+00
5.079000000000000000e+03 1.268375873565673828e+00
5.080000000000000000e+03 1.280728936195373535e+00
5.081000000000000000e+03 1.284354329109191895e+00
5.082000000000000000e+03 1.257294654846191406e+00
5.083000000000000000e+03 1.274453163146972656e+00
5.084000000000000000e+03 1.290639162063598633e+00
5.085000000000000000e+03 1.270706653594970703e+00
5.086000000000000000e+03 1.290177702903747559e+00
5.087000000000000000e+03 1.273477554321289062e+00
5.088000000000000000e+03 1.258295297622680664e+00
5.089000000000000000e+03 1.246973037719726562e+00
5.090000000000000000e+03 1.263927102088928223e+00
5.091000000000000000e+03 1.255365729331970215e+00
5.092000000000000000e+03 1.242120027542114258e+00
5.093000000000000000e+03 1.257625579833984375e+00
5.094000000000000000e+03 1.237175226211547852e+00
5.095000000000000000e+03 1.247026085853576660e+00
5.096000000000000000e+03 1.244568943977355957e+00
5.097000000000000000e+03 1.266082882881164551e+00
5.098000000000000000e+03 1.249902963638305664e+00
5.099000000000000000e+03 1.254365682601928711e+00
5.100000000000000000e+03 1.233696222305297852e+00
5.101000000000000000e+03 1.262582302093505859e+00
5.102000000000000000e+03 1.254986047744750977e+00
5.103000000000000000e+03 1.254780292510986328e+00
5.104000000000000000e+03 1.264054656028747559e+00
5.105000000000000000e+03 1.239738702774047852e+00
5.106000000000000000e+03 1.274868011474609375e+00
5.107000000000000000e+03 1.261462450027465820e+00
5.108000000000000000e+03 1.258489727973937988e+00
5.109000000000000000e+03 1.271869778633117676e+00
5.110000000000000000e+03 1.270526885986328125e+00
5.111000000000000000e+03 1.262730121612548828e+00
5.112000000000000000e+03 1.254120826721191406e+00
5.113000000000000000e+03 1.250191569328308105e+00
5.114000000000000000e+03 1.227436304092407227e+00
5.115000000000000000e+03 1.233371973037719727e+00
5.116000000000000000e+03 1.249335050582885742e+00
5.117000000000000000e+03 1.247976064682006836e+00
5.118000000000000000e+03 1.263112783432006836e+00
5.119000000000000000e+03 1.267521023750305176e+00
5.120000000000000000e+03 1.242161273956298828e+00
5.121000000000000000e+03 1.265266060829162598e+00
5.122000000000000000e+03 1.248058319091796875e+00
5.123000000000000000e+03 1.256914496421813965e+00
5.124000000000000000e+03 1.262049317359924316e+00
5.125000000000000000e+03 1.273791074752807617e+00
5.126000000000000000e+03 1.261831283569335938e+00
5.127000000000000000e+03 1.266028404235839844e+00
5.128000000000000000e+03 1.284215450286865234e+00
5.129000000000000000e+03 1.269409418106079102e+00
5.130000000000000000e+03 1.252194404602050781e+00
5.131000000000000000e+03 1.276054859161376953e+00
5.132000000000000000e+03 1.251018404960632324e+00
5.133000000000000000e+03 1.242256164550781250e+00
5.134000000000000000e+03 1.225146293640136719e+00
5.135000000000000000e+03 1.225189089775085449e+00
5.136000000000000000e+03 1.268844127655029297e+00
5.137000000000000000e+03 1.248425483703613281e+00
5.138000000000000000e+03 1.255232334136962891e+00
5.139000000000000000e+03 1.244430780410766602e+00
5.140000000000000000e+03 1.250567674636840820e+00
5.141000000000000000e+03 1.253872156143188477e+00
5.142000000000000000e+03 1.277782201766967773e+00
5.143000000000000000e+03 1.287729620933532715e+00
5.144000000000000000e+03 1.246732234954833984e+00
5.145000000000000000e+03 1.247755050659179688e+00
5.146000000000000000e+03 1.233563184738159180e+00
5.147000000000000000e+03 1.245167970657348633e+00
5.148000000000000000e+03 1.243947505950927734e+00
5.149000000000000000e+03 1.238823413848876953e+00
5.150000000000000000e+03 1.245017290115356445e+00
5.151000000000000000e+03 1.245489835739135742e+00
5.152000000000000000e+03 1.285598993301391602e+00
5.153000000000000000e+03 1.274655818939208984e+00
5.154000000000000000e+03 1.294385552406311035e+00
5.155000000000000000e+03 1.294481992721557617e+00
5.156000000000000000e+03 1.264633178710937500e+00
5.157000000000000000e+03 1.251939296722412109e+00
5.158000000000000000e+03 1.265556097030639648e+00
5.159000000000000000e+03 1.251710653305053711e+00
5.160000000000000000e+03 1.257071018218994141e+00
5.161000000000000000e+03 1.226495385169982910e+00
5.162000000000000000e+03 1.245309591293334961e+00
5.163000000000000000e+03 1.290267467498779297e+00
5.164000000000000000e+03 1.266939759254455566e+00
5.165000000000000000e+03 1.282042980194091797e+00
5.166000000000000000e+03 1.269439220428466797e+00
5.167000000000000000e+03 1.247739911079406738e+00
5.168000000000000000e+03 1.273990154266357422e+00
5.169000000000000000e+03 1.225547909736633301e+00
5.170000000000000000e+03 1.252684473991394043e+00
5.171000000000000000e+03 1.270726561546325684e+00
5.172000000000000000e+03 1.237232923507690430e+00
5.173000000000000000e+03 1.219757437705993652e+00
5.174000000000000000e+03 1.251038908958435059e+00
5.175000000000000000e+03 1.249112844467163086e+00
5.176000000000000000e+03 1.262705564498901367e+00
5.177000000000000000e+03 1.239277839660644531e+00
5.178000000000000000e+03 1.249743223190307617e+00
5.179000000000000000e+03 1.267279386520385742e+00
5.180000000000000000e+03 1.261300206184387207e+00
5.181000000000000000e+03 1.255268573760986328e+00
5.182000000000000000e+03 1.242014169692993164e+00
5.183000000000000000e+03 1.264249801635742188e+00
5.184000000000000000e+03 1.281732916831970215e+00
5.185000000000000000e+03 1.265126228332519531e+00
5.186000000000000000e+03 1.265718817710876465e+00
5.187000000000000000e+03 1.255908846855163574e+00
5.188000000000000000e+03 1.258927822113037109e+00
5.189000000000000000e+03 1.246413350105285645e+00
5.190000000000000000e+03 1.248747587203979492e+00
5.191000000000000000e+03 1.245726346969604492e+00
5.192000000000000000e+03 1.253606915473937988e+00
5.193000000000000000e+03 1.243502378463745117e+00
5.194000000000000000e+03 1.246883392333984375e+00
5.195000000000000000e+03 1.239181280136108398e+00
5.196000000000000000e+03 1.251938819885253906e+00
5.197000000000000000e+03 1.283469915390014648e+00
5.198000000000000000e+03 1.255582690238952637e+00
5.199000000000000000e+03 1.269289970397949219e+00
5.200000000000000000e+03 1.245688199996948242e+00
5.201000000000000000e+03 1.279947280883789062e+00
5.202000000000000000e+03 1.260600924491882324e+00
5.203000000000000000e+03 1.238693356513977051e+00
5.204000000000000000e+03 1.275701999664306641e+00
5.205000000000000000e+03 1.253191947937011719e+00
5.206000000000000000e+03 1.256648659706115723e+00
5.207000000000000000e+03 1.266734480857849121e+00
5.208000000000000000e+03 1.271497964859008789e+00
5.209000000000000000e+03 1.275630116462707520e+00
5.210000000000000000e+03 1.257671594619750977e+00
5.211000000000000000e+03 1.265548825263977051e+00
5.212000000000000000e+03 1.294705390930175781e+00
5.213000000000000000e+03 1.305462002754211426e+00
5.214000000000000000e+03 1.275281190872192383e+00
5.215000000000000000e+03 1.298993229866027832e+00
5.216000000000000000e+03 1.295157194137573242e+00
5.217000000000000000e+03 1.293141365051269531e+00
5.218000000000000000e+03 1.243220686912536621e+00
5.219000000000000000e+03 1.237319469451904297e+00
5.220000000000000000e+03 1.238229990005493164e+00
5.221000000000000000e+03 1.266742229461669922e+00
5.222000000000000000e+03 1.236241698265075684e+00
5.223000000000000000e+03 1.275224566459655762e+00
5.224000000000000000e+03 1.268243312835693359e+00
5.225000000000000000e+03 1.261209011077880859e+00
5.226000000000000000e+03 1.255217075347900391e+00
5.227000000000000000e+03 1.259633898735046387e+00
5.228000000000000000e+03 1.261813759803771973e+00
5.229000000000000000e+03 1.200703144073486328e+00
5.230000000000000000e+03 1.235677242279052734e+00
5.231000000000000000e+03 1.234255075454711914e+00
5.232000000000000000e+03 1.251621842384338379e+00
5.233000000000000000e+03 1.244161725044250488e+00
5.234000000000000000e+03 1.244156837463378906e+00
5.235000000000000000e+03 1.263835668563842773e+00
5.236000000000000000e+03 1.275561571121215820e+00
5.237000000000000000e+03 1.276224017143249512e+00
5.238000000000000000e+03 1.246292710304260254e+00
5.239000000000000000e+03 1.241611123085021973e+00
5.240000000000000000e+03 1.257829308509826660e+00
5.241000000000000000e+03 1.238236546516418457e+00
5.242000000000000000e+03 1.291876077651977539e+00
5.243000000000000000e+03 1.266735672950744629e+00
5.244000000000000000e+03 1.256630897521972656e+00
5.245000000000000000e+03 1.267993450164794922e+00
5.246000000000000000e+03 1.260190010070800781e+00
5.247000000000000000e+03 1.249509930610656738e+00
5.248000000000000000e+03 1.256493449211120605e+00
5.249000000000000000e+03 1.249331831932067871e+00
5.250000000000000000e+03 1.297838330268859863e+00
5.251000000000000000e+03 1.275459766387939453e+00
5.252000000000000000e+03 1.252708315849304199e+00
5.253000000000000000e+03 1.254685163497924805e+00
5.254000000000000000e+03 1.263033509254455566e+00
5.255000000000000000e+03 1.239078164100646973e+00
5.256000000000000000e+03 1.253889799118041992e+00
5.257000000000000000e+03 1.253154516220092773e+00
5.258000000000000000e+03 1.257845520973205566e+00
5.259000000000000000e+03 1.237064599990844727e+00
5.260000000000000000e+03 1.245537042617797852e+00
5.261000000000000000e+03 1.272616863250732422e+00
5.262000000000000000e+03 1.247102141380310059e+00
5.263000000000000000e+03 1.244652271270751953e+00
5.264000000000000000e+03 1.258374452590942383e+00
5.265000000000000000e+03 1.226462483406066895e+00
5.266000000000000000e+03 1.252664804458618164e+00
5.267000000000000000e+03 1.231663703918457031e+00
5.268000000000000000e+03 1.265392065048217773e+00
5.269000000000000000e+03 1.256924629211425781e+00
5.270000000000000000e+03 1.267548680305480957e+00
5.271000000000000000e+03 1.263879776000976562e+00
5.272000000000000000e+03 1.266132712364196777e+00
5.273000000000000000e+03 1.236933469772338867e+00
5.274000000000000000e+03 1.278806924819946289e+00
5.275000000000000000e+03 1.232655405998229980e+00
5.276000000000000000e+03 1.262573480606079102e+00
5.277000000000000000e+03 1.252820968627929688e+00
5.278000000000000000e+03 1.245598196983337402e+00
5.279000000000000000e+03 1.231331467628479004e+00
5.280000000000000000e+03 1.262613892555236816e+00
5.281000000000000000e+03 1.252809286117553711e+00
5.282000000000000000e+03 1.270564794540405273e+00
5.283000000000000000e+03 1.277573108673095703e+00
5.284000000000000000e+03 1.258233070373535156e+00
5.285000000000000000e+03 1.248335719108581543e+00
5.286000000000000000e+03 1.243052959442138672e+00
5.287000000000000000e+03 1.267179131507873535e+00
5.288000000000000000e+03 1.256069064140319824e+00
5.289000000000000000e+03 1.236857652664184570e+00
5.290000000000000000e+03 1.277883291244506836e+00
5.291000000000000000e+03 1.252511739730834961e+00
5.292000000000000000e+03 1.282560467720031738e+00
5.293000000000000000e+03 1.246515989303588867e+00
5.294000000000000000e+03 1.277379393577575684e+00
5.295000000000000000e+03 1.262706279754638672e+00
5.296000000000000000e+03 1.273068785667419434e+00
5.297000000000000000e+03 1.231387972831726074e+00
5.298000000000000000e+03 1.250058054924011230e+00
5.299000000000000000e+03 1.281490564346313477e+00
5.300000000000000000e+03 1.279359817504882812e+00
5.301000000000000000e+03 1.245742559432983398e+00
5.302000000000000000e+03 1.250990867614746094e+00
5.303000000000000000e+03 1.270391345024108887e+00
5.304000000000000000e+03 1.242427825927734375e+00
5.305000000000000000e+03 1.219954252243041992e+00
5.306000000000000000e+03 1.228011369705200195e+00
5.307000000000000000e+03 1.246773242950439453e+00
5.308000000000000000e+03 1.232295036315917969e+00
5.309000000000000000e+03 1.232741832733154297e+00
5.310000000000000000e+03 1.262809872627258301e+00
5.311000000000000000e+03 1.244210004806518555e+00
5.312000000000000000e+03 1.271442532539367676e+00
5.313000000000000000e+03 1.254065394401550293e+00
5.314000000000000000e+03 1.243196725845336914e+00
5.315000000000000000e+03 1.245991468429565430e+00
5.316000000000000000e+03 1.254618287086486816e+00
5.317000000000000000e+03 1.250658273696899414e+00
5.318000000000000000e+03 1.233638882637023926e+00
5.319000000000000000e+03 1.265663146972656250e+00
5.320000000000000000e+03 1.243725061416625977e+00
5.321000000000000000e+03 1.237688302993774414e+00
5.322000000000000000e+03 1.244126796722412109e+00
5.323000000000000000e+03 1.237847089767456055e+00
5.324000000000000000e+03 1.239402055740356445e+00
5.325000000000000000e+03 1.265567302703857422e+00
5.326000000000000000e+03 1.251170516014099121e+00
5.327000000000000000e+03 1.258174538612365723e+00
5.328000000000000000e+03 1.230706572532653809e+00
5.329000000000000000e+03 1.248084425926208496e+00
5.330000000000000000e+03 1.239183545112609863e+00
5.331000000000000000e+03 1.241482615470886230e+00
5.332000000000000000e+03 1.241633892059326172e+00
5.333000000000000000e+03 1.241549253463745117e+00
5.334000000000000000e+03 1.261560678482055664e+00
5.335000000000000000e+03 1.238867998123168945e+00
5.336000000000000000e+03 1.218147873878479004e+00
5.337000000000000000e+03 1.263567686080932617e+00
5.338000000000000000e+03 1.271463036537170410e+00
5.339000000000000000e+03 1.262236118316650391e+00
5.340000000000000000e+03 1.259036540985107422e+00
5.341000000000000000e+03 1.244680166244506836e+00
5.342000000000000000e+03 1.251944541931152344e+00
5.343000000000000000e+03 1.250333189964294434e+00
5.344000000000000000e+03 1.259286046028137207e+00
5.345000000000000000e+03 1.259649753570556641e+00
5.346000000000000000e+03 1.260833382606506348e+00
5.347000000000000000e+03 1.271120071411132812e+00
5.348000000000000000e+03 1.267154455184936523e+00
5.349000000000000000e+03 1.233021616935729980e+00
5.350000000000000000e+03 1.308565378189086914e+00
5.351000000000000000e+03 1.255545020103454590e+00
5.352000000000000000e+03 1.249130606651306152e+00
5.353000000000000000e+03 1.255493402481079102e+00
5.354000000000000000e+03 1.265680313110351562e+00
5.355000000000000000e+03 1.269724726676940918e+00
5.356000000000000000e+03 1.242713332176208496e+00
5.357000000000000000e+03 1.230743646621704102e+00
5.358000000000000000e+03 1.256785154342651367e+00
5.359000000000000000e+03 1.254110574722290039e+00
5.360000000000000000e+03 1.235746026039123535e+00
5.361000000000000000e+03 1.261719107627868652e+00
5.362000000000000000e+03 1.237946033477783203e+00
5.363000000000000000e+03 1.272919178009033203e+00
5.364000000000000000e+03 1.294640779495239258e+00
5.365000000000000000e+03 1.253998279571533203e+00
5.366000000000000000e+03 1.230163693428039551e+00
5.367000000000000000e+03 1.260945916175842285e+00
5.368000000000000000e+03 1.248944520950317383e+00
5.369000000000000000e+03 1.263140916824340820e+00
5.370000000000000000e+03 1.252632856369018555e+00
5.371000000000000000e+03 1.270408153533935547e+00
5.372000000000000000e+03 1.252123594284057617e+00
5.373000000000000000e+03 1.267649888992309570e+00
5.374000000000000000e+03 1.282941341400146484e+00
5.375000000000000000e+03 1.284569263458251953e+00
5.376000000000000000e+03 1.256768345832824707e+00
5.377000000000000000e+03 1.294323921203613281e+00
5.378000000000000000e+03 1.279214620590209961e+00
5.379000000000000000e+03 1.285017967224121094e+00
5.380000000000000000e+03 1.238526105880737305e+00
5.381000000000000000e+03 1.229570031166076660e+00
5.382000000000000000e+03 1.231895327568054199e+00
5.383000000000000000e+03 1.268980503082275391e+00
5.384000000000000000e+03 1.277890920639038086e+00
5.385000000000000000e+03 1.258338451385498047e+00
5.386000000000000000e+03 1.283941388130187988e+00
5.387000000000000000e+03 1.259468317031860352e+00
5.388000000000000000e+03 1.270089030265808105e+00
5.389000000000000000e+03 1.269847154617309570e+00
5.390000000000000000e+03 1.241015315055847168e+00
5.391000000000000000e+03 1.297167539596557617e+00
5.392000000000000000e+03 1.292228221893310547e+00
5.393000000000000000e+03 1.262792587280273438e+00
5.394000000000000000e+03 1.296452879905700684e+00
5.395000000000000000e+03 1.287893772125244141e+00
5.396000000000000000e+03 1.299091935157775879e+00
5.397000000000000000e+03 1.281710624694824219e+00
5.398000000000000000e+03 1.291234254837036133e+00
5.399000000000000000e+03 1.293780803680419922e+00
5.400000000000000000e+03 1.278854012489318848e+00
5.401000000000000000e+03 1.258776187896728516e+00
5.402000000000000000e+03 1.290195107460021973e+00
5.403000000000000000e+03 1.287038803100585938e+00
5.404000000000000000e+03 1.299899101257324219e+00
5.405000000000000000e+03 1.289901971817016602e+00
5.406000000000000000e+03 1.285990357398986816e+00
5.407000000000000000e+03 1.282035708427429199e+00
5.408000000000000000e+03 1.266304731369018555e+00
5.409000000000000000e+03 1.271499991416931152e+00
5.410000000000000000e+03 1.303428173065185547e+00
5.411000000000000000e+03 1.281803488731384277e+00
5.412000000000000000e+03 1.271531701087951660e+00
5.413000000000000000e+03 1.274210214614868164e+00
5.414000000000000000e+03 1.260262012481689453e+00
5.415000000000000000e+03 1.282331585884094238e+00
5.416000000000000000e+03 1.282649993896484375e+00
5.417000000000000000e+03 1.273318052291870117e+00
5.418000000000000000e+03 1.299897074699401855e+00
5.419000000000000000e+03 1.287986516952514648e+00
5.420000000000000000e+03 1.267682313919067383e+00
5.421000000000000000e+03 1.251237034797668457e+00
5.422000000000000000e+03 1.257353067398071289e+00
5.423000000000000000e+03 1.242826342582702637e+00
5.424000000000000000e+03 1.289368391036987305e+00
5.425000000000000000e+03 1.287048339843750000e+00
5.426000000000000000e+03 1.281756877899169922e+00
5.427000000000000000e+03 1.274323463439941406e+00
5.428000000000000000e+03 1.273308515548706055e+00
5.429000000000000000e+03 1.241607904434204102e+00
5.430000000000000000e+03 1.229961156845092773e+00
5.431000000000000000e+03 1.285723447799682617e+00
5.432000000000000000e+03 1.256430745124816895e+00
5.433000000000000000e+03 1.254899263381958008e+00
5.434000000000000000e+03 1.225472927093505859e+00
5.435000000000000000e+03 1.249098777770996094e+00
5.436000000000000000e+03 1.228962302207946777e+00
5.437000000000000000e+03 1.229929566383361816e+00
5.438000000000000000e+03 1.277934074401855469e+00
5.439000000000000000e+03 1.273802518844604492e+00
5.440000000000000000e+03 1.247408151626586914e+00
5.441000000000000000e+03 1.238202810287475586e+00
5.442000000000000000e+03 1.275588035583496094e+00
5.443000000000000000e+03 1.282172083854675293e+00
5.444000000000000000e+03 1.253274679183959961e+00
5.445000000000000000e+03 1.268231630325317383e+00
5.446000000000000000e+03 1.255577206611633301e+00
5.447000000000000000e+03 1.251345872879028320e+00
5.448000000000000000e+03 1.262473702430725098e+00
5.449000000000000000e+03 1.250437498092651367e+00
5.450000000000000000e+03 1.233202219009399414e+00
5.451000000000000000e+03 1.253412842750549316e+00
5.452000000000000000e+03 1.233067870140075684e+00
5.453000000000000000e+03 1.265746116638183594e+00
5.454000000000000000e+03 1.267260909080505371e+00
5.455000000000000000e+03 1.299655079841613770e+00
5.456000000000000000e+03 1.270473957061767578e+00
5.457000000000000000e+03 1.264097332954406738e+00
5.458000000000000000e+03 1.240820050239562988e+00
5.459000000000000000e+03 1.274640679359436035e+00
5.460000000000000000e+03 1.241003274917602539e+00
5.461000000000000000e+03 1.234894752502441406e+00
5.462000000000000000e+03 1.268865227699279785e+00
5.463000000000000000e+03 1.244575738906860352e+00
5.464000000000000000e+03 1.242905139923095703e+00
5.465000000000000000e+03 1.235985994338989258e+00
5.466000000000000000e+03 1.293936848640441895e+00
5.467000000000000000e+03 1.251997947692871094e+00
5.468000000000000000e+03 1.230847835540771484e+00
5.469000000000000000e+03 1.261092543601989746e+00
5.470000000000000000e+03 1.252696990966796875e+00
5.471000000000000000e+03 1.253340005874633789e+00
5.472000000000000000e+03 1.207429647445678711e+00
5.473000000000000000e+03 1.202406525611877441e+00
5.474000000000000000e+03 1.214294672012329102e+00
5.475000000000000000e+03 1.244050860404968262e+00
5.476000000000000000e+03 1.246153950691223145e+00
5.477000000000000000e+03 1.259463548660278320e+00
5.478000000000000000e+03 1.237135887145996094e+00
5.479000000000000000e+03 1.267175912857055664e+00
5.480000000000000000e+03 1.253604054450988770e+00
5.481000000000000000e+03 1.243605852127075195e+00
5.482000000000000000e+03 1.240895032882690430e+00
5.483000000000000000e+03 1.226406216621398926e+00
5.484000000000000000e+03 1.213248729705810547e+00
5.485000000000000000e+03 1.259701251983642578e+00
5.486000000000000000e+03 1.242580413818359375e+00
5.487000000000000000e+03 1.278460264205932617e+00
5.488000000000000000e+03 1.234775304794311523e+00
5.489000000000000000e+03 1.252346158027648926e+00
5.490000000000000000e+03 1.190651059150695801e+00
5.491000000000000000e+03 1.228154897689819336e+00
5.492000000000000000e+03 1.225799560546875000e+00
5.493000000000000000e+03 1.231813788414001465e+00
5.494000000000000000e+03 1.216720104217529297e+00
5.495000000000000000e+03 1.260288715362548828e+00
5.496000000000000000e+03 1.265990614891052246e+00
5.497000000000000000e+03 1.212732911109924316e+00
5.498000000000000000e+03 1.255623340606689453e+00
5.499000000000000000e+03 1.221818685531616211e+00
5.500000000000000000e+03 1.260600805282592773e+00
5.501000000000000000e+03 1.230631232261657715e+00
5.502000000000000000e+03 1.232338309288024902e+00
5.503000000000000000e+03 1.252594709396362305e+00
5.504000000000000000e+03 1.259791851043701172e+00
5.505000000000000000e+03 1.228034138679504395e+00
5.506000000000000000e+03 1.258038401603698730e+00
5.507000000000000000e+03 1.246077656745910645e+00
5.508000000000000000e+03 1.267355203628540039e+00
5.509000000000000000e+03 1.243639349937438965e+00
5.510000000000000000e+03 1.270301103591918945e+00
5.511000000000000000e+03 1.238998174667358398e+00
5.512000000000000000e+03 1.246036767959594727e+00
5.513000000000000000e+03 1.255885243415832520e+00
5.514000000000000000e+03 1.232432365417480469e+00
5.515000000000000000e+03 1.242959737777709961e+00
5.516000000000000000e+03 1.226309418678283691e+00
5.517000000000000000e+03 1.265270233154296875e+00
5.518000000000000000e+03 1.248107194900512695e+00
5.519000000000000000e+03 1.261155605316162109e+00
5.520000000000000000e+03 1.230212330818176270e+00
5.521000000000000000e+03 1.193457365036010742e+00
5.522000000000000000e+03 1.251519203186035156e+00
5.523000000000000000e+03 1.246165037155151367e+00
5.524000000000000000e+03 1.222648620605468750e+00
5.525000000000000000e+03 1.254205346107482910e+00
5.526000000000000000e+03 1.253611803054809570e+00
5.527000000000000000e+03 1.249457478523254395e+00
5.528000000000000000e+03 1.263303756713867188e+00
5.529000000000000000e+03 1.225792884826660156e+00
5.530000000000000000e+03 1.257949829101562500e+00
5.531000000000000000e+03 1.244320034980773926e+00
5.532000000000000000e+03 1.259519934654235840e+00
5.533000000000000000e+03 1.266244888305664062e+00
5.534000000000000000e+03 1.276757001876831055e+00
5.535000000000000000e+03 1.276515722274780273e+00
5.536000000000000000e+03 1.273542284965515137e+00
5.537000000000000000e+03 1.250607848167419434e+00
5.538000000000000000e+03 1.261429190635681152e+00
5.539000000000000000e+03 1.276311635971069336e+00
5.540000000000000000e+03 1.250433683395385742e+00
5.541000000000000000e+03 1.257623672485351562e+00
5.542000000000000000e+03 1.256174445152282715e+00
5.543000000000000000e+03 1.251144289970397949e+00
5.544000000000000000e+03 1.260166525840759277e+00
5.545000000000000000e+03 1.229741096496582031e+00
5.546000000000000000e+03 1.277699351310729980e+00
5.547000000000000000e+03 1.240830183029174805e+00
5.548000000000000000e+03 1.244777083396911621e+00
5.549000000000000000e+03 1.255402684211730957e+00
5.550000000000000000e+03 1.236915349960327148e+00
5.551000000000000000e+03 1.230255126953125000e+00
5.552000000000000000e+03 1.225857973098754883e+00
5.553000000000000000e+03 1.229611039161682129e+00
5.554000000000000000e+03 1.254254221916198730e+00
5.555000000000000000e+03 1.242412328720092773e+00
5.556000000000000000e+03 1.249258756637573242e+00
5.557000000000000000e+03 1.258189201354980469e+00
5.558000000000000000e+03 1.264050722122192383e+00
5.559000000000000000e+03 1.246376991271972656e+00
5.560000000000000000e+03 1.254408836364746094e+00
5.561000000000000000e+03 1.271498441696166992e+00
5.562000000000000000e+03 1.241331338882446289e+00
5.563000000000000000e+03 1.228282570838928223e+00
5.564000000000000000e+03 1.225511789321899414e+00
5.565000000000000000e+03 1.220613002777099609e+00
5.566000000000000000e+03 1.237268805503845215e+00
5.567000000000000000e+03 1.280702471733093262e+00
5.568000000000000000e+03 1.240071892738342285e+00
5.569000000000000000e+03 1.268559455871582031e+00
5.570000000000000000e+03 1.259776353836059570e+00
5.571000000000000000e+03 1.278388023376464844e+00
5.572000000000000000e+03 1.237326502799987793e+00
5.573000000000000000e+03 1.278338789939880371e+00
5.574000000000000000e+03 1.236280560493469238e+00
5.575000000000000000e+03 1.232301235198974609e+00
5.576000000000000000e+03 1.229731678962707520e+00
5.577000000000000000e+03 1.224099874496459961e+00
5.578000000000000000e+03 1.279808759689331055e+00
5.579000000000000000e+03 1.273581027984619141e+00
5.580000000000000000e+03 1.244300842285156250e+00
5.581000000000000000e+03 1.241066336631774902e+00
5.582000000000000000e+03 1.243987321853637695e+00
5.583000000000000000e+03 1.244312524795532227e+00
5.584000000000000000e+03 1.253812551498413086e+00
5.585000000000000000e+03 1.248485565185546875e+00
5.586000000000000000e+03 1.249786138534545898e+00
5.587000000000000000e+03 1.253633856773376465e+00
5.588000000000000000e+03 1.249177575111389160e+00
5.589000000000000000e+03 1.242624998092651367e+00
5.590000000000000000e+03 1.234722375869750977e+00
5.591000000000000000e+03 1.271002292633056641e+00
5.592000000000000000e+03 1.243715047836303711e+00
5.593000000000000000e+03 1.240423798561096191e+00
5.594000000000000000e+03 1.253595590591430664e+00
5.595000000000000000e+03 1.248709678649902344e+00
5.596000000000000000e+03 1.243222475051879883e+00
5.597000000000000000e+03 1.255758643150329590e+00
5.598000000000000000e+03 1.276038885116577148e+00
5.599000000000000000e+03 1.252523064613342285e+00
5.600000000000000000e+03 1.282122969627380371e+00
5.601000000000000000e+03 1.251379728317260742e+00
5.602000000000000000e+03 1.265704512596130371e+00
5.603000000000000000e+03 1.248771667480468750e+00
5.604000000000000000e+03 1.271852254867553711e+00
5.605000000000000000e+03 1.240228176116943359e+00
5.606000000000000000e+03 1.226511716842651367e+00
5.607000000000000000e+03 1.233267068862915039e+00
5.608000000000000000e+03 1.242471694946289062e+00
5.609000000000000000e+03 1.283674240112304688e+00
5.610000000000000000e+03 1.273709535598754883e+00
5.611000000000000000e+03 1.254136204719543457e+00
5.612000000000000000e+03 1.276291012763977051e+00
5.613000000000000000e+03 1.287140607833862305e+00
5.614000000000000000e+03 1.242884993553161621e+00
5.615000000000000000e+03 1.249973535537719727e+00
5.616000000000000000e+03 1.231286883354187012e+00
5.617000000000000000e+03 1.271304130554199219e+00
5.618000000000000000e+03 1.247317314147949219e+00
5.619000000000000000e+03 1.282870888710021973e+00
5.620000000000000000e+03 1.276343584060668945e+00
5.621000000000000000e+03 1.231331467628479004e+00
5.622000000000000000e+03 1.240926861763000488e+00
5.623000000000000000e+03 1.219309091567993164e+00
5.624000000000000000e+03 1.250037550926208496e+00
5.625000000000000000e+03 1.251276254653930664e+00
5.626000000000000000e+03 1.228040933609008789e+00
5.627000000000000000e+03 1.247110605239868164e+00
5.628000000000000000e+03 1.221345901489257812e+00
5.629000000000000000e+03 1.264273047447204590e+00
5.630000000000000000e+03 1.261837840080261230e+00
5.631000000000000000e+03 1.244161963462829590e+00
5.632000000000000000e+03 1.246700406074523926e+00
5.633000000000000000e+03 1.265982747077941895e+00
5.634000000000000000e+03 1.256525039672851562e+00
5.635000000000000000e+03 1.250787734985351562e+00
5.636000000000000000e+03 1.264308571815490723e+00
5.637000000000000000e+03 1.231997370719909668e+00
5.638000000000000000e+03 1.259712338447570801e+00
5.639000000000000000e+03 1.224662899971008301e+00
5.640000000000000000e+03 1.261014223098754883e+00
5.641000000000000000e+03 1.272999286651611328e+00
5.642000000000000000e+03 1.247467756271362305e+00
5.643000000000000000e+03 1.244940996170043945e+00
5.644000000000000000e+03 1.247941970825195312e+00
5.645000000000000000e+03 1.214691400527954102e+00
5.646000000000000000e+03 1.239300727844238281e+00
5.647000000000000000e+03 1.197824001312255859e+00
5.648000000000000000e+03 1.256994247436523438e+00
5.649000000000000000e+03 1.252202510833740234e+00
5.650000000000000000e+03 1.248524308204650879e+00
5.651000000000000000e+03 1.238636136054992676e+00
5.652000000000000000e+03 1.267613768577575684e+00
5.653000000000000000e+03 1.302493095397949219e+00
5.654000000000000000e+03 1.292908549308776855e+00
5.655000000000000000e+03 1.245463013648986816e+00
5.656000000000000000e+03 1.269123315811157227e+00
5.657000000000000000e+03 1.248856902122497559e+00
5.658000000000000000e+03 1.258942246437072754e+00
5.659000000000000000e+03 1.255679011344909668e+00
5.660000000000000000e+03 1.255156040191650391e+00
5.661000000000000000e+03 1.232810258865356445e+00
5.662000000000000000e+03 1.271234512329101562e+00
5.663000000000000000e+03 1.257847309112548828e+00
5.664000000000000000e+03 1.275307297706604004e+00
5.665000000000000000e+03 1.263238072395324707e+00
5.666000000000000000e+03 1.280884027481079102e+00
5.667000000000000000e+03 1.281296372413635254e+00
5.668000000000000000e+03 1.276820421218872070e+00
5.669000000000000000e+03 1.279966115951538086e+00
5.670000000000000000e+03 1.298473715782165527e+00
5.671000000000000000e+03 1.257365584373474121e+00
5.672000000000000000e+03 1.260833024978637695e+00
5.673000000000000000e+03 1.282382607460021973e+00
5.674000000000000000e+03 1.280773878097534180e+00
5.675000000000000000e+03 1.249813318252563477e+00
5.676000000000000000e+03 1.285390138626098633e+00
5.677000000000000000e+03 1.302734613418579102e+00
5.678000000000000000e+03 1.280889868736267090e+00
5.679000000000000000e+03 1.253753423690795898e+00
5.680000000000000000e+03 1.246760129928588867e+00
5.681000000000000000e+03 1.255251169204711914e+00
5.682000000000000000e+03 1.240400195121765137e+00
5.683000000000000000e+03 1.256356716156005859e+00
5.684000000000000000e+03 1.281848907470703125e+00
5.685000000000000000e+03 1.275085449218750000e+00
5.686000000000000000e+03 1.287458658218383789e+00
5.687000000000000000e+03 1.249190211296081543e+00
5.688000000000000000e+03 1.257294178009033203e+00
5.689000000000000000e+03 1.259807944297790527e+00
5.690000000000000000e+03 1.233630299568176270e+00
5.691000000000000000e+03 1.217374086380004883e+00
5.692000000000000000e+03 1.239170312881469727e+00
5.693000000000000000e+03 1.236429691314697266e+00
5.694000000000000000e+03 1.204728841781616211e+00
5.695000000000000000e+03 1.207453489303588867e+00
5.696000000000000000e+03 1.209554910659790039e+00
5.697000000000000000e+03 1.250514745712280273e+00
5.698000000000000000e+03 1.252122640609741211e+00
5.699000000000000000e+03 1.245037078857421875e+00
5.700000000000000000e+03 1.235541820526123047e+00
5.701000000000000000e+03 1.244772791862487793e+00
5.702000000000000000e+03 1.248020410537719727e+00
5.703000000000000000e+03 1.207712650299072266e+00
5.704000000000000000e+03 1.231901168823242188e+00
5.705000000000000000e+03 1.254968404769897461e+00
5.706000000000000000e+03 1.234002590179443359e+00
5.707000000000000000e+03 1.229295372962951660e+00
5.708000000000000000e+03 1.246372699737548828e+00
5.709000000000000000e+03 1.232034921646118164e+00
5.710000000000000000e+03 1.226375341415405273e+00
5.711000000000000000e+03 1.261175751686096191e+00
5.712000000000000000e+03 1.248953342437744141e+00
5.713000000000000000e+03 1.251684665679931641e+00
5.714000000000000000e+03 1.251759290695190430e+00
5.715000000000000000e+03 1.195434570312500000e+00
5.716000000000000000e+03 1.251855015754699707e+00
5.717000000000000000e+03 1.222473382949829102e+00
5.718000000000000000e+03 1.233464837074279785e+00
5.719000000000000000e+03 1.256529092788696289e+00
5.720000000000000000e+03 1.279762983322143555e+00
5.721000000000000000e+03 1.229315400123596191e+00
5.722000000000000000e+03 1.257100462913513184e+00
5.723000000000000000e+03 1.270041465759277344e+00
5.724000000000000000e+03 1.270549893379211426e+00
5.725000000000000000e+03 1.268417358398437500e+00
5.726000000000000000e+03 1.243036985397338867e+00
5.727000000000000000e+03 1.266469597816467285e+00
5.728000000000000000e+03 1.271376013755798340e+00
5.729000000000000000e+03 1.248450040817260742e+00
5.730000000000000000e+03 1.267672538757324219e+00
5.731000000000000000e+03 1.277579545974731445e+00
5.732000000000000000e+03 1.277899503707885742e+00
5.733000000000000000e+03 1.267858505249023438e+00
5.734000000000000000e+03 1.275374174118041992e+00
5.735000000000000000e+03 1.255213022232055664e+00
5.736000000000000000e+03 1.236638426780700684e+00
5.737000000000000000e+03 1.243532419204711914e+00
5.738000000000000000e+03 1.252078056335449219e+00
5.739000000000000000e+03 1.240527272224426270e+00
5.740000000000000000e+03 1.257646560668945312e+00
5.741000000000000000e+03 1.261521100997924805e+00
5.742000000000000000e+03 1.225888013839721680e+00
5.743000000000000000e+03 1.277437329292297363e+00
5.744000000000000000e+03 1.251490950584411621e+00
5.745000000000000000e+03 1.251974582672119141e+00
5.746000000000000000e+03 1.252444744110107422e+00
5.747000000000000000e+03 1.282737255096435547e+00
5.748000000000000000e+03 1.281255602836608887e+00
5.749000000000000000e+03 1.254315853118896484e+00
5.750000000000000000e+03 1.235793590545654297e+00
5.751000000000000000e+03 1.219893097877502441e+00
5.752000000000000000e+03 1.252279043197631836e+00
5.753000000000000000e+03 1.225253343582153320e+00
5.754000000000000000e+03 1.244806647300720215e+00
5.755000000000000000e+03 1.264592528343200684e+00
5.756000000000000000e+03 1.259962320327758789e+00
5.757000000000000000e+03 1.300698161125183105e+00
5.758000000000000000e+03 1.225778579711914062e+00
5.759000000000000000e+03 1.250510096549987793e+00
5.760000000000000000e+03 1.227388381958007812e+00
5.761000000000000000e+03 1.203711986541748047e+00
5.762000000000000000e+03 1.224064350128173828e+00
5.763000000000000000e+03 1.242592096328735352e+00
5.764000000000000000e+03 1.265701770782470703e+00
5.765000000000000000e+03 1.244920372962951660e+00
5.766000000000000000e+03 1.236834049224853516e+00
5.767000000000000000e+03 1.237953424453735352e+00
5.768000000000000000e+03 1.248834013938903809e+00
5.769000000000000000e+03 1.230245113372802734e+00
5.770000000000000000e+03 1.196873188018798828e+00
5.771000000000000000e+03 1.215010404586791992e+00
5.772000000000000000e+03 1.238317489624023438e+00
5.773000000000000000e+03 1.214700102806091309e+00
5.774000000000000000e+03 1.204136490821838379e+00
5.775000000000000000e+03 1.207990527153015137e+00
5.776000000000000000e+03 1.238780498504638672e+00
5.777000000000000000e+03 1.253791093826293945e+00
5.778000000000000000e+03 1.222549080848693848e+00
5.779000000000000000e+03 1.228118896484375000e+00
5.780000000000000000e+03 1.252244949340820312e+00
5.781000000000000000e+03 1.203722476959228516e+00
5.782000000000000000e+03 1.230725526809692383e+00
5.783000000000000000e+03 1.216692209243774414e+00
5.784000000000000000e+03 1.226302266120910645e+00
5.785000000000000000e+03 1.219435572624206543e+00
5.786000000000000000e+03 1.229845523834228516e+00
5.787000000000000000e+03 1.218069553375244141e+00
5.788000000000000000e+03 1.210529327392578125e+00
5.789000000000000000e+03 1.240684270858764648e+00
5.790000000000000000e+03 1.226708889007568359e+00
5.791000000000000000e+03 1.241674184799194336e+00
5.792000000000000000e+03 1.219679951667785645e+00
5.793000000000000000e+03 1.249534845352172852e+00
5.794000000000000000e+03 1.227103948593139648e+00
5.795000000000000000e+03 1.242311596870422363e+00
5.796000000000000000e+03 1.247955560684204102e+00
5.797000000000000000e+03 1.241193652153015137e+00
5.798000000000000000e+03 1.219473481178283691e+00
5.799000000000000000e+03 1.250121235847473145e+00
5.800000000000000000e+03 1.230235695838928223e+00
5.801000000000000000e+03 1.207631349563598633e+00
5.802000000000000000e+03 1.233404874801635742e+00
5.803000000000000000e+03 1.229427218437194824e+00
5.804000000000000000e+03 1.213034152984619141e+00
5.805000000000000000e+03 1.251822471618652344e+00
5.806000000000000000e+03 1.244344949722290039e+00
5.807000000000000000e+03 1.240087985992431641e+00
5.808000000000000000e+03 1.246582627296447754e+00
5.809000000000000000e+03 1.207304716110229492e+00
5.810000000000000000e+03 1.243698596954345703e+00
5.811000000000000000e+03 1.220481038093566895e+00
5.812000000000000000e+03 1.245799303054809570e+00
5.813000000000000000e+03 1.239860296249389648e+00
5.814000000000000000e+03 1.223249673843383789e+00
5.815000000000000000e+03 1.229756474494934082e+00
5.816000000000000000e+03 1.244330048561096191e+00
5.817000000000000000e+03 1.205126285552978516e+00
5.818000000000000000e+03 1.216340065002441406e+00
5.819000000000000000e+03 1.232859611511230469e+00
5.820000000000000000e+03 1.238790631294250488e+00
5.821000000000000000e+03 1.249875068664550781e+00
5.822000000000000000e+03 1.240338325500488281e+00
5.823000000000000000e+03 1.246006727218627930e+00
5.824000000000000000e+03 1.228113889694213867e+00
5.825000000000000000e+03 1.252512812614440918e+00
5.826000000000000000e+03 1.217978239059448242e+00
5.827000000000000000e+03 1.260411262512207031e+00
5.828000000000000000e+03 1.267673850059509277e+00
5.829000000000000000e+03 1.268488287925720215e+00
5.830000000000000000e+03 1.237887859344482422e+00
5.831000000000000000e+03 1.204989671707153320e+00
5.832000000000000000e+03 1.230839729309082031e+00
5.833000000000000000e+03 1.257709622383117676e+00
5.834000000000000000e+03 1.245896220207214355e+00
5.835000000000000000e+03 1.239904284477233887e+00
5.836000000000000000e+03 1.244083762168884277e+00
5.837000000000000000e+03 1.222979545593261719e+00
5.838000000000000000e+03 1.199045181274414062e+00
5.839000000000000000e+03 1.202482461929321289e+00
5.840000000000000000e+03 1.208632469177246094e+00
5.841000000000000000e+03 1.191410422325134277e+00
5.842000000000000000e+03 1.212588787078857422e+00
5.843000000000000000e+03 1.189908027648925781e+00
5.844000000000000000e+03 1.193965792655944824e+00
5.845000000000000000e+03 1.225622177124023438e+00
5.846000000000000000e+03 1.232256889343261719e+00
5.847000000000000000e+03 1.203918099403381348e+00
5.848000000000000000e+03 1.220537185668945312e+00
5.849000000000000000e+03 1.222002863883972168e+00
5.850000000000000000e+03 1.233380794525146484e+00
5.851000000000000000e+03 1.198742866516113281e+00
5.852000000000000000e+03 1.227962613105773926e+00
5.853000000000000000e+03 1.193525075912475586e+00
5.854000000000000000e+03 1.239481449127197266e+00
5.855000000000000000e+03 1.229942202568054199e+00
5.856000000000000000e+03 1.193153142929077148e+00
5.857000000000000000e+03 1.194933414459228516e+00
5.858000000000000000e+03 1.233089566230773926e+00
5.859000000000000000e+03 1.228789448738098145e+00
5.860000000000000000e+03 1.249914050102233887e+00
5.861000000000000000e+03 1.227267503738403320e+00
5.862000000000000000e+03 1.246967315673828125e+00
5.863000000000000000e+03 1.271574020385742188e+00
5.864000000000000000e+03 1.266805410385131836e+00
5.865000000000000000e+03 1.239161849021911621e+00
5.866000000000000000e+03 1.235335350036621094e+00
5.867000000000000000e+03 1.239819765090942383e+00
5.868000000000000000e+03 1.208444356918334961e+00
5.869000000000000000e+03 1.233081698417663574e+00
5.870000000000000000e+03 1.228739142417907715e+00
5.871000000000000000e+03 1.236009955406188965e+00
5.872000000000000000e+03 1.238836526870727539e+00
5.873000000000000000e+03 1.226473331451416016e+00
5.874000000000000000e+03 1.251930952072143555e+00
5.875000000000000000e+03 1.254248023033142090e+00
5.876000000000000000e+03 1.287813425064086914e+00
5.877000000000000000e+03 1.230526804924011230e+00
5.878000000000000000e+03 1.220775127410888672e+00
5.879000000000000000e+03 1.256530642509460449e+00
5.880000000000000000e+03 1.254623174667358398e+00
5.881000000000000000e+03 1.286616325378417969e+00
5.882000000000000000e+03 1.285070419311523438e+00
5.883000000000000000e+03 1.272961020469665527e+00
5.884000000000000000e+03 1.293524503707885742e+00
5.885000000000000000e+03 1.263930797576904297e+00
5.886000000000000000e+03 1.275159478187561035e+00
5.887000000000000000e+03 1.249767303466796875e+00
5.888000000000000000e+03 1.274237632751464844e+00
5.889000000000000000e+03 1.262859821319580078e+00
5.890000000000000000e+03 1.283176302909851074e+00
5.891000000000000000e+03 1.254541158676147461e+00
5.892000000000000000e+03 1.261616468429565430e+00
5.893000000000000000e+03 1.288580536842346191e+00
5.894000000000000000e+03 1.316836118698120117e+00
5.895000000000000000e+03 1.302399158477783203e+00
5.896000000000000000e+03 1.292524814605712891e+00
5.897000000000000000e+03 1.300174713134765625e+00
5.898000000000000000e+03 1.269572734832763672e+00
5.899000000000000000e+03 1.327800273895263672e+00
5.900000000000000000e+03 1.298581838607788086e+00
5.901000000000000000e+03 1.267510056495666504e+00
5.902000000000000000e+03 1.270517706871032715e+00
5.903000000000000000e+03 1.250133514404296875e+00
5.904000000000000000e+03 1.303864836692810059e+00
5.905000000000000000e+03 1.275400161743164062e+00
5.906000000000000000e+03 1.261022806167602539e+00
5.907000000000000000e+03 1.328374147415161133e+00
5.908000000000000000e+03 1.285968542098999023e+00
5.909000000000000000e+03 1.292696237564086914e+00
5.910000000000000000e+03 1.249949574470520020e+00
5.911000000000000000e+03 1.262859344482421875e+00
5.912000000000000000e+03 1.257995128631591797e+00
5.913000000000000000e+03 1.249419689178466797e+00
5.914000000000000000e+03 1.297313809394836426e+00
5.915000000000000000e+03 1.296357512474060059e+00
5.916000000000000000e+03 1.280043721199035645e+00
5.917000000000000000e+03 1.237764000892639160e+00
5.918000000000000000e+03 1.283161401748657227e+00
5.919000000000000000e+03 1.257027268409729004e+00
5.920000000000000000e+03 1.290213108062744141e+00
5.921000000000000000e+03 1.250203609466552734e+00
5.922000000000000000e+03 1.286325693130493164e+00
5.923000000000000000e+03 1.289552330970764160e+00
5.924000000000000000e+03 1.270900487899780273e+00
5.925000000000000000e+03 1.250459074974060059e+00
5.926000000000000000e+03 1.247107982635498047e+00
5.927000000000000000e+03 1.238845586776733398e+00
5.928000000000000000e+03 1.274779558181762695e+00
5.929000000000000000e+03 1.307233333587646484e+00
5.930000000000000000e+03 1.266475081443786621e+00
5.931000000000000000e+03 1.265076398849487305e+00
5.932000000000000000e+03 1.260689973831176758e+00
5.933000000000000000e+03 1.229827761650085449e+00
5.934000000000000000e+03 1.240274071693420410e+00
5.935000000000000000e+03 1.229636669158935547e+00
5.936000000000000000e+03 1.266349315643310547e+00
5.937000000000000000e+03 1.262237668037414551e+00
5.938000000000000000e+03 1.270922422409057617e+00
5.939000000000000000e+03 1.247185230255126953e+00
5.940000000000000000e+03 1.256134033203125000e+00
5.941000000000000000e+03 1.280095577239990234e+00
5.942000000000000000e+03 1.297376155853271484e+00
5.943000000000000000e+03 1.263374328613281250e+00
5.944000000000000000e+03 1.284233093261718750e+00
5.945000000000000000e+03 1.271060466766357422e+00
5.946000000000000000e+03 1.263960599899291992e+00
5.947000000000000000e+03 1.247457504272460938e+00
5.948000000000000000e+03 1.263135671615600586e+00
5.949000000000000000e+03 1.246929168701171875e+00
5.950000000000000000e+03 1.261993288993835449e+00
5.951000000000000000e+03 1.263359785079956055e+00
5.952000000000000000e+03 1.230534076690673828e+00
5.953000000000000000e+03 1.251726627349853516e+00
5.954000000000000000e+03 1.264178037643432617e+00
5.955000000000000000e+03 1.253095388412475586e+00
5.956000000000000000e+03 1.267887592315673828e+00
5.957000000000000000e+03 1.269891738891601562e+00
5.958000000000000000e+03 1.288787961006164551e+00
5.959000000000000000e+03 1.272696137428283691e+00
5.960000000000000000e+03 1.260357379913330078e+00
5.961000000000000000e+03 1.228132009506225586e+00
5.962000000000000000e+03 1.252441883087158203e+00
5.963000000000000000e+03 1.235998749732971191e+00
5.964000000000000000e+03 1.281620383262634277e+00
5.965000000000000000e+03 1.274015307426452637e+00
5.966000000000000000e+03 1.276999235153198242e+00
5.967000000000000000e+03 1.282169818878173828e+00
5.968000000000000000e+03 1.269476652145385742e+00
5.969000000000000000e+03 1.256438136100769043e+00
5.970000000000000000e+03 1.266129255294799805e+00
5.971000000000000000e+03 1.263726115226745605e+00
5.972000000000000000e+03 1.262506484985351562e+00
5.973000000000000000e+03 1.288763046264648438e+00
5.974000000000000000e+03 1.247344970703125000e+00
5.975000000000000000e+03 1.288070201873779297e+00
5.976000000000000000e+03 1.226554155349731445e+00
5.977000000000000000e+03 1.240992069244384766e+00
5.978000000000000000e+03 1.278871774673461914e+00
5.979000000000000000e+03 1.287088394165039062e+00
5.980000000000000000e+03 1.261672377586364746e+00
5.981000000000000000e+03 1.260533094406127930e+00
5.982000000000000000e+03 1.265097618103027344e+00
5.983000000000000000e+03 1.260177731513977051e+00
5.984000000000000000e+03 1.292050123214721680e+00
5.985000000000000000e+03 1.258283376693725586e+00
5.986000000000000000e+03 1.318203806877136230e+00
5.987000000000000000e+03 1.281804800033569336e+00
5.988000000000000000e+03 1.282010674476623535e+00
5.989000000000000000e+03 1.272871136665344238e+00
5.990000000000000000e+03 1.247044324874877930e+00
5.991000000000000000e+03 1.290663242340087891e+00
5.992000000000000000e+03 1.276687860488891602e+00
5.993000000000000000e+03 1.276535034179687500e+00
5.994000000000000000e+03 1.260023593902587891e+00
5.995000000000000000e+03 1.255174398422241211e+00
5.996000000000000000e+03 1.273543477058410645e+00
5.997000000000000000e+03 1.307543754577636719e+00
5.998000000000000000e+03 1.267770767211914062e+00
5.999000000000000000e+03 1.289794206619262695e+00
6.000000000000000000e+03 1.282676935195922852e+00
6.001000000000000000e+03 1.279099822044372559e+00
6.002000000000000000e+03 1.284175038337707520e+00
6.003000000000000000e+03 1.231310367584228516e+00
6.004000000000000000e+03 1.273380041122436523e+00
6.005000000000000000e+03 1.288237452507019043e+00
6.006000000000000000e+03 1.273065209388732910e+00
6.007000000000000000e+03 1.244428157806396484e+00
6.008000000000000000e+03 1.223044514656066895e+00
6.009000000000000000e+03 1.255741596221923828e+00
6.010000000000000000e+03 1.250459194183349609e+00
6.011000000000000000e+03 1.245199441909790039e+00
6.012000000000000000e+03 1.277907133102416992e+00
6.013000000000000000e+03 1.277959585189819336e+00
6.014000000000000000e+03 1.250232934951782227e+00
6.015000000000000000e+03 1.264105439186096191e+00
6.016000000000000000e+03 1.250710964202880859e+00
6.017000000000000000e+03 1.249055624008178711e+00
6.018000000000000000e+03 1.244717121124267578e+00
6.019000000000000000e+03 1.253811359405517578e+00
6.020000000000000000e+03 1.258821487426757812e+00
6.021000000000000000e+03 1.275230884552001953e+00
6.022000000000000000e+03 1.265620827674865723e+00
6.023000000000000000e+03 1.231454133987426758e+00
6.024000000000000000e+03 1.258133411407470703e+00
6.025000000000000000e+03 1.254600048065185547e+00
6.026000000000000000e+03 1.274234056472778320e+00
6.027000000000000000e+03 1.271455407142639160e+00
6.028000000000000000e+03 1.283367991447448730e+00
6.029000000000000000e+03 1.277397751808166504e+00
6.030000000000000000e+03 1.267430067062377930e+00
6.031000000000000000e+03 1.257545471191406250e+00
6.032000000000000000e+03 1.280075073242187500e+00
6.033000000000000000e+03 1.274221658706665039e+00
6.034000000000000000e+03 1.265397548675537109e+00
6.035000000000000000e+03 1.271867394447326660e+00
6.036000000000000000e+03 1.265342950820922852e+00
6.037000000000000000e+03 1.273848056793212891e+00
6.038000000000000000e+03 1.315552949905395508e+00
6.039000000000000000e+03 1.280629634857177734e+00
6.040000000000000000e+03 1.270042181015014648e+00
6.041000000000000000e+03 1.308439731597900391e+00
6.042000000000000000e+03 1.252172708511352539e+00
6.043000000000000000e+03 1.235118746757507324e+00
6.044000000000000000e+03 1.233517527580261230e+00
6.045000000000000000e+03 1.234246850013732910e+00
6.046000000000000000e+03 1.228258848190307617e+00
6.047000000000000000e+03 1.232452988624572754e+00
6.048000000000000000e+03 1.236202836036682129e+00
6.049000000000000000e+03 1.232081055641174316e+00
6.050000000000000000e+03 1.263188123703002930e+00
6.051000000000000000e+03 1.253196477890014648e+00
6.052000000000000000e+03 1.259763956069946289e+00
6.053000000000000000e+03 1.282620549201965332e+00
6.054000000000000000e+03 1.237500429153442383e+00
6.055000000000000000e+03 1.217140197753906250e+00
6.056000000000000000e+03 1.219175815582275391e+00
6.057000000000000000e+03 1.255767107009887695e+00
6.058000000000000000e+03 1.243653535842895508e+00
6.059000000000000000e+03 1.266460418701171875e+00
6.060000000000000000e+03 1.252590417861938477e+00
6.061000000000000000e+03 1.256094098091125488e+00
6.062000000000000000e+03 1.269062519073486328e+00
6.063000000000000000e+03 1.296308279037475586e+00
6.064000000000000000e+03 1.284883975982666016e+00
6.065000000000000000e+03 1.296766638755798340e+00
6.066000000000000000e+03 1.282282114028930664e+00
6.067000000000000000e+03 1.249019145965576172e+00
6.068000000000000000e+03 1.289389133453369141e+00
6.069000000000000000e+03 1.300369143486022949e+00
6.070000000000000000e+03 1.264371633529663086e+00
6.071000000000000000e+03 1.275489449501037598e+00
6.072000000000000000e+03 1.277150630950927734e+00
6.073000000000000000e+03 1.274888277053833008e+00
6.074000000000000000e+03 1.249288439750671387e+00
6.075000000000000000e+03 1.259266614913940430e+00
6.076000000000000000e+03 1.274463653564453125e+00
6.077000000000000000e+03 1.243430018424987793e+00
6.078000000000000000e+03 1.265606641769409180e+00
6.079000000000000000e+03 1.225234508514404297e+00
6.080000000000000000e+03 1.281677961349487305e+00
6.081000000000000000e+03 1.268165588378906250e+00
6.082000000000000000e+03 1.267254352569580078e+00
6.083000000000000000e+03 1.259178042411804199e+00
6.084000000000000000e+03 1.271049261093139648e+00
6.085000000000000000e+03 1.253034591674804688e+00
6.086000000000000000e+03 1.311261892318725586e+00
6.087000000000000000e+03 1.248363018035888672e+00
6.088000000000000000e+03 1.251256227493286133e+00
6.089000000000000000e+03 1.240499973297119141e+00
6.090000000000000000e+03 1.238351345062255859e+00
6.091000000000000000e+03 1.239112734794616699e+00
6.092000000000000000e+03 1.262896299362182617e+00
6.093000000000000000e+03 1.246920108795166016e+00
6.094000000000000000e+03 1.242661237716674805e+00
6.095000000000000000e+03 1.276415944099426270e+00
6.096000000000000000e+03 1.248126626014709473e+00
6.097000000000000000e+03 1.261835575103759766e+00
6.098000000000000000e+03 1.298738002777099609e+00
6.099000000000000000e+03 1.252977132797241211e+00
6.100000000000000000e+03 1.275488734245300293e+00
6.101000000000000000e+03 1.251842021942138672e+00
6.102000000000000000e+03 1.260586261749267578e+00
6.103000000000000000e+03 1.240509152412414551e+00
6.104000000000000000e+03 1.266543865203857422e+00
6.105000000000000000e+03 1.243921041488647461e+00
6.106000000000000000e+03 1.231209397315979004e+00
6.107000000000000000e+03 1.245926260948181152e+00
6.108000000000000000e+03 1.247990608215332031e+00
6.109000000000000000e+03 1.228435516357421875e+00
6.110000000000000000e+03 1.236645936965942383e+00
6.111000000000000000e+03 1.251099824905395508e+00
6.112000000000000000e+03 1.221020340919494629e+00
6.113000000000000000e+03 1.227604389190673828e+00
6.114000000000000000e+03 1.256289482116699219e+00
6.115000000000000000e+03 1.243060946464538574e+00
6.116000000000000000e+03 1.261424303054809570e+00
6.117000000000000000e+03 1.287292003631591797e+00
6.118000000000000000e+03 1.277488231658935547e+00
6.119000000000000000e+03 1.300484418869018555e+00
6.120000000000000000e+03 1.271390676498413086e+00
6.121000000000000000e+03 1.248569846153259277e+00
6.122000000000000000e+03 1.271276712417602539e+00
6.123000000000000000e+03 1.263998985290527344e+00
6.124000000000000000e+03 1.285426259040832520e+00
6.125000000000000000e+03 1.279154062271118164e+00
6.126000000000000000e+03 1.263385891914367676e+00
6.127000000000000000e+03 1.272693276405334473e+00
6.128000000000000000e+03 1.269363522529602051e+00
6.129000000000000000e+03 1.280733466148376465e+00
6.130000000000000000e+03 1.260721445083618164e+00
6.131000000000000000e+03 1.234741687774658203e+00
6.132000000000000000e+03 1.283904910087585449e+00
6.133000000000000000e+03 1.256631255149841309e+00
6.134000000000000000e+03 1.256348252296447754e+00
6.135000000000000000e+03 1.282144665718078613e+00
6.136000000000000000e+03 1.278760671615600586e+00
6.137000000000000000e+03 1.247457027435302734e+00
6.138000000000000000e+03 1.249604821205139160e+00
6.139000000000000000e+03 1.266444802284240723e+00
6.140000000000000000e+03 1.253600120544433594e+00
6.141000000000000000e+03 1.261480093002319336e+00
6.142000000000000000e+03 1.279332160949707031e+00
6.143000000000000000e+03 1.259895324707031250e+00
6.144000000000000000e+03 1.278068304061889648e+00
6.145000000000000000e+03 1.238738775253295898e+00
6.146000000000000000e+03 1.243599295616149902e+00
6.147000000000000000e+03 1.251812338829040527e+00
6.148000000000000000e+03 1.242278337478637695e+00
6.149000000000000000e+03 1.309229373931884766e+00
6.150000000000000000e+03 1.264515995979309082e+00
6.151000000000000000e+03 1.272783994674682617e+00
6.152000000000000000e+03 1.282937288284301758e+00
6.153000000000000000e+03 1.248377323150634766e+00
6.154000000000000000e+03 1.293865203857421875e+00
6.155000000000000000e+03 1.243640422821044922e+00
6.156000000000000000e+03 1.250397920608520508e+00
6.157000000000000000e+03 1.263266086578369141e+00
6.158000000000000000e+03 1.277174592018127441e+00
6.159000000000000000e+03 1.289237737655639648e+00
6.160000000000000000e+03 1.269922733306884766e+00
6.161000000000000000e+03 1.289364576339721680e+00
6.162000000000000000e+03 1.325532793998718262e+00
6.163000000000000000e+03 1.317352771759033203e+00
6.164000000000000000e+03 1.291058063507080078e+00
6.165000000000000000e+03 1.289994001388549805e+00
6.166000000000000000e+03 1.287164449691772461e+00
6.167000000000000000e+03 1.295676350593566895e+00
6.168000000000000000e+03 1.286627173423767090e+00
6.169000000000000000e+03 1.281550168991088867e+00
6.170000000000000000e+03 1.295573711395263672e+00
6.171000000000000000e+03 1.282931089401245117e+00
6.172000000000000000e+03 1.304386854171752930e+00
6.173000000000000000e+03 1.292955279350280762e+00
6.174000000000000000e+03 1.289563775062561035e+00
6.175000000000000000e+03 1.298986911773681641e+00
6.176000000000000000e+03 1.285905838012695312e+00
6.177000000000000000e+03 1.256314635276794434e+00
6.178000000000000000e+03 1.271316885948181152e+00
6.179000000000000000e+03 1.295485854148864746e+00
6.180000000000000000e+03 1.258877873420715332e+00
6.181000000000000000e+03 1.250386238098144531e+00
6.182000000000000000e+03 1.291545629501342773e+00
6.183000000000000000e+03 1.290759563446044922e+00
6.184000000000000000e+03 1.263324856758117676e+00
6.185000000000000000e+03 1.276984810829162598e+00
6.186000000000000000e+03 1.291894912719726562e+00
6.187000000000000000e+03 1.273918867111206055e+00
6.188000000000000000e+03 1.267255187034606934e+00
6.189000000000000000e+03 1.310557365417480469e+00
6.190000000000000000e+03 1.256494641304016113e+00
6.191000000000000000e+03 1.280796527862548828e+00
6.192000000000000000e+03 1.259482264518737793e+00
6.193000000000000000e+03 1.268539667129516602e+00
6.194000000000000000e+03 1.290044784545898438e+00
6.195000000000000000e+03 1.254363894462585449e+00
6.196000000000000000e+03 1.256953120231628418e+00
6.197000000000000000e+03 1.264180660247802734e+00
6.198000000000000000e+03 1.284430742263793945e+00
6.199000000000000000e+03 1.236561775207519531e+00
6.200000000000000000e+03 1.254131078720092773e+00
6.201000000000000000e+03 1.259151816368103027e+00
6.202000000000000000e+03 1.233432531356811523e+00
6.203000000000000000e+03 1.264205574989318848e+00
6.204000000000000000e+03 1.222757339477539062e+00
6.205000000000000000e+03 1.242549538612365723e+00
6.206000000000000000e+03 1.244643926620483398e+00
6.207000000000000000e+03 1.251333832740783691e+00
6.208000000000000000e+03 1.252496957778930664e+00
6.209000000000000000e+03 1.231816411018371582e+00
6.210000000000000000e+03 1.251724243164062500e+00
6.211000000000000000e+03 1.264690518379211426e+00
6.212000000000000000e+03 1.248232722282409668e+00
6.213000000000000000e+03 1.251362681388854980e+00
6.214000000000000000e+03 1.267131924629211426e+00
6.215000000000000000e+03 1.287190675735473633e+00
6.216000000000000000e+03 1.283760070800781250e+00
6.217000000000000000e+03 1.277162790298461914e+00
6.218000000000000000e+03 1.296920299530029297e+00
6.219000000000000000e+03 1.256428956985473633e+00
6.220000000000000000e+03 1.298004865646362305e+00
6.221000000000000000e+03 1.263710141181945801e+00
6.222000000000000000e+03 1.277151584625244141e+00
6.223000000000000000e+03 1.268823266029357910e+00
6.224000000000000000e+03 1.230756640434265137e+00
6.225000000000000000e+03 1.220277190208435059e+00
6.226000000000000000e+03 1.236145496368408203e+00
6.227000000000000000e+03 1.227006077766418457e+00
6.228000000000000000e+03 1.247376084327697754e+00
6.229000000000000000e+03 1.262441396713256836e+00
6.230000000000000000e+03 1.282186865806579590e+00
6.231000000000000000e+03 1.274669051170349121e+00
6.232000000000000000e+03 1.268137216567993164e+00
6.233000000000000000e+03 1.273172855377197266e+00
6.234000000000000000e+03 1.283990025520324707e+00
6.235000000000000000e+03 1.282877802848815918e+00
6.236000000000000000e+03 1.281781435012817383e+00
6.237000000000000000e+03 1.267364501953125000e+00
6.238000000000000000e+03 1.262609362602233887e+00
6.239000000000000000e+03 1.272311568260192871e+00
6.240000000000000000e+03 1.233674764633178711e+00
6.241000000000000000e+03 1.259089231491088867e+00
6.242000000000000000e+03 1.257843017578125000e+00
6.243000000000000000e+03 1.272387266159057617e+00
6.244000000000000000e+03 1.266325831413269043e+00
6.245000000000000000e+03 1.277525544166564941e+00
6.246000000000000000e+03 1.275494933128356934e+00
6.247000000000000000e+03 1.270048260688781738e+00
6.248000000000000000e+03 1.277364850044250488e+00
6.249000000000000000e+03 1.297064065933227539e+00
6.250000000000000000e+03 1.256293296813964844e+00
6.251000000000000000e+03 1.286421298980712891e+00
6.252000000000000000e+03 1.283795118331909180e+00
6.253000000000000000e+03 1.241742134094238281e+00
6.254000000000000000e+03 1.251723885536193848e+00
6.255000000000000000e+03 1.287278771400451660e+00
6.256000000000000000e+03 1.271141409873962402e+00
6.257000000000000000e+03 1.226464509963989258e+00
6.258000000000000000e+03 1.265148401260375977e+00
6.259000000000000000e+03 1.272264480590820312e+00
6.260000000000000000e+03 1.265498876571655273e+00
6.261000000000000000e+03 1.282613992691040039e+00
6.262000000000000000e+03 1.274771690368652344e+00
6.263000000000000000e+03 1.273154258728027344e+00
6.264000000000000000e+03 1.266849756240844727e+00
6.265000000000000000e+03 1.276341319084167480e+00
6.266000000000000000e+03 1.271331787109375000e+00
6.267000000000000000e+03 1.272706747055053711e+00
6.268000000000000000e+03 1.242193460464477539e+00
6.269000000000000000e+03 1.246052503585815430e+00
6.270000000000000000e+03 1.280025482177734375e+00
6.271000000000000000e+03 1.277105927467346191e+00
6.272000000000000000e+03 1.290737032890319824e+00
6.273000000000000000e+03 1.212157249450683594e+00
6.274000000000000000e+03 1.258610606193542480e+00
6.275000000000000000e+03 1.250931262969970703e+00
6.276000000000000000e+03 1.299888610839843750e+00
6.277000000000000000e+03 1.295086145401000977e+00
6.278000000000000000e+03 1.266121506690979004e+00
6.279000000000000000e+03 1.278075337409973145e+00
6.280000000000000000e+03 1.273343324661254883e+00
6.281000000000000000e+03 1.252439737319946289e+00
6.282000000000000000e+03 1.238370060920715332e+00
6.283000000000000000e+03 1.259459733963012695e+00
6.284000000000000000e+03 1.246859073638916016e+00
6.285000000000000000e+03 1.276729345321655273e+00
6.286000000000000000e+03 1.227558851242065430e+00
6.287000000000000000e+03 1.237918019294738770e+00
6.288000000000000000e+03 1.252263784408569336e+00
6.289000000000000000e+03 1.246070623397827148e+00
6.290000000000000000e+03 1.268909811973571777e+00
6.291000000000000000e+03 1.249242901802062988e+00
6.292000000000000000e+03 1.270832300186157227e+00
6.293000000000000000e+03 1.257508158683776855e+00
6.294000000000000000e+03 1.255806207656860352e+00
6.295000000000000000e+03 1.278186678886413574e+00
6.296000000000000000e+03 1.263256311416625977e+00
6.297000000000000000e+03 1.261622548103332520e+00
6.298000000000000000e+03 1.269423246383666992e+00
6.299000000000000000e+03 1.244283080101013184e+00
6.300000000000000000e+03 1.253526449203491211e+00
6.301000000000000000e+03 1.253650903701782227e+00
6.302000000000000000e+03 1.251589179039001465e+00
6.303000000000000000e+03 1.246240019798278809e+00
6.304000000000000000e+03 1.262978434562683105e+00
6.305000000000000000e+03 1.282143115997314453e+00
6.306000000000000000e+03 1.268012642860412598e+00
6.307000000000000000e+03 1.235418319702148438e+00
6.308000000000000000e+03 1.253533124923706055e+00
6.309000000000000000e+03 1.296939730644226074e+00
6.310000000000000000e+03 1.282789587974548340e+00
6.311000000000000000e+03 1.304911613464355469e+00
6.312000000000000000e+03 1.286767959594726562e+00
6.313000000000000000e+03 1.283885478973388672e+00
6.314000000000000000e+03 1.301002025604248047e+00
6.315000000000000000e+03 1.288929343223571777e+00
6.316000000000000000e+03 1.277398347854614258e+00
6.317000000000000000e+03 1.247836351394653320e+00
6.318000000000000000e+03 1.292922019958496094e+00
6.319000000000000000e+03 1.285353541374206543e+00
6.320000000000000000e+03 1.296395063400268555e+00
6.321000000000000000e+03 1.258240580558776855e+00
6.322000000000000000e+03 1.257065534591674805e+00
6.323000000000000000e+03 1.254471063613891602e+00
6.324000000000000000e+03 1.258049488067626953e+00
6.325000000000000000e+03 1.255575776100158691e+00
6.326000000000000000e+03 1.244991779327392578e+00
6.327000000000000000e+03 1.280506849288940430e+00
6.328000000000000000e+03 1.279924392700195312e+00
6.329000000000000000e+03 1.249066829681396484e+00
6.330000000000000000e+03 1.228616476058959961e+00
6.331000000000000000e+03 1.245040655136108398e+00
6.332000000000000000e+03 1.255112290382385254e+00
6.333000000000000000e+03 1.257457256317138672e+00
6.334000000000000000e+03 1.236267924308776855e+00
6.335000000000000000e+03 1.263540267944335938e+00
6.336000000000000000e+03 1.251405596733093262e+00
6.337000000000000000e+03 1.265731573104858398e+00
6.338000000000000000e+03 1.267002344131469727e+00
6.339000000000000000e+03 1.216103553771972656e+00
6.340000000000000000e+03 1.268247604370117188e+00
6.341000000000000000e+03 1.266279578208923340e+00
6.342000000000000000e+03 1.232803702354431152e+00
6.343000000000000000e+03 1.269745111465454102e+00
6.344000000000000000e+03 1.259110689163208008e+00
6.345000000000000000e+03 1.215684652328491211e+00
6.346000000000000000e+03 1.274394154548645020e+00
6.347000000000000000e+03 1.274572372436523438e+00
6.348000000000000000e+03 1.311328172683715820e+00
6.349000000000000000e+03 1.288979053497314453e+00
6.350000000000000000e+03 1.263246655464172363e+00
6.351000000000000000e+03 1.290835499763488770e+00
6.352000000000000000e+03 1.256387352943420410e+00
6.353000000000000000e+03 1.258876562118530273e+00
6.354000000000000000e+03 1.273043870925903320e+00
6.355000000000000000e+03 1.257575631141662598e+00
6.356000000000000000e+03 1.266915798187255859e+00
6.357000000000000000e+03 1.251414537429809570e+00
6.358000000000000000e+03 1.268181085586547852e+00
6.359000000000000000e+03 1.280162334442138672e+00
6.360000000000000000e+03 1.256375789642333984e+00
6.361000000000000000e+03 1.235617041587829590e+00
6.362000000000000000e+03 1.256147742271423340e+00
6.363000000000000000e+03 1.260742902755737305e+00
6.364000000000000000e+03 1.267502665519714355e+00
6.365000000000000000e+03 1.281227111816406250e+00
6.366000000000000000e+03 1.270146369934082031e+00
6.367000000000000000e+03 1.230475187301635742e+00
6.368000000000000000e+03 1.254334568977355957e+00
6.369000000000000000e+03 1.255210041999816895e+00
6.370000000000000000e+03 1.281198382377624512e+00
6.371000000000000000e+03 1.256297349929809570e+00
6.372000000000000000e+03 1.262005925178527832e+00
6.373000000000000000e+03 1.253104925155639648e+00
6.374000000000000000e+03 1.255704879760742188e+00
6.375000000000000000e+03 1.265977501869201660e+00
6.376000000000000000e+03 1.236787557601928711e+00
6.377000000000000000e+03 1.231540441513061523e+00
6.378000000000000000e+03 1.253939151763916016e+00
6.379000000000000000e+03 1.250682830810546875e+00
6.380000000000000000e+03 1.246023654937744141e+00
6.381000000000000000e+03 1.267906785011291504e+00
6.382000000000000000e+03 1.249831080436706543e+00
6.383000000000000000e+03 1.237173080444335938e+00
6.384000000000000000e+03 1.255204796791076660e+00
6.385000000000000000e+03 1.232811450958251953e+00
6.386000000000000000e+03 1.251498937606811523e+00
6.387000000000000000e+03 1.228933095932006836e+00
6.388000000000000000e+03 1.233007907867431641e+00
6.389000000000000000e+03 1.250385522842407227e+00
6.390000000000000000e+03 1.209589362144470215e+00
6.391000000000000000e+03 1.283326387405395508e+00
6.392000000000000000e+03 1.282444000244140625e+00
6.393000000000000000e+03 1.242518663406372070e+00
6.394000000000000000e+03 1.241102218627929688e+00
6.395000000000000000e+03 1.241228461265563965e+00
6.396000000000000000e+03 1.258094549179077148e+00
6.397000000000000000e+03 1.253663063049316406e+00
6.398000000000000000e+03 1.260754346847534180e+00
6.399000000000000000e+03 1.249754905700683594e+00
6.400000000000000000e+03 1.260742425918579102e+00
6.401000000000000000e+03 1.276272296905517578e+00
6.402000000000000000e+03 1.263481974601745605e+00
6.403000000000000000e+03 1.278084278106689453e+00
6.404000000000000000e+03 1.257261514663696289e+00
6.405000000000000000e+03 1.276027560234069824e+00
6.406000000000000000e+03 1.276096820831298828e+00
6.407000000000000000e+03 1.260452270507812500e+00
6.408000000000000000e+03 1.253484964370727539e+00
6.409000000000000000e+03 1.257214069366455078e+00
6.410000000000000000e+03 1.267820596694946289e+00
6.411000000000000000e+03 1.286383271217346191e+00
6.412000000000000000e+03 1.270601630210876465e+00
6.413000000000000000e+03 1.268199086189270020e+00
6.414000000000000000e+03 1.287826061248779297e+00
6.415000000000000000e+03 1.288027524948120117e+00
6.416000000000000000e+03 1.275679707527160645e+00
6.417000000000000000e+03 1.271639347076416016e+00
6.418000000000000000e+03 1.265094876289367676e+00
6.419000000000000000e+03 1.279229640960693359e+00
6.420000000000000000e+03 1.290053129196166992e+00
6.421000000000000000e+03 1.284819960594177246e+00
6.422000000000000000e+03 1.247892737388610840e+00
6.423000000000000000e+03 1.247958421707153320e+00
6.424000000000000000e+03 1.301300525665283203e+00
6.425000000000000000e+03 1.293564319610595703e+00
6.426000000000000000e+03 1.292293190956115723e+00
6.427000000000000000e+03 1.277927637100219727e+00
6.428000000000000000e+03 1.248831748962402344e+00
6.429000000000000000e+03 1.256327271461486816e+00
6.430000000000000000e+03 1.249847888946533203e+00
6.431000000000000000e+03 1.271972656250000000e+00
6.432000000000000000e+03 1.294623255729675293e+00
6.433000000000000000e+03 1.270089268684387207e+00
6.434000000000000000e+03 1.256322383880615234e+00
6.435000000000000000e+03 1.254182100296020508e+00
6.436000000000000000e+03 1.265008330345153809e+00
6.437000000000000000e+03 1.295737504959106445e+00
6.438000000000000000e+03 1.240174889564514160e+00
6.439000000000000000e+03 1.287384390830993652e+00
6.440000000000000000e+03 1.246952056884765625e+00
6.441000000000000000e+03 1.254189491271972656e+00
6.442000000000000000e+03 1.259884715080261230e+00
6.443000000000000000e+03 1.278131365776062012e+00
6.444000000000000000e+03 1.268222570419311523e+00
6.445000000000000000e+03 1.286816835403442383e+00
6.446000000000000000e+03 1.268471121788024902e+00
6.447000000000000000e+03 1.250097990036010742e+00
6.448000000000000000e+03 1.262350082397460938e+00
6.449000000000000000e+03 1.267329335212707520e+00
6.450000000000000000e+03 1.304517865180969238e+00
6.451000000000000000e+03 1.290459871292114258e+00
6.452000000000000000e+03 1.258377194404602051e+00
6.453000000000000000e+03 1.240764260292053223e+00
6.454000000000000000e+03 1.259060382843017578e+00
6.455000000000000000e+03 1.289152503013610840e+00
6.456000000000000000e+03 1.260622859001159668e+00
6.457000000000000000e+03 1.251773953437805176e+00
6.458000000000000000e+03 1.233383178710937500e+00
6.459000000000000000e+03 1.257896661758422852e+00
6.460000000000000000e+03 1.269999265670776367e+00
6.461000000000000000e+03 1.263989448547363281e+00
6.462000000000000000e+03 1.260366082191467285e+00
6.463000000000000000e+03 1.259455323219299316e+00
6.464000000000000000e+03 1.241090297698974609e+00
6.465000000000000000e+03 1.237348079681396484e+00
6.466000000000000000e+03 1.220060706138610840e+00
6.467000000000000000e+03 1.219870805740356445e+00
6.468000000000000000e+03 1.246213197708129883e+00
6.469000000000000000e+03 1.270810365676879883e+00
6.470000000000000000e+03 1.253643751144409180e+00
6.471000000000000000e+03 1.265705347061157227e+00
6.472000000000000000e+03 1.250224709510803223e+00
6.473000000000000000e+03 1.278119325637817383e+00
6.474000000000000000e+03 1.277913093566894531e+00
6.475000000000000000e+03 1.247094869613647461e+00
6.476000000000000000e+03 1.299184441566467285e+00
6.477000000000000000e+03 1.256560802459716797e+00
6.478000000000000000e+03 1.285474061965942383e+00
6.479000000000000000e+03 1.278703331947326660e+00
6.480000000000000000e+03 1.255966901779174805e+00
6.481000000000000000e+03 1.281062245368957520e+00
6.482000000000000000e+03 1.258173942565917969e+00
6.483000000000000000e+03 1.254138946533203125e+00
6.484000000000000000e+03 1.301183938980102539e+00
6.485000000000000000e+03 1.271829247474670410e+00
6.486000000000000000e+03 1.261919617652893066e+00
6.487000000000000000e+03 1.247967004776000977e+00
6.488000000000000000e+03 1.253504037857055664e+00
6.489000000000000000e+03 1.225111246109008789e+00
6.490000000000000000e+03 1.275569200515747070e+00
6.491000000000000000e+03 1.259745478630065918e+00
6.492000000000000000e+03 1.254112601280212402e+00
6.493000000000000000e+03 1.310831427574157715e+00
6.494000000000000000e+03 1.258406996726989746e+00
6.495000000000000000e+03 1.239417552947998047e+00
6.496000000000000000e+03 1.252021312713623047e+00
6.497000000000000000e+03 1.273191094398498535e+00
6.498000000000000000e+03 1.290390729904174805e+00
6.499000000000000000e+03 1.282644271850585938e+00
6.500000000000000000e+03 1.264689683914184570e+00
6.501000000000000000e+03 1.278262376785278320e+00
6.502000000000000000e+03 1.259792327880859375e+00
6.503000000000000000e+03 1.244165897369384766e+00
6.504000000000000000e+03 1.263341426849365234e+00
6.505000000000000000e+03 1.251784324645996094e+00
6.506000000000000000e+03 1.302765250205993652e+00
6.507000000000000000e+03 1.274866938591003418e+00
6.508000000000000000e+03 1.285308837890625000e+00
6.509000000000000000e+03 1.276536941528320312e+00
6.510000000000000000e+03 1.252446770668029785e+00
6.511000000000000000e+03 1.285712003707885742e+00
6.512000000000000000e+03 1.264034748077392578e+00
6.513000000000000000e+03 1.288003563880920410e+00
6.514000000000000000e+03 1.236460089683532715e+00
6.515000000000000000e+03 1.276031970977783203e+00
6.516000000000000000e+03 1.272231459617614746e+00
6.517000000000000000e+03 1.275655746459960938e+00
6.518000000000000000e+03 1.250497460365295410e+00
6.519000000000000000e+03 1.288789033889770508e+00
6.520000000000000000e+03 1.293695092201232910e+00
6.521000000000000000e+03 1.255050659179687500e+00
6.522000000000000000e+03 1.283568263053894043e+00
6.523000000000000000e+03 1.292810916900634766e+00
6.524000000000000000e+03 1.263614535331726074e+00
6.525000000000000000e+03 1.282967925071716309e+00
6.526000000000000000e+03 1.259357571601867676e+00
6.527000000000000000e+03 1.255987405776977539e+00
6.528000000000000000e+03 1.301920056343078613e+00
6.529000000000000000e+03 1.286911010742187500e+00
6.530000000000000000e+03 1.258715867996215820e+00
6.531000000000000000e+03 1.266893148422241211e+00
6.532000000000000000e+03 1.278711676597595215e+00
6.533000000000000000e+03 1.300652742385864258e+00
6.534000000000000000e+03 1.242674946784973145e+00
6.535000000000000000e+03 1.259652495384216309e+00
6.536000000000000000e+03 1.236104488372802734e+00
6.537000000000000000e+03 1.275915980339050293e+00
6.538000000000000000e+03 1.249619007110595703e+00
6.539000000000000000e+03 1.280791521072387695e+00
6.540000000000000000e+03 1.220233440399169922e+00
6.541000000000000000e+03 1.240036010742187500e+00
6.542000000000000000e+03 1.266741037368774414e+00
6.543000000000000000e+03 1.251262426376342773e+00
6.544000000000000000e+03 1.261095046997070312e+00
6.545000000000000000e+03 1.256346821784973145e+00
6.546000000000000000e+03 1.251945853233337402e+00
6.547000000000000000e+03 1.241618275642395020e+00
6.548000000000000000e+03 1.236111760139465332e+00
6.549000000000000000e+03 1.273261189460754395e+00
6.550000000000000000e+03 1.258568048477172852e+00
6.551000000000000000e+03 1.276622295379638672e+00
6.552000000000000000e+03 1.278730392456054688e+00
6.553000000000000000e+03 1.249510049819946289e+00
6.554000000000000000e+03 1.298159837722778320e+00
6.555000000000000000e+03 1.259439706802368164e+00
6.556000000000000000e+03 1.253518819808959961e+00
6.557000000000000000e+03 1.226346015930175781e+00
6.558000000000000000e+03 1.249802708625793457e+00
6.559000000000000000e+03 1.225333929061889648e+00
6.560000000000000000e+03 1.267051696777343750e+00
6.561000000000000000e+03 1.285740613937377930e+00
6.562000000000000000e+03 1.294909954071044922e+00
6.563000000000000000e+03 1.277753114700317383e+00
6.564000000000000000e+03 1.273309946060180664e+00
6.565000000000000000e+03 1.277231931686401367e+00
6.566000000000000000e+03 1.281605958938598633e+00
6.567000000000000000e+03 1.260543346405029297e+00
6.568000000000000000e+03 1.259464263916015625e+00
6.569000000000000000e+03 1.246545314788818359e+00
6.570000000000000000e+03 1.250276803970336914e+00
6.571000000000000000e+03 1.282159209251403809e+00
6.572000000000000000e+03 1.264613151550292969e+00
6.573000000000000000e+03 1.279116392135620117e+00
6.574000000000000000e+03 1.238667011260986328e+00
6.575000000000000000e+03 1.251221418380737305e+00
6.576000000000000000e+03 1.243855953216552734e+00
6.577000000000000000e+03 1.256027221679687500e+00
6.578000000000000000e+03 1.245822072029113770e+00
6.579000000000000000e+03 1.262754917144775391e+00
6.580000000000000000e+03 1.218369483947753906e+00
6.581000000000000000e+03 1.228611350059509277e+00
6.582000000000000000e+03 1.261859536170959473e+00
6.583000000000000000e+03 1.256866931915283203e+00
6.584000000000000000e+03 1.244497299194335938e+00
6.585000000000000000e+03 1.239547014236450195e+00
6.586000000000000000e+03 1.258322596549987793e+00
6.587000000000000000e+03 1.231666803359985352e+00
6.588000000000000000e+03 1.239757299423217773e+00
6.589000000000000000e+03 1.245980739593505859e+00
6.590000000000000000e+03 1.241446971893310547e+00
6.591000000000000000e+03 1.232536673545837402e+00
6.592000000000000000e+03 1.272873044013977051e+00
6.593000000000000000e+03 1.271857261657714844e+00
6.594000000000000000e+03 1.246198654174804688e+00
6.595000000000000000e+03 1.276539087295532227e+00
6.596000000000000000e+03 1.246612191200256348e+00
6.597000000000000000e+03 1.240776419639587402e+00
6.598000000000000000e+03 1.232381463050842285e+00
6.599000000000000000e+03 1.236596107482910156e+00
6.600000000000000000e+03 1.231760144233703613e+00
6.601000000000000000e+03 1.241607904434204102e+00
6.602000000000000000e+03 1.245734572410583496e+00
6.603000000000000000e+03 1.256912469863891602e+00
6.604000000000000000e+03 1.274865150451660156e+00
6.605000000000000000e+03 1.250315189361572266e+00
6.606000000000000000e+03 1.251485109329223633e+00
6.607000000000000000e+03 1.285061359405517578e+00
6.608000000000000000e+03 1.303091287612915039e+00
6.609000000000000000e+03 1.249073743820190430e+00
6.610000000000000000e+03 1.234303951263427734e+00
6.611000000000000000e+03 1.259086608886718750e+00
6.612000000000000000e+03 1.254845738410949707e+00
6.613000000000000000e+03 1.270629525184631348e+00
6.614000000000000000e+03 1.253360152244567871e+00
6.615000000000000000e+03 1.264345884323120117e+00
6.616000000000000000e+03 1.256911754608154297e+00
6.617000000000000000e+03 1.246460318565368652e+00
6.618000000000000000e+03 1.218525648117065430e+00
6.619000000000000000e+03 1.220052242279052734e+00
6.620000000000000000e+03 1.261979937553405762e+00
6.621000000000000000e+03 1.243851780891418457e+00
6.622000000000000000e+03 1.276286602020263672e+00
6.623000000000000000e+03 1.273433923721313477e+00
6.624000000000000000e+03 1.276442766189575195e+00
6.625000000000000000e+03 1.268110752105712891e+00
6.626000000000000000e+03 1.233055114746093750e+00
6.627000000000000000e+03 1.238632440567016602e+00
6.628000000000000000e+03 1.262045025825500488e+00
6.629000000000000000e+03 1.233122587203979492e+00
6.630000000000000000e+03 1.272798418998718262e+00
6.631000000000000000e+03 1.264390707015991211e+00
6.632000000000000000e+03 1.303728103637695312e+00
6.633000000000000000e+03 1.245735645294189453e+00
6.634000000000000000e+03 1.260678648948669434e+00
6.635000000000000000e+03 1.270615220069885254e+00
6.636000000000000000e+03 1.252697706222534180e+00
6.637000000000000000e+03 1.264067053794860840e+00
6.638000000000000000e+03 1.250424385070800781e+00
6.639000000000000000e+03 1.234990596771240234e+00
6.640000000000000000e+03 1.281699895858764648e+00
6.641000000000000000e+03 1.260371565818786621e+00
6.642000000000000000e+03 1.289766788482666016e+00
6.643000000000000000e+03 1.264973402023315430e+00
6.644000000000000000e+03 1.271999359130859375e+00
6.645000000000000000e+03 1.278503894805908203e+00
6.646000000000000000e+03 1.269579052925109863e+00
6.647000000000000000e+03 1.302229762077331543e+00
6.648000000000000000e+03 1.282056093215942383e+00
6.649000000000000000e+03 1.310896039009094238e+00
6.650000000000000000e+03 1.318450689315795898e+00
6.651000000000000000e+03 1.290261030197143555e+00
6.652000000000000000e+03 1.303207159042358398e+00
6.653000000000000000e+03 1.297107458114624023e+00
6.654000000000000000e+03 1.296434164047241211e+00
6.655000000000000000e+03 1.292279720306396484e+00
6.656000000000000000e+03 1.282542943954467773e+00
6.657000000000000000e+03 1.299907207489013672e+00
6.658000000000000000e+03 1.260001063346862793e+00
6.659000000000000000e+03 1.293895244598388672e+00
6.660000000000000000e+03 1.295414805412292480e+00
6.661000000000000000e+03 1.283422231674194336e+00
6.662000000000000000e+03 1.317914366722106934e+00
6.663000000000000000e+03 1.310609340667724609e+00
6.664000000000000000e+03 1.331611633300781250e+00
6.665000000000000000e+03 1.306953072547912598e+00
6.666000000000000000e+03 1.268894076347351074e+00
6.667000000000000000e+03 1.283957362174987793e+00
6.668000000000000000e+03 1.287683367729187012e+00
6.669000000000000000e+03 1.278100490570068359e+00
6.670000000000000000e+03 1.259893655776977539e+00
6.671000000000000000e+03 1.275384783744812012e+00
6.672000000000000000e+03 1.261912703514099121e+00
6.673000000000000000e+03 1.260397195816040039e+00
6.674000000000000000e+03 1.271713495254516602e+00
6.675000000000000000e+03 1.247672677040100098e+00
6.676000000000000000e+03 1.234206557273864746e+00
6.677000000000000000e+03 1.276608228683471680e+00
6.678000000000000000e+03 1.266128897666931152e+00
6.679000000000000000e+03 1.258540868759155273e+00
6.680000000000000000e+03 1.246008038520812988e+00
6.681000000000000000e+03 1.263419389724731445e+00
6.682000000000000000e+03 1.257346391677856445e+00
6.683000000000000000e+03 1.259810209274291992e+00
6.684000000000000000e+03 1.251735329627990723e+00
6.685000000000000000e+03 1.284232139587402344e+00
6.686000000000000000e+03 1.274256467819213867e+00
6.687000000000000000e+03 1.276691317558288574e+00
6.688000000000000000e+03 1.280539035797119141e+00
6.689000000000000000e+03 1.269235014915466309e+00
6.690000000000000000e+03 1.257935762405395508e+00
6.691000000000000000e+03 1.273471355438232422e+00
6.692000000000000000e+03 1.271629452705383301e+00
6.693000000000000000e+03 1.257083892822265625e+00
6.694000000000000000e+03 1.258428215980529785e+00
6.695000000000000000e+03 1.249552249908447266e+00
6.696000000000000000e+03 1.258786201477050781e+00
6.697000000000000000e+03 1.259861230850219727e+00
6.698000000000000000e+03 1.298542976379394531e+00
6.699000000000000000e+03 1.264551758766174316e+00
6.700000000000000000e+03 1.239833354949951172e+00
6.701000000000000000e+03 1.263847351074218750e+00
6.702000000000000000e+03 1.257762908935546875e+00
6.703000000000000000e+03 1.241200566291809082e+00
6.704000000000000000e+03 1.257698297500610352e+00
6.705000000000000000e+03 1.271514177322387695e+00
6.706000000000000000e+03 1.281780362129211426e+00
6.707000000000000000e+03 1.260677337646484375e+00
6.708000000000000000e+03 1.276807665824890137e+00
6.709000000000000000e+03 1.251316189765930176e+00
6.710000000000000000e+03 1.291969060897827148e+00
6.711000000000000000e+03 1.304921627044677734e+00
6.712000000000000000e+03 1.267309188842773438e+00
6.713000000000000000e+03 1.288585066795349121e+00
6.714000000000000000e+03 1.284778237342834473e+00
6.715000000000000000e+03 1.257870078086853027e+00
6.716000000000000000e+03 1.291290044784545898e+00
6.717000000000000000e+03 1.246655344963073730e+00
6.718000000000000000e+03 1.271164894104003906e+00
6.719000000000000000e+03 1.286118865013122559e+00
6.720000000000000000e+03 1.302543520927429199e+00
6.721000000000000000e+03 1.277688860893249512e+00
6.722000000000000000e+03 1.247576951980590820e+00
6.723000000000000000e+03 1.271599769592285156e+00
6.724000000000000000e+03 1.297535419464111328e+00
6.725000000000000000e+03 1.276038646697998047e+00
6.726000000000000000e+03 1.285219311714172363e+00
6.727000000000000000e+03 1.295754671096801758e+00
6.728000000000000000e+03 1.289355278015136719e+00
6.729000000000000000e+03 1.289952516555786133e+00
6.730000000000000000e+03 1.309715032577514648e+00
6.731000000000000000e+03 1.267255425453186035e+00
6.732000000000000000e+03 1.280120372772216797e+00
6.733000000000000000e+03 1.272638797760009766e+00
6.734000000000000000e+03 1.304316282272338867e+00
6.735000000000000000e+03 1.271460652351379395e+00
6.736000000000000000e+03 1.265128493309020996e+00
6.737000000000000000e+03 1.269878268241882324e+00
6.738000000000000000e+03 1.282612442970275879e+00
6.739000000000000000e+03 1.275068521499633789e+00
6.740000000000000000e+03 1.298168301582336426e+00
6.741000000000000000e+03 1.274677515029907227e+00
6.742000000000000000e+03 1.271047592163085938e+00
6.743000000000000000e+03 1.289752721786499023e+00
6.744000000000000000e+03 1.281725883483886719e+00
6.745000000000000000e+03 1.291790485382080078e+00
6.746000000000000000e+03 1.288725018501281738e+00
6.747000000000000000e+03 1.284947395324707031e+00
6.748000000000000000e+03 1.286894559860229492e+00
6.749000000000000000e+03 1.299258708953857422e+00
6.750000000000000000e+03 1.269557833671569824e+00
6.751000000000000000e+03 1.299103140830993652e+00
6.752000000000000000e+03 1.302146673202514648e+00
6.753000000000000000e+03 1.296194434165954590e+00
6.754000000000000000e+03 1.252034664154052734e+00
6.755000000000000000e+03 1.285525560379028320e+00
6.756000000000000000e+03 1.285835623741149902e+00
6.757000000000000000e+03 1.271254181861877441e+00
6.758000000000000000e+03 1.289468288421630859e+00
6.759000000000000000e+03 1.250528812408447266e+00
6.760000000000000000e+03 1.259738683700561523e+00
6.761000000000000000e+03 1.253975987434387207e+00
6.762000000000000000e+03 1.262055158615112305e+00
6.763000000000000000e+03 1.243059396743774414e+00
6.764000000000000000e+03 1.301151871681213379e+00
6.765000000000000000e+03 1.323589324951171875e+00
6.766000000000000000e+03 1.269719719886779785e+00
6.767000000000000000e+03 1.265389800071716309e+00
6.768000000000000000e+03 1.322223305702209473e+00
6.769000000000000000e+03 1.292613387107849121e+00
6.770000000000000000e+03 1.300145149230957031e+00
6.771000000000000000e+03 1.273878455162048340e+00
6.772000000000000000e+03 1.268261194229125977e+00
6.773000000000000000e+03 1.288501501083374023e+00
6.774000000000000000e+03 1.255142211914062500e+00
6.775000000000000000e+03 1.271150350570678711e+00
6.776000000000000000e+03 1.300708055496215820e+00
6.777000000000000000e+03 1.253008127212524414e+00
6.778000000000000000e+03 1.278259158134460449e+00
6.779000000000000000e+03 1.315365314483642578e+00
6.780000000000000000e+03 1.259179353713989258e+00
6.781000000000000000e+03 1.298081636428833008e+00
6.782000000000000000e+03 1.279677033424377441e+00
6.783000000000000000e+03 1.280731916427612305e+00
6.784000000000000000e+03 1.262136697769165039e+00
6.785000000000000000e+03 1.268695712089538574e+00
6.786000000000000000e+03 1.268957376480102539e+00
6.787000000000000000e+03 1.246061086654663086e+00
6.788000000000000000e+03 1.267161965370178223e+00
6.789000000000000000e+03 1.239693641662597656e+00
6.790000000000000000e+03 1.260388016700744629e+00
6.791000000000000000e+03 1.274886727333068848e+00
6.792000000000000000e+03 1.270328760147094727e+00
6.793000000000000000e+03 1.240983009338378906e+00
6.794000000000000000e+03 1.248118996620178223e+00
6.795000000000000000e+03 1.269104480743408203e+00
6.796000000000000000e+03 1.290285825729370117e+00
6.797000000000000000e+03 1.245798945426940918e+00
6.798000000000000000e+03 1.280925989151000977e+00
6.799000000000000000e+03 1.279644489288330078e+00
6.800000000000000000e+03 1.258158683776855469e+00
6.801000000000000000e+03 1.285348534584045410e+00
6.802000000000000000e+03 1.287425279617309570e+00
6.803000000000000000e+03 1.293293476104736328e+00
6.804000000000000000e+03 1.306541681289672852e+00
6.805000000000000000e+03 1.303165793418884277e+00
6.806000000000000000e+03 1.254291772842407227e+00
6.807000000000000000e+03 1.263035893440246582e+00
6.808000000000000000e+03 1.285800457000732422e+00
6.809000000000000000e+03 1.273564100265502930e+00
6.810000000000000000e+03 1.297739028930664062e+00
6.811000000000000000e+03 1.291840076446533203e+00
6.812000000000000000e+03 1.299295544624328613e+00
6.813000000000000000e+03 1.291905045509338379e+00
6.814000000000000000e+03 1.299654722213745117e+00
6.815000000000000000e+03 1.311859369277954102e+00
6.816000000000000000e+03 1.289744377136230469e+00
6.817000000000000000e+03 1.288957357406616211e+00
6.818000000000000000e+03 1.313567399978637695e+00
6.819000000000000000e+03 1.290441393852233887e+00
6.820000000000000000e+03 1.305097103118896484e+00
6.821000000000000000e+03 1.285803318023681641e+00
6.822000000000000000e+03 1.308646678924560547e+00
6.823000000000000000e+03 1.290842294692993164e+00
6.824000000000000000e+03 1.317773818969726562e+00
6.825000000000000000e+03 1.301059007644653320e+00
6.826000000000000000e+03 1.312762737274169922e+00
6.827000000000000000e+03 1.300409555435180664e+00
6.828000000000000000e+03 1.298026323318481445e+00
6.829000000000000000e+03 1.292410731315612793e+00
6.830000000000000000e+03 1.301191806793212891e+00
6.831000000000000000e+03 1.295506834983825684e+00
6.832000000000000000e+03 1.311398506164550781e+00
6.833000000000000000e+03 1.279014945030212402e+00
6.834000000000000000e+03 1.277822971343994141e+00
6.835000000000000000e+03 1.334143400192260742e+00
6.836000000000000000e+03 1.300487875938415527e+00
6.837000000000000000e+03 1.291077017784118652e+00
6.838000000000000000e+03 1.312556982040405273e+00
6.839000000000000000e+03 1.298148870468139648e+00
6.840000000000000000e+03 1.304036140441894531e+00
6.841000000000000000e+03 1.327443003654479980e+00
6.842000000000000000e+03 1.317457675933837891e+00
6.843000000000000000e+03 1.304615855216979980e+00
6.844000000000000000e+03 1.310403704643249512e+00
6.845000000000000000e+03 1.295436382293701172e+00
6.846000000000000000e+03 1.288484930992126465e+00
6.847000000000000000e+03 1.312215924263000488e+00
6.848000000000000000e+03 1.270062804222106934e+00
6.849000000000000000e+03 1.289134144783020020e+00
6.850000000000000000e+03 1.293707966804504395e+00
6.851000000000000000e+03 1.333328366279602051e+00
6.852000000000000000e+03 1.287947654724121094e+00
6.853000000000000000e+03 1.305903315544128418e+00
6.854000000000000000e+03 1.299677371978759766e+00
6.855000000000000000e+03 1.325196504592895508e+00
6.856000000000000000e+03 1.290103912353515625e+00
6.857000000000000000e+03 1.291122198104858398e+00
6.858000000000000000e+03 1.294502258300781250e+00
6.859000000000000000e+03 1.311153769493103027e+00
6.860000000000000000e+03 1.325011491775512695e+00
6.861000000000000000e+03 1.297861814498901367e+00
6.862000000000000000e+03 1.284470796585083008e+00
6.863000000000000000e+03 1.277618885040283203e+00
6.864000000000000000e+03 1.307567477226257324e+00
6.865000000000000000e+03 1.325813293457031250e+00
6.866000000000000000e+03 1.290516138076782227e+00
6.867000000000000000e+03 1.312897682189941406e+00
6.868000000000000000e+03 1.288816690444946289e+00
6.869000000000000000e+03 1.291508436203002930e+00
6.870000000000000000e+03 1.297954320907592773e+00
6.871000000000000000e+03 1.301381468772888184e+00
6.872000000000000000e+03 1.279256224632263184e+00
6.873000000000000000e+03 1.263715624809265137e+00
6.874000000000000000e+03 1.300302505493164062e+00
6.875000000000000000e+03 1.292235612869262695e+00
6.876000000000000000e+03 1.307066917419433594e+00
6.877000000000000000e+03 1.317481637001037598e+00
6.878000000000000000e+03 1.310842514038085938e+00
6.879000000000000000e+03 1.283411979675292969e+00
6.880000000000000000e+03 1.303860306739807129e+00
6.881000000000000000e+03 1.294019222259521484e+00
6.882000000000000000e+03 1.307162880897521973e+00
6.883000000000000000e+03 1.313835382461547852e+00
6.884000000000000000e+03 1.285945415496826172e+00
6.885000000000000000e+03 1.279704451560974121e+00
6.886000000000000000e+03 1.305554389953613281e+00
6.887000000000000000e+03 1.289823651313781738e+00
6.888000000000000000e+03 1.320971012115478516e+00
6.889000000000000000e+03 1.322080135345458984e+00
6.890000000000000000e+03 1.328149080276489258e+00
6.891000000000000000e+03 1.317315340042114258e+00
6.892000000000000000e+03 1.293175578117370605e+00
6.893000000000000000e+03 1.332818269729614258e+00
6.894000000000000000e+03 1.280196905136108398e+00
6.895000000000000000e+03 1.315386533737182617e+00
6.896000000000000000e+03 1.307148456573486328e+00
6.897000000000000000e+03 1.278353452682495117e+00
6.898000000000000000e+03 1.306203365325927734e+00
6.899000000000000000e+03 1.288858532905578613e+00
6.900000000000000000e+03 1.299029827117919922e+00
6.901000000000000000e+03 1.305090546607971191e+00
6.902000000000000000e+03 1.280183076858520508e+00
6.903000000000000000e+03 1.300544619560241699e+00
6.904000000000000000e+03 1.284853816032409668e+00
6.905000000000000000e+03 1.336074829101562500e+00
6.906000000000000000e+03 1.331340551376342773e+00
6.907000000000000000e+03 1.329832911491394043e+00
6.908000000000000000e+03 1.314686894416809082e+00
6.909000000000000000e+03 1.314265727996826172e+00
6.910000000000000000e+03 1.285247087478637695e+00
6.911000000000000000e+03 1.331616401672363281e+00
6.912000000000000000e+03 1.296943664550781250e+00
6.913000000000000000e+03 1.320522308349609375e+00
6.914000000000000000e+03 1.309376478195190430e+00
6.915000000000000000e+03 1.330564975738525391e+00
6.916000000000000000e+03 1.303765535354614258e+00
6.917000000000000000e+03 1.277662396430969238e+00
6.918000000000000000e+03 1.270575881004333496e+00
6.919000000000000000e+03 1.340065360069274902e+00
6.920000000000000000e+03 1.328250169754028320e+00
6.921000000000000000e+03 1.310246229171752930e+00
6.922000000000000000e+03 1.312518954277038574e+00
6.923000000000000000e+03 1.307707548141479492e+00
6.924000000000000000e+03 1.296732664108276367e+00
6.925000000000000000e+03 1.324875235557556152e+00
6.926000000000000000e+03 1.317130327224731445e+00
6.927000000000000000e+03 1.308465123176574707e+00
6.928000000000000000e+03 1.316383838653564453e+00
6.929000000000000000e+03 1.278696537017822266e+00
6.930000000000000000e+03 1.281495809555053711e+00
6.931000000000000000e+03 1.305309891700744629e+00
6.932000000000000000e+03 1.260342597961425781e+00
6.933000000000000000e+03 1.305679559707641602e+00
6.934000000000000000e+03 1.274758338928222656e+00
6.935000000000000000e+03 1.287275433540344238e+00
6.936000000000000000e+03 1.316151618957519531e+00
6.937000000000000000e+03 1.276992559432983398e+00
6.938000000000000000e+03 1.319871425628662109e+00
6.939000000000000000e+03 1.295177221298217773e+00
6.940000000000000000e+03 1.298233032226562500e+00
6.941000000000000000e+03 1.271730422973632812e+00
6.942000000000000000e+03 1.297551631927490234e+00
6.943000000000000000e+03 1.318370699882507324e+00
6.944000000000000000e+03 1.306557893753051758e+00
6.945000000000000000e+03 1.284978032112121582e+00
6.946000000000000000e+03 1.285793542861938477e+00
6.947000000000000000e+03 1.290901780128479004e+00
6.948000000000000000e+03 1.285867810249328613e+00
6.949000000000000000e+03 1.313247919082641602e+00
6.950000000000000000e+03 1.304938077926635742e+00
6.951000000000000000e+03 1.285763502120971680e+00
6.952000000000000000e+03 1.281502246856689453e+00
6.953000000000000000e+03 1.319378256797790527e+00
6.954000000000000000e+03 1.304515123367309570e+00
6.955000000000000000e+03 1.289193391799926758e+00
6.956000000000000000e+03 1.301421284675598145e+00
6.957000000000000000e+03 1.281392216682434082e+00
6.958000000000000000e+03 1.292066693305969238e+00
6.959000000000000000e+03 1.271771907806396484e+00
6.960000000000000000e+03 1.304681777954101562e+00
6.961000000000000000e+03 1.293248176574707031e+00
6.962000000000000000e+03 1.304167032241821289e+00
6.963000000000000000e+03 1.294344782829284668e+00
6.964000000000000000e+03 1.268013358116149902e+00
6.965000000000000000e+03 1.323957681655883789e+00
6.966000000000000000e+03 1.291438221931457520e+00
6.967000000000000000e+03 1.295973539352416992e+00
6.968000000000000000e+03 1.295476555824279785e+00
6.969000000000000000e+03 1.300348520278930664e+00
6.970000000000000000e+03 1.304486632347106934e+00
6.971000000000000000e+03 1.298558115959167480e+00
6.972000000000000000e+03 1.306379437446594238e+00
6.973000000000000000e+03 1.306283235549926758e+00
6.974000000000000000e+03 1.293679714202880859e+00
6.975000000000000000e+03 1.298107862472534180e+00
6.976000000000000000e+03 1.288208723068237305e+00
6.977000000000000000e+03 1.296395182609558105e+00
6.978000000000000000e+03 1.322260260581970215e+00
6.979000000000000000e+03 1.305431842803955078e+00
6.980000000000000000e+03 1.318113446235656738e+00
6.981000000000000000e+03 1.284954071044921875e+00
6.982000000000000000e+03 1.288913130760192871e+00
6.983000000000000000e+03 1.239948749542236328e+00
6.984000000000000000e+03 1.293950796127319336e+00
6.985000000000000000e+03 1.259265065193176270e+00
6.986000000000000000e+03 1.284370779991149902e+00
6.987000000000000000e+03 1.279976010322570801e+00
6.988000000000000000e+03 1.269857048988342285e+00
6.989000000000000000e+03 1.277337312698364258e+00
6.990000000000000000e+03 1.252421498298645020e+00
6.991000000000000000e+03 1.257423639297485352e+00
6.992000000000000000e+03 1.268097877502441406e+00
6.993000000000000000e+03 1.297897219657897949e+00
6.994000000000000000e+03 1.297349691390991211e+00
6.995000000000000000e+03 1.272880554199218750e+00
6.996000000000000000e+03 1.278644084930419922e+00
6.997000000000000000e+03 1.281380176544189453e+00
6.998000000000000000e+03 1.276114821434020996e+00
6.999000000000000000e+03 1.314217567443847656e+00
7.000000000000000000e+03 1.299216151237487793e+00
7.001000000000000000e+03 1.257253646850585938e+00
7.002000000000000000e+03 1.299287915229797363e+00
7.003000000000000000e+03 1.314874887466430664e+00
7.004000000000000000e+03 1.288119316101074219e+00
7.005000000000000000e+03 1.305508494377136230e+00
7.006000000000000000e+03 1.305597186088562012e+00
7.007000000000000000e+03 1.315489530563354492e+00
7.008000000000000000e+03 1.311064243316650391e+00
7.009000000000000000e+03 1.317479848861694336e+00
7.010000000000000000e+03 1.281427025794982910e+00
7.011000000000000000e+03 1.271628499031066895e+00
7.012000000000000000e+03 1.282224774360656738e+00
7.013000000000000000e+03 1.282917976379394531e+00
7.014000000000000000e+03 1.305551886558532715e+00
7.015000000000000000e+03 1.328531861305236816e+00
7.016000000000000000e+03 1.303753376007080078e+00
7.017000000000000000e+03 1.288610816001892090e+00
7.018000000000000000e+03 1.253254890441894531e+00
7.019000000000000000e+03 1.299933314323425293e+00
7.020000000000000000e+03 1.290347099304199219e+00
7.021000000000000000e+03 1.329345822334289551e+00
7.022000000000000000e+03 1.320457696914672852e+00
7.023000000000000000e+03 1.315310835838317871e+00
7.024000000000000000e+03 1.298189640045166016e+00
7.025000000000000000e+03 1.304118633270263672e+00
7.026000000000000000e+03 1.296089410781860352e+00
7.027000000000000000e+03 1.309500336647033691e+00
7.028000000000000000e+03 1.330609440803527832e+00
7.029000000000000000e+03 1.334820628166198730e+00
7.030000000000000000e+03 1.298573493957519531e+00
7.031000000000000000e+03 1.307525038719177246e+00
7.032000000000000000e+03 1.284024238586425781e+00
7.033000000000000000e+03 1.297463536262512207e+00
7.034000000000000000e+03 1.307395458221435547e+00
7.035000000000000000e+03 1.286980986595153809e+00
7.036000000000000000e+03 1.281739950180053711e+00
7.037000000000000000e+03 1.317240953445434570e+00
7.038000000000000000e+03 1.336711287498474121e+00
7.039000000000000000e+03 1.306981801986694336e+00
7.040000000000000000e+03 1.311892271041870117e+00
7.041000000000000000e+03 1.320588588714599609e+00
7.042000000000000000e+03 1.302739858627319336e+00
7.043000000000000000e+03 1.309662222862243652e+00
7.044000000000000000e+03 1.261960148811340332e+00
7.045000000000000000e+03 1.259387135505676270e+00
7.046000000000000000e+03 1.260207056999206543e+00
7.047000000000000000e+03 1.267066001892089844e+00
7.048000000000000000e+03 1.231948018074035645e+00
7.049000000000000000e+03 1.287902235984802246e+00
7.050000000000000000e+03 1.264958500862121582e+00
7.051000000000000000e+03 1.284840464591979980e+00
7.052000000000000000e+03 1.263661742210388184e+00
7.053000000000000000e+03 1.293696641921997070e+00
7.054000000000000000e+03 1.279105424880981445e+00
7.055000000000000000e+03 1.301225066184997559e+00
7.056000000000000000e+03 1.289736986160278320e+00
7.057000000000000000e+03 1.289559602737426758e+00
7.058000000000000000e+03 1.330262303352355957e+00
7.059000000000000000e+03 1.238832592964172363e+00
7.060000000000000000e+03 1.253866791725158691e+00
7.061000000000000000e+03 1.296411395072937012e+00
7.062000000000000000e+03 1.304327726364135742e+00
7.063000000000000000e+03 1.282713055610656738e+00
7.064000000000000000e+03 1.306909799575805664e+00
7.065000000000000000e+03 1.288122177124023438e+00
7.066000000000000000e+03 1.318189024925231934e+00
7.067000000000000000e+03 1.288459300994873047e+00
7.068000000000000000e+03 1.280495643615722656e+00
7.069000000000000000e+03 1.246375799179077148e+00
7.070000000000000000e+03 1.291285037994384766e+00
7.071000000000000000e+03 1.284562826156616211e+00
7.072000000000000000e+03 1.305090188980102539e+00
7.073000000000000000e+03 1.306165337562561035e+00
7.074000000000000000e+03 1.333481550216674805e+00
7.075000000000000000e+03 1.302103281021118164e+00
7.076000000000000000e+03 1.334145188331604004e+00
7.077000000000000000e+03 1.311837196350097656e+00
7.078000000000000000e+03 1.321074128150939941e+00
7.079000000000000000e+03 1.302834033966064453e+00
7.080000000000000000e+03 1.288140535354614258e+00
7.081000000000000000e+03 1.320970654487609863e+00
7.082000000000000000e+03 1.301037907600402832e+00
7.083000000000000000e+03 1.293322563171386719e+00
7.084000000000000000e+03 1.305476784706115723e+00
7.085000000000000000e+03 1.288645505905151367e+00
7.086000000000000000e+03 1.281347990036010742e+00
7.087000000000000000e+03 1.272801637649536133e+00
7.088000000000000000e+03 1.283946275711059570e+00
7.089000000000000000e+03 1.279369711875915527e+00
7.090000000000000000e+03 1.250389337539672852e+00
7.091000000000000000e+03 1.270380020141601562e+00
7.092000000000000000e+03 1.278030157089233398e+00
7.093000000000000000e+03 1.301890373229980469e+00
7.094000000000000000e+03 1.300837516784667969e+00
7.095000000000000000e+03 1.294693112373352051e+00
7.096000000000000000e+03 1.294674873352050781e+00
7.097000000000000000e+03 1.306502342224121094e+00
7.098000000000000000e+03 1.285458564758300781e+00
7.099000000000000000e+03 1.296264290809631348e+00
7.100000000000000000e+03 1.287521362304687500e+00
7.101000000000000000e+03 1.316167593002319336e+00
7.102000000000000000e+03 1.302812576293945312e+00
7.103000000000000000e+03 1.338801503181457520e+00
7.104000000000000000e+03 1.292810082435607910e+00
7.105000000000000000e+03 1.293528437614440918e+00
7.106000000000000000e+03 1.266105771064758301e+00
7.107000000000000000e+03 1.291899204254150391e+00
7.108000000000000000e+03 1.276026129722595215e+00
7.109000000000000000e+03 1.327345371246337891e+00
7.110000000000000000e+03 1.292330265045166016e+00
7.111000000000000000e+03 1.306783795356750488e+00
7.112000000000000000e+03 1.290807843208312988e+00
7.113000000000000000e+03 1.342715382575988770e+00
7.114000000000000000e+03 1.289544463157653809e+00
7.115000000000000000e+03 1.283400297164916992e+00
7.116000000000000000e+03 1.240518808364868164e+00
7.117000000000000000e+03 1.300894498825073242e+00
7.118000000000000000e+03 1.303646564483642578e+00
7.119000000000000000e+03 1.272500395774841309e+00
7.120000000000000000e+03 1.285028338432312012e+00
7.121000000000000000e+03 1.275182485580444336e+00
7.122000000000000000e+03 1.250888347625732422e+00
7.123000000000000000e+03 1.251945614814758301e+00
7.124000000000000000e+03 1.264598965644836426e+00
7.125000000000000000e+03 1.275772333145141602e+00
7.126000000000000000e+03 1.269260644912719727e+00
7.127000000000000000e+03 1.263854622840881348e+00
7.128000000000000000e+03 1.291581273078918457e+00
7.129000000000000000e+03 1.291231870651245117e+00
7.130000000000000000e+03 1.278968334197998047e+00
7.131000000000000000e+03 1.261223554611206055e+00
7.132000000000000000e+03 1.272649526596069336e+00
7.133000000000000000e+03 1.250341415405273438e+00
7.134000000000000000e+03 1.238826274871826172e+00
7.135000000000000000e+03 1.263892173767089844e+00
7.136000000000000000e+03 1.263233900070190430e+00
7.137000000000000000e+03 1.264884114265441895e+00
7.138000000000000000e+03 1.293775320053100586e+00
7.139000000000000000e+03 1.241469979286193848e+00
7.140000000000000000e+03 1.273563623428344727e+00
7.141000000000000000e+03 1.237452983856201172e+00
7.142000000000000000e+03 1.263255476951599121e+00
7.143000000000000000e+03 1.266118407249450684e+00
7.144000000000000000e+03 1.235107779502868652e+00
7.145000000000000000e+03 1.275409102439880371e+00
7.146000000000000000e+03 1.292106032371520996e+00
7.147000000000000000e+03 1.263836622238159180e+00
7.148000000000000000e+03 1.266240119934082031e+00
7.149000000000000000e+03 1.282774567604064941e+00
7.150000000000000000e+03 1.232623457908630371e+00
7.151000000000000000e+03 1.289985895156860352e+00
7.152000000000000000e+03 1.237154603004455566e+00
7.153000000000000000e+03 1.264657735824584961e+00
7.154000000000000000e+03 1.244931459426879883e+00
7.155000000000000000e+03 1.236043691635131836e+00
7.156000000000000000e+03 1.250257015228271484e+00
7.157000000000000000e+03 1.269925713539123535e+00
7.158000000000000000e+03 1.265831232070922852e+00
7.159000000000000000e+03 1.218782663345336914e+00
7.160000000000000000e+03 1.258994579315185547e+00
7.161000000000000000e+03 1.272990584373474121e+00
7.162000000000000000e+03 1.249557733535766602e+00
7.163000000000000000e+03 1.238815665245056152e+00
7.164000000000000000e+03 1.251682639122009277e+00
7.165000000000000000e+03 1.283822298049926758e+00
7.166000000000000000e+03 1.300848484039306641e+00
7.167000000000000000e+03 1.273353099822998047e+00
7.168000000000000000e+03 1.259270548820495605e+00
7.169000000000000000e+03 1.224732875823974609e+00
7.170000000000000000e+03 1.225545167922973633e+00
7.171000000000000000e+03 1.280860900878906250e+00
7.172000000000000000e+03 1.236347794532775879e+00
7.173000000000000000e+03 1.249125003814697266e+00
7.174000000000000000e+03 1.264470100402832031e+00
7.175000000000000000e+03 1.247619390487670898e+00
7.176000000000000000e+03 1.255908966064453125e+00
7.177000000000000000e+03 1.259681463241577148e+00
7.178000000000000000e+03 1.270560979843139648e+00
7.179000000000000000e+03 1.246670722961425781e+00
7.180000000000000000e+03 1.268038630485534668e+00
7.181000000000000000e+03 1.253319382667541504e+00
7.182000000000000000e+03 1.256174087524414062e+00
7.183000000000000000e+03 1.264911532402038574e+00
7.184000000000000000e+03 1.255871653556823730e+00
7.185000000000000000e+03 1.255137205123901367e+00
7.186000000000000000e+03 1.276663422584533691e+00
7.187000000000000000e+03 1.257654428482055664e+00
7.188000000000000000e+03 1.282823324203491211e+00
7.189000000000000000e+03 1.256453514099121094e+00
7.190000000000000000e+03 1.261049032211303711e+00
7.191000000000000000e+03 1.288000702857971191e+00
7.192000000000000000e+03 1.233084678649902344e+00
7.193000000000000000e+03 1.280704855918884277e+00
7.194000000000000000e+03 1.272763252258300781e+00
7.195000000000000000e+03 1.254240512847900391e+00
7.196000000000000000e+03 1.294432163238525391e+00
7.197000000000000000e+03 1.293310880661010742e+00
7.198000000000000000e+03 1.271669745445251465e+00
7.199000000000000000e+03 1.281187057495117188e+00
7.200000000000000000e+03 1.260055065155029297e+00
7.201000000000000000e+03 1.261868357658386230e+00
7.202000000000000000e+03 1.274980068206787109e+00
7.203000000000000000e+03 1.256842613220214844e+00
7.204000000000000000e+03 1.255342960357666016e+00
7.205000000000000000e+03 1.258409857749938965e+00
7.206000000000000000e+03 1.265820980072021484e+00
7.207000000000000000e+03 1.253801226615905762e+00
7.208000000000000000e+03 1.237773895263671875e+00
7.209000000000000000e+03 1.224293589591979980e+00
7.210000000000000000e+03 1.237275719642639160e+00
7.211000000000000000e+03 1.295931577682495117e+00
7.212000000000000000e+03 1.271471023559570312e+00
7.213000000000000000e+03 1.254821777343750000e+00
7.214000000000000000e+03 1.266443133354187012e+00
7.215000000000000000e+03 1.266825675964355469e+00
7.216000000000000000e+03 1.236258029937744141e+00
7.217000000000000000e+03 1.241090893745422363e+00
7.218000000000000000e+03 1.220284938812255859e+00
7.219000000000000000e+03 1.241429448127746582e+00
7.220000000000000000e+03 1.271871209144592285e+00
7.221000000000000000e+03 1.257873535156250000e+00
7.222000000000000000e+03 1.247539997100830078e+00
7.223000000000000000e+03 1.212331175804138184e+00
7.224000000000000000e+03 1.231521606445312500e+00
7.225000000000000000e+03 1.232656359672546387e+00
7.226000000000000000e+03 1.206326484680175781e+00
7.227000000000000000e+03 1.242745995521545410e+00
7.228000000000000000e+03 1.272009015083312988e+00
7.229000000000000000e+03 1.242569208145141602e+00
7.230000000000000000e+03 1.264425992965698242e+00
7.231000000000000000e+03 1.260611295700073242e+00
7.232000000000000000e+03 1.283093094825744629e+00
7.233000000000000000e+03 1.262521028518676758e+00
7.234000000000000000e+03 1.278091073036193848e+00
7.235000000000000000e+03 1.273415684700012207e+00
7.236000000000000000e+03 1.263033390045166016e+00
7.237000000000000000e+03 1.262102007865905762e+00
7.238000000000000000e+03 1.244551301002502441e+00
7.239000000000000000e+03 1.260325908660888672e+00
7.240000000000000000e+03 1.245236873626708984e+00
7.241000000000000000e+03 1.239370465278625488e+00
7.242000000000000000e+03 1.257433414459228516e+00
7.243000000000000000e+03 1.297225356101989746e+00
7.244000000000000000e+03 1.269225955009460449e+00
7.245000000000000000e+03 1.253370046615600586e+00
7.246000000000000000e+03 1.280547499656677246e+00
7.247000000000000000e+03 1.260602355003356934e+00
7.248000000000000000e+03 1.258743405342102051e+00
7.249000000000000000e+03 1.253904819488525391e+00
7.250000000000000000e+03 1.267050981521606445e+00
7.251000000000000000e+03 1.270446062088012695e+00
7.252000000000000000e+03 1.271870255470275879e+00
7.253000000000000000e+03 1.279029011726379395e+00
7.254000000000000000e+03 1.267958402633666992e+00
7.255000000000000000e+03 1.260730385780334473e+00
7.256000000000000000e+03 1.267757177352905273e+00
7.257000000000000000e+03 1.278615474700927734e+00
7.258000000000000000e+03 1.225182771682739258e+00
7.259000000000000000e+03 1.260230660438537598e+00
7.260000000000000000e+03 1.251802444458007812e+00
7.261000000000000000e+03 1.237869143486022949e+00
7.262000000000000000e+03 1.271613836288452148e+00
7.263000000000000000e+03 1.292240738868713379e+00
7.264000000000000000e+03 1.266446232795715332e+00
7.265000000000000000e+03 1.241886258125305176e+00
7.266000000000000000e+03 1.262736558914184570e+00
7.267000000000000000e+03 1.246879577636718750e+00
7.268000000000000000e+03 1.260966777801513672e+00
7.269000000000000000e+03 1.257030129432678223e+00
7.270000000000000000e+03 1.263877630233764648e+00
7.271000000000000000e+03 1.234782576560974121e+00
7.272000000000000000e+03 1.255146265029907227e+00
7.273000000000000000e+03 1.229402065277099609e+00
7.274000000000000000e+03 1.232804536819458008e+00
7.275000000000000000e+03 1.255464315414428711e+00
7.276000000000000000e+03 1.257163286209106445e+00
7.277000000000000000e+03 1.252324819564819336e+00
7.278000000000000000e+03 1.223359107971191406e+00
7.279000000000000000e+03 1.252861142158508301e+00
7.280000000000000000e+03 1.296108365058898926e+00
7.281000000000000000e+03 1.230260133743286133e+00
7.282000000000000000e+03 1.248580336570739746e+00
7.283000000000000000e+03 1.281465172767639160e+00
7.284000000000000000e+03 1.217806935310363770e+00
7.285000000000000000e+03 1.223028659820556641e+00
7.286000000000000000e+03 1.233499526977539062e+00
7.287000000000000000e+03 1.229548692703247070e+00
7.288000000000000000e+03 1.222844123840332031e+00
7.289000000000000000e+03 1.245207786560058594e+00
7.290000000000000000e+03 1.247320294380187988e+00
7.291000000000000000e+03 1.230521798133850098e+00
7.292000000000000000e+03 1.235376834869384766e+00
7.293000000000000000e+03 1.257972836494445801e+00
7.294000000000000000e+03 1.241147398948669434e+00
7.295000000000000000e+03 1.255690097808837891e+00
7.296000000000000000e+03 1.240327358245849609e+00
7.297000000000000000e+03 1.244597077369689941e+00
7.298000000000000000e+03 1.235246419906616211e+00
7.299000000000000000e+03 1.259019136428833008e+00
7.300000000000000000e+03 1.257679939270019531e+00
7.301000000000000000e+03 1.236031293869018555e+00
7.302000000000000000e+03 1.264792680740356445e+00
7.303000000000000000e+03 1.217543840408325195e+00
7.304000000000000000e+03 1.270650625228881836e+00
7.305000000000000000e+03 1.263017416000366211e+00
7.306000000000000000e+03 1.219634890556335449e+00
7.307000000000000000e+03 1.251176834106445312e+00
7.308000000000000000e+03 1.229083299636840820e+00
7.309000000000000000e+03 1.236118555068969727e+00
7.310000000000000000e+03 1.272401452064514160e+00
7.311000000000000000e+03 1.240990042686462402e+00
7.312000000000000000e+03 1.245433092117309570e+00
7.313000000000000000e+03 1.220022916793823242e+00
7.314000000000000000e+03 1.223977684974670410e+00
7.315000000000000000e+03 1.218937873840332031e+00
7.316000000000000000e+03 1.243152141571044922e+00
7.317000000000000000e+03 1.251339554786682129e+00
7.318000000000000000e+03 1.233688950538635254e+00
7.319000000000000000e+03 1.205766558647155762e+00
7.320000000000000000e+03 1.233687639236450195e+00
7.321000000000000000e+03 1.238845467567443848e+00
7.322000000000000000e+03 1.245614767074584961e+00
7.323000000000000000e+03 1.241360664367675781e+00
7.324000000000000000e+03 1.224339962005615234e+00
7.325000000000000000e+03 1.200781464576721191e+00
7.326000000000000000e+03 1.222210526466369629e+00
7.327000000000000000e+03 1.224317789077758789e+00
7.328000000000000000e+03 1.226615190505981445e+00
7.329000000000000000e+03 1.224789619445800781e+00
7.330000000000000000e+03 1.264866232872009277e+00
7.331000000000000000e+03 1.268321990966796875e+00
7.332000000000000000e+03 1.241298913955688477e+00
7.333000000000000000e+03 1.235764741897583008e+00
7.334000000000000000e+03 1.262693285942077637e+00
7.335000000000000000e+03 1.250356316566467285e+00
7.336000000000000000e+03 1.261583685874938965e+00
7.337000000000000000e+03 1.246280670166015625e+00
7.338000000000000000e+03 1.236898183822631836e+00
7.339000000000000000e+03 1.262226343154907227e+00
7.340000000000000000e+03 1.225986719131469727e+00
7.341000000000000000e+03 1.247970819473266602e+00
7.342000000000000000e+03 1.270561099052429199e+00
7.343000000000000000e+03 1.282329082489013672e+00
7.344000000000000000e+03 1.248054742813110352e+00
7.345000000000000000e+03 1.227923631668090820e+00
7.346000000000000000e+03 1.243876934051513672e+00
7.347000000000000000e+03 1.273215651512145996e+00
7.348000000000000000e+03 1.283071994781494141e+00
7.349000000000000000e+03 1.262074232101440430e+00
7.350000000000000000e+03 1.275563001632690430e+00
7.351000000000000000e+03 1.261591315269470215e+00
7.352000000000000000e+03 1.269180178642272949e+00
7.353000000000000000e+03 1.287114620208740234e+00
7.354000000000000000e+03 1.273390531539916992e+00
7.355000000000000000e+03 1.264491796493530273e+00
7.356000000000000000e+03 1.278431892395019531e+00
7.357000000000000000e+03 1.248302221298217773e+00
7.358000000000000000e+03 1.231791019439697266e+00
7.359000000000000000e+03 1.250071167945861816e+00
7.360000000000000000e+03 1.279748082160949707e+00
7.361000000000000000e+03 1.283710122108459473e+00
7.362000000000000000e+03 1.247911572456359863e+00
7.363000000000000000e+03 1.261014461517333984e+00
7.364000000000000000e+03 1.244702339172363281e+00
7.365000000000000000e+03 1.229425430297851562e+00
7.366000000000000000e+03 1.224972009658813477e+00
7.367000000000000000e+03 1.217153787612915039e+00
7.368000000000000000e+03 1.254382133483886719e+00
7.369000000000000000e+03 1.257572650909423828e+00
7.370000000000000000e+03 1.234324455261230469e+00
7.371000000000000000e+03 1.273333191871643066e+00
7.372000000000000000e+03 1.265715360641479492e+00
7.373000000000000000e+03 1.271131753921508789e+00
7.374000000000000000e+03 1.266113996505737305e+00
7.375000000000000000e+03 1.256913423538208008e+00
7.376000000000000000e+03 1.292727828025817871e+00
7.377000000000000000e+03 1.260576367378234863e+00
7.378000000000000000e+03 1.255553722381591797e+00
7.379000000000000000e+03 1.262747168540954590e+00
7.380000000000000000e+03 1.288083076477050781e+00
7.381000000000000000e+03 1.266432523727416992e+00
7.382000000000000000e+03 1.260049819946289062e+00
7.383000000000000000e+03 1.266329884529113770e+00
7.384000000000000000e+03 1.274799466133117676e+00
7.385000000000000000e+03 1.302737712860107422e+00
7.386000000000000000e+03 1.266744971275329590e+00
7.387000000000000000e+03 1.283984541893005371e+00
7.388000000000000000e+03 1.276743173599243164e+00
7.389000000000000000e+03 1.271970987319946289e+00
7.390000000000000000e+03 1.263054490089416504e+00
7.391000000000000000e+03 1.300307273864746094e+00
7.392000000000000000e+03 1.278111457824707031e+00
7.393000000000000000e+03 1.279854893684387207e+00
7.394000000000000000e+03 1.255823135375976562e+00
7.395000000000000000e+03 1.254241228103637695e+00
7.396000000000000000e+03 1.268643975257873535e+00
7.397000000000000000e+03 1.254245638847351074e+00
7.398000000000000000e+03 1.269165515899658203e+00
7.399000000000000000e+03 1.251960873603820801e+00
7.400000000000000000e+03 1.285131216049194336e+00
7.401000000000000000e+03 1.242933154106140137e+00
7.402000000000000000e+03 1.278914928436279297e+00
7.403000000000000000e+03 1.280686378479003906e+00
7.404000000000000000e+03 1.278017163276672363e+00
7.405000000000000000e+03 1.282753825187683105e+00
7.406000000000000000e+03 1.299833655357360840e+00
7.407000000000000000e+03 1.275009632110595703e+00
7.408000000000000000e+03 1.268169999122619629e+00
7.409000000000000000e+03 1.281832456588745117e+00
7.410000000000000000e+03 1.248732924461364746e+00
7.411000000000000000e+03 1.214697480201721191e+00
7.412000000000000000e+03 1.231910586357116699e+00
7.413000000000000000e+03 1.262425899505615234e+00
7.414000000000000000e+03 1.280397653579711914e+00
7.415000000000000000e+03 1.277770519256591797e+00
7.416000000000000000e+03 1.244500160217285156e+00
7.417000000000000000e+03 1.279634952545166016e+00
7.418000000000000000e+03 1.275501966476440430e+00
7.419000000000000000e+03 1.289020299911499023e+00
7.420000000000000000e+03 1.289563536643981934e+00
7.421000000000000000e+03 1.259538173675537109e+00
7.422000000000000000e+03 1.279647469520568848e+00
7.423000000000000000e+03 1.299630761146545410e+00
7.424000000000000000e+03 1.280284881591796875e+00
7.425000000000000000e+03 1.305731177330017090e+00
7.426000000000000000e+03 1.289309024810791016e+00
7.427000000000000000e+03 1.308295011520385742e+00
7.428000000000000000e+03 1.290442466735839844e+00
7.429000000000000000e+03 1.299931406974792480e+00
7.430000000000000000e+03 1.303710341453552246e+00
7.431000000000000000e+03 1.282278180122375488e+00
7.432000000000000000e+03 1.268325567245483398e+00
7.433000000000000000e+03 1.276278018951416016e+00
7.434000000000000000e+03 1.300203084945678711e+00
7.435000000000000000e+03 1.297946929931640625e+00
7.436000000000000000e+03 1.258976936340332031e+00
7.437000000000000000e+03 1.281066417694091797e+00
7.438000000000000000e+03 1.264587044715881348e+00
7.439000000000000000e+03 1.281006336212158203e+00
7.440000000000000000e+03 1.277575492858886719e+00
7.441000000000000000e+03 1.283481717109680176e+00
7.442000000000000000e+03 1.289063215255737305e+00
7.443000000000000000e+03 1.275059580802917480e+00
7.444000000000000000e+03 1.294741630554199219e+00
7.445000000000000000e+03 1.317311644554138184e+00
7.446000000000000000e+03 1.243441343307495117e+00
7.447000000000000000e+03 1.256401300430297852e+00
7.448000000000000000e+03 1.272666931152343750e+00
7.449000000000000000e+03 1.279029011726379395e+00
7.450000000000000000e+03 1.265608549118041992e+00
7.451000000000000000e+03 1.266390204429626465e+00
7.452000000000000000e+03 1.261858701705932617e+00
7.453000000000000000e+03 1.275087475776672363e+00
7.454000000000000000e+03 1.300261735916137695e+00
7.455000000000000000e+03 1.289067506790161133e+00
7.456000000000000000e+03 1.258871793746948242e+00
7.457000000000000000e+03 1.285602807998657227e+00
7.458000000000000000e+03 1.296763062477111816e+00
7.459000000000000000e+03 1.280002593994140625e+00
7.460000000000000000e+03 1.297368764877319336e+00
7.461000000000000000e+03 1.276877880096435547e+00
7.462000000000000000e+03 1.272209763526916504e+00
7.463000000000000000e+03 1.300981521606445312e+00
7.464000000000000000e+03 1.283294439315795898e+00
7.465000000000000000e+03 1.284230113029479980e+00
7.466000000000000000e+03 1.280509471893310547e+00
7.467000000000000000e+03 1.249801635742187500e+00
7.468000000000000000e+03 1.266310095787048340e+00
7.469000000000000000e+03 1.272149085998535156e+00
7.470000000000000000e+03 1.273107409477233887e+00
7.471000000000000000e+03 1.238220453262329102e+00
7.472000000000000000e+03 1.271302223205566406e+00
7.473000000000000000e+03 1.276098132133483887e+00
7.474000000000000000e+03 1.247882485389709473e+00
7.475000000000000000e+03 1.242685079574584961e+00
7.476000000000000000e+03 1.246062517166137695e+00
7.477000000000000000e+03 1.257439732551574707e+00
7.478000000000000000e+03 1.288680672645568848e+00
7.479000000000000000e+03 1.288816809654235840e+00
7.480000000000000000e+03 1.296881437301635742e+00
7.481000000000000000e+03 1.270361304283142090e+00
7.482000000000000000e+03 1.294521331787109375e+00
7.483000000000000000e+03 1.270925402641296387e+00
7.484000000000000000e+03 1.285820484161376953e+00
7.485000000000000000e+03 1.281681895256042480e+00
7.486000000000000000e+03 1.260581135749816895e+00
7.487000000000000000e+03 1.268756151199340820e+00
7.488000000000000000e+03 1.215445876121520996e+00
7.489000000000000000e+03 1.250489473342895508e+00
7.490000000000000000e+03 1.264112234115600586e+00
7.491000000000000000e+03 1.280707120895385742e+00
7.492000000000000000e+03 1.250522851943969727e+00
7.493000000000000000e+03 1.267075061798095703e+00
7.494000000000000000e+03 1.260507106781005859e+00
7.495000000000000000e+03 1.259022235870361328e+00
7.496000000000000000e+03 1.276810407638549805e+00
7.497000000000000000e+03 1.296336531639099121e+00
7.498000000000000000e+03 1.258797883987426758e+00
7.499000000000000000e+03 1.259977102279663086e+00
7.500000000000000000e+03 1.254724740982055664e+00
7.501000000000000000e+03 1.277211070060729980e+00
7.502000000000000000e+03 1.276004791259765625e+00
7.503000000000000000e+03 1.291552782058715820e+00
7.504000000000000000e+03 1.288943767547607422e+00
7.505000000000000000e+03 1.297598958015441895e+00
7.506000000000000000e+03 1.285191893577575684e+00
7.507000000000000000e+03 1.288441419601440430e+00
7.508000000000000000e+03 1.292249202728271484e+00
7.509000000000000000e+03 1.288128376007080078e+00
7.510000000000000000e+03 1.323740243911743164e+00
7.511000000000000000e+03 1.271439433097839355e+00
7.512000000000000000e+03 1.281667947769165039e+00
7.513000000000000000e+03 1.250924229621887207e+00
7.514000000000000000e+03 1.243952393531799316e+00
7.515000000000000000e+03 1.276926875114440918e+00
7.516000000000000000e+03 1.278140187263488770e+00
7.517000000000000000e+03 1.275013327598571777e+00
7.518000000000000000e+03 1.282559871673583984e+00
7.519000000000000000e+03 1.290240168571472168e+00
7.520000000000000000e+03 1.280514836311340332e+00
7.521000000000000000e+03 1.265326023101806641e+00
7.522000000000000000e+03 1.260450720787048340e+00
7.523000000000000000e+03 1.241484642028808594e+00
7.524000000000000000e+03 1.251850724220275879e+00
7.525000000000000000e+03 1.240980863571166992e+00
7.526000000000000000e+03 1.222860813140869141e+00
7.527000000000000000e+03 1.248963356018066406e+00
7.528000000000000000e+03 1.243835449218750000e+00
7.529000000000000000e+03 1.252824306488037109e+00
7.530000000000000000e+03 1.282698512077331543e+00
7.531000000000000000e+03 1.260078549385070801e+00
7.532000000000000000e+03 1.241584539413452148e+00
7.533000000000000000e+03 1.263321995735168457e+00
7.534000000000000000e+03 1.272225499153137207e+00
7.535000000000000000e+03 1.270871281623840332e+00
7.536000000000000000e+03 1.257626295089721680e+00
7.537000000000000000e+03 1.263705372810363770e+00
7.538000000000000000e+03 1.258069753646850586e+00
7.539000000000000000e+03 1.284353494644165039e+00
7.540000000000000000e+03 1.269959449768066406e+00
7.541000000000000000e+03 1.271481513977050781e+00
7.542000000000000000e+03 1.279681563377380371e+00
7.543000000000000000e+03 1.271828293800354004e+00
7.544000000000000000e+03 1.255464315414428711e+00
7.545000000000000000e+03 1.263486862182617188e+00
7.546000000000000000e+03 1.280054330825805664e+00
7.547000000000000000e+03 1.255906224250793457e+00
7.548000000000000000e+03 1.239437460899353027e+00
7.549000000000000000e+03 1.263091683387756348e+00
7.550000000000000000e+03 1.206775665283203125e+00
7.551000000000000000e+03 1.209127306938171387e+00
7.552000000000000000e+03 1.255971908569335938e+00
7.553000000000000000e+03 1.235318660736083984e+00
7.554000000000000000e+03 1.241196632385253906e+00
7.555000000000000000e+03 1.248542785644531250e+00
7.556000000000000000e+03 1.239869356155395508e+00
7.557000000000000000e+03 1.230865836143493652e+00
7.558000000000000000e+03 1.258631944656372070e+00
7.559000000000000000e+03 1.264307498931884766e+00
7.560000000000000000e+03 1.296897888183593750e+00
7.561000000000000000e+03 1.259058833122253418e+00
7.562000000000000000e+03 1.240368723869323730e+00
7.563000000000000000e+03 1.240013837814331055e+00
7.564000000000000000e+03 1.301447272300720215e+00
7.565000000000000000e+03 1.280810832977294922e+00
7.566000000000000000e+03 1.271499633789062500e+00
7.567000000000000000e+03 1.294330358505249023e+00
7.568000000000000000e+03 1.306008577346801758e+00
7.569000000000000000e+03 1.285883188247680664e+00
7.570000000000000000e+03 1.278509855270385742e+00
7.571000000000000000e+03 1.266451597213745117e+00
7.572000000000000000e+03 1.270936250686645508e+00
7.573000000000000000e+03 1.244287490844726562e+00
7.574000000000000000e+03 1.266069650650024414e+00
7.575000000000000000e+03 1.282153129577636719e+00
7.576000000000000000e+03 1.262324571609497070e+00
7.577000000000000000e+03 1.280006766319274902e+00
7.578000000000000000e+03 1.285168886184692383e+00
7.579000000000000000e+03 1.259743809700012207e+00
7.580000000000000000e+03 1.277643680572509766e+00
7.581000000000000000e+03 1.247967243194580078e+00
7.582000000000000000e+03 1.244309306144714355e+00
7.583000000000000000e+03 1.297787904739379883e+00
7.584000000000000000e+03 1.272444009780883789e+00
7.585000000000000000e+03 1.248629570007324219e+00
7.586000000000000000e+03 1.282236933708190918e+00
7.587000000000000000e+03 1.271062135696411133e+00
7.588000000000000000e+03 1.258328318595886230e+00
7.589000000000000000e+03 1.256181001663208008e+00
7.590000000000000000e+03 1.281736969947814941e+00
7.591000000000000000e+03 1.273345232009887695e+00
7.592000000000000000e+03 1.296216964721679688e+00
7.593000000000000000e+03 1.302254676818847656e+00
7.594000000000000000e+03 1.291896343231201172e+00
7.595000000000000000e+03 1.276952385902404785e+00
7.596000000000000000e+03 1.280165553092956543e+00
7.597000000000000000e+03 1.284467935562133789e+00
7.598000000000000000e+03 1.303693771362304688e+00
7.599000000000000000e+03 1.292335033416748047e+00
7.600000000000000000e+03 1.321411848068237305e+00
7.601000000000000000e+03 1.288562417030334473e+00
7.602000000000000000e+03 1.270136594772338867e+00
7.603000000000000000e+03 1.270647287368774414e+00
7.604000000000000000e+03 1.265970349311828613e+00
7.605000000000000000e+03 1.225467205047607422e+00
7.606000000000000000e+03 1.280672073364257812e+00
7.607000000000000000e+03 1.293412685394287109e+00
7.608000000000000000e+03 1.239568352699279785e+00
7.609000000000000000e+03 1.263044595718383789e+00
7.610000000000000000e+03 1.262370347976684570e+00
7.611000000000000000e+03 1.271729707717895508e+00
7.612000000000000000e+03 1.277087330818176270e+00
7.613000000000000000e+03 1.272709846496582031e+00
7.614000000000000000e+03 1.275375843048095703e+00
7.615000000000000000e+03 1.277193427085876465e+00
7.616000000000000000e+03 1.286528348922729492e+00
7.617000000000000000e+03 1.257317900657653809e+00
7.618000000000000000e+03 1.261508703231811523e+00
7.619000000000000000e+03 1.250661611557006836e+00
7.620000000000000000e+03 1.275852203369140625e+00
7.621000000000000000e+03 1.256597161293029785e+00
7.622000000000000000e+03 1.260545969009399414e+00
7.623000000000000000e+03 1.272119760513305664e+00
7.624000000000000000e+03 1.249036073684692383e+00
7.625000000000000000e+03 1.261340618133544922e+00
7.626000000000000000e+03 1.239322543144226074e+00
7.627000000000000000e+03 1.287085294723510742e+00
7.628000000000000000e+03 1.271106600761413574e+00
7.629000000000000000e+03 1.271579742431640625e+00
7.630000000000000000e+03 1.270840167999267578e+00
7.631000000000000000e+03 1.268417358398437500e+00
7.632000000000000000e+03 1.254475712776184082e+00
7.633000000000000000e+03 1.231118202209472656e+00
7.634000000000000000e+03 1.235195398330688477e+00
7.635000000000000000e+03 1.301208376884460449e+00
7.636000000000000000e+03 1.294313669204711914e+00
7.637000000000000000e+03 1.252318978309631348e+00
7.638000000000000000e+03 1.260777473449707031e+00
7.639000000000000000e+03 1.275230884552001953e+00
7.640000000000000000e+03 1.280061364173889160e+00
7.641000000000000000e+03 1.268824100494384766e+00
7.642000000000000000e+03 1.276109218597412109e+00
7.643000000000000000e+03 1.280352950096130371e+00
7.644000000000000000e+03 1.302057743072509766e+00
7.645000000000000000e+03 1.260792493820190430e+00
7.646000000000000000e+03 1.276370048522949219e+00
7.647000000000000000e+03 1.279665112495422363e+00
7.648000000000000000e+03 1.236169457435607910e+00
7.649000000000000000e+03 1.294299125671386719e+00
7.650000000000000000e+03 1.282341718673706055e+00
7.651000000000000000e+03 1.285637974739074707e+00
7.652000000000000000e+03 1.273780941963195801e+00
7.653000000000000000e+03 1.291459441184997559e+00
7.654000000000000000e+03 1.230655550956726074e+00
7.655000000000000000e+03 1.270037651062011719e+00
7.656000000000000000e+03 1.259727478027343750e+00
7.657000000000000000e+03 1.283992528915405273e+00
7.658000000000000000e+03 1.259490489959716797e+00
7.659000000000000000e+03 1.255271196365356445e+00
7.660000000000000000e+03 1.260365605354309082e+00
7.661000000000000000e+03 1.232116818428039551e+00
7.662000000000000000e+03 1.264423489570617676e+00
7.663000000000000000e+03 1.263528585433959961e+00
7.664000000000000000e+03 1.293800830841064453e+00
7.665000000000000000e+03 1.249440073966979980e+00
7.666000000000000000e+03 1.265425920486450195e+00
7.667000000000000000e+03 1.250386834144592285e+00
7.668000000000000000e+03 1.285566568374633789e+00
7.669000000000000000e+03 1.288901448249816895e+00
7.670000000000000000e+03 1.291446089744567871e+00
7.671000000000000000e+03 1.259054899215698242e+00
7.672000000000000000e+03 1.257186174392700195e+00
7.673000000000000000e+03 1.230639219284057617e+00
7.674000000000000000e+03 1.246039152145385742e+00
7.675000000000000000e+03 1.284886121749877930e+00
7.676000000000000000e+03 1.241152524948120117e+00
7.677000000000000000e+03 1.248124361038208008e+00
7.678000000000000000e+03 1.263561964035034180e+00
7.679000000000000000e+03 1.262789487838745117e+00
7.680000000000000000e+03 1.246852993965148926e+00
7.681000000000000000e+03 1.283607006072998047e+00
7.682000000000000000e+03 1.244457721710205078e+00
7.683000000000000000e+03 1.263684034347534180e+00
7.684000000000000000e+03 1.273485660552978516e+00
7.685000000000000000e+03 1.250890016555786133e+00
7.686000000000000000e+03 1.269528985023498535e+00
7.687000000000000000e+03 1.264957666397094727e+00
7.688000000000000000e+03 1.272224187850952148e+00
7.689000000000000000e+03 1.262578725814819336e+00
7.690000000000000000e+03 1.286718368530273438e+00
7.691000000000000000e+03 1.264793395996093750e+00
7.692000000000000000e+03 1.244892597198486328e+00
7.693000000000000000e+03 1.252068638801574707e+00
7.694000000000000000e+03 1.264505743980407715e+00
7.695000000000000000e+03 1.249403476715087891e+00
7.696000000000000000e+03 1.262598991394042969e+00
7.697000000000000000e+03 1.287854909896850586e+00
7.698000000000000000e+03 1.281297445297241211e+00
7.699000000000000000e+03 1.277088165283203125e+00
7.700000000000000000e+03 1.241251945495605469e+00
7.701000000000000000e+03 1.251567959785461426e+00
7.702000000000000000e+03 1.228031992912292480e+00
7.703000000000000000e+03 1.251608610153198242e+00
7.704000000000000000e+03 1.268401622772216797e+00
7.705000000000000000e+03 1.259204745292663574e+00
7.706000000000000000e+03 1.255282640457153320e+00
7.707000000000000000e+03 1.253270983695983887e+00
7.708000000000000000e+03 1.210648179054260254e+00
7.709000000000000000e+03 1.233980417251586914e+00
7.710000000000000000e+03 1.221360802650451660e+00
7.711000000000000000e+03 1.238832712173461914e+00
7.712000000000000000e+03 1.246052742004394531e+00
7.713000000000000000e+03 1.233775496482849121e+00
7.714000000000000000e+03 1.253719925880432129e+00
7.715000000000000000e+03 1.220816016197204590e+00
7.716000000000000000e+03 1.232648730278015137e+00
7.717000000000000000e+03 1.251001358032226562e+00
7.718000000000000000e+03 1.204886913299560547e+00
7.719000000000000000e+03 1.208059310913085938e+00
7.720000000000000000e+03 1.229310154914855957e+00
7.721000000000000000e+03 1.196454048156738281e+00
7.722000000000000000e+03 1.203842639923095703e+00
7.723000000000000000e+03 1.196696400642395020e+00
7.724000000000000000e+03 1.214985489845275879e+00
7.725000000000000000e+03 1.209730625152587891e+00
7.726000000000000000e+03 1.223366975784301758e+00
7.727000000000000000e+03 1.254487037658691406e+00
7.728000000000000000e+03 1.210846424102783203e+00
7.729000000000000000e+03 1.212719798088073730e+00
7.730000000000000000e+03 1.245287060737609863e+00
7.731000000000000000e+03 1.226880192756652832e+00
7.732000000000000000e+03 1.286858558654785156e+00
7.733000000000000000e+03 1.249777197837829590e+00
7.734000000000000000e+03 1.253609895706176758e+00
7.735000000000000000e+03 1.230458140373229980e+00
7.736000000000000000e+03 1.242277860641479492e+00
7.737000000000000000e+03 1.228462219238281250e+00
7.738000000000000000e+03 1.255826234817504883e+00
7.739000000000000000e+03 1.232775807380676270e+00
7.740000000000000000e+03 1.253804445266723633e+00
7.741000000000000000e+03 1.218245267868041992e+00
7.742000000000000000e+03 1.202960848808288574e+00
7.743000000000000000e+03 1.220425009727478027e+00
7.744000000000000000e+03 1.238071322441101074e+00
7.745000000000000000e+03 1.217680454254150391e+00
7.746000000000000000e+03 1.249571681022644043e+00
7.747000000000000000e+03 1.237544417381286621e+00
7.748000000000000000e+03 1.239835619926452637e+00
7.749000000000000000e+03 1.246016383171081543e+00
7.750000000000000000e+03 1.237157225608825684e+00
7.751000000000000000e+03 1.261389732360839844e+00
7.752000000000000000e+03 1.256132483482360840e+00
7.753000000000000000e+03 1.254757165908813477e+00
7.754000000000000000e+03 1.247374653816223145e+00
7.755000000000000000e+03 1.252402305603027344e+00
7.756000000000000000e+03 1.251538872718811035e+00
7.757000000000000000e+03 1.242249250411987305e+00
7.758000000000000000e+03 1.227180480957031250e+00
7.759000000000000000e+03 1.224575400352478027e+00
7.760000000000000000e+03 1.255197167396545410e+00
7.761000000000000000e+03 1.210983514785766602e+00
7.762000000000000000e+03 1.257050275802612305e+00
7.763000000000000000e+03 1.245464563369750977e+00
7.764000000000000000e+03 1.200585603713989258e+00
7.765000000000000000e+03 1.244611740112304688e+00
7.766000000000000000e+03 1.247852563858032227e+00
7.767000000000000000e+03 1.233332753181457520e+00
7.768000000000000000e+03 1.252785682678222656e+00
7.769000000000000000e+03 1.245989084243774414e+00
7.770000000000000000e+03 1.226598024368286133e+00
7.771000000000000000e+03 1.229493737220764160e+00
7.772000000000000000e+03 1.262302398681640625e+00
7.773000000000000000e+03 1.226064801216125488e+00
7.774000000000000000e+03 1.237912893295288086e+00
7.775000000000000000e+03 1.251256704330444336e+00
7.776000000000000000e+03 1.220412731170654297e+00
7.777000000000000000e+03 1.245075464248657227e+00
7.778000000000000000e+03 1.255019545555114746e+00
7.779000000000000000e+03 1.236388564109802246e+00
7.780000000000000000e+03 1.236297726631164551e+00
7.781000000000000000e+03 1.254478931427001953e+00
7.782000000000000000e+03 1.243984222412109375e+00
7.783000000000000000e+03 1.215763568878173828e+00
7.784000000000000000e+03 1.238190770149230957e+00
7.785000000000000000e+03 1.212779998779296875e+00
7.786000000000000000e+03 1.235666990280151367e+00
7.787000000000000000e+03 1.243859291076660156e+00
7.788000000000000000e+03 1.217171311378479004e+00
7.789000000000000000e+03 1.222658872604370117e+00
7.790000000000000000e+03 1.240514397621154785e+00
7.791000000000000000e+03 1.207980036735534668e+00
7.792000000000000000e+03 1.241645336151123047e+00
7.793000000000000000e+03 1.244952559471130371e+00
7.794000000000000000e+03 1.284166812896728516e+00
7.795000000000000000e+03 1.257669091224670410e+00
7.796000000000000000e+03 1.253268003463745117e+00
7.797000000000000000e+03 1.283304929733276367e+00
7.798000000000000000e+03 1.280811667442321777e+00
7.799000000000000000e+03 1.253947973251342773e+00
7.800000000000000000e+03 1.209436655044555664e+00
7.801000000000000000e+03 1.242949247360229492e+00
7.802000000000000000e+03 1.250563859939575195e+00
7.803000000000000000e+03 1.221136093139648438e+00
7.804000000000000000e+03 1.225013732910156250e+00
7.805000000000000000e+03 1.234712600708007812e+00
7.806000000000000000e+03 1.231045722961425781e+00
7.807000000000000000e+03 1.243686199188232422e+00
7.808000000000000000e+03 1.244641661643981934e+00
7.809000000000000000e+03 1.228664994239807129e+00
7.810000000000000000e+03 1.219390630722045898e+00
7.811000000000000000e+03 1.207078933715820312e+00
7.812000000000000000e+03 1.222959280014038086e+00
7.813000000000000000e+03 1.213202714920043945e+00
7.814000000000000000e+03 1.221628189086914062e+00
7.815000000000000000e+03 1.211240291595458984e+00
7.816000000000000000e+03 1.203316926956176758e+00
7.817000000000000000e+03 1.196150302886962891e+00
7.818000000000000000e+03 1.228753805160522461e+00
7.819000000000000000e+03 1.219019651412963867e+00
7.820000000000000000e+03 1.209333658218383789e+00
7.821000000000000000e+03 1.214579343795776367e+00
7.822000000000000000e+03 1.191349267959594727e+00
7.823000000000000000e+03 1.211124777793884277e+00
7.824000000000000000e+03 1.253905057907104492e+00
7.825000000000000000e+03 1.249345064163208008e+00
7.826000000000000000e+03 1.239005923271179199e+00
7.827000000000000000e+03 1.230121731758117676e+00
7.828000000000000000e+03 1.214731454849243164e+00
7.829000000000000000e+03 1.229819059371948242e+00
7.830000000000000000e+03 1.271698117256164551e+00
7.831000000000000000e+03 1.242105722427368164e+00
7.832000000000000000e+03 1.271764755249023438e+00
7.833000000000000000e+03 1.249639272689819336e+00
7.834000000000000000e+03 1.274204611778259277e+00
7.835000000000000000e+03 1.274493932723999023e+00
7.836000000000000000e+03 1.236389636993408203e+00
7.837000000000000000e+03 1.233752131462097168e+00
7.838000000000000000e+03 1.222763895988464355e+00
7.839000000000000000e+03 1.226871013641357422e+00
7.840000000000000000e+03 1.245028972625732422e+00
7.841000000000000000e+03 1.250254154205322266e+00
7.842000000000000000e+03 1.225260257720947266e+00
7.843000000000000000e+03 1.231522440910339355e+00
7.844000000000000000e+03 1.218004345893859863e+00
7.845000000000000000e+03 1.248717546463012695e+00
7.846000000000000000e+03 1.228038072586059570e+00
7.847000000000000000e+03 1.229862809181213379e+00
7.848000000000000000e+03 1.225490331649780273e+00
7.849000000000000000e+03 1.225355863571166992e+00
7.850000000000000000e+03 1.254206418991088867e+00
7.851000000000000000e+03 1.234009265899658203e+00
7.852000000000000000e+03 1.218883991241455078e+00
7.853000000000000000e+03 1.214360117912292480e+00
7.854000000000000000e+03 1.206440687179565430e+00
7.855000000000000000e+03 1.246762514114379883e+00
7.856000000000000000e+03 1.227001905441284180e+00
7.857000000000000000e+03 1.260086536407470703e+00
7.858000000000000000e+03 1.231518507003784180e+00
7.859000000000000000e+03 1.235981583595275879e+00
7.860000000000000000e+03 1.203612446784973145e+00
7.861000000000000000e+03 1.233715295791625977e+00
7.862000000000000000e+03 1.245301008224487305e+00
7.863000000000000000e+03 1.239614486694335938e+00
7.864000000000000000e+03 1.210526943206787109e+00
7.865000000000000000e+03 1.186999797821044922e+00
7.866000000000000000e+03 1.189583301544189453e+00
7.867000000000000000e+03 1.218136548995971680e+00
7.868000000000000000e+03 1.226697444915771484e+00
7.869000000000000000e+03 1.224029421806335449e+00
7.870000000000000000e+03 1.198322296142578125e+00
7.871000000000000000e+03 1.221732974052429199e+00
7.872000000000000000e+03 1.201028466224670410e+00
7.873000000000000000e+03 1.227910399436950684e+00
7.874000000000000000e+03 1.220647335052490234e+00
7.875000000000000000e+03 1.218892693519592285e+00
7.876000000000000000e+03 1.202361464500427246e+00
7.877000000000000000e+03 1.240559220314025879e+00
7.878000000000000000e+03 1.195332527160644531e+00
7.879000000000000000e+03 1.216900944709777832e+00
7.880000000000000000e+03 1.226235866546630859e+00
7.881000000000000000e+03 1.235985517501831055e+00
7.882000000000000000e+03 1.234727621078491211e+00
7.883000000000000000e+03 1.225711584091186523e+00
7.884000000000000000e+03 1.219541788101196289e+00
7.885000000000000000e+03 1.226296901702880859e+00
7.886000000000000000e+03 1.192530393600463867e+00
7.887000000000000000e+03 1.211951017379760742e+00
7.888000000000000000e+03 1.216009855270385742e+00
7.889000000000000000e+03 1.195472240447998047e+00
7.890000000000000000e+03 1.243901371955871582e+00
7.891000000000000000e+03 1.216309785842895508e+00
7.892000000000000000e+03 1.248281955718994141e+00
7.893000000000000000e+03 1.266822099685668945e+00
7.894000000000000000e+03 1.245094060897827148e+00
7.895000000000000000e+03 1.241013050079345703e+00
7.896000000000000000e+03 1.213931798934936523e+00
7.897000000000000000e+03 1.204774618148803711e+00
7.898000000000000000e+03 1.216131806373596191e+00
7.899000000000000000e+03 1.239991664886474609e+00
7.900000000000000000e+03 1.215145826339721680e+00
7.901000000000000000e+03 1.209286093711853027e+00
7.902000000000000000e+03 1.228521466255187988e+00
7.903000000000000000e+03 1.197183609008789062e+00
7.904000000000000000e+03 1.213256835937500000e+00
7.905000000000000000e+03 1.212739944458007812e+00
7.906000000000000000e+03 1.213717579841613770e+00
7.907000000000000000e+03 1.218133807182312012e+00
7.908000000000000000e+03 1.222184658050537109e+00
7.909000000000000000e+03 1.218295931816101074e+00
7.910000000000000000e+03 1.225178837776184082e+00
7.911000000000000000e+03 1.248157739639282227e+00
7.912000000000000000e+03 1.216353178024291992e+00
7.913000000000000000e+03 1.248646736145019531e+00
7.914000000000000000e+03 1.245158433914184570e+00
7.915000000000000000e+03 1.258853554725646973e+00
7.916000000000000000e+03 1.233440995216369629e+00
7.917000000000000000e+03 1.254667878150939941e+00
7.918000000000000000e+03 1.240809559822082520e+00
7.919000000000000000e+03 1.245984792709350586e+00
7.920000000000000000e+03 1.203535199165344238e+00
7.921000000000000000e+03 1.204129219055175781e+00
7.922000000000000000e+03 1.221059441566467285e+00
7.923000000000000000e+03 1.210651993751525879e+00
7.924000000000000000e+03 1.219489336013793945e+00
7.925000000000000000e+03 1.194014787673950195e+00
7.926000000000000000e+03 1.226073741912841797e+00
7.927000000000000000e+03 1.205663323402404785e+00
7.928000000000000000e+03 1.213191866874694824e+00
7.929000000000000000e+03 1.205134510993957520e+00
7.930000000000000000e+03 1.235160946846008301e+00
7.931000000000000000e+03 1.216872215270996094e+00
7.932000000000000000e+03 1.225134730339050293e+00
7.933000000000000000e+03 1.220616340637207031e+00
7.934000000000000000e+03 1.227599024772644043e+00
7.935000000000000000e+03 1.220842957496643066e+00
7.936000000000000000e+03 1.264270305633544922e+00
7.937000000000000000e+03 1.220209240913391113e+00
7.938000000000000000e+03 1.223167538642883301e+00
7.939000000000000000e+03 1.225646018981933594e+00
7.940000000000000000e+03 1.244848608970642090e+00
7.941000000000000000e+03 1.226408243179321289e+00
7.942000000000000000e+03 1.207293748855590820e+00
7.943000000000000000e+03 1.193027734756469727e+00
7.944000000000000000e+03 1.231422781944274902e+00
7.945000000000000000e+03 1.220633745193481445e+00
7.946000000000000000e+03 1.219589233398437500e+00
7.947000000000000000e+03 1.235146522521972656e+00
7.948000000000000000e+03 1.206795930862426758e+00
7.949000000000000000e+03 1.231259584426879883e+00
7.950000000000000000e+03 1.221663713455200195e+00
7.951000000000000000e+03 1.234438896179199219e+00
7.952000000000000000e+03 1.213564157485961914e+00
7.953000000000000000e+03 1.216653227806091309e+00
7.954000000000000000e+03 1.244231939315795898e+00
7.955000000000000000e+03 1.226099252700805664e+00
7.956000000000000000e+03 1.243647694587707520e+00
7.957000000000000000e+03 1.234443902969360352e+00
7.958000000000000000e+03 1.206560373306274414e+00
7.959000000000000000e+03 1.217513680458068848e+00
7.960000000000000000e+03 1.183657407760620117e+00
7.961000000000000000e+03 1.182456851005554199e+00
7.962000000000000000e+03 1.191415548324584961e+00
7.963000000000000000e+03 1.176289677619934082e+00
7.964000000000000000e+03 1.175891399383544922e+00
7.965000000000000000e+03 1.196719527244567871e+00
7.966000000000000000e+03 1.202866792678833008e+00
7.967000000000000000e+03 1.171593427658081055e+00
7.968000000000000000e+03 1.205133318901062012e+00
7.969000000000000000e+03 1.206062555313110352e+00
7.970000000000000000e+03 1.208612561225891113e+00
7.971000000000000000e+03 1.232151031494140625e+00
7.972000000000000000e+03 1.193050980567932129e+00
7.973000000000000000e+03 1.227140665054321289e+00
7.974000000000000000e+03 1.209881782531738281e+00
7.975000000000000000e+03 1.231137037277221680e+00
7.976000000000000000e+03 1.193605303764343262e+00
7.977000000000000000e+03 1.236851572990417480e+00
7.978000000000000000e+03 1.212151765823364258e+00
7.979000000000000000e+03 1.248303413391113281e+00
7.980000000000000000e+03 1.260132551193237305e+00
7.981000000000000000e+03 1.191953063011169434e+00
7.982000000000000000e+03 1.230137109756469727e+00
7.983000000000000000e+03 1.229194402694702148e+00
7.984000000000000000e+03 1.258079767227172852e+00
7.985000000000000000e+03 1.252641916275024414e+00
7.986000000000000000e+03 1.243679761886596680e+00
7.987000000000000000e+03 1.244616508483886719e+00
7.988000000000000000e+03 1.196773290634155273e+00
7.989000000000000000e+03 1.208849430084228516e+00
7.990000000000000000e+03 1.185613632202148438e+00
7.991000000000000000e+03 1.163381099700927734e+00
7.992000000000000000e+03 1.221701264381408691e+00
7.993000000000000000e+03 1.217571735382080078e+00
7.994000000000000000e+03 1.227622509002685547e+00
7.995000000000000000e+03 1.236091494560241699e+00
7.996000000000000000e+03 1.219518542289733887e+00
7.997000000000000000e+03 1.234126091003417969e+00
7.998000000000000000e+03 1.218515276908874512e+00
7.999000000000000000e+03 1.226118445396423340e+00
8.000000000000000000e+03 1.191678524017333984e+00
8.001000000000000000e+03 1.204062223434448242e+00
8.002000000000000000e+03 1.205953240394592285e+00
8.003000000000000000e+03 1.215465903282165527e+00
8.004000000000000000e+03 1.219458699226379395e+00
8.005000000000000000e+03 1.197696447372436523e+00
8.006000000000000000e+03 1.196036219596862793e+00
8.007000000000000000e+03 1.219209194183349609e+00
8.008000000000000000e+03 1.214442133903503418e+00
8.009000000000000000e+03 1.229586362838745117e+00
8.010000000000000000e+03 1.209709405899047852e+00
8.011000000000000000e+03 1.239697933197021484e+00
8.012000000000000000e+03 1.227002382278442383e+00
8.013000000000000000e+03 1.238542318344116211e+00
8.014000000000000000e+03 1.234599590301513672e+00
8.015000000000000000e+03 1.242426276206970215e+00
8.016000000000000000e+03 1.235390186309814453e+00
8.017000000000000000e+03 1.219936370849609375e+00
8.018000000000000000e+03 1.263535857200622559e+00
8.019000000000000000e+03 1.242902874946594238e+00
8.020000000000000000e+03 1.255944490432739258e+00
8.021000000000000000e+03 1.230131626129150391e+00
8.022000000000000000e+03 1.235197067260742188e+00
8.023000000000000000e+03 1.260973691940307617e+00
8.024000000000000000e+03 1.246600270271301270e+00
8.025000000000000000e+03 1.232329607009887695e+00
8.026000000000000000e+03 1.241863012313842773e+00
8.027000000000000000e+03 1.234102606773376465e+00
8.028000000000000000e+03 1.220214843750000000e+00
8.029000000000000000e+03 1.237990617752075195e+00
8.030000000000000000e+03 1.251739025115966797e+00
8.031000000000000000e+03 1.306580543518066406e+00
8.032000000000000000e+03 1.242536187171936035e+00
8.033000000000000000e+03 1.246633529663085938e+00
8.034000000000000000e+03 1.228920340538024902e+00
8.035000000000000000e+03 1.248144865036010742e+00
8.036000000000000000e+03 1.212132215499877930e+00
8.037000000000000000e+03 1.219426512718200684e+00
8.038000000000000000e+03 1.228302359580993652e+00
8.039000000000000000e+03 1.213814377784729004e+00
8.040000000000000000e+03 1.222343325614929199e+00
8.041000000000000000e+03 1.200937509536743164e+00
8.042000000000000000e+03 1.218656778335571289e+00
8.043000000000000000e+03 1.201743483543395996e+00
8.044000000000000000e+03 1.228491783142089844e+00
8.045000000000000000e+03 1.227193593978881836e+00
8.046000000000000000e+03 1.216609954833984375e+00
8.047000000000000000e+03 1.185701727867126465e+00
8.048000000000000000e+03 1.216745138168334961e+00
8.049000000000000000e+03 1.239309787750244141e+00
8.050000000000000000e+03 1.218836188316345215e+00
8.051000000000000000e+03 1.218127965927124023e+00
8.052000000000000000e+03 1.216357707977294922e+00
8.053000000000000000e+03 1.200485110282897949e+00
8.054000000000000000e+03 1.232110500335693359e+00
8.055000000000000000e+03 1.246045112609863281e+00
8.056000000000000000e+03 1.207129478454589844e+00
8.057000000000000000e+03 1.222673416137695312e+00
8.058000000000000000e+03 1.223798990249633789e+00
8.059000000000000000e+03 1.215166568756103516e+00
8.060000000000000000e+03 1.218670368194580078e+00
8.061000000000000000e+03 1.205249071121215820e+00
8.062000000000000000e+03 1.210490465164184570e+00
8.063000000000000000e+03 1.228129744529724121e+00
8.064000000000000000e+03 1.216420769691467285e+00
8.065000000000000000e+03 1.205731272697448730e+00
8.066000000000000000e+03 1.228490829467773438e+00
8.067000000000000000e+03 1.252156496047973633e+00
8.068000000000000000e+03 1.239668369293212891e+00
8.069000000000000000e+03 1.244452834129333496e+00
8.070000000000000000e+03 1.216486454010009766e+00
8.071000000000000000e+03 1.233217000961303711e+00
8.072000000000000000e+03 1.193038940429687500e+00
8.073000000000000000e+03 1.234477281570434570e+00
8.074000000000000000e+03 1.247249722480773926e+00
8.075000000000000000e+03 1.196198940277099609e+00
8.076000000000000000e+03 1.228862881660461426e+00
8.077000000000000000e+03 1.252979278564453125e+00
8.078000000000000000e+03 1.244083881378173828e+00
8.079000000000000000e+03 1.237014293670654297e+00
8.080000000000000000e+03 1.235214948654174805e+00
8.081000000000000000e+03 1.225457191467285156e+00
8.082000000000000000e+03 1.226382970809936523e+00
8.083000000000000000e+03 1.227411508560180664e+00
8.084000000000000000e+03 1.225625157356262207e+00
8.085000000000000000e+03 1.218106389045715332e+00
8.086000000000000000e+03 1.240170359611511230e+00
8.087000000000000000e+03 1.223369717597961426e+00
8.088000000000000000e+03 1.252608418464660645e+00
8.089000000000000000e+03 1.196316003799438477e+00
8.090000000000000000e+03 1.229579091072082520e+00
8.091000000000000000e+03 1.207873702049255371e+00
8.092000000000000000e+03 1.214884757995605469e+00
8.093000000000000000e+03 1.210680246353149414e+00
8.094000000000000000e+03 1.187583088874816895e+00
8.095000000000000000e+03 1.238034963607788086e+00
8.096000000000000000e+03 1.235929965972900391e+00
8.097000000000000000e+03 1.227646827697753906e+00
8.098000000000000000e+03 1.232963800430297852e+00
8.099000000000000000e+03 1.237686753273010254e+00
8.100000000000000000e+03 1.227787017822265625e+00
8.101000000000000000e+03 1.240675926208496094e+00
8.102000000000000000e+03 1.247000098228454590e+00
8.103000000000000000e+03 1.241059660911560059e+00
8.104000000000000000e+03 1.228314638137817383e+00
8.105000000000000000e+03 1.205070734024047852e+00
8.106000000000000000e+03 1.217985391616821289e+00
8.107000000000000000e+03 1.221510291099548340e+00
8.108000000000000000e+03 1.198244094848632812e+00
8.109000000000000000e+03 1.220897555351257324e+00
8.110000000000000000e+03 1.223902106285095215e+00
8.111000000000000000e+03 1.225296497344970703e+00
8.112000000000000000e+03 1.226425647735595703e+00
8.113000000000000000e+03 1.237957477569580078e+00
8.114000000000000000e+03 1.220217943191528320e+00
8.115000000000000000e+03 1.213796377182006836e+00
8.116000000000000000e+03 1.222808480262756348e+00
8.117000000000000000e+03 1.218239307403564453e+00
8.118000000000000000e+03 1.202385544776916504e+00
8.119000000000000000e+03 1.215243458747863770e+00
8.120000000000000000e+03 1.193511724472045898e+00
8.121000000000000000e+03 1.188130021095275879e+00
8.122000000000000000e+03 1.206603765487670898e+00
8.123000000000000000e+03 1.225471258163452148e+00
8.124000000000000000e+03 1.214459896087646484e+00
8.125000000000000000e+03 1.202038049697875977e+00
8.126000000000000000e+03 1.202040910720825195e+00
8.127000000000000000e+03 1.203451156616210938e+00
8.128000000000000000e+03 1.198983907699584961e+00
8.129000000000000000e+03 1.193940162658691406e+00
8.130000000000000000e+03 1.194331288337707520e+00
8.131000000000000000e+03 1.243779659271240234e+00
8.132000000000000000e+03 1.225424170494079590e+00
8.133000000000000000e+03 1.231794714927673340e+00
8.134000000000000000e+03 1.214832425117492676e+00
8.135000000000000000e+03 1.237902879714965820e+00
8.136000000000000000e+03 1.217520236968994141e+00
8.137000000000000000e+03 1.260244846343994141e+00
8.138000000000000000e+03 1.229967236518859863e+00
8.139000000000000000e+03 1.201995849609375000e+00
8.140000000000000000e+03 1.225741744041442871e+00
8.141000000000000000e+03 1.205571413040161133e+00
8.142000000000000000e+03 1.223436713218688965e+00
8.143000000000000000e+03 1.229564666748046875e+00
8.144000000000000000e+03 1.247858881950378418e+00
8.145000000000000000e+03 1.219625234603881836e+00
8.146000000000000000e+03 1.216822862625122070e+00
8.147000000000000000e+03 1.256177425384521484e+00
8.148000000000000000e+03 1.221084594726562500e+00
8.149000000000000000e+03 1.248951196670532227e+00
8.150000000000000000e+03 1.220328807830810547e+00
8.151000000000000000e+03 1.261329174041748047e+00
8.152000000000000000e+03 1.237575054168701172e+00
8.153000000000000000e+03 1.236199855804443359e+00
8.154000000000000000e+03 1.223838329315185547e+00
8.155000000000000000e+03 1.222069859504699707e+00
8.156000000000000000e+03 1.291400074958801270e+00
8.157000000000000000e+03 1.242171525955200195e+00
8.158000000000000000e+03 1.243457317352294922e+00
8.159000000000000000e+03 1.229189395904541016e+00
8.160000000000000000e+03 1.221673727035522461e+00
8.161000000000000000e+03 1.216307282447814941e+00
8.162000000000000000e+03 1.223489284515380859e+00
8.163000000000000000e+03 1.213442206382751465e+00
8.164000000000000000e+03 1.222952842712402344e+00
8.165000000000000000e+03 1.236622810363769531e+00
8.166000000000000000e+03 1.232740163803100586e+00
8.167000000000000000e+03 1.258887767791748047e+00
8.168000000000000000e+03 1.238444566726684570e+00
8.169000000000000000e+03 1.252268075942993164e+00
8.170000000000000000e+03 1.246755838394165039e+00
8.171000000000000000e+03 1.271990776062011719e+00
8.172000000000000000e+03 1.230028033256530762e+00
8.173000000000000000e+03 1.237147808074951172e+00
8.174000000000000000e+03 1.200157523155212402e+00
8.175000000000000000e+03 1.225700139999389648e+00
8.176000000000000000e+03 1.240415573120117188e+00
8.177000000000000000e+03 1.277868986129760742e+00
8.178000000000000000e+03 1.225322842597961426e+00
8.179000000000000000e+03 1.248622655868530273e+00
8.180000000000000000e+03 1.251975417137145996e+00
8.181000000000000000e+03 1.237419009208679199e+00
8.182000000000000000e+03 1.229696512222290039e+00
8.183000000000000000e+03 1.212282896041870117e+00
8.184000000000000000e+03 1.240702629089355469e+00
8.185000000000000000e+03 1.244058012962341309e+00
8.186000000000000000e+03 1.234925866127014160e+00
8.187000000000000000e+03 1.250062346458435059e+00
8.188000000000000000e+03 1.249855518341064453e+00
8.189000000000000000e+03 1.278086304664611816e+00
8.190000000000000000e+03 1.238324165344238281e+00
8.191000000000000000e+03 1.233714699745178223e+00
8.192000000000000000e+03 1.215171813964843750e+00
8.193000000000000000e+03 1.190665006637573242e+00
8.194000000000000000e+03 1.225573897361755371e+00
8.195000000000000000e+03 1.203870058059692383e+00
8.196000000000000000e+03 1.225435733795166016e+00
8.197000000000000000e+03 1.208313465118408203e+00
8.198000000000000000e+03 1.233364582061767578e+00
8.199000000000000000e+03 1.239531755447387695e+00
8.200000000000000000e+03 1.228822708129882812e+00
8.201000000000000000e+03 1.254494309425354004e+00
8.202000000000000000e+03 1.230450391769409180e+00
8.203000000000000000e+03 1.194231510162353516e+00
8.204000000000000000e+03 1.222554922103881836e+00
8.205000000000000000e+03 1.267111539840698242e+00
8.206000000000000000e+03 1.257152676582336426e+00
8.207000000000000000e+03 1.237366318702697754e+00
8.208000000000000000e+03 1.228930115699768066e+00
8.209000000000000000e+03 1.246049404144287109e+00
8.210000000000000000e+03 1.269810557365417480e+00
8.211000000000000000e+03 1.240571498870849609e+00
8.212000000000000000e+03 1.254101753234863281e+00
8.213000000000000000e+03 1.238176941871643066e+00
8.214000000000000000e+03 1.222546696662902832e+00
8.215000000000000000e+03 1.211334943771362305e+00
8.216000000000000000e+03 1.211547970771789551e+00
8.217000000000000000e+03 1.232707262039184570e+00
8.218000000000000000e+03 1.229276061058044434e+00
8.219000000000000000e+03 1.251786470413208008e+00
8.220000000000000000e+03 1.246621251106262207e+00
8.221000000000000000e+03 1.253391981124877930e+00
8.222000000000000000e+03 1.226152777671813965e+00
8.223000000000000000e+03 1.249335289001464844e+00
8.224000000000000000e+03 1.233059287071228027e+00
8.225000000000000000e+03 1.246032953262329102e+00
8.226000000000000000e+03 1.235440611839294434e+00
8.227000000000000000e+03 1.231837987899780273e+00
8.228000000000000000e+03 1.242290854454040527e+00
8.229000000000000000e+03 1.255257129669189453e+00
8.230000000000000000e+03 1.234686613082885742e+00
8.231000000000000000e+03 1.242615103721618652e+00
8.232000000000000000e+03 1.276697635650634766e+00
8.233000000000000000e+03 1.239920854568481445e+00
8.234000000000000000e+03 1.245394229888916016e+00
8.235000000000000000e+03 1.236544609069824219e+00
8.236000000000000000e+03 1.241110920906066895e+00
8.237000000000000000e+03 1.248345851898193359e+00
8.238000000000000000e+03 1.250592589378356934e+00
8.239000000000000000e+03 1.266654014587402344e+00
8.240000000000000000e+03 1.239299535751342773e+00
8.241000000000000000e+03 1.254683732986450195e+00
8.242000000000000000e+03 1.226130843162536621e+00
8.243000000000000000e+03 1.228674888610839844e+00
8.244000000000000000e+03 1.221308469772338867e+00
8.245000000000000000e+03 1.220590591430664062e+00
8.246000000000000000e+03 1.208849191665649414e+00
8.247000000000000000e+03 1.255987882614135742e+00
8.248000000000000000e+03 1.231949090957641602e+00
8.249000000000000000e+03 1.253592491149902344e+00
8.250000000000000000e+03 1.235654830932617188e+00
8.251000000000000000e+03 1.236324906349182129e+00
8.252000000000000000e+03 1.244099974632263184e+00
8.253000000000000000e+03 1.211935639381408691e+00
8.254000000000000000e+03 1.214988708496093750e+00
8.255000000000000000e+03 1.209841728210449219e+00
8.256000000000000000e+03 1.229297757148742676e+00
8.257000000000000000e+03 1.265224575996398926e+00
8.258000000000000000e+03 1.242924928665161133e+00
8.259000000000000000e+03 1.241322875022888184e+00
8.260000000000000000e+03 1.228212356567382812e+00
8.261000000000000000e+03 1.226601839065551758e+00
8.262000000000000000e+03 1.222265720367431641e+00
8.263000000000000000e+03 1.246288061141967773e+00
8.264000000000000000e+03 1.217736005783081055e+00
8.265000000000000000e+03 1.208887338638305664e+00
8.266000000000000000e+03 1.216673612594604492e+00
8.267000000000000000e+03 1.240411639213562012e+00
8.268000000000000000e+03 1.210062623023986816e+00
8.269000000000000000e+03 1.215354919433593750e+00
8.270000000000000000e+03 1.202854633331298828e+00
8.271000000000000000e+03 1.233773231506347656e+00
8.272000000000000000e+03 1.196438431739807129e+00
8.273000000000000000e+03 1.228742003440856934e+00
8.274000000000000000e+03 1.212071180343627930e+00
8.275000000000000000e+03 1.212268114089965820e+00
8.276000000000000000e+03 1.213006019592285156e+00
8.277000000000000000e+03 1.213346958160400391e+00
8.278000000000000000e+03 1.207397222518920898e+00
8.279000000000000000e+03 1.200889229774475098e+00
8.280000000000000000e+03 1.193017601966857910e+00
8.281000000000000000e+03 1.209194421768188477e+00
8.282000000000000000e+03 1.222688913345336914e+00
8.283000000000000000e+03 1.243338704109191895e+00
8.284000000000000000e+03 1.236275672912597656e+00
8.285000000000000000e+03 1.244931101799011230e+00
8.286000000000000000e+03 1.236626267433166504e+00
8.287000000000000000e+03 1.233786106109619141e+00
8.288000000000000000e+03 1.245380878448486328e+00
8.289000000000000000e+03 1.213827610015869141e+00
8.290000000000000000e+03 1.238825798034667969e+00
8.291000000000000000e+03 1.245805978775024414e+00
8.292000000000000000e+03 1.252253413200378418e+00
8.293000000000000000e+03 1.223987579345703125e+00
8.294000000000000000e+03 1.231810450553894043e+00
8.295000000000000000e+03 1.238555669784545898e+00
8.296000000000000000e+03 1.227783441543579102e+00
8.297000000000000000e+03 1.227716922760009766e+00
8.298000000000000000e+03 1.227074146270751953e+00
8.299000000000000000e+03 1.222813487052917480e+00
8.300000000000000000e+03 1.219145298004150391e+00
8.301000000000000000e+03 1.198694825172424316e+00
8.302000000000000000e+03 1.236699342727661133e+00
8.303000000000000000e+03 1.230408787727355957e+00
8.304000000000000000e+03 1.198196291923522949e+00
8.305000000000000000e+03 1.197060108184814453e+00
8.306000000000000000e+03 1.223601818084716797e+00
8.307000000000000000e+03 1.245728015899658203e+00
8.308000000000000000e+03 1.241954684257507324e+00
8.309000000000000000e+03 1.225323319435119629e+00
8.310000000000000000e+03 1.224772691726684570e+00
8.311000000000000000e+03 1.239007830619812012e+00
8.312000000000000000e+03 1.254831671714782715e+00
8.313000000000000000e+03 1.259458184242248535e+00
8.314000000000000000e+03 1.231636166572570801e+00
8.315000000000000000e+03 1.212942719459533691e+00
8.316000000000000000e+03 1.222463250160217285e+00
8.317000000000000000e+03 1.241639018058776855e+00
8.318000000000000000e+03 1.226674318313598633e+00
8.319000000000000000e+03 1.235718607902526855e+00
8.320000000000000000e+03 1.178288698196411133e+00
8.321000000000000000e+03 1.190451860427856445e+00
8.322000000000000000e+03 1.198065519332885742e+00
8.323000000000000000e+03 1.200356006622314453e+00
8.324000000000000000e+03 1.209269762039184570e+00
8.325000000000000000e+03 1.217605829238891602e+00
8.326000000000000000e+03 1.212664961814880371e+00
8.327000000000000000e+03 1.233355522155761719e+00
8.328000000000000000e+03 1.205765008926391602e+00
8.329000000000000000e+03 1.217665076255798340e+00
8.330000000000000000e+03 1.215404510498046875e+00
8.331000000000000000e+03 1.194159746170043945e+00
8.332000000000000000e+03 1.224415659904479980e+00
8.333000000000000000e+03 1.192240238189697266e+00
8.334000000000000000e+03 1.196205377578735352e+00
8.335000000000000000e+03 1.172370791435241699e+00
8.336000000000000000e+03 1.194310545921325684e+00
8.337000000000000000e+03 1.241133093833923340e+00
8.338000000000000000e+03 1.203431367874145508e+00
8.339000000000000000e+03 1.230672597885131836e+00
8.340000000000000000e+03 1.222707629203796387e+00
8.341000000000000000e+03 1.229367017745971680e+00
8.342000000000000000e+03 1.254713177680969238e+00
8.343000000000000000e+03 1.237964868545532227e+00
8.344000000000000000e+03 1.233366131782531738e+00
8.345000000000000000e+03 1.259071826934814453e+00
8.346000000000000000e+03 1.232594013214111328e+00
8.347000000000000000e+03 1.236143827438354492e+00
8.348000000000000000e+03 1.254794716835021973e+00
8.349000000000000000e+03 1.251912832260131836e+00
8.350000000000000000e+03 1.215108990669250488e+00
8.351000000000000000e+03 1.218206048011779785e+00
8.352000000000000000e+03 1.232157945632934570e+00
8.353000000000000000e+03 1.250234365463256836e+00
8.354000000000000000e+03 1.177741646766662598e+00
8.355000000000000000e+03 1.197486162185668945e+00
8.356000000000000000e+03 1.237450122833251953e+00
8.357000000000000000e+03 1.218553304672241211e+00
8.358000000000000000e+03 1.220911026000976562e+00
8.359000000000000000e+03 1.233070135116577148e+00
8.360000000000000000e+03 1.213712930679321289e+00
8.361000000000000000e+03 1.198707103729248047e+00
8.362000000000000000e+03 1.224907636642456055e+00
8.363000000000000000e+03 1.204477429389953613e+00
8.364000000000000000e+03 1.224599361419677734e+00
8.365000000000000000e+03 1.193659186363220215e+00
8.366000000000000000e+03 1.209192752838134766e+00
8.367000000000000000e+03 1.235074877738952637e+00
8.368000000000000000e+03 1.243991136550903320e+00
8.369000000000000000e+03 1.238831162452697754e+00
8.370000000000000000e+03 1.221127986907958984e+00
8.371000000000000000e+03 1.243709325790405273e+00
8.372000000000000000e+03 1.245631694793701172e+00
8.373000000000000000e+03 1.243036031723022461e+00
8.374000000000000000e+03 1.205676198005676270e+00
8.375000000000000000e+03 1.210168004035949707e+00
8.376000000000000000e+03 1.237775564193725586e+00
8.377000000000000000e+03 1.239912986755371094e+00
8.378000000000000000e+03 1.234657049179077148e+00
8.379000000000000000e+03 1.203011393547058105e+00
8.380000000000000000e+03 1.177561759948730469e+00
8.381000000000000000e+03 1.198609828948974609e+00
8.382000000000000000e+03 1.213808178901672363e+00
8.383000000000000000e+03 1.209983468055725098e+00
8.384000000000000000e+03 1.204228162765502930e+00
8.385000000000000000e+03 1.231686830520629883e+00
8.386000000000000000e+03 1.220694422721862793e+00
8.387000000000000000e+03 1.198682069778442383e+00
8.388000000000000000e+03 1.220309257507324219e+00
8.389000000000000000e+03 1.219840526580810547e+00
8.390000000000000000e+03 1.205789208412170410e+00
8.391000000000000000e+03 1.240140914916992188e+00
8.392000000000000000e+03 1.226687908172607422e+00
8.393000000000000000e+03 1.207914590835571289e+00
8.394000000000000000e+03 1.224933981895446777e+00
8.395000000000000000e+03 1.221215844154357910e+00
8.396000000000000000e+03 1.222855806350708008e+00
8.397000000000000000e+03 1.232776999473571777e+00
8.398000000000000000e+03 1.245672225952148438e+00
8.399000000000000000e+03 1.235677242279052734e+00
8.400000000000000000e+03 1.257541537284851074e+00
8.401000000000000000e+03 1.194541454315185547e+00
8.402000000000000000e+03 1.201243638992309570e+00
8.403000000000000000e+03 1.239964723587036133e+00
8.404000000000000000e+03 1.223837852478027344e+00
8.405000000000000000e+03 1.223299860954284668e+00
8.406000000000000000e+03 1.257084608078002930e+00
8.407000000000000000e+03 1.230926632881164551e+00
8.408000000000000000e+03 1.190859913825988770e+00
8.409000000000000000e+03 1.185958623886108398e+00
8.410000000000000000e+03 1.208345413208007812e+00
8.411000000000000000e+03 1.196173667907714844e+00
8.412000000000000000e+03 1.223782062530517578e+00
8.413000000000000000e+03 1.225259780883789062e+00
8.414000000000000000e+03 1.212132215499877930e+00
8.415000000000000000e+03 1.203474998474121094e+00
8.416000000000000000e+03 1.214818477630615234e+00
8.417000000000000000e+03 1.215845823287963867e+00
8.418000000000000000e+03 1.223996996879577637e+00
8.419000000000000000e+03 1.256150364875793457e+00
8.420000000000000000e+03 1.200937271118164062e+00
8.421000000000000000e+03 1.217577338218688965e+00
8.422000000000000000e+03 1.192801475524902344e+00
8.423000000000000000e+03 1.232758998870849609e+00
8.424000000000000000e+03 1.212765216827392578e+00
8.425000000000000000e+03 1.237024068832397461e+00
8.426000000000000000e+03 1.217209815979003906e+00
8.427000000000000000e+03 1.220116138458251953e+00
8.428000000000000000e+03 1.260718703269958496e+00
8.429000000000000000e+03 1.238215923309326172e+00
8.430000000000000000e+03 1.245995283126831055e+00
8.431000000000000000e+03 1.251222610473632812e+00
8.432000000000000000e+03 1.267300844192504883e+00
8.433000000000000000e+03 1.254511713981628418e+00
8.434000000000000000e+03 1.223986148834228516e+00
8.435000000000000000e+03 1.255918264389038086e+00
8.436000000000000000e+03 1.262235283851623535e+00
8.437000000000000000e+03 1.277882814407348633e+00
8.438000000000000000e+03 1.246718883514404297e+00
8.439000000000000000e+03 1.231804132461547852e+00
8.440000000000000000e+03 1.223762512207031250e+00
8.441000000000000000e+03 1.202599167823791504e+00
8.442000000000000000e+03 1.233095645904541016e+00
8.443000000000000000e+03 1.177863359451293945e+00
8.444000000000000000e+03 1.204783201217651367e+00
8.445000000000000000e+03 1.234154105186462402e+00
8.446000000000000000e+03 1.242008447647094727e+00
8.447000000000000000e+03 1.261888861656188965e+00
8.448000000000000000e+03 1.241698265075683594e+00
8.449000000000000000e+03 1.255144357681274414e+00
8.450000000000000000e+03 1.215969204902648926e+00
8.451000000000000000e+03 1.260042786598205566e+00
8.452000000000000000e+03 1.242627739906311035e+00
8.453000000000000000e+03 1.252401232719421387e+00
8.454000000000000000e+03 1.255312681198120117e+00
8.455000000000000000e+03 1.266422510147094727e+00
8.456000000000000000e+03 1.239411592483520508e+00
8.457000000000000000e+03 1.247611761093139648e+00
8.458000000000000000e+03 1.242971420288085938e+00
8.459000000000000000e+03 1.250411629676818848e+00
8.460000000000000000e+03 1.244720935821533203e+00
8.461000000000000000e+03 1.239903688430786133e+00
8.462000000000000000e+03 1.260838150978088379e+00
8.463000000000000000e+03 1.251419305801391602e+00
8.464000000000000000e+03 1.259893059730529785e+00
8.465000000000000000e+03 1.245813488960266113e+00
8.466000000000000000e+03 1.245951414108276367e+00
8.467000000000000000e+03 1.236169338226318359e+00
8.468000000000000000e+03 1.239328384399414062e+00
8.469000000000000000e+03 1.241811275482177734e+00
8.470000000000000000e+03 1.233070135116577148e+00
8.471000000000000000e+03 1.248726129531860352e+00
8.472000000000000000e+03 1.219689607620239258e+00
8.473000000000000000e+03 1.267506003379821777e+00
8.474000000000000000e+03 1.264813184738159180e+00
8.475000000000000000e+03 1.295058727264404297e+00
8.476000000000000000e+03 1.237713336944580078e+00
8.477000000000000000e+03 1.236994981765747070e+00
8.478000000000000000e+03 1.251519203186035156e+00
8.479000000000000000e+03 1.280380487442016602e+00
8.480000000000000000e+03 1.253273367881774902e+00
8.481000000000000000e+03 1.261200785636901855e+00
8.482000000000000000e+03 1.273511409759521484e+00
8.483000000000000000e+03 1.229514360427856445e+00
8.484000000000000000e+03 1.221888303756713867e+00
8.485000000000000000e+03 1.255112051963806152e+00
8.486000000000000000e+03 1.261291742324829102e+00
8.487000000000000000e+03 1.237197160720825195e+00
8.488000000000000000e+03 1.238203883171081543e+00
8.489000000000000000e+03 1.224656939506530762e+00
8.490000000000000000e+03 1.282923221588134766e+00
8.491000000000000000e+03 1.278242111206054688e+00
8.492000000000000000e+03 1.280310750007629395e+00
8.493000000000000000e+03 1.267837524414062500e+00
8.494000000000000000e+03 1.270690798759460449e+00
8.495000000000000000e+03 1.232958912849426270e+00
8.496000000000000000e+03 1.222899317741394043e+00
8.497000000000000000e+03 1.275767326354980469e+00
8.498000000000000000e+03 1.220900893211364746e+00
8.499000000000000000e+03 1.241395950317382812e+00
8.500000000000000000e+03 1.272322773933410645e+00
8.501000000000000000e+03 1.247550010681152344e+00
8.502000000000000000e+03 1.256138324737548828e+00
8.503000000000000000e+03 1.294893026351928711e+00
8.504000000000000000e+03 1.242300987243652344e+00
8.505000000000000000e+03 1.243531584739685059e+00
8.506000000000000000e+03 1.261845946311950684e+00
8.507000000000000000e+03 1.229930877685546875e+00
8.508000000000000000e+03 1.250948786735534668e+00
8.509000000000000000e+03 1.235226273536682129e+00
8.510000000000000000e+03 1.280783891677856445e+00
8.511000000000000000e+03 1.256940364837646484e+00
8.512000000000000000e+03 1.241708636283874512e+00
8.513000000000000000e+03 1.222382068634033203e+00
8.514000000000000000e+03 1.259443163871765137e+00
8.515000000000000000e+03 1.258175373077392578e+00
8.516000000000000000e+03 1.246938586235046387e+00
8.517000000000000000e+03 1.260035872459411621e+00
8.518000000000000000e+03 1.244242191314697266e+00
8.519000000000000000e+03 1.269973635673522949e+00
8.520000000000000000e+03 1.247864484786987305e+00
8.521000000000000000e+03 1.250643253326416016e+00
8.522000000000000000e+03 1.243068337440490723e+00
8.523000000000000000e+03 1.252191066741943359e+00
8.524000000000000000e+03 1.249517679214477539e+00
8.525000000000000000e+03 1.267947673797607422e+00
8.526000000000000000e+03 1.228996634483337402e+00
8.527000000000000000e+03 1.263109683990478516e+00
8.528000000000000000e+03 1.266277670860290527e+00
8.529000000000000000e+03 1.246814489364624023e+00
8.530000000000000000e+03 1.239618062973022461e+00
8.531000000000000000e+03 1.253089427947998047e+00
8.532000000000000000e+03 1.284944772720336914e+00
8.533000000000000000e+03 1.277042388916015625e+00
8.534000000000000000e+03 1.230642199516296387e+00
8.535000000000000000e+03 1.263141512870788574e+00
8.536000000000000000e+03 1.222320556640625000e+00
8.537000000000000000e+03 1.235425472259521484e+00
8.538000000000000000e+03 1.263458609580993652e+00
8.539000000000000000e+03 1.241070389747619629e+00
8.540000000000000000e+03 1.237517476081848145e+00
8.541000000000000000e+03 1.247767686843872070e+00
8.542000000000000000e+03 1.258412122726440430e+00
8.543000000000000000e+03 1.268273353576660156e+00
8.544000000000000000e+03 1.258771777153015137e+00
8.545000000000000000e+03 1.224684715270996094e+00
8.546000000000000000e+03 1.251342892646789551e+00
8.547000000000000000e+03 1.247813701629638672e+00
8.548000000000000000e+03 1.257892727851867676e+00
8.549000000000000000e+03 1.247414588928222656e+00
8.550000000000000000e+03 1.284759759902954102e+00
8.551000000000000000e+03 1.260453343391418457e+00
8.552000000000000000e+03 1.280167818069458008e+00
8.553000000000000000e+03 1.303064703941345215e+00
8.554000000000000000e+03 1.313862800598144531e+00
8.555000000000000000e+03 1.274925112724304199e+00
8.556000000000000000e+03 1.247177004814147949e+00
8.557000000000000000e+03 1.294105529785156250e+00
8.558000000000000000e+03 1.254796147346496582e+00
8.559000000000000000e+03 1.281234741210937500e+00
8.560000000000000000e+03 1.272607922554016113e+00
8.561000000000000000e+03 1.278148531913757324e+00
8.562000000000000000e+03 1.279288411140441895e+00
8.563000000000000000e+03 1.275801181793212891e+00
8.564000000000000000e+03 1.249827146530151367e+00
8.565000000000000000e+03 1.251595973968505859e+00
8.566000000000000000e+03 1.286180257797241211e+00
8.567000000000000000e+03 1.293695807456970215e+00
8.568000000000000000e+03 1.303281903266906738e+00
8.569000000000000000e+03 1.286835551261901855e+00
8.570000000000000000e+03 1.312666893005371094e+00
8.571000000000000000e+03 1.268454194068908691e+00
8.572000000000000000e+03 1.250775337219238281e+00
8.573000000000000000e+03 1.277282238006591797e+00
8.574000000000000000e+03 1.273843765258789062e+00
8.575000000000000000e+03 1.248254537582397461e+00
8.576000000000000000e+03 1.258919000625610352e+00
8.577000000000000000e+03 1.245378732681274414e+00
8.578000000000000000e+03 1.243335008621215820e+00
8.579000000000000000e+03 1.287903189659118652e+00
8.580000000000000000e+03 1.288378834724426270e+00
8.581000000000000000e+03 1.273919582366943359e+00
8.582000000000000000e+03 1.287022590637207031e+00
8.583000000000000000e+03 1.303747892379760742e+00
8.584000000000000000e+03 1.277641057968139648e+00
8.585000000000000000e+03 1.304878592491149902e+00
8.586000000000000000e+03 1.267584681510925293e+00
8.587000000000000000e+03 1.296178579330444336e+00
8.588000000000000000e+03 1.280332446098327637e+00
8.589000000000000000e+03 1.304787516593933105e+00
8.590000000000000000e+03 1.318701267242431641e+00
8.591000000000000000e+03 1.266251921653747559e+00
8.592000000000000000e+03 1.277026295661926270e+00
8.593000000000000000e+03 1.250175356864929199e+00
8.594000000000000000e+03 1.259826540946960449e+00
8.595000000000000000e+03 1.262468934059143066e+00
8.596000000000000000e+03 1.265271902084350586e+00
8.597000000000000000e+03 1.285027027130126953e+00
8.598000000000000000e+03 1.287874221801757812e+00
8.599000000000000000e+03 1.280504226684570312e+00
8.600000000000000000e+03 1.280809164047241211e+00
8.601000000000000000e+03 1.278151154518127441e+00
8.602000000000000000e+03 1.286947011947631836e+00
8.603000000000000000e+03 1.280280351638793945e+00
8.604000000000000000e+03 1.288079261779785156e+00
8.605000000000000000e+03 1.270847320556640625e+00
8.606000000000000000e+03 1.272347211837768555e+00
8.607000000000000000e+03 1.278090476989746094e+00
8.608000000000000000e+03 1.280951261520385742e+00
8.609000000000000000e+03 1.248441338539123535e+00
8.610000000000000000e+03 1.263365387916564941e+00
8.611000000000000000e+03 1.259915709495544434e+00
8.612000000000000000e+03 1.268097639083862305e+00
8.613000000000000000e+03 1.258786678314208984e+00
8.614000000000000000e+03 1.242168664932250977e+00
8.615000000000000000e+03 1.264372825622558594e+00
8.616000000000000000e+03 1.259923815727233887e+00
8.617000000000000000e+03 1.265915513038635254e+00
8.618000000000000000e+03 1.268587708473205566e+00
8.619000000000000000e+03 1.286366224288940430e+00
8.620000000000000000e+03 1.255139827728271484e+00
8.621000000000000000e+03 1.264786005020141602e+00
8.622000000000000000e+03 1.256388187408447266e+00
8.623000000000000000e+03 1.225111603736877441e+00
8.624000000000000000e+03 1.270846009254455566e+00
8.625000000000000000e+03 1.285664677619934082e+00
8.626000000000000000e+03 1.241287469863891602e+00
8.627000000000000000e+03 1.267976284027099609e+00
8.628000000000000000e+03 1.258785128593444824e+00
8.629000000000000000e+03 1.281920671463012695e+00
8.630000000000000000e+03 1.230462193489074707e+00
8.631000000000000000e+03 1.239833593368530273e+00
8.632000000000000000e+03 1.251876354217529297e+00
8.633000000000000000e+03 1.286774277687072754e+00
8.634000000000000000e+03 1.261548757553100586e+00
8.635000000000000000e+03 1.295923948287963867e+00
8.636000000000000000e+03 1.266232728958129883e+00
8.637000000000000000e+03 1.235674023628234863e+00
8.638000000000000000e+03 1.280312180519104004e+00
8.639000000000000000e+03 1.290102720260620117e+00
8.640000000000000000e+03 1.268345475196838379e+00
8.641000000000000000e+03 1.273445367813110352e+00
8.642000000000000000e+03 1.271985292434692383e+00
8.643000000000000000e+03 1.269959211349487305e+00
8.644000000000000000e+03 1.269394874572753906e+00
8.645000000000000000e+03 1.256024599075317383e+00
8.646000000000000000e+03 1.270121812820434570e+00
8.647000000000000000e+03 1.265735864639282227e+00
8.648000000000000000e+03 1.291269302368164062e+00
8.649000000000000000e+03 1.264317393302917480e+00
8.650000000000000000e+03 1.272145390510559082e+00
8.651000000000000000e+03 1.278507113456726074e+00
8.652000000000000000e+03 1.284309625625610352e+00
8.653000000000000000e+03 1.256046414375305176e+00
8.654000000000000000e+03 1.303801178932189941e+00
8.655000000000000000e+03 1.273090839385986328e+00
8.656000000000000000e+03 1.277973890304565430e+00
8.657000000000000000e+03 1.255013465881347656e+00
8.658000000000000000e+03 1.270069956779479980e+00
8.659000000000000000e+03 1.262562990188598633e+00
8.660000000000000000e+03 1.264341831207275391e+00
8.661000000000000000e+03 1.264559149742126465e+00
8.662000000000000000e+03 1.269415378570556641e+00
8.663000000000000000e+03 1.257357120513916016e+00
8.664000000000000000e+03 1.250832915306091309e+00
8.665000000000000000e+03 1.248924612998962402e+00
8.666000000000000000e+03 1.273987531661987305e+00
8.667000000000000000e+03 1.264899134635925293e+00
8.668000000000000000e+03 1.238043546676635742e+00
8.669000000000000000e+03 1.304052710533142090e+00
8.670000000000000000e+03 1.269227981567382812e+00
8.671000000000000000e+03 1.272708892822265625e+00
8.672000000000000000e+03 1.258690714836120605e+00
8.673000000000000000e+03 1.231355786323547363e+00
8.674000000000000000e+03 1.256565093994140625e+00
8.675000000000000000e+03 1.267983078956604004e+00
8.676000000000000000e+03 1.250316262245178223e+00
8.677000000000000000e+03 1.262736678123474121e+00
8.678000000000000000e+03 1.263726234436035156e+00
8.679000000000000000e+03 1.287366151809692383e+00
8.680000000000000000e+03 1.284603714942932129e+00
8.681000000000000000e+03 1.266499042510986328e+00
8.682000000000000000e+03 1.252687335014343262e+00
8.683000000000000000e+03 1.279479384422302246e+00
8.684000000000000000e+03 1.221071958541870117e+00
8.685000000000000000e+03 1.235434651374816895e+00
8.686000000000000000e+03 1.256821751594543457e+00
8.687000000000000000e+03 1.248460412025451660e+00
8.688000000000000000e+03 1.253195285797119141e+00
8.689000000000000000e+03 1.266063451766967773e+00
8.690000000000000000e+03 1.249495029449462891e+00
8.691000000000000000e+03 1.284999489784240723e+00
8.692000000000000000e+03 1.266410827636718750e+00
8.693000000000000000e+03 1.272342205047607422e+00
8.694000000000000000e+03 1.262584805488586426e+00
8.695000000000000000e+03 1.267554044723510742e+00
8.696000000000000000e+03 1.270918846130371094e+00
8.697000000000000000e+03 1.251276850700378418e+00
8.698000000000000000e+03 1.235293626785278320e+00
8.699000000000000000e+03 1.257803201675415039e+00
8.700000000000000000e+03 1.273359537124633789e+00
8.701000000000000000e+03 1.260101914405822754e+00
8.702000000000000000e+03 1.295595407485961914e+00
8.703000000000000000e+03 1.282045006752014160e+00
8.704000000000000000e+03 1.263734817504882812e+00
8.705000000000000000e+03 1.263298511505126953e+00
8.706000000000000000e+03 1.312108993530273438e+00
8.707000000000000000e+03 1.269667148590087891e+00
8.708000000000000000e+03 1.315686464309692383e+00
8.709000000000000000e+03 1.301995158195495605e+00
8.710000000000000000e+03 1.279922008514404297e+00
8.711000000000000000e+03 1.263643980026245117e+00
8.712000000000000000e+03 1.284022688865661621e+00
8.713000000000000000e+03 1.274194955825805664e+00
8.714000000000000000e+03 1.255653381347656250e+00
8.715000000000000000e+03 1.267023921012878418e+00
8.716000000000000000e+03 1.273778796195983887e+00
8.717000000000000000e+03 1.314935803413391113e+00
8.718000000000000000e+03 1.268726110458374023e+00
8.719000000000000000e+03 1.269580602645874023e+00
8.720000000000000000e+03 1.260550975799560547e+00
8.721000000000000000e+03 1.252877473831176758e+00
8.722000000000000000e+03 1.247330069541931152e+00
8.723000000000000000e+03 1.259190559387207031e+00
8.724000000000000000e+03 1.239378929138183594e+00
8.725000000000000000e+03 1.269829750061035156e+00
8.726000000000000000e+03 1.278803586959838867e+00
8.727000000000000000e+03 1.275110483169555664e+00
8.728000000000000000e+03 1.291082024574279785e+00
8.729000000000000000e+03 1.300803542137145996e+00
8.730000000000000000e+03 1.254337787628173828e+00
8.731000000000000000e+03 1.296642184257507324e+00
8.732000000000000000e+03 1.321625351905822754e+00
8.733000000000000000e+03 1.297404408454895020e+00
8.734000000000000000e+03 1.301245331764221191e+00
8.735000000000000000e+03 1.278915524482727051e+00
8.736000000000000000e+03 1.262964963912963867e+00
8.737000000000000000e+03 1.254955530166625977e+00
8.738000000000000000e+03 1.269025325775146484e+00
8.739000000000000000e+03 1.268719434738159180e+00
8.740000000000000000e+03 1.263910770416259766e+00
8.741000000000000000e+03 1.299469590187072754e+00
8.742000000000000000e+03 1.311825275421142578e+00
8.743000000000000000e+03 1.276638507843017578e+00
8.744000000000000000e+03 1.300412178039550781e+00
8.745000000000000000e+03 1.262297153472900391e+00
8.746000000000000000e+03 1.290587186813354492e+00
8.747000000000000000e+03 1.295853376388549805e+00
8.748000000000000000e+03 1.302297115325927734e+00
8.749000000000000000e+03 1.286122083663940430e+00
8.750000000000000000e+03 1.285855889320373535e+00
8.751000000000000000e+03 1.289955615997314453e+00
8.752000000000000000e+03 1.289151668548583984e+00
8.753000000000000000e+03 1.301361918449401855e+00
8.754000000000000000e+03 1.293197393417358398e+00
8.755000000000000000e+03 1.281638741493225098e+00
8.756000000000000000e+03 1.281543612480163574e+00
8.757000000000000000e+03 1.291360378265380859e+00
8.758000000000000000e+03 1.276894450187683105e+00
8.759000000000000000e+03 1.262019991874694824e+00
8.760000000000000000e+03 1.299181938171386719e+00
8.761000000000000000e+03 1.240817546844482422e+00
8.762000000000000000e+03 1.280500650405883789e+00
8.763000000000000000e+03 1.281805276870727539e+00
8.764000000000000000e+03 1.280905961990356445e+00
8.765000000000000000e+03 1.270475745201110840e+00
8.766000000000000000e+03 1.283306002616882324e+00
8.767000000000000000e+03 1.293900609016418457e+00
8.768000000000000000e+03 1.306136965751647949e+00
8.769000000000000000e+03 1.253038883209228516e+00
8.770000000000000000e+03 1.271744728088378906e+00
8.771000000000000000e+03 1.283386826515197754e+00
8.772000000000000000e+03 1.290301918983459473e+00
8.773000000000000000e+03 1.284255743026733398e+00
8.774000000000000000e+03 1.285910487174987793e+00
8.775000000000000000e+03 1.244839310646057129e+00
8.776000000000000000e+03 1.261286377906799316e+00
8.777000000000000000e+03 1.255123138427734375e+00
8.778000000000000000e+03 1.271923661231994629e+00
8.779000000000000000e+03 1.276687979698181152e+00
8.780000000000000000e+03 1.276403188705444336e+00
8.781000000000000000e+03 1.286994457244873047e+00
8.782000000000000000e+03 1.248314857482910156e+00
8.783000000000000000e+03 1.251893520355224609e+00
8.784000000000000000e+03 1.263578414916992188e+00
8.785000000000000000e+03 1.243143916130065918e+00
8.786000000000000000e+03 1.279568433761596680e+00
8.787000000000000000e+03 1.231999516487121582e+00
8.788000000000000000e+03 1.251780033111572266e+00
8.789000000000000000e+03 1.256782054901123047e+00
8.790000000000000000e+03 1.274996042251586914e+00
8.791000000000000000e+03 1.256966829299926758e+00
8.792000000000000000e+03 1.257173061370849609e+00
8.793000000000000000e+03 1.285350322723388672e+00
8.794000000000000000e+03 1.269626617431640625e+00
8.795000000000000000e+03 1.255625724792480469e+00
8.796000000000000000e+03 1.267901539802551270e+00
8.797000000000000000e+03 1.256272196769714355e+00
8.798000000000000000e+03 1.260355234146118164e+00
8.799000000000000000e+03 1.260326862335205078e+00
8.800000000000000000e+03 1.270315408706665039e+00
8.801000000000000000e+03 1.281601071357727051e+00
8.802000000000000000e+03 1.272961616516113281e+00
8.803000000000000000e+03 1.279720544815063477e+00
8.804000000000000000e+03 1.268203854560852051e+00
8.805000000000000000e+03 1.268388390541076660e+00
8.806000000000000000e+03 1.264308333396911621e+00
8.807000000000000000e+03 1.267231702804565430e+00
8.808000000000000000e+03 1.297513484954833984e+00
8.809000000000000000e+03 1.267858028411865234e+00
8.810000000000000000e+03 1.297949433326721191e+00
8.811000000000000000e+03 1.272582054138183594e+00
8.812000000000000000e+03 1.252247095108032227e+00
8.813000000000000000e+03 1.275589227676391602e+00
8.814000000000000000e+03 1.281885743141174316e+00
8.815000000000000000e+03 1.268987894058227539e+00
8.816000000000000000e+03 1.278217315673828125e+00
8.817000000000000000e+03 1.254658818244934082e+00
8.818000000000000000e+03 1.270547986030578613e+00
8.819000000000000000e+03 1.251396059989929199e+00
8.820000000000000000e+03 1.260232090950012207e+00
8.821000000000000000e+03 1.289949178695678711e+00
8.822000000000000000e+03 1.284377932548522949e+00
8.823000000000000000e+03 1.276207327842712402e+00
8.824000000000000000e+03 1.275959253311157227e+00
8.825000000000000000e+03 1.260628938674926758e+00
8.826000000000000000e+03 1.246109127998352051e+00
8.827000000000000000e+03 1.285209298133850098e+00
8.828000000000000000e+03 1.269532442092895508e+00
8.829000000000000000e+03 1.290109515190124512e+00
8.830000000000000000e+03 1.285534977912902832e+00
8.831000000000000000e+03 1.274991750717163086e+00
8.832000000000000000e+03 1.279943346977233887e+00
8.833000000000000000e+03 1.272475481033325195e+00
8.834000000000000000e+03 1.237395644187927246e+00
8.835000000000000000e+03 1.268915414810180664e+00
8.836000000000000000e+03 1.266106486320495605e+00
8.837000000000000000e+03 1.308566331863403320e+00
8.838000000000000000e+03 1.241071224212646484e+00
8.839000000000000000e+03 1.233811855316162109e+00
8.840000000000000000e+03 1.274763584136962891e+00
8.841000000000000000e+03 1.284987688064575195e+00
8.842000000000000000e+03 1.235259056091308594e+00
8.843000000000000000e+03 1.258413791656494141e+00
8.844000000000000000e+03 1.267114639282226562e+00
8.845000000000000000e+03 1.259525537490844727e+00
8.846000000000000000e+03 1.246029853820800781e+00
8.847000000000000000e+03 1.288926124572753906e+00
8.848000000000000000e+03 1.266555547714233398e+00
8.849000000000000000e+03 1.293396234512329102e+00
8.850000000000000000e+03 1.282977700233459473e+00
8.851000000000000000e+03 1.262433767318725586e+00
8.852000000000000000e+03 1.258692741394042969e+00
8.853000000000000000e+03 1.296204924583435059e+00
8.854000000000000000e+03 1.288914918899536133e+00
8.855000000000000000e+03 1.270761847496032715e+00
8.856000000000000000e+03 1.268512606620788574e+00
8.857000000000000000e+03 1.295096755027770996e+00
8.858000000000000000e+03 1.293061971664428711e+00
8.859000000000000000e+03 1.264827013015747070e+00
8.860000000000000000e+03 1.302859425544738770e+00
8.861000000000000000e+03 1.310782074928283691e+00
8.862000000000000000e+03 1.299854993820190430e+00
8.863000000000000000e+03 1.293059587478637695e+00
8.864000000000000000e+03 1.280515313148498535e+00
8.865000000000000000e+03 1.288776397705078125e+00
8.866000000000000000e+03 1.303134083747863770e+00
8.867000000000000000e+03 1.289583206176757812e+00
8.868000000000000000e+03 1.293561935424804688e+00
8.869000000000000000e+03 1.290226817131042480e+00
8.870000000000000000e+03 1.310164213180541992e+00
8.871000000000000000e+03 1.323235392570495605e+00
8.872000000000000000e+03 1.311034202575683594e+00
8.873000000000000000e+03 1.289481282234191895e+00
8.874000000000000000e+03 1.276853919029235840e+00
8.875000000000000000e+03 1.296141862869262695e+00
8.876000000000000000e+03 1.299862861633300781e+00
8.877000000000000000e+03 1.310971975326538086e+00
8.878000000000000000e+03 1.303128123283386230e+00
8.879000000000000000e+03 1.295556783676147461e+00
8.880000000000000000e+03 1.303443193435668945e+00
8.881000000000000000e+03 1.291575431823730469e+00
8.882000000000000000e+03 1.313699126243591309e+00
8.883000000000000000e+03 1.306440830230712891e+00
8.884000000000000000e+03 1.307632923126220703e+00
8.885000000000000000e+03 1.311681270599365234e+00
8.886000000000000000e+03 1.289151549339294434e+00
8.887000000000000000e+03 1.279908061027526855e+00
8.888000000000000000e+03 1.294627666473388672e+00
8.889000000000000000e+03 1.279597043991088867e+00
8.890000000000000000e+03 1.286299705505371094e+00
8.891000000000000000e+03 1.262120723724365234e+00
8.892000000000000000e+03 1.288437604904174805e+00
8.893000000000000000e+03 1.296113252639770508e+00
8.894000000000000000e+03 1.281043887138366699e+00
8.895000000000000000e+03 1.289731502532958984e+00
8.896000000000000000e+03 1.269959449768066406e+00
8.897000000000000000e+03 1.303403139114379883e+00
8.898000000000000000e+03 1.301300525665283203e+00
8.899000000000000000e+03 1.301197052001953125e+00
8.900000000000000000e+03 1.322990894317626953e+00
8.901000000000000000e+03 1.310192942619323730e+00
8.902000000000000000e+03 1.291356801986694336e+00
8.903000000000000000e+03 1.272556662559509277e+00
8.904000000000000000e+03 1.277134895324707031e+00
8.905000000000000000e+03 1.311291456222534180e+00
8.906000000000000000e+03 1.295884609222412109e+00
8.907000000000000000e+03 1.270402193069458008e+00
8.908000000000000000e+03 1.259202480316162109e+00
8.909000000000000000e+03 1.292328357696533203e+00
8.910000000000000000e+03 1.283174753189086914e+00
8.911000000000000000e+03 1.307618141174316406e+00
8.912000000000000000e+03 1.257897853851318359e+00
8.913000000000000000e+03 1.295325875282287598e+00
8.914000000000000000e+03 1.250696659088134766e+00
8.915000000000000000e+03 1.262600064277648926e+00
8.916000000000000000e+03 1.268396258354187012e+00
8.917000000000000000e+03 1.287096977233886719e+00
8.918000000000000000e+03 1.264606237411499023e+00
8.919000000000000000e+03 1.274346351623535156e+00
8.920000000000000000e+03 1.243272304534912109e+00
8.921000000000000000e+03 1.262604713439941406e+00
8.922000000000000000e+03 1.250126361846923828e+00
8.923000000000000000e+03 1.287489414215087891e+00
8.924000000000000000e+03 1.251042604446411133e+00
8.925000000000000000e+03 1.243591785430908203e+00
8.926000000000000000e+03 1.268532752990722656e+00
8.927000000000000000e+03 1.250699043273925781e+00
8.928000000000000000e+03 1.266670465469360352e+00
8.929000000000000000e+03 1.286000490188598633e+00
8.930000000000000000e+03 1.232455253601074219e+00
8.931000000000000000e+03 1.245379805564880371e+00
8.932000000000000000e+03 1.256888628005981445e+00
8.933000000000000000e+03 1.242334485054016113e+00
8.934000000000000000e+03 1.256222009658813477e+00
8.935000000000000000e+03 1.251639485359191895e+00
8.936000000000000000e+03 1.231276273727416992e+00
8.937000000000000000e+03 1.286115288734436035e+00
8.938000000000000000e+03 1.291944265365600586e+00
8.939000000000000000e+03 1.280941009521484375e+00
8.940000000000000000e+03 1.285570740699768066e+00
8.941000000000000000e+03 1.279105424880981445e+00
8.942000000000000000e+03 1.292571902275085449e+00
8.943000000000000000e+03 1.256595373153686523e+00
8.944000000000000000e+03 1.292268037796020508e+00
8.945000000000000000e+03 1.264321804046630859e+00
8.946000000000000000e+03 1.248917341232299805e+00
8.947000000000000000e+03 1.263233184814453125e+00
8.948000000000000000e+03 1.297517538070678711e+00
8.949000000000000000e+03 1.324484348297119141e+00
8.950000000000000000e+03 1.272667407989501953e+00
8.951000000000000000e+03 1.267725706100463867e+00
8.952000000000000000e+03 1.264821767807006836e+00
8.953000000000000000e+03 1.272045850753784180e+00
8.954000000000000000e+03 1.277859449386596680e+00
8.955000000000000000e+03 1.301900506019592285e+00
8.956000000000000000e+03 1.312260866165161133e+00
8.957000000000000000e+03 1.260090947151184082e+00
8.958000000000000000e+03 1.277376413345336914e+00
8.959000000000000000e+03 1.307286858558654785e+00
8.960000000000000000e+03 1.290182590484619141e+00
8.961000000000000000e+03 1.312639713287353516e+00
8.962000000000000000e+03 1.271362185478210449e+00
8.963000000000000000e+03 1.285540938377380371e+00
8.964000000000000000e+03 1.277462720870971680e+00
8.965000000000000000e+03 1.315755605697631836e+00
8.966000000000000000e+03 1.300911903381347656e+00
8.967000000000000000e+03 1.299587130546569824e+00
8.968000000000000000e+03 1.293467164039611816e+00
8.969000000000000000e+03 1.263040304183959961e+00
8.970000000000000000e+03 1.293664216995239258e+00
8.971000000000000000e+03 1.250413537025451660e+00
8.972000000000000000e+03 1.260722160339355469e+00
8.973000000000000000e+03 1.275984287261962891e+00
8.974000000000000000e+03 1.278508067131042480e+00
8.975000000000000000e+03 1.267662525177001953e+00
8.976000000000000000e+03 1.286807656288146973e+00
8.977000000000000000e+03 1.275955319404602051e+00
8.978000000000000000e+03 1.255782485008239746e+00
8.979000000000000000e+03 1.298591375350952148e+00
8.980000000000000000e+03 1.272699236869812012e+00
8.981000000000000000e+03 1.295846819877624512e+00
8.982000000000000000e+03 1.271350145339965820e+00
8.983000000000000000e+03 1.292930006980895996e+00
8.984000000000000000e+03 1.288748979568481445e+00
8.985000000000000000e+03 1.307356595993041992e+00
8.986000000000000000e+03 1.286350488662719727e+00
8.987000000000000000e+03 1.268575191497802734e+00
8.988000000000000000e+03 1.309279322624206543e+00
8.989000000000000000e+03 1.279235363006591797e+00
8.990000000000000000e+03 1.298134207725524902e+00
8.991000000000000000e+03 1.274893879890441895e+00
8.992000000000000000e+03 1.275732159614562988e+00
8.993000000000000000e+03 1.269270896911621094e+00
8.994000000000000000e+03 1.277077913284301758e+00
8.995000000000000000e+03 1.280646085739135742e+00
8.996000000000000000e+03 1.272665143013000488e+00
8.997000000000000000e+03 1.244897007942199707e+00
8.998000000000000000e+03 1.279643535614013672e+00
8.999000000000000000e+03 1.302745699882507324e+00
9.000000000000000000e+03 1.281499028205871582e+00
9.001000000000000000e+03 1.288103342056274414e+00
9.002000000000000000e+03 1.271897554397583008e+00
9.003000000000000000e+03 1.273185133934020996e+00
9.004000000000000000e+03 1.280745267868041992e+00
9.005000000000000000e+03 1.291847467422485352e+00
9.006000000000000000e+03 1.274400711059570312e+00
9.007000000000000000e+03 1.288637995719909668e+00
9.008000000000000000e+03 1.278097033500671387e+00
9.009000000000000000e+03 1.278304338455200195e+00
9.010000000000000000e+03 1.275595307350158691e+00
9.011000000000000000e+03 1.267474174499511719e+00
9.012000000000000000e+03 1.245996952056884766e+00
9.013000000000000000e+03 1.263232469558715820e+00
9.014000000000000000e+03 1.265659332275390625e+00
9.015000000000000000e+03 1.268944978713989258e+00
9.016000000000000000e+03 1.308661937713623047e+00
9.017000000000000000e+03 1.300633192062377930e+00
9.018000000000000000e+03 1.326516866683959961e+00
9.019000000000000000e+03 1.323767423629760742e+00
9.020000000000000000e+03 1.291500568389892578e+00
9.021000000000000000e+03 1.290650129318237305e+00
9.022000000000000000e+03 1.298729181289672852e+00
9.023000000000000000e+03 1.315812349319458008e+00
9.024000000000000000e+03 1.312530994415283203e+00
9.025000000000000000e+03 1.276068210601806641e+00
9.026000000000000000e+03 1.276654958724975586e+00
9.027000000000000000e+03 1.300954103469848633e+00
9.028000000000000000e+03 1.283329248428344727e+00
9.029000000000000000e+03 1.278457522392272949e+00
9.030000000000000000e+03 1.295448541641235352e+00
9.031000000000000000e+03 1.261745929718017578e+00
9.032000000000000000e+03 1.263583898544311523e+00
9.033000000000000000e+03 1.262189745903015137e+00
9.034000000000000000e+03 1.244219303131103516e+00
9.035000000000000000e+03 1.271523356437683105e+00
9.036000000000000000e+03 1.254343628883361816e+00
9.037000000000000000e+03 1.291778683662414551e+00
9.038000000000000000e+03 1.272353887557983398e+00
9.039000000000000000e+03 1.264261960983276367e+00
9.040000000000000000e+03 1.272153258323669434e+00
9.041000000000000000e+03 1.275007963180541992e+00
9.042000000000000000e+03 1.263094544410705566e+00
9.043000000000000000e+03 1.270640015602111816e+00
9.044000000000000000e+03 1.267835974693298340e+00
9.045000000000000000e+03 1.250926971435546875e+00
9.046000000000000000e+03 1.246094584465026855e+00
9.047000000000000000e+03 1.273649334907531738e+00
9.048000000000000000e+03 1.290881633758544922e+00
9.049000000000000000e+03 1.236304759979248047e+00
9.050000000000000000e+03 1.254217267036437988e+00
9.051000000000000000e+03 1.230531454086303711e+00
9.052000000000000000e+03 1.247902154922485352e+00
9.053000000000000000e+03 1.221843719482421875e+00
9.054000000000000000e+03 1.248575925827026367e+00
9.055000000000000000e+03 1.217157006263732910e+00
9.056000000000000000e+03 1.229857921600341797e+00
9.057000000000000000e+03 1.248301148414611816e+00
9.058000000000000000e+03 1.242413759231567383e+00
9.059000000000000000e+03 1.245188713073730469e+00
9.060000000000000000e+03 1.251657605171203613e+00
9.061000000000000000e+03 1.265100479125976562e+00
9.062000000000000000e+03 1.251527309417724609e+00
9.063000000000000000e+03 1.247606158256530762e+00
9.064000000000000000e+03 1.253610610961914062e+00
9.065000000000000000e+03 1.252194881439208984e+00
9.066000000000000000e+03 1.249824285507202148e+00
9.067000000000000000e+03 1.251943588256835938e+00
9.068000000000000000e+03 1.253386139869689941e+00
9.069000000000000000e+03 1.242108821868896484e+00
9.070000000000000000e+03 1.279103755950927734e+00
9.071000000000000000e+03 1.282797813415527344e+00
9.072000000000000000e+03 1.256591200828552246e+00
9.073000000000000000e+03 1.249902725219726562e+00
9.074000000000000000e+03 1.282682657241821289e+00
9.075000000000000000e+03 1.312550067901611328e+00
9.076000000000000000e+03 1.257554769515991211e+00
9.077000000000000000e+03 1.267116308212280273e+00
9.078000000000000000e+03 1.264204978942871094e+00
9.079000000000000000e+03 1.239481568336486816e+00
9.080000000000000000e+03 1.236681580543518066e+00
9.081000000000000000e+03 1.220818519592285156e+00
9.082000000000000000e+03 1.231110095977783203e+00
9.083000000000000000e+03 1.247925400733947754e+00
9.084000000000000000e+03 1.232481718063354492e+00
9.085000000000000000e+03 1.248954772949218750e+00
9.086000000000000000e+03 1.254788279533386230e+00
9.087000000000000000e+03 1.245847940444946289e+00
9.088000000000000000e+03 1.244122505187988281e+00
9.089000000000000000e+03 1.252477049827575684e+00
9.090000000000000000e+03 1.238948583602905273e+00
9.091000000000000000e+03 1.224773645401000977e+00
9.092000000000000000e+03 1.240909457206726074e+00
9.093000000000000000e+03 1.216205358505249023e+00
9.094000000000000000e+03 1.244065284729003906e+00
9.095000000000000000e+03 1.246319055557250977e+00
9.096000000000000000e+03 1.247079133987426758e+00
9.097000000000000000e+03 1.231150507926940918e+00
9.098000000000000000e+03 1.224036216735839844e+00
9.099000000000000000e+03 1.249914765357971191e+00
9.100000000000000000e+03 1.196280956268310547e+00
9.101000000000000000e+03 1.226944088935852051e+00
9.102000000000000000e+03 1.234261989593505859e+00
9.103000000000000000e+03 1.228726029396057129e+00
9.104000000000000000e+03 1.235539674758911133e+00
9.105000000000000000e+03 1.221594333648681641e+00
9.106000000000000000e+03 1.243585824966430664e+00
9.107000000000000000e+03 1.253882288932800293e+00
9.108000000000000000e+03 1.245981097221374512e+00
9.109000000000000000e+03 1.250592112541198730e+00
9.110000000000000000e+03 1.240510821342468262e+00
9.111000000000000000e+03 1.223806738853454590e+00
9.112000000000000000e+03 1.196553468704223633e+00
9.113000000000000000e+03 1.204699039459228516e+00
9.114000000000000000e+03 1.250652670860290527e+00
9.115000000000000000e+03 1.258017539978027344e+00
9.116000000000000000e+03 1.254392504692077637e+00
9.117000000000000000e+03 1.290962934494018555e+00
9.118000000000000000e+03 1.255051970481872559e+00
9.119000000000000000e+03 1.281550884246826172e+00
9.120000000000000000e+03 1.260364174842834473e+00
9.121000000000000000e+03 1.255751371383666992e+00
9.122000000000000000e+03 1.275020599365234375e+00
9.123000000000000000e+03 1.278432250022888184e+00
9.124000000000000000e+03 1.246792316436767578e+00
9.125000000000000000e+03 1.231473326683044434e+00
9.126000000000000000e+03 1.254498481750488281e+00
9.127000000000000000e+03 1.262356281280517578e+00
9.128000000000000000e+03 1.258268833160400391e+00
9.129000000000000000e+03 1.235280513763427734e+00
9.130000000000000000e+03 1.232400894165039062e+00
9.131000000000000000e+03 1.233136892318725586e+00
9.132000000000000000e+03 1.267150878906250000e+00
9.133000000000000000e+03 1.240136981010437012e+00
9.134000000000000000e+03 1.279754161834716797e+00
9.135000000000000000e+03 1.278592109680175781e+00
9.136000000000000000e+03 1.240607500076293945e+00
9.137000000000000000e+03 1.258945107460021973e+00
9.138000000000000000e+03 1.272812128067016602e+00
9.139000000000000000e+03 1.280045628547668457e+00
9.140000000000000000e+03 1.317292928695678711e+00
9.141000000000000000e+03 1.275145173072814941e+00
9.142000000000000000e+03 1.264019012451171875e+00
9.143000000000000000e+03 1.244202136993408203e+00
9.144000000000000000e+03 1.285921454429626465e+00
9.145000000000000000e+03 1.254085898399353027e+00
9.146000000000000000e+03 1.308160662651062012e+00
9.147000000000000000e+03 1.292692303657531738e+00
9.148000000000000000e+03 1.271029472351074219e+00
9.149000000000000000e+03 1.301736831665039062e+00
9.150000000000000000e+03 1.288579702377319336e+00
9.151000000000000000e+03 1.252818226814270020e+00
9.152000000000000000e+03 1.282031536102294922e+00
9.153000000000000000e+03 1.255285620689392090e+00
9.154000000000000000e+03 1.264778137207031250e+00
9.155000000000000000e+03 1.289163351058959961e+00
9.156000000000000000e+03 1.297901630401611328e+00
9.157000000000000000e+03 1.278643846511840820e+00
9.158000000000000000e+03 1.251283049583435059e+00
9.159000000000000000e+03 1.251075506210327148e+00
9.160000000000000000e+03 1.259809017181396484e+00
9.161000000000000000e+03 1.243091106414794922e+00
9.162000000000000000e+03 1.278110623359680176e+00
9.163000000000000000e+03 1.295534491539001465e+00
9.164000000000000000e+03 1.274682044982910156e+00
9.165000000000000000e+03 1.293760657310485840e+00
9.166000000000000000e+03 1.289496779441833496e+00
9.167000000000000000e+03 1.289056777954101562e+00
9.168000000000000000e+03 1.272444486618041992e+00
9.169000000000000000e+03 1.266705751419067383e+00
9.170000000000000000e+03 1.273611545562744141e+00
9.171000000000000000e+03 1.294276952743530273e+00
9.172000000000000000e+03 1.248389363288879395e+00
9.173000000000000000e+03 1.250863909721374512e+00
9.174000000000000000e+03 1.258751630783081055e+00
9.175000000000000000e+03 1.281837105751037598e+00
9.176000000000000000e+03 1.236091136932373047e+00
9.177000000000000000e+03 1.268976688385009766e+00
9.178000000000000000e+03 1.257262825965881348e+00
9.179000000000000000e+03 1.277547836303710938e+00
9.180000000000000000e+03 1.269314527511596680e+00
9.181000000000000000e+03 1.286118388175964355e+00
9.182000000000000000e+03 1.267609834671020508e+00
9.183000000000000000e+03 1.285905241966247559e+00
9.184000000000000000e+03 1.271571636199951172e+00
9.185000000000000000e+03 1.255120038986206055e+00
9.186000000000000000e+03 1.290744781494140625e+00
9.187000000000000000e+03 1.271513700485229492e+00
9.188000000000000000e+03 1.255342245101928711e+00
9.189000000000000000e+03 1.254338026046752930e+00
9.190000000000000000e+03 1.269956350326538086e+00
9.191000000000000000e+03 1.243279218673706055e+00
9.192000000000000000e+03 1.248045444488525391e+00
9.193000000000000000e+03 1.251977443695068359e+00
9.194000000000000000e+03 1.268465280532836914e+00
9.195000000000000000e+03 1.253604173660278320e+00
9.196000000000000000e+03 1.277086734771728516e+00
9.197000000000000000e+03 1.251283407211303711e+00
9.198000000000000000e+03 1.271588563919067383e+00
9.199000000000000000e+03 1.251946091651916504e+00
9.200000000000000000e+03 1.242901921272277832e+00
9.201000000000000000e+03 1.260735034942626953e+00
9.202000000000000000e+03 1.293186902999877930e+00
9.203000000000000000e+03 1.230932116508483887e+00
9.204000000000000000e+03 1.249256849288940430e+00
9.205000000000000000e+03 1.238685846328735352e+00
9.206000000000000000e+03 1.242870092391967773e+00
9.207000000000000000e+03 1.251411199569702148e+00
9.208000000000000000e+03 1.242107629776000977e+00
9.209000000000000000e+03 1.276030778884887695e+00
9.210000000000000000e+03 1.224555730819702148e+00
9.211000000000000000e+03 1.266072988510131836e+00
9.212000000000000000e+03 1.269877672195434570e+00
9.213000000000000000e+03 1.237375974655151367e+00
9.214000000000000000e+03 1.242880225181579590e+00
9.215000000000000000e+03 1.246137976646423340e+00
9.216000000000000000e+03 1.241853833198547363e+00
9.217000000000000000e+03 1.255433320999145508e+00
9.218000000000000000e+03 1.243348479270935059e+00
9.219000000000000000e+03 1.262904167175292969e+00
9.220000000000000000e+03 1.265321135520935059e+00
9.221000000000000000e+03 1.289016366004943848e+00
9.222000000000000000e+03 1.268874287605285645e+00
9.223000000000000000e+03 1.252235174179077148e+00
9.224000000000000000e+03 1.277154088020324707e+00
9.225000000000000000e+03 1.284278988838195801e+00
9.226000000000000000e+03 1.279940247535705566e+00
9.227000000000000000e+03 1.238560557365417480e+00
9.228000000000000000e+03 1.261464834213256836e+00
9.229000000000000000e+03 1.263589978218078613e+00
9.230000000000000000e+03 1.255896925926208496e+00
9.231000000000000000e+03 1.248342514038085938e+00
9.232000000000000000e+03 1.268388986587524414e+00
9.233000000000000000e+03 1.223528861999511719e+00
9.234000000000000000e+03 1.277184724807739258e+00
9.235000000000000000e+03 1.229799151420593262e+00
9.236000000000000000e+03 1.262180566787719727e+00
9.237000000000000000e+03 1.251451015472412109e+00
9.238000000000000000e+03 1.248728513717651367e+00
9.239000000000000000e+03 1.268331289291381836e+00
9.240000000000000000e+03 1.265089750289916992e+00
9.241000000000000000e+03 1.243126869201660156e+00
9.242000000000000000e+03 1.257711172103881836e+00
9.243000000000000000e+03 1.247468352317810059e+00
9.244000000000000000e+03 1.249227166175842285e+00
9.245000000000000000e+03 1.268606901168823242e+00
9.246000000000000000e+03 1.266934275627136230e+00
9.247000000000000000e+03 1.248662710189819336e+00
9.248000000000000000e+03 1.274496197700500488e+00
9.249000000000000000e+03 1.262790918350219727e+00
9.250000000000000000e+03 1.251272439956665039e+00
9.251000000000000000e+03 1.258268833160400391e+00
9.252000000000000000e+03 1.242309927940368652e+00
9.253000000000000000e+03 1.265012145042419434e+00
9.254000000000000000e+03 1.213600873947143555e+00
9.255000000000000000e+03 1.268730640411376953e+00
9.256000000000000000e+03 1.249458789825439453e+00
9.257000000000000000e+03 1.244113326072692871e+00
9.258000000000000000e+03 1.270959496498107910e+00
9.259000000000000000e+03 1.254045724868774414e+00
9.260000000000000000e+03 1.254946708679199219e+00
9.261000000000000000e+03 1.275147199630737305e+00
9.262000000000000000e+03 1.277835726737976074e+00
9.263000000000000000e+03 1.264461040496826172e+00
9.264000000000000000e+03 1.267433166503906250e+00
9.265000000000000000e+03 1.263478636741638184e+00
9.266000000000000000e+03 1.260515928268432617e+00
9.267000000000000000e+03 1.277843713760375977e+00
9.268000000000000000e+03 1.274788856506347656e+00
9.269000000000000000e+03 1.301029801368713379e+00
9.270000000000000000e+03 1.268249154090881348e+00
9.271000000000000000e+03 1.282512068748474121e+00
9.272000000000000000e+03 1.274956345558166504e+00
9.273000000000000000e+03 1.270993471145629883e+00
9.274000000000000000e+03 1.315023303031921387e+00
9.275000000000000000e+03 1.299890279769897461e+00
9.276000000000000000e+03 1.284847259521484375e+00
9.277000000000000000e+03 1.299949645996093750e+00
9.278000000000000000e+03 1.307983398437500000e+00
9.279000000000000000e+03 1.294804334640502930e+00
9.280000000000000000e+03 1.318933963775634766e+00
9.281000000000000000e+03 1.308048009872436523e+00
9.282000000000000000e+03 1.300886750221252441e+00
9.283000000000000000e+03 1.303447842597961426e+00
9.284000000000000000e+03 1.312164545059204102e+00
9.285000000000000000e+03 1.314417004585266113e+00
9.286000000000000000e+03 1.285826683044433594e+00
9.287000000000000000e+03 1.302688121795654297e+00
9.288000000000000000e+03 1.311605453491210938e+00
9.289000000000000000e+03 1.317882537841796875e+00
9.290000000000000000e+03 1.304348587989807129e+00
9.291000000000000000e+03 1.282957196235656738e+00
9.292000000000000000e+03 1.291660547256469727e+00
9.293000000000000000e+03 1.309637904167175293e+00
9.294000000000000000e+03 1.299571633338928223e+00
9.295000000000000000e+03 1.299071073532104492e+00
9.296000000000000000e+03 1.284573674201965332e+00
9.297000000000000000e+03 1.301981925964355469e+00
9.298000000000000000e+03 1.270189523696899414e+00
9.299000000000000000e+03 1.318179130554199219e+00
9.300000000000000000e+03 1.308978915214538574e+00
9.301000000000000000e+03 1.279920220375061035e+00
9.302000000000000000e+03 1.318823575973510742e+00
9.303000000000000000e+03 1.289248108863830566e+00
9.304000000000000000e+03 1.274307012557983398e+00
9.305000000000000000e+03 1.292683362960815430e+00
9.306000000000000000e+03 1.299790263175964355e+00
9.307000000000000000e+03 1.320865750312805176e+00
9.308000000000000000e+03 1.334460496902465820e+00
9.309000000000000000e+03 1.305307149887084961e+00
9.310000000000000000e+03 1.307191967964172363e+00
9.311000000000000000e+03 1.305527687072753906e+00
9.312000000000000000e+03 1.326627850532531738e+00
9.313000000000000000e+03 1.279906868934631348e+00
9.314000000000000000e+03 1.277042627334594727e+00
9.315000000000000000e+03 1.271759986877441406e+00
9.316000000000000000e+03 1.268808007240295410e+00
9.317000000000000000e+03 1.282670021057128906e+00
9.318000000000000000e+03 1.296823501586914062e+00
9.319000000000000000e+03 1.294821143150329590e+00
9.320000000000000000e+03 1.332099199295043945e+00
9.321000000000000000e+03 1.314130306243896484e+00
9.322000000000000000e+03 1.313961267471313477e+00
9.323000000000000000e+03 1.309290528297424316e+00
9.324000000000000000e+03 1.287516236305236816e+00
9.325000000000000000e+03 1.297155022621154785e+00
9.326000000000000000e+03 1.287620186805725098e+00
9.327000000000000000e+03 1.302602648735046387e+00
9.328000000000000000e+03 1.284815311431884766e+00
9.329000000000000000e+03 1.282406091690063477e+00
9.330000000000000000e+03 1.271893262863159180e+00
9.331000000000000000e+03 1.306967854499816895e+00
9.332000000000000000e+03 1.329643964767456055e+00
9.333000000000000000e+03 1.246152997016906738e+00
9.334000000000000000e+03 1.287082672119140625e+00
9.335000000000000000e+03 1.324491143226623535e+00
9.336000000000000000e+03 1.308134675025939941e+00
9.337000000000000000e+03 1.300749778747558594e+00
9.338000000000000000e+03 1.293402671813964844e+00
9.339000000000000000e+03 1.293086886405944824e+00
9.340000000000000000e+03 1.311055183410644531e+00
9.341000000000000000e+03 1.320994853973388672e+00
9.342000000000000000e+03 1.286960482597351074e+00
9.343000000000000000e+03 1.270790576934814453e+00
9.344000000000000000e+03 1.293058395385742188e+00
9.345000000000000000e+03 1.280377626419067383e+00
9.346000000000000000e+03 1.315223336219787598e+00
9.347000000000000000e+03 1.296767234802246094e+00
9.348000000000000000e+03 1.296480536460876465e+00
9.349000000000000000e+03 1.339692831039428711e+00
9.350000000000000000e+03 1.305224180221557617e+00
9.351000000000000000e+03 1.264874815940856934e+00
9.352000000000000000e+03 1.315276503562927246e+00
9.353000000000000000e+03 1.301582098007202148e+00
9.354000000000000000e+03 1.301808714866638184e+00
9.355000000000000000e+03 1.290207386016845703e+00
9.356000000000000000e+03 1.303848028182983398e+00
9.357000000000000000e+03 1.288021564483642578e+00
9.358000000000000000e+03 1.310520291328430176e+00
9.359000000000000000e+03 1.317155480384826660e+00
9.360000000000000000e+03 1.329689860343933105e+00
9.361000000000000000e+03 1.300120353698730469e+00
9.362000000000000000e+03 1.311956405639648438e+00
9.363000000000000000e+03 1.308089733123779297e+00
9.364000000000000000e+03 1.297135710716247559e+00
9.365000000000000000e+03 1.268857002258300781e+00
9.366000000000000000e+03 1.273512125015258789e+00
9.367000000000000000e+03 1.299172043800354004e+00
9.368000000000000000e+03 1.290028333663940430e+00
9.369000000000000000e+03 1.316658020019531250e+00
9.370000000000000000e+03 1.283361673355102539e+00
9.371000000000000000e+03 1.313903689384460449e+00
9.372000000000000000e+03 1.287331819534301758e+00
9.373000000000000000e+03 1.300677537918090820e+00
9.374000000000000000e+03 1.290066480636596680e+00
9.375000000000000000e+03 1.308505773544311523e+00
9.376000000000000000e+03 1.301854968070983887e+00
9.377000000000000000e+03 1.290599346160888672e+00
9.378000000000000000e+03 1.284297943115234375e+00
9.379000000000000000e+03 1.291669607162475586e+00
9.380000000000000000e+03 1.293237447738647461e+00
9.381000000000000000e+03 1.282199740409851074e+00
9.382000000000000000e+03 1.278065443038940430e+00
9.383000000000000000e+03 1.336624979972839355e+00
9.384000000000000000e+03 1.330332875251770020e+00
9.385000000000000000e+03 1.296127796173095703e+00
9.386000000000000000e+03 1.275896787643432617e+00
9.387000000000000000e+03 1.291958212852478027e+00
9.388000000000000000e+03 1.318658351898193359e+00
9.389000000000000000e+03 1.318225383758544922e+00
9.390000000000000000e+03 1.296462774276733398e+00
9.391000000000000000e+03 1.301445007324218750e+00
9.392000000000000000e+03 1.299577593803405762e+00
9.393000000000000000e+03 1.304820418357849121e+00
9.394000000000000000e+03 1.289608716964721680e+00
9.395000000000000000e+03 1.323302149772644043e+00
9.396000000000000000e+03 1.301981806755065918e+00
9.397000000000000000e+03 1.298031330108642578e+00
9.398000000000000000e+03 1.306760787963867188e+00
9.399000000000000000e+03 1.313085675239562988e+00
9.400000000000000000e+03 1.276327133178710938e+00
9.401000000000000000e+03 1.285786151885986328e+00
9.402000000000000000e+03 1.308673739433288574e+00
9.403000000000000000e+03 1.273919582366943359e+00
9.404000000000000000e+03 1.299057960510253906e+00
9.405000000000000000e+03 1.307486772537231445e+00
9.406000000000000000e+03 1.310738563537597656e+00
9.407000000000000000e+03 1.306481003761291504e+00
9.408000000000000000e+03 1.327812552452087402e+00
9.409000000000000000e+03 1.301858901977539062e+00
9.410000000000000000e+03 1.304432511329650879e+00
9.411000000000000000e+03 1.302441120147705078e+00
9.412000000000000000e+03 1.325657367706298828e+00
9.413000000000000000e+03 1.256307244300842285e+00
9.414000000000000000e+03 1.294843196868896484e+00
9.415000000000000000e+03 1.298999786376953125e+00
9.416000000000000000e+03 1.292485594749450684e+00
9.417000000000000000e+03 1.294549345970153809e+00
9.418000000000000000e+03 1.265489459037780762e+00
9.419000000000000000e+03 1.308784008026123047e+00
9.420000000000000000e+03 1.279263496398925781e+00
9.421000000000000000e+03 1.278038501739501953e+00
9.422000000000000000e+03 1.299615859985351562e+00
9.423000000000000000e+03 1.288826704025268555e+00
9.424000000000000000e+03 1.288253068923950195e+00
9.425000000000000000e+03 1.302974343299865723e+00
9.426000000000000000e+03 1.304886817932128906e+00
9.427000000000000000e+03 1.295024752616882324e+00
9.428000000000000000e+03 1.286063432693481445e+00
9.429000000000000000e+03 1.267316460609436035e+00
9.430000000000000000e+03 1.293091654777526855e+00
9.431000000000000000e+03 1.273515701293945312e+00
9.432000000000000000e+03 1.275944948196411133e+00
9.433000000000000000e+03 1.258568525314331055e+00
9.434000000000000000e+03 1.288103580474853516e+00
9.435000000000000000e+03 1.278264284133911133e+00
9.436000000000000000e+03 1.293801426887512207e+00
9.437000000000000000e+03 1.296386480331420898e+00
9.438000000000000000e+03 1.275292992591857910e+00
9.439000000000000000e+03 1.262059211730957031e+00
9.440000000000000000e+03 1.288297295570373535e+00
9.441000000000000000e+03 1.274624109268188477e+00
9.442000000000000000e+03 1.308173418045043945e+00
9.443000000000000000e+03 1.284515857696533203e+00
9.444000000000000000e+03 1.313608884811401367e+00
9.445000000000000000e+03 1.277131319046020508e+00
9.446000000000000000e+03 1.284617424011230469e+00
9.447000000000000000e+03 1.276595115661621094e+00
9.448000000000000000e+03 1.260704040527343750e+00
9.449000000000000000e+03 1.256148815155029297e+00
9.450000000000000000e+03 1.267950296401977539e+00
9.451000000000000000e+03 1.271927475929260254e+00
9.452000000000000000e+03 1.273359537124633789e+00
9.453000000000000000e+03 1.270160436630249023e+00
9.454000000000000000e+03 1.258903622627258301e+00
9.455000000000000000e+03 1.271964907646179199e+00
9.456000000000000000e+03 1.296264410018920898e+00
9.457000000000000000e+03 1.284828662872314453e+00
9.458000000000000000e+03 1.275390028953552246e+00
9.459000000000000000e+03 1.288349747657775879e+00
9.460000000000000000e+03 1.227906942367553711e+00
9.461000000000000000e+03 1.263752698898315430e+00
9.462000000000000000e+03 1.323458433151245117e+00
9.463000000000000000e+03 1.314829587936401367e+00
9.464000000000000000e+03 1.296975135803222656e+00
9.465000000000000000e+03 1.281008124351501465e+00
9.466000000000000000e+03 1.323220252990722656e+00
9.467000000000000000e+03 1.333967804908752441e+00
9.468000000000000000e+03 1.287824988365173340e+00
9.469000000000000000e+03 1.282623171806335449e+00
9.470000000000000000e+03 1.313452720642089844e+00
9.471000000000000000e+03 1.296791553497314453e+00
9.472000000000000000e+03 1.310683369636535645e+00
9.473000000000000000e+03 1.282589197158813477e+00
9.474000000000000000e+03 1.290841817855834961e+00
9.475000000000000000e+03 1.286394119262695312e+00
9.476000000000000000e+03 1.286261200904846191e+00
9.477000000000000000e+03 1.296409010887145996e+00
9.478000000000000000e+03 1.231815457344055176e+00
9.479000000000000000e+03 1.275932550430297852e+00
9.480000000000000000e+03 1.281217217445373535e+00
9.481000000000000000e+03 1.305750131607055664e+00
9.482000000000000000e+03 1.273712992668151855e+00
9.483000000000000000e+03 1.266395092010498047e+00
9.484000000000000000e+03 1.286228179931640625e+00
9.485000000000000000e+03 1.325743198394775391e+00
9.486000000000000000e+03 1.290696620941162109e+00
9.487000000000000000e+03 1.293780803680419922e+00
9.488000000000000000e+03 1.315399885177612305e+00
9.489000000000000000e+03 1.322073578834533691e+00
9.490000000000000000e+03 1.300179243087768555e+00
9.491000000000000000e+03 1.317063093185424805e+00
9.492000000000000000e+03 1.284563779830932617e+00
9.493000000000000000e+03 1.263032913208007812e+00
9.494000000000000000e+03 1.289176821708679199e+00
9.495000000000000000e+03 1.291152596473693848e+00
9.496000000000000000e+03 1.293433308601379395e+00
9.497000000000000000e+03 1.284642815589904785e+00
9.498000000000000000e+03 1.270248651504516602e+00
9.499000000000000000e+03 1.279315233230590820e+00
9.500000000000000000e+03 1.292010068893432617e+00
9.501000000000000000e+03 1.288496732711791992e+00
9.502000000000000000e+03 1.292421340942382812e+00
9.503000000000000000e+03 1.280119657516479492e+00
9.504000000000000000e+03 1.280880570411682129e+00
9.505000000000000000e+03 1.296130895614624023e+00
9.506000000000000000e+03 1.281234741210937500e+00
9.507000000000000000e+03 1.269527912139892578e+00
9.508000000000000000e+03 1.261904001235961914e+00
9.509000000000000000e+03 1.296426057815551758e+00
9.510000000000000000e+03 1.283666372299194336e+00
9.511000000000000000e+03 1.290982961654663086e+00
9.512000000000000000e+03 1.315006971359252930e+00
9.513000000000000000e+03 1.299601197242736816e+00
9.514000000000000000e+03 1.314194083213806152e+00
9.515000000000000000e+03 1.265762925148010254e+00
9.516000000000000000e+03 1.274662971496582031e+00
9.517000000000000000e+03 1.279488801956176758e+00
9.518000000000000000e+03 1.287342071533203125e+00
9.519000000000000000e+03 1.288107156753540039e+00
9.520000000000000000e+03 1.272106051445007324e+00
9.521000000000000000e+03 1.242458105087280273e+00
9.522000000000000000e+03 1.271545410156250000e+00
9.523000000000000000e+03 1.247841596603393555e+00
9.524000000000000000e+03 1.246568202972412109e+00
9.525000000000000000e+03 1.257861614227294922e+00
9.526000000000000000e+03 1.274163722991943359e+00
9.527000000000000000e+03 1.285719990730285645e+00
9.528000000000000000e+03 1.265626907348632812e+00
9.529000000000000000e+03 1.269508361816406250e+00
9.530000000000000000e+03 1.254757523536682129e+00
9.531000000000000000e+03 1.244673132896423340e+00
9.532000000000000000e+03 1.281881451606750488e+00
9.533000000000000000e+03 1.256538152694702148e+00
9.534000000000000000e+03 1.255169510841369629e+00
9.535000000000000000e+03 1.249210596084594727e+00
9.536000000000000000e+03 1.250481009483337402e+00
9.537000000000000000e+03 1.269525170326232910e+00
9.538000000000000000e+03 1.279522657394409180e+00
9.539000000000000000e+03 1.294010877609252930e+00
9.540000000000000000e+03 1.278717637062072754e+00
9.541000000000000000e+03 1.282188534736633301e+00
9.542000000000000000e+03 1.288076281547546387e+00
9.543000000000000000e+03 1.291820168495178223e+00
9.544000000000000000e+03 1.249134302139282227e+00
9.545000000000000000e+03 1.281558990478515625e+00
9.546000000000000000e+03 1.291829943656921387e+00
9.547000000000000000e+03 1.303556323051452637e+00
9.548000000000000000e+03 1.278887867927551270e+00
9.549000000000000000e+03 1.302538633346557617e+00
9.550000000000000000e+03 1.307531833648681641e+00
9.551000000000000000e+03 1.307082414627075195e+00
9.552000000000000000e+03 1.293341159820556641e+00
9.553000000000000000e+03 1.283130884170532227e+00
9.554000000000000000e+03 1.276590347290039062e+00
9.555000000000000000e+03 1.267888545989990234e+00
9.556000000000000000e+03 1.271412611007690430e+00
9.557000000000000000e+03 1.260605096817016602e+00
9.558000000000000000e+03 1.272943377494812012e+00
9.559000000000000000e+03 1.253012180328369141e+00
9.560000000000000000e+03 1.255975246429443359e+00
9.561000000000000000e+03 1.296884179115295410e+00
9.562000000000000000e+03 1.307940721511840820e+00
9.563000000000000000e+03 1.294216036796569824e+00
9.564000000000000000e+03 1.279267072677612305e+00
9.565000000000000000e+03 1.273345232009887695e+00
9.566000000000000000e+03 1.278429388999938965e+00
9.567000000000000000e+03 1.289867043495178223e+00
9.568000000000000000e+03 1.280586600303649902e+00
9.569000000000000000e+03 1.281697750091552734e+00
9.570000000000000000e+03 1.282818198204040527e+00
9.571000000000000000e+03 1.266332745552062988e+00
9.572000000000000000e+03 1.285727024078369141e+00
9.573000000000000000e+03 1.295986056327819824e+00
9.574000000000000000e+03 1.298473238945007324e+00
9.575000000000000000e+03 1.310154438018798828e+00
9.576000000000000000e+03 1.311149477958679199e+00
9.577000000000000000e+03 1.264740943908691406e+00
9.578000000000000000e+03 1.272023558616638184e+00
9.579000000000000000e+03 1.277905821800231934e+00
9.580000000000000000e+03 1.271596789360046387e+00
9.581000000000000000e+03 1.272722005844116211e+00
9.582000000000000000e+03 1.305012822151184082e+00
9.583000000000000000e+03 1.283885240554809570e+00
9.584000000000000000e+03 1.267898321151733398e+00
9.585000000000000000e+03 1.258900880813598633e+00
9.586000000000000000e+03 1.295188188552856445e+00
9.587000000000000000e+03 1.310480117797851562e+00
9.588000000000000000e+03 1.284013867378234863e+00
9.589000000000000000e+03 1.295704364776611328e+00
9.590000000000000000e+03 1.280333995819091797e+00
9.591000000000000000e+03 1.277654170989990234e+00
9.592000000000000000e+03 1.269595026969909668e+00
9.593000000000000000e+03 1.314375042915344238e+00
9.594000000000000000e+03 1.299765110015869141e+00
9.595000000000000000e+03 1.295761823654174805e+00
9.596000000000000000e+03 1.285504102706909180e+00
9.597000000000000000e+03 1.290611267089843750e+00
9.598000000000000000e+03 1.312142968177795410e+00
9.599000000000000000e+03 1.309131503105163574e+00
9.600000000000000000e+03 1.285626292228698730e+00
9.601000000000000000e+03 1.289473652839660645e+00
9.602000000000000000e+03 1.331840038299560547e+00
9.603000000000000000e+03 1.331376552581787109e+00
9.604000000000000000e+03 1.317492246627807617e+00
9.605000000000000000e+03 1.326103806495666504e+00
9.606000000000000000e+03 1.314539670944213867e+00
9.607000000000000000e+03 1.331790208816528320e+00
9.608000000000000000e+03 1.310662269592285156e+00
9.609000000000000000e+03 1.298063755035400391e+00
9.610000000000000000e+03 1.305267095565795898e+00
9.611000000000000000e+03 1.316278934478759766e+00
9.612000000000000000e+03 1.309072732925415039e+00
9.613000000000000000e+03 1.301907539367675781e+00
9.614000000000000000e+03 1.308726072311401367e+00
9.615000000000000000e+03 1.290204048156738281e+00
9.616000000000000000e+03 1.300433874130249023e+00
9.617000000000000000e+03 1.295365571975708008e+00
9.618000000000000000e+03 1.294424653053283691e+00
9.619000000000000000e+03 1.320963859558105469e+00
9.620000000000000000e+03 1.297385692596435547e+00
9.621000000000000000e+03 1.317326426506042480e+00
9.622000000000000000e+03 1.299957275390625000e+00
9.623000000000000000e+03 1.292440176010131836e+00
9.624000000000000000e+03 1.315730929374694824e+00
9.625000000000000000e+03 1.327562808990478516e+00
9.626000000000000000e+03 1.319036364555358887e+00
9.627000000000000000e+03 1.295064687728881836e+00
9.628000000000000000e+03 1.307773947715759277e+00
9.629000000000000000e+03 1.303990244865417480e+00
9.630000000000000000e+03 1.323806405067443848e+00
9.631000000000000000e+03 1.329326272010803223e+00
9.632000000000000000e+03 1.312972545623779297e+00
9.633000000000000000e+03 1.354261398315429688e+00
9.634000000000000000e+03 1.315145254135131836e+00
9.635000000000000000e+03 1.311424493789672852e+00
9.636000000000000000e+03 1.315718173980712891e+00
9.637000000000000000e+03 1.286785721778869629e+00
9.638000000000000000e+03 1.312061309814453125e+00
9.639000000000000000e+03 1.295094728469848633e+00
9.640000000000000000e+03 1.287267684936523438e+00
9.641000000000000000e+03 1.317016124725341797e+00
9.642000000000000000e+03 1.295575141906738281e+00
9.643000000000000000e+03 1.291590094566345215e+00
9.644000000000000000e+03 1.287141442298889160e+00
9.645000000000000000e+03 1.294692277908325195e+00
9.646000000000000000e+03 1.281930446624755859e+00
9.647000000000000000e+03 1.299405574798583984e+00
9.648000000000000000e+03 1.297093749046325684e+00
9.649000000000000000e+03 1.273988366127014160e+00
9.650000000000000000e+03 1.275717616081237793e+00
9.651000000000000000e+03 1.283817529678344727e+00
9.652000000000000000e+03 1.278131961822509766e+00
9.653000000000000000e+03 1.275247097015380859e+00
9.654000000000000000e+03 1.275478482246398926e+00
9.655000000000000000e+03 1.279492378234863281e+00
9.656000000000000000e+03 1.258188486099243164e+00
9.657000000000000000e+03 1.247125029563903809e+00
9.658000000000000000e+03 1.255143046379089355e+00
9.659000000000000000e+03 1.294042110443115234e+00
9.660000000000000000e+03 1.295665502548217773e+00
9.661000000000000000e+03 1.299325942993164062e+00
9.662000000000000000e+03 1.297340869903564453e+00
9.663000000000000000e+03 1.282792806625366211e+00
9.664000000000000000e+03 1.287028193473815918e+00
9.665000000000000000e+03 1.294740915298461914e+00
9.666000000000000000e+03 1.259466409683227539e+00
9.667000000000000000e+03 1.286328673362731934e+00
9.668000000000000000e+03 1.288675904273986816e+00
9.669000000000000000e+03 1.265334725379943848e+00
9.670000000000000000e+03 1.284699916839599609e+00
9.671000000000000000e+03 1.289295673370361328e+00
9.672000000000000000e+03 1.283900737762451172e+00
9.673000000000000000e+03 1.273109197616577148e+00
9.674000000000000000e+03 1.286246538162231445e+00
9.675000000000000000e+03 1.309575319290161133e+00
9.676000000000000000e+03 1.307252526283264160e+00
9.677000000000000000e+03 1.326459288597106934e+00
9.678000000000000000e+03 1.323098897933959961e+00
9.679000000000000000e+03 1.316115975379943848e+00
9.680000000000000000e+03 1.294824719429016113e+00
9.681000000000000000e+03 1.301009416580200195e+00
9.682000000000000000e+03 1.293531060218811035e+00
9.683000000000000000e+03 1.282173395156860352e+00
9.684000000000000000e+03 1.275593519210815430e+00
9.685000000000000000e+03 1.281868219375610352e+00
9.686000000000000000e+03 1.280015468597412109e+00
9.687000000000000000e+03 1.283380270004272461e+00
9.688000000000000000e+03 1.304450035095214844e+00
9.689000000000000000e+03 1.295805335044860840e+00
9.690000000000000000e+03 1.266654253005981445e+00
9.691000000000000000e+03 1.280114769935607910e+00
9.692000000000000000e+03 1.315155267715454102e+00
9.693000000000000000e+03 1.310783147811889648e+00
9.694000000000000000e+03 1.311068177223205566e+00
9.695000000000000000e+03 1.299182295799255371e+00
9.696000000000000000e+03 1.328358054161071777e+00
9.697000000000000000e+03 1.320908904075622559e+00
9.698000000000000000e+03 1.311817765235900879e+00
9.699000000000000000e+03 1.293655395507812500e+00
9.700000000000000000e+03 1.282405614852905273e+00
9.701000000000000000e+03 1.290597319602966309e+00
9.702000000000000000e+03 1.268887042999267578e+00
9.703000000000000000e+03 1.302357912063598633e+00
9.704000000000000000e+03 1.290387511253356934e+00
9.705000000000000000e+03 1.297438740730285645e+00
9.706000000000000000e+03 1.306403756141662598e+00
9.707000000000000000e+03 1.294086337089538574e+00
9.708000000000000000e+03 1.321583509445190430e+00
9.709000000000000000e+03 1.282680988311767578e+00
9.710000000000000000e+03 1.287938117980957031e+00
9.711000000000000000e+03 1.284766197204589844e+00
9.712000000000000000e+03 1.309605479240417480e+00
9.713000000000000000e+03 1.270397424697875977e+00
9.714000000000000000e+03 1.294474363327026367e+00
9.715000000000000000e+03 1.297687768936157227e+00
9.716000000000000000e+03 1.312724590301513672e+00
9.717000000000000000e+03 1.316077232360839844e+00
9.718000000000000000e+03 1.314011573791503906e+00
9.719000000000000000e+03 1.302708983421325684e+00
9.720000000000000000e+03 1.289418220520019531e+00
9.721000000000000000e+03 1.267329216003417969e+00
9.722000000000000000e+03 1.279817223548889160e+00
9.723000000000000000e+03 1.286484479904174805e+00
9.724000000000000000e+03 1.272034883499145508e+00
9.725000000000000000e+03 1.277009606361389160e+00
9.726000000000000000e+03 1.271706461906433105e+00
9.727000000000000000e+03 1.275924563407897949e+00
9.728000000000000000e+03 1.260140419006347656e+00
9.729000000000000000e+03 1.287526249885559082e+00
9.730000000000000000e+03 1.256690740585327148e+00
9.731000000000000000e+03 1.250421762466430664e+00
9.732000000000000000e+03 1.291355609893798828e+00
9.733000000000000000e+03 1.284697771072387695e+00
9.734000000000000000e+03 1.282331466674804688e+00
9.735000000000000000e+03 1.285712003707885742e+00
9.736000000000000000e+03 1.269205570220947266e+00
9.737000000000000000e+03 1.292864561080932617e+00
9.738000000000000000e+03 1.302492856979370117e+00
9.739000000000000000e+03 1.304937005043029785e+00
9.740000000000000000e+03 1.308995127677917480e+00
9.741000000000000000e+03 1.330248117446899414e+00
9.742000000000000000e+03 1.318283796310424805e+00
9.743000000000000000e+03 1.306162595748901367e+00
9.744000000000000000e+03 1.315709829330444336e+00
9.745000000000000000e+03 1.316064357757568359e+00
9.746000000000000000e+03 1.302000284194946289e+00
9.747000000000000000e+03 1.284070253372192383e+00
9.748000000000000000e+03 1.292184352874755859e+00
9.749000000000000000e+03 1.337240576744079590e+00
9.750000000000000000e+03 1.311777353286743164e+00
9.751000000000000000e+03 1.317154407501220703e+00
9.752000000000000000e+03 1.305271387100219727e+00
9.753000000000000000e+03 1.288981199264526367e+00
9.754000000000000000e+03 1.284501314163208008e+00
9.755000000000000000e+03 1.311405062675476074e+00
9.756000000000000000e+03 1.321132302284240723e+00
9.757000000000000000e+03 1.330458641052246094e+00
9.758000000000000000e+03 1.325998663902282715e+00
9.759000000000000000e+03 1.288748025894165039e+00
9.760000000000000000e+03 1.310537338256835938e+00
9.761000000000000000e+03 1.293937087059020996e+00
9.762000000000000000e+03 1.300396561622619629e+00
9.763000000000000000e+03 1.285715341567993164e+00
9.764000000000000000e+03 1.270971775054931641e+00
9.765000000000000000e+03 1.284911036491394043e+00
9.766000000000000000e+03 1.285248517990112305e+00
9.767000000000000000e+03 1.276929616928100586e+00
9.768000000000000000e+03 1.307456970214843750e+00
9.769000000000000000e+03 1.315773248672485352e+00
9.770000000000000000e+03 1.303951621055603027e+00
9.771000000000000000e+03 1.290915012359619141e+00
9.772000000000000000e+03 1.298873066902160645e+00
9.773000000000000000e+03 1.329993367195129395e+00
9.774000000000000000e+03 1.298803806304931641e+00
9.775000000000000000e+03 1.305504679679870605e+00
9.776000000000000000e+03 1.308003664016723633e+00
9.777000000000000000e+03 1.297455310821533203e+00
9.778000000000000000e+03 1.284247398376464844e+00
9.779000000000000000e+03 1.253641009330749512e+00
9.780000000000000000e+03 1.264868736267089844e+00
9.781000000000000000e+03 1.246917009353637695e+00
9.782000000000000000e+03 1.274958848953247070e+00
9.783000000000000000e+03 1.279309868812561035e+00
9.784000000000000000e+03 1.284895300865173340e+00
9.785000000000000000e+03 1.278001308441162109e+00
9.786000000000000000e+03 1.267911672592163086e+00
9.787000000000000000e+03 1.294959306716918945e+00
9.788000000000000000e+03 1.289734244346618652e+00
9.789000000000000000e+03 1.301049470901489258e+00
9.790000000000000000e+03 1.289274096488952637e+00
9.791000000000000000e+03 1.314342021942138672e+00
9.792000000000000000e+03 1.285431742668151855e+00
9.793000000000000000e+03 1.281943559646606445e+00
9.794000000000000000e+03 1.256608247756958008e+00
9.795000000000000000e+03 1.278021335601806641e+00
9.796000000000000000e+03 1.246324896812438965e+00
9.797000000000000000e+03 1.297616481781005859e+00
9.798000000000000000e+03 1.267744302749633789e+00
9.799000000000000000e+03 1.265406370162963867e+00
9.800000000000000000e+03 1.261646270751953125e+00
9.801000000000000000e+03 1.302601814270019531e+00
9.802000000000000000e+03 1.291773080825805664e+00
9.803000000000000000e+03 1.296560645103454590e+00
9.804000000000000000e+03 1.272243380546569824e+00
9.805000000000000000e+03 1.270702481269836426e+00
9.806000000000000000e+03 1.293531656265258789e+00
9.807000000000000000e+03 1.263197660446166992e+00
9.808000000000000000e+03 1.294997930526733398e+00
9.809000000000000000e+03 1.277764797210693359e+00
9.810000000000000000e+03 1.250222921371459961e+00
9.811000000000000000e+03 1.259076714515686035e+00
9.812000000000000000e+03 1.289571046829223633e+00
9.813000000000000000e+03 1.287506103515625000e+00
9.814000000000000000e+03 1.301082491874694824e+00
9.815000000000000000e+03 1.313331723213195801e+00
9.816000000000000000e+03 1.326380014419555664e+00
9.817000000000000000e+03 1.309013366699218750e+00
9.818000000000000000e+03 1.292528748512268066e+00
9.819000000000000000e+03 1.302855253219604492e+00
9.820000000000000000e+03 1.291801333427429199e+00
9.821000000000000000e+03 1.331666469573974609e+00
9.822000000000000000e+03 1.314027428627014160e+00
9.823000000000000000e+03 1.335566997528076172e+00
9.824000000000000000e+03 1.325373768806457520e+00
9.825000000000000000e+03 1.282371520996093750e+00
9.826000000000000000e+03 1.298790454864501953e+00
9.827000000000000000e+03 1.302399158477783203e+00
9.828000000000000000e+03 1.294069766998291016e+00
9.829000000000000000e+03 1.277325391769409180e+00
9.830000000000000000e+03 1.306784629821777344e+00
9.831000000000000000e+03 1.305787324905395508e+00
9.832000000000000000e+03 1.297508120536804199e+00
9.833000000000000000e+03 1.302695155143737793e+00
9.834000000000000000e+03 1.290565729141235352e+00
9.835000000000000000e+03 1.290115237236022949e+00
9.836000000000000000e+03 1.303416728973388672e+00
9.837000000000000000e+03 1.286525487899780273e+00
9.838000000000000000e+03 1.339761495590209961e+00
9.839000000000000000e+03 1.318158149719238281e+00
9.840000000000000000e+03 1.291477918624877930e+00
9.841000000000000000e+03 1.300510168075561523e+00
9.842000000000000000e+03 1.319088339805603027e+00
9.843000000000000000e+03 1.300915241241455078e+00
9.844000000000000000e+03 1.303438425064086914e+00
9.845000000000000000e+03 1.287403106689453125e+00
9.846000000000000000e+03 1.295471668243408203e+00
9.847000000000000000e+03 1.316222667694091797e+00
9.848000000000000000e+03 1.296755194664001465e+00
9.849000000000000000e+03 1.329747557640075684e+00
9.850000000000000000e+03 1.304419159889221191e+00
9.851000000000000000e+03 1.324689030647277832e+00
9.852000000000000000e+03 1.318405985832214355e+00
9.853000000000000000e+03 1.308493018150329590e+00
9.854000000000000000e+03 1.345026254653930664e+00
9.855000000000000000e+03 1.315670251846313477e+00
9.856000000000000000e+03 1.314881682395935059e+00
9.857000000000000000e+03 1.289685964584350586e+00
9.858000000000000000e+03 1.325542926788330078e+00
9.859000000000000000e+03 1.341118574142456055e+00
9.860000000000000000e+03 1.347647428512573242e+00
9.861000000000000000e+03 1.291561126708984375e+00
9.862000000000000000e+03 1.351966738700866699e+00
9.863000000000000000e+03 1.334581971168518066e+00
9.864000000000000000e+03 1.340120792388916016e+00
9.865000000000000000e+03 1.324789404869079590e+00
9.866000000000000000e+03 1.320697903633117676e+00
9.867000000000000000e+03 1.334906816482543945e+00
9.868000000000000000e+03 1.305197358131408691e+00
9.869000000000000000e+03 1.324649930000305176e+00
9.870000000000000000e+03 1.310423851013183594e+00
9.871000000000000000e+03 1.313904047012329102e+00
9.872000000000000000e+03 1.309116601943969727e+00
9.873000000000000000e+03 1.318484544754028320e+00
9.874000000000000000e+03 1.317004203796386719e+00
9.875000000000000000e+03 1.316684484481811523e+00
9.876000000000000000e+03 1.286230444908142090e+00
9.877000000000000000e+03 1.288296222686767578e+00
9.878000000000000000e+03 1.301964759826660156e+00
9.879000000000000000e+03 1.276795864105224609e+00
9.880000000000000000e+03 1.326237559318542480e+00
9.881000000000000000e+03 1.302016973495483398e+00
9.882000000000000000e+03 1.301929950714111328e+00
9.883000000000000000e+03 1.290595054626464844e+00
9.884000000000000000e+03 1.285024285316467285e+00
9.885000000000000000e+03 1.295031905174255371e+00
9.886000000000000000e+03 1.311297655105590820e+00
9.887000000000000000e+03 1.290984034538269043e+00
9.888000000000000000e+03 1.328414201736450195e+00
9.889000000000000000e+03 1.327960848808288574e+00
9.890000000000000000e+03 1.294744253158569336e+00
9.891000000000000000e+03 1.305687427520751953e+00
9.892000000000000000e+03 1.307894110679626465e+00
9.893000000000000000e+03 1.308219194412231445e+00
9.894000000000000000e+03 1.292314291000366211e+00
9.895000000000000000e+03 1.308720827102661133e+00
9.896000000000000000e+03 1.336007475852966309e+00
9.897000000000000000e+03 1.310130238533020020e+00
9.898000000000000000e+03 1.309192657470703125e+00
9.899000000000000000e+03 1.310990571975708008e+00
9.900000000000000000e+03 1.293031096458435059e+00
9.901000000000000000e+03 1.295645952224731445e+00
9.902000000000000000e+03 1.299720168113708496e+00
9.903000000000000000e+03 1.302026271820068359e+00
9.904000000000000000e+03 1.308971166610717773e+00
9.905000000000000000e+03 1.316856741905212402e+00
9.906000000000000000e+03 1.309658288955688477e+00
9.907000000000000000e+03 1.300365567207336426e+00
9.908000000000000000e+03 1.280732870101928711e+00
9.909000000000000000e+03 1.256364345550537109e+00
9.910000000000000000e+03 1.278321266174316406e+00
9.911000000000000000e+03 1.281732559204101562e+00
9.912000000000000000e+03 1.305167555809020996e+00
9.913000000000000000e+03 1.303095221519470215e+00
9.914000000000000000e+03 1.312157034873962402e+00
9.915000000000000000e+03 1.275143623352050781e+00
9.916000000000000000e+03 1.306420207023620605e+00
9.917000000000000000e+03 1.320764183998107910e+00
9.918000000000000000e+03 1.318738698959350586e+00
9.919000000000000000e+03 1.312641143798828125e+00
9.920000000000000000e+03 1.306756734848022461e+00
9.921000000000000000e+03 1.332065105438232422e+00
9.922000000000000000e+03 1.336380720138549805e+00
9.923000000000000000e+03 1.306888222694396973e+00
9.924000000000000000e+03 1.322392225265502930e+00
9.925000000000000000e+03 1.309816479682922363e+00
9.926000000000000000e+03 1.328653812408447266e+00
9.927000000000000000e+03 1.315881729125976562e+00
9.928000000000000000e+03 1.300915598869323730e+00
9.929000000000000000e+03 1.307835578918457031e+00
9.930000000000000000e+03 1.294807195663452148e+00
9.931000000000000000e+03 1.292869567871093750e+00
9.932000000000000000e+03 1.324990034103393555e+00
9.933000000000000000e+03 1.322111725807189941e+00
9.934000000000000000e+03 1.312505960464477539e+00
9.935000000000000000e+03 1.321006059646606445e+00
9.936000000000000000e+03 1.328114032745361328e+00
9.937000000000000000e+03 1.304494738578796387e+00
9.938000000000000000e+03 1.306679725646972656e+00
9.939000000000000000e+03 1.310398459434509277e+00
9.940000000000000000e+03 1.362622499465942383e+00
9.941000000000000000e+03 1.352623820304870605e+00
9.942000000000000000e+03 1.341500520706176758e+00
9.943000000000000000e+03 1.333986043930053711e+00
9.944000000000000000e+03 1.307122230529785156e+00
9.945000000000000000e+03 1.300088167190551758e+00
9.946000000000000000e+03 1.283214092254638672e+00
9.947000000000000000e+03 1.303436875343322754e+00
9.948000000000000000e+03 1.306334257125854492e+00
9.949000000000000000e+03 1.304996728897094727e+00
9.950000000000000000e+03 1.272129774093627930e+00
9.951000000000000000e+03 1.315890789031982422e+00
9.952000000000000000e+03 1.308682084083557129e+00
9.953000000000000000e+03 1.310171842575073242e+00
9.954000000000000000e+03 1.292793750762939453e+00
9.955000000000000000e+03 1.288740873336791992e+00
9.956000000000000000e+03 1.281145095825195312e+00
9.957000000000000000e+03 1.258472919464111328e+00
9.958000000000000000e+03 1.295575499534606934e+00
9.959000000000000000e+03 1.289549112319946289e+00
9.960000000000000000e+03 1.278138875961303711e+00
9.961000000000000000e+03 1.283533096313476562e+00
9.962000000000000000e+03 1.293642878532409668e+00
9.963000000000000000e+03 1.286031484603881836e+00
9.964000000000000000e+03 1.289942145347595215e+00
9.965000000000000000e+03 1.292054653167724609e+00
9.966000000000000000e+03 1.318103075027465820e+00
9.967000000000000000e+03 1.277978301048278809e+00
9.968000000000000000e+03 1.275974273681640625e+00
9.969000000000000000e+03 1.275954008102416992e+00
9.970000000000000000e+03 1.261086583137512207e+00
9.971000000000000000e+03 1.291961431503295898e+00
9.972000000000000000e+03 1.277633070945739746e+00
9.973000000000000000e+03 1.292667865753173828e+00
9.974000000000000000e+03 1.312284588813781738e+00
9.975000000000000000e+03 1.328278660774230957e+00
9.976000000000000000e+03 1.248717546463012695e+00
9.977000000000000000e+03 1.318490624427795410e+00
9.978000000000000000e+03 1.286330461502075195e+00
9.979000000000000000e+03 1.278408050537109375e+00
9.980000000000000000e+03 1.336204171180725098e+00
9.981000000000000000e+03 1.339295625686645508e+00
9.982000000000000000e+03 1.291550397872924805e+00
9.983000000000000000e+03 1.289642572402954102e+00
9.984000000000000000e+03 1.310806512832641602e+00
9.985000000000000000e+03 1.308773517608642578e+00
9.986000000000000000e+03 1.303394198417663574e+00
9.987000000000000000e+03 1.298363447189331055e+00
9.988000000000000000e+03 1.284074544906616211e+00
9.989000000000000000e+03 1.282954692840576172e+00
9.990000000000000000e+03 1.302076816558837891e+00
9.991000000000000000e+03 1.316030263900756836e+00
9.992000000000000000e+03 1.322561979293823242e+00
9.993000000000000000e+03 1.337767362594604492e+00
9.994000000000000000e+03 1.306675434112548828e+00
9.995000000000000000e+03 1.310258150100708008e+00
9.996000000000000000e+03 1.308079719543457031e+00
9.997000000000000000e+03 1.286730527877807617e+00
9.998000000000000000e+03 1.296442031860351562e+00
9.999000000000000000e+03 1.278203368186950684e+00
