0.000000000000000000e+00 1.895121097564697266e+00
1.000000000000000000e+00 1.864794969558715820e+00
2.000000000000000000e+00 1.863702058792114258e+00
3.000000000000000000e+00 1.840338945388793945e+00
4.000000000000000000e+00 1.874080181121826172e+00
5.000000000000000000e+00 1.922514438629150391e+00
6.000000000000000000e+00 1.916897296905517578e+00
7.000000000000000000e+00 1.846659064292907715e+00
8.000000000000000000e+00 1.888002157211303711e+00
9.000000000000000000e+00 1.940740108489990234e+00
1.000000000000000000e+01 1.875692605972290039e+00
1.100000000000000000e+01 1.880455255508422852e+00
1.200000000000000000e+01 1.869404792785644531e+00
1.300000000000000000e+01 1.886194467544555664e+00
1.400000000000000000e+01 1.832776069641113281e+00
1.500000000000000000e+01 1.872450113296508789e+00
1.600000000000000000e+01 1.906518459320068359e+00
1.700000000000000000e+01 1.859756588935852051e+00
1.800000000000000000e+01 1.827641129493713379e+00
1.900000000000000000e+01 1.863229393959045410e+00
2.000000000000000000e+01 1.867940664291381836e+00
2.100000000000000000e+01 1.844606161117553711e+00
2.200000000000000000e+01 1.889329075813293457e+00
2.300000000000000000e+01 1.850136518478393555e+00
2.400000000000000000e+01 1.874322891235351562e+00
2.500000000000000000e+01 1.860093355178833008e+00
2.600000000000000000e+01 1.854302644729614258e+00
2.700000000000000000e+01 1.886237978935241699e+00
2.800000000000000000e+01 1.882917642593383789e+00
2.900000000000000000e+01 1.834643959999084473e+00
3.000000000000000000e+01 1.875151395797729492e+00
3.100000000000000000e+01 1.877720832824707031e+00
3.200000000000000000e+01 1.935077667236328125e+00
3.300000000000000000e+01 1.919257402420043945e+00
3.400000000000000000e+01 1.889159917831420898e+00
3.500000000000000000e+01 1.916133403778076172e+00
3.600000000000000000e+01 1.947725057601928711e+00
3.700000000000000000e+01 1.905168890953063965e+00
3.800000000000000000e+01 1.842889547348022461e+00
3.900000000000000000e+01 1.901513934135437012e+00
4.000000000000000000e+01 1.881037592887878418e+00
4.100000000000000000e+01 1.878029346466064453e+00
4.200000000000000000e+01 1.901265621185302734e+00
4.300000000000000000e+01 1.876660585403442383e+00
4.400000000000000000e+01 1.914060354232788086e+00
4.500000000000000000e+01 1.919672489166259766e+00
4.600000000000000000e+01 1.893411278724670410e+00
4.700000000000000000e+01 1.888174772262573242e+00
4.800000000000000000e+01 1.900225758552551270e+00
4.900000000000000000e+01 1.853317856788635254e+00
5.000000000000000000e+01 1.876884937286376953e+00
5.100000000000000000e+01 1.880361318588256836e+00
5.200000000000000000e+01 1.841544389724731445e+00
5.300000000000000000e+01 1.843749284744262695e+00
5.400000000000000000e+01 1.839712023735046387e+00
5.500000000000000000e+01 1.829998731613159180e+00
5.600000000000000000e+01 1.881714463233947754e+00
5.700000000000000000e+01 1.849302172660827637e+00
5.800000000000000000e+01 1.860203146934509277e+00
5.900000000000000000e+01 1.849786877632141113e+00
6.000000000000000000e+01 1.822177171707153320e+00
6.100000000000000000e+01 1.843287229537963867e+00
6.200000000000000000e+01 1.825668692588806152e+00
6.300000000000000000e+01 1.819828271865844727e+00
6.400000000000000000e+01 1.851487517356872559e+00
6.500000000000000000e+01 1.849911332130432129e+00
6.600000000000000000e+01 1.850078344345092773e+00
6.700000000000000000e+01 1.857139468193054199e+00
6.800000000000000000e+01 1.868647575378417969e+00
6.900000000000000000e+01 1.864380955696105957e+00
7.000000000000000000e+01 1.847210526466369629e+00
7.100000000000000000e+01 1.868106961250305176e+00
7.200000000000000000e+01 1.858107328414916992e+00
7.300000000000000000e+01 1.885227560997009277e+00
7.400000000000000000e+01 1.882097959518432617e+00
7.500000000000000000e+01 1.891401410102844238e+00
7.600000000000000000e+01 1.836889982223510742e+00
7.700000000000000000e+01 1.816237807273864746e+00
7.800000000000000000e+01 1.827963829040527344e+00
7.900000000000000000e+01 1.816787242889404297e+00
8.000000000000000000e+01 1.843424916267395020e+00
8.100000000000000000e+01 1.832364559173583984e+00
8.200000000000000000e+01 1.909367322921752930e+00
8.300000000000000000e+01 1.880857706069946289e+00
8.400000000000000000e+01 1.899102568626403809e+00
8.500000000000000000e+01 1.926020145416259766e+00
8.600000000000000000e+01 1.898033857345581055e+00
8.700000000000000000e+01 1.874264001846313477e+00
8.800000000000000000e+01 1.923030138015747070e+00
8.900000000000000000e+01 1.917685866355895996e+00
9.000000000000000000e+01 1.883224248886108398e+00
9.100000000000000000e+01 1.888535261154174805e+00
9.200000000000000000e+01 1.875891923904418945e+00
9.300000000000000000e+01 1.861357450485229492e+00
9.400000000000000000e+01 1.857368350028991699e+00
9.500000000000000000e+01 1.874306917190551758e+00
9.600000000000000000e+01 1.874837756156921387e+00
9.700000000000000000e+01 1.888604760169982910e+00
9.800000000000000000e+01 1.826056599617004395e+00
9.900000000000000000e+01 1.828477621078491211e+00
1.000000000000000000e+02 1.804814815521240234e+00
1.010000000000000000e+02 1.803265213966369629e+00
1.020000000000000000e+02 1.856075525283813477e+00
1.030000000000000000e+02 1.796871900558471680e+00
1.040000000000000000e+02 1.826717853546142578e+00
1.050000000000000000e+02 1.883364558219909668e+00
1.060000000000000000e+02 1.868888258934020996e+00
1.070000000000000000e+02 1.860602736473083496e+00
1.080000000000000000e+02 1.859161376953125000e+00
1.090000000000000000e+02 1.834610223770141602e+00
1.100000000000000000e+02 1.860018253326416016e+00
1.110000000000000000e+02 1.868534564971923828e+00
1.120000000000000000e+02 1.862857818603515625e+00
1.130000000000000000e+02 1.847557663917541504e+00
1.140000000000000000e+02 1.820994138717651367e+00
1.150000000000000000e+02 1.814304709434509277e+00
1.160000000000000000e+02 1.777787685394287109e+00
1.170000000000000000e+02 1.739398002624511719e+00
1.180000000000000000e+02 1.740572452545166016e+00
1.190000000000000000e+02 1.831486463546752930e+00
1.200000000000000000e+02 1.808645725250244141e+00
1.210000000000000000e+02 1.766230702400207520e+00
1.220000000000000000e+02 1.782680273056030273e+00
1.230000000000000000e+02 1.751707553863525391e+00
1.240000000000000000e+02 1.767753362655639648e+00
1.250000000000000000e+02 1.734512329101562500e+00
1.260000000000000000e+02 1.761410593986511230e+00
1.270000000000000000e+02 1.765485525131225586e+00
1.280000000000000000e+02 1.751580238342285156e+00
1.290000000000000000e+02 1.791893482208251953e+00
1.300000000000000000e+02 1.773351192474365234e+00
1.310000000000000000e+02 1.772110223770141602e+00
1.320000000000000000e+02 1.766400933265686035e+00
1.330000000000000000e+02 1.765220284461975098e+00
1.340000000000000000e+02 1.789061546325683594e+00
1.350000000000000000e+02 1.789987206459045410e+00
1.360000000000000000e+02 1.760827064514160156e+00
1.370000000000000000e+02 1.782180309295654297e+00
1.380000000000000000e+02 1.795169591903686523e+00
1.390000000000000000e+02 1.752817034721374512e+00
1.400000000000000000e+02 1.786059737205505371e+00
1.410000000000000000e+02 1.762060761451721191e+00
1.420000000000000000e+02 1.714590549468994141e+00
1.430000000000000000e+02 1.781841516494750977e+00
1.440000000000000000e+02 1.710300803184509277e+00
1.450000000000000000e+02 1.808657884597778320e+00
1.460000000000000000e+02 1.803859591484069824e+00
1.470000000000000000e+02 1.774949312210083008e+00
1.480000000000000000e+02 1.784873604774475098e+00
1.490000000000000000e+02 1.824945688247680664e+00
1.500000000000000000e+02 1.837688207626342773e+00
1.510000000000000000e+02 1.795125722885131836e+00
1.520000000000000000e+02 1.841413378715515137e+00
1.530000000000000000e+02 1.788887977600097656e+00
1.540000000000000000e+02 1.816439390182495117e+00
1.550000000000000000e+02 1.839947938919067383e+00
1.560000000000000000e+02 1.778733372688293457e+00
1.570000000000000000e+02 1.788874268531799316e+00
1.580000000000000000e+02 1.811429023742675781e+00
1.590000000000000000e+02 1.789406180381774902e+00
1.600000000000000000e+02 1.813183546066284180e+00
1.610000000000000000e+02 1.823311209678649902e+00
1.620000000000000000e+02 1.810248374938964844e+00
1.630000000000000000e+02 1.811388373374938965e+00
1.640000000000000000e+02 1.855449676513671875e+00
1.650000000000000000e+02 1.818328142166137695e+00
1.660000000000000000e+02 1.794341444969177246e+00
1.670000000000000000e+02 1.804244518280029297e+00
1.680000000000000000e+02 1.821675300598144531e+00
1.690000000000000000e+02 1.870164871215820312e+00
1.700000000000000000e+02 1.855260252952575684e+00
1.710000000000000000e+02 1.747805833816528320e+00
1.720000000000000000e+02 1.820016980171203613e+00
1.730000000000000000e+02 1.797651052474975586e+00
1.740000000000000000e+02 1.790044188499450684e+00
1.750000000000000000e+02 1.798998951911926270e+00
1.760000000000000000e+02 1.821149349212646484e+00
1.770000000000000000e+02 1.813863396644592285e+00
1.780000000000000000e+02 1.844089627265930176e+00
1.790000000000000000e+02 1.835420966148376465e+00
1.800000000000000000e+02 1.777890443801879883e+00
1.810000000000000000e+02 1.831446409225463867e+00
1.820000000000000000e+02 1.797346591949462891e+00
1.830000000000000000e+02 1.843751192092895508e+00
1.840000000000000000e+02 1.780356168746948242e+00
1.850000000000000000e+02 1.820242166519165039e+00
1.860000000000000000e+02 1.790410399436950684e+00
1.870000000000000000e+02 1.843835592269897461e+00
1.880000000000000000e+02 1.815677046775817871e+00
1.890000000000000000e+02 1.814980268478393555e+00
1.900000000000000000e+02 1.859286308288574219e+00
1.910000000000000000e+02 1.786310911178588867e+00
1.920000000000000000e+02 1.811069726943969727e+00
1.930000000000000000e+02 1.792366266250610352e+00
1.940000000000000000e+02 1.833367824554443359e+00
1.950000000000000000e+02 1.839946389198303223e+00
1.960000000000000000e+02 1.858427524566650391e+00
1.970000000000000000e+02 1.742146968841552734e+00
1.980000000000000000e+02 1.837238788604736328e+00
1.990000000000000000e+02 1.775518298149108887e+00
2.000000000000000000e+02 1.782018542289733887e+00
2.010000000000000000e+02 1.798837304115295410e+00
2.020000000000000000e+02 1.844541192054748535e+00
2.030000000000000000e+02 1.774732947349548340e+00
2.040000000000000000e+02 1.796020865440368652e+00
2.050000000000000000e+02 1.761358141899108887e+00
2.060000000000000000e+02 1.762209892272949219e+00
2.070000000000000000e+02 1.766093134880065918e+00
2.080000000000000000e+02 1.774499297142028809e+00
2.090000000000000000e+02 1.824078083038330078e+00
2.100000000000000000e+02 1.810585379600524902e+00
2.110000000000000000e+02 1.811445474624633789e+00
2.120000000000000000e+02 1.818098545074462891e+00
2.130000000000000000e+02 1.801644444465637207e+00
2.140000000000000000e+02 1.847680568695068359e+00
2.150000000000000000e+02 1.844215393066406250e+00
2.160000000000000000e+02 1.830713748931884766e+00
2.170000000000000000e+02 1.809200048446655273e+00
2.180000000000000000e+02 1.834549665451049805e+00
2.190000000000000000e+02 1.841191887855529785e+00
2.200000000000000000e+02 1.789561986923217773e+00
2.210000000000000000e+02 1.772505998611450195e+00
2.220000000000000000e+02 1.813154816627502441e+00
2.230000000000000000e+02 1.813523292541503906e+00
2.240000000000000000e+02 1.866226077079772949e+00
2.250000000000000000e+02 1.755460023880004883e+00
2.260000000000000000e+02 1.759641647338867188e+00
2.270000000000000000e+02 1.752577304840087891e+00
2.280000000000000000e+02 1.796939015388488770e+00
2.290000000000000000e+02 1.771321535110473633e+00
2.300000000000000000e+02 1.775752782821655273e+00
2.310000000000000000e+02 1.797980427742004395e+00
2.320000000000000000e+02 1.790540933609008789e+00
2.330000000000000000e+02 1.755403876304626465e+00
2.340000000000000000e+02 1.781242370605468750e+00
2.350000000000000000e+02 1.734101295471191406e+00
2.360000000000000000e+02 1.782415270805358887e+00
2.370000000000000000e+02 1.777473688125610352e+00
2.380000000000000000e+02 1.775245189666748047e+00
2.390000000000000000e+02 1.747167706489562988e+00
2.400000000000000000e+02 1.809834718704223633e+00
2.410000000000000000e+02 1.779301404953002930e+00
2.420000000000000000e+02 1.790197014808654785e+00
2.430000000000000000e+02 1.826846122741699219e+00
2.440000000000000000e+02 1.769549250602722168e+00
2.450000000000000000e+02 1.820470809936523438e+00
2.460000000000000000e+02 1.780011415481567383e+00
2.470000000000000000e+02 1.824684858322143555e+00
2.480000000000000000e+02 1.787785649299621582e+00
2.490000000000000000e+02 1.785137414932250977e+00
2.500000000000000000e+02 1.770610928535461426e+00
2.510000000000000000e+02 1.724462389945983887e+00
2.520000000000000000e+02 1.762644290924072266e+00
2.530000000000000000e+02 1.752064108848571777e+00
2.540000000000000000e+02 1.818828344345092773e+00
2.550000000000000000e+02 1.805339813232421875e+00
2.560000000000000000e+02 1.785416483879089355e+00
2.570000000000000000e+02 1.799126148223876953e+00
2.580000000000000000e+02 1.837339401245117188e+00
2.590000000000000000e+02 1.747107267379760742e+00
2.600000000000000000e+02 1.758011817932128906e+00
2.610000000000000000e+02 1.773712754249572754e+00
2.620000000000000000e+02 1.721886277198791504e+00
2.630000000000000000e+02 1.790086269378662109e+00
2.640000000000000000e+02 1.732328534126281738e+00
2.650000000000000000e+02 1.754542469978332520e+00
2.660000000000000000e+02 1.728424429893493652e+00
2.670000000000000000e+02 1.747548460960388184e+00
2.680000000000000000e+02 1.739393591880798340e+00
2.690000000000000000e+02 1.758114695549011230e+00
2.700000000000000000e+02 1.731912136077880859e+00
2.710000000000000000e+02 1.770049095153808594e+00
2.720000000000000000e+02 1.713199377059936523e+00
2.730000000000000000e+02 1.693211913108825684e+00
2.740000000000000000e+02 1.771661758422851562e+00
2.750000000000000000e+02 1.806517839431762695e+00
2.760000000000000000e+02 1.826869726181030273e+00
2.770000000000000000e+02 1.785522818565368652e+00
2.780000000000000000e+02 1.784377336502075195e+00
2.790000000000000000e+02 1.820780277252197266e+00
2.800000000000000000e+02 1.769533872604370117e+00
2.810000000000000000e+02 1.735770463943481445e+00
2.820000000000000000e+02 1.759968280792236328e+00
2.830000000000000000e+02 1.780409216880798340e+00
2.840000000000000000e+02 1.778847575187683105e+00
2.850000000000000000e+02 1.784866690635681152e+00
2.860000000000000000e+02 1.761908411979675293e+00
2.870000000000000000e+02 1.791455149650573730e+00
2.880000000000000000e+02 1.800463438034057617e+00
2.890000000000000000e+02 1.831208825111389160e+00
2.900000000000000000e+02 1.840060472488403320e+00
2.910000000000000000e+02 1.812888383865356445e+00
2.920000000000000000e+02 1.735394001007080078e+00
2.930000000000000000e+02 1.780777454376220703e+00
2.940000000000000000e+02 1.771067976951599121e+00
2.950000000000000000e+02 1.764088034629821777e+00
2.960000000000000000e+02 1.767448902130126953e+00
2.970000000000000000e+02 1.747431993484497070e+00
2.980000000000000000e+02 1.780638933181762695e+00
2.990000000000000000e+02 1.773574948310852051e+00
3.000000000000000000e+02 1.768300652503967285e+00
3.010000000000000000e+02 1.801402807235717773e+00
3.020000000000000000e+02 1.823864936828613281e+00
3.030000000000000000e+02 1.796774983406066895e+00
3.040000000000000000e+02 1.828973531723022461e+00
3.050000000000000000e+02 1.788607478141784668e+00
3.060000000000000000e+02 1.788629055023193359e+00
3.070000000000000000e+02 1.775311827659606934e+00
3.080000000000000000e+02 1.825333476066589355e+00
3.090000000000000000e+02 1.834262371063232422e+00
3.100000000000000000e+02 1.808474302291870117e+00
3.110000000000000000e+02 1.824090719223022461e+00
3.120000000000000000e+02 1.805323481559753418e+00
3.130000000000000000e+02 1.853055357933044434e+00
3.140000000000000000e+02 1.835731387138366699e+00
3.150000000000000000e+02 1.850904703140258789e+00
3.160000000000000000e+02 1.874724745750427246e+00
3.170000000000000000e+02 1.799546599388122559e+00
3.180000000000000000e+02 1.781326174736022949e+00
3.190000000000000000e+02 1.824698686599731445e+00
3.200000000000000000e+02 1.831400871276855469e+00
3.210000000000000000e+02 1.848264455795288086e+00
3.220000000000000000e+02 1.848651051521301270e+00
3.230000000000000000e+02 1.817132472991943359e+00
3.240000000000000000e+02 1.868832707405090332e+00
3.250000000000000000e+02 1.798150062561035156e+00
3.260000000000000000e+02 1.792826771736145020e+00
3.270000000000000000e+02 1.803865909576416016e+00
3.280000000000000000e+02 1.819167971611022949e+00
3.290000000000000000e+02 1.827475070953369141e+00
3.300000000000000000e+02 1.865150809288024902e+00
3.310000000000000000e+02 1.859057068824768066e+00
3.320000000000000000e+02 1.867767453193664551e+00
3.330000000000000000e+02 1.838373899459838867e+00
3.340000000000000000e+02 1.858470201492309570e+00
3.350000000000000000e+02 1.823863387107849121e+00
3.360000000000000000e+02 1.811582326889038086e+00
3.370000000000000000e+02 1.848417758941650391e+00
3.380000000000000000e+02 1.788058757781982422e+00
3.390000000000000000e+02 1.857198953628540039e+00
3.400000000000000000e+02 1.799124002456665039e+00
3.410000000000000000e+02 1.852803111076354980e+00
3.420000000000000000e+02 1.840643405914306641e+00
3.430000000000000000e+02 1.796854615211486816e+00
3.440000000000000000e+02 1.808253645896911621e+00
3.450000000000000000e+02 1.832617759704589844e+00
3.460000000000000000e+02 1.869525909423828125e+00
3.470000000000000000e+02 1.873441457748413086e+00
3.480000000000000000e+02 1.827238559722900391e+00
3.490000000000000000e+02 1.846275687217712402e+00
3.500000000000000000e+02 1.800813913345336914e+00
3.510000000000000000e+02 1.820242881774902344e+00
3.520000000000000000e+02 1.813047170639038086e+00
3.530000000000000000e+02 1.821948885917663574e+00
3.540000000000000000e+02 1.830642938613891602e+00
3.550000000000000000e+02 1.827342152595520020e+00
3.560000000000000000e+02 1.759882926940917969e+00
3.570000000000000000e+02 1.835349321365356445e+00
3.580000000000000000e+02 1.780974864959716797e+00
3.590000000000000000e+02 1.792282700538635254e+00
3.600000000000000000e+02 1.773856759071350098e+00
3.610000000000000000e+02 1.783934593200683594e+00
3.620000000000000000e+02 1.776557803153991699e+00
3.630000000000000000e+02 1.772096037864685059e+00
3.640000000000000000e+02 1.774101614952087402e+00
3.650000000000000000e+02 1.778106331825256348e+00
3.660000000000000000e+02 1.758405923843383789e+00
3.670000000000000000e+02 1.728452205657958984e+00
3.680000000000000000e+02 1.746848702430725098e+00
3.690000000000000000e+02 1.829771041870117188e+00
3.700000000000000000e+02 1.783553719520568848e+00
3.710000000000000000e+02 1.788525462150573730e+00
3.720000000000000000e+02 1.902342796325683594e+00
3.730000000000000000e+02 1.823178172111511230e+00
3.740000000000000000e+02 1.769835233688354492e+00
3.750000000000000000e+02 1.847270488739013672e+00
3.760000000000000000e+02 1.857782006263732910e+00
3.770000000000000000e+02 1.807726263999938965e+00
3.780000000000000000e+02 1.815755248069763184e+00
3.790000000000000000e+02 1.838690519332885742e+00
3.800000000000000000e+02 1.797735095024108887e+00
3.810000000000000000e+02 1.751209139823913574e+00
3.820000000000000000e+02 1.744499564170837402e+00
3.830000000000000000e+02 1.832869052886962891e+00
3.840000000000000000e+02 1.843949198722839355e+00
3.850000000000000000e+02 1.774255156517028809e+00
3.860000000000000000e+02 1.866079211235046387e+00
3.870000000000000000e+02 1.889392852783203125e+00
3.880000000000000000e+02 1.882211089134216309e+00
3.890000000000000000e+02 1.859547972679138184e+00
3.900000000000000000e+02 1.830532550811767578e+00
3.910000000000000000e+02 1.900815248489379883e+00
3.920000000000000000e+02 1.868221402168273926e+00
3.930000000000000000e+02 1.922029137611389160e+00
3.940000000000000000e+02 1.864799022674560547e+00
3.950000000000000000e+02 1.864836692810058594e+00
3.960000000000000000e+02 1.846525430679321289e+00
3.970000000000000000e+02 1.835822939872741699e+00
3.980000000000000000e+02 1.859126210212707520e+00
3.990000000000000000e+02 1.834588050842285156e+00
4.000000000000000000e+02 1.804862141609191895e+00
4.010000000000000000e+02 1.839456558227539062e+00
4.020000000000000000e+02 1.797593474388122559e+00
4.030000000000000000e+02 1.812691092491149902e+00
4.040000000000000000e+02 1.775697708129882812e+00
4.050000000000000000e+02 1.787622690200805664e+00
4.060000000000000000e+02 1.825535774230957031e+00
4.070000000000000000e+02 1.794373869895935059e+00
4.080000000000000000e+02 1.751247406005859375e+00
4.090000000000000000e+02 1.782072782516479492e+00
4.100000000000000000e+02 1.771640419960021973e+00
4.110000000000000000e+02 1.787498474121093750e+00
4.120000000000000000e+02 1.780190825462341309e+00
4.130000000000000000e+02 1.785347938537597656e+00
4.140000000000000000e+02 1.784971237182617188e+00
4.150000000000000000e+02 1.788732409477233887e+00
4.160000000000000000e+02 1.776627063751220703e+00
4.170000000000000000e+02 1.803429841995239258e+00
4.180000000000000000e+02 1.804335594177246094e+00
4.190000000000000000e+02 1.850474596023559570e+00
4.200000000000000000e+02 1.811638832092285156e+00
4.210000000000000000e+02 1.835424184799194336e+00
4.220000000000000000e+02 1.827834129333496094e+00
4.230000000000000000e+02 1.799325466156005859e+00
4.240000000000000000e+02 1.768283009529113770e+00
4.250000000000000000e+02 1.787586808204650879e+00
4.260000000000000000e+02 1.783509373664855957e+00
4.270000000000000000e+02 1.778268098831176758e+00
4.280000000000000000e+02 1.808563947677612305e+00
4.290000000000000000e+02 1.826125264167785645e+00
4.300000000000000000e+02 1.821355938911437988e+00
4.310000000000000000e+02 1.817021846771240234e+00
4.320000000000000000e+02 1.776366710662841797e+00
4.330000000000000000e+02 1.729556918144226074e+00
4.340000000000000000e+02 1.803269743919372559e+00
4.350000000000000000e+02 1.804750323295593262e+00
4.360000000000000000e+02 1.784240007400512695e+00
4.370000000000000000e+02 1.832369565963745117e+00
4.380000000000000000e+02 1.843450188636779785e+00
4.390000000000000000e+02 1.824005365371704102e+00
4.400000000000000000e+02 1.819757580757141113e+00
4.410000000000000000e+02 1.851198196411132812e+00
4.420000000000000000e+02 1.916261076927185059e+00
4.430000000000000000e+02 1.824687480926513672e+00
4.440000000000000000e+02 1.786795854568481445e+00
4.450000000000000000e+02 1.807820439338684082e+00
4.460000000000000000e+02 1.802120327949523926e+00
4.470000000000000000e+02 1.805867791175842285e+00
4.480000000000000000e+02 1.794709682464599609e+00
4.490000000000000000e+02 1.765979409217834473e+00
4.500000000000000000e+02 1.788602471351623535e+00
4.510000000000000000e+02 1.785993933677673340e+00
4.520000000000000000e+02 1.801245808601379395e+00
4.530000000000000000e+02 1.750953912734985352e+00
4.540000000000000000e+02 1.773813605308532715e+00
4.550000000000000000e+02 1.804557681083679199e+00
4.560000000000000000e+02 1.833773732185363770e+00
4.570000000000000000e+02 1.798328161239624023e+00
4.580000000000000000e+02 1.772595286369323730e+00
4.590000000000000000e+02 1.779254555702209473e+00
4.600000000000000000e+02 1.776439666748046875e+00
4.610000000000000000e+02 1.771993160247802734e+00
4.620000000000000000e+02 1.775936961174011230e+00
4.630000000000000000e+02 1.784460663795471191e+00
4.640000000000000000e+02 1.767143487930297852e+00
4.650000000000000000e+02 1.804448127746582031e+00
4.660000000000000000e+02 1.763929247856140137e+00
4.670000000000000000e+02 1.805644750595092773e+00
4.680000000000000000e+02 1.788835644721984863e+00
4.690000000000000000e+02 1.782208204269409180e+00
4.700000000000000000e+02 1.753292560577392578e+00
4.710000000000000000e+02 1.756078362464904785e+00
4.720000000000000000e+02 1.791993856430053711e+00
4.730000000000000000e+02 1.810781121253967285e+00
4.740000000000000000e+02 1.846816301345825195e+00
4.750000000000000000e+02 1.821899652481079102e+00
4.760000000000000000e+02 1.800894856452941895e+00
4.770000000000000000e+02 1.832365512847900391e+00
4.780000000000000000e+02 1.808424830436706543e+00
4.790000000000000000e+02 1.768458604812622070e+00
4.800000000000000000e+02 1.776682615280151367e+00
4.810000000000000000e+02 1.819149374961853027e+00
4.820000000000000000e+02 1.776526212692260742e+00
4.830000000000000000e+02 1.794883012771606445e+00
4.840000000000000000e+02 1.817103385925292969e+00
4.850000000000000000e+02 1.799750328063964844e+00
4.860000000000000000e+02 1.807416796684265137e+00
4.870000000000000000e+02 1.819080352783203125e+00
4.880000000000000000e+02 1.805844306945800781e+00
4.890000000000000000e+02 1.788829088211059570e+00
4.900000000000000000e+02 1.806765556335449219e+00
4.910000000000000000e+02 1.831471204757690430e+00
4.920000000000000000e+02 1.846698880195617676e+00
4.930000000000000000e+02 1.852751135826110840e+00
4.940000000000000000e+02 1.805019497871398926e+00
4.950000000000000000e+02 1.820287466049194336e+00
4.960000000000000000e+02 1.793153882026672363e+00
4.970000000000000000e+02 1.758110880851745605e+00
4.980000000000000000e+02 1.768494844436645508e+00
4.990000000000000000e+02 1.797556638717651367e+00
5.000000000000000000e+02 1.770283102989196777e+00
5.010000000000000000e+02 1.792525529861450195e+00
5.020000000000000000e+02 1.738851308822631836e+00
5.030000000000000000e+02 1.758285284042358398e+00
5.040000000000000000e+02 1.743401288986206055e+00
5.050000000000000000e+02 1.766359925270080566e+00
5.060000000000000000e+02 1.793261170387268066e+00
5.070000000000000000e+02 1.765745878219604492e+00
5.080000000000000000e+02 1.814883112907409668e+00
5.090000000000000000e+02 1.787055850028991699e+00
5.100000000000000000e+02 1.813959121704101562e+00
5.110000000000000000e+02 1.812401175498962402e+00
5.120000000000000000e+02 1.800367355346679688e+00
5.130000000000000000e+02 1.811161518096923828e+00
5.140000000000000000e+02 1.818391442298889160e+00
5.150000000000000000e+02 1.785257816314697266e+00
5.160000000000000000e+02 1.801442146301269531e+00
5.170000000000000000e+02 1.822216510772705078e+00
5.180000000000000000e+02 1.798823118209838867e+00
5.190000000000000000e+02 1.756599664688110352e+00
5.200000000000000000e+02 1.741696119308471680e+00
5.210000000000000000e+02 1.796275615692138672e+00
5.220000000000000000e+02 1.779011011123657227e+00
5.230000000000000000e+02 1.794912815093994141e+00
5.240000000000000000e+02 1.811685085296630859e+00
5.250000000000000000e+02 1.774533390998840332e+00
5.260000000000000000e+02 1.761604785919189453e+00
5.270000000000000000e+02 1.772909045219421387e+00
5.280000000000000000e+02 1.774603486061096191e+00
5.290000000000000000e+02 1.835682153701782227e+00
5.300000000000000000e+02 1.808925628662109375e+00
5.310000000000000000e+02 1.810637235641479492e+00
5.320000000000000000e+02 1.749525308609008789e+00
5.330000000000000000e+02 1.792389035224914551e+00
5.340000000000000000e+02 1.839535236358642578e+00
5.350000000000000000e+02 1.802524805068969727e+00
5.360000000000000000e+02 1.831923723220825195e+00
5.370000000000000000e+02 1.805365800857543945e+00
5.380000000000000000e+02 1.844119310379028320e+00
5.390000000000000000e+02 1.841252565383911133e+00
5.400000000000000000e+02 1.843681812286376953e+00
5.410000000000000000e+02 1.823264122009277344e+00
5.420000000000000000e+02 1.834774494171142578e+00
5.430000000000000000e+02 1.854329824447631836e+00
5.440000000000000000e+02 1.841477394104003906e+00
5.450000000000000000e+02 1.803748488426208496e+00
5.460000000000000000e+02 1.806773185729980469e+00
5.470000000000000000e+02 1.840773701667785645e+00
5.480000000000000000e+02 1.863314628601074219e+00
5.490000000000000000e+02 1.864369273185729980e+00
5.500000000000000000e+02 1.853207945823669434e+00
5.510000000000000000e+02 1.875776171684265137e+00
5.520000000000000000e+02 1.892611384391784668e+00
5.530000000000000000e+02 1.823021650314331055e+00
5.540000000000000000e+02 1.846702575683593750e+00
5.550000000000000000e+02 1.876306772232055664e+00
5.560000000000000000e+02 1.872980952262878418e+00
5.570000000000000000e+02 1.824720382690429688e+00
5.580000000000000000e+02 1.831711053848266602e+00
5.590000000000000000e+02 1.829906225204467773e+00
5.600000000000000000e+02 1.905963182449340820e+00
5.610000000000000000e+02 1.904632925987243652e+00
5.620000000000000000e+02 1.954346418380737305e+00
5.630000000000000000e+02 1.921430945396423340e+00
5.640000000000000000e+02 1.872695326805114746e+00
5.650000000000000000e+02 1.863682627677917480e+00
5.660000000000000000e+02 1.917949676513671875e+00
5.670000000000000000e+02 1.903270244598388672e+00
5.680000000000000000e+02 1.867547750473022461e+00
5.690000000000000000e+02 1.853263854980468750e+00
5.700000000000000000e+02 1.863814711570739746e+00
5.710000000000000000e+02 1.861168503761291504e+00
5.720000000000000000e+02 1.851438760757446289e+00
5.730000000000000000e+02 1.828446149826049805e+00
5.740000000000000000e+02 1.793080210685729980e+00
5.750000000000000000e+02 1.829175710678100586e+00
5.760000000000000000e+02 1.845906615257263184e+00
5.770000000000000000e+02 1.844872474670410156e+00
5.780000000000000000e+02 1.830222368240356445e+00
5.790000000000000000e+02 1.791611671447753906e+00
5.800000000000000000e+02 1.773571133613586426e+00
5.810000000000000000e+02 1.768781661987304688e+00
5.820000000000000000e+02 1.772967696189880371e+00
5.830000000000000000e+02 1.837842702865600586e+00
5.840000000000000000e+02 1.849362611770629883e+00
5.850000000000000000e+02 1.863951921463012695e+00
5.860000000000000000e+02 1.823071002960205078e+00
5.870000000000000000e+02 1.859890699386596680e+00
5.880000000000000000e+02 1.871459364891052246e+00
5.890000000000000000e+02 1.823098421096801758e+00
5.900000000000000000e+02 1.878807067871093750e+00
5.910000000000000000e+02 1.820393443107604980e+00
5.920000000000000000e+02 1.819700956344604492e+00
5.930000000000000000e+02 1.839540958404541016e+00
5.940000000000000000e+02 1.823379516601562500e+00
5.950000000000000000e+02 1.863908767700195312e+00
5.960000000000000000e+02 1.860042095184326172e+00
5.970000000000000000e+02 1.832891225814819336e+00
5.980000000000000000e+02 1.765338063240051270e+00
5.990000000000000000e+02 1.796574234962463379e+00
6.000000000000000000e+02 1.827206850051879883e+00
6.010000000000000000e+02 1.862839698791503906e+00
6.020000000000000000e+02 1.849680781364440918e+00
6.030000000000000000e+02 1.776705741882324219e+00
6.040000000000000000e+02 1.799972057342529297e+00
6.050000000000000000e+02 1.772843360900878906e+00
6.060000000000000000e+02 1.797877073287963867e+00
6.070000000000000000e+02 1.794881224632263184e+00
6.080000000000000000e+02 1.725390315055847168e+00
6.090000000000000000e+02 1.777087926864624023e+00
6.100000000000000000e+02 1.780545473098754883e+00
6.110000000000000000e+02 1.794091701507568359e+00
6.120000000000000000e+02 1.774174213409423828e+00
6.130000000000000000e+02 1.757662534713745117e+00
6.140000000000000000e+02 1.738113641738891602e+00
6.150000000000000000e+02 1.780863761901855469e+00
6.160000000000000000e+02 1.793693304061889648e+00
6.170000000000000000e+02 1.749244809150695801e+00
6.180000000000000000e+02 1.804696083068847656e+00
6.190000000000000000e+02 1.820853829383850098e+00
6.200000000000000000e+02 1.816459894180297852e+00
6.210000000000000000e+02 1.766015172004699707e+00
6.220000000000000000e+02 1.812358021736145020e+00
6.230000000000000000e+02 1.810259938240051270e+00
6.240000000000000000e+02 1.825231909751892090e+00
6.250000000000000000e+02 1.780966401100158691e+00
6.260000000000000000e+02 1.811293482780456543e+00
6.270000000000000000e+02 1.788874387741088867e+00
6.280000000000000000e+02 1.787793040275573730e+00
6.290000000000000000e+02 1.786111950874328613e+00
6.300000000000000000e+02 1.802210330963134766e+00
6.310000000000000000e+02 1.790046811103820801e+00
6.320000000000000000e+02 1.835370779037475586e+00
6.330000000000000000e+02 1.810506343841552734e+00
6.340000000000000000e+02 1.810743927955627441e+00
6.350000000000000000e+02 1.841711759567260742e+00
6.360000000000000000e+02 1.828009724617004395e+00
6.370000000000000000e+02 1.856856703758239746e+00
6.380000000000000000e+02 1.824098467826843262e+00
6.390000000000000000e+02 1.796078205108642578e+00
6.400000000000000000e+02 1.824784398078918457e+00
6.410000000000000000e+02 1.794565677642822266e+00
6.420000000000000000e+02 1.813730239868164062e+00
6.430000000000000000e+02 1.817575573921203613e+00
6.440000000000000000e+02 1.751859426498413086e+00
6.450000000000000000e+02 1.775583505630493164e+00
6.460000000000000000e+02 1.774781346321105957e+00
6.470000000000000000e+02 1.799326658248901367e+00
6.480000000000000000e+02 1.807684898376464844e+00
6.490000000000000000e+02 1.848726511001586914e+00
6.500000000000000000e+02 1.872442364692687988e+00
6.510000000000000000e+02 1.861863613128662109e+00
6.520000000000000000e+02 1.842384099960327148e+00
6.530000000000000000e+02 1.872764825820922852e+00
6.540000000000000000e+02 1.842657804489135742e+00
6.550000000000000000e+02 1.847429394721984863e+00
6.560000000000000000e+02 1.793018102645874023e+00
6.570000000000000000e+02 1.834823012351989746e+00
6.580000000000000000e+02 1.832598924636840820e+00
6.590000000000000000e+02 1.868649959564208984e+00
6.600000000000000000e+02 1.853975653648376465e+00
6.610000000000000000e+02 1.818134307861328125e+00
6.620000000000000000e+02 1.830803871154785156e+00
6.630000000000000000e+02 1.818533539772033691e+00
6.640000000000000000e+02 1.821663737297058105e+00
6.650000000000000000e+02 1.885114192962646484e+00
6.660000000000000000e+02 1.837061882019042969e+00
6.670000000000000000e+02 1.861684441566467285e+00
6.680000000000000000e+02 1.801843881607055664e+00
6.690000000000000000e+02 1.888316035270690918e+00
6.700000000000000000e+02 1.794658899307250977e+00
6.710000000000000000e+02 1.833869457244873047e+00
6.720000000000000000e+02 1.822530031204223633e+00
6.730000000000000000e+02 1.795416474342346191e+00
6.740000000000000000e+02 1.826641321182250977e+00
6.750000000000000000e+02 1.827788829803466797e+00
6.760000000000000000e+02 1.816039562225341797e+00
6.770000000000000000e+02 1.822660088539123535e+00
6.780000000000000000e+02 1.728327274322509766e+00
6.790000000000000000e+02 1.729886293411254883e+00
6.800000000000000000e+02 1.801755905151367188e+00
6.810000000000000000e+02 1.806465029716491699e+00
6.820000000000000000e+02 1.820937633514404297e+00
6.830000000000000000e+02 1.839984893798828125e+00
6.840000000000000000e+02 1.847189903259277344e+00
6.850000000000000000e+02 1.776104092597961426e+00
6.860000000000000000e+02 1.783797264099121094e+00
6.870000000000000000e+02 1.743315219879150391e+00
6.880000000000000000e+02 1.767941355705261230e+00
6.890000000000000000e+02 1.801132082939147949e+00
6.900000000000000000e+02 1.783892393112182617e+00
6.910000000000000000e+02 1.772469401359558105e+00
6.920000000000000000e+02 1.762812376022338867e+00
6.930000000000000000e+02 1.779993295669555664e+00
6.940000000000000000e+02 1.794865608215332031e+00
6.950000000000000000e+02 1.801854133605957031e+00
6.960000000000000000e+02 1.754852056503295898e+00
6.970000000000000000e+02 1.777598381042480469e+00
6.980000000000000000e+02 1.736743450164794922e+00
6.990000000000000000e+02 1.795790433883666992e+00
7.000000000000000000e+02 1.828968524932861328e+00
7.010000000000000000e+02 1.808675289154052734e+00
7.020000000000000000e+02 1.781222581863403320e+00
7.030000000000000000e+02 1.792712569236755371e+00
7.040000000000000000e+02 1.820170164108276367e+00
7.050000000000000000e+02 1.802971482276916504e+00
7.060000000000000000e+02 1.852688431739807129e+00
7.070000000000000000e+02 1.844981312751770020e+00
7.080000000000000000e+02 1.816753149032592773e+00
7.090000000000000000e+02 1.806389689445495605e+00
7.100000000000000000e+02 1.817163586616516113e+00
7.110000000000000000e+02 1.792727589607238770e+00
7.120000000000000000e+02 1.803366899490356445e+00
7.130000000000000000e+02 1.810100913047790527e+00
7.140000000000000000e+02 1.861919403076171875e+00
7.150000000000000000e+02 1.836158633232116699e+00
7.160000000000000000e+02 1.849336981773376465e+00
7.170000000000000000e+02 1.816523194313049316e+00
7.180000000000000000e+02 1.846973776817321777e+00
7.190000000000000000e+02 1.860782027244567871e+00
7.200000000000000000e+02 1.857838749885559082e+00
7.210000000000000000e+02 1.864695549011230469e+00
7.220000000000000000e+02 1.881840825080871582e+00
7.230000000000000000e+02 1.814686775207519531e+00
7.240000000000000000e+02 1.826108217239379883e+00
7.250000000000000000e+02 1.791160583496093750e+00
7.260000000000000000e+02 1.823887348175048828e+00
7.270000000000000000e+02 1.845452904701232910e+00
7.280000000000000000e+02 1.787023186683654785e+00
7.290000000000000000e+02 1.790276646614074707e+00
7.300000000000000000e+02 1.813170075416564941e+00
7.310000000000000000e+02 1.836670994758605957e+00
7.320000000000000000e+02 1.865125417709350586e+00
7.330000000000000000e+02 1.811545252799987793e+00
7.340000000000000000e+02 1.784121751785278320e+00
7.350000000000000000e+02 1.797309041023254395e+00
7.360000000000000000e+02 1.839562416076660156e+00
7.370000000000000000e+02 1.821349859237670898e+00
7.380000000000000000e+02 1.799844861030578613e+00
7.390000000000000000e+02 1.754474163055419922e+00
7.400000000000000000e+02 1.780014634132385254e+00
7.410000000000000000e+02 1.778113126754760742e+00
7.420000000000000000e+02 1.810629487037658691e+00
7.430000000000000000e+02 1.798906326293945312e+00
7.440000000000000000e+02 1.811088681221008301e+00
7.450000000000000000e+02 1.788425803184509277e+00
7.460000000000000000e+02 1.806538105010986328e+00
7.470000000000000000e+02 1.799348831176757812e+00
7.480000000000000000e+02 1.799662113189697266e+00
7.490000000000000000e+02 1.825919866561889648e+00
7.500000000000000000e+02 1.762288451194763184e+00
7.510000000000000000e+02 1.781912088394165039e+00
7.520000000000000000e+02 1.759701251983642578e+00
7.530000000000000000e+02 1.713339090347290039e+00
7.540000000000000000e+02 1.728580474853515625e+00
7.550000000000000000e+02 1.771104216575622559e+00
7.560000000000000000e+02 1.770994424819946289e+00
7.570000000000000000e+02 1.786932945251464844e+00
7.580000000000000000e+02 1.815282344818115234e+00
7.590000000000000000e+02 1.790905475616455078e+00
7.600000000000000000e+02 1.757436037063598633e+00
7.610000000000000000e+02 1.784398436546325684e+00
7.620000000000000000e+02 1.756743788719177246e+00
7.630000000000000000e+02 1.768535494804382324e+00
7.640000000000000000e+02 1.823310971260070801e+00
7.650000000000000000e+02 1.796999573707580566e+00
7.660000000000000000e+02 1.809752821922302246e+00
7.670000000000000000e+02 1.855170488357543945e+00
7.680000000000000000e+02 1.805941343307495117e+00
7.690000000000000000e+02 1.849456191062927246e+00
7.700000000000000000e+02 1.839433670043945312e+00
7.710000000000000000e+02 1.777436256408691406e+00
7.720000000000000000e+02 1.765216708183288574e+00
7.730000000000000000e+02 1.771410465240478516e+00
7.740000000000000000e+02 1.823083043098449707e+00
7.750000000000000000e+02 1.780479192733764648e+00
7.760000000000000000e+02 1.804875850677490234e+00
7.770000000000000000e+02 1.801592469215393066e+00
7.780000000000000000e+02 1.791830420494079590e+00
7.790000000000000000e+02 1.774536371231079102e+00
7.800000000000000000e+02 1.806995511054992676e+00
7.810000000000000000e+02 1.745540261268615723e+00
7.820000000000000000e+02 1.760080456733703613e+00
7.830000000000000000e+02 1.773836016654968262e+00
7.840000000000000000e+02 1.742029905319213867e+00
7.850000000000000000e+02 1.750104188919067383e+00
7.860000000000000000e+02 1.779832482337951660e+00
7.870000000000000000e+02 1.752542614936828613e+00
7.880000000000000000e+02 1.744475364685058594e+00
7.890000000000000000e+02 1.738301515579223633e+00
7.900000000000000000e+02 1.709420919418334961e+00
7.910000000000000000e+02 1.745975494384765625e+00
7.920000000000000000e+02 1.760067939758300781e+00
7.930000000000000000e+02 1.738431930541992188e+00
7.940000000000000000e+02 1.711277365684509277e+00
7.950000000000000000e+02 1.750793814659118652e+00
7.960000000000000000e+02 1.786779880523681641e+00
7.970000000000000000e+02 1.761237263679504395e+00
7.980000000000000000e+02 1.764924764633178711e+00
7.990000000000000000e+02 1.766409158706665039e+00
8.000000000000000000e+02 1.741103172302246094e+00
8.010000000000000000e+02 1.806549787521362305e+00
8.020000000000000000e+02 1.803483486175537109e+00
8.030000000000000000e+02 1.769847750663757324e+00
8.040000000000000000e+02 1.788134694099426270e+00
8.050000000000000000e+02 1.830065488815307617e+00
8.060000000000000000e+02 1.825504422187805176e+00
8.070000000000000000e+02 1.819298386573791504e+00
8.080000000000000000e+02 1.812763094902038574e+00
8.090000000000000000e+02 1.850107431411743164e+00
8.100000000000000000e+02 1.856317639350891113e+00
8.110000000000000000e+02 1.801808357238769531e+00
8.120000000000000000e+02 1.795691251754760742e+00
8.130000000000000000e+02 1.885526537895202637e+00
8.140000000000000000e+02 1.834146738052368164e+00
8.150000000000000000e+02 1.878263711929321289e+00
8.160000000000000000e+02 1.890355587005615234e+00
8.170000000000000000e+02 1.877682209014892578e+00
8.180000000000000000e+02 1.887415409088134766e+00
8.190000000000000000e+02 1.852345466613769531e+00
8.200000000000000000e+02 1.847556114196777344e+00
8.210000000000000000e+02 1.855304002761840820e+00
8.220000000000000000e+02 1.876585125923156738e+00
8.230000000000000000e+02 1.842963218688964844e+00
8.240000000000000000e+02 1.853902459144592285e+00
8.250000000000000000e+02 1.833936214447021484e+00
8.260000000000000000e+02 1.822227716445922852e+00
8.270000000000000000e+02 1.822424173355102539e+00
8.280000000000000000e+02 1.809243440628051758e+00
8.290000000000000000e+02 1.809583663940429688e+00
8.300000000000000000e+02 1.818808078765869141e+00
8.310000000000000000e+02 1.814944744110107422e+00
8.320000000000000000e+02 1.782071828842163086e+00
8.330000000000000000e+02 1.845955967903137207e+00
8.340000000000000000e+02 1.800863504409790039e+00
8.350000000000000000e+02 1.831467390060424805e+00
8.360000000000000000e+02 1.839517831802368164e+00
8.370000000000000000e+02 1.820233225822448730e+00
8.380000000000000000e+02 1.833168029785156250e+00
8.390000000000000000e+02 1.827004671096801758e+00
8.400000000000000000e+02 1.861348748207092285e+00
8.410000000000000000e+02 1.834107279777526855e+00
8.420000000000000000e+02 1.837542414665222168e+00
8.430000000000000000e+02 1.800776958465576172e+00
8.440000000000000000e+02 1.783957600593566895e+00
8.450000000000000000e+02 1.815902471542358398e+00
8.460000000000000000e+02 1.838815569877624512e+00
8.470000000000000000e+02 1.802789092063903809e+00
8.480000000000000000e+02 1.840045690536499023e+00
8.490000000000000000e+02 1.822409033775329590e+00
8.500000000000000000e+02 1.790940523147583008e+00
8.510000000000000000e+02 1.829263687133789062e+00
8.520000000000000000e+02 1.793154358863830566e+00
8.530000000000000000e+02 1.864372611045837402e+00
8.540000000000000000e+02 1.817319035530090332e+00
8.550000000000000000e+02 1.792016386985778809e+00
8.560000000000000000e+02 1.833889007568359375e+00
8.570000000000000000e+02 1.830384612083435059e+00
8.580000000000000000e+02 1.855990290641784668e+00
8.590000000000000000e+02 1.868165969848632812e+00
8.600000000000000000e+02 1.825737357139587402e+00
8.610000000000000000e+02 1.886984825134277344e+00
8.620000000000000000e+02 1.889039039611816406e+00
8.630000000000000000e+02 1.823583841323852539e+00
8.640000000000000000e+02 1.858530521392822266e+00
8.650000000000000000e+02 1.816795706748962402e+00
8.660000000000000000e+02 1.839654922485351562e+00
8.670000000000000000e+02 1.823042869567871094e+00
8.680000000000000000e+02 1.851269245147705078e+00
8.690000000000000000e+02 1.814250469207763672e+00
8.700000000000000000e+02 1.836114168167114258e+00
8.710000000000000000e+02 1.776345372200012207e+00
8.720000000000000000e+02 1.754744291305541992e+00
8.730000000000000000e+02 1.741049051284790039e+00
8.740000000000000000e+02 1.789230823516845703e+00
8.750000000000000000e+02 1.802933216094970703e+00
8.760000000000000000e+02 1.768126606941223145e+00
8.770000000000000000e+02 1.847416877746582031e+00
8.780000000000000000e+02 1.792526006698608398e+00
8.790000000000000000e+02 1.786380290985107422e+00
8.800000000000000000e+02 1.785633444786071777e+00
8.810000000000000000e+02 1.789265751838684082e+00
8.820000000000000000e+02 1.784554719924926758e+00
8.830000000000000000e+02 1.804942727088928223e+00
8.840000000000000000e+02 1.854689359664916992e+00
8.850000000000000000e+02 1.769214749336242676e+00
8.860000000000000000e+02 1.793800115585327148e+00
8.870000000000000000e+02 1.809711098670959473e+00
8.880000000000000000e+02 1.824302196502685547e+00
8.890000000000000000e+02 1.809762477874755859e+00
8.900000000000000000e+02 1.843668818473815918e+00
8.910000000000000000e+02 1.859949111938476562e+00
8.920000000000000000e+02 1.860739111900329590e+00
8.930000000000000000e+02 1.820534467697143555e+00
8.940000000000000000e+02 1.853539705276489258e+00
8.950000000000000000e+02 1.826863408088684082e+00
8.960000000000000000e+02 1.866978645324707031e+00
8.970000000000000000e+02 1.854485511779785156e+00
8.980000000000000000e+02 1.835276961326599121e+00
8.990000000000000000e+02 1.810976862907409668e+00
9.000000000000000000e+02 1.848002672195434570e+00
9.010000000000000000e+02 1.798830747604370117e+00
9.020000000000000000e+02 1.870921850204467773e+00
9.030000000000000000e+02 1.832322835922241211e+00
9.040000000000000000e+02 1.856116294860839844e+00
9.050000000000000000e+02 1.838982462882995605e+00
9.060000000000000000e+02 1.825034976005554199e+00
9.070000000000000000e+02 1.825575113296508789e+00
9.080000000000000000e+02 1.853887796401977539e+00
9.090000000000000000e+02 1.832320928573608398e+00
9.100000000000000000e+02 1.779271960258483887e+00
9.110000000000000000e+02 1.800550103187561035e+00
9.120000000000000000e+02 1.890047073364257812e+00
9.130000000000000000e+02 1.860985994338989258e+00
9.140000000000000000e+02 1.842883586883544922e+00
9.150000000000000000e+02 1.846914649009704590e+00
9.160000000000000000e+02 1.868997812271118164e+00
9.170000000000000000e+02 1.829580307006835938e+00
9.180000000000000000e+02 1.856337189674377441e+00
9.190000000000000000e+02 1.802240610122680664e+00
9.200000000000000000e+02 1.850939869880676270e+00
9.210000000000000000e+02 1.854278206825256348e+00
9.220000000000000000e+02 1.824145197868347168e+00
9.230000000000000000e+02 1.815184593200683594e+00
9.240000000000000000e+02 1.819947481155395508e+00
9.250000000000000000e+02 1.821643114089965820e+00
9.260000000000000000e+02 1.819301962852478027e+00
9.270000000000000000e+02 1.858859777450561523e+00
9.280000000000000000e+02 1.829547405242919922e+00
9.290000000000000000e+02 1.853054523468017578e+00
9.300000000000000000e+02 1.854526400566101074e+00
9.310000000000000000e+02 1.856219887733459473e+00
9.320000000000000000e+02 1.797660112380981445e+00
9.330000000000000000e+02 1.825381755828857422e+00
9.340000000000000000e+02 1.795151352882385254e+00
9.350000000000000000e+02 1.794032931327819824e+00
9.360000000000000000e+02 1.798450589179992676e+00
9.370000000000000000e+02 1.807273983955383301e+00
9.380000000000000000e+02 1.820793867111206055e+00
9.390000000000000000e+02 1.814565658569335938e+00
9.400000000000000000e+02 1.839878320693969727e+00
9.410000000000000000e+02 1.835685372352600098e+00
9.420000000000000000e+02 1.877532482147216797e+00
9.430000000000000000e+02 1.846843004226684570e+00
9.440000000000000000e+02 1.819309711456298828e+00
9.450000000000000000e+02 1.863358736038208008e+00
9.460000000000000000e+02 1.802998185157775879e+00
9.470000000000000000e+02 1.803192496299743652e+00
9.480000000000000000e+02 1.857269525527954102e+00
9.490000000000000000e+02 1.885738611221313477e+00
9.500000000000000000e+02 1.899629592895507812e+00
9.510000000000000000e+02 1.886165142059326172e+00
9.520000000000000000e+02 1.844508290290832520e+00
9.530000000000000000e+02 1.869550347328186035e+00
9.540000000000000000e+02 1.847641348838806152e+00
9.550000000000000000e+02 1.851571083068847656e+00
9.560000000000000000e+02 1.862038016319274902e+00
9.570000000000000000e+02 1.867456197738647461e+00
9.580000000000000000e+02 1.818526148796081543e+00
9.590000000000000000e+02 1.825528979301452637e+00
9.600000000000000000e+02 1.842535614967346191e+00
9.610000000000000000e+02 1.831971883773803711e+00
9.620000000000000000e+02 1.796275496482849121e+00
9.630000000000000000e+02 1.852456569671630859e+00
9.640000000000000000e+02 1.824239015579223633e+00
9.650000000000000000e+02 1.877650618553161621e+00
9.660000000000000000e+02 1.795650482177734375e+00
9.670000000000000000e+02 1.806033849716186523e+00
9.680000000000000000e+02 1.795970201492309570e+00
9.690000000000000000e+02 1.848377704620361328e+00
9.700000000000000000e+02 1.844362974166870117e+00
9.710000000000000000e+02 1.814737915992736816e+00
9.720000000000000000e+02 1.785440802574157715e+00
9.730000000000000000e+02 1.833607673645019531e+00
9.740000000000000000e+02 1.791645407676696777e+00
9.750000000000000000e+02 1.817043662071228027e+00
9.760000000000000000e+02 1.779465675354003906e+00
9.770000000000000000e+02 1.827667951583862305e+00
9.780000000000000000e+02 1.875644207000732422e+00
9.790000000000000000e+02 1.900485277175903320e+00
9.800000000000000000e+02 1.844493627548217773e+00
9.810000000000000000e+02 1.878860712051391602e+00
9.820000000000000000e+02 1.846095800399780273e+00
9.830000000000000000e+02 1.855705142021179199e+00
9.840000000000000000e+02 1.861027002334594727e+00
9.850000000000000000e+02 1.880980968475341797e+00
9.860000000000000000e+02 1.883828878402709961e+00
9.870000000000000000e+02 1.827815771102905273e+00
9.880000000000000000e+02 1.810277581214904785e+00
9.890000000000000000e+02 1.872259616851806641e+00
9.900000000000000000e+02 1.887067914009094238e+00
9.910000000000000000e+02 1.894596815109252930e+00
9.920000000000000000e+02 1.899552583694458008e+00
9.930000000000000000e+02 1.819700360298156738e+00
9.940000000000000000e+02 1.813812017440795898e+00
9.950000000000000000e+02 1.890927553176879883e+00
9.960000000000000000e+02 1.933131694793701172e+00
9.970000000000000000e+02 1.903692126274108887e+00
9.980000000000000000e+02 1.893832802772521973e+00
9.990000000000000000e+02 1.882912993431091309e+00
1.000000000000000000e+03 1.898166060447692871e+00
1.001000000000000000e+03 1.894730806350708008e+00
1.002000000000000000e+03 1.821931242942810059e+00
1.003000000000000000e+03 1.901217818260192871e+00
1.004000000000000000e+03 1.905415415763854980e+00
1.005000000000000000e+03 1.867362260818481445e+00
1.006000000000000000e+03 1.842837691307067871e+00
1.007000000000000000e+03 1.876514434814453125e+00
1.008000000000000000e+03 1.866048932075500488e+00
1.009000000000000000e+03 1.879153251647949219e+00
1.010000000000000000e+03 1.847033739089965820e+00
1.011000000000000000e+03 1.852861046791076660e+00
1.012000000000000000e+03 1.848927259445190430e+00
1.013000000000000000e+03 1.780473351478576660e+00
1.014000000000000000e+03 1.869371414184570312e+00
1.015000000000000000e+03 1.871734857559204102e+00
1.016000000000000000e+03 1.893127560615539551e+00
1.017000000000000000e+03 1.837275981903076172e+00
1.018000000000000000e+03 1.854339122772216797e+00
1.019000000000000000e+03 1.880231142044067383e+00
1.020000000000000000e+03 1.896361112594604492e+00
1.021000000000000000e+03 1.906583905220031738e+00
1.022000000000000000e+03 1.922697067260742188e+00
1.023000000000000000e+03 1.903970479965209961e+00
1.024000000000000000e+03 1.833102107048034668e+00
1.025000000000000000e+03 1.829546213150024414e+00
1.026000000000000000e+03 1.879188776016235352e+00
1.027000000000000000e+03 1.896225810050964355e+00
1.028000000000000000e+03 1.842290878295898438e+00
1.029000000000000000e+03 1.887259721755981445e+00
1.030000000000000000e+03 1.920772790908813477e+00
1.031000000000000000e+03 1.905222773551940918e+00
1.032000000000000000e+03 1.908136129379272461e+00
1.033000000000000000e+03 1.892896175384521484e+00
1.034000000000000000e+03 1.894120454788208008e+00
1.035000000000000000e+03 1.931342959403991699e+00
1.036000000000000000e+03 1.877445459365844727e+00
1.037000000000000000e+03 1.926243662834167480e+00
1.038000000000000000e+03 1.891242027282714844e+00
1.039000000000000000e+03 1.887550830841064453e+00
1.040000000000000000e+03 1.880023717880249023e+00
1.041000000000000000e+03 1.855532050132751465e+00
1.042000000000000000e+03 1.858791351318359375e+00
1.043000000000000000e+03 1.851539134979248047e+00
1.044000000000000000e+03 1.828710794448852539e+00
1.045000000000000000e+03 1.813604474067687988e+00
1.046000000000000000e+03 1.784964561462402344e+00
1.047000000000000000e+03 1.821777582168579102e+00
1.048000000000000000e+03 1.790096640586853027e+00
1.049000000000000000e+03 1.795989036560058594e+00
1.050000000000000000e+03 1.815343022346496582e+00
1.051000000000000000e+03 1.842397928237915039e+00
1.052000000000000000e+03 1.803021907806396484e+00
1.053000000000000000e+03 1.867936849594116211e+00
1.054000000000000000e+03 1.865470051765441895e+00
1.055000000000000000e+03 1.854627847671508789e+00
1.056000000000000000e+03 1.838552713394165039e+00
1.057000000000000000e+03 1.875948429107666016e+00
1.058000000000000000e+03 1.811836600303649902e+00
1.059000000000000000e+03 1.850809812545776367e+00
1.060000000000000000e+03 1.889083147048950195e+00
1.061000000000000000e+03 1.859400153160095215e+00
1.062000000000000000e+03 1.852320909500122070e+00
1.063000000000000000e+03 1.824942827224731445e+00
1.064000000000000000e+03 1.901135206222534180e+00
1.065000000000000000e+03 1.842731595039367676e+00
1.066000000000000000e+03 1.897376894950866699e+00
1.067000000000000000e+03 1.889429092407226562e+00
1.068000000000000000e+03 1.847470045089721680e+00
1.069000000000000000e+03 1.885813236236572266e+00
1.070000000000000000e+03 1.893175125122070312e+00
1.071000000000000000e+03 1.852264404296875000e+00
1.072000000000000000e+03 1.861006498336791992e+00
1.073000000000000000e+03 1.902407765388488770e+00
1.074000000000000000e+03 1.868184924125671387e+00
1.075000000000000000e+03 1.914299726486206055e+00
1.076000000000000000e+03 1.837848663330078125e+00
1.077000000000000000e+03 1.901344060897827148e+00
1.078000000000000000e+03 1.872084140777587891e+00
1.079000000000000000e+03 1.880007028579711914e+00
1.080000000000000000e+03 1.890878200531005859e+00
1.081000000000000000e+03 1.907424330711364746e+00
1.082000000000000000e+03 1.930857658386230469e+00
1.083000000000000000e+03 1.895868778228759766e+00
1.084000000000000000e+03 1.908456802368164062e+00
1.085000000000000000e+03 1.873368978500366211e+00
1.086000000000000000e+03 1.935602188110351562e+00
1.087000000000000000e+03 1.913957595825195312e+00
1.088000000000000000e+03 1.861170291900634766e+00
1.089000000000000000e+03 1.852140188217163086e+00
1.090000000000000000e+03 1.874827146530151367e+00
1.091000000000000000e+03 1.880144119262695312e+00
1.092000000000000000e+03 1.868484377861022949e+00
1.093000000000000000e+03 1.840763807296752930e+00
1.094000000000000000e+03 1.838518619537353516e+00
1.095000000000000000e+03 1.826074600219726562e+00
1.096000000000000000e+03 1.851752281188964844e+00
1.097000000000000000e+03 1.895940899848937988e+00
1.098000000000000000e+03 1.869680643081665039e+00
1.099000000000000000e+03 1.860025405883789062e+00
1.100000000000000000e+03 1.873654723167419434e+00
1.101000000000000000e+03 1.871359944343566895e+00
1.102000000000000000e+03 1.841226100921630859e+00
1.103000000000000000e+03 1.843229413032531738e+00
1.104000000000000000e+03 1.852041959762573242e+00
1.105000000000000000e+03 1.883842587471008301e+00
1.106000000000000000e+03 1.854287266731262207e+00
1.107000000000000000e+03 1.786310434341430664e+00
1.108000000000000000e+03 1.830315470695495605e+00
1.109000000000000000e+03 1.831196069717407227e+00
1.110000000000000000e+03 1.863222837448120117e+00
1.111000000000000000e+03 1.787640333175659180e+00
1.112000000000000000e+03 1.853320598602294922e+00
1.113000000000000000e+03 1.786573052406311035e+00
1.114000000000000000e+03 1.849959611892700195e+00
1.115000000000000000e+03 1.855219244956970215e+00
1.116000000000000000e+03 1.851646184921264648e+00
1.117000000000000000e+03 1.819867134094238281e+00
1.118000000000000000e+03 1.858551263809204102e+00
1.119000000000000000e+03 1.861941337585449219e+00
1.120000000000000000e+03 1.894173383712768555e+00
1.121000000000000000e+03 1.870450377464294434e+00
1.122000000000000000e+03 1.812890529632568359e+00
1.123000000000000000e+03 1.872337341308593750e+00
1.124000000000000000e+03 1.833758831024169922e+00
1.125000000000000000e+03 1.835590243339538574e+00
1.126000000000000000e+03 1.824482560157775879e+00
1.127000000000000000e+03 1.882677316665649414e+00
1.128000000000000000e+03 1.851639866828918457e+00
1.129000000000000000e+03 1.830801725387573242e+00
1.130000000000000000e+03 1.843007326126098633e+00
1.131000000000000000e+03 1.829274177551269531e+00
1.132000000000000000e+03 1.803791999816894531e+00
1.133000000000000000e+03 1.836717844009399414e+00
1.134000000000000000e+03 1.786709308624267578e+00
1.135000000000000000e+03 1.822812557220458984e+00
1.136000000000000000e+03 1.806362986564636230e+00
1.137000000000000000e+03 1.844093441963195801e+00
1.138000000000000000e+03 1.879837036132812500e+00
1.139000000000000000e+03 1.900696992874145508e+00
1.140000000000000000e+03 1.870044946670532227e+00
1.141000000000000000e+03 1.922984719276428223e+00
1.142000000000000000e+03 1.874939084053039551e+00
1.143000000000000000e+03 1.830162525177001953e+00
1.144000000000000000e+03 1.872548818588256836e+00
1.145000000000000000e+03 1.911060452461242676e+00
1.146000000000000000e+03 1.873640537261962891e+00
1.147000000000000000e+03 1.857609391212463379e+00
1.148000000000000000e+03 1.857313632965087891e+00
1.149000000000000000e+03 1.879625439643859863e+00
1.150000000000000000e+03 1.881839156150817871e+00
1.151000000000000000e+03 1.849541902542114258e+00
1.152000000000000000e+03 1.807627797126770020e+00
1.153000000000000000e+03 1.846585035324096680e+00
1.154000000000000000e+03 1.877470254898071289e+00
1.155000000000000000e+03 1.861839532852172852e+00
1.156000000000000000e+03 1.857995986938476562e+00
1.157000000000000000e+03 1.841341018676757812e+00
1.158000000000000000e+03 1.892554759979248047e+00
1.159000000000000000e+03 1.857926130294799805e+00
1.160000000000000000e+03 1.834038138389587402e+00
1.161000000000000000e+03 1.856879234313964844e+00
1.162000000000000000e+03 1.840357542037963867e+00
1.163000000000000000e+03 1.837063789367675781e+00
1.164000000000000000e+03 1.835118293762207031e+00
1.165000000000000000e+03 1.873401880264282227e+00
1.166000000000000000e+03 1.858332514762878418e+00
1.167000000000000000e+03 1.902509808540344238e+00
1.168000000000000000e+03 1.849683761596679688e+00
1.169000000000000000e+03 1.884715914726257324e+00
1.170000000000000000e+03 1.846059560775756836e+00
1.171000000000000000e+03 1.822521686553955078e+00
1.172000000000000000e+03 1.817777991294860840e+00
1.173000000000000000e+03 1.913116455078125000e+00
1.174000000000000000e+03 1.833751201629638672e+00
1.175000000000000000e+03 1.836599707603454590e+00
1.176000000000000000e+03 1.891228795051574707e+00
1.177000000000000000e+03 1.835253119468688965e+00
1.178000000000000000e+03 1.792012929916381836e+00
1.179000000000000000e+03 1.834882497787475586e+00
1.180000000000000000e+03 1.824924945831298828e+00
1.181000000000000000e+03 1.851740360260009766e+00
1.182000000000000000e+03 1.796169996261596680e+00
1.183000000000000000e+03 1.822347640991210938e+00
1.184000000000000000e+03 1.884258389472961426e+00
1.185000000000000000e+03 1.889015793800354004e+00
1.186000000000000000e+03 1.823475837707519531e+00
1.187000000000000000e+03 1.853348970413208008e+00
1.188000000000000000e+03 1.813683271408081055e+00
1.189000000000000000e+03 1.765694856643676758e+00
1.190000000000000000e+03 1.781345367431640625e+00
1.191000000000000000e+03 1.775794148445129395e+00
1.192000000000000000e+03 1.882042169570922852e+00
1.193000000000000000e+03 1.802058339118957520e+00
1.194000000000000000e+03 1.765185117721557617e+00
1.195000000000000000e+03 1.782507658004760742e+00
1.196000000000000000e+03 1.813015818595886230e+00
1.197000000000000000e+03 1.828095197677612305e+00
1.198000000000000000e+03 1.794159770011901855e+00
1.199000000000000000e+03 1.771587014198303223e+00
1.200000000000000000e+03 1.791651368141174316e+00
1.201000000000000000e+03 1.783945083618164062e+00
1.202000000000000000e+03 1.777347922325134277e+00
1.203000000000000000e+03 1.824243307113647461e+00
1.204000000000000000e+03 1.755501508712768555e+00
1.205000000000000000e+03 1.776632785797119141e+00
1.206000000000000000e+03 1.743236541748046875e+00
1.207000000000000000e+03 1.782421350479125977e+00
1.208000000000000000e+03 1.771862626075744629e+00
1.209000000000000000e+03 1.763446569442749023e+00
1.210000000000000000e+03 1.768387436866760254e+00
1.211000000000000000e+03 1.756480932235717773e+00
1.212000000000000000e+03 1.772475361824035645e+00
1.213000000000000000e+03 1.726886391639709473e+00
1.214000000000000000e+03 1.814272165298461914e+00
1.215000000000000000e+03 1.763006687164306641e+00
1.216000000000000000e+03 1.780386209487915039e+00
1.217000000000000000e+03 1.770541310310363770e+00
1.218000000000000000e+03 1.790172576904296875e+00
1.219000000000000000e+03 1.812306642532348633e+00
1.220000000000000000e+03 1.791539669036865234e+00
1.221000000000000000e+03 1.805092453956604004e+00
1.222000000000000000e+03 1.780587434768676758e+00
1.223000000000000000e+03 1.854852437973022461e+00
1.224000000000000000e+03 1.812037110328674316e+00
1.225000000000000000e+03 1.767605543136596680e+00
1.226000000000000000e+03 1.790617823600769043e+00
1.227000000000000000e+03 1.792018294334411621e+00
1.228000000000000000e+03 1.826352477073669434e+00
1.229000000000000000e+03 1.787650942802429199e+00
1.230000000000000000e+03 1.807212829589843750e+00
1.231000000000000000e+03 1.788265466690063477e+00
1.232000000000000000e+03 1.826783061027526855e+00
1.233000000000000000e+03 1.810513257980346680e+00
1.234000000000000000e+03 1.872565507888793945e+00
1.235000000000000000e+03 1.841982007026672363e+00
1.236000000000000000e+03 1.794498801231384277e+00
1.237000000000000000e+03 1.868738532066345215e+00
1.238000000000000000e+03 1.855800390243530273e+00
1.239000000000000000e+03 1.792948246002197266e+00
1.240000000000000000e+03 1.795892834663391113e+00
1.241000000000000000e+03 1.821737527847290039e+00
1.242000000000000000e+03 1.781011819839477539e+00
1.243000000000000000e+03 1.763484954833984375e+00
1.244000000000000000e+03 1.801884651184082031e+00
1.245000000000000000e+03 1.771679997444152832e+00
1.246000000000000000e+03 1.792084336280822754e+00
1.247000000000000000e+03 1.826044201850891113e+00
1.248000000000000000e+03 1.865916490554809570e+00
1.249000000000000000e+03 1.836533784866333008e+00
1.250000000000000000e+03 1.841001391410827637e+00
1.251000000000000000e+03 1.864233732223510742e+00
1.252000000000000000e+03 1.849865913391113281e+00
1.253000000000000000e+03 1.847833395004272461e+00
1.254000000000000000e+03 1.835198402404785156e+00
1.255000000000000000e+03 1.849504828453063965e+00
1.256000000000000000e+03 1.814120888710021973e+00
1.257000000000000000e+03 1.834521889686584473e+00
1.258000000000000000e+03 1.857157230377197266e+00
1.259000000000000000e+03 1.804230570793151855e+00
1.260000000000000000e+03 1.816246151924133301e+00
1.261000000000000000e+03 1.865236759185791016e+00
1.262000000000000000e+03 1.864423394203186035e+00
1.263000000000000000e+03 1.899604439735412598e+00
1.264000000000000000e+03 1.883660912513732910e+00
1.265000000000000000e+03 1.899654746055603027e+00
1.266000000000000000e+03 1.896367788314819336e+00
1.267000000000000000e+03 1.941899657249450684e+00
1.268000000000000000e+03 1.903944253921508789e+00
1.269000000000000000e+03 1.920247554779052734e+00
1.270000000000000000e+03 1.896396160125732422e+00
1.271000000000000000e+03 1.877167105674743652e+00
1.272000000000000000e+03 1.892430782318115234e+00
1.273000000000000000e+03 1.856871366500854492e+00
1.274000000000000000e+03 1.853057742118835449e+00
1.275000000000000000e+03 1.856448650360107422e+00
1.276000000000000000e+03 1.858665466308593750e+00
1.277000000000000000e+03 1.809668302536010742e+00
1.278000000000000000e+03 1.850570559501647949e+00
1.279000000000000000e+03 1.880554199218750000e+00
1.280000000000000000e+03 1.898824810981750488e+00
1.281000000000000000e+03 1.869129776954650879e+00
1.282000000000000000e+03 1.860916972160339355e+00
1.283000000000000000e+03 1.797375202178955078e+00
1.284000000000000000e+03 1.828010559082031250e+00
1.285000000000000000e+03 1.733422160148620605e+00
1.286000000000000000e+03 1.820263385772705078e+00
1.287000000000000000e+03 1.836107015609741211e+00
1.288000000000000000e+03 1.818752765655517578e+00
1.289000000000000000e+03 1.874307394027709961e+00
1.290000000000000000e+03 1.895450353622436523e+00
1.291000000000000000e+03 1.894579887390136719e+00
1.292000000000000000e+03 1.898666501045227051e+00
1.293000000000000000e+03 1.882897377014160156e+00
1.294000000000000000e+03 1.854062557220458984e+00
1.295000000000000000e+03 1.875733613967895508e+00
1.296000000000000000e+03 1.844725728034973145e+00
1.297000000000000000e+03 1.871784448623657227e+00
1.298000000000000000e+03 1.880572438240051270e+00
1.299000000000000000e+03 1.951467394828796387e+00
1.300000000000000000e+03 1.921523213386535645e+00
1.301000000000000000e+03 1.946793556213378906e+00
1.302000000000000000e+03 1.936446547508239746e+00
1.303000000000000000e+03 1.887118697166442871e+00
1.304000000000000000e+03 1.912635803222656250e+00
1.305000000000000000e+03 1.934919476509094238e+00
1.306000000000000000e+03 1.938537359237670898e+00
1.307000000000000000e+03 1.882897257804870605e+00
1.308000000000000000e+03 1.956619501113891602e+00
1.309000000000000000e+03 1.864044189453125000e+00
1.310000000000000000e+03 1.914794921875000000e+00
1.311000000000000000e+03 1.910504698753356934e+00
1.312000000000000000e+03 1.912403583526611328e+00
1.313000000000000000e+03 1.926670074462890625e+00
1.314000000000000000e+03 1.937404394149780273e+00
1.315000000000000000e+03 1.863309741020202637e+00
1.316000000000000000e+03 1.931981205940246582e+00
1.317000000000000000e+03 1.903861165046691895e+00
1.318000000000000000e+03 1.903894662857055664e+00
1.319000000000000000e+03 1.856190562248229980e+00
1.320000000000000000e+03 1.856841921806335449e+00
1.321000000000000000e+03 1.858767271041870117e+00
1.322000000000000000e+03 1.883534550666809082e+00
1.323000000000000000e+03 1.861980915069580078e+00
1.324000000000000000e+03 1.879023313522338867e+00
1.325000000000000000e+03 1.858479022979736328e+00
1.326000000000000000e+03 1.832336068153381348e+00
1.327000000000000000e+03 1.880549907684326172e+00
1.328000000000000000e+03 1.864164471626281738e+00
1.329000000000000000e+03 1.899592757225036621e+00
1.330000000000000000e+03 1.890049099922180176e+00
1.331000000000000000e+03 1.867773056030273438e+00
1.332000000000000000e+03 1.837276220321655273e+00
1.333000000000000000e+03 1.843730330467224121e+00
1.334000000000000000e+03 1.877121806144714355e+00
1.335000000000000000e+03 1.865964651107788086e+00
1.336000000000000000e+03 1.846107363700866699e+00
1.337000000000000000e+03 1.841870427131652832e+00
1.338000000000000000e+03 1.820325970649719238e+00
1.339000000000000000e+03 1.818367600440979004e+00
1.340000000000000000e+03 1.807110071182250977e+00
1.341000000000000000e+03 1.791962623596191406e+00
1.342000000000000000e+03 1.834849596023559570e+00
1.343000000000000000e+03 1.805734276771545410e+00
1.344000000000000000e+03 1.808449745178222656e+00
1.345000000000000000e+03 1.751102209091186523e+00
1.346000000000000000e+03 1.781091690063476562e+00
1.347000000000000000e+03 1.772045612335205078e+00
1.348000000000000000e+03 1.732998132705688477e+00
1.349000000000000000e+03 1.763983249664306641e+00
1.350000000000000000e+03 1.772307991981506348e+00
1.351000000000000000e+03 1.806011438369750977e+00
1.352000000000000000e+03 1.761438369750976562e+00
1.353000000000000000e+03 1.801057577133178711e+00
1.354000000000000000e+03 1.833291172981262207e+00
1.355000000000000000e+03 1.829330086708068848e+00
1.356000000000000000e+03 1.816604018211364746e+00
1.357000000000000000e+03 1.797698855400085449e+00
1.358000000000000000e+03 1.797587394714355469e+00
1.359000000000000000e+03 1.839661955833435059e+00
1.360000000000000000e+03 1.823515653610229492e+00
1.361000000000000000e+03 1.801704764366149902e+00
1.362000000000000000e+03 1.832767963409423828e+00
1.363000000000000000e+03 1.808374524116516113e+00
1.364000000000000000e+03 1.819437742233276367e+00
1.365000000000000000e+03 1.814911007881164551e+00
1.366000000000000000e+03 1.831662535667419434e+00
1.367000000000000000e+03 1.806450128555297852e+00
1.368000000000000000e+03 1.811768174171447754e+00
1.369000000000000000e+03 1.822162508964538574e+00
1.370000000000000000e+03 1.790634274482727051e+00
1.371000000000000000e+03 1.771303772926330566e+00
1.372000000000000000e+03 1.697691082954406738e+00
1.373000000000000000e+03 1.748206019401550293e+00
1.374000000000000000e+03 1.821144104003906250e+00
1.375000000000000000e+03 1.773249745368957520e+00
1.376000000000000000e+03 1.802086949348449707e+00
1.377000000000000000e+03 1.800308227539062500e+00
1.378000000000000000e+03 1.810472249984741211e+00
1.379000000000000000e+03 1.793399572372436523e+00
1.380000000000000000e+03 1.777462363243103027e+00
1.381000000000000000e+03 1.791717052459716797e+00
1.382000000000000000e+03 1.794424653053283691e+00
1.383000000000000000e+03 1.729427576065063477e+00
1.384000000000000000e+03 1.719176769256591797e+00
1.385000000000000000e+03 1.786593794822692871e+00
1.386000000000000000e+03 1.792121767997741699e+00
1.387000000000000000e+03 1.775228381156921387e+00
1.388000000000000000e+03 1.739627122879028320e+00
1.389000000000000000e+03 1.743554592132568359e+00
1.390000000000000000e+03 1.760895967483520508e+00
1.391000000000000000e+03 1.761721968650817871e+00
1.392000000000000000e+03 1.747245311737060547e+00
1.393000000000000000e+03 1.788644313812255859e+00
1.394000000000000000e+03 1.781992077827453613e+00
1.395000000000000000e+03 1.774657368659973145e+00
1.396000000000000000e+03 1.749761581420898438e+00
1.397000000000000000e+03 1.766247153282165527e+00
1.398000000000000000e+03 1.747858524322509766e+00
1.399000000000000000e+03 1.739908814430236816e+00
1.400000000000000000e+03 1.796740055084228516e+00
1.401000000000000000e+03 1.747164964675903320e+00
1.402000000000000000e+03 1.786686778068542480e+00
1.403000000000000000e+03 1.749246120452880859e+00
1.404000000000000000e+03 1.785354733467102051e+00
1.405000000000000000e+03 1.755699276924133301e+00
1.406000000000000000e+03 1.734997510910034180e+00
1.407000000000000000e+03 1.729147434234619141e+00
1.408000000000000000e+03 1.735381841659545898e+00
1.409000000000000000e+03 1.770948529243469238e+00
1.410000000000000000e+03 1.808440804481506348e+00
1.411000000000000000e+03 1.774835467338562012e+00
1.412000000000000000e+03 1.807058930397033691e+00
1.413000000000000000e+03 1.794500589370727539e+00
1.414000000000000000e+03 1.804645776748657227e+00
1.415000000000000000e+03 1.807856917381286621e+00
1.416000000000000000e+03 1.856884479522705078e+00
1.417000000000000000e+03 1.813426733016967773e+00
1.418000000000000000e+03 1.799403429031372070e+00
1.419000000000000000e+03 1.782879233360290527e+00
1.420000000000000000e+03 1.818474292755126953e+00
1.421000000000000000e+03 1.807860732078552246e+00
1.422000000000000000e+03 1.756884574890136719e+00
1.423000000000000000e+03 1.792258858680725098e+00
1.424000000000000000e+03 1.809119343757629395e+00
1.425000000000000000e+03 1.768686413764953613e+00
1.426000000000000000e+03 1.749067068099975586e+00
1.427000000000000000e+03 1.795007705688476562e+00
1.428000000000000000e+03 1.774375438690185547e+00
1.429000000000000000e+03 1.802771687507629395e+00
1.430000000000000000e+03 1.820236563682556152e+00
1.431000000000000000e+03 1.792624473571777344e+00
1.432000000000000000e+03 1.832327365875244141e+00
1.433000000000000000e+03 1.833548665046691895e+00
1.434000000000000000e+03 1.832282900810241699e+00
1.435000000000000000e+03 1.800101637840270996e+00
1.436000000000000000e+03 1.791190981864929199e+00
1.437000000000000000e+03 1.766703963279724121e+00
1.438000000000000000e+03 1.798541903495788574e+00
1.439000000000000000e+03 1.797886013984680176e+00
1.440000000000000000e+03 1.767431974411010742e+00
1.441000000000000000e+03 1.785298109054565430e+00
1.442000000000000000e+03 1.781234264373779297e+00
1.443000000000000000e+03 1.770122528076171875e+00
1.444000000000000000e+03 1.795772433280944824e+00
1.445000000000000000e+03 1.780883431434631348e+00
1.446000000000000000e+03 1.748339295387268066e+00
1.447000000000000000e+03 1.829405307769775391e+00
1.448000000000000000e+03 1.794165134429931641e+00
1.449000000000000000e+03 1.797023892402648926e+00
1.450000000000000000e+03 1.799647092819213867e+00
1.451000000000000000e+03 1.766354799270629883e+00
1.452000000000000000e+03 1.811103940010070801e+00
1.453000000000000000e+03 1.788627982139587402e+00
1.454000000000000000e+03 1.810901045799255371e+00
1.455000000000000000e+03 1.765432119369506836e+00
1.456000000000000000e+03 1.792651176452636719e+00
1.457000000000000000e+03 1.839658498764038086e+00
1.458000000000000000e+03 1.829544901847839355e+00
1.459000000000000000e+03 1.791631102561950684e+00
1.460000000000000000e+03 1.796896815299987793e+00
1.461000000000000000e+03 1.783928394317626953e+00
1.462000000000000000e+03 1.815225124359130859e+00
1.463000000000000000e+03 1.838128805160522461e+00
1.464000000000000000e+03 1.805479645729064941e+00
1.465000000000000000e+03 1.841417789459228516e+00
1.466000000000000000e+03 1.779050350189208984e+00
1.467000000000000000e+03 1.814046144485473633e+00
1.468000000000000000e+03 1.826073169708251953e+00
1.469000000000000000e+03 1.826822400093078613e+00
1.470000000000000000e+03 1.797818899154663086e+00
1.471000000000000000e+03 1.780208230018615723e+00
1.472000000000000000e+03 1.792601108551025391e+00
1.473000000000000000e+03 1.781170725822448730e+00
1.474000000000000000e+03 1.828189849853515625e+00
1.475000000000000000e+03 1.791634440422058105e+00
1.476000000000000000e+03 1.805664300918579102e+00
1.477000000000000000e+03 1.809316158294677734e+00
1.478000000000000000e+03 1.812182545661926270e+00
1.479000000000000000e+03 1.787260055541992188e+00
1.480000000000000000e+03 1.763458847999572754e+00
1.481000000000000000e+03 1.779635190963745117e+00
1.482000000000000000e+03 1.772884011268615723e+00
1.483000000000000000e+03 1.735444307327270508e+00
1.484000000000000000e+03 1.769116759300231934e+00
1.485000000000000000e+03 1.806150555610656738e+00
1.486000000000000000e+03 1.766260266304016113e+00
1.487000000000000000e+03 1.816045284271240234e+00
1.488000000000000000e+03 1.793659806251525879e+00
1.489000000000000000e+03 1.795770049095153809e+00
1.490000000000000000e+03 1.798645496368408203e+00
1.491000000000000000e+03 1.804147243499755859e+00
1.492000000000000000e+03 1.782592058181762695e+00
1.493000000000000000e+03 1.806255578994750977e+00
1.494000000000000000e+03 1.806995153427124023e+00
1.495000000000000000e+03 1.807052969932556152e+00
1.496000000000000000e+03 1.817869067192077637e+00
1.497000000000000000e+03 1.810553908348083496e+00
1.498000000000000000e+03 1.794503927230834961e+00
1.499000000000000000e+03 1.783423066139221191e+00
1.500000000000000000e+03 1.804624319076538086e+00
1.501000000000000000e+03 1.785745739936828613e+00
1.502000000000000000e+03 1.751874208450317383e+00
1.503000000000000000e+03 1.765478849411010742e+00
1.504000000000000000e+03 1.717861771583557129e+00
1.505000000000000000e+03 1.740203499794006348e+00
1.506000000000000000e+03 1.786569714546203613e+00
1.507000000000000000e+03 1.731287479400634766e+00
1.508000000000000000e+03 1.758651971817016602e+00
1.509000000000000000e+03 1.765923261642456055e+00
1.510000000000000000e+03 1.720917582511901855e+00
1.511000000000000000e+03 1.745858907699584961e+00
1.512000000000000000e+03 1.746342420578002930e+00
1.513000000000000000e+03 1.764044880867004395e+00
1.514000000000000000e+03 1.728107213973999023e+00
1.515000000000000000e+03 1.768507957458496094e+00
1.516000000000000000e+03 1.753195285797119141e+00
1.517000000000000000e+03 1.760690331459045410e+00
1.518000000000000000e+03 1.809322834014892578e+00
1.519000000000000000e+03 1.753578066825866699e+00
1.520000000000000000e+03 1.752816200256347656e+00
1.521000000000000000e+03 1.728059530258178711e+00
1.522000000000000000e+03 1.778842091560363770e+00
1.523000000000000000e+03 1.763111352920532227e+00
1.524000000000000000e+03 1.790132761001586914e+00
1.525000000000000000e+03 1.792519569396972656e+00
1.526000000000000000e+03 1.810115218162536621e+00
1.527000000000000000e+03 1.784236311912536621e+00
1.528000000000000000e+03 1.748710513114929199e+00
1.529000000000000000e+03 1.769256353378295898e+00
1.530000000000000000e+03 1.708154439926147461e+00
1.531000000000000000e+03 1.750959157943725586e+00
1.532000000000000000e+03 1.763352990150451660e+00
1.533000000000000000e+03 1.754796624183654785e+00
1.534000000000000000e+03 1.742178797721862793e+00
1.535000000000000000e+03 1.810302734375000000e+00
1.536000000000000000e+03 1.811095595359802246e+00
1.537000000000000000e+03 1.809480786323547363e+00
1.538000000000000000e+03 1.781702041625976562e+00
1.539000000000000000e+03 1.783861756324768066e+00
1.540000000000000000e+03 1.774907946586608887e+00
1.541000000000000000e+03 1.731969714164733887e+00
1.542000000000000000e+03 1.751309275627136230e+00
1.543000000000000000e+03 1.748486280441284180e+00
1.544000000000000000e+03 1.798489809036254883e+00
1.545000000000000000e+03 1.773784518241882324e+00
1.546000000000000000e+03 1.774358868598937988e+00
1.547000000000000000e+03 1.765310406684875488e+00
1.548000000000000000e+03 1.760216712951660156e+00
1.549000000000000000e+03 1.775848865509033203e+00
1.550000000000000000e+03 1.723863720893859863e+00
1.551000000000000000e+03 1.776834130287170410e+00
1.552000000000000000e+03 1.792979955673217773e+00
1.553000000000000000e+03 1.822765469551086426e+00
1.554000000000000000e+03 1.797150731086730957e+00
1.555000000000000000e+03 1.804428219795227051e+00
1.556000000000000000e+03 1.801025271415710449e+00
1.557000000000000000e+03 1.831670165061950684e+00
1.558000000000000000e+03 1.859277248382568359e+00
1.559000000000000000e+03 1.835804343223571777e+00
1.560000000000000000e+03 1.807171344757080078e+00
1.561000000000000000e+03 1.796489357948303223e+00
1.562000000000000000e+03 1.807503938674926758e+00
1.563000000000000000e+03 1.803866505622863770e+00
1.564000000000000000e+03 1.791351914405822754e+00
1.565000000000000000e+03 1.808861613273620605e+00
1.566000000000000000e+03 1.823964834213256836e+00
1.567000000000000000e+03 1.748372077941894531e+00
1.568000000000000000e+03 1.741636037826538086e+00
1.569000000000000000e+03 1.778211355209350586e+00
1.570000000000000000e+03 1.784354805946350098e+00
1.571000000000000000e+03 1.798931598663330078e+00
1.572000000000000000e+03 1.809100985527038574e+00
1.573000000000000000e+03 1.761333465576171875e+00
1.574000000000000000e+03 1.732704162597656250e+00
1.575000000000000000e+03 1.737935781478881836e+00
1.576000000000000000e+03 1.758319616317749023e+00
1.577000000000000000e+03 1.773926377296447754e+00
1.578000000000000000e+03 1.798315048217773438e+00
1.579000000000000000e+03 1.845242023468017578e+00
1.580000000000000000e+03 1.736526012420654297e+00
1.581000000000000000e+03 1.771631479263305664e+00
1.582000000000000000e+03 1.755217552185058594e+00
1.583000000000000000e+03 1.785616159439086914e+00
1.584000000000000000e+03 1.830591440200805664e+00
1.585000000000000000e+03 1.801205158233642578e+00
1.586000000000000000e+03 1.819563388824462891e+00
1.587000000000000000e+03 1.803012609481811523e+00
1.588000000000000000e+03 1.809932470321655273e+00
1.589000000000000000e+03 1.799937844276428223e+00
1.590000000000000000e+03 1.756865978240966797e+00
1.591000000000000000e+03 1.810849905014038086e+00
1.592000000000000000e+03 1.801787137985229492e+00
1.593000000000000000e+03 1.824704647064208984e+00
1.594000000000000000e+03 1.776924133300781250e+00
1.595000000000000000e+03 1.816835045814514160e+00
1.596000000000000000e+03 1.868590593338012695e+00
1.597000000000000000e+03 1.792255997657775879e+00
1.598000000000000000e+03 1.818299531936645508e+00
1.599000000000000000e+03 1.801346421241760254e+00
1.600000000000000000e+03 1.796057105064392090e+00
1.601000000000000000e+03 1.782884478569030762e+00
1.602000000000000000e+03 1.827717065811157227e+00
1.603000000000000000e+03 1.780914187431335449e+00
1.604000000000000000e+03 1.796798944473266602e+00
1.605000000000000000e+03 1.832928419113159180e+00
1.606000000000000000e+03 1.791526675224304199e+00
1.607000000000000000e+03 1.777420282363891602e+00
1.608000000000000000e+03 1.748345971107482910e+00
1.609000000000000000e+03 1.781868219375610352e+00
1.610000000000000000e+03 1.785007476806640625e+00
1.611000000000000000e+03 1.765812158584594727e+00
1.612000000000000000e+03 1.781888961791992188e+00
1.613000000000000000e+03 1.772004723548889160e+00
1.614000000000000000e+03 1.816576004028320312e+00
1.615000000000000000e+03 1.780073881149291992e+00
1.616000000000000000e+03 1.841519951820373535e+00
1.617000000000000000e+03 1.858004093170166016e+00
1.618000000000000000e+03 1.856382608413696289e+00
1.619000000000000000e+03 1.821600914001464844e+00
1.620000000000000000e+03 1.851151466369628906e+00
1.621000000000000000e+03 1.844401597976684570e+00
1.622000000000000000e+03 1.839463472366333008e+00
1.623000000000000000e+03 1.835366845130920410e+00
1.624000000000000000e+03 1.862600445747375488e+00
1.625000000000000000e+03 1.853855013847351074e+00
1.626000000000000000e+03 1.862885594367980957e+00
1.627000000000000000e+03 1.841581821441650391e+00
1.628000000000000000e+03 1.780418157577514648e+00
1.629000000000000000e+03 1.826250553131103516e+00
1.630000000000000000e+03 1.810339212417602539e+00
1.631000000000000000e+03 1.853658437728881836e+00
1.632000000000000000e+03 1.827230215072631836e+00
1.633000000000000000e+03 1.823467731475830078e+00
1.634000000000000000e+03 1.826524972915649414e+00
1.635000000000000000e+03 1.892478346824645996e+00
1.636000000000000000e+03 1.872828364372253418e+00
1.637000000000000000e+03 1.854465365409851074e+00
1.638000000000000000e+03 1.865231156349182129e+00
1.639000000000000000e+03 1.891327142715454102e+00
1.640000000000000000e+03 1.862524032592773438e+00
1.641000000000000000e+03 1.902696371078491211e+00
1.642000000000000000e+03 1.947914361953735352e+00
1.643000000000000000e+03 1.943418622016906738e+00
1.644000000000000000e+03 1.916521549224853516e+00
1.645000000000000000e+03 1.913551568984985352e+00
1.646000000000000000e+03 1.904282808303833008e+00
1.647000000000000000e+03 1.887373805046081543e+00
1.648000000000000000e+03 1.890574455261230469e+00
1.649000000000000000e+03 1.910540819168090820e+00
1.650000000000000000e+03 1.863932490348815918e+00
1.651000000000000000e+03 1.909973621368408203e+00
1.652000000000000000e+03 1.879765272140502930e+00
1.653000000000000000e+03 1.807824254035949707e+00
1.654000000000000000e+03 1.829838633537292480e+00
1.655000000000000000e+03 1.819906234741210938e+00
1.656000000000000000e+03 1.903294324874877930e+00
1.657000000000000000e+03 1.886113882064819336e+00
1.658000000000000000e+03 1.875479459762573242e+00
1.659000000000000000e+03 1.837193727493286133e+00
1.660000000000000000e+03 1.814336538314819336e+00
1.661000000000000000e+03 1.838218688964843750e+00
1.662000000000000000e+03 1.829016685485839844e+00
1.663000000000000000e+03 1.846637487411499023e+00
1.664000000000000000e+03 1.805359721183776855e+00
1.665000000000000000e+03 1.837205648422241211e+00
1.666000000000000000e+03 1.818820953369140625e+00
1.667000000000000000e+03 1.826174855232238770e+00
1.668000000000000000e+03 1.829676270484924316e+00
1.669000000000000000e+03 1.782033085823059082e+00
1.670000000000000000e+03 1.807690739631652832e+00
1.671000000000000000e+03 1.827136993408203125e+00
1.672000000000000000e+03 1.827724933624267578e+00
1.673000000000000000e+03 1.864780426025390625e+00
1.674000000000000000e+03 1.845136880874633789e+00
1.675000000000000000e+03 1.872233867645263672e+00
1.676000000000000000e+03 1.830204844474792480e+00
1.677000000000000000e+03 1.792250633239746094e+00
1.678000000000000000e+03 1.864386677742004395e+00
1.679000000000000000e+03 1.839764714241027832e+00
1.680000000000000000e+03 1.794146060943603516e+00
1.681000000000000000e+03 1.835791230201721191e+00
1.682000000000000000e+03 1.776691913604736328e+00
1.683000000000000000e+03 1.783786773681640625e+00
1.684000000000000000e+03 1.799135804176330566e+00
1.685000000000000000e+03 1.800123214721679688e+00
1.686000000000000000e+03 1.791954517364501953e+00
1.687000000000000000e+03 1.799979805946350098e+00
1.688000000000000000e+03 1.846864461898803711e+00
1.689000000000000000e+03 1.812616944313049316e+00
1.690000000000000000e+03 1.833068370819091797e+00
1.691000000000000000e+03 1.816888213157653809e+00
1.692000000000000000e+03 1.860451936721801758e+00
1.693000000000000000e+03 1.859584331512451172e+00
1.694000000000000000e+03 1.827579736709594727e+00
1.695000000000000000e+03 1.847957253456115723e+00
1.696000000000000000e+03 1.867302298545837402e+00
1.697000000000000000e+03 1.852708220481872559e+00
1.698000000000000000e+03 1.815405130386352539e+00
1.699000000000000000e+03 1.794312715530395508e+00
1.700000000000000000e+03 1.800957083702087402e+00
1.701000000000000000e+03 1.798429846763610840e+00
1.702000000000000000e+03 1.832936406135559082e+00
1.703000000000000000e+03 1.829926609992980957e+00
1.704000000000000000e+03 1.894148826599121094e+00
1.705000000000000000e+03 1.834967494010925293e+00
1.706000000000000000e+03 1.807979583740234375e+00
1.707000000000000000e+03 1.815635800361633301e+00
1.708000000000000000e+03 1.825678825378417969e+00
1.709000000000000000e+03 1.835068464279174805e+00
1.710000000000000000e+03 1.849752783775329590e+00
1.711000000000000000e+03 1.826113343238830566e+00
1.712000000000000000e+03 1.794345855712890625e+00
1.713000000000000000e+03 1.784002780914306641e+00
1.714000000000000000e+03 1.759708285331726074e+00
1.715000000000000000e+03 1.755548477172851562e+00
1.716000000000000000e+03 1.799234747886657715e+00
1.717000000000000000e+03 1.774606466293334961e+00
1.718000000000000000e+03 1.758554697036743164e+00
1.719000000000000000e+03 1.783114075660705566e+00
1.720000000000000000e+03 1.762755632400512695e+00
1.721000000000000000e+03 1.719274759292602539e+00
1.722000000000000000e+03 1.789097309112548828e+00
1.723000000000000000e+03 1.809749603271484375e+00
1.724000000000000000e+03 1.800888299942016602e+00
1.725000000000000000e+03 1.796268939971923828e+00
1.726000000000000000e+03 1.777807116508483887e+00
1.727000000000000000e+03 1.787441015243530273e+00
1.728000000000000000e+03 1.786026477813720703e+00
1.729000000000000000e+03 1.803875923156738281e+00
1.730000000000000000e+03 1.814805269241333008e+00
1.731000000000000000e+03 1.768948554992675781e+00
1.732000000000000000e+03 1.768411397933959961e+00
1.733000000000000000e+03 1.751099109649658203e+00
1.734000000000000000e+03 1.782477974891662598e+00
1.735000000000000000e+03 1.784076690673828125e+00
1.736000000000000000e+03 1.778684735298156738e+00
1.737000000000000000e+03 1.758398890495300293e+00
1.738000000000000000e+03 1.800929903984069824e+00
1.739000000000000000e+03 1.812748670578002930e+00
1.740000000000000000e+03 1.838141083717346191e+00
1.741000000000000000e+03 1.816806197166442871e+00
1.742000000000000000e+03 1.854647636413574219e+00
1.743000000000000000e+03 1.842514514923095703e+00
1.744000000000000000e+03 1.820473670959472656e+00
1.745000000000000000e+03 1.828914999961853027e+00
1.746000000000000000e+03 1.813728213310241699e+00
1.747000000000000000e+03 1.878895044326782227e+00
1.748000000000000000e+03 1.832169532775878906e+00
1.749000000000000000e+03 1.853805899620056152e+00
1.750000000000000000e+03 1.878060579299926758e+00
1.751000000000000000e+03 1.777719616889953613e+00
1.752000000000000000e+03 1.833896160125732422e+00
1.753000000000000000e+03 1.846945405006408691e+00
1.754000000000000000e+03 1.836628198623657227e+00
1.755000000000000000e+03 1.823906421661376953e+00
1.756000000000000000e+03 1.842753410339355469e+00
1.757000000000000000e+03 1.815916061401367188e+00
1.758000000000000000e+03 1.816573023796081543e+00
1.759000000000000000e+03 1.791771054267883301e+00
1.760000000000000000e+03 1.783668756484985352e+00
1.761000000000000000e+03 1.796775937080383301e+00
1.762000000000000000e+03 1.780004978179931641e+00
1.763000000000000000e+03 1.809678077697753906e+00
1.764000000000000000e+03 1.751866936683654785e+00
1.765000000000000000e+03 1.806685686111450195e+00
1.766000000000000000e+03 1.793465256690979004e+00
1.767000000000000000e+03 1.791433215141296387e+00
1.768000000000000000e+03 1.861726760864257812e+00
1.769000000000000000e+03 1.816151022911071777e+00
1.770000000000000000e+03 1.843799114227294922e+00
1.771000000000000000e+03 1.800336837768554688e+00
1.772000000000000000e+03 1.753559350967407227e+00
1.773000000000000000e+03 1.779622793197631836e+00
1.774000000000000000e+03 1.841309785842895508e+00
1.775000000000000000e+03 1.856943368911743164e+00
1.776000000000000000e+03 1.837079763412475586e+00
1.777000000000000000e+03 1.797025322914123535e+00
1.778000000000000000e+03 1.801095485687255859e+00
1.779000000000000000e+03 1.786604166030883789e+00
1.780000000000000000e+03 1.710901737213134766e+00
1.781000000000000000e+03 1.768419623374938965e+00
1.782000000000000000e+03 1.780076742172241211e+00
1.783000000000000000e+03 1.775279283523559570e+00
1.784000000000000000e+03 1.831642389297485352e+00
1.785000000000000000e+03 1.827500343322753906e+00
1.786000000000000000e+03 1.793966412544250488e+00
1.787000000000000000e+03 1.758413076400756836e+00
1.788000000000000000e+03 1.826050162315368652e+00
1.789000000000000000e+03 1.855582833290100098e+00
1.790000000000000000e+03 1.797259330749511719e+00
1.791000000000000000e+03 1.818887233734130859e+00
1.792000000000000000e+03 1.750123381614685059e+00
1.793000000000000000e+03 1.811632394790649414e+00
1.794000000000000000e+03 1.804121375083923340e+00
1.795000000000000000e+03 1.811721563339233398e+00
1.796000000000000000e+03 1.849150180816650391e+00
1.797000000000000000e+03 1.798944354057312012e+00
1.798000000000000000e+03 1.787308692932128906e+00
1.799000000000000000e+03 1.781980872154235840e+00
1.800000000000000000e+03 1.864148259162902832e+00
1.801000000000000000e+03 1.865872859954833984e+00
1.802000000000000000e+03 1.819310784339904785e+00
1.803000000000000000e+03 1.836678266525268555e+00
1.804000000000000000e+03 1.811142683029174805e+00
1.805000000000000000e+03 1.834771871566772461e+00
1.806000000000000000e+03 1.824691057205200195e+00
1.807000000000000000e+03 1.847127914428710938e+00
1.808000000000000000e+03 1.846976280212402344e+00
1.809000000000000000e+03 1.845065116882324219e+00
1.810000000000000000e+03 1.818718671798706055e+00
1.811000000000000000e+03 1.798638582229614258e+00
1.812000000000000000e+03 1.872664332389831543e+00
1.813000000000000000e+03 1.852552771568298340e+00
1.814000000000000000e+03 1.834688305854797363e+00
1.815000000000000000e+03 1.809792041778564453e+00
1.816000000000000000e+03 1.827013254165649414e+00
1.817000000000000000e+03 1.874107956886291504e+00
1.818000000000000000e+03 1.836374044418334961e+00
1.819000000000000000e+03 1.857360124588012695e+00
1.820000000000000000e+03 1.868966937065124512e+00
1.821000000000000000e+03 1.795669555664062500e+00
1.822000000000000000e+03 1.853562831878662109e+00
1.823000000000000000e+03 1.834364056587219238e+00
1.824000000000000000e+03 1.852731585502624512e+00
1.825000000000000000e+03 1.879354476928710938e+00
1.826000000000000000e+03 1.844120740890502930e+00
1.827000000000000000e+03 1.853322267532348633e+00
1.828000000000000000e+03 1.824515819549560547e+00
1.829000000000000000e+03 1.817060351371765137e+00
1.830000000000000000e+03 1.859344840049743652e+00
1.831000000000000000e+03 1.825187802314758301e+00
1.832000000000000000e+03 1.844872832298278809e+00
1.833000000000000000e+03 1.906894922256469727e+00
1.834000000000000000e+03 1.856371164321899414e+00
1.835000000000000000e+03 1.841680288314819336e+00
1.836000000000000000e+03 1.872132897377014160e+00
1.837000000000000000e+03 1.856300592422485352e+00
1.838000000000000000e+03 1.885107040405273438e+00
1.839000000000000000e+03 1.878432989120483398e+00
1.840000000000000000e+03 1.830321073532104492e+00
1.841000000000000000e+03 1.834009170532226562e+00
1.842000000000000000e+03 1.816445827484130859e+00
1.843000000000000000e+03 1.837772488594055176e+00
1.844000000000000000e+03 1.846813440322875977e+00
1.845000000000000000e+03 1.893022656440734863e+00
1.846000000000000000e+03 1.822100877761840820e+00
1.847000000000000000e+03 1.854261875152587891e+00
1.848000000000000000e+03 1.847067475318908691e+00
1.849000000000000000e+03 1.824648976325988770e+00
1.850000000000000000e+03 1.806440711021423340e+00
1.851000000000000000e+03 1.869736313819885254e+00
1.852000000000000000e+03 1.820871591567993164e+00
1.853000000000000000e+03 1.787720084190368652e+00
1.854000000000000000e+03 1.831025958061218262e+00
1.855000000000000000e+03 1.816116809844970703e+00
1.856000000000000000e+03 1.813525080680847168e+00
1.857000000000000000e+03 1.813292741775512695e+00
1.858000000000000000e+03 1.770169019699096680e+00
1.859000000000000000e+03 1.765448808670043945e+00
1.860000000000000000e+03 1.810341358184814453e+00
1.861000000000000000e+03 1.849450230598449707e+00
1.862000000000000000e+03 1.809169888496398926e+00
1.863000000000000000e+03 1.787937283515930176e+00
1.864000000000000000e+03 1.822326898574829102e+00
1.865000000000000000e+03 1.797958612442016602e+00
1.866000000000000000e+03 1.838535428047180176e+00
1.867000000000000000e+03 1.788129091262817383e+00
1.868000000000000000e+03 1.754083275794982910e+00
1.869000000000000000e+03 1.802944779396057129e+00
1.870000000000000000e+03 1.790225982666015625e+00
1.871000000000000000e+03 1.790830612182617188e+00
1.872000000000000000e+03 1.775495290756225586e+00
1.873000000000000000e+03 1.807112693786621094e+00
1.874000000000000000e+03 1.784926295280456543e+00
1.875000000000000000e+03 1.786117553710937500e+00
1.876000000000000000e+03 1.797917008399963379e+00
1.877000000000000000e+03 1.796841621398925781e+00
1.878000000000000000e+03 1.823275804519653320e+00
1.879000000000000000e+03 1.801603317260742188e+00
1.880000000000000000e+03 1.831305027008056641e+00
1.881000000000000000e+03 1.794021248817443848e+00
1.882000000000000000e+03 1.776474952697753906e+00
1.883000000000000000e+03 1.830630302429199219e+00
1.884000000000000000e+03 1.822825431823730469e+00
1.885000000000000000e+03 1.834863901138305664e+00
1.886000000000000000e+03 1.848137974739074707e+00
1.887000000000000000e+03 1.838522553443908691e+00
1.888000000000000000e+03 1.772412538528442383e+00
1.889000000000000000e+03 1.841975450515747070e+00
1.890000000000000000e+03 1.820572614669799805e+00
1.891000000000000000e+03 1.813377141952514648e+00
1.892000000000000000e+03 1.791075944900512695e+00
1.893000000000000000e+03 1.812950849533081055e+00
1.894000000000000000e+03 1.833998799324035645e+00
1.895000000000000000e+03 1.847008109092712402e+00
1.896000000000000000e+03 1.825978994369506836e+00
1.897000000000000000e+03 1.850808739662170410e+00
1.898000000000000000e+03 1.780804157257080078e+00
1.899000000000000000e+03 1.871018052101135254e+00
1.900000000000000000e+03 1.810764312744140625e+00
1.901000000000000000e+03 1.760408163070678711e+00
1.902000000000000000e+03 1.814702868461608887e+00
1.903000000000000000e+03 1.793842434883117676e+00
1.904000000000000000e+03 1.845988750457763672e+00
1.905000000000000000e+03 1.829111576080322266e+00
1.906000000000000000e+03 1.848989605903625488e+00
1.907000000000000000e+03 1.775460958480834961e+00
1.908000000000000000e+03 1.819115638732910156e+00
1.909000000000000000e+03 1.874370098114013672e+00
1.910000000000000000e+03 1.828956127166748047e+00
1.911000000000000000e+03 1.814112901687622070e+00
1.912000000000000000e+03 1.867925882339477539e+00
1.913000000000000000e+03 1.828788518905639648e+00
1.914000000000000000e+03 1.832169890403747559e+00
1.915000000000000000e+03 1.819060921669006348e+00
1.916000000000000000e+03 1.871172666549682617e+00
1.917000000000000000e+03 1.815362811088562012e+00
1.918000000000000000e+03 1.834271788597106934e+00
1.919000000000000000e+03 1.802040934562683105e+00
1.920000000000000000e+03 1.805500745773315430e+00
1.921000000000000000e+03 1.821713447570800781e+00
1.922000000000000000e+03 1.830449461936950684e+00
1.923000000000000000e+03 1.802990674972534180e+00
1.924000000000000000e+03 1.792846202850341797e+00
1.925000000000000000e+03 1.805501937866210938e+00
1.926000000000000000e+03 1.786958813667297363e+00
1.927000000000000000e+03 1.761515021324157715e+00
1.928000000000000000e+03 1.839532136917114258e+00
1.929000000000000000e+03 1.846418738365173340e+00
1.930000000000000000e+03 1.826724410057067871e+00
1.931000000000000000e+03 1.795254111289978027e+00
1.932000000000000000e+03 1.805273890495300293e+00
1.933000000000000000e+03 1.785166859626770020e+00
1.934000000000000000e+03 1.848196268081665039e+00
1.935000000000000000e+03 1.825922250747680664e+00
1.936000000000000000e+03 1.844151258468627930e+00
1.937000000000000000e+03 1.762211799621582031e+00
1.938000000000000000e+03 1.790499329566955566e+00
1.939000000000000000e+03 1.825572013854980469e+00
1.940000000000000000e+03 1.830652713775634766e+00
1.941000000000000000e+03 1.867300868034362793e+00
1.942000000000000000e+03 1.811424374580383301e+00
1.943000000000000000e+03 1.833693981170654297e+00
1.944000000000000000e+03 1.836251735687255859e+00
1.945000000000000000e+03 1.853946805000305176e+00
1.946000000000000000e+03 1.845099449157714844e+00
1.947000000000000000e+03 1.818759918212890625e+00
1.948000000000000000e+03 1.797322511672973633e+00
1.949000000000000000e+03 1.781318426132202148e+00
1.950000000000000000e+03 1.756004333496093750e+00
1.951000000000000000e+03 1.830086946487426758e+00
1.952000000000000000e+03 1.839527606964111328e+00
1.953000000000000000e+03 1.854452133178710938e+00
1.954000000000000000e+03 1.820829153060913086e+00
1.955000000000000000e+03 1.818209886550903320e+00
1.956000000000000000e+03 1.823507189750671387e+00
1.957000000000000000e+03 1.845175266265869141e+00
1.958000000000000000e+03 1.832696080207824707e+00
1.959000000000000000e+03 1.795294642448425293e+00
1.960000000000000000e+03 1.828562974929809570e+00
1.961000000000000000e+03 1.842408061027526855e+00
1.962000000000000000e+03 1.834481477737426758e+00
1.963000000000000000e+03 1.849464654922485352e+00
1.964000000000000000e+03 1.874848127365112305e+00
1.965000000000000000e+03 1.865073442459106445e+00
1.966000000000000000e+03 1.884372115135192871e+00
1.967000000000000000e+03 1.866233587265014648e+00
1.968000000000000000e+03 1.816362500190734863e+00
1.969000000000000000e+03 1.811197161674499512e+00
1.970000000000000000e+03 1.840739011764526367e+00
1.971000000000000000e+03 1.843832254409790039e+00
1.972000000000000000e+03 1.843916535377502441e+00
1.973000000000000000e+03 1.819771289825439453e+00
1.974000000000000000e+03 1.836988329887390137e+00
1.975000000000000000e+03 1.861530780792236328e+00
1.976000000000000000e+03 1.823703289031982422e+00
1.977000000000000000e+03 1.844763398170471191e+00
1.978000000000000000e+03 1.876109004020690918e+00
1.979000000000000000e+03 1.857864260673522949e+00
1.980000000000000000e+03 1.786026954650878906e+00
1.981000000000000000e+03 1.862802505493164062e+00
1.982000000000000000e+03 1.887766599655151367e+00
1.983000000000000000e+03 1.867102622985839844e+00
1.984000000000000000e+03 1.845624923706054688e+00
1.985000000000000000e+03 1.843145608901977539e+00
1.986000000000000000e+03 1.855477571487426758e+00
1.987000000000000000e+03 1.845160484313964844e+00
1.988000000000000000e+03 1.834806561470031738e+00
1.989000000000000000e+03 1.889939665794372559e+00
1.990000000000000000e+03 1.896059632301330566e+00
1.991000000000000000e+03 1.905498981475830078e+00
1.992000000000000000e+03 1.913893103599548340e+00
1.993000000000000000e+03 1.906447529792785645e+00
1.994000000000000000e+03 1.930382370948791504e+00
1.995000000000000000e+03 1.917379617691040039e+00
1.996000000000000000e+03 1.909962296485900879e+00
1.997000000000000000e+03 1.892292618751525879e+00
1.998000000000000000e+03 1.893958806991577148e+00
1.999000000000000000e+03 1.882283210754394531e+00
2.000000000000000000e+03 1.911610364913940430e+00
2.001000000000000000e+03 1.870636940002441406e+00
2.002000000000000000e+03 1.864422559738159180e+00
2.003000000000000000e+03 1.880107879638671875e+00
2.004000000000000000e+03 1.822427749633789062e+00
2.005000000000000000e+03 1.816051483154296875e+00
2.006000000000000000e+03 1.856390714645385742e+00
2.007000000000000000e+03 1.831045150756835938e+00
2.008000000000000000e+03 1.846432685852050781e+00
2.009000000000000000e+03 1.823186516761779785e+00
2.010000000000000000e+03 1.840658664703369141e+00
2.011000000000000000e+03 1.853278279304504395e+00
2.012000000000000000e+03 1.841279745101928711e+00
2.013000000000000000e+03 1.796307802200317383e+00
2.014000000000000000e+03 1.815469741821289062e+00
2.015000000000000000e+03 1.859756588935852051e+00
2.016000000000000000e+03 1.875591278076171875e+00
2.017000000000000000e+03 1.929676771163940430e+00
2.018000000000000000e+03 1.864449620246887207e+00
2.019000000000000000e+03 1.819896221160888672e+00
2.020000000000000000e+03 1.833279371261596680e+00
2.021000000000000000e+03 1.866470813751220703e+00
2.022000000000000000e+03 1.884730458259582520e+00
2.023000000000000000e+03 1.874337077140808105e+00
2.024000000000000000e+03 1.854434013366699219e+00
2.025000000000000000e+03 1.877121210098266602e+00
2.026000000000000000e+03 1.838674306869506836e+00
2.027000000000000000e+03 1.847501158714294434e+00
2.028000000000000000e+03 1.823629260063171387e+00
2.029000000000000000e+03 1.851887106895446777e+00
2.030000000000000000e+03 1.838093757629394531e+00
2.031000000000000000e+03 1.857249736785888672e+00
2.032000000000000000e+03 1.796807408332824707e+00
2.033000000000000000e+03 1.750896096229553223e+00
2.034000000000000000e+03 1.789766550064086914e+00
2.035000000000000000e+03 1.766963243484497070e+00
2.036000000000000000e+03 1.790121316909790039e+00
2.037000000000000000e+03 1.834192633628845215e+00
2.038000000000000000e+03 1.822853922843933105e+00
2.039000000000000000e+03 1.845798850059509277e+00
2.040000000000000000e+03 1.834410905838012695e+00
2.041000000000000000e+03 1.817676305770874023e+00
2.042000000000000000e+03 1.793801188468933105e+00
2.043000000000000000e+03 1.837753295898437500e+00
2.044000000000000000e+03 1.870278120040893555e+00
2.045000000000000000e+03 1.822140693664550781e+00
2.046000000000000000e+03 1.846104502677917480e+00
2.047000000000000000e+03 1.862740278244018555e+00
2.048000000000000000e+03 1.857836127281188965e+00
2.049000000000000000e+03 1.873208045959472656e+00
2.050000000000000000e+03 1.808187246322631836e+00
2.051000000000000000e+03 1.832050561904907227e+00
2.052000000000000000e+03 1.812007308006286621e+00
2.053000000000000000e+03 1.852138400077819824e+00
2.054000000000000000e+03 1.791424512863159180e+00
2.055000000000000000e+03 1.895015716552734375e+00
2.056000000000000000e+03 1.825526595115661621e+00
2.057000000000000000e+03 1.775707483291625977e+00
2.058000000000000000e+03 1.823693156242370605e+00
2.059000000000000000e+03 1.850677251815795898e+00
2.060000000000000000e+03 1.816143870353698730e+00
2.061000000000000000e+03 1.875488400459289551e+00
2.062000000000000000e+03 1.853631973266601562e+00
2.063000000000000000e+03 1.814887762069702148e+00
2.064000000000000000e+03 1.825653791427612305e+00
2.065000000000000000e+03 1.838406205177307129e+00
2.066000000000000000e+03 1.853128790855407715e+00
2.067000000000000000e+03 1.826322436332702637e+00
2.068000000000000000e+03 1.851528406143188477e+00
2.069000000000000000e+03 1.814022183418273926e+00
2.070000000000000000e+03 1.859853982925415039e+00
2.071000000000000000e+03 1.856408119201660156e+00
2.072000000000000000e+03 1.838502645492553711e+00
2.073000000000000000e+03 1.839086771011352539e+00
2.074000000000000000e+03 1.852973580360412598e+00
2.075000000000000000e+03 1.877735733985900879e+00
2.076000000000000000e+03 1.859067320823669434e+00
2.077000000000000000e+03 1.835482478141784668e+00
2.078000000000000000e+03 1.835940599441528320e+00
2.079000000000000000e+03 1.828404068946838379e+00
2.080000000000000000e+03 1.833819150924682617e+00
2.081000000000000000e+03 1.806193232536315918e+00
2.082000000000000000e+03 1.811233162879943848e+00
2.083000000000000000e+03 1.832926511764526367e+00
2.084000000000000000e+03 1.774220466613769531e+00
2.085000000000000000e+03 1.826106309890747070e+00
2.086000000000000000e+03 1.772825479507446289e+00
2.087000000000000000e+03 1.784826517105102539e+00
2.088000000000000000e+03 1.783704757690429688e+00
2.089000000000000000e+03 1.780312299728393555e+00
2.090000000000000000e+03 1.824569225311279297e+00
2.091000000000000000e+03 1.860863685607910156e+00
2.092000000000000000e+03 1.826687812805175781e+00
2.093000000000000000e+03 1.835508108139038086e+00
2.094000000000000000e+03 1.844768285751342773e+00
2.095000000000000000e+03 1.883301019668579102e+00
2.096000000000000000e+03 1.865789771080017090e+00
2.097000000000000000e+03 1.867118716239929199e+00
2.098000000000000000e+03 1.908976316452026367e+00
2.099000000000000000e+03 1.889848828315734863e+00
2.100000000000000000e+03 1.924511194229125977e+00
2.101000000000000000e+03 1.862774729728698730e+00
2.102000000000000000e+03 1.884767055511474609e+00
2.103000000000000000e+03 1.885765075683593750e+00
2.104000000000000000e+03 1.898135662078857422e+00
2.105000000000000000e+03 1.940834403038024902e+00
2.106000000000000000e+03 1.862508416175842285e+00
2.107000000000000000e+03 1.863291263580322266e+00
2.108000000000000000e+03 1.842862367630004883e+00
2.109000000000000000e+03 1.816307663917541504e+00
2.110000000000000000e+03 1.818276047706604004e+00
2.111000000000000000e+03 1.835730791091918945e+00
2.112000000000000000e+03 1.849074125289916992e+00
2.113000000000000000e+03 1.842890858650207520e+00
2.114000000000000000e+03 1.844745397567749023e+00
2.115000000000000000e+03 1.841959476470947266e+00
2.116000000000000000e+03 1.845618009567260742e+00
2.117000000000000000e+03 1.841008424758911133e+00
2.118000000000000000e+03 1.827704906463623047e+00
2.119000000000000000e+03 1.811638116836547852e+00
2.120000000000000000e+03 1.787552356719970703e+00
2.121000000000000000e+03 1.791733860969543457e+00
2.122000000000000000e+03 1.817378163337707520e+00
2.123000000000000000e+03 1.849163532257080078e+00
2.124000000000000000e+03 1.811403036117553711e+00
2.125000000000000000e+03 1.827624559402465820e+00
2.126000000000000000e+03 1.851659297943115234e+00
2.127000000000000000e+03 1.844430804252624512e+00
2.128000000000000000e+03 1.814300775527954102e+00
2.129000000000000000e+03 1.801692008972167969e+00
2.130000000000000000e+03 1.795538187026977539e+00
2.131000000000000000e+03 1.806904554367065430e+00
2.132000000000000000e+03 1.828063488006591797e+00
2.133000000000000000e+03 1.834682106971740723e+00
2.134000000000000000e+03 1.850646972656250000e+00
2.135000000000000000e+03 1.826421618461608887e+00
2.136000000000000000e+03 1.792119264602661133e+00
2.137000000000000000e+03 1.820249319076538086e+00
2.138000000000000000e+03 1.832557916641235352e+00
2.139000000000000000e+03 1.807859539985656738e+00
2.140000000000000000e+03 1.841903567314147949e+00
2.141000000000000000e+03 1.791457414627075195e+00
2.142000000000000000e+03 1.777625679969787598e+00
2.143000000000000000e+03 1.844023704528808594e+00
2.144000000000000000e+03 1.808152079582214355e+00
2.145000000000000000e+03 1.850494623184204102e+00
2.146000000000000000e+03 1.812996029853820801e+00
2.147000000000000000e+03 1.829689502716064453e+00
2.148000000000000000e+03 1.831022500991821289e+00
2.149000000000000000e+03 1.843861341476440430e+00
2.150000000000000000e+03 1.796359539031982422e+00
2.151000000000000000e+03 1.836950659751892090e+00
2.152000000000000000e+03 1.809724688529968262e+00
2.153000000000000000e+03 1.786198735237121582e+00
2.154000000000000000e+03 1.813877582550048828e+00
2.155000000000000000e+03 1.827195405960083008e+00
2.156000000000000000e+03 1.798480510711669922e+00
2.157000000000000000e+03 1.864935040473937988e+00
2.158000000000000000e+03 1.873068094253540039e+00
2.159000000000000000e+03 1.868549585342407227e+00
2.160000000000000000e+03 1.829811692237854004e+00
2.161000000000000000e+03 1.861106395721435547e+00
2.162000000000000000e+03 1.844270348548889160e+00
2.163000000000000000e+03 1.835904240608215332e+00
2.164000000000000000e+03 1.874994277954101562e+00
2.165000000000000000e+03 1.856025934219360352e+00
2.166000000000000000e+03 1.880111813545227051e+00
2.167000000000000000e+03 1.859979391098022461e+00
2.168000000000000000e+03 1.878746390342712402e+00
2.169000000000000000e+03 1.889790773391723633e+00
2.170000000000000000e+03 1.887943267822265625e+00
2.171000000000000000e+03 1.836967945098876953e+00
2.172000000000000000e+03 1.867469906806945801e+00
2.173000000000000000e+03 1.800693988800048828e+00
2.174000000000000000e+03 1.797167539596557617e+00
2.175000000000000000e+03 1.791167736053466797e+00
2.176000000000000000e+03 1.839073657989501953e+00
2.177000000000000000e+03 1.832336068153381348e+00
2.178000000000000000e+03 1.853507399559020996e+00
2.179000000000000000e+03 1.851941823959350586e+00
2.180000000000000000e+03 1.852931261062622070e+00
2.181000000000000000e+03 1.805170536041259766e+00
2.182000000000000000e+03 1.827559828758239746e+00
2.183000000000000000e+03 1.814016342163085938e+00
2.184000000000000000e+03 1.812752485275268555e+00
2.185000000000000000e+03 1.834350585937500000e+00
2.186000000000000000e+03 1.796255588531494141e+00
2.187000000000000000e+03 1.838456869125366211e+00
2.188000000000000000e+03 1.804244875907897949e+00
2.189000000000000000e+03 1.844761610031127930e+00
2.190000000000000000e+03 1.925898075103759766e+00
2.191000000000000000e+03 1.869004964828491211e+00
2.192000000000000000e+03 1.867178440093994141e+00
2.193000000000000000e+03 1.845522761344909668e+00
2.194000000000000000e+03 1.835837841033935547e+00
2.195000000000000000e+03 1.873182654380798340e+00
2.196000000000000000e+03 1.803822636604309082e+00
2.197000000000000000e+03 1.862616062164306641e+00
2.198000000000000000e+03 1.915913939476013184e+00
2.199000000000000000e+03 1.877402424812316895e+00
2.200000000000000000e+03 1.888791680335998535e+00
2.201000000000000000e+03 1.892056703567504883e+00
2.202000000000000000e+03 1.858746767044067383e+00
2.203000000000000000e+03 1.889024853706359863e+00
2.204000000000000000e+03 1.850005865097045898e+00
2.205000000000000000e+03 1.876406550407409668e+00
2.206000000000000000e+03 1.863354206085205078e+00
2.207000000000000000e+03 1.911025524139404297e+00
2.208000000000000000e+03 1.816481709480285645e+00
2.209000000000000000e+03 1.833898782730102539e+00
2.210000000000000000e+03 1.850406765937805176e+00
2.211000000000000000e+03 1.843162417411804199e+00
2.212000000000000000e+03 1.856132745742797852e+00
2.213000000000000000e+03 1.847809314727783203e+00
2.214000000000000000e+03 1.846404314041137695e+00
2.215000000000000000e+03 1.874981045722961426e+00
2.216000000000000000e+03 1.859643936157226562e+00
2.217000000000000000e+03 1.885231137275695801e+00
2.218000000000000000e+03 1.888137340545654297e+00
2.219000000000000000e+03 1.858487844467163086e+00
2.220000000000000000e+03 1.908112168312072754e+00
2.221000000000000000e+03 1.874485731124877930e+00
2.222000000000000000e+03 1.886721372604370117e+00
2.223000000000000000e+03 1.862534999847412109e+00
2.224000000000000000e+03 1.836836218833923340e+00
2.225000000000000000e+03 1.856671214103698730e+00
2.226000000000000000e+03 1.874564647674560547e+00
2.227000000000000000e+03 1.929183483123779297e+00
2.228000000000000000e+03 1.852358937263488770e+00
2.229000000000000000e+03 1.857405662536621094e+00
2.230000000000000000e+03 1.884680390357971191e+00
2.231000000000000000e+03 1.833557605743408203e+00
2.232000000000000000e+03 1.840496540069580078e+00
2.233000000000000000e+03 1.826785206794738770e+00
2.234000000000000000e+03 1.811856627464294434e+00
2.235000000000000000e+03 1.793565869331359863e+00
2.236000000000000000e+03 1.772933840751647949e+00
2.237000000000000000e+03 1.823054313659667969e+00
2.238000000000000000e+03 1.795225620269775391e+00
2.239000000000000000e+03 1.821558952331542969e+00
2.240000000000000000e+03 1.832967996597290039e+00
2.241000000000000000e+03 1.822469949722290039e+00
2.242000000000000000e+03 1.854471802711486816e+00
2.243000000000000000e+03 1.852255344390869141e+00
2.244000000000000000e+03 1.819930315017700195e+00
2.245000000000000000e+03 1.841640949249267578e+00
2.246000000000000000e+03 1.858498334884643555e+00
2.247000000000000000e+03 1.893799781799316406e+00
2.248000000000000000e+03 1.864773750305175781e+00
2.249000000000000000e+03 1.821044683456420898e+00
2.250000000000000000e+03 1.830875635147094727e+00
2.251000000000000000e+03 1.817292928695678711e+00
2.252000000000000000e+03 1.860385179519653320e+00
2.253000000000000000e+03 1.847550868988037109e+00
2.254000000000000000e+03 1.861973762512207031e+00
2.255000000000000000e+03 1.852875828742980957e+00
2.256000000000000000e+03 1.791554808616638184e+00
2.257000000000000000e+03 1.850426435470581055e+00
2.258000000000000000e+03 1.860146045684814453e+00
2.259000000000000000e+03 1.803213834762573242e+00
2.260000000000000000e+03 1.864056587219238281e+00
2.261000000000000000e+03 1.844986677169799805e+00
2.262000000000000000e+03 1.798385977745056152e+00
2.263000000000000000e+03 1.813270807266235352e+00
2.264000000000000000e+03 1.801175951957702637e+00
2.265000000000000000e+03 1.794091939926147461e+00
2.266000000000000000e+03 1.824357390403747559e+00
2.267000000000000000e+03 1.834167361259460449e+00
2.268000000000000000e+03 1.842389345169067383e+00
2.269000000000000000e+03 1.807924032211303711e+00
2.270000000000000000e+03 1.833435773849487305e+00
2.271000000000000000e+03 1.799198627471923828e+00
2.272000000000000000e+03 1.775420784950256348e+00
2.273000000000000000e+03 1.808580040931701660e+00
2.274000000000000000e+03 1.832508563995361328e+00
2.275000000000000000e+03 1.751447081565856934e+00
2.276000000000000000e+03 1.782419800758361816e+00
2.277000000000000000e+03 1.775904297828674316e+00
2.278000000000000000e+03 1.793117523193359375e+00
2.279000000000000000e+03 1.776891469955444336e+00
2.280000000000000000e+03 1.807779788970947266e+00
2.281000000000000000e+03 1.814588069915771484e+00
2.282000000000000000e+03 1.827592015266418457e+00
2.283000000000000000e+03 1.856849670410156250e+00
2.284000000000000000e+03 1.848336815834045410e+00
2.285000000000000000e+03 1.856415390968322754e+00
2.286000000000000000e+03 1.818066477775573730e+00
2.287000000000000000e+03 1.822306394577026367e+00
2.288000000000000000e+03 1.842553853988647461e+00
2.289000000000000000e+03 1.819561243057250977e+00
2.290000000000000000e+03 1.806717991828918457e+00
2.291000000000000000e+03 1.789355278015136719e+00
2.292000000000000000e+03 1.850882053375244141e+00
2.293000000000000000e+03 1.773963809013366699e+00
2.294000000000000000e+03 1.791560888290405273e+00
2.295000000000000000e+03 1.812744140625000000e+00
2.296000000000000000e+03 1.839789271354675293e+00
2.297000000000000000e+03 1.812990188598632812e+00
2.298000000000000000e+03 1.773363351821899414e+00
2.299000000000000000e+03 1.782610774040222168e+00
2.300000000000000000e+03 1.829149246215820312e+00
2.301000000000000000e+03 1.811269044876098633e+00
2.302000000000000000e+03 1.820273041725158691e+00
2.303000000000000000e+03 1.812133669853210449e+00
2.304000000000000000e+03 1.831886053085327148e+00
2.305000000000000000e+03 1.847200512886047363e+00
2.306000000000000000e+03 1.815798044204711914e+00
2.307000000000000000e+03 1.790937304496765137e+00
2.308000000000000000e+03 1.819452285766601562e+00
2.309000000000000000e+03 1.782107114791870117e+00
2.310000000000000000e+03 1.834170103073120117e+00
2.311000000000000000e+03 1.836653113365173340e+00
2.312000000000000000e+03 1.832849740982055664e+00
2.313000000000000000e+03 1.788463234901428223e+00
2.314000000000000000e+03 1.832292318344116211e+00
2.315000000000000000e+03 1.820948362350463867e+00
2.316000000000000000e+03 1.832673549652099609e+00
2.317000000000000000e+03 1.813614845275878906e+00
2.318000000000000000e+03 1.875349283218383789e+00
2.319000000000000000e+03 1.840354919433593750e+00
2.320000000000000000e+03 1.830818176269531250e+00
2.321000000000000000e+03 1.815402388572692871e+00
2.322000000000000000e+03 1.801229119300842285e+00
2.323000000000000000e+03 1.753487348556518555e+00
2.324000000000000000e+03 1.801796674728393555e+00
2.325000000000000000e+03 1.780323028564453125e+00
2.326000000000000000e+03 1.702963232994079590e+00
2.327000000000000000e+03 1.793823122978210449e+00
2.328000000000000000e+03 1.809321045875549316e+00
2.329000000000000000e+03 1.790648341178894043e+00
2.330000000000000000e+03 1.793801665306091309e+00
2.331000000000000000e+03 1.850963830947875977e+00
2.332000000000000000e+03 1.861004590988159180e+00
2.333000000000000000e+03 1.823717713356018066e+00
2.334000000000000000e+03 1.815242409706115723e+00
2.335000000000000000e+03 1.816887617111206055e+00
2.336000000000000000e+03 1.822982311248779297e+00
2.337000000000000000e+03 1.825737476348876953e+00
2.338000000000000000e+03 1.784431099891662598e+00
2.339000000000000000e+03 1.739943027496337891e+00
2.340000000000000000e+03 1.780782222747802734e+00
2.341000000000000000e+03 1.799097180366516113e+00
2.342000000000000000e+03 1.810843229293823242e+00
2.343000000000000000e+03 1.854937791824340820e+00
2.344000000000000000e+03 1.836104273796081543e+00
2.345000000000000000e+03 1.881814241409301758e+00
2.346000000000000000e+03 1.854044437408447266e+00
2.347000000000000000e+03 1.873106598854064941e+00
2.348000000000000000e+03 1.806510925292968750e+00
2.349000000000000000e+03 1.847270369529724121e+00
2.350000000000000000e+03 1.847784638404846191e+00
2.351000000000000000e+03 1.856652975082397461e+00
2.352000000000000000e+03 1.842829704284667969e+00
2.353000000000000000e+03 1.825213193893432617e+00
2.354000000000000000e+03 1.895787954330444336e+00
2.355000000000000000e+03 1.876978874206542969e+00
2.356000000000000000e+03 1.847850561141967773e+00
2.357000000000000000e+03 1.816043972969055176e+00
2.358000000000000000e+03 1.823417901992797852e+00
2.359000000000000000e+03 1.840086460113525391e+00
2.360000000000000000e+03 1.810885190963745117e+00
2.361000000000000000e+03 1.812448501586914062e+00
2.362000000000000000e+03 1.821925282478332520e+00
2.363000000000000000e+03 1.803419709205627441e+00
2.364000000000000000e+03 1.783643960952758789e+00
2.365000000000000000e+03 1.791301608085632324e+00
2.366000000000000000e+03 1.780946493148803711e+00
2.367000000000000000e+03 1.810060024261474609e+00
2.368000000000000000e+03 1.809882640838623047e+00
2.369000000000000000e+03 1.832078337669372559e+00
2.370000000000000000e+03 1.810422539710998535e+00
2.371000000000000000e+03 1.738169908523559570e+00
2.372000000000000000e+03 1.764475584030151367e+00
2.373000000000000000e+03 1.844749331474304199e+00
2.374000000000000000e+03 1.796424269676208496e+00
2.375000000000000000e+03 1.861936807632446289e+00
2.376000000000000000e+03 1.792366981506347656e+00
2.377000000000000000e+03 1.830829381942749023e+00
2.378000000000000000e+03 1.795557618141174316e+00
2.379000000000000000e+03 1.806368112564086914e+00
2.380000000000000000e+03 1.786177158355712891e+00
2.381000000000000000e+03 1.822584152221679688e+00
2.382000000000000000e+03 1.779233574867248535e+00
2.383000000000000000e+03 1.819679498672485352e+00
2.384000000000000000e+03 1.815834760665893555e+00
2.385000000000000000e+03 1.766426086425781250e+00
2.386000000000000000e+03 1.758576869964599609e+00
2.387000000000000000e+03 1.812247753143310547e+00
2.388000000000000000e+03 1.763593792915344238e+00
2.389000000000000000e+03 1.779485225677490234e+00
2.390000000000000000e+03 1.753601431846618652e+00
2.391000000000000000e+03 1.746504783630371094e+00
2.392000000000000000e+03 1.801221132278442383e+00
2.393000000000000000e+03 1.791680216789245605e+00
2.394000000000000000e+03 1.792595028877258301e+00
2.395000000000000000e+03 1.755048155784606934e+00
2.396000000000000000e+03 1.806490063667297363e+00
2.397000000000000000e+03 1.775460481643676758e+00
2.398000000000000000e+03 1.737048387527465820e+00
2.399000000000000000e+03 1.720497846603393555e+00
2.400000000000000000e+03 1.750969171524047852e+00
2.401000000000000000e+03 1.766875743865966797e+00
2.402000000000000000e+03 1.787178039550781250e+00
2.403000000000000000e+03 1.833286166191101074e+00
2.404000000000000000e+03 1.802252888679504395e+00
2.405000000000000000e+03 1.822228670120239258e+00
2.406000000000000000e+03 1.823780536651611328e+00
2.407000000000000000e+03 1.855585575103759766e+00
2.408000000000000000e+03 1.851423740386962891e+00
2.409000000000000000e+03 1.864465236663818359e+00
2.410000000000000000e+03 1.857857704162597656e+00
2.411000000000000000e+03 1.877665758132934570e+00
2.412000000000000000e+03 1.856673836708068848e+00
2.413000000000000000e+03 1.891971468925476074e+00
2.414000000000000000e+03 1.873803615570068359e+00
2.415000000000000000e+03 1.927796125411987305e+00
2.416000000000000000e+03 1.868387460708618164e+00
2.417000000000000000e+03 1.873842954635620117e+00
2.418000000000000000e+03 1.891694307327270508e+00
2.419000000000000000e+03 1.907874345779418945e+00
2.420000000000000000e+03 1.883337974548339844e+00
2.421000000000000000e+03 1.833518743515014648e+00
2.422000000000000000e+03 1.873669147491455078e+00
2.423000000000000000e+03 1.899768233299255371e+00
2.424000000000000000e+03 1.877429962158203125e+00
2.425000000000000000e+03 1.880858421325683594e+00
2.426000000000000000e+03 1.893645644187927246e+00
2.427000000000000000e+03 1.892391085624694824e+00
2.428000000000000000e+03 1.876200914382934570e+00
2.429000000000000000e+03 1.837435483932495117e+00
2.430000000000000000e+03 1.860756516456604004e+00
2.431000000000000000e+03 1.829601287841796875e+00
2.432000000000000000e+03 1.860073566436767578e+00
2.433000000000000000e+03 1.808628678321838379e+00
2.434000000000000000e+03 1.828890562057495117e+00
2.435000000000000000e+03 1.831547498703002930e+00
2.436000000000000000e+03 1.869999170303344727e+00
2.437000000000000000e+03 1.854610919952392578e+00
2.438000000000000000e+03 1.879840731620788574e+00
2.439000000000000000e+03 1.861499309539794922e+00
2.440000000000000000e+03 1.846203327178955078e+00
2.441000000000000000e+03 1.836434364318847656e+00
2.442000000000000000e+03 1.815989971160888672e+00
2.443000000000000000e+03 1.835832357406616211e+00
2.444000000000000000e+03 1.916907310485839844e+00
2.445000000000000000e+03 1.906177639961242676e+00
2.446000000000000000e+03 1.834590911865234375e+00
2.447000000000000000e+03 1.898753404617309570e+00
2.448000000000000000e+03 1.873415708541870117e+00
2.449000000000000000e+03 1.888147234916687012e+00
2.450000000000000000e+03 1.839887022972106934e+00
2.451000000000000000e+03 1.856620669364929199e+00
2.452000000000000000e+03 1.840652823448181152e+00
2.453000000000000000e+03 1.853649258613586426e+00
2.454000000000000000e+03 1.818335294723510742e+00
2.455000000000000000e+03 1.821483850479125977e+00
2.456000000000000000e+03 1.827519416809082031e+00
2.457000000000000000e+03 1.787383437156677246e+00
2.458000000000000000e+03 1.819791555404663086e+00
2.459000000000000000e+03 1.785141825675964355e+00
2.460000000000000000e+03 1.851843833923339844e+00
2.461000000000000000e+03 1.868207097053527832e+00
2.462000000000000000e+03 1.828710794448852539e+00
2.463000000000000000e+03 1.863966464996337891e+00
2.464000000000000000e+03 1.841465473175048828e+00
2.465000000000000000e+03 1.857339739799499512e+00
2.466000000000000000e+03 1.847751855850219727e+00
2.467000000000000000e+03 1.890964984893798828e+00
2.468000000000000000e+03 1.843753337860107422e+00
2.469000000000000000e+03 1.857979893684387207e+00
2.470000000000000000e+03 1.904455900192260742e+00
2.471000000000000000e+03 1.875368595123291016e+00
2.472000000000000000e+03 1.829679727554321289e+00
2.473000000000000000e+03 1.846466541290283203e+00
2.474000000000000000e+03 1.834341049194335938e+00
2.475000000000000000e+03 1.822256326675415039e+00
2.476000000000000000e+03 1.826909542083740234e+00
2.477000000000000000e+03 1.823983311653137207e+00
2.478000000000000000e+03 1.754097461700439453e+00
2.479000000000000000e+03 1.747618198394775391e+00
2.480000000000000000e+03 1.731123208999633789e+00
2.481000000000000000e+03 1.743240237236022949e+00
2.482000000000000000e+03 1.779541969299316406e+00
2.483000000000000000e+03 1.809275746345520020e+00
2.484000000000000000e+03 1.748604774475097656e+00
2.485000000000000000e+03 1.742232203483581543e+00
2.486000000000000000e+03 1.755840539932250977e+00
2.487000000000000000e+03 1.778007745742797852e+00
2.488000000000000000e+03 1.769518494606018066e+00
2.489000000000000000e+03 1.802934408187866211e+00
2.490000000000000000e+03 1.782034873962402344e+00
2.491000000000000000e+03 1.762062549591064453e+00
2.492000000000000000e+03 1.786094546318054199e+00
2.493000000000000000e+03 1.800684452056884766e+00
2.494000000000000000e+03 1.810273289680480957e+00
2.495000000000000000e+03 1.788257598876953125e+00
2.496000000000000000e+03 1.832239389419555664e+00
2.497000000000000000e+03 1.809696316719055176e+00
2.498000000000000000e+03 1.756874084472656250e+00
2.499000000000000000e+03 1.746633291244506836e+00
2.500000000000000000e+03 1.793439626693725586e+00
2.501000000000000000e+03 1.820490837097167969e+00
2.502000000000000000e+03 1.783120393753051758e+00
2.503000000000000000e+03 1.806533455848693848e+00
2.504000000000000000e+03 1.786569714546203613e+00
2.505000000000000000e+03 1.751805305480957031e+00
2.506000000000000000e+03 1.780599594116210938e+00
2.507000000000000000e+03 1.748829841613769531e+00
2.508000000000000000e+03 1.721811413764953613e+00
2.509000000000000000e+03 1.786139845848083496e+00
2.510000000000000000e+03 1.762855648994445801e+00
2.511000000000000000e+03 1.784721851348876953e+00
2.512000000000000000e+03 1.805584311485290527e+00
2.513000000000000000e+03 1.777000069618225098e+00
2.514000000000000000e+03 1.783661484718322754e+00
2.515000000000000000e+03 1.808477520942687988e+00
2.516000000000000000e+03 1.788163661956787109e+00
2.517000000000000000e+03 1.754378437995910645e+00
2.518000000000000000e+03 1.797133445739746094e+00
2.519000000000000000e+03 1.846980452537536621e+00
2.520000000000000000e+03 1.849399328231811523e+00
2.521000000000000000e+03 1.818681120872497559e+00
2.522000000000000000e+03 1.858059406280517578e+00
2.523000000000000000e+03 1.840358972549438477e+00
2.524000000000000000e+03 1.789344072341918945e+00
2.525000000000000000e+03 1.855230093002319336e+00
2.526000000000000000e+03 1.893450736999511719e+00
2.527000000000000000e+03 1.841548323631286621e+00
2.528000000000000000e+03 1.793073534965515137e+00
2.529000000000000000e+03 1.830734729766845703e+00
2.530000000000000000e+03 1.834538221359252930e+00
2.531000000000000000e+03 1.814348220825195312e+00
2.532000000000000000e+03 1.839510679244995117e+00
2.533000000000000000e+03 1.801167011260986328e+00
2.534000000000000000e+03 1.817156314849853516e+00
2.535000000000000000e+03 1.831594705581665039e+00
2.536000000000000000e+03 1.793089270591735840e+00
2.537000000000000000e+03 1.790888786315917969e+00
2.538000000000000000e+03 1.810767173767089844e+00
2.539000000000000000e+03 1.846442461013793945e+00
2.540000000000000000e+03 1.782337188720703125e+00
2.541000000000000000e+03 1.827266573905944824e+00
2.542000000000000000e+03 1.778500556945800781e+00
2.543000000000000000e+03 1.802791237831115723e+00
2.544000000000000000e+03 1.772744178771972656e+00
2.545000000000000000e+03 1.789648294448852539e+00
2.546000000000000000e+03 1.782544970512390137e+00
2.547000000000000000e+03 1.770086526870727539e+00
2.548000000000000000e+03 1.789481520652770996e+00
2.549000000000000000e+03 1.755484580993652344e+00
2.550000000000000000e+03 1.760443925857543945e+00
2.551000000000000000e+03 1.808554410934448242e+00
2.552000000000000000e+03 1.768563628196716309e+00
2.553000000000000000e+03 1.803956031799316406e+00
2.554000000000000000e+03 1.739935755729675293e+00
2.555000000000000000e+03 1.780014038085937500e+00
2.556000000000000000e+03 1.777093768119812012e+00
2.557000000000000000e+03 1.775974035263061523e+00
2.558000000000000000e+03 1.804220557212829590e+00
2.559000000000000000e+03 1.844320058822631836e+00
2.560000000000000000e+03 1.842656850814819336e+00
2.561000000000000000e+03 1.775079965591430664e+00
2.562000000000000000e+03 1.827897071838378906e+00
2.563000000000000000e+03 1.804991126060485840e+00
2.564000000000000000e+03 1.842143297195434570e+00
2.565000000000000000e+03 1.798405170440673828e+00
2.566000000000000000e+03 1.833056688308715820e+00
2.567000000000000000e+03 1.804858446121215820e+00
2.568000000000000000e+03 1.842700123786926270e+00
2.569000000000000000e+03 1.844681262969970703e+00
2.570000000000000000e+03 1.819864153861999512e+00
2.571000000000000000e+03 1.821915388107299805e+00
2.572000000000000000e+03 1.824535489082336426e+00
2.573000000000000000e+03 1.818194866180419922e+00
2.574000000000000000e+03 1.856721162796020508e+00
2.575000000000000000e+03 1.804702401161193848e+00
2.576000000000000000e+03 1.781342148780822754e+00
2.577000000000000000e+03 1.788198947906494141e+00
2.578000000000000000e+03 1.834101557731628418e+00
2.579000000000000000e+03 1.851040840148925781e+00
2.580000000000000000e+03 1.871672987937927246e+00
2.581000000000000000e+03 1.810949563980102539e+00
2.582000000000000000e+03 1.889574766159057617e+00
2.583000000000000000e+03 1.881968259811401367e+00
2.584000000000000000e+03 1.881132602691650391e+00
2.585000000000000000e+03 1.906862258911132812e+00
2.586000000000000000e+03 1.861485004425048828e+00
2.587000000000000000e+03 1.859632372856140137e+00
2.588000000000000000e+03 1.832423448562622070e+00
2.589000000000000000e+03 1.801993370056152344e+00
2.590000000000000000e+03 1.824239253997802734e+00
2.591000000000000000e+03 1.847296476364135742e+00
2.592000000000000000e+03 1.856161355972290039e+00
2.593000000000000000e+03 1.851046562194824219e+00
2.594000000000000000e+03 1.862395286560058594e+00
2.595000000000000000e+03 1.824080705642700195e+00
2.596000000000000000e+03 1.863744497299194336e+00
2.597000000000000000e+03 1.887677907943725586e+00
2.598000000000000000e+03 1.891778945922851562e+00
2.599000000000000000e+03 1.858048915863037109e+00
2.600000000000000000e+03 1.836556196212768555e+00
2.601000000000000000e+03 1.882379055023193359e+00
2.602000000000000000e+03 1.870949506759643555e+00
2.603000000000000000e+03 1.867709875106811523e+00
2.604000000000000000e+03 1.863668918609619141e+00
2.605000000000000000e+03 1.888727545738220215e+00
2.606000000000000000e+03 1.872615575790405273e+00
2.607000000000000000e+03 1.858330130577087402e+00
2.608000000000000000e+03 1.858360767364501953e+00
2.609000000000000000e+03 1.826573133468627930e+00
2.610000000000000000e+03 1.822592020034790039e+00
2.611000000000000000e+03 1.831552267074584961e+00
2.612000000000000000e+03 1.816347002983093262e+00
2.613000000000000000e+03 1.852315902709960938e+00
2.614000000000000000e+03 1.855379343032836914e+00
2.615000000000000000e+03 1.876257777214050293e+00
2.616000000000000000e+03 1.845335602760314941e+00
2.617000000000000000e+03 1.864777684211730957e+00
2.618000000000000000e+03 1.829316377639770508e+00
2.619000000000000000e+03 1.830504179000854492e+00
2.620000000000000000e+03 1.854991912841796875e+00
2.621000000000000000e+03 1.830491662025451660e+00
2.622000000000000000e+03 1.845661997795104980e+00
2.623000000000000000e+03 1.861279487609863281e+00
2.624000000000000000e+03 1.879781723022460938e+00
2.625000000000000000e+03 1.832609653472900391e+00
2.626000000000000000e+03 1.827988505363464355e+00
2.627000000000000000e+03 1.879041194915771484e+00
2.628000000000000000e+03 1.825880050659179688e+00
2.629000000000000000e+03 1.861964106559753418e+00
2.630000000000000000e+03 1.900569319725036621e+00
2.631000000000000000e+03 1.873551011085510254e+00
2.632000000000000000e+03 1.875854969024658203e+00
2.633000000000000000e+03 1.891714215278625488e+00
2.634000000000000000e+03 1.855257630348205566e+00
2.635000000000000000e+03 1.858692646026611328e+00
2.636000000000000000e+03 1.862784504890441895e+00
2.637000000000000000e+03 1.863578081130981445e+00
2.638000000000000000e+03 1.872692346572875977e+00
2.639000000000000000e+03 1.816161751747131348e+00
2.640000000000000000e+03 1.807761192321777344e+00
2.641000000000000000e+03 1.823544025421142578e+00
2.642000000000000000e+03 1.843714237213134766e+00
2.643000000000000000e+03 1.859148859977722168e+00
2.644000000000000000e+03 1.828698635101318359e+00
2.645000000000000000e+03 1.806660056114196777e+00
2.646000000000000000e+03 1.770351648330688477e+00
2.647000000000000000e+03 1.818362832069396973e+00
2.648000000000000000e+03 1.851200699806213379e+00
2.649000000000000000e+03 1.829531908035278320e+00
2.650000000000000000e+03 1.863227248191833496e+00
2.651000000000000000e+03 1.808925151824951172e+00
2.652000000000000000e+03 1.803072214126586914e+00
2.653000000000000000e+03 1.776927351951599121e+00
2.654000000000000000e+03 1.811857104301452637e+00
2.655000000000000000e+03 1.826404571533203125e+00
2.656000000000000000e+03 1.783572077751159668e+00
2.657000000000000000e+03 1.883250832557678223e+00
2.658000000000000000e+03 1.895418763160705566e+00
2.659000000000000000e+03 1.847027182579040527e+00
2.660000000000000000e+03 1.811107873916625977e+00
2.661000000000000000e+03 1.885976791381835938e+00
2.662000000000000000e+03 1.863195180892944336e+00
2.663000000000000000e+03 1.863003134727478027e+00
2.664000000000000000e+03 1.844874143600463867e+00
2.665000000000000000e+03 1.845766067504882812e+00
2.666000000000000000e+03 1.823920130729675293e+00
2.667000000000000000e+03 1.860034942626953125e+00
2.668000000000000000e+03 1.844917654991149902e+00
2.669000000000000000e+03 1.866729140281677246e+00
2.670000000000000000e+03 1.858380079269409180e+00
2.671000000000000000e+03 1.820458650588989258e+00
2.672000000000000000e+03 1.818066596984863281e+00
2.673000000000000000e+03 1.844150066375732422e+00
2.674000000000000000e+03 1.832379460334777832e+00
2.675000000000000000e+03 1.805265188217163086e+00
2.676000000000000000e+03 1.841744899749755859e+00
2.677000000000000000e+03 1.800999999046325684e+00
2.678000000000000000e+03 1.814353823661804199e+00
2.679000000000000000e+03 1.835332870483398438e+00
2.680000000000000000e+03 1.842362165451049805e+00
2.681000000000000000e+03 1.861795186996459961e+00
2.682000000000000000e+03 1.870254755020141602e+00
2.683000000000000000e+03 1.886015892028808594e+00
2.684000000000000000e+03 1.951331496238708496e+00
2.685000000000000000e+03 1.886622905731201172e+00
2.686000000000000000e+03 1.872647166252136230e+00
2.687000000000000000e+03 1.882503390312194824e+00
2.688000000000000000e+03 1.907181501388549805e+00
2.689000000000000000e+03 1.884477376937866211e+00
2.690000000000000000e+03 1.902522683143615723e+00
2.691000000000000000e+03 1.877116918563842773e+00
2.692000000000000000e+03 1.919631004333496094e+00
2.693000000000000000e+03 1.949838161468505859e+00
2.694000000000000000e+03 1.937105894088745117e+00
2.695000000000000000e+03 1.880546092987060547e+00
2.696000000000000000e+03 1.868919491767883301e+00
2.697000000000000000e+03 1.840752363204956055e+00
2.698000000000000000e+03 1.885084986686706543e+00
2.699000000000000000e+03 1.889978051185607910e+00
2.700000000000000000e+03 1.897301673889160156e+00
2.701000000000000000e+03 1.948399901390075684e+00
2.702000000000000000e+03 1.905134320259094238e+00
2.703000000000000000e+03 1.889829397201538086e+00
2.704000000000000000e+03 1.921065330505371094e+00
2.705000000000000000e+03 1.889164209365844727e+00
2.706000000000000000e+03 1.895647168159484863e+00
2.707000000000000000e+03 1.917825698852539062e+00
2.708000000000000000e+03 1.912981510162353516e+00
2.709000000000000000e+03 1.888174533843994141e+00
2.710000000000000000e+03 1.924245357513427734e+00
2.711000000000000000e+03 1.861637353897094727e+00
2.712000000000000000e+03 1.864284873008728027e+00
2.713000000000000000e+03 1.886065959930419922e+00
2.714000000000000000e+03 1.870123028755187988e+00
2.715000000000000000e+03 1.831568598747253418e+00
2.716000000000000000e+03 1.851913571357727051e+00
2.717000000000000000e+03 1.845483779907226562e+00
2.718000000000000000e+03 1.858508348464965820e+00
2.719000000000000000e+03 1.887394189834594727e+00
2.720000000000000000e+03 1.914977908134460449e+00
2.721000000000000000e+03 1.878011465072631836e+00
2.722000000000000000e+03 1.878148555755615234e+00
2.723000000000000000e+03 1.868946313858032227e+00
2.724000000000000000e+03 1.904310345649719238e+00
2.725000000000000000e+03 1.878047943115234375e+00
2.726000000000000000e+03 1.889798402786254883e+00
2.727000000000000000e+03 1.862734675407409668e+00
2.728000000000000000e+03 1.913785099983215332e+00
2.729000000000000000e+03 1.849024772644042969e+00
2.730000000000000000e+03 1.948836445808410645e+00
2.731000000000000000e+03 1.914177417755126953e+00
2.732000000000000000e+03 1.891218423843383789e+00
2.733000000000000000e+03 1.952630639076232910e+00
2.734000000000000000e+03 1.890084147453308105e+00
2.735000000000000000e+03 1.932343840599060059e+00
2.736000000000000000e+03 1.912415504455566406e+00
2.737000000000000000e+03 1.944271087646484375e+00
2.738000000000000000e+03 1.943371534347534180e+00
2.739000000000000000e+03 1.962872982025146484e+00
2.740000000000000000e+03 1.941622972488403320e+00
2.741000000000000000e+03 1.939338326454162598e+00
2.742000000000000000e+03 1.936822772026062012e+00
2.743000000000000000e+03 1.924646615982055664e+00
2.744000000000000000e+03 1.954362630844116211e+00
2.745000000000000000e+03 1.933197140693664551e+00
2.746000000000000000e+03 1.895495057106018066e+00
2.747000000000000000e+03 1.917526602745056152e+00
2.748000000000000000e+03 1.947233200073242188e+00
2.749000000000000000e+03 1.918240547180175781e+00
2.750000000000000000e+03 1.940783262252807617e+00
2.751000000000000000e+03 1.946286797523498535e+00
2.752000000000000000e+03 1.880959749221801758e+00
2.753000000000000000e+03 1.927346348762512207e+00
2.754000000000000000e+03 1.864341378211975098e+00
2.755000000000000000e+03 1.890006780624389648e+00
2.756000000000000000e+03 1.927031159400939941e+00
2.757000000000000000e+03 1.933941006660461426e+00
2.758000000000000000e+03 1.953488826751708984e+00
2.759000000000000000e+03 1.940671324729919434e+00
2.760000000000000000e+03 1.890154242515563965e+00
2.761000000000000000e+03 1.875077962875366211e+00
2.762000000000000000e+03 1.899430394172668457e+00
2.763000000000000000e+03 1.904556274414062500e+00
2.764000000000000000e+03 1.911247134208679199e+00
2.765000000000000000e+03 1.872197031974792480e+00
2.766000000000000000e+03 1.870211005210876465e+00
2.767000000000000000e+03 1.897759675979614258e+00
2.768000000000000000e+03 1.893347740173339844e+00
2.769000000000000000e+03 1.896215915679931641e+00
2.770000000000000000e+03 1.932003974914550781e+00
2.771000000000000000e+03 1.965813517570495605e+00
2.772000000000000000e+03 1.985957980155944824e+00
2.773000000000000000e+03 1.933889150619506836e+00
2.774000000000000000e+03 1.950921535491943359e+00
2.775000000000000000e+03 1.935899019241333008e+00
2.776000000000000000e+03 1.945917606353759766e+00
2.777000000000000000e+03 1.985829830169677734e+00
2.778000000000000000e+03 1.949723005294799805e+00
2.779000000000000000e+03 1.965271115303039551e+00
2.780000000000000000e+03 1.953322172164916992e+00
2.781000000000000000e+03 1.916658282279968262e+00
2.782000000000000000e+03 1.908193707466125488e+00
2.783000000000000000e+03 1.933122158050537109e+00
2.784000000000000000e+03 1.958039522171020508e+00
2.785000000000000000e+03 1.972624421119689941e+00
2.786000000000000000e+03 1.934906244277954102e+00
2.787000000000000000e+03 1.911012530326843262e+00
2.788000000000000000e+03 1.902069568634033203e+00
2.789000000000000000e+03 1.936496376991271973e+00
2.790000000000000000e+03 1.857239007949829102e+00
2.791000000000000000e+03 1.870609402656555176e+00
2.792000000000000000e+03 1.883491277694702148e+00
2.793000000000000000e+03 1.961076378822326660e+00
2.794000000000000000e+03 1.892100930213928223e+00
2.795000000000000000e+03 1.923920989036560059e+00
2.796000000000000000e+03 1.853182315826416016e+00
2.797000000000000000e+03 1.864769458770751953e+00
2.798000000000000000e+03 1.862489461898803711e+00
2.799000000000000000e+03 1.845637559890747070e+00
2.800000000000000000e+03 1.896173477172851562e+00
2.801000000000000000e+03 1.901905298233032227e+00
2.802000000000000000e+03 1.865180015563964844e+00
2.803000000000000000e+03 1.842529535293579102e+00
2.804000000000000000e+03 1.848577976226806641e+00
2.805000000000000000e+03 1.851145982742309570e+00
2.806000000000000000e+03 1.853649854660034180e+00
2.807000000000000000e+03 1.832053780555725098e+00
2.808000000000000000e+03 1.861514925956726074e+00
2.809000000000000000e+03 1.802866697311401367e+00
2.810000000000000000e+03 1.842464089393615723e+00
2.811000000000000000e+03 1.824361324310302734e+00
2.812000000000000000e+03 1.778917908668518066e+00
2.813000000000000000e+03 1.776891708374023438e+00
2.814000000000000000e+03 1.818535089492797852e+00
2.815000000000000000e+03 1.844076871871948242e+00
2.816000000000000000e+03 1.858406424522399902e+00
2.817000000000000000e+03 1.885318040847778320e+00
2.818000000000000000e+03 1.905666828155517578e+00
2.819000000000000000e+03 1.926162838935852051e+00
2.820000000000000000e+03 1.868977069854736328e+00
2.821000000000000000e+03 1.859364390373229980e+00
2.822000000000000000e+03 1.846606135368347168e+00
2.823000000000000000e+03 1.864172101020812988e+00
2.824000000000000000e+03 1.840264558792114258e+00
2.825000000000000000e+03 1.922313809394836426e+00
2.826000000000000000e+03 1.886470675468444824e+00
2.827000000000000000e+03 1.922990679740905762e+00
2.828000000000000000e+03 1.882400751113891602e+00
2.829000000000000000e+03 1.825383305549621582e+00
2.830000000000000000e+03 1.813830733299255371e+00
2.831000000000000000e+03 1.848770141601562500e+00
2.832000000000000000e+03 1.866438627243041992e+00
2.833000000000000000e+03 1.826896190643310547e+00
2.834000000000000000e+03 1.858109235763549805e+00
2.835000000000000000e+03 1.851884722709655762e+00
2.836000000000000000e+03 1.884673595428466797e+00
2.837000000000000000e+03 1.912058234214782715e+00
2.838000000000000000e+03 1.892448902130126953e+00
2.839000000000000000e+03 1.873599052429199219e+00
2.840000000000000000e+03 1.855586528778076172e+00
2.841000000000000000e+03 1.892719984054565430e+00
2.842000000000000000e+03 1.927702903747558594e+00
2.843000000000000000e+03 1.916732192039489746e+00
2.844000000000000000e+03 1.937622308731079102e+00
2.845000000000000000e+03 1.882488846778869629e+00
2.846000000000000000e+03 1.917104959487915039e+00
2.847000000000000000e+03 1.868190407752990723e+00
2.848000000000000000e+03 1.897027134895324707e+00
2.849000000000000000e+03 1.840866208076477051e+00
2.850000000000000000e+03 1.846436738967895508e+00
2.851000000000000000e+03 1.877613902091979980e+00
2.852000000000000000e+03 1.869102358818054199e+00
2.853000000000000000e+03 1.881240844726562500e+00
2.854000000000000000e+03 1.894416809082031250e+00
2.855000000000000000e+03 1.848023653030395508e+00
2.856000000000000000e+03 1.849368333816528320e+00
2.857000000000000000e+03 1.800365447998046875e+00
2.858000000000000000e+03 1.837678670883178711e+00
2.859000000000000000e+03 1.867006897926330566e+00
2.860000000000000000e+03 1.857031226158142090e+00
2.861000000000000000e+03 1.825933218002319336e+00
2.862000000000000000e+03 1.882310390472412109e+00
2.863000000000000000e+03 1.892873048782348633e+00
2.864000000000000000e+03 1.883431077003479004e+00
2.865000000000000000e+03 1.860176444053649902e+00
2.866000000000000000e+03 1.903838634490966797e+00
2.867000000000000000e+03 1.894705057144165039e+00
2.868000000000000000e+03 1.849525332450866699e+00
2.869000000000000000e+03 1.866848349571228027e+00
2.870000000000000000e+03 1.814281582832336426e+00
2.871000000000000000e+03 1.855193257331848145e+00
2.872000000000000000e+03 1.843841314315795898e+00
2.873000000000000000e+03 1.835950016975402832e+00
2.874000000000000000e+03 1.861569881439208984e+00
2.875000000000000000e+03 1.844722509384155273e+00
2.876000000000000000e+03 1.807703733444213867e+00
2.877000000000000000e+03 1.854730725288391113e+00
2.878000000000000000e+03 1.843873381614685059e+00
2.879000000000000000e+03 1.811186075210571289e+00
2.880000000000000000e+03 1.767259478569030762e+00
2.881000000000000000e+03 1.844469785690307617e+00
2.882000000000000000e+03 1.793515324592590332e+00
2.883000000000000000e+03 1.730165958404541016e+00
2.884000000000000000e+03 1.774670362472534180e+00
2.885000000000000000e+03 1.809256911277770996e+00
2.886000000000000000e+03 1.764531612396240234e+00
2.887000000000000000e+03 1.808542490005493164e+00
2.888000000000000000e+03 1.819738149642944336e+00
2.889000000000000000e+03 1.822047829627990723e+00
2.890000000000000000e+03 1.794839978218078613e+00
2.891000000000000000e+03 1.810660481452941895e+00
2.892000000000000000e+03 1.869313836097717285e+00
2.893000000000000000e+03 1.866361856460571289e+00
2.894000000000000000e+03 1.828201532363891602e+00
2.895000000000000000e+03 1.836183071136474609e+00
2.896000000000000000e+03 1.837878584861755371e+00
2.897000000000000000e+03 1.793239712715148926e+00
2.898000000000000000e+03 1.839346170425415039e+00
2.899000000000000000e+03 1.830305337905883789e+00
2.900000000000000000e+03 1.844038248062133789e+00
2.901000000000000000e+03 1.825015425682067871e+00
2.902000000000000000e+03 1.770217657089233398e+00
2.903000000000000000e+03 1.834655284881591797e+00
2.904000000000000000e+03 1.816153764724731445e+00
2.905000000000000000e+03 1.766353130340576172e+00
2.906000000000000000e+03 1.795800447463989258e+00
2.907000000000000000e+03 1.796219468116760254e+00
2.908000000000000000e+03 1.817739009857177734e+00
2.909000000000000000e+03 1.838286876678466797e+00
2.910000000000000000e+03 1.848290920257568359e+00
2.911000000000000000e+03 1.883287668228149414e+00
2.912000000000000000e+03 1.816663742065429688e+00
2.913000000000000000e+03 1.775568485260009766e+00
2.914000000000000000e+03 1.794784545898437500e+00
2.915000000000000000e+03 1.800256133079528809e+00
2.916000000000000000e+03 1.806182622909545898e+00
2.917000000000000000e+03 1.820152759552001953e+00
2.918000000000000000e+03 1.845723152160644531e+00
2.919000000000000000e+03 1.855654120445251465e+00
2.920000000000000000e+03 1.852774381637573242e+00
2.921000000000000000e+03 1.901619315147399902e+00
2.922000000000000000e+03 1.860900878906250000e+00
2.923000000000000000e+03 1.884877085685729980e+00
2.924000000000000000e+03 1.815064668655395508e+00
2.925000000000000000e+03 1.807538628578186035e+00
2.926000000000000000e+03 1.813669204711914062e+00
2.927000000000000000e+03 1.797918677330017090e+00
2.928000000000000000e+03 1.794047832489013672e+00
2.929000000000000000e+03 1.830665111541748047e+00
2.930000000000000000e+03 1.785639286041259766e+00
2.931000000000000000e+03 1.839619159698486328e+00
2.932000000000000000e+03 1.815766572952270508e+00
2.933000000000000000e+03 1.798073053359985352e+00
2.934000000000000000e+03 1.852728486061096191e+00
2.935000000000000000e+03 1.830998539924621582e+00
2.936000000000000000e+03 1.787406682968139648e+00
2.937000000000000000e+03 1.808536648750305176e+00
2.938000000000000000e+03 1.822798252105712891e+00
2.939000000000000000e+03 1.810859322547912598e+00
2.940000000000000000e+03 1.848495602607727051e+00
2.941000000000000000e+03 1.815184950828552246e+00
2.942000000000000000e+03 1.790967583656311035e+00
2.943000000000000000e+03 1.800759077072143555e+00
2.944000000000000000e+03 1.810160160064697266e+00
2.945000000000000000e+03 1.787723541259765625e+00
2.946000000000000000e+03 1.812064290046691895e+00
2.947000000000000000e+03 1.844450473785400391e+00
2.948000000000000000e+03 1.819175720214843750e+00
2.949000000000000000e+03 1.850410699844360352e+00
2.950000000000000000e+03 1.860791087150573730e+00
2.951000000000000000e+03 1.834819555282592773e+00
2.952000000000000000e+03 1.841135025024414062e+00
2.953000000000000000e+03 1.851838827133178711e+00
2.954000000000000000e+03 1.833644747734069824e+00
2.955000000000000000e+03 1.825535058975219727e+00
2.956000000000000000e+03 1.880239605903625488e+00
2.957000000000000000e+03 1.890781164169311523e+00
2.958000000000000000e+03 1.832244038581848145e+00
2.959000000000000000e+03 1.846571922302246094e+00
2.960000000000000000e+03 1.874708175659179688e+00
2.961000000000000000e+03 1.861409306526184082e+00
2.962000000000000000e+03 1.855803489685058594e+00
2.963000000000000000e+03 1.838517069816589355e+00
2.964000000000000000e+03 1.832576394081115723e+00
2.965000000000000000e+03 1.853438377380371094e+00
2.966000000000000000e+03 1.814635038375854492e+00
2.967000000000000000e+03 1.863816976547241211e+00
2.968000000000000000e+03 1.877842187881469727e+00
2.969000000000000000e+03 1.826972484588623047e+00
2.970000000000000000e+03 1.806380629539489746e+00
2.971000000000000000e+03 1.812124609947204590e+00
2.972000000000000000e+03 1.853611350059509277e+00
2.973000000000000000e+03 1.791721701622009277e+00
2.974000000000000000e+03 1.839274406433105469e+00
2.975000000000000000e+03 1.818715333938598633e+00
2.976000000000000000e+03 1.868550300598144531e+00
2.977000000000000000e+03 1.883481144905090332e+00
2.978000000000000000e+03 1.864325761795043945e+00
2.979000000000000000e+03 1.797994136810302734e+00
2.980000000000000000e+03 1.851842164993286133e+00
2.981000000000000000e+03 1.849606275558471680e+00
2.982000000000000000e+03 1.909120202064514160e+00
2.983000000000000000e+03 1.863415956497192383e+00
2.984000000000000000e+03 1.870508790016174316e+00
2.985000000000000000e+03 1.828993797302246094e+00
2.986000000000000000e+03 1.825075149536132812e+00
2.987000000000000000e+03 1.838040590286254883e+00
2.988000000000000000e+03 1.850754499435424805e+00
2.989000000000000000e+03 1.855683803558349609e+00
2.990000000000000000e+03 1.875764369964599609e+00
2.991000000000000000e+03 1.851629257202148438e+00
2.992000000000000000e+03 1.816472768783569336e+00
2.993000000000000000e+03 1.870665431022644043e+00
2.994000000000000000e+03 1.840621113777160645e+00
2.995000000000000000e+03 1.831461429595947266e+00
2.996000000000000000e+03 1.799274325370788574e+00
2.997000000000000000e+03 1.809855699539184570e+00
2.998000000000000000e+03 1.763010621070861816e+00
2.999000000000000000e+03 1.803773283958435059e+00
3.000000000000000000e+03 1.760929226875305176e+00
3.001000000000000000e+03 1.803829550743103027e+00
3.002000000000000000e+03 1.831987023353576660e+00
3.003000000000000000e+03 1.851817369461059570e+00
3.004000000000000000e+03 1.839420795440673828e+00
3.005000000000000000e+03 1.807637810707092285e+00
3.006000000000000000e+03 1.849410414695739746e+00
3.007000000000000000e+03 1.837610721588134766e+00
3.008000000000000000e+03 1.828597426414489746e+00
3.009000000000000000e+03 1.849920034408569336e+00
3.010000000000000000e+03 1.843860626220703125e+00
3.011000000000000000e+03 1.880630016326904297e+00
3.012000000000000000e+03 1.918049216270446777e+00
3.013000000000000000e+03 1.851914048194885254e+00
3.014000000000000000e+03 1.800324559211730957e+00
3.015000000000000000e+03 1.855605602264404297e+00
3.016000000000000000e+03 1.852558612823486328e+00
3.017000000000000000e+03 1.829491615295410156e+00
3.018000000000000000e+03 1.857394695281982422e+00
3.019000000000000000e+03 1.835109710693359375e+00
3.020000000000000000e+03 1.814305782318115234e+00
3.021000000000000000e+03 1.805763959884643555e+00
3.022000000000000000e+03 1.799157500267028809e+00
3.023000000000000000e+03 1.756718873977661133e+00
3.024000000000000000e+03 1.714124441146850586e+00
3.025000000000000000e+03 1.752902984619140625e+00
3.026000000000000000e+03 1.830588102340698242e+00
3.027000000000000000e+03 1.850074529647827148e+00
3.028000000000000000e+03 1.844305515289306641e+00
3.029000000000000000e+03 1.793533563613891602e+00
3.030000000000000000e+03 1.807980418205261230e+00
3.031000000000000000e+03 1.789556503295898438e+00
3.032000000000000000e+03 1.836088061332702637e+00
3.033000000000000000e+03 1.792240023612976074e+00
3.034000000000000000e+03 1.798972725868225098e+00
3.035000000000000000e+03 1.794771671295166016e+00
3.036000000000000000e+03 1.821716070175170898e+00
3.037000000000000000e+03 1.820284008979797363e+00
3.038000000000000000e+03 1.796204447746276855e+00
3.039000000000000000e+03 1.796340465545654297e+00
3.040000000000000000e+03 1.799082279205322266e+00
3.041000000000000000e+03 1.837356925010681152e+00
3.042000000000000000e+03 1.814923644065856934e+00
3.043000000000000000e+03 1.740623593330383301e+00
3.044000000000000000e+03 1.815072536468505859e+00
3.045000000000000000e+03 1.791588783264160156e+00
3.046000000000000000e+03 1.806832790374755859e+00
3.047000000000000000e+03 1.815003991127014160e+00
3.048000000000000000e+03 1.814482808113098145e+00
3.049000000000000000e+03 1.789071321487426758e+00
3.050000000000000000e+03 1.784662723541259766e+00
3.051000000000000000e+03 1.806572437286376953e+00
3.052000000000000000e+03 1.772178411483764648e+00
3.053000000000000000e+03 1.824066638946533203e+00
3.054000000000000000e+03 1.829190611839294434e+00
3.055000000000000000e+03 1.803384542465209961e+00
3.056000000000000000e+03 1.843581914901733398e+00
3.057000000000000000e+03 1.815327882766723633e+00
3.058000000000000000e+03 1.766392827033996582e+00
3.059000000000000000e+03 1.826582193374633789e+00
3.060000000000000000e+03 1.856248736381530762e+00
3.061000000000000000e+03 1.863690376281738281e+00
3.062000000000000000e+03 1.820837140083312988e+00
3.063000000000000000e+03 1.807965517044067383e+00
3.064000000000000000e+03 1.845844864845275879e+00
3.065000000000000000e+03 1.842622876167297363e+00
3.066000000000000000e+03 1.841487288475036621e+00
3.067000000000000000e+03 1.831535339355468750e+00
3.068000000000000000e+03 1.833243846893310547e+00
3.069000000000000000e+03 1.844330668449401855e+00
3.070000000000000000e+03 1.788534522056579590e+00
3.071000000000000000e+03 1.844527006149291992e+00
3.072000000000000000e+03 1.893742322921752930e+00
3.073000000000000000e+03 1.946666955947875977e+00
3.074000000000000000e+03 1.883670091629028320e+00
3.075000000000000000e+03 1.854555130004882812e+00
3.076000000000000000e+03 1.837777376174926758e+00
3.077000000000000000e+03 1.803910493850708008e+00
3.078000000000000000e+03 1.825484395027160645e+00
3.079000000000000000e+03 1.875449180603027344e+00
3.080000000000000000e+03 1.827156543731689453e+00
3.081000000000000000e+03 1.848484992980957031e+00
3.082000000000000000e+03 1.828669309616088867e+00
3.083000000000000000e+03 1.867040753364562988e+00
3.084000000000000000e+03 1.881861209869384766e+00
3.085000000000000000e+03 1.929981470108032227e+00
3.086000000000000000e+03 1.876015186309814453e+00
3.087000000000000000e+03 1.889258623123168945e+00
3.088000000000000000e+03 1.856004953384399414e+00
3.089000000000000000e+03 1.873145341873168945e+00
3.090000000000000000e+03 1.888453364372253418e+00
3.091000000000000000e+03 1.900597453117370605e+00
3.092000000000000000e+03 1.915331482887268066e+00
3.093000000000000000e+03 1.885908126831054688e+00
3.094000000000000000e+03 1.874056696891784668e+00
3.095000000000000000e+03 1.888476133346557617e+00
3.096000000000000000e+03 1.856026887893676758e+00
3.097000000000000000e+03 1.812680363655090332e+00
3.098000000000000000e+03 1.869393706321716309e+00
3.099000000000000000e+03 1.864889979362487793e+00
3.100000000000000000e+03 1.865054845809936523e+00
3.101000000000000000e+03 1.877419829368591309e+00
3.102000000000000000e+03 1.846262812614440918e+00
3.103000000000000000e+03 1.888005495071411133e+00
3.104000000000000000e+03 1.845685720443725586e+00
3.105000000000000000e+03 1.869938254356384277e+00
3.106000000000000000e+03 1.814318418502807617e+00
3.107000000000000000e+03 1.883649110794067383e+00
3.108000000000000000e+03 1.842555999755859375e+00
3.109000000000000000e+03 1.865799784660339355e+00
3.110000000000000000e+03 1.859411478042602539e+00
3.111000000000000000e+03 1.855573415756225586e+00
3.112000000000000000e+03 1.879581928253173828e+00
3.113000000000000000e+03 1.877244710922241211e+00
3.114000000000000000e+03 1.905768156051635742e+00
3.115000000000000000e+03 1.873330235481262207e+00
3.116000000000000000e+03 1.930634379386901855e+00
3.117000000000000000e+03 1.882114291191101074e+00
3.118000000000000000e+03 1.855889081954956055e+00
3.119000000000000000e+03 1.928224444389343262e+00
3.120000000000000000e+03 1.904430747032165527e+00
3.121000000000000000e+03 1.860366940498352051e+00
3.122000000000000000e+03 1.897498130798339844e+00
3.123000000000000000e+03 1.870272636413574219e+00
3.124000000000000000e+03 1.935019493103027344e+00
3.125000000000000000e+03 1.929902195930480957e+00
3.126000000000000000e+03 1.925818443298339844e+00
3.127000000000000000e+03 1.888816714286804199e+00
3.128000000000000000e+03 1.900878429412841797e+00
3.129000000000000000e+03 1.934049725532531738e+00
3.130000000000000000e+03 1.892583131790161133e+00
3.131000000000000000e+03 1.871010065078735352e+00
3.132000000000000000e+03 1.869845986366271973e+00
3.133000000000000000e+03 1.908970117568969727e+00
3.134000000000000000e+03 1.898343086242675781e+00
3.135000000000000000e+03 1.914507865905761719e+00
3.136000000000000000e+03 1.871311306953430176e+00
3.137000000000000000e+03 1.867546319961547852e+00
3.138000000000000000e+03 1.839668154716491699e+00
3.139000000000000000e+03 1.933627367019653320e+00
3.140000000000000000e+03 1.927895665168762207e+00
3.141000000000000000e+03 1.844081163406372070e+00
3.142000000000000000e+03 1.845363259315490723e+00
3.143000000000000000e+03 1.847791433334350586e+00
3.144000000000000000e+03 1.835487008094787598e+00
3.145000000000000000e+03 1.869460582733154297e+00
3.146000000000000000e+03 1.849793672561645508e+00
3.147000000000000000e+03 1.846447706222534180e+00
3.148000000000000000e+03 1.865580320358276367e+00
3.149000000000000000e+03 1.927507162094116211e+00
3.150000000000000000e+03 1.897637844085693359e+00
3.151000000000000000e+03 1.819714188575744629e+00
3.152000000000000000e+03 1.869839191436767578e+00
3.153000000000000000e+03 1.814272284507751465e+00
3.154000000000000000e+03 1.826740264892578125e+00
3.155000000000000000e+03 1.837134122848510742e+00
3.156000000000000000e+03 1.813199758529663086e+00
3.157000000000000000e+03 1.803209543228149414e+00
3.158000000000000000e+03 1.837202787399291992e+00
3.159000000000000000e+03 1.834054708480834961e+00
3.160000000000000000e+03 1.842572927474975586e+00
3.161000000000000000e+03 1.789249897003173828e+00
3.162000000000000000e+03 1.798625111579895020e+00
3.163000000000000000e+03 1.842074632644653320e+00
3.164000000000000000e+03 1.861219286918640137e+00
3.165000000000000000e+03 1.835753679275512695e+00
3.166000000000000000e+03 1.791110277175903320e+00
3.167000000000000000e+03 1.842984914779663086e+00
3.168000000000000000e+03 1.829112768173217773e+00
3.169000000000000000e+03 1.802792906761169434e+00
3.170000000000000000e+03 1.844642162322998047e+00
3.171000000000000000e+03 1.811487913131713867e+00
3.172000000000000000e+03 1.866328477859497070e+00
3.173000000000000000e+03 1.858889698982238770e+00
3.174000000000000000e+03 1.874252080917358398e+00
3.175000000000000000e+03 1.818866610527038574e+00
3.176000000000000000e+03 1.823615789413452148e+00
3.177000000000000000e+03 1.822452545166015625e+00
3.178000000000000000e+03 1.848917365074157715e+00
3.179000000000000000e+03 1.814189553260803223e+00
3.180000000000000000e+03 1.819517016410827637e+00
3.181000000000000000e+03 1.827849388122558594e+00
3.182000000000000000e+03 1.893368482589721680e+00
3.183000000000000000e+03 1.848027825355529785e+00
3.184000000000000000e+03 1.798688173294067383e+00
3.185000000000000000e+03 1.840083122253417969e+00
3.186000000000000000e+03 1.798386931419372559e+00
3.187000000000000000e+03 1.838247179985046387e+00
3.188000000000000000e+03 1.829306125640869141e+00
3.189000000000000000e+03 1.801109671592712402e+00
3.190000000000000000e+03 1.786744236946105957e+00
3.191000000000000000e+03 1.809756040573120117e+00
3.192000000000000000e+03 1.814269065856933594e+00
3.193000000000000000e+03 1.825001955032348633e+00
3.194000000000000000e+03 1.863409042358398438e+00
3.195000000000000000e+03 1.861360430717468262e+00
3.196000000000000000e+03 1.877036094665527344e+00
3.197000000000000000e+03 1.920767188072204590e+00
3.198000000000000000e+03 1.909834742546081543e+00
3.199000000000000000e+03 1.893308281898498535e+00
3.200000000000000000e+03 1.915781021118164062e+00
3.201000000000000000e+03 1.825623750686645508e+00
3.202000000000000000e+03 1.850816249847412109e+00
3.203000000000000000e+03 1.881139278411865234e+00
3.204000000000000000e+03 1.871870517730712891e+00
3.205000000000000000e+03 1.833772897720336914e+00
3.206000000000000000e+03 1.818148970603942871e+00
3.207000000000000000e+03 1.794242143630981445e+00
3.208000000000000000e+03 1.817641973495483398e+00
3.209000000000000000e+03 1.836510062217712402e+00
3.210000000000000000e+03 1.857214570045471191e+00
3.211000000000000000e+03 1.875099539756774902e+00
3.212000000000000000e+03 1.897318363189697266e+00
3.213000000000000000e+03 1.854364871978759766e+00
3.214000000000000000e+03 1.869585752487182617e+00
3.215000000000000000e+03 1.884918451309204102e+00
3.216000000000000000e+03 1.904477596282958984e+00
3.217000000000000000e+03 1.846900463104248047e+00
3.218000000000000000e+03 1.816697239875793457e+00
3.219000000000000000e+03 1.879739522933959961e+00
3.220000000000000000e+03 1.831628203392028809e+00
3.221000000000000000e+03 1.807703971862792969e+00
3.222000000000000000e+03 1.787730216979980469e+00
3.223000000000000000e+03 1.835194587707519531e+00
3.224000000000000000e+03 1.793818950653076172e+00
3.225000000000000000e+03 1.907744169235229492e+00
3.226000000000000000e+03 1.911058187484741211e+00
3.227000000000000000e+03 1.908262848854064941e+00
3.228000000000000000e+03 1.873152136802673340e+00
3.229000000000000000e+03 1.770157217979431152e+00
3.230000000000000000e+03 1.815902233123779297e+00
3.231000000000000000e+03 1.833496809005737305e+00
3.232000000000000000e+03 1.850054025650024414e+00
3.233000000000000000e+03 1.800252556800842285e+00
3.234000000000000000e+03 1.823359251022338867e+00
3.235000000000000000e+03 1.798312187194824219e+00
3.236000000000000000e+03 1.824910998344421387e+00
3.237000000000000000e+03 1.856898307800292969e+00
3.238000000000000000e+03 1.865234851837158203e+00
3.239000000000000000e+03 1.844262123107910156e+00
3.240000000000000000e+03 1.869935274124145508e+00
3.241000000000000000e+03 1.852010488510131836e+00
3.242000000000000000e+03 1.794718146324157715e+00
3.243000000000000000e+03 1.820122838020324707e+00
3.244000000000000000e+03 1.808523178100585938e+00
3.245000000000000000e+03 1.809399604797363281e+00
3.246000000000000000e+03 1.781251311302185059e+00
3.247000000000000000e+03 1.813291907310485840e+00
3.248000000000000000e+03 1.845952153205871582e+00
3.249000000000000000e+03 1.833890438079833984e+00
3.250000000000000000e+03 1.827734470367431641e+00
3.251000000000000000e+03 1.814768314361572266e+00
3.252000000000000000e+03 1.835863828659057617e+00
3.253000000000000000e+03 1.856165409088134766e+00
3.254000000000000000e+03 1.790376305580139160e+00
3.255000000000000000e+03 1.760540843009948730e+00
3.256000000000000000e+03 1.750035643577575684e+00
3.257000000000000000e+03 1.767379760742187500e+00
3.258000000000000000e+03 1.850281834602355957e+00
3.259000000000000000e+03 1.825457572937011719e+00
3.260000000000000000e+03 1.809455275535583496e+00
3.261000000000000000e+03 1.785010218620300293e+00
3.262000000000000000e+03 1.774816989898681641e+00
3.263000000000000000e+03 1.770714402198791504e+00
3.264000000000000000e+03 1.804179430007934570e+00
3.265000000000000000e+03 1.801039814949035645e+00
3.266000000000000000e+03 1.811272263526916504e+00
3.267000000000000000e+03 1.842884898185729980e+00
3.268000000000000000e+03 1.821433067321777344e+00
3.269000000000000000e+03 1.839112043380737305e+00
3.270000000000000000e+03 1.858158111572265625e+00
3.271000000000000000e+03 1.822932720184326172e+00
3.272000000000000000e+03 1.813019156455993652e+00
3.273000000000000000e+03 1.738591551780700684e+00
3.274000000000000000e+03 1.800012230873107910e+00
3.275000000000000000e+03 1.813998103141784668e+00
3.276000000000000000e+03 1.828472375869750977e+00
3.277000000000000000e+03 1.822882294654846191e+00
3.278000000000000000e+03 1.774464249610900879e+00
3.279000000000000000e+03 1.788622021675109863e+00
3.280000000000000000e+03 1.860818266868591309e+00
3.281000000000000000e+03 1.775287866592407227e+00
3.282000000000000000e+03 1.791549563407897949e+00
3.283000000000000000e+03 1.826698780059814453e+00
3.284000000000000000e+03 1.820841193199157715e+00
3.285000000000000000e+03 1.875362873077392578e+00
3.286000000000000000e+03 1.842126369476318359e+00
3.287000000000000000e+03 1.833766222000122070e+00
3.288000000000000000e+03 1.816003799438476562e+00
3.289000000000000000e+03 1.815402507781982422e+00
3.290000000000000000e+03 1.819135785102844238e+00
3.291000000000000000e+03 1.796884059906005859e+00
3.292000000000000000e+03 1.791556119918823242e+00
3.293000000000000000e+03 1.816437005996704102e+00
3.294000000000000000e+03 1.817346572875976562e+00
3.295000000000000000e+03 1.843024611473083496e+00
3.296000000000000000e+03 1.795276641845703125e+00
3.297000000000000000e+03 1.819049119949340820e+00
3.298000000000000000e+03 1.815972089767456055e+00
3.299000000000000000e+03 1.822112202644348145e+00
3.300000000000000000e+03 1.795883059501647949e+00
3.301000000000000000e+03 1.829809904098510742e+00
3.302000000000000000e+03 1.787352561950683594e+00
3.303000000000000000e+03 1.827885150909423828e+00
3.304000000000000000e+03 1.835129022598266602e+00
3.305000000000000000e+03 1.852697610855102539e+00
3.306000000000000000e+03 1.828502893447875977e+00
3.307000000000000000e+03 1.863063454627990723e+00
3.308000000000000000e+03 1.826301336288452148e+00
3.309000000000000000e+03 1.861927270889282227e+00
3.310000000000000000e+03 1.876433730125427246e+00
3.311000000000000000e+03 1.863826513290405273e+00
3.312000000000000000e+03 1.814404487609863281e+00
3.313000000000000000e+03 1.847823023796081543e+00
3.314000000000000000e+03 1.865834951400756836e+00
3.315000000000000000e+03 1.795941710472106934e+00
3.316000000000000000e+03 1.842623472213745117e+00
3.317000000000000000e+03 1.833920717239379883e+00
3.318000000000000000e+03 1.834257602691650391e+00
3.319000000000000000e+03 1.841784954071044922e+00
3.320000000000000000e+03 1.859987497329711914e+00
3.321000000000000000e+03 1.855648517608642578e+00
3.322000000000000000e+03 1.862082839012145996e+00
3.323000000000000000e+03 1.902586221694946289e+00
3.324000000000000000e+03 1.901592135429382324e+00
3.325000000000000000e+03 1.869414567947387695e+00
3.326000000000000000e+03 1.788955450057983398e+00
3.327000000000000000e+03 1.812721848487854004e+00
3.328000000000000000e+03 1.779587388038635254e+00
3.329000000000000000e+03 1.757302761077880859e+00
3.330000000000000000e+03 1.823925852775573730e+00
3.331000000000000000e+03 1.863457679748535156e+00
3.332000000000000000e+03 1.872310757637023926e+00
3.333000000000000000e+03 1.857198476791381836e+00
3.334000000000000000e+03 1.852310895919799805e+00
3.335000000000000000e+03 1.846124410629272461e+00
3.336000000000000000e+03 1.833551645278930664e+00
3.337000000000000000e+03 1.790226697921752930e+00
3.338000000000000000e+03 1.843136429786682129e+00
3.339000000000000000e+03 1.790856361389160156e+00
3.340000000000000000e+03 1.781758666038513184e+00
3.341000000000000000e+03 1.840363025665283203e+00
3.342000000000000000e+03 1.846669912338256836e+00
3.343000000000000000e+03 1.898317813873291016e+00
3.344000000000000000e+03 1.894665479660034180e+00
3.345000000000000000e+03 1.888785481452941895e+00
3.346000000000000000e+03 1.855340480804443359e+00
3.347000000000000000e+03 1.857458591461181641e+00
3.348000000000000000e+03 1.870208859443664551e+00
3.349000000000000000e+03 1.855086565017700195e+00
3.350000000000000000e+03 1.843286395072937012e+00
3.351000000000000000e+03 1.845568299293518066e+00
3.352000000000000000e+03 1.816601276397705078e+00
3.353000000000000000e+03 1.796717405319213867e+00
3.354000000000000000e+03 1.869631528854370117e+00
3.355000000000000000e+03 1.863540172576904297e+00
3.356000000000000000e+03 1.829828262329101562e+00
3.357000000000000000e+03 1.813629388809204102e+00
3.358000000000000000e+03 1.858078002929687500e+00
3.359000000000000000e+03 1.859101057052612305e+00
3.360000000000000000e+03 1.870144128799438477e+00
3.361000000000000000e+03 1.865214347839355469e+00
3.362000000000000000e+03 1.854877114295959473e+00
3.363000000000000000e+03 1.855502128601074219e+00
3.364000000000000000e+03 1.870164752006530762e+00
3.365000000000000000e+03 1.860940456390380859e+00
3.366000000000000000e+03 1.835933446884155273e+00
3.367000000000000000e+03 1.856798768043518066e+00
3.368000000000000000e+03 1.899461507797241211e+00
3.369000000000000000e+03 1.871235132217407227e+00
3.370000000000000000e+03 1.886253595352172852e+00
3.371000000000000000e+03 1.877373218536376953e+00
3.372000000000000000e+03 1.883496284484863281e+00
3.373000000000000000e+03 1.856504201889038086e+00
3.374000000000000000e+03 1.878765583038330078e+00
3.375000000000000000e+03 1.864830970764160156e+00
3.376000000000000000e+03 1.847711920738220215e+00
3.377000000000000000e+03 1.878332853317260742e+00
3.378000000000000000e+03 1.865393161773681641e+00
3.379000000000000000e+03 1.873728632926940918e+00
3.380000000000000000e+03 1.881922006607055664e+00
3.381000000000000000e+03 1.884965419769287109e+00
3.382000000000000000e+03 1.848019123077392578e+00
3.383000000000000000e+03 1.890132546424865723e+00
3.384000000000000000e+03 1.798828959465026855e+00
3.385000000000000000e+03 1.870188593864440918e+00
3.386000000000000000e+03 1.840258121490478516e+00
3.387000000000000000e+03 1.840928077697753906e+00
3.388000000000000000e+03 1.843100428581237793e+00
3.389000000000000000e+03 1.836945056915283203e+00
3.390000000000000000e+03 1.859465599060058594e+00
3.391000000000000000e+03 1.869277834892272949e+00
3.392000000000000000e+03 1.877449035644531250e+00
3.393000000000000000e+03 1.902530431747436523e+00
3.394000000000000000e+03 1.861337184906005859e+00
3.395000000000000000e+03 1.901031970977783203e+00
3.396000000000000000e+03 1.893877267837524414e+00
3.397000000000000000e+03 1.867026686668395996e+00
3.398000000000000000e+03 1.891322374343872070e+00
3.399000000000000000e+03 1.894288063049316406e+00
3.400000000000000000e+03 1.887341618537902832e+00
3.401000000000000000e+03 1.903315544128417969e+00
3.402000000000000000e+03 1.860516428947448730e+00
3.403000000000000000e+03 1.869291305541992188e+00
3.404000000000000000e+03 1.854504942893981934e+00
3.405000000000000000e+03 1.824226975440979004e+00
3.406000000000000000e+03 1.828406572341918945e+00
3.407000000000000000e+03 1.822227954864501953e+00
3.408000000000000000e+03 1.835749387741088867e+00
3.409000000000000000e+03 1.830682635307312012e+00
3.410000000000000000e+03 1.840870380401611328e+00
3.411000000000000000e+03 1.846551895141601562e+00
3.412000000000000000e+03 1.841471791267395020e+00
3.413000000000000000e+03 1.833000898361206055e+00
3.414000000000000000e+03 1.808918118476867676e+00
3.415000000000000000e+03 1.828323364257812500e+00
3.416000000000000000e+03 1.752232074737548828e+00
3.417000000000000000e+03 1.758705496788024902e+00
3.418000000000000000e+03 1.811900734901428223e+00
3.419000000000000000e+03 1.785925388336181641e+00
3.420000000000000000e+03 1.817249178886413574e+00
3.421000000000000000e+03 1.843418002128601074e+00
3.422000000000000000e+03 1.841660022735595703e+00
3.423000000000000000e+03 1.819976091384887695e+00
3.424000000000000000e+03 1.838315844535827637e+00
3.425000000000000000e+03 1.851660251617431641e+00
3.426000000000000000e+03 1.822082161903381348e+00
3.427000000000000000e+03 1.861535072326660156e+00
3.428000000000000000e+03 1.830968260765075684e+00
3.429000000000000000e+03 1.767563939094543457e+00
3.430000000000000000e+03 1.815100669860839844e+00
3.431000000000000000e+03 1.864221572875976562e+00
3.432000000000000000e+03 1.779679536819458008e+00
3.433000000000000000e+03 1.809557199478149414e+00
3.434000000000000000e+03 1.784644246101379395e+00
3.435000000000000000e+03 1.824474096298217773e+00
3.436000000000000000e+03 1.868342638015747070e+00
3.437000000000000000e+03 1.807652235031127930e+00
3.438000000000000000e+03 1.833902478218078613e+00
3.439000000000000000e+03 1.831494092941284180e+00
3.440000000000000000e+03 1.875140905380249023e+00
3.441000000000000000e+03 1.870987772941589355e+00
3.442000000000000000e+03 1.828967809677124023e+00
3.443000000000000000e+03 1.837799787521362305e+00
3.444000000000000000e+03 1.819970369338989258e+00
3.445000000000000000e+03 1.866137981414794922e+00
3.446000000000000000e+03 1.871291279792785645e+00
3.447000000000000000e+03 1.892366409301757812e+00
3.448000000000000000e+03 1.884007096290588379e+00
3.449000000000000000e+03 1.861577630043029785e+00
3.450000000000000000e+03 1.865000844001770020e+00
3.451000000000000000e+03 1.883183956146240234e+00
3.452000000000000000e+03 1.882246017456054688e+00
3.453000000000000000e+03 1.817802548408508301e+00
3.454000000000000000e+03 1.808496832847595215e+00
3.455000000000000000e+03 1.793896794319152832e+00
3.456000000000000000e+03 1.818143129348754883e+00
3.457000000000000000e+03 1.811517357826232910e+00
3.458000000000000000e+03 1.796884179115295410e+00
3.459000000000000000e+03 1.777690768241882324e+00
3.460000000000000000e+03 1.825316190719604492e+00
3.461000000000000000e+03 1.873710393905639648e+00
3.462000000000000000e+03 1.869706869125366211e+00
3.463000000000000000e+03 1.828484892845153809e+00
3.464000000000000000e+03 1.836182832717895508e+00
3.465000000000000000e+03 1.796056151390075684e+00
3.466000000000000000e+03 1.824924826622009277e+00
3.467000000000000000e+03 1.785322070121765137e+00
3.468000000000000000e+03 1.812478423118591309e+00
3.469000000000000000e+03 1.786970138549804688e+00
3.470000000000000000e+03 1.775355815887451172e+00
3.471000000000000000e+03 1.757773518562316895e+00
3.472000000000000000e+03 1.812161803245544434e+00
3.473000000000000000e+03 1.797784090042114258e+00
3.474000000000000000e+03 1.868897914886474609e+00
3.475000000000000000e+03 1.790186643600463867e+00
3.476000000000000000e+03 1.786555051803588867e+00
3.477000000000000000e+03 1.867060422897338867e+00
3.478000000000000000e+03 1.813034057617187500e+00
3.479000000000000000e+03 1.837133884429931641e+00
3.480000000000000000e+03 1.848870992660522461e+00
3.481000000000000000e+03 1.805752277374267578e+00
3.482000000000000000e+03 1.762046456336975098e+00
3.483000000000000000e+03 1.833452463150024414e+00
3.484000000000000000e+03 1.780705451965332031e+00
3.485000000000000000e+03 1.762620687484741211e+00
3.486000000000000000e+03 1.809343814849853516e+00
3.487000000000000000e+03 1.736641883850097656e+00
3.488000000000000000e+03 1.781603574752807617e+00
3.489000000000000000e+03 1.748432993888854980e+00
3.490000000000000000e+03 1.764727830886840820e+00
3.491000000000000000e+03 1.757936477661132812e+00
3.492000000000000000e+03 1.782681345939636230e+00
3.493000000000000000e+03 1.794766902923583984e+00
3.494000000000000000e+03 1.773798108100891113e+00
3.495000000000000000e+03 1.811845302581787109e+00
3.496000000000000000e+03 1.729251265525817871e+00
3.497000000000000000e+03 1.754522800445556641e+00
3.498000000000000000e+03 1.833072185516357422e+00
3.499000000000000000e+03 1.816628932952880859e+00
3.500000000000000000e+03 1.843992710113525391e+00
3.501000000000000000e+03 1.813022851943969727e+00
3.502000000000000000e+03 1.843266725540161133e+00
3.503000000000000000e+03 1.812394142150878906e+00
3.504000000000000000e+03 1.829762935638427734e+00
3.505000000000000000e+03 1.816336750984191895e+00
3.506000000000000000e+03 1.887599349021911621e+00
3.507000000000000000e+03 1.818810582160949707e+00
3.508000000000000000e+03 1.817047238349914551e+00
3.509000000000000000e+03 1.840089678764343262e+00
3.510000000000000000e+03 1.790814876556396484e+00
3.511000000000000000e+03 1.772347807884216309e+00
3.512000000000000000e+03 1.815901517868041992e+00
3.513000000000000000e+03 1.799542665481567383e+00
3.514000000000000000e+03 1.790527462959289551e+00
3.515000000000000000e+03 1.796079397201538086e+00
3.516000000000000000e+03 1.829122543334960938e+00
3.517000000000000000e+03 1.785255432128906250e+00
3.518000000000000000e+03 1.801034212112426758e+00
3.519000000000000000e+03 1.797455549240112305e+00
3.520000000000000000e+03 1.788862228393554688e+00
3.521000000000000000e+03 1.796295762062072754e+00
3.522000000000000000e+03 1.759428381919860840e+00
3.523000000000000000e+03 1.821179747581481934e+00
3.524000000000000000e+03 1.812060952186584473e+00
3.525000000000000000e+03 1.815461158752441406e+00
3.526000000000000000e+03 1.846317291259765625e+00
3.527000000000000000e+03 1.803573846817016602e+00
3.528000000000000000e+03 1.818554520606994629e+00
3.529000000000000000e+03 1.804113507270812988e+00
3.530000000000000000e+03 1.767768979072570801e+00
3.531000000000000000e+03 1.770450472831726074e+00
3.532000000000000000e+03 1.787171363830566406e+00
3.533000000000000000e+03 1.789183855056762695e+00
3.534000000000000000e+03 1.754389047622680664e+00
3.535000000000000000e+03 1.747746229171752930e+00
3.536000000000000000e+03 1.784176349639892578e+00
3.537000000000000000e+03 1.767456293106079102e+00
3.538000000000000000e+03 1.760882139205932617e+00
3.539000000000000000e+03 1.792492151260375977e+00
3.540000000000000000e+03 1.748520970344543457e+00
3.541000000000000000e+03 1.787184834480285645e+00
3.542000000000000000e+03 1.807238936424255371e+00
3.543000000000000000e+03 1.744542837142944336e+00
3.544000000000000000e+03 1.796907782554626465e+00
3.545000000000000000e+03 1.795189261436462402e+00
3.546000000000000000e+03 1.773847222328186035e+00
3.547000000000000000e+03 1.807104229927062988e+00
3.548000000000000000e+03 1.787851452827453613e+00
3.549000000000000000e+03 1.820451736450195312e+00
3.550000000000000000e+03 1.827665925025939941e+00
3.551000000000000000e+03 1.767404913902282715e+00
3.552000000000000000e+03 1.753233432769775391e+00
3.553000000000000000e+03 1.755040884017944336e+00
3.554000000000000000e+03 1.763163924217224121e+00
3.555000000000000000e+03 1.754646062850952148e+00
3.556000000000000000e+03 1.798445940017700195e+00
3.557000000000000000e+03 1.776702642440795898e+00
3.558000000000000000e+03 1.797989726066589355e+00
3.559000000000000000e+03 1.790856599807739258e+00
3.560000000000000000e+03 1.782763123512268066e+00
3.561000000000000000e+03 1.805868983268737793e+00
3.562000000000000000e+03 1.783545136451721191e+00
3.563000000000000000e+03 1.767186999320983887e+00
3.564000000000000000e+03 1.749712705612182617e+00
3.565000000000000000e+03 1.801548957824707031e+00
3.566000000000000000e+03 1.809951066970825195e+00
3.567000000000000000e+03 1.798403024673461914e+00
3.568000000000000000e+03 1.820424914360046387e+00
3.569000000000000000e+03 1.799976348876953125e+00
3.570000000000000000e+03 1.841143965721130371e+00
3.571000000000000000e+03 1.885141611099243164e+00
3.572000000000000000e+03 1.862709641456604004e+00
3.573000000000000000e+03 1.798924922943115234e+00
3.574000000000000000e+03 1.824381709098815918e+00
3.575000000000000000e+03 1.809685230255126953e+00
3.576000000000000000e+03 1.809926986694335938e+00
3.577000000000000000e+03 1.883846044540405273e+00
3.578000000000000000e+03 1.849037885665893555e+00
3.579000000000000000e+03 1.860960960388183594e+00
3.580000000000000000e+03 1.808792948722839355e+00
3.581000000000000000e+03 1.772536516189575195e+00
3.582000000000000000e+03 1.819014310836791992e+00
3.583000000000000000e+03 1.760093450546264648e+00
3.584000000000000000e+03 1.769548296928405762e+00
3.585000000000000000e+03 1.796639084815979004e+00
3.586000000000000000e+03 1.794648647308349609e+00
3.587000000000000000e+03 1.832522869110107422e+00
3.588000000000000000e+03 1.795159935951232910e+00
3.589000000000000000e+03 1.829463005065917969e+00
3.590000000000000000e+03 1.796913743019104004e+00
3.591000000000000000e+03 1.856283664703369141e+00
3.592000000000000000e+03 1.840404510498046875e+00
3.593000000000000000e+03 1.809563517570495605e+00
3.594000000000000000e+03 1.817989468574523926e+00
3.595000000000000000e+03 1.910549640655517578e+00
3.596000000000000000e+03 1.862967610359191895e+00
3.597000000000000000e+03 1.871787667274475098e+00
3.598000000000000000e+03 1.792705893516540527e+00
3.599000000000000000e+03 1.797209262847900391e+00
3.600000000000000000e+03 1.760585427284240723e+00
3.601000000000000000e+03 1.785212993621826172e+00
3.602000000000000000e+03 1.806189656257629395e+00
3.603000000000000000e+03 1.768059968948364258e+00
3.604000000000000000e+03 1.791539192199707031e+00
3.605000000000000000e+03 1.826895594596862793e+00
3.606000000000000000e+03 1.858919382095336914e+00
3.607000000000000000e+03 1.861204147338867188e+00
3.608000000000000000e+03 1.856890678405761719e+00
3.609000000000000000e+03 1.881765604019165039e+00
3.610000000000000000e+03 1.814738869667053223e+00
3.611000000000000000e+03 1.834093570709228516e+00
3.612000000000000000e+03 1.846868634223937988e+00
3.613000000000000000e+03 1.861567735671997070e+00
3.614000000000000000e+03 1.870832920074462891e+00
3.615000000000000000e+03 1.883907079696655273e+00
3.616000000000000000e+03 1.888023972511291504e+00
3.617000000000000000e+03 1.854599952697753906e+00
3.618000000000000000e+03 1.850359678268432617e+00
3.619000000000000000e+03 1.863822817802429199e+00
3.620000000000000000e+03 1.870008468627929688e+00
3.621000000000000000e+03 1.833178043365478516e+00
3.622000000000000000e+03 1.844687223434448242e+00
3.623000000000000000e+03 1.842781782150268555e+00
3.624000000000000000e+03 1.810772657394409180e+00
3.625000000000000000e+03 1.863321304321289062e+00
3.626000000000000000e+03 1.819190979003906250e+00
3.627000000000000000e+03 1.787336945533752441e+00
3.628000000000000000e+03 1.852567434310913086e+00
3.629000000000000000e+03 1.811532855033874512e+00
3.630000000000000000e+03 1.826414346694946289e+00
3.631000000000000000e+03 1.846863269805908203e+00
3.632000000000000000e+03 1.851187586784362793e+00
3.633000000000000000e+03 1.840380191802978516e+00
3.634000000000000000e+03 1.869697213172912598e+00
3.635000000000000000e+03 1.919644832611083984e+00
3.636000000000000000e+03 1.915227651596069336e+00
3.637000000000000000e+03 1.912382602691650391e+00
3.638000000000000000e+03 1.838314652442932129e+00
3.639000000000000000e+03 1.859983086585998535e+00
3.640000000000000000e+03 1.878708362579345703e+00
3.641000000000000000e+03 1.894249677658081055e+00
3.642000000000000000e+03 1.929329276084899902e+00
3.643000000000000000e+03 1.859210729598999023e+00
3.644000000000000000e+03 1.854060649871826172e+00
3.645000000000000000e+03 1.775626897811889648e+00
3.646000000000000000e+03 1.816506862640380859e+00
3.647000000000000000e+03 1.805227398872375488e+00
3.648000000000000000e+03 1.833192348480224609e+00
3.649000000000000000e+03 1.817700266838073730e+00
3.650000000000000000e+03 1.855134725570678711e+00
3.651000000000000000e+03 1.823614835739135742e+00
3.652000000000000000e+03 1.793733954429626465e+00
3.653000000000000000e+03 1.834945082664489746e+00
3.654000000000000000e+03 1.784745097160339355e+00
3.655000000000000000e+03 1.806698560714721680e+00
3.656000000000000000e+03 1.807005286216735840e+00
3.657000000000000000e+03 1.813610315322875977e+00
3.658000000000000000e+03 1.872746229171752930e+00
3.659000000000000000e+03 1.844785809516906738e+00
3.660000000000000000e+03 1.871965885162353516e+00
3.661000000000000000e+03 1.847540140151977539e+00
3.662000000000000000e+03 1.849593758583068848e+00
3.663000000000000000e+03 1.827883243560791016e+00
3.664000000000000000e+03 1.828901767730712891e+00
3.665000000000000000e+03 1.800535082817077637e+00
3.666000000000000000e+03 1.764361739158630371e+00
3.667000000000000000e+03 1.744525432586669922e+00
3.668000000000000000e+03 1.815289258956909180e+00
3.669000000000000000e+03 1.796269536018371582e+00
3.670000000000000000e+03 1.767233610153198242e+00
3.671000000000000000e+03 1.828319549560546875e+00
3.672000000000000000e+03 1.801168918609619141e+00
3.673000000000000000e+03 1.782855868339538574e+00
3.674000000000000000e+03 1.846715331077575684e+00
3.675000000000000000e+03 1.806178689002990723e+00
3.676000000000000000e+03 1.795478940010070801e+00
3.677000000000000000e+03 1.772141456604003906e+00
3.678000000000000000e+03 1.770664334297180176e+00
3.679000000000000000e+03 1.758709311485290527e+00
3.680000000000000000e+03 1.776443481445312500e+00
3.681000000000000000e+03 1.760452151298522949e+00
3.682000000000000000e+03 1.785323381423950195e+00
3.683000000000000000e+03 1.772265076637268066e+00
3.684000000000000000e+03 1.830197095870971680e+00
3.685000000000000000e+03 1.786217570304870605e+00
3.686000000000000000e+03 1.773551940917968750e+00
3.687000000000000000e+03 1.812942624092102051e+00
3.688000000000000000e+03 1.785835027694702148e+00
3.689000000000000000e+03 1.786775588989257812e+00
3.690000000000000000e+03 1.804804921150207520e+00
3.691000000000000000e+03 1.793167352676391602e+00
3.692000000000000000e+03 1.777138710021972656e+00
3.693000000000000000e+03 1.792013168334960938e+00
3.694000000000000000e+03 1.836150884628295898e+00
3.695000000000000000e+03 1.805410385131835938e+00
3.696000000000000000e+03 1.832575559616088867e+00
3.697000000000000000e+03 1.850284457206726074e+00
3.698000000000000000e+03 1.824330329895019531e+00
3.699000000000000000e+03 1.795230746269226074e+00
3.700000000000000000e+03 1.835057020187377930e+00
3.701000000000000000e+03 1.795862197875976562e+00
3.702000000000000000e+03 1.802664518356323242e+00
3.703000000000000000e+03 1.845669865608215332e+00
3.704000000000000000e+03 1.788906335830688477e+00
3.705000000000000000e+03 1.772448658943176270e+00
3.706000000000000000e+03 1.789177656173706055e+00
3.707000000000000000e+03 1.779780507087707520e+00
3.708000000000000000e+03 1.806721925735473633e+00
3.709000000000000000e+03 1.807741880416870117e+00
3.710000000000000000e+03 1.770613670349121094e+00
3.711000000000000000e+03 1.772687554359436035e+00
3.712000000000000000e+03 1.772395253181457520e+00
3.713000000000000000e+03 1.822491884231567383e+00
3.714000000000000000e+03 1.797092437744140625e+00
3.715000000000000000e+03 1.793480396270751953e+00
3.716000000000000000e+03 1.748723745346069336e+00
3.717000000000000000e+03 1.814207792282104492e+00
3.718000000000000000e+03 1.828520298004150391e+00
3.719000000000000000e+03 1.864652872085571289e+00
3.720000000000000000e+03 1.839484095573425293e+00
3.721000000000000000e+03 1.813117861747741699e+00
3.722000000000000000e+03 1.798098325729370117e+00
3.723000000000000000e+03 1.810992956161499023e+00
3.724000000000000000e+03 1.866973638534545898e+00
3.725000000000000000e+03 1.860608100891113281e+00
3.726000000000000000e+03 1.840738177299499512e+00
3.727000000000000000e+03 1.845262169837951660e+00
3.728000000000000000e+03 1.792840242385864258e+00
3.729000000000000000e+03 1.814380884170532227e+00
3.730000000000000000e+03 1.870816230773925781e+00
3.731000000000000000e+03 1.839203596115112305e+00
3.732000000000000000e+03 1.821610212326049805e+00
3.733000000000000000e+03 1.807231664657592773e+00
3.734000000000000000e+03 1.817322611808776855e+00
3.735000000000000000e+03 1.817012548446655273e+00
3.736000000000000000e+03 1.856016993522644043e+00
3.737000000000000000e+03 1.863347053527832031e+00
3.738000000000000000e+03 1.833919525146484375e+00
3.739000000000000000e+03 1.868497490882873535e+00
3.740000000000000000e+03 1.841406822204589844e+00
3.741000000000000000e+03 1.810082197189331055e+00
3.742000000000000000e+03 1.862884044647216797e+00
3.743000000000000000e+03 1.826341748237609863e+00
3.744000000000000000e+03 1.800875902175903320e+00
3.745000000000000000e+03 1.808810114860534668e+00
3.746000000000000000e+03 1.814144372940063477e+00
3.747000000000000000e+03 1.832938909530639648e+00
3.748000000000000000e+03 1.819856166839599609e+00
3.749000000000000000e+03 1.839928388595581055e+00
3.750000000000000000e+03 1.824402093887329102e+00
3.751000000000000000e+03 1.841681241989135742e+00
3.752000000000000000e+03 1.882030248641967773e+00
3.753000000000000000e+03 1.835556268692016602e+00
3.754000000000000000e+03 1.866389870643615723e+00
3.755000000000000000e+03 1.787695884704589844e+00
3.756000000000000000e+03 1.803241133689880371e+00
3.757000000000000000e+03 1.782211542129516602e+00
3.758000000000000000e+03 1.885377526283264160e+00
3.759000000000000000e+03 1.872815728187561035e+00
3.760000000000000000e+03 1.859930276870727539e+00
3.761000000000000000e+03 1.846623539924621582e+00
3.762000000000000000e+03 1.843590974807739258e+00
3.763000000000000000e+03 1.821601033210754395e+00
3.764000000000000000e+03 1.809774518013000488e+00
3.765000000000000000e+03 1.774223804473876953e+00
3.766000000000000000e+03 1.788271546363830566e+00
3.767000000000000000e+03 1.793772459030151367e+00
3.768000000000000000e+03 1.763100981712341309e+00
3.769000000000000000e+03 1.776065945625305176e+00
3.770000000000000000e+03 1.765036582946777344e+00
3.771000000000000000e+03 1.711321949958801270e+00
3.772000000000000000e+03 1.776046872138977051e+00
3.773000000000000000e+03 1.786913990974426270e+00
3.774000000000000000e+03 1.784005761146545410e+00
3.775000000000000000e+03 1.833960533142089844e+00
3.776000000000000000e+03 1.817422747611999512e+00
3.777000000000000000e+03 1.725375652313232422e+00
3.778000000000000000e+03 1.772663950920104980e+00
3.779000000000000000e+03 1.812558174133300781e+00
3.780000000000000000e+03 1.806563019752502441e+00
3.781000000000000000e+03 1.787946343421936035e+00
3.782000000000000000e+03 1.794523715972900391e+00
3.783000000000000000e+03 1.801954030990600586e+00
3.784000000000000000e+03 1.799139499664306641e+00
3.785000000000000000e+03 1.834669232368469238e+00
3.786000000000000000e+03 1.842953681945800781e+00
3.787000000000000000e+03 1.879445791244506836e+00
3.788000000000000000e+03 1.818719267845153809e+00
3.789000000000000000e+03 1.824061274528503418e+00
3.790000000000000000e+03 1.813133478164672852e+00
3.791000000000000000e+03 1.819120883941650391e+00
3.792000000000000000e+03 1.821486115455627441e+00
3.793000000000000000e+03 1.824713468551635742e+00
3.794000000000000000e+03 1.758626937866210938e+00
3.795000000000000000e+03 1.814372062683105469e+00
3.796000000000000000e+03 1.843864917755126953e+00
3.797000000000000000e+03 1.856819629669189453e+00
3.798000000000000000e+03 1.832361102104187012e+00
3.799000000000000000e+03 1.799303770065307617e+00
3.800000000000000000e+03 1.837666273117065430e+00
3.801000000000000000e+03 1.802808284759521484e+00
3.802000000000000000e+03 1.818132877349853516e+00
3.803000000000000000e+03 1.753657221794128418e+00
3.804000000000000000e+03 1.809988260269165039e+00
3.805000000000000000e+03 1.838411211967468262e+00
3.806000000000000000e+03 1.819545269012451172e+00
3.807000000000000000e+03 1.819249629974365234e+00
3.808000000000000000e+03 1.809389829635620117e+00
3.809000000000000000e+03 1.811072230339050293e+00
3.810000000000000000e+03 1.777659654617309570e+00
3.811000000000000000e+03 1.875862956047058105e+00
3.812000000000000000e+03 1.869212150573730469e+00
3.813000000000000000e+03 1.833031415939331055e+00
3.814000000000000000e+03 1.823268890380859375e+00
3.815000000000000000e+03 1.817939639091491699e+00
3.816000000000000000e+03 1.895707845687866211e+00
3.817000000000000000e+03 1.847162842750549316e+00
3.818000000000000000e+03 1.807404994964599609e+00
3.819000000000000000e+03 1.832704186439514160e+00
3.820000000000000000e+03 1.817036271095275879e+00
3.821000000000000000e+03 1.845457911491394043e+00
3.822000000000000000e+03 1.855588912963867188e+00
3.823000000000000000e+03 1.809674859046936035e+00
3.824000000000000000e+03 1.881624937057495117e+00
3.825000000000000000e+03 1.837733507156372070e+00
3.826000000000000000e+03 1.822613477706909180e+00
3.827000000000000000e+03 1.850697159767150879e+00
3.828000000000000000e+03 1.816312074661254883e+00
3.829000000000000000e+03 1.843533754348754883e+00
3.830000000000000000e+03 1.806096076965332031e+00
3.831000000000000000e+03 1.844023704528808594e+00
3.832000000000000000e+03 1.801726579666137695e+00
3.833000000000000000e+03 1.845136165618896484e+00
3.834000000000000000e+03 1.768287420272827148e+00
3.835000000000000000e+03 1.763012886047363281e+00
3.836000000000000000e+03 1.815416693687438965e+00
3.837000000000000000e+03 1.833208084106445312e+00
3.838000000000000000e+03 1.836914062500000000e+00
3.839000000000000000e+03 1.875732660293579102e+00
3.840000000000000000e+03 1.832537651062011719e+00
3.841000000000000000e+03 1.838877201080322266e+00
3.842000000000000000e+03 1.835293173789978027e+00
3.843000000000000000e+03 1.835819721221923828e+00
3.844000000000000000e+03 1.855627775192260742e+00
3.845000000000000000e+03 1.865659952163696289e+00
3.846000000000000000e+03 1.812714934349060059e+00
3.847000000000000000e+03 1.859821796417236328e+00
3.848000000000000000e+03 1.822353124618530273e+00
3.849000000000000000e+03 1.857852339744567871e+00
3.850000000000000000e+03 1.851481199264526367e+00
3.851000000000000000e+03 1.775220274925231934e+00
3.852000000000000000e+03 1.802282810211181641e+00
3.853000000000000000e+03 1.819036602973937988e+00
3.854000000000000000e+03 1.845913410186767578e+00
3.855000000000000000e+03 1.869369506835937500e+00
3.856000000000000000e+03 1.871637225151062012e+00
3.857000000000000000e+03 1.830603599548339844e+00
3.858000000000000000e+03 1.854555130004882812e+00
3.859000000000000000e+03 1.870311737060546875e+00
3.860000000000000000e+03 1.849542379379272461e+00
3.861000000000000000e+03 1.817064166069030762e+00
3.862000000000000000e+03 1.848969101905822754e+00
3.863000000000000000e+03 1.890521764755249023e+00
3.864000000000000000e+03 1.840889573097229004e+00
3.865000000000000000e+03 1.826179385185241699e+00
3.866000000000000000e+03 1.880082607269287109e+00
3.867000000000000000e+03 1.875746726989746094e+00
3.868000000000000000e+03 1.853493690490722656e+00
3.869000000000000000e+03 1.884811162948608398e+00
3.870000000000000000e+03 1.849255084991455078e+00
3.871000000000000000e+03 1.876374006271362305e+00
3.872000000000000000e+03 1.871898055076599121e+00
3.873000000000000000e+03 1.857539057731628418e+00
3.874000000000000000e+03 1.861617088317871094e+00
3.875000000000000000e+03 1.912027835845947266e+00
3.876000000000000000e+03 1.902228355407714844e+00
3.877000000000000000e+03 1.902638673782348633e+00
3.878000000000000000e+03 1.935552358627319336e+00
3.879000000000000000e+03 1.937552690505981445e+00
3.880000000000000000e+03 1.903245329856872559e+00
3.881000000000000000e+03 1.881050348281860352e+00
3.882000000000000000e+03 1.902175903320312500e+00
3.883000000000000000e+03 1.903095245361328125e+00
3.884000000000000000e+03 1.893785953521728516e+00
3.885000000000000000e+03 1.929449796676635742e+00
3.886000000000000000e+03 1.925876498222351074e+00
3.887000000000000000e+03 1.941153407096862793e+00
3.888000000000000000e+03 1.902883291244506836e+00
3.889000000000000000e+03 1.830140829086303711e+00
3.890000000000000000e+03 1.872582435607910156e+00
3.891000000000000000e+03 1.855847835540771484e+00
3.892000000000000000e+03 1.848850965499877930e+00
3.893000000000000000e+03 1.867998123168945312e+00
3.894000000000000000e+03 1.854603409767150879e+00
3.895000000000000000e+03 1.827570438385009766e+00
3.896000000000000000e+03 1.841287016868591309e+00
3.897000000000000000e+03 1.832441806793212891e+00
3.898000000000000000e+03 1.805692791938781738e+00
3.899000000000000000e+03 1.794080972671508789e+00
3.900000000000000000e+03 1.859384059906005859e+00
3.901000000000000000e+03 1.856050968170166016e+00
3.902000000000000000e+03 1.864917039871215820e+00
3.903000000000000000e+03 1.839747548103332520e+00
3.904000000000000000e+03 1.828158378601074219e+00
3.905000000000000000e+03 1.856269121170043945e+00
3.906000000000000000e+03 1.871617555618286133e+00
3.907000000000000000e+03 1.855690240859985352e+00
3.908000000000000000e+03 1.835434913635253906e+00
3.909000000000000000e+03 1.807311534881591797e+00
3.910000000000000000e+03 1.838843345642089844e+00
3.911000000000000000e+03 1.783776998519897461e+00
3.912000000000000000e+03 1.847937583923339844e+00
3.913000000000000000e+03 1.898178815841674805e+00
3.914000000000000000e+03 1.856067180633544922e+00
3.915000000000000000e+03 1.856242775917053223e+00
3.916000000000000000e+03 1.852656245231628418e+00
3.917000000000000000e+03 1.856124877929687500e+00
3.918000000000000000e+03 1.838991403579711914e+00
3.919000000000000000e+03 1.900589704513549805e+00
3.920000000000000000e+03 1.953445911407470703e+00
3.921000000000000000e+03 1.858545899391174316e+00
3.922000000000000000e+03 1.916371345520019531e+00
3.923000000000000000e+03 1.899265050888061523e+00
3.924000000000000000e+03 1.900306701660156250e+00
3.925000000000000000e+03 1.855509757995605469e+00
3.926000000000000000e+03 1.855594873428344727e+00
3.927000000000000000e+03 1.818301320075988770e+00
3.928000000000000000e+03 1.885481834411621094e+00
3.929000000000000000e+03 1.869196653366088867e+00
3.930000000000000000e+03 1.840944528579711914e+00
3.931000000000000000e+03 1.826991796493530273e+00
3.932000000000000000e+03 1.874461412429809570e+00
3.933000000000000000e+03 1.776909470558166504e+00
3.934000000000000000e+03 1.838222861289978027e+00
3.935000000000000000e+03 1.840383052825927734e+00
3.936000000000000000e+03 1.870565652847290039e+00
3.937000000000000000e+03 1.920589208602905273e+00
3.938000000000000000e+03 1.940397500991821289e+00
3.939000000000000000e+03 1.911609411239624023e+00
3.940000000000000000e+03 1.935993909835815430e+00
3.941000000000000000e+03 1.909517645835876465e+00
3.942000000000000000e+03 1.961166024208068848e+00
3.943000000000000000e+03 1.930525302886962891e+00
3.944000000000000000e+03 1.921014428138732910e+00
3.945000000000000000e+03 1.919347763061523438e+00
3.946000000000000000e+03 1.903387188911437988e+00
3.947000000000000000e+03 1.937172770500183105e+00
3.948000000000000000e+03 1.961116552352905273e+00
3.949000000000000000e+03 1.921082377433776855e+00
3.950000000000000000e+03 1.907883763313293457e+00
3.951000000000000000e+03 1.891632080078125000e+00
3.952000000000000000e+03 1.953582525253295898e+00
3.953000000000000000e+03 1.939550638198852539e+00
3.954000000000000000e+03 1.897331714630126953e+00
3.955000000000000000e+03 1.932299971580505371e+00
3.956000000000000000e+03 1.926925539970397949e+00
3.957000000000000000e+03 1.945672750473022461e+00
3.958000000000000000e+03 1.876284837722778320e+00
3.959000000000000000e+03 1.897391080856323242e+00
3.960000000000000000e+03 1.926171302795410156e+00
3.961000000000000000e+03 1.911233782768249512e+00
3.962000000000000000e+03 1.908970594406127930e+00
3.963000000000000000e+03 1.869544029235839844e+00
3.964000000000000000e+03 1.880089998245239258e+00
3.965000000000000000e+03 1.879901409149169922e+00
3.966000000000000000e+03 1.845095515251159668e+00
3.967000000000000000e+03 1.817828893661499023e+00
3.968000000000000000e+03 1.897198438644409180e+00
3.969000000000000000e+03 1.925205230712890625e+00
3.970000000000000000e+03 1.902185916900634766e+00
3.971000000000000000e+03 1.874202609062194824e+00
3.972000000000000000e+03 1.930447936058044434e+00
3.973000000000000000e+03 1.920228123664855957e+00
3.974000000000000000e+03 1.912623286247253418e+00
3.975000000000000000e+03 1.878375768661499023e+00
3.976000000000000000e+03 1.888387918472290039e+00
3.977000000000000000e+03 1.929959535598754883e+00
3.978000000000000000e+03 1.893763661384582520e+00
3.979000000000000000e+03 1.881343722343444824e+00
3.980000000000000000e+03 1.820038557052612305e+00
3.981000000000000000e+03 1.855348587036132812e+00
3.982000000000000000e+03 1.893356323242187500e+00
3.983000000000000000e+03 1.833182573318481445e+00
3.984000000000000000e+03 1.872887849807739258e+00
3.985000000000000000e+03 1.862495779991149902e+00
3.986000000000000000e+03 1.874894499778747559e+00
3.987000000000000000e+03 1.795757055282592773e+00
3.988000000000000000e+03 1.849129080772399902e+00
3.989000000000000000e+03 1.843672275543212891e+00
3.990000000000000000e+03 1.859686732292175293e+00
3.991000000000000000e+03 1.883087277412414551e+00
3.992000000000000000e+03 1.875444173812866211e+00
3.993000000000000000e+03 1.875490784645080566e+00
3.994000000000000000e+03 1.888814687728881836e+00
3.995000000000000000e+03 1.914206027984619141e+00
3.996000000000000000e+03 1.899268507957458496e+00
3.997000000000000000e+03 1.906953334808349609e+00
3.998000000000000000e+03 1.891654372215270996e+00
3.999000000000000000e+03 1.883341312408447266e+00
4.000000000000000000e+03 1.934657454490661621e+00
4.001000000000000000e+03 1.935328006744384766e+00
4.002000000000000000e+03 1.896939396858215332e+00
4.003000000000000000e+03 1.897019386291503906e+00
4.004000000000000000e+03 1.902284979820251465e+00
4.005000000000000000e+03 1.858644008636474609e+00
4.006000000000000000e+03 1.869713902473449707e+00
4.007000000000000000e+03 1.873931527137756348e+00
4.008000000000000000e+03 1.854321002960205078e+00
4.009000000000000000e+03 1.894781589508056641e+00
4.010000000000000000e+03 1.876830220222473145e+00
4.011000000000000000e+03 1.897857546806335449e+00
4.012000000000000000e+03 1.838104009628295898e+00
4.013000000000000000e+03 1.828725337982177734e+00
4.014000000000000000e+03 1.827508330345153809e+00
4.015000000000000000e+03 1.862698435783386230e+00
4.016000000000000000e+03 1.863317251205444336e+00
4.017000000000000000e+03 1.890688180923461914e+00
4.018000000000000000e+03 1.939768433570861816e+00
4.019000000000000000e+03 1.872050523757934570e+00
4.020000000000000000e+03 1.849620223045349121e+00
4.021000000000000000e+03 1.851288199424743652e+00
4.022000000000000000e+03 1.878777027130126953e+00
4.023000000000000000e+03 1.852832794189453125e+00
4.024000000000000000e+03 1.813207626342773438e+00
4.025000000000000000e+03 1.856732249259948730e+00
4.026000000000000000e+03 1.832821607589721680e+00
4.027000000000000000e+03 1.784935832023620605e+00
4.028000000000000000e+03 1.766483783721923828e+00
4.029000000000000000e+03 1.838501930236816406e+00
4.030000000000000000e+03 1.800196766853332520e+00
4.031000000000000000e+03 1.846397876739501953e+00
4.032000000000000000e+03 1.796202540397644043e+00
4.033000000000000000e+03 1.872649908065795898e+00
4.034000000000000000e+03 1.863011837005615234e+00
4.035000000000000000e+03 1.848197460174560547e+00
4.036000000000000000e+03 1.789367198944091797e+00
4.037000000000000000e+03 1.814952611923217773e+00
4.038000000000000000e+03 1.807584285736083984e+00
4.039000000000000000e+03 1.831523895263671875e+00
4.040000000000000000e+03 1.890422701835632324e+00
4.041000000000000000e+03 1.937126040458679199e+00
4.042000000000000000e+03 1.850310564041137695e+00
4.043000000000000000e+03 1.862665891647338867e+00
4.044000000000000000e+03 1.879374265670776367e+00
4.045000000000000000e+03 1.888614773750305176e+00
4.046000000000000000e+03 1.852480649948120117e+00
4.047000000000000000e+03 1.830050826072692871e+00
4.048000000000000000e+03 1.907329082489013672e+00
4.049000000000000000e+03 1.839299201965332031e+00
4.050000000000000000e+03 1.842836618423461914e+00
4.051000000000000000e+03 1.872627854347229004e+00
4.052000000000000000e+03 1.888539671897888184e+00
4.053000000000000000e+03 1.930454254150390625e+00
4.054000000000000000e+03 1.902283310890197754e+00
4.055000000000000000e+03 1.935922026634216309e+00
4.056000000000000000e+03 1.962049126625061035e+00
4.057000000000000000e+03 1.941511631011962891e+00
4.058000000000000000e+03 1.860122799873352051e+00
4.059000000000000000e+03 1.914251804351806641e+00
4.060000000000000000e+03 1.890684485435485840e+00
4.061000000000000000e+03 1.913336157798767090e+00
4.062000000000000000e+03 1.932027578353881836e+00
4.063000000000000000e+03 1.904340624809265137e+00
4.064000000000000000e+03 1.967189073562622070e+00
4.065000000000000000e+03 1.932167530059814453e+00
4.066000000000000000e+03 1.870937585830688477e+00
4.067000000000000000e+03 1.895928144454956055e+00
4.068000000000000000e+03 1.914269447326660156e+00
4.069000000000000000e+03 1.896611571311950684e+00
4.070000000000000000e+03 1.936381101608276367e+00
4.071000000000000000e+03 1.914669990539550781e+00
4.072000000000000000e+03 1.938903808593750000e+00
4.073000000000000000e+03 1.953225135803222656e+00
4.074000000000000000e+03 1.993307828903198242e+00
4.075000000000000000e+03 1.900201797485351562e+00
4.076000000000000000e+03 1.879267930984497070e+00
4.077000000000000000e+03 1.891661047935485840e+00
4.078000000000000000e+03 1.884431958198547363e+00
4.079000000000000000e+03 1.969764590263366699e+00
4.080000000000000000e+03 1.896051168441772461e+00
4.081000000000000000e+03 1.873318910598754883e+00
4.082000000000000000e+03 1.886241316795349121e+00
4.083000000000000000e+03 1.865531444549560547e+00
4.084000000000000000e+03 1.846884250640869141e+00
4.085000000000000000e+03 1.902042746543884277e+00
4.086000000000000000e+03 1.904935598373413086e+00
4.087000000000000000e+03 1.910097956657409668e+00
4.088000000000000000e+03 1.887095212936401367e+00
4.089000000000000000e+03 1.859440207481384277e+00
4.090000000000000000e+03 1.849660038948059082e+00
4.091000000000000000e+03 1.840295076370239258e+00
4.092000000000000000e+03 1.863585352897644043e+00
4.093000000000000000e+03 1.832224249839782715e+00
4.094000000000000000e+03 1.837619543075561523e+00
4.095000000000000000e+03 1.815334320068359375e+00
4.096000000000000000e+03 1.814237713813781738e+00
4.097000000000000000e+03 1.814219832420349121e+00
4.098000000000000000e+03 1.868136167526245117e+00
4.099000000000000000e+03 1.907197594642639160e+00
4.100000000000000000e+03 1.886338710784912109e+00
4.101000000000000000e+03 1.863548994064331055e+00
4.102000000000000000e+03 1.880499243736267090e+00
4.103000000000000000e+03 1.812450647354125977e+00
4.104000000000000000e+03 1.836102008819580078e+00
4.105000000000000000e+03 1.826605677604675293e+00
4.106000000000000000e+03 1.823616743087768555e+00
4.107000000000000000e+03 1.835668563842773438e+00
4.108000000000000000e+03 1.847136378288269043e+00
4.109000000000000000e+03 1.840501189231872559e+00
4.110000000000000000e+03 1.867824792861938477e+00
4.111000000000000000e+03 1.846887469291687012e+00
4.112000000000000000e+03 1.796956062316894531e+00
4.113000000000000000e+03 1.794986963272094727e+00
4.114000000000000000e+03 1.859019041061401367e+00
4.115000000000000000e+03 1.865117549896240234e+00
4.116000000000000000e+03 1.824957013130187988e+00
4.117000000000000000e+03 1.830693364143371582e+00
4.118000000000000000e+03 1.864088535308837891e+00
4.119000000000000000e+03 1.810073733329772949e+00
4.120000000000000000e+03 1.877697706222534180e+00
4.121000000000000000e+03 1.827929377555847168e+00
4.122000000000000000e+03 1.821924090385437012e+00
4.123000000000000000e+03 1.823520898818969727e+00
4.124000000000000000e+03 1.801934123039245605e+00
4.125000000000000000e+03 1.796660304069519043e+00
4.126000000000000000e+03 1.853860855102539062e+00
4.127000000000000000e+03 1.819454073905944824e+00
4.128000000000000000e+03 1.808914542198181152e+00
4.129000000000000000e+03 1.814015626907348633e+00
4.130000000000000000e+03 1.796170353889465332e+00
4.131000000000000000e+03 1.802621960639953613e+00
4.132000000000000000e+03 1.805826783180236816e+00
4.133000000000000000e+03 1.823758125305175781e+00
4.134000000000000000e+03 1.785534024238586426e+00
4.135000000000000000e+03 1.792887926101684570e+00
4.136000000000000000e+03 1.884775280952453613e+00
4.137000000000000000e+03 1.872196674346923828e+00
4.138000000000000000e+03 1.865478754043579102e+00
4.139000000000000000e+03 1.872667670249938965e+00
4.140000000000000000e+03 1.829700350761413574e+00
4.141000000000000000e+03 1.817496776580810547e+00
4.142000000000000000e+03 1.795737266540527344e+00
4.143000000000000000e+03 1.810185432434082031e+00
4.144000000000000000e+03 1.869914054870605469e+00
4.145000000000000000e+03 1.858686447143554688e+00
4.146000000000000000e+03 1.837516546249389648e+00
4.147000000000000000e+03 1.850086569786071777e+00
4.148000000000000000e+03 1.877327322959899902e+00
4.149000000000000000e+03 1.815426111221313477e+00
4.150000000000000000e+03 1.823922634124755859e+00
4.151000000000000000e+03 1.816417455673217773e+00
4.152000000000000000e+03 1.845672369003295898e+00
4.153000000000000000e+03 1.787777662277221680e+00
4.154000000000000000e+03 1.792494297027587891e+00
4.155000000000000000e+03 1.783328056335449219e+00
4.156000000000000000e+03 1.772821664810180664e+00
4.157000000000000000e+03 1.759303450584411621e+00
4.158000000000000000e+03 1.799307107925415039e+00
4.159000000000000000e+03 1.777620673179626465e+00
4.160000000000000000e+03 1.777181386947631836e+00
4.161000000000000000e+03 1.800358295440673828e+00
4.162000000000000000e+03 1.741283655166625977e+00
4.163000000000000000e+03 1.784594416618347168e+00
4.164000000000000000e+03 1.766701579093933105e+00
4.165000000000000000e+03 1.751274943351745605e+00
4.166000000000000000e+03 1.797882556915283203e+00
4.167000000000000000e+03 1.772705316543579102e+00
4.168000000000000000e+03 1.788388490676879883e+00
4.169000000000000000e+03 1.798991560935974121e+00
4.170000000000000000e+03 1.794130563735961914e+00
4.171000000000000000e+03 1.824290752410888672e+00
4.172000000000000000e+03 1.773580551147460938e+00
4.173000000000000000e+03 1.808916807174682617e+00
4.174000000000000000e+03 1.821799278259277344e+00
4.175000000000000000e+03 1.807346940040588379e+00
4.176000000000000000e+03 1.783035278320312500e+00
4.177000000000000000e+03 1.776951193809509277e+00
4.178000000000000000e+03 1.807264566421508789e+00
4.179000000000000000e+03 1.787814974784851074e+00
4.180000000000000000e+03 1.797658681869506836e+00
4.181000000000000000e+03 1.795091152191162109e+00
4.182000000000000000e+03 1.721355199813842773e+00
4.183000000000000000e+03 1.761624693870544434e+00
4.184000000000000000e+03 1.791982650756835938e+00
4.185000000000000000e+03 1.793496370315551758e+00
4.186000000000000000e+03 1.817196726799011230e+00
4.187000000000000000e+03 1.779690265655517578e+00
4.188000000000000000e+03 1.781798481941223145e+00
4.189000000000000000e+03 1.762933850288391113e+00
4.190000000000000000e+03 1.768962502479553223e+00
4.191000000000000000e+03 1.784782409667968750e+00
4.192000000000000000e+03 1.794982910156250000e+00
4.193000000000000000e+03 1.773913860321044922e+00
4.194000000000000000e+03 1.776846408843994141e+00
4.195000000000000000e+03 1.809611916542053223e+00
4.196000000000000000e+03 1.793831348419189453e+00
4.197000000000000000e+03 1.822390675544738770e+00
4.198000000000000000e+03 1.815187215805053711e+00
4.199000000000000000e+03 1.802159309387207031e+00
4.200000000000000000e+03 1.859696865081787109e+00
4.201000000000000000e+03 1.786844968795776367e+00
4.202000000000000000e+03 1.806272506713867188e+00
4.203000000000000000e+03 1.795677900314331055e+00
4.204000000000000000e+03 1.794199943542480469e+00
4.205000000000000000e+03 1.825516939163208008e+00
4.206000000000000000e+03 1.803633213043212891e+00
4.207000000000000000e+03 1.815722703933715820e+00
4.208000000000000000e+03 1.806092262268066406e+00
4.209000000000000000e+03 1.833538770675659180e+00
4.210000000000000000e+03 1.831189632415771484e+00
4.211000000000000000e+03 1.848985195159912109e+00
4.212000000000000000e+03 1.796002388000488281e+00
4.213000000000000000e+03 1.758165478706359863e+00
4.214000000000000000e+03 1.785607457160949707e+00
4.215000000000000000e+03 1.851719856262207031e+00
4.216000000000000000e+03 1.806129455566406250e+00
4.217000000000000000e+03 1.837987303733825684e+00
4.218000000000000000e+03 1.822551250457763672e+00
4.219000000000000000e+03 1.826446413993835449e+00
4.220000000000000000e+03 1.850693821907043457e+00
4.221000000000000000e+03 1.814293503761291504e+00
4.222000000000000000e+03 1.864883899688720703e+00
4.223000000000000000e+03 1.834460854530334473e+00
4.224000000000000000e+03 1.813987016677856445e+00
4.225000000000000000e+03 1.801367521286010742e+00
4.226000000000000000e+03 1.808972477912902832e+00
4.227000000000000000e+03 1.834033727645874023e+00
4.228000000000000000e+03 1.793887019157409668e+00
4.229000000000000000e+03 1.759153008460998535e+00
4.230000000000000000e+03 1.809812068939208984e+00
4.231000000000000000e+03 1.788478732109069824e+00
4.232000000000000000e+03 1.776956200599670410e+00
4.233000000000000000e+03 1.766603469848632812e+00
4.234000000000000000e+03 1.750929713249206543e+00
4.235000000000000000e+03 1.822854280471801758e+00
4.236000000000000000e+03 1.845036625862121582e+00
4.237000000000000000e+03 1.841383218765258789e+00
4.238000000000000000e+03 1.840665102005004883e+00
4.239000000000000000e+03 1.838407158851623535e+00
4.240000000000000000e+03 1.792118668556213379e+00
4.241000000000000000e+03 1.831108450889587402e+00
4.242000000000000000e+03 1.802678465843200684e+00
4.243000000000000000e+03 1.838780999183654785e+00
4.244000000000000000e+03 1.821888208389282227e+00
4.245000000000000000e+03 1.805581212043762207e+00
4.246000000000000000e+03 1.800315380096435547e+00
4.247000000000000000e+03 1.848221302032470703e+00
4.248000000000000000e+03 1.848577499389648438e+00
4.249000000000000000e+03 1.800255656242370605e+00
4.250000000000000000e+03 1.807762503623962402e+00
4.251000000000000000e+03 1.801725745201110840e+00
4.252000000000000000e+03 1.851305246353149414e+00
4.253000000000000000e+03 1.886829853057861328e+00
4.254000000000000000e+03 1.828906774520874023e+00
4.255000000000000000e+03 1.858445882797241211e+00
4.256000000000000000e+03 1.851671934127807617e+00
4.257000000000000000e+03 1.820329546928405762e+00
4.258000000000000000e+03 1.817831635475158691e+00
4.259000000000000000e+03 1.836679100990295410e+00
4.260000000000000000e+03 1.857895255088806152e+00
4.261000000000000000e+03 1.860993385314941406e+00
4.262000000000000000e+03 1.825689673423767090e+00
4.263000000000000000e+03 1.853507757186889648e+00
4.264000000000000000e+03 1.833659887313842773e+00
4.265000000000000000e+03 1.871178984642028809e+00
4.266000000000000000e+03 1.872693061828613281e+00
4.267000000000000000e+03 1.905876278877258301e+00
4.268000000000000000e+03 1.896354079246520996e+00
4.269000000000000000e+03 1.888022899627685547e+00
4.270000000000000000e+03 1.904116392135620117e+00
4.271000000000000000e+03 1.962735891342163086e+00
4.272000000000000000e+03 1.928452730178833008e+00
4.273000000000000000e+03 1.905389547348022461e+00
4.274000000000000000e+03 1.871492743492126465e+00
4.275000000000000000e+03 1.880024075508117676e+00
4.276000000000000000e+03 1.855233430862426758e+00
4.277000000000000000e+03 1.882859945297241211e+00
4.278000000000000000e+03 1.894009709358215332e+00
4.279000000000000000e+03 1.882138252258300781e+00
4.280000000000000000e+03 1.889583349227905273e+00
4.281000000000000000e+03 1.891390800476074219e+00
4.282000000000000000e+03 1.896066188812255859e+00
4.283000000000000000e+03 1.888051748275756836e+00
4.284000000000000000e+03 1.827125072479248047e+00
4.285000000000000000e+03 1.835059642791748047e+00
4.286000000000000000e+03 1.827811002731323242e+00
4.287000000000000000e+03 1.847911953926086426e+00
4.288000000000000000e+03 1.793529510498046875e+00
4.289000000000000000e+03 1.802189111709594727e+00
4.290000000000000000e+03 1.825320124626159668e+00
4.291000000000000000e+03 1.822283506393432617e+00
4.292000000000000000e+03 1.855921864509582520e+00
4.293000000000000000e+03 1.828171968460083008e+00
4.294000000000000000e+03 1.864396214485168457e+00
4.295000000000000000e+03 1.854094147682189941e+00
4.296000000000000000e+03 1.854927539825439453e+00
4.297000000000000000e+03 1.829482197761535645e+00
4.298000000000000000e+03 1.789475083351135254e+00
4.299000000000000000e+03 1.863904237747192383e+00
4.300000000000000000e+03 1.868004560470581055e+00
4.301000000000000000e+03 1.848829865455627441e+00
4.302000000000000000e+03 1.872068881988525391e+00
4.303000000000000000e+03 1.875682473182678223e+00
4.304000000000000000e+03 1.861365079879760742e+00
4.305000000000000000e+03 1.889753341674804688e+00
4.306000000000000000e+03 1.875534892082214355e+00
4.307000000000000000e+03 1.835037708282470703e+00
4.308000000000000000e+03 1.764212489128112793e+00
4.309000000000000000e+03 1.823902964591979980e+00
4.310000000000000000e+03 1.882457971572875977e+00
4.311000000000000000e+03 1.843412160873413086e+00
4.312000000000000000e+03 1.818097472190856934e+00
4.313000000000000000e+03 1.809760451316833496e+00
4.314000000000000000e+03 1.819332480430603027e+00
4.315000000000000000e+03 1.823577642440795898e+00
4.316000000000000000e+03 1.844315290451049805e+00
4.317000000000000000e+03 1.868767142295837402e+00
4.318000000000000000e+03 1.811674952507019043e+00
4.319000000000000000e+03 1.824756860733032227e+00
4.320000000000000000e+03 1.844219803810119629e+00
4.321000000000000000e+03 1.828645229339599609e+00
4.322000000000000000e+03 1.827251434326171875e+00
4.323000000000000000e+03 1.810330748558044434e+00
4.324000000000000000e+03 1.825949788093566895e+00
4.325000000000000000e+03 1.841894268989562988e+00
4.326000000000000000e+03 1.848714470863342285e+00
4.327000000000000000e+03 1.838783502578735352e+00
4.328000000000000000e+03 1.801304221153259277e+00
4.329000000000000000e+03 1.804673314094543457e+00
4.330000000000000000e+03 1.860720753669738770e+00
4.331000000000000000e+03 1.856430530548095703e+00
4.332000000000000000e+03 1.836248517036437988e+00
4.333000000000000000e+03 1.818606972694396973e+00
4.334000000000000000e+03 1.860351562500000000e+00
4.335000000000000000e+03 1.795695424079895020e+00
4.336000000000000000e+03 1.828086733818054199e+00
4.337000000000000000e+03 1.862622976303100586e+00
4.338000000000000000e+03 1.851726174354553223e+00
4.339000000000000000e+03 1.797054767608642578e+00
4.340000000000000000e+03 1.827077150344848633e+00
4.341000000000000000e+03 1.843549013137817383e+00
4.342000000000000000e+03 1.818976879119873047e+00
4.343000000000000000e+03 1.889357209205627441e+00
4.344000000000000000e+03 1.874309897422790527e+00
4.345000000000000000e+03 1.849987506866455078e+00
4.346000000000000000e+03 1.849461674690246582e+00
4.347000000000000000e+03 1.804204940795898438e+00
4.348000000000000000e+03 1.809269309043884277e+00
4.349000000000000000e+03 1.834347963333129883e+00
4.350000000000000000e+03 1.787927031517028809e+00
4.351000000000000000e+03 1.828792333602905273e+00
4.352000000000000000e+03 1.775013804435729980e+00
4.353000000000000000e+03 1.826243758201599121e+00
4.354000000000000000e+03 1.787497639656066895e+00
4.355000000000000000e+03 1.769453048706054688e+00
4.356000000000000000e+03 1.818990588188171387e+00
4.357000000000000000e+03 1.773929715156555176e+00
4.358000000000000000e+03 1.786852478981018066e+00
4.359000000000000000e+03 1.809755325317382812e+00
4.360000000000000000e+03 1.766735196113586426e+00
4.361000000000000000e+03 1.793511629104614258e+00
4.362000000000000000e+03 1.818439126014709473e+00
4.363000000000000000e+03 1.830412864685058594e+00
4.364000000000000000e+03 1.919885396957397461e+00
4.365000000000000000e+03 1.841110587120056152e+00
4.366000000000000000e+03 1.835216403007507324e+00
4.367000000000000000e+03 1.821133732795715332e+00
4.368000000000000000e+03 1.828339934349060059e+00
4.369000000000000000e+03 1.827197313308715820e+00
4.370000000000000000e+03 1.838888525962829590e+00
4.371000000000000000e+03 1.891003370285034180e+00
4.372000000000000000e+03 1.854982376098632812e+00
4.373000000000000000e+03 1.840939998626708984e+00
4.374000000000000000e+03 1.795276284217834473e+00
4.375000000000000000e+03 1.862014651298522949e+00
4.376000000000000000e+03 1.844730257987976074e+00
4.377000000000000000e+03 1.842394948005676270e+00
4.378000000000000000e+03 1.858676910400390625e+00
4.379000000000000000e+03 1.808903217315673828e+00
4.380000000000000000e+03 1.847883105278015137e+00
4.381000000000000000e+03 1.848152875900268555e+00
4.382000000000000000e+03 1.878210306167602539e+00
4.383000000000000000e+03 1.866707801818847656e+00
4.384000000000000000e+03 1.870917320251464844e+00
4.385000000000000000e+03 1.842705726623535156e+00
4.386000000000000000e+03 1.868065834045410156e+00
4.387000000000000000e+03 1.880167603492736816e+00
4.388000000000000000e+03 1.955237388610839844e+00
4.389000000000000000e+03 1.977419137954711914e+00
4.390000000000000000e+03 1.959629058837890625e+00
4.391000000000000000e+03 1.989814281463623047e+00
4.392000000000000000e+03 1.950897812843322754e+00
4.393000000000000000e+03 1.890362381935119629e+00
4.394000000000000000e+03 1.930434942245483398e+00
4.395000000000000000e+03 1.915575742721557617e+00
4.396000000000000000e+03 1.950091123580932617e+00
4.397000000000000000e+03 1.939737081527709961e+00
4.398000000000000000e+03 1.929788470268249512e+00
4.399000000000000000e+03 1.934315562248229980e+00
4.400000000000000000e+03 1.980095386505126953e+00
4.401000000000000000e+03 1.858578443527221680e+00
4.402000000000000000e+03 1.944940686225891113e+00
4.403000000000000000e+03 1.875688910484313965e+00
4.404000000000000000e+03 1.873309612274169922e+00
4.405000000000000000e+03 1.912760376930236816e+00
4.406000000000000000e+03 1.884302496910095215e+00
4.407000000000000000e+03 1.887721180915832520e+00
4.408000000000000000e+03 1.877951979637145996e+00
4.409000000000000000e+03 1.839846491813659668e+00
4.410000000000000000e+03 1.857844114303588867e+00
4.411000000000000000e+03 1.885220646858215332e+00
4.412000000000000000e+03 1.861979007720947266e+00
4.413000000000000000e+03 1.881752967834472656e+00
4.414000000000000000e+03 1.848898291587829590e+00
4.415000000000000000e+03 1.863443255424499512e+00
4.416000000000000000e+03 1.867211699485778809e+00
4.417000000000000000e+03 1.896389007568359375e+00
4.418000000000000000e+03 1.859190464019775391e+00
4.419000000000000000e+03 1.825035095214843750e+00
4.420000000000000000e+03 1.895717740058898926e+00
4.421000000000000000e+03 1.905820965766906738e+00
4.422000000000000000e+03 1.895616292953491211e+00
4.423000000000000000e+03 1.874520778656005859e+00
4.424000000000000000e+03 1.883793950080871582e+00
4.425000000000000000e+03 1.906576871871948242e+00
4.426000000000000000e+03 1.907152891159057617e+00
4.427000000000000000e+03 1.848441123962402344e+00
4.428000000000000000e+03 1.881646752357482910e+00
4.429000000000000000e+03 1.877050757408142090e+00
4.430000000000000000e+03 1.858535766601562500e+00
4.431000000000000000e+03 1.873606920242309570e+00
4.432000000000000000e+03 1.876682758331298828e+00
4.433000000000000000e+03 1.848142862319946289e+00
4.434000000000000000e+03 1.930925965309143066e+00
4.435000000000000000e+03 1.878301501274108887e+00
4.436000000000000000e+03 1.922628641128540039e+00
4.437000000000000000e+03 1.872983574867248535e+00
4.438000000000000000e+03 1.842282533645629883e+00
4.439000000000000000e+03 1.844265818595886230e+00
4.440000000000000000e+03 1.834782123565673828e+00
4.441000000000000000e+03 1.882967948913574219e+00
4.442000000000000000e+03 1.878450632095336914e+00
4.443000000000000000e+03 1.884086251258850098e+00
4.444000000000000000e+03 1.867078542709350586e+00
4.445000000000000000e+03 1.871328115463256836e+00
4.446000000000000000e+03 1.839653611183166504e+00
4.447000000000000000e+03 1.824040174484252930e+00
4.448000000000000000e+03 1.852365136146545410e+00
4.449000000000000000e+03 1.838094711303710938e+00
4.450000000000000000e+03 1.826398491859436035e+00
4.451000000000000000e+03 1.835418224334716797e+00
4.452000000000000000e+03 1.844026565551757812e+00
4.453000000000000000e+03 1.852560997009277344e+00
4.454000000000000000e+03 1.862548470497131348e+00
4.455000000000000000e+03 1.869854807853698730e+00
4.456000000000000000e+03 1.853273749351501465e+00
4.457000000000000000e+03 1.855332136154174805e+00
4.458000000000000000e+03 1.865534782409667969e+00
4.459000000000000000e+03 1.873219490051269531e+00
4.460000000000000000e+03 1.880024194717407227e+00
4.461000000000000000e+03 1.870914459228515625e+00
4.462000000000000000e+03 1.912612557411193848e+00
4.463000000000000000e+03 1.855195045471191406e+00
4.464000000000000000e+03 1.835659146308898926e+00
4.465000000000000000e+03 1.873263478279113770e+00
4.466000000000000000e+03 1.795273780822753906e+00
4.467000000000000000e+03 1.837943315505981445e+00
4.468000000000000000e+03 1.826889634132385254e+00
4.469000000000000000e+03 1.869613647460937500e+00
4.470000000000000000e+03 1.851796865463256836e+00
4.471000000000000000e+03 1.858224153518676758e+00
4.472000000000000000e+03 1.871782541275024414e+00
4.473000000000000000e+03 1.838695287704467773e+00
4.474000000000000000e+03 1.839909434318542480e+00
4.475000000000000000e+03 1.851116776466369629e+00
4.476000000000000000e+03 1.870319843292236328e+00
4.477000000000000000e+03 1.831442594528198242e+00
4.478000000000000000e+03 1.803839564323425293e+00
4.479000000000000000e+03 1.875499248504638672e+00
4.480000000000000000e+03 1.895577192306518555e+00
4.481000000000000000e+03 1.865724682807922363e+00
4.482000000000000000e+03 1.848181009292602539e+00
4.483000000000000000e+03 1.881345987319946289e+00
4.484000000000000000e+03 1.890493392944335938e+00
4.485000000000000000e+03 1.875314950942993164e+00
4.486000000000000000e+03 1.880335569381713867e+00
4.487000000000000000e+03 1.866426825523376465e+00
4.488000000000000000e+03 1.883908152580261230e+00
4.489000000000000000e+03 1.880057811737060547e+00
4.490000000000000000e+03 1.876664042472839355e+00
4.491000000000000000e+03 1.877091407775878906e+00
4.492000000000000000e+03 1.858512639999389648e+00
4.493000000000000000e+03 1.864889144897460938e+00
4.494000000000000000e+03 1.847206592559814453e+00
4.495000000000000000e+03 1.845347523689270020e+00
4.496000000000000000e+03 1.900154709815979004e+00
4.497000000000000000e+03 1.891076087951660156e+00
4.498000000000000000e+03 1.865144371986389160e+00
4.499000000000000000e+03 1.926158905029296875e+00
4.500000000000000000e+03 1.876125574111938477e+00
4.501000000000000000e+03 1.887646675109863281e+00
4.502000000000000000e+03 1.872722864151000977e+00
4.503000000000000000e+03 1.852297306060791016e+00
4.504000000000000000e+03 1.902985692024230957e+00
4.505000000000000000e+03 1.906621217727661133e+00
4.506000000000000000e+03 1.915838241577148438e+00
4.507000000000000000e+03 1.962036371231079102e+00
4.508000000000000000e+03 1.911833047866821289e+00
4.509000000000000000e+03 1.912475705146789551e+00
4.510000000000000000e+03 1.917014837265014648e+00
4.511000000000000000e+03 1.926777839660644531e+00
4.512000000000000000e+03 1.948531627655029297e+00
4.513000000000000000e+03 1.925992250442504883e+00
4.514000000000000000e+03 1.936996459960937500e+00
4.515000000000000000e+03 1.880771994590759277e+00
4.516000000000000000e+03 1.890623807907104492e+00
4.517000000000000000e+03 1.878187060356140137e+00
4.518000000000000000e+03 1.918410420417785645e+00
4.519000000000000000e+03 1.945775985717773438e+00
4.520000000000000000e+03 1.933625936508178711e+00
4.521000000000000000e+03 1.896364688873291016e+00
4.522000000000000000e+03 1.934261322021484375e+00
4.523000000000000000e+03 1.907236695289611816e+00
4.524000000000000000e+03 1.881009936332702637e+00
4.525000000000000000e+03 1.892776966094970703e+00
4.526000000000000000e+03 1.906929731369018555e+00
4.527000000000000000e+03 1.935992240905761719e+00
4.528000000000000000e+03 1.932716488838195801e+00
4.529000000000000000e+03 1.944923043251037598e+00
4.530000000000000000e+03 1.915857911109924316e+00
4.531000000000000000e+03 1.909186601638793945e+00
4.532000000000000000e+03 1.910796642303466797e+00
4.533000000000000000e+03 1.935667872428894043e+00
4.534000000000000000e+03 1.908386230468750000e+00
4.535000000000000000e+03 1.954546928405761719e+00
4.536000000000000000e+03 1.938633203506469727e+00
4.537000000000000000e+03 1.887633442878723145e+00
4.538000000000000000e+03 1.939654827117919922e+00
4.539000000000000000e+03 1.945089459419250488e+00
4.540000000000000000e+03 1.907740473747253418e+00
4.541000000000000000e+03 1.897131204605102539e+00
4.542000000000000000e+03 1.939275026321411133e+00
4.543000000000000000e+03 1.928665041923522949e+00
4.544000000000000000e+03 1.951603531837463379e+00
4.545000000000000000e+03 1.978028178215026855e+00
4.546000000000000000e+03 1.935411691665649414e+00
4.547000000000000000e+03 1.931621551513671875e+00
4.548000000000000000e+03 1.915340304374694824e+00
4.549000000000000000e+03 1.957750797271728516e+00
4.550000000000000000e+03 1.912508487701416016e+00
4.551000000000000000e+03 1.952124357223510742e+00
4.552000000000000000e+03 1.912867903709411621e+00
4.553000000000000000e+03 1.928737044334411621e+00
4.554000000000000000e+03 1.931051969528198242e+00
4.555000000000000000e+03 1.892476320266723633e+00
4.556000000000000000e+03 1.893919825553894043e+00
4.557000000000000000e+03 1.924364328384399414e+00
4.558000000000000000e+03 1.899239540100097656e+00
4.559000000000000000e+03 1.902425050735473633e+00
4.560000000000000000e+03 1.898062705993652344e+00
4.561000000000000000e+03 1.907420754432678223e+00
4.562000000000000000e+03 1.916504859924316406e+00
4.563000000000000000e+03 1.867940425872802734e+00
4.564000000000000000e+03 1.890280246734619141e+00
4.565000000000000000e+03 1.954159021377563477e+00
4.566000000000000000e+03 1.941672801971435547e+00
4.567000000000000000e+03 1.917868614196777344e+00
4.568000000000000000e+03 1.865351200103759766e+00
4.569000000000000000e+03 1.882302999496459961e+00
4.570000000000000000e+03 1.871067643165588379e+00
4.571000000000000000e+03 1.905477523803710938e+00
4.572000000000000000e+03 1.922070503234863281e+00
4.573000000000000000e+03 1.880619406700134277e+00
4.574000000000000000e+03 1.918456554412841797e+00
4.575000000000000000e+03 1.884262919425964355e+00
4.576000000000000000e+03 1.901190996170043945e+00
4.577000000000000000e+03 1.874983787536621094e+00
4.578000000000000000e+03 1.865640997886657715e+00
4.579000000000000000e+03 1.852377414703369141e+00
4.580000000000000000e+03 1.898815035820007324e+00
4.581000000000000000e+03 1.868774414062500000e+00
4.582000000000000000e+03 1.841515302658081055e+00
4.583000000000000000e+03 1.892766594886779785e+00
4.584000000000000000e+03 1.882399559020996094e+00
4.585000000000000000e+03 1.829500913619995117e+00
4.586000000000000000e+03 1.866993546485900879e+00
4.587000000000000000e+03 1.873326182365417480e+00
4.588000000000000000e+03 1.893195867538452148e+00
4.589000000000000000e+03 1.875072121620178223e+00
4.590000000000000000e+03 1.874700069427490234e+00
4.591000000000000000e+03 1.862322688102722168e+00
4.592000000000000000e+03 1.887415528297424316e+00
4.593000000000000000e+03 1.868375658988952637e+00
4.594000000000000000e+03 1.901885986328125000e+00
4.595000000000000000e+03 1.885857701301574707e+00
4.596000000000000000e+03 1.905879139900207520e+00
4.597000000000000000e+03 1.881212472915649414e+00
4.598000000000000000e+03 1.923327326774597168e+00
4.599000000000000000e+03 1.904487490653991699e+00
4.600000000000000000e+03 1.895313501358032227e+00
4.601000000000000000e+03 1.870809555053710938e+00
4.602000000000000000e+03 1.881705999374389648e+00
4.603000000000000000e+03 1.879550457000732422e+00
4.604000000000000000e+03 1.900056600570678711e+00
4.605000000000000000e+03 1.966603875160217285e+00
4.606000000000000000e+03 1.918322324752807617e+00
4.607000000000000000e+03 1.900073528289794922e+00
4.608000000000000000e+03 1.885230779647827148e+00
4.609000000000000000e+03 1.924411892890930176e+00
4.610000000000000000e+03 1.880614757537841797e+00
4.611000000000000000e+03 1.851219177246093750e+00
4.612000000000000000e+03 1.875918149948120117e+00
4.613000000000000000e+03 1.866093397140502930e+00
4.614000000000000000e+03 1.863559961318969727e+00
4.615000000000000000e+03 1.866493821144104004e+00
4.616000000000000000e+03 1.865370988845825195e+00
4.617000000000000000e+03 1.884228825569152832e+00
4.618000000000000000e+03 1.880486369132995605e+00
4.619000000000000000e+03 1.863232612609863281e+00
4.620000000000000000e+03 1.844129085540771484e+00
4.621000000000000000e+03 1.838697075843811035e+00
4.622000000000000000e+03 1.827439785003662109e+00
4.623000000000000000e+03 1.844025373458862305e+00
4.624000000000000000e+03 1.845577955245971680e+00
4.625000000000000000e+03 1.882169485092163086e+00
4.626000000000000000e+03 1.894365072250366211e+00
4.627000000000000000e+03 1.863436102867126465e+00
4.628000000000000000e+03 1.835685968399047852e+00
4.629000000000000000e+03 1.872024059295654297e+00
4.630000000000000000e+03 1.873576879501342773e+00
4.631000000000000000e+03 1.868616700172424316e+00
4.632000000000000000e+03 1.819794058799743652e+00
4.633000000000000000e+03 1.839832186698913574e+00
4.634000000000000000e+03 1.816226124763488770e+00
4.635000000000000000e+03 1.820291161537170410e+00
4.636000000000000000e+03 1.847592473030090332e+00
4.637000000000000000e+03 1.771060943603515625e+00
4.638000000000000000e+03 1.794247865676879883e+00
4.639000000000000000e+03 1.825115919113159180e+00
4.640000000000000000e+03 1.845462322235107422e+00
4.641000000000000000e+03 1.862781167030334473e+00
4.642000000000000000e+03 1.818654775619506836e+00
4.643000000000000000e+03 1.895251631736755371e+00
4.644000000000000000e+03 1.873913764953613281e+00
4.645000000000000000e+03 1.925867795944213867e+00
4.646000000000000000e+03 1.901376843452453613e+00
4.647000000000000000e+03 1.854198932647705078e+00
4.648000000000000000e+03 1.838768720626831055e+00
4.649000000000000000e+03 1.855779409408569336e+00
4.650000000000000000e+03 1.818529486656188965e+00
4.651000000000000000e+03 1.838298320770263672e+00
4.652000000000000000e+03 1.823796510696411133e+00
4.653000000000000000e+03 1.842215895652770996e+00
4.654000000000000000e+03 1.806209087371826172e+00
4.655000000000000000e+03 1.819234251976013184e+00
4.656000000000000000e+03 1.829023957252502441e+00
4.657000000000000000e+03 1.807387351989746094e+00
4.658000000000000000e+03 1.718780636787414551e+00
4.659000000000000000e+03 1.755110621452331543e+00
4.660000000000000000e+03 1.804240226745605469e+00
4.661000000000000000e+03 1.788149952888488770e+00
4.662000000000000000e+03 1.781817436218261719e+00
4.663000000000000000e+03 1.788598179817199707e+00
4.664000000000000000e+03 1.790992736816406250e+00
4.665000000000000000e+03 1.825560331344604492e+00
4.666000000000000000e+03 1.794766187667846680e+00
4.667000000000000000e+03 1.833186268806457520e+00
4.668000000000000000e+03 1.799147486686706543e+00
4.669000000000000000e+03 1.809213638305664062e+00
4.670000000000000000e+03 1.829318642616271973e+00
4.671000000000000000e+03 1.788931369781494141e+00
4.672000000000000000e+03 1.779888987541198730e+00
4.673000000000000000e+03 1.809108734130859375e+00
4.674000000000000000e+03 1.809886097908020020e+00
4.675000000000000000e+03 1.850522994995117188e+00
4.676000000000000000e+03 1.809906363487243652e+00
4.677000000000000000e+03 1.819783926010131836e+00
4.678000000000000000e+03 1.796935439109802246e+00
4.679000000000000000e+03 1.796885848045349121e+00
4.680000000000000000e+03 1.833884954452514648e+00
4.681000000000000000e+03 1.813361644744873047e+00
4.682000000000000000e+03 1.815523624420166016e+00
4.683000000000000000e+03 1.820592641830444336e+00
4.684000000000000000e+03 1.823464870452880859e+00
4.685000000000000000e+03 1.801784515380859375e+00
4.686000000000000000e+03 1.812036156654357910e+00
4.687000000000000000e+03 1.850021839141845703e+00
4.688000000000000000e+03 1.848815679550170898e+00
4.689000000000000000e+03 1.851552605628967285e+00
4.690000000000000000e+03 1.903617620468139648e+00
4.691000000000000000e+03 1.855978250503540039e+00
4.692000000000000000e+03 1.860544204711914062e+00
4.693000000000000000e+03 1.832377910614013672e+00
4.694000000000000000e+03 1.839223384857177734e+00
4.695000000000000000e+03 1.846165895462036133e+00
4.696000000000000000e+03 1.834674835205078125e+00
4.697000000000000000e+03 1.811783909797668457e+00
4.698000000000000000e+03 1.813847303390502930e+00
4.699000000000000000e+03 1.784661889076232910e+00
4.700000000000000000e+03 1.816917181015014648e+00
4.701000000000000000e+03 1.795613765716552734e+00
4.702000000000000000e+03 1.844959020614624023e+00
4.703000000000000000e+03 1.807046294212341309e+00
4.704000000000000000e+03 1.797231197357177734e+00
4.705000000000000000e+03 1.804047822952270508e+00
4.706000000000000000e+03 1.823670983314514160e+00
4.707000000000000000e+03 1.776207804679870605e+00
4.708000000000000000e+03 1.792816638946533203e+00
4.709000000000000000e+03 1.838343977928161621e+00
4.710000000000000000e+03 1.792070627212524414e+00
4.711000000000000000e+03 1.806506991386413574e+00
4.712000000000000000e+03 1.796720743179321289e+00
4.713000000000000000e+03 1.824469089508056641e+00
4.714000000000000000e+03 1.802956700325012207e+00
4.715000000000000000e+03 1.811386227607727051e+00
4.716000000000000000e+03 1.788367509841918945e+00
4.717000000000000000e+03 1.799730300903320312e+00
4.718000000000000000e+03 1.785358548164367676e+00
4.719000000000000000e+03 1.796223759651184082e+00
4.720000000000000000e+03 1.841338634490966797e+00
4.721000000000000000e+03 1.791425108909606934e+00
4.722000000000000000e+03 1.826479434967041016e+00
4.723000000000000000e+03 1.800960183143615723e+00
4.724000000000000000e+03 1.823637843132019043e+00
4.725000000000000000e+03 1.847338676452636719e+00
4.726000000000000000e+03 1.843663215637207031e+00
4.727000000000000000e+03 1.819923520088195801e+00
4.728000000000000000e+03 1.797078013420104980e+00
4.729000000000000000e+03 1.818005561828613281e+00
4.730000000000000000e+03 1.852648735046386719e+00
4.731000000000000000e+03 1.866675376892089844e+00
4.732000000000000000e+03 1.867157101631164551e+00
4.733000000000000000e+03 1.854836225509643555e+00
4.734000000000000000e+03 1.909973621368408203e+00
4.735000000000000000e+03 1.882859706878662109e+00
4.736000000000000000e+03 1.901489019393920898e+00
4.737000000000000000e+03 1.894395112991333008e+00
4.738000000000000000e+03 1.903001070022583008e+00
4.739000000000000000e+03 1.838138222694396973e+00
4.740000000000000000e+03 1.791262149810791016e+00
4.741000000000000000e+03 1.808664560317993164e+00
4.742000000000000000e+03 1.843845009803771973e+00
4.743000000000000000e+03 1.815662860870361328e+00
4.744000000000000000e+03 1.794754266738891602e+00
4.745000000000000000e+03 1.815743207931518555e+00
4.746000000000000000e+03 1.873339533805847168e+00
4.747000000000000000e+03 1.861355304718017578e+00
4.748000000000000000e+03 1.811380147933959961e+00
4.749000000000000000e+03 1.820136070251464844e+00
4.750000000000000000e+03 1.836638212203979492e+00
4.751000000000000000e+03 1.833999395370483398e+00
4.752000000000000000e+03 1.797118425369262695e+00
4.753000000000000000e+03 1.801394462585449219e+00
4.754000000000000000e+03 1.841501951217651367e+00
4.755000000000000000e+03 1.813030242919921875e+00
4.756000000000000000e+03 1.797755837440490723e+00
4.757000000000000000e+03 1.819065690040588379e+00
4.758000000000000000e+03 1.782967329025268555e+00
4.759000000000000000e+03 1.814853429794311523e+00
4.760000000000000000e+03 1.858247995376586914e+00
4.761000000000000000e+03 1.881205320358276367e+00
4.762000000000000000e+03 1.932300448417663574e+00
4.763000000000000000e+03 1.871039509773254395e+00
4.764000000000000000e+03 1.819794893264770508e+00
4.765000000000000000e+03 1.767166018486022949e+00
4.766000000000000000e+03 1.823193907737731934e+00
4.767000000000000000e+03 1.813016533851623535e+00
4.768000000000000000e+03 1.882914781570434570e+00
4.769000000000000000e+03 1.834520578384399414e+00
4.770000000000000000e+03 1.863511919975280762e+00
4.771000000000000000e+03 1.866390109062194824e+00
4.772000000000000000e+03 1.839430093765258789e+00
4.773000000000000000e+03 1.855223774909973145e+00
4.774000000000000000e+03 1.866890192031860352e+00
4.775000000000000000e+03 1.850715041160583496e+00
4.776000000000000000e+03 1.873833656311035156e+00
4.777000000000000000e+03 1.856248617172241211e+00
4.778000000000000000e+03 1.872160911560058594e+00
4.779000000000000000e+03 1.831204533576965332e+00
4.780000000000000000e+03 1.819110155105590820e+00
4.781000000000000000e+03 1.850628018379211426e+00
4.782000000000000000e+03 1.866506338119506836e+00
4.783000000000000000e+03 1.837509036064147949e+00
4.784000000000000000e+03 1.823997020721435547e+00
4.785000000000000000e+03 1.838355660438537598e+00
4.786000000000000000e+03 1.784519553184509277e+00
4.787000000000000000e+03 1.785135269165039062e+00
4.788000000000000000e+03 1.775179147720336914e+00
4.789000000000000000e+03 1.850584030151367188e+00
4.790000000000000000e+03 1.895568132400512695e+00
4.791000000000000000e+03 1.861258983612060547e+00
4.792000000000000000e+03 1.840343594551086426e+00
4.793000000000000000e+03 1.840748786926269531e+00
4.794000000000000000e+03 1.824664711952209473e+00
4.795000000000000000e+03 1.820973873138427734e+00
4.796000000000000000e+03 1.829520225524902344e+00
4.797000000000000000e+03 1.794168114662170410e+00
4.798000000000000000e+03 1.787870526313781738e+00
4.799000000000000000e+03 1.784027695655822754e+00
4.800000000000000000e+03 1.803365945816040039e+00
4.801000000000000000e+03 1.786255359649658203e+00
4.802000000000000000e+03 1.813546895980834961e+00
4.803000000000000000e+03 1.813734054565429688e+00
4.804000000000000000e+03 1.804886817932128906e+00
4.805000000000000000e+03 1.840434789657592773e+00
4.806000000000000000e+03 1.820852041244506836e+00
4.807000000000000000e+03 1.798954963684082031e+00
4.808000000000000000e+03 1.764710068702697754e+00
4.809000000000000000e+03 1.830712318420410156e+00
4.810000000000000000e+03 1.800859212875366211e+00
4.811000000000000000e+03 1.834060072898864746e+00
4.812000000000000000e+03 1.818272352218627930e+00
4.813000000000000000e+03 1.826236486434936523e+00
4.814000000000000000e+03 1.840823888778686523e+00
4.815000000000000000e+03 1.830066680908203125e+00
4.816000000000000000e+03 1.837334156036376953e+00
4.817000000000000000e+03 1.875851750373840332e+00
4.818000000000000000e+03 1.876752614974975586e+00
4.819000000000000000e+03 1.811657309532165527e+00
4.820000000000000000e+03 1.854417800903320312e+00
4.821000000000000000e+03 1.815524697303771973e+00
4.822000000000000000e+03 1.805766463279724121e+00
4.823000000000000000e+03 1.798446893692016602e+00
4.824000000000000000e+03 1.827481269836425781e+00
4.825000000000000000e+03 1.840796709060668945e+00
4.826000000000000000e+03 1.848127603530883789e+00
4.827000000000000000e+03 1.812234640121459961e+00
4.828000000000000000e+03 1.822538375854492188e+00
4.829000000000000000e+03 1.882933735847473145e+00
4.830000000000000000e+03 1.853861093521118164e+00
4.831000000000000000e+03 1.824305534362792969e+00
4.832000000000000000e+03 1.854124426841735840e+00
4.833000000000000000e+03 1.844046473503112793e+00
4.834000000000000000e+03 1.839192867279052734e+00
4.835000000000000000e+03 1.846817135810852051e+00
4.836000000000000000e+03 1.856134176254272461e+00
4.837000000000000000e+03 1.774916410446166992e+00
4.838000000000000000e+03 1.793442010879516602e+00
4.839000000000000000e+03 1.843382358551025391e+00
4.840000000000000000e+03 1.830617308616638184e+00
4.841000000000000000e+03 1.835868597030639648e+00
4.842000000000000000e+03 1.853156566619873047e+00
4.843000000000000000e+03 1.838965415954589844e+00
4.844000000000000000e+03 1.797858238220214844e+00
4.845000000000000000e+03 1.816465735435485840e+00
4.846000000000000000e+03 1.829787731170654297e+00
4.847000000000000000e+03 1.829597234725952148e+00
4.848000000000000000e+03 1.842545747756958008e+00
4.849000000000000000e+03 1.854367971420288086e+00
4.850000000000000000e+03 1.807037711143493652e+00
4.851000000000000000e+03 1.766988635063171387e+00
4.852000000000000000e+03 1.867818593978881836e+00
4.853000000000000000e+03 1.863162755966186523e+00
4.854000000000000000e+03 1.832893371582031250e+00
4.855000000000000000e+03 1.823789238929748535e+00
4.856000000000000000e+03 1.842178702354431152e+00
4.857000000000000000e+03 1.826270699501037598e+00
4.858000000000000000e+03 1.864450335502624512e+00
4.859000000000000000e+03 1.848436832427978516e+00
4.860000000000000000e+03 1.794852256774902344e+00
4.861000000000000000e+03 1.871630668640136719e+00
4.862000000000000000e+03 1.848891735076904297e+00
4.863000000000000000e+03 1.817527770996093750e+00
4.864000000000000000e+03 1.859713077545166016e+00
4.865000000000000000e+03 1.850895524024963379e+00
4.866000000000000000e+03 1.877900600433349609e+00
4.867000000000000000e+03 1.891316413879394531e+00
4.868000000000000000e+03 1.854526281356811523e+00
4.869000000000000000e+03 1.835460901260375977e+00
4.870000000000000000e+03 1.826364517211914062e+00
4.871000000000000000e+03 1.817367792129516602e+00
4.872000000000000000e+03 1.802941322326660156e+00
4.873000000000000000e+03 1.874790191650390625e+00
4.874000000000000000e+03 1.878993749618530273e+00
4.875000000000000000e+03 1.797007799148559570e+00
4.876000000000000000e+03 1.841327309608459473e+00
4.877000000000000000e+03 1.835415601730346680e+00
4.878000000000000000e+03 1.837640762329101562e+00
4.879000000000000000e+03 1.834101676940917969e+00
4.880000000000000000e+03 1.787659525871276855e+00
4.881000000000000000e+03 1.810977935791015625e+00
4.882000000000000000e+03 1.783857583999633789e+00
4.883000000000000000e+03 1.772879481315612793e+00
4.884000000000000000e+03 1.818645358085632324e+00
4.885000000000000000e+03 1.748570084571838379e+00
4.886000000000000000e+03 1.810485243797302246e+00
4.887000000000000000e+03 1.775254607200622559e+00
4.888000000000000000e+03 1.787064075469970703e+00
4.889000000000000000e+03 1.777370929718017578e+00
4.890000000000000000e+03 1.809804916381835938e+00
4.891000000000000000e+03 1.813687801361083984e+00
4.892000000000000000e+03 1.803977608680725098e+00
4.893000000000000000e+03 1.795397043228149414e+00
4.894000000000000000e+03 1.804734706878662109e+00
4.895000000000000000e+03 1.784199953079223633e+00
4.896000000000000000e+03 1.770227789878845215e+00
4.897000000000000000e+03 1.819111347198486328e+00
4.898000000000000000e+03 1.789314270019531250e+00
4.899000000000000000e+03 1.790475726127624512e+00
4.900000000000000000e+03 1.830121994018554688e+00
4.901000000000000000e+03 1.766682744026184082e+00
4.902000000000000000e+03 1.757314324378967285e+00
4.903000000000000000e+03 1.882812976837158203e+00
4.904000000000000000e+03 1.842576146125793457e+00
4.905000000000000000e+03 1.854390144348144531e+00
4.906000000000000000e+03 1.853410124778747559e+00
4.907000000000000000e+03 1.848882198333740234e+00
4.908000000000000000e+03 1.850421309471130371e+00
4.909000000000000000e+03 1.847376823425292969e+00
4.910000000000000000e+03 1.898603081703186035e+00
4.911000000000000000e+03 1.850649595260620117e+00
4.912000000000000000e+03 1.852723836898803711e+00
4.913000000000000000e+03 1.886087059974670410e+00
4.914000000000000000e+03 1.927279949188232422e+00
4.915000000000000000e+03 1.908695220947265625e+00
4.916000000000000000e+03 1.913211584091186523e+00
4.917000000000000000e+03 1.910683035850524902e+00
4.918000000000000000e+03 1.865895748138427734e+00
4.919000000000000000e+03 1.871906638145446777e+00
4.920000000000000000e+03 1.789410710334777832e+00
4.921000000000000000e+03 1.844086170196533203e+00
4.922000000000000000e+03 1.816745758056640625e+00
4.923000000000000000e+03 1.853961467742919922e+00
4.924000000000000000e+03 1.837117075920104980e+00
4.925000000000000000e+03 1.858405590057373047e+00
4.926000000000000000e+03 1.858136653900146484e+00
4.927000000000000000e+03 1.816003799438476562e+00
4.928000000000000000e+03 1.878403067588806152e+00
4.929000000000000000e+03 1.849095582962036133e+00
4.930000000000000000e+03 1.859014272689819336e+00
4.931000000000000000e+03 1.881604552268981934e+00
4.932000000000000000e+03 1.898030161857604980e+00
4.933000000000000000e+03 1.902722001075744629e+00
4.934000000000000000e+03 1.877650141716003418e+00
4.935000000000000000e+03 1.897369980812072754e+00
4.936000000000000000e+03 1.848176956176757812e+00
4.937000000000000000e+03 1.866599321365356445e+00
4.938000000000000000e+03 1.844020843505859375e+00
4.939000000000000000e+03 1.867627263069152832e+00
4.940000000000000000e+03 1.808922410011291504e+00
4.941000000000000000e+03 1.784784793853759766e+00
4.942000000000000000e+03 1.837648153305053711e+00
4.943000000000000000e+03 1.830506205558776855e+00
4.944000000000000000e+03 1.803952693939208984e+00
4.945000000000000000e+03 1.797073960304260254e+00
4.946000000000000000e+03 1.810045361518859863e+00
4.947000000000000000e+03 1.755978107452392578e+00
4.948000000000000000e+03 1.770708680152893066e+00
4.949000000000000000e+03 1.805928587913513184e+00
4.950000000000000000e+03 1.787014961242675781e+00
4.951000000000000000e+03 1.794688463211059570e+00
4.952000000000000000e+03 1.821738958358764648e+00
4.953000000000000000e+03 1.849994778633117676e+00
4.954000000000000000e+03 1.771409988403320312e+00
4.955000000000000000e+03 1.766481757164001465e+00
4.956000000000000000e+03 1.784597873687744141e+00
4.957000000000000000e+03 1.762545108795166016e+00
4.958000000000000000e+03 1.812759637832641602e+00
4.959000000000000000e+03 1.772236108779907227e+00
4.960000000000000000e+03 1.812220692634582520e+00
4.961000000000000000e+03 1.835349082946777344e+00
4.962000000000000000e+03 1.844514727592468262e+00
4.963000000000000000e+03 1.818135380744934082e+00
4.964000000000000000e+03 1.829866647720336914e+00
4.965000000000000000e+03 1.845485448837280273e+00
4.966000000000000000e+03 1.804348826408386230e+00
4.967000000000000000e+03 1.870778083801269531e+00
4.968000000000000000e+03 1.888315916061401367e+00
4.969000000000000000e+03 1.879879832267761230e+00
4.970000000000000000e+03 1.817763090133666992e+00
4.971000000000000000e+03 1.807651162147521973e+00
4.972000000000000000e+03 1.875688672065734863e+00
4.973000000000000000e+03 1.893722414970397949e+00
4.974000000000000000e+03 1.872712373733520508e+00
4.975000000000000000e+03 1.917466521263122559e+00
4.976000000000000000e+03 1.895550131797790527e+00
4.977000000000000000e+03 1.837507009506225586e+00
4.978000000000000000e+03 1.888508319854736328e+00
4.979000000000000000e+03 1.842028856277465820e+00
4.980000000000000000e+03 1.859050750732421875e+00
4.981000000000000000e+03 1.870671749114990234e+00
4.982000000000000000e+03 1.885155439376831055e+00
4.983000000000000000e+03 1.884685516357421875e+00
4.984000000000000000e+03 1.807730913162231445e+00
4.985000000000000000e+03 1.826055288314819336e+00
4.986000000000000000e+03 1.882991075515747070e+00
4.987000000000000000e+03 1.908286094665527344e+00
4.988000000000000000e+03 1.895231962203979492e+00
4.989000000000000000e+03 1.880414366722106934e+00
4.990000000000000000e+03 1.852250695228576660e+00
4.991000000000000000e+03 1.879903554916381836e+00
4.992000000000000000e+03 1.878324747085571289e+00
4.993000000000000000e+03 1.900494337081909180e+00
4.994000000000000000e+03 1.912469267845153809e+00
4.995000000000000000e+03 1.839683055877685547e+00
4.996000000000000000e+03 1.861365795135498047e+00
4.997000000000000000e+03 1.878428936004638672e+00
4.998000000000000000e+03 1.859503269195556641e+00
4.999000000000000000e+03 1.871440649032592773e+00
5.000000000000000000e+03 1.840395212173461914e+00
5.001000000000000000e+03 1.848686099052429199e+00
5.002000000000000000e+03 1.848734140396118164e+00
5.003000000000000000e+03 1.845991373062133789e+00
5.004000000000000000e+03 1.887448549270629883e+00
5.005000000000000000e+03 1.869842529296875000e+00
5.006000000000000000e+03 1.861796498298645020e+00
5.007000000000000000e+03 1.938946366310119629e+00
5.008000000000000000e+03 1.899512887001037598e+00
5.009000000000000000e+03 1.864022493362426758e+00
5.010000000000000000e+03 1.849642872810363770e+00
5.011000000000000000e+03 1.862296938896179199e+00
5.012000000000000000e+03 1.863163352012634277e+00
5.013000000000000000e+03 1.880912780761718750e+00
5.014000000000000000e+03 1.880125761032104492e+00
5.015000000000000000e+03 1.900230050086975098e+00
5.016000000000000000e+03 1.855003714561462402e+00
5.017000000000000000e+03 1.888507366180419922e+00
5.018000000000000000e+03 1.879022479057312012e+00
5.019000000000000000e+03 1.858190059661865234e+00
5.020000000000000000e+03 1.895007729530334473e+00
5.021000000000000000e+03 1.880108594894409180e+00
5.022000000000000000e+03 1.897755146026611328e+00
5.023000000000000000e+03 1.851154088973999023e+00
5.024000000000000000e+03 1.824155688285827637e+00
5.025000000000000000e+03 1.872803211212158203e+00
5.026000000000000000e+03 1.858928680419921875e+00
5.027000000000000000e+03 1.849974632263183594e+00
5.028000000000000000e+03 1.867646098136901855e+00
5.029000000000000000e+03 1.841181039810180664e+00
5.030000000000000000e+03 1.878153562545776367e+00
5.031000000000000000e+03 1.863029718399047852e+00
5.032000000000000000e+03 1.881270170211791992e+00
5.033000000000000000e+03 1.828256487846374512e+00
5.034000000000000000e+03 1.807508707046508789e+00
5.035000000000000000e+03 1.820568799972534180e+00
5.036000000000000000e+03 1.836900949478149414e+00
5.037000000000000000e+03 1.813657283782958984e+00
5.038000000000000000e+03 1.881622791290283203e+00
5.039000000000000000e+03 1.841523766517639160e+00
5.040000000000000000e+03 1.841976523399353027e+00
5.041000000000000000e+03 1.852057576179504395e+00
5.042000000000000000e+03 1.866265058517456055e+00
5.043000000000000000e+03 1.834363579750061035e+00
5.044000000000000000e+03 1.858306050300598145e+00
5.045000000000000000e+03 1.844232320785522461e+00
5.046000000000000000e+03 1.843907594680786133e+00
5.047000000000000000e+03 1.844614028930664062e+00
5.048000000000000000e+03 1.788664937019348145e+00
5.049000000000000000e+03 1.842638731002807617e+00
5.050000000000000000e+03 1.824503540992736816e+00
5.051000000000000000e+03 1.854800224304199219e+00
5.052000000000000000e+03 1.783676981925964355e+00
5.053000000000000000e+03 1.785436868667602539e+00
5.054000000000000000e+03 1.752505779266357422e+00
5.055000000000000000e+03 1.834047675132751465e+00
5.056000000000000000e+03 1.814278483390808105e+00
5.057000000000000000e+03 1.823974013328552246e+00
5.058000000000000000e+03 1.874377369880676270e+00
5.059000000000000000e+03 1.850188851356506348e+00
5.060000000000000000e+03 1.804505467414855957e+00
5.061000000000000000e+03 1.880179405212402344e+00
5.062000000000000000e+03 1.864132642745971680e+00
5.063000000000000000e+03 1.832270145416259766e+00
5.064000000000000000e+03 1.839648246765136719e+00
5.065000000000000000e+03 1.847325325012207031e+00
5.066000000000000000e+03 1.884574294090270996e+00
5.067000000000000000e+03 1.875845313072204590e+00
5.068000000000000000e+03 1.853164196014404297e+00
5.069000000000000000e+03 1.879860043525695801e+00
5.070000000000000000e+03 1.919683456420898438e+00
5.071000000000000000e+03 1.840451598167419434e+00
5.072000000000000000e+03 1.832505226135253906e+00
5.073000000000000000e+03 1.814166069030761719e+00
5.074000000000000000e+03 1.873417019844055176e+00
5.075000000000000000e+03 1.868540883064270020e+00
5.076000000000000000e+03 1.810866117477416992e+00
5.077000000000000000e+03 1.811532974243164062e+00
5.078000000000000000e+03 1.849329352378845215e+00
5.079000000000000000e+03 1.925519466400146484e+00
5.080000000000000000e+03 1.888146758079528809e+00
5.081000000000000000e+03 1.892289519309997559e+00
5.082000000000000000e+03 1.867511987686157227e+00
5.083000000000000000e+03 1.867426753044128418e+00
5.084000000000000000e+03 1.862190127372741699e+00
5.085000000000000000e+03 1.867985486984252930e+00
5.086000000000000000e+03 1.889826178550720215e+00
5.087000000000000000e+03 1.867409348487854004e+00
5.088000000000000000e+03 1.883406043052673340e+00
5.089000000000000000e+03 1.849888920783996582e+00
5.090000000000000000e+03 1.830334782600402832e+00
5.091000000000000000e+03 1.917336821556091309e+00
5.092000000000000000e+03 1.919335365295410156e+00
5.093000000000000000e+03 1.863379001617431641e+00
5.094000000000000000e+03 1.876077175140380859e+00
5.095000000000000000e+03 1.837492585182189941e+00
5.096000000000000000e+03 1.882584810256958008e+00
5.097000000000000000e+03 1.906897902488708496e+00
5.098000000000000000e+03 1.889108538627624512e+00
5.099000000000000000e+03 1.893775701522827148e+00
5.100000000000000000e+03 1.880823135375976562e+00
5.101000000000000000e+03 1.919052124023437500e+00
5.102000000000000000e+03 1.912349700927734375e+00
5.103000000000000000e+03 1.853926539421081543e+00
5.104000000000000000e+03 1.885755538940429688e+00
5.105000000000000000e+03 1.858655929565429688e+00
5.106000000000000000e+03 1.927224278450012207e+00
5.107000000000000000e+03 1.905095100402832031e+00
5.108000000000000000e+03 1.874778032302856445e+00
5.109000000000000000e+03 1.931825399398803711e+00
5.110000000000000000e+03 1.903127551078796387e+00
5.111000000000000000e+03 1.870612621307373047e+00
5.112000000000000000e+03 1.912185668945312500e+00
5.113000000000000000e+03 1.888368725776672363e+00
5.114000000000000000e+03 1.860222339630126953e+00
5.115000000000000000e+03 1.906262397766113281e+00
5.116000000000000000e+03 1.894888401031494141e+00
5.117000000000000000e+03 1.868265271186828613e+00
5.118000000000000000e+03 1.922804355621337891e+00
5.119000000000000000e+03 1.858412504196166992e+00
5.120000000000000000e+03 1.894959449768066406e+00
5.121000000000000000e+03 1.879731893539428711e+00
5.122000000000000000e+03 1.842558860778808594e+00
5.123000000000000000e+03 1.889527440071105957e+00
5.124000000000000000e+03 1.840654611587524414e+00
5.125000000000000000e+03 1.891581654548645020e+00
5.126000000000000000e+03 1.868521928787231445e+00
5.127000000000000000e+03 1.854788541793823242e+00
5.128000000000000000e+03 1.881640553474426270e+00
5.129000000000000000e+03 1.908998727798461914e+00
5.130000000000000000e+03 1.882865071296691895e+00
5.131000000000000000e+03 1.858590483665466309e+00
5.132000000000000000e+03 1.880856871604919434e+00
5.133000000000000000e+03 1.922424554824829102e+00
5.134000000000000000e+03 1.888910293579101562e+00
5.135000000000000000e+03 1.858522891998291016e+00
5.136000000000000000e+03 1.847662806510925293e+00
5.137000000000000000e+03 1.864595055580139160e+00
5.138000000000000000e+03 1.871121287345886230e+00
5.139000000000000000e+03 1.838391184806823730e+00
5.140000000000000000e+03 1.836939692497253418e+00
5.141000000000000000e+03 1.864705204963684082e+00
5.142000000000000000e+03 1.792517066001892090e+00
5.143000000000000000e+03 1.797845244407653809e+00
5.144000000000000000e+03 1.798959493637084961e+00
5.145000000000000000e+03 1.805167436599731445e+00
5.146000000000000000e+03 1.804248332977294922e+00
5.147000000000000000e+03 1.812225937843322754e+00
5.148000000000000000e+03 1.808541417121887207e+00
5.149000000000000000e+03 1.859895944595336914e+00
5.150000000000000000e+03 1.817704558372497559e+00
5.151000000000000000e+03 1.863550782203674316e+00
5.152000000000000000e+03 1.855480670928955078e+00
5.153000000000000000e+03 1.808594107627868652e+00
5.154000000000000000e+03 1.775047898292541504e+00
5.155000000000000000e+03 1.829859137535095215e+00
5.156000000000000000e+03 1.803822517395019531e+00
5.157000000000000000e+03 1.759508967399597168e+00
5.158000000000000000e+03 1.804887056350708008e+00
5.159000000000000000e+03 1.827320218086242676e+00
5.160000000000000000e+03 1.764170765876770020e+00
5.161000000000000000e+03 1.772357225418090820e+00
5.162000000000000000e+03 1.774991512298583984e+00
5.163000000000000000e+03 1.788819432258605957e+00
5.164000000000000000e+03 1.811046600341796875e+00
5.165000000000000000e+03 1.783071994781494141e+00
5.166000000000000000e+03 1.782637476921081543e+00
5.167000000000000000e+03 1.827645540237426758e+00
5.168000000000000000e+03 1.819682598114013672e+00
5.169000000000000000e+03 1.783505916595458984e+00
5.170000000000000000e+03 1.791917204856872559e+00
5.171000000000000000e+03 1.827847242355346680e+00
5.172000000000000000e+03 1.771714091300964355e+00
5.173000000000000000e+03 1.757773280143737793e+00
5.174000000000000000e+03 1.765214323997497559e+00
5.175000000000000000e+03 1.769536256790161133e+00
5.176000000000000000e+03 1.789400935173034668e+00
5.177000000000000000e+03 1.811685085296630859e+00
5.178000000000000000e+03 1.806356787681579590e+00
5.179000000000000000e+03 1.768779873847961426e+00
5.180000000000000000e+03 1.805069446563720703e+00
5.181000000000000000e+03 1.748945713043212891e+00
5.182000000000000000e+03 1.792301058769226074e+00
5.183000000000000000e+03 1.778258085250854492e+00
5.184000000000000000e+03 1.837025284767150879e+00
5.185000000000000000e+03 1.809393525123596191e+00
5.186000000000000000e+03 1.874943733215332031e+00
5.187000000000000000e+03 1.840084314346313477e+00
5.188000000000000000e+03 1.842918515205383301e+00
5.189000000000000000e+03 1.841223835945129395e+00
5.190000000000000000e+03 1.867223620414733887e+00
5.191000000000000000e+03 1.847388148307800293e+00
5.192000000000000000e+03 1.837768793106079102e+00
5.193000000000000000e+03 1.843957662582397461e+00
5.194000000000000000e+03 1.844024181365966797e+00
5.195000000000000000e+03 1.824149250984191895e+00
5.196000000000000000e+03 1.839457273483276367e+00
5.197000000000000000e+03 1.793635129928588867e+00
5.198000000000000000e+03 1.809386968612670898e+00
5.199000000000000000e+03 1.875750541687011719e+00
5.200000000000000000e+03 1.878582119941711426e+00
5.201000000000000000e+03 1.910846710205078125e+00
5.202000000000000000e+03 1.944223403930664062e+00
5.203000000000000000e+03 1.887425422668457031e+00
5.204000000000000000e+03 1.887483119964599609e+00
5.205000000000000000e+03 1.947481155395507812e+00
5.206000000000000000e+03 1.936901569366455078e+00
5.207000000000000000e+03 1.905288219451904297e+00
5.208000000000000000e+03 1.881181001663208008e+00
5.209000000000000000e+03 1.901553273200988770e+00
5.210000000000000000e+03 1.894304513931274414e+00
5.211000000000000000e+03 1.878350019454956055e+00
5.212000000000000000e+03 1.916420221328735352e+00
5.213000000000000000e+03 1.872220993041992188e+00
5.214000000000000000e+03 1.885483384132385254e+00
5.215000000000000000e+03 1.903911352157592773e+00
5.216000000000000000e+03 1.885297536849975586e+00
5.217000000000000000e+03 1.865117073059082031e+00
5.218000000000000000e+03 1.895904541015625000e+00
5.219000000000000000e+03 1.894669055938720703e+00
5.220000000000000000e+03 1.938518524169921875e+00
5.221000000000000000e+03 1.900146365165710449e+00
5.222000000000000000e+03 1.933880209922790527e+00
5.223000000000000000e+03 1.928984880447387695e+00
5.224000000000000000e+03 1.954142451286315918e+00
5.225000000000000000e+03 1.890018582344055176e+00
5.226000000000000000e+03 1.862856149673461914e+00
5.227000000000000000e+03 1.880636930465698242e+00
5.228000000000000000e+03 1.930533170700073242e+00
5.229000000000000000e+03 1.891393542289733887e+00
5.230000000000000000e+03 1.900332093238830566e+00
5.231000000000000000e+03 1.817039608955383301e+00
5.232000000000000000e+03 1.887522339820861816e+00
5.233000000000000000e+03 1.857652187347412109e+00
5.234000000000000000e+03 1.877108097076416016e+00
5.235000000000000000e+03 1.905032873153686523e+00
5.236000000000000000e+03 1.897634625434875488e+00
5.237000000000000000e+03 1.886432051658630371e+00
5.238000000000000000e+03 1.874087691307067871e+00
5.239000000000000000e+03 1.847903966903686523e+00
5.240000000000000000e+03 1.887741088867187500e+00
5.241000000000000000e+03 1.944765329360961914e+00
5.242000000000000000e+03 1.916873097419738770e+00
5.243000000000000000e+03 1.910442829132080078e+00
5.244000000000000000e+03 1.917743682861328125e+00
5.245000000000000000e+03 1.900949716567993164e+00
5.246000000000000000e+03 1.911346912384033203e+00
5.247000000000000000e+03 1.875819683074951172e+00
5.248000000000000000e+03 1.840324759483337402e+00
5.249000000000000000e+03 1.873946905136108398e+00
5.250000000000000000e+03 1.872034907341003418e+00
5.251000000000000000e+03 1.845628976821899414e+00
5.252000000000000000e+03 1.840810656547546387e+00
5.253000000000000000e+03 1.862801551818847656e+00
5.254000000000000000e+03 1.871419310569763184e+00
5.255000000000000000e+03 1.808246970176696777e+00
5.256000000000000000e+03 1.856693983078002930e+00
5.257000000000000000e+03 1.839166760444641113e+00
5.258000000000000000e+03 1.825023651123046875e+00
5.259000000000000000e+03 1.798002243041992188e+00
5.260000000000000000e+03 1.798303246498107910e+00
5.261000000000000000e+03 1.887893676757812500e+00
5.262000000000000000e+03 1.846811890602111816e+00
5.263000000000000000e+03 1.838918805122375488e+00
5.264000000000000000e+03 1.839703440666198730e+00
5.265000000000000000e+03 1.894542694091796875e+00
5.266000000000000000e+03 1.893517017364501953e+00
5.267000000000000000e+03 1.882240891456604004e+00
5.268000000000000000e+03 1.860425472259521484e+00
5.269000000000000000e+03 1.871474742889404297e+00
5.270000000000000000e+03 1.877297759056091309e+00
5.271000000000000000e+03 1.864901065826416016e+00
5.272000000000000000e+03 1.876536250114440918e+00
5.273000000000000000e+03 1.863553881645202637e+00
5.274000000000000000e+03 1.853318572044372559e+00
5.275000000000000000e+03 1.836005210876464844e+00
5.276000000000000000e+03 1.875729680061340332e+00
5.277000000000000000e+03 1.809315919876098633e+00
5.278000000000000000e+03 1.803046464920043945e+00
5.279000000000000000e+03 1.818280935287475586e+00
5.280000000000000000e+03 1.824901819229125977e+00
5.281000000000000000e+03 1.853037476539611816e+00
5.282000000000000000e+03 1.876908302307128906e+00
5.283000000000000000e+03 1.892290830612182617e+00
5.284000000000000000e+03 1.830494403839111328e+00
5.285000000000000000e+03 1.822705507278442383e+00
5.286000000000000000e+03 1.879879713058471680e+00
5.287000000000000000e+03 1.850178241729736328e+00
5.288000000000000000e+03 1.859797120094299316e+00
5.289000000000000000e+03 1.846962451934814453e+00
5.290000000000000000e+03 1.867254972457885742e+00
5.291000000000000000e+03 1.842087626457214355e+00
5.292000000000000000e+03 1.873193621635437012e+00
5.293000000000000000e+03 1.871701478958129883e+00
5.294000000000000000e+03 1.849069952964782715e+00
5.295000000000000000e+03 1.843819022178649902e+00
5.296000000000000000e+03 1.775040268898010254e+00
5.297000000000000000e+03 1.854039549827575684e+00
5.298000000000000000e+03 1.828166484832763672e+00
5.299000000000000000e+03 1.863835215568542480e+00
5.300000000000000000e+03 1.829218149185180664e+00
5.301000000000000000e+03 1.802367448806762695e+00
5.302000000000000000e+03 1.767256617546081543e+00
5.303000000000000000e+03 1.781431198120117188e+00
5.304000000000000000e+03 1.761200547218322754e+00
5.305000000000000000e+03 1.756387710571289062e+00
5.306000000000000000e+03 1.816510319709777832e+00
5.307000000000000000e+03 1.743681550025939941e+00
5.308000000000000000e+03 1.759741067886352539e+00
5.309000000000000000e+03 1.820999026298522949e+00
5.310000000000000000e+03 1.834984302520751953e+00
5.311000000000000000e+03 1.837167501449584961e+00
5.312000000000000000e+03 1.828101158142089844e+00
5.313000000000000000e+03 1.817726373672485352e+00
5.314000000000000000e+03 1.841681241989135742e+00
5.315000000000000000e+03 1.856807708740234375e+00
5.316000000000000000e+03 1.830862522125244141e+00
5.317000000000000000e+03 1.844628810882568359e+00
5.318000000000000000e+03 1.844824790954589844e+00
5.319000000000000000e+03 1.832139492034912109e+00
5.320000000000000000e+03 1.865442752838134766e+00
5.321000000000000000e+03 1.877243280410766602e+00
5.322000000000000000e+03 1.897681236267089844e+00
5.323000000000000000e+03 1.856397271156311035e+00
5.324000000000000000e+03 1.877221345901489258e+00
5.325000000000000000e+03 1.884803056716918945e+00
5.326000000000000000e+03 1.874191641807556152e+00
5.327000000000000000e+03 1.852295160293579102e+00
5.328000000000000000e+03 1.857051610946655273e+00
5.329000000000000000e+03 1.832869172096252441e+00
5.330000000000000000e+03 1.854648828506469727e+00
5.331000000000000000e+03 1.845480680465698242e+00
5.332000000000000000e+03 1.881124258041381836e+00
5.333000000000000000e+03 1.877970457077026367e+00
5.334000000000000000e+03 1.884976267814636230e+00
5.335000000000000000e+03 1.921737074851989746e+00
5.336000000000000000e+03 1.862328290939331055e+00
5.337000000000000000e+03 1.864479780197143555e+00
5.338000000000000000e+03 1.902130722999572754e+00
5.339000000000000000e+03 1.869757652282714844e+00
5.340000000000000000e+03 1.838207364082336426e+00
5.341000000000000000e+03 1.861997961997985840e+00
5.342000000000000000e+03 1.877093672752380371e+00
5.343000000000000000e+03 1.885325551033020020e+00
5.344000000000000000e+03 1.847862482070922852e+00
5.345000000000000000e+03 1.828695893287658691e+00
5.346000000000000000e+03 1.860332489013671875e+00
5.347000000000000000e+03 1.888640284538269043e+00
5.348000000000000000e+03 1.898376226425170898e+00
5.349000000000000000e+03 1.893116474151611328e+00
5.350000000000000000e+03 1.830005526542663574e+00
5.351000000000000000e+03 1.871245145797729492e+00
5.352000000000000000e+03 1.801650762557983398e+00
5.353000000000000000e+03 1.848729848861694336e+00
5.354000000000000000e+03 1.816872000694274902e+00
5.355000000000000000e+03 1.820907592773437500e+00
5.356000000000000000e+03 1.807675600051879883e+00
5.357000000000000000e+03 1.792680025100708008e+00
5.358000000000000000e+03 1.852943778038024902e+00
5.359000000000000000e+03 1.802922248840332031e+00
5.360000000000000000e+03 1.834547400474548340e+00
5.361000000000000000e+03 1.797117352485656738e+00
5.362000000000000000e+03 1.795253872871398926e+00
5.363000000000000000e+03 1.820657849311828613e+00
5.364000000000000000e+03 1.790324807167053223e+00
5.365000000000000000e+03 1.821429610252380371e+00
5.366000000000000000e+03 1.821696639060974121e+00
5.367000000000000000e+03 1.829236030578613281e+00
5.368000000000000000e+03 1.811721682548522949e+00
5.369000000000000000e+03 1.827821493148803711e+00
5.370000000000000000e+03 1.799892187118530273e+00
5.371000000000000000e+03 1.839807748794555664e+00
5.372000000000000000e+03 1.857008337974548340e+00
5.373000000000000000e+03 1.835680842399597168e+00
5.374000000000000000e+03 1.848810434341430664e+00
5.375000000000000000e+03 1.841980457305908203e+00
5.376000000000000000e+03 1.839748263359069824e+00
5.377000000000000000e+03 1.840159416198730469e+00
5.378000000000000000e+03 1.826601743698120117e+00
5.379000000000000000e+03 1.826745152473449707e+00
5.380000000000000000e+03 1.807542681694030762e+00
5.381000000000000000e+03 1.817007064819335938e+00
5.382000000000000000e+03 1.861436128616333008e+00
5.383000000000000000e+03 1.852240204811096191e+00
5.384000000000000000e+03 1.863153219223022461e+00
5.385000000000000000e+03 1.862119793891906738e+00
5.386000000000000000e+03 1.837504267692565918e+00
5.387000000000000000e+03 1.831554293632507324e+00
5.388000000000000000e+03 1.862152218818664551e+00
5.389000000000000000e+03 1.906797051429748535e+00
5.390000000000000000e+03 1.923921585083007812e+00
5.391000000000000000e+03 1.873453259468078613e+00
5.392000000000000000e+03 1.871587038040161133e+00
5.393000000000000000e+03 1.818251490592956543e+00
5.394000000000000000e+03 1.867321848869323730e+00
5.395000000000000000e+03 1.905970335006713867e+00
5.396000000000000000e+03 1.912345886230468750e+00
5.397000000000000000e+03 1.870364427566528320e+00
5.398000000000000000e+03 1.861822128295898438e+00
5.399000000000000000e+03 1.836926221847534180e+00
5.400000000000000000e+03 1.908833742141723633e+00
5.401000000000000000e+03 1.827541828155517578e+00
5.402000000000000000e+03 1.813634395599365234e+00
5.403000000000000000e+03 1.835992217063903809e+00
5.404000000000000000e+03 1.845009684562683105e+00
5.405000000000000000e+03 1.834745287895202637e+00
5.406000000000000000e+03 1.841444373130798340e+00
5.407000000000000000e+03 1.870954275131225586e+00
5.408000000000000000e+03 1.868481993675231934e+00
5.409000000000000000e+03 1.874032616615295410e+00
5.410000000000000000e+03 1.828220129013061523e+00
5.411000000000000000e+03 1.803744912147521973e+00
5.412000000000000000e+03 1.810814857482910156e+00
5.413000000000000000e+03 1.808422207832336426e+00
5.414000000000000000e+03 1.802984118461608887e+00
5.415000000000000000e+03 1.874295711517333984e+00
5.416000000000000000e+03 1.844709277153015137e+00
5.417000000000000000e+03 1.848484754562377930e+00
5.418000000000000000e+03 1.785177707672119141e+00
5.419000000000000000e+03 1.880488991737365723e+00
5.420000000000000000e+03 1.830016374588012695e+00
5.421000000000000000e+03 1.827257513999938965e+00
5.422000000000000000e+03 1.859536886215209961e+00
5.423000000000000000e+03 1.869603633880615234e+00
5.424000000000000000e+03 1.855727314949035645e+00
5.425000000000000000e+03 1.903972864151000977e+00
5.426000000000000000e+03 1.869722127914428711e+00
5.427000000000000000e+03 1.866123437881469727e+00
5.428000000000000000e+03 1.874268293380737305e+00
5.429000000000000000e+03 1.828145503997802734e+00
5.430000000000000000e+03 1.829682826995849609e+00
5.431000000000000000e+03 1.830652952194213867e+00
5.432000000000000000e+03 1.819365262985229492e+00
5.433000000000000000e+03 1.838880658149719238e+00
5.434000000000000000e+03 1.809436202049255371e+00
5.435000000000000000e+03 1.822586417198181152e+00
5.436000000000000000e+03 1.859639286994934082e+00
5.437000000000000000e+03 1.842894554138183594e+00
5.438000000000000000e+03 1.801975846290588379e+00
5.439000000000000000e+03 1.838102102279663086e+00
5.440000000000000000e+03 1.888419032096862793e+00
5.441000000000000000e+03 1.857294201850891113e+00
5.442000000000000000e+03 1.892485380172729492e+00
5.443000000000000000e+03 1.877441287040710449e+00
5.444000000000000000e+03 1.907877922058105469e+00
5.445000000000000000e+03 1.843437314033508301e+00
5.446000000000000000e+03 1.837359189987182617e+00
5.447000000000000000e+03 1.869963049888610840e+00
5.448000000000000000e+03 1.874972939491271973e+00
5.449000000000000000e+03 1.833620667457580566e+00
5.450000000000000000e+03 1.856974840164184570e+00
5.451000000000000000e+03 1.849630475044250488e+00
5.452000000000000000e+03 1.851150274276733398e+00
5.453000000000000000e+03 1.814479351043701172e+00
5.454000000000000000e+03 1.845402240753173828e+00
5.455000000000000000e+03 1.837657928466796875e+00
5.456000000000000000e+03 1.802234172821044922e+00
5.457000000000000000e+03 1.834885835647583008e+00
5.458000000000000000e+03 1.833960652351379395e+00
5.459000000000000000e+03 1.818751573562622070e+00
5.460000000000000000e+03 1.834913015365600586e+00
5.461000000000000000e+03 1.836702346801757812e+00
5.462000000000000000e+03 1.847933053970336914e+00
5.463000000000000000e+03 1.828274250030517578e+00
5.464000000000000000e+03 1.882999300956726074e+00
5.465000000000000000e+03 1.885939121246337891e+00
5.466000000000000000e+03 1.897118568420410156e+00
5.467000000000000000e+03 1.836764216423034668e+00
5.468000000000000000e+03 1.859371542930603027e+00
5.469000000000000000e+03 1.864439606666564941e+00
5.470000000000000000e+03 1.842447757720947266e+00
5.471000000000000000e+03 1.876433014869689941e+00
5.472000000000000000e+03 1.884117364883422852e+00
5.473000000000000000e+03 1.877560496330261230e+00
5.474000000000000000e+03 1.876464247703552246e+00
5.475000000000000000e+03 1.827208280563354492e+00
5.476000000000000000e+03 1.876697421073913574e+00
5.477000000000000000e+03 1.847343802452087402e+00
5.478000000000000000e+03 1.888970971107482910e+00
5.479000000000000000e+03 1.850987792015075684e+00
5.480000000000000000e+03 1.856384396553039551e+00
5.481000000000000000e+03 1.802819371223449707e+00
5.482000000000000000e+03 1.810515046119689941e+00
5.483000000000000000e+03 1.843629956245422363e+00
5.484000000000000000e+03 1.834314107894897461e+00
5.485000000000000000e+03 1.862017393112182617e+00
5.486000000000000000e+03 1.862167954444885254e+00
5.487000000000000000e+03 1.860753536224365234e+00
5.488000000000000000e+03 1.873954772949218750e+00
5.489000000000000000e+03 1.921244978904724121e+00
5.490000000000000000e+03 1.888858079910278320e+00
5.491000000000000000e+03 1.890190839767456055e+00
5.492000000000000000e+03 1.873391389846801758e+00
5.493000000000000000e+03 1.869781851768493652e+00
5.494000000000000000e+03 1.896315336227416992e+00
5.495000000000000000e+03 1.869943857192993164e+00
5.496000000000000000e+03 1.939611554145812988e+00
5.497000000000000000e+03 1.923517823219299316e+00
5.498000000000000000e+03 1.891774892807006836e+00
5.499000000000000000e+03 1.857588768005371094e+00
5.500000000000000000e+03 1.860065221786499023e+00
5.501000000000000000e+03 1.811797738075256348e+00
5.502000000000000000e+03 1.824097394943237305e+00
5.503000000000000000e+03 1.872089982032775879e+00
5.504000000000000000e+03 1.892555475234985352e+00
5.505000000000000000e+03 1.866733789443969727e+00
5.506000000000000000e+03 1.847723245620727539e+00
5.507000000000000000e+03 1.919788837432861328e+00
5.508000000000000000e+03 1.910138845443725586e+00
5.509000000000000000e+03 1.915334820747375488e+00
5.510000000000000000e+03 1.916841149330139160e+00
5.511000000000000000e+03 1.842057228088378906e+00
5.512000000000000000e+03 1.815835833549499512e+00
5.513000000000000000e+03 1.838080644607543945e+00
5.514000000000000000e+03 1.814102172851562500e+00
5.515000000000000000e+03 1.825462460517883301e+00
5.516000000000000000e+03 1.832300186157226562e+00
5.517000000000000000e+03 1.789020061492919922e+00
5.518000000000000000e+03 1.807451367378234863e+00
5.519000000000000000e+03 1.855758786201477051e+00
5.520000000000000000e+03 1.891578197479248047e+00
5.521000000000000000e+03 1.812936186790466309e+00
5.522000000000000000e+03 1.849001646041870117e+00
5.523000000000000000e+03 1.873610973358154297e+00
5.524000000000000000e+03 1.837986588478088379e+00
5.525000000000000000e+03 1.851057529449462891e+00
5.526000000000000000e+03 1.831600069999694824e+00
5.527000000000000000e+03 1.878857016563415527e+00
5.528000000000000000e+03 1.887042284011840820e+00
5.529000000000000000e+03 1.878363966941833496e+00
5.530000000000000000e+03 1.885229945182800293e+00
5.531000000000000000e+03 1.874647617340087891e+00
5.532000000000000000e+03 1.865617752075195312e+00
5.533000000000000000e+03 1.834604024887084961e+00
5.534000000000000000e+03 1.820650577545166016e+00
5.535000000000000000e+03 1.827397227287292480e+00
5.536000000000000000e+03 1.857706308364868164e+00
5.537000000000000000e+03 1.846314430236816406e+00
5.538000000000000000e+03 1.866203784942626953e+00
5.539000000000000000e+03 1.887529611587524414e+00
5.540000000000000000e+03 1.845496773719787598e+00
5.541000000000000000e+03 1.925786018371582031e+00
5.542000000000000000e+03 1.886659979820251465e+00
5.543000000000000000e+03 1.899132728576660156e+00
5.544000000000000000e+03 1.851239681243896484e+00
5.545000000000000000e+03 1.884648084640502930e+00
5.546000000000000000e+03 1.882745265960693359e+00
5.547000000000000000e+03 1.842202067375183105e+00
5.548000000000000000e+03 1.834099769592285156e+00
5.549000000000000000e+03 1.821790099143981934e+00
5.550000000000000000e+03 1.848669648170471191e+00
5.551000000000000000e+03 1.850489735603332520e+00
5.552000000000000000e+03 1.865743398666381836e+00
5.553000000000000000e+03 1.815634489059448242e+00
5.554000000000000000e+03 1.846060276031494141e+00
5.555000000000000000e+03 1.870783329010009766e+00
5.556000000000000000e+03 1.889925360679626465e+00
5.557000000000000000e+03 1.836419820785522461e+00
5.558000000000000000e+03 1.894548177719116211e+00
5.559000000000000000e+03 1.863188982009887695e+00
5.560000000000000000e+03 1.862458586692810059e+00
5.561000000000000000e+03 1.865236163139343262e+00
5.562000000000000000e+03 1.897953033447265625e+00
5.563000000000000000e+03 1.855336904525756836e+00
5.564000000000000000e+03 1.916844367980957031e+00
5.565000000000000000e+03 1.924504280090332031e+00
5.566000000000000000e+03 1.873235940933227539e+00
5.567000000000000000e+03 1.868875265121459961e+00
5.568000000000000000e+03 1.862135291099548340e+00
5.569000000000000000e+03 1.925783514976501465e+00
5.570000000000000000e+03 1.933332204818725586e+00
5.571000000000000000e+03 1.917822122573852539e+00
5.572000000000000000e+03 1.827337980270385742e+00
5.573000000000000000e+03 1.849287629127502441e+00
5.574000000000000000e+03 1.879437685012817383e+00
5.575000000000000000e+03 1.853547215461730957e+00
5.576000000000000000e+03 1.837261915206909180e+00
5.577000000000000000e+03 1.900896549224853516e+00
5.578000000000000000e+03 1.896371364593505859e+00
5.579000000000000000e+03 1.899397969245910645e+00
5.580000000000000000e+03 1.871106147766113281e+00
5.581000000000000000e+03 1.863398671150207520e+00
5.582000000000000000e+03 1.865038633346557617e+00
5.583000000000000000e+03 1.883382201194763184e+00
5.584000000000000000e+03 1.897333145141601562e+00
5.585000000000000000e+03 1.904508948326110840e+00
5.586000000000000000e+03 1.897406458854675293e+00
5.587000000000000000e+03 1.865756511688232422e+00
5.588000000000000000e+03 1.880779027938842773e+00
5.589000000000000000e+03 1.914459824562072754e+00
5.590000000000000000e+03 1.902211666107177734e+00
5.591000000000000000e+03 1.924413681030273438e+00
5.592000000000000000e+03 1.867192983627319336e+00
5.593000000000000000e+03 1.896505117416381836e+00
5.594000000000000000e+03 1.905718326568603516e+00
5.595000000000000000e+03 1.866991400718688965e+00
5.596000000000000000e+03 1.866431713104248047e+00
5.597000000000000000e+03 1.895261526107788086e+00
5.598000000000000000e+03 1.939074039459228516e+00
5.599000000000000000e+03 1.865206480026245117e+00
5.600000000000000000e+03 1.850096940994262695e+00
5.601000000000000000e+03 1.847432374954223633e+00
5.602000000000000000e+03 1.891831874847412109e+00
5.603000000000000000e+03 1.862010359764099121e+00
5.604000000000000000e+03 1.900079011917114258e+00
5.605000000000000000e+03 1.896692037582397461e+00
5.606000000000000000e+03 1.829981207847595215e+00
5.607000000000000000e+03 1.886916041374206543e+00
5.608000000000000000e+03 1.818209528923034668e+00
5.609000000000000000e+03 1.857631206512451172e+00
5.610000000000000000e+03 1.872812032699584961e+00
5.611000000000000000e+03 1.884556293487548828e+00
5.612000000000000000e+03 1.894876122474670410e+00
5.613000000000000000e+03 1.837804436683654785e+00
5.614000000000000000e+03 1.874757289886474609e+00
5.615000000000000000e+03 1.828443646430969238e+00
5.616000000000000000e+03 1.861115932464599609e+00
5.617000000000000000e+03 1.850666999816894531e+00
5.618000000000000000e+03 1.858826756477355957e+00
5.619000000000000000e+03 1.844865083694458008e+00
5.620000000000000000e+03 1.813352942466735840e+00
5.621000000000000000e+03 1.850368738174438477e+00
5.622000000000000000e+03 1.848603725433349609e+00
5.623000000000000000e+03 1.866418123245239258e+00
5.624000000000000000e+03 1.896367907524108887e+00
5.625000000000000000e+03 1.881797552108764648e+00
5.626000000000000000e+03 1.866814017295837402e+00
5.627000000000000000e+03 1.837287068367004395e+00
5.628000000000000000e+03 1.831812977790832520e+00
5.629000000000000000e+03 1.849700331687927246e+00
5.630000000000000000e+03 1.818365573883056641e+00
5.631000000000000000e+03 1.814318299293518066e+00
5.632000000000000000e+03 1.803237080574035645e+00
5.633000000000000000e+03 1.826545953750610352e+00
5.634000000000000000e+03 1.806028246879577637e+00
5.635000000000000000e+03 1.808348178863525391e+00
5.636000000000000000e+03 1.817690610885620117e+00
5.637000000000000000e+03 1.824565768241882324e+00
5.638000000000000000e+03 1.832998991012573242e+00
5.639000000000000000e+03 1.828148961067199707e+00
5.640000000000000000e+03 1.816527605056762695e+00
5.641000000000000000e+03 1.810628414154052734e+00
5.642000000000000000e+03 1.871483922004699707e+00
5.643000000000000000e+03 1.813626050949096680e+00
5.644000000000000000e+03 1.818791627883911133e+00
5.645000000000000000e+03 1.824067711830139160e+00
5.646000000000000000e+03 1.866882801055908203e+00
5.647000000000000000e+03 1.844167590141296387e+00
5.648000000000000000e+03 1.881756901741027832e+00
5.649000000000000000e+03 1.820631027221679688e+00
5.650000000000000000e+03 1.859684705734252930e+00
5.651000000000000000e+03 1.890504121780395508e+00
5.652000000000000000e+03 1.931189298629760742e+00
5.653000000000000000e+03 1.894847989082336426e+00
5.654000000000000000e+03 1.840601444244384766e+00
5.655000000000000000e+03 1.820434331893920898e+00
5.656000000000000000e+03 1.845312714576721191e+00
5.657000000000000000e+03 1.844103693962097168e+00
5.658000000000000000e+03 1.860842704772949219e+00
5.659000000000000000e+03 1.855879783630371094e+00
5.660000000000000000e+03 1.916766643524169922e+00
5.661000000000000000e+03 1.939108967781066895e+00
5.662000000000000000e+03 1.936225652694702148e+00
5.663000000000000000e+03 1.943486690521240234e+00
5.664000000000000000e+03 1.846534848213195801e+00
5.665000000000000000e+03 1.908017873764038086e+00
5.666000000000000000e+03 1.868631839752197266e+00
5.667000000000000000e+03 1.835028171539306641e+00
5.668000000000000000e+03 1.881835460662841797e+00
5.669000000000000000e+03 1.899393081665039062e+00
5.670000000000000000e+03 1.868088841438293457e+00
5.671000000000000000e+03 1.848249912261962891e+00
5.672000000000000000e+03 1.847968935966491699e+00
5.673000000000000000e+03 1.789213657379150391e+00
5.674000000000000000e+03 1.834429740905761719e+00
5.675000000000000000e+03 1.874552845954895020e+00
5.676000000000000000e+03 1.876423954963684082e+00
5.677000000000000000e+03 1.818212270736694336e+00
5.678000000000000000e+03 1.847983002662658691e+00
5.679000000000000000e+03 1.856715559959411621e+00
5.680000000000000000e+03 1.880850553512573242e+00
5.681000000000000000e+03 1.807737708091735840e+00
5.682000000000000000e+03 1.836240530014038086e+00
5.683000000000000000e+03 1.798545002937316895e+00
5.684000000000000000e+03 1.799291849136352539e+00
5.685000000000000000e+03 1.806401848793029785e+00
5.686000000000000000e+03 1.809642791748046875e+00
5.687000000000000000e+03 1.806788802146911621e+00
5.688000000000000000e+03 1.764840245246887207e+00
5.689000000000000000e+03 1.817162752151489258e+00
5.690000000000000000e+03 1.832384824752807617e+00
5.691000000000000000e+03 1.824739217758178711e+00
5.692000000000000000e+03 1.839477062225341797e+00
5.693000000000000000e+03 1.859833836555480957e+00
5.694000000000000000e+03 1.837289333343505859e+00
5.695000000000000000e+03 1.864602327346801758e+00
5.696000000000000000e+03 1.830374121665954590e+00
5.697000000000000000e+03 1.835545182228088379e+00
5.698000000000000000e+03 1.853235840797424316e+00
5.699000000000000000e+03 1.936028361320495605e+00
5.700000000000000000e+03 1.879420399665832520e+00
5.701000000000000000e+03 1.924080014228820801e+00
5.702000000000000000e+03 1.923619508743286133e+00
5.703000000000000000e+03 1.908153295516967773e+00
5.704000000000000000e+03 1.888702869415283203e+00
5.705000000000000000e+03 1.867305397987365723e+00
5.706000000000000000e+03 1.881913185119628906e+00
5.707000000000000000e+03 1.863156795501708984e+00
5.708000000000000000e+03 1.868689298629760742e+00
5.709000000000000000e+03 1.879838943481445312e+00
5.710000000000000000e+03 1.918804645538330078e+00
5.711000000000000000e+03 1.924345493316650391e+00
5.712000000000000000e+03 1.858275413513183594e+00
5.713000000000000000e+03 1.846322774887084961e+00
5.714000000000000000e+03 1.878374576568603516e+00
5.715000000000000000e+03 1.851985573768615723e+00
5.716000000000000000e+03 1.954815864562988281e+00
5.717000000000000000e+03 1.856820940971374512e+00
5.718000000000000000e+03 1.841106653213500977e+00
5.719000000000000000e+03 1.853374481201171875e+00
5.720000000000000000e+03 1.887233138084411621e+00
5.721000000000000000e+03 1.846192359924316406e+00
5.722000000000000000e+03 1.866165518760681152e+00
5.723000000000000000e+03 1.855837345123291016e+00
5.724000000000000000e+03 1.849228978157043457e+00
5.725000000000000000e+03 1.873673439025878906e+00
5.726000000000000000e+03 1.873698592185974121e+00
5.727000000000000000e+03 1.887024402618408203e+00
5.728000000000000000e+03 1.828562974929809570e+00
5.729000000000000000e+03 1.895268917083740234e+00
5.730000000000000000e+03 1.825587391853332520e+00
5.731000000000000000e+03 1.803162336349487305e+00
5.732000000000000000e+03 1.802884101867675781e+00
5.733000000000000000e+03 1.813067197799682617e+00
5.734000000000000000e+03 1.793958067893981934e+00
5.735000000000000000e+03 1.797333598136901855e+00
5.736000000000000000e+03 1.795292854309082031e+00
5.737000000000000000e+03 1.728137969970703125e+00
5.738000000000000000e+03 1.760870337486267090e+00
5.739000000000000000e+03 1.805955529212951660e+00
5.740000000000000000e+03 1.869321227073669434e+00
5.741000000000000000e+03 1.762665033340454102e+00
5.742000000000000000e+03 1.802284479141235352e+00
5.743000000000000000e+03 1.826967358589172363e+00
5.744000000000000000e+03 1.837128758430480957e+00
5.745000000000000000e+03 1.833386182785034180e+00
5.746000000000000000e+03 1.828873038291931152e+00
5.747000000000000000e+03 1.786993503570556641e+00
5.748000000000000000e+03 1.752540826797485352e+00
5.749000000000000000e+03 1.789804220199584961e+00
5.750000000000000000e+03 1.819170236587524414e+00
5.751000000000000000e+03 1.811201214790344238e+00
5.752000000000000000e+03 1.803211450576782227e+00
5.753000000000000000e+03 1.801118969917297363e+00
5.754000000000000000e+03 1.800233602523803711e+00
5.755000000000000000e+03 1.812726974487304688e+00
5.756000000000000000e+03 1.863289594650268555e+00
5.757000000000000000e+03 1.839037179946899414e+00
5.758000000000000000e+03 1.822597503662109375e+00
5.759000000000000000e+03 1.778688788414001465e+00
5.760000000000000000e+03 1.820107102394104004e+00
5.761000000000000000e+03 1.802486419677734375e+00
5.762000000000000000e+03 1.878498792648315430e+00
5.763000000000000000e+03 1.769684076309204102e+00
5.764000000000000000e+03 1.814822912216186523e+00
5.765000000000000000e+03 1.771192312240600586e+00
5.766000000000000000e+03 1.791440248489379883e+00
5.767000000000000000e+03 1.779069423675537109e+00
5.768000000000000000e+03 1.814571619033813477e+00
5.769000000000000000e+03 1.857886433601379395e+00
5.770000000000000000e+03 1.868592381477355957e+00
5.771000000000000000e+03 1.765045285224914551e+00
5.772000000000000000e+03 1.806968927383422852e+00
5.773000000000000000e+03 1.782231926918029785e+00
5.774000000000000000e+03 1.778916120529174805e+00
5.775000000000000000e+03 1.785625934600830078e+00
5.776000000000000000e+03 1.874656200408935547e+00
5.777000000000000000e+03 1.889739274978637695e+00
5.778000000000000000e+03 1.827082037925720215e+00
5.779000000000000000e+03 1.831143260002136230e+00
5.780000000000000000e+03 1.807774066925048828e+00
5.781000000000000000e+03 1.759525060653686523e+00
5.782000000000000000e+03 1.849394083023071289e+00
5.783000000000000000e+03 1.795286059379577637e+00
5.784000000000000000e+03 1.763965845108032227e+00
5.785000000000000000e+03 1.812548637390136719e+00
5.786000000000000000e+03 1.795383691787719727e+00
5.787000000000000000e+03 1.754167079925537109e+00
5.788000000000000000e+03 1.825134277343750000e+00
5.789000000000000000e+03 1.795385837554931641e+00
5.790000000000000000e+03 1.851354837417602539e+00
5.791000000000000000e+03 1.812915444374084473e+00
5.792000000000000000e+03 1.776617169380187988e+00
5.793000000000000000e+03 1.763446688652038574e+00
5.794000000000000000e+03 1.750605940818786621e+00
5.795000000000000000e+03 1.800770521163940430e+00
5.796000000000000000e+03 1.805977344512939453e+00
5.797000000000000000e+03 1.765291929244995117e+00
5.798000000000000000e+03 1.823066711425781250e+00
5.799000000000000000e+03 1.820136189460754395e+00
5.800000000000000000e+03 1.825402140617370605e+00
5.801000000000000000e+03 1.746728777885437012e+00
5.802000000000000000e+03 1.729560613632202148e+00
5.803000000000000000e+03 1.756495952606201172e+00
5.804000000000000000e+03 1.779675245285034180e+00
5.805000000000000000e+03 1.798420906066894531e+00
5.806000000000000000e+03 1.826000571250915527e+00
5.807000000000000000e+03 1.810807585716247559e+00
5.808000000000000000e+03 1.803890943527221680e+00
5.809000000000000000e+03 1.811096191406250000e+00
5.810000000000000000e+03 1.810216426849365234e+00
5.811000000000000000e+03 1.837307929992675781e+00
5.812000000000000000e+03 1.849516391754150391e+00
5.813000000000000000e+03 1.814981460571289062e+00
5.814000000000000000e+03 1.839453935623168945e+00
5.815000000000000000e+03 1.799675107002258301e+00
5.816000000000000000e+03 1.835193872451782227e+00
5.817000000000000000e+03 1.784121036529541016e+00
5.818000000000000000e+03 1.714736223220825195e+00
5.819000000000000000e+03 1.765129923820495605e+00
5.820000000000000000e+03 1.805259943008422852e+00
5.821000000000000000e+03 1.775666475296020508e+00
5.822000000000000000e+03 1.742500543594360352e+00
5.823000000000000000e+03 1.820871591567993164e+00
5.824000000000000000e+03 1.804622173309326172e+00
5.825000000000000000e+03 1.795898795127868652e+00
5.826000000000000000e+03 1.779444336891174316e+00
5.827000000000000000e+03 1.800746560096740723e+00
5.828000000000000000e+03 1.768775463104248047e+00
5.829000000000000000e+03 1.775262713432312012e+00
5.830000000000000000e+03 1.787934064865112305e+00
5.831000000000000000e+03 1.845188975334167480e+00
5.832000000000000000e+03 1.820505619049072266e+00
5.833000000000000000e+03 1.803060650825500488e+00
5.834000000000000000e+03 1.748057603836059570e+00
5.835000000000000000e+03 1.772200107574462891e+00
5.836000000000000000e+03 1.879974126815795898e+00
5.837000000000000000e+03 1.795913219451904297e+00
5.838000000000000000e+03 1.859317064285278320e+00
5.839000000000000000e+03 1.852387189865112305e+00
5.840000000000000000e+03 1.826001644134521484e+00
5.841000000000000000e+03 1.782258391380310059e+00
5.842000000000000000e+03 1.815278410911560059e+00
5.843000000000000000e+03 1.782114982604980469e+00
5.844000000000000000e+03 1.789166450500488281e+00
5.845000000000000000e+03 1.783594608306884766e+00
5.846000000000000000e+03 1.870724558830261230e+00
5.847000000000000000e+03 1.817070484161376953e+00
5.848000000000000000e+03 1.752745270729064941e+00
5.849000000000000000e+03 1.798204183578491211e+00
5.850000000000000000e+03 1.801583886146545410e+00
5.851000000000000000e+03 1.860538363456726074e+00
5.852000000000000000e+03 1.788626313209533691e+00
5.853000000000000000e+03 1.757154822349548340e+00
5.854000000000000000e+03 1.705114364624023438e+00
5.855000000000000000e+03 1.753986001014709473e+00
5.856000000000000000e+03 1.770943999290466309e+00
5.857000000000000000e+03 1.776564359664916992e+00
5.858000000000000000e+03 1.769304394721984863e+00
5.859000000000000000e+03 1.824565410614013672e+00
5.860000000000000000e+03 1.785392880439758301e+00
5.861000000000000000e+03 1.829712152481079102e+00
5.862000000000000000e+03 1.856477737426757812e+00
5.863000000000000000e+03 1.803798079490661621e+00
5.864000000000000000e+03 1.819069623947143555e+00
5.865000000000000000e+03 1.825435042381286621e+00
5.866000000000000000e+03 1.807318329811096191e+00
5.867000000000000000e+03 1.821491718292236328e+00
5.868000000000000000e+03 1.833978056907653809e+00
5.869000000000000000e+03 1.834795475006103516e+00
5.870000000000000000e+03 1.832652330398559570e+00
5.871000000000000000e+03 1.810626864433288574e+00
5.872000000000000000e+03 1.831284165382385254e+00
5.873000000000000000e+03 1.864464044570922852e+00
5.874000000000000000e+03 1.845038890838623047e+00
5.875000000000000000e+03 1.833281040191650391e+00
5.876000000000000000e+03 1.857918977737426758e+00
5.877000000000000000e+03 1.877918004989624023e+00
5.878000000000000000e+03 1.884680628776550293e+00
5.879000000000000000e+03 1.864874005317687988e+00
5.880000000000000000e+03 1.845521092414855957e+00
5.881000000000000000e+03 1.870487093925476074e+00
5.882000000000000000e+03 1.872913837432861328e+00
5.883000000000000000e+03 1.878504157066345215e+00
5.884000000000000000e+03 1.856688022613525391e+00
5.885000000000000000e+03 1.868326306343078613e+00
5.886000000000000000e+03 1.879312753677368164e+00
5.887000000000000000e+03 1.926479578018188477e+00
5.888000000000000000e+03 1.867649316787719727e+00
5.889000000000000000e+03 1.892333745956420898e+00
5.890000000000000000e+03 1.862798213958740234e+00
5.891000000000000000e+03 1.915853261947631836e+00
5.892000000000000000e+03 1.899243354797363281e+00
5.893000000000000000e+03 1.851915240287780762e+00
5.894000000000000000e+03 1.846379041671752930e+00
5.895000000000000000e+03 1.870318531990051270e+00
5.896000000000000000e+03 1.888786196708679199e+00
5.897000000000000000e+03 1.893069505691528320e+00
5.898000000000000000e+03 1.884012937545776367e+00
5.899000000000000000e+03 1.887057304382324219e+00
5.900000000000000000e+03 1.884968161582946777e+00
5.901000000000000000e+03 1.869164705276489258e+00
5.902000000000000000e+03 1.844663858413696289e+00
5.903000000000000000e+03 1.803403139114379883e+00
5.904000000000000000e+03 1.826267957687377930e+00
5.905000000000000000e+03 1.880136966705322266e+00
5.906000000000000000e+03 1.872197985649108887e+00
5.907000000000000000e+03 1.858011722564697266e+00
5.908000000000000000e+03 1.886420607566833496e+00
5.909000000000000000e+03 1.843198776245117188e+00
5.910000000000000000e+03 1.839586138725280762e+00
5.911000000000000000e+03 1.827107906341552734e+00
5.912000000000000000e+03 1.840485334396362305e+00
5.913000000000000000e+03 1.831502318382263184e+00
5.914000000000000000e+03 1.903028488159179688e+00
5.915000000000000000e+03 1.919682264328002930e+00
5.916000000000000000e+03 1.852415323257446289e+00
5.917000000000000000e+03 1.870608687400817871e+00
5.918000000000000000e+03 1.896367073059082031e+00
5.919000000000000000e+03 1.882998704910278320e+00
5.920000000000000000e+03 1.845718622207641602e+00
5.921000000000000000e+03 1.848387002944946289e+00
5.922000000000000000e+03 1.830025792121887207e+00
5.923000000000000000e+03 1.770632028579711914e+00
5.924000000000000000e+03 1.838641643524169922e+00
5.925000000000000000e+03 1.817534208297729492e+00
5.926000000000000000e+03 1.873749613761901855e+00
5.927000000000000000e+03 1.855275869369506836e+00
5.928000000000000000e+03 1.810120582580566406e+00
5.929000000000000000e+03 1.757204651832580566e+00
5.930000000000000000e+03 1.799001097679138184e+00
5.931000000000000000e+03 1.827347993850708008e+00
5.932000000000000000e+03 1.805172204971313477e+00
5.933000000000000000e+03 1.810346245765686035e+00
5.934000000000000000e+03 1.789874315261840820e+00
5.935000000000000000e+03 1.820533990859985352e+00
5.936000000000000000e+03 1.792281985282897949e+00
5.937000000000000000e+03 1.829275846481323242e+00
5.938000000000000000e+03 1.808505177497863770e+00
5.939000000000000000e+03 1.819127917289733887e+00
5.940000000000000000e+03 1.809643745422363281e+00
5.941000000000000000e+03 1.853093504905700684e+00
5.942000000000000000e+03 1.850960612297058105e+00
5.943000000000000000e+03 1.821940541267395020e+00
5.944000000000000000e+03 1.824629545211791992e+00
5.945000000000000000e+03 1.835537195205688477e+00
5.946000000000000000e+03 1.825397491455078125e+00
5.947000000000000000e+03 1.844578742980957031e+00
5.948000000000000000e+03 1.822486281394958496e+00
5.949000000000000000e+03 1.826889038085937500e+00
5.950000000000000000e+03 1.889907836914062500e+00
5.951000000000000000e+03 1.856631278991699219e+00
5.952000000000000000e+03 1.858897209167480469e+00
5.953000000000000000e+03 1.852121710777282715e+00
5.954000000000000000e+03 1.810305476188659668e+00
5.955000000000000000e+03 1.851897239685058594e+00
5.956000000000000000e+03 1.862983226776123047e+00
5.957000000000000000e+03 1.803421020507812500e+00
5.958000000000000000e+03 1.836800098419189453e+00
5.959000000000000000e+03 1.758473873138427734e+00
5.960000000000000000e+03 1.809758663177490234e+00
5.961000000000000000e+03 1.843764066696166992e+00
5.962000000000000000e+03 1.804534554481506348e+00
5.963000000000000000e+03 1.796482324600219727e+00
5.964000000000000000e+03 1.864546656608581543e+00
5.965000000000000000e+03 1.824472188949584961e+00
5.966000000000000000e+03 1.842304706573486328e+00
5.967000000000000000e+03 1.896701455116271973e+00
5.968000000000000000e+03 1.874694824218750000e+00
5.969000000000000000e+03 1.872077226638793945e+00
5.970000000000000000e+03 1.863675594329833984e+00
5.971000000000000000e+03 1.863711953163146973e+00
5.972000000000000000e+03 1.847777009010314941e+00
5.973000000000000000e+03 1.852655768394470215e+00
5.974000000000000000e+03 1.816860675811767578e+00
5.975000000000000000e+03 1.839193105697631836e+00
5.976000000000000000e+03 1.823394060134887695e+00
5.977000000000000000e+03 1.875662088394165039e+00
5.978000000000000000e+03 1.828890919685363770e+00
5.979000000000000000e+03 1.799919724464416504e+00
5.980000000000000000e+03 1.809715270996093750e+00
5.981000000000000000e+03 1.827412843704223633e+00
5.982000000000000000e+03 1.818426012992858887e+00
5.983000000000000000e+03 1.828411817550659180e+00
5.984000000000000000e+03 1.806948661804199219e+00
5.985000000000000000e+03 1.775006651878356934e+00
5.986000000000000000e+03 1.819377422332763672e+00
5.987000000000000000e+03 1.842459917068481445e+00
5.988000000000000000e+03 1.808274984359741211e+00
5.989000000000000000e+03 1.822570323944091797e+00
5.990000000000000000e+03 1.812176704406738281e+00
5.991000000000000000e+03 1.842449426651000977e+00
5.992000000000000000e+03 1.833760261535644531e+00
5.993000000000000000e+03 1.845425009727478027e+00
5.994000000000000000e+03 1.845967650413513184e+00
5.995000000000000000e+03 1.861606359481811523e+00
5.996000000000000000e+03 1.856871247291564941e+00
5.997000000000000000e+03 1.856876015663146973e+00
5.998000000000000000e+03 1.850860834121704102e+00
5.999000000000000000e+03 1.858268618583679199e+00
6.000000000000000000e+03 1.857093572616577148e+00
6.001000000000000000e+03 1.822512388229370117e+00
6.002000000000000000e+03 1.842630147933959961e+00
6.003000000000000000e+03 1.879268884658813477e+00
6.004000000000000000e+03 1.888349294662475586e+00
6.005000000000000000e+03 1.852982044219970703e+00
6.006000000000000000e+03 1.880445480346679688e+00
6.007000000000000000e+03 1.850194334983825684e+00
6.008000000000000000e+03 1.827428817749023438e+00
6.009000000000000000e+03 1.835269927978515625e+00
6.010000000000000000e+03 1.895324468612670898e+00
6.011000000000000000e+03 1.858036994934082031e+00
6.012000000000000000e+03 1.862159252166748047e+00
6.013000000000000000e+03 1.881075143814086914e+00
6.014000000000000000e+03 1.861692667007446289e+00
6.015000000000000000e+03 1.849708676338195801e+00
6.016000000000000000e+03 1.907644152641296387e+00
6.017000000000000000e+03 1.894735455513000488e+00
6.018000000000000000e+03 1.873813271522521973e+00
6.019000000000000000e+03 1.866847753524780273e+00
6.020000000000000000e+03 1.854816913604736328e+00
6.021000000000000000e+03 1.865299463272094727e+00
6.022000000000000000e+03 1.848920106887817383e+00
6.023000000000000000e+03 1.823665261268615723e+00
6.024000000000000000e+03 1.799434304237365723e+00
6.025000000000000000e+03 1.846734523773193359e+00
6.026000000000000000e+03 1.849358916282653809e+00
6.027000000000000000e+03 1.827194094657897949e+00
6.028000000000000000e+03 1.833481669425964355e+00
6.029000000000000000e+03 1.808636784553527832e+00
6.030000000000000000e+03 1.846209645271301270e+00
6.031000000000000000e+03 1.856962919235229492e+00
6.032000000000000000e+03 1.849144577980041504e+00
6.033000000000000000e+03 1.820879459381103516e+00
6.034000000000000000e+03 1.767940759658813477e+00
6.035000000000000000e+03 1.769314765930175781e+00
6.036000000000000000e+03 1.775845885276794434e+00
6.037000000000000000e+03 1.796167254447937012e+00
6.038000000000000000e+03 1.797788858413696289e+00
6.039000000000000000e+03 1.775571942329406738e+00
6.040000000000000000e+03 1.821838498115539551e+00
6.041000000000000000e+03 1.768968105316162109e+00
6.042000000000000000e+03 1.818437457084655762e+00
6.043000000000000000e+03 1.818912744522094727e+00
6.044000000000000000e+03 1.828540325164794922e+00
6.045000000000000000e+03 1.794464349746704102e+00
6.046000000000000000e+03 1.842045307159423828e+00
6.047000000000000000e+03 1.835695862770080566e+00
6.048000000000000000e+03 1.842058420181274414e+00
6.049000000000000000e+03 1.879640221595764160e+00
6.050000000000000000e+03 1.835802912712097168e+00
6.051000000000000000e+03 1.806686282157897949e+00
6.052000000000000000e+03 1.843990087509155273e+00
6.053000000000000000e+03 1.794796347618103027e+00
6.054000000000000000e+03 1.813995957374572754e+00
6.055000000000000000e+03 1.785389423370361328e+00
6.056000000000000000e+03 1.801112532615661621e+00
6.057000000000000000e+03 1.796666026115417480e+00
6.058000000000000000e+03 1.856098532676696777e+00
6.059000000000000000e+03 1.829591393470764160e+00
6.060000000000000000e+03 1.887422084808349609e+00
6.061000000000000000e+03 1.827493309974670410e+00
6.062000000000000000e+03 1.844404220581054688e+00
6.063000000000000000e+03 1.847345232963562012e+00
6.064000000000000000e+03 1.878253221511840820e+00
6.065000000000000000e+03 1.868767976760864258e+00
6.066000000000000000e+03 1.852918028831481934e+00
6.067000000000000000e+03 1.894390583038330078e+00
6.068000000000000000e+03 1.812286019325256348e+00
6.069000000000000000e+03 1.807495594024658203e+00
6.070000000000000000e+03 1.814299345016479492e+00
6.071000000000000000e+03 1.810175657272338867e+00
6.072000000000000000e+03 1.807072162628173828e+00
6.073000000000000000e+03 1.768838405609130859e+00
6.074000000000000000e+03 1.810149192810058594e+00
6.075000000000000000e+03 1.880876541137695312e+00
6.076000000000000000e+03 1.839573025703430176e+00
6.077000000000000000e+03 1.870963096618652344e+00
6.078000000000000000e+03 1.816532850265502930e+00
6.079000000000000000e+03 1.792251348495483398e+00
6.080000000000000000e+03 1.770839691162109375e+00
6.081000000000000000e+03 1.788553476333618164e+00
6.082000000000000000e+03 1.760378837585449219e+00
6.083000000000000000e+03 1.788771629333496094e+00
6.084000000000000000e+03 1.786015152931213379e+00
6.085000000000000000e+03 1.765437245368957520e+00
6.086000000000000000e+03 1.829650521278381348e+00
6.087000000000000000e+03 1.833065748214721680e+00
6.088000000000000000e+03 1.816452741622924805e+00
6.089000000000000000e+03 1.806173443794250488e+00
6.090000000000000000e+03 1.830887317657470703e+00
6.091000000000000000e+03 1.850197076797485352e+00
6.092000000000000000e+03 1.777785181999206543e+00
6.093000000000000000e+03 1.808971166610717773e+00
6.094000000000000000e+03 1.864808320999145508e+00
6.095000000000000000e+03 1.853478431701660156e+00
6.096000000000000000e+03 1.809243321418762207e+00
6.097000000000000000e+03 1.805717945098876953e+00
6.098000000000000000e+03 1.758225798606872559e+00
6.099000000000000000e+03 1.818192720413208008e+00
6.100000000000000000e+03 1.823897123336791992e+00
6.101000000000000000e+03 1.816657543182373047e+00
6.102000000000000000e+03 1.757781624794006348e+00
6.103000000000000000e+03 1.806192398071289062e+00
6.104000000000000000e+03 1.780214190483093262e+00
6.105000000000000000e+03 1.830626487731933594e+00
6.106000000000000000e+03 1.789963364601135254e+00
6.107000000000000000e+03 1.815950870513916016e+00
6.108000000000000000e+03 1.834108829498291016e+00
6.109000000000000000e+03 1.809857726097106934e+00
6.110000000000000000e+03 1.805531024932861328e+00
6.111000000000000000e+03 1.786870956420898438e+00
6.112000000000000000e+03 1.819162130355834961e+00
6.113000000000000000e+03 1.844527482986450195e+00
6.114000000000000000e+03 1.834044456481933594e+00
6.115000000000000000e+03 1.887457370758056641e+00
6.116000000000000000e+03 1.816735982894897461e+00
6.117000000000000000e+03 1.862249612808227539e+00
6.118000000000000000e+03 1.910814523696899414e+00
6.119000000000000000e+03 1.832561731338500977e+00
6.120000000000000000e+03 1.849952101707458496e+00
6.121000000000000000e+03 1.839718580245971680e+00
6.122000000000000000e+03 1.881873488426208496e+00
6.123000000000000000e+03 1.827399969100952148e+00
6.124000000000000000e+03 1.849260210990905762e+00
6.125000000000000000e+03 1.874207496643066406e+00
6.126000000000000000e+03 1.840426802635192871e+00
6.127000000000000000e+03 1.860652208328247070e+00
6.128000000000000000e+03 1.844642758369445801e+00
6.129000000000000000e+03 1.891308069229125977e+00
6.130000000000000000e+03 1.849485874176025391e+00
6.131000000000000000e+03 1.853953242301940918e+00
6.132000000000000000e+03 1.834352016448974609e+00
6.133000000000000000e+03 1.831093072891235352e+00
6.134000000000000000e+03 1.859379529953002930e+00
6.135000000000000000e+03 1.836546540260314941e+00
6.136000000000000000e+03 1.840096831321716309e+00
6.137000000000000000e+03 1.888711452484130859e+00
6.138000000000000000e+03 1.861572504043579102e+00
6.139000000000000000e+03 1.798842310905456543e+00
6.140000000000000000e+03 1.843965649604797363e+00
6.141000000000000000e+03 1.809139490127563477e+00
6.142000000000000000e+03 1.831805229187011719e+00
6.143000000000000000e+03 1.789115428924560547e+00
6.144000000000000000e+03 1.774864912033081055e+00
6.145000000000000000e+03 1.797808170318603516e+00
6.146000000000000000e+03 1.815113186836242676e+00
6.147000000000000000e+03 1.761941313743591309e+00
6.148000000000000000e+03 1.801032304763793945e+00
6.149000000000000000e+03 1.833463788032531738e+00
6.150000000000000000e+03 1.816946506500244141e+00
6.151000000000000000e+03 1.800112724304199219e+00
6.152000000000000000e+03 1.811761856079101562e+00
6.153000000000000000e+03 1.766998171806335449e+00
6.154000000000000000e+03 1.794043779373168945e+00
6.155000000000000000e+03 1.740071415901184082e+00
6.156000000000000000e+03 1.794361114501953125e+00
6.157000000000000000e+03 1.802780389785766602e+00
6.158000000000000000e+03 1.846940517425537109e+00
6.159000000000000000e+03 1.819820523262023926e+00
6.160000000000000000e+03 1.765746116638183594e+00
6.161000000000000000e+03 1.779747724533081055e+00
6.162000000000000000e+03 1.797297120094299316e+00
6.163000000000000000e+03 1.799832463264465332e+00
6.164000000000000000e+03 1.822364211082458496e+00
6.165000000000000000e+03 1.829077243804931641e+00
6.166000000000000000e+03 1.806671619415283203e+00
6.167000000000000000e+03 1.812285423278808594e+00
6.168000000000000000e+03 1.805191993713378906e+00
6.169000000000000000e+03 1.819971084594726562e+00
6.170000000000000000e+03 1.831300973892211914e+00
6.171000000000000000e+03 1.808156371116638184e+00
6.172000000000000000e+03 1.742433309555053711e+00
6.173000000000000000e+03 1.807974457740783691e+00
6.174000000000000000e+03 1.823203086853027344e+00
6.175000000000000000e+03 1.787117838859558105e+00
6.176000000000000000e+03 1.805958032608032227e+00
6.177000000000000000e+03 1.756311058998107910e+00
6.178000000000000000e+03 1.809777736663818359e+00
6.179000000000000000e+03 1.815269112586975098e+00
6.180000000000000000e+03 1.735764026641845703e+00
6.181000000000000000e+03 1.787464380264282227e+00
6.182000000000000000e+03 1.842607259750366211e+00
6.183000000000000000e+03 1.785097599029541016e+00
6.184000000000000000e+03 1.836366415023803711e+00
6.185000000000000000e+03 1.865972161293029785e+00
6.186000000000000000e+03 1.833367228507995605e+00
6.187000000000000000e+03 1.778115153312683105e+00
6.188000000000000000e+03 1.814692497253417969e+00
6.189000000000000000e+03 1.812628507614135742e+00
6.190000000000000000e+03 1.818028807640075684e+00
6.191000000000000000e+03 1.800692439079284668e+00
6.192000000000000000e+03 1.772793769836425781e+00
6.193000000000000000e+03 1.782493114471435547e+00
6.194000000000000000e+03 1.805944323539733887e+00
6.195000000000000000e+03 1.837872982025146484e+00
6.196000000000000000e+03 1.832476735115051270e+00
6.197000000000000000e+03 1.849378347396850586e+00
6.198000000000000000e+03 1.855354189872741699e+00
6.199000000000000000e+03 1.838309764862060547e+00
6.200000000000000000e+03 1.856274843215942383e+00
6.201000000000000000e+03 1.828955173492431641e+00
6.202000000000000000e+03 1.853119611740112305e+00
6.203000000000000000e+03 1.851080894470214844e+00
6.204000000000000000e+03 1.847025513648986816e+00
6.205000000000000000e+03 1.804908514022827148e+00
6.206000000000000000e+03 1.864030718803405762e+00
6.207000000000000000e+03 1.860461831092834473e+00
6.208000000000000000e+03 1.789594650268554688e+00
6.209000000000000000e+03 1.798434376716613770e+00
6.210000000000000000e+03 1.835606455802917480e+00
6.211000000000000000e+03 1.762200593948364258e+00
6.212000000000000000e+03 1.819388628005981445e+00
6.213000000000000000e+03 1.834513306617736816e+00
6.214000000000000000e+03 1.798082828521728516e+00
6.215000000000000000e+03 1.781224846839904785e+00
6.216000000000000000e+03 1.749317049980163574e+00
6.217000000000000000e+03 1.813497185707092285e+00
6.218000000000000000e+03 1.802152276039123535e+00
6.219000000000000000e+03 1.791796326637268066e+00
6.220000000000000000e+03 1.772537946701049805e+00
6.221000000000000000e+03 1.794651150703430176e+00
6.222000000000000000e+03 1.773662447929382324e+00
6.223000000000000000e+03 1.803400635719299316e+00
6.224000000000000000e+03 1.756995439529418945e+00
6.225000000000000000e+03 1.786170482635498047e+00
6.226000000000000000e+03 1.789554715156555176e+00
6.227000000000000000e+03 1.801049828529357910e+00
6.228000000000000000e+03 1.815802931785583496e+00
6.229000000000000000e+03 1.731812596321105957e+00
6.230000000000000000e+03 1.730661034584045410e+00
6.231000000000000000e+03 1.754886388778686523e+00
6.232000000000000000e+03 1.762731552124023438e+00
6.233000000000000000e+03 1.808409452438354492e+00
6.234000000000000000e+03 1.781652212142944336e+00
6.235000000000000000e+03 1.748160362243652344e+00
6.236000000000000000e+03 1.779741525650024414e+00
6.237000000000000000e+03 1.788356065750122070e+00
6.238000000000000000e+03 1.800758361816406250e+00
6.239000000000000000e+03 1.848800182342529297e+00
6.240000000000000000e+03 1.857401132583618164e+00
6.241000000000000000e+03 1.839182734489440918e+00
6.242000000000000000e+03 1.774283885955810547e+00
6.243000000000000000e+03 1.792220354080200195e+00
6.244000000000000000e+03 1.803304910659790039e+00
6.245000000000000000e+03 1.820896506309509277e+00
6.246000000000000000e+03 1.830319285392761230e+00
6.247000000000000000e+03 1.801714777946472168e+00
6.248000000000000000e+03 1.775521755218505859e+00
6.249000000000000000e+03 1.838491916656494141e+00
6.250000000000000000e+03 1.870582818984985352e+00
6.251000000000000000e+03 1.757468819618225098e+00
6.252000000000000000e+03 1.820114612579345703e+00
6.253000000000000000e+03 1.803827404975891113e+00
6.254000000000000000e+03 1.805222034454345703e+00
6.255000000000000000e+03 1.787939786911010742e+00
6.256000000000000000e+03 1.844653129577636719e+00
6.257000000000000000e+03 1.794905424118041992e+00
6.258000000000000000e+03 1.810218930244445801e+00
6.259000000000000000e+03 1.814912676811218262e+00
6.260000000000000000e+03 1.771648883819580078e+00
6.261000000000000000e+03 1.775379657745361328e+00
6.262000000000000000e+03 1.818983316421508789e+00
6.263000000000000000e+03 1.792621612548828125e+00
6.264000000000000000e+03 1.801540493965148926e+00
6.265000000000000000e+03 1.825217962265014648e+00
6.266000000000000000e+03 1.826173901557922363e+00
6.267000000000000000e+03 1.857260465621948242e+00
6.268000000000000000e+03 1.832370519638061523e+00
6.269000000000000000e+03 1.814583182334899902e+00
6.270000000000000000e+03 1.893301486968994141e+00
6.271000000000000000e+03 1.830214977264404297e+00
6.272000000000000000e+03 1.778458595275878906e+00
6.273000000000000000e+03 1.794722199440002441e+00
6.274000000000000000e+03 1.826983690261840820e+00
6.275000000000000000e+03 1.803866744041442871e+00
6.276000000000000000e+03 1.765931367874145508e+00
6.277000000000000000e+03 1.853189706802368164e+00
6.278000000000000000e+03 1.857621312141418457e+00
6.279000000000000000e+03 1.802539825439453125e+00
6.280000000000000000e+03 1.796939253807067871e+00
6.281000000000000000e+03 1.807282567024230957e+00
6.282000000000000000e+03 1.833802819252014160e+00
6.283000000000000000e+03 1.821616411209106445e+00
6.284000000000000000e+03 1.852183818817138672e+00
6.285000000000000000e+03 1.776962995529174805e+00
6.286000000000000000e+03 1.760716199874877930e+00
6.287000000000000000e+03 1.760501146316528320e+00
6.288000000000000000e+03 1.732536554336547852e+00
6.289000000000000000e+03 1.744443774223327637e+00
6.290000000000000000e+03 1.765454292297363281e+00
6.291000000000000000e+03 1.817807316780090332e+00
6.292000000000000000e+03 1.835855603218078613e+00
6.293000000000000000e+03 1.796357870101928711e+00
6.294000000000000000e+03 1.812041044235229492e+00
6.295000000000000000e+03 1.796077966690063477e+00
6.296000000000000000e+03 1.820322275161743164e+00
6.297000000000000000e+03 1.823298931121826172e+00
6.298000000000000000e+03 1.844363451004028320e+00
6.299000000000000000e+03 1.820942640304565430e+00
6.300000000000000000e+03 1.804657101631164551e+00
6.301000000000000000e+03 1.836899518966674805e+00
6.302000000000000000e+03 1.765023469924926758e+00
6.303000000000000000e+03 1.805025696754455566e+00
6.304000000000000000e+03 1.852465987205505371e+00
6.305000000000000000e+03 1.819876790046691895e+00
6.306000000000000000e+03 1.833872795104980469e+00
6.307000000000000000e+03 1.772562503814697266e+00
6.308000000000000000e+03 1.828740000724792480e+00
6.309000000000000000e+03 1.812813878059387207e+00
6.310000000000000000e+03 1.812012791633605957e+00
6.311000000000000000e+03 1.831815242767333984e+00
6.312000000000000000e+03 1.823755025863647461e+00
6.313000000000000000e+03 1.791809678077697754e+00
6.314000000000000000e+03 1.858312129974365234e+00
6.315000000000000000e+03 1.846538066864013672e+00
6.316000000000000000e+03 1.859561085700988770e+00
6.317000000000000000e+03 1.816022872924804688e+00
6.318000000000000000e+03 1.738181114196777344e+00
6.319000000000000000e+03 1.826061725616455078e+00
6.320000000000000000e+03 1.779846191406250000e+00
6.321000000000000000e+03 1.777966260910034180e+00
6.322000000000000000e+03 1.831066846847534180e+00
6.323000000000000000e+03 1.798563599586486816e+00
6.324000000000000000e+03 1.796883463859558105e+00
6.325000000000000000e+03 1.790089130401611328e+00
6.326000000000000000e+03 1.790167808532714844e+00
6.327000000000000000e+03 1.758684396743774414e+00
6.328000000000000000e+03 1.839558124542236328e+00
6.329000000000000000e+03 1.820523977279663086e+00
6.330000000000000000e+03 1.794124960899353027e+00
6.331000000000000000e+03 1.782714962959289551e+00
6.332000000000000000e+03 1.800757765769958496e+00
6.333000000000000000e+03 1.733343601226806641e+00
6.334000000000000000e+03 1.777881741523742676e+00
6.335000000000000000e+03 1.783226609230041504e+00
6.336000000000000000e+03 1.809198737144470215e+00
6.337000000000000000e+03 1.783947944641113281e+00
6.338000000000000000e+03 1.768494844436645508e+00
6.339000000000000000e+03 1.755339860916137695e+00
6.340000000000000000e+03 1.759806156158447266e+00
6.341000000000000000e+03 1.705156683921813965e+00
6.342000000000000000e+03 1.722168803215026855e+00
6.343000000000000000e+03 1.704212307929992676e+00
6.344000000000000000e+03 1.733588933944702148e+00
6.345000000000000000e+03 1.679188609123229980e+00
6.346000000000000000e+03 1.707753419876098633e+00
6.347000000000000000e+03 1.730058908462524414e+00
6.348000000000000000e+03 1.722393989562988281e+00
6.349000000000000000e+03 1.741819858551025391e+00
6.350000000000000000e+03 1.759549140930175781e+00
6.351000000000000000e+03 1.739027619361877441e+00
6.352000000000000000e+03 1.790369391441345215e+00
6.353000000000000000e+03 1.832315802574157715e+00
6.354000000000000000e+03 1.810454845428466797e+00
6.355000000000000000e+03 1.791927933692932129e+00
6.356000000000000000e+03 1.768658995628356934e+00
6.357000000000000000e+03 1.830796718597412109e+00
6.358000000000000000e+03 1.807066679000854492e+00
6.359000000000000000e+03 1.784161090850830078e+00
6.360000000000000000e+03 1.813598632812500000e+00
6.361000000000000000e+03 1.822320938110351562e+00
6.362000000000000000e+03 1.819209814071655273e+00
6.363000000000000000e+03 1.836143970489501953e+00
6.364000000000000000e+03 1.825860023498535156e+00
6.365000000000000000e+03 1.789368987083435059e+00
6.366000000000000000e+03 1.792615175247192383e+00
6.367000000000000000e+03 1.805080056190490723e+00
6.368000000000000000e+03 1.800375938415527344e+00
6.369000000000000000e+03 1.809792757034301758e+00
6.370000000000000000e+03 1.847276926040649414e+00
6.371000000000000000e+03 1.776011705398559570e+00
6.372000000000000000e+03 1.771173238754272461e+00
6.373000000000000000e+03 1.817669510841369629e+00
6.374000000000000000e+03 1.802145838737487793e+00
6.375000000000000000e+03 1.805117607116699219e+00
6.376000000000000000e+03 1.829234957695007324e+00
6.377000000000000000e+03 1.779714345932006836e+00
6.378000000000000000e+03 1.818915009498596191e+00
6.379000000000000000e+03 1.781109094619750977e+00
6.380000000000000000e+03 1.818854331970214844e+00
6.381000000000000000e+03 1.798779010772705078e+00
6.382000000000000000e+03 1.771509408950805664e+00
6.383000000000000000e+03 1.822159767150878906e+00
6.384000000000000000e+03 1.809713959693908691e+00
6.385000000000000000e+03 1.836117863655090332e+00
6.386000000000000000e+03 1.807291150093078613e+00
6.387000000000000000e+03 1.807807564735412598e+00
6.388000000000000000e+03 1.822089076042175293e+00
6.389000000000000000e+03 1.864238262176513672e+00
6.390000000000000000e+03 1.847219467163085938e+00
6.391000000000000000e+03 1.773321866989135742e+00
6.392000000000000000e+03 1.764613151550292969e+00
6.393000000000000000e+03 1.792027473449707031e+00
6.394000000000000000e+03 1.759464502334594727e+00
6.395000000000000000e+03 1.771376013755798340e+00
6.396000000000000000e+03 1.723217725753784180e+00
6.397000000000000000e+03 1.787096858024597168e+00
6.398000000000000000e+03 1.783283472061157227e+00
6.399000000000000000e+03 1.798476099967956543e+00
6.400000000000000000e+03 1.784265160560607910e+00
6.401000000000000000e+03 1.782260537147521973e+00
6.402000000000000000e+03 1.822236418724060059e+00
6.403000000000000000e+03 1.790911555290222168e+00
6.404000000000000000e+03 1.773474693298339844e+00
6.405000000000000000e+03 1.792413234710693359e+00
6.406000000000000000e+03 1.805140376091003418e+00
6.407000000000000000e+03 1.758972525596618652e+00
6.408000000000000000e+03 1.763520717620849609e+00
6.409000000000000000e+03 1.820709466934204102e+00
6.410000000000000000e+03 1.834133625030517578e+00
6.411000000000000000e+03 1.781477808952331543e+00
6.412000000000000000e+03 1.826960444450378418e+00
6.413000000000000000e+03 1.796627640724182129e+00
6.414000000000000000e+03 1.811713576316833496e+00
6.415000000000000000e+03 1.824836015701293945e+00
6.416000000000000000e+03 1.806264996528625488e+00
6.417000000000000000e+03 1.788678765296936035e+00
6.418000000000000000e+03 1.827444911003112793e+00
6.419000000000000000e+03 1.822141647338867188e+00
6.420000000000000000e+03 1.798745632171630859e+00
6.421000000000000000e+03 1.818540573120117188e+00
6.422000000000000000e+03 1.804334282875061035e+00
6.423000000000000000e+03 1.773058891296386719e+00
6.424000000000000000e+03 1.815008640289306641e+00
6.425000000000000000e+03 1.817283987998962402e+00
6.426000000000000000e+03 1.823598146438598633e+00
6.427000000000000000e+03 1.863674044609069824e+00
6.428000000000000000e+03 1.801175713539123535e+00
6.429000000000000000e+03 1.859832167625427246e+00
6.430000000000000000e+03 1.810281515121459961e+00
6.431000000000000000e+03 1.844311356544494629e+00
6.432000000000000000e+03 1.861598491668701172e+00
6.433000000000000000e+03 1.860153675079345703e+00
6.434000000000000000e+03 1.868665456771850586e+00
6.435000000000000000e+03 1.866805911064147949e+00
6.436000000000000000e+03 1.813919544219970703e+00
6.437000000000000000e+03 1.757668256759643555e+00
6.438000000000000000e+03 1.771448135375976562e+00
6.439000000000000000e+03 1.851937413215637207e+00
6.440000000000000000e+03 1.782118320465087891e+00
6.441000000000000000e+03 1.817201256752014160e+00
6.442000000000000000e+03 1.771096229553222656e+00
6.443000000000000000e+03 1.855985879898071289e+00
6.444000000000000000e+03 1.809904098510742188e+00
6.445000000000000000e+03 1.802589178085327148e+00
6.446000000000000000e+03 1.739581942558288574e+00
6.447000000000000000e+03 1.755113482475280762e+00
6.448000000000000000e+03 1.804086923599243164e+00
6.449000000000000000e+03 1.811012148857116699e+00
6.450000000000000000e+03 1.769060134887695312e+00
6.451000000000000000e+03 1.787659049034118652e+00
6.452000000000000000e+03 1.843305230140686035e+00
6.453000000000000000e+03 1.859369397163391113e+00
6.454000000000000000e+03 1.862058877944946289e+00
6.455000000000000000e+03 1.852907061576843262e+00
6.456000000000000000e+03 1.871612548828125000e+00
6.457000000000000000e+03 1.835018754005432129e+00
6.458000000000000000e+03 1.829389810562133789e+00
6.459000000000000000e+03 1.854905247688293457e+00
6.460000000000000000e+03 1.842473983764648438e+00
6.461000000000000000e+03 1.826088309288024902e+00
6.462000000000000000e+03 1.820304155349731445e+00
6.463000000000000000e+03 1.777086973190307617e+00
6.464000000000000000e+03 1.812938213348388672e+00
6.465000000000000000e+03 1.792047619819641113e+00
6.466000000000000000e+03 1.798471331596374512e+00
6.467000000000000000e+03 1.778328895568847656e+00
6.468000000000000000e+03 1.758584260940551758e+00
6.469000000000000000e+03 1.753820180892944336e+00
6.470000000000000000e+03 1.792714357376098633e+00
6.471000000000000000e+03 1.715100049972534180e+00
6.472000000000000000e+03 1.763538360595703125e+00
6.473000000000000000e+03 1.784120917320251465e+00
6.474000000000000000e+03 1.806906580924987793e+00
6.475000000000000000e+03 1.826532006263732910e+00
6.476000000000000000e+03 1.796927094459533691e+00
6.477000000000000000e+03 1.762958049774169922e+00
6.478000000000000000e+03 1.802271962165832520e+00
6.479000000000000000e+03 1.841437220573425293e+00
6.480000000000000000e+03 1.802882552146911621e+00
6.481000000000000000e+03 1.785769581794738770e+00
6.482000000000000000e+03 1.759369373321533203e+00
6.483000000000000000e+03 1.810092210769653320e+00
6.484000000000000000e+03 1.766726493835449219e+00
6.485000000000000000e+03 1.790853619575500488e+00
6.486000000000000000e+03 1.770540595054626465e+00
6.487000000000000000e+03 1.783396244049072266e+00
6.488000000000000000e+03 1.789992451667785645e+00
6.489000000000000000e+03 1.774817347526550293e+00
6.490000000000000000e+03 1.719345688819885254e+00
6.491000000000000000e+03 1.737077236175537109e+00
6.492000000000000000e+03 1.818410754203796387e+00
6.493000000000000000e+03 1.798271059989929199e+00
6.494000000000000000e+03 1.784724831581115723e+00
6.495000000000000000e+03 1.719538092613220215e+00
6.496000000000000000e+03 1.782183647155761719e+00
6.497000000000000000e+03 1.795163750648498535e+00
6.498000000000000000e+03 1.816413760185241699e+00
6.499000000000000000e+03 1.808076500892639160e+00
6.500000000000000000e+03 1.782984137535095215e+00
6.501000000000000000e+03 1.795706629753112793e+00
6.502000000000000000e+03 1.758668422698974609e+00
6.503000000000000000e+03 1.799662351608276367e+00
6.504000000000000000e+03 1.812481641769409180e+00
6.505000000000000000e+03 1.803414463996887207e+00
6.506000000000000000e+03 1.843281388282775879e+00
6.507000000000000000e+03 1.803438782691955566e+00
6.508000000000000000e+03 1.799911141395568848e+00
6.509000000000000000e+03 1.797482848167419434e+00
6.510000000000000000e+03 1.734690785408020020e+00
6.511000000000000000e+03 1.780045270919799805e+00
6.512000000000000000e+03 1.756661176681518555e+00
6.513000000000000000e+03 1.750939011573791504e+00
6.514000000000000000e+03 1.743387341499328613e+00
6.515000000000000000e+03 1.740522146224975586e+00
6.516000000000000000e+03 1.758680105209350586e+00
6.517000000000000000e+03 1.798349380493164062e+00
6.518000000000000000e+03 1.721624851226806641e+00
6.519000000000000000e+03 1.757567286491394043e+00
6.520000000000000000e+03 1.785579919815063477e+00
6.521000000000000000e+03 1.818086504936218262e+00
6.522000000000000000e+03 1.761915564537048340e+00
6.523000000000000000e+03 1.748697042465209961e+00
6.524000000000000000e+03 1.767739653587341309e+00
6.525000000000000000e+03 1.723883986473083496e+00
6.526000000000000000e+03 1.713988542556762695e+00
6.527000000000000000e+03 1.766784906387329102e+00
6.528000000000000000e+03 1.776446104049682617e+00
6.529000000000000000e+03 1.772233128547668457e+00
6.530000000000000000e+03 1.774160623550415039e+00
6.531000000000000000e+03 1.744828939437866211e+00
6.532000000000000000e+03 1.802810549736022949e+00
6.533000000000000000e+03 1.787051677703857422e+00
6.534000000000000000e+03 1.763078451156616211e+00
6.535000000000000000e+03 1.809068441390991211e+00
6.536000000000000000e+03 1.766400575637817383e+00
6.537000000000000000e+03 1.775176286697387695e+00
6.538000000000000000e+03 1.788175225257873535e+00
6.539000000000000000e+03 1.809248805046081543e+00
6.540000000000000000e+03 1.783656239509582520e+00
6.541000000000000000e+03 1.796449422836303711e+00
6.542000000000000000e+03 1.776523947715759277e+00
6.543000000000000000e+03 1.814229249954223633e+00
6.544000000000000000e+03 1.834999442100524902e+00
6.545000000000000000e+03 1.785641431808471680e+00
6.546000000000000000e+03 1.769441843032836914e+00
6.547000000000000000e+03 1.728124260902404785e+00
6.548000000000000000e+03 1.758731603622436523e+00
6.549000000000000000e+03 1.737410068511962891e+00
6.550000000000000000e+03 1.744371175765991211e+00
6.551000000000000000e+03 1.734285235404968262e+00
6.552000000000000000e+03 1.782127857208251953e+00
6.553000000000000000e+03 1.757147312164306641e+00
6.554000000000000000e+03 1.754522800445556641e+00
6.555000000000000000e+03 1.803900957107543945e+00
6.556000000000000000e+03 1.752545952796936035e+00
6.557000000000000000e+03 1.852684259414672852e+00
6.558000000000000000e+03 1.839831948280334473e+00
6.559000000000000000e+03 1.800598025321960449e+00
6.560000000000000000e+03 1.823895931243896484e+00
6.561000000000000000e+03 1.799547910690307617e+00
6.562000000000000000e+03 1.761912107467651367e+00
6.563000000000000000e+03 1.809762358665466309e+00
6.564000000000000000e+03 1.791055440902709961e+00
6.565000000000000000e+03 1.783044576644897461e+00
6.566000000000000000e+03 1.801394939422607422e+00
6.567000000000000000e+03 1.810726523399353027e+00
6.568000000000000000e+03 1.772907972335815430e+00
6.569000000000000000e+03 1.735260725021362305e+00
6.570000000000000000e+03 1.770233392715454102e+00
6.571000000000000000e+03 1.775340080261230469e+00
6.572000000000000000e+03 1.795130133628845215e+00
6.573000000000000000e+03 1.806190967559814453e+00
6.574000000000000000e+03 1.803130984306335449e+00
6.575000000000000000e+03 1.780800819396972656e+00
6.576000000000000000e+03 1.737511038780212402e+00
6.577000000000000000e+03 1.808903932571411133e+00
6.578000000000000000e+03 1.852183341979980469e+00
6.579000000000000000e+03 1.833299517631530762e+00
6.580000000000000000e+03 1.808264255523681641e+00
6.581000000000000000e+03 1.792283058166503906e+00
6.582000000000000000e+03 1.758274316787719727e+00
6.583000000000000000e+03 1.774231433868408203e+00
6.584000000000000000e+03 1.806511878967285156e+00
6.585000000000000000e+03 1.811491966247558594e+00
6.586000000000000000e+03 1.778146266937255859e+00
6.587000000000000000e+03 1.779392242431640625e+00
6.588000000000000000e+03 1.795380830764770508e+00
6.589000000000000000e+03 1.848389625549316406e+00
6.590000000000000000e+03 1.796375632286071777e+00
6.591000000000000000e+03 1.800184845924377441e+00
6.592000000000000000e+03 1.803263664245605469e+00
6.593000000000000000e+03 1.782124757766723633e+00
6.594000000000000000e+03 1.756377816200256348e+00
6.595000000000000000e+03 1.770877242088317871e+00
6.596000000000000000e+03 1.793505549430847168e+00
6.597000000000000000e+03 1.750561475753784180e+00
6.598000000000000000e+03 1.760704159736633301e+00
6.599000000000000000e+03 1.801678657531738281e+00
6.600000000000000000e+03 1.809054255485534668e+00
6.601000000000000000e+03 1.783670306205749512e+00
6.602000000000000000e+03 1.807741641998291016e+00
6.603000000000000000e+03 1.863173723220825195e+00
6.604000000000000000e+03 1.864412903785705566e+00
6.605000000000000000e+03 1.767838001251220703e+00
6.606000000000000000e+03 1.745721340179443359e+00
6.607000000000000000e+03 1.811077713966369629e+00
6.608000000000000000e+03 1.756397843360900879e+00
6.609000000000000000e+03 1.777188301086425781e+00
6.610000000000000000e+03 1.764355301856994629e+00
6.611000000000000000e+03 1.754086852073669434e+00
6.612000000000000000e+03 1.752824187278747559e+00
6.613000000000000000e+03 1.787581324577331543e+00
6.614000000000000000e+03 1.834078550338745117e+00
6.615000000000000000e+03 1.785087585449218750e+00
6.616000000000000000e+03 1.785053730010986328e+00
6.617000000000000000e+03 1.844873666763305664e+00
6.618000000000000000e+03 1.817255735397338867e+00
6.619000000000000000e+03 1.850546360015869141e+00
6.620000000000000000e+03 1.764470100402832031e+00
6.621000000000000000e+03 1.815605401992797852e+00
6.622000000000000000e+03 1.809911012649536133e+00
6.623000000000000000e+03 1.780352473258972168e+00
6.624000000000000000e+03 1.817624092102050781e+00
6.625000000000000000e+03 1.789852023124694824e+00
6.626000000000000000e+03 1.826033592224121094e+00
6.627000000000000000e+03 1.860234379768371582e+00
6.628000000000000000e+03 1.851557374000549316e+00
6.629000000000000000e+03 1.832742810249328613e+00
6.630000000000000000e+03 1.832195520401000977e+00
6.631000000000000000e+03 1.857397437095642090e+00
6.632000000000000000e+03 1.838111042976379395e+00
6.633000000000000000e+03 1.810836791992187500e+00
6.634000000000000000e+03 1.836017608642578125e+00
6.635000000000000000e+03 1.809968709945678711e+00
6.636000000000000000e+03 1.766385555267333984e+00
6.637000000000000000e+03 1.779798626899719238e+00
6.638000000000000000e+03 1.796875715255737305e+00
6.639000000000000000e+03 1.783434152603149414e+00
6.640000000000000000e+03 1.786524295806884766e+00
6.641000000000000000e+03 1.833872437477111816e+00
6.642000000000000000e+03 1.870672464370727539e+00
6.643000000000000000e+03 1.853892087936401367e+00
6.644000000000000000e+03 1.803500771522521973e+00
6.645000000000000000e+03 1.846190094947814941e+00
6.646000000000000000e+03 1.841906547546386719e+00
6.647000000000000000e+03 1.829058051109313965e+00
6.648000000000000000e+03 1.783984899520874023e+00
6.649000000000000000e+03 1.793254256248474121e+00
6.650000000000000000e+03 1.795734167098999023e+00
6.651000000000000000e+03 1.791535377502441406e+00
6.652000000000000000e+03 1.835749626159667969e+00
6.653000000000000000e+03 1.764237046241760254e+00
6.654000000000000000e+03 1.800616741180419922e+00
6.655000000000000000e+03 1.817680835723876953e+00
6.656000000000000000e+03 1.793901085853576660e+00
6.657000000000000000e+03 1.829718589782714844e+00
6.658000000000000000e+03 1.851234316825866699e+00
6.659000000000000000e+03 1.852738499641418457e+00
6.660000000000000000e+03 1.858250260353088379e+00
6.661000000000000000e+03 1.836077928543090820e+00
6.662000000000000000e+03 1.821398496627807617e+00
6.663000000000000000e+03 1.793565273284912109e+00
6.664000000000000000e+03 1.788683652877807617e+00
6.665000000000000000e+03 1.819725036621093750e+00
6.666000000000000000e+03 1.829570055007934570e+00
6.667000000000000000e+03 1.834287881851196289e+00
6.668000000000000000e+03 1.820949554443359375e+00
6.669000000000000000e+03 1.813204765319824219e+00
6.670000000000000000e+03 1.762223720550537109e+00
6.671000000000000000e+03 1.789380311965942383e+00
6.672000000000000000e+03 1.781287550926208496e+00
6.673000000000000000e+03 1.848417282104492188e+00
6.674000000000000000e+03 1.814523100852966309e+00
6.675000000000000000e+03 1.787024259567260742e+00
6.676000000000000000e+03 1.801955699920654297e+00
6.677000000000000000e+03 1.790100097656250000e+00
6.678000000000000000e+03 1.792764425277709961e+00
6.679000000000000000e+03 1.809273958206176758e+00
6.680000000000000000e+03 1.821525454521179199e+00
6.681000000000000000e+03 1.751658558845520020e+00
6.682000000000000000e+03 1.777898430824279785e+00
6.683000000000000000e+03 1.805393338203430176e+00
6.684000000000000000e+03 1.776157140731811523e+00
6.685000000000000000e+03 1.742990255355834961e+00
6.686000000000000000e+03 1.730934143066406250e+00
6.687000000000000000e+03 1.827100753784179688e+00
6.688000000000000000e+03 1.789658069610595703e+00
6.689000000000000000e+03 1.855189085006713867e+00
6.690000000000000000e+03 1.789095520973205566e+00
6.691000000000000000e+03 1.813586950302124023e+00
6.692000000000000000e+03 1.790019750595092773e+00
6.693000000000000000e+03 1.843819618225097656e+00
6.694000000000000000e+03 1.838988780975341797e+00
6.695000000000000000e+03 1.814248323440551758e+00
6.696000000000000000e+03 1.823625564575195312e+00
6.697000000000000000e+03 1.820952177047729492e+00
6.698000000000000000e+03 1.896642923355102539e+00
6.699000000000000000e+03 1.899518728256225586e+00
6.700000000000000000e+03 1.865851640701293945e+00
6.701000000000000000e+03 1.864736795425415039e+00
6.702000000000000000e+03 1.865595221519470215e+00
6.703000000000000000e+03 1.833403944969177246e+00
6.704000000000000000e+03 1.851476669311523438e+00
6.705000000000000000e+03 1.838881373405456543e+00
6.706000000000000000e+03 1.847636103630065918e+00
6.707000000000000000e+03 1.849755883216857910e+00
6.708000000000000000e+03 1.847725391387939453e+00
6.709000000000000000e+03 1.862091660499572754e+00
6.710000000000000000e+03 1.866611838340759277e+00
6.711000000000000000e+03 1.860188722610473633e+00
6.712000000000000000e+03 1.891385197639465332e+00
6.713000000000000000e+03 1.867334723472595215e+00
6.714000000000000000e+03 1.867102980613708496e+00
6.715000000000000000e+03 1.808358669281005859e+00
6.716000000000000000e+03 1.851805686950683594e+00
6.717000000000000000e+03 1.817111253738403320e+00
6.718000000000000000e+03 1.831246137619018555e+00
6.719000000000000000e+03 1.888228654861450195e+00
6.720000000000000000e+03 1.816867113113403320e+00
6.721000000000000000e+03 1.838826179504394531e+00
6.722000000000000000e+03 1.811106324195861816e+00
6.723000000000000000e+03 1.805506587028503418e+00
6.724000000000000000e+03 1.830067873001098633e+00
6.725000000000000000e+03 1.838613748550415039e+00
6.726000000000000000e+03 1.866569519042968750e+00
6.727000000000000000e+03 1.853934764862060547e+00
6.728000000000000000e+03 1.870711326599121094e+00
6.729000000000000000e+03 1.819308400154113770e+00
6.730000000000000000e+03 1.781988859176635742e+00
6.731000000000000000e+03 1.826980113983154297e+00
6.732000000000000000e+03 1.820703864097595215e+00
6.733000000000000000e+03 1.878410220146179199e+00
6.734000000000000000e+03 1.797035932540893555e+00
6.735000000000000000e+03 1.836567640304565430e+00
6.736000000000000000e+03 1.802922487258911133e+00
6.737000000000000000e+03 1.797513961791992188e+00
6.738000000000000000e+03 1.802371501922607422e+00
6.739000000000000000e+03 1.770017862319946289e+00
6.740000000000000000e+03 1.847755670547485352e+00
6.741000000000000000e+03 1.869825243949890137e+00
6.742000000000000000e+03 1.800040841102600098e+00
6.743000000000000000e+03 1.812592148780822754e+00
6.744000000000000000e+03 1.785661101341247559e+00
6.745000000000000000e+03 1.857491612434387207e+00
6.746000000000000000e+03 1.887456059455871582e+00
6.747000000000000000e+03 1.827040672302246094e+00
6.748000000000000000e+03 1.866358995437622070e+00
6.749000000000000000e+03 1.837212324142456055e+00
6.750000000000000000e+03 1.883872270584106445e+00
6.751000000000000000e+03 1.846517324447631836e+00
6.752000000000000000e+03 1.791352152824401855e+00
6.753000000000000000e+03 1.794908761978149414e+00
6.754000000000000000e+03 1.800065994262695312e+00
6.755000000000000000e+03 1.839351415634155273e+00
6.756000000000000000e+03 1.871930837631225586e+00
6.757000000000000000e+03 1.855038523674011230e+00
6.758000000000000000e+03 1.875874280929565430e+00
6.759000000000000000e+03 1.856489777565002441e+00
6.760000000000000000e+03 1.897911190986633301e+00
6.761000000000000000e+03 1.858223319053649902e+00
6.762000000000000000e+03 1.847235918045043945e+00
6.763000000000000000e+03 1.850994825363159180e+00
6.764000000000000000e+03 1.848695755004882812e+00
6.765000000000000000e+03 1.845051050186157227e+00
6.766000000000000000e+03 1.823528766632080078e+00
6.767000000000000000e+03 1.848733425140380859e+00
6.768000000000000000e+03 1.788029789924621582e+00
6.769000000000000000e+03 1.835780382156372070e+00
6.770000000000000000e+03 1.847484111785888672e+00
6.771000000000000000e+03 1.887964129447937012e+00
6.772000000000000000e+03 1.847361087799072266e+00
6.773000000000000000e+03 1.903644561767578125e+00
6.774000000000000000e+03 1.818912386894226074e+00
6.775000000000000000e+03 1.839152812957763672e+00
6.776000000000000000e+03 1.804580092430114746e+00
6.777000000000000000e+03 1.838346004486083984e+00
6.778000000000000000e+03 1.823791742324829102e+00
6.779000000000000000e+03 1.807019472122192383e+00
6.780000000000000000e+03 1.844722270965576172e+00
6.781000000000000000e+03 1.831956267356872559e+00
6.782000000000000000e+03 1.847288370132446289e+00
6.783000000000000000e+03 1.822174310684204102e+00
6.784000000000000000e+03 1.843748807907104492e+00
6.785000000000000000e+03 1.843512296676635742e+00
6.786000000000000000e+03 1.821657538414001465e+00
6.787000000000000000e+03 1.843442916870117188e+00
6.788000000000000000e+03 1.863947033882141113e+00
6.789000000000000000e+03 1.872505784034729004e+00
6.790000000000000000e+03 1.841765284538269043e+00
6.791000000000000000e+03 1.893886804580688477e+00
6.792000000000000000e+03 1.883651971817016602e+00
6.793000000000000000e+03 1.869710326194763184e+00
6.794000000000000000e+03 1.870073437690734863e+00
6.795000000000000000e+03 1.854243993759155273e+00
6.796000000000000000e+03 1.795246839523315430e+00
6.797000000000000000e+03 1.852636814117431641e+00
6.798000000000000000e+03 1.825284481048583984e+00
6.799000000000000000e+03 1.861850023269653320e+00
6.800000000000000000e+03 1.790514469146728516e+00
6.801000000000000000e+03 1.807095527648925781e+00
6.802000000000000000e+03 1.834422111511230469e+00
6.803000000000000000e+03 1.842648386955261230e+00
6.804000000000000000e+03 1.822176456451416016e+00
6.805000000000000000e+03 1.809411764144897461e+00
6.806000000000000000e+03 1.847131490707397461e+00
6.807000000000000000e+03 1.849963665008544922e+00
6.808000000000000000e+03 1.808703303337097168e+00
6.809000000000000000e+03 1.868806481361389160e+00
6.810000000000000000e+03 1.814307928085327148e+00
6.811000000000000000e+03 1.831511855125427246e+00
6.812000000000000000e+03 1.838171958923339844e+00
6.813000000000000000e+03 1.872303962707519531e+00
6.814000000000000000e+03 1.876334309577941895e+00
6.815000000000000000e+03 1.830805659294128418e+00
6.816000000000000000e+03 1.868523120880126953e+00
6.817000000000000000e+03 1.851408720016479492e+00
6.818000000000000000e+03 1.856270909309387207e+00
6.819000000000000000e+03 1.860639333724975586e+00
6.820000000000000000e+03 1.791506886482238770e+00
6.821000000000000000e+03 1.847318410873413086e+00
6.822000000000000000e+03 1.832731127738952637e+00
6.823000000000000000e+03 1.823337078094482422e+00
6.824000000000000000e+03 1.876382946968078613e+00
6.825000000000000000e+03 1.844297051429748535e+00
6.826000000000000000e+03 1.838044404983520508e+00
6.827000000000000000e+03 1.891717791557312012e+00
6.828000000000000000e+03 1.867754936218261719e+00
6.829000000000000000e+03 1.878523468971252441e+00
6.830000000000000000e+03 1.865726470947265625e+00
6.831000000000000000e+03 1.877163529396057129e+00
6.832000000000000000e+03 1.859289407730102539e+00
6.833000000000000000e+03 1.908419609069824219e+00
6.834000000000000000e+03 1.884089946746826172e+00
6.835000000000000000e+03 1.849541187286376953e+00
6.836000000000000000e+03 1.846914410591125488e+00
6.837000000000000000e+03 1.844690561294555664e+00
6.838000000000000000e+03 1.829512596130371094e+00
6.839000000000000000e+03 1.783330202102661133e+00
6.840000000000000000e+03 1.776255488395690918e+00
6.841000000000000000e+03 1.857630968093872070e+00
6.842000000000000000e+03 1.845200657844543457e+00
6.843000000000000000e+03 1.813464045524597168e+00
6.844000000000000000e+03 1.866887331008911133e+00
6.845000000000000000e+03 1.816168546676635742e+00
6.846000000000000000e+03 1.839568614959716797e+00
6.847000000000000000e+03 1.855806112289428711e+00
6.848000000000000000e+03 1.856989502906799316e+00
6.849000000000000000e+03 1.845628857612609863e+00
6.850000000000000000e+03 1.818458676338195801e+00
6.851000000000000000e+03 1.838188886642456055e+00
6.852000000000000000e+03 1.859694480895996094e+00
6.853000000000000000e+03 1.855813622474670410e+00
6.854000000000000000e+03 1.801863074302673340e+00
6.855000000000000000e+03 1.827384352684020996e+00
6.856000000000000000e+03 1.845940351486206055e+00
6.857000000000000000e+03 1.822453498840332031e+00
6.858000000000000000e+03 1.829418659210205078e+00
6.859000000000000000e+03 1.793348670005798340e+00
6.860000000000000000e+03 1.794776558876037598e+00
6.861000000000000000e+03 1.834048628807067871e+00
6.862000000000000000e+03 1.811586022377014160e+00
6.863000000000000000e+03 1.806495308876037598e+00
6.864000000000000000e+03 1.824518918991088867e+00
6.865000000000000000e+03 1.818797230720520020e+00
6.866000000000000000e+03 1.820783734321594238e+00
6.867000000000000000e+03 1.843610882759094238e+00
6.868000000000000000e+03 1.814019203186035156e+00
6.869000000000000000e+03 1.832727074623107910e+00
6.870000000000000000e+03 1.817336201667785645e+00
6.871000000000000000e+03 1.817914724349975586e+00
6.872000000000000000e+03 1.810042738914489746e+00
6.873000000000000000e+03 1.794660806655883789e+00
6.874000000000000000e+03 1.802512407302856445e+00
6.875000000000000000e+03 1.866373777389526367e+00
6.876000000000000000e+03 1.851673364639282227e+00
6.877000000000000000e+03 1.757190108299255371e+00
6.878000000000000000e+03 1.862170696258544922e+00
6.879000000000000000e+03 1.841878056526184082e+00
6.880000000000000000e+03 1.789447069168090820e+00
6.881000000000000000e+03 1.808379530906677246e+00
6.882000000000000000e+03 1.820075631141662598e+00
6.883000000000000000e+03 1.792898654937744141e+00
6.884000000000000000e+03 1.812567710876464844e+00
6.885000000000000000e+03 1.790872693061828613e+00
6.886000000000000000e+03 1.873672008514404297e+00
6.887000000000000000e+03 1.800026774406433105e+00
6.888000000000000000e+03 1.837810158729553223e+00
6.889000000000000000e+03 1.881061673164367676e+00
6.890000000000000000e+03 1.841910123825073242e+00
6.891000000000000000e+03 1.851678848266601562e+00
6.892000000000000000e+03 1.815107822418212891e+00
6.893000000000000000e+03 1.770294308662414551e+00
6.894000000000000000e+03 1.837711095809936523e+00
6.895000000000000000e+03 1.805812120437622070e+00
6.896000000000000000e+03 1.793460130691528320e+00
6.897000000000000000e+03 1.796287894248962402e+00
6.898000000000000000e+03 1.801183700561523438e+00
6.899000000000000000e+03 1.883293032646179199e+00
6.900000000000000000e+03 1.848015189170837402e+00
6.901000000000000000e+03 1.848049283027648926e+00
6.902000000000000000e+03 1.836092472076416016e+00
6.903000000000000000e+03 1.867533326148986816e+00
6.904000000000000000e+03 1.837202906608581543e+00
6.905000000000000000e+03 1.824857234954833984e+00
6.906000000000000000e+03 1.856484174728393555e+00
6.907000000000000000e+03 1.851577997207641602e+00
6.908000000000000000e+03 1.819025874137878418e+00
6.909000000000000000e+03 1.845623731613159180e+00
6.910000000000000000e+03 1.824572563171386719e+00
6.911000000000000000e+03 1.863658666610717773e+00
6.912000000000000000e+03 1.823224306106567383e+00
6.913000000000000000e+03 1.834056735038757324e+00
6.914000000000000000e+03 1.803540706634521484e+00
6.915000000000000000e+03 1.834843873977661133e+00
6.916000000000000000e+03 1.826172828674316406e+00
6.917000000000000000e+03 1.787332057952880859e+00
6.918000000000000000e+03 1.865101814270019531e+00
6.919000000000000000e+03 1.854472041130065918e+00
6.920000000000000000e+03 1.812537193298339844e+00
6.921000000000000000e+03 1.868407964706420898e+00
6.922000000000000000e+03 1.853386878967285156e+00
6.923000000000000000e+03 1.818051815032958984e+00
6.924000000000000000e+03 1.846613049507141113e+00
6.925000000000000000e+03 1.806917190551757812e+00
6.926000000000000000e+03 1.801087141036987305e+00
6.927000000000000000e+03 1.838007688522338867e+00
6.928000000000000000e+03 1.840238571166992188e+00
6.929000000000000000e+03 1.850840449333190918e+00
6.930000000000000000e+03 1.830736994743347168e+00
6.931000000000000000e+03 1.839920520782470703e+00
6.932000000000000000e+03 1.841546058654785156e+00
6.933000000000000000e+03 1.863765478134155273e+00
6.934000000000000000e+03 1.851889014244079590e+00
6.935000000000000000e+03 1.827967405319213867e+00
6.936000000000000000e+03 1.799815773963928223e+00
6.937000000000000000e+03 1.793313384056091309e+00
6.938000000000000000e+03 1.773297071456909180e+00
6.939000000000000000e+03 1.840250372886657715e+00
6.940000000000000000e+03 1.778857707977294922e+00
6.941000000000000000e+03 1.775937795639038086e+00
6.942000000000000000e+03 1.738773345947265625e+00
6.943000000000000000e+03 1.756762623786926270e+00
6.944000000000000000e+03 1.822842121124267578e+00
6.945000000000000000e+03 1.758805036544799805e+00
6.946000000000000000e+03 1.787309646606445312e+00
6.947000000000000000e+03 1.804861068725585938e+00
6.948000000000000000e+03 1.788179636001586914e+00
6.949000000000000000e+03 1.781211376190185547e+00
6.950000000000000000e+03 1.821192979812622070e+00
6.951000000000000000e+03 1.782364130020141602e+00
6.952000000000000000e+03 1.762466430664062500e+00
6.953000000000000000e+03 1.763259291648864746e+00
6.954000000000000000e+03 1.806119084358215332e+00
6.955000000000000000e+03 1.764484047889709473e+00
6.956000000000000000e+03 1.802370071411132812e+00
6.957000000000000000e+03 1.801780462265014648e+00
6.958000000000000000e+03 1.771268725395202637e+00
6.959000000000000000e+03 1.765903472900390625e+00
6.960000000000000000e+03 1.776139616966247559e+00
6.961000000000000000e+03 1.795300006866455078e+00
6.962000000000000000e+03 1.829851865768432617e+00
6.963000000000000000e+03 1.779545664787292480e+00
6.964000000000000000e+03 1.778268694877624512e+00
6.965000000000000000e+03 1.810031056404113770e+00
6.966000000000000000e+03 1.755074858665466309e+00
6.967000000000000000e+03 1.814056515693664551e+00
6.968000000000000000e+03 1.780791044235229492e+00
6.969000000000000000e+03 1.783644437789916992e+00
6.970000000000000000e+03 1.768339872360229492e+00
6.971000000000000000e+03 1.795020699501037598e+00
6.972000000000000000e+03 1.765166878700256348e+00
6.973000000000000000e+03 1.682573556900024414e+00
6.974000000000000000e+03 1.771419763565063477e+00
6.975000000000000000e+03 1.771238327026367188e+00
6.976000000000000000e+03 1.786884307861328125e+00
6.977000000000000000e+03 1.729816555976867676e+00
6.978000000000000000e+03 1.756697654724121094e+00
6.979000000000000000e+03 1.799674749374389648e+00
6.980000000000000000e+03 1.792251825332641602e+00
6.981000000000000000e+03 1.776653051376342773e+00
6.982000000000000000e+03 1.748930215835571289e+00
6.983000000000000000e+03 1.765561819076538086e+00
6.984000000000000000e+03 1.830999255180358887e+00
6.985000000000000000e+03 1.800590515136718750e+00
6.986000000000000000e+03 1.791684389114379883e+00
6.987000000000000000e+03 1.786960363388061523e+00
6.988000000000000000e+03 1.778186321258544922e+00
6.989000000000000000e+03 1.768267869949340820e+00
6.990000000000000000e+03 1.793501615524291992e+00
6.991000000000000000e+03 1.767145991325378418e+00
6.992000000000000000e+03 1.780364990234375000e+00
6.993000000000000000e+03 1.780633211135864258e+00
6.994000000000000000e+03 1.800728797912597656e+00
6.995000000000000000e+03 1.813854575157165527e+00
6.996000000000000000e+03 1.751979827880859375e+00
6.997000000000000000e+03 1.747951745986938477e+00
6.998000000000000000e+03 1.788380146026611328e+00
6.999000000000000000e+03 1.810613393783569336e+00
7.000000000000000000e+03 1.830685257911682129e+00
7.001000000000000000e+03 1.849457383155822754e+00
7.002000000000000000e+03 1.785863161087036133e+00
7.003000000000000000e+03 1.793705344200134277e+00
7.004000000000000000e+03 1.783753633499145508e+00
7.005000000000000000e+03 1.813058733940124512e+00
7.006000000000000000e+03 1.835043549537658691e+00
7.007000000000000000e+03 1.805830240249633789e+00
7.008000000000000000e+03 1.797198414802551270e+00
7.009000000000000000e+03 1.836323976516723633e+00
7.010000000000000000e+03 1.847617745399475098e+00
7.011000000000000000e+03 1.794984579086303711e+00
7.012000000000000000e+03 1.788856267929077148e+00
7.013000000000000000e+03 1.782866358757019043e+00
7.014000000000000000e+03 1.792906045913696289e+00
7.015000000000000000e+03 1.858194947242736816e+00
7.016000000000000000e+03 1.815562009811401367e+00
7.017000000000000000e+03 1.787081718444824219e+00
7.018000000000000000e+03 1.848996281623840332e+00
7.019000000000000000e+03 1.798763632774353027e+00
7.020000000000000000e+03 1.766753911972045898e+00
7.021000000000000000e+03 1.839731454849243164e+00
7.022000000000000000e+03 1.857793569564819336e+00
7.023000000000000000e+03 1.797545194625854492e+00
7.024000000000000000e+03 1.827446222305297852e+00
7.025000000000000000e+03 1.783630251884460449e+00
7.026000000000000000e+03 1.807124376296997070e+00
7.027000000000000000e+03 1.801084041595458984e+00
7.028000000000000000e+03 1.801638603210449219e+00
7.029000000000000000e+03 1.795880913734436035e+00
7.030000000000000000e+03 1.809540748596191406e+00
7.031000000000000000e+03 1.838503837585449219e+00
7.032000000000000000e+03 1.778656959533691406e+00
7.033000000000000000e+03 1.842299461364746094e+00
7.034000000000000000e+03 1.833479285240173340e+00
7.035000000000000000e+03 1.900986552238464355e+00
7.036000000000000000e+03 1.837323188781738281e+00
7.037000000000000000e+03 1.861325263977050781e+00
7.038000000000000000e+03 1.838598251342773438e+00
7.039000000000000000e+03 1.838607549667358398e+00
7.040000000000000000e+03 1.873686313629150391e+00
7.041000000000000000e+03 1.823487043380737305e+00
7.042000000000000000e+03 1.822956323623657227e+00
7.043000000000000000e+03 1.805414795875549316e+00
7.044000000000000000e+03 1.847372055053710938e+00
7.045000000000000000e+03 1.850626587867736816e+00
7.046000000000000000e+03 1.866415262222290039e+00
7.047000000000000000e+03 1.807549953460693359e+00
7.048000000000000000e+03 1.826601386070251465e+00
7.049000000000000000e+03 1.810515284538269043e+00
7.050000000000000000e+03 1.822892427444458008e+00
7.051000000000000000e+03 1.864052414894104004e+00
7.052000000000000000e+03 1.898551821708679199e+00
7.053000000000000000e+03 1.818793416023254395e+00
7.054000000000000000e+03 1.793566107749938965e+00
7.055000000000000000e+03 1.810327887535095215e+00
7.056000000000000000e+03 1.833225131034851074e+00
7.057000000000000000e+03 1.784675002098083496e+00
7.058000000000000000e+03 1.788662433624267578e+00
7.059000000000000000e+03 1.821195721626281738e+00
7.060000000000000000e+03 1.853342771530151367e+00
7.061000000000000000e+03 1.831389904022216797e+00
7.062000000000000000e+03 1.801469087600708008e+00
7.063000000000000000e+03 1.799560785293579102e+00
7.064000000000000000e+03 1.870601654052734375e+00
7.065000000000000000e+03 1.886156916618347168e+00
7.066000000000000000e+03 1.822084903717041016e+00
7.067000000000000000e+03 1.834554672241210938e+00
7.068000000000000000e+03 1.794255375862121582e+00
7.069000000000000000e+03 1.782539367675781250e+00
7.070000000000000000e+03 1.792506456375122070e+00
7.071000000000000000e+03 1.784011960029602051e+00
7.072000000000000000e+03 1.765998959541320801e+00
7.073000000000000000e+03 1.806896448135375977e+00
7.074000000000000000e+03 1.848912715911865234e+00
7.075000000000000000e+03 1.821655511856079102e+00
7.076000000000000000e+03 1.819227933883666992e+00
7.077000000000000000e+03 1.830159425735473633e+00
7.078000000000000000e+03 1.843320131301879883e+00
7.079000000000000000e+03 1.803025126457214355e+00
7.080000000000000000e+03 1.838884115219116211e+00
7.081000000000000000e+03 1.839444875717163086e+00
7.082000000000000000e+03 1.802842736244201660e+00
7.083000000000000000e+03 1.832010030746459961e+00
7.084000000000000000e+03 1.844309568405151367e+00
7.085000000000000000e+03 1.810102701187133789e+00
7.086000000000000000e+03 1.888027548789978027e+00
7.087000000000000000e+03 1.883655905723571777e+00
7.088000000000000000e+03 1.861219167709350586e+00
7.089000000000000000e+03 1.878535747528076172e+00
7.090000000000000000e+03 1.885892510414123535e+00
7.091000000000000000e+03 1.842552423477172852e+00
7.092000000000000000e+03 1.804072856903076172e+00
7.093000000000000000e+03 1.864306211471557617e+00
7.094000000000000000e+03 1.816074371337890625e+00
7.095000000000000000e+03 1.848061203956604004e+00
7.096000000000000000e+03 1.873440265655517578e+00
7.097000000000000000e+03 1.826684117317199707e+00
7.098000000000000000e+03 1.811919927597045898e+00
7.099000000000000000e+03 1.821752071380615234e+00
7.100000000000000000e+03 1.843104243278503418e+00
7.101000000000000000e+03 1.851141691207885742e+00
7.102000000000000000e+03 1.823157072067260742e+00
7.103000000000000000e+03 1.846789121627807617e+00
7.104000000000000000e+03 1.814369440078735352e+00
7.105000000000000000e+03 1.815765142440795898e+00
7.106000000000000000e+03 1.829060554504394531e+00
7.107000000000000000e+03 1.849041938781738281e+00
7.108000000000000000e+03 1.786943316459655762e+00
7.109000000000000000e+03 1.854066610336303711e+00
7.110000000000000000e+03 1.850615501403808594e+00
7.111000000000000000e+03 1.875949144363403320e+00
7.112000000000000000e+03 1.818984746932983398e+00
7.113000000000000000e+03 1.825591564178466797e+00
7.114000000000000000e+03 1.802439451217651367e+00
7.115000000000000000e+03 1.813381433486938477e+00
7.116000000000000000e+03 1.813094854354858398e+00
7.117000000000000000e+03 1.770436882972717285e+00
7.118000000000000000e+03 1.853213667869567871e+00
7.119000000000000000e+03 1.842899322509765625e+00
7.120000000000000000e+03 1.774875402450561523e+00
7.121000000000000000e+03 1.817369222640991211e+00
7.122000000000000000e+03 1.784799218177795410e+00
7.123000000000000000e+03 1.785997033119201660e+00
7.124000000000000000e+03 1.775025367736816406e+00
7.125000000000000000e+03 1.790224432945251465e+00
7.126000000000000000e+03 1.754731655120849609e+00
7.127000000000000000e+03 1.721805572509765625e+00
7.128000000000000000e+03 1.779717564582824707e+00
7.129000000000000000e+03 1.805860042572021484e+00
7.130000000000000000e+03 1.789620518684387207e+00
7.131000000000000000e+03 1.777897596359252930e+00
7.132000000000000000e+03 1.774500966072082520e+00
7.133000000000000000e+03 1.769454479217529297e+00
7.134000000000000000e+03 1.811608791351318359e+00
7.135000000000000000e+03 1.823309421539306641e+00
7.136000000000000000e+03 1.783761739730834961e+00
7.137000000000000000e+03 1.819560647010803223e+00
7.138000000000000000e+03 1.826858401298522949e+00
7.139000000000000000e+03 1.823066949844360352e+00
7.140000000000000000e+03 1.769396066665649414e+00
7.141000000000000000e+03 1.820065498352050781e+00
7.142000000000000000e+03 1.809591650962829590e+00
7.143000000000000000e+03 1.836381077766418457e+00
7.144000000000000000e+03 1.828093647956848145e+00
7.145000000000000000e+03 1.820572376251220703e+00
7.146000000000000000e+03 1.830539345741271973e+00
7.147000000000000000e+03 1.851921916007995605e+00
7.148000000000000000e+03 1.792102217674255371e+00
7.149000000000000000e+03 1.810916900634765625e+00
7.150000000000000000e+03 1.809855461120605469e+00
7.151000000000000000e+03 1.832411289215087891e+00
7.152000000000000000e+03 1.862496733665466309e+00
7.153000000000000000e+03 1.833743810653686523e+00
7.154000000000000000e+03 1.821035385131835938e+00
7.155000000000000000e+03 1.848044633865356445e+00
7.156000000000000000e+03 1.791147828102111816e+00
7.157000000000000000e+03 1.811565399169921875e+00
7.158000000000000000e+03 1.830893993377685547e+00
7.159000000000000000e+03 1.838552951812744141e+00
7.160000000000000000e+03 1.839669823646545410e+00
7.161000000000000000e+03 1.819228172302246094e+00
7.162000000000000000e+03 1.864060640335083008e+00
7.163000000000000000e+03 1.875507831573486328e+00
7.164000000000000000e+03 1.855376601219177246e+00
7.165000000000000000e+03 1.873040676116943359e+00
7.166000000000000000e+03 1.871002793312072754e+00
7.167000000000000000e+03 1.823418021202087402e+00
7.168000000000000000e+03 1.816047906875610352e+00
7.169000000000000000e+03 1.825067400932312012e+00
7.170000000000000000e+03 1.829828500747680664e+00
7.171000000000000000e+03 1.806989550590515137e+00
7.172000000000000000e+03 1.818204402923583984e+00
7.173000000000000000e+03 1.847506880760192871e+00
7.174000000000000000e+03 1.835639834403991699e+00
7.175000000000000000e+03 1.841901659965515137e+00
7.176000000000000000e+03 1.796742320060729980e+00
7.177000000000000000e+03 1.852542400360107422e+00
7.178000000000000000e+03 1.843603730201721191e+00
7.179000000000000000e+03 1.814356803894042969e+00
7.180000000000000000e+03 1.795689225196838379e+00
7.181000000000000000e+03 1.781885385513305664e+00
7.182000000000000000e+03 1.796081542968750000e+00
7.183000000000000000e+03 1.776937961578369141e+00
7.184000000000000000e+03 1.809916257858276367e+00
7.185000000000000000e+03 1.788604259490966797e+00
7.186000000000000000e+03 1.807888388633728027e+00
7.187000000000000000e+03 1.845943212509155273e+00
7.188000000000000000e+03 1.801228642463684082e+00
7.189000000000000000e+03 1.822315335273742676e+00
7.190000000000000000e+03 1.836837172508239746e+00
7.191000000000000000e+03 1.788015604019165039e+00
7.192000000000000000e+03 1.834574222564697266e+00
7.193000000000000000e+03 1.858990192413330078e+00
7.194000000000000000e+03 1.843584299087524414e+00
7.195000000000000000e+03 1.883413791656494141e+00
7.196000000000000000e+03 1.873267292976379395e+00
7.197000000000000000e+03 1.855378985404968262e+00
7.198000000000000000e+03 1.818972826004028320e+00
7.199000000000000000e+03 1.863485217094421387e+00
7.200000000000000000e+03 1.848304033279418945e+00
7.201000000000000000e+03 1.849364280700683594e+00
7.202000000000000000e+03 1.842600941658020020e+00
7.203000000000000000e+03 1.858710050582885742e+00
7.204000000000000000e+03 1.870663762092590332e+00
7.205000000000000000e+03 1.843204021453857422e+00
7.206000000000000000e+03 1.842259407043457031e+00
7.207000000000000000e+03 1.879660487174987793e+00
7.208000000000000000e+03 1.840888261795043945e+00
7.209000000000000000e+03 1.784244179725646973e+00
7.210000000000000000e+03 1.840231418609619141e+00
7.211000000000000000e+03 1.760447740554809570e+00
7.212000000000000000e+03 1.800005674362182617e+00
7.213000000000000000e+03 1.765384197235107422e+00
7.214000000000000000e+03 1.848763704299926758e+00
7.215000000000000000e+03 1.837384343147277832e+00
7.216000000000000000e+03 1.852664709091186523e+00
7.217000000000000000e+03 1.893731474876403809e+00
7.218000000000000000e+03 1.828694820404052734e+00
7.219000000000000000e+03 1.855274677276611328e+00
7.220000000000000000e+03 1.862851738929748535e+00
7.221000000000000000e+03 1.887301802635192871e+00
7.222000000000000000e+03 1.832512855529785156e+00
7.223000000000000000e+03 1.849888324737548828e+00
7.224000000000000000e+03 1.860796928405761719e+00
7.225000000000000000e+03 1.855493903160095215e+00
7.226000000000000000e+03 1.810796856880187988e+00
7.227000000000000000e+03 1.819196939468383789e+00
7.228000000000000000e+03 1.792294263839721680e+00
7.229000000000000000e+03 1.828029274940490723e+00
7.230000000000000000e+03 1.800297260284423828e+00
7.231000000000000000e+03 1.843990683555603027e+00
7.232000000000000000e+03 1.801135420799255371e+00
7.233000000000000000e+03 1.836874485015869141e+00
7.234000000000000000e+03 1.827752947807312012e+00
7.235000000000000000e+03 1.779370307922363281e+00
7.236000000000000000e+03 1.809209465980529785e+00
7.237000000000000000e+03 1.735285639762878418e+00
7.238000000000000000e+03 1.744273066520690918e+00
7.239000000000000000e+03 1.783340334892272949e+00
7.240000000000000000e+03 1.789450883865356445e+00
7.241000000000000000e+03 1.787467002868652344e+00
7.242000000000000000e+03 1.745107412338256836e+00
7.243000000000000000e+03 1.802003383636474609e+00
7.244000000000000000e+03 1.807399868965148926e+00
7.245000000000000000e+03 1.783511638641357422e+00
7.246000000000000000e+03 1.790823817253112793e+00
7.247000000000000000e+03 1.845711946487426758e+00
7.248000000000000000e+03 1.848581790924072266e+00
7.249000000000000000e+03 1.828146576881408691e+00
7.250000000000000000e+03 1.805634856224060059e+00
7.251000000000000000e+03 1.789520740509033203e+00
7.252000000000000000e+03 1.823039531707763672e+00
7.253000000000000000e+03 1.796744108200073242e+00
7.254000000000000000e+03 1.761464595794677734e+00
7.255000000000000000e+03 1.820400238037109375e+00
7.256000000000000000e+03 1.826619863510131836e+00
7.257000000000000000e+03 1.853015661239624023e+00
7.258000000000000000e+03 1.839857697486877441e+00
7.259000000000000000e+03 1.857214689254760742e+00
7.260000000000000000e+03 1.827004313468933105e+00
7.261000000000000000e+03 1.816694855690002441e+00
7.262000000000000000e+03 1.807626008987426758e+00
7.263000000000000000e+03 1.844013333320617676e+00
7.264000000000000000e+03 1.874095439910888672e+00
7.265000000000000000e+03 1.881682276725769043e+00
7.266000000000000000e+03 1.865875959396362305e+00
7.267000000000000000e+03 1.840405225753784180e+00
7.268000000000000000e+03 1.863577008247375488e+00
7.269000000000000000e+03 1.855165839195251465e+00
7.270000000000000000e+03 1.865470170974731445e+00
7.271000000000000000e+03 1.826520681381225586e+00
7.272000000000000000e+03 1.872096657752990723e+00
7.273000000000000000e+03 1.869295716285705566e+00
7.274000000000000000e+03 1.882883310317993164e+00
7.275000000000000000e+03 1.861074805259704590e+00
7.276000000000000000e+03 1.851448297500610352e+00
7.277000000000000000e+03 1.841303825378417969e+00
7.278000000000000000e+03 1.821110010147094727e+00
7.279000000000000000e+03 1.793853521347045898e+00
7.280000000000000000e+03 1.812641859054565430e+00
7.281000000000000000e+03 1.806282758712768555e+00
7.282000000000000000e+03 1.857156991958618164e+00
7.283000000000000000e+03 1.806419849395751953e+00
7.284000000000000000e+03 1.795760750770568848e+00
7.285000000000000000e+03 1.827184319496154785e+00
7.286000000000000000e+03 1.811635494232177734e+00
7.287000000000000000e+03 1.797215580940246582e+00
7.288000000000000000e+03 1.814572811126708984e+00
7.289000000000000000e+03 1.861925125122070312e+00
7.290000000000000000e+03 1.851708531379699707e+00
7.291000000000000000e+03 1.863460183143615723e+00
7.292000000000000000e+03 1.879990100860595703e+00
7.293000000000000000e+03 1.897209882736206055e+00
7.294000000000000000e+03 1.882998585700988770e+00
7.295000000000000000e+03 1.884998917579650879e+00
7.296000000000000000e+03 1.885028123855590820e+00
7.297000000000000000e+03 1.875206589698791504e+00
7.298000000000000000e+03 1.873027801513671875e+00
7.299000000000000000e+03 1.848039627075195312e+00
7.300000000000000000e+03 1.861444830894470215e+00
7.301000000000000000e+03 1.858062267303466797e+00
7.302000000000000000e+03 1.848860502243041992e+00
7.303000000000000000e+03 1.837977647781372070e+00
7.304000000000000000e+03 1.855289459228515625e+00
7.305000000000000000e+03 1.893686294555664062e+00
7.306000000000000000e+03 1.888495445251464844e+00
7.307000000000000000e+03 1.864785909652709961e+00
7.308000000000000000e+03 1.831586241722106934e+00
7.309000000000000000e+03 1.888636112213134766e+00
7.310000000000000000e+03 1.892853975296020508e+00
7.311000000000000000e+03 1.788479208946228027e+00
7.312000000000000000e+03 1.820825338363647461e+00
7.313000000000000000e+03 1.844221115112304688e+00
7.314000000000000000e+03 1.787215828895568848e+00
7.315000000000000000e+03 1.798765897750854492e+00
7.316000000000000000e+03 1.830288171768188477e+00
7.317000000000000000e+03 1.827379226684570312e+00
7.318000000000000000e+03 1.838982582092285156e+00
7.319000000000000000e+03 1.853060960769653320e+00
7.320000000000000000e+03 1.758244037628173828e+00
7.321000000000000000e+03 1.793905854225158691e+00
7.322000000000000000e+03 1.862205743789672852e+00
7.323000000000000000e+03 1.813746571540832520e+00
7.324000000000000000e+03 1.865527391433715820e+00
7.325000000000000000e+03 1.831580638885498047e+00
7.326000000000000000e+03 1.842713594436645508e+00
7.327000000000000000e+03 1.831259131431579590e+00
7.328000000000000000e+03 1.801350951194763184e+00
7.329000000000000000e+03 1.851848244667053223e+00
7.330000000000000000e+03 1.811657786369323730e+00
7.331000000000000000e+03 1.808045148849487305e+00
7.332000000000000000e+03 1.779468059539794922e+00
7.333000000000000000e+03 1.869668006896972656e+00
7.334000000000000000e+03 1.859447717666625977e+00
7.335000000000000000e+03 1.866662383079528809e+00
7.336000000000000000e+03 1.828872561454772949e+00
7.337000000000000000e+03 1.831065654754638672e+00
7.338000000000000000e+03 1.834635734558105469e+00
7.339000000000000000e+03 1.818343997001647949e+00
7.340000000000000000e+03 1.840659856796264648e+00
7.341000000000000000e+03 1.824038505554199219e+00
7.342000000000000000e+03 1.813824772834777832e+00
7.343000000000000000e+03 1.802247166633605957e+00
7.344000000000000000e+03 1.828536987304687500e+00
7.345000000000000000e+03 1.763730764389038086e+00
7.346000000000000000e+03 1.843935728073120117e+00
7.347000000000000000e+03 1.838451027870178223e+00
7.348000000000000000e+03 1.817457199096679688e+00
7.349000000000000000e+03 1.801380515098571777e+00
7.350000000000000000e+03 1.822376728057861328e+00
7.351000000000000000e+03 1.859442234039306641e+00
7.352000000000000000e+03 1.832050204277038574e+00
7.353000000000000000e+03 1.823758840560913086e+00
7.354000000000000000e+03 1.848709702491760254e+00
7.355000000000000000e+03 1.802667975425720215e+00
7.356000000000000000e+03 1.822566390037536621e+00
7.357000000000000000e+03 1.863915562629699707e+00
7.358000000000000000e+03 1.811142086982727051e+00
7.359000000000000000e+03 1.781931519508361816e+00
7.360000000000000000e+03 1.784271955490112305e+00
7.361000000000000000e+03 1.811867713928222656e+00
7.362000000000000000e+03 1.821365594863891602e+00
7.363000000000000000e+03 1.849960803985595703e+00
7.364000000000000000e+03 1.889398694038391113e+00
7.365000000000000000e+03 1.886392235755920410e+00
7.366000000000000000e+03 1.905309677124023438e+00
7.367000000000000000e+03 1.894066333770751953e+00
7.368000000000000000e+03 1.893647193908691406e+00
7.369000000000000000e+03 1.876059532165527344e+00
7.370000000000000000e+03 1.887254595756530762e+00
7.371000000000000000e+03 1.878538012504577637e+00
7.372000000000000000e+03 1.949469804763793945e+00
7.373000000000000000e+03 1.871841549873352051e+00
7.374000000000000000e+03 1.908773660659790039e+00
7.375000000000000000e+03 1.922481775283813477e+00
7.376000000000000000e+03 1.895934462547302246e+00
7.377000000000000000e+03 1.928752541542053223e+00
7.378000000000000000e+03 1.892092227935791016e+00
7.379000000000000000e+03 1.918220639228820801e+00
7.380000000000000000e+03 1.902898073196411133e+00
7.381000000000000000e+03 1.910662293434143066e+00
7.382000000000000000e+03 1.886096835136413574e+00
7.383000000000000000e+03 1.879061222076416016e+00
7.384000000000000000e+03 1.828643321990966797e+00
7.385000000000000000e+03 1.884855866432189941e+00
7.386000000000000000e+03 1.867148160934448242e+00
7.387000000000000000e+03 1.909052252769470215e+00
7.388000000000000000e+03 1.909332633018493652e+00
7.389000000000000000e+03 1.865436315536499023e+00
7.390000000000000000e+03 1.903800487518310547e+00
7.391000000000000000e+03 1.877487897872924805e+00
7.392000000000000000e+03 1.862304687500000000e+00
7.393000000000000000e+03 1.879428625106811523e+00
7.394000000000000000e+03 1.840895652770996094e+00
7.395000000000000000e+03 1.860453486442565918e+00
7.396000000000000000e+03 1.839306354522705078e+00
7.397000000000000000e+03 1.855857968330383301e+00
7.398000000000000000e+03 1.922154545783996582e+00
7.399000000000000000e+03 1.888273119926452637e+00
7.400000000000000000e+03 1.873470902442932129e+00
7.401000000000000000e+03 1.909191250801086426e+00
7.402000000000000000e+03 1.887066721916198730e+00
7.403000000000000000e+03 1.849850893020629883e+00
7.404000000000000000e+03 1.825307369232177734e+00
7.405000000000000000e+03 1.869460344314575195e+00
7.406000000000000000e+03 1.849303483963012695e+00
7.407000000000000000e+03 1.824937582015991211e+00
7.408000000000000000e+03 1.883241772651672363e+00
7.409000000000000000e+03 1.863054633140563965e+00
7.410000000000000000e+03 1.875301361083984375e+00
7.411000000000000000e+03 1.862176299095153809e+00
7.412000000000000000e+03 1.885904788970947266e+00
7.413000000000000000e+03 1.845647931098937988e+00
7.414000000000000000e+03 1.800923585891723633e+00
7.415000000000000000e+03 1.829665303230285645e+00
7.416000000000000000e+03 1.812597393989562988e+00
7.417000000000000000e+03 1.842507600784301758e+00
7.418000000000000000e+03 1.863134384155273438e+00
7.419000000000000000e+03 1.856194972991943359e+00
7.420000000000000000e+03 1.888936042785644531e+00
7.421000000000000000e+03 1.886250019073486328e+00
7.422000000000000000e+03 1.891525745391845703e+00
7.423000000000000000e+03 1.874367117881774902e+00
7.424000000000000000e+03 1.879192233085632324e+00
7.425000000000000000e+03 1.842058897018432617e+00
7.426000000000000000e+03 1.837578892707824707e+00
7.427000000000000000e+03 1.801393032073974609e+00
7.428000000000000000e+03 1.849353909492492676e+00
7.429000000000000000e+03 1.891365528106689453e+00
7.430000000000000000e+03 1.874825358390808105e+00
7.431000000000000000e+03 1.841643452644348145e+00
7.432000000000000000e+03 1.870137572288513184e+00
7.433000000000000000e+03 1.883639931678771973e+00
7.434000000000000000e+03 1.936238288879394531e+00
7.435000000000000000e+03 1.867176055908203125e+00
7.436000000000000000e+03 1.828644514083862305e+00
7.437000000000000000e+03 1.920883893966674805e+00
7.438000000000000000e+03 1.852157115936279297e+00
7.439000000000000000e+03 1.884835243225097656e+00
7.440000000000000000e+03 1.837836503982543945e+00
7.441000000000000000e+03 1.850123524665832520e+00
7.442000000000000000e+03 1.875003814697265625e+00
7.443000000000000000e+03 1.842487454414367676e+00
7.444000000000000000e+03 1.901075720787048340e+00
7.445000000000000000e+03 1.886677861213684082e+00
7.446000000000000000e+03 1.882832288742065430e+00
7.447000000000000000e+03 1.899844646453857422e+00
7.448000000000000000e+03 1.915719032287597656e+00
7.449000000000000000e+03 1.883238554000854492e+00
7.450000000000000000e+03 1.883759737014770508e+00
7.451000000000000000e+03 1.881961345672607422e+00
7.452000000000000000e+03 1.850144386291503906e+00
7.453000000000000000e+03 1.901333332061767578e+00
7.454000000000000000e+03 1.892874121665954590e+00
7.455000000000000000e+03 1.869515180587768555e+00
7.456000000000000000e+03 1.842154145240783691e+00
7.457000000000000000e+03 1.870223045349121094e+00
7.458000000000000000e+03 1.895156621932983398e+00
7.459000000000000000e+03 1.870692729949951172e+00
7.460000000000000000e+03 1.839708328247070312e+00
7.461000000000000000e+03 1.824330568313598633e+00
7.462000000000000000e+03 1.846589684486389160e+00
7.463000000000000000e+03 1.874385714530944824e+00
7.464000000000000000e+03 1.898230671882629395e+00
7.465000000000000000e+03 1.877077102661132812e+00
7.466000000000000000e+03 1.830260515213012695e+00
7.467000000000000000e+03 1.856319904327392578e+00
7.468000000000000000e+03 1.828621387481689453e+00
7.469000000000000000e+03 1.826772689819335938e+00
7.470000000000000000e+03 1.807592153549194336e+00
7.471000000000000000e+03 1.844240188598632812e+00
7.472000000000000000e+03 1.845128297805786133e+00
7.473000000000000000e+03 1.824891924858093262e+00
7.474000000000000000e+03 1.763245820999145508e+00
7.475000000000000000e+03 1.783160209655761719e+00
7.476000000000000000e+03 1.831205964088439941e+00
7.477000000000000000e+03 1.807436227798461914e+00
7.478000000000000000e+03 1.814441561698913574e+00
7.479000000000000000e+03 1.725331544876098633e+00
7.480000000000000000e+03 1.818501114845275879e+00
7.481000000000000000e+03 1.813727736473083496e+00
7.482000000000000000e+03 1.806953430175781250e+00
7.483000000000000000e+03 1.766498684883117676e+00
7.484000000000000000e+03 1.739585518836975098e+00
7.485000000000000000e+03 1.781264424324035645e+00
7.486000000000000000e+03 1.774406552314758301e+00
7.487000000000000000e+03 1.787219405174255371e+00
7.488000000000000000e+03 1.813989996910095215e+00
7.489000000000000000e+03 1.828112125396728516e+00
7.490000000000000000e+03 1.805758833885192871e+00
7.491000000000000000e+03 1.831455349922180176e+00
7.492000000000000000e+03 1.858506798744201660e+00
7.493000000000000000e+03 1.822236895561218262e+00
7.494000000000000000e+03 1.886750340461730957e+00
7.495000000000000000e+03 1.880959987640380859e+00
7.496000000000000000e+03 1.854306936264038086e+00
7.497000000000000000e+03 1.819293022155761719e+00
7.498000000000000000e+03 1.833336591720581055e+00
7.499000000000000000e+03 1.879865169525146484e+00
7.500000000000000000e+03 1.828760743141174316e+00
7.501000000000000000e+03 1.856860518455505371e+00
7.502000000000000000e+03 1.853028059005737305e+00
7.503000000000000000e+03 1.845201969146728516e+00
7.504000000000000000e+03 1.824783682823181152e+00
7.505000000000000000e+03 1.845395088195800781e+00
7.506000000000000000e+03 1.813898682594299316e+00
7.507000000000000000e+03 1.768781185150146484e+00
7.508000000000000000e+03 1.832933902740478516e+00
7.509000000000000000e+03 1.781642675399780273e+00
7.510000000000000000e+03 1.869081258773803711e+00
7.511000000000000000e+03 1.878699183464050293e+00
7.512000000000000000e+03 1.806708812713623047e+00
7.513000000000000000e+03 1.798306226730346680e+00
7.514000000000000000e+03 1.851399421691894531e+00
7.515000000000000000e+03 1.843333005905151367e+00
7.516000000000000000e+03 1.800375342369079590e+00
7.517000000000000000e+03 1.806240200996398926e+00
7.518000000000000000e+03 1.849416732788085938e+00
7.519000000000000000e+03 1.839006066322326660e+00
7.520000000000000000e+03 1.860814094543457031e+00
7.521000000000000000e+03 1.864125847816467285e+00
7.522000000000000000e+03 1.832723736763000488e+00
7.523000000000000000e+03 1.880722641944885254e+00
7.524000000000000000e+03 1.845809340476989746e+00
7.525000000000000000e+03 1.865707635879516602e+00
7.526000000000000000e+03 1.849250793457031250e+00
7.527000000000000000e+03 1.864783883094787598e+00
7.528000000000000000e+03 1.875797867774963379e+00
7.529000000000000000e+03 1.854846239089965820e+00
7.530000000000000000e+03 1.846853971481323242e+00
7.531000000000000000e+03 1.901233673095703125e+00
7.532000000000000000e+03 1.859336376190185547e+00
7.533000000000000000e+03 1.803750038146972656e+00
7.534000000000000000e+03 1.817429304122924805e+00
7.535000000000000000e+03 1.888419389724731445e+00
7.536000000000000000e+03 1.856194853782653809e+00
7.537000000000000000e+03 1.823352456092834473e+00
7.538000000000000000e+03 1.830346107482910156e+00
7.539000000000000000e+03 1.855597257614135742e+00
7.540000000000000000e+03 1.872553110122680664e+00
7.541000000000000000e+03 1.884677052497863770e+00
7.542000000000000000e+03 1.816403627395629883e+00
7.543000000000000000e+03 1.833437085151672363e+00
7.544000000000000000e+03 1.805171489715576172e+00
7.545000000000000000e+03 1.812205791473388672e+00
7.546000000000000000e+03 1.798135280609130859e+00
7.547000000000000000e+03 1.801982045173645020e+00
7.548000000000000000e+03 1.752613067626953125e+00
7.549000000000000000e+03 1.737159132957458496e+00
7.550000000000000000e+03 1.756882548332214355e+00
7.551000000000000000e+03 1.822731018066406250e+00
7.552000000000000000e+03 1.795739412307739258e+00
7.553000000000000000e+03 1.811774253845214844e+00
7.554000000000000000e+03 1.819393754005432129e+00
7.555000000000000000e+03 1.849781870841979980e+00
7.556000000000000000e+03 1.859159708023071289e+00
7.557000000000000000e+03 1.837293148040771484e+00
7.558000000000000000e+03 1.867750763893127441e+00
7.559000000000000000e+03 1.884990572929382324e+00
7.560000000000000000e+03 1.841021537780761719e+00
7.561000000000000000e+03 1.867282986640930176e+00
7.562000000000000000e+03 1.813264608383178711e+00
7.563000000000000000e+03 1.809526801109313965e+00
7.564000000000000000e+03 1.801799297332763672e+00
7.565000000000000000e+03 1.823524355888366699e+00
7.566000000000000000e+03 1.817044973373413086e+00
7.567000000000000000e+03 1.817442536354064941e+00
7.568000000000000000e+03 1.875683546066284180e+00
7.569000000000000000e+03 1.854227185249328613e+00
7.570000000000000000e+03 1.848183870315551758e+00
7.571000000000000000e+03 1.865556001663208008e+00
7.572000000000000000e+03 1.846692800521850586e+00
7.573000000000000000e+03 1.813841700553894043e+00
7.574000000000000000e+03 1.784331202507019043e+00
7.575000000000000000e+03 1.802835702896118164e+00
7.576000000000000000e+03 1.817012190818786621e+00
7.577000000000000000e+03 1.823013782501220703e+00
7.578000000000000000e+03 1.816684007644653320e+00
7.579000000000000000e+03 1.852882623672485352e+00
7.580000000000000000e+03 1.800577282905578613e+00
7.581000000000000000e+03 1.816426992416381836e+00
7.582000000000000000e+03 1.794150590896606445e+00
7.583000000000000000e+03 1.810512185096740723e+00
7.584000000000000000e+03 1.827834844589233398e+00
7.585000000000000000e+03 1.798133611679077148e+00
7.586000000000000000e+03 1.813136577606201172e+00
7.587000000000000000e+03 1.809208631515502930e+00
7.588000000000000000e+03 1.801988840103149414e+00
7.589000000000000000e+03 1.793613553047180176e+00
7.590000000000000000e+03 1.764161705970764160e+00
7.591000000000000000e+03 1.743724584579467773e+00
7.592000000000000000e+03 1.770406007766723633e+00
7.593000000000000000e+03 1.809114575386047363e+00
7.594000000000000000e+03 1.815994620323181152e+00
7.595000000000000000e+03 1.851039409637451172e+00
7.596000000000000000e+03 1.803537011146545410e+00
7.597000000000000000e+03 1.786847233772277832e+00
7.598000000000000000e+03 1.804604291915893555e+00
7.599000000000000000e+03 1.761582136154174805e+00
7.600000000000000000e+03 1.806371927261352539e+00
7.601000000000000000e+03 1.822171926498413086e+00
7.602000000000000000e+03 1.762950897216796875e+00
7.603000000000000000e+03 1.805956721305847168e+00
7.604000000000000000e+03 1.807723522186279297e+00
7.605000000000000000e+03 1.758691072463989258e+00
7.606000000000000000e+03 1.750904083251953125e+00
7.607000000000000000e+03 1.771904230117797852e+00
7.608000000000000000e+03 1.781599640846252441e+00
7.609000000000000000e+03 1.711641788482666016e+00
7.610000000000000000e+03 1.805230021476745605e+00
7.611000000000000000e+03 1.820937633514404297e+00
7.612000000000000000e+03 1.816895842552185059e+00
7.613000000000000000e+03 1.799313426017761230e+00
7.614000000000000000e+03 1.833261013031005859e+00
7.615000000000000000e+03 1.832072257995605469e+00
7.616000000000000000e+03 1.788213610649108887e+00
7.617000000000000000e+03 1.738466978073120117e+00
7.618000000000000000e+03 1.784527659416198730e+00
7.619000000000000000e+03 1.790705561637878418e+00
7.620000000000000000e+03 1.831842660903930664e+00
7.621000000000000000e+03 1.797241806983947754e+00
7.622000000000000000e+03 1.777188539505004883e+00
7.623000000000000000e+03 1.787859201431274414e+00
7.624000000000000000e+03 1.803698062896728516e+00
7.625000000000000000e+03 1.782101392745971680e+00
7.626000000000000000e+03 1.749977707862854004e+00
7.627000000000000000e+03 1.752882957458496094e+00
7.628000000000000000e+03 1.748290300369262695e+00
7.629000000000000000e+03 1.763459444046020508e+00
7.630000000000000000e+03 1.787369728088378906e+00
7.631000000000000000e+03 1.807742476463317871e+00
7.632000000000000000e+03 1.771330833435058594e+00
7.633000000000000000e+03 1.810939550399780273e+00
7.634000000000000000e+03 1.770002603530883789e+00
7.635000000000000000e+03 1.716928720474243164e+00
7.636000000000000000e+03 1.748674750328063965e+00
7.637000000000000000e+03 1.772837042808532715e+00
7.638000000000000000e+03 1.814115762710571289e+00
7.639000000000000000e+03 1.791011095046997070e+00
7.640000000000000000e+03 1.800993204116821289e+00
7.641000000000000000e+03 1.783126354217529297e+00
7.642000000000000000e+03 1.782328009605407715e+00
7.643000000000000000e+03 1.804988145828247070e+00
7.644000000000000000e+03 1.853899598121643066e+00
7.645000000000000000e+03 1.818893432617187500e+00
7.646000000000000000e+03 1.810981035232543945e+00
7.647000000000000000e+03 1.805253148078918457e+00
7.648000000000000000e+03 1.818988919258117676e+00
7.649000000000000000e+03 1.793813228607177734e+00
7.650000000000000000e+03 1.829086303710937500e+00
7.651000000000000000e+03 1.770115852355957031e+00
7.652000000000000000e+03 1.826126098632812500e+00
7.653000000000000000e+03 1.849573016166687012e+00
7.654000000000000000e+03 1.813154339790344238e+00
7.655000000000000000e+03 1.851348042488098145e+00
7.656000000000000000e+03 1.791514992713928223e+00
7.657000000000000000e+03 1.773344039916992188e+00
7.658000000000000000e+03 1.780883431434631348e+00
7.659000000000000000e+03 1.710494279861450195e+00
7.660000000000000000e+03 1.804962158203125000e+00
7.661000000000000000e+03 1.831473588943481445e+00
7.662000000000000000e+03 1.776790618896484375e+00
7.663000000000000000e+03 1.783730745315551758e+00
7.664000000000000000e+03 1.800670027732849121e+00
7.665000000000000000e+03 1.832413673400878906e+00
7.666000000000000000e+03 1.826501131057739258e+00
7.667000000000000000e+03 1.809085130691528320e+00
7.668000000000000000e+03 1.822908520698547363e+00
7.669000000000000000e+03 1.809566378593444824e+00
7.670000000000000000e+03 1.895281314849853516e+00
7.671000000000000000e+03 1.794422149658203125e+00
7.672000000000000000e+03 1.820231556892395020e+00
7.673000000000000000e+03 1.790397763252258301e+00
7.674000000000000000e+03 1.817111492156982422e+00
7.675000000000000000e+03 1.797057390213012695e+00
7.676000000000000000e+03 1.796751737594604492e+00
7.677000000000000000e+03 1.807017803192138672e+00
7.678000000000000000e+03 1.766248345375061035e+00
7.679000000000000000e+03 1.805117845535278320e+00
7.680000000000000000e+03 1.786373496055603027e+00
7.681000000000000000e+03 1.806188225746154785e+00
7.682000000000000000e+03 1.788771867752075195e+00
7.683000000000000000e+03 1.805982828140258789e+00
7.684000000000000000e+03 1.754293918609619141e+00
7.685000000000000000e+03 1.766135573387145996e+00
7.686000000000000000e+03 1.753456592559814453e+00
7.687000000000000000e+03 1.832823276519775391e+00
7.688000000000000000e+03 1.765987396240234375e+00
7.689000000000000000e+03 1.776134014129638672e+00
7.690000000000000000e+03 1.784408450126647949e+00
7.691000000000000000e+03 1.798381567001342773e+00
7.692000000000000000e+03 1.776765584945678711e+00
7.693000000000000000e+03 1.802817344665527344e+00
7.694000000000000000e+03 1.873064756393432617e+00
7.695000000000000000e+03 1.767100095748901367e+00
7.696000000000000000e+03 1.785559892654418945e+00
7.697000000000000000e+03 1.765835523605346680e+00
7.698000000000000000e+03 1.757193326950073242e+00
7.699000000000000000e+03 1.764086723327636719e+00
7.700000000000000000e+03 1.768672585487365723e+00
7.701000000000000000e+03 1.739703059196472168e+00
7.702000000000000000e+03 1.716199874877929688e+00
7.703000000000000000e+03 1.826845526695251465e+00
7.704000000000000000e+03 1.826990842819213867e+00
7.705000000000000000e+03 1.850161790847778320e+00
7.706000000000000000e+03 1.785048127174377441e+00
7.707000000000000000e+03 1.865878582000732422e+00
7.708000000000000000e+03 1.841278672218322754e+00
7.709000000000000000e+03 1.808153033256530762e+00
7.710000000000000000e+03 1.826092958450317383e+00
7.711000000000000000e+03 1.899702548980712891e+00
7.712000000000000000e+03 1.879740476608276367e+00
7.713000000000000000e+03 1.834576487541198730e+00
7.714000000000000000e+03 1.890380024909973145e+00
7.715000000000000000e+03 1.894084572792053223e+00
7.716000000000000000e+03 1.865206122398376465e+00
7.717000000000000000e+03 1.878251314163208008e+00
7.718000000000000000e+03 1.847857832908630371e+00
7.719000000000000000e+03 1.852815747261047363e+00
7.720000000000000000e+03 1.845707654953002930e+00
7.721000000000000000e+03 1.802154302597045898e+00
7.722000000000000000e+03 1.778336286544799805e+00
7.723000000000000000e+03 1.764175772666931152e+00
7.724000000000000000e+03 1.826607704162597656e+00
7.725000000000000000e+03 1.820819139480590820e+00
7.726000000000000000e+03 1.835259437561035156e+00
7.727000000000000000e+03 1.834721803665161133e+00
7.728000000000000000e+03 1.822754263877868652e+00
7.729000000000000000e+03 1.806744098663330078e+00
7.730000000000000000e+03 1.805378198623657227e+00
7.731000000000000000e+03 1.799285888671875000e+00
7.732000000000000000e+03 1.856521606445312500e+00
7.733000000000000000e+03 1.770567178726196289e+00
7.734000000000000000e+03 1.800252676010131836e+00
7.735000000000000000e+03 1.749240875244140625e+00
7.736000000000000000e+03 1.803923010826110840e+00
7.737000000000000000e+03 1.743239164352416992e+00
7.738000000000000000e+03 1.714937925338745117e+00
7.739000000000000000e+03 1.769233465194702148e+00
7.740000000000000000e+03 1.762509107589721680e+00
7.741000000000000000e+03 1.805799841880798340e+00
7.742000000000000000e+03 1.706575632095336914e+00
7.743000000000000000e+03 1.721289634704589844e+00
7.744000000000000000e+03 1.802747845649719238e+00
7.745000000000000000e+03 1.702277660369873047e+00
7.746000000000000000e+03 1.697823166847229004e+00
7.747000000000000000e+03 1.723582386970520020e+00
7.748000000000000000e+03 1.750600218772888184e+00
7.749000000000000000e+03 1.746087789535522461e+00
7.750000000000000000e+03 1.803118944168090820e+00
7.751000000000000000e+03 1.804872274398803711e+00
7.752000000000000000e+03 1.832272887229919434e+00
7.753000000000000000e+03 1.778339147567749023e+00
7.754000000000000000e+03 1.829454183578491211e+00
7.755000000000000000e+03 1.830320358276367188e+00
7.756000000000000000e+03 1.835298418998718262e+00
7.757000000000000000e+03 1.834104895591735840e+00
7.758000000000000000e+03 1.801457762718200684e+00
7.759000000000000000e+03 1.751224756240844727e+00
7.760000000000000000e+03 1.799765348434448242e+00
7.761000000000000000e+03 1.824408411979675293e+00
7.762000000000000000e+03 1.759474515914916992e+00
7.763000000000000000e+03 1.761312246322631836e+00
7.764000000000000000e+03 1.799944400787353516e+00
7.765000000000000000e+03 1.825407862663269043e+00
7.766000000000000000e+03 1.836006283760070801e+00
7.767000000000000000e+03 1.753969192504882812e+00
7.768000000000000000e+03 1.751764416694641113e+00
7.769000000000000000e+03 1.790035247802734375e+00
7.770000000000000000e+03 1.778699636459350586e+00
7.771000000000000000e+03 1.794460654258728027e+00
7.772000000000000000e+03 1.747042298316955566e+00
7.773000000000000000e+03 1.802821874618530273e+00
7.774000000000000000e+03 1.762220978736877441e+00
7.775000000000000000e+03 1.771691918373107910e+00
7.776000000000000000e+03 1.748016715049743652e+00
7.777000000000000000e+03 1.774784684181213379e+00
7.778000000000000000e+03 1.752178311347961426e+00
7.779000000000000000e+03 1.778232336044311523e+00
7.780000000000000000e+03 1.818013191223144531e+00
7.781000000000000000e+03 1.822885274887084961e+00
7.782000000000000000e+03 1.802701473236083984e+00
7.783000000000000000e+03 1.752410531044006348e+00
7.784000000000000000e+03 1.828173279762268066e+00
7.785000000000000000e+03 1.801523089408874512e+00
7.786000000000000000e+03 1.817236185073852539e+00
7.787000000000000000e+03 1.790176153182983398e+00
7.788000000000000000e+03 1.742480278015136719e+00
7.789000000000000000e+03 1.731462001800537109e+00
7.790000000000000000e+03 1.757054448127746582e+00
7.791000000000000000e+03 1.808788895606994629e+00
7.792000000000000000e+03 1.753579378128051758e+00
7.793000000000000000e+03 1.744935154914855957e+00
7.794000000000000000e+03 1.786814093589782715e+00
7.795000000000000000e+03 1.807653903961181641e+00
7.796000000000000000e+03 1.809135556221008301e+00
7.797000000000000000e+03 1.781820893287658691e+00
7.798000000000000000e+03 1.769299030303955078e+00
7.799000000000000000e+03 1.810461759567260742e+00
7.800000000000000000e+03 1.796108841896057129e+00
7.801000000000000000e+03 1.836003899574279785e+00
7.802000000000000000e+03 1.803802728652954102e+00
7.803000000000000000e+03 1.828713178634643555e+00
7.804000000000000000e+03 1.767882943153381348e+00
7.805000000000000000e+03 1.736748218536376953e+00
7.806000000000000000e+03 1.796812176704406738e+00
7.807000000000000000e+03 1.745185613632202148e+00
7.808000000000000000e+03 1.703827023506164551e+00
7.809000000000000000e+03 1.788056254386901855e+00
7.810000000000000000e+03 1.782621145248413086e+00
7.811000000000000000e+03 1.781285405158996582e+00
7.812000000000000000e+03 1.780315995216369629e+00
7.813000000000000000e+03 1.753533720970153809e+00
7.814000000000000000e+03 1.745445489883422852e+00
7.815000000000000000e+03 1.767901659011840820e+00
7.816000000000000000e+03 1.804219484329223633e+00
7.817000000000000000e+03 1.741219520568847656e+00
7.818000000000000000e+03 1.761966466903686523e+00
7.819000000000000000e+03 1.743987441062927246e+00
7.820000000000000000e+03 1.841337561607360840e+00
7.821000000000000000e+03 1.785367488861083984e+00
7.822000000000000000e+03 1.789445877075195312e+00
7.823000000000000000e+03 1.789919018745422363e+00
7.824000000000000000e+03 1.740427136421203613e+00
7.825000000000000000e+03 1.860486507415771484e+00
7.826000000000000000e+03 1.793747305870056152e+00
7.827000000000000000e+03 1.787101745605468750e+00
7.828000000000000000e+03 1.794969677925109863e+00
7.829000000000000000e+03 1.753325581550598145e+00
7.830000000000000000e+03 1.799222350120544434e+00
7.831000000000000000e+03 1.744721770286560059e+00
7.832000000000000000e+03 1.792709827423095703e+00
7.833000000000000000e+03 1.782524347305297852e+00
7.834000000000000000e+03 1.785227417945861816e+00
7.835000000000000000e+03 1.840569972991943359e+00
7.836000000000000000e+03 1.809261798858642578e+00
7.837000000000000000e+03 1.795047283172607422e+00
7.838000000000000000e+03 1.805672287940979004e+00
7.839000000000000000e+03 1.762551188468933105e+00
7.840000000000000000e+03 1.784470796585083008e+00
7.841000000000000000e+03 1.840032577514648438e+00
7.842000000000000000e+03 1.847687721252441406e+00
7.843000000000000000e+03 1.790807127952575684e+00
7.844000000000000000e+03 1.794431209564208984e+00
7.845000000000000000e+03 1.783876657485961914e+00
7.846000000000000000e+03 1.772861003875732422e+00
7.847000000000000000e+03 1.733287334442138672e+00
7.848000000000000000e+03 1.789914011955261230e+00
7.849000000000000000e+03 1.768786668777465820e+00
7.850000000000000000e+03 1.747678041458129883e+00
7.851000000000000000e+03 1.766998291015625000e+00
7.852000000000000000e+03 1.768768906593322754e+00
7.853000000000000000e+03 1.777773737907409668e+00
7.854000000000000000e+03 1.763329267501831055e+00
7.855000000000000000e+03 1.741187930107116699e+00
7.856000000000000000e+03 1.748692512512207031e+00
7.857000000000000000e+03 1.765185952186584473e+00
7.858000000000000000e+03 1.759602069854736328e+00
7.859000000000000000e+03 1.742636799812316895e+00
7.860000000000000000e+03 1.757098913192749023e+00
7.861000000000000000e+03 1.751965880393981934e+00
7.862000000000000000e+03 1.782240629196166992e+00
7.863000000000000000e+03 1.748282194137573242e+00
7.864000000000000000e+03 1.756490826606750488e+00
7.865000000000000000e+03 1.756566524505615234e+00
7.866000000000000000e+03 1.752298235893249512e+00
7.867000000000000000e+03 1.791190862655639648e+00
7.868000000000000000e+03 1.760369896888732910e+00
7.869000000000000000e+03 1.722824931144714355e+00
7.870000000000000000e+03 1.750117778778076172e+00
7.871000000000000000e+03 1.736186981201171875e+00
7.872000000000000000e+03 1.783440947532653809e+00
7.873000000000000000e+03 1.786752462387084961e+00
7.874000000000000000e+03 1.746971964836120605e+00
7.875000000000000000e+03 1.737331748008728027e+00
7.876000000000000000e+03 1.726446390151977539e+00
7.877000000000000000e+03 1.689460754394531250e+00
7.878000000000000000e+03 1.739618062973022461e+00
7.879000000000000000e+03 1.770616531372070312e+00
7.880000000000000000e+03 1.690249323844909668e+00
7.881000000000000000e+03 1.758117914199829102e+00
7.882000000000000000e+03 1.731354475021362305e+00
7.883000000000000000e+03 1.683158636093139648e+00
7.884000000000000000e+03 1.721034526824951172e+00
7.885000000000000000e+03 1.661790966987609863e+00
7.886000000000000000e+03 1.719458580017089844e+00
7.887000000000000000e+03 1.722302675247192383e+00
7.888000000000000000e+03 1.737647175788879395e+00
7.889000000000000000e+03 1.722427368164062500e+00
7.890000000000000000e+03 1.734810233116149902e+00
7.891000000000000000e+03 1.691107511520385742e+00
7.892000000000000000e+03 1.761095762252807617e+00
7.893000000000000000e+03 1.673757672309875488e+00
7.894000000000000000e+03 1.737365007400512695e+00
7.895000000000000000e+03 1.735418796539306641e+00
7.896000000000000000e+03 1.751959681510925293e+00
7.897000000000000000e+03 1.714560747146606445e+00
7.898000000000000000e+03 1.760397553443908691e+00
7.899000000000000000e+03 1.769146323204040527e+00
7.900000000000000000e+03 1.727918624877929688e+00
7.901000000000000000e+03 1.782757401466369629e+00
7.902000000000000000e+03 1.749843239784240723e+00
7.903000000000000000e+03 1.747280836105346680e+00
7.904000000000000000e+03 1.727866649627685547e+00
7.905000000000000000e+03 1.759818315505981445e+00
7.906000000000000000e+03 1.748429894447326660e+00
7.907000000000000000e+03 1.759879112243652344e+00
7.908000000000000000e+03 1.770611166954040527e+00
7.909000000000000000e+03 1.821116209030151367e+00
7.910000000000000000e+03 1.802407264709472656e+00
7.911000000000000000e+03 1.774905323982238770e+00
7.912000000000000000e+03 1.776088237762451172e+00
7.913000000000000000e+03 1.734520673751831055e+00
7.914000000000000000e+03 1.731095433235168457e+00
7.915000000000000000e+03 1.721539378166198730e+00
7.916000000000000000e+03 1.747641324996948242e+00
7.917000000000000000e+03 1.789335489273071289e+00
7.918000000000000000e+03 1.778295040130615234e+00
7.919000000000000000e+03 1.766724705696105957e+00
7.920000000000000000e+03 1.733664631843566895e+00
7.921000000000000000e+03 1.707336068153381348e+00
7.922000000000000000e+03 1.754515290260314941e+00
7.923000000000000000e+03 1.803407549858093262e+00
7.924000000000000000e+03 1.779429197311401367e+00
7.925000000000000000e+03 1.714744091033935547e+00
7.926000000000000000e+03 1.764559984207153320e+00
7.927000000000000000e+03 1.819425940513610840e+00
7.928000000000000000e+03 1.788869619369506836e+00
7.929000000000000000e+03 1.772310972213745117e+00
7.930000000000000000e+03 1.756659150123596191e+00
7.931000000000000000e+03 1.762336254119873047e+00
7.932000000000000000e+03 1.716461300849914551e+00
7.933000000000000000e+03 1.709900617599487305e+00
7.934000000000000000e+03 1.754440426826477051e+00
7.935000000000000000e+03 1.758657574653625488e+00
7.936000000000000000e+03 1.767076134681701660e+00
7.937000000000000000e+03 1.775709867477416992e+00
7.938000000000000000e+03 1.825500011444091797e+00
7.939000000000000000e+03 1.815368294715881348e+00
7.940000000000000000e+03 1.819755434989929199e+00
7.941000000000000000e+03 1.795404791831970215e+00
7.942000000000000000e+03 1.763001203536987305e+00
7.943000000000000000e+03 1.800195097923278809e+00
7.944000000000000000e+03 1.768107533454895020e+00
7.945000000000000000e+03 1.797170281410217285e+00
7.946000000000000000e+03 1.766702055931091309e+00
7.947000000000000000e+03 1.816746473312377930e+00
7.948000000000000000e+03 1.794261693954467773e+00
7.949000000000000000e+03 1.776447534561157227e+00
7.950000000000000000e+03 1.823418855667114258e+00
7.951000000000000000e+03 1.760835766792297363e+00
7.952000000000000000e+03 1.774412274360656738e+00
7.953000000000000000e+03 1.812145948410034180e+00
7.954000000000000000e+03 1.777333021163940430e+00
7.955000000000000000e+03 1.772877216339111328e+00
7.956000000000000000e+03 1.837001562118530273e+00
7.957000000000000000e+03 1.830278158187866211e+00
7.958000000000000000e+03 1.765600562095642090e+00
7.959000000000000000e+03 1.840582847595214844e+00
7.960000000000000000e+03 1.841254830360412598e+00
7.961000000000000000e+03 1.856831192970275879e+00
7.962000000000000000e+03 1.849324107170104980e+00
7.963000000000000000e+03 1.879055619239807129e+00
7.964000000000000000e+03 1.843714118003845215e+00
7.965000000000000000e+03 1.831032514572143555e+00
7.966000000000000000e+03 1.853897094726562500e+00
7.967000000000000000e+03 1.844865679740905762e+00
7.968000000000000000e+03 1.806993246078491211e+00
7.969000000000000000e+03 1.785861015319824219e+00
7.970000000000000000e+03 1.854522943496704102e+00
7.971000000000000000e+03 1.853623390197753906e+00
7.972000000000000000e+03 1.826275587081909180e+00
7.973000000000000000e+03 1.855478763580322266e+00
7.974000000000000000e+03 1.848501682281494141e+00
7.975000000000000000e+03 1.850592970848083496e+00
7.976000000000000000e+03 1.865498065948486328e+00
7.977000000000000000e+03 1.832706570625305176e+00
7.978000000000000000e+03 1.816248536109924316e+00
7.979000000000000000e+03 1.831153512001037598e+00
7.980000000000000000e+03 1.787471771240234375e+00
7.981000000000000000e+03 1.798092484474182129e+00
7.982000000000000000e+03 1.745454788208007812e+00
7.983000000000000000e+03 1.816955924034118652e+00
7.984000000000000000e+03 1.778424024581909180e+00
7.985000000000000000e+03 1.800681114196777344e+00
7.986000000000000000e+03 1.789223432540893555e+00
7.987000000000000000e+03 1.791355609893798828e+00
7.988000000000000000e+03 1.748053789138793945e+00
7.989000000000000000e+03 1.792082548141479492e+00
7.990000000000000000e+03 1.835743665695190430e+00
7.991000000000000000e+03 1.829294204711914062e+00
7.992000000000000000e+03 1.792932391166687012e+00
7.993000000000000000e+03 1.749576210975646973e+00
7.994000000000000000e+03 1.768465280532836914e+00
7.995000000000000000e+03 1.771511077880859375e+00
7.996000000000000000e+03 1.757200956344604492e+00
7.997000000000000000e+03 1.764055490493774414e+00
7.998000000000000000e+03 1.729028701782226562e+00
7.999000000000000000e+03 1.820428013801574707e+00
8.000000000000000000e+03 1.861000299453735352e+00
8.001000000000000000e+03 1.822287440299987793e+00
8.002000000000000000e+03 1.852302312850952148e+00
8.003000000000000000e+03 1.820433735847473145e+00
8.004000000000000000e+03 1.827273607254028320e+00
8.005000000000000000e+03 1.876325130462646484e+00
8.006000000000000000e+03 1.830663681030273438e+00
8.007000000000000000e+03 1.769354462623596191e+00
8.008000000000000000e+03 1.857874393463134766e+00
8.009000000000000000e+03 1.847438693046569824e+00
8.010000000000000000e+03 1.837229490280151367e+00
8.011000000000000000e+03 1.822305679321289062e+00
8.012000000000000000e+03 1.783615708351135254e+00
8.013000000000000000e+03 1.719539284706115723e+00
8.014000000000000000e+03 1.706068992614746094e+00
8.015000000000000000e+03 1.750955581665039062e+00
8.016000000000000000e+03 1.809578299522399902e+00
8.017000000000000000e+03 1.792482972145080566e+00
8.018000000000000000e+03 1.752550363540649414e+00
8.019000000000000000e+03 1.785555481910705566e+00
8.020000000000000000e+03 1.717789411544799805e+00
8.021000000000000000e+03 1.755605936050415039e+00
8.022000000000000000e+03 1.795660376548767090e+00
8.023000000000000000e+03 1.808383584022521973e+00
8.024000000000000000e+03 1.784279704093933105e+00
8.025000000000000000e+03 1.719500541687011719e+00
8.026000000000000000e+03 1.768639445304870605e+00
8.027000000000000000e+03 1.778423070907592773e+00
8.028000000000000000e+03 1.766620159149169922e+00
8.029000000000000000e+03 1.737000107765197754e+00
8.030000000000000000e+03 1.772056341171264648e+00
8.031000000000000000e+03 1.785773277282714844e+00
8.032000000000000000e+03 1.804867625236511230e+00
8.033000000000000000e+03 1.730692744255065918e+00
8.034000000000000000e+03 1.780179381370544434e+00
8.035000000000000000e+03 1.759150385856628418e+00
8.036000000000000000e+03 1.811609506607055664e+00
8.037000000000000000e+03 1.783570289611816406e+00
8.038000000000000000e+03 1.783873200416564941e+00
8.039000000000000000e+03 1.805521488189697266e+00
8.040000000000000000e+03 1.833365201950073242e+00
8.041000000000000000e+03 1.780263543128967285e+00
8.042000000000000000e+03 1.784918308258056641e+00
8.043000000000000000e+03 1.823628425598144531e+00
8.044000000000000000e+03 1.865304827690124512e+00
8.045000000000000000e+03 1.773714065551757812e+00
8.046000000000000000e+03 1.743100881576538086e+00
8.047000000000000000e+03 1.747175693511962891e+00
8.048000000000000000e+03 1.762137293815612793e+00
8.049000000000000000e+03 1.747227907180786133e+00
8.050000000000000000e+03 1.781211018562316895e+00
8.051000000000000000e+03 1.781218528747558594e+00
8.052000000000000000e+03 1.815572381019592285e+00
8.053000000000000000e+03 1.775305747985839844e+00
8.054000000000000000e+03 1.791880130767822266e+00
8.055000000000000000e+03 1.764198422431945801e+00
8.056000000000000000e+03 1.755680441856384277e+00
8.057000000000000000e+03 1.806961536407470703e+00
8.058000000000000000e+03 1.795578837394714355e+00
8.059000000000000000e+03 1.765643477439880371e+00
8.060000000000000000e+03 1.833499312400817871e+00
8.061000000000000000e+03 1.766297578811645508e+00
8.062000000000000000e+03 1.822719335556030273e+00
8.063000000000000000e+03 1.767967939376831055e+00
8.064000000000000000e+03 1.811526298522949219e+00
8.065000000000000000e+03 1.828275442123413086e+00
8.066000000000000000e+03 1.817160964012145996e+00
8.067000000000000000e+03 1.774217367172241211e+00
8.068000000000000000e+03 1.768965840339660645e+00
8.069000000000000000e+03 1.745793104171752930e+00
8.070000000000000000e+03 1.762718319892883301e+00
8.071000000000000000e+03 1.805053472518920898e+00
8.072000000000000000e+03 1.770159244537353516e+00
8.073000000000000000e+03 1.761339426040649414e+00
8.074000000000000000e+03 1.768822669982910156e+00
8.075000000000000000e+03 1.801493048667907715e+00
8.076000000000000000e+03 1.767584204673767090e+00
8.077000000000000000e+03 1.770560979843139648e+00
8.078000000000000000e+03 1.792589902877807617e+00
8.079000000000000000e+03 1.761256337165832520e+00
8.080000000000000000e+03 1.789414525032043457e+00
8.081000000000000000e+03 1.823437929153442383e+00
8.082000000000000000e+03 1.819514155387878418e+00
8.083000000000000000e+03 1.774730086326599121e+00
8.084000000000000000e+03 1.750977873802185059e+00
8.085000000000000000e+03 1.778602004051208496e+00
8.086000000000000000e+03 1.777961850166320801e+00
8.087000000000000000e+03 1.846771955490112305e+00
8.088000000000000000e+03 1.774559259414672852e+00
8.089000000000000000e+03 1.807916283607482910e+00
8.090000000000000000e+03 1.758209705352783203e+00
8.091000000000000000e+03 1.825553894042968750e+00
8.092000000000000000e+03 1.835580587387084961e+00
8.093000000000000000e+03 1.762708067893981934e+00
8.094000000000000000e+03 1.792844891548156738e+00
8.095000000000000000e+03 1.793918848037719727e+00
8.096000000000000000e+03 1.818180799484252930e+00
8.097000000000000000e+03 1.757764816284179688e+00
8.098000000000000000e+03 1.782461285591125488e+00
8.099000000000000000e+03 1.758795738220214844e+00
8.100000000000000000e+03 1.776201844215393066e+00
8.101000000000000000e+03 1.807640194892883301e+00
8.102000000000000000e+03 1.782236218452453613e+00
8.103000000000000000e+03 1.788097620010375977e+00
8.104000000000000000e+03 1.786689519882202148e+00
8.105000000000000000e+03 1.743491530418395996e+00
8.106000000000000000e+03 1.802163600921630859e+00
8.107000000000000000e+03 1.826525807380676270e+00
8.108000000000000000e+03 1.806233286857604980e+00
8.109000000000000000e+03 1.850432872772216797e+00
8.110000000000000000e+03 1.827765226364135742e+00
8.111000000000000000e+03 1.830941200256347656e+00
8.112000000000000000e+03 1.811554193496704102e+00
8.113000000000000000e+03 1.788078904151916504e+00
8.114000000000000000e+03 1.845626831054687500e+00
8.115000000000000000e+03 1.796970844268798828e+00
8.116000000000000000e+03 1.848566412925720215e+00
8.117000000000000000e+03 1.759809970855712891e+00
8.118000000000000000e+03 1.822112798690795898e+00
8.119000000000000000e+03 1.766484975814819336e+00
8.120000000000000000e+03 1.817982435226440430e+00
8.121000000000000000e+03 1.866025924682617188e+00
8.122000000000000000e+03 1.844552516937255859e+00
8.123000000000000000e+03 1.793722987174987793e+00
8.124000000000000000e+03 1.842101097106933594e+00
8.125000000000000000e+03 1.858711957931518555e+00
8.126000000000000000e+03 1.844751238822937012e+00
8.127000000000000000e+03 1.825571894645690918e+00
8.128000000000000000e+03 1.820138216018676758e+00
8.129000000000000000e+03 1.850273728370666504e+00
8.130000000000000000e+03 1.836001396179199219e+00
8.131000000000000000e+03 1.844490289688110352e+00
8.132000000000000000e+03 1.823586940765380859e+00
8.133000000000000000e+03 1.826432466506958008e+00
8.134000000000000000e+03 1.905196547508239746e+00
8.135000000000000000e+03 1.842511057853698730e+00
8.136000000000000000e+03 1.850201129913330078e+00
8.137000000000000000e+03 1.835068821907043457e+00
8.138000000000000000e+03 1.796333074569702148e+00
8.139000000000000000e+03 1.812110424041748047e+00
8.140000000000000000e+03 1.780496001243591309e+00
8.141000000000000000e+03 1.843465566635131836e+00
8.142000000000000000e+03 1.784330129623413086e+00
8.143000000000000000e+03 1.837466478347778320e+00
8.144000000000000000e+03 1.865177631378173828e+00
8.145000000000000000e+03 1.817866802215576172e+00
8.146000000000000000e+03 1.848817348480224609e+00
8.147000000000000000e+03 1.851579904556274414e+00
8.148000000000000000e+03 1.835760354995727539e+00
8.149000000000000000e+03 1.872495889663696289e+00
8.150000000000000000e+03 1.820798397064208984e+00
8.151000000000000000e+03 1.868260860443115234e+00
8.152000000000000000e+03 1.808930158615112305e+00
8.153000000000000000e+03 1.822553396224975586e+00
8.154000000000000000e+03 1.867627382278442383e+00
8.155000000000000000e+03 1.827153325080871582e+00
8.156000000000000000e+03 1.842988491058349609e+00
8.157000000000000000e+03 1.881705999374389648e+00
8.158000000000000000e+03 1.876191139221191406e+00
8.159000000000000000e+03 1.810406208038330078e+00
8.160000000000000000e+03 1.848069071769714355e+00
8.161000000000000000e+03 1.862768650054931641e+00
8.162000000000000000e+03 1.900821685791015625e+00
8.163000000000000000e+03 1.826031327247619629e+00
8.164000000000000000e+03 1.876187443733215332e+00
8.165000000000000000e+03 1.854262590408325195e+00
8.166000000000000000e+03 1.903065681457519531e+00
8.167000000000000000e+03 1.845009565353393555e+00
8.168000000000000000e+03 1.872825503349304199e+00
8.169000000000000000e+03 1.859028100967407227e+00
8.170000000000000000e+03 1.862637996673583984e+00
8.171000000000000000e+03 1.898841261863708496e+00
8.172000000000000000e+03 1.884160041809082031e+00
8.173000000000000000e+03 1.897632002830505371e+00
8.174000000000000000e+03 1.879614830017089844e+00
8.175000000000000000e+03 1.813921451568603516e+00
8.176000000000000000e+03 1.798882842063903809e+00
8.177000000000000000e+03 1.829725861549377441e+00
8.178000000000000000e+03 1.819178700447082520e+00
8.179000000000000000e+03 1.816371083259582520e+00
8.180000000000000000e+03 1.826955199241638184e+00
8.181000000000000000e+03 1.852544069290161133e+00
8.182000000000000000e+03 1.852807521820068359e+00
8.183000000000000000e+03 1.804237246513366699e+00
8.184000000000000000e+03 1.784439325332641602e+00
8.185000000000000000e+03 1.784074306488037109e+00
8.186000000000000000e+03 1.807006120681762695e+00
8.187000000000000000e+03 1.856611251831054688e+00
8.188000000000000000e+03 1.843906402587890625e+00
8.189000000000000000e+03 1.860759019851684570e+00
8.190000000000000000e+03 1.814333200454711914e+00
8.191000000000000000e+03 1.806151390075683594e+00
8.192000000000000000e+03 1.852390646934509277e+00
8.193000000000000000e+03 1.887748718261718750e+00
8.194000000000000000e+03 1.866007208824157715e+00
8.195000000000000000e+03 1.871246337890625000e+00
8.196000000000000000e+03 1.873619794845581055e+00
8.197000000000000000e+03 1.832707881927490234e+00
8.198000000000000000e+03 1.825251817703247070e+00
8.199000000000000000e+03 1.782753109931945801e+00
8.200000000000000000e+03 1.801984190940856934e+00
8.201000000000000000e+03 1.821510791778564453e+00
8.202000000000000000e+03 1.811879634857177734e+00
8.203000000000000000e+03 1.837049007415771484e+00
8.204000000000000000e+03 1.848386764526367188e+00
8.205000000000000000e+03 1.842787027359008789e+00
8.206000000000000000e+03 1.845924735069274902e+00
8.207000000000000000e+03 1.837730884552001953e+00
8.208000000000000000e+03 1.839038133621215820e+00
8.209000000000000000e+03 1.834957838058471680e+00
8.210000000000000000e+03 1.835625171661376953e+00
8.211000000000000000e+03 1.876048326492309570e+00
8.212000000000000000e+03 1.863505482673645020e+00
8.213000000000000000e+03 1.831748008728027344e+00
8.214000000000000000e+03 1.847548246383666992e+00
8.215000000000000000e+03 1.826468348503112793e+00
8.216000000000000000e+03 1.858410120010375977e+00
8.217000000000000000e+03 1.834701538085937500e+00
8.218000000000000000e+03 1.792220711708068848e+00
8.219000000000000000e+03 1.812257885932922363e+00
8.220000000000000000e+03 1.879369020462036133e+00
8.221000000000000000e+03 1.882977008819580078e+00
8.222000000000000000e+03 1.844680309295654297e+00
8.223000000000000000e+03 1.847895622253417969e+00
8.224000000000000000e+03 1.852744817733764648e+00
8.225000000000000000e+03 1.796439647674560547e+00
8.226000000000000000e+03 1.857563972473144531e+00
8.227000000000000000e+03 1.874735116958618164e+00
8.228000000000000000e+03 1.812659502029418945e+00
8.229000000000000000e+03 1.853740215301513672e+00
8.230000000000000000e+03 1.880677342414855957e+00
8.231000000000000000e+03 1.896886348724365234e+00
8.232000000000000000e+03 1.863794803619384766e+00
8.233000000000000000e+03 1.887248158454895020e+00
8.234000000000000000e+03 1.839582204818725586e+00
8.235000000000000000e+03 1.861854553222656250e+00
8.236000000000000000e+03 1.827693581581115723e+00
8.237000000000000000e+03 1.859394550323486328e+00
8.238000000000000000e+03 1.859655380249023438e+00
8.239000000000000000e+03 1.878167867660522461e+00
8.240000000000000000e+03 1.826756954193115234e+00
8.241000000000000000e+03 1.857671260833740234e+00
8.242000000000000000e+03 1.857964873313903809e+00
8.243000000000000000e+03 1.861065149307250977e+00
8.244000000000000000e+03 1.886534571647644043e+00
8.245000000000000000e+03 1.842969655990600586e+00
8.246000000000000000e+03 1.823786973953247070e+00
8.247000000000000000e+03 1.857522845268249512e+00
8.248000000000000000e+03 1.799730777740478516e+00
8.249000000000000000e+03 1.782452821731567383e+00
8.250000000000000000e+03 1.863535165786743164e+00
8.251000000000000000e+03 1.883136034011840820e+00
8.252000000000000000e+03 1.867812633514404297e+00
8.253000000000000000e+03 1.817698597908020020e+00
8.254000000000000000e+03 1.828677654266357422e+00
8.255000000000000000e+03 1.856825113296508789e+00
8.256000000000000000e+03 1.916847467422485352e+00
8.257000000000000000e+03 1.893886089324951172e+00
8.258000000000000000e+03 1.910410642623901367e+00
8.259000000000000000e+03 1.853996038436889648e+00
8.260000000000000000e+03 1.884376287460327148e+00
8.261000000000000000e+03 1.873230695724487305e+00
8.262000000000000000e+03 1.856655478477478027e+00
8.263000000000000000e+03 1.835986852645874023e+00
8.264000000000000000e+03 1.823627352714538574e+00
8.265000000000000000e+03 1.847579240798950195e+00
8.266000000000000000e+03 1.933908343315124512e+00
8.267000000000000000e+03 1.849999189376831055e+00
8.268000000000000000e+03 1.880627870559692383e+00
8.269000000000000000e+03 1.882375955581665039e+00
8.270000000000000000e+03 1.806346535682678223e+00
8.271000000000000000e+03 1.831711769104003906e+00
8.272000000000000000e+03 1.873831272125244141e+00
8.273000000000000000e+03 1.870626926422119141e+00
8.274000000000000000e+03 1.843121051788330078e+00
8.275000000000000000e+03 1.862222671508789062e+00
8.276000000000000000e+03 1.801938295364379883e+00
8.277000000000000000e+03 1.856055259704589844e+00
8.278000000000000000e+03 1.830749034881591797e+00
8.279000000000000000e+03 1.878433942794799805e+00
8.280000000000000000e+03 1.845039844512939453e+00
8.281000000000000000e+03 1.899961352348327637e+00
8.282000000000000000e+03 1.897655010223388672e+00
8.283000000000000000e+03 1.886877536773681641e+00
8.284000000000000000e+03 1.871704101562500000e+00
8.285000000000000000e+03 1.894681572914123535e+00
8.286000000000000000e+03 1.859833478927612305e+00
8.287000000000000000e+03 1.843122839927673340e+00
8.288000000000000000e+03 1.879542469978332520e+00
8.289000000000000000e+03 1.875637769699096680e+00
8.290000000000000000e+03 1.867557644844055176e+00
8.291000000000000000e+03 1.899556398391723633e+00
8.292000000000000000e+03 1.856025815010070801e+00
8.293000000000000000e+03 1.858020782470703125e+00
8.294000000000000000e+03 1.842445850372314453e+00
8.295000000000000000e+03 1.881362795829772949e+00
8.296000000000000000e+03 1.911701440811157227e+00
8.297000000000000000e+03 1.887582421302795410e+00
8.298000000000000000e+03 1.887594223022460938e+00
8.299000000000000000e+03 1.907030105590820312e+00
8.300000000000000000e+03 1.841896772384643555e+00
8.301000000000000000e+03 1.881778240203857422e+00
8.302000000000000000e+03 1.855086684226989746e+00
8.303000000000000000e+03 1.839825868606567383e+00
8.304000000000000000e+03 1.841556072235107422e+00
8.305000000000000000e+03 1.796920657157897949e+00
8.306000000000000000e+03 1.793581128120422363e+00
8.307000000000000000e+03 1.812714576721191406e+00
8.308000000000000000e+03 1.818619489669799805e+00
8.309000000000000000e+03 1.804840564727783203e+00
8.310000000000000000e+03 1.820602297782897949e+00
8.311000000000000000e+03 1.774848937988281250e+00
8.312000000000000000e+03 1.838981986045837402e+00
8.313000000000000000e+03 1.853743076324462891e+00
8.314000000000000000e+03 1.852364063262939453e+00
8.315000000000000000e+03 1.847096085548400879e+00
8.316000000000000000e+03 1.804608464241027832e+00
8.317000000000000000e+03 1.871394157409667969e+00
8.318000000000000000e+03 1.910468697547912598e+00
8.319000000000000000e+03 1.868688583374023438e+00
8.320000000000000000e+03 1.835225939750671387e+00
8.321000000000000000e+03 1.859873652458190918e+00
8.322000000000000000e+03 1.809814214706420898e+00
8.323000000000000000e+03 1.821034312248229980e+00
8.324000000000000000e+03 1.850263833999633789e+00
8.325000000000000000e+03 1.863041400909423828e+00
8.326000000000000000e+03 1.883598089218139648e+00
8.327000000000000000e+03 1.862165212631225586e+00
8.328000000000000000e+03 1.880380630493164062e+00
8.329000000000000000e+03 1.913261413574218750e+00
8.330000000000000000e+03 1.920515060424804688e+00
8.331000000000000000e+03 1.866955518722534180e+00
8.332000000000000000e+03 1.890144824981689453e+00
8.333000000000000000e+03 1.884139895439147949e+00
8.334000000000000000e+03 1.879552245140075684e+00
8.335000000000000000e+03 1.935028910636901855e+00
8.336000000000000000e+03 1.912687182426452637e+00
8.337000000000000000e+03 1.932504773139953613e+00
8.338000000000000000e+03 1.889671802520751953e+00
8.339000000000000000e+03 1.904286146163940430e+00
8.340000000000000000e+03 1.916637539863586426e+00
8.341000000000000000e+03 1.922005414962768555e+00
8.342000000000000000e+03 1.910871982574462891e+00
8.343000000000000000e+03 1.926874041557312012e+00
8.344000000000000000e+03 1.905178427696228027e+00
8.345000000000000000e+03 1.974256038665771484e+00
8.346000000000000000e+03 1.959121108055114746e+00
8.347000000000000000e+03 1.952527165412902832e+00
8.348000000000000000e+03 1.964231729507446289e+00
8.349000000000000000e+03 1.924906015396118164e+00
8.350000000000000000e+03 1.914452791213989258e+00
8.351000000000000000e+03 1.935824155807495117e+00
8.352000000000000000e+03 1.960109710693359375e+00
8.353000000000000000e+03 1.924996972084045410e+00
8.354000000000000000e+03 1.916124582290649414e+00
8.355000000000000000e+03 1.943831920623779297e+00
8.356000000000000000e+03 1.962538003921508789e+00
8.357000000000000000e+03 1.917510867118835449e+00
8.358000000000000000e+03 1.890004396438598633e+00
8.359000000000000000e+03 1.901561856269836426e+00
8.360000000000000000e+03 1.911748051643371582e+00
8.361000000000000000e+03 1.865526080131530762e+00
8.362000000000000000e+03 1.955819725990295410e+00
8.363000000000000000e+03 1.930510640144348145e+00
8.364000000000000000e+03 1.902212262153625488e+00
8.365000000000000000e+03 1.864942073822021484e+00
8.366000000000000000e+03 1.864746332168579102e+00
8.367000000000000000e+03 1.893166661262512207e+00
8.368000000000000000e+03 1.891587018966674805e+00
8.369000000000000000e+03 1.923828363418579102e+00
8.370000000000000000e+03 1.944141387939453125e+00
8.371000000000000000e+03 1.916766285896301270e+00
8.372000000000000000e+03 1.859063625335693359e+00
8.373000000000000000e+03 1.886721014976501465e+00
8.374000000000000000e+03 1.928026199340820312e+00
8.375000000000000000e+03 1.917020678520202637e+00
8.376000000000000000e+03 1.898388624191284180e+00
8.377000000000000000e+03 1.940146327018737793e+00
8.378000000000000000e+03 1.897549986839294434e+00
8.379000000000000000e+03 1.925695419311523438e+00
8.380000000000000000e+03 1.911222696304321289e+00
8.381000000000000000e+03 1.883922338485717773e+00
8.382000000000000000e+03 1.873186945915222168e+00
8.383000000000000000e+03 1.902733683586120605e+00
8.384000000000000000e+03 1.904124140739440918e+00
8.385000000000000000e+03 1.950918912887573242e+00
8.386000000000000000e+03 1.900124311447143555e+00
8.387000000000000000e+03 1.883124589920043945e+00
8.388000000000000000e+03 1.892562747001647949e+00
8.389000000000000000e+03 1.926211833953857422e+00
8.390000000000000000e+03 1.922940492630004883e+00
8.391000000000000000e+03 1.941703677177429199e+00
8.392000000000000000e+03 1.918888092041015625e+00
8.393000000000000000e+03 1.905583620071411133e+00
8.394000000000000000e+03 1.924347519874572754e+00
8.395000000000000000e+03 1.891392946243286133e+00
8.396000000000000000e+03 1.954124927520751953e+00
8.397000000000000000e+03 1.901911735534667969e+00
8.398000000000000000e+03 1.913409352302551270e+00
8.399000000000000000e+03 1.884599685668945312e+00
8.400000000000000000e+03 1.880565166473388672e+00
8.401000000000000000e+03 1.876693010330200195e+00
8.402000000000000000e+03 1.906900405883789062e+00
8.403000000000000000e+03 1.908106327056884766e+00
8.404000000000000000e+03 1.923351883888244629e+00
8.405000000000000000e+03 1.937288284301757812e+00
8.406000000000000000e+03 1.880912899971008301e+00
8.407000000000000000e+03 1.868863821029663086e+00
8.408000000000000000e+03 1.873015165328979492e+00
8.409000000000000000e+03 1.865148544311523438e+00
8.410000000000000000e+03 1.876057863235473633e+00
8.411000000000000000e+03 1.895314693450927734e+00
8.412000000000000000e+03 1.859546065330505371e+00
8.413000000000000000e+03 1.871848106384277344e+00
8.414000000000000000e+03 1.809613227844238281e+00
8.415000000000000000e+03 1.843905329704284668e+00
8.416000000000000000e+03 1.822231531143188477e+00
8.417000000000000000e+03 1.910299301147460938e+00
8.418000000000000000e+03 1.923723578453063965e+00
8.419000000000000000e+03 1.845475077629089355e+00
8.420000000000000000e+03 1.883306860923767090e+00
8.421000000000000000e+03 1.860620975494384766e+00
8.422000000000000000e+03 1.787191152572631836e+00
8.423000000000000000e+03 1.864333033561706543e+00
8.424000000000000000e+03 1.883329868316650391e+00
8.425000000000000000e+03 1.880060911178588867e+00
8.426000000000000000e+03 1.900817155838012695e+00
8.427000000000000000e+03 1.881752371788024902e+00
8.428000000000000000e+03 1.898147583007812500e+00
8.429000000000000000e+03 1.926007866859436035e+00
8.430000000000000000e+03 1.898391246795654297e+00
8.431000000000000000e+03 1.885954141616821289e+00
8.432000000000000000e+03 1.862313389778137207e+00
8.433000000000000000e+03 1.879300355911254883e+00
8.434000000000000000e+03 1.936679840087890625e+00
8.435000000000000000e+03 1.903910160064697266e+00
8.436000000000000000e+03 1.905415534973144531e+00
8.437000000000000000e+03 1.877743840217590332e+00
8.438000000000000000e+03 1.920853137969970703e+00
8.439000000000000000e+03 1.892164707183837891e+00
8.440000000000000000e+03 1.897965669631958008e+00
8.441000000000000000e+03 1.871356487274169922e+00
8.442000000000000000e+03 1.928934335708618164e+00
8.443000000000000000e+03 1.895906209945678711e+00
8.444000000000000000e+03 1.922592878341674805e+00
8.445000000000000000e+03 1.926349520683288574e+00
8.446000000000000000e+03 1.920521736145019531e+00
8.447000000000000000e+03 1.908114194869995117e+00
8.448000000000000000e+03 1.861795663833618164e+00
8.449000000000000000e+03 1.887843251228332520e+00
8.450000000000000000e+03 1.925401806831359863e+00
8.451000000000000000e+03 1.838989734649658203e+00
8.452000000000000000e+03 1.882110357284545898e+00
8.453000000000000000e+03 1.921407222747802734e+00
8.454000000000000000e+03 1.885722160339355469e+00
8.455000000000000000e+03 1.897371292114257812e+00
8.456000000000000000e+03 1.919469237327575684e+00
8.457000000000000000e+03 1.895292997360229492e+00
8.458000000000000000e+03 1.912590026855468750e+00
8.459000000000000000e+03 1.927386522293090820e+00
8.460000000000000000e+03 1.932547807693481445e+00
8.461000000000000000e+03 1.912419438362121582e+00
8.462000000000000000e+03 1.902188897132873535e+00
8.463000000000000000e+03 1.932799339294433594e+00
8.464000000000000000e+03 1.899146556854248047e+00
8.465000000000000000e+03 1.897091627120971680e+00
8.466000000000000000e+03 1.910001277923583984e+00
8.467000000000000000e+03 1.900650262832641602e+00
8.468000000000000000e+03 1.879821896553039551e+00
8.469000000000000000e+03 1.899430990219116211e+00
8.470000000000000000e+03 1.908021330833435059e+00
8.471000000000000000e+03 1.944261550903320312e+00
8.472000000000000000e+03 1.911923408508300781e+00
8.473000000000000000e+03 1.910004854202270508e+00
8.474000000000000000e+03 1.916368722915649414e+00
8.475000000000000000e+03 1.921129941940307617e+00
8.476000000000000000e+03 1.939464211463928223e+00
8.477000000000000000e+03 1.963219881057739258e+00
8.478000000000000000e+03 1.942450046539306641e+00
8.479000000000000000e+03 1.915369868278503418e+00
8.480000000000000000e+03 1.889661788940429688e+00
8.481000000000000000e+03 1.932588100433349609e+00
8.482000000000000000e+03 1.951356530189514160e+00
8.483000000000000000e+03 1.894214153289794922e+00
8.484000000000000000e+03 1.914929032325744629e+00
8.485000000000000000e+03 1.890915632247924805e+00
8.486000000000000000e+03 1.902483582496643066e+00
8.487000000000000000e+03 1.885470151901245117e+00
8.488000000000000000e+03 1.892746448516845703e+00
8.489000000000000000e+03 1.865370869636535645e+00
8.490000000000000000e+03 1.877454400062561035e+00
8.491000000000000000e+03 1.891078948974609375e+00
8.492000000000000000e+03 1.892360448837280273e+00
8.493000000000000000e+03 1.935989618301391602e+00
8.494000000000000000e+03 1.951047420501708984e+00
8.495000000000000000e+03 1.918155074119567871e+00
8.496000000000000000e+03 1.895691275596618652e+00
8.497000000000000000e+03 1.906520128250122070e+00
8.498000000000000000e+03 1.911456823348999023e+00
8.499000000000000000e+03 1.882611513137817383e+00
8.500000000000000000e+03 1.891693353652954102e+00
8.501000000000000000e+03 1.907804131507873535e+00
8.502000000000000000e+03 1.882450580596923828e+00
8.503000000000000000e+03 1.901043653488159180e+00
8.504000000000000000e+03 1.926725268363952637e+00
8.505000000000000000e+03 1.962966799736022949e+00
8.506000000000000000e+03 1.890290141105651855e+00
8.507000000000000000e+03 1.914480090141296387e+00
8.508000000000000000e+03 1.899801015853881836e+00
8.509000000000000000e+03 1.933508157730102539e+00
8.510000000000000000e+03 1.897970676422119141e+00
8.511000000000000000e+03 1.876813650131225586e+00
8.512000000000000000e+03 1.885254383087158203e+00
8.513000000000000000e+03 1.910404086112976074e+00
8.514000000000000000e+03 1.925147891044616699e+00
8.515000000000000000e+03 1.898874759674072266e+00
8.516000000000000000e+03 1.941587686538696289e+00
8.517000000000000000e+03 1.923827528953552246e+00
8.518000000000000000e+03 1.889766335487365723e+00
8.519000000000000000e+03 1.934452056884765625e+00
8.520000000000000000e+03 1.971567869186401367e+00
8.521000000000000000e+03 1.953292250633239746e+00
8.522000000000000000e+03 1.942031860351562500e+00
8.523000000000000000e+03 1.940298080444335938e+00
8.524000000000000000e+03 1.916936278343200684e+00
8.525000000000000000e+03 1.917845368385314941e+00
8.526000000000000000e+03 1.940419197082519531e+00
8.527000000000000000e+03 1.945248365402221680e+00
8.528000000000000000e+03 1.933762073516845703e+00
8.529000000000000000e+03 1.919793128967285156e+00
8.530000000000000000e+03 1.897287964820861816e+00
8.531000000000000000e+03 1.900878429412841797e+00
8.532000000000000000e+03 1.880472183227539062e+00
8.533000000000000000e+03 1.891796827316284180e+00
8.534000000000000000e+03 1.931947827339172363e+00
8.535000000000000000e+03 1.883469820022583008e+00
8.536000000000000000e+03 1.900613307952880859e+00
8.537000000000000000e+03 1.887681126594543457e+00
8.538000000000000000e+03 1.863613247871398926e+00
8.539000000000000000e+03 1.812094926834106445e+00
8.540000000000000000e+03 1.826937198638916016e+00
8.541000000000000000e+03 1.822225451469421387e+00
8.542000000000000000e+03 1.850826025009155273e+00
8.543000000000000000e+03 1.861948728561401367e+00
8.544000000000000000e+03 1.842824935913085938e+00
8.545000000000000000e+03 1.856246113777160645e+00
8.546000000000000000e+03 1.904469966888427734e+00
8.547000000000000000e+03 1.871578216552734375e+00
8.548000000000000000e+03 1.899396777153015137e+00
8.549000000000000000e+03 1.873075485229492188e+00
8.550000000000000000e+03 1.873388051986694336e+00
8.551000000000000000e+03 1.893990516662597656e+00
8.552000000000000000e+03 1.900097966194152832e+00
8.553000000000000000e+03 1.843361854553222656e+00
8.554000000000000000e+03 1.864949226379394531e+00
8.555000000000000000e+03 1.877192139625549316e+00
8.556000000000000000e+03 1.871656656265258789e+00
8.557000000000000000e+03 1.902994751930236816e+00
8.558000000000000000e+03 1.922289013862609863e+00
8.559000000000000000e+03 1.893031477928161621e+00
8.560000000000000000e+03 1.854707837104797363e+00
8.561000000000000000e+03 1.830130457878112793e+00
8.562000000000000000e+03 1.850782871246337891e+00
8.563000000000000000e+03 1.879982709884643555e+00
8.564000000000000000e+03 1.863983035087585449e+00
8.565000000000000000e+03 1.879838466644287109e+00
8.566000000000000000e+03 1.884023427963256836e+00
8.567000000000000000e+03 1.872148156166076660e+00
8.568000000000000000e+03 1.828893899917602539e+00
8.569000000000000000e+03 1.868876814842224121e+00
8.570000000000000000e+03 1.894184112548828125e+00
8.571000000000000000e+03 1.872072100639343262e+00
8.572000000000000000e+03 1.848434209823608398e+00
8.573000000000000000e+03 1.852974414825439453e+00
8.574000000000000000e+03 1.877176046371459961e+00
8.575000000000000000e+03 1.833600282669067383e+00
8.576000000000000000e+03 1.906536579132080078e+00
8.577000000000000000e+03 1.905618190765380859e+00
8.578000000000000000e+03 1.898327350616455078e+00
8.579000000000000000e+03 1.841206431388854980e+00
8.580000000000000000e+03 1.859302759170532227e+00
8.581000000000000000e+03 1.826687455177307129e+00
8.582000000000000000e+03 1.808646678924560547e+00
8.583000000000000000e+03 1.834655046463012695e+00
8.584000000000000000e+03 1.910750865936279297e+00
8.585000000000000000e+03 1.879704833030700684e+00
8.586000000000000000e+03 1.910850524902343750e+00
8.587000000000000000e+03 1.896342754364013672e+00
8.588000000000000000e+03 1.894798636436462402e+00
8.589000000000000000e+03 1.837168097496032715e+00
8.590000000000000000e+03 1.839618206024169922e+00
8.591000000000000000e+03 1.836611509323120117e+00
8.592000000000000000e+03 1.905390501022338867e+00
8.593000000000000000e+03 1.871786475181579590e+00
8.594000000000000000e+03 1.882306694984436035e+00
8.595000000000000000e+03 1.883890271186828613e+00
8.596000000000000000e+03 1.911093831062316895e+00
8.597000000000000000e+03 1.892158389091491699e+00
8.598000000000000000e+03 1.909900188446044922e+00
8.599000000000000000e+03 1.958696126937866211e+00
8.600000000000000000e+03 1.917152643203735352e+00
8.601000000000000000e+03 1.850509047508239746e+00
8.602000000000000000e+03 1.871882319450378418e+00
8.603000000000000000e+03 1.861620664596557617e+00
8.604000000000000000e+03 1.858894824981689453e+00
8.605000000000000000e+03 1.854074001312255859e+00
8.606000000000000000e+03 1.797242999076843262e+00
8.607000000000000000e+03 1.820498585700988770e+00
8.608000000000000000e+03 1.864092469215393066e+00
8.609000000000000000e+03 1.856294035911560059e+00
8.610000000000000000e+03 1.847989082336425781e+00
8.611000000000000000e+03 1.821007251739501953e+00
8.612000000000000000e+03 1.771271824836730957e+00
8.613000000000000000e+03 1.842330813407897949e+00
8.614000000000000000e+03 1.829799771308898926e+00
8.615000000000000000e+03 1.848926901817321777e+00
8.616000000000000000e+03 1.818395495414733887e+00
8.617000000000000000e+03 1.792220830917358398e+00
8.618000000000000000e+03 1.804284811019897461e+00
8.619000000000000000e+03 1.832586050033569336e+00
8.620000000000000000e+03 1.795607566833496094e+00
8.621000000000000000e+03 1.806249976158142090e+00
8.622000000000000000e+03 1.776522397994995117e+00
8.623000000000000000e+03 1.797627687454223633e+00
8.624000000000000000e+03 1.857854247093200684e+00
8.625000000000000000e+03 1.808429360389709473e+00
8.626000000000000000e+03 1.802916407585144043e+00
8.627000000000000000e+03 1.815130949020385742e+00
8.628000000000000000e+03 1.803898811340332031e+00
8.629000000000000000e+03 1.851609230041503906e+00
8.630000000000000000e+03 1.874423980712890625e+00
8.631000000000000000e+03 1.859772920608520508e+00
8.632000000000000000e+03 1.808550596237182617e+00
8.633000000000000000e+03 1.810734868049621582e+00
8.634000000000000000e+03 1.822114706039428711e+00
8.635000000000000000e+03 1.855556726455688477e+00
8.636000000000000000e+03 1.840780973434448242e+00
8.637000000000000000e+03 1.860197901725769043e+00
8.638000000000000000e+03 1.874464869499206543e+00
8.639000000000000000e+03 1.869935274124145508e+00
8.640000000000000000e+03 1.903378605842590332e+00
8.641000000000000000e+03 1.916334152221679688e+00
8.642000000000000000e+03 1.928969621658325195e+00
8.643000000000000000e+03 1.903944015502929688e+00
8.644000000000000000e+03 1.904926061630249023e+00
8.645000000000000000e+03 1.886536359786987305e+00
8.646000000000000000e+03 1.947451710700988770e+00
8.647000000000000000e+03 1.934510350227355957e+00
8.648000000000000000e+03 1.861034154891967773e+00
8.649000000000000000e+03 1.852032780647277832e+00
8.650000000000000000e+03 1.875895977020263672e+00
8.651000000000000000e+03 1.875943660736083984e+00
8.652000000000000000e+03 1.890067815780639648e+00
8.653000000000000000e+03 1.902722954750061035e+00
8.654000000000000000e+03 1.856339812278747559e+00
8.655000000000000000e+03 1.934535145759582520e+00
8.656000000000000000e+03 1.881708979606628418e+00
8.657000000000000000e+03 1.923996448516845703e+00
8.658000000000000000e+03 1.932327151298522949e+00
8.659000000000000000e+03 1.944397091865539551e+00
8.660000000000000000e+03 1.883683681488037109e+00
8.661000000000000000e+03 1.911809682846069336e+00
8.662000000000000000e+03 1.852416157722473145e+00
8.663000000000000000e+03 1.896478891372680664e+00
8.664000000000000000e+03 1.929801940917968750e+00
8.665000000000000000e+03 1.904560923576354980e+00
8.666000000000000000e+03 1.914237976074218750e+00
8.667000000000000000e+03 1.915109515190124512e+00
8.668000000000000000e+03 1.864502906799316406e+00
8.669000000000000000e+03 1.911723375320434570e+00
8.670000000000000000e+03 1.902370214462280273e+00
8.671000000000000000e+03 1.893242120742797852e+00
8.672000000000000000e+03 1.863165616989135742e+00
8.673000000000000000e+03 1.908937811851501465e+00
8.674000000000000000e+03 1.896247029304504395e+00
8.675000000000000000e+03 1.884313225746154785e+00
8.676000000000000000e+03 1.911156535148620605e+00
8.677000000000000000e+03 1.902425527572631836e+00
8.678000000000000000e+03 1.914625883102416992e+00
8.679000000000000000e+03 1.899915337562561035e+00
8.680000000000000000e+03 1.902065634727478027e+00
8.681000000000000000e+03 1.914940357208251953e+00
8.682000000000000000e+03 1.856335878372192383e+00
8.683000000000000000e+03 1.900655150413513184e+00
8.684000000000000000e+03 1.876208305358886719e+00
8.685000000000000000e+03 1.893076300621032715e+00
8.686000000000000000e+03 1.882272243499755859e+00
8.687000000000000000e+03 1.892989754676818848e+00
8.688000000000000000e+03 1.927791833877563477e+00
8.689000000000000000e+03 1.917586326599121094e+00
8.690000000000000000e+03 1.909925341606140137e+00
8.691000000000000000e+03 1.890505075454711914e+00
8.692000000000000000e+03 1.855452775955200195e+00
8.693000000000000000e+03 1.859918832778930664e+00
8.694000000000000000e+03 1.889289259910583496e+00
8.695000000000000000e+03 1.890832543373107910e+00
8.696000000000000000e+03 1.952784419059753418e+00
8.697000000000000000e+03 1.894691228866577148e+00
8.698000000000000000e+03 1.912485837936401367e+00
8.699000000000000000e+03 1.912220716476440430e+00
8.700000000000000000e+03 1.883945941925048828e+00
8.701000000000000000e+03 1.955624103546142578e+00
8.702000000000000000e+03 1.871044278144836426e+00
8.703000000000000000e+03 1.894267559051513672e+00
8.704000000000000000e+03 1.918671250343322754e+00
8.705000000000000000e+03 1.896517872810363770e+00
8.706000000000000000e+03 1.869322180747985840e+00
8.707000000000000000e+03 1.871904611587524414e+00
8.708000000000000000e+03 1.882064580917358398e+00
8.709000000000000000e+03 1.920793890953063965e+00
8.710000000000000000e+03 1.878392219543457031e+00
8.711000000000000000e+03 1.843016028404235840e+00
8.712000000000000000e+03 1.841437220573425293e+00
8.713000000000000000e+03 1.905495405197143555e+00
8.714000000000000000e+03 1.897293448448181152e+00
8.715000000000000000e+03 1.897384643554687500e+00
8.716000000000000000e+03 1.882558226585388184e+00
8.717000000000000000e+03 1.861075162887573242e+00
8.718000000000000000e+03 1.786787986755371094e+00
8.719000000000000000e+03 1.833022117614746094e+00
8.720000000000000000e+03 1.810350656509399414e+00
8.721000000000000000e+03 1.845959663391113281e+00
8.722000000000000000e+03 1.817629694938659668e+00
8.723000000000000000e+03 1.808879137039184570e+00
8.724000000000000000e+03 1.808442354202270508e+00
8.725000000000000000e+03 1.806606173515319824e+00
8.726000000000000000e+03 1.837635755538940430e+00
8.727000000000000000e+03 1.833298206329345703e+00
8.728000000000000000e+03 1.830435514450073242e+00
8.729000000000000000e+03 1.820103406906127930e+00
8.730000000000000000e+03 1.804508686065673828e+00
8.731000000000000000e+03 1.819593429565429688e+00
8.732000000000000000e+03 1.837946891784667969e+00
8.733000000000000000e+03 1.831246137619018555e+00
8.734000000000000000e+03 1.869082689285278320e+00
8.735000000000000000e+03 1.834421038627624512e+00
8.736000000000000000e+03 1.822206258773803711e+00
8.737000000000000000e+03 1.880866527557373047e+00
8.738000000000000000e+03 1.782284855842590332e+00
8.739000000000000000e+03 1.798950910568237305e+00
8.740000000000000000e+03 1.841276764869689941e+00
8.741000000000000000e+03 1.822777271270751953e+00
8.742000000000000000e+03 1.825389146804809570e+00
8.743000000000000000e+03 1.839723825454711914e+00
8.744000000000000000e+03 1.852902173995971680e+00
8.745000000000000000e+03 1.828791856765747070e+00
8.746000000000000000e+03 1.824640035629272461e+00
8.747000000000000000e+03 1.813577771186828613e+00
8.748000000000000000e+03 1.805793404579162598e+00
8.749000000000000000e+03 1.842947244644165039e+00
8.750000000000000000e+03 1.823360919952392578e+00
8.751000000000000000e+03 1.799528598785400391e+00
8.752000000000000000e+03 1.788805365562438965e+00
8.753000000000000000e+03 1.837186813354492188e+00
8.754000000000000000e+03 1.838343143463134766e+00
8.755000000000000000e+03 1.821957588195800781e+00
8.756000000000000000e+03 1.809456825256347656e+00
8.757000000000000000e+03 1.779021859169006348e+00
8.758000000000000000e+03 1.806098461151123047e+00
8.759000000000000000e+03 1.822301030158996582e+00
8.760000000000000000e+03 1.823378443717956543e+00
8.761000000000000000e+03 1.811677575111389160e+00
8.762000000000000000e+03 1.776193022727966309e+00
8.763000000000000000e+03 1.816408276557922363e+00
8.764000000000000000e+03 1.796406507492065430e+00
8.765000000000000000e+03 1.773284554481506348e+00
8.766000000000000000e+03 1.743030071258544922e+00
8.767000000000000000e+03 1.736023306846618652e+00
8.768000000000000000e+03 1.750045537948608398e+00
8.769000000000000000e+03 1.784195780754089355e+00
8.770000000000000000e+03 1.750815868377685547e+00
8.771000000000000000e+03 1.808293104171752930e+00
8.772000000000000000e+03 1.854388117790222168e+00
8.773000000000000000e+03 1.884294748306274414e+00
8.774000000000000000e+03 1.835804343223571777e+00
8.775000000000000000e+03 1.818204402923583984e+00
8.776000000000000000e+03 1.829396605491638184e+00
8.777000000000000000e+03 1.787998080253601074e+00
8.778000000000000000e+03 1.777559518814086914e+00
8.779000000000000000e+03 1.768212199211120605e+00
8.780000000000000000e+03 1.788362383842468262e+00
8.781000000000000000e+03 1.761102914810180664e+00
8.782000000000000000e+03 1.819856524467468262e+00
8.783000000000000000e+03 1.706288576126098633e+00
8.784000000000000000e+03 1.806132435798645020e+00
8.785000000000000000e+03 1.710214018821716309e+00
8.786000000000000000e+03 1.752817749977111816e+00
8.787000000000000000e+03 1.779951453208923340e+00
8.788000000000000000e+03 1.834532856941223145e+00
8.789000000000000000e+03 1.828209042549133301e+00
8.790000000000000000e+03 1.823388576507568359e+00
8.791000000000000000e+03 1.772102594375610352e+00
8.792000000000000000e+03 1.741481900215148926e+00
8.793000000000000000e+03 1.766357898712158203e+00
8.794000000000000000e+03 1.736829757690429688e+00
8.795000000000000000e+03 1.746170401573181152e+00
8.796000000000000000e+03 1.803104043006896973e+00
8.797000000000000000e+03 1.778975367546081543e+00
8.798000000000000000e+03 1.787627696990966797e+00
8.799000000000000000e+03 1.756924390792846680e+00
8.800000000000000000e+03 1.820725679397583008e+00
8.801000000000000000e+03 1.811027884483337402e+00
8.802000000000000000e+03 1.855856180191040039e+00
8.803000000000000000e+03 1.797266602516174316e+00
8.804000000000000000e+03 1.782744169235229492e+00
8.805000000000000000e+03 1.762622952461242676e+00
8.806000000000000000e+03 1.820354461669921875e+00
8.807000000000000000e+03 1.780496239662170410e+00
8.808000000000000000e+03 1.778689026832580566e+00
8.809000000000000000e+03 1.823507428169250488e+00
8.810000000000000000e+03 1.840543031692504883e+00
8.811000000000000000e+03 1.878171443939208984e+00
8.812000000000000000e+03 1.826267957687377930e+00
8.813000000000000000e+03 1.824221730232238770e+00
8.814000000000000000e+03 1.840593457221984863e+00
8.815000000000000000e+03 1.865840196609497070e+00
8.816000000000000000e+03 1.889171838760375977e+00
8.817000000000000000e+03 1.831899523735046387e+00
8.818000000000000000e+03 1.831835746765136719e+00
8.819000000000000000e+03 1.831869840621948242e+00
8.820000000000000000e+03 1.848185062408447266e+00
8.821000000000000000e+03 1.843249917030334473e+00
8.822000000000000000e+03 1.828283190727233887e+00
8.823000000000000000e+03 1.853820800781250000e+00
8.824000000000000000e+03 1.856221199035644531e+00
8.825000000000000000e+03 1.835457921028137207e+00
8.826000000000000000e+03 1.839082002639770508e+00
8.827000000000000000e+03 1.834209561347961426e+00
8.828000000000000000e+03 1.823981761932373047e+00
8.829000000000000000e+03 1.836320757865905762e+00
8.830000000000000000e+03 1.857303142547607422e+00
8.831000000000000000e+03 1.876056075096130371e+00
8.832000000000000000e+03 1.859808087348937988e+00
8.833000000000000000e+03 1.847930788993835449e+00
8.834000000000000000e+03 1.881188988685607910e+00
8.835000000000000000e+03 1.880705952644348145e+00
8.836000000000000000e+03 1.799623250961303711e+00
8.837000000000000000e+03 1.843359947204589844e+00
8.838000000000000000e+03 1.842041492462158203e+00
8.839000000000000000e+03 1.868791699409484863e+00
8.840000000000000000e+03 1.819188237190246582e+00
8.841000000000000000e+03 1.829348087310791016e+00
8.842000000000000000e+03 1.839669823646545410e+00
8.843000000000000000e+03 1.839140295982360840e+00
8.844000000000000000e+03 1.847907662391662598e+00
8.845000000000000000e+03 1.820882201194763184e+00
8.846000000000000000e+03 1.806993961334228516e+00
8.847000000000000000e+03 1.883802890777587891e+00
8.848000000000000000e+03 1.829959273338317871e+00
8.849000000000000000e+03 1.801586747169494629e+00
8.850000000000000000e+03 1.786066651344299316e+00
8.851000000000000000e+03 1.849242687225341797e+00
8.852000000000000000e+03 1.807766318321228027e+00
8.853000000000000000e+03 1.892041921615600586e+00
8.854000000000000000e+03 1.834030151367187500e+00
8.855000000000000000e+03 1.814813852310180664e+00
8.856000000000000000e+03 1.785492420196533203e+00
8.857000000000000000e+03 1.838759660720825195e+00
8.858000000000000000e+03 1.818111181259155273e+00
8.859000000000000000e+03 1.819051504135131836e+00
8.860000000000000000e+03 1.866944909095764160e+00
8.861000000000000000e+03 1.847085952758789062e+00
8.862000000000000000e+03 1.879277229309082031e+00
8.863000000000000000e+03 1.874718904495239258e+00
8.864000000000000000e+03 1.863458871841430664e+00
8.865000000000000000e+03 1.830316901206970215e+00
8.866000000000000000e+03 1.832621812820434570e+00
8.867000000000000000e+03 1.833114147186279297e+00
8.868000000000000000e+03 1.804437041282653809e+00
8.869000000000000000e+03 1.771876215934753418e+00
8.870000000000000000e+03 1.791546106338500977e+00
8.871000000000000000e+03 1.816689968109130859e+00
8.872000000000000000e+03 1.796392083168029785e+00
8.873000000000000000e+03 1.755825757980346680e+00
8.874000000000000000e+03 1.724469900131225586e+00
8.875000000000000000e+03 1.725538134574890137e+00
8.876000000000000000e+03 1.761728525161743164e+00
8.877000000000000000e+03 1.819441676139831543e+00
8.878000000000000000e+03 1.783363819122314453e+00
8.879000000000000000e+03 1.819283366203308105e+00
8.880000000000000000e+03 1.784469127655029297e+00
8.881000000000000000e+03 1.801770567893981934e+00
8.882000000000000000e+03 1.777234911918640137e+00
8.883000000000000000e+03 1.799472689628601074e+00
8.884000000000000000e+03 1.807751655578613281e+00
8.885000000000000000e+03 1.813030600547790527e+00
8.886000000000000000e+03 1.837444901466369629e+00
8.887000000000000000e+03 1.857071638107299805e+00
8.888000000000000000e+03 1.841788053512573242e+00
8.889000000000000000e+03 1.831291913986206055e+00
8.890000000000000000e+03 1.882403969764709473e+00
8.891000000000000000e+03 1.843055963516235352e+00
8.892000000000000000e+03 1.783824086189270020e+00
8.893000000000000000e+03 1.810335040092468262e+00
8.894000000000000000e+03 1.769346356391906738e+00
8.895000000000000000e+03 1.782787561416625977e+00
8.896000000000000000e+03 1.799092054367065430e+00
8.897000000000000000e+03 1.755110025405883789e+00
8.898000000000000000e+03 1.770326256752014160e+00
8.899000000000000000e+03 1.804732561111450195e+00
8.900000000000000000e+03 1.770097970962524414e+00
8.901000000000000000e+03 1.737029552459716797e+00
8.902000000000000000e+03 1.734419107437133789e+00
8.903000000000000000e+03 1.805169105529785156e+00
8.904000000000000000e+03 1.774904727935791016e+00
8.905000000000000000e+03 1.789741277694702148e+00
8.906000000000000000e+03 1.780441880226135254e+00
8.907000000000000000e+03 1.758657693862915039e+00
8.908000000000000000e+03 1.748696208000183105e+00
8.909000000000000000e+03 1.737135171890258789e+00
8.910000000000000000e+03 1.756791114807128906e+00
8.911000000000000000e+03 1.762716531753540039e+00
8.912000000000000000e+03 1.768818020820617676e+00
8.913000000000000000e+03 1.791308283805847168e+00
8.914000000000000000e+03 1.764004707336425781e+00
8.915000000000000000e+03 1.736468315124511719e+00
8.916000000000000000e+03 1.810493946075439453e+00
8.917000000000000000e+03 1.782276749610900879e+00
8.918000000000000000e+03 1.787884593009948730e+00
8.919000000000000000e+03 1.790293335914611816e+00
8.920000000000000000e+03 1.760766863822937012e+00
8.921000000000000000e+03 1.750578999519348145e+00
8.922000000000000000e+03 1.753005743026733398e+00
8.923000000000000000e+03 1.706027865409851074e+00
8.924000000000000000e+03 1.737996101379394531e+00
8.925000000000000000e+03 1.766864061355590820e+00
8.926000000000000000e+03 1.780664801597595215e+00
8.927000000000000000e+03 1.792630672454833984e+00
8.928000000000000000e+03 1.770762801170349121e+00
8.929000000000000000e+03 1.797946453094482422e+00
8.930000000000000000e+03 1.820281147956848145e+00
8.931000000000000000e+03 1.774747610092163086e+00
8.932000000000000000e+03 1.717452883720397949e+00
8.933000000000000000e+03 1.783781051635742188e+00
8.934000000000000000e+03 1.799970269203186035e+00
8.935000000000000000e+03 1.798774719238281250e+00
8.936000000000000000e+03 1.766138434410095215e+00
8.937000000000000000e+03 1.765804648399353027e+00
8.938000000000000000e+03 1.816795706748962402e+00
8.939000000000000000e+03 1.768559336662292480e+00
8.940000000000000000e+03 1.838939309120178223e+00
8.941000000000000000e+03 1.816768646240234375e+00
8.942000000000000000e+03 1.771652102470397949e+00
8.943000000000000000e+03 1.766576290130615234e+00
8.944000000000000000e+03 1.773541092872619629e+00
8.945000000000000000e+03 1.760854721069335938e+00
8.946000000000000000e+03 1.772011876106262207e+00
8.947000000000000000e+03 1.756805419921875000e+00
8.948000000000000000e+03 1.811994194984436035e+00
8.949000000000000000e+03 1.798955440521240234e+00
8.950000000000000000e+03 1.822147250175476074e+00
8.951000000000000000e+03 1.825150728225708008e+00
8.952000000000000000e+03 1.854622244834899902e+00
8.953000000000000000e+03 1.819308996200561523e+00
8.954000000000000000e+03 1.805652141571044922e+00
8.955000000000000000e+03 1.812411785125732422e+00
8.956000000000000000e+03 1.835997462272644043e+00
8.957000000000000000e+03 1.815245985984802246e+00
8.958000000000000000e+03 1.770945072174072266e+00
8.959000000000000000e+03 1.758104562759399414e+00
8.960000000000000000e+03 1.811183214187622070e+00
8.961000000000000000e+03 1.819027662277221680e+00
8.962000000000000000e+03 1.807627677917480469e+00
8.963000000000000000e+03 1.802609562873840332e+00
8.964000000000000000e+03 1.784891486167907715e+00
8.965000000000000000e+03 1.791948556900024414e+00
8.966000000000000000e+03 1.834701418876647949e+00
8.967000000000000000e+03 1.757781386375427246e+00
8.968000000000000000e+03 1.754417657852172852e+00
8.969000000000000000e+03 1.786195516586303711e+00
8.970000000000000000e+03 1.788676857948303223e+00
8.971000000000000000e+03 1.814672589302062988e+00
8.972000000000000000e+03 1.784019947052001953e+00
8.973000000000000000e+03 1.771946430206298828e+00
8.974000000000000000e+03 1.812086939811706543e+00
8.975000000000000000e+03 1.810693264007568359e+00
8.976000000000000000e+03 1.775227308273315430e+00
8.977000000000000000e+03 1.791572809219360352e+00
8.978000000000000000e+03 1.760766983032226562e+00
8.979000000000000000e+03 1.786921024322509766e+00
8.980000000000000000e+03 1.761103153228759766e+00
8.981000000000000000e+03 1.738301753997802734e+00
8.982000000000000000e+03 1.771902799606323242e+00
8.983000000000000000e+03 1.807389736175537109e+00
8.984000000000000000e+03 1.790989637374877930e+00
8.985000000000000000e+03 1.779935121536254883e+00
8.986000000000000000e+03 1.788303375244140625e+00
8.987000000000000000e+03 1.771265149116516113e+00
8.988000000000000000e+03 1.819789171218872070e+00
8.989000000000000000e+03 1.790268421173095703e+00
8.990000000000000000e+03 1.748150825500488281e+00
8.991000000000000000e+03 1.780390262603759766e+00
8.992000000000000000e+03 1.783225893974304199e+00
8.993000000000000000e+03 1.798097014427185059e+00
8.994000000000000000e+03 1.744673609733581543e+00
8.995000000000000000e+03 1.780843019485473633e+00
8.996000000000000000e+03 1.783732891082763672e+00
8.997000000000000000e+03 1.771050453186035156e+00
8.998000000000000000e+03 1.794140577316284180e+00
8.999000000000000000e+03 1.787832498550415039e+00
9.000000000000000000e+03 1.762261509895324707e+00
9.001000000000000000e+03 1.759237289428710938e+00
9.002000000000000000e+03 1.758298277854919434e+00
9.003000000000000000e+03 1.741020679473876953e+00
9.004000000000000000e+03 1.784712195396423340e+00
9.005000000000000000e+03 1.772946238517761230e+00
9.006000000000000000e+03 1.710758805274963379e+00
9.007000000000000000e+03 1.769492387771606445e+00
9.008000000000000000e+03 1.795495986938476562e+00
9.009000000000000000e+03 1.741233468055725098e+00
9.010000000000000000e+03 1.774922490119934082e+00
9.011000000000000000e+03 1.787426710128784180e+00
9.012000000000000000e+03 1.776120662689208984e+00
9.013000000000000000e+03 1.807876586914062500e+00
9.014000000000000000e+03 1.806621074676513672e+00
9.015000000000000000e+03 1.797044754028320312e+00
9.016000000000000000e+03 1.785875916481018066e+00
9.017000000000000000e+03 1.769453048706054688e+00
9.018000000000000000e+03 1.784826040267944336e+00
9.019000000000000000e+03 1.800341606140136719e+00
9.020000000000000000e+03 1.795495748519897461e+00
9.021000000000000000e+03 1.788360953330993652e+00
9.022000000000000000e+03 1.810232281684875488e+00
9.023000000000000000e+03 1.770168423652648926e+00
9.024000000000000000e+03 1.797688007354736328e+00
9.025000000000000000e+03 1.757086038589477539e+00
9.026000000000000000e+03 1.748085141181945801e+00
9.027000000000000000e+03 1.787071108818054199e+00
9.028000000000000000e+03 1.755194664001464844e+00
9.029000000000000000e+03 1.762498736381530762e+00
9.030000000000000000e+03 1.763368368148803711e+00
9.031000000000000000e+03 1.786767601966857910e+00
9.032000000000000000e+03 1.749020576477050781e+00
9.033000000000000000e+03 1.792493820190429688e+00
9.034000000000000000e+03 1.839866518974304199e+00
9.035000000000000000e+03 1.743484973907470703e+00
9.036000000000000000e+03 1.793868780136108398e+00
9.037000000000000000e+03 1.767996788024902344e+00
9.038000000000000000e+03 1.761091470718383789e+00
9.039000000000000000e+03 1.743838429450988770e+00
9.040000000000000000e+03 1.812348127365112305e+00
9.041000000000000000e+03 1.770758271217346191e+00
9.042000000000000000e+03 1.759680747985839844e+00
9.043000000000000000e+03 1.773317933082580566e+00
9.044000000000000000e+03 1.818197607994079590e+00
9.045000000000000000e+03 1.833101034164428711e+00
9.046000000000000000e+03 1.788307428359985352e+00
9.047000000000000000e+03 1.798063993453979492e+00
9.048000000000000000e+03 1.790019512176513672e+00
9.049000000000000000e+03 1.805802941322326660e+00
9.050000000000000000e+03 1.801743030548095703e+00
9.051000000000000000e+03 1.808455944061279297e+00
9.052000000000000000e+03 1.791182279586791992e+00
9.053000000000000000e+03 1.754454731941223145e+00
9.054000000000000000e+03 1.751845598220825195e+00
9.055000000000000000e+03 1.698529958724975586e+00
9.056000000000000000e+03 1.773768901824951172e+00
9.057000000000000000e+03 1.797149777412414551e+00
9.058000000000000000e+03 1.826831817626953125e+00
9.059000000000000000e+03 1.771949529647827148e+00
9.060000000000000000e+03 1.803115367889404297e+00
9.061000000000000000e+03 1.812566041946411133e+00
9.062000000000000000e+03 1.782180070877075195e+00
9.063000000000000000e+03 1.783190369606018066e+00
9.064000000000000000e+03 1.752884745597839355e+00
9.065000000000000000e+03 1.786531567573547363e+00
9.066000000000000000e+03 1.791962265968322754e+00
9.067000000000000000e+03 1.797508120536804199e+00
9.068000000000000000e+03 1.785164952278137207e+00
9.069000000000000000e+03 1.742709517478942871e+00
9.070000000000000000e+03 1.787242054939270020e+00
9.071000000000000000e+03 1.718540668487548828e+00
9.072000000000000000e+03 1.728850841522216797e+00
9.073000000000000000e+03 1.674941897392272949e+00
9.074000000000000000e+03 1.757786750793457031e+00
9.075000000000000000e+03 1.746900439262390137e+00
9.076000000000000000e+03 1.745059251785278320e+00
9.077000000000000000e+03 1.719895124435424805e+00
9.078000000000000000e+03 1.743325829505920410e+00
9.079000000000000000e+03 1.705713510513305664e+00
9.080000000000000000e+03 1.686356544494628906e+00
9.081000000000000000e+03 1.695164203643798828e+00
9.082000000000000000e+03 1.693295359611511230e+00
9.083000000000000000e+03 1.706789374351501465e+00
9.084000000000000000e+03 1.762830018997192383e+00
9.085000000000000000e+03 1.727889060974121094e+00
9.086000000000000000e+03 1.774443149566650391e+00
9.087000000000000000e+03 1.737449884414672852e+00
9.088000000000000000e+03 1.714453697204589844e+00
9.089000000000000000e+03 1.766487717628479004e+00
9.090000000000000000e+03 1.774784207344055176e+00
9.091000000000000000e+03 1.770187377929687500e+00
9.092000000000000000e+03 1.796888351440429688e+00
9.093000000000000000e+03 1.762822508811950684e+00
9.094000000000000000e+03 1.759880423545837402e+00
9.095000000000000000e+03 1.754392862319946289e+00
9.096000000000000000e+03 1.716607570648193359e+00
9.097000000000000000e+03 1.702279210090637207e+00
9.098000000000000000e+03 1.737306594848632812e+00
9.099000000000000000e+03 1.760998010635375977e+00
9.100000000000000000e+03 1.725860238075256348e+00
9.101000000000000000e+03 1.792185544967651367e+00
9.102000000000000000e+03 1.829402089118957520e+00
9.103000000000000000e+03 1.792686581611633301e+00
9.104000000000000000e+03 1.747660517692565918e+00
9.105000000000000000e+03 1.720192790031433105e+00
9.106000000000000000e+03 1.717525243759155273e+00
9.107000000000000000e+03 1.724627852439880371e+00
9.108000000000000000e+03 1.787720799446105957e+00
9.109000000000000000e+03 1.752684831619262695e+00
9.110000000000000000e+03 1.793249487876892090e+00
9.111000000000000000e+03 1.768708109855651855e+00
9.112000000000000000e+03 1.761427521705627441e+00
9.113000000000000000e+03 1.729752779006958008e+00
9.114000000000000000e+03 1.758015871047973633e+00
9.115000000000000000e+03 1.816379308700561523e+00
9.116000000000000000e+03 1.709000945091247559e+00
9.117000000000000000e+03 1.766857862472534180e+00
9.118000000000000000e+03 1.756700873374938965e+00
9.119000000000000000e+03 1.803463459014892578e+00
9.120000000000000000e+03 1.761077404022216797e+00
9.121000000000000000e+03 1.799078226089477539e+00
9.122000000000000000e+03 1.755450248718261719e+00
9.123000000000000000e+03 1.794654726982116699e+00
9.124000000000000000e+03 1.790275096893310547e+00
9.125000000000000000e+03 1.802154302597045898e+00
9.126000000000000000e+03 1.805701375007629395e+00
9.127000000000000000e+03 1.772353529930114746e+00
9.128000000000000000e+03 1.767063736915588379e+00
9.129000000000000000e+03 1.776212811470031738e+00
9.130000000000000000e+03 1.777258992195129395e+00
9.131000000000000000e+03 1.740776181221008301e+00
9.132000000000000000e+03 1.757183194160461426e+00
9.133000000000000000e+03 1.775952339172363281e+00
9.134000000000000000e+03 1.793142318725585938e+00
9.135000000000000000e+03 1.758958339691162109e+00
9.136000000000000000e+03 1.762468099594116211e+00
9.137000000000000000e+03 1.764205574989318848e+00
9.138000000000000000e+03 1.733303666114807129e+00
9.139000000000000000e+03 1.710995674133300781e+00
9.140000000000000000e+03 1.708756446838378906e+00
9.141000000000000000e+03 1.770767688751220703e+00
9.142000000000000000e+03 1.787699699401855469e+00
9.143000000000000000e+03 1.743975043296813965e+00
9.144000000000000000e+03 1.703966736793518066e+00
9.145000000000000000e+03 1.735345721244812012e+00
9.146000000000000000e+03 1.745796680450439453e+00
9.147000000000000000e+03 1.725279211997985840e+00
9.148000000000000000e+03 1.725329637527465820e+00
9.149000000000000000e+03 1.740200042724609375e+00
9.150000000000000000e+03 1.714685201644897461e+00
9.151000000000000000e+03 1.745790362358093262e+00
9.152000000000000000e+03 1.735575318336486816e+00
9.153000000000000000e+03 1.766599893569946289e+00
9.154000000000000000e+03 1.778705358505249023e+00
9.155000000000000000e+03 1.741547584533691406e+00
9.156000000000000000e+03 1.758467674255371094e+00
9.157000000000000000e+03 1.686499118804931641e+00
9.158000000000000000e+03 1.680177211761474609e+00
9.159000000000000000e+03 1.720996499061584473e+00
9.160000000000000000e+03 1.733254909515380859e+00
9.161000000000000000e+03 1.783806204795837402e+00
9.162000000000000000e+03 1.721754431724548340e+00
9.163000000000000000e+03 1.721805810928344727e+00
9.164000000000000000e+03 1.754210352897644043e+00
9.165000000000000000e+03 1.772481441497802734e+00
9.166000000000000000e+03 1.790825366973876953e+00
9.167000000000000000e+03 1.734755992889404297e+00
9.168000000000000000e+03 1.764451265335083008e+00
9.169000000000000000e+03 1.788530945777893066e+00
9.170000000000000000e+03 1.761732816696166992e+00
9.171000000000000000e+03 1.800023913383483887e+00
9.172000000000000000e+03 1.760124921798706055e+00
9.173000000000000000e+03 1.774640440940856934e+00
9.174000000000000000e+03 1.759316205978393555e+00
9.175000000000000000e+03 1.795369267463684082e+00
9.176000000000000000e+03 1.763083934783935547e+00
9.177000000000000000e+03 1.752473115921020508e+00
9.178000000000000000e+03 1.784018278121948242e+00
9.179000000000000000e+03 1.829308509826660156e+00
9.180000000000000000e+03 1.828505396842956543e+00
9.181000000000000000e+03 1.858989715576171875e+00
9.182000000000000000e+03 1.795222878456115723e+00
9.183000000000000000e+03 1.793112874031066895e+00
9.184000000000000000e+03 1.828005909919738770e+00
9.185000000000000000e+03 1.820678353309631348e+00
9.186000000000000000e+03 1.804506301879882812e+00
9.187000000000000000e+03 1.845763683319091797e+00
9.188000000000000000e+03 1.832735300064086914e+00
9.189000000000000000e+03 1.822619080543518066e+00
9.190000000000000000e+03 1.794422149658203125e+00
9.191000000000000000e+03 1.765020251274108887e+00
9.192000000000000000e+03 1.756627559661865234e+00
9.193000000000000000e+03 1.732481122016906738e+00
9.194000000000000000e+03 1.806534290313720703e+00
9.195000000000000000e+03 1.723984003067016602e+00
9.196000000000000000e+03 1.742051959037780762e+00
9.197000000000000000e+03 1.707769155502319336e+00
9.198000000000000000e+03 1.780228853225708008e+00
9.199000000000000000e+03 1.743931651115417480e+00
9.200000000000000000e+03 1.802463173866271973e+00
9.201000000000000000e+03 1.811488866806030273e+00
9.202000000000000000e+03 1.831158041954040527e+00
9.203000000000000000e+03 1.782430410385131836e+00
9.204000000000000000e+03 1.776228427886962891e+00
9.205000000000000000e+03 1.843843460083007812e+00
9.206000000000000000e+03 1.787102818489074707e+00
9.207000000000000000e+03 1.817093372344970703e+00
9.208000000000000000e+03 1.829708456993103027e+00
9.209000000000000000e+03 1.781036972999572754e+00
9.210000000000000000e+03 1.809712648391723633e+00
9.211000000000000000e+03 1.842126846313476562e+00
9.212000000000000000e+03 1.792039513587951660e+00
9.213000000000000000e+03 1.854995846748352051e+00
9.214000000000000000e+03 1.856421947479248047e+00
9.215000000000000000e+03 1.826151132583618164e+00
9.216000000000000000e+03 1.844162225723266602e+00
9.217000000000000000e+03 1.851557254791259766e+00
9.218000000000000000e+03 1.818745732307434082e+00
9.219000000000000000e+03 1.821700811386108398e+00
9.220000000000000000e+03 1.779039978981018066e+00
9.221000000000000000e+03 1.809950590133666992e+00
9.222000000000000000e+03 1.795574426651000977e+00
9.223000000000000000e+03 1.787200570106506348e+00
9.224000000000000000e+03 1.780636429786682129e+00
9.225000000000000000e+03 1.842674493789672852e+00
9.226000000000000000e+03 1.808576226234436035e+00
9.227000000000000000e+03 1.818658590316772461e+00
9.228000000000000000e+03 1.818796992301940918e+00
9.229000000000000000e+03 1.839207172393798828e+00
9.230000000000000000e+03 1.823043227195739746e+00
9.231000000000000000e+03 1.818487644195556641e+00
9.232000000000000000e+03 1.824751257896423340e+00
9.233000000000000000e+03 1.769991755485534668e+00
9.234000000000000000e+03 1.801601052284240723e+00
9.235000000000000000e+03 1.813301682472229004e+00
9.236000000000000000e+03 1.813629150390625000e+00
9.237000000000000000e+03 1.834061384201049805e+00
9.238000000000000000e+03 1.816233754158020020e+00
9.239000000000000000e+03 1.833060622215270996e+00
9.240000000000000000e+03 1.836340665817260742e+00
9.241000000000000000e+03 1.819125890731811523e+00
9.242000000000000000e+03 1.863400101661682129e+00
9.243000000000000000e+03 1.735849618911743164e+00
9.244000000000000000e+03 1.773358583450317383e+00
9.245000000000000000e+03 1.791420102119445801e+00
9.246000000000000000e+03 1.835678100585937500e+00
9.247000000000000000e+03 1.778757452964782715e+00
9.248000000000000000e+03 1.809552192687988281e+00
9.249000000000000000e+03 1.728903412818908691e+00
9.250000000000000000e+03 1.746126055717468262e+00
9.251000000000000000e+03 1.783823370933532715e+00
9.252000000000000000e+03 1.747959375381469727e+00
9.253000000000000000e+03 1.755149126052856445e+00
9.254000000000000000e+03 1.797319293022155762e+00
9.255000000000000000e+03 1.787839293479919434e+00
9.256000000000000000e+03 1.763385772705078125e+00
9.257000000000000000e+03 1.794945001602172852e+00
9.258000000000000000e+03 1.760233879089355469e+00
9.259000000000000000e+03 1.784004807472229004e+00
9.260000000000000000e+03 1.798305511474609375e+00
9.261000000000000000e+03 1.776901006698608398e+00
9.262000000000000000e+03 1.815439939498901367e+00
9.263000000000000000e+03 1.783751368522644043e+00
9.264000000000000000e+03 1.760748744010925293e+00
9.265000000000000000e+03 1.799525618553161621e+00
9.266000000000000000e+03 1.835826754570007324e+00
9.267000000000000000e+03 1.806744933128356934e+00
9.268000000000000000e+03 1.771854639053344727e+00
9.269000000000000000e+03 1.792107820510864258e+00
9.270000000000000000e+03 1.870464682579040527e+00
9.271000000000000000e+03 1.809914112091064453e+00
9.272000000000000000e+03 1.816125273704528809e+00
9.273000000000000000e+03 1.846941590309143066e+00
9.274000000000000000e+03 1.833938360214233398e+00
9.275000000000000000e+03 1.808996438980102539e+00
9.276000000000000000e+03 1.838812470436096191e+00
9.277000000000000000e+03 1.809144258499145508e+00
9.278000000000000000e+03 1.814650058746337891e+00
9.279000000000000000e+03 1.820550680160522461e+00
9.280000000000000000e+03 1.813270092010498047e+00
9.281000000000000000e+03 1.820112466812133789e+00
9.282000000000000000e+03 1.778622269630432129e+00
9.283000000000000000e+03 1.817716836929321289e+00
9.284000000000000000e+03 1.774785637855529785e+00
9.285000000000000000e+03 1.773872733116149902e+00
9.286000000000000000e+03 1.763590097427368164e+00
9.287000000000000000e+03 1.810909867286682129e+00
9.288000000000000000e+03 1.791504502296447754e+00
9.289000000000000000e+03 1.784815788269042969e+00
9.290000000000000000e+03 1.820888519287109375e+00
9.291000000000000000e+03 1.790128111839294434e+00
9.292000000000000000e+03 1.805608749389648438e+00
9.293000000000000000e+03 1.778837084770202637e+00
9.294000000000000000e+03 1.787050127983093262e+00
9.295000000000000000e+03 1.776695370674133301e+00
9.296000000000000000e+03 1.786378264427185059e+00
9.297000000000000000e+03 1.780111432075500488e+00
9.298000000000000000e+03 1.807911872863769531e+00
9.299000000000000000e+03 1.834966421127319336e+00
9.300000000000000000e+03 1.803982973098754883e+00
9.301000000000000000e+03 1.796674013137817383e+00
9.302000000000000000e+03 1.814540266990661621e+00
9.303000000000000000e+03 1.801338672637939453e+00
9.304000000000000000e+03 1.817911863327026367e+00
9.305000000000000000e+03 1.782788038253784180e+00
9.306000000000000000e+03 1.841947078704833984e+00
9.307000000000000000e+03 1.846904516220092773e+00
9.308000000000000000e+03 1.862843871116638184e+00
9.309000000000000000e+03 1.834790349006652832e+00
9.310000000000000000e+03 1.791820287704467773e+00
9.311000000000000000e+03 1.828367233276367188e+00
9.312000000000000000e+03 1.825972557067871094e+00
9.313000000000000000e+03 1.823235630989074707e+00
9.314000000000000000e+03 1.859516739845275879e+00
9.315000000000000000e+03 1.857818603515625000e+00
9.316000000000000000e+03 1.818000435829162598e+00
9.317000000000000000e+03 1.817666649818420410e+00
9.318000000000000000e+03 1.834686994552612305e+00
9.319000000000000000e+03 1.810091853141784668e+00
9.320000000000000000e+03 1.832767248153686523e+00
9.321000000000000000e+03 1.808560848236083984e+00
9.322000000000000000e+03 1.792196273803710938e+00
9.323000000000000000e+03 1.770369052886962891e+00
9.324000000000000000e+03 1.805855512619018555e+00
9.325000000000000000e+03 1.833567619323730469e+00
9.326000000000000000e+03 1.872141599655151367e+00
9.327000000000000000e+03 1.794539570808410645e+00
9.328000000000000000e+03 1.815729379653930664e+00
9.329000000000000000e+03 1.854197144508361816e+00
9.330000000000000000e+03 1.861484050750732422e+00
9.331000000000000000e+03 1.845618247985839844e+00
9.332000000000000000e+03 1.813307285308837891e+00
9.333000000000000000e+03 1.816217780113220215e+00
9.334000000000000000e+03 1.787601947784423828e+00
9.335000000000000000e+03 1.739362001419067383e+00
9.336000000000000000e+03 1.738815903663635254e+00
9.337000000000000000e+03 1.802536368370056152e+00
9.338000000000000000e+03 1.767439484596252441e+00
9.339000000000000000e+03 1.781131029129028320e+00
9.340000000000000000e+03 1.788545370101928711e+00
9.341000000000000000e+03 1.733536720275878906e+00
9.342000000000000000e+03 1.801515221595764160e+00
9.343000000000000000e+03 1.776994228363037109e+00
9.344000000000000000e+03 1.804834604263305664e+00
9.345000000000000000e+03 1.764622330665588379e+00
9.346000000000000000e+03 1.792623877525329590e+00
9.347000000000000000e+03 1.796613574028015137e+00
9.348000000000000000e+03 1.782769322395324707e+00
9.349000000000000000e+03 1.758708477020263672e+00
9.350000000000000000e+03 1.797096133232116699e+00
9.351000000000000000e+03 1.788822054862976074e+00
9.352000000000000000e+03 1.794986009597778320e+00
9.353000000000000000e+03 1.751418948173522949e+00
9.354000000000000000e+03 1.813548803329467773e+00
9.355000000000000000e+03 1.874193429946899414e+00
9.356000000000000000e+03 1.813788652420043945e+00
9.357000000000000000e+03 1.770490646362304688e+00
9.358000000000000000e+03 1.800185441970825195e+00
9.359000000000000000e+03 1.800801992416381836e+00
9.360000000000000000e+03 1.829039573669433594e+00
9.361000000000000000e+03 1.799630641937255859e+00
9.362000000000000000e+03 1.807056307792663574e+00
9.363000000000000000e+03 1.768955230712890625e+00
9.364000000000000000e+03 1.820617914199829102e+00
9.365000000000000000e+03 1.783875107765197754e+00
9.366000000000000000e+03 1.812056183815002441e+00
9.367000000000000000e+03 1.813902735710144043e+00
9.368000000000000000e+03 1.786238908767700195e+00
9.369000000000000000e+03 1.805636405944824219e+00
9.370000000000000000e+03 1.781256914138793945e+00
9.371000000000000000e+03 1.774412870407104492e+00
9.372000000000000000e+03 1.790022850036621094e+00
9.373000000000000000e+03 1.817140460014343262e+00
9.374000000000000000e+03 1.787469983100891113e+00
9.375000000000000000e+03 1.765178322792053223e+00
9.376000000000000000e+03 1.736329555511474609e+00
9.377000000000000000e+03 1.755091786384582520e+00
9.378000000000000000e+03 1.778738617897033691e+00
9.379000000000000000e+03 1.790544509887695312e+00
9.380000000000000000e+03 1.780213356018066406e+00
9.381000000000000000e+03 1.771959900856018066e+00
9.382000000000000000e+03 1.792957901954650879e+00
9.383000000000000000e+03 1.791841864585876465e+00
9.384000000000000000e+03 1.812888383865356445e+00
9.385000000000000000e+03 1.795542120933532715e+00
9.386000000000000000e+03 1.793864846229553223e+00
9.387000000000000000e+03 1.787476181983947754e+00
9.388000000000000000e+03 1.849048376083374023e+00
9.389000000000000000e+03 1.858171820640563965e+00
9.390000000000000000e+03 1.788468599319458008e+00
9.391000000000000000e+03 1.735761880874633789e+00
9.392000000000000000e+03 1.843231558799743652e+00
9.393000000000000000e+03 1.886236310005187988e+00
9.394000000000000000e+03 1.899854302406311035e+00
9.395000000000000000e+03 1.859628438949584961e+00
9.396000000000000000e+03 1.849096179008483887e+00
9.397000000000000000e+03 1.818646311759948730e+00
9.398000000000000000e+03 1.832005977630615234e+00
9.399000000000000000e+03 1.795294046401977539e+00
9.400000000000000000e+03 1.842521429061889648e+00
9.401000000000000000e+03 1.832033634185791016e+00
9.402000000000000000e+03 1.771974086761474609e+00
9.403000000000000000e+03 1.797410130500793457e+00
9.404000000000000000e+03 1.792515397071838379e+00
9.405000000000000000e+03 1.783307194709777832e+00
9.406000000000000000e+03 1.793860435485839844e+00
9.407000000000000000e+03 1.806507706642150879e+00
9.408000000000000000e+03 1.834346055984497070e+00
9.409000000000000000e+03 1.794624209403991699e+00
9.410000000000000000e+03 1.802818059921264648e+00
9.411000000000000000e+03 1.769061088562011719e+00
9.412000000000000000e+03 1.787902832031250000e+00
9.413000000000000000e+03 1.774085760116577148e+00
9.414000000000000000e+03 1.802871942520141602e+00
9.415000000000000000e+03 1.816974401473999023e+00
9.416000000000000000e+03 1.796179056167602539e+00
9.417000000000000000e+03 1.805761098861694336e+00
9.418000000000000000e+03 1.825170159339904785e+00
9.419000000000000000e+03 1.857012748718261719e+00
9.420000000000000000e+03 1.826452970504760742e+00
9.421000000000000000e+03 1.813731431961059570e+00
9.422000000000000000e+03 1.820840358734130859e+00
9.423000000000000000e+03 1.803740978240966797e+00
9.424000000000000000e+03 1.778464555740356445e+00
9.425000000000000000e+03 1.782484292984008789e+00
9.426000000000000000e+03 1.808128714561462402e+00
9.427000000000000000e+03 1.812181949615478516e+00
9.428000000000000000e+03 1.811611890792846680e+00
9.429000000000000000e+03 1.777493119239807129e+00
9.430000000000000000e+03 1.797284364700317383e+00
9.431000000000000000e+03 1.829668283462524414e+00
9.432000000000000000e+03 1.834471464157104492e+00
9.433000000000000000e+03 1.847724318504333496e+00
9.434000000000000000e+03 1.805759906768798828e+00
9.435000000000000000e+03 1.838325262069702148e+00
9.436000000000000000e+03 1.809914708137512207e+00
9.437000000000000000e+03 1.816805720329284668e+00
9.438000000000000000e+03 1.834133863449096680e+00
9.439000000000000000e+03 1.830815315246582031e+00
9.440000000000000000e+03 1.815844297409057617e+00
9.441000000000000000e+03 1.861195564270019531e+00
9.442000000000000000e+03 1.796001076698303223e+00
9.443000000000000000e+03 1.777987480163574219e+00
9.444000000000000000e+03 1.790264725685119629e+00
9.445000000000000000e+03 1.748733520507812500e+00
9.446000000000000000e+03 1.793298006057739258e+00
9.447000000000000000e+03 1.838338017463684082e+00
9.448000000000000000e+03 1.837441802024841309e+00
9.449000000000000000e+03 1.742718458175659180e+00
9.450000000000000000e+03 1.802485704421997070e+00
9.451000000000000000e+03 1.838896274566650391e+00
9.452000000000000000e+03 1.837386369705200195e+00
9.453000000000000000e+03 1.814523100852966309e+00
9.454000000000000000e+03 1.881482839584350586e+00
9.455000000000000000e+03 1.829032421112060547e+00
9.456000000000000000e+03 1.843056559562683105e+00
9.457000000000000000e+03 1.851369380950927734e+00
9.458000000000000000e+03 1.868816971778869629e+00
9.459000000000000000e+03 1.848599314689636230e+00
9.460000000000000000e+03 1.854491472244262695e+00
9.461000000000000000e+03 1.863110423088073730e+00
9.462000000000000000e+03 1.866640806198120117e+00
9.463000000000000000e+03 1.872780561447143555e+00
9.464000000000000000e+03 1.877593517303466797e+00
9.465000000000000000e+03 1.851873397827148438e+00
9.466000000000000000e+03 1.876109361648559570e+00
9.467000000000000000e+03 1.881132841110229492e+00
9.468000000000000000e+03 1.892697691917419434e+00
9.469000000000000000e+03 1.870441436767578125e+00
9.470000000000000000e+03 1.836104869842529297e+00
9.471000000000000000e+03 1.841701626777648926e+00
9.472000000000000000e+03 1.847956180572509766e+00
9.473000000000000000e+03 1.856985926628112793e+00
9.474000000000000000e+03 1.848741531372070312e+00
9.475000000000000000e+03 1.864314675331115723e+00
9.476000000000000000e+03 1.816220641136169434e+00
9.477000000000000000e+03 1.862613439559936523e+00
9.478000000000000000e+03 1.839884281158447266e+00
9.479000000000000000e+03 1.773236155509948730e+00
9.480000000000000000e+03 1.787280201911926270e+00
9.481000000000000000e+03 1.778436899185180664e+00
9.482000000000000000e+03 1.763343095779418945e+00
9.483000000000000000e+03 1.792975306510925293e+00
9.484000000000000000e+03 1.840516209602355957e+00
9.485000000000000000e+03 1.827062845230102539e+00
9.486000000000000000e+03 1.833492636680603027e+00
9.487000000000000000e+03 1.838917374610900879e+00
9.488000000000000000e+03 1.817222476005554199e+00
9.489000000000000000e+03 1.873969078063964844e+00
9.490000000000000000e+03 1.818816184997558594e+00
9.491000000000000000e+03 1.798347353935241699e+00
9.492000000000000000e+03 1.847575068473815918e+00
9.493000000000000000e+03 1.798657536506652832e+00
9.494000000000000000e+03 1.815134286880493164e+00
9.495000000000000000e+03 1.801177382469177246e+00
9.496000000000000000e+03 1.844516992568969727e+00
9.497000000000000000e+03 1.867761850357055664e+00
9.498000000000000000e+03 1.827621459960937500e+00
9.499000000000000000e+03 1.843342185020446777e+00
9.500000000000000000e+03 1.848049402236938477e+00
9.501000000000000000e+03 1.852404832839965820e+00
9.502000000000000000e+03 1.848504662513732910e+00
9.503000000000000000e+03 1.920683383941650391e+00
9.504000000000000000e+03 1.897014021873474121e+00
9.505000000000000000e+03 1.898850440979003906e+00
9.506000000000000000e+03 1.830013751983642578e+00
9.507000000000000000e+03 1.832474350929260254e+00
9.508000000000000000e+03 1.887745261192321777e+00
9.509000000000000000e+03 1.866425871849060059e+00
9.510000000000000000e+03 1.804353117942810059e+00
9.511000000000000000e+03 1.845974564552307129e+00
9.512000000000000000e+03 1.812938213348388672e+00
9.513000000000000000e+03 1.836180448532104492e+00
9.514000000000000000e+03 1.780333518981933594e+00
9.515000000000000000e+03 1.803709149360656738e+00
9.516000000000000000e+03 1.810118198394775391e+00
9.517000000000000000e+03 1.786547780036926270e+00
9.518000000000000000e+03 1.804262280464172363e+00
9.519000000000000000e+03 1.799435615539550781e+00
9.520000000000000000e+03 1.798668622970581055e+00
9.521000000000000000e+03 1.801871299743652344e+00
9.522000000000000000e+03 1.830080389976501465e+00
9.523000000000000000e+03 1.853158831596374512e+00
9.524000000000000000e+03 1.880679130554199219e+00
9.525000000000000000e+03 1.878050446510314941e+00
9.526000000000000000e+03 1.861315488815307617e+00
9.527000000000000000e+03 1.866181135177612305e+00
9.528000000000000000e+03 1.833252549171447754e+00
9.529000000000000000e+03 1.867497205734252930e+00
9.530000000000000000e+03 1.878122687339782715e+00
9.531000000000000000e+03 1.834567904472351074e+00
9.532000000000000000e+03 1.902474164962768555e+00
9.533000000000000000e+03 1.864999294281005859e+00
9.534000000000000000e+03 1.880257964134216309e+00
9.535000000000000000e+03 1.847945690155029297e+00
9.536000000000000000e+03 1.912665009498596191e+00
9.537000000000000000e+03 1.848289132118225098e+00
9.538000000000000000e+03 1.853228330612182617e+00
9.539000000000000000e+03 1.811929106712341309e+00
9.540000000000000000e+03 1.841425180435180664e+00
9.541000000000000000e+03 1.843980312347412109e+00
9.542000000000000000e+03 1.852974057197570801e+00
9.543000000000000000e+03 1.852337718009948730e+00
9.544000000000000000e+03 1.860253095626831055e+00
9.545000000000000000e+03 1.815098524093627930e+00
9.546000000000000000e+03 1.823658585548400879e+00
9.547000000000000000e+03 1.870719194412231445e+00
9.548000000000000000e+03 1.822001218795776367e+00
9.549000000000000000e+03 1.813185930252075195e+00
9.550000000000000000e+03 1.779156923294067383e+00
9.551000000000000000e+03 1.746483802795410156e+00
9.552000000000000000e+03 1.786128163337707520e+00
9.553000000000000000e+03 1.758594632148742676e+00
9.554000000000000000e+03 1.818796515464782715e+00
9.555000000000000000e+03 1.790979743003845215e+00
9.556000000000000000e+03 1.738463282585144043e+00
9.557000000000000000e+03 1.748972177505493164e+00
9.558000000000000000e+03 1.799571871757507324e+00
9.559000000000000000e+03 1.832517027854919434e+00
9.560000000000000000e+03 1.861056327819824219e+00
9.561000000000000000e+03 1.828965425491333008e+00
9.562000000000000000e+03 1.813195228576660156e+00
9.563000000000000000e+03 1.828847169876098633e+00
9.564000000000000000e+03 1.815923333168029785e+00
9.565000000000000000e+03 1.813798904418945312e+00
9.566000000000000000e+03 1.858631491661071777e+00
9.567000000000000000e+03 1.839371919631958008e+00
9.568000000000000000e+03 1.823150515556335449e+00
9.569000000000000000e+03 1.833856582641601562e+00
9.570000000000000000e+03 1.849379777908325195e+00
9.571000000000000000e+03 1.812967419624328613e+00
9.572000000000000000e+03 1.781736135482788086e+00
9.573000000000000000e+03 1.828191399574279785e+00
9.574000000000000000e+03 1.850898385047912598e+00
9.575000000000000000e+03 1.809968233108520508e+00
9.576000000000000000e+03 1.879396319389343262e+00
9.577000000000000000e+03 1.829212665557861328e+00
9.578000000000000000e+03 1.834400653839111328e+00
9.579000000000000000e+03 1.837486743927001953e+00
9.580000000000000000e+03 1.815683007240295410e+00
9.581000000000000000e+03 1.769147515296936035e+00
9.582000000000000000e+03 1.832458496093750000e+00
9.583000000000000000e+03 1.803438663482666016e+00
9.584000000000000000e+03 1.845884323120117188e+00
9.585000000000000000e+03 1.849017143249511719e+00
9.586000000000000000e+03 1.842857837677001953e+00
9.587000000000000000e+03 1.894488573074340820e+00
9.588000000000000000e+03 1.922670483589172363e+00
9.589000000000000000e+03 1.908518433570861816e+00
9.590000000000000000e+03 1.915500402450561523e+00
9.591000000000000000e+03 1.859117746353149414e+00
9.592000000000000000e+03 1.882851600646972656e+00
9.593000000000000000e+03 1.836020588874816895e+00
9.594000000000000000e+03 1.902133941650390625e+00
9.595000000000000000e+03 1.902561187744140625e+00
9.596000000000000000e+03 1.857805252075195312e+00
9.597000000000000000e+03 1.908940792083740234e+00
9.598000000000000000e+03 1.916197776794433594e+00
9.599000000000000000e+03 1.910492658615112305e+00
9.600000000000000000e+03 1.899163126945495605e+00
9.601000000000000000e+03 1.892250895500183105e+00
9.602000000000000000e+03 1.876336336135864258e+00
9.603000000000000000e+03 1.941859126091003418e+00
9.604000000000000000e+03 1.882941961288452148e+00
9.605000000000000000e+03 1.942917943000793457e+00
9.606000000000000000e+03 1.917123794555664062e+00
9.607000000000000000e+03 1.862937450408935547e+00
9.608000000000000000e+03 1.904145836830139160e+00
9.609000000000000000e+03 1.884037017822265625e+00
9.610000000000000000e+03 1.896501898765563965e+00
9.611000000000000000e+03 1.898681044578552246e+00
9.612000000000000000e+03 1.868998765945434570e+00
9.613000000000000000e+03 1.874422550201416016e+00
9.614000000000000000e+03 1.905837893486022949e+00
9.615000000000000000e+03 1.865024089813232422e+00
9.616000000000000000e+03 1.864043712615966797e+00
9.617000000000000000e+03 1.865263700485229492e+00
9.618000000000000000e+03 1.844338059425354004e+00
9.619000000000000000e+03 1.858889102935791016e+00
9.620000000000000000e+03 1.831420898437500000e+00
9.621000000000000000e+03 1.850538969039916992e+00
9.622000000000000000e+03 1.822408318519592285e+00
9.623000000000000000e+03 1.830855488777160645e+00
9.624000000000000000e+03 1.901112318038940430e+00
9.625000000000000000e+03 1.859877467155456543e+00
9.626000000000000000e+03 1.838084459304809570e+00
9.627000000000000000e+03 1.890576481819152832e+00
9.628000000000000000e+03 1.849579095840454102e+00
9.629000000000000000e+03 1.835986495018005371e+00
9.630000000000000000e+03 1.861755609512329102e+00
9.631000000000000000e+03 1.852644443511962891e+00
9.632000000000000000e+03 1.848051667213439941e+00
9.633000000000000000e+03 1.851536870002746582e+00
9.634000000000000000e+03 1.870845437049865723e+00
9.635000000000000000e+03 1.823911666870117188e+00
9.636000000000000000e+03 1.856194138526916504e+00
9.637000000000000000e+03 1.832425236701965332e+00
9.638000000000000000e+03 1.851889133453369141e+00
9.639000000000000000e+03 1.854299545288085938e+00
9.640000000000000000e+03 1.849760293960571289e+00
9.641000000000000000e+03 1.820615768432617188e+00
9.642000000000000000e+03 1.819383025169372559e+00
9.643000000000000000e+03 1.787854909896850586e+00
9.644000000000000000e+03 1.792876362800598145e+00
9.645000000000000000e+03 1.789441823959350586e+00
9.646000000000000000e+03 1.840135693550109863e+00
9.647000000000000000e+03 1.771346807479858398e+00
9.648000000000000000e+03 1.786326169967651367e+00
9.649000000000000000e+03 1.814954042434692383e+00
9.650000000000000000e+03 1.806991934776306152e+00
9.651000000000000000e+03 1.794491291046142578e+00
9.652000000000000000e+03 1.781166553497314453e+00
9.653000000000000000e+03 1.836778879165649414e+00
9.654000000000000000e+03 1.857849597930908203e+00
9.655000000000000000e+03 1.878182888031005859e+00
9.656000000000000000e+03 1.851097822189331055e+00
9.657000000000000000e+03 1.827072978019714355e+00
9.658000000000000000e+03 1.823294043540954590e+00
9.659000000000000000e+03 1.846170186996459961e+00
9.660000000000000000e+03 1.879029750823974609e+00
9.661000000000000000e+03 1.847681641578674316e+00
9.662000000000000000e+03 1.840101003646850586e+00
9.663000000000000000e+03 1.860315799713134766e+00
9.664000000000000000e+03 1.856737136840820312e+00
9.665000000000000000e+03 1.797244668006896973e+00
9.666000000000000000e+03 1.843141436576843262e+00
9.667000000000000000e+03 1.772135734558105469e+00
9.668000000000000000e+03 1.835384607315063477e+00
9.669000000000000000e+03 1.852841496467590332e+00
9.670000000000000000e+03 1.854319930076599121e+00
9.671000000000000000e+03 1.850824713706970215e+00
9.672000000000000000e+03 1.894692182540893555e+00
9.673000000000000000e+03 1.822478771209716797e+00
9.674000000000000000e+03 1.877569675445556641e+00
9.675000000000000000e+03 1.838936805725097656e+00
9.676000000000000000e+03 1.865799188613891602e+00
9.677000000000000000e+03 1.817974805831909180e+00
9.678000000000000000e+03 1.832715988159179688e+00
9.679000000000000000e+03 1.837844133377075195e+00
9.680000000000000000e+03 1.814352393150329590e+00
9.681000000000000000e+03 1.807366967201232910e+00
9.682000000000000000e+03 1.836642384529113770e+00
9.683000000000000000e+03 1.806137204170227051e+00
9.684000000000000000e+03 1.776733517646789551e+00
9.685000000000000000e+03 1.842229127883911133e+00
9.686000000000000000e+03 1.886583566665649414e+00
9.687000000000000000e+03 1.824389934539794922e+00
9.688000000000000000e+03 1.894683957099914551e+00
9.689000000000000000e+03 1.845178365707397461e+00
9.690000000000000000e+03 1.842145919799804688e+00
9.691000000000000000e+03 1.848459959030151367e+00
9.692000000000000000e+03 1.887539148330688477e+00
9.693000000000000000e+03 1.862296342849731445e+00
9.694000000000000000e+03 1.878449201583862305e+00
9.695000000000000000e+03 1.885923385620117188e+00
9.696000000000000000e+03 1.894116044044494629e+00
9.697000000000000000e+03 1.863062143325805664e+00
9.698000000000000000e+03 1.799041271209716797e+00
9.699000000000000000e+03 1.857397079467773438e+00
9.700000000000000000e+03 1.871928930282592773e+00
9.701000000000000000e+03 1.869554281234741211e+00
9.702000000000000000e+03 1.831855297088623047e+00
9.703000000000000000e+03 1.817060470581054688e+00
9.704000000000000000e+03 1.896747469902038574e+00
9.705000000000000000e+03 1.896675109863281250e+00
9.706000000000000000e+03 1.868301391601562500e+00
9.707000000000000000e+03 1.885160923004150391e+00
9.708000000000000000e+03 1.883511185646057129e+00
9.709000000000000000e+03 1.866861939430236816e+00
9.710000000000000000e+03 1.883698701858520508e+00
9.711000000000000000e+03 1.835035920143127441e+00
9.712000000000000000e+03 1.807103395462036133e+00
9.713000000000000000e+03 1.846606731414794922e+00
9.714000000000000000e+03 1.846846580505371094e+00
9.715000000000000000e+03 1.831148743629455566e+00
9.716000000000000000e+03 1.812343835830688477e+00
9.717000000000000000e+03 1.818009614944458008e+00
9.718000000000000000e+03 1.854916691780090332e+00
9.719000000000000000e+03 1.796825528144836426e+00
9.720000000000000000e+03 1.841196775436401367e+00
9.721000000000000000e+03 1.810116410255432129e+00
9.722000000000000000e+03 1.847069978713989258e+00
9.723000000000000000e+03 1.816504597663879395e+00
9.724000000000000000e+03 1.807487726211547852e+00
9.725000000000000000e+03 1.839627265930175781e+00
9.726000000000000000e+03 1.832169294357299805e+00
9.727000000000000000e+03 1.789393544197082520e+00
9.728000000000000000e+03 1.781254053115844727e+00
9.729000000000000000e+03 1.812231540679931641e+00
9.730000000000000000e+03 1.868142962455749512e+00
9.731000000000000000e+03 1.870636105537414551e+00
9.732000000000000000e+03 1.854921102523803711e+00
9.733000000000000000e+03 1.889744043350219727e+00
9.734000000000000000e+03 1.919050931930541992e+00
9.735000000000000000e+03 1.949019670486450195e+00
9.736000000000000000e+03 1.829123139381408691e+00
9.737000000000000000e+03 1.890482544898986816e+00
9.738000000000000000e+03 1.890613555908203125e+00
9.739000000000000000e+03 1.854854583740234375e+00
9.740000000000000000e+03 1.862798333168029785e+00
9.741000000000000000e+03 1.860619902610778809e+00
9.742000000000000000e+03 1.889501452445983887e+00
9.743000000000000000e+03 1.850920319557189941e+00
9.744000000000000000e+03 1.898820757865905762e+00
9.745000000000000000e+03 1.890761494636535645e+00
9.746000000000000000e+03 1.836512207984924316e+00
9.747000000000000000e+03 1.881641626358032227e+00
9.748000000000000000e+03 1.837035059928894043e+00
9.749000000000000000e+03 1.829130887985229492e+00
9.750000000000000000e+03 1.806267142295837402e+00
9.751000000000000000e+03 1.853239655494689941e+00
9.752000000000000000e+03 1.801274180412292480e+00
9.753000000000000000e+03 1.756606101989746094e+00
9.754000000000000000e+03 1.842558026313781738e+00
9.755000000000000000e+03 1.854765176773071289e+00
9.756000000000000000e+03 1.845636129379272461e+00
9.757000000000000000e+03 1.843178749084472656e+00
9.758000000000000000e+03 1.844996213912963867e+00
9.759000000000000000e+03 1.827989816665649414e+00
9.760000000000000000e+03 1.783874273300170898e+00
9.761000000000000000e+03 1.815321326255798340e+00
9.762000000000000000e+03 1.801336288452148438e+00
9.763000000000000000e+03 1.788538455963134766e+00
9.764000000000000000e+03 1.787312746047973633e+00
9.765000000000000000e+03 1.821991920471191406e+00
9.766000000000000000e+03 1.818381071090698242e+00
9.767000000000000000e+03 1.790481090545654297e+00
9.768000000000000000e+03 1.848404884338378906e+00
9.769000000000000000e+03 1.789817214012145996e+00
9.770000000000000000e+03 1.786197543144226074e+00
9.771000000000000000e+03 1.805237770080566406e+00
9.772000000000000000e+03 1.780540347099304199e+00
9.773000000000000000e+03 1.758607983589172363e+00
9.774000000000000000e+03 1.815215349197387695e+00
9.775000000000000000e+03 1.818121314048767090e+00
9.776000000000000000e+03 1.784061670303344727e+00
9.777000000000000000e+03 1.818633794784545898e+00
9.778000000000000000e+03 1.819278120994567871e+00
9.779000000000000000e+03 1.820787429809570312e+00
9.780000000000000000e+03 1.793216466903686523e+00
9.781000000000000000e+03 1.800952196121215820e+00
9.782000000000000000e+03 1.766852617263793945e+00
9.783000000000000000e+03 1.798941135406494141e+00
9.784000000000000000e+03 1.739287018775939941e+00
9.785000000000000000e+03 1.752112984657287598e+00
9.786000000000000000e+03 1.740383982658386230e+00
9.787000000000000000e+03 1.750556111335754395e+00
9.788000000000000000e+03 1.779060125350952148e+00
9.789000000000000000e+03 1.803866982460021973e+00
9.790000000000000000e+03 1.814279437065124512e+00
9.791000000000000000e+03 1.767208456993103027e+00
9.792000000000000000e+03 1.755134820938110352e+00
9.793000000000000000e+03 1.854823231697082520e+00
9.794000000000000000e+03 1.768295764923095703e+00
9.795000000000000000e+03 1.835748910903930664e+00
9.796000000000000000e+03 1.796075701713562012e+00
9.797000000000000000e+03 1.803428888320922852e+00
9.798000000000000000e+03 1.820965647697448730e+00
9.799000000000000000e+03 1.841247320175170898e+00
9.800000000000000000e+03 1.832446098327636719e+00
9.801000000000000000e+03 1.857206821441650391e+00
9.802000000000000000e+03 1.841200828552246094e+00
9.803000000000000000e+03 1.758844852447509766e+00
9.804000000000000000e+03 1.837706923484802246e+00
9.805000000000000000e+03 1.805496454238891602e+00
9.806000000000000000e+03 1.804179787635803223e+00
9.807000000000000000e+03 1.791547298431396484e+00
9.808000000000000000e+03 1.808755993843078613e+00
9.809000000000000000e+03 1.835096240043640137e+00
9.810000000000000000e+03 1.810831904411315918e+00
9.811000000000000000e+03 1.823928833007812500e+00
9.812000000000000000e+03 1.803898334503173828e+00
9.813000000000000000e+03 1.844321489334106445e+00
9.814000000000000000e+03 1.826575279235839844e+00
9.815000000000000000e+03 1.824189186096191406e+00
9.816000000000000000e+03 1.838390111923217773e+00
9.817000000000000000e+03 1.857086181640625000e+00
9.818000000000000000e+03 1.816850423812866211e+00
9.819000000000000000e+03 1.774629831314086914e+00
9.820000000000000000e+03 1.808667659759521484e+00
9.821000000000000000e+03 1.806657075881958008e+00
9.822000000000000000e+03 1.866614460945129395e+00
9.823000000000000000e+03 1.892054319381713867e+00
9.824000000000000000e+03 1.842774748802185059e+00
9.825000000000000000e+03 1.847390651702880859e+00
9.826000000000000000e+03 1.904979228973388672e+00
9.827000000000000000e+03 1.844963073730468750e+00
9.828000000000000000e+03 1.870445370674133301e+00
9.829000000000000000e+03 1.899794101715087891e+00
9.830000000000000000e+03 1.846066236495971680e+00
9.831000000000000000e+03 1.862468481063842773e+00
9.832000000000000000e+03 1.810510873794555664e+00
9.833000000000000000e+03 1.842455863952636719e+00
9.834000000000000000e+03 1.785133838653564453e+00
9.835000000000000000e+03 1.818736076354980469e+00
9.836000000000000000e+03 1.806500077247619629e+00
9.837000000000000000e+03 1.838960528373718262e+00
9.838000000000000000e+03 1.838162422180175781e+00
9.839000000000000000e+03 1.826449394226074219e+00
9.840000000000000000e+03 1.852575182914733887e+00
9.841000000000000000e+03 1.758783459663391113e+00
9.842000000000000000e+03 1.805779457092285156e+00
9.843000000000000000e+03 1.852039813995361328e+00
9.844000000000000000e+03 1.861747622489929199e+00
9.845000000000000000e+03 1.811701893806457520e+00
9.846000000000000000e+03 1.830213189125061035e+00
9.847000000000000000e+03 1.829163551330566406e+00
9.848000000000000000e+03 1.789440155029296875e+00
9.849000000000000000e+03 1.771368741989135742e+00
9.850000000000000000e+03 1.820361733436584473e+00
9.851000000000000000e+03 1.818755507469177246e+00
9.852000000000000000e+03 1.821552753448486328e+00
9.853000000000000000e+03 1.819779276847839355e+00
9.854000000000000000e+03 1.828891515731811523e+00
9.855000000000000000e+03 1.850329160690307617e+00
9.856000000000000000e+03 1.808325052261352539e+00
9.857000000000000000e+03 1.837740659713745117e+00
9.858000000000000000e+03 1.806567788124084473e+00
9.859000000000000000e+03 1.785402655601501465e+00
9.860000000000000000e+03 1.824837207794189453e+00
9.861000000000000000e+03 1.792636394500732422e+00
9.862000000000000000e+03 1.829196572303771973e+00
9.863000000000000000e+03 1.797554492950439453e+00
9.864000000000000000e+03 1.832149386405944824e+00
9.865000000000000000e+03 1.782128453254699707e+00
9.866000000000000000e+03 1.765419125556945801e+00
9.867000000000000000e+03 1.796385049819946289e+00
9.868000000000000000e+03 1.744301080703735352e+00
9.869000000000000000e+03 1.744348526000976562e+00
9.870000000000000000e+03 1.819240212440490723e+00
9.871000000000000000e+03 1.784594297409057617e+00
9.872000000000000000e+03 1.787131905555725098e+00
9.873000000000000000e+03 1.800567388534545898e+00
9.874000000000000000e+03 1.796828866004943848e+00
9.875000000000000000e+03 1.792527914047241211e+00
9.876000000000000000e+03 1.834612250328063965e+00
9.877000000000000000e+03 1.822226047515869141e+00
9.878000000000000000e+03 1.774908542633056641e+00
9.879000000000000000e+03 1.747374176979064941e+00
9.880000000000000000e+03 1.790804505348205566e+00
9.881000000000000000e+03 1.781159877777099609e+00
9.882000000000000000e+03 1.780917406082153320e+00
9.883000000000000000e+03 1.783262491226196289e+00
9.884000000000000000e+03 1.786617517471313477e+00
9.885000000000000000e+03 1.788540959358215332e+00
9.886000000000000000e+03 1.739635825157165527e+00
9.887000000000000000e+03 1.749141216278076172e+00
9.888000000000000000e+03 1.756365060806274414e+00
9.889000000000000000e+03 1.742329001426696777e+00
9.890000000000000000e+03 1.768672347068786621e+00
9.891000000000000000e+03 1.787171244621276855e+00
9.892000000000000000e+03 1.790830612182617188e+00
9.893000000000000000e+03 1.776482462882995605e+00
9.894000000000000000e+03 1.781588077545166016e+00
9.895000000000000000e+03 1.837699890136718750e+00
9.896000000000000000e+03 1.800479292869567871e+00
9.897000000000000000e+03 1.777794837951660156e+00
9.898000000000000000e+03 1.766643285751342773e+00
9.899000000000000000e+03 1.776955366134643555e+00
9.900000000000000000e+03 1.770590901374816895e+00
9.901000000000000000e+03 1.767810225486755371e+00
9.902000000000000000e+03 1.771931171417236328e+00
9.903000000000000000e+03 1.738638162612915039e+00
9.904000000000000000e+03 1.752664804458618164e+00
9.905000000000000000e+03 1.815407276153564453e+00
9.906000000000000000e+03 1.799344062805175781e+00
9.907000000000000000e+03 1.758771538734436035e+00
9.908000000000000000e+03 1.777449607849121094e+00
9.909000000000000000e+03 1.760305881500244141e+00
9.910000000000000000e+03 1.772355318069458008e+00
9.911000000000000000e+03 1.762462615966796875e+00
9.912000000000000000e+03 1.784019708633422852e+00
9.913000000000000000e+03 1.701502561569213867e+00
9.914000000000000000e+03 1.761793494224548340e+00
9.915000000000000000e+03 1.694843292236328125e+00
9.916000000000000000e+03 1.728325724601745605e+00
9.917000000000000000e+03 1.702580213546752930e+00
9.918000000000000000e+03 1.790047168731689453e+00
9.919000000000000000e+03 1.807595968246459961e+00
9.920000000000000000e+03 1.802854776382446289e+00
9.921000000000000000e+03 1.799225091934204102e+00
9.922000000000000000e+03 1.808267593383789062e+00
9.923000000000000000e+03 1.756317615509033203e+00
9.924000000000000000e+03 1.791979551315307617e+00
9.925000000000000000e+03 1.814316987991333008e+00
9.926000000000000000e+03 1.807411789894104004e+00
9.927000000000000000e+03 1.786682367324829102e+00
9.928000000000000000e+03 1.758543848991394043e+00
9.929000000000000000e+03 1.755151748657226562e+00
9.930000000000000000e+03 1.774412631988525391e+00
9.931000000000000000e+03 1.817949652671813965e+00
9.932000000000000000e+03 1.799686551094055176e+00
9.933000000000000000e+03 1.777540326118469238e+00
9.934000000000000000e+03 1.798077225685119629e+00
9.935000000000000000e+03 1.807157158851623535e+00
9.936000000000000000e+03 1.836327552795410156e+00
9.937000000000000000e+03 1.859615445137023926e+00
9.938000000000000000e+03 1.802483558654785156e+00
9.939000000000000000e+03 1.796289443969726562e+00
9.940000000000000000e+03 1.827010154724121094e+00
9.941000000000000000e+03 1.802018284797668457e+00
9.942000000000000000e+03 1.799453496932983398e+00
9.943000000000000000e+03 1.840042471885681152e+00
9.944000000000000000e+03 1.818324685096740723e+00
9.945000000000000000e+03 1.806852102279663086e+00
9.946000000000000000e+03 1.885550022125244141e+00
9.947000000000000000e+03 1.834728002548217773e+00
9.948000000000000000e+03 1.877060890197753906e+00
9.949000000000000000e+03 1.844932317733764648e+00
9.950000000000000000e+03 1.826652526855468750e+00
9.951000000000000000e+03 1.854362487792968750e+00
9.952000000000000000e+03 1.888748288154602051e+00
9.953000000000000000e+03 1.863300561904907227e+00
9.954000000000000000e+03 1.825643658638000488e+00
9.955000000000000000e+03 1.863012552261352539e+00
9.956000000000000000e+03 1.862303495407104492e+00
9.957000000000000000e+03 1.854847550392150879e+00
9.958000000000000000e+03 1.842635631561279297e+00
9.959000000000000000e+03 1.839237332344055176e+00
9.960000000000000000e+03 1.809058308601379395e+00
9.961000000000000000e+03 1.794179797172546387e+00
9.962000000000000000e+03 1.766158342361450195e+00
9.963000000000000000e+03 1.795213818550109863e+00
9.964000000000000000e+03 1.740898013114929199e+00
9.965000000000000000e+03 1.737034082412719727e+00
9.966000000000000000e+03 1.797363877296447754e+00
9.967000000000000000e+03 1.764328479766845703e+00
9.968000000000000000e+03 1.764060139656066895e+00
9.969000000000000000e+03 1.736655831336975098e+00
9.970000000000000000e+03 1.755593061447143555e+00
9.971000000000000000e+03 1.773704051971435547e+00
9.972000000000000000e+03 1.776260614395141602e+00
9.973000000000000000e+03 1.781096458435058594e+00
9.974000000000000000e+03 1.753524661064147949e+00
9.975000000000000000e+03 1.782008409500122070e+00
9.976000000000000000e+03 1.746325016021728516e+00
9.977000000000000000e+03 1.797465205192565918e+00
9.978000000000000000e+03 1.811135172843933105e+00
9.979000000000000000e+03 1.787429809570312500e+00
9.980000000000000000e+03 1.781174659729003906e+00
9.981000000000000000e+03 1.779490232467651367e+00
9.982000000000000000e+03 1.824723482131958008e+00
9.983000000000000000e+03 1.844085097312927246e+00
9.984000000000000000e+03 1.834298014640808105e+00
9.985000000000000000e+03 1.825298428535461426e+00
9.986000000000000000e+03 1.849722743034362793e+00
9.987000000000000000e+03 1.841922044754028320e+00
9.988000000000000000e+03 1.857210397720336914e+00
9.989000000000000000e+03 1.823321342468261719e+00
9.990000000000000000e+03 1.869318246841430664e+00
9.991000000000000000e+03 1.838475227355957031e+00
9.992000000000000000e+03 1.843046665191650391e+00
9.993000000000000000e+03 1.801210403442382812e+00
9.994000000000000000e+03 1.793304085731506348e+00
9.995000000000000000e+03 1.768303751945495605e+00
9.996000000000000000e+03 1.788789629936218262e+00
9.997000000000000000e+03 1.806328296661376953e+00
9.998000000000000000e+03 1.746305465698242188e+00
9.999000000000000000e+03 1.761611342430114746e+00
