0.000000000000000000e+00 -2.185479640960693359e+00
1.000000000000000000e+00 -2.235790491104125977e+00
2.000000000000000000e+00 -2.224917888641357422e+00
3.000000000000000000e+00 -2.226869583129882812e+00
4.000000000000000000e+00 -2.232025384902954102e+00
5.000000000000000000e+00 -2.239328384399414062e+00
6.000000000000000000e+00 -2.254627227783203125e+00
7.000000000000000000e+00 -2.232550859451293945e+00
8.000000000000000000e+00 -2.238963603973388672e+00
9.000000000000000000e+00 -2.236183643341064453e+00
1.000000000000000000e+01 -2.281593799591064453e+00
1.100000000000000000e+01 -2.255275011062622070e+00
1.200000000000000000e+01 -2.253009319305419922e+00
1.300000000000000000e+01 -2.216237068176269531e+00
1.400000000000000000e+01 -2.258460521697998047e+00
1.500000000000000000e+01 -2.249833345413208008e+00
1.600000000000000000e+01 -2.267221927642822266e+00
1.700000000000000000e+01 -2.275217533111572266e+00
1.800000000000000000e+01 -2.281527757644653320e+00
1.900000000000000000e+01 -2.251276969909667969e+00
2.000000000000000000e+01 -2.279396533966064453e+00
2.100000000000000000e+01 -2.240251541137695312e+00
2.200000000000000000e+01 -2.270740985870361328e+00
2.300000000000000000e+01 -2.235863208770751953e+00
2.400000000000000000e+01 -2.223132610321044922e+00
2.500000000000000000e+01 -2.230515003204345703e+00
2.600000000000000000e+01 -2.223704099655151367e+00
2.700000000000000000e+01 -2.242072582244873047e+00
2.800000000000000000e+01 -2.213219165802001953e+00
2.900000000000000000e+01 -2.208963155746459961e+00
3.000000000000000000e+01 -2.232227802276611328e+00
3.100000000000000000e+01 -2.228245735168457031e+00
3.200000000000000000e+01 -2.243989944458007812e+00
3.300000000000000000e+01 -2.243474960327148438e+00
3.400000000000000000e+01 -2.189187526702880859e+00
3.500000000000000000e+01 -2.238152027130126953e+00
3.600000000000000000e+01 -2.255680322647094727e+00
3.700000000000000000e+01 -2.244492769241333008e+00
3.800000000000000000e+01 -2.263534307479858398e+00
3.900000000000000000e+01 -2.220000982284545898e+00
4.000000000000000000e+01 -2.248281955718994141e+00
4.100000000000000000e+01 -2.255346059799194336e+00
4.200000000000000000e+01 -2.215955734252929688e+00
4.300000000000000000e+01 -2.226764202117919922e+00
4.400000000000000000e+01 -2.232075929641723633e+00
4.500000000000000000e+01 -2.234255075454711914e+00
4.600000000000000000e+01 -2.213039636611938477e+00
4.700000000000000000e+01 -2.218802928924560547e+00
4.800000000000000000e+01 -2.228447198867797852e+00
4.900000000000000000e+01 -2.259334087371826172e+00
5.000000000000000000e+01 -2.257538795471191406e+00
5.100000000000000000e+01 -2.252543210983276367e+00
5.200000000000000000e+01 -2.248407602310180664e+00
5.300000000000000000e+01 -2.240286827087402344e+00
5.400000000000000000e+01 -2.253262758255004883e+00
5.500000000000000000e+01 -2.240923166275024414e+00
5.600000000000000000e+01 -2.217030525207519531e+00
5.700000000000000000e+01 -2.251825571060180664e+00
5.800000000000000000e+01 -2.225259304046630859e+00
5.900000000000000000e+01 -2.213407278060913086e+00
6.000000000000000000e+01 -2.211033105850219727e+00
6.100000000000000000e+01 -2.207855224609375000e+00
6.200000000000000000e+01 -2.223545312881469727e+00
6.300000000000000000e+01 -2.188333511352539062e+00
6.400000000000000000e+01 -2.213290214538574219e+00
6.500000000000000000e+01 -2.242946147918701172e+00
6.600000000000000000e+01 -2.235610961914062500e+00
6.700000000000000000e+01 -2.242274284362792969e+00
6.800000000000000000e+01 -2.205002784729003906e+00
6.900000000000000000e+01 -2.215459108352661133e+00
7.000000000000000000e+01 -2.203787565231323242e+00
7.100000000000000000e+01 -2.220489025115966797e+00
7.200000000000000000e+01 -2.219527482986450195e+00
7.300000000000000000e+01 -2.213994026184082031e+00
7.400000000000000000e+01 -2.254074335098266602e+00
7.500000000000000000e+01 -2.256379127502441406e+00
7.600000000000000000e+01 -2.199895858764648438e+00
7.700000000000000000e+01 -2.212797880172729492e+00
7.800000000000000000e+01 -2.193165779113769531e+00
7.900000000000000000e+01 -2.213607072830200195e+00
8.000000000000000000e+01 -2.200281620025634766e+00
8.100000000000000000e+01 -2.232165813446044922e+00
8.200000000000000000e+01 -2.255030155181884766e+00
8.300000000000000000e+01 -2.203006982803344727e+00
8.400000000000000000e+01 -2.201012134552001953e+00
8.500000000000000000e+01 -2.210837841033935547e+00
8.600000000000000000e+01 -2.234837532043457031e+00
8.700000000000000000e+01 -2.224243402481079102e+00
8.800000000000000000e+01 -2.258370876312255859e+00
8.900000000000000000e+01 -2.245023727416992188e+00
9.000000000000000000e+01 -2.259889364242553711e+00
9.100000000000000000e+01 -2.251357555389404297e+00
9.200000000000000000e+01 -2.215901613235473633e+00
9.300000000000000000e+01 -2.239048957824707031e+00
9.400000000000000000e+01 -2.255662918090820312e+00
9.500000000000000000e+01 -2.258050918579101562e+00
9.600000000000000000e+01 -2.245818138122558594e+00
9.700000000000000000e+01 -2.251037836074829102e+00
9.800000000000000000e+01 -2.239050388336181641e+00
9.900000000000000000e+01 -2.211951732635498047e+00
1.000000000000000000e+02 -2.213130950927734375e+00
1.010000000000000000e+02 -2.221937656402587891e+00
1.020000000000000000e+02 -2.215432643890380859e+00
1.030000000000000000e+02 -2.176045179367065430e+00
1.040000000000000000e+02 -2.177847146987915039e+00
1.050000000000000000e+02 -2.207055568695068359e+00
1.060000000000000000e+02 -2.221196174621582031e+00
1.070000000000000000e+02 -2.202542543411254883e+00
1.080000000000000000e+02 -2.210170745849609375e+00
1.090000000000000000e+02 -2.205672264099121094e+00
1.100000000000000000e+02 -2.228930711746215820e+00
1.110000000000000000e+02 -2.210270404815673828e+00
1.120000000000000000e+02 -2.226050615310668945e+00
1.130000000000000000e+02 -2.237467288970947266e+00
1.140000000000000000e+02 -2.252807140350341797e+00
1.150000000000000000e+02 -2.235325098037719727e+00
1.160000000000000000e+02 -2.222719669342041016e+00
1.170000000000000000e+02 -2.218118190765380859e+00
1.180000000000000000e+02 -2.224565029144287109e+00
1.190000000000000000e+02 -2.253812074661254883e+00
1.200000000000000000e+02 -2.243829727172851562e+00
1.210000000000000000e+02 -2.227313756942749023e+00
1.220000000000000000e+02 -2.237956523895263672e+00
1.230000000000000000e+02 -2.241924285888671875e+00
1.240000000000000000e+02 -2.251391649246215820e+00
1.250000000000000000e+02 -2.251549959182739258e+00
1.260000000000000000e+02 -2.221600770950317383e+00
1.270000000000000000e+02 -2.207291603088378906e+00
1.280000000000000000e+02 -2.218714714050292969e+00
1.290000000000000000e+02 -2.224118709564208984e+00
1.300000000000000000e+02 -2.219306230545043945e+00
1.310000000000000000e+02 -2.218189239501953125e+00
1.320000000000000000e+02 -2.222051382064819336e+00
1.330000000000000000e+02 -2.233105897903442383e+00
1.340000000000000000e+02 -2.262360572814941406e+00
1.350000000000000000e+02 -2.224812746047973633e+00
1.360000000000000000e+02 -2.221651077270507812e+00
1.370000000000000000e+02 -2.223195552825927734e+00
1.380000000000000000e+02 -2.247229099273681641e+00
1.390000000000000000e+02 -2.269160032272338867e+00
1.400000000000000000e+02 -2.238728046417236328e+00
1.410000000000000000e+02 -2.233422756195068359e+00
1.420000000000000000e+02 -2.256142377853393555e+00
1.430000000000000000e+02 -2.246129751205444336e+00
1.440000000000000000e+02 -2.257824659347534180e+00
1.450000000000000000e+02 -2.284128189086914062e+00
1.460000000000000000e+02 -2.261620998382568359e+00
1.470000000000000000e+02 -2.233828544616699219e+00
1.480000000000000000e+02 -2.258546590805053711e+00
1.490000000000000000e+02 -2.307649135589599609e+00
1.500000000000000000e+02 -2.268192291259765625e+00
1.510000000000000000e+02 -2.254641056060791016e+00
1.520000000000000000e+02 -2.276670217514038086e+00
1.530000000000000000e+02 -2.257081985473632812e+00
1.540000000000000000e+02 -2.258512020111083984e+00
1.550000000000000000e+02 -2.253279685974121094e+00
1.560000000000000000e+02 -2.248572826385498047e+00
1.570000000000000000e+02 -2.230500698089599609e+00
1.580000000000000000e+02 -2.239285469055175781e+00
1.590000000000000000e+02 -2.253612756729125977e+00
1.600000000000000000e+02 -2.254967212677001953e+00
1.610000000000000000e+02 -2.227659225463867188e+00
1.620000000000000000e+02 -2.239261388778686523e+00
1.630000000000000000e+02 -2.224238395690917969e+00
1.640000000000000000e+02 -2.235243320465087891e+00
1.650000000000000000e+02 -2.239685058593750000e+00
1.660000000000000000e+02 -2.236411571502685547e+00
1.670000000000000000e+02 -2.215360641479492188e+00
1.680000000000000000e+02 -2.228650331497192383e+00
1.690000000000000000e+02 -2.229540109634399414e+00
1.700000000000000000e+02 -2.216902494430541992e+00
1.710000000000000000e+02 -2.284398317337036133e+00
1.720000000000000000e+02 -2.289757728576660156e+00
1.730000000000000000e+02 -2.226502418518066406e+00
1.740000000000000000e+02 -2.212339639663696289e+00
1.750000000000000000e+02 -2.220895290374755859e+00
1.760000000000000000e+02 -2.228184938430786133e+00
1.770000000000000000e+02 -2.218934535980224609e+00
1.780000000000000000e+02 -2.257239818572998047e+00
1.790000000000000000e+02 -2.230667352676391602e+00
1.800000000000000000e+02 -2.310975551605224609e+00
1.810000000000000000e+02 -2.265685796737670898e+00
1.820000000000000000e+02 -2.263872623443603516e+00
1.830000000000000000e+02 -2.243567705154418945e+00
1.840000000000000000e+02 -2.218315362930297852e+00
1.850000000000000000e+02 -2.222334384918212891e+00
1.860000000000000000e+02 -2.234364748001098633e+00
1.870000000000000000e+02 -2.254617452621459961e+00
1.880000000000000000e+02 -2.268579721450805664e+00
1.890000000000000000e+02 -2.270142555236816406e+00
1.900000000000000000e+02 -2.217410087585449219e+00
1.910000000000000000e+02 -2.220454216003417969e+00
1.920000000000000000e+02 -2.194181442260742188e+00
1.930000000000000000e+02 -2.212661266326904297e+00
1.940000000000000000e+02 -2.216833591461181641e+00
1.950000000000000000e+02 -2.260452985763549805e+00
1.960000000000000000e+02 -2.219504117965698242e+00
1.970000000000000000e+02 -2.214956283569335938e+00
1.980000000000000000e+02 -2.232870101928710938e+00
1.990000000000000000e+02 -2.223759651184082031e+00
2.000000000000000000e+02 -2.207303047180175781e+00
2.010000000000000000e+02 -2.243767738342285156e+00
2.020000000000000000e+02 -2.241081237792968750e+00
2.030000000000000000e+02 -2.248826026916503906e+00
2.040000000000000000e+02 -2.234356403350830078e+00
2.050000000000000000e+02 -2.274416685104370117e+00
2.060000000000000000e+02 -2.235346794128417969e+00
2.070000000000000000e+02 -2.246545314788818359e+00
2.080000000000000000e+02 -2.254550218582153320e+00
2.090000000000000000e+02 -2.225934028625488281e+00
2.100000000000000000e+02 -2.238627910614013672e+00
2.110000000000000000e+02 -2.249456882476806641e+00
2.120000000000000000e+02 -2.195734024047851562e+00
2.130000000000000000e+02 -2.182945728302001953e+00
2.140000000000000000e+02 -2.198072433471679688e+00
2.150000000000000000e+02 -2.224631786346435547e+00
2.160000000000000000e+02 -2.193894386291503906e+00
2.170000000000000000e+02 -2.234264612197875977e+00
2.180000000000000000e+02 -2.208834409713745117e+00
2.190000000000000000e+02 -2.209773063659667969e+00
2.200000000000000000e+02 -2.219458580017089844e+00
2.210000000000000000e+02 -2.203368425369262695e+00
2.220000000000000000e+02 -2.212353229522705078e+00
2.230000000000000000e+02 -2.237254619598388672e+00
2.240000000000000000e+02 -2.233355998992919922e+00
2.250000000000000000e+02 -2.245668649673461914e+00
2.260000000000000000e+02 -2.245602846145629883e+00
2.270000000000000000e+02 -2.226384401321411133e+00
2.280000000000000000e+02 -2.212673902511596680e+00
2.290000000000000000e+02 -2.257388114929199219e+00
2.300000000000000000e+02 -2.242426395416259766e+00
2.310000000000000000e+02 -2.232974290847778320e+00
2.320000000000000000e+02 -2.270353555679321289e+00
2.330000000000000000e+02 -2.285653352737426758e+00
2.340000000000000000e+02 -2.285818815231323242e+00
2.350000000000000000e+02 -2.288666963577270508e+00
2.360000000000000000e+02 -2.238646507263183594e+00
2.370000000000000000e+02 -2.213198184967041016e+00
2.380000000000000000e+02 -2.233536243438720703e+00
2.390000000000000000e+02 -2.221299886703491211e+00
2.400000000000000000e+02 -2.241596221923828125e+00
2.410000000000000000e+02 -2.231587409973144531e+00
2.420000000000000000e+02 -2.206597805023193359e+00
2.430000000000000000e+02 -2.256940364837646484e+00
2.440000000000000000e+02 -2.223506212234497070e+00
2.450000000000000000e+02 -2.189825534820556641e+00
2.460000000000000000e+02 -2.185706138610839844e+00
2.470000000000000000e+02 -2.191648483276367188e+00
2.480000000000000000e+02 -2.221148014068603516e+00
2.490000000000000000e+02 -2.204846858978271484e+00
2.500000000000000000e+02 -2.208442926406860352e+00
2.510000000000000000e+02 -2.241491794586181641e+00
2.520000000000000000e+02 -2.219293594360351562e+00
2.530000000000000000e+02 -2.181916952133178711e+00
2.540000000000000000e+02 -2.173636436462402344e+00
2.550000000000000000e+02 -2.209042310714721680e+00
2.560000000000000000e+02 -2.199612140655517578e+00
2.570000000000000000e+02 -2.199398994445800781e+00
2.580000000000000000e+02 -2.228496313095092773e+00
2.590000000000000000e+02 -2.182102680206298828e+00
2.600000000000000000e+02 -2.162336349487304688e+00
2.610000000000000000e+02 -2.163107872009277344e+00
2.620000000000000000e+02 -2.187870264053344727e+00
2.630000000000000000e+02 -2.214053630828857422e+00
2.640000000000000000e+02 -2.253345251083374023e+00
2.650000000000000000e+02 -2.223714351654052734e+00
2.660000000000000000e+02 -2.203116893768310547e+00
2.670000000000000000e+02 -2.217451095581054688e+00
2.680000000000000000e+02 -2.231700420379638672e+00
2.690000000000000000e+02 -2.234843969345092773e+00
2.700000000000000000e+02 -2.164822816848754883e+00
2.710000000000000000e+02 -2.225766181945800781e+00
2.720000000000000000e+02 -2.133257865905761719e+00
2.730000000000000000e+02 -2.198377847671508789e+00
2.740000000000000000e+02 -2.222672462463378906e+00
2.750000000000000000e+02 -2.213644027709960938e+00
2.760000000000000000e+02 -2.247302532196044922e+00
2.770000000000000000e+02 -2.258069753646850586e+00
2.780000000000000000e+02 -2.245573759078979492e+00
2.790000000000000000e+02 -2.260953664779663086e+00
2.800000000000000000e+02 -2.283732414245605469e+00
2.810000000000000000e+02 -2.247461318969726562e+00
2.820000000000000000e+02 -2.252898454666137695e+00
2.830000000000000000e+02 -2.256196260452270508e+00
2.840000000000000000e+02 -2.237173557281494141e+00
2.850000000000000000e+02 -2.245962858200073242e+00
2.860000000000000000e+02 -2.233717441558837891e+00
2.870000000000000000e+02 -2.287397623062133789e+00
2.880000000000000000e+02 -2.274555683135986328e+00
2.890000000000000000e+02 -2.248899698257446289e+00
2.900000000000000000e+02 -2.257919788360595703e+00
2.910000000000000000e+02 -2.286281585693359375e+00
2.920000000000000000e+02 -2.271586418151855469e+00
2.930000000000000000e+02 -2.304344177246093750e+00
2.940000000000000000e+02 -2.248866081237792969e+00
2.950000000000000000e+02 -2.245183706283569336e+00
2.960000000000000000e+02 -2.248331069946289062e+00
2.970000000000000000e+02 -2.247269630432128906e+00
2.980000000000000000e+02 -2.266750812530517578e+00
2.990000000000000000e+02 -2.274874687194824219e+00
3.000000000000000000e+02 -2.263309717178344727e+00
3.010000000000000000e+02 -2.277567863464355469e+00
3.020000000000000000e+02 -2.258765697479248047e+00
3.030000000000000000e+02 -2.279370307922363281e+00
3.040000000000000000e+02 -2.255804061889648438e+00
3.050000000000000000e+02 -2.273386001586914062e+00
3.060000000000000000e+02 -2.293210268020629883e+00
3.070000000000000000e+02 -2.269019126892089844e+00
3.080000000000000000e+02 -2.288650989532470703e+00
3.090000000000000000e+02 -2.241241216659545898e+00
3.100000000000000000e+02 -2.272526025772094727e+00
3.110000000000000000e+02 -2.246683120727539062e+00
3.120000000000000000e+02 -2.263423442840576172e+00
3.130000000000000000e+02 -2.259187698364257812e+00
3.140000000000000000e+02 -2.256579399108886719e+00
3.150000000000000000e+02 -2.214055538177490234e+00
3.160000000000000000e+02 -2.204556226730346680e+00
3.170000000000000000e+02 -2.264332294464111328e+00
3.180000000000000000e+02 -2.248974561691284180e+00
3.190000000000000000e+02 -2.241387844085693359e+00
3.200000000000000000e+02 -2.285363674163818359e+00
3.210000000000000000e+02 -2.260432243347167969e+00
3.220000000000000000e+02 -2.253961563110351562e+00
3.230000000000000000e+02 -2.246460437774658203e+00
3.240000000000000000e+02 -2.246446847915649414e+00
3.250000000000000000e+02 -2.248639345169067383e+00
3.260000000000000000e+02 -2.289573907852172852e+00
3.270000000000000000e+02 -2.252236127853393555e+00
3.280000000000000000e+02 -2.277378082275390625e+00
3.290000000000000000e+02 -2.257080316543579102e+00
3.300000000000000000e+02 -2.281764507293701172e+00
3.310000000000000000e+02 -2.277551174163818359e+00
3.320000000000000000e+02 -2.287434816360473633e+00
3.330000000000000000e+02 -2.252309322357177734e+00
3.340000000000000000e+02 -2.240229129791259766e+00
3.350000000000000000e+02 -2.255508422851562500e+00
3.360000000000000000e+02 -2.230474710464477539e+00
3.370000000000000000e+02 -2.221686363220214844e+00
3.380000000000000000e+02 -2.222259759902954102e+00
3.390000000000000000e+02 -2.216709852218627930e+00
3.400000000000000000e+02 -2.252639532089233398e+00
3.410000000000000000e+02 -2.281312227249145508e+00
3.420000000000000000e+02 -2.263963460922241211e+00
3.430000000000000000e+02 -2.217860221862792969e+00
3.440000000000000000e+02 -2.267059326171875000e+00
3.450000000000000000e+02 -2.242355823516845703e+00
3.460000000000000000e+02 -2.254109859466552734e+00
3.470000000000000000e+02 -2.252545595169067383e+00
3.480000000000000000e+02 -2.239595174789428711e+00
3.490000000000000000e+02 -2.245980024337768555e+00
3.500000000000000000e+02 -2.202622890472412109e+00
3.510000000000000000e+02 -2.248957872390747070e+00
3.520000000000000000e+02 -2.275210618972778320e+00
3.530000000000000000e+02 -2.264828443527221680e+00
3.540000000000000000e+02 -2.264181137084960938e+00
3.550000000000000000e+02 -2.276352882385253906e+00
3.560000000000000000e+02 -2.278753995895385742e+00
3.570000000000000000e+02 -2.255836009979248047e+00
3.580000000000000000e+02 -2.266967296600341797e+00
3.590000000000000000e+02 -2.205516099929809570e+00
3.600000000000000000e+02 -2.220581054687500000e+00
3.610000000000000000e+02 -2.218282222747802734e+00
3.620000000000000000e+02 -2.264798164367675781e+00
3.630000000000000000e+02 -2.225193977355957031e+00
3.640000000000000000e+02 -2.225249767303466797e+00
3.650000000000000000e+02 -2.243471145629882812e+00
3.660000000000000000e+02 -2.238555669784545898e+00
3.670000000000000000e+02 -2.235727548599243164e+00
3.680000000000000000e+02 -2.243172168731689453e+00
3.690000000000000000e+02 -2.239870071411132812e+00
3.700000000000000000e+02 -2.244389057159423828e+00
3.710000000000000000e+02 -2.275392532348632812e+00
3.720000000000000000e+02 -2.262750148773193359e+00
3.730000000000000000e+02 -2.209948778152465820e+00
3.740000000000000000e+02 -2.230044841766357422e+00
3.750000000000000000e+02 -2.219460248947143555e+00
3.760000000000000000e+02 -2.238729476928710938e+00
3.770000000000000000e+02 -2.210339307785034180e+00
3.780000000000000000e+02 -2.234042167663574219e+00
3.790000000000000000e+02 -2.234070539474487305e+00
3.800000000000000000e+02 -2.257339239120483398e+00
3.810000000000000000e+02 -2.286240339279174805e+00
3.820000000000000000e+02 -2.235958576202392578e+00
3.830000000000000000e+02 -2.280540466308593750e+00
3.840000000000000000e+02 -2.259969711303710938e+00
3.850000000000000000e+02 -2.232777118682861328e+00
3.860000000000000000e+02 -2.236654520034790039e+00
3.870000000000000000e+02 -2.209868907928466797e+00
3.880000000000000000e+02 -2.230201959609985352e+00
3.890000000000000000e+02 -2.215620517730712891e+00
3.900000000000000000e+02 -2.224607229232788086e+00
3.910000000000000000e+02 -2.230993747711181641e+00
3.920000000000000000e+02 -2.225950479507446289e+00
3.930000000000000000e+02 -2.223154067993164062e+00
3.940000000000000000e+02 -2.244417667388916016e+00
3.950000000000000000e+02 -2.275792121887207031e+00
3.960000000000000000e+02 -2.274497270584106445e+00
3.970000000000000000e+02 -2.281173706054687500e+00
3.980000000000000000e+02 -2.285981893539428711e+00
3.990000000000000000e+02 -2.256131649017333984e+00
4.000000000000000000e+02 -2.230310678482055664e+00
4.010000000000000000e+02 -2.247459411621093750e+00
4.020000000000000000e+02 -2.270298242568969727e+00
4.030000000000000000e+02 -2.258422136306762695e+00
4.040000000000000000e+02 -2.283791065216064453e+00
4.050000000000000000e+02 -2.270475387573242188e+00
4.060000000000000000e+02 -2.272218942642211914e+00
4.070000000000000000e+02 -2.242980957031250000e+00
4.080000000000000000e+02 -2.260352134704589844e+00
4.090000000000000000e+02 -2.253307342529296875e+00
4.100000000000000000e+02 -2.246366977691650391e+00
4.110000000000000000e+02 -2.242998123168945312e+00
4.120000000000000000e+02 -2.226322412490844727e+00
4.130000000000000000e+02 -2.242433786392211914e+00
4.140000000000000000e+02 -2.235393524169921875e+00
4.150000000000000000e+02 -2.225121974945068359e+00
4.160000000000000000e+02 -2.254316329956054688e+00
4.170000000000000000e+02 -2.259538173675537109e+00
4.180000000000000000e+02 -2.272415637969970703e+00
4.190000000000000000e+02 -2.267248630523681641e+00
4.200000000000000000e+02 -2.280968904495239258e+00
4.210000000000000000e+02 -2.249260663986206055e+00
4.220000000000000000e+02 -2.275866270065307617e+00
4.230000000000000000e+02 -2.268234491348266602e+00
4.240000000000000000e+02 -2.274712085723876953e+00
4.250000000000000000e+02 -2.289316415786743164e+00
4.260000000000000000e+02 -2.295902252197265625e+00
4.270000000000000000e+02 -2.275516510009765625e+00
4.280000000000000000e+02 -2.273153781890869141e+00
4.290000000000000000e+02 -2.251034259796142578e+00
4.300000000000000000e+02 -2.255205869674682617e+00
4.310000000000000000e+02 -2.253907680511474609e+00
4.320000000000000000e+02 -2.276221752166748047e+00
4.330000000000000000e+02 -2.272637844085693359e+00
4.340000000000000000e+02 -2.237634897232055664e+00
4.350000000000000000e+02 -2.271639347076416016e+00
4.360000000000000000e+02 -2.280734539031982422e+00
4.370000000000000000e+02 -2.301357507705688477e+00
4.380000000000000000e+02 -2.250981092453002930e+00
4.390000000000000000e+02 -2.246912002563476562e+00
4.400000000000000000e+02 -2.246558904647827148e+00
4.410000000000000000e+02 -2.210202693939208984e+00
4.420000000000000000e+02 -2.209429264068603516e+00
4.430000000000000000e+02 -2.260743618011474609e+00
4.440000000000000000e+02 -2.272690296173095703e+00
4.450000000000000000e+02 -2.260427713394165039e+00
4.460000000000000000e+02 -2.232298851013183594e+00
4.470000000000000000e+02 -2.244593143463134766e+00
4.480000000000000000e+02 -2.287872552871704102e+00
4.490000000000000000e+02 -2.257198333740234375e+00
4.500000000000000000e+02 -2.271342515945434570e+00
4.510000000000000000e+02 -2.277894496917724609e+00
4.520000000000000000e+02 -2.231477975845336914e+00
4.530000000000000000e+02 -2.239531517028808594e+00
4.540000000000000000e+02 -2.237318754196166992e+00
4.550000000000000000e+02 -2.288397073745727539e+00
4.560000000000000000e+02 -2.266484737396240234e+00
4.570000000000000000e+02 -2.303213357925415039e+00
4.580000000000000000e+02 -2.272504329681396484e+00
4.590000000000000000e+02 -2.275195837020874023e+00
4.600000000000000000e+02 -2.285927057266235352e+00
4.610000000000000000e+02 -2.236136436462402344e+00
4.620000000000000000e+02 -2.242442131042480469e+00
4.630000000000000000e+02 -2.283346176147460938e+00
4.640000000000000000e+02 -2.256356477737426758e+00
4.650000000000000000e+02 -2.270282268524169922e+00
4.660000000000000000e+02 -2.229201793670654297e+00
4.670000000000000000e+02 -2.230227947235107422e+00
4.680000000000000000e+02 -2.249173402786254883e+00
4.690000000000000000e+02 -2.275268554687500000e+00
4.700000000000000000e+02 -2.233790874481201172e+00
4.710000000000000000e+02 -2.227697849273681641e+00
4.720000000000000000e+02 -2.239889621734619141e+00
4.730000000000000000e+02 -2.250142574310302734e+00
4.740000000000000000e+02 -2.285734653472900391e+00
4.750000000000000000e+02 -2.280216455459594727e+00
4.760000000000000000e+02 -2.272923231124877930e+00
4.770000000000000000e+02 -2.243418216705322266e+00
4.780000000000000000e+02 -2.304699659347534180e+00
4.790000000000000000e+02 -2.266798019409179688e+00
4.800000000000000000e+02 -2.290202617645263672e+00
4.810000000000000000e+02 -2.279870986938476562e+00
4.820000000000000000e+02 -2.271170377731323242e+00
4.830000000000000000e+02 -2.277696609497070312e+00
4.840000000000000000e+02 -2.292450428009033203e+00
4.850000000000000000e+02 -2.298192024230957031e+00
4.860000000000000000e+02 -2.295524120330810547e+00
4.870000000000000000e+02 -2.329720020294189453e+00
4.880000000000000000e+02 -2.256448268890380859e+00
4.890000000000000000e+02 -2.258347272872924805e+00
4.900000000000000000e+02 -2.255771636962890625e+00
4.910000000000000000e+02 -2.271613121032714844e+00
4.920000000000000000e+02 -2.281882286071777344e+00
4.930000000000000000e+02 -2.284668684005737305e+00
4.940000000000000000e+02 -2.256946086883544922e+00
4.950000000000000000e+02 -2.278249979019165039e+00
4.960000000000000000e+02 -2.283699750900268555e+00
4.970000000000000000e+02 -2.288335323333740234e+00
4.980000000000000000e+02 -2.284912824630737305e+00
4.990000000000000000e+02 -2.245277404785156250e+00
5.000000000000000000e+02 -2.263802289962768555e+00
5.010000000000000000e+02 -2.286891698837280273e+00
5.020000000000000000e+02 -2.235133647918701172e+00
5.030000000000000000e+02 -2.252665281295776367e+00
5.040000000000000000e+02 -2.250875949859619141e+00
5.050000000000000000e+02 -2.269729375839233398e+00
5.060000000000000000e+02 -2.253480195999145508e+00
5.070000000000000000e+02 -2.243393421173095703e+00
5.080000000000000000e+02 -2.221025466918945312e+00
5.090000000000000000e+02 -2.241931915283203125e+00
5.100000000000000000e+02 -2.277447700500488281e+00
5.110000000000000000e+02 -2.271567344665527344e+00
5.120000000000000000e+02 -2.256527423858642578e+00
5.130000000000000000e+02 -2.240727901458740234e+00
5.140000000000000000e+02 -2.242247581481933594e+00
5.150000000000000000e+02 -2.220884084701538086e+00
5.160000000000000000e+02 -2.215858459472656250e+00
5.170000000000000000e+02 -2.237792491912841797e+00
5.180000000000000000e+02 -2.253653764724731445e+00
5.190000000000000000e+02 -2.247045040130615234e+00
5.200000000000000000e+02 -2.250511169433593750e+00
5.210000000000000000e+02 -2.231825351715087891e+00
5.220000000000000000e+02 -2.235693693161010742e+00
5.230000000000000000e+02 -2.220202207565307617e+00
5.240000000000000000e+02 -2.192524909973144531e+00
5.250000000000000000e+02 -2.214003086090087891e+00
5.260000000000000000e+02 -2.251486539840698242e+00
5.270000000000000000e+02 -2.249728918075561523e+00
5.280000000000000000e+02 -2.202809810638427734e+00
5.290000000000000000e+02 -2.252411365509033203e+00
5.300000000000000000e+02 -2.251781702041625977e+00
5.310000000000000000e+02 -2.231752634048461914e+00
5.320000000000000000e+02 -2.251915931701660156e+00
5.330000000000000000e+02 -2.237143754959106445e+00
5.340000000000000000e+02 -2.216362237930297852e+00
5.350000000000000000e+02 -2.234373092651367188e+00
5.360000000000000000e+02 -2.218609333038330078e+00
5.370000000000000000e+02 -2.208034515380859375e+00
5.380000000000000000e+02 -2.234943151473999023e+00
5.390000000000000000e+02 -2.229712247848510742e+00
5.400000000000000000e+02 -2.237713336944580078e+00
5.410000000000000000e+02 -2.212571859359741211e+00
5.420000000000000000e+02 -2.231308221817016602e+00
5.430000000000000000e+02 -2.214764595031738281e+00
5.440000000000000000e+02 -2.233414649963378906e+00
5.450000000000000000e+02 -2.203009366989135742e+00
5.460000000000000000e+02 -2.253493785858154297e+00
5.470000000000000000e+02 -2.238628149032592773e+00
5.480000000000000000e+02 -2.207682847976684570e+00
5.490000000000000000e+02 -2.187780857086181641e+00
5.500000000000000000e+02 -2.172271490097045898e+00
5.510000000000000000e+02 -2.222276210784912109e+00
5.520000000000000000e+02 -2.203819274902343750e+00
5.530000000000000000e+02 -2.240164279937744141e+00
5.540000000000000000e+02 -2.231762886047363281e+00
5.550000000000000000e+02 -2.233253002166748047e+00
5.560000000000000000e+02 -2.261262893676757812e+00
5.570000000000000000e+02 -2.252836942672729492e+00
5.580000000000000000e+02 -2.210746288299560547e+00
5.590000000000000000e+02 -2.227370262145996094e+00
5.600000000000000000e+02 -2.252165317535400391e+00
5.610000000000000000e+02 -2.217402935028076172e+00
5.620000000000000000e+02 -2.215372562408447266e+00
5.630000000000000000e+02 -2.198776006698608398e+00
5.640000000000000000e+02 -2.228589534759521484e+00
5.650000000000000000e+02 -2.249211549758911133e+00
5.660000000000000000e+02 -2.253027915954589844e+00
5.670000000000000000e+02 -2.240104436874389648e+00
5.680000000000000000e+02 -2.246516942977905273e+00
5.690000000000000000e+02 -2.219173192977905273e+00
5.700000000000000000e+02 -2.222335577011108398e+00
5.710000000000000000e+02 -2.195039749145507812e+00
5.720000000000000000e+02 -2.219941616058349609e+00
5.730000000000000000e+02 -2.237213373184204102e+00
5.740000000000000000e+02 -2.248013496398925781e+00
5.750000000000000000e+02 -2.254257678985595703e+00
5.760000000000000000e+02 -2.230697870254516602e+00
5.770000000000000000e+02 -2.211286067962646484e+00
5.780000000000000000e+02 -2.212398052215576172e+00
5.790000000000000000e+02 -2.191786766052246094e+00
5.800000000000000000e+02 -2.206769466400146484e+00
5.810000000000000000e+02 -2.196059465408325195e+00
5.820000000000000000e+02 -2.234359502792358398e+00
5.830000000000000000e+02 -2.194698333740234375e+00
5.840000000000000000e+02 -2.196737289428710938e+00
5.850000000000000000e+02 -2.206652164459228516e+00
5.860000000000000000e+02 -2.235465288162231445e+00
5.870000000000000000e+02 -2.223028659820556641e+00
5.880000000000000000e+02 -2.211060047149658203e+00
5.890000000000000000e+02 -2.210496425628662109e+00
5.900000000000000000e+02 -2.206927776336669922e+00
5.910000000000000000e+02 -2.234784364700317383e+00
5.920000000000000000e+02 -2.212857723236083984e+00
5.930000000000000000e+02 -2.209542274475097656e+00
5.940000000000000000e+02 -2.210034608840942383e+00
5.950000000000000000e+02 -2.234434366226196289e+00
5.960000000000000000e+02 -2.213958740234375000e+00
5.970000000000000000e+02 -2.188800811767578125e+00
5.980000000000000000e+02 -2.202872037887573242e+00
5.990000000000000000e+02 -2.239259243011474609e+00
6.000000000000000000e+02 -2.202790021896362305e+00
6.010000000000000000e+02 -2.247094154357910156e+00
6.020000000000000000e+02 -2.224077939987182617e+00
6.030000000000000000e+02 -2.211810588836669922e+00
6.040000000000000000e+02 -2.229416847229003906e+00
6.050000000000000000e+02 -2.214000940322875977e+00
6.060000000000000000e+02 -2.209309101104736328e+00
6.070000000000000000e+02 -2.229008436203002930e+00
6.080000000000000000e+02 -2.195450544357299805e+00
6.090000000000000000e+02 -2.232080936431884766e+00
6.100000000000000000e+02 -2.174236059188842773e+00
6.110000000000000000e+02 -2.200729370117187500e+00
6.120000000000000000e+02 -2.204595088958740234e+00
6.130000000000000000e+02 -2.200829505920410156e+00
6.140000000000000000e+02 -2.162766933441162109e+00
6.150000000000000000e+02 -2.176494598388671875e+00
6.160000000000000000e+02 -2.186841726303100586e+00
6.170000000000000000e+02 -2.229923248291015625e+00
6.180000000000000000e+02 -2.218677997589111328e+00
6.190000000000000000e+02 -2.235512733459472656e+00
6.200000000000000000e+02 -2.226367950439453125e+00
6.210000000000000000e+02 -2.244245529174804688e+00
6.220000000000000000e+02 -2.197649478912353516e+00
6.230000000000000000e+02 -2.172250747680664062e+00
6.240000000000000000e+02 -2.222049236297607422e+00
6.250000000000000000e+02 -2.186513900756835938e+00
6.260000000000000000e+02 -2.172385215759277344e+00
6.270000000000000000e+02 -2.195870637893676758e+00
6.280000000000000000e+02 -2.187941551208496094e+00
6.290000000000000000e+02 -2.197994470596313477e+00
6.300000000000000000e+02 -2.207098484039306641e+00
6.310000000000000000e+02 -2.168668508529663086e+00
6.320000000000000000e+02 -2.186593532562255859e+00
6.330000000000000000e+02 -2.240591049194335938e+00
6.340000000000000000e+02 -2.181366443634033203e+00
6.350000000000000000e+02 -2.195517778396606445e+00
6.360000000000000000e+02 -2.208164215087890625e+00
6.370000000000000000e+02 -2.201207160949707031e+00
6.380000000000000000e+02 -2.176079750061035156e+00
6.390000000000000000e+02 -2.204038143157958984e+00
6.400000000000000000e+02 -2.214485168457031250e+00
6.410000000000000000e+02 -2.195330619812011719e+00
6.420000000000000000e+02 -2.201497316360473633e+00
6.430000000000000000e+02 -2.187946557998657227e+00
6.440000000000000000e+02 -2.204653739929199219e+00
6.450000000000000000e+02 -2.140576362609863281e+00
6.460000000000000000e+02 -2.180505275726318359e+00
6.470000000000000000e+02 -2.228461503982543945e+00
6.480000000000000000e+02 -2.190156936645507812e+00
6.490000000000000000e+02 -2.175265550613403320e+00
6.500000000000000000e+02 -2.182433128356933594e+00
6.510000000000000000e+02 -2.168515205383300781e+00
6.520000000000000000e+02 -2.183073043823242188e+00
6.530000000000000000e+02 -2.171529293060302734e+00
6.540000000000000000e+02 -2.222437620162963867e+00
6.550000000000000000e+02 -2.168475151062011719e+00
6.560000000000000000e+02 -2.184859752655029297e+00
6.570000000000000000e+02 -2.202287912368774414e+00
6.580000000000000000e+02 -2.201041698455810547e+00
6.590000000000000000e+02 -2.182515859603881836e+00
6.600000000000000000e+02 -2.167996406555175781e+00
6.610000000000000000e+02 -2.145878791809082031e+00
6.620000000000000000e+02 -2.174862384796142578e+00
6.630000000000000000e+02 -2.140405893325805664e+00
6.640000000000000000e+02 -2.176570415496826172e+00
6.650000000000000000e+02 -2.164282798767089844e+00
6.660000000000000000e+02 -2.171788692474365234e+00
6.670000000000000000e+02 -2.194613695144653320e+00
6.680000000000000000e+02 -2.195099353790283203e+00
6.690000000000000000e+02 -2.178682804107666016e+00
6.700000000000000000e+02 -2.179852962493896484e+00
6.710000000000000000e+02 -2.196704626083374023e+00
6.720000000000000000e+02 -2.224277973175048828e+00
6.730000000000000000e+02 -2.189602375030517578e+00
6.740000000000000000e+02 -2.192450284957885742e+00
6.750000000000000000e+02 -2.160100460052490234e+00
6.760000000000000000e+02 -2.195691585540771484e+00
6.770000000000000000e+02 -2.179166316986083984e+00
6.780000000000000000e+02 -2.180968523025512695e+00
6.790000000000000000e+02 -2.244701385498046875e+00
6.800000000000000000e+02 -2.238681077957153320e+00
6.810000000000000000e+02 -2.229384660720825195e+00
6.820000000000000000e+02 -2.194706201553344727e+00
6.830000000000000000e+02 -2.179350376129150391e+00
6.840000000000000000e+02 -2.171838521957397461e+00
6.850000000000000000e+02 -2.174998283386230469e+00
6.860000000000000000e+02 -2.192966461181640625e+00
6.870000000000000000e+02 -2.213869810104370117e+00
6.880000000000000000e+02 -2.171692848205566406e+00
6.890000000000000000e+02 -2.185522079467773438e+00
6.900000000000000000e+02 -2.212650775909423828e+00
6.910000000000000000e+02 -2.196737766265869141e+00
6.920000000000000000e+02 -2.193126916885375977e+00
6.930000000000000000e+02 -2.190365314483642578e+00
6.940000000000000000e+02 -2.194056510925292969e+00
6.950000000000000000e+02 -2.177119731903076172e+00
6.960000000000000000e+02 -2.174659967422485352e+00
6.970000000000000000e+02 -2.176427841186523438e+00
6.980000000000000000e+02 -2.178670406341552734e+00
6.990000000000000000e+02 -2.198276281356811523e+00
7.000000000000000000e+02 -2.205666542053222656e+00
7.010000000000000000e+02 -2.191328048706054688e+00
7.020000000000000000e+02 -2.195052146911621094e+00
7.030000000000000000e+02 -2.193812370300292969e+00
7.040000000000000000e+02 -2.183656454086303711e+00
7.050000000000000000e+02 -2.195775985717773438e+00
7.060000000000000000e+02 -2.185597419738769531e+00
7.070000000000000000e+02 -2.227149009704589844e+00
7.080000000000000000e+02 -2.194192886352539062e+00
7.090000000000000000e+02 -2.231404781341552734e+00
7.100000000000000000e+02 -2.231906652450561523e+00
7.110000000000000000e+02 -2.216016054153442383e+00
7.120000000000000000e+02 -2.219329833984375000e+00
7.130000000000000000e+02 -2.178078174591064453e+00
7.140000000000000000e+02 -2.180971860885620117e+00
7.150000000000000000e+02 -2.164250612258911133e+00
7.160000000000000000e+02 -2.186455249786376953e+00
7.170000000000000000e+02 -2.233541488647460938e+00
7.180000000000000000e+02 -2.193529129028320312e+00
7.190000000000000000e+02 -2.208120584487915039e+00
7.200000000000000000e+02 -2.216529846191406250e+00
7.210000000000000000e+02 -2.215185880661010742e+00
7.220000000000000000e+02 -2.206633567810058594e+00
7.230000000000000000e+02 -2.219695091247558594e+00
7.240000000000000000e+02 -2.172904014587402344e+00
7.250000000000000000e+02 -2.238409519195556641e+00
7.260000000000000000e+02 -2.191709995269775391e+00
7.270000000000000000e+02 -2.225000381469726562e+00
7.280000000000000000e+02 -2.212433338165283203e+00
7.290000000000000000e+02 -2.228829383850097656e+00
7.300000000000000000e+02 -2.180692672729492188e+00
7.310000000000000000e+02 -2.220261096954345703e+00
7.320000000000000000e+02 -2.198199748992919922e+00
7.330000000000000000e+02 -2.189049720764160156e+00
7.340000000000000000e+02 -2.216358184814453125e+00
7.350000000000000000e+02 -2.194510698318481445e+00
7.360000000000000000e+02 -2.208829402923583984e+00
7.370000000000000000e+02 -2.210850954055786133e+00
7.380000000000000000e+02 -2.225614070892333984e+00
7.390000000000000000e+02 -2.218093156814575195e+00
7.400000000000000000e+02 -2.206016063690185547e+00
7.410000000000000000e+02 -2.230686187744140625e+00
7.420000000000000000e+02 -2.219031333923339844e+00
7.430000000000000000e+02 -2.205700874328613281e+00
7.440000000000000000e+02 -2.254655599594116211e+00
7.450000000000000000e+02 -2.252071857452392578e+00
7.460000000000000000e+02 -2.242458343505859375e+00
7.470000000000000000e+02 -2.210212230682373047e+00
7.480000000000000000e+02 -2.205495357513427734e+00
7.490000000000000000e+02 -2.197295188903808594e+00
7.500000000000000000e+02 -2.200677871704101562e+00
7.510000000000000000e+02 -2.235812187194824219e+00
7.520000000000000000e+02 -2.225899219512939453e+00
7.530000000000000000e+02 -2.209619522094726562e+00
7.540000000000000000e+02 -2.194409370422363281e+00
7.550000000000000000e+02 -2.236898899078369141e+00
7.560000000000000000e+02 -2.213423013687133789e+00
7.570000000000000000e+02 -2.224620580673217773e+00
7.580000000000000000e+02 -2.247477769851684570e+00
7.590000000000000000e+02 -2.264085054397583008e+00
7.600000000000000000e+02 -2.237446308135986328e+00
7.610000000000000000e+02 -2.223834276199340820e+00
7.620000000000000000e+02 -2.233736753463745117e+00
7.630000000000000000e+02 -2.239153623580932617e+00
7.640000000000000000e+02 -2.229997158050537109e+00
7.650000000000000000e+02 -2.220972537994384766e+00
7.660000000000000000e+02 -2.206454515457153320e+00
7.670000000000000000e+02 -2.191805362701416016e+00
7.680000000000000000e+02 -2.191705226898193359e+00
7.690000000000000000e+02 -2.212028980255126953e+00
7.700000000000000000e+02 -2.200135469436645508e+00
7.710000000000000000e+02 -2.202975511550903320e+00
7.720000000000000000e+02 -2.184698343276977539e+00
7.730000000000000000e+02 -2.221420526504516602e+00
7.740000000000000000e+02 -2.207906246185302734e+00
7.750000000000000000e+02 -2.200355291366577148e+00
7.760000000000000000e+02 -2.204196691513061523e+00
7.770000000000000000e+02 -2.218836545944213867e+00
7.780000000000000000e+02 -2.191128015518188477e+00
7.790000000000000000e+02 -2.225429773330688477e+00
7.800000000000000000e+02 -2.240434885025024414e+00
7.810000000000000000e+02 -2.230820178985595703e+00
7.820000000000000000e+02 -2.219144344329833984e+00
7.830000000000000000e+02 -2.228379487991333008e+00
7.840000000000000000e+02 -2.203585147857666016e+00
7.850000000000000000e+02 -2.200394868850708008e+00
7.860000000000000000e+02 -2.196485042572021484e+00
7.870000000000000000e+02 -2.214828014373779297e+00
7.880000000000000000e+02 -2.240683078765869141e+00
7.890000000000000000e+02 -2.223744392395019531e+00
7.900000000000000000e+02 -2.226390838623046875e+00
7.910000000000000000e+02 -2.232225894927978516e+00
7.920000000000000000e+02 -2.222492933273315430e+00
7.930000000000000000e+02 -2.232253074645996094e+00
7.940000000000000000e+02 -2.238054275512695312e+00
7.950000000000000000e+02 -2.234943389892578125e+00
7.960000000000000000e+02 -2.236989021301269531e+00
7.970000000000000000e+02 -2.252258062362670898e+00
7.980000000000000000e+02 -2.256041288375854492e+00
7.990000000000000000e+02 -2.198116302490234375e+00
8.000000000000000000e+02 -2.215559244155883789e+00
8.010000000000000000e+02 -2.260877609252929688e+00
8.020000000000000000e+02 -2.226315021514892578e+00
8.030000000000000000e+02 -2.207681417465209961e+00
8.040000000000000000e+02 -2.232384204864501953e+00
8.050000000000000000e+02 -2.229949951171875000e+00
8.060000000000000000e+02 -2.252512931823730469e+00
8.070000000000000000e+02 -2.241818666458129883e+00
8.080000000000000000e+02 -2.230716228485107422e+00
8.090000000000000000e+02 -2.215263843536376953e+00
8.100000000000000000e+02 -2.235986232757568359e+00
8.110000000000000000e+02 -2.202272415161132812e+00
8.120000000000000000e+02 -2.234947204589843750e+00
8.130000000000000000e+02 -2.270735025405883789e+00
8.140000000000000000e+02 -2.271308898925781250e+00
8.150000000000000000e+02 -2.264376878738403320e+00
8.160000000000000000e+02 -2.253260612487792969e+00
8.170000000000000000e+02 -2.259111881256103516e+00
8.180000000000000000e+02 -2.211872577667236328e+00
8.190000000000000000e+02 -2.242663145065307617e+00
8.200000000000000000e+02 -2.233960390090942383e+00
8.210000000000000000e+02 -2.216757774353027344e+00
8.220000000000000000e+02 -2.198046445846557617e+00
8.230000000000000000e+02 -2.237137079238891602e+00
8.240000000000000000e+02 -2.220287799835205078e+00
8.250000000000000000e+02 -2.232393264770507812e+00
8.260000000000000000e+02 -2.212532758712768555e+00
8.270000000000000000e+02 -2.217674493789672852e+00
8.280000000000000000e+02 -2.203003644943237305e+00
8.290000000000000000e+02 -2.229408264160156250e+00
8.300000000000000000e+02 -2.242410421371459961e+00
8.310000000000000000e+02 -2.202163219451904297e+00
8.320000000000000000e+02 -2.206356048583984375e+00
8.330000000000000000e+02 -2.248647212982177734e+00
8.340000000000000000e+02 -2.209341764450073242e+00
8.350000000000000000e+02 -2.233139038085937500e+00
8.360000000000000000e+02 -2.266647815704345703e+00
8.370000000000000000e+02 -2.229277610778808594e+00
8.380000000000000000e+02 -2.232037067413330078e+00
8.390000000000000000e+02 -2.265332221984863281e+00
8.400000000000000000e+02 -2.239236831665039062e+00
8.410000000000000000e+02 -2.228957176208496094e+00
8.420000000000000000e+02 -2.222878456115722656e+00
8.430000000000000000e+02 -2.260128021240234375e+00
8.440000000000000000e+02 -2.247082948684692383e+00
8.450000000000000000e+02 -2.254926443099975586e+00
8.460000000000000000e+02 -2.212244033813476562e+00
8.470000000000000000e+02 -2.262364625930786133e+00
8.480000000000000000e+02 -2.257077217102050781e+00
8.490000000000000000e+02 -2.266002416610717773e+00
8.500000000000000000e+02 -2.221544981002807617e+00
8.510000000000000000e+02 -2.237103462219238281e+00
8.520000000000000000e+02 -2.261778831481933594e+00
8.530000000000000000e+02 -2.227875947952270508e+00
8.540000000000000000e+02 -2.201063871383666992e+00
8.550000000000000000e+02 -2.189087629318237305e+00
8.560000000000000000e+02 -2.205079078674316406e+00
8.570000000000000000e+02 -2.228083610534667969e+00
8.580000000000000000e+02 -2.204991340637207031e+00
8.590000000000000000e+02 -2.240063667297363281e+00
8.600000000000000000e+02 -2.203521251678466797e+00
8.610000000000000000e+02 -2.236648321151733398e+00
8.620000000000000000e+02 -2.205999612808227539e+00
8.630000000000000000e+02 -2.224176883697509766e+00
8.640000000000000000e+02 -2.204710483551025391e+00
8.650000000000000000e+02 -2.214175224304199219e+00
8.660000000000000000e+02 -2.227922439575195312e+00
8.670000000000000000e+02 -2.267413854598999023e+00
8.680000000000000000e+02 -2.286456584930419922e+00
8.690000000000000000e+02 -2.277555704116821289e+00
8.700000000000000000e+02 -2.284020900726318359e+00
8.710000000000000000e+02 -2.274130582809448242e+00
8.720000000000000000e+02 -2.232984066009521484e+00
8.730000000000000000e+02 -2.238807201385498047e+00
8.740000000000000000e+02 -2.239954948425292969e+00
8.750000000000000000e+02 -2.250976800918579102e+00
8.760000000000000000e+02 -2.276991128921508789e+00
8.770000000000000000e+02 -2.296092510223388672e+00
8.780000000000000000e+02 -2.282207012176513672e+00
8.790000000000000000e+02 -2.277964830398559570e+00
8.800000000000000000e+02 -2.267440080642700195e+00
8.810000000000000000e+02 -2.267872333526611328e+00
8.820000000000000000e+02 -2.263313293457031250e+00
8.830000000000000000e+02 -2.234572410583496094e+00
8.840000000000000000e+02 -2.260743618011474609e+00
8.850000000000000000e+02 -2.234502077102661133e+00
8.860000000000000000e+02 -2.246239662170410156e+00
8.870000000000000000e+02 -2.256812095642089844e+00
8.880000000000000000e+02 -2.221719026565551758e+00
8.890000000000000000e+02 -2.268895149230957031e+00
8.900000000000000000e+02 -2.235252857208251953e+00
8.910000000000000000e+02 -2.235856533050537109e+00
8.920000000000000000e+02 -2.238655567169189453e+00
8.930000000000000000e+02 -2.224583387374877930e+00
8.940000000000000000e+02 -2.247611045837402344e+00
8.950000000000000000e+02 -2.243606567382812500e+00
8.960000000000000000e+02 -2.294675827026367188e+00
8.970000000000000000e+02 -2.273459672927856445e+00
8.980000000000000000e+02 -2.221163272857666016e+00
8.990000000000000000e+02 -2.189575672149658203e+00
9.000000000000000000e+02 -2.248859643936157227e+00
9.010000000000000000e+02 -2.240445613861083984e+00
9.020000000000000000e+02 -2.195135831832885742e+00
9.030000000000000000e+02 -2.236985445022583008e+00
9.040000000000000000e+02 -2.258090019226074219e+00
9.050000000000000000e+02 -2.232079982757568359e+00
9.060000000000000000e+02 -2.244249820709228516e+00
9.070000000000000000e+02 -2.245371103286743164e+00
9.080000000000000000e+02 -2.263293743133544922e+00
9.090000000000000000e+02 -2.266938924789428711e+00
9.100000000000000000e+02 -2.254127979278564453e+00
9.110000000000000000e+02 -2.281638145446777344e+00
9.120000000000000000e+02 -2.301143169403076172e+00
9.130000000000000000e+02 -2.292894363403320312e+00
9.140000000000000000e+02 -2.250969886779785156e+00
9.150000000000000000e+02 -2.245371580123901367e+00
9.160000000000000000e+02 -2.235016345977783203e+00
9.170000000000000000e+02 -2.242626190185546875e+00
9.180000000000000000e+02 -2.250226974487304688e+00
9.190000000000000000e+02 -2.290319919586181641e+00
9.200000000000000000e+02 -2.268684387207031250e+00
9.210000000000000000e+02 -2.259235858917236328e+00
9.220000000000000000e+02 -2.256981372833251953e+00
9.230000000000000000e+02 -2.259591102600097656e+00
9.240000000000000000e+02 -2.261827468872070312e+00
9.250000000000000000e+02 -2.263665199279785156e+00
9.260000000000000000e+02 -2.268182516098022461e+00
9.270000000000000000e+02 -2.314755201339721680e+00
9.280000000000000000e+02 -2.304475784301757812e+00
9.290000000000000000e+02 -2.303205490112304688e+00
9.300000000000000000e+02 -2.265691280364990234e+00
9.310000000000000000e+02 -2.291041851043701172e+00
9.320000000000000000e+02 -2.277505874633789062e+00
9.330000000000000000e+02 -2.265029191970825195e+00
9.340000000000000000e+02 -2.280395507812500000e+00
9.350000000000000000e+02 -2.259057760238647461e+00
9.360000000000000000e+02 -2.273381710052490234e+00
9.370000000000000000e+02 -2.264019966125488281e+00
9.380000000000000000e+02 -2.248652935028076172e+00
9.390000000000000000e+02 -2.261630296707153320e+00
9.400000000000000000e+02 -2.212233543395996094e+00
9.410000000000000000e+02 -2.237263679504394531e+00
9.420000000000000000e+02 -2.282258987426757812e+00
9.430000000000000000e+02 -2.266354560852050781e+00
9.440000000000000000e+02 -2.263053178787231445e+00
9.450000000000000000e+02 -2.287688255310058594e+00
9.460000000000000000e+02 -2.258024692535400391e+00
9.470000000000000000e+02 -2.240097999572753906e+00
9.480000000000000000e+02 -2.255425453186035156e+00
9.490000000000000000e+02 -2.246520519256591797e+00
9.500000000000000000e+02 -2.204314470291137695e+00
9.510000000000000000e+02 -2.228677272796630859e+00
9.520000000000000000e+02 -2.238858222961425781e+00
9.530000000000000000e+02 -2.214110374450683594e+00
9.540000000000000000e+02 -2.240534782409667969e+00
9.550000000000000000e+02 -2.219949722290039062e+00
9.560000000000000000e+02 -2.208436012268066406e+00
9.570000000000000000e+02 -2.219810009002685547e+00
9.580000000000000000e+02 -2.198621034622192383e+00
9.590000000000000000e+02 -2.236746311187744141e+00
9.600000000000000000e+02 -2.218678951263427734e+00
9.610000000000000000e+02 -2.187977313995361328e+00
9.620000000000000000e+02 -2.189180135726928711e+00
9.630000000000000000e+02 -2.217766284942626953e+00
9.640000000000000000e+02 -2.202961206436157227e+00
9.650000000000000000e+02 -2.222290039062500000e+00
9.660000000000000000e+02 -2.259531497955322266e+00
9.670000000000000000e+02 -2.230823755264282227e+00
9.680000000000000000e+02 -2.221848487854003906e+00
9.690000000000000000e+02 -2.258156538009643555e+00
9.700000000000000000e+02 -2.188679695129394531e+00
9.710000000000000000e+02 -2.222325563430786133e+00
9.720000000000000000e+02 -2.232520580291748047e+00
9.730000000000000000e+02 -2.251715183258056641e+00
9.740000000000000000e+02 -2.202852725982666016e+00
9.750000000000000000e+02 -2.253508090972900391e+00
9.760000000000000000e+02 -2.284596443176269531e+00
9.770000000000000000e+02 -2.253775596618652344e+00
9.780000000000000000e+02 -2.257757663726806641e+00
9.790000000000000000e+02 -2.241185426712036133e+00
9.800000000000000000e+02 -2.235410213470458984e+00
9.810000000000000000e+02 -2.252236843109130859e+00
9.820000000000000000e+02 -2.235630273818969727e+00
9.830000000000000000e+02 -2.236988544464111328e+00
9.840000000000000000e+02 -2.209187984466552734e+00
9.850000000000000000e+02 -2.236178398132324219e+00
9.860000000000000000e+02 -2.244068145751953125e+00
9.870000000000000000e+02 -2.217575311660766602e+00
9.880000000000000000e+02 -2.215033531188964844e+00
9.890000000000000000e+02 -2.209246635437011719e+00
9.900000000000000000e+02 -2.227760314941406250e+00
9.910000000000000000e+02 -2.218923330307006836e+00
9.920000000000000000e+02 -2.218556880950927734e+00
9.930000000000000000e+02 -2.195701122283935547e+00
9.940000000000000000e+02 -2.192226409912109375e+00
9.950000000000000000e+02 -2.208023071289062500e+00
9.960000000000000000e+02 -2.240673542022705078e+00
9.970000000000000000e+02 -2.214546442031860352e+00
9.980000000000000000e+02 -2.249154567718505859e+00
9.990000000000000000e+02 -2.239357709884643555e+00
1.000000000000000000e+03 -2.258358240127563477e+00
1.001000000000000000e+03 -2.231269359588623047e+00
1.002000000000000000e+03 -2.225585937500000000e+00
1.003000000000000000e+03 -2.212678909301757812e+00
1.004000000000000000e+03 -2.227763414382934570e+00
1.005000000000000000e+03 -2.194071054458618164e+00
1.006000000000000000e+03 -2.200447082519531250e+00
1.007000000000000000e+03 -2.220661640167236328e+00
1.008000000000000000e+03 -2.232386112213134766e+00
1.009000000000000000e+03 -2.233982563018798828e+00
1.010000000000000000e+03 -2.216864585876464844e+00
1.011000000000000000e+03 -2.207711219787597656e+00
1.012000000000000000e+03 -2.214728832244873047e+00
1.013000000000000000e+03 -2.158774852752685547e+00
1.014000000000000000e+03 -2.185657024383544922e+00
1.015000000000000000e+03 -2.202764272689819336e+00
1.016000000000000000e+03 -2.209845542907714844e+00
1.017000000000000000e+03 -2.213077068328857422e+00
1.018000000000000000e+03 -2.255462169647216797e+00
1.019000000000000000e+03 -2.229223728179931641e+00
1.020000000000000000e+03 -2.266739130020141602e+00
1.021000000000000000e+03 -2.281370162963867188e+00
1.022000000000000000e+03 -2.280588150024414062e+00
1.023000000000000000e+03 -2.250087738037109375e+00
1.024000000000000000e+03 -2.268657684326171875e+00
1.025000000000000000e+03 -2.276259183883666992e+00
1.026000000000000000e+03 -2.248787879943847656e+00
1.027000000000000000e+03 -2.269583463668823242e+00
1.028000000000000000e+03 -2.238948106765747070e+00
1.029000000000000000e+03 -2.239409446716308594e+00
1.030000000000000000e+03 -2.199254512786865234e+00
1.031000000000000000e+03 -2.243251085281372070e+00
1.032000000000000000e+03 -2.250803470611572266e+00
1.033000000000000000e+03 -2.215695619583129883e+00
1.034000000000000000e+03 -2.196255207061767578e+00
1.035000000000000000e+03 -2.184472084045410156e+00
1.036000000000000000e+03 -2.201443672180175781e+00
1.037000000000000000e+03 -2.194221019744873047e+00
1.038000000000000000e+03 -2.195460081100463867e+00
1.039000000000000000e+03 -2.199130535125732422e+00
1.040000000000000000e+03 -2.218855381011962891e+00
1.041000000000000000e+03 -2.242392063140869141e+00
1.042000000000000000e+03 -2.189122200012207031e+00
1.043000000000000000e+03 -2.216537714004516602e+00
1.044000000000000000e+03 -2.242079973220825195e+00
1.045000000000000000e+03 -2.221154212951660156e+00
1.046000000000000000e+03 -2.223605871200561523e+00
1.047000000000000000e+03 -2.236707448959350586e+00
1.048000000000000000e+03 -2.226694107055664062e+00
1.049000000000000000e+03 -2.221268415451049805e+00
1.050000000000000000e+03 -2.207266807556152344e+00
1.051000000000000000e+03 -2.227726459503173828e+00
1.052000000000000000e+03 -2.235701799392700195e+00
1.053000000000000000e+03 -2.205224990844726562e+00
1.054000000000000000e+03 -2.211780071258544922e+00
1.055000000000000000e+03 -2.226800441741943359e+00
1.056000000000000000e+03 -2.216781139373779297e+00
1.057000000000000000e+03 -2.231682300567626953e+00
1.058000000000000000e+03 -2.230232000350952148e+00
1.059000000000000000e+03 -2.232014417648315430e+00
1.060000000000000000e+03 -2.193550825119018555e+00
1.061000000000000000e+03 -2.188491344451904297e+00
1.062000000000000000e+03 -2.244519233703613281e+00
1.063000000000000000e+03 -2.245020866394042969e+00
1.064000000000000000e+03 -2.222675085067749023e+00
1.065000000000000000e+03 -2.205328464508056641e+00
1.066000000000000000e+03 -2.234694957733154297e+00
1.067000000000000000e+03 -2.230083227157592773e+00
1.068000000000000000e+03 -2.235294103622436523e+00
1.069000000000000000e+03 -2.242663621902465820e+00
1.070000000000000000e+03 -2.198603868484497070e+00
1.071000000000000000e+03 -2.209517478942871094e+00
1.072000000000000000e+03 -2.215776443481445312e+00
1.073000000000000000e+03 -2.173607826232910156e+00
1.074000000000000000e+03 -2.163569688796997070e+00
1.075000000000000000e+03 -2.182991981506347656e+00
1.076000000000000000e+03 -2.198986053466796875e+00
1.077000000000000000e+03 -2.213731050491333008e+00
1.078000000000000000e+03 -2.241977930068969727e+00
1.079000000000000000e+03 -2.236316442489624023e+00
1.080000000000000000e+03 -2.208806276321411133e+00
1.081000000000000000e+03 -2.226322174072265625e+00
1.082000000000000000e+03 -2.224998950958251953e+00
1.083000000000000000e+03 -2.201971530914306641e+00
1.084000000000000000e+03 -2.211178541183471680e+00
1.085000000000000000e+03 -2.210062980651855469e+00
1.086000000000000000e+03 -2.230319738388061523e+00
1.087000000000000000e+03 -2.194128990173339844e+00
1.088000000000000000e+03 -2.174558639526367188e+00
1.089000000000000000e+03 -2.205777883529663086e+00
1.090000000000000000e+03 -2.173812866210937500e+00
1.091000000000000000e+03 -2.193593978881835938e+00
1.092000000000000000e+03 -2.228507757186889648e+00
1.093000000000000000e+03 -2.183481693267822266e+00
1.094000000000000000e+03 -2.218110322952270508e+00
1.095000000000000000e+03 -2.259932041168212891e+00
1.096000000000000000e+03 -2.224341869354248047e+00
1.097000000000000000e+03 -2.196309089660644531e+00
1.098000000000000000e+03 -2.231556415557861328e+00
1.099000000000000000e+03 -2.263574361801147461e+00
1.100000000000000000e+03 -2.211400270462036133e+00
1.101000000000000000e+03 -2.219576835632324219e+00
1.102000000000000000e+03 -2.196245908737182617e+00
1.103000000000000000e+03 -2.227481365203857422e+00
1.104000000000000000e+03 -2.227968454360961914e+00
1.105000000000000000e+03 -2.259852886199951172e+00
1.106000000000000000e+03 -2.273212194442749023e+00
1.107000000000000000e+03 -2.227274179458618164e+00
1.108000000000000000e+03 -2.209618330001831055e+00
1.109000000000000000e+03 -2.253924846649169922e+00
1.110000000000000000e+03 -2.248226642608642578e+00
1.111000000000000000e+03 -2.235044479370117188e+00
1.112000000000000000e+03 -2.225686550140380859e+00
1.113000000000000000e+03 -2.232903003692626953e+00
1.114000000000000000e+03 -2.248421669006347656e+00
1.115000000000000000e+03 -2.236230134963989258e+00
1.116000000000000000e+03 -2.222686767578125000e+00
1.117000000000000000e+03 -2.241050720214843750e+00
1.118000000000000000e+03 -2.221505403518676758e+00
1.119000000000000000e+03 -2.225213527679443359e+00
1.120000000000000000e+03 -2.195593833923339844e+00
1.121000000000000000e+03 -2.184779882431030273e+00
1.122000000000000000e+03 -2.225230216979980469e+00
1.123000000000000000e+03 -2.231951713562011719e+00
1.124000000000000000e+03 -2.199670791625976562e+00
1.125000000000000000e+03 -2.188811063766479492e+00
1.126000000000000000e+03 -2.184717655181884766e+00
1.127000000000000000e+03 -2.160897016525268555e+00
1.128000000000000000e+03 -2.213542938232421875e+00
1.129000000000000000e+03 -2.163630962371826172e+00
1.130000000000000000e+03 -2.176578521728515625e+00
1.131000000000000000e+03 -2.204957008361816406e+00
1.132000000000000000e+03 -2.232038974761962891e+00
1.133000000000000000e+03 -2.190880775451660156e+00
1.134000000000000000e+03 -2.182854175567626953e+00
1.135000000000000000e+03 -2.182162761688232422e+00
1.136000000000000000e+03 -2.197772264480590820e+00
1.137000000000000000e+03 -2.162406444549560547e+00
1.138000000000000000e+03 -2.162457942962646484e+00
1.139000000000000000e+03 -2.200310707092285156e+00
1.140000000000000000e+03 -2.222300529479980469e+00
1.141000000000000000e+03 -2.236279010772705078e+00
1.142000000000000000e+03 -2.212997674942016602e+00
1.143000000000000000e+03 -2.204357862472534180e+00
1.144000000000000000e+03 -2.201292276382446289e+00
1.145000000000000000e+03 -2.201951980590820312e+00
1.146000000000000000e+03 -2.181200981140136719e+00
1.147000000000000000e+03 -2.176358699798583984e+00
1.148000000000000000e+03 -2.173661947250366211e+00
1.149000000000000000e+03 -2.197997570037841797e+00
1.150000000000000000e+03 -2.187232494354248047e+00
1.151000000000000000e+03 -2.206385850906372070e+00
1.152000000000000000e+03 -2.188688755035400391e+00
1.153000000000000000e+03 -2.208849906921386719e+00
1.154000000000000000e+03 -2.195982933044433594e+00
1.155000000000000000e+03 -2.192433118820190430e+00
1.156000000000000000e+03 -2.232880592346191406e+00
1.157000000000000000e+03 -2.178037405014038086e+00
1.158000000000000000e+03 -2.217888355255126953e+00
1.159000000000000000e+03 -2.206843376159667969e+00
1.160000000000000000e+03 -2.226029634475708008e+00
1.161000000000000000e+03 -2.205933094024658203e+00
1.162000000000000000e+03 -2.183052062988281250e+00
1.163000000000000000e+03 -2.199110031127929688e+00
1.164000000000000000e+03 -2.223151683807373047e+00
1.165000000000000000e+03 -2.233608245849609375e+00
1.166000000000000000e+03 -2.219966411590576172e+00
1.167000000000000000e+03 -2.212615728378295898e+00
1.168000000000000000e+03 -2.213262796401977539e+00
1.169000000000000000e+03 -2.184514760971069336e+00
1.170000000000000000e+03 -2.204364061355590820e+00
1.171000000000000000e+03 -2.205837965011596680e+00
1.172000000000000000e+03 -2.192920684814453125e+00
1.173000000000000000e+03 -2.198602199554443359e+00
1.174000000000000000e+03 -2.203369617462158203e+00
1.175000000000000000e+03 -2.218382596969604492e+00
1.176000000000000000e+03 -2.189130306243896484e+00
1.177000000000000000e+03 -2.241746664047241211e+00
1.178000000000000000e+03 -2.213993787765502930e+00
1.179000000000000000e+03 -2.218938112258911133e+00
1.180000000000000000e+03 -2.202603816986083984e+00
1.181000000000000000e+03 -2.213614940643310547e+00
1.182000000000000000e+03 -2.215759754180908203e+00
1.183000000000000000e+03 -2.200289249420166016e+00
1.184000000000000000e+03 -2.158189058303833008e+00
1.185000000000000000e+03 -2.181775331497192383e+00
1.186000000000000000e+03 -2.160358667373657227e+00
1.187000000000000000e+03 -2.136627197265625000e+00
1.188000000000000000e+03 -2.172027111053466797e+00
1.189000000000000000e+03 -2.167564392089843750e+00
1.190000000000000000e+03 -2.154926300048828125e+00
1.191000000000000000e+03 -2.171461820602416992e+00
1.192000000000000000e+03 -2.206707000732421875e+00
1.193000000000000000e+03 -2.186571121215820312e+00
1.194000000000000000e+03 -2.193881988525390625e+00
1.195000000000000000e+03 -2.195371389389038086e+00
1.196000000000000000e+03 -2.193537712097167969e+00
1.197000000000000000e+03 -2.201299905776977539e+00
1.198000000000000000e+03 -2.185534715652465820e+00
1.199000000000000000e+03 -2.160530567169189453e+00
1.200000000000000000e+03 -2.175914525985717773e+00
1.201000000000000000e+03 -2.168262958526611328e+00
1.202000000000000000e+03 -2.191581964492797852e+00
1.203000000000000000e+03 -2.184451580047607422e+00
1.204000000000000000e+03 -2.193519592285156250e+00
1.205000000000000000e+03 -2.183784008026123047e+00
1.206000000000000000e+03 -2.190665721893310547e+00
1.207000000000000000e+03 -2.221103906631469727e+00
1.208000000000000000e+03 -2.197304964065551758e+00
1.209000000000000000e+03 -2.186567068099975586e+00
1.210000000000000000e+03 -2.154747724533081055e+00
1.211000000000000000e+03 -2.188596725463867188e+00
1.212000000000000000e+03 -2.166119337081909180e+00
1.213000000000000000e+03 -2.191992759704589844e+00
1.214000000000000000e+03 -2.223284721374511719e+00
1.215000000000000000e+03 -2.232236146926879883e+00
1.216000000000000000e+03 -2.221474647521972656e+00
1.217000000000000000e+03 -2.208187341690063477e+00
1.218000000000000000e+03 -2.191810607910156250e+00
1.219000000000000000e+03 -2.195891618728637695e+00
1.220000000000000000e+03 -2.204562187194824219e+00
1.221000000000000000e+03 -2.178156614303588867e+00
1.222000000000000000e+03 -2.194777488708496094e+00
1.223000000000000000e+03 -2.195171356201171875e+00
1.224000000000000000e+03 -2.200001955032348633e+00
1.225000000000000000e+03 -2.165598392486572266e+00
1.226000000000000000e+03 -2.166228771209716797e+00
1.227000000000000000e+03 -2.171633005142211914e+00
1.228000000000000000e+03 -2.168624877929687500e+00
1.229000000000000000e+03 -2.199604034423828125e+00
1.230000000000000000e+03 -2.195062637329101562e+00
1.231000000000000000e+03 -2.163906097412109375e+00
1.232000000000000000e+03 -2.209412097930908203e+00
1.233000000000000000e+03 -2.212128639221191406e+00
1.234000000000000000e+03 -2.228917360305786133e+00
1.235000000000000000e+03 -2.197766304016113281e+00
1.236000000000000000e+03 -2.206626415252685547e+00
1.237000000000000000e+03 -2.223705053329467773e+00
1.238000000000000000e+03 -2.190295457839965820e+00
1.239000000000000000e+03 -2.230958938598632812e+00
1.240000000000000000e+03 -2.223094940185546875e+00
1.241000000000000000e+03 -2.205742835998535156e+00
1.242000000000000000e+03 -2.189430713653564453e+00
1.243000000000000000e+03 -2.205242633819580078e+00
1.244000000000000000e+03 -2.213326692581176758e+00
1.245000000000000000e+03 -2.224407911300659180e+00
1.246000000000000000e+03 -2.232386589050292969e+00
1.247000000000000000e+03 -2.187510013580322266e+00
1.248000000000000000e+03 -2.233492374420166016e+00
1.249000000000000000e+03 -2.186027050018310547e+00
1.250000000000000000e+03 -2.216043472290039062e+00
1.251000000000000000e+03 -2.215112686157226562e+00
1.252000000000000000e+03 -2.226271867752075195e+00
1.253000000000000000e+03 -2.201231241226196289e+00
1.254000000000000000e+03 -2.220091819763183594e+00
1.255000000000000000e+03 -2.220389366149902344e+00
1.256000000000000000e+03 -2.193664550781250000e+00
1.257000000000000000e+03 -2.176925659179687500e+00
1.258000000000000000e+03 -2.227445602416992188e+00
1.259000000000000000e+03 -2.184282541275024414e+00
1.260000000000000000e+03 -2.184773683547973633e+00
1.261000000000000000e+03 -2.212321758270263672e+00
1.262000000000000000e+03 -2.209970474243164062e+00
1.263000000000000000e+03 -2.168749332427978516e+00
1.264000000000000000e+03 -2.200916528701782227e+00
1.265000000000000000e+03 -2.209799051284790039e+00
1.266000000000000000e+03 -2.193139076232910156e+00
1.267000000000000000e+03 -2.207263946533203125e+00
1.268000000000000000e+03 -2.230687618255615234e+00
1.269000000000000000e+03 -2.199471950531005859e+00
1.270000000000000000e+03 -2.199674367904663086e+00
1.271000000000000000e+03 -2.212433338165283203e+00
1.272000000000000000e+03 -2.158893108367919922e+00
1.273000000000000000e+03 -2.173202514648437500e+00
1.274000000000000000e+03 -2.177995443344116211e+00
1.275000000000000000e+03 -2.213131904602050781e+00
1.276000000000000000e+03 -2.194147825241088867e+00
1.277000000000000000e+03 -2.202209711074829102e+00
1.278000000000000000e+03 -2.222167253494262695e+00
1.279000000000000000e+03 -2.218702793121337891e+00
1.280000000000000000e+03 -2.187667846679687500e+00
1.281000000000000000e+03 -2.209986448287963867e+00
1.282000000000000000e+03 -2.188986539840698242e+00
1.283000000000000000e+03 -2.178311109542846680e+00
1.284000000000000000e+03 -2.208027362823486328e+00
1.285000000000000000e+03 -2.237304925918579102e+00
1.286000000000000000e+03 -2.209820032119750977e+00
1.287000000000000000e+03 -2.180334329605102539e+00
1.288000000000000000e+03 -2.189924955368041992e+00
1.289000000000000000e+03 -2.213363409042358398e+00
1.290000000000000000e+03 -2.218610763549804688e+00
1.291000000000000000e+03 -2.215763092041015625e+00
1.292000000000000000e+03 -2.247728347778320312e+00
1.293000000000000000e+03 -2.197249412536621094e+00
1.294000000000000000e+03 -2.219854593276977539e+00
1.295000000000000000e+03 -2.211504220962524414e+00
1.296000000000000000e+03 -2.256648302078247070e+00
1.297000000000000000e+03 -2.217707157135009766e+00
1.298000000000000000e+03 -2.224179983139038086e+00
1.299000000000000000e+03 -2.255404949188232422e+00
1.300000000000000000e+03 -2.188831329345703125e+00
1.301000000000000000e+03 -2.199468135833740234e+00
1.302000000000000000e+03 -2.205166816711425781e+00
1.303000000000000000e+03 -2.168889760971069336e+00
1.304000000000000000e+03 -2.195887088775634766e+00
1.305000000000000000e+03 -2.191460132598876953e+00
1.306000000000000000e+03 -2.181650161743164062e+00
1.307000000000000000e+03 -2.173097610473632812e+00
1.308000000000000000e+03 -2.179654121398925781e+00
1.309000000000000000e+03 -2.191606044769287109e+00
1.310000000000000000e+03 -2.205656290054321289e+00
1.311000000000000000e+03 -2.195850372314453125e+00
1.312000000000000000e+03 -2.196669578552246094e+00
1.313000000000000000e+03 -2.235950469970703125e+00
1.314000000000000000e+03 -2.196180820465087891e+00
1.315000000000000000e+03 -2.207930564880371094e+00
1.316000000000000000e+03 -2.195574522018432617e+00
1.317000000000000000e+03 -2.214296817779541016e+00
1.318000000000000000e+03 -2.222471475601196289e+00
1.319000000000000000e+03 -2.209989070892333984e+00
1.320000000000000000e+03 -2.262862205505371094e+00
1.321000000000000000e+03 -2.248846530914306641e+00
1.322000000000000000e+03 -2.245009899139404297e+00
1.323000000000000000e+03 -2.216208934783935547e+00
1.324000000000000000e+03 -2.211198329925537109e+00
1.325000000000000000e+03 -2.211963653564453125e+00
1.326000000000000000e+03 -2.231925964355468750e+00
1.327000000000000000e+03 -2.208118438720703125e+00
1.328000000000000000e+03 -2.217927694320678711e+00
1.329000000000000000e+03 -2.170876979827880859e+00
1.330000000000000000e+03 -2.200943946838378906e+00
1.331000000000000000e+03 -2.229224205017089844e+00
1.332000000000000000e+03 -2.240032196044921875e+00
1.333000000000000000e+03 -2.254510879516601562e+00
1.334000000000000000e+03 -2.215904235839843750e+00
1.335000000000000000e+03 -2.202748775482177734e+00
1.336000000000000000e+03 -2.192304372787475586e+00
1.337000000000000000e+03 -2.209424972534179688e+00
1.338000000000000000e+03 -2.212604045867919922e+00
1.339000000000000000e+03 -2.201708793640136719e+00
1.340000000000000000e+03 -2.167542934417724609e+00
1.341000000000000000e+03 -2.200198173522949219e+00
1.342000000000000000e+03 -2.208907604217529297e+00
1.343000000000000000e+03 -2.183256387710571289e+00
1.344000000000000000e+03 -2.203010082244873047e+00
1.345000000000000000e+03 -2.186749935150146484e+00
1.346000000000000000e+03 -2.208015441894531250e+00
1.347000000000000000e+03 -2.208805561065673828e+00
1.348000000000000000e+03 -2.193548917770385742e+00
1.349000000000000000e+03 -2.184318065643310547e+00
1.350000000000000000e+03 -2.161960840225219727e+00
1.351000000000000000e+03 -2.141719818115234375e+00
1.352000000000000000e+03 -2.171214580535888672e+00
1.353000000000000000e+03 -2.183868885040283203e+00
1.354000000000000000e+03 -2.216410160064697266e+00
1.355000000000000000e+03 -2.191051959991455078e+00
1.356000000000000000e+03 -2.195940017700195312e+00
1.357000000000000000e+03 -2.193186759948730469e+00
1.358000000000000000e+03 -2.186966657638549805e+00
1.359000000000000000e+03 -2.173557996749877930e+00
1.360000000000000000e+03 -2.161804199218750000e+00
1.361000000000000000e+03 -2.143292427062988281e+00
1.362000000000000000e+03 -2.146204948425292969e+00
1.363000000000000000e+03 -2.124774456024169922e+00
1.364000000000000000e+03 -2.138708353042602539e+00
1.365000000000000000e+03 -2.152396678924560547e+00
1.366000000000000000e+03 -2.163419246673583984e+00
1.367000000000000000e+03 -2.139418125152587891e+00
1.368000000000000000e+03 -2.171400308609008789e+00
1.369000000000000000e+03 -2.167884826660156250e+00
1.370000000000000000e+03 -2.192590236663818359e+00
1.371000000000000000e+03 -2.222467660903930664e+00
1.372000000000000000e+03 -2.202334642410278320e+00
1.373000000000000000e+03 -2.202178001403808594e+00
1.374000000000000000e+03 -2.181407928466796875e+00
1.375000000000000000e+03 -2.167072296142578125e+00
1.376000000000000000e+03 -2.186066150665283203e+00
1.377000000000000000e+03 -2.183846950531005859e+00
1.378000000000000000e+03 -2.152667999267578125e+00
1.379000000000000000e+03 -2.153733253479003906e+00
1.380000000000000000e+03 -2.189226150512695312e+00
1.381000000000000000e+03 -2.188500881195068359e+00
1.382000000000000000e+03 -2.179241657257080078e+00
1.383000000000000000e+03 -2.201998710632324219e+00
1.384000000000000000e+03 -2.207387924194335938e+00
1.385000000000000000e+03 -2.210020065307617188e+00
1.386000000000000000e+03 -2.204138278961181641e+00
1.387000000000000000e+03 -2.182495594024658203e+00
1.388000000000000000e+03 -2.174995660781860352e+00
1.389000000000000000e+03 -2.210944175720214844e+00
1.390000000000000000e+03 -2.224701166152954102e+00
1.391000000000000000e+03 -2.246542215347290039e+00
1.392000000000000000e+03 -2.248551368713378906e+00
1.393000000000000000e+03 -2.265416860580444336e+00
1.394000000000000000e+03 -2.219205856323242188e+00
1.395000000000000000e+03 -2.229763269424438477e+00
1.396000000000000000e+03 -2.231608390808105469e+00
1.397000000000000000e+03 -2.228056430816650391e+00
1.398000000000000000e+03 -2.187904596328735352e+00
1.399000000000000000e+03 -2.204191684722900391e+00
1.400000000000000000e+03 -2.191035747528076172e+00
1.401000000000000000e+03 -2.217494964599609375e+00
1.402000000000000000e+03 -2.191396713256835938e+00
1.403000000000000000e+03 -2.186566352844238281e+00
1.404000000000000000e+03 -2.210537672042846680e+00
1.405000000000000000e+03 -2.202925682067871094e+00
1.406000000000000000e+03 -2.229179143905639648e+00
1.407000000000000000e+03 -2.215572357177734375e+00
1.408000000000000000e+03 -2.224791526794433594e+00
1.409000000000000000e+03 -2.208942413330078125e+00
1.410000000000000000e+03 -2.177999019622802734e+00
1.411000000000000000e+03 -2.194039106369018555e+00
1.412000000000000000e+03 -2.217292308807373047e+00
1.413000000000000000e+03 -2.213855743408203125e+00
1.414000000000000000e+03 -2.198272228240966797e+00
1.415000000000000000e+03 -2.204677581787109375e+00
1.416000000000000000e+03 -2.204364538192749023e+00
1.417000000000000000e+03 -2.179305791854858398e+00
1.418000000000000000e+03 -2.237504959106445312e+00
1.419000000000000000e+03 -2.248363971710205078e+00
1.420000000000000000e+03 -2.201043128967285156e+00
1.421000000000000000e+03 -2.221468925476074219e+00
1.422000000000000000e+03 -2.210818052291870117e+00
1.423000000000000000e+03 -2.188551902770996094e+00
1.424000000000000000e+03 -2.228372097015380859e+00
1.425000000000000000e+03 -2.207512140274047852e+00
1.426000000000000000e+03 -2.226831436157226562e+00
1.427000000000000000e+03 -2.205361127853393555e+00
1.428000000000000000e+03 -2.215631961822509766e+00
1.429000000000000000e+03 -2.169431924819946289e+00
1.430000000000000000e+03 -2.156390666961669922e+00
1.431000000000000000e+03 -2.167943000793457031e+00
1.432000000000000000e+03 -2.189713954925537109e+00
1.433000000000000000e+03 -2.208042621612548828e+00
1.434000000000000000e+03 -2.208228826522827148e+00
1.435000000000000000e+03 -2.205834388732910156e+00
1.436000000000000000e+03 -2.212535858154296875e+00
1.437000000000000000e+03 -2.188722610473632812e+00
1.438000000000000000e+03 -2.183614730834960938e+00
1.439000000000000000e+03 -2.190728664398193359e+00
1.440000000000000000e+03 -2.235940456390380859e+00
1.441000000000000000e+03 -2.184409141540527344e+00
1.442000000000000000e+03 -2.153966426849365234e+00
1.443000000000000000e+03 -2.142507553100585938e+00
1.444000000000000000e+03 -2.208219289779663086e+00
1.445000000000000000e+03 -2.232594251632690430e+00
1.446000000000000000e+03 -2.229732990264892578e+00
1.447000000000000000e+03 -2.226686716079711914e+00
1.448000000000000000e+03 -2.230647563934326172e+00
1.449000000000000000e+03 -2.232278347015380859e+00
1.450000000000000000e+03 -2.238111257553100586e+00
1.451000000000000000e+03 -2.208006858825683594e+00
1.452000000000000000e+03 -2.183972358703613281e+00
1.453000000000000000e+03 -2.206096172332763672e+00
1.454000000000000000e+03 -2.195663928985595703e+00
1.455000000000000000e+03 -2.199840545654296875e+00
1.456000000000000000e+03 -2.245076417922973633e+00
1.457000000000000000e+03 -2.223142147064208984e+00
1.458000000000000000e+03 -2.236116886138916016e+00
1.459000000000000000e+03 -2.223170518875122070e+00
1.460000000000000000e+03 -2.222713232040405273e+00
1.461000000000000000e+03 -2.211897373199462891e+00
1.462000000000000000e+03 -2.210312366485595703e+00
1.463000000000000000e+03 -2.229722499847412109e+00
1.464000000000000000e+03 -2.233857154846191406e+00
1.465000000000000000e+03 -2.194642305374145508e+00
1.466000000000000000e+03 -2.190370082855224609e+00
1.467000000000000000e+03 -2.248093605041503906e+00
1.468000000000000000e+03 -2.199374914169311523e+00
1.469000000000000000e+03 -2.182591915130615234e+00
1.470000000000000000e+03 -2.202763080596923828e+00
1.471000000000000000e+03 -2.225866317749023438e+00
1.472000000000000000e+03 -2.219754457473754883e+00
1.473000000000000000e+03 -2.180299282073974609e+00
1.474000000000000000e+03 -2.190863847732543945e+00
1.475000000000000000e+03 -2.170228481292724609e+00
1.476000000000000000e+03 -2.219273567199707031e+00
1.477000000000000000e+03 -2.202670097351074219e+00
1.478000000000000000e+03 -2.211076736450195312e+00
1.479000000000000000e+03 -2.223942756652832031e+00
1.480000000000000000e+03 -2.238867759704589844e+00
1.481000000000000000e+03 -2.205570936203002930e+00
1.482000000000000000e+03 -2.184086799621582031e+00
1.483000000000000000e+03 -2.176989316940307617e+00
1.484000000000000000e+03 -2.246491193771362305e+00
1.485000000000000000e+03 -2.213266372680664062e+00
1.486000000000000000e+03 -2.193094015121459961e+00
1.487000000000000000e+03 -2.207379579544067383e+00
1.488000000000000000e+03 -2.197385311126708984e+00
1.489000000000000000e+03 -2.218830823898315430e+00
1.490000000000000000e+03 -2.219935417175292969e+00
1.491000000000000000e+03 -2.168288707733154297e+00
1.492000000000000000e+03 -2.215910196304321289e+00
1.493000000000000000e+03 -2.181360721588134766e+00
1.494000000000000000e+03 -2.198394298553466797e+00
1.495000000000000000e+03 -2.224924087524414062e+00
1.496000000000000000e+03 -2.206331729888916016e+00
1.497000000000000000e+03 -2.204998254776000977e+00
1.498000000000000000e+03 -2.233133792877197266e+00
1.499000000000000000e+03 -2.210733652114868164e+00
1.500000000000000000e+03 -2.214875221252441406e+00
1.501000000000000000e+03 -2.226570367813110352e+00
1.502000000000000000e+03 -2.188738822937011719e+00
1.503000000000000000e+03 -2.188784360885620117e+00
1.504000000000000000e+03 -2.208083629608154297e+00
1.505000000000000000e+03 -2.213644266128540039e+00
1.506000000000000000e+03 -2.198015451431274414e+00
1.507000000000000000e+03 -2.221262931823730469e+00
1.508000000000000000e+03 -2.266170978546142578e+00
1.509000000000000000e+03 -2.205132484436035156e+00
1.510000000000000000e+03 -2.245045423507690430e+00
1.511000000000000000e+03 -2.272108554840087891e+00
1.512000000000000000e+03 -2.216764211654663086e+00
1.513000000000000000e+03 -2.203755617141723633e+00
1.514000000000000000e+03 -2.223947048187255859e+00
1.515000000000000000e+03 -2.256091594696044922e+00
1.516000000000000000e+03 -2.245498180389404297e+00
1.517000000000000000e+03 -2.248095273971557617e+00
1.518000000000000000e+03 -2.222448348999023438e+00
1.519000000000000000e+03 -2.242766618728637695e+00
1.520000000000000000e+03 -2.239493608474731445e+00
1.521000000000000000e+03 -2.232084274291992188e+00
1.522000000000000000e+03 -2.196062564849853516e+00
1.523000000000000000e+03 -2.207575798034667969e+00
1.524000000000000000e+03 -2.196894884109497070e+00
1.525000000000000000e+03 -2.164250373840332031e+00
1.526000000000000000e+03 -2.179935693740844727e+00
1.527000000000000000e+03 -2.204275369644165039e+00
1.528000000000000000e+03 -2.178192138671875000e+00
1.529000000000000000e+03 -2.217891693115234375e+00
1.530000000000000000e+03 -2.211408138275146484e+00
1.531000000000000000e+03 -2.191700458526611328e+00
1.532000000000000000e+03 -2.204536676406860352e+00
1.533000000000000000e+03 -2.206729888916015625e+00
1.534000000000000000e+03 -2.235070228576660156e+00
1.535000000000000000e+03 -2.239386558532714844e+00
1.536000000000000000e+03 -2.258761882781982422e+00
1.537000000000000000e+03 -2.233404874801635742e+00
1.538000000000000000e+03 -2.234410524368286133e+00
1.539000000000000000e+03 -2.245617866516113281e+00
1.540000000000000000e+03 -2.214206218719482422e+00
1.541000000000000000e+03 -2.230487823486328125e+00
1.542000000000000000e+03 -2.238862276077270508e+00
1.543000000000000000e+03 -2.267688274383544922e+00
1.544000000000000000e+03 -2.278288364410400391e+00
1.545000000000000000e+03 -2.253130197525024414e+00
1.546000000000000000e+03 -2.236422538757324219e+00
1.547000000000000000e+03 -2.245138645172119141e+00
1.548000000000000000e+03 -2.282983064651489258e+00
1.549000000000000000e+03 -2.278596401214599609e+00
1.550000000000000000e+03 -2.279254198074340820e+00
1.551000000000000000e+03 -2.279768943786621094e+00
1.552000000000000000e+03 -2.283079624176025391e+00
1.553000000000000000e+03 -2.284285545349121094e+00
1.554000000000000000e+03 -2.277304887771606445e+00
1.555000000000000000e+03 -2.301022529602050781e+00
1.556000000000000000e+03 -2.294023513793945312e+00
1.557000000000000000e+03 -2.294513225555419922e+00
1.558000000000000000e+03 -2.278009414672851562e+00
1.559000000000000000e+03 -2.258513689041137695e+00
1.560000000000000000e+03 -2.274521589279174805e+00
1.561000000000000000e+03 -2.281070709228515625e+00
1.562000000000000000e+03 -2.313874721527099609e+00
1.563000000000000000e+03 -2.270984888076782227e+00
1.564000000000000000e+03 -2.274965524673461914e+00
1.565000000000000000e+03 -2.250778913497924805e+00
1.566000000000000000e+03 -2.252252340316772461e+00
1.567000000000000000e+03 -2.268942594528198242e+00
1.568000000000000000e+03 -2.264182329177856445e+00
1.569000000000000000e+03 -2.296680688858032227e+00
1.570000000000000000e+03 -2.250404357910156250e+00
1.571000000000000000e+03 -2.236067771911621094e+00
1.572000000000000000e+03 -2.270669460296630859e+00
1.573000000000000000e+03 -2.255885839462280273e+00
1.574000000000000000e+03 -2.253350734710693359e+00
1.575000000000000000e+03 -2.259916782379150391e+00
1.576000000000000000e+03 -2.268722534179687500e+00
1.577000000000000000e+03 -2.232267856597900391e+00
1.578000000000000000e+03 -2.273870229721069336e+00
1.579000000000000000e+03 -2.288407325744628906e+00
1.580000000000000000e+03 -2.271995067596435547e+00
1.581000000000000000e+03 -2.274373531341552734e+00
1.582000000000000000e+03 -2.256514310836791992e+00
1.583000000000000000e+03 -2.258045911788940430e+00
1.584000000000000000e+03 -2.267456531524658203e+00
1.585000000000000000e+03 -2.247844457626342773e+00
1.586000000000000000e+03 -2.214537620544433594e+00
1.587000000000000000e+03 -2.235819816589355469e+00
1.588000000000000000e+03 -2.214727163314819336e+00
1.589000000000000000e+03 -2.240262508392333984e+00
1.590000000000000000e+03 -2.233546257019042969e+00
1.591000000000000000e+03 -2.236877441406250000e+00
1.592000000000000000e+03 -2.237926006317138672e+00
1.593000000000000000e+03 -2.215600013732910156e+00
1.594000000000000000e+03 -2.250673770904541016e+00
1.595000000000000000e+03 -2.242400646209716797e+00
1.596000000000000000e+03 -2.281623840332031250e+00
1.597000000000000000e+03 -2.258952856063842773e+00
1.598000000000000000e+03 -2.248934507369995117e+00
1.599000000000000000e+03 -2.214044570922851562e+00
1.600000000000000000e+03 -2.274988412857055664e+00
1.601000000000000000e+03 -2.244868993759155273e+00
1.602000000000000000e+03 -2.255835771560668945e+00
1.603000000000000000e+03 -2.276015520095825195e+00
1.604000000000000000e+03 -2.258772134780883789e+00
1.605000000000000000e+03 -2.258227586746215820e+00
1.606000000000000000e+03 -2.270821571350097656e+00
1.607000000000000000e+03 -2.217653274536132812e+00
1.608000000000000000e+03 -2.242120981216430664e+00
1.609000000000000000e+03 -2.250018119812011719e+00
1.610000000000000000e+03 -2.252480745315551758e+00
1.611000000000000000e+03 -2.219155550003051758e+00
1.612000000000000000e+03 -2.228101730346679688e+00
1.613000000000000000e+03 -2.201692581176757812e+00
1.614000000000000000e+03 -2.266684532165527344e+00
1.615000000000000000e+03 -2.207023143768310547e+00
1.616000000000000000e+03 -2.190448760986328125e+00
1.617000000000000000e+03 -2.200145244598388672e+00
1.618000000000000000e+03 -2.201706409454345703e+00
1.619000000000000000e+03 -2.210598945617675781e+00
1.620000000000000000e+03 -2.227814674377441406e+00
1.621000000000000000e+03 -2.252122640609741211e+00
1.622000000000000000e+03 -2.281490087509155273e+00
1.623000000000000000e+03 -2.226461172103881836e+00
1.624000000000000000e+03 -2.236274480819702148e+00
1.625000000000000000e+03 -2.203666448593139648e+00
1.626000000000000000e+03 -2.236183166503906250e+00
1.627000000000000000e+03 -2.228944778442382812e+00
1.628000000000000000e+03 -2.243273258209228516e+00
1.629000000000000000e+03 -2.244808197021484375e+00
1.630000000000000000e+03 -2.248048782348632812e+00
1.631000000000000000e+03 -2.247320175170898438e+00
1.632000000000000000e+03 -2.269539117813110352e+00
1.633000000000000000e+03 -2.225260019302368164e+00
1.634000000000000000e+03 -2.209084510803222656e+00
1.635000000000000000e+03 -2.268822431564331055e+00
1.636000000000000000e+03 -2.272341728210449219e+00
1.637000000000000000e+03 -2.301124095916748047e+00
1.638000000000000000e+03 -2.279923915863037109e+00
1.639000000000000000e+03 -2.274060964584350586e+00
1.640000000000000000e+03 -2.239326000213623047e+00
1.641000000000000000e+03 -2.273142814636230469e+00
1.642000000000000000e+03 -2.281188964843750000e+00
1.643000000000000000e+03 -2.292904376983642578e+00
1.644000000000000000e+03 -2.252269744873046875e+00
1.645000000000000000e+03 -2.278905868530273438e+00
1.646000000000000000e+03 -2.259477138519287109e+00
1.647000000000000000e+03 -2.249557495117187500e+00
1.648000000000000000e+03 -2.283305168151855469e+00
1.649000000000000000e+03 -2.294705867767333984e+00
1.650000000000000000e+03 -2.243540525436401367e+00
1.651000000000000000e+03 -2.273209095001220703e+00
1.652000000000000000e+03 -2.283977985382080078e+00
1.653000000000000000e+03 -2.270797729492187500e+00
1.654000000000000000e+03 -2.271735668182373047e+00
1.655000000000000000e+03 -2.269474983215332031e+00
1.656000000000000000e+03 -2.267379045486450195e+00
1.657000000000000000e+03 -2.233566999435424805e+00
1.658000000000000000e+03 -2.223181962966918945e+00
1.659000000000000000e+03 -2.209928989410400391e+00
1.660000000000000000e+03 -2.218364238739013672e+00
1.661000000000000000e+03 -2.241791725158691406e+00
1.662000000000000000e+03 -2.234840393066406250e+00
1.663000000000000000e+03 -2.213293552398681641e+00
1.664000000000000000e+03 -2.238273143768310547e+00
1.665000000000000000e+03 -2.202179193496704102e+00
1.666000000000000000e+03 -2.213711500167846680e+00
1.667000000000000000e+03 -2.177936553955078125e+00
1.668000000000000000e+03 -2.227052450180053711e+00
1.669000000000000000e+03 -2.232642650604248047e+00
1.670000000000000000e+03 -2.219624042510986328e+00
1.671000000000000000e+03 -2.241594552993774414e+00
1.672000000000000000e+03 -2.242336273193359375e+00
1.673000000000000000e+03 -2.239445447921752930e+00
1.674000000000000000e+03 -2.205040693283081055e+00
1.675000000000000000e+03 -2.219814062118530273e+00
1.676000000000000000e+03 -2.234541177749633789e+00
1.677000000000000000e+03 -2.220115661621093750e+00
1.678000000000000000e+03 -2.230024337768554688e+00
1.679000000000000000e+03 -2.224129676818847656e+00
1.680000000000000000e+03 -2.239070177078247070e+00
1.681000000000000000e+03 -2.239040613174438477e+00
1.682000000000000000e+03 -2.227233886718750000e+00
1.683000000000000000e+03 -2.222068309783935547e+00
1.684000000000000000e+03 -2.222130537033081055e+00
1.685000000000000000e+03 -2.240317821502685547e+00
1.686000000000000000e+03 -2.208399295806884766e+00
1.687000000000000000e+03 -2.242135763168334961e+00
1.688000000000000000e+03 -2.197869777679443359e+00
1.689000000000000000e+03 -2.209115982055664062e+00
1.690000000000000000e+03 -2.219989538192749023e+00
1.691000000000000000e+03 -2.212545871734619141e+00
1.692000000000000000e+03 -2.232310295104980469e+00
1.693000000000000000e+03 -2.240007400512695312e+00
1.694000000000000000e+03 -2.226925134658813477e+00
1.695000000000000000e+03 -2.172432184219360352e+00
1.696000000000000000e+03 -2.228585720062255859e+00
1.697000000000000000e+03 -2.222973108291625977e+00
1.698000000000000000e+03 -2.195063591003417969e+00
1.699000000000000000e+03 -2.223796844482421875e+00
1.700000000000000000e+03 -2.194351911544799805e+00
1.701000000000000000e+03 -2.221809864044189453e+00
1.702000000000000000e+03 -2.237276315689086914e+00
1.703000000000000000e+03 -2.237192869186401367e+00
1.704000000000000000e+03 -2.243411064147949219e+00
1.705000000000000000e+03 -2.237961769104003906e+00
1.706000000000000000e+03 -2.253825187683105469e+00
1.707000000000000000e+03 -2.261816024780273438e+00
1.708000000000000000e+03 -2.234504222869873047e+00
1.709000000000000000e+03 -2.248272895812988281e+00
1.710000000000000000e+03 -2.276360034942626953e+00
1.711000000000000000e+03 -2.249203920364379883e+00
1.712000000000000000e+03 -2.244284152984619141e+00
1.713000000000000000e+03 -2.241076707839965820e+00
1.714000000000000000e+03 -2.261509656906127930e+00
1.715000000000000000e+03 -2.238993406295776367e+00
1.716000000000000000e+03 -2.196072578430175781e+00
1.717000000000000000e+03 -2.247577667236328125e+00
1.718000000000000000e+03 -2.216493368148803711e+00
1.719000000000000000e+03 -2.223615646362304688e+00
1.720000000000000000e+03 -2.227389335632324219e+00
1.721000000000000000e+03 -2.232623338699340820e+00
1.722000000000000000e+03 -2.237667560577392578e+00
1.723000000000000000e+03 -2.232604980468750000e+00
1.724000000000000000e+03 -2.224657297134399414e+00
1.725000000000000000e+03 -2.245737314224243164e+00
1.726000000000000000e+03 -2.222539424896240234e+00
1.727000000000000000e+03 -2.218988180160522461e+00
1.728000000000000000e+03 -2.221512794494628906e+00
1.729000000000000000e+03 -2.200037956237792969e+00
1.730000000000000000e+03 -2.240843057632446289e+00
1.731000000000000000e+03 -2.199738740921020508e+00
1.732000000000000000e+03 -2.221523046493530273e+00
1.733000000000000000e+03 -2.207759141921997070e+00
1.734000000000000000e+03 -2.203747749328613281e+00
1.735000000000000000e+03 -2.211952209472656250e+00
1.736000000000000000e+03 -2.206877946853637695e+00
1.737000000000000000e+03 -2.213927984237670898e+00
1.738000000000000000e+03 -2.220651865005493164e+00
1.739000000000000000e+03 -2.227878093719482422e+00
1.740000000000000000e+03 -2.255434989929199219e+00
1.741000000000000000e+03 -2.219028234481811523e+00
1.742000000000000000e+03 -2.241300821304321289e+00
1.743000000000000000e+03 -2.216499805450439453e+00
1.744000000000000000e+03 -2.200636625289916992e+00
1.745000000000000000e+03 -2.225058317184448242e+00
1.746000000000000000e+03 -2.254076004028320312e+00
1.747000000000000000e+03 -2.224872112274169922e+00
1.748000000000000000e+03 -2.231879711151123047e+00
1.749000000000000000e+03 -2.226345539093017578e+00
1.750000000000000000e+03 -2.227534532546997070e+00
1.751000000000000000e+03 -2.258131504058837891e+00
1.752000000000000000e+03 -2.267954826354980469e+00
1.753000000000000000e+03 -2.229181289672851562e+00
1.754000000000000000e+03 -2.232975482940673828e+00
1.755000000000000000e+03 -2.251149654388427734e+00
1.756000000000000000e+03 -2.236525058746337891e+00
1.757000000000000000e+03 -2.232385635375976562e+00
1.758000000000000000e+03 -2.236817598342895508e+00
1.759000000000000000e+03 -2.216872215270996094e+00
1.760000000000000000e+03 -2.224965333938598633e+00
1.761000000000000000e+03 -2.239013671875000000e+00
1.762000000000000000e+03 -2.232270240783691406e+00
1.763000000000000000e+03 -2.277240037918090820e+00
1.764000000000000000e+03 -2.243353843688964844e+00
1.765000000000000000e+03 -2.244067192077636719e+00
1.766000000000000000e+03 -2.255839586257934570e+00
1.767000000000000000e+03 -2.226718425750732422e+00
1.768000000000000000e+03 -2.207227706909179688e+00
1.769000000000000000e+03 -2.204160451889038086e+00
1.770000000000000000e+03 -2.240873336791992188e+00
1.771000000000000000e+03 -2.254672765731811523e+00
1.772000000000000000e+03 -2.219582796096801758e+00
1.773000000000000000e+03 -2.190510749816894531e+00
1.774000000000000000e+03 -2.221164941787719727e+00
1.775000000000000000e+03 -2.216447591781616211e+00
1.776000000000000000e+03 -2.196732521057128906e+00
1.777000000000000000e+03 -2.205134868621826172e+00
1.778000000000000000e+03 -2.183549880981445312e+00
1.779000000000000000e+03 -2.207643985748291016e+00
1.780000000000000000e+03 -2.181953668594360352e+00
1.781000000000000000e+03 -2.185977935791015625e+00
1.782000000000000000e+03 -2.204713821411132812e+00
1.783000000000000000e+03 -2.218101501464843750e+00
1.784000000000000000e+03 -2.250075101852416992e+00
1.785000000000000000e+03 -2.205806493759155273e+00
1.786000000000000000e+03 -2.233974933624267578e+00
1.787000000000000000e+03 -2.194864749908447266e+00
1.788000000000000000e+03 -2.237173318862915039e+00
1.789000000000000000e+03 -2.204532384872436523e+00
1.790000000000000000e+03 -2.218825817108154297e+00
1.791000000000000000e+03 -2.230104446411132812e+00
1.792000000000000000e+03 -2.247660636901855469e+00
1.793000000000000000e+03 -2.186619758605957031e+00
1.794000000000000000e+03 -2.220986366271972656e+00
1.795000000000000000e+03 -2.188838481903076172e+00
1.796000000000000000e+03 -2.212371587753295898e+00
1.797000000000000000e+03 -2.202287435531616211e+00
1.798000000000000000e+03 -2.209386348724365234e+00
1.799000000000000000e+03 -2.187060356140136719e+00
1.800000000000000000e+03 -2.208675384521484375e+00
1.801000000000000000e+03 -2.189778804779052734e+00
1.802000000000000000e+03 -2.212586879730224609e+00
1.803000000000000000e+03 -2.224879026412963867e+00
1.804000000000000000e+03 -2.200641155242919922e+00
1.805000000000000000e+03 -2.194100379943847656e+00
1.806000000000000000e+03 -2.209666967391967773e+00
1.807000000000000000e+03 -2.233032226562500000e+00
1.808000000000000000e+03 -2.221975803375244141e+00
1.809000000000000000e+03 -2.242138862609863281e+00
1.810000000000000000e+03 -2.188095331192016602e+00
1.811000000000000000e+03 -2.211725234985351562e+00
1.812000000000000000e+03 -2.217881202697753906e+00
1.813000000000000000e+03 -2.193927526473999023e+00
1.814000000000000000e+03 -2.209615707397460938e+00
1.815000000000000000e+03 -2.172245740890502930e+00
1.816000000000000000e+03 -2.221663951873779297e+00
1.817000000000000000e+03 -2.198587894439697266e+00
1.818000000000000000e+03 -2.217898607254028320e+00
1.819000000000000000e+03 -2.221511363983154297e+00
1.820000000000000000e+03 -2.196738719940185547e+00
1.821000000000000000e+03 -2.205530405044555664e+00
1.822000000000000000e+03 -2.261937618255615234e+00
1.823000000000000000e+03 -2.222199440002441406e+00
1.824000000000000000e+03 -2.222628116607666016e+00
1.825000000000000000e+03 -2.229466438293457031e+00
1.826000000000000000e+03 -2.256962776184082031e+00
1.827000000000000000e+03 -2.185670137405395508e+00
1.828000000000000000e+03 -2.191167354583740234e+00
1.829000000000000000e+03 -2.202564239501953125e+00
1.830000000000000000e+03 -2.199176311492919922e+00
1.831000000000000000e+03 -2.226841926574707031e+00
1.832000000000000000e+03 -2.209271192550659180e+00
1.833000000000000000e+03 -2.215294599533081055e+00
1.834000000000000000e+03 -2.199324846267700195e+00
1.835000000000000000e+03 -2.208121538162231445e+00
1.836000000000000000e+03 -2.233554363250732422e+00
1.837000000000000000e+03 -2.243990659713745117e+00
1.838000000000000000e+03 -2.251954555511474609e+00
1.839000000000000000e+03 -2.250976324081420898e+00
1.840000000000000000e+03 -2.237063884735107422e+00
1.841000000000000000e+03 -2.234734058380126953e+00
1.842000000000000000e+03 -2.236852407455444336e+00
1.843000000000000000e+03 -2.238199710845947266e+00
1.844000000000000000e+03 -2.250712156295776367e+00
1.845000000000000000e+03 -2.210323333740234375e+00
1.846000000000000000e+03 -2.243678331375122070e+00
1.847000000000000000e+03 -2.232370376586914062e+00
1.848000000000000000e+03 -2.251334667205810547e+00
1.849000000000000000e+03 -2.234091758728027344e+00
1.850000000000000000e+03 -2.210772037506103516e+00
1.851000000000000000e+03 -2.207234859466552734e+00
1.852000000000000000e+03 -2.240725278854370117e+00
1.853000000000000000e+03 -2.244318485260009766e+00
1.854000000000000000e+03 -2.218584537506103516e+00
1.855000000000000000e+03 -2.195146083831787109e+00
1.856000000000000000e+03 -2.223948955535888672e+00
1.857000000000000000e+03 -2.210258245468139648e+00
1.858000000000000000e+03 -2.220625400543212891e+00
1.859000000000000000e+03 -2.219210147857666016e+00
1.860000000000000000e+03 -2.243771791458129883e+00
1.861000000000000000e+03 -2.220499038696289062e+00
1.862000000000000000e+03 -2.212069511413574219e+00
1.863000000000000000e+03 -2.235732078552246094e+00
1.864000000000000000e+03 -2.217864036560058594e+00
1.865000000000000000e+03 -2.242502927780151367e+00
1.866000000000000000e+03 -2.266927719116210938e+00
1.867000000000000000e+03 -2.188748121261596680e+00
1.868000000000000000e+03 -2.233664512634277344e+00
1.869000000000000000e+03 -2.258547067642211914e+00
1.870000000000000000e+03 -2.240418434143066406e+00
1.871000000000000000e+03 -2.258273363113403320e+00
1.872000000000000000e+03 -2.231213092803955078e+00
1.873000000000000000e+03 -2.263566970825195312e+00
1.874000000000000000e+03 -2.273774147033691406e+00
1.875000000000000000e+03 -2.249457120895385742e+00
1.876000000000000000e+03 -2.271910190582275391e+00
1.877000000000000000e+03 -2.260574579238891602e+00
1.878000000000000000e+03 -2.257991790771484375e+00
1.879000000000000000e+03 -2.221645355224609375e+00
1.880000000000000000e+03 -2.242021560668945312e+00
1.881000000000000000e+03 -2.230044841766357422e+00
1.882000000000000000e+03 -2.241687059402465820e+00
1.883000000000000000e+03 -2.230153322219848633e+00
1.884000000000000000e+03 -2.245404720306396484e+00
1.885000000000000000e+03 -2.269333839416503906e+00
1.886000000000000000e+03 -2.254129171371459961e+00
1.887000000000000000e+03 -2.250683307647705078e+00
1.888000000000000000e+03 -2.235065460205078125e+00
1.889000000000000000e+03 -2.288787841796875000e+00
1.890000000000000000e+03 -2.273797273635864258e+00
1.891000000000000000e+03 -2.259526729583740234e+00
1.892000000000000000e+03 -2.235888481140136719e+00
1.893000000000000000e+03 -2.249009132385253906e+00
1.894000000000000000e+03 -2.265227079391479492e+00
1.895000000000000000e+03 -2.228909492492675781e+00
1.896000000000000000e+03 -2.227578639984130859e+00
1.897000000000000000e+03 -2.271540403366088867e+00
1.898000000000000000e+03 -2.247238397598266602e+00
1.899000000000000000e+03 -2.237353324890136719e+00
1.900000000000000000e+03 -2.248047828674316406e+00
1.901000000000000000e+03 -2.249483108520507812e+00
1.902000000000000000e+03 -2.235504627227783203e+00
1.903000000000000000e+03 -2.284228086471557617e+00
1.904000000000000000e+03 -2.256430149078369141e+00
1.905000000000000000e+03 -2.235209703445434570e+00
1.906000000000000000e+03 -2.247963905334472656e+00
1.907000000000000000e+03 -2.223151683807373047e+00
1.908000000000000000e+03 -2.258017301559448242e+00
1.909000000000000000e+03 -2.247875213623046875e+00
1.910000000000000000e+03 -2.199120521545410156e+00
1.911000000000000000e+03 -2.218246936798095703e+00
1.912000000000000000e+03 -2.250380992889404297e+00
1.913000000000000000e+03 -2.237740278244018555e+00
1.914000000000000000e+03 -2.249599695205688477e+00
1.915000000000000000e+03 -2.238802433013916016e+00
1.916000000000000000e+03 -2.271711826324462891e+00
1.917000000000000000e+03 -2.240340232849121094e+00
1.918000000000000000e+03 -2.255653381347656250e+00
1.919000000000000000e+03 -2.267927885055541992e+00
1.920000000000000000e+03 -2.254606723785400391e+00
1.921000000000000000e+03 -2.232528209686279297e+00
1.922000000000000000e+03 -2.228317737579345703e+00
1.923000000000000000e+03 -2.232630491256713867e+00
1.924000000000000000e+03 -2.237778663635253906e+00
1.925000000000000000e+03 -2.254446268081665039e+00
1.926000000000000000e+03 -2.221543788909912109e+00
1.927000000000000000e+03 -2.216771364212036133e+00
1.928000000000000000e+03 -2.193617105484008789e+00
1.929000000000000000e+03 -2.212266921997070312e+00
1.930000000000000000e+03 -2.202150344848632812e+00
1.931000000000000000e+03 -2.215928554534912109e+00
1.932000000000000000e+03 -2.226891279220581055e+00
1.933000000000000000e+03 -2.198688983917236328e+00
1.934000000000000000e+03 -2.251503944396972656e+00
1.935000000000000000e+03 -2.274966716766357422e+00
1.936000000000000000e+03 -2.243441581726074219e+00
1.937000000000000000e+03 -2.227906942367553711e+00
1.938000000000000000e+03 -2.251549005508422852e+00
1.939000000000000000e+03 -2.207013845443725586e+00
1.940000000000000000e+03 -2.241975784301757812e+00
1.941000000000000000e+03 -2.232080936431884766e+00
1.942000000000000000e+03 -2.226131677627563477e+00
1.943000000000000000e+03 -2.212028741836547852e+00
1.944000000000000000e+03 -2.242413759231567383e+00
1.945000000000000000e+03 -2.228402137756347656e+00
1.946000000000000000e+03 -2.179073333740234375e+00
1.947000000000000000e+03 -2.173603773117065430e+00
1.948000000000000000e+03 -2.177885293960571289e+00
1.949000000000000000e+03 -2.150425672531127930e+00
1.950000000000000000e+03 -2.198946237564086914e+00
1.951000000000000000e+03 -2.169865846633911133e+00
1.952000000000000000e+03 -2.166980266571044922e+00
1.953000000000000000e+03 -2.179887056350708008e+00
1.954000000000000000e+03 -2.216685771942138672e+00
1.955000000000000000e+03 -2.210648536682128906e+00
1.956000000000000000e+03 -2.201863288879394531e+00
1.957000000000000000e+03 -2.156283378601074219e+00
1.958000000000000000e+03 -2.191450834274291992e+00
1.959000000000000000e+03 -2.206003427505493164e+00
1.960000000000000000e+03 -2.188656806945800781e+00
1.961000000000000000e+03 -2.184642791748046875e+00
1.962000000000000000e+03 -2.208758115768432617e+00
1.963000000000000000e+03 -2.148472070693969727e+00
1.964000000000000000e+03 -2.143034458160400391e+00
1.965000000000000000e+03 -2.152179718017578125e+00
1.966000000000000000e+03 -2.166707754135131836e+00
1.967000000000000000e+03 -2.187796592712402344e+00
1.968000000000000000e+03 -2.187810897827148438e+00
1.969000000000000000e+03 -2.214065074920654297e+00
1.970000000000000000e+03 -2.219391822814941406e+00
1.971000000000000000e+03 -2.220200538635253906e+00
1.972000000000000000e+03 -2.232122182846069336e+00
1.973000000000000000e+03 -2.218192815780639648e+00
1.974000000000000000e+03 -2.230418205261230469e+00
1.975000000000000000e+03 -2.194111347198486328e+00
1.976000000000000000e+03 -2.206954002380371094e+00
1.977000000000000000e+03 -2.235286474227905273e+00
1.978000000000000000e+03 -2.220030307769775391e+00
1.979000000000000000e+03 -2.183240413665771484e+00
1.980000000000000000e+03 -2.220385551452636719e+00
1.981000000000000000e+03 -2.199892997741699219e+00
1.982000000000000000e+03 -2.199710369110107422e+00
1.983000000000000000e+03 -2.227746009826660156e+00
1.984000000000000000e+03 -2.188356637954711914e+00
1.985000000000000000e+03 -2.196199893951416016e+00
1.986000000000000000e+03 -2.185514688491821289e+00
1.987000000000000000e+03 -2.191195011138916016e+00
1.988000000000000000e+03 -2.220490217208862305e+00
1.989000000000000000e+03 -2.229961872100830078e+00
1.990000000000000000e+03 -2.235777378082275391e+00
1.991000000000000000e+03 -2.218817234039306641e+00
1.992000000000000000e+03 -2.183293342590332031e+00
1.993000000000000000e+03 -2.241895675659179688e+00
1.994000000000000000e+03 -2.197061777114868164e+00
1.995000000000000000e+03 -2.182567596435546875e+00
1.996000000000000000e+03 -2.186051130294799805e+00
1.997000000000000000e+03 -2.208713769912719727e+00
1.998000000000000000e+03 -2.221234321594238281e+00
1.999000000000000000e+03 -2.234504461288452148e+00
2.000000000000000000e+03 -2.230341911315917969e+00
2.001000000000000000e+03 -2.238203287124633789e+00
2.002000000000000000e+03 -2.243896484375000000e+00
2.003000000000000000e+03 -2.206502914428710938e+00
2.004000000000000000e+03 -2.195585012435913086e+00
2.005000000000000000e+03 -2.178050518035888672e+00
2.006000000000000000e+03 -2.203073978424072266e+00
2.007000000000000000e+03 -2.233993768692016602e+00
2.008000000000000000e+03 -2.237339019775390625e+00
2.009000000000000000e+03 -2.248961210250854492e+00
2.010000000000000000e+03 -2.253329753875732422e+00
2.011000000000000000e+03 -2.228115558624267578e+00
2.012000000000000000e+03 -2.235936641693115234e+00
2.013000000000000000e+03 -2.236603975296020508e+00
2.014000000000000000e+03 -2.243255615234375000e+00
2.015000000000000000e+03 -2.223630428314208984e+00
2.016000000000000000e+03 -2.224732637405395508e+00
2.017000000000000000e+03 -2.221602916717529297e+00
2.018000000000000000e+03 -2.214904308319091797e+00
2.019000000000000000e+03 -2.245500087738037109e+00
2.020000000000000000e+03 -2.214245557785034180e+00
2.021000000000000000e+03 -2.225500345230102539e+00
2.022000000000000000e+03 -2.196708202362060547e+00
2.023000000000000000e+03 -2.202307701110839844e+00
2.024000000000000000e+03 -2.222891807556152344e+00
2.025000000000000000e+03 -2.214798927307128906e+00
2.026000000000000000e+03 -2.252356290817260742e+00
2.027000000000000000e+03 -2.255319833755493164e+00
2.028000000000000000e+03 -2.266148328781127930e+00
2.029000000000000000e+03 -2.228006601333618164e+00
2.030000000000000000e+03 -2.208189010620117188e+00
2.031000000000000000e+03 -2.212682247161865234e+00
2.032000000000000000e+03 -2.199992895126342773e+00
2.033000000000000000e+03 -2.230045318603515625e+00
2.034000000000000000e+03 -2.204347133636474609e+00
2.035000000000000000e+03 -2.220120191574096680e+00
2.036000000000000000e+03 -2.227241516113281250e+00
2.037000000000000000e+03 -2.242049217224121094e+00
2.038000000000000000e+03 -2.250650882720947266e+00
2.039000000000000000e+03 -2.229060411453247070e+00
2.040000000000000000e+03 -2.215206146240234375e+00
2.041000000000000000e+03 -2.242109537124633789e+00
2.042000000000000000e+03 -2.234661579132080078e+00
2.043000000000000000e+03 -2.226233482360839844e+00
2.044000000000000000e+03 -2.237117767333984375e+00
2.045000000000000000e+03 -2.239955425262451172e+00
2.046000000000000000e+03 -2.250706672668457031e+00
2.047000000000000000e+03 -2.234707117080688477e+00
2.048000000000000000e+03 -2.218852996826171875e+00
2.049000000000000000e+03 -2.172316789627075195e+00
2.050000000000000000e+03 -2.224498033523559570e+00
2.051000000000000000e+03 -2.212382316589355469e+00
2.052000000000000000e+03 -2.215962886810302734e+00
2.053000000000000000e+03 -2.212943315505981445e+00
2.054000000000000000e+03 -2.207357883453369141e+00
2.055000000000000000e+03 -2.216763019561767578e+00
2.056000000000000000e+03 -2.192240476608276367e+00
2.057000000000000000e+03 -2.221458196640014648e+00
2.058000000000000000e+03 -2.233887672424316406e+00
2.059000000000000000e+03 -2.206965446472167969e+00
2.060000000000000000e+03 -2.205276966094970703e+00
2.061000000000000000e+03 -2.228051900863647461e+00
2.062000000000000000e+03 -2.230032682418823242e+00
2.063000000000000000e+03 -2.195560932159423828e+00
2.064000000000000000e+03 -2.202428579330444336e+00
2.065000000000000000e+03 -2.219532966613769531e+00
2.066000000000000000e+03 -2.217645168304443359e+00
2.067000000000000000e+03 -2.252518177032470703e+00
2.068000000000000000e+03 -2.209598541259765625e+00
2.069000000000000000e+03 -2.208662748336791992e+00
2.070000000000000000e+03 -2.210676431655883789e+00
2.071000000000000000e+03 -2.239463567733764648e+00
2.072000000000000000e+03 -2.208940982818603516e+00
2.073000000000000000e+03 -2.187730312347412109e+00
2.074000000000000000e+03 -2.188909053802490234e+00
2.075000000000000000e+03 -2.229486703872680664e+00
2.076000000000000000e+03 -2.264803409576416016e+00
2.077000000000000000e+03 -2.239419937133789062e+00
2.078000000000000000e+03 -2.256936073303222656e+00
2.079000000000000000e+03 -2.239986896514892578e+00
2.080000000000000000e+03 -2.258489131927490234e+00
2.081000000000000000e+03 -2.268652200698852539e+00
2.082000000000000000e+03 -2.227690935134887695e+00
2.083000000000000000e+03 -2.235113620758056641e+00
2.084000000000000000e+03 -2.204294681549072266e+00
2.085000000000000000e+03 -2.247632503509521484e+00
2.086000000000000000e+03 -2.254133701324462891e+00
2.087000000000000000e+03 -2.224718093872070312e+00
2.088000000000000000e+03 -2.226981401443481445e+00
2.089000000000000000e+03 -2.229918241500854492e+00
2.090000000000000000e+03 -2.239758729934692383e+00
2.091000000000000000e+03 -2.225287437438964844e+00
2.092000000000000000e+03 -2.223125934600830078e+00
2.093000000000000000e+03 -2.221513509750366211e+00
2.094000000000000000e+03 -2.214630365371704102e+00
2.095000000000000000e+03 -2.226234912872314453e+00
2.096000000000000000e+03 -2.270740032196044922e+00
2.097000000000000000e+03 -2.233530759811401367e+00
2.098000000000000000e+03 -2.176524162292480469e+00
2.099000000000000000e+03 -2.225322246551513672e+00
2.100000000000000000e+03 -2.242137908935546875e+00
2.101000000000000000e+03 -2.234530210494995117e+00
2.102000000000000000e+03 -2.248975276947021484e+00
2.103000000000000000e+03 -2.203817129135131836e+00
2.104000000000000000e+03 -2.219889163970947266e+00
2.105000000000000000e+03 -2.222332954406738281e+00
2.106000000000000000e+03 -2.257742881774902344e+00
2.107000000000000000e+03 -2.232113599777221680e+00
2.108000000000000000e+03 -2.256265163421630859e+00
2.109000000000000000e+03 -2.220192909240722656e+00
2.110000000000000000e+03 -2.215927600860595703e+00
2.111000000000000000e+03 -2.220993995666503906e+00
2.112000000000000000e+03 -2.236340045928955078e+00
2.113000000000000000e+03 -2.244079589843750000e+00
2.114000000000000000e+03 -2.230579137802124023e+00
2.115000000000000000e+03 -2.240879058837890625e+00
2.116000000000000000e+03 -2.233868122100830078e+00
2.117000000000000000e+03 -2.221993207931518555e+00
2.118000000000000000e+03 -2.202314853668212891e+00
2.119000000000000000e+03 -2.212375879287719727e+00
2.120000000000000000e+03 -2.226214885711669922e+00
2.121000000000000000e+03 -2.196563243865966797e+00
2.122000000000000000e+03 -2.190764427185058594e+00
2.123000000000000000e+03 -2.196354389190673828e+00
2.124000000000000000e+03 -2.234221220016479492e+00
2.125000000000000000e+03 -2.241960048675537109e+00
2.126000000000000000e+03 -2.209231376647949219e+00
2.127000000000000000e+03 -2.186907768249511719e+00
2.128000000000000000e+03 -2.220547437667846680e+00
2.129000000000000000e+03 -2.240303516387939453e+00
2.130000000000000000e+03 -2.212997913360595703e+00
2.131000000000000000e+03 -2.224017381668090820e+00
2.132000000000000000e+03 -2.236770391464233398e+00
2.133000000000000000e+03 -2.216515541076660156e+00
2.134000000000000000e+03 -2.201376914978027344e+00
2.135000000000000000e+03 -2.232520818710327148e+00
2.136000000000000000e+03 -2.224997520446777344e+00
2.137000000000000000e+03 -2.217124938964843750e+00
2.138000000000000000e+03 -2.233107089996337891e+00
2.139000000000000000e+03 -2.198875665664672852e+00
2.140000000000000000e+03 -2.242775440216064453e+00
2.141000000000000000e+03 -2.222619056701660156e+00
2.142000000000000000e+03 -2.233317852020263672e+00
2.143000000000000000e+03 -2.247978448867797852e+00
2.144000000000000000e+03 -2.224069833755493164e+00
2.145000000000000000e+03 -2.231334447860717773e+00
2.146000000000000000e+03 -2.246181011199951172e+00
2.147000000000000000e+03 -2.262363433837890625e+00
2.148000000000000000e+03 -2.218680858612060547e+00
2.149000000000000000e+03 -2.240667104721069336e+00
2.150000000000000000e+03 -2.258497238159179688e+00
2.151000000000000000e+03 -2.260344505310058594e+00
2.152000000000000000e+03 -2.243249654769897461e+00
2.153000000000000000e+03 -2.223548173904418945e+00
2.154000000000000000e+03 -2.239428043365478516e+00
2.155000000000000000e+03 -2.235136032104492188e+00
2.156000000000000000e+03 -2.258364915847778320e+00
2.157000000000000000e+03 -2.260667562484741211e+00
2.158000000000000000e+03 -2.220529079437255859e+00
2.159000000000000000e+03 -2.240317583084106445e+00
2.160000000000000000e+03 -2.232993602752685547e+00
2.161000000000000000e+03 -2.223231315612792969e+00
2.162000000000000000e+03 -2.251927852630615234e+00
2.163000000000000000e+03 -2.233343839645385742e+00
2.164000000000000000e+03 -2.228406667709350586e+00
2.165000000000000000e+03 -2.246739864349365234e+00
2.166000000000000000e+03 -2.210706710815429688e+00
2.167000000000000000e+03 -2.219212532043457031e+00
2.168000000000000000e+03 -2.181981563568115234e+00
2.169000000000000000e+03 -2.240459442138671875e+00
2.170000000000000000e+03 -2.225855350494384766e+00
2.171000000000000000e+03 -2.220377683639526367e+00
2.172000000000000000e+03 -2.233618736267089844e+00
2.173000000000000000e+03 -2.185325145721435547e+00
2.174000000000000000e+03 -2.220834255218505859e+00
2.175000000000000000e+03 -2.206480741500854492e+00
2.176000000000000000e+03 -2.260879993438720703e+00
2.177000000000000000e+03 -2.230710983276367188e+00
2.178000000000000000e+03 -2.236657142639160156e+00
2.179000000000000000e+03 -2.242725372314453125e+00
2.180000000000000000e+03 -2.244051456451416016e+00
2.181000000000000000e+03 -2.244598388671875000e+00
2.182000000000000000e+03 -2.283621788024902344e+00
2.183000000000000000e+03 -2.278160333633422852e+00
2.184000000000000000e+03 -2.273599147796630859e+00
2.185000000000000000e+03 -2.218406677246093750e+00
2.186000000000000000e+03 -2.265223979949951172e+00
2.187000000000000000e+03 -2.230032920837402344e+00
2.188000000000000000e+03 -2.246241807937622070e+00
2.189000000000000000e+03 -2.213028430938720703e+00
2.190000000000000000e+03 -2.242084741592407227e+00
2.191000000000000000e+03 -2.226856708526611328e+00
2.192000000000000000e+03 -2.261269569396972656e+00
2.193000000000000000e+03 -2.246757984161376953e+00
2.194000000000000000e+03 -2.237161159515380859e+00
2.195000000000000000e+03 -2.238426923751831055e+00
2.196000000000000000e+03 -2.256488323211669922e+00
2.197000000000000000e+03 -2.258652210235595703e+00
2.198000000000000000e+03 -2.246200561523437500e+00
2.199000000000000000e+03 -2.271526336669921875e+00
2.200000000000000000e+03 -2.221060037612915039e+00
2.201000000000000000e+03 -2.235335111618041992e+00
2.202000000000000000e+03 -2.246832847595214844e+00
2.203000000000000000e+03 -2.256937503814697266e+00
2.204000000000000000e+03 -2.261331081390380859e+00
2.205000000000000000e+03 -2.230864286422729492e+00
2.206000000000000000e+03 -2.232527732849121094e+00
2.207000000000000000e+03 -2.196843862533569336e+00
2.208000000000000000e+03 -2.193153381347656250e+00
2.209000000000000000e+03 -2.202991724014282227e+00
2.210000000000000000e+03 -2.215271711349487305e+00
2.211000000000000000e+03 -2.220273971557617188e+00
2.212000000000000000e+03 -2.219504117965698242e+00
2.213000000000000000e+03 -2.226834297180175781e+00
2.214000000000000000e+03 -2.196683883666992188e+00
2.215000000000000000e+03 -2.243103504180908203e+00
2.216000000000000000e+03 -2.245990037918090820e+00
2.217000000000000000e+03 -2.256310701370239258e+00
2.218000000000000000e+03 -2.219216346740722656e+00
2.219000000000000000e+03 -2.221651554107666016e+00
2.220000000000000000e+03 -2.207744121551513672e+00
2.221000000000000000e+03 -2.239656448364257812e+00
2.222000000000000000e+03 -2.220304727554321289e+00
2.223000000000000000e+03 -2.228286266326904297e+00
2.224000000000000000e+03 -2.222239971160888672e+00
2.225000000000000000e+03 -2.220487117767333984e+00
2.226000000000000000e+03 -2.249577760696411133e+00
2.227000000000000000e+03 -2.256827831268310547e+00
2.228000000000000000e+03 -2.235294342041015625e+00
2.229000000000000000e+03 -2.233531475067138672e+00
2.230000000000000000e+03 -2.263371706008911133e+00
2.231000000000000000e+03 -2.210936784744262695e+00
2.232000000000000000e+03 -2.200409889221191406e+00
2.233000000000000000e+03 -2.261598825454711914e+00
2.234000000000000000e+03 -2.250923871994018555e+00
2.235000000000000000e+03 -2.236402511596679688e+00
2.236000000000000000e+03 -2.253974914550781250e+00
2.237000000000000000e+03 -2.214009523391723633e+00
2.238000000000000000e+03 -2.248062610626220703e+00
2.239000000000000000e+03 -2.198197364807128906e+00
2.240000000000000000e+03 -2.166652202606201172e+00
2.241000000000000000e+03 -2.212053775787353516e+00
2.242000000000000000e+03 -2.228916645050048828e+00
2.243000000000000000e+03 -2.244466781616210938e+00
2.244000000000000000e+03 -2.187502622604370117e+00
2.245000000000000000e+03 -2.189777374267578125e+00
2.246000000000000000e+03 -2.221325635910034180e+00
2.247000000000000000e+03 -2.226411819458007812e+00
2.248000000000000000e+03 -2.261485099792480469e+00
2.249000000000000000e+03 -2.224760532379150391e+00
2.250000000000000000e+03 -2.222618818283081055e+00
2.251000000000000000e+03 -2.252947807312011719e+00
2.252000000000000000e+03 -2.253052711486816406e+00
2.253000000000000000e+03 -2.243998050689697266e+00
2.254000000000000000e+03 -2.258239746093750000e+00
2.255000000000000000e+03 -2.247702360153198242e+00
2.256000000000000000e+03 -2.248696565628051758e+00
2.257000000000000000e+03 -2.231533288955688477e+00
2.258000000000000000e+03 -2.229428291320800781e+00
2.259000000000000000e+03 -2.243301630020141602e+00
2.260000000000000000e+03 -2.252115726470947266e+00
2.261000000000000000e+03 -2.265353441238403320e+00
2.262000000000000000e+03 -2.226520776748657227e+00
2.263000000000000000e+03 -2.247791767120361328e+00
2.264000000000000000e+03 -2.279806613922119141e+00
2.265000000000000000e+03 -2.257526636123657227e+00
2.266000000000000000e+03 -2.255627393722534180e+00
2.267000000000000000e+03 -2.260934114456176758e+00
2.268000000000000000e+03 -2.208428382873535156e+00
2.269000000000000000e+03 -2.230846405029296875e+00
2.270000000000000000e+03 -2.214993715286254883e+00
2.271000000000000000e+03 -2.231545209884643555e+00
2.272000000000000000e+03 -2.269284725189208984e+00
2.273000000000000000e+03 -2.214212656021118164e+00
2.274000000000000000e+03 -2.216870784759521484e+00
2.275000000000000000e+03 -2.208438396453857422e+00
2.276000000000000000e+03 -2.201604366302490234e+00
2.277000000000000000e+03 -2.226041316986083984e+00
2.278000000000000000e+03 -2.220920324325561523e+00
2.279000000000000000e+03 -2.194967746734619141e+00
2.280000000000000000e+03 -2.235870838165283203e+00
2.281000000000000000e+03 -2.276376724243164062e+00
2.282000000000000000e+03 -2.252840518951416016e+00
2.283000000000000000e+03 -2.240204334259033203e+00
2.284000000000000000e+03 -2.223276138305664062e+00
2.285000000000000000e+03 -2.209591388702392578e+00
2.286000000000000000e+03 -2.203246116638183594e+00
2.287000000000000000e+03 -2.201733112335205078e+00
2.288000000000000000e+03 -2.222108125686645508e+00
2.289000000000000000e+03 -2.225757122039794922e+00
2.290000000000000000e+03 -2.210380792617797852e+00
2.291000000000000000e+03 -2.221271514892578125e+00
2.292000000000000000e+03 -2.218820571899414062e+00
2.293000000000000000e+03 -2.199910163879394531e+00
2.294000000000000000e+03 -2.230061769485473633e+00
2.295000000000000000e+03 -2.244468212127685547e+00
2.296000000000000000e+03 -2.216510772705078125e+00
2.297000000000000000e+03 -2.256477355957031250e+00
2.298000000000000000e+03 -2.183720588684082031e+00
2.299000000000000000e+03 -2.210315227508544922e+00
2.300000000000000000e+03 -2.258882761001586914e+00
2.301000000000000000e+03 -2.222269296646118164e+00
2.302000000000000000e+03 -2.206620216369628906e+00
2.303000000000000000e+03 -2.237199306488037109e+00
2.304000000000000000e+03 -2.239374399185180664e+00
2.305000000000000000e+03 -2.223411083221435547e+00
2.306000000000000000e+03 -2.244151592254638672e+00
2.307000000000000000e+03 -2.245184898376464844e+00
2.308000000000000000e+03 -2.254688978195190430e+00
2.309000000000000000e+03 -2.253836870193481445e+00
2.310000000000000000e+03 -2.241215944290161133e+00
2.311000000000000000e+03 -2.248760223388671875e+00
2.312000000000000000e+03 -2.231778860092163086e+00
2.313000000000000000e+03 -2.269712209701538086e+00
2.314000000000000000e+03 -2.251311779022216797e+00
2.315000000000000000e+03 -2.244218111038208008e+00
2.316000000000000000e+03 -2.287158012390136719e+00
2.317000000000000000e+03 -2.259249687194824219e+00
2.318000000000000000e+03 -2.252347707748413086e+00
2.319000000000000000e+03 -2.257946014404296875e+00
2.320000000000000000e+03 -2.275588035583496094e+00
2.321000000000000000e+03 -2.263601303100585938e+00
2.322000000000000000e+03 -2.241623163223266602e+00
2.323000000000000000e+03 -2.270200967788696289e+00
2.324000000000000000e+03 -2.228283166885375977e+00
2.325000000000000000e+03 -2.264577388763427734e+00
2.326000000000000000e+03 -2.235813856124877930e+00
2.327000000000000000e+03 -2.221490383148193359e+00
2.328000000000000000e+03 -2.253087759017944336e+00
2.329000000000000000e+03 -2.247036695480346680e+00
2.330000000000000000e+03 -2.239372730255126953e+00
2.331000000000000000e+03 -2.234965324401855469e+00
2.332000000000000000e+03 -2.231015682220458984e+00
2.333000000000000000e+03 -2.256974697113037109e+00
2.334000000000000000e+03 -2.228092193603515625e+00
2.335000000000000000e+03 -2.255838394165039062e+00
2.336000000000000000e+03 -2.233518362045288086e+00
2.337000000000000000e+03 -2.232568740844726562e+00
2.338000000000000000e+03 -2.212415456771850586e+00
2.339000000000000000e+03 -2.237287759780883789e+00
2.340000000000000000e+03 -2.206531286239624023e+00
2.341000000000000000e+03 -2.235504865646362305e+00
2.342000000000000000e+03 -2.209811449050903320e+00
2.343000000000000000e+03 -2.253996133804321289e+00
2.344000000000000000e+03 -2.214495658874511719e+00
2.345000000000000000e+03 -2.244076013565063477e+00
2.346000000000000000e+03 -2.225187778472900391e+00
2.347000000000000000e+03 -2.232425689697265625e+00
2.348000000000000000e+03 -2.195971012115478516e+00
2.349000000000000000e+03 -2.200347661972045898e+00
2.350000000000000000e+03 -2.227708339691162109e+00
2.351000000000000000e+03 -2.230268478393554688e+00
2.352000000000000000e+03 -2.222739934921264648e+00
2.353000000000000000e+03 -2.237709522247314453e+00
2.354000000000000000e+03 -2.241933822631835938e+00
2.355000000000000000e+03 -2.263137102127075195e+00
2.356000000000000000e+03 -2.257543563842773438e+00
2.357000000000000000e+03 -2.246975660324096680e+00
2.358000000000000000e+03 -2.228914499282836914e+00
2.359000000000000000e+03 -2.220601320266723633e+00
2.360000000000000000e+03 -2.218973636627197266e+00
2.361000000000000000e+03 -2.206990718841552734e+00
2.362000000000000000e+03 -2.224898815155029297e+00
2.363000000000000000e+03 -2.227908611297607422e+00
2.364000000000000000e+03 -2.247986793518066406e+00
2.365000000000000000e+03 -2.237097978591918945e+00
2.366000000000000000e+03 -2.287725687026977539e+00
2.367000000000000000e+03 -2.292693853378295898e+00
2.368000000000000000e+03 -2.244767904281616211e+00
2.369000000000000000e+03 -2.257455587387084961e+00
2.370000000000000000e+03 -2.250964164733886719e+00
2.371000000000000000e+03 -2.246347427368164062e+00
2.372000000000000000e+03 -2.256399869918823242e+00
2.373000000000000000e+03 -2.227598428726196289e+00
2.374000000000000000e+03 -2.227073192596435547e+00
2.375000000000000000e+03 -2.259471893310546875e+00
2.376000000000000000e+03 -2.264420986175537109e+00
2.377000000000000000e+03 -2.245406150817871094e+00
2.378000000000000000e+03 -2.233119249343872070e+00
2.379000000000000000e+03 -2.250824928283691406e+00
2.380000000000000000e+03 -2.238039493560791016e+00
2.381000000000000000e+03 -2.248790025711059570e+00
2.382000000000000000e+03 -2.237445116043090820e+00
2.383000000000000000e+03 -2.241939544677734375e+00
2.384000000000000000e+03 -2.243830442428588867e+00
2.385000000000000000e+03 -2.209518432617187500e+00
2.386000000000000000e+03 -2.236157178878784180e+00
2.387000000000000000e+03 -2.268485307693481445e+00
2.388000000000000000e+03 -2.246851921081542969e+00
2.389000000000000000e+03 -2.258152723312377930e+00
2.390000000000000000e+03 -2.261637210845947266e+00
2.391000000000000000e+03 -2.248225450515747070e+00
2.392000000000000000e+03 -2.240354776382446289e+00
2.393000000000000000e+03 -2.214322805404663086e+00
2.394000000000000000e+03 -2.243112325668334961e+00
2.395000000000000000e+03 -2.292717456817626953e+00
2.396000000000000000e+03 -2.269304275512695312e+00
2.397000000000000000e+03 -2.231682300567626953e+00
2.398000000000000000e+03 -2.262548208236694336e+00
2.399000000000000000e+03 -2.273407936096191406e+00
2.400000000000000000e+03 -2.243999719619750977e+00
2.401000000000000000e+03 -2.219451665878295898e+00
2.402000000000000000e+03 -2.212996959686279297e+00
2.403000000000000000e+03 -2.247845649719238281e+00
2.404000000000000000e+03 -2.282659530639648438e+00
2.405000000000000000e+03 -2.248421669006347656e+00
2.406000000000000000e+03 -2.230236053466796875e+00
2.407000000000000000e+03 -2.237836837768554688e+00
2.408000000000000000e+03 -2.245529651641845703e+00
2.409000000000000000e+03 -2.239844322204589844e+00
2.410000000000000000e+03 -2.241300821304321289e+00
2.411000000000000000e+03 -2.224163532257080078e+00
2.412000000000000000e+03 -2.208509922027587891e+00
2.413000000000000000e+03 -2.216615200042724609e+00
2.414000000000000000e+03 -2.252055644989013672e+00
2.415000000000000000e+03 -2.238067865371704102e+00
2.416000000000000000e+03 -2.254016160964965820e+00
2.417000000000000000e+03 -2.246911525726318359e+00
2.418000000000000000e+03 -2.252796411514282227e+00
2.419000000000000000e+03 -2.233374595642089844e+00
2.420000000000000000e+03 -2.231318950653076172e+00
2.421000000000000000e+03 -2.222048997879028320e+00
2.422000000000000000e+03 -2.220385313034057617e+00
2.423000000000000000e+03 -2.201993942260742188e+00
2.424000000000000000e+03 -2.219616889953613281e+00
2.425000000000000000e+03 -2.235247611999511719e+00
2.426000000000000000e+03 -2.216686010360717773e+00
2.427000000000000000e+03 -2.224721431732177734e+00
2.428000000000000000e+03 -2.181688070297241211e+00
2.429000000000000000e+03 -2.230043172836303711e+00
2.430000000000000000e+03 -2.258297920227050781e+00
2.431000000000000000e+03 -2.268366336822509766e+00
2.432000000000000000e+03 -2.280349969863891602e+00
2.433000000000000000e+03 -2.266373395919799805e+00
2.434000000000000000e+03 -2.268021345138549805e+00
2.435000000000000000e+03 -2.249408960342407227e+00
2.436000000000000000e+03 -2.264945983886718750e+00
2.437000000000000000e+03 -2.252787113189697266e+00
2.438000000000000000e+03 -2.253599405288696289e+00
2.439000000000000000e+03 -2.267216444015502930e+00
2.440000000000000000e+03 -2.225472450256347656e+00
2.441000000000000000e+03 -2.217822551727294922e+00
2.442000000000000000e+03 -2.241224527359008789e+00
2.443000000000000000e+03 -2.261309146881103516e+00
2.444000000000000000e+03 -2.269009113311767578e+00
2.445000000000000000e+03 -2.249565601348876953e+00
2.446000000000000000e+03 -2.237267017364501953e+00
2.447000000000000000e+03 -2.255580902099609375e+00
2.448000000000000000e+03 -2.250166416168212891e+00
2.449000000000000000e+03 -2.244381189346313477e+00
2.450000000000000000e+03 -2.238641738891601562e+00
2.451000000000000000e+03 -2.217144250869750977e+00
2.452000000000000000e+03 -2.247618198394775391e+00
2.453000000000000000e+03 -2.244189262390136719e+00
2.454000000000000000e+03 -2.201265811920166016e+00
2.455000000000000000e+03 -2.222632646560668945e+00
2.456000000000000000e+03 -2.221327781677246094e+00
2.457000000000000000e+03 -2.203125715255737305e+00
2.458000000000000000e+03 -2.234028339385986328e+00
2.459000000000000000e+03 -2.212172508239746094e+00
2.460000000000000000e+03 -2.201659917831420898e+00
2.461000000000000000e+03 -2.209289073944091797e+00
2.462000000000000000e+03 -2.238457679748535156e+00
2.463000000000000000e+03 -2.206828355789184570e+00
2.464000000000000000e+03 -2.222583532333374023e+00
2.465000000000000000e+03 -2.233976840972900391e+00
2.466000000000000000e+03 -2.214324235916137695e+00
2.467000000000000000e+03 -2.236373901367187500e+00
2.468000000000000000e+03 -2.234916210174560547e+00
2.469000000000000000e+03 -2.242511510848999023e+00
2.470000000000000000e+03 -2.261284351348876953e+00
2.471000000000000000e+03 -2.235068798065185547e+00
2.472000000000000000e+03 -2.213281154632568359e+00
2.473000000000000000e+03 -2.228185892105102539e+00
2.474000000000000000e+03 -2.254596710205078125e+00
2.475000000000000000e+03 -2.235203266143798828e+00
2.476000000000000000e+03 -2.231966495513916016e+00
2.477000000000000000e+03 -2.230610370635986328e+00
2.478000000000000000e+03 -2.234089612960815430e+00
2.479000000000000000e+03 -2.210445404052734375e+00
2.480000000000000000e+03 -2.201232910156250000e+00
2.481000000000000000e+03 -2.212028980255126953e+00
2.482000000000000000e+03 -2.216227531433105469e+00
2.483000000000000000e+03 -2.211674928665161133e+00
2.484000000000000000e+03 -2.201296806335449219e+00
2.485000000000000000e+03 -2.211447715759277344e+00
2.486000000000000000e+03 -2.199133396148681641e+00
2.487000000000000000e+03 -2.204109430313110352e+00
2.488000000000000000e+03 -2.183843135833740234e+00
2.489000000000000000e+03 -2.179617404937744141e+00
2.490000000000000000e+03 -2.205650329589843750e+00
2.491000000000000000e+03 -2.199870109558105469e+00
2.492000000000000000e+03 -2.214153766632080078e+00
2.493000000000000000e+03 -2.246347904205322266e+00
2.494000000000000000e+03 -2.219381332397460938e+00
2.495000000000000000e+03 -2.238858222961425781e+00
2.496000000000000000e+03 -2.226549863815307617e+00
2.497000000000000000e+03 -2.265947341918945312e+00
2.498000000000000000e+03 -2.232173919677734375e+00
2.499000000000000000e+03 -2.171759366989135742e+00
2.500000000000000000e+03 -2.231963396072387695e+00
2.501000000000000000e+03 -2.227955579757690430e+00
2.502000000000000000e+03 -2.216882228851318359e+00
2.503000000000000000e+03 -2.202920198440551758e+00
2.504000000000000000e+03 -2.233430147171020508e+00
2.505000000000000000e+03 -2.241203308105468750e+00
2.506000000000000000e+03 -2.238158464431762695e+00
2.507000000000000000e+03 -2.229536294937133789e+00
2.508000000000000000e+03 -2.237025260925292969e+00
2.509000000000000000e+03 -2.231837749481201172e+00
2.510000000000000000e+03 -2.239697456359863281e+00
2.511000000000000000e+03 -2.253419876098632812e+00
2.512000000000000000e+03 -2.226749897003173828e+00
2.513000000000000000e+03 -2.228236675262451172e+00
2.514000000000000000e+03 -2.188075304031372070e+00
2.515000000000000000e+03 -2.204555749893188477e+00
2.516000000000000000e+03 -2.210792064666748047e+00
2.517000000000000000e+03 -2.184576034545898438e+00
2.518000000000000000e+03 -2.177543640136718750e+00
2.519000000000000000e+03 -2.194474935531616211e+00
2.520000000000000000e+03 -2.168242216110229492e+00
2.521000000000000000e+03 -2.203598737716674805e+00
2.522000000000000000e+03 -2.211361169815063477e+00
2.523000000000000000e+03 -2.181238174438476562e+00
2.524000000000000000e+03 -2.192652702331542969e+00
2.525000000000000000e+03 -2.186355113983154297e+00
2.526000000000000000e+03 -2.169416427612304688e+00
2.527000000000000000e+03 -2.176390171051025391e+00
2.528000000000000000e+03 -2.163066864013671875e+00
2.529000000000000000e+03 -2.175776481628417969e+00
2.530000000000000000e+03 -2.177619934082031250e+00
2.531000000000000000e+03 -2.184979677200317383e+00
2.532000000000000000e+03 -2.219657421112060547e+00
2.533000000000000000e+03 -2.199579238891601562e+00
2.534000000000000000e+03 -2.175825119018554688e+00
2.535000000000000000e+03 -2.213653087615966797e+00
2.536000000000000000e+03 -2.236631155014038086e+00
2.537000000000000000e+03 -2.202302217483520508e+00
2.538000000000000000e+03 -2.204171895980834961e+00
2.539000000000000000e+03 -2.238500118255615234e+00
2.540000000000000000e+03 -2.224435091018676758e+00
2.541000000000000000e+03 -2.235924005508422852e+00
2.542000000000000000e+03 -2.236839056015014648e+00
2.543000000000000000e+03 -2.237691402435302734e+00
2.544000000000000000e+03 -2.236382484436035156e+00
2.545000000000000000e+03 -2.238973617553710938e+00
2.546000000000000000e+03 -2.210119724273681641e+00
2.547000000000000000e+03 -2.218324422836303711e+00
2.548000000000000000e+03 -2.214769840240478516e+00
2.549000000000000000e+03 -2.213211774826049805e+00
2.550000000000000000e+03 -2.222686290740966797e+00
2.551000000000000000e+03 -2.212749719619750977e+00
2.552000000000000000e+03 -2.225351810455322266e+00
2.553000000000000000e+03 -2.213813304901123047e+00
2.554000000000000000e+03 -2.255178213119506836e+00
2.555000000000000000e+03 -2.227158069610595703e+00
2.556000000000000000e+03 -2.212036848068237305e+00
2.557000000000000000e+03 -2.186974287033081055e+00
2.558000000000000000e+03 -2.215091705322265625e+00
2.559000000000000000e+03 -2.247589588165283203e+00
2.560000000000000000e+03 -2.240527153015136719e+00
2.561000000000000000e+03 -2.226061820983886719e+00
2.562000000000000000e+03 -2.229768753051757812e+00
2.563000000000000000e+03 -2.241839408874511719e+00
2.564000000000000000e+03 -2.234632015228271484e+00
2.565000000000000000e+03 -2.259016990661621094e+00
2.566000000000000000e+03 -2.258279800415039062e+00
2.567000000000000000e+03 -2.240597248077392578e+00
2.568000000000000000e+03 -2.235503196716308594e+00
2.569000000000000000e+03 -2.250227928161621094e+00
2.570000000000000000e+03 -2.242666244506835938e+00
2.571000000000000000e+03 -2.251936435699462891e+00
2.572000000000000000e+03 -2.231394529342651367e+00
2.573000000000000000e+03 -2.233445167541503906e+00
2.574000000000000000e+03 -2.259681463241577148e+00
2.575000000000000000e+03 -2.273188114166259766e+00
2.576000000000000000e+03 -2.234091758728027344e+00
2.577000000000000000e+03 -2.245038747787475586e+00
2.578000000000000000e+03 -2.248239994049072266e+00
2.579000000000000000e+03 -2.236199140548706055e+00
2.580000000000000000e+03 -2.251422643661499023e+00
2.581000000000000000e+03 -2.266882658004760742e+00
2.582000000000000000e+03 -2.249017000198364258e+00
2.583000000000000000e+03 -2.250130176544189453e+00
2.584000000000000000e+03 -2.259630203247070312e+00
2.585000000000000000e+03 -2.276363134384155273e+00
2.586000000000000000e+03 -2.225078582763671875e+00
2.587000000000000000e+03 -2.244929313659667969e+00
2.588000000000000000e+03 -2.252583026885986328e+00
2.589000000000000000e+03 -2.223434925079345703e+00
2.590000000000000000e+03 -2.230426788330078125e+00
2.591000000000000000e+03 -2.257164239883422852e+00
2.592000000000000000e+03 -2.247137546539306641e+00
2.593000000000000000e+03 -2.224582672119140625e+00
2.594000000000000000e+03 -2.160089015960693359e+00
2.595000000000000000e+03 -2.234153270721435547e+00
2.596000000000000000e+03 -2.229741573333740234e+00
2.597000000000000000e+03 -2.198317289352416992e+00
2.598000000000000000e+03 -2.194050788879394531e+00
2.599000000000000000e+03 -2.214535236358642578e+00
2.600000000000000000e+03 -2.218225002288818359e+00
2.601000000000000000e+03 -2.207285404205322266e+00
2.602000000000000000e+03 -2.217391490936279297e+00
2.603000000000000000e+03 -2.232023954391479492e+00
2.604000000000000000e+03 -2.251382827758789062e+00
2.605000000000000000e+03 -2.222087383270263672e+00
2.606000000000000000e+03 -2.221247673034667969e+00
2.607000000000000000e+03 -2.224181413650512695e+00
2.608000000000000000e+03 -2.221204757690429688e+00
2.609000000000000000e+03 -2.193133592605590820e+00
2.610000000000000000e+03 -2.195095062255859375e+00
2.611000000000000000e+03 -2.173544645309448242e+00
2.612000000000000000e+03 -2.177193641662597656e+00
2.613000000000000000e+03 -2.212800979614257812e+00
2.614000000000000000e+03 -2.208429098129272461e+00
2.615000000000000000e+03 -2.228497505187988281e+00
2.616000000000000000e+03 -2.243843078613281250e+00
2.617000000000000000e+03 -2.239139556884765625e+00
2.618000000000000000e+03 -2.265536546707153320e+00
2.619000000000000000e+03 -2.276175975799560547e+00
2.620000000000000000e+03 -2.253685474395751953e+00
2.621000000000000000e+03 -2.293956995010375977e+00
2.622000000000000000e+03 -2.254645824432373047e+00
2.623000000000000000e+03 -2.232029914855957031e+00
2.624000000000000000e+03 -2.264250278472900391e+00
2.625000000000000000e+03 -2.280112504959106445e+00
2.626000000000000000e+03 -2.276346921920776367e+00
2.627000000000000000e+03 -2.255232334136962891e+00
2.628000000000000000e+03 -2.256874561309814453e+00
2.629000000000000000e+03 -2.255820035934448242e+00
2.630000000000000000e+03 -2.245438814163208008e+00
2.631000000000000000e+03 -2.228740930557250977e+00
2.632000000000000000e+03 -2.218315839767456055e+00
2.633000000000000000e+03 -2.240665912628173828e+00
2.634000000000000000e+03 -2.237291574478149414e+00
2.635000000000000000e+03 -2.231816291809082031e+00
2.636000000000000000e+03 -2.238399982452392578e+00
2.637000000000000000e+03 -2.219442367553710938e+00
2.638000000000000000e+03 -2.262606620788574219e+00
2.639000000000000000e+03 -2.271191835403442383e+00
2.640000000000000000e+03 -2.258534908294677734e+00
2.641000000000000000e+03 -2.262341976165771484e+00
2.642000000000000000e+03 -2.232117652893066406e+00
2.643000000000000000e+03 -2.249319314956665039e+00
2.644000000000000000e+03 -2.236844539642333984e+00
2.645000000000000000e+03 -2.229084968566894531e+00
2.646000000000000000e+03 -2.222138166427612305e+00
2.647000000000000000e+03 -2.253314971923828125e+00
2.648000000000000000e+03 -2.253832817077636719e+00
2.649000000000000000e+03 -2.222618579864501953e+00
2.650000000000000000e+03 -2.181519746780395508e+00
2.651000000000000000e+03 -2.169255971908569336e+00
2.652000000000000000e+03 -2.208712577819824219e+00
2.653000000000000000e+03 -2.236917018890380859e+00
2.654000000000000000e+03 -2.169828891754150391e+00
2.655000000000000000e+03 -2.195055484771728516e+00
2.656000000000000000e+03 -2.177806854248046875e+00
2.657000000000000000e+03 -2.159093379974365234e+00
2.658000000000000000e+03 -2.166260004043579102e+00
2.659000000000000000e+03 -2.195829629898071289e+00
2.660000000000000000e+03 -2.189397811889648438e+00
2.661000000000000000e+03 -2.232708930969238281e+00
2.662000000000000000e+03 -2.209028244018554688e+00
2.663000000000000000e+03 -2.222248077392578125e+00
2.664000000000000000e+03 -2.240773200988769531e+00
2.665000000000000000e+03 -2.247726917266845703e+00
2.666000000000000000e+03 -2.245828628540039062e+00
2.667000000000000000e+03 -2.241539955139160156e+00
2.668000000000000000e+03 -2.208087921142578125e+00
2.669000000000000000e+03 -2.216131448745727539e+00
2.670000000000000000e+03 -2.265546321868896484e+00
2.671000000000000000e+03 -2.227707147598266602e+00
2.672000000000000000e+03 -2.236144304275512695e+00
2.673000000000000000e+03 -2.217405796051025391e+00
2.674000000000000000e+03 -2.223252296447753906e+00
2.675000000000000000e+03 -2.218694448471069336e+00
2.676000000000000000e+03 -2.225288867950439453e+00
2.677000000000000000e+03 -2.230480432510375977e+00
2.678000000000000000e+03 -2.189289808273315430e+00
2.679000000000000000e+03 -2.206163883209228516e+00
2.680000000000000000e+03 -2.236655235290527344e+00
2.681000000000000000e+03 -2.253702640533447266e+00
2.682000000000000000e+03 -2.215571880340576172e+00
2.683000000000000000e+03 -2.186247110366821289e+00
2.684000000000000000e+03 -2.207034111022949219e+00
2.685000000000000000e+03 -2.207408428192138672e+00
2.686000000000000000e+03 -2.242915868759155273e+00
2.687000000000000000e+03 -2.198565721511840820e+00
2.688000000000000000e+03 -2.200764894485473633e+00
2.689000000000000000e+03 -2.210159540176391602e+00
2.690000000000000000e+03 -2.168057680130004883e+00
2.691000000000000000e+03 -2.175035953521728516e+00
2.692000000000000000e+03 -2.193900585174560547e+00
2.693000000000000000e+03 -2.184398174285888672e+00
2.694000000000000000e+03 -2.176155328750610352e+00
2.695000000000000000e+03 -2.180332899093627930e+00
2.696000000000000000e+03 -2.217382192611694336e+00
2.697000000000000000e+03 -2.252278566360473633e+00
2.698000000000000000e+03 -2.238229990005493164e+00
2.699000000000000000e+03 -2.235366582870483398e+00
2.700000000000000000e+03 -2.256075859069824219e+00
2.701000000000000000e+03 -2.230370044708251953e+00
2.702000000000000000e+03 -2.222547292709350586e+00
2.703000000000000000e+03 -2.257474422454833984e+00
2.704000000000000000e+03 -2.212488174438476562e+00
2.705000000000000000e+03 -2.244846343994140625e+00
2.706000000000000000e+03 -2.226023197174072266e+00
2.707000000000000000e+03 -2.221158504486083984e+00
2.708000000000000000e+03 -2.213083505630493164e+00
2.709000000000000000e+03 -2.255651473999023438e+00
2.710000000000000000e+03 -2.303884267807006836e+00
2.711000000000000000e+03 -2.278038024902343750e+00
2.712000000000000000e+03 -2.263242244720458984e+00
2.713000000000000000e+03 -2.250865459442138672e+00
2.714000000000000000e+03 -2.272615909576416016e+00
2.715000000000000000e+03 -2.279129981994628906e+00
2.716000000000000000e+03 -2.285678625106811523e+00
2.717000000000000000e+03 -2.236948728561401367e+00
2.718000000000000000e+03 -2.234139204025268555e+00
2.719000000000000000e+03 -2.254323005676269531e+00
2.720000000000000000e+03 -2.264938831329345703e+00
2.721000000000000000e+03 -2.231081962585449219e+00
2.722000000000000000e+03 -2.212349414825439453e+00
2.723000000000000000e+03 -2.233413934707641602e+00
2.724000000000000000e+03 -2.259000301361083984e+00
2.725000000000000000e+03 -2.257610321044921875e+00
2.726000000000000000e+03 -2.292948246002197266e+00
2.727000000000000000e+03 -2.215821743011474609e+00
2.728000000000000000e+03 -2.256922245025634766e+00
2.729000000000000000e+03 -2.262005567550659180e+00
2.730000000000000000e+03 -2.261260509490966797e+00
2.731000000000000000e+03 -2.247350454330444336e+00
2.732000000000000000e+03 -2.238772153854370117e+00
2.733000000000000000e+03 -2.230029582977294922e+00
2.734000000000000000e+03 -2.263472795486450195e+00
2.735000000000000000e+03 -2.282455682754516602e+00
2.736000000000000000e+03 -2.278048515319824219e+00
2.737000000000000000e+03 -2.237305164337158203e+00
2.738000000000000000e+03 -2.212900638580322266e+00
2.739000000000000000e+03 -2.199093580245971680e+00
2.740000000000000000e+03 -2.227010488510131836e+00
2.741000000000000000e+03 -2.231819152832031250e+00
2.742000000000000000e+03 -2.230351448059082031e+00
2.743000000000000000e+03 -2.220868349075317383e+00
2.744000000000000000e+03 -2.244766712188720703e+00
2.745000000000000000e+03 -2.280402183532714844e+00
2.746000000000000000e+03 -2.239459276199340820e+00
2.747000000000000000e+03 -2.244353771209716797e+00
2.748000000000000000e+03 -2.267328023910522461e+00
2.749000000000000000e+03 -2.250835418701171875e+00
2.750000000000000000e+03 -2.246964454650878906e+00
2.751000000000000000e+03 -2.202215671539306641e+00
2.752000000000000000e+03 -2.245911598205566406e+00
2.753000000000000000e+03 -2.218481063842773438e+00
2.754000000000000000e+03 -2.246340990066528320e+00
2.755000000000000000e+03 -2.231702327728271484e+00
2.756000000000000000e+03 -2.219817638397216797e+00
2.757000000000000000e+03 -2.242458343505859375e+00
2.758000000000000000e+03 -2.245163440704345703e+00
2.759000000000000000e+03 -2.256278753280639648e+00
2.760000000000000000e+03 -2.258856058120727539e+00
2.761000000000000000e+03 -2.227496862411499023e+00
2.762000000000000000e+03 -2.265202045440673828e+00
2.763000000000000000e+03 -2.216795682907104492e+00
2.764000000000000000e+03 -2.231161832809448242e+00
2.765000000000000000e+03 -2.269984722137451172e+00
2.766000000000000000e+03 -2.298051834106445312e+00
2.767000000000000000e+03 -2.255813837051391602e+00
2.768000000000000000e+03 -2.272863388061523438e+00
2.769000000000000000e+03 -2.225787639617919922e+00
2.770000000000000000e+03 -2.203365802764892578e+00
2.771000000000000000e+03 -2.258769273757934570e+00
2.772000000000000000e+03 -2.274122953414916992e+00
2.773000000000000000e+03 -2.211323738098144531e+00
2.774000000000000000e+03 -2.214346647262573242e+00
2.775000000000000000e+03 -2.261003732681274414e+00
2.776000000000000000e+03 -2.277067661285400391e+00
2.777000000000000000e+03 -2.293491840362548828e+00
2.778000000000000000e+03 -2.286734819412231445e+00
2.779000000000000000e+03 -2.289041042327880859e+00
2.780000000000000000e+03 -2.262057304382324219e+00
2.781000000000000000e+03 -2.249347209930419922e+00
2.782000000000000000e+03 -2.296381235122680664e+00
2.783000000000000000e+03 -2.304754495620727539e+00
2.784000000000000000e+03 -2.276079654693603516e+00
2.785000000000000000e+03 -2.261847019195556641e+00
2.786000000000000000e+03 -2.258747816085815430e+00
2.787000000000000000e+03 -2.241310596466064453e+00
2.788000000000000000e+03 -2.256579160690307617e+00
2.789000000000000000e+03 -2.218637943267822266e+00
2.790000000000000000e+03 -2.218706130981445312e+00
2.791000000000000000e+03 -2.202962398529052734e+00
2.792000000000000000e+03 -2.242934942245483398e+00
2.793000000000000000e+03 -2.249435424804687500e+00
2.794000000000000000e+03 -2.260375261306762695e+00
2.795000000000000000e+03 -2.241938591003417969e+00
2.796000000000000000e+03 -2.245988130569458008e+00
2.797000000000000000e+03 -2.236675024032592773e+00
2.798000000000000000e+03 -2.255919456481933594e+00
2.799000000000000000e+03 -2.235921859741210938e+00
2.800000000000000000e+03 -2.221127510070800781e+00
2.801000000000000000e+03 -2.242135524749755859e+00
2.802000000000000000e+03 -2.246411323547363281e+00
2.803000000000000000e+03 -2.213701009750366211e+00
2.804000000000000000e+03 -2.227033615112304688e+00
2.805000000000000000e+03 -2.238092899322509766e+00
2.806000000000000000e+03 -2.221832990646362305e+00
2.807000000000000000e+03 -2.237188816070556641e+00
2.808000000000000000e+03 -2.238284826278686523e+00
2.809000000000000000e+03 -2.222917556762695312e+00
2.810000000000000000e+03 -2.236212730407714844e+00
2.811000000000000000e+03 -2.258919000625610352e+00
2.812000000000000000e+03 -2.239462137222290039e+00
2.813000000000000000e+03 -2.237398147583007812e+00
2.814000000000000000e+03 -2.233456611633300781e+00
2.815000000000000000e+03 -2.246431350708007812e+00
2.816000000000000000e+03 -2.267478942871093750e+00
2.817000000000000000e+03 -2.243170022964477539e+00
2.818000000000000000e+03 -2.247073173522949219e+00
2.819000000000000000e+03 -2.269289731979370117e+00
2.820000000000000000e+03 -2.250415802001953125e+00
2.821000000000000000e+03 -2.201066493988037109e+00
2.822000000000000000e+03 -2.260567426681518555e+00
2.823000000000000000e+03 -2.279819726943969727e+00
2.824000000000000000e+03 -2.274677276611328125e+00
2.825000000000000000e+03 -2.277908802032470703e+00
2.826000000000000000e+03 -2.266740322113037109e+00
2.827000000000000000e+03 -2.272983789443969727e+00
2.828000000000000000e+03 -2.263014316558837891e+00
2.829000000000000000e+03 -2.257671356201171875e+00
2.830000000000000000e+03 -2.224389553070068359e+00
2.831000000000000000e+03 -2.237141609191894531e+00
2.832000000000000000e+03 -2.261680603027343750e+00
2.833000000000000000e+03 -2.223085880279541016e+00
2.834000000000000000e+03 -2.239424467086791992e+00
2.835000000000000000e+03 -2.259637355804443359e+00
2.836000000000000000e+03 -2.231827020645141602e+00
2.837000000000000000e+03 -2.277250528335571289e+00
2.838000000000000000e+03 -2.240058660507202148e+00
2.839000000000000000e+03 -2.252710819244384766e+00
2.840000000000000000e+03 -2.271695137023925781e+00
2.841000000000000000e+03 -2.233722686767578125e+00
2.842000000000000000e+03 -2.227361440658569336e+00
2.843000000000000000e+03 -2.238014459609985352e+00
2.844000000000000000e+03 -2.247108697891235352e+00
2.845000000000000000e+03 -2.246862173080444336e+00
2.846000000000000000e+03 -2.240797519683837891e+00
2.847000000000000000e+03 -2.229310989379882812e+00
2.848000000000000000e+03 -2.229085206985473633e+00
2.849000000000000000e+03 -2.198338270187377930e+00
2.850000000000000000e+03 -2.219486474990844727e+00
2.851000000000000000e+03 -2.244353294372558594e+00
2.852000000000000000e+03 -2.279646158218383789e+00
2.853000000000000000e+03 -2.244398593902587891e+00
2.854000000000000000e+03 -2.221794843673706055e+00
2.855000000000000000e+03 -2.244852066040039062e+00
2.856000000000000000e+03 -2.267409324645996094e+00
2.857000000000000000e+03 -2.282575607299804688e+00
2.858000000000000000e+03 -2.259924888610839844e+00
2.859000000000000000e+03 -2.254507064819335938e+00
2.860000000000000000e+03 -2.246933221817016602e+00
2.861000000000000000e+03 -2.214355468750000000e+00
2.862000000000000000e+03 -2.231650352478027344e+00
2.863000000000000000e+03 -2.235724449157714844e+00
2.864000000000000000e+03 -2.226260185241699219e+00
2.865000000000000000e+03 -2.254415750503540039e+00
2.866000000000000000e+03 -2.244713306427001953e+00
2.867000000000000000e+03 -2.201290607452392578e+00
2.868000000000000000e+03 -2.236921787261962891e+00
2.869000000000000000e+03 -2.209813833236694336e+00
2.870000000000000000e+03 -2.221404075622558594e+00
2.871000000000000000e+03 -2.245132923126220703e+00
2.872000000000000000e+03 -2.247743844985961914e+00
2.873000000000000000e+03 -2.249542713165283203e+00
2.874000000000000000e+03 -2.238283634185791016e+00
2.875000000000000000e+03 -2.251632928848266602e+00
2.876000000000000000e+03 -2.250176429748535156e+00
2.877000000000000000e+03 -2.242130279541015625e+00
2.878000000000000000e+03 -2.284117460250854492e+00
2.879000000000000000e+03 -2.260103940963745117e+00
2.880000000000000000e+03 -2.278983831405639648e+00
2.881000000000000000e+03 -2.259036779403686523e+00
2.882000000000000000e+03 -2.263330936431884766e+00
2.883000000000000000e+03 -2.310295104980468750e+00
2.884000000000000000e+03 -2.310701847076416016e+00
2.885000000000000000e+03 -2.259770631790161133e+00
2.886000000000000000e+03 -2.222264289855957031e+00
2.887000000000000000e+03 -2.236227750778198242e+00
2.888000000000000000e+03 -2.266530513763427734e+00
2.889000000000000000e+03 -2.275462388992309570e+00
2.890000000000000000e+03 -2.242685317993164062e+00
2.891000000000000000e+03 -2.259652614593505859e+00
2.892000000000000000e+03 -2.266725778579711914e+00
2.893000000000000000e+03 -2.277989625930786133e+00
2.894000000000000000e+03 -2.267940759658813477e+00
2.895000000000000000e+03 -2.254481315612792969e+00
2.896000000000000000e+03 -2.282417774200439453e+00
2.897000000000000000e+03 -2.280039787292480469e+00
2.898000000000000000e+03 -2.276678323745727539e+00
2.899000000000000000e+03 -2.240164279937744141e+00
2.900000000000000000e+03 -2.248468637466430664e+00
2.901000000000000000e+03 -2.278081893920898438e+00
2.902000000000000000e+03 -2.288518667221069336e+00
2.903000000000000000e+03 -2.297935724258422852e+00
2.904000000000000000e+03 -2.264111757278442383e+00
2.905000000000000000e+03 -2.246850013732910156e+00
2.906000000000000000e+03 -2.236397266387939453e+00
2.907000000000000000e+03 -2.251815795898437500e+00
2.908000000000000000e+03 -2.300861358642578125e+00
2.909000000000000000e+03 -2.254055500030517578e+00
2.910000000000000000e+03 -2.262915134429931641e+00
2.911000000000000000e+03 -2.276945590972900391e+00
2.912000000000000000e+03 -2.273276805877685547e+00
2.913000000000000000e+03 -2.300035715103149414e+00
2.914000000000000000e+03 -2.305401325225830078e+00
2.915000000000000000e+03 -2.293386220932006836e+00
2.916000000000000000e+03 -2.289983272552490234e+00
2.917000000000000000e+03 -2.294234752655029297e+00
2.918000000000000000e+03 -2.252430200576782227e+00
2.919000000000000000e+03 -2.279745578765869141e+00
2.920000000000000000e+03 -2.283994674682617188e+00
2.921000000000000000e+03 -2.275541305541992188e+00
2.922000000000000000e+03 -2.298411846160888672e+00
2.923000000000000000e+03 -2.284698009490966797e+00
2.924000000000000000e+03 -2.320276260375976562e+00
2.925000000000000000e+03 -2.254672050476074219e+00
2.926000000000000000e+03 -2.287908554077148438e+00
2.927000000000000000e+03 -2.292347908020019531e+00
2.928000000000000000e+03 -2.261779069900512695e+00
2.929000000000000000e+03 -2.304197788238525391e+00
2.930000000000000000e+03 -2.258578777313232422e+00
2.931000000000000000e+03 -2.279124736785888672e+00
2.932000000000000000e+03 -2.318289279937744141e+00
2.933000000000000000e+03 -2.269177913665771484e+00
2.934000000000000000e+03 -2.290355205535888672e+00
2.935000000000000000e+03 -2.301685810089111328e+00
2.936000000000000000e+03 -2.305787563323974609e+00
2.937000000000000000e+03 -2.304841995239257812e+00
2.938000000000000000e+03 -2.322892189025878906e+00
2.939000000000000000e+03 -2.306645393371582031e+00
2.940000000000000000e+03 -2.312490701675415039e+00
2.941000000000000000e+03 -2.306484222412109375e+00
2.942000000000000000e+03 -2.312361001968383789e+00
2.943000000000000000e+03 -2.260787487030029297e+00
2.944000000000000000e+03 -2.319130420684814453e+00
2.945000000000000000e+03 -2.327947139739990234e+00
2.946000000000000000e+03 -2.343756914138793945e+00
2.947000000000000000e+03 -2.315958499908447266e+00
2.948000000000000000e+03 -2.303057193756103516e+00
2.949000000000000000e+03 -2.311309099197387695e+00
2.950000000000000000e+03 -2.304558277130126953e+00
2.951000000000000000e+03 -2.275812149047851562e+00
2.952000000000000000e+03 -2.296521186828613281e+00
2.953000000000000000e+03 -2.303090095520019531e+00
2.954000000000000000e+03 -2.299274921417236328e+00
2.955000000000000000e+03 -2.293896913528442383e+00
2.956000000000000000e+03 -2.292090892791748047e+00
2.957000000000000000e+03 -2.263106822967529297e+00
2.958000000000000000e+03 -2.258481025695800781e+00
2.959000000000000000e+03 -2.274140834808349609e+00
2.960000000000000000e+03 -2.242921113967895508e+00
2.961000000000000000e+03 -2.320165157318115234e+00
2.962000000000000000e+03 -2.275645017623901367e+00
2.963000000000000000e+03 -2.273635149002075195e+00
2.964000000000000000e+03 -2.291760206222534180e+00
2.965000000000000000e+03 -2.305325508117675781e+00
2.966000000000000000e+03 -2.262519121170043945e+00
2.967000000000000000e+03 -2.287918090820312500e+00
2.968000000000000000e+03 -2.274340629577636719e+00
2.969000000000000000e+03 -2.271995782852172852e+00
2.970000000000000000e+03 -2.264915943145751953e+00
2.971000000000000000e+03 -2.256922721862792969e+00
2.972000000000000000e+03 -2.257687807083129883e+00
2.973000000000000000e+03 -2.274023056030273438e+00
2.974000000000000000e+03 -2.260393142700195312e+00
2.975000000000000000e+03 -2.228781223297119141e+00
2.976000000000000000e+03 -2.225271224975585938e+00
2.977000000000000000e+03 -2.256259918212890625e+00
2.978000000000000000e+03 -2.220014095306396484e+00
2.979000000000000000e+03 -2.263183832168579102e+00
2.980000000000000000e+03 -2.246170759201049805e+00
2.981000000000000000e+03 -2.265818119049072266e+00
2.982000000000000000e+03 -2.286855697631835938e+00
2.983000000000000000e+03 -2.261311769485473633e+00
2.984000000000000000e+03 -2.276552677154541016e+00
2.985000000000000000e+03 -2.287323474884033203e+00
2.986000000000000000e+03 -2.270172119140625000e+00
2.987000000000000000e+03 -2.216753959655761719e+00
2.988000000000000000e+03 -2.249963045120239258e+00
2.989000000000000000e+03 -2.239323377609252930e+00
2.990000000000000000e+03 -2.244254589080810547e+00
2.991000000000000000e+03 -2.271957874298095703e+00
2.992000000000000000e+03 -2.237221240997314453e+00
2.993000000000000000e+03 -2.246296644210815430e+00
2.994000000000000000e+03 -2.246637344360351562e+00
2.995000000000000000e+03 -2.253445625305175781e+00
2.996000000000000000e+03 -2.272208690643310547e+00
2.997000000000000000e+03 -2.269803047180175781e+00
2.998000000000000000e+03 -2.270371437072753906e+00
2.999000000000000000e+03 -2.279502868652343750e+00
3.000000000000000000e+03 -2.244783401489257812e+00
3.001000000000000000e+03 -2.261537075042724609e+00
3.002000000000000000e+03 -2.237951993942260742e+00
3.003000000000000000e+03 -2.242803335189819336e+00
3.004000000000000000e+03 -2.277819871902465820e+00
3.005000000000000000e+03 -2.299264669418334961e+00
3.006000000000000000e+03 -2.305141210556030273e+00
3.007000000000000000e+03 -2.279005765914916992e+00
3.008000000000000000e+03 -2.282449722290039062e+00
3.009000000000000000e+03 -2.292474269866943359e+00
3.010000000000000000e+03 -2.298522949218750000e+00
3.011000000000000000e+03 -2.280321598052978516e+00
3.012000000000000000e+03 -2.257839202880859375e+00
3.013000000000000000e+03 -2.248886585235595703e+00
3.014000000000000000e+03 -2.251899480819702148e+00
3.015000000000000000e+03 -2.242043018341064453e+00
3.016000000000000000e+03 -2.275786161422729492e+00
3.017000000000000000e+03 -2.274449110031127930e+00
3.018000000000000000e+03 -2.275385618209838867e+00
3.019000000000000000e+03 -2.238473415374755859e+00
3.020000000000000000e+03 -2.267782926559448242e+00
3.021000000000000000e+03 -2.289208650588989258e+00
3.022000000000000000e+03 -2.285233259201049805e+00
3.023000000000000000e+03 -2.243125677108764648e+00
3.024000000000000000e+03 -2.231950759887695312e+00
3.025000000000000000e+03 -2.275348186492919922e+00
3.026000000000000000e+03 -2.254412889480590820e+00
3.027000000000000000e+03 -2.239993095397949219e+00
3.028000000000000000e+03 -2.251942873001098633e+00
3.029000000000000000e+03 -2.243613481521606445e+00
3.030000000000000000e+03 -2.247451305389404297e+00
3.031000000000000000e+03 -2.246723651885986328e+00
3.032000000000000000e+03 -2.232014656066894531e+00
3.033000000000000000e+03 -2.236594200134277344e+00
3.034000000000000000e+03 -2.203630924224853516e+00
3.035000000000000000e+03 -2.215356826782226562e+00
3.036000000000000000e+03 -2.252876043319702148e+00
3.037000000000000000e+03 -2.269999027252197266e+00
3.038000000000000000e+03 -2.267663478851318359e+00
3.039000000000000000e+03 -2.260475158691406250e+00
3.040000000000000000e+03 -2.245350837707519531e+00
3.041000000000000000e+03 -2.245343208312988281e+00
3.042000000000000000e+03 -2.256139993667602539e+00
3.043000000000000000e+03 -2.229876041412353516e+00
3.044000000000000000e+03 -2.271507263183593750e+00
3.045000000000000000e+03 -2.264124870300292969e+00
3.046000000000000000e+03 -2.267408847808837891e+00
3.047000000000000000e+03 -2.283035516738891602e+00
3.048000000000000000e+03 -2.276647090911865234e+00
3.049000000000000000e+03 -2.262499332427978516e+00
3.050000000000000000e+03 -2.259326457977294922e+00
3.051000000000000000e+03 -2.237362146377563477e+00
3.052000000000000000e+03 -2.248665332794189453e+00
3.053000000000000000e+03 -2.266515254974365234e+00
3.054000000000000000e+03 -2.241938829421997070e+00
3.055000000000000000e+03 -2.242725849151611328e+00
3.056000000000000000e+03 -2.254258155822753906e+00
3.057000000000000000e+03 -2.272061347961425781e+00
3.058000000000000000e+03 -2.255145788192749023e+00
3.059000000000000000e+03 -2.271910667419433594e+00
3.060000000000000000e+03 -2.308195114135742188e+00
3.061000000000000000e+03 -2.289778470993041992e+00
3.062000000000000000e+03 -2.286036729812622070e+00
3.063000000000000000e+03 -2.290058135986328125e+00
3.064000000000000000e+03 -2.277445554733276367e+00
3.065000000000000000e+03 -2.299456357955932617e+00
3.066000000000000000e+03 -2.279762268066406250e+00
3.067000000000000000e+03 -2.278643608093261719e+00
3.068000000000000000e+03 -2.251976966857910156e+00
3.069000000000000000e+03 -2.266096115112304688e+00
3.070000000000000000e+03 -2.236430644989013672e+00
3.071000000000000000e+03 -2.265312671661376953e+00
3.072000000000000000e+03 -2.256181001663208008e+00
3.073000000000000000e+03 -2.252588033676147461e+00
3.074000000000000000e+03 -2.257851362228393555e+00
3.075000000000000000e+03 -2.259609699249267578e+00
3.076000000000000000e+03 -2.233069419860839844e+00
3.077000000000000000e+03 -2.244595050811767578e+00
3.078000000000000000e+03 -2.273127317428588867e+00
3.079000000000000000e+03 -2.227076292037963867e+00
3.080000000000000000e+03 -2.213757038116455078e+00
3.081000000000000000e+03 -2.239791870117187500e+00
3.082000000000000000e+03 -2.264515399932861328e+00
3.083000000000000000e+03 -2.246941328048706055e+00
3.084000000000000000e+03 -2.258787631988525391e+00
3.085000000000000000e+03 -2.274468421936035156e+00
3.086000000000000000e+03 -2.248039007186889648e+00
3.087000000000000000e+03 -2.283241510391235352e+00
3.088000000000000000e+03 -2.242939472198486328e+00
3.089000000000000000e+03 -2.259771823883056641e+00
3.090000000000000000e+03 -2.239204883575439453e+00
3.091000000000000000e+03 -2.258986473083496094e+00
3.092000000000000000e+03 -2.247742891311645508e+00
3.093000000000000000e+03 -2.235066413879394531e+00
3.094000000000000000e+03 -2.271918296813964844e+00
3.095000000000000000e+03 -2.253524780273437500e+00
3.096000000000000000e+03 -2.234455823898315430e+00
3.097000000000000000e+03 -2.263319730758666992e+00
3.098000000000000000e+03 -2.254215717315673828e+00
3.099000000000000000e+03 -2.240447044372558594e+00
3.100000000000000000e+03 -2.262044906616210938e+00
3.101000000000000000e+03 -2.249097824096679688e+00
3.102000000000000000e+03 -2.264619827270507812e+00
3.103000000000000000e+03 -2.301505804061889648e+00
3.104000000000000000e+03 -2.237921714782714844e+00
3.105000000000000000e+03 -2.267025470733642578e+00
3.106000000000000000e+03 -2.255829811096191406e+00
3.107000000000000000e+03 -2.248493432998657227e+00
3.108000000000000000e+03 -2.256653547286987305e+00
3.109000000000000000e+03 -2.270644664764404297e+00
3.110000000000000000e+03 -2.297698497772216797e+00
3.111000000000000000e+03 -2.278025388717651367e+00
3.112000000000000000e+03 -2.291188240051269531e+00
3.113000000000000000e+03 -2.324495315551757812e+00
3.114000000000000000e+03 -2.321283817291259766e+00
3.115000000000000000e+03 -2.296667098999023438e+00
3.116000000000000000e+03 -2.310878753662109375e+00
3.117000000000000000e+03 -2.296890020370483398e+00
3.118000000000000000e+03 -2.264639616012573242e+00
3.119000000000000000e+03 -2.258035421371459961e+00
3.120000000000000000e+03 -2.247224092483520508e+00
3.121000000000000000e+03 -2.232625007629394531e+00
3.122000000000000000e+03 -2.276055812835693359e+00
3.123000000000000000e+03 -2.283713340759277344e+00
3.124000000000000000e+03 -2.268183231353759766e+00
3.125000000000000000e+03 -2.273349046707153320e+00
3.126000000000000000e+03 -2.304159879684448242e+00
3.127000000000000000e+03 -2.288069725036621094e+00
3.128000000000000000e+03 -2.310852289199829102e+00
3.129000000000000000e+03 -2.320899963378906250e+00
3.130000000000000000e+03 -2.305364608764648438e+00
3.131000000000000000e+03 -2.272577762603759766e+00
3.132000000000000000e+03 -2.257700443267822266e+00
3.133000000000000000e+03 -2.268314838409423828e+00
3.134000000000000000e+03 -2.277816057205200195e+00
3.135000000000000000e+03 -2.321632146835327148e+00
3.136000000000000000e+03 -2.277611494064331055e+00
3.137000000000000000e+03 -2.234277248382568359e+00
3.138000000000000000e+03 -2.248133659362792969e+00
3.139000000000000000e+03 -2.260429859161376953e+00
3.140000000000000000e+03 -2.239329814910888672e+00
3.141000000000000000e+03 -2.249431610107421875e+00
3.142000000000000000e+03 -2.272969245910644531e+00
3.143000000000000000e+03 -2.240044355392456055e+00
3.144000000000000000e+03 -2.226691722869873047e+00
3.145000000000000000e+03 -2.273445606231689453e+00
3.146000000000000000e+03 -2.286059379577636719e+00
3.147000000000000000e+03 -2.251291751861572266e+00
3.148000000000000000e+03 -2.237098693847656250e+00
3.149000000000000000e+03 -2.253320693969726562e+00
3.150000000000000000e+03 -2.240999937057495117e+00
3.151000000000000000e+03 -2.219746589660644531e+00
3.152000000000000000e+03 -2.211911439895629883e+00
3.153000000000000000e+03 -2.213490486145019531e+00
3.154000000000000000e+03 -2.224236488342285156e+00
3.155000000000000000e+03 -2.259829759597778320e+00
3.156000000000000000e+03 -2.250188827514648438e+00
3.157000000000000000e+03 -2.262019395828247070e+00
3.158000000000000000e+03 -2.260561704635620117e+00
3.159000000000000000e+03 -2.261129379272460938e+00
3.160000000000000000e+03 -2.252735614776611328e+00
3.161000000000000000e+03 -2.261460781097412109e+00
3.162000000000000000e+03 -2.230235576629638672e+00
3.163000000000000000e+03 -2.226893901824951172e+00
3.164000000000000000e+03 -2.258853912353515625e+00
3.165000000000000000e+03 -2.249158859252929688e+00
3.166000000000000000e+03 -2.247496128082275391e+00
3.167000000000000000e+03 -2.224900722503662109e+00
3.168000000000000000e+03 -2.223762512207031250e+00
3.169000000000000000e+03 -2.260207653045654297e+00
3.170000000000000000e+03 -2.204899549484252930e+00
3.171000000000000000e+03 -2.214882850646972656e+00
3.172000000000000000e+03 -2.222384452819824219e+00
3.173000000000000000e+03 -2.259414672851562500e+00
3.174000000000000000e+03 -2.261583566665649414e+00
3.175000000000000000e+03 -2.241171360015869141e+00
3.176000000000000000e+03 -2.267694234848022461e+00
3.177000000000000000e+03 -2.265068054199218750e+00
3.178000000000000000e+03 -2.283456087112426758e+00
3.179000000000000000e+03 -2.276898384094238281e+00
3.180000000000000000e+03 -2.249154090881347656e+00
3.181000000000000000e+03 -2.256515026092529297e+00
3.182000000000000000e+03 -2.238918304443359375e+00
3.183000000000000000e+03 -2.277104139328002930e+00
3.184000000000000000e+03 -2.278859853744506836e+00
3.185000000000000000e+03 -2.290311098098754883e+00
3.186000000000000000e+03 -2.254490613937377930e+00
3.187000000000000000e+03 -2.242748260498046875e+00
3.188000000000000000e+03 -2.246832370758056641e+00
3.189000000000000000e+03 -2.255378723144531250e+00
3.190000000000000000e+03 -2.253945589065551758e+00
3.191000000000000000e+03 -2.288172721862792969e+00
3.192000000000000000e+03 -2.316424846649169922e+00
3.193000000000000000e+03 -2.264715909957885742e+00
3.194000000000000000e+03 -2.283217668533325195e+00
3.195000000000000000e+03 -2.293983936309814453e+00
3.196000000000000000e+03 -2.266921520233154297e+00
3.197000000000000000e+03 -2.266742467880249023e+00
3.198000000000000000e+03 -2.290041446685791016e+00
3.199000000000000000e+03 -2.269284725189208984e+00
3.200000000000000000e+03 -2.306827068328857422e+00
3.201000000000000000e+03 -2.278031587600708008e+00
3.202000000000000000e+03 -2.285555362701416016e+00
3.203000000000000000e+03 -2.285375595092773438e+00
3.204000000000000000e+03 -2.269637107849121094e+00
3.205000000000000000e+03 -2.281502485275268555e+00
3.206000000000000000e+03 -2.321248292922973633e+00
3.207000000000000000e+03 -2.327441692352294922e+00
3.208000000000000000e+03 -2.308937072753906250e+00
3.209000000000000000e+03 -2.284755945205688477e+00
3.210000000000000000e+03 -2.287186622619628906e+00
3.211000000000000000e+03 -2.279052495956420898e+00
3.212000000000000000e+03 -2.259079456329345703e+00
3.213000000000000000e+03 -2.260704040527343750e+00
3.214000000000000000e+03 -2.278581619262695312e+00
3.215000000000000000e+03 -2.256690740585327148e+00
3.216000000000000000e+03 -2.243798732757568359e+00
3.217000000000000000e+03 -2.252211570739746094e+00
3.218000000000000000e+03 -2.233161449432373047e+00
3.219000000000000000e+03 -2.256668567657470703e+00
3.220000000000000000e+03 -2.259329080581665039e+00
3.221000000000000000e+03 -2.249390840530395508e+00
3.222000000000000000e+03 -2.257246494293212891e+00
3.223000000000000000e+03 -2.279876947402954102e+00
3.224000000000000000e+03 -2.288724660873413086e+00
3.225000000000000000e+03 -2.307066917419433594e+00
3.226000000000000000e+03 -2.255892753601074219e+00
3.227000000000000000e+03 -2.251696586608886719e+00
3.228000000000000000e+03 -2.293080806732177734e+00
3.229000000000000000e+03 -2.271664857864379883e+00
3.230000000000000000e+03 -2.267168760299682617e+00
3.231000000000000000e+03 -2.287926673889160156e+00
3.232000000000000000e+03 -2.310204029083251953e+00
3.233000000000000000e+03 -2.296155452728271484e+00
3.234000000000000000e+03 -2.260327816009521484e+00
3.235000000000000000e+03 -2.298548460006713867e+00
3.236000000000000000e+03 -2.277553558349609375e+00
3.237000000000000000e+03 -2.261942148208618164e+00
3.238000000000000000e+03 -2.295396566390991211e+00
3.239000000000000000e+03 -2.320086002349853516e+00
3.240000000000000000e+03 -2.273960113525390625e+00
3.241000000000000000e+03 -2.266754388809204102e+00
3.242000000000000000e+03 -2.277843475341796875e+00
3.243000000000000000e+03 -2.277639389038085938e+00
3.244000000000000000e+03 -2.273659944534301758e+00
3.245000000000000000e+03 -2.298678398132324219e+00
3.246000000000000000e+03 -2.267522096633911133e+00
3.247000000000000000e+03 -2.279726982116699219e+00
3.248000000000000000e+03 -2.281468629837036133e+00
3.249000000000000000e+03 -2.264632225036621094e+00
3.250000000000000000e+03 -2.281085491180419922e+00
3.251000000000000000e+03 -2.267758846282958984e+00
3.252000000000000000e+03 -2.245186328887939453e+00
3.253000000000000000e+03 -2.260820865631103516e+00
3.254000000000000000e+03 -2.247217655181884766e+00
3.255000000000000000e+03 -2.230687856674194336e+00
3.256000000000000000e+03 -2.269275426864624023e+00
3.257000000000000000e+03 -2.247929573059082031e+00
3.258000000000000000e+03 -2.258424043655395508e+00
3.259000000000000000e+03 -2.237098932266235352e+00
3.260000000000000000e+03 -2.247262477874755859e+00
3.261000000000000000e+03 -2.245043992996215820e+00
3.262000000000000000e+03 -2.255795478820800781e+00
3.263000000000000000e+03 -2.236918687820434570e+00
3.264000000000000000e+03 -2.219702005386352539e+00
3.265000000000000000e+03 -2.236910104751586914e+00
3.266000000000000000e+03 -2.239367961883544922e+00
3.267000000000000000e+03 -2.248927831649780273e+00
3.268000000000000000e+03 -2.260746717453002930e+00
3.269000000000000000e+03 -2.270519971847534180e+00
3.270000000000000000e+03 -2.270202159881591797e+00
3.271000000000000000e+03 -2.262467145919799805e+00
3.272000000000000000e+03 -2.293902397155761719e+00
3.273000000000000000e+03 -2.282947540283203125e+00
3.274000000000000000e+03 -2.245618343353271484e+00
3.275000000000000000e+03 -2.278844356536865234e+00
3.276000000000000000e+03 -2.251432418823242188e+00
3.277000000000000000e+03 -2.264466762542724609e+00
3.278000000000000000e+03 -2.268471717834472656e+00
3.279000000000000000e+03 -2.244499206542968750e+00
3.280000000000000000e+03 -2.285399913787841797e+00
3.281000000000000000e+03 -2.263643264770507812e+00
3.282000000000000000e+03 -2.229504108428955078e+00
3.283000000000000000e+03 -2.267271995544433594e+00
3.284000000000000000e+03 -2.286302328109741211e+00
3.285000000000000000e+03 -2.277566432952880859e+00
3.286000000000000000e+03 -2.237654209136962891e+00
3.287000000000000000e+03 -2.244513034820556641e+00
3.288000000000000000e+03 -2.221261978149414062e+00
3.289000000000000000e+03 -2.274742603302001953e+00
3.290000000000000000e+03 -2.246013879776000977e+00
3.291000000000000000e+03 -2.263685226440429688e+00
3.292000000000000000e+03 -2.249427795410156250e+00
3.293000000000000000e+03 -2.243227958679199219e+00
3.294000000000000000e+03 -2.233202934265136719e+00
3.295000000000000000e+03 -2.217638254165649414e+00
3.296000000000000000e+03 -2.224550962448120117e+00
3.297000000000000000e+03 -2.201752662658691406e+00
3.298000000000000000e+03 -2.211747646331787109e+00
3.299000000000000000e+03 -2.215409755706787109e+00
3.300000000000000000e+03 -2.220168590545654297e+00
3.301000000000000000e+03 -2.223407268524169922e+00
3.302000000000000000e+03 -2.201085090637207031e+00
3.303000000000000000e+03 -2.223613023757934570e+00
3.304000000000000000e+03 -2.228184700012207031e+00
3.305000000000000000e+03 -2.228033542633056641e+00
3.306000000000000000e+03 -2.218156576156616211e+00
3.307000000000000000e+03 -2.237063884735107422e+00
3.308000000000000000e+03 -2.230011463165283203e+00
3.309000000000000000e+03 -2.253066301345825195e+00
3.310000000000000000e+03 -2.232367992401123047e+00
3.311000000000000000e+03 -2.274430990219116211e+00
3.312000000000000000e+03 -2.296468496322631836e+00
3.313000000000000000e+03 -2.284762382507324219e+00
3.314000000000000000e+03 -2.269704341888427734e+00
3.315000000000000000e+03 -2.252488374710083008e+00
3.316000000000000000e+03 -2.275904178619384766e+00
3.317000000000000000e+03 -2.266158580780029297e+00
3.318000000000000000e+03 -2.269429206848144531e+00
3.319000000000000000e+03 -2.297939538955688477e+00
3.320000000000000000e+03 -2.300256729125976562e+00
3.321000000000000000e+03 -2.253163099288940430e+00
3.322000000000000000e+03 -2.269018411636352539e+00
3.323000000000000000e+03 -2.310379028320312500e+00
3.324000000000000000e+03 -2.260455131530761719e+00
3.325000000000000000e+03 -2.269107580184936523e+00
3.326000000000000000e+03 -2.298188447952270508e+00
3.327000000000000000e+03 -2.310264348983764648e+00
3.328000000000000000e+03 -2.271032571792602539e+00
3.329000000000000000e+03 -2.289285659790039062e+00
3.330000000000000000e+03 -2.268674373626708984e+00
3.331000000000000000e+03 -2.292931556701660156e+00
3.332000000000000000e+03 -2.285932302474975586e+00
3.333000000000000000e+03 -2.279426336288452148e+00
3.334000000000000000e+03 -2.333200931549072266e+00
3.335000000000000000e+03 -2.326747179031372070e+00
3.336000000000000000e+03 -2.288012742996215820e+00
3.337000000000000000e+03 -2.294576644897460938e+00
3.338000000000000000e+03 -2.274473190307617188e+00
3.339000000000000000e+03 -2.249443054199218750e+00
3.340000000000000000e+03 -2.267840862274169922e+00
3.341000000000000000e+03 -2.270403623580932617e+00
3.342000000000000000e+03 -2.252710342407226562e+00
3.343000000000000000e+03 -2.239690780639648438e+00
3.344000000000000000e+03 -2.295921564102172852e+00
3.345000000000000000e+03 -2.271079540252685547e+00
3.346000000000000000e+03 -2.302269220352172852e+00
3.347000000000000000e+03 -2.283151626586914062e+00
3.348000000000000000e+03 -2.291184425354003906e+00
3.349000000000000000e+03 -2.291188716888427734e+00
3.350000000000000000e+03 -2.271088838577270508e+00
3.351000000000000000e+03 -2.244040012359619141e+00
3.352000000000000000e+03 -2.241578578948974609e+00
3.353000000000000000e+03 -2.250384092330932617e+00
3.354000000000000000e+03 -2.265634536743164062e+00
3.355000000000000000e+03 -2.238241672515869141e+00
3.356000000000000000e+03 -2.228009462356567383e+00
3.357000000000000000e+03 -2.244513988494873047e+00
3.358000000000000000e+03 -2.283917903900146484e+00
3.359000000000000000e+03 -2.246814012527465820e+00
3.360000000000000000e+03 -2.246722698211669922e+00
3.361000000000000000e+03 -2.280798673629760742e+00
3.362000000000000000e+03 -2.235506057739257812e+00
3.363000000000000000e+03 -2.244231700897216797e+00
3.364000000000000000e+03 -2.223563194274902344e+00
3.365000000000000000e+03 -2.228976726531982422e+00
3.366000000000000000e+03 -2.228716135025024414e+00
3.367000000000000000e+03 -2.262080430984497070e+00
3.368000000000000000e+03 -2.238914251327514648e+00
3.369000000000000000e+03 -2.235263347625732422e+00
3.370000000000000000e+03 -2.213191270828247070e+00
3.371000000000000000e+03 -2.224344730377197266e+00
3.372000000000000000e+03 -2.243372440338134766e+00
3.373000000000000000e+03 -2.204874992370605469e+00
3.374000000000000000e+03 -2.248583555221557617e+00
3.375000000000000000e+03 -2.241402387619018555e+00
3.376000000000000000e+03 -2.237449884414672852e+00
3.377000000000000000e+03 -2.210724592208862305e+00
3.378000000000000000e+03 -2.198124170303344727e+00
3.379000000000000000e+03 -2.184510946273803711e+00
3.380000000000000000e+03 -2.207905769348144531e+00
3.381000000000000000e+03 -2.215929508209228516e+00
3.382000000000000000e+03 -2.213278770446777344e+00
3.383000000000000000e+03 -2.226556301116943359e+00
3.384000000000000000e+03 -2.210782289505004883e+00
3.385000000000000000e+03 -2.223626613616943359e+00
3.386000000000000000e+03 -2.180031299591064453e+00
3.387000000000000000e+03 -2.220253944396972656e+00
3.388000000000000000e+03 -2.250499248504638672e+00
3.389000000000000000e+03 -2.234923839569091797e+00
3.390000000000000000e+03 -2.248226404190063477e+00
3.391000000000000000e+03 -2.229114055633544922e+00
3.392000000000000000e+03 -2.231132268905639648e+00
3.393000000000000000e+03 -2.261628866195678711e+00
3.394000000000000000e+03 -2.232745647430419922e+00
3.395000000000000000e+03 -2.255633831024169922e+00
3.396000000000000000e+03 -2.252151489257812500e+00
3.397000000000000000e+03 -2.262331247329711914e+00
3.398000000000000000e+03 -2.220693349838256836e+00
3.399000000000000000e+03 -2.211900711059570312e+00
3.400000000000000000e+03 -2.208576679229736328e+00
3.401000000000000000e+03 -2.217746019363403320e+00
3.402000000000000000e+03 -2.236174106597900391e+00
3.403000000000000000e+03 -2.228852272033691406e+00
3.404000000000000000e+03 -2.223349571228027344e+00
3.405000000000000000e+03 -2.251435756683349609e+00
3.406000000000000000e+03 -2.205384731292724609e+00
3.407000000000000000e+03 -2.256268501281738281e+00
3.408000000000000000e+03 -2.221286058425903320e+00
3.409000000000000000e+03 -2.206883668899536133e+00
3.410000000000000000e+03 -2.227553367614746094e+00
3.411000000000000000e+03 -2.215132713317871094e+00
3.412000000000000000e+03 -2.207265853881835938e+00
3.413000000000000000e+03 -2.230929374694824219e+00
3.414000000000000000e+03 -2.246482372283935547e+00
3.415000000000000000e+03 -2.271947145462036133e+00
3.416000000000000000e+03 -2.291786670684814453e+00
3.417000000000000000e+03 -2.283802747726440430e+00
3.418000000000000000e+03 -2.260992288589477539e+00
3.419000000000000000e+03 -2.261963844299316406e+00
3.420000000000000000e+03 -2.251897811889648438e+00
3.421000000000000000e+03 -2.263139724731445312e+00
3.422000000000000000e+03 -2.261838674545288086e+00
3.423000000000000000e+03 -2.259656429290771484e+00
3.424000000000000000e+03 -2.246735811233520508e+00
3.425000000000000000e+03 -2.245115756988525391e+00
3.426000000000000000e+03 -2.290907859802246094e+00
3.427000000000000000e+03 -2.236015796661376953e+00
3.428000000000000000e+03 -2.272039175033569336e+00
3.429000000000000000e+03 -2.255210399627685547e+00
3.430000000000000000e+03 -2.265403032302856445e+00
3.431000000000000000e+03 -2.243867397308349609e+00
3.432000000000000000e+03 -2.234890937805175781e+00
3.433000000000000000e+03 -2.230467319488525391e+00
3.434000000000000000e+03 -2.278837203979492188e+00
3.435000000000000000e+03 -2.249905586242675781e+00
3.436000000000000000e+03 -2.241032838821411133e+00
3.437000000000000000e+03 -2.282219171524047852e+00
3.438000000000000000e+03 -2.299041271209716797e+00
3.439000000000000000e+03 -2.241010665893554688e+00
3.440000000000000000e+03 -2.189645290374755859e+00
3.441000000000000000e+03 -2.254890441894531250e+00
3.442000000000000000e+03 -2.233572006225585938e+00
3.443000000000000000e+03 -2.233993291854858398e+00
3.444000000000000000e+03 -2.256578922271728516e+00
3.445000000000000000e+03 -2.242936611175537109e+00
3.446000000000000000e+03 -2.298169374465942383e+00
3.447000000000000000e+03 -2.283700227737426758e+00
3.448000000000000000e+03 -2.263659000396728516e+00
3.449000000000000000e+03 -2.251673936843872070e+00
3.450000000000000000e+03 -2.252849817276000977e+00
3.451000000000000000e+03 -2.252343654632568359e+00
3.452000000000000000e+03 -2.260856628417968750e+00
3.453000000000000000e+03 -2.265356063842773438e+00
3.454000000000000000e+03 -2.299851417541503906e+00
3.455000000000000000e+03 -2.278715848922729492e+00
3.456000000000000000e+03 -2.280838012695312500e+00
3.457000000000000000e+03 -2.313575267791748047e+00
3.458000000000000000e+03 -2.258742809295654297e+00
3.459000000000000000e+03 -2.248690128326416016e+00
3.460000000000000000e+03 -2.265469789505004883e+00
3.461000000000000000e+03 -2.271966218948364258e+00
3.462000000000000000e+03 -2.257741689682006836e+00
3.463000000000000000e+03 -2.272877693176269531e+00
3.464000000000000000e+03 -2.257695674896240234e+00
3.465000000000000000e+03 -2.243548393249511719e+00
3.466000000000000000e+03 -2.263960838317871094e+00
3.467000000000000000e+03 -2.249462842941284180e+00
3.468000000000000000e+03 -2.272102117538452148e+00
3.469000000000000000e+03 -2.284764289855957031e+00
3.470000000000000000e+03 -2.256759166717529297e+00
3.471000000000000000e+03 -2.265267610549926758e+00
3.472000000000000000e+03 -2.330087423324584961e+00
3.473000000000000000e+03 -2.299937486648559570e+00
3.474000000000000000e+03 -2.265296220779418945e+00
3.475000000000000000e+03 -2.305082082748413086e+00
3.476000000000000000e+03 -2.259721279144287109e+00
3.477000000000000000e+03 -2.255106687545776367e+00
3.478000000000000000e+03 -2.328046321868896484e+00
3.479000000000000000e+03 -2.285344123840332031e+00
3.480000000000000000e+03 -2.267299652099609375e+00
3.481000000000000000e+03 -2.252610683441162109e+00
3.482000000000000000e+03 -2.254546165466308594e+00
3.483000000000000000e+03 -2.241386175155639648e+00
3.484000000000000000e+03 -2.246173143386840820e+00
3.485000000000000000e+03 -2.243460178375244141e+00
3.486000000000000000e+03 -2.258711814880371094e+00
3.487000000000000000e+03 -2.219996452331542969e+00
3.488000000000000000e+03 -2.245025634765625000e+00
3.489000000000000000e+03 -2.242654800415039062e+00
3.490000000000000000e+03 -2.234356641769409180e+00
3.491000000000000000e+03 -2.222480058670043945e+00
3.492000000000000000e+03 -2.213047504425048828e+00
3.493000000000000000e+03 -2.197429418563842773e+00
3.494000000000000000e+03 -2.236179351806640625e+00
3.495000000000000000e+03 -2.252701520919799805e+00
3.496000000000000000e+03 -2.230219364166259766e+00
3.497000000000000000e+03 -2.246492862701416016e+00
3.498000000000000000e+03 -2.176688671112060547e+00
3.499000000000000000e+03 -2.174196243286132812e+00
3.500000000000000000e+03 -2.211972236633300781e+00
3.501000000000000000e+03 -2.192856073379516602e+00
3.502000000000000000e+03 -2.212903499603271484e+00
3.503000000000000000e+03 -2.226006269454956055e+00
3.504000000000000000e+03 -2.235248088836669922e+00
3.505000000000000000e+03 -2.224992513656616211e+00
3.506000000000000000e+03 -2.255857229232788086e+00
3.507000000000000000e+03 -2.278791427612304688e+00
3.508000000000000000e+03 -2.300780296325683594e+00
3.509000000000000000e+03 -2.278316974639892578e+00
3.510000000000000000e+03 -2.261145591735839844e+00
3.511000000000000000e+03 -2.292108297348022461e+00
3.512000000000000000e+03 -2.253256320953369141e+00
3.513000000000000000e+03 -2.232381105422973633e+00
3.514000000000000000e+03 -2.228799343109130859e+00
3.515000000000000000e+03 -2.244234323501586914e+00
3.516000000000000000e+03 -2.260827541351318359e+00
3.517000000000000000e+03 -2.222234964370727539e+00
3.518000000000000000e+03 -2.237728834152221680e+00
3.519000000000000000e+03 -2.263247966766357422e+00
3.520000000000000000e+03 -2.227610111236572266e+00
3.521000000000000000e+03 -2.248613119125366211e+00
3.522000000000000000e+03 -2.265822410583496094e+00
3.523000000000000000e+03 -2.249763488769531250e+00
3.524000000000000000e+03 -2.235186100006103516e+00
3.525000000000000000e+03 -2.244801759719848633e+00
3.526000000000000000e+03 -2.260705471038818359e+00
3.527000000000000000e+03 -2.238349676132202148e+00
3.528000000000000000e+03 -2.235817909240722656e+00
3.529000000000000000e+03 -2.281151771545410156e+00
3.530000000000000000e+03 -2.278179645538330078e+00
3.531000000000000000e+03 -2.287166118621826172e+00
3.532000000000000000e+03 -2.287074327468872070e+00
3.533000000000000000e+03 -2.285923719406127930e+00
3.534000000000000000e+03 -2.253981828689575195e+00
3.535000000000000000e+03 -2.238633155822753906e+00
3.536000000000000000e+03 -2.242238283157348633e+00
3.537000000000000000e+03 -2.243484258651733398e+00
3.538000000000000000e+03 -2.247347354888916016e+00
3.539000000000000000e+03 -2.245807886123657227e+00
3.540000000000000000e+03 -2.258463859558105469e+00
3.541000000000000000e+03 -2.222981452941894531e+00
3.542000000000000000e+03 -2.254194736480712891e+00
3.543000000000000000e+03 -2.256272315979003906e+00
3.544000000000000000e+03 -2.255478382110595703e+00
3.545000000000000000e+03 -2.252584457397460938e+00
3.546000000000000000e+03 -2.254036903381347656e+00
3.547000000000000000e+03 -2.252592086791992188e+00
3.548000000000000000e+03 -2.240752220153808594e+00
3.549000000000000000e+03 -2.273127555847167969e+00
3.550000000000000000e+03 -2.222717285156250000e+00
3.551000000000000000e+03 -2.256084442138671875e+00
3.552000000000000000e+03 -2.242567539215087891e+00
3.553000000000000000e+03 -2.260709762573242188e+00
3.554000000000000000e+03 -2.258463144302368164e+00
3.555000000000000000e+03 -2.224348783493041992e+00
3.556000000000000000e+03 -2.207516908645629883e+00
3.557000000000000000e+03 -2.250524520874023438e+00
3.558000000000000000e+03 -2.224224090576171875e+00
3.559000000000000000e+03 -2.252599239349365234e+00
3.560000000000000000e+03 -2.200925827026367188e+00
3.561000000000000000e+03 -2.206156492233276367e+00
3.562000000000000000e+03 -2.236668586730957031e+00
3.563000000000000000e+03 -2.265763282775878906e+00
3.564000000000000000e+03 -2.254251241683959961e+00
3.565000000000000000e+03 -2.243863105773925781e+00
3.566000000000000000e+03 -2.224415779113769531e+00
3.567000000000000000e+03 -2.245970726013183594e+00
3.568000000000000000e+03 -2.247030973434448242e+00
3.569000000000000000e+03 -2.261788845062255859e+00
3.570000000000000000e+03 -2.276302337646484375e+00
3.571000000000000000e+03 -2.261031627655029297e+00
3.572000000000000000e+03 -2.256254911422729492e+00
3.573000000000000000e+03 -2.289457559585571289e+00
3.574000000000000000e+03 -2.225192785263061523e+00
3.575000000000000000e+03 -2.227766275405883789e+00
3.576000000000000000e+03 -2.225960731506347656e+00
3.577000000000000000e+03 -2.232275247573852539e+00
3.578000000000000000e+03 -2.259783267974853516e+00
3.579000000000000000e+03 -2.248590707778930664e+00
3.580000000000000000e+03 -2.252815723419189453e+00
3.581000000000000000e+03 -2.244676351547241211e+00
3.582000000000000000e+03 -2.263324260711669922e+00
3.583000000000000000e+03 -2.220493555068969727e+00
3.584000000000000000e+03 -2.252766132354736328e+00
3.585000000000000000e+03 -2.243452787399291992e+00
3.586000000000000000e+03 -2.258427143096923828e+00
3.587000000000000000e+03 -2.232654571533203125e+00
3.588000000000000000e+03 -2.224408864974975586e+00
3.589000000000000000e+03 -2.270661830902099609e+00
3.590000000000000000e+03 -2.276952028274536133e+00
3.591000000000000000e+03 -2.237064838409423828e+00
3.592000000000000000e+03 -2.270266532897949219e+00
3.593000000000000000e+03 -2.259388685226440430e+00
3.594000000000000000e+03 -2.274336338043212891e+00
3.595000000000000000e+03 -2.269780635833740234e+00
3.596000000000000000e+03 -2.283816576004028320e+00
3.597000000000000000e+03 -2.263832807540893555e+00
3.598000000000000000e+03 -2.248383760452270508e+00
3.599000000000000000e+03 -2.251907825469970703e+00
3.600000000000000000e+03 -2.258493423461914062e+00
3.601000000000000000e+03 -2.229026794433593750e+00
3.602000000000000000e+03 -2.246246099472045898e+00
3.603000000000000000e+03 -2.263767242431640625e+00
3.604000000000000000e+03 -2.250897884368896484e+00
3.605000000000000000e+03 -2.257799625396728516e+00
3.606000000000000000e+03 -2.245392560958862305e+00
3.607000000000000000e+03 -2.241477012634277344e+00
3.608000000000000000e+03 -2.262700080871582031e+00
3.609000000000000000e+03 -2.259774446487426758e+00
3.610000000000000000e+03 -2.232680559158325195e+00
3.611000000000000000e+03 -2.211250782012939453e+00
3.612000000000000000e+03 -2.236793041229248047e+00
3.613000000000000000e+03 -2.267289638519287109e+00
3.614000000000000000e+03 -2.276934385299682617e+00
3.615000000000000000e+03 -2.281455516815185547e+00
3.616000000000000000e+03 -2.211262226104736328e+00
3.617000000000000000e+03 -2.213338613510131836e+00
3.618000000000000000e+03 -2.256383895874023438e+00
3.619000000000000000e+03 -2.228352546691894531e+00
3.620000000000000000e+03 -2.241101503372192383e+00
3.621000000000000000e+03 -2.198215246200561523e+00
3.622000000000000000e+03 -2.207489967346191406e+00
3.623000000000000000e+03 -2.207885026931762695e+00
3.624000000000000000e+03 -2.246348619461059570e+00
3.625000000000000000e+03 -2.234802722930908203e+00
3.626000000000000000e+03 -2.240825414657592773e+00
3.627000000000000000e+03 -2.252961874008178711e+00
3.628000000000000000e+03 -2.248197555541992188e+00
3.629000000000000000e+03 -2.240259170532226562e+00
3.630000000000000000e+03 -2.193722009658813477e+00
3.631000000000000000e+03 -2.253959178924560547e+00
3.632000000000000000e+03 -2.252881050109863281e+00
3.633000000000000000e+03 -2.270267248153686523e+00
3.634000000000000000e+03 -2.293059825897216797e+00
3.635000000000000000e+03 -2.259686708450317383e+00
3.636000000000000000e+03 -2.218895912170410156e+00
3.637000000000000000e+03 -2.250331640243530273e+00
3.638000000000000000e+03 -2.258289337158203125e+00
3.639000000000000000e+03 -2.240807294845581055e+00
3.640000000000000000e+03 -2.250557422637939453e+00
3.641000000000000000e+03 -2.249731540679931641e+00
3.642000000000000000e+03 -2.269453525543212891e+00
3.643000000000000000e+03 -2.249894618988037109e+00
3.644000000000000000e+03 -2.207134246826171875e+00
3.645000000000000000e+03 -2.284241914749145508e+00
3.646000000000000000e+03 -2.269781589508056641e+00
3.647000000000000000e+03 -2.237483978271484375e+00
3.648000000000000000e+03 -2.243356943130493164e+00
3.649000000000000000e+03 -2.237624883651733398e+00
3.650000000000000000e+03 -2.251562595367431641e+00
3.651000000000000000e+03 -2.241985797882080078e+00
3.652000000000000000e+03 -2.231256008148193359e+00
3.653000000000000000e+03 -2.254777431488037109e+00
3.654000000000000000e+03 -2.253892421722412109e+00
3.655000000000000000e+03 -2.251297950744628906e+00
3.656000000000000000e+03 -2.262984275817871094e+00
3.657000000000000000e+03 -2.241943120956420898e+00
3.658000000000000000e+03 -2.247671127319335938e+00
3.659000000000000000e+03 -2.253151655197143555e+00
3.660000000000000000e+03 -2.250011920928955078e+00
3.661000000000000000e+03 -2.271196842193603516e+00
3.662000000000000000e+03 -2.248471975326538086e+00
3.663000000000000000e+03 -2.217880725860595703e+00
3.664000000000000000e+03 -2.244658946990966797e+00
3.665000000000000000e+03 -2.228625774383544922e+00
3.666000000000000000e+03 -2.225047349929809570e+00
3.667000000000000000e+03 -2.236824035644531250e+00
3.668000000000000000e+03 -2.281078338623046875e+00
3.669000000000000000e+03 -2.232698202133178711e+00
3.670000000000000000e+03 -2.247319459915161133e+00
3.671000000000000000e+03 -2.271255016326904297e+00
3.672000000000000000e+03 -2.258663415908813477e+00
3.673000000000000000e+03 -2.284576654434204102e+00
3.674000000000000000e+03 -2.291608095169067383e+00
3.675000000000000000e+03 -2.288625240325927734e+00
3.676000000000000000e+03 -2.264642000198364258e+00
3.677000000000000000e+03 -2.250121116638183594e+00
3.678000000000000000e+03 -2.255113124847412109e+00
3.679000000000000000e+03 -2.228943824768066406e+00
3.680000000000000000e+03 -2.249215364456176758e+00
3.681000000000000000e+03 -2.276186466217041016e+00
3.682000000000000000e+03 -2.258753776550292969e+00
3.683000000000000000e+03 -2.249544620513916016e+00
3.684000000000000000e+03 -2.253955841064453125e+00
3.685000000000000000e+03 -2.241801261901855469e+00
3.686000000000000000e+03 -2.233331203460693359e+00
3.687000000000000000e+03 -2.238522529602050781e+00
3.688000000000000000e+03 -2.252914190292358398e+00
3.689000000000000000e+03 -2.268270730972290039e+00
3.690000000000000000e+03 -2.271751642227172852e+00
3.691000000000000000e+03 -2.216949939727783203e+00
3.692000000000000000e+03 -2.241790294647216797e+00
3.693000000000000000e+03 -2.278969287872314453e+00
3.694000000000000000e+03 -2.240405559539794922e+00
3.695000000000000000e+03 -2.278833866119384766e+00
3.696000000000000000e+03 -2.231198072433471680e+00
3.697000000000000000e+03 -2.217285633087158203e+00
3.698000000000000000e+03 -2.259929180145263672e+00
3.699000000000000000e+03 -2.257971763610839844e+00
3.700000000000000000e+03 -2.278133153915405273e+00
3.701000000000000000e+03 -2.253885984420776367e+00
3.702000000000000000e+03 -2.266670703887939453e+00
3.703000000000000000e+03 -2.252186059951782227e+00
3.704000000000000000e+03 -2.217006444931030273e+00
3.705000000000000000e+03 -2.216231107711791992e+00
3.706000000000000000e+03 -2.231823205947875977e+00
3.707000000000000000e+03 -2.247256755828857422e+00
3.708000000000000000e+03 -2.255328178405761719e+00
3.709000000000000000e+03 -2.264864683151245117e+00
3.710000000000000000e+03 -2.298162221908569336e+00
3.711000000000000000e+03 -2.299665689468383789e+00
3.712000000000000000e+03 -2.263655900955200195e+00
3.713000000000000000e+03 -2.265177011489868164e+00
3.714000000000000000e+03 -2.262740135192871094e+00
3.715000000000000000e+03 -2.262638092041015625e+00
3.716000000000000000e+03 -2.271696329116821289e+00
3.717000000000000000e+03 -2.285717010498046875e+00
3.718000000000000000e+03 -2.291444301605224609e+00
3.719000000000000000e+03 -2.292697906494140625e+00
3.720000000000000000e+03 -2.282042026519775391e+00
3.721000000000000000e+03 -2.273514747619628906e+00
3.722000000000000000e+03 -2.286159276962280273e+00
3.723000000000000000e+03 -2.300879955291748047e+00
3.724000000000000000e+03 -2.311800003051757812e+00
3.725000000000000000e+03 -2.307564973831176758e+00
3.726000000000000000e+03 -2.297945261001586914e+00
3.727000000000000000e+03 -2.325213432312011719e+00
3.728000000000000000e+03 -2.312337636947631836e+00
3.729000000000000000e+03 -2.295008659362792969e+00
3.730000000000000000e+03 -2.280785083770751953e+00
3.731000000000000000e+03 -2.291503667831420898e+00
3.732000000000000000e+03 -2.331618547439575195e+00
3.733000000000000000e+03 -2.272053003311157227e+00
3.734000000000000000e+03 -2.272195100784301758e+00
3.735000000000000000e+03 -2.304279327392578125e+00
3.736000000000000000e+03 -2.279093265533447266e+00
3.737000000000000000e+03 -2.233333826065063477e+00
3.738000000000000000e+03 -2.243374347686767578e+00
3.739000000000000000e+03 -2.273572921752929688e+00
3.740000000000000000e+03 -2.266533374786376953e+00
3.741000000000000000e+03 -2.224683523178100586e+00
3.742000000000000000e+03 -2.247847795486450195e+00
3.743000000000000000e+03 -2.278814554214477539e+00
3.744000000000000000e+03 -2.238866567611694336e+00
3.745000000000000000e+03 -2.225912570953369141e+00
3.746000000000000000e+03 -2.230421304702758789e+00
3.747000000000000000e+03 -2.236280918121337891e+00
3.748000000000000000e+03 -2.225019693374633789e+00
3.749000000000000000e+03 -2.232301712036132812e+00
3.750000000000000000e+03 -2.231582164764404297e+00
3.751000000000000000e+03 -2.232690811157226562e+00
3.752000000000000000e+03 -2.272575378417968750e+00
3.753000000000000000e+03 -2.259404182434082031e+00
3.754000000000000000e+03 -2.239339113235473633e+00
3.755000000000000000e+03 -2.238730907440185547e+00
3.756000000000000000e+03 -2.250275135040283203e+00
3.757000000000000000e+03 -2.244063377380371094e+00
3.758000000000000000e+03 -2.229483604431152344e+00
3.759000000000000000e+03 -2.282473564147949219e+00
3.760000000000000000e+03 -2.257623195648193359e+00
3.761000000000000000e+03 -2.252020359039306641e+00
3.762000000000000000e+03 -2.226708650588989258e+00
3.763000000000000000e+03 -2.232734203338623047e+00
3.764000000000000000e+03 -2.257828950881958008e+00
3.765000000000000000e+03 -2.291991710662841797e+00
3.766000000000000000e+03 -2.246215343475341797e+00
3.767000000000000000e+03 -2.289324283599853516e+00
3.768000000000000000e+03 -2.241244316101074219e+00
3.769000000000000000e+03 -2.241115331649780273e+00
3.770000000000000000e+03 -2.286672592163085938e+00
3.771000000000000000e+03 -2.284429788589477539e+00
3.772000000000000000e+03 -2.268619060516357422e+00
3.773000000000000000e+03 -2.262958288192749023e+00
3.774000000000000000e+03 -2.237643241882324219e+00
3.775000000000000000e+03 -2.235361099243164062e+00
3.776000000000000000e+03 -2.231966018676757812e+00
3.777000000000000000e+03 -2.265428543090820312e+00
3.778000000000000000e+03 -2.256445407867431641e+00
3.779000000000000000e+03 -2.267370223999023438e+00
3.780000000000000000e+03 -2.243654727935791016e+00
3.781000000000000000e+03 -2.254815578460693359e+00
3.782000000000000000e+03 -2.259838819503784180e+00
3.783000000000000000e+03 -2.250126361846923828e+00
3.784000000000000000e+03 -2.258673429489135742e+00
3.785000000000000000e+03 -2.286854267120361328e+00
3.786000000000000000e+03 -2.281905412673950195e+00
3.787000000000000000e+03 -2.274003744125366211e+00
3.788000000000000000e+03 -2.269904613494873047e+00
3.789000000000000000e+03 -2.261254310607910156e+00
3.790000000000000000e+03 -2.268207073211669922e+00
3.791000000000000000e+03 -2.262818813323974609e+00
3.792000000000000000e+03 -2.243280887603759766e+00
3.793000000000000000e+03 -2.258001327514648438e+00
3.794000000000000000e+03 -2.230233192443847656e+00
3.795000000000000000e+03 -2.282877445220947266e+00
3.796000000000000000e+03 -2.260899066925048828e+00
3.797000000000000000e+03 -2.274446487426757812e+00
3.798000000000000000e+03 -2.223448038101196289e+00
3.799000000000000000e+03 -2.239733219146728516e+00
3.800000000000000000e+03 -2.260025501251220703e+00
3.801000000000000000e+03 -2.245126247406005859e+00
3.802000000000000000e+03 -2.231252670288085938e+00
3.803000000000000000e+03 -2.243938446044921875e+00
3.804000000000000000e+03 -2.236600875854492188e+00
3.805000000000000000e+03 -2.259338140487670898e+00
3.806000000000000000e+03 -2.281133413314819336e+00
3.807000000000000000e+03 -2.259882211685180664e+00
3.808000000000000000e+03 -2.254914999008178711e+00
3.809000000000000000e+03 -2.259751796722412109e+00
3.810000000000000000e+03 -2.229765176773071289e+00
3.811000000000000000e+03 -2.261750698089599609e+00
3.812000000000000000e+03 -2.260968208312988281e+00
3.813000000000000000e+03 -2.260442495346069336e+00
3.814000000000000000e+03 -2.266058206558227539e+00
3.815000000000000000e+03 -2.276224136352539062e+00
3.816000000000000000e+03 -2.247576236724853516e+00
3.817000000000000000e+03 -2.292475223541259766e+00
3.818000000000000000e+03 -2.301731586456298828e+00
3.819000000000000000e+03 -2.283967256546020508e+00
3.820000000000000000e+03 -2.291946172714233398e+00
3.821000000000000000e+03 -2.274202346801757812e+00
3.822000000000000000e+03 -2.237813711166381836e+00
3.823000000000000000e+03 -2.240641355514526367e+00
3.824000000000000000e+03 -2.242533922195434570e+00
3.825000000000000000e+03 -2.240069866180419922e+00
3.826000000000000000e+03 -2.244386911392211914e+00
3.827000000000000000e+03 -2.211835861206054688e+00
3.828000000000000000e+03 -2.266757488250732422e+00
3.829000000000000000e+03 -2.280638456344604492e+00
3.830000000000000000e+03 -2.253433227539062500e+00
3.831000000000000000e+03 -2.268143653869628906e+00
3.832000000000000000e+03 -2.298000335693359375e+00
3.833000000000000000e+03 -2.291071891784667969e+00
3.834000000000000000e+03 -2.290606498718261719e+00
3.835000000000000000e+03 -2.308643579483032227e+00
3.836000000000000000e+03 -2.265639066696166992e+00
3.837000000000000000e+03 -2.248061180114746094e+00
3.838000000000000000e+03 -2.252459049224853516e+00
3.839000000000000000e+03 -2.250419616699218750e+00
3.840000000000000000e+03 -2.234423160552978516e+00
3.841000000000000000e+03 -2.266015052795410156e+00
3.842000000000000000e+03 -2.214345216751098633e+00
3.843000000000000000e+03 -2.237595081329345703e+00
3.844000000000000000e+03 -2.211314678192138672e+00
3.845000000000000000e+03 -2.277359962463378906e+00
3.846000000000000000e+03 -2.273784160614013672e+00
3.847000000000000000e+03 -2.270433664321899414e+00
3.848000000000000000e+03 -2.266254425048828125e+00
3.849000000000000000e+03 -2.254857063293457031e+00
3.850000000000000000e+03 -2.240609645843505859e+00
3.851000000000000000e+03 -2.253535747528076172e+00
3.852000000000000000e+03 -2.266817569732666016e+00
3.853000000000000000e+03 -2.225486516952514648e+00
3.854000000000000000e+03 -2.217353820800781250e+00
3.855000000000000000e+03 -2.237325906753540039e+00
3.856000000000000000e+03 -2.236656665802001953e+00
3.857000000000000000e+03 -2.213375091552734375e+00
3.858000000000000000e+03 -2.187298774719238281e+00
3.859000000000000000e+03 -2.254490137100219727e+00
3.860000000000000000e+03 -2.263183593750000000e+00
3.861000000000000000e+03 -2.234529733657836914e+00
3.862000000000000000e+03 -2.200420141220092773e+00
3.863000000000000000e+03 -2.187363624572753906e+00
3.864000000000000000e+03 -2.225841522216796875e+00
3.865000000000000000e+03 -2.212917327880859375e+00
3.866000000000000000e+03 -2.201536655426025391e+00
3.867000000000000000e+03 -2.241050243377685547e+00
3.868000000000000000e+03 -2.233786344528198242e+00
3.869000000000000000e+03 -2.248835563659667969e+00
3.870000000000000000e+03 -2.240979194641113281e+00
3.871000000000000000e+03 -2.217766284942626953e+00
3.872000000000000000e+03 -2.255249738693237305e+00
3.873000000000000000e+03 -2.239089965820312500e+00
3.874000000000000000e+03 -2.242718935012817383e+00
3.875000000000000000e+03 -2.234186649322509766e+00
3.876000000000000000e+03 -2.208783864974975586e+00
3.877000000000000000e+03 -2.187849283218383789e+00
3.878000000000000000e+03 -2.214862585067749023e+00
3.879000000000000000e+03 -2.264658451080322266e+00
3.880000000000000000e+03 -2.253143310546875000e+00
3.881000000000000000e+03 -2.259160280227661133e+00
3.882000000000000000e+03 -2.221750259399414062e+00
3.883000000000000000e+03 -2.214651346206665039e+00
3.884000000000000000e+03 -2.197579860687255859e+00
3.885000000000000000e+03 -2.192582130432128906e+00
3.886000000000000000e+03 -2.228154420852661133e+00
3.887000000000000000e+03 -2.236449956893920898e+00
3.888000000000000000e+03 -2.257868051528930664e+00
3.889000000000000000e+03 -2.239974260330200195e+00
3.890000000000000000e+03 -2.227081537246704102e+00
3.891000000000000000e+03 -2.231642484664916992e+00
3.892000000000000000e+03 -2.236698627471923828e+00
3.893000000000000000e+03 -2.231011867523193359e+00
3.894000000000000000e+03 -2.236578464508056641e+00
3.895000000000000000e+03 -2.269908428192138672e+00
3.896000000000000000e+03 -2.276574373245239258e+00
3.897000000000000000e+03 -2.250000000000000000e+00
3.898000000000000000e+03 -2.223275899887084961e+00
3.899000000000000000e+03 -2.236712217330932617e+00
3.900000000000000000e+03 -2.210999011993408203e+00
3.901000000000000000e+03 -2.226301908493041992e+00
3.902000000000000000e+03 -2.203029632568359375e+00
3.903000000000000000e+03 -2.221795558929443359e+00
3.904000000000000000e+03 -2.255857944488525391e+00
3.905000000000000000e+03 -2.247273921966552734e+00
3.906000000000000000e+03 -2.230144739151000977e+00
3.907000000000000000e+03 -2.250470876693725586e+00
3.908000000000000000e+03 -2.245445013046264648e+00
3.909000000000000000e+03 -2.219381809234619141e+00
3.910000000000000000e+03 -2.244175434112548828e+00
3.911000000000000000e+03 -2.226036310195922852e+00
3.912000000000000000e+03 -2.216569900512695312e+00
3.913000000000000000e+03 -2.236343860626220703e+00
3.914000000000000000e+03 -2.264868736267089844e+00
3.915000000000000000e+03 -2.252408981323242188e+00
3.916000000000000000e+03 -2.244827032089233398e+00
3.917000000000000000e+03 -2.235443592071533203e+00
3.918000000000000000e+03 -2.229028701782226562e+00
3.919000000000000000e+03 -2.237620592117309570e+00
3.920000000000000000e+03 -2.255360126495361328e+00
3.921000000000000000e+03 -2.257005929946899414e+00
3.922000000000000000e+03 -2.215451002120971680e+00
3.923000000000000000e+03 -2.264437198638916016e+00
3.924000000000000000e+03 -2.226974964141845703e+00
3.925000000000000000e+03 -2.207284450531005859e+00
3.926000000000000000e+03 -2.198463678359985352e+00
3.927000000000000000e+03 -2.201144933700561523e+00
3.928000000000000000e+03 -2.259332895278930664e+00
3.929000000000000000e+03 -2.250234603881835938e+00
3.930000000000000000e+03 -2.272494316101074219e+00
3.931000000000000000e+03 -2.237389326095581055e+00
3.932000000000000000e+03 -2.235286712646484375e+00
3.933000000000000000e+03 -2.274037361145019531e+00
3.934000000000000000e+03 -2.239852905273437500e+00
3.935000000000000000e+03 -2.262493133544921875e+00
3.936000000000000000e+03 -2.272681713104248047e+00
3.937000000000000000e+03 -2.250146389007568359e+00
3.938000000000000000e+03 -2.245138168334960938e+00
3.939000000000000000e+03 -2.263962507247924805e+00
3.940000000000000000e+03 -2.246516704559326172e+00
3.941000000000000000e+03 -2.234636306762695312e+00
3.942000000000000000e+03 -2.243042469024658203e+00
3.943000000000000000e+03 -2.269130229949951172e+00
3.944000000000000000e+03 -2.278353691101074219e+00
3.945000000000000000e+03 -2.285576581954956055e+00
3.946000000000000000e+03 -2.241621494293212891e+00
3.947000000000000000e+03 -2.240378379821777344e+00
3.948000000000000000e+03 -2.241880416870117188e+00
3.949000000000000000e+03 -2.249254703521728516e+00
3.950000000000000000e+03 -2.232640504837036133e+00
3.951000000000000000e+03 -2.206071376800537109e+00
3.952000000000000000e+03 -2.221378326416015625e+00
3.953000000000000000e+03 -2.251911163330078125e+00
3.954000000000000000e+03 -2.260233640670776367e+00
3.955000000000000000e+03 -2.277126789093017578e+00
3.956000000000000000e+03 -2.286994218826293945e+00
3.957000000000000000e+03 -2.256450414657592773e+00
3.958000000000000000e+03 -2.244651079177856445e+00
3.959000000000000000e+03 -2.236592769622802734e+00
3.960000000000000000e+03 -2.247460603713989258e+00
3.961000000000000000e+03 -2.237627506256103516e+00
3.962000000000000000e+03 -2.263727426528930664e+00
3.963000000000000000e+03 -2.284051656723022461e+00
3.964000000000000000e+03 -2.249313592910766602e+00
3.965000000000000000e+03 -2.248106241226196289e+00
3.966000000000000000e+03 -2.232978820800781250e+00
3.967000000000000000e+03 -2.214728355407714844e+00
3.968000000000000000e+03 -2.231793165206909180e+00
3.969000000000000000e+03 -2.226318120956420898e+00
3.970000000000000000e+03 -2.226331949234008789e+00
3.971000000000000000e+03 -2.226381063461303711e+00
3.972000000000000000e+03 -2.229513168334960938e+00
3.973000000000000000e+03 -2.255016803741455078e+00
3.974000000000000000e+03 -2.215703487396240234e+00
3.975000000000000000e+03 -2.248716115951538086e+00
3.976000000000000000e+03 -2.219508647918701172e+00
3.977000000000000000e+03 -2.266029119491577148e+00
3.978000000000000000e+03 -2.244863986968994141e+00
3.979000000000000000e+03 -2.232379198074340820e+00
3.980000000000000000e+03 -2.244929552078247070e+00
3.981000000000000000e+03 -2.262951135635375977e+00
3.982000000000000000e+03 -2.226877212524414062e+00
3.983000000000000000e+03 -2.215752840042114258e+00
3.984000000000000000e+03 -2.223050117492675781e+00
3.985000000000000000e+03 -2.240842342376708984e+00
3.986000000000000000e+03 -2.276828289031982422e+00
3.987000000000000000e+03 -2.271548748016357422e+00
3.988000000000000000e+03 -2.259773731231689453e+00
3.989000000000000000e+03 -2.276637315750122070e+00
3.990000000000000000e+03 -2.253359794616699219e+00
3.991000000000000000e+03 -2.261952400207519531e+00
3.992000000000000000e+03 -2.258713006973266602e+00
3.993000000000000000e+03 -2.230522394180297852e+00
3.994000000000000000e+03 -2.247647047042846680e+00
3.995000000000000000e+03 -2.288119077682495117e+00
3.996000000000000000e+03 -2.223216533660888672e+00
3.997000000000000000e+03 -2.207206726074218750e+00
3.998000000000000000e+03 -2.247664213180541992e+00
3.999000000000000000e+03 -2.248322725296020508e+00
4.000000000000000000e+03 -2.291094779968261719e+00
4.001000000000000000e+03 -2.277015209197998047e+00
4.002000000000000000e+03 -2.249907970428466797e+00
4.003000000000000000e+03 -2.250785827636718750e+00
4.004000000000000000e+03 -2.273093700408935547e+00
4.005000000000000000e+03 -2.272006750106811523e+00
4.006000000000000000e+03 -2.221169233322143555e+00
4.007000000000000000e+03 -2.253225088119506836e+00
4.008000000000000000e+03 -2.281188249588012695e+00
4.009000000000000000e+03 -2.286820411682128906e+00
4.010000000000000000e+03 -2.254535436630249023e+00
4.011000000000000000e+03 -2.287118196487426758e+00
4.012000000000000000e+03 -2.277372360229492188e+00
4.013000000000000000e+03 -2.247411727905273438e+00
4.014000000000000000e+03 -2.262113571166992188e+00
4.015000000000000000e+03 -2.287888526916503906e+00
4.016000000000000000e+03 -2.228601932525634766e+00
4.017000000000000000e+03 -2.204356670379638672e+00
4.018000000000000000e+03 -2.244316816329956055e+00
4.019000000000000000e+03 -2.260217428207397461e+00
4.020000000000000000e+03 -2.228691816329956055e+00
4.021000000000000000e+03 -2.258871793746948242e+00
4.022000000000000000e+03 -2.238906383514404297e+00
4.023000000000000000e+03 -2.269821166992187500e+00
4.024000000000000000e+03 -2.226338148117065430e+00
4.025000000000000000e+03 -2.274026155471801758e+00
4.026000000000000000e+03 -2.242418766021728516e+00
4.027000000000000000e+03 -2.258867740631103516e+00
4.028000000000000000e+03 -2.249634265899658203e+00
4.029000000000000000e+03 -2.251284599304199219e+00
4.030000000000000000e+03 -2.223708629608154297e+00
4.031000000000000000e+03 -2.193657636642456055e+00
4.032000000000000000e+03 -2.210041522979736328e+00
4.033000000000000000e+03 -2.219480991363525391e+00
4.034000000000000000e+03 -2.182032346725463867e+00
4.035000000000000000e+03 -2.246182203292846680e+00
4.036000000000000000e+03 -2.227452278137207031e+00
4.037000000000000000e+03 -2.244369983673095703e+00
4.038000000000000000e+03 -2.243840932846069336e+00
4.039000000000000000e+03 -2.230427026748657227e+00
4.040000000000000000e+03 -2.239677429199218750e+00
4.041000000000000000e+03 -2.250321388244628906e+00
4.042000000000000000e+03 -2.245319843292236328e+00
4.043000000000000000e+03 -2.282667160034179688e+00
4.044000000000000000e+03 -2.272377967834472656e+00
4.045000000000000000e+03 -2.280449151992797852e+00
4.046000000000000000e+03 -2.266532897949218750e+00
4.047000000000000000e+03 -2.255238771438598633e+00
4.048000000000000000e+03 -2.252433538436889648e+00
4.049000000000000000e+03 -2.270349740982055664e+00
4.050000000000000000e+03 -2.232536792755126953e+00
4.051000000000000000e+03 -2.215257644653320312e+00
4.052000000000000000e+03 -2.229876518249511719e+00
4.053000000000000000e+03 -2.235027074813842773e+00
4.054000000000000000e+03 -2.207537889480590820e+00
4.055000000000000000e+03 -2.223070621490478516e+00
4.056000000000000000e+03 -2.292418003082275391e+00
4.057000000000000000e+03 -2.268543243408203125e+00
4.058000000000000000e+03 -2.267641544342041016e+00
4.059000000000000000e+03 -2.279245376586914062e+00
4.060000000000000000e+03 -2.240852355957031250e+00
4.061000000000000000e+03 -2.242148876190185547e+00
4.062000000000000000e+03 -2.245275497436523438e+00
4.063000000000000000e+03 -2.260531902313232422e+00
4.064000000000000000e+03 -2.238134384155273438e+00
4.065000000000000000e+03 -2.260472297668457031e+00
4.066000000000000000e+03 -2.289331436157226562e+00
4.067000000000000000e+03 -2.277579307556152344e+00
4.068000000000000000e+03 -2.249329328536987305e+00
4.069000000000000000e+03 -2.292001247406005859e+00
4.070000000000000000e+03 -2.263774871826171875e+00
4.071000000000000000e+03 -2.280897140502929688e+00
4.072000000000000000e+03 -2.280548572540283203e+00
4.073000000000000000e+03 -2.262840270996093750e+00
4.074000000000000000e+03 -2.222983837127685547e+00
4.075000000000000000e+03 -2.253496885299682617e+00
4.076000000000000000e+03 -2.256444215774536133e+00
4.077000000000000000e+03 -2.225701332092285156e+00
4.078000000000000000e+03 -2.252637863159179688e+00
4.079000000000000000e+03 -2.251760959625244141e+00
4.080000000000000000e+03 -2.222914695739746094e+00
4.081000000000000000e+03 -2.242082595825195312e+00
4.082000000000000000e+03 -2.237344264984130859e+00
4.083000000000000000e+03 -2.216601610183715820e+00
4.084000000000000000e+03 -2.212856769561767578e+00
4.085000000000000000e+03 -2.203910112380981445e+00
4.086000000000000000e+03 -2.249981641769409180e+00
4.087000000000000000e+03 -2.237624883651733398e+00
4.088000000000000000e+03 -2.256800651550292969e+00
4.089000000000000000e+03 -2.239157676696777344e+00
4.090000000000000000e+03 -2.259498357772827148e+00
4.091000000000000000e+03 -2.214672565460205078e+00
4.092000000000000000e+03 -2.221813917160034180e+00
4.093000000000000000e+03 -2.217756032943725586e+00
4.094000000000000000e+03 -2.207102060317993164e+00
4.095000000000000000e+03 -2.237089633941650391e+00
4.096000000000000000e+03 -2.230196237564086914e+00
4.097000000000000000e+03 -2.226512908935546875e+00
4.098000000000000000e+03 -2.233699321746826172e+00
4.099000000000000000e+03 -2.220483779907226562e+00
4.100000000000000000e+03 -2.220389842987060547e+00
4.101000000000000000e+03 -2.218140363693237305e+00
4.102000000000000000e+03 -2.218314647674560547e+00
4.103000000000000000e+03 -2.270159482955932617e+00
4.104000000000000000e+03 -2.260702610015869141e+00
4.105000000000000000e+03 -2.235738754272460938e+00
4.106000000000000000e+03 -2.243301868438720703e+00
4.107000000000000000e+03 -2.234378337860107422e+00
4.108000000000000000e+03 -2.274794578552246094e+00
4.109000000000000000e+03 -2.282685756683349609e+00
4.110000000000000000e+03 -2.260647058486938477e+00
4.111000000000000000e+03 -2.211999416351318359e+00
4.112000000000000000e+03 -2.237041473388671875e+00
4.113000000000000000e+03 -2.249970197677612305e+00
4.114000000000000000e+03 -2.215861082077026367e+00
4.115000000000000000e+03 -2.256850481033325195e+00
4.116000000000000000e+03 -2.248998880386352539e+00
4.117000000000000000e+03 -2.223839998245239258e+00
4.118000000000000000e+03 -2.237460851669311523e+00
4.119000000000000000e+03 -2.238026380538940430e+00
4.120000000000000000e+03 -2.218890428543090820e+00
4.121000000000000000e+03 -2.245891094207763672e+00
4.122000000000000000e+03 -2.250089406967163086e+00
4.123000000000000000e+03 -2.234127044677734375e+00
4.124000000000000000e+03 -2.236560106277465820e+00
4.125000000000000000e+03 -2.252222776412963867e+00
4.126000000000000000e+03 -2.235609531402587891e+00
4.127000000000000000e+03 -2.235832691192626953e+00
4.128000000000000000e+03 -2.206237077713012695e+00
4.129000000000000000e+03 -2.224284648895263672e+00
4.130000000000000000e+03 -2.216685056686401367e+00
4.131000000000000000e+03 -2.227393865585327148e+00
4.132000000000000000e+03 -2.216962337493896484e+00
4.133000000000000000e+03 -2.206172227859497070e+00
4.134000000000000000e+03 -2.215095043182373047e+00
4.135000000000000000e+03 -2.226693153381347656e+00
4.136000000000000000e+03 -2.203977346420288086e+00
4.137000000000000000e+03 -2.240359783172607422e+00
4.138000000000000000e+03 -2.240489006042480469e+00
4.139000000000000000e+03 -2.249120473861694336e+00
4.140000000000000000e+03 -2.237917184829711914e+00
4.141000000000000000e+03 -2.208254814147949219e+00
4.142000000000000000e+03 -2.220881223678588867e+00
4.143000000000000000e+03 -2.201075553894042969e+00
4.144000000000000000e+03 -2.191744804382324219e+00
4.145000000000000000e+03 -2.208829641342163086e+00
4.146000000000000000e+03 -2.193987369537353516e+00
4.147000000000000000e+03 -2.185944795608520508e+00
4.148000000000000000e+03 -2.168354034423828125e+00
4.149000000000000000e+03 -2.238720893859863281e+00
4.150000000000000000e+03 -2.241701602935791016e+00
4.151000000000000000e+03 -2.225361585617065430e+00
4.152000000000000000e+03 -2.197915554046630859e+00
4.153000000000000000e+03 -2.164196491241455078e+00
4.154000000000000000e+03 -2.231697320938110352e+00
4.155000000000000000e+03 -2.239593505859375000e+00
4.156000000000000000e+03 -2.191647052764892578e+00
4.157000000000000000e+03 -2.184703350067138672e+00
4.158000000000000000e+03 -2.200949192047119141e+00
4.159000000000000000e+03 -2.205981731414794922e+00
4.160000000000000000e+03 -2.190438270568847656e+00
4.161000000000000000e+03 -2.173914194107055664e+00
4.162000000000000000e+03 -2.188922643661499023e+00
4.163000000000000000e+03 -2.179268360137939453e+00
4.164000000000000000e+03 -2.176738739013671875e+00
4.165000000000000000e+03 -2.151277303695678711e+00
4.166000000000000000e+03 -2.182211637496948242e+00
4.167000000000000000e+03 -2.206340789794921875e+00
4.168000000000000000e+03 -2.205795764923095703e+00
4.169000000000000000e+03 -2.202853918075561523e+00
4.170000000000000000e+03 -2.187535047531127930e+00
4.171000000000000000e+03 -2.214691400527954102e+00
4.172000000000000000e+03 -2.192491531372070312e+00
4.173000000000000000e+03 -2.190866231918334961e+00
4.174000000000000000e+03 -2.214505672454833984e+00
4.175000000000000000e+03 -2.190722465515136719e+00
4.176000000000000000e+03 -2.172353744506835938e+00
4.177000000000000000e+03 -2.202715158462524414e+00
4.178000000000000000e+03 -2.194967269897460938e+00
4.179000000000000000e+03 -2.216830968856811523e+00
4.180000000000000000e+03 -2.207016468048095703e+00
4.181000000000000000e+03 -2.195799350738525391e+00
4.182000000000000000e+03 -2.191149234771728516e+00
4.183000000000000000e+03 -2.217487812042236328e+00
4.184000000000000000e+03 -2.168010950088500977e+00
4.185000000000000000e+03 -2.190859556198120117e+00
4.186000000000000000e+03 -2.174440145492553711e+00
4.187000000000000000e+03 -2.196666717529296875e+00
4.188000000000000000e+03 -2.190293312072753906e+00
4.189000000000000000e+03 -2.202108621597290039e+00
4.190000000000000000e+03 -2.197324752807617188e+00
4.191000000000000000e+03 -2.204760551452636719e+00
4.192000000000000000e+03 -2.195856809616088867e+00
4.193000000000000000e+03 -2.186984539031982422e+00
4.194000000000000000e+03 -2.220256328582763672e+00
4.195000000000000000e+03 -2.186064720153808594e+00
4.196000000000000000e+03 -2.221407413482666016e+00
4.197000000000000000e+03 -2.225651264190673828e+00
4.198000000000000000e+03 -2.216692924499511719e+00
4.199000000000000000e+03 -2.251298189163208008e+00
4.200000000000000000e+03 -2.256029367446899414e+00
4.201000000000000000e+03 -2.232250690460205078e+00
4.202000000000000000e+03 -2.246069669723510742e+00
4.203000000000000000e+03 -2.221394538879394531e+00
4.204000000000000000e+03 -2.222764253616333008e+00
4.205000000000000000e+03 -2.206848621368408203e+00
4.206000000000000000e+03 -2.254959583282470703e+00
4.207000000000000000e+03 -2.235412597656250000e+00
4.208000000000000000e+03 -2.175116777420043945e+00
4.209000000000000000e+03 -2.222477197647094727e+00
4.210000000000000000e+03 -2.211698532104492188e+00
4.211000000000000000e+03 -2.243125200271606445e+00
4.212000000000000000e+03 -2.215770483016967773e+00
4.213000000000000000e+03 -2.219856023788452148e+00
4.214000000000000000e+03 -2.216692686080932617e+00
4.215000000000000000e+03 -2.201513290405273438e+00
4.216000000000000000e+03 -2.219962835311889648e+00
4.217000000000000000e+03 -2.206384420394897461e+00
4.218000000000000000e+03 -2.237998008728027344e+00
4.219000000000000000e+03 -2.209434986114501953e+00
4.220000000000000000e+03 -2.235915899276733398e+00
4.221000000000000000e+03 -2.206716537475585938e+00
4.222000000000000000e+03 -2.184548377990722656e+00
4.223000000000000000e+03 -2.212944984436035156e+00
4.224000000000000000e+03 -2.215296268463134766e+00
4.225000000000000000e+03 -2.210608720779418945e+00
4.226000000000000000e+03 -2.232250690460205078e+00
4.227000000000000000e+03 -2.219114065170288086e+00
4.228000000000000000e+03 -2.214518785476684570e+00
4.229000000000000000e+03 -2.239145278930664062e+00
4.230000000000000000e+03 -2.201625108718872070e+00
4.231000000000000000e+03 -2.226861000061035156e+00
4.232000000000000000e+03 -2.246752500534057617e+00
4.233000000000000000e+03 -2.264261960983276367e+00
4.234000000000000000e+03 -2.249763250350952148e+00
4.235000000000000000e+03 -2.277524471282958984e+00
4.236000000000000000e+03 -2.246653556823730469e+00
4.237000000000000000e+03 -2.227721929550170898e+00
4.238000000000000000e+03 -2.194927692413330078e+00
4.239000000000000000e+03 -2.208502531051635742e+00
4.240000000000000000e+03 -2.210517644882202148e+00
4.241000000000000000e+03 -2.175388336181640625e+00
4.242000000000000000e+03 -2.219160079956054688e+00
4.243000000000000000e+03 -2.207483530044555664e+00
4.244000000000000000e+03 -2.226962566375732422e+00
4.245000000000000000e+03 -2.220026493072509766e+00
4.246000000000000000e+03 -2.195271253585815430e+00
4.247000000000000000e+03 -2.198489189147949219e+00
4.248000000000000000e+03 -2.240881443023681641e+00
4.249000000000000000e+03 -2.212559938430786133e+00
4.250000000000000000e+03 -2.190948963165283203e+00
4.251000000000000000e+03 -2.206104516983032227e+00
4.252000000000000000e+03 -2.259995937347412109e+00
4.253000000000000000e+03 -2.228604793548583984e+00
4.254000000000000000e+03 -2.249398231506347656e+00
4.255000000000000000e+03 -2.221176624298095703e+00
4.256000000000000000e+03 -2.236282348632812500e+00
4.257000000000000000e+03 -2.266530275344848633e+00
4.258000000000000000e+03 -2.286340236663818359e+00
4.259000000000000000e+03 -2.269735336303710938e+00
4.260000000000000000e+03 -2.300448417663574219e+00
4.261000000000000000e+03 -2.288713693618774414e+00
4.262000000000000000e+03 -2.278787612915039062e+00
4.263000000000000000e+03 -2.251590251922607422e+00
4.264000000000000000e+03 -2.253266096115112305e+00
4.265000000000000000e+03 -2.277487754821777344e+00
4.266000000000000000e+03 -2.285938978195190430e+00
4.267000000000000000e+03 -2.258426427841186523e+00
4.268000000000000000e+03 -2.208112478256225586e+00
4.269000000000000000e+03 -2.244086265563964844e+00
4.270000000000000000e+03 -2.245769500732421875e+00
4.271000000000000000e+03 -2.217133522033691406e+00
4.272000000000000000e+03 -2.233854532241821289e+00
4.273000000000000000e+03 -2.235091686248779297e+00
4.274000000000000000e+03 -2.217041969299316406e+00
4.275000000000000000e+03 -2.221443414688110352e+00
4.276000000000000000e+03 -2.244581222534179688e+00
4.277000000000000000e+03 -2.228060245513916016e+00
4.278000000000000000e+03 -2.231964111328125000e+00
4.279000000000000000e+03 -2.265122413635253906e+00
4.280000000000000000e+03 -2.307320117950439453e+00
4.281000000000000000e+03 -2.242636919021606445e+00
4.282000000000000000e+03 -2.210880041122436523e+00
4.283000000000000000e+03 -2.213739156723022461e+00
4.284000000000000000e+03 -2.208499908447265625e+00
4.285000000000000000e+03 -2.212568521499633789e+00
4.286000000000000000e+03 -2.223895549774169922e+00
4.287000000000000000e+03 -2.281033515930175781e+00
4.288000000000000000e+03 -2.269519567489624023e+00
4.289000000000000000e+03 -2.221524715423583984e+00
4.290000000000000000e+03 -2.244691371917724609e+00
4.291000000000000000e+03 -2.251050472259521484e+00
4.292000000000000000e+03 -2.234957456588745117e+00
4.293000000000000000e+03 -2.223449707031250000e+00
4.294000000000000000e+03 -2.213375091552734375e+00
4.295000000000000000e+03 -2.212086200714111328e+00
4.296000000000000000e+03 -2.235755681991577148e+00
4.297000000000000000e+03 -2.202492475509643555e+00
4.298000000000000000e+03 -2.208693504333496094e+00
4.299000000000000000e+03 -2.194020032882690430e+00
4.300000000000000000e+03 -2.199733495712280273e+00
4.301000000000000000e+03 -2.190565109252929688e+00
4.302000000000000000e+03 -2.162876129150390625e+00
4.303000000000000000e+03 -2.199015140533447266e+00
4.304000000000000000e+03 -2.176658868789672852e+00
4.305000000000000000e+03 -2.178204774856567383e+00
4.306000000000000000e+03 -2.243486881256103516e+00
4.307000000000000000e+03 -2.244195222854614258e+00
4.308000000000000000e+03 -2.218209266662597656e+00
4.309000000000000000e+03 -2.215324640274047852e+00
4.310000000000000000e+03 -2.225408315658569336e+00
4.311000000000000000e+03 -2.222835540771484375e+00
4.312000000000000000e+03 -2.203789234161376953e+00
4.313000000000000000e+03 -2.232287168502807617e+00
4.314000000000000000e+03 -2.259707450866699219e+00
4.315000000000000000e+03 -2.262897968292236328e+00
4.316000000000000000e+03 -2.240714073181152344e+00
4.317000000000000000e+03 -2.237049818038940430e+00
4.318000000000000000e+03 -2.271207094192504883e+00
4.319000000000000000e+03 -2.205015420913696289e+00
4.320000000000000000e+03 -2.193688154220581055e+00
4.321000000000000000e+03 -2.237846851348876953e+00
4.322000000000000000e+03 -2.249225854873657227e+00
4.323000000000000000e+03 -2.232100486755371094e+00
4.324000000000000000e+03 -2.220068931579589844e+00
4.325000000000000000e+03 -2.239525556564331055e+00
4.326000000000000000e+03 -2.214997291564941406e+00
4.327000000000000000e+03 -2.208591461181640625e+00
4.328000000000000000e+03 -2.216919183731079102e+00
4.329000000000000000e+03 -2.245613098144531250e+00
4.330000000000000000e+03 -2.272063970565795898e+00
4.331000000000000000e+03 -2.244552373886108398e+00
4.332000000000000000e+03 -2.267847776412963867e+00
4.333000000000000000e+03 -2.243266105651855469e+00
4.334000000000000000e+03 -2.232896804809570312e+00
4.335000000000000000e+03 -2.250314712524414062e+00
4.336000000000000000e+03 -2.243948936462402344e+00
4.337000000000000000e+03 -2.239728927612304688e+00
4.338000000000000000e+03 -2.293629169464111328e+00
4.339000000000000000e+03 -2.240898847579956055e+00
4.340000000000000000e+03 -2.232390880584716797e+00
4.341000000000000000e+03 -2.227330446243286133e+00
4.342000000000000000e+03 -2.252257823944091797e+00
4.343000000000000000e+03 -2.229836225509643555e+00
4.344000000000000000e+03 -2.257363557815551758e+00
4.345000000000000000e+03 -2.222303390502929688e+00
4.346000000000000000e+03 -2.258399009704589844e+00
4.347000000000000000e+03 -2.230176448822021484e+00
4.348000000000000000e+03 -2.221520900726318359e+00
4.349000000000000000e+03 -2.219774007797241211e+00
4.350000000000000000e+03 -2.237625122070312500e+00
4.351000000000000000e+03 -2.226207256317138672e+00
4.352000000000000000e+03 -2.235901832580566406e+00
4.353000000000000000e+03 -2.228509664535522461e+00
4.354000000000000000e+03 -2.195024967193603516e+00
4.355000000000000000e+03 -2.245039701461791992e+00
4.356000000000000000e+03 -2.219495773315429688e+00
4.357000000000000000e+03 -2.257082462310791016e+00
4.358000000000000000e+03 -2.192539215087890625e+00
4.359000000000000000e+03 -2.203480243682861328e+00
4.360000000000000000e+03 -2.242707252502441406e+00
4.361000000000000000e+03 -2.222698688507080078e+00
4.362000000000000000e+03 -2.269348382949829102e+00
4.363000000000000000e+03 -2.223664283752441406e+00
4.364000000000000000e+03 -2.232291221618652344e+00
4.365000000000000000e+03 -2.219275236129760742e+00
4.366000000000000000e+03 -2.223249197006225586e+00
4.367000000000000000e+03 -2.217158794403076172e+00
4.368000000000000000e+03 -2.202092170715332031e+00
4.369000000000000000e+03 -2.246672391891479492e+00
4.370000000000000000e+03 -2.212224483489990234e+00
4.371000000000000000e+03 -2.215852260589599609e+00
4.372000000000000000e+03 -2.220961809158325195e+00
4.373000000000000000e+03 -2.191556215286254883e+00
4.374000000000000000e+03 -2.206430435180664062e+00
4.375000000000000000e+03 -2.201555252075195312e+00
4.376000000000000000e+03 -2.192987442016601562e+00
4.377000000000000000e+03 -2.215143680572509766e+00
4.378000000000000000e+03 -2.206252098083496094e+00
4.379000000000000000e+03 -2.241496086120605469e+00
4.380000000000000000e+03 -2.223503828048706055e+00
4.381000000000000000e+03 -2.268217325210571289e+00
4.382000000000000000e+03 -2.244328498840332031e+00
4.383000000000000000e+03 -2.226129055023193359e+00
4.384000000000000000e+03 -2.218797683715820312e+00
4.385000000000000000e+03 -2.219473838806152344e+00
4.386000000000000000e+03 -2.220831394195556641e+00
4.387000000000000000e+03 -2.242393493652343750e+00
4.388000000000000000e+03 -2.225499629974365234e+00
4.389000000000000000e+03 -2.251549720764160156e+00
4.390000000000000000e+03 -2.216734409332275391e+00
4.391000000000000000e+03 -2.183480262756347656e+00
4.392000000000000000e+03 -2.251817941665649414e+00
4.393000000000000000e+03 -2.204684734344482422e+00
4.394000000000000000e+03 -2.223959445953369141e+00
4.395000000000000000e+03 -2.209431171417236328e+00
4.396000000000000000e+03 -2.238236427307128906e+00
4.397000000000000000e+03 -2.221386909484863281e+00
4.398000000000000000e+03 -2.209471940994262695e+00
4.399000000000000000e+03 -2.193784236907958984e+00
4.400000000000000000e+03 -2.202826499938964844e+00
4.401000000000000000e+03 -2.188753843307495117e+00
4.402000000000000000e+03 -2.194868803024291992e+00
4.403000000000000000e+03 -2.187583208084106445e+00
4.404000000000000000e+03 -2.194789886474609375e+00
4.405000000000000000e+03 -2.202901363372802734e+00
4.406000000000000000e+03 -2.217589378356933594e+00
4.407000000000000000e+03 -2.203691005706787109e+00
4.408000000000000000e+03 -2.201529979705810547e+00
4.409000000000000000e+03 -2.192703962326049805e+00
4.410000000000000000e+03 -2.212633371353149414e+00
4.411000000000000000e+03 -2.210797548294067383e+00
4.412000000000000000e+03 -2.205005884170532227e+00
4.413000000000000000e+03 -2.236975669860839844e+00
4.414000000000000000e+03 -2.223745346069335938e+00
4.415000000000000000e+03 -2.220888137817382812e+00
4.416000000000000000e+03 -2.214005708694458008e+00
4.417000000000000000e+03 -2.203697681427001953e+00
4.418000000000000000e+03 -2.195848464965820312e+00
4.419000000000000000e+03 -2.220485687255859375e+00
4.420000000000000000e+03 -2.221128463745117188e+00
4.421000000000000000e+03 -2.201726436614990234e+00
4.422000000000000000e+03 -2.233706474304199219e+00
4.423000000000000000e+03 -2.246869325637817383e+00
4.424000000000000000e+03 -2.212869167327880859e+00
4.425000000000000000e+03 -2.197990894317626953e+00
4.426000000000000000e+03 -2.201102256774902344e+00
4.427000000000000000e+03 -2.252758026123046875e+00
4.428000000000000000e+03 -2.210131168365478516e+00
4.429000000000000000e+03 -2.195107936859130859e+00
4.430000000000000000e+03 -2.229101181030273438e+00
4.431000000000000000e+03 -2.235858440399169922e+00
4.432000000000000000e+03 -2.228410959243774414e+00
4.433000000000000000e+03 -2.213279962539672852e+00
4.434000000000000000e+03 -2.214395046234130859e+00
4.435000000000000000e+03 -2.232513904571533203e+00
4.436000000000000000e+03 -2.220368385314941406e+00
4.437000000000000000e+03 -2.221460342407226562e+00
4.438000000000000000e+03 -2.221355915069580078e+00
4.439000000000000000e+03 -2.185582399368286133e+00
4.440000000000000000e+03 -2.203390598297119141e+00
4.441000000000000000e+03 -2.210599422454833984e+00
4.442000000000000000e+03 -2.222351551055908203e+00
4.443000000000000000e+03 -2.207748889923095703e+00
4.444000000000000000e+03 -2.202121734619140625e+00
4.445000000000000000e+03 -2.223773717880249023e+00
4.446000000000000000e+03 -2.283248424530029297e+00
4.447000000000000000e+03 -2.263448476791381836e+00
4.448000000000000000e+03 -2.224353313446044922e+00
4.449000000000000000e+03 -2.241306781768798828e+00
4.450000000000000000e+03 -2.218591213226318359e+00
4.451000000000000000e+03 -2.228246927261352539e+00
4.452000000000000000e+03 -2.212034702301025391e+00
4.453000000000000000e+03 -2.223710060119628906e+00
4.454000000000000000e+03 -2.265578269958496094e+00
4.455000000000000000e+03 -2.252688646316528320e+00
4.456000000000000000e+03 -2.270686864852905273e+00
4.457000000000000000e+03 -2.234897851943969727e+00
4.458000000000000000e+03 -2.289295434951782227e+00
4.459000000000000000e+03 -2.240975618362426758e+00
4.460000000000000000e+03 -2.226304054260253906e+00
4.461000000000000000e+03 -2.269588470458984375e+00
4.462000000000000000e+03 -2.282277107238769531e+00
4.463000000000000000e+03 -2.250813722610473633e+00
4.464000000000000000e+03 -2.264434337615966797e+00
4.465000000000000000e+03 -2.264788389205932617e+00
4.466000000000000000e+03 -2.252465009689331055e+00
4.467000000000000000e+03 -2.286490201950073242e+00
4.468000000000000000e+03 -2.229545593261718750e+00
4.469000000000000000e+03 -2.231935501098632812e+00
4.470000000000000000e+03 -2.255961894989013672e+00
4.471000000000000000e+03 -2.282859086990356445e+00
4.472000000000000000e+03 -2.238466978073120117e+00
4.473000000000000000e+03 -2.207404613494873047e+00
4.474000000000000000e+03 -2.235678911209106445e+00
4.475000000000000000e+03 -2.272304773330688477e+00
4.476000000000000000e+03 -2.280770778656005859e+00
4.477000000000000000e+03 -2.243369102478027344e+00
4.478000000000000000e+03 -2.234572410583496094e+00
4.479000000000000000e+03 -2.223896980285644531e+00
4.480000000000000000e+03 -2.242417573928833008e+00
4.481000000000000000e+03 -2.251386880874633789e+00
4.482000000000000000e+03 -2.235223770141601562e+00
4.483000000000000000e+03 -2.230362653732299805e+00
4.484000000000000000e+03 -2.218477249145507812e+00
4.485000000000000000e+03 -2.204659461975097656e+00
4.486000000000000000e+03 -2.259168863296508789e+00
4.487000000000000000e+03 -2.194922924041748047e+00
4.488000000000000000e+03 -2.188787460327148438e+00
4.489000000000000000e+03 -2.200639247894287109e+00
4.490000000000000000e+03 -2.190287590026855469e+00
4.491000000000000000e+03 -2.191262722015380859e+00
4.492000000000000000e+03 -2.213644981384277344e+00
4.493000000000000000e+03 -2.198219060897827148e+00
4.494000000000000000e+03 -2.193090200424194336e+00
4.495000000000000000e+03 -2.199916124343872070e+00
4.496000000000000000e+03 -2.162148237228393555e+00
4.497000000000000000e+03 -2.190102338790893555e+00
4.498000000000000000e+03 -2.208832025527954102e+00
4.499000000000000000e+03 -2.187384366989135742e+00
4.500000000000000000e+03 -2.175655603408813477e+00
4.501000000000000000e+03 -2.170900583267211914e+00
4.502000000000000000e+03 -2.201581239700317383e+00
4.503000000000000000e+03 -2.186680316925048828e+00
4.504000000000000000e+03 -2.161278486251831055e+00
4.505000000000000000e+03 -2.187429428100585938e+00
4.506000000000000000e+03 -2.157359600067138672e+00
4.507000000000000000e+03 -2.155655384063720703e+00
4.508000000000000000e+03 -2.149879455566406250e+00
4.509000000000000000e+03 -2.168172121047973633e+00
4.510000000000000000e+03 -2.183109283447265625e+00
4.511000000000000000e+03 -2.169451236724853516e+00
4.512000000000000000e+03 -2.136803150177001953e+00
4.513000000000000000e+03 -2.162795066833496094e+00
4.514000000000000000e+03 -2.173165321350097656e+00
4.515000000000000000e+03 -2.188032150268554688e+00
4.516000000000000000e+03 -2.168936491012573242e+00
4.517000000000000000e+03 -2.170293569564819336e+00
4.518000000000000000e+03 -2.168645381927490234e+00
4.519000000000000000e+03 -2.185842514038085938e+00
4.520000000000000000e+03 -2.185272216796875000e+00
4.521000000000000000e+03 -2.212359428405761719e+00
4.522000000000000000e+03 -2.188738107681274414e+00
4.523000000000000000e+03 -2.222048521041870117e+00
4.524000000000000000e+03 -2.193623065948486328e+00
4.525000000000000000e+03 -2.198038578033447266e+00
4.526000000000000000e+03 -2.210611581802368164e+00
4.527000000000000000e+03 -2.217325687408447266e+00
4.528000000000000000e+03 -2.195281982421875000e+00
4.529000000000000000e+03 -2.186420440673828125e+00
4.530000000000000000e+03 -2.196655750274658203e+00
4.531000000000000000e+03 -2.225503683090209961e+00
4.532000000000000000e+03 -2.241087198257446289e+00
4.533000000000000000e+03 -2.219280958175659180e+00
4.534000000000000000e+03 -2.211945772171020508e+00
4.535000000000000000e+03 -2.215105056762695312e+00
4.536000000000000000e+03 -2.179928302764892578e+00
4.537000000000000000e+03 -2.189568996429443359e+00
4.538000000000000000e+03 -2.184231042861938477e+00
4.539000000000000000e+03 -2.240978717803955078e+00
4.540000000000000000e+03 -2.225603342056274414e+00
4.541000000000000000e+03 -2.234242439270019531e+00
4.542000000000000000e+03 -2.227094411849975586e+00
4.543000000000000000e+03 -2.241278409957885742e+00
4.544000000000000000e+03 -2.234195709228515625e+00
4.545000000000000000e+03 -2.218066215515136719e+00
4.546000000000000000e+03 -2.212974548339843750e+00
4.547000000000000000e+03 -2.164162158966064453e+00
4.548000000000000000e+03 -2.192792415618896484e+00
4.549000000000000000e+03 -2.210736989974975586e+00
4.550000000000000000e+03 -2.195749282836914062e+00
4.551000000000000000e+03 -2.200097799301147461e+00
4.552000000000000000e+03 -2.177172660827636719e+00
4.553000000000000000e+03 -2.194112539291381836e+00
4.554000000000000000e+03 -2.188659191131591797e+00
4.555000000000000000e+03 -2.221227645874023438e+00
4.556000000000000000e+03 -2.183470487594604492e+00
4.557000000000000000e+03 -2.182529449462890625e+00
4.558000000000000000e+03 -2.191910743713378906e+00
4.559000000000000000e+03 -2.220319509506225586e+00
4.560000000000000000e+03 -2.225388288497924805e+00
4.561000000000000000e+03 -2.241747379302978516e+00
4.562000000000000000e+03 -2.202626228332519531e+00
4.563000000000000000e+03 -2.204028606414794922e+00
4.564000000000000000e+03 -2.201689243316650391e+00
4.565000000000000000e+03 -2.207841396331787109e+00
4.566000000000000000e+03 -2.191847085952758789e+00
4.567000000000000000e+03 -2.196446895599365234e+00
4.568000000000000000e+03 -2.221274137496948242e+00
4.569000000000000000e+03 -2.188753604888916016e+00
4.570000000000000000e+03 -2.205223083496093750e+00
4.571000000000000000e+03 -2.206573009490966797e+00
4.572000000000000000e+03 -2.161798477172851562e+00
4.573000000000000000e+03 -2.179318428039550781e+00
4.574000000000000000e+03 -2.177471160888671875e+00
4.575000000000000000e+03 -2.173320293426513672e+00
4.576000000000000000e+03 -2.154989957809448242e+00
4.577000000000000000e+03 -2.223745107650756836e+00
4.578000000000000000e+03 -2.224192380905151367e+00
4.579000000000000000e+03 -2.258050680160522461e+00
4.580000000000000000e+03 -2.192359447479248047e+00
4.581000000000000000e+03 -2.152664422988891602e+00
4.582000000000000000e+03 -2.180224657058715820e+00
4.583000000000000000e+03 -2.184076309204101562e+00
4.584000000000000000e+03 -2.228575944900512695e+00
4.585000000000000000e+03 -2.210048913955688477e+00
4.586000000000000000e+03 -2.189862251281738281e+00
4.587000000000000000e+03 -2.221055984497070312e+00
4.588000000000000000e+03 -2.201814651489257812e+00
4.589000000000000000e+03 -2.194500446319580078e+00
4.590000000000000000e+03 -2.222527980804443359e+00
4.591000000000000000e+03 -2.220564842224121094e+00
4.592000000000000000e+03 -2.245184659957885742e+00
4.593000000000000000e+03 -2.217082977294921875e+00
4.594000000000000000e+03 -2.178560256958007812e+00
4.595000000000000000e+03 -2.203315734863281250e+00
4.596000000000000000e+03 -2.209338188171386719e+00
4.597000000000000000e+03 -2.225156307220458984e+00
4.598000000000000000e+03 -2.201062679290771484e+00
4.599000000000000000e+03 -2.216866254806518555e+00
4.600000000000000000e+03 -2.204371929168701172e+00
4.601000000000000000e+03 -2.206021308898925781e+00
4.602000000000000000e+03 -2.215109348297119141e+00
4.603000000000000000e+03 -2.236512184143066406e+00
4.604000000000000000e+03 -2.232514619827270508e+00
4.605000000000000000e+03 -2.247390508651733398e+00
4.606000000000000000e+03 -2.220356702804565430e+00
4.607000000000000000e+03 -2.219463109970092773e+00
4.608000000000000000e+03 -2.202438831329345703e+00
4.609000000000000000e+03 -2.173152208328247070e+00
4.610000000000000000e+03 -2.223059892654418945e+00
4.611000000000000000e+03 -2.193369388580322266e+00
4.612000000000000000e+03 -2.217382907867431641e+00
4.613000000000000000e+03 -2.196812868118286133e+00
4.614000000000000000e+03 -2.210791349411010742e+00
4.615000000000000000e+03 -2.184729337692260742e+00
4.616000000000000000e+03 -2.177469253540039062e+00
4.617000000000000000e+03 -2.185277462005615234e+00
4.618000000000000000e+03 -2.157346725463867188e+00
4.619000000000000000e+03 -2.179923295974731445e+00
4.620000000000000000e+03 -2.198414802551269531e+00
4.621000000000000000e+03 -2.159107923507690430e+00
4.622000000000000000e+03 -2.175464391708374023e+00
4.623000000000000000e+03 -2.170011520385742188e+00
4.624000000000000000e+03 -2.142955303192138672e+00
4.625000000000000000e+03 -2.146080732345581055e+00
4.626000000000000000e+03 -2.132248640060424805e+00
4.627000000000000000e+03 -2.170762538909912109e+00
4.628000000000000000e+03 -2.134488582611083984e+00
4.629000000000000000e+03 -2.162776708602905273e+00
4.630000000000000000e+03 -2.150843143463134766e+00
4.631000000000000000e+03 -2.164846658706665039e+00
4.632000000000000000e+03 -2.220489025115966797e+00
4.633000000000000000e+03 -2.186321735382080078e+00
4.634000000000000000e+03 -2.194607496261596680e+00
4.635000000000000000e+03 -2.180023670196533203e+00
4.636000000000000000e+03 -2.192765951156616211e+00
4.637000000000000000e+03 -2.156877040863037109e+00
4.638000000000000000e+03 -2.174214363098144531e+00
4.639000000000000000e+03 -2.210936069488525391e+00
4.640000000000000000e+03 -2.199739456176757812e+00
4.641000000000000000e+03 -2.182435035705566406e+00
4.642000000000000000e+03 -2.191741466522216797e+00
4.643000000000000000e+03 -2.174140453338623047e+00
4.644000000000000000e+03 -2.138002395629882812e+00
4.645000000000000000e+03 -2.153899908065795898e+00
4.646000000000000000e+03 -2.179326534271240234e+00
4.647000000000000000e+03 -2.137103080749511719e+00
4.648000000000000000e+03 -2.162525177001953125e+00
4.649000000000000000e+03 -2.171227931976318359e+00
4.650000000000000000e+03 -2.155239582061767578e+00
4.651000000000000000e+03 -2.122790336608886719e+00
4.652000000000000000e+03 -2.142389297485351562e+00
4.653000000000000000e+03 -2.133362054824829102e+00
4.654000000000000000e+03 -2.172986984252929688e+00
4.655000000000000000e+03 -2.160626649856567383e+00
4.656000000000000000e+03 -2.168505191802978516e+00
4.657000000000000000e+03 -2.198668479919433594e+00
4.658000000000000000e+03 -2.143259048461914062e+00
4.659000000000000000e+03 -2.204839706420898438e+00
4.660000000000000000e+03 -2.168887615203857422e+00
4.661000000000000000e+03 -2.207499504089355469e+00
4.662000000000000000e+03 -2.202057361602783203e+00
4.663000000000000000e+03 -2.199647665023803711e+00
4.664000000000000000e+03 -2.207618951797485352e+00
4.665000000000000000e+03 -2.225058317184448242e+00
4.666000000000000000e+03 -2.237036228179931641e+00
4.667000000000000000e+03 -2.235077619552612305e+00
4.668000000000000000e+03 -2.215022087097167969e+00
4.669000000000000000e+03 -2.210670948028564453e+00
4.670000000000000000e+03 -2.194956064224243164e+00
4.671000000000000000e+03 -2.201275825500488281e+00
4.672000000000000000e+03 -2.215520381927490234e+00
4.673000000000000000e+03 -2.233525753021240234e+00
4.674000000000000000e+03 -2.199347496032714844e+00
4.675000000000000000e+03 -2.169315814971923828e+00
4.676000000000000000e+03 -2.187872886657714844e+00
4.677000000000000000e+03 -2.212529659271240234e+00
4.678000000000000000e+03 -2.222802639007568359e+00
4.679000000000000000e+03 -2.191185951232910156e+00
4.680000000000000000e+03 -2.201748847961425781e+00
4.681000000000000000e+03 -2.192644357681274414e+00
4.682000000000000000e+03 -2.209182977676391602e+00
4.683000000000000000e+03 -2.197932004928588867e+00
4.684000000000000000e+03 -2.130745410919189453e+00
4.685000000000000000e+03 -2.148585557937622070e+00
4.686000000000000000e+03 -2.195863485336303711e+00
4.687000000000000000e+03 -2.153758049011230469e+00
4.688000000000000000e+03 -2.169823646545410156e+00
4.689000000000000000e+03 -2.184566259384155273e+00
4.690000000000000000e+03 -2.212044954299926758e+00
4.691000000000000000e+03 -2.196699857711791992e+00
4.692000000000000000e+03 -2.184506654739379883e+00
4.693000000000000000e+03 -2.202699184417724609e+00
4.694000000000000000e+03 -2.265882015228271484e+00
4.695000000000000000e+03 -2.290743350982666016e+00
4.696000000000000000e+03 -2.245985984802246094e+00
4.697000000000000000e+03 -2.231548547744750977e+00
4.698000000000000000e+03 -2.236736059188842773e+00
4.699000000000000000e+03 -2.200584173202514648e+00
4.700000000000000000e+03 -2.206487894058227539e+00
4.701000000000000000e+03 -2.212556123733520508e+00
4.702000000000000000e+03 -2.210594654083251953e+00
4.703000000000000000e+03 -2.215673446655273438e+00
4.704000000000000000e+03 -2.226826667785644531e+00
4.705000000000000000e+03 -2.221572637557983398e+00
4.706000000000000000e+03 -2.238736629486083984e+00
4.707000000000000000e+03 -2.259196281433105469e+00
4.708000000000000000e+03 -2.209969997406005859e+00
4.709000000000000000e+03 -2.222950935363769531e+00
4.710000000000000000e+03 -2.259485483169555664e+00
4.711000000000000000e+03 -2.228133201599121094e+00
4.712000000000000000e+03 -2.248771667480468750e+00
4.713000000000000000e+03 -2.214809894561767578e+00
4.714000000000000000e+03 -2.192675352096557617e+00
4.715000000000000000e+03 -2.201352596282958984e+00
4.716000000000000000e+03 -2.193523645401000977e+00
4.717000000000000000e+03 -2.253464221954345703e+00
4.718000000000000000e+03 -2.237799167633056641e+00
4.719000000000000000e+03 -2.216594219207763672e+00
4.720000000000000000e+03 -2.204109191894531250e+00
4.721000000000000000e+03 -2.203915596008300781e+00
4.722000000000000000e+03 -2.197812795639038086e+00
4.723000000000000000e+03 -2.237754344940185547e+00
4.724000000000000000e+03 -2.245875835418701172e+00
4.725000000000000000e+03 -2.243518352508544922e+00
4.726000000000000000e+03 -2.216151475906372070e+00
4.727000000000000000e+03 -2.222686767578125000e+00
4.728000000000000000e+03 -2.231577396392822266e+00
4.729000000000000000e+03 -2.236308574676513672e+00
4.730000000000000000e+03 -2.236887931823730469e+00
4.731000000000000000e+03 -2.224921703338623047e+00
4.732000000000000000e+03 -2.201259136199951172e+00
4.733000000000000000e+03 -2.209506511688232422e+00
4.734000000000000000e+03 -2.204751729965209961e+00
4.735000000000000000e+03 -2.195974826812744141e+00
4.736000000000000000e+03 -2.175948381423950195e+00
4.737000000000000000e+03 -2.187892675399780273e+00
4.738000000000000000e+03 -2.167094230651855469e+00
4.739000000000000000e+03 -2.186337471008300781e+00
4.740000000000000000e+03 -2.178480386734008789e+00
4.741000000000000000e+03 -2.191126346588134766e+00
4.742000000000000000e+03 -2.152620792388916016e+00
4.743000000000000000e+03 -2.168640136718750000e+00
4.744000000000000000e+03 -2.165578842163085938e+00
4.745000000000000000e+03 -2.240124940872192383e+00
4.746000000000000000e+03 -2.204411506652832031e+00
4.747000000000000000e+03 -2.192576408386230469e+00
4.748000000000000000e+03 -2.167260646820068359e+00
4.749000000000000000e+03 -2.192330598831176758e+00
4.750000000000000000e+03 -2.229658126831054688e+00
4.751000000000000000e+03 -2.195342063903808594e+00
4.752000000000000000e+03 -2.176017761230468750e+00
4.753000000000000000e+03 -2.215976238250732422e+00
4.754000000000000000e+03 -2.196214437484741211e+00
4.755000000000000000e+03 -2.194093704223632812e+00
4.756000000000000000e+03 -2.172808647155761719e+00
4.757000000000000000e+03 -2.211457490921020508e+00
4.758000000000000000e+03 -2.166982889175415039e+00
4.759000000000000000e+03 -2.175042390823364258e+00
4.760000000000000000e+03 -2.163337945938110352e+00
4.761000000000000000e+03 -2.200968742370605469e+00
4.762000000000000000e+03 -2.172963619232177734e+00
4.763000000000000000e+03 -2.236580133438110352e+00
4.764000000000000000e+03 -2.235525131225585938e+00
4.765000000000000000e+03 -2.213958740234375000e+00
4.766000000000000000e+03 -2.182579278945922852e+00
4.767000000000000000e+03 -2.211907863616943359e+00
4.768000000000000000e+03 -2.165306091308593750e+00
4.769000000000000000e+03 -2.120904684066772461e+00
4.770000000000000000e+03 -2.174540996551513672e+00
4.771000000000000000e+03 -2.204653501510620117e+00
4.772000000000000000e+03 -2.188871622085571289e+00
4.773000000000000000e+03 -2.164166927337646484e+00
4.774000000000000000e+03 -2.167641401290893555e+00
4.775000000000000000e+03 -2.169257640838623047e+00
4.776000000000000000e+03 -2.187604427337646484e+00
4.777000000000000000e+03 -2.150717735290527344e+00
4.778000000000000000e+03 -2.185584068298339844e+00
4.779000000000000000e+03 -2.183218955993652344e+00
4.780000000000000000e+03 -2.156448364257812500e+00
4.781000000000000000e+03 -2.157975196838378906e+00
4.782000000000000000e+03 -2.185450077056884766e+00
4.783000000000000000e+03 -2.187117099761962891e+00
4.784000000000000000e+03 -2.266782283782958984e+00
4.785000000000000000e+03 -2.227323293685913086e+00
4.786000000000000000e+03 -2.208225250244140625e+00
4.787000000000000000e+03 -2.214534282684326172e+00
4.788000000000000000e+03 -2.249274253845214844e+00
4.789000000000000000e+03 -2.222040891647338867e+00
4.790000000000000000e+03 -2.217604398727416992e+00
4.791000000000000000e+03 -2.217621564865112305e+00
4.792000000000000000e+03 -2.244888782501220703e+00
4.793000000000000000e+03 -2.231550216674804688e+00
4.794000000000000000e+03 -2.210964202880859375e+00
4.795000000000000000e+03 -2.215437889099121094e+00
4.796000000000000000e+03 -2.233249664306640625e+00
4.797000000000000000e+03 -2.246955394744873047e+00
4.798000000000000000e+03 -2.227554321289062500e+00
4.799000000000000000e+03 -2.207907438278198242e+00
4.800000000000000000e+03 -2.229409217834472656e+00
4.801000000000000000e+03 -2.219449520111083984e+00
4.802000000000000000e+03 -2.223241090774536133e+00
4.803000000000000000e+03 -2.226389646530151367e+00
4.804000000000000000e+03 -2.218703031539916992e+00
4.805000000000000000e+03 -2.226275920867919922e+00
4.806000000000000000e+03 -2.228562593460083008e+00
4.807000000000000000e+03 -2.245617628097534180e+00
4.808000000000000000e+03 -2.253827571868896484e+00
4.809000000000000000e+03 -2.254950523376464844e+00
4.810000000000000000e+03 -2.242899179458618164e+00
4.811000000000000000e+03 -2.231246709823608398e+00
4.812000000000000000e+03 -2.213855504989624023e+00
4.813000000000000000e+03 -2.226784229278564453e+00
4.814000000000000000e+03 -2.229658842086791992e+00
4.815000000000000000e+03 -2.217861175537109375e+00
4.816000000000000000e+03 -2.215609312057495117e+00
4.817000000000000000e+03 -2.244698047637939453e+00
4.818000000000000000e+03 -2.212176561355590820e+00
4.819000000000000000e+03 -2.209345817565917969e+00
4.820000000000000000e+03 -2.245128631591796875e+00
4.821000000000000000e+03 -2.231899976730346680e+00
4.822000000000000000e+03 -2.233471632003784180e+00
4.823000000000000000e+03 -2.245651721954345703e+00
4.824000000000000000e+03 -2.220669984817504883e+00
4.825000000000000000e+03 -2.233224153518676758e+00
4.826000000000000000e+03 -2.227629423141479492e+00
4.827000000000000000e+03 -2.206685781478881836e+00
4.828000000000000000e+03 -2.241581916809082031e+00
4.829000000000000000e+03 -2.242366552352905273e+00
4.830000000000000000e+03 -2.238613843917846680e+00
4.831000000000000000e+03 -2.201817512512207031e+00
4.832000000000000000e+03 -2.212950706481933594e+00
4.833000000000000000e+03 -2.190275192260742188e+00
4.834000000000000000e+03 -2.208443164825439453e+00
4.835000000000000000e+03 -2.233209848403930664e+00
4.836000000000000000e+03 -2.221073627471923828e+00
4.837000000000000000e+03 -2.207626342773437500e+00
4.838000000000000000e+03 -2.186482429504394531e+00
4.839000000000000000e+03 -2.228462219238281250e+00
4.840000000000000000e+03 -2.215360403060913086e+00
4.841000000000000000e+03 -2.158183097839355469e+00
4.842000000000000000e+03 -2.183521270751953125e+00
4.843000000000000000e+03 -2.202796697616577148e+00
4.844000000000000000e+03 -2.201463699340820312e+00
4.845000000000000000e+03 -2.174501657485961914e+00
4.846000000000000000e+03 -2.183588504791259766e+00
4.847000000000000000e+03 -2.194062948226928711e+00
4.848000000000000000e+03 -2.186624526977539062e+00
4.849000000000000000e+03 -2.183440446853637695e+00
4.850000000000000000e+03 -2.195975303649902344e+00
4.851000000000000000e+03 -2.201353549957275391e+00
4.852000000000000000e+03 -2.175113439559936523e+00
4.853000000000000000e+03 -2.173013210296630859e+00
4.854000000000000000e+03 -2.150229930877685547e+00
4.855000000000000000e+03 -2.166579961776733398e+00
4.856000000000000000e+03 -2.159383296966552734e+00
4.857000000000000000e+03 -2.174354314804077148e+00
4.858000000000000000e+03 -2.202954530715942383e+00
4.859000000000000000e+03 -2.168034553527832031e+00
4.860000000000000000e+03 -2.170195817947387695e+00
4.861000000000000000e+03 -2.183660984039306641e+00
4.862000000000000000e+03 -2.172351360321044922e+00
4.863000000000000000e+03 -2.137524366378784180e+00
4.864000000000000000e+03 -2.151319503784179688e+00
4.865000000000000000e+03 -2.185006380081176758e+00
4.866000000000000000e+03 -2.174207925796508789e+00
4.867000000000000000e+03 -2.201988697052001953e+00
4.868000000000000000e+03 -2.191644430160522461e+00
4.869000000000000000e+03 -2.149312496185302734e+00
4.870000000000000000e+03 -2.167199850082397461e+00
4.871000000000000000e+03 -2.169576644897460938e+00
4.872000000000000000e+03 -2.161764621734619141e+00
4.873000000000000000e+03 -2.177125930786132812e+00
4.874000000000000000e+03 -2.176332712173461914e+00
4.875000000000000000e+03 -2.162863492965698242e+00
4.876000000000000000e+03 -2.185889244079589844e+00
4.877000000000000000e+03 -2.188239097595214844e+00
4.878000000000000000e+03 -2.174519062042236328e+00
4.879000000000000000e+03 -2.162362575531005859e+00
4.880000000000000000e+03 -2.155624151229858398e+00
4.881000000000000000e+03 -2.201267242431640625e+00
4.882000000000000000e+03 -2.208848953247070312e+00
4.883000000000000000e+03 -2.189710140228271484e+00
4.884000000000000000e+03 -2.167940616607666016e+00
4.885000000000000000e+03 -2.184331417083740234e+00
4.886000000000000000e+03 -2.201617717742919922e+00
4.887000000000000000e+03 -2.173764228820800781e+00
4.888000000000000000e+03 -2.162276744842529297e+00
4.889000000000000000e+03 -2.161131143569946289e+00
4.890000000000000000e+03 -2.171031236648559570e+00
4.891000000000000000e+03 -2.158851146697998047e+00
4.892000000000000000e+03 -2.160468578338623047e+00
4.893000000000000000e+03 -2.162419319152832031e+00
4.894000000000000000e+03 -2.174579143524169922e+00
4.895000000000000000e+03 -2.161771774291992188e+00
4.896000000000000000e+03 -2.182662248611450195e+00
4.897000000000000000e+03 -2.193971872329711914e+00
4.898000000000000000e+03 -2.207172870635986328e+00
4.899000000000000000e+03 -2.176137924194335938e+00
4.900000000000000000e+03 -2.166247844696044922e+00
4.901000000000000000e+03 -2.188260793685913086e+00
4.902000000000000000e+03 -2.250056028366088867e+00
4.903000000000000000e+03 -2.233921527862548828e+00
4.904000000000000000e+03 -2.202375888824462891e+00
4.905000000000000000e+03 -2.208446979522705078e+00
4.906000000000000000e+03 -2.244007110595703125e+00
4.907000000000000000e+03 -2.199094295501708984e+00
4.908000000000000000e+03 -2.161326169967651367e+00
4.909000000000000000e+03 -2.183217048645019531e+00
4.910000000000000000e+03 -2.196686744689941406e+00
4.911000000000000000e+03 -2.181517124176025391e+00
4.912000000000000000e+03 -2.216553688049316406e+00
4.913000000000000000e+03 -2.205838680267333984e+00
4.914000000000000000e+03 -2.192740440368652344e+00
4.915000000000000000e+03 -2.180564641952514648e+00
4.916000000000000000e+03 -2.198268651962280273e+00
4.917000000000000000e+03 -2.215390682220458984e+00
4.918000000000000000e+03 -2.203442096710205078e+00
4.919000000000000000e+03 -2.183058261871337891e+00
4.920000000000000000e+03 -2.138218402862548828e+00
4.921000000000000000e+03 -2.185772418975830078e+00
4.922000000000000000e+03 -2.184812307357788086e+00
4.923000000000000000e+03 -2.158440589904785156e+00
4.924000000000000000e+03 -2.178425788879394531e+00
4.925000000000000000e+03 -2.187508583068847656e+00
4.926000000000000000e+03 -2.181309938430786133e+00
4.927000000000000000e+03 -2.182931184768676758e+00
4.928000000000000000e+03 -2.189125537872314453e+00
4.929000000000000000e+03 -2.180518627166748047e+00
4.930000000000000000e+03 -2.192562580108642578e+00
4.931000000000000000e+03 -2.224058151245117188e+00
4.932000000000000000e+03 -2.182061672210693359e+00
4.933000000000000000e+03 -2.227536916732788086e+00
4.934000000000000000e+03 -2.237490177154541016e+00
4.935000000000000000e+03 -2.192734479904174805e+00
4.936000000000000000e+03 -2.195918083190917969e+00
4.937000000000000000e+03 -2.216589927673339844e+00
4.938000000000000000e+03 -2.175465345382690430e+00
4.939000000000000000e+03 -2.220949172973632812e+00
4.940000000000000000e+03 -2.205929994583129883e+00
4.941000000000000000e+03 -2.203411579132080078e+00
4.942000000000000000e+03 -2.192550659179687500e+00
4.943000000000000000e+03 -2.202425003051757812e+00
4.944000000000000000e+03 -2.204892158508300781e+00
4.945000000000000000e+03 -2.176109790802001953e+00
4.946000000000000000e+03 -2.201200246810913086e+00
4.947000000000000000e+03 -2.200948715209960938e+00
4.948000000000000000e+03 -2.204026699066162109e+00
4.949000000000000000e+03 -2.193213701248168945e+00
4.950000000000000000e+03 -2.173335790634155273e+00
4.951000000000000000e+03 -2.191185474395751953e+00
4.952000000000000000e+03 -2.212047100067138672e+00
4.953000000000000000e+03 -2.205914020538330078e+00
4.954000000000000000e+03 -2.224975585937500000e+00
4.955000000000000000e+03 -2.205588579177856445e+00
4.956000000000000000e+03 -2.199285030364990234e+00
4.957000000000000000e+03 -2.229781627655029297e+00
4.958000000000000000e+03 -2.227694272994995117e+00
4.959000000000000000e+03 -2.189984560012817383e+00
4.960000000000000000e+03 -2.165786981582641602e+00
4.961000000000000000e+03 -2.182672262191772461e+00
4.962000000000000000e+03 -2.200120210647583008e+00
4.963000000000000000e+03 -2.184068202972412109e+00
4.964000000000000000e+03 -2.176871061325073242e+00
4.965000000000000000e+03 -2.176378011703491211e+00
4.966000000000000000e+03 -2.191023111343383789e+00
4.967000000000000000e+03 -2.217198133468627930e+00
4.968000000000000000e+03 -2.174875020980834961e+00
4.969000000000000000e+03 -2.118330478668212891e+00
4.970000000000000000e+03 -2.166596889495849609e+00
4.971000000000000000e+03 -2.178743362426757812e+00
4.972000000000000000e+03 -2.169731616973876953e+00
4.973000000000000000e+03 -2.171288490295410156e+00
4.974000000000000000e+03 -2.145370244979858398e+00
4.975000000000000000e+03 -2.159990549087524414e+00
4.976000000000000000e+03 -2.177154302597045898e+00
4.977000000000000000e+03 -2.173489570617675781e+00
4.978000000000000000e+03 -2.175985574722290039e+00
4.979000000000000000e+03 -2.177451610565185547e+00
4.980000000000000000e+03 -2.190998077392578125e+00
4.981000000000000000e+03 -2.191833734512329102e+00
4.982000000000000000e+03 -2.214552879333496094e+00
4.983000000000000000e+03 -2.159008741378784180e+00
4.984000000000000000e+03 -2.197323322296142578e+00
4.985000000000000000e+03 -2.207801342010498047e+00
4.986000000000000000e+03 -2.182662248611450195e+00
4.987000000000000000e+03 -2.168449878692626953e+00
4.988000000000000000e+03 -2.208784341812133789e+00
4.989000000000000000e+03 -2.171703577041625977e+00
4.990000000000000000e+03 -2.169491291046142578e+00
4.991000000000000000e+03 -2.155188560485839844e+00
4.992000000000000000e+03 -2.173369407653808594e+00
4.993000000000000000e+03 -2.191135883331298828e+00
4.994000000000000000e+03 -2.193218231201171875e+00
4.995000000000000000e+03 -2.196797370910644531e+00
4.996000000000000000e+03 -2.186834573745727539e+00
4.997000000000000000e+03 -2.202459812164306641e+00
4.998000000000000000e+03 -2.189081907272338867e+00
4.999000000000000000e+03 -2.199176073074340820e+00
5.000000000000000000e+03 -2.214797973632812500e+00
5.001000000000000000e+03 -2.184934139251708984e+00
5.002000000000000000e+03 -2.209596633911132812e+00
5.003000000000000000e+03 -2.202392101287841797e+00
5.004000000000000000e+03 -2.219229698181152344e+00
5.005000000000000000e+03 -2.193197488784790039e+00
5.006000000000000000e+03 -2.206995010375976562e+00
5.007000000000000000e+03 -2.209615468978881836e+00
5.008000000000000000e+03 -2.185405254364013672e+00
5.009000000000000000e+03 -2.190551519393920898e+00
5.010000000000000000e+03 -2.153564214706420898e+00
5.011000000000000000e+03 -2.188118934631347656e+00
5.012000000000000000e+03 -2.196190357208251953e+00
5.013000000000000000e+03 -2.204061508178710938e+00
5.014000000000000000e+03 -2.207656145095825195e+00
5.015000000000000000e+03 -2.208131551742553711e+00
5.016000000000000000e+03 -2.209881305694580078e+00
5.017000000000000000e+03 -2.218066215515136719e+00
5.018000000000000000e+03 -2.185084819793701172e+00
5.019000000000000000e+03 -2.213533878326416016e+00
5.020000000000000000e+03 -2.216689825057983398e+00
5.021000000000000000e+03 -2.204312324523925781e+00
5.022000000000000000e+03 -2.215592384338378906e+00
5.023000000000000000e+03 -2.198036193847656250e+00
5.024000000000000000e+03 -2.236258506774902344e+00
5.025000000000000000e+03 -2.182152748107910156e+00
5.026000000000000000e+03 -2.228132247924804688e+00
5.027000000000000000e+03 -2.200593948364257812e+00
5.028000000000000000e+03 -2.226537704467773438e+00
5.029000000000000000e+03 -2.220143318176269531e+00
5.030000000000000000e+03 -2.170046567916870117e+00
5.031000000000000000e+03 -2.190713882446289062e+00
5.032000000000000000e+03 -2.216926097869873047e+00
5.033000000000000000e+03 -2.214775562286376953e+00
5.034000000000000000e+03 -2.248887538909912109e+00
5.035000000000000000e+03 -2.206358432769775391e+00
5.036000000000000000e+03 -2.199193477630615234e+00
5.037000000000000000e+03 -2.179485797882080078e+00
5.038000000000000000e+03 -2.182567596435546875e+00
5.039000000000000000e+03 -2.158709526062011719e+00
5.040000000000000000e+03 -2.140039205551147461e+00
5.041000000000000000e+03 -2.185217380523681641e+00
5.042000000000000000e+03 -2.184151649475097656e+00
5.043000000000000000e+03 -2.152718544006347656e+00
5.044000000000000000e+03 -2.146929740905761719e+00
5.045000000000000000e+03 -2.135333061218261719e+00
5.046000000000000000e+03 -2.167017459869384766e+00
5.047000000000000000e+03 -2.153377056121826172e+00
5.048000000000000000e+03 -2.190957307815551758e+00
5.049000000000000000e+03 -2.183325052261352539e+00
5.050000000000000000e+03 -2.195818901062011719e+00
5.051000000000000000e+03 -2.190932273864746094e+00
5.052000000000000000e+03 -2.198882341384887695e+00
5.053000000000000000e+03 -2.197187900543212891e+00
5.054000000000000000e+03 -2.173379898071289062e+00
5.055000000000000000e+03 -2.200897693634033203e+00
5.056000000000000000e+03 -2.195927619934082031e+00
5.057000000000000000e+03 -2.184280395507812500e+00
5.058000000000000000e+03 -2.220050573348999023e+00
5.059000000000000000e+03 -2.176072597503662109e+00
5.060000000000000000e+03 -2.198833465576171875e+00
5.061000000000000000e+03 -2.202064514160156250e+00
5.062000000000000000e+03 -2.228860855102539062e+00
5.063000000000000000e+03 -2.238094329833984375e+00
5.064000000000000000e+03 -2.237172603607177734e+00
5.065000000000000000e+03 -2.248682498931884766e+00
5.066000000000000000e+03 -2.219908714294433594e+00
5.067000000000000000e+03 -2.245862483978271484e+00
5.068000000000000000e+03 -2.233049869537353516e+00
5.069000000000000000e+03 -2.206021070480346680e+00
5.070000000000000000e+03 -2.196250915527343750e+00
5.071000000000000000e+03 -2.213614463806152344e+00
5.072000000000000000e+03 -2.225963830947875977e+00
5.073000000000000000e+03 -2.166853904724121094e+00
5.074000000000000000e+03 -2.188102483749389648e+00
5.075000000000000000e+03 -2.217789649963378906e+00
5.076000000000000000e+03 -2.209824085235595703e+00
5.077000000000000000e+03 -2.189349651336669922e+00
5.078000000000000000e+03 -2.196922302246093750e+00
5.079000000000000000e+03 -2.217137575149536133e+00
5.080000000000000000e+03 -2.209036111831665039e+00
5.081000000000000000e+03 -2.212381839752197266e+00
5.082000000000000000e+03 -2.232741832733154297e+00
5.083000000000000000e+03 -2.233998298645019531e+00
5.084000000000000000e+03 -2.176837205886840820e+00
5.085000000000000000e+03 -2.182946681976318359e+00
5.086000000000000000e+03 -2.131706714630126953e+00
5.087000000000000000e+03 -2.165010929107666016e+00
5.088000000000000000e+03 -2.159810543060302734e+00
5.089000000000000000e+03 -2.190094470977783203e+00
5.090000000000000000e+03 -2.184052228927612305e+00
5.091000000000000000e+03 -2.198724269866943359e+00
5.092000000000000000e+03 -2.202274799346923828e+00
5.093000000000000000e+03 -2.203854799270629883e+00
5.094000000000000000e+03 -2.210690736770629883e+00
5.095000000000000000e+03 -2.212033033370971680e+00
5.096000000000000000e+03 -2.201887607574462891e+00
5.097000000000000000e+03 -2.214983940124511719e+00
5.098000000000000000e+03 -2.193236351013183594e+00
5.099000000000000000e+03 -2.189735174179077148e+00
5.100000000000000000e+03 -2.180229663848876953e+00
5.101000000000000000e+03 -2.172118186950683594e+00
5.102000000000000000e+03 -2.180339813232421875e+00
5.103000000000000000e+03 -2.167884826660156250e+00
5.104000000000000000e+03 -2.142398357391357422e+00
5.105000000000000000e+03 -2.158877611160278320e+00
5.106000000000000000e+03 -2.144124984741210938e+00
5.107000000000000000e+03 -2.160272598266601562e+00
5.108000000000000000e+03 -2.187918186187744141e+00
5.109000000000000000e+03 -2.204499721527099609e+00
5.110000000000000000e+03 -2.236013412475585938e+00
5.111000000000000000e+03 -2.231325149536132812e+00
5.112000000000000000e+03 -2.190052270889282227e+00
5.113000000000000000e+03 -2.215014219284057617e+00
5.114000000000000000e+03 -2.243995666503906250e+00
5.115000000000000000e+03 -2.228825569152832031e+00
5.116000000000000000e+03 -2.206878662109375000e+00
5.117000000000000000e+03 -2.212449073791503906e+00
5.118000000000000000e+03 -2.173547029495239258e+00
5.119000000000000000e+03 -2.196011304855346680e+00
5.120000000000000000e+03 -2.202909946441650391e+00
5.121000000000000000e+03 -2.240223407745361328e+00
5.122000000000000000e+03 -2.197082757949829102e+00
5.123000000000000000e+03 -2.175994157791137695e+00
5.124000000000000000e+03 -2.217123508453369141e+00
5.125000000000000000e+03 -2.212575435638427734e+00
5.126000000000000000e+03 -2.213422536849975586e+00
5.127000000000000000e+03 -2.217083692550659180e+00
5.128000000000000000e+03 -2.227264642715454102e+00
5.129000000000000000e+03 -2.220743894577026367e+00
5.130000000000000000e+03 -2.238969087600708008e+00
5.131000000000000000e+03 -2.233012437820434570e+00
5.132000000000000000e+03 -2.233569145202636719e+00
5.133000000000000000e+03 -2.212344408035278320e+00
5.134000000000000000e+03 -2.192869424819946289e+00
5.135000000000000000e+03 -2.216703653335571289e+00
5.136000000000000000e+03 -2.258549213409423828e+00
5.137000000000000000e+03 -2.247698545455932617e+00
5.138000000000000000e+03 -2.202820777893066406e+00
5.139000000000000000e+03 -2.204879283905029297e+00
5.140000000000000000e+03 -2.239935159683227539e+00
5.141000000000000000e+03 -2.217537403106689453e+00
5.142000000000000000e+03 -2.229202270507812500e+00
5.143000000000000000e+03 -2.229723691940307617e+00
5.144000000000000000e+03 -2.223170280456542969e+00
5.145000000000000000e+03 -2.250890493392944336e+00
5.146000000000000000e+03 -2.252722263336181641e+00
5.147000000000000000e+03 -2.234939575195312500e+00
5.148000000000000000e+03 -2.228608369827270508e+00
5.149000000000000000e+03 -2.228604555130004883e+00
5.150000000000000000e+03 -2.217235088348388672e+00
5.151000000000000000e+03 -2.228618144989013672e+00
5.152000000000000000e+03 -2.207295894622802734e+00
5.153000000000000000e+03 -2.205178737640380859e+00
5.154000000000000000e+03 -2.224358081817626953e+00
5.155000000000000000e+03 -2.214746952056884766e+00
5.156000000000000000e+03 -2.175574779510498047e+00
5.157000000000000000e+03 -2.183788299560546875e+00
5.158000000000000000e+03 -2.178779602050781250e+00
5.159000000000000000e+03 -2.198439598083496094e+00
5.160000000000000000e+03 -2.219592332839965820e+00
5.161000000000000000e+03 -2.236215829849243164e+00
5.162000000000000000e+03 -2.226195096969604492e+00
5.163000000000000000e+03 -2.213059425354003906e+00
5.164000000000000000e+03 -2.209556579589843750e+00
5.165000000000000000e+03 -2.237763404846191406e+00
5.166000000000000000e+03 -2.213547229766845703e+00
5.167000000000000000e+03 -2.206369876861572266e+00
5.168000000000000000e+03 -2.202009201049804688e+00
5.169000000000000000e+03 -2.233998775482177734e+00
5.170000000000000000e+03 -2.199630022048950195e+00
5.171000000000000000e+03 -2.239312410354614258e+00
5.172000000000000000e+03 -2.239790201187133789e+00
5.173000000000000000e+03 -2.217920303344726562e+00
5.174000000000000000e+03 -2.245981931686401367e+00
5.175000000000000000e+03 -2.240861892700195312e+00
5.176000000000000000e+03 -2.218326807022094727e+00
5.177000000000000000e+03 -2.231163263320922852e+00
5.178000000000000000e+03 -2.249121189117431641e+00
5.179000000000000000e+03 -2.279088020324707031e+00
5.180000000000000000e+03 -2.248007059097290039e+00
5.181000000000000000e+03 -2.235868215560913086e+00
5.182000000000000000e+03 -2.221590518951416016e+00
5.183000000000000000e+03 -2.183254241943359375e+00
5.184000000000000000e+03 -2.209830999374389648e+00
5.185000000000000000e+03 -2.245969295501708984e+00
5.186000000000000000e+03 -2.270091056823730469e+00
5.187000000000000000e+03 -2.199007749557495117e+00
5.188000000000000000e+03 -2.164402246475219727e+00
5.189000000000000000e+03 -2.217872142791748047e+00
5.190000000000000000e+03 -2.184621572494506836e+00
5.191000000000000000e+03 -2.197249889373779297e+00
5.192000000000000000e+03 -2.214130163192749023e+00
5.193000000000000000e+03 -2.178342819213867188e+00
5.194000000000000000e+03 -2.168480157852172852e+00
5.195000000000000000e+03 -2.171998977661132812e+00
5.196000000000000000e+03 -2.207786798477172852e+00
5.197000000000000000e+03 -2.235148906707763672e+00
5.198000000000000000e+03 -2.218219995498657227e+00
5.199000000000000000e+03 -2.175930023193359375e+00
5.200000000000000000e+03 -2.193549633026123047e+00
5.201000000000000000e+03 -2.234818458557128906e+00
5.202000000000000000e+03 -2.194492340087890625e+00
5.203000000000000000e+03 -2.194666147232055664e+00
5.204000000000000000e+03 -2.171569108963012695e+00
5.205000000000000000e+03 -2.225893974304199219e+00
5.206000000000000000e+03 -2.222534179687500000e+00
5.207000000000000000e+03 -2.243752241134643555e+00
5.208000000000000000e+03 -2.202414035797119141e+00
5.209000000000000000e+03 -2.201675415039062500e+00
5.210000000000000000e+03 -2.203554153442382812e+00
5.211000000000000000e+03 -2.230741739273071289e+00
5.212000000000000000e+03 -2.210387706756591797e+00
5.213000000000000000e+03 -2.198566198348999023e+00
5.214000000000000000e+03 -2.204883098602294922e+00
5.215000000000000000e+03 -2.209241390228271484e+00
5.216000000000000000e+03 -2.222929477691650391e+00
5.217000000000000000e+03 -2.230298042297363281e+00
5.218000000000000000e+03 -2.206149816513061523e+00
5.219000000000000000e+03 -2.196183443069458008e+00
5.220000000000000000e+03 -2.197618246078491211e+00
5.221000000000000000e+03 -2.189825534820556641e+00
5.222000000000000000e+03 -2.248792171478271484e+00
5.223000000000000000e+03 -2.224530220031738281e+00
5.224000000000000000e+03 -2.232454299926757812e+00
5.225000000000000000e+03 -2.238451957702636719e+00
5.226000000000000000e+03 -2.234668970108032227e+00
5.227000000000000000e+03 -2.229567289352416992e+00
5.228000000000000000e+03 -2.218261718750000000e+00
5.229000000000000000e+03 -2.224678993225097656e+00
5.230000000000000000e+03 -2.223047971725463867e+00
5.231000000000000000e+03 -2.282319068908691406e+00
5.232000000000000000e+03 -2.256507873535156250e+00
5.233000000000000000e+03 -2.238583087921142578e+00
5.234000000000000000e+03 -2.250355005264282227e+00
5.235000000000000000e+03 -2.256757736206054688e+00
5.236000000000000000e+03 -2.231055736541748047e+00
5.237000000000000000e+03 -2.238309144973754883e+00
5.238000000000000000e+03 -2.203325271606445312e+00
5.239000000000000000e+03 -2.235700130462646484e+00
5.240000000000000000e+03 -2.227635860443115234e+00
5.241000000000000000e+03 -2.235016584396362305e+00
5.242000000000000000e+03 -2.211432456970214844e+00
5.243000000000000000e+03 -2.216754436492919922e+00
5.244000000000000000e+03 -2.230252504348754883e+00
5.245000000000000000e+03 -2.196600437164306641e+00
5.246000000000000000e+03 -2.225023746490478516e+00
5.247000000000000000e+03 -2.207047224044799805e+00
5.248000000000000000e+03 -2.195591449737548828e+00
5.249000000000000000e+03 -2.208366155624389648e+00
5.250000000000000000e+03 -2.184615612030029297e+00
5.251000000000000000e+03 -2.186978816986083984e+00
5.252000000000000000e+03 -2.166915178298950195e+00
5.253000000000000000e+03 -2.184041500091552734e+00
5.254000000000000000e+03 -2.190817117691040039e+00
5.255000000000000000e+03 -2.165122747421264648e+00
5.256000000000000000e+03 -2.196855068206787109e+00
5.257000000000000000e+03 -2.215935230255126953e+00
5.258000000000000000e+03 -2.248485326766967773e+00
5.259000000000000000e+03 -2.224431037902832031e+00
5.260000000000000000e+03 -2.203420162200927734e+00
5.261000000000000000e+03 -2.174930572509765625e+00
5.262000000000000000e+03 -2.192497968673706055e+00
5.263000000000000000e+03 -2.223981618881225586e+00
5.264000000000000000e+03 -2.206933736801147461e+00
5.265000000000000000e+03 -2.224552154541015625e+00
5.266000000000000000e+03 -2.206267595291137695e+00
5.267000000000000000e+03 -2.224565505981445312e+00
5.268000000000000000e+03 -2.250979900360107422e+00
5.269000000000000000e+03 -2.214903593063354492e+00
5.270000000000000000e+03 -2.228065967559814453e+00
5.271000000000000000e+03 -2.215952396392822266e+00
5.272000000000000000e+03 -2.219230413436889648e+00
5.273000000000000000e+03 -2.191016197204589844e+00
5.274000000000000000e+03 -2.228527784347534180e+00
5.275000000000000000e+03 -2.216086387634277344e+00
5.276000000000000000e+03 -2.239705801010131836e+00
5.277000000000000000e+03 -2.190375566482543945e+00
5.278000000000000000e+03 -2.216507673263549805e+00
5.279000000000000000e+03 -2.197893619537353516e+00
5.280000000000000000e+03 -2.200039148330688477e+00
5.281000000000000000e+03 -2.213834762573242188e+00
5.282000000000000000e+03 -2.208930730819702148e+00
5.283000000000000000e+03 -2.202239513397216797e+00
5.284000000000000000e+03 -2.221539497375488281e+00
5.285000000000000000e+03 -2.223117113113403320e+00
5.286000000000000000e+03 -2.209332227706909180e+00
5.287000000000000000e+03 -2.221026897430419922e+00
5.288000000000000000e+03 -2.238130569458007812e+00
5.289000000000000000e+03 -2.238708496093750000e+00
5.290000000000000000e+03 -2.229420661926269531e+00
5.291000000000000000e+03 -2.214450359344482422e+00
5.292000000000000000e+03 -2.194933891296386719e+00
5.293000000000000000e+03 -2.185430288314819336e+00
5.294000000000000000e+03 -2.188104629516601562e+00
5.295000000000000000e+03 -2.168711423873901367e+00
5.296000000000000000e+03 -2.206391572952270508e+00
5.297000000000000000e+03 -2.159410953521728516e+00
5.298000000000000000e+03 -2.161506891250610352e+00
5.299000000000000000e+03 -2.190799951553344727e+00
5.300000000000000000e+03 -2.190209627151489258e+00
5.301000000000000000e+03 -2.211863756179809570e+00
5.302000000000000000e+03 -2.177975654602050781e+00
5.303000000000000000e+03 -2.183324337005615234e+00
5.304000000000000000e+03 -2.187195777893066406e+00
5.305000000000000000e+03 -2.186549901962280273e+00
5.306000000000000000e+03 -2.165729284286499023e+00
5.307000000000000000e+03 -2.177706241607666016e+00
5.308000000000000000e+03 -2.179947376251220703e+00
5.309000000000000000e+03 -2.186056613922119141e+00
5.310000000000000000e+03 -2.200809001922607422e+00
5.311000000000000000e+03 -2.214485645294189453e+00
5.312000000000000000e+03 -2.187072753906250000e+00
5.313000000000000000e+03 -2.205089807510375977e+00
5.314000000000000000e+03 -2.207021236419677734e+00
5.315000000000000000e+03 -2.169389247894287109e+00
5.316000000000000000e+03 -2.175834178924560547e+00
5.317000000000000000e+03 -2.203101158142089844e+00
5.318000000000000000e+03 -2.223877906799316406e+00
5.319000000000000000e+03 -2.170418262481689453e+00
5.320000000000000000e+03 -2.204892873764038086e+00
5.321000000000000000e+03 -2.185856342315673828e+00
5.322000000000000000e+03 -2.148352146148681641e+00
5.323000000000000000e+03 -2.180477142333984375e+00
5.324000000000000000e+03 -2.171777963638305664e+00
5.325000000000000000e+03 -2.224249124526977539e+00
5.326000000000000000e+03 -2.204613208770751953e+00
5.327000000000000000e+03 -2.182399988174438477e+00
5.328000000000000000e+03 -2.215674161911010742e+00
5.329000000000000000e+03 -2.181289672851562500e+00
5.330000000000000000e+03 -2.184503555297851562e+00
5.331000000000000000e+03 -2.194679260253906250e+00
5.332000000000000000e+03 -2.170588254928588867e+00
5.333000000000000000e+03 -2.170125484466552734e+00
5.334000000000000000e+03 -2.127900123596191406e+00
5.335000000000000000e+03 -2.154662132263183594e+00
5.336000000000000000e+03 -2.197558403015136719e+00
5.337000000000000000e+03 -2.209530830383300781e+00
5.338000000000000000e+03 -2.199298620223999023e+00
5.339000000000000000e+03 -2.202140331268310547e+00
5.340000000000000000e+03 -2.217055320739746094e+00
5.341000000000000000e+03 -2.229755163192749023e+00
5.342000000000000000e+03 -2.225361585617065430e+00
5.343000000000000000e+03 -2.208540916442871094e+00
5.344000000000000000e+03 -2.195911884307861328e+00
5.345000000000000000e+03 -2.159016132354736328e+00
5.346000000000000000e+03 -2.185400962829589844e+00
5.347000000000000000e+03 -2.160951137542724609e+00
5.348000000000000000e+03 -2.184118509292602539e+00
5.349000000000000000e+03 -2.208956718444824219e+00
5.350000000000000000e+03 -2.228653669357299805e+00
5.351000000000000000e+03 -2.222614288330078125e+00
5.352000000000000000e+03 -2.240869522094726562e+00
5.353000000000000000e+03 -2.195012807846069336e+00
5.354000000000000000e+03 -2.190226078033447266e+00
5.355000000000000000e+03 -2.214487791061401367e+00
5.356000000000000000e+03 -2.179579257965087891e+00
5.357000000000000000e+03 -2.191573381423950195e+00
5.358000000000000000e+03 -2.220167398452758789e+00
5.359000000000000000e+03 -2.197091341018676758e+00
5.360000000000000000e+03 -2.224377155303955078e+00
5.361000000000000000e+03 -2.212451696395874023e+00
5.362000000000000000e+03 -2.190517902374267578e+00
5.363000000000000000e+03 -2.240715980529785156e+00
5.364000000000000000e+03 -2.220094203948974609e+00
5.365000000000000000e+03 -2.241812229156494141e+00
5.366000000000000000e+03 -2.229559421539306641e+00
5.367000000000000000e+03 -2.217991352081298828e+00
5.368000000000000000e+03 -2.247225761413574219e+00
5.369000000000000000e+03 -2.225041627883911133e+00
5.370000000000000000e+03 -2.189786434173583984e+00
5.371000000000000000e+03 -2.209483623504638672e+00
5.372000000000000000e+03 -2.209899663925170898e+00
5.373000000000000000e+03 -2.188599586486816406e+00
5.374000000000000000e+03 -2.178888797760009766e+00
5.375000000000000000e+03 -2.230205297470092773e+00
5.376000000000000000e+03 -2.242227077484130859e+00
5.377000000000000000e+03 -2.207253932952880859e+00
5.378000000000000000e+03 -2.222580194473266602e+00
5.379000000000000000e+03 -2.207944631576538086e+00
5.380000000000000000e+03 -2.198473930358886719e+00
5.381000000000000000e+03 -2.177217006683349609e+00
5.382000000000000000e+03 -2.202934026718139648e+00
5.383000000000000000e+03 -2.233762025833129883e+00
5.384000000000000000e+03 -2.205347061157226562e+00
5.385000000000000000e+03 -2.195936203002929688e+00
5.386000000000000000e+03 -2.234660625457763672e+00
5.387000000000000000e+03 -2.207399129867553711e+00
5.388000000000000000e+03 -2.224357128143310547e+00
5.389000000000000000e+03 -2.219572782516479492e+00
5.390000000000000000e+03 -2.216862678527832031e+00
5.391000000000000000e+03 -2.230943679809570312e+00
5.392000000000000000e+03 -2.220049858093261719e+00
5.393000000000000000e+03 -2.238965511322021484e+00
5.394000000000000000e+03 -2.228793144226074219e+00
5.395000000000000000e+03 -2.222881793975830078e+00
5.396000000000000000e+03 -2.227550506591796875e+00
5.397000000000000000e+03 -2.207481861114501953e+00
5.398000000000000000e+03 -2.215678215026855469e+00
5.399000000000000000e+03 -2.204962730407714844e+00
5.400000000000000000e+03 -2.204866170883178711e+00
5.401000000000000000e+03 -2.253292798995971680e+00
5.402000000000000000e+03 -2.253555297851562500e+00
5.403000000000000000e+03 -2.245192766189575195e+00
5.404000000000000000e+03 -2.253662586212158203e+00
5.405000000000000000e+03 -2.232561349868774414e+00
5.406000000000000000e+03 -2.225853443145751953e+00
5.407000000000000000e+03 -2.209733963012695312e+00
5.408000000000000000e+03 -2.209627628326416016e+00
5.409000000000000000e+03 -2.226635217666625977e+00
5.410000000000000000e+03 -2.190419673919677734e+00
5.411000000000000000e+03 -2.188801288604736328e+00
5.412000000000000000e+03 -2.156357049942016602e+00
5.413000000000000000e+03 -2.192400932312011719e+00
5.414000000000000000e+03 -2.205859422683715820e+00
5.415000000000000000e+03 -2.182558774948120117e+00
5.416000000000000000e+03 -2.210063457489013672e+00
5.417000000000000000e+03 -2.212370395660400391e+00
5.418000000000000000e+03 -2.208622694015502930e+00
5.419000000000000000e+03 -2.246096849441528320e+00
5.420000000000000000e+03 -2.236039638519287109e+00
5.421000000000000000e+03 -2.216846704483032227e+00
5.422000000000000000e+03 -2.192068576812744141e+00
5.423000000000000000e+03 -2.181072950363159180e+00
5.424000000000000000e+03 -2.203556537628173828e+00
5.425000000000000000e+03 -2.254678726196289062e+00
5.426000000000000000e+03 -2.215641021728515625e+00
5.427000000000000000e+03 -2.210023880004882812e+00
5.428000000000000000e+03 -2.201690912246704102e+00
5.429000000000000000e+03 -2.215756177902221680e+00
5.430000000000000000e+03 -2.252472877502441406e+00
5.431000000000000000e+03 -2.214980602264404297e+00
5.432000000000000000e+03 -2.168629169464111328e+00
5.433000000000000000e+03 -2.195142269134521484e+00
5.434000000000000000e+03 -2.195309638977050781e+00
5.435000000000000000e+03 -2.207961082458496094e+00
5.436000000000000000e+03 -2.184171199798583984e+00
5.437000000000000000e+03 -2.179822206497192383e+00
5.438000000000000000e+03 -2.225926160812377930e+00
5.439000000000000000e+03 -2.195605993270874023e+00
5.440000000000000000e+03 -2.225072383880615234e+00
5.441000000000000000e+03 -2.221244812011718750e+00
5.442000000000000000e+03 -2.254798412322998047e+00
5.443000000000000000e+03 -2.237703800201416016e+00
5.444000000000000000e+03 -2.225188016891479492e+00
5.445000000000000000e+03 -2.229405879974365234e+00
5.446000000000000000e+03 -2.202827930450439453e+00
5.447000000000000000e+03 -2.210452556610107422e+00
5.448000000000000000e+03 -2.208445787429809570e+00
5.449000000000000000e+03 -2.226680040359497070e+00
5.450000000000000000e+03 -2.205319404602050781e+00
5.451000000000000000e+03 -2.205231428146362305e+00
5.452000000000000000e+03 -2.175557851791381836e+00
5.453000000000000000e+03 -2.195544004440307617e+00
5.454000000000000000e+03 -2.226212978363037109e+00
5.455000000000000000e+03 -2.207056045532226562e+00
5.456000000000000000e+03 -2.209529638290405273e+00
5.457000000000000000e+03 -2.199674367904663086e+00
5.458000000000000000e+03 -2.196794271469116211e+00
5.459000000000000000e+03 -2.214779138565063477e+00
5.460000000000000000e+03 -2.231652259826660156e+00
5.461000000000000000e+03 -2.208547115325927734e+00
5.462000000000000000e+03 -2.251583576202392578e+00
5.463000000000000000e+03 -2.229199647903442383e+00
5.464000000000000000e+03 -2.219246149063110352e+00
5.465000000000000000e+03 -2.194338321685791016e+00
5.466000000000000000e+03 -2.240610837936401367e+00
5.467000000000000000e+03 -2.228128194808959961e+00
5.468000000000000000e+03 -2.203778028488159180e+00
5.469000000000000000e+03 -2.254089117050170898e+00
5.470000000000000000e+03 -2.224592208862304688e+00
5.471000000000000000e+03 -2.207796573638916016e+00
5.472000000000000000e+03 -2.191834926605224609e+00
5.473000000000000000e+03 -2.186078310012817383e+00
5.474000000000000000e+03 -2.219934940338134766e+00
5.475000000000000000e+03 -2.223431825637817383e+00
5.476000000000000000e+03 -2.228636741638183594e+00
5.477000000000000000e+03 -2.211606979370117188e+00
5.478000000000000000e+03 -2.214328527450561523e+00
5.479000000000000000e+03 -2.195629119873046875e+00
5.480000000000000000e+03 -2.206330299377441406e+00
5.481000000000000000e+03 -2.182461500167846680e+00
5.482000000000000000e+03 -2.204810619354248047e+00
5.483000000000000000e+03 -2.198492050170898438e+00
5.484000000000000000e+03 -2.175420522689819336e+00
5.485000000000000000e+03 -2.161687612533569336e+00
5.486000000000000000e+03 -2.179252147674560547e+00
5.487000000000000000e+03 -2.162468433380126953e+00
5.488000000000000000e+03 -2.183119058609008789e+00
5.489000000000000000e+03 -2.206624269485473633e+00
5.490000000000000000e+03 -2.191152572631835938e+00
5.491000000000000000e+03 -2.220457553863525391e+00
5.492000000000000000e+03 -2.160066127777099609e+00
5.493000000000000000e+03 -2.157610177993774414e+00
5.494000000000000000e+03 -2.190315246582031250e+00
5.495000000000000000e+03 -2.185241222381591797e+00
5.496000000000000000e+03 -2.187476634979248047e+00
5.497000000000000000e+03 -2.215115785598754883e+00
5.498000000000000000e+03 -2.188042879104614258e+00
5.499000000000000000e+03 -2.261069297790527344e+00
5.500000000000000000e+03 -2.223742961883544922e+00
5.501000000000000000e+03 -2.226045608520507812e+00
5.502000000000000000e+03 -2.219946622848510742e+00
5.503000000000000000e+03 -2.221071958541870117e+00
5.504000000000000000e+03 -2.223341941833496094e+00
5.505000000000000000e+03 -2.211634635925292969e+00
5.506000000000000000e+03 -2.200140476226806641e+00
5.507000000000000000e+03 -2.197041034698486328e+00
5.508000000000000000e+03 -2.219849348068237305e+00
5.509000000000000000e+03 -2.200663566589355469e+00
5.510000000000000000e+03 -2.196480989456176758e+00
5.511000000000000000e+03 -2.245693683624267578e+00
5.512000000000000000e+03 -2.222340106964111328e+00
5.513000000000000000e+03 -2.243831634521484375e+00
5.514000000000000000e+03 -2.215908765792846680e+00
5.515000000000000000e+03 -2.237162590026855469e+00
5.516000000000000000e+03 -2.219876527786254883e+00
5.517000000000000000e+03 -2.197831392288208008e+00
5.518000000000000000e+03 -2.220006465911865234e+00
5.519000000000000000e+03 -2.212335586547851562e+00
5.520000000000000000e+03 -2.213093757629394531e+00
5.521000000000000000e+03 -2.201940536499023438e+00
5.522000000000000000e+03 -2.220474481582641602e+00
5.523000000000000000e+03 -2.232727527618408203e+00
5.524000000000000000e+03 -2.208575487136840820e+00
5.525000000000000000e+03 -2.211079835891723633e+00
5.526000000000000000e+03 -2.219152450561523438e+00
5.527000000000000000e+03 -2.204250574111938477e+00
5.528000000000000000e+03 -2.221621751785278320e+00
5.529000000000000000e+03 -2.205691337585449219e+00
5.530000000000000000e+03 -2.229256629943847656e+00
5.531000000000000000e+03 -2.240439653396606445e+00
5.532000000000000000e+03 -2.223586797714233398e+00
5.533000000000000000e+03 -2.206175565719604492e+00
5.534000000000000000e+03 -2.211483955383300781e+00
5.535000000000000000e+03 -2.204578399658203125e+00
5.536000000000000000e+03 -2.218114614486694336e+00
5.537000000000000000e+03 -2.241673231124877930e+00
5.538000000000000000e+03 -2.258838176727294922e+00
5.539000000000000000e+03 -2.251231670379638672e+00
5.540000000000000000e+03 -2.231356620788574219e+00
5.541000000000000000e+03 -2.239747285842895508e+00
5.542000000000000000e+03 -2.241218566894531250e+00
5.543000000000000000e+03 -2.265082836151123047e+00
5.544000000000000000e+03 -2.236536741256713867e+00
5.545000000000000000e+03 -2.218358039855957031e+00
5.546000000000000000e+03 -2.215992450714111328e+00
5.547000000000000000e+03 -2.197763442993164062e+00
5.548000000000000000e+03 -2.224392652511596680e+00
5.549000000000000000e+03 -2.185482501983642578e+00
5.550000000000000000e+03 -2.177857875823974609e+00
5.551000000000000000e+03 -2.222363233566284180e+00
5.552000000000000000e+03 -2.199620962142944336e+00
5.553000000000000000e+03 -2.216598272323608398e+00
5.554000000000000000e+03 -2.234940052032470703e+00
5.555000000000000000e+03 -2.212573289871215820e+00
5.556000000000000000e+03 -2.236378192901611328e+00
5.557000000000000000e+03 -2.251119613647460938e+00
5.558000000000000000e+03 -2.232847213745117188e+00
5.559000000000000000e+03 -2.217505693435668945e+00
5.560000000000000000e+03 -2.205365657806396484e+00
5.561000000000000000e+03 -2.213521003723144531e+00
5.562000000000000000e+03 -2.228921413421630859e+00
5.563000000000000000e+03 -2.256494045257568359e+00
5.564000000000000000e+03 -2.254032135009765625e+00
5.565000000000000000e+03 -2.250552415847778320e+00
5.566000000000000000e+03 -2.207083702087402344e+00
5.567000000000000000e+03 -2.212605237960815430e+00
5.568000000000000000e+03 -2.240248680114746094e+00
5.569000000000000000e+03 -2.210569381713867188e+00
5.570000000000000000e+03 -2.222426652908325195e+00
5.571000000000000000e+03 -2.213377237319946289e+00
5.572000000000000000e+03 -2.213745117187500000e+00
5.573000000000000000e+03 -2.218180179595947266e+00
5.574000000000000000e+03 -2.224233627319335938e+00
5.575000000000000000e+03 -2.203615665435791016e+00
5.576000000000000000e+03 -2.205470085144042969e+00
5.577000000000000000e+03 -2.220814466476440430e+00
5.578000000000000000e+03 -2.217190742492675781e+00
5.579000000000000000e+03 -2.212336540222167969e+00
5.580000000000000000e+03 -2.231476306915283203e+00
5.581000000000000000e+03 -2.234167575836181641e+00
5.582000000000000000e+03 -2.213246345520019531e+00
5.583000000000000000e+03 -2.229881525039672852e+00
5.584000000000000000e+03 -2.202334642410278320e+00
5.585000000000000000e+03 -2.213590145111083984e+00
5.586000000000000000e+03 -2.166032314300537109e+00
5.587000000000000000e+03 -2.185796737670898438e+00
5.588000000000000000e+03 -2.194876670837402344e+00
5.589000000000000000e+03 -2.186274528503417969e+00
5.590000000000000000e+03 -2.200907707214355469e+00
5.591000000000000000e+03 -2.231892585754394531e+00
5.592000000000000000e+03 -2.238167524337768555e+00
5.593000000000000000e+03 -2.213333129882812500e+00
5.594000000000000000e+03 -2.198873996734619141e+00
5.595000000000000000e+03 -2.212277889251708984e+00
5.596000000000000000e+03 -2.209772109985351562e+00
5.597000000000000000e+03 -2.180387496948242188e+00
5.598000000000000000e+03 -2.186089038848876953e+00
5.599000000000000000e+03 -2.168240785598754883e+00
5.600000000000000000e+03 -2.185114145278930664e+00
5.601000000000000000e+03 -2.194963932037353516e+00
5.602000000000000000e+03 -2.185338497161865234e+00
5.603000000000000000e+03 -2.193301439285278320e+00
5.604000000000000000e+03 -2.184374332427978516e+00
5.605000000000000000e+03 -2.206828355789184570e+00
5.606000000000000000e+03 -2.193204164505004883e+00
5.607000000000000000e+03 -2.215054273605346680e+00
5.608000000000000000e+03 -2.218667984008789062e+00
5.609000000000000000e+03 -2.238549709320068359e+00
5.610000000000000000e+03 -2.194693326950073242e+00
5.611000000000000000e+03 -2.219186305999755859e+00
5.612000000000000000e+03 -2.213266849517822266e+00
5.613000000000000000e+03 -2.211559295654296875e+00
5.614000000000000000e+03 -2.202879428863525391e+00
5.615000000000000000e+03 -2.184053421020507812e+00
5.616000000000000000e+03 -2.179017305374145508e+00
5.617000000000000000e+03 -2.170341491699218750e+00
5.618000000000000000e+03 -2.211839437484741211e+00
5.619000000000000000e+03 -2.203025102615356445e+00
5.620000000000000000e+03 -2.203927516937255859e+00
5.621000000000000000e+03 -2.219808101654052734e+00
5.622000000000000000e+03 -2.213028192520141602e+00
5.623000000000000000e+03 -2.196735143661499023e+00
5.624000000000000000e+03 -2.174692392349243164e+00
5.625000000000000000e+03 -2.164360523223876953e+00
5.626000000000000000e+03 -2.168790102005004883e+00
5.627000000000000000e+03 -2.218374490737915039e+00
5.628000000000000000e+03 -2.183208942413330078e+00
5.629000000000000000e+03 -2.184614181518554688e+00
5.630000000000000000e+03 -2.162652492523193359e+00
5.631000000000000000e+03 -2.178006172180175781e+00
5.632000000000000000e+03 -2.161160469055175781e+00
5.633000000000000000e+03 -2.179274320602416992e+00
5.634000000000000000e+03 -2.143421411514282227e+00
5.635000000000000000e+03 -2.156059265136718750e+00
5.636000000000000000e+03 -2.146916389465332031e+00
5.637000000000000000e+03 -2.130642414093017578e+00
5.638000000000000000e+03 -2.121634483337402344e+00
5.639000000000000000e+03 -2.170869588851928711e+00
5.640000000000000000e+03 -2.222199916839599609e+00
5.641000000000000000e+03 -2.173020839691162109e+00
5.642000000000000000e+03 -2.196099758148193359e+00
5.643000000000000000e+03 -2.190095901489257812e+00
5.644000000000000000e+03 -2.225167274475097656e+00
5.645000000000000000e+03 -2.171983480453491211e+00
5.646000000000000000e+03 -2.197708129882812500e+00
5.647000000000000000e+03 -2.161499500274658203e+00
5.648000000000000000e+03 -2.150383472442626953e+00
5.649000000000000000e+03 -2.169892311096191406e+00
5.650000000000000000e+03 -2.188894748687744141e+00
5.651000000000000000e+03 -2.202718734741210938e+00
5.652000000000000000e+03 -2.188016653060913086e+00
5.653000000000000000e+03 -2.152020692825317383e+00
5.654000000000000000e+03 -2.203086853027343750e+00
5.655000000000000000e+03 -2.207234382629394531e+00
5.656000000000000000e+03 -2.192436218261718750e+00
5.657000000000000000e+03 -2.186356782913208008e+00
5.658000000000000000e+03 -2.211057901382446289e+00
5.659000000000000000e+03 -2.189663410186767578e+00
5.660000000000000000e+03 -2.206309318542480469e+00
5.661000000000000000e+03 -2.200012207031250000e+00
5.662000000000000000e+03 -2.250137090682983398e+00
5.663000000000000000e+03 -2.231092691421508789e+00
5.664000000000000000e+03 -2.169927358627319336e+00
5.665000000000000000e+03 -2.233987569808959961e+00
5.666000000000000000e+03 -2.234018325805664062e+00
5.667000000000000000e+03 -2.204517841339111328e+00
5.668000000000000000e+03 -2.232285261154174805e+00
5.669000000000000000e+03 -2.225848913192749023e+00
5.670000000000000000e+03 -2.228173971176147461e+00
5.671000000000000000e+03 -2.235769510269165039e+00
5.672000000000000000e+03 -2.246200561523437500e+00
5.673000000000000000e+03 -2.209119796752929688e+00
5.674000000000000000e+03 -2.252438068389892578e+00
5.675000000000000000e+03 -2.231162071228027344e+00
5.676000000000000000e+03 -2.258076906204223633e+00
5.677000000000000000e+03 -2.232570171356201172e+00
5.678000000000000000e+03 -2.254282236099243164e+00
5.679000000000000000e+03 -2.217140913009643555e+00
5.680000000000000000e+03 -2.238694906234741211e+00
5.681000000000000000e+03 -2.211821317672729492e+00
5.682000000000000000e+03 -2.236994504928588867e+00
5.683000000000000000e+03 -2.234000205993652344e+00
5.684000000000000000e+03 -2.234476566314697266e+00
5.685000000000000000e+03 -2.209351778030395508e+00
5.686000000000000000e+03 -2.227354288101196289e+00
5.687000000000000000e+03 -2.229206562042236328e+00
5.688000000000000000e+03 -2.231870174407958984e+00
5.689000000000000000e+03 -2.220341682434082031e+00
5.690000000000000000e+03 -2.207531690597534180e+00
5.691000000000000000e+03 -2.236309051513671875e+00
5.692000000000000000e+03 -2.220550775527954102e+00
5.693000000000000000e+03 -2.252297878265380859e+00
5.694000000000000000e+03 -2.238265037536621094e+00
5.695000000000000000e+03 -2.265789985656738281e+00
5.696000000000000000e+03 -2.253707885742187500e+00
5.697000000000000000e+03 -2.198626279830932617e+00
5.698000000000000000e+03 -2.190659999847412109e+00
5.699000000000000000e+03 -2.219401836395263672e+00
5.700000000000000000e+03 -2.221265792846679688e+00
5.701000000000000000e+03 -2.225453376770019531e+00
5.702000000000000000e+03 -2.236900806427001953e+00
5.703000000000000000e+03 -2.209290027618408203e+00
5.704000000000000000e+03 -2.221445798873901367e+00
5.705000000000000000e+03 -2.219082355499267578e+00
5.706000000000000000e+03 -2.244270563125610352e+00
5.707000000000000000e+03 -2.253035068511962891e+00
5.708000000000000000e+03 -2.212265491485595703e+00
5.709000000000000000e+03 -2.242354393005371094e+00
5.710000000000000000e+03 -2.258477926254272461e+00
5.711000000000000000e+03 -2.260742664337158203e+00
5.712000000000000000e+03 -2.234815120697021484e+00
5.713000000000000000e+03 -2.226972818374633789e+00
5.714000000000000000e+03 -2.239275693893432617e+00
5.715000000000000000e+03 -2.231034755706787109e+00
5.716000000000000000e+03 -2.225925445556640625e+00
5.717000000000000000e+03 -2.218550920486450195e+00
5.718000000000000000e+03 -2.247694253921508789e+00
5.719000000000000000e+03 -2.252676725387573242e+00
5.720000000000000000e+03 -2.235983133316040039e+00
5.721000000000000000e+03 -2.185822010040283203e+00
5.722000000000000000e+03 -2.212766170501708984e+00
5.723000000000000000e+03 -2.182598829269409180e+00
5.724000000000000000e+03 -2.226769924163818359e+00
5.725000000000000000e+03 -2.201418399810791016e+00
5.726000000000000000e+03 -2.209975242614746094e+00
5.727000000000000000e+03 -2.216001987457275391e+00
5.728000000000000000e+03 -2.205896854400634766e+00
5.729000000000000000e+03 -2.216262340545654297e+00
5.730000000000000000e+03 -2.203261852264404297e+00
5.731000000000000000e+03 -2.212245941162109375e+00
5.732000000000000000e+03 -2.199022054672241211e+00
5.733000000000000000e+03 -2.195733547210693359e+00
5.734000000000000000e+03 -2.189502000808715820e+00
5.735000000000000000e+03 -2.184286117553710938e+00
5.736000000000000000e+03 -2.232457160949707031e+00
5.737000000000000000e+03 -2.247254133224487305e+00
5.738000000000000000e+03 -2.198420524597167969e+00
5.739000000000000000e+03 -2.187431812286376953e+00
5.740000000000000000e+03 -2.172141075134277344e+00
5.741000000000000000e+03 -2.185905933380126953e+00
5.742000000000000000e+03 -2.183781147003173828e+00
5.743000000000000000e+03 -2.164226770401000977e+00
5.744000000000000000e+03 -2.191412925720214844e+00
5.745000000000000000e+03 -2.169167041778564453e+00
5.746000000000000000e+03 -2.214769840240478516e+00
5.747000000000000000e+03 -2.197984457015991211e+00
5.748000000000000000e+03 -2.185191392898559570e+00
5.749000000000000000e+03 -2.183992385864257812e+00
5.750000000000000000e+03 -2.205607652664184570e+00
5.751000000000000000e+03 -2.167654037475585938e+00
5.752000000000000000e+03 -2.143691778182983398e+00
5.753000000000000000e+03 -2.122274875640869141e+00
5.754000000000000000e+03 -2.151123762130737305e+00
5.755000000000000000e+03 -2.134757041931152344e+00
5.756000000000000000e+03 -2.191441059112548828e+00
5.757000000000000000e+03 -2.183861255645751953e+00
5.758000000000000000e+03 -2.200982332229614258e+00
5.759000000000000000e+03 -2.210374116897583008e+00
5.760000000000000000e+03 -2.227545976638793945e+00
5.761000000000000000e+03 -2.174825668334960938e+00
5.762000000000000000e+03 -2.178861618041992188e+00
5.763000000000000000e+03 -2.190174579620361328e+00
5.764000000000000000e+03 -2.172360181808471680e+00
5.765000000000000000e+03 -2.211884021759033203e+00
5.766000000000000000e+03 -2.186063766479492188e+00
5.767000000000000000e+03 -2.160671710968017578e+00
5.768000000000000000e+03 -2.209098815917968750e+00
5.769000000000000000e+03 -2.225354671478271484e+00
5.770000000000000000e+03 -2.190735578536987305e+00
5.771000000000000000e+03 -2.160323143005371094e+00
5.772000000000000000e+03 -2.178418397903442383e+00
5.773000000000000000e+03 -2.193191528320312500e+00
5.774000000000000000e+03 -2.173789024353027344e+00
5.775000000000000000e+03 -2.180912733078002930e+00
5.776000000000000000e+03 -2.169526576995849609e+00
5.777000000000000000e+03 -2.140928506851196289e+00
5.778000000000000000e+03 -2.152156352996826172e+00
5.779000000000000000e+03 -2.156971454620361328e+00
5.780000000000000000e+03 -2.166668415069580078e+00
5.781000000000000000e+03 -2.174461364746093750e+00
5.782000000000000000e+03 -2.167441844940185547e+00
5.783000000000000000e+03 -2.131909608840942383e+00
5.784000000000000000e+03 -2.147768020629882812e+00
5.785000000000000000e+03 -2.137544631958007812e+00
5.786000000000000000e+03 -2.158401966094970703e+00
5.787000000000000000e+03 -2.155372858047485352e+00
5.788000000000000000e+03 -2.155098438262939453e+00
5.789000000000000000e+03 -2.163129806518554688e+00
5.790000000000000000e+03 -2.214425563812255859e+00
5.791000000000000000e+03 -2.147300243377685547e+00
5.792000000000000000e+03 -2.149876594543457031e+00
5.793000000000000000e+03 -2.152548313140869141e+00
5.794000000000000000e+03 -2.159502744674682617e+00
5.795000000000000000e+03 -2.216532707214355469e+00
5.796000000000000000e+03 -2.165413379669189453e+00
5.797000000000000000e+03 -2.157091140747070312e+00
5.798000000000000000e+03 -2.223490715026855469e+00
5.799000000000000000e+03 -2.233752250671386719e+00
5.800000000000000000e+03 -2.183560371398925781e+00
5.801000000000000000e+03 -2.188481092453002930e+00
5.802000000000000000e+03 -2.187991142272949219e+00
5.803000000000000000e+03 -2.214227199554443359e+00
5.804000000000000000e+03 -2.187216758728027344e+00
5.805000000000000000e+03 -2.170031070709228516e+00
5.806000000000000000e+03 -2.187584161758422852e+00
5.807000000000000000e+03 -2.198129177093505859e+00
5.808000000000000000e+03 -2.204551935195922852e+00
5.809000000000000000e+03 -2.234267950057983398e+00
5.810000000000000000e+03 -2.214059352874755859e+00
5.811000000000000000e+03 -2.198806762695312500e+00
5.812000000000000000e+03 -2.207660675048828125e+00
5.813000000000000000e+03 -2.198701143264770508e+00
5.814000000000000000e+03 -2.196969032287597656e+00
5.815000000000000000e+03 -2.205615758895874023e+00
5.816000000000000000e+03 -2.188558340072631836e+00
5.817000000000000000e+03 -2.179396390914916992e+00
5.818000000000000000e+03 -2.200205326080322266e+00
5.819000000000000000e+03 -2.211699962615966797e+00
5.820000000000000000e+03 -2.202802896499633789e+00
5.821000000000000000e+03 -2.213101863861083984e+00
5.822000000000000000e+03 -2.187733173370361328e+00
5.823000000000000000e+03 -2.219161748886108398e+00
5.824000000000000000e+03 -2.218899250030517578e+00
5.825000000000000000e+03 -2.204394578933715820e+00
5.826000000000000000e+03 -2.182550191879272461e+00
5.827000000000000000e+03 -2.177809000015258789e+00
5.828000000000000000e+03 -2.219553947448730469e+00
5.829000000000000000e+03 -2.206212997436523438e+00
5.830000000000000000e+03 -2.199314117431640625e+00
5.831000000000000000e+03 -2.189941883087158203e+00
5.832000000000000000e+03 -2.169034242630004883e+00
5.833000000000000000e+03 -2.178913116455078125e+00
5.834000000000000000e+03 -2.161571025848388672e+00
5.835000000000000000e+03 -2.165341854095458984e+00
5.836000000000000000e+03 -2.179633855819702148e+00
5.837000000000000000e+03 -2.180379629135131836e+00
5.838000000000000000e+03 -2.153814315795898438e+00
5.839000000000000000e+03 -2.149094581604003906e+00
5.840000000000000000e+03 -2.158610820770263672e+00
5.841000000000000000e+03 -2.145158290863037109e+00
5.842000000000000000e+03 -2.205361366271972656e+00
5.843000000000000000e+03 -2.187697887420654297e+00
5.844000000000000000e+03 -2.197126865386962891e+00
5.845000000000000000e+03 -2.182981252670288086e+00
5.846000000000000000e+03 -2.160913944244384766e+00
5.847000000000000000e+03 -2.178116083145141602e+00
5.848000000000000000e+03 -2.165493488311767578e+00
5.849000000000000000e+03 -2.188376903533935547e+00
5.850000000000000000e+03 -2.206928253173828125e+00
5.851000000000000000e+03 -2.169152021408081055e+00
5.852000000000000000e+03 -2.199910879135131836e+00
5.853000000000000000e+03 -2.165472507476806641e+00
5.854000000000000000e+03 -2.158208370208740234e+00
5.855000000000000000e+03 -2.169765949249267578e+00
5.856000000000000000e+03 -2.136745691299438477e+00
5.857000000000000000e+03 -2.184553623199462891e+00
5.858000000000000000e+03 -2.180183410644531250e+00
5.859000000000000000e+03 -2.196443557739257812e+00
5.860000000000000000e+03 -2.197416782379150391e+00
5.861000000000000000e+03 -2.175737142562866211e+00
5.862000000000000000e+03 -2.175814628601074219e+00
5.863000000000000000e+03 -2.200155973434448242e+00
5.864000000000000000e+03 -2.195736646652221680e+00
5.865000000000000000e+03 -2.183815479278564453e+00
5.866000000000000000e+03 -2.191209316253662109e+00
5.867000000000000000e+03 -2.158637762069702148e+00
5.868000000000000000e+03 -2.196432828903198242e+00
5.869000000000000000e+03 -2.194712162017822266e+00
5.870000000000000000e+03 -2.182247638702392578e+00
5.871000000000000000e+03 -2.190018415451049805e+00
5.872000000000000000e+03 -2.180021762847900391e+00
5.873000000000000000e+03 -2.184741258621215820e+00
5.874000000000000000e+03 -2.193099975585937500e+00
5.875000000000000000e+03 -2.197739601135253906e+00
5.876000000000000000e+03 -2.181734561920166016e+00
5.877000000000000000e+03 -2.213086605072021484e+00
5.878000000000000000e+03 -2.194027662277221680e+00
5.879000000000000000e+03 -2.161548614501953125e+00
5.880000000000000000e+03 -2.184073448181152344e+00
5.881000000000000000e+03 -2.230075359344482422e+00
5.882000000000000000e+03 -2.175401687622070312e+00
5.883000000000000000e+03 -2.170757293701171875e+00
5.884000000000000000e+03 -2.189889669418334961e+00
5.885000000000000000e+03 -2.187685489654541016e+00
5.886000000000000000e+03 -2.191237688064575195e+00
5.887000000000000000e+03 -2.153272628784179688e+00
5.888000000000000000e+03 -2.165952682495117188e+00
5.889000000000000000e+03 -2.178142786026000977e+00
5.890000000000000000e+03 -2.178848743438720703e+00
5.891000000000000000e+03 -2.211897373199462891e+00
5.892000000000000000e+03 -2.187375783920288086e+00
5.893000000000000000e+03 -2.160940408706665039e+00
5.894000000000000000e+03 -2.156015157699584961e+00
5.895000000000000000e+03 -2.177978754043579102e+00
5.896000000000000000e+03 -2.163578748703002930e+00
5.897000000000000000e+03 -2.163655042648315430e+00
5.898000000000000000e+03 -2.169706821441650391e+00
5.899000000000000000e+03 -2.175317525863647461e+00
5.900000000000000000e+03 -2.182680845260620117e+00
5.901000000000000000e+03 -2.159816026687622070e+00
5.902000000000000000e+03 -2.136723995208740234e+00
5.903000000000000000e+03 -2.131356239318847656e+00
5.904000000000000000e+03 -2.144789218902587891e+00
5.905000000000000000e+03 -2.157992124557495117e+00
5.906000000000000000e+03 -2.150871992111206055e+00
5.907000000000000000e+03 -2.158235549926757812e+00
5.908000000000000000e+03 -2.167016267776489258e+00
5.909000000000000000e+03 -2.186862945556640625e+00
5.910000000000000000e+03 -2.194442749023437500e+00
5.911000000000000000e+03 -2.153737306594848633e+00
5.912000000000000000e+03 -2.133209705352783203e+00
5.913000000000000000e+03 -2.158842563629150391e+00
5.914000000000000000e+03 -2.156625270843505859e+00
5.915000000000000000e+03 -2.129672288894653320e+00
5.916000000000000000e+03 -2.118455886840820312e+00
5.917000000000000000e+03 -2.139392852783203125e+00
5.918000000000000000e+03 -2.119451999664306641e+00
5.919000000000000000e+03 -2.084788799285888672e+00
5.920000000000000000e+03 -2.106139421463012695e+00
5.921000000000000000e+03 -2.108833312988281250e+00
5.922000000000000000e+03 -2.116185188293457031e+00
5.923000000000000000e+03 -2.108976840972900391e+00
5.924000000000000000e+03 -2.129057407379150391e+00
5.925000000000000000e+03 -2.148254871368408203e+00
5.926000000000000000e+03 -2.133740901947021484e+00
5.927000000000000000e+03 -2.118610143661499023e+00
5.928000000000000000e+03 -2.139596462249755859e+00
5.929000000000000000e+03 -2.165557622909545898e+00
5.930000000000000000e+03 -2.161723852157592773e+00
5.931000000000000000e+03 -2.106381654739379883e+00
5.932000000000000000e+03 -2.109013080596923828e+00
5.933000000000000000e+03 -2.132948398590087891e+00
5.934000000000000000e+03 -2.130614042282104492e+00
5.935000000000000000e+03 -2.157510280609130859e+00
5.936000000000000000e+03 -2.141003131866455078e+00
5.937000000000000000e+03 -2.163781881332397461e+00
5.938000000000000000e+03 -2.151187419891357422e+00
5.939000000000000000e+03 -2.176807165145874023e+00
5.940000000000000000e+03 -2.172903060913085938e+00
5.941000000000000000e+03 -2.152018070220947266e+00
5.942000000000000000e+03 -2.160964727401733398e+00
5.943000000000000000e+03 -2.148315429687500000e+00
5.944000000000000000e+03 -2.154853582382202148e+00
5.945000000000000000e+03 -2.171069622039794922e+00
5.946000000000000000e+03 -2.211553096771240234e+00
5.947000000000000000e+03 -2.158363819122314453e+00
5.948000000000000000e+03 -2.181773185729980469e+00
5.949000000000000000e+03 -2.140871047973632812e+00
5.950000000000000000e+03 -2.127239942550659180e+00
5.951000000000000000e+03 -2.139633178710937500e+00
5.952000000000000000e+03 -2.146822929382324219e+00
5.953000000000000000e+03 -2.154426336288452148e+00
5.954000000000000000e+03 -2.167952060699462891e+00
5.955000000000000000e+03 -2.162660121917724609e+00
5.956000000000000000e+03 -2.157821178436279297e+00
5.957000000000000000e+03 -2.188503980636596680e+00
5.958000000000000000e+03 -2.173621177673339844e+00
5.959000000000000000e+03 -2.188492059707641602e+00
5.960000000000000000e+03 -2.171498298645019531e+00
5.961000000000000000e+03 -2.158747196197509766e+00
5.962000000000000000e+03 -2.202072858810424805e+00
5.963000000000000000e+03 -2.197287797927856445e+00
5.964000000000000000e+03 -2.173946142196655273e+00
5.965000000000000000e+03 -2.161242246627807617e+00
5.966000000000000000e+03 -2.171390771865844727e+00
5.967000000000000000e+03 -2.204590559005737305e+00
5.968000000000000000e+03 -2.187492847442626953e+00
5.969000000000000000e+03 -2.163964271545410156e+00
5.970000000000000000e+03 -2.159289360046386719e+00
5.971000000000000000e+03 -2.169926643371582031e+00
5.972000000000000000e+03 -2.186731338500976562e+00
5.973000000000000000e+03 -2.177580356597900391e+00
5.974000000000000000e+03 -2.195982456207275391e+00
5.975000000000000000e+03 -2.220844984054565430e+00
5.976000000000000000e+03 -2.215107917785644531e+00
5.977000000000000000e+03 -2.221534490585327148e+00
5.978000000000000000e+03 -2.208537578582763672e+00
5.979000000000000000e+03 -2.202208995819091797e+00
5.980000000000000000e+03 -2.203699350357055664e+00
5.981000000000000000e+03 -2.256223917007446289e+00
5.982000000000000000e+03 -2.230331420898437500e+00
5.983000000000000000e+03 -2.226604938507080078e+00
5.984000000000000000e+03 -2.224693775177001953e+00
5.985000000000000000e+03 -2.204531908035278320e+00
5.986000000000000000e+03 -2.191850423812866211e+00
5.987000000000000000e+03 -2.185153961181640625e+00
5.988000000000000000e+03 -2.187712192535400391e+00
5.989000000000000000e+03 -2.184025526046752930e+00
5.990000000000000000e+03 -2.208682537078857422e+00
5.991000000000000000e+03 -2.206051349639892578e+00
5.992000000000000000e+03 -2.166013479232788086e+00
5.993000000000000000e+03 -2.178768157958984375e+00
5.994000000000000000e+03 -2.177810192108154297e+00
5.995000000000000000e+03 -2.180107593536376953e+00
5.996000000000000000e+03 -2.200319766998291016e+00
5.997000000000000000e+03 -2.215968370437622070e+00
5.998000000000000000e+03 -2.183830261230468750e+00
5.999000000000000000e+03 -2.213506460189819336e+00
6.000000000000000000e+03 -2.200024604797363281e+00
6.001000000000000000e+03 -2.185684204101562500e+00
6.002000000000000000e+03 -2.185404777526855469e+00
6.003000000000000000e+03 -2.216944932937622070e+00
6.004000000000000000e+03 -2.163687944412231445e+00
6.005000000000000000e+03 -2.191812515258789062e+00
6.006000000000000000e+03 -2.195607662200927734e+00
6.007000000000000000e+03 -2.197025775909423828e+00
6.008000000000000000e+03 -2.185389280319213867e+00
6.009000000000000000e+03 -2.195184707641601562e+00
6.010000000000000000e+03 -2.176680803298950195e+00
6.011000000000000000e+03 -2.212614297866821289e+00
6.012000000000000000e+03 -2.188205957412719727e+00
6.013000000000000000e+03 -2.208119869232177734e+00
6.014000000000000000e+03 -2.235656261444091797e+00
6.015000000000000000e+03 -2.269507408142089844e+00
6.016000000000000000e+03 -2.235016822814941406e+00
6.017000000000000000e+03 -2.252832651138305664e+00
6.018000000000000000e+03 -2.235109806060791016e+00
6.019000000000000000e+03 -2.186744213104248047e+00
6.020000000000000000e+03 -2.204784393310546875e+00
6.021000000000000000e+03 -2.208143711090087891e+00
6.022000000000000000e+03 -2.217647790908813477e+00
6.023000000000000000e+03 -2.218743085861206055e+00
6.024000000000000000e+03 -2.196811199188232422e+00
6.025000000000000000e+03 -2.228059530258178711e+00
6.026000000000000000e+03 -2.230595111846923828e+00
6.027000000000000000e+03 -2.245485067367553711e+00
6.028000000000000000e+03 -2.247910261154174805e+00
6.029000000000000000e+03 -2.258312225341796875e+00
6.030000000000000000e+03 -2.237178564071655273e+00
6.031000000000000000e+03 -2.232871770858764648e+00
6.032000000000000000e+03 -2.244241952896118164e+00
6.033000000000000000e+03 -2.224553585052490234e+00
6.034000000000000000e+03 -2.198338985443115234e+00
6.035000000000000000e+03 -2.188173294067382812e+00
6.036000000000000000e+03 -2.206002712249755859e+00
6.037000000000000000e+03 -2.223298788070678711e+00
6.038000000000000000e+03 -2.258115768432617188e+00
6.039000000000000000e+03 -2.263605594635009766e+00
6.040000000000000000e+03 -2.258428573608398438e+00
6.041000000000000000e+03 -2.262520313262939453e+00
6.042000000000000000e+03 -2.254874467849731445e+00
6.043000000000000000e+03 -2.262075662612915039e+00
6.044000000000000000e+03 -2.290514469146728516e+00
6.045000000000000000e+03 -2.255752801895141602e+00
6.046000000000000000e+03 -2.267927646636962891e+00
6.047000000000000000e+03 -2.246188163757324219e+00
6.048000000000000000e+03 -2.263477563858032227e+00
6.049000000000000000e+03 -2.270838022232055664e+00
6.050000000000000000e+03 -2.242124557495117188e+00
6.051000000000000000e+03 -2.230929136276245117e+00
6.052000000000000000e+03 -2.254354476928710938e+00
6.053000000000000000e+03 -2.239750623703002930e+00
6.054000000000000000e+03 -2.220430374145507812e+00
6.055000000000000000e+03 -2.207500457763671875e+00
6.056000000000000000e+03 -2.239879369735717773e+00
6.057000000000000000e+03 -2.223344326019287109e+00
6.058000000000000000e+03 -2.213135480880737305e+00
6.059000000000000000e+03 -2.228395700454711914e+00
6.060000000000000000e+03 -2.240538835525512695e+00
6.061000000000000000e+03 -2.218379974365234375e+00
6.062000000000000000e+03 -2.249539852142333984e+00
6.063000000000000000e+03 -2.218385934829711914e+00
6.064000000000000000e+03 -2.241837024688720703e+00
6.065000000000000000e+03 -2.230569362640380859e+00
6.066000000000000000e+03 -2.239231109619140625e+00
6.067000000000000000e+03 -2.217933654785156250e+00
6.068000000000000000e+03 -2.220409393310546875e+00
6.069000000000000000e+03 -2.231719493865966797e+00
6.070000000000000000e+03 -2.265176534652709961e+00
6.071000000000000000e+03 -2.245682716369628906e+00
6.072000000000000000e+03 -2.190657138824462891e+00
6.073000000000000000e+03 -2.209460258483886719e+00
6.074000000000000000e+03 -2.184953689575195312e+00
6.075000000000000000e+03 -2.184764862060546875e+00
6.076000000000000000e+03 -2.234062433242797852e+00
6.077000000000000000e+03 -2.245089292526245117e+00
6.078000000000000000e+03 -2.212409496307373047e+00
6.079000000000000000e+03 -2.191960334777832031e+00
6.080000000000000000e+03 -2.160159349441528320e+00
6.081000000000000000e+03 -2.199813365936279297e+00
6.082000000000000000e+03 -2.186136245727539062e+00
6.083000000000000000e+03 -2.187690496444702148e+00
6.084000000000000000e+03 -2.209007263183593750e+00
6.085000000000000000e+03 -2.213091850280761719e+00
6.086000000000000000e+03 -2.204234600067138672e+00
6.087000000000000000e+03 -2.238850593566894531e+00
6.088000000000000000e+03 -2.187347650527954102e+00
6.089000000000000000e+03 -2.201037406921386719e+00
6.090000000000000000e+03 -2.200394392013549805e+00
6.091000000000000000e+03 -2.238818168640136719e+00
6.092000000000000000e+03 -2.199340343475341797e+00
6.093000000000000000e+03 -2.210289716720581055e+00
6.094000000000000000e+03 -2.222978115081787109e+00
6.095000000000000000e+03 -2.252157211303710938e+00
6.096000000000000000e+03 -2.218327760696411133e+00
6.097000000000000000e+03 -2.219955205917358398e+00
6.098000000000000000e+03 -2.184532642364501953e+00
6.099000000000000000e+03 -2.242533206939697266e+00
6.100000000000000000e+03 -2.239130020141601562e+00
6.101000000000000000e+03 -2.213901996612548828e+00
6.102000000000000000e+03 -2.217093467712402344e+00
6.103000000000000000e+03 -2.216738700866699219e+00
6.104000000000000000e+03 -2.237336635589599609e+00
6.105000000000000000e+03 -2.203564882278442383e+00
6.106000000000000000e+03 -2.273171663284301758e+00
6.107000000000000000e+03 -2.262572288513183594e+00
6.108000000000000000e+03 -2.273952245712280273e+00
6.109000000000000000e+03 -2.266462087631225586e+00
6.110000000000000000e+03 -2.271266698837280273e+00
6.111000000000000000e+03 -2.239130496978759766e+00
6.112000000000000000e+03 -2.245642662048339844e+00
6.113000000000000000e+03 -2.265047073364257812e+00
6.114000000000000000e+03 -2.240174770355224609e+00
6.115000000000000000e+03 -2.258102416992187500e+00
6.116000000000000000e+03 -2.231573104858398438e+00
6.117000000000000000e+03 -2.235295772552490234e+00
6.118000000000000000e+03 -2.177757740020751953e+00
6.119000000000000000e+03 -2.220117807388305664e+00
6.120000000000000000e+03 -2.218701124191284180e+00
6.121000000000000000e+03 -2.229185342788696289e+00
6.122000000000000000e+03 -2.214331388473510742e+00
6.123000000000000000e+03 -2.211805343627929688e+00
6.124000000000000000e+03 -2.235942602157592773e+00
6.125000000000000000e+03 -2.245281457901000977e+00
6.126000000000000000e+03 -2.208453655242919922e+00
6.127000000000000000e+03 -2.225604057312011719e+00
6.128000000000000000e+03 -2.174069881439208984e+00
6.129000000000000000e+03 -2.197602748870849609e+00
6.130000000000000000e+03 -2.181482315063476562e+00
6.131000000000000000e+03 -2.194549083709716797e+00
6.132000000000000000e+03 -2.177619218826293945e+00
6.133000000000000000e+03 -2.222037553787231445e+00
6.134000000000000000e+03 -2.214930295944213867e+00
6.135000000000000000e+03 -2.197740077972412109e+00
6.136000000000000000e+03 -2.234209775924682617e+00
6.137000000000000000e+03 -2.215043306350708008e+00
6.138000000000000000e+03 -2.185821533203125000e+00
6.139000000000000000e+03 -2.174581289291381836e+00
6.140000000000000000e+03 -2.174066543579101562e+00
6.141000000000000000e+03 -2.180598735809326172e+00
6.142000000000000000e+03 -2.210704088211059570e+00
6.143000000000000000e+03 -2.222224473953247070e+00
6.144000000000000000e+03 -2.214671134948730469e+00
6.145000000000000000e+03 -2.214751005172729492e+00
6.146000000000000000e+03 -2.218020439147949219e+00
6.147000000000000000e+03 -2.230961322784423828e+00
6.148000000000000000e+03 -2.200116634368896484e+00
6.149000000000000000e+03 -2.235480785369873047e+00
6.150000000000000000e+03 -2.227988243103027344e+00
6.151000000000000000e+03 -2.225809335708618164e+00
6.152000000000000000e+03 -2.247109174728393555e+00
6.153000000000000000e+03 -2.238004684448242188e+00
6.154000000000000000e+03 -2.220268487930297852e+00
6.155000000000000000e+03 -2.240308284759521484e+00
6.156000000000000000e+03 -2.197998046875000000e+00
6.157000000000000000e+03 -2.260380506515502930e+00
6.158000000000000000e+03 -2.241598129272460938e+00
6.159000000000000000e+03 -2.262662410736083984e+00
6.160000000000000000e+03 -2.240461587905883789e+00
6.161000000000000000e+03 -2.243747711181640625e+00
6.162000000000000000e+03 -2.253609657287597656e+00
6.163000000000000000e+03 -2.233110427856445312e+00
6.164000000000000000e+03 -2.214255809783935547e+00
6.165000000000000000e+03 -2.250888586044311523e+00
6.166000000000000000e+03 -2.254482746124267578e+00
6.167000000000000000e+03 -2.237952232360839844e+00
6.168000000000000000e+03 -2.245498180389404297e+00
6.169000000000000000e+03 -2.260237216949462891e+00
6.170000000000000000e+03 -2.233092784881591797e+00
6.171000000000000000e+03 -2.208477258682250977e+00
6.172000000000000000e+03 -2.207564830780029297e+00
6.173000000000000000e+03 -2.207258224487304688e+00
6.174000000000000000e+03 -2.227510929107666016e+00
6.175000000000000000e+03 -2.267835378646850586e+00
6.176000000000000000e+03 -2.253612041473388672e+00
6.177000000000000000e+03 -2.206041812896728516e+00
6.178000000000000000e+03 -2.210394144058227539e+00
6.179000000000000000e+03 -2.218242168426513672e+00
6.180000000000000000e+03 -2.214044570922851562e+00
6.181000000000000000e+03 -2.233206272125244141e+00
6.182000000000000000e+03 -2.234150171279907227e+00
6.183000000000000000e+03 -2.241027116775512695e+00
6.184000000000000000e+03 -2.219063282012939453e+00
6.185000000000000000e+03 -2.223004102706909180e+00
6.186000000000000000e+03 -2.231083154678344727e+00
6.187000000000000000e+03 -2.261591672897338867e+00
6.188000000000000000e+03 -2.213174819946289062e+00
6.189000000000000000e+03 -2.225016593933105469e+00
6.190000000000000000e+03 -2.258505821228027344e+00
6.191000000000000000e+03 -2.214195728302001953e+00
6.192000000000000000e+03 -2.271009206771850586e+00
6.193000000000000000e+03 -2.229431629180908203e+00
6.194000000000000000e+03 -2.185029983520507812e+00
6.195000000000000000e+03 -2.199793577194213867e+00
6.196000000000000000e+03 -2.201903104782104492e+00
6.197000000000000000e+03 -2.228533983230590820e+00
6.198000000000000000e+03 -2.232847690582275391e+00
6.199000000000000000e+03 -2.193352460861206055e+00
6.200000000000000000e+03 -2.221196889877319336e+00
6.201000000000000000e+03 -2.240096807479858398e+00
6.202000000000000000e+03 -2.184725284576416016e+00
6.203000000000000000e+03 -2.180661201477050781e+00
6.204000000000000000e+03 -2.219039678573608398e+00
6.205000000000000000e+03 -2.233881711959838867e+00
6.206000000000000000e+03 -2.235114574432373047e+00
6.207000000000000000e+03 -2.231179475784301758e+00
6.208000000000000000e+03 -2.217574119567871094e+00
6.209000000000000000e+03 -2.238791465759277344e+00
6.210000000000000000e+03 -2.229392528533935547e+00
6.211000000000000000e+03 -2.203506231307983398e+00
6.212000000000000000e+03 -2.231952428817749023e+00
6.213000000000000000e+03 -2.217564344406127930e+00
6.214000000000000000e+03 -2.211125850677490234e+00
6.215000000000000000e+03 -2.232239007949829102e+00
6.216000000000000000e+03 -2.201587915420532227e+00
6.217000000000000000e+03 -2.231226921081542969e+00
6.218000000000000000e+03 -2.209904193878173828e+00
6.219000000000000000e+03 -2.214007616043090820e+00
6.220000000000000000e+03 -2.203490257263183594e+00
6.221000000000000000e+03 -2.241582393646240234e+00
6.222000000000000000e+03 -2.257324695587158203e+00
6.223000000000000000e+03 -2.239469289779663086e+00
6.224000000000000000e+03 -2.209394454956054688e+00
6.225000000000000000e+03 -2.238893032073974609e+00
6.226000000000000000e+03 -2.200048685073852539e+00
6.227000000000000000e+03 -2.215718746185302734e+00
6.228000000000000000e+03 -2.214542627334594727e+00
6.229000000000000000e+03 -2.202213525772094727e+00
6.230000000000000000e+03 -2.207705020904541016e+00
6.231000000000000000e+03 -2.236850500106811523e+00
6.232000000000000000e+03 -2.220953941345214844e+00
6.233000000000000000e+03 -2.230724096298217773e+00
6.234000000000000000e+03 -2.205271005630493164e+00
6.235000000000000000e+03 -2.205315351486206055e+00
6.236000000000000000e+03 -2.205588579177856445e+00
6.237000000000000000e+03 -2.210610866546630859e+00
6.238000000000000000e+03 -2.214181184768676758e+00
6.239000000000000000e+03 -2.198440313339233398e+00
6.240000000000000000e+03 -2.174073457717895508e+00
6.241000000000000000e+03 -2.194326162338256836e+00
6.242000000000000000e+03 -2.202208995819091797e+00
6.243000000000000000e+03 -2.201572895050048828e+00
6.244000000000000000e+03 -2.200147867202758789e+00
6.245000000000000000e+03 -2.220847845077514648e+00
6.246000000000000000e+03 -2.256701946258544922e+00
6.247000000000000000e+03 -2.241910457611083984e+00
6.248000000000000000e+03 -2.192600727081298828e+00
6.249000000000000000e+03 -2.184014558792114258e+00
6.250000000000000000e+03 -2.199263572692871094e+00
6.251000000000000000e+03 -2.202409267425537109e+00
6.252000000000000000e+03 -2.191381454467773438e+00
6.253000000000000000e+03 -2.185035467147827148e+00
6.254000000000000000e+03 -2.187592983245849609e+00
6.255000000000000000e+03 -2.180053949356079102e+00
6.256000000000000000e+03 -2.187430381774902344e+00
6.257000000000000000e+03 -2.140304327011108398e+00
6.258000000000000000e+03 -2.155977964401245117e+00
6.259000000000000000e+03 -2.146000623703002930e+00
6.260000000000000000e+03 -2.206338405609130859e+00
6.261000000000000000e+03 -2.200917243957519531e+00
6.262000000000000000e+03 -2.141570091247558594e+00
6.263000000000000000e+03 -2.172800779342651367e+00
6.264000000000000000e+03 -2.199235439300537109e+00
6.265000000000000000e+03 -2.188516139984130859e+00
6.266000000000000000e+03 -2.189632892608642578e+00
6.267000000000000000e+03 -2.201508045196533203e+00
6.268000000000000000e+03 -2.177792072296142578e+00
6.269000000000000000e+03 -2.189847946166992188e+00
6.270000000000000000e+03 -2.214412212371826172e+00
6.271000000000000000e+03 -2.157526493072509766e+00
6.272000000000000000e+03 -2.204210519790649414e+00
6.273000000000000000e+03 -2.172307968139648438e+00
6.274000000000000000e+03 -2.207638740539550781e+00
6.275000000000000000e+03 -2.178831100463867188e+00
6.276000000000000000e+03 -2.183951377868652344e+00
6.277000000000000000e+03 -2.156708955764770508e+00
6.278000000000000000e+03 -2.175344944000244141e+00
6.279000000000000000e+03 -2.145089626312255859e+00
6.280000000000000000e+03 -2.192557811737060547e+00
6.281000000000000000e+03 -2.217073917388916016e+00
6.282000000000000000e+03 -2.181105613708496094e+00
6.283000000000000000e+03 -2.196660995483398438e+00
6.284000000000000000e+03 -2.182292938232421875e+00
6.285000000000000000e+03 -2.148896455764770508e+00
6.286000000000000000e+03 -2.140635013580322266e+00
6.287000000000000000e+03 -2.174942493438720703e+00
6.288000000000000000e+03 -2.157570838928222656e+00
6.289000000000000000e+03 -2.198447942733764648e+00
6.290000000000000000e+03 -2.167816162109375000e+00
6.291000000000000000e+03 -2.168542146682739258e+00
6.292000000000000000e+03 -2.175113201141357422e+00
6.293000000000000000e+03 -2.189007043838500977e+00
6.294000000000000000e+03 -2.201185464859008789e+00
6.295000000000000000e+03 -2.181761980056762695e+00
6.296000000000000000e+03 -2.207097530364990234e+00
6.297000000000000000e+03 -2.188695907592773438e+00
6.298000000000000000e+03 -2.206886291503906250e+00
6.299000000000000000e+03 -2.186437129974365234e+00
6.300000000000000000e+03 -2.175003290176391602e+00
6.301000000000000000e+03 -2.224160671234130859e+00
6.302000000000000000e+03 -2.215986013412475586e+00
6.303000000000000000e+03 -2.183364629745483398e+00
6.304000000000000000e+03 -2.176064014434814453e+00
6.305000000000000000e+03 -2.186647415161132812e+00
6.306000000000000000e+03 -2.182723522186279297e+00
6.307000000000000000e+03 -2.209298610687255859e+00
6.308000000000000000e+03 -2.198932886123657227e+00
6.309000000000000000e+03 -2.223118782043457031e+00
6.310000000000000000e+03 -2.230069875717163086e+00
6.311000000000000000e+03 -2.161084890365600586e+00
6.312000000000000000e+03 -2.194895029067993164e+00
6.313000000000000000e+03 -2.205377101898193359e+00
6.314000000000000000e+03 -2.175706386566162109e+00
6.315000000000000000e+03 -2.183500766754150391e+00
6.316000000000000000e+03 -2.171852827072143555e+00
6.317000000000000000e+03 -2.148060560226440430e+00
6.318000000000000000e+03 -2.203976631164550781e+00
6.319000000000000000e+03 -2.196084022521972656e+00
6.320000000000000000e+03 -2.241104125976562500e+00
6.321000000000000000e+03 -2.209347486495971680e+00
6.322000000000000000e+03 -2.221374988555908203e+00
6.323000000000000000e+03 -2.209526300430297852e+00
6.324000000000000000e+03 -2.188934087753295898e+00
6.325000000000000000e+03 -2.205379247665405273e+00
6.326000000000000000e+03 -2.227589607238769531e+00
6.327000000000000000e+03 -2.226059198379516602e+00
6.328000000000000000e+03 -2.266215085983276367e+00
6.329000000000000000e+03 -2.240949153900146484e+00
6.330000000000000000e+03 -2.214485406875610352e+00
6.331000000000000000e+03 -2.235137701034545898e+00
6.332000000000000000e+03 -2.246540069580078125e+00
6.333000000000000000e+03 -2.244485855102539062e+00
6.334000000000000000e+03 -2.237300157546997070e+00
6.335000000000000000e+03 -2.265125036239624023e+00
6.336000000000000000e+03 -2.242753267288208008e+00
6.337000000000000000e+03 -2.257671833038330078e+00
6.338000000000000000e+03 -2.243225574493408203e+00
6.339000000000000000e+03 -2.194884777069091797e+00
6.340000000000000000e+03 -2.249810218811035156e+00
6.341000000000000000e+03 -2.260808944702148438e+00
6.342000000000000000e+03 -2.239734649658203125e+00
6.343000000000000000e+03 -2.213952302932739258e+00
6.344000000000000000e+03 -2.227966070175170898e+00
6.345000000000000000e+03 -2.240977764129638672e+00
6.346000000000000000e+03 -2.230884313583374023e+00
6.347000000000000000e+03 -2.238835096359252930e+00
6.348000000000000000e+03 -2.192087173461914062e+00
6.349000000000000000e+03 -2.204136133193969727e+00
6.350000000000000000e+03 -2.210021018981933594e+00
6.351000000000000000e+03 -2.208196401596069336e+00
6.352000000000000000e+03 -2.241472721099853516e+00
6.353000000000000000e+03 -2.243347406387329102e+00
6.354000000000000000e+03 -2.254084587097167969e+00
6.355000000000000000e+03 -2.215925931930541992e+00
6.356000000000000000e+03 -2.228164672851562500e+00
6.357000000000000000e+03 -2.239404439926147461e+00
6.358000000000000000e+03 -2.228465080261230469e+00
6.359000000000000000e+03 -2.221505641937255859e+00
6.360000000000000000e+03 -2.214673042297363281e+00
6.361000000000000000e+03 -2.224875688552856445e+00
6.362000000000000000e+03 -2.208033561706542969e+00
6.363000000000000000e+03 -2.225624084472656250e+00
6.364000000000000000e+03 -2.234908580780029297e+00
6.365000000000000000e+03 -2.211053371429443359e+00
6.366000000000000000e+03 -2.165162563323974609e+00
6.367000000000000000e+03 -2.195546865463256836e+00
6.368000000000000000e+03 -2.193046092987060547e+00
6.369000000000000000e+03 -2.236537456512451172e+00
6.370000000000000000e+03 -2.215818643569946289e+00
6.371000000000000000e+03 -2.199295043945312500e+00
6.372000000000000000e+03 -2.196704864501953125e+00
6.373000000000000000e+03 -2.261719465255737305e+00
6.374000000000000000e+03 -2.229309797286987305e+00
6.375000000000000000e+03 -2.221174240112304688e+00
6.376000000000000000e+03 -2.234522819519042969e+00
6.377000000000000000e+03 -2.201459407806396484e+00
6.378000000000000000e+03 -2.252582073211669922e+00
6.379000000000000000e+03 -2.212889194488525391e+00
6.380000000000000000e+03 -2.221296310424804688e+00
6.381000000000000000e+03 -2.232814788818359375e+00
6.382000000000000000e+03 -2.276543617248535156e+00
6.383000000000000000e+03 -2.209173202514648438e+00
6.384000000000000000e+03 -2.227685213088989258e+00
6.385000000000000000e+03 -2.227752447128295898e+00
6.386000000000000000e+03 -2.245094537734985352e+00
6.387000000000000000e+03 -2.270845651626586914e+00
6.388000000000000000e+03 -2.246220588684082031e+00
6.389000000000000000e+03 -2.244014501571655273e+00
6.390000000000000000e+03 -2.218402147293090820e+00
6.391000000000000000e+03 -2.204550266265869141e+00
6.392000000000000000e+03 -2.190264940261840820e+00
6.393000000000000000e+03 -2.204936265945434570e+00
6.394000000000000000e+03 -2.204629421234130859e+00
6.395000000000000000e+03 -2.171962261199951172e+00
6.396000000000000000e+03 -2.215803623199462891e+00
6.397000000000000000e+03 -2.217545032501220703e+00
6.398000000000000000e+03 -2.199826717376708984e+00
6.399000000000000000e+03 -2.208809614181518555e+00
6.400000000000000000e+03 -2.216499328613281250e+00
6.401000000000000000e+03 -2.242780685424804688e+00
6.402000000000000000e+03 -2.226137876510620117e+00
6.403000000000000000e+03 -2.217999219894409180e+00
6.404000000000000000e+03 -2.199933528900146484e+00
6.405000000000000000e+03 -2.242104530334472656e+00
6.406000000000000000e+03 -2.234687089920043945e+00
6.407000000000000000e+03 -2.202265977859497070e+00
6.408000000000000000e+03 -2.197419881820678711e+00
6.409000000000000000e+03 -2.162329673767089844e+00
6.410000000000000000e+03 -2.163944005966186523e+00
6.411000000000000000e+03 -2.189685821533203125e+00
6.412000000000000000e+03 -2.177087306976318359e+00
6.413000000000000000e+03 -2.222503185272216797e+00
6.414000000000000000e+03 -2.218628168106079102e+00
6.415000000000000000e+03 -2.193195104598999023e+00
6.416000000000000000e+03 -2.244316101074218750e+00
6.417000000000000000e+03 -2.222005605697631836e+00
6.418000000000000000e+03 -2.201376199722290039e+00
6.419000000000000000e+03 -2.225614547729492188e+00
6.420000000000000000e+03 -2.204513072967529297e+00
6.421000000000000000e+03 -2.177715539932250977e+00
6.422000000000000000e+03 -2.170545101165771484e+00
6.423000000000000000e+03 -2.209130287170410156e+00
6.424000000000000000e+03 -2.184935569763183594e+00
6.425000000000000000e+03 -2.162017345428466797e+00
6.426000000000000000e+03 -2.145543336868286133e+00
6.427000000000000000e+03 -2.191937923431396484e+00
6.428000000000000000e+03 -2.198652982711791992e+00
6.429000000000000000e+03 -2.184211730957031250e+00
6.430000000000000000e+03 -2.204060792922973633e+00
6.431000000000000000e+03 -2.138257026672363281e+00
6.432000000000000000e+03 -2.190943956375122070e+00
6.433000000000000000e+03 -2.194018125534057617e+00
6.434000000000000000e+03 -2.190581321716308594e+00
6.435000000000000000e+03 -2.177141666412353516e+00
6.436000000000000000e+03 -2.182440280914306641e+00
6.437000000000000000e+03 -2.127360820770263672e+00
6.438000000000000000e+03 -2.152148246765136719e+00
6.439000000000000000e+03 -2.192785739898681641e+00
6.440000000000000000e+03 -2.174691200256347656e+00
6.441000000000000000e+03 -2.185688734054565430e+00
6.442000000000000000e+03 -2.156888008117675781e+00
6.443000000000000000e+03 -2.171522617340087891e+00
6.444000000000000000e+03 -2.170332670211791992e+00
6.445000000000000000e+03 -2.189241409301757812e+00
6.446000000000000000e+03 -2.242537975311279297e+00
6.447000000000000000e+03 -2.227089881896972656e+00
6.448000000000000000e+03 -2.213911056518554688e+00
6.449000000000000000e+03 -2.218953609466552734e+00
6.450000000000000000e+03 -2.261434078216552734e+00
6.451000000000000000e+03 -2.221391201019287109e+00
6.452000000000000000e+03 -2.210215806961059570e+00
6.453000000000000000e+03 -2.215425014495849609e+00
6.454000000000000000e+03 -2.222964048385620117e+00
6.455000000000000000e+03 -2.252843618392944336e+00
6.456000000000000000e+03 -2.227049112319946289e+00
6.457000000000000000e+03 -2.227821588516235352e+00
6.458000000000000000e+03 -2.203220605850219727e+00
6.459000000000000000e+03 -2.198084115982055664e+00
6.460000000000000000e+03 -2.227130413055419922e+00
6.461000000000000000e+03 -2.254777669906616211e+00
6.462000000000000000e+03 -2.252633810043334961e+00
6.463000000000000000e+03 -2.172264099121093750e+00
6.464000000000000000e+03 -2.186918497085571289e+00
6.465000000000000000e+03 -2.205820560455322266e+00
6.466000000000000000e+03 -2.235816001892089844e+00
6.467000000000000000e+03 -2.271794795989990234e+00
6.468000000000000000e+03 -2.273800849914550781e+00
6.469000000000000000e+03 -2.240280628204345703e+00
6.470000000000000000e+03 -2.234352588653564453e+00
6.471000000000000000e+03 -2.240166902542114258e+00
6.472000000000000000e+03 -2.221264362335205078e+00
6.473000000000000000e+03 -2.247946262359619141e+00
6.474000000000000000e+03 -2.192685842514038086e+00
6.475000000000000000e+03 -2.195142745971679688e+00
6.476000000000000000e+03 -2.252990245819091797e+00
6.477000000000000000e+03 -2.227428913116455078e+00
6.478000000000000000e+03 -2.249536514282226562e+00
6.479000000000000000e+03 -2.236823320388793945e+00
6.480000000000000000e+03 -2.238600254058837891e+00
6.481000000000000000e+03 -2.217210531234741211e+00
6.482000000000000000e+03 -2.239922523498535156e+00
6.483000000000000000e+03 -2.225075483322143555e+00
6.484000000000000000e+03 -2.226131677627563477e+00
6.485000000000000000e+03 -2.219176769256591797e+00
6.486000000000000000e+03 -2.218138217926025391e+00
6.487000000000000000e+03 -2.190067529678344727e+00
6.488000000000000000e+03 -2.211995124816894531e+00
6.489000000000000000e+03 -2.222982883453369141e+00
6.490000000000000000e+03 -2.227581501007080078e+00
6.491000000000000000e+03 -2.232470512390136719e+00
6.492000000000000000e+03 -2.205284118652343750e+00
6.493000000000000000e+03 -2.217214584350585938e+00
6.494000000000000000e+03 -2.215182065963745117e+00
6.495000000000000000e+03 -2.236808538436889648e+00
6.496000000000000000e+03 -2.253166675567626953e+00
6.497000000000000000e+03 -2.229575872421264648e+00
6.498000000000000000e+03 -2.252302169799804688e+00
6.499000000000000000e+03 -2.269582986831665039e+00
6.500000000000000000e+03 -2.292450666427612305e+00
6.501000000000000000e+03 -2.255254983901977539e+00
6.502000000000000000e+03 -2.242489337921142578e+00
6.503000000000000000e+03 -2.250302553176879883e+00
6.504000000000000000e+03 -2.235864162445068359e+00
6.505000000000000000e+03 -2.253641605377197266e+00
6.506000000000000000e+03 -2.225900650024414062e+00
6.507000000000000000e+03 -2.240232944488525391e+00
6.508000000000000000e+03 -2.280477046966552734e+00
6.509000000000000000e+03 -2.261749505996704102e+00
6.510000000000000000e+03 -2.268474340438842773e+00
6.511000000000000000e+03 -2.271896123886108398e+00
6.512000000000000000e+03 -2.289497137069702148e+00
6.513000000000000000e+03 -2.219634771347045898e+00
6.514000000000000000e+03 -2.259110212326049805e+00
6.515000000000000000e+03 -2.256179094314575195e+00
6.516000000000000000e+03 -2.237985849380493164e+00
6.517000000000000000e+03 -2.228123188018798828e+00
6.518000000000000000e+03 -2.251085758209228516e+00
6.519000000000000000e+03 -2.250558853149414062e+00
6.520000000000000000e+03 -2.239897251129150391e+00
6.521000000000000000e+03 -2.272762775421142578e+00
6.522000000000000000e+03 -2.264779090881347656e+00
6.523000000000000000e+03 -2.270475387573242188e+00
6.524000000000000000e+03 -2.307420969009399414e+00
6.525000000000000000e+03 -2.258086919784545898e+00
6.526000000000000000e+03 -2.236043214797973633e+00
6.527000000000000000e+03 -2.250574588775634766e+00
6.528000000000000000e+03 -2.271467447280883789e+00
6.529000000000000000e+03 -2.285848617553710938e+00
6.530000000000000000e+03 -2.256986618041992188e+00
6.531000000000000000e+03 -2.236917734146118164e+00
6.532000000000000000e+03 -2.219170808792114258e+00
6.533000000000000000e+03 -2.239461183547973633e+00
6.534000000000000000e+03 -2.239110469818115234e+00
6.535000000000000000e+03 -2.224377155303955078e+00
6.536000000000000000e+03 -2.235066890716552734e+00
6.537000000000000000e+03 -2.251317262649536133e+00
6.538000000000000000e+03 -2.220475673675537109e+00
6.539000000000000000e+03 -2.199040651321411133e+00
6.540000000000000000e+03 -2.167851209640502930e+00
6.541000000000000000e+03 -2.210818529129028320e+00
6.542000000000000000e+03 -2.226316690444946289e+00
6.543000000000000000e+03 -2.218936443328857422e+00
6.544000000000000000e+03 -2.236972093582153320e+00
6.545000000000000000e+03 -2.233903646469116211e+00
6.546000000000000000e+03 -2.239822864532470703e+00
6.547000000000000000e+03 -2.257711887359619141e+00
6.548000000000000000e+03 -2.263038635253906250e+00
6.549000000000000000e+03 -2.266721248626708984e+00
6.550000000000000000e+03 -2.247487306594848633e+00
6.551000000000000000e+03 -2.253023624420166016e+00
6.552000000000000000e+03 -2.226604461669921875e+00
6.553000000000000000e+03 -2.239125728607177734e+00
6.554000000000000000e+03 -2.243735313415527344e+00
6.555000000000000000e+03 -2.196399211883544922e+00
6.556000000000000000e+03 -2.220836639404296875e+00
6.557000000000000000e+03 -2.244865417480468750e+00
6.558000000000000000e+03 -2.234026193618774414e+00
6.559000000000000000e+03 -2.240354537963867188e+00
6.560000000000000000e+03 -2.218053340911865234e+00
6.561000000000000000e+03 -2.218721389770507812e+00
6.562000000000000000e+03 -2.252974748611450195e+00
6.563000000000000000e+03 -2.234738349914550781e+00
6.564000000000000000e+03 -2.216342449188232422e+00
6.565000000000000000e+03 -2.205628395080566406e+00
6.566000000000000000e+03 -2.214640617370605469e+00
6.567000000000000000e+03 -2.194682598114013672e+00
6.568000000000000000e+03 -2.198304891586303711e+00
6.569000000000000000e+03 -2.207964420318603516e+00
6.570000000000000000e+03 -2.217992782592773438e+00
6.571000000000000000e+03 -2.225147247314453125e+00
6.572000000000000000e+03 -2.233102321624755859e+00
6.573000000000000000e+03 -2.229553222656250000e+00
6.574000000000000000e+03 -2.243138074874877930e+00
6.575000000000000000e+03 -2.228210449218750000e+00
6.576000000000000000e+03 -2.237386226654052734e+00
6.577000000000000000e+03 -2.226917266845703125e+00
6.578000000000000000e+03 -2.219870090484619141e+00
6.579000000000000000e+03 -2.218572854995727539e+00
6.580000000000000000e+03 -2.217347621917724609e+00
6.581000000000000000e+03 -2.212354660034179688e+00
6.582000000000000000e+03 -2.234045982360839844e+00
6.583000000000000000e+03 -2.251852512359619141e+00
6.584000000000000000e+03 -2.244203329086303711e+00
6.585000000000000000e+03 -2.184534072875976562e+00
6.586000000000000000e+03 -2.212909460067749023e+00
6.587000000000000000e+03 -2.222068548202514648e+00
6.588000000000000000e+03 -2.236425399780273438e+00
6.589000000000000000e+03 -2.228405475616455078e+00
6.590000000000000000e+03 -2.209311485290527344e+00
6.591000000000000000e+03 -2.228823423385620117e+00
6.592000000000000000e+03 -2.222599029541015625e+00
6.593000000000000000e+03 -2.225782155990600586e+00
6.594000000000000000e+03 -2.229717969894409180e+00
6.595000000000000000e+03 -2.222337007522583008e+00
6.596000000000000000e+03 -2.230854749679565430e+00
6.597000000000000000e+03 -2.185382366180419922e+00
6.598000000000000000e+03 -2.203034162521362305e+00
6.599000000000000000e+03 -2.220689773559570312e+00
6.600000000000000000e+03 -2.223909378051757812e+00
6.601000000000000000e+03 -2.186598300933837891e+00
6.602000000000000000e+03 -2.211607694625854492e+00
6.603000000000000000e+03 -2.211659669876098633e+00
6.604000000000000000e+03 -2.237182140350341797e+00
6.605000000000000000e+03 -2.251950025558471680e+00
6.606000000000000000e+03 -2.244723320007324219e+00
6.607000000000000000e+03 -2.240869522094726562e+00
6.608000000000000000e+03 -2.248057842254638672e+00
6.609000000000000000e+03 -2.270400285720825195e+00
6.610000000000000000e+03 -2.247480154037475586e+00
6.611000000000000000e+03 -2.271637916564941406e+00
6.612000000000000000e+03 -2.266401052474975586e+00
6.613000000000000000e+03 -2.257017135620117188e+00
6.614000000000000000e+03 -2.232568264007568359e+00
6.615000000000000000e+03 -2.266106128692626953e+00
6.616000000000000000e+03 -2.249368667602539062e+00
6.617000000000000000e+03 -2.228185415267944336e+00
6.618000000000000000e+03 -2.207522869110107422e+00
6.619000000000000000e+03 -2.208966255187988281e+00
6.620000000000000000e+03 -2.224482059478759766e+00
6.621000000000000000e+03 -2.264616966247558594e+00
6.622000000000000000e+03 -2.222112178802490234e+00
6.623000000000000000e+03 -2.208630323410034180e+00
6.624000000000000000e+03 -2.206556558609008789e+00
6.625000000000000000e+03 -2.187199115753173828e+00
6.626000000000000000e+03 -2.230296611785888672e+00
6.627000000000000000e+03 -2.247661828994750977e+00
6.628000000000000000e+03 -2.254387140274047852e+00
6.629000000000000000e+03 -2.205415487289428711e+00
6.630000000000000000e+03 -2.216772079467773438e+00
6.631000000000000000e+03 -2.248718738555908203e+00
6.632000000000000000e+03 -2.235831975936889648e+00
6.633000000000000000e+03 -2.239025115966796875e+00
6.634000000000000000e+03 -2.240632057189941406e+00
6.635000000000000000e+03 -2.207850933074951172e+00
6.636000000000000000e+03 -2.221315860748291016e+00
6.637000000000000000e+03 -2.247025966644287109e+00
6.638000000000000000e+03 -2.231130123138427734e+00
6.639000000000000000e+03 -2.240765571594238281e+00
6.640000000000000000e+03 -2.272663116455078125e+00
6.641000000000000000e+03 -2.245922088623046875e+00
6.642000000000000000e+03 -2.232656240463256836e+00
6.643000000000000000e+03 -2.251603603363037109e+00
6.644000000000000000e+03 -2.264003276824951172e+00
6.645000000000000000e+03 -2.225437402725219727e+00
6.646000000000000000e+03 -2.250397682189941406e+00
6.647000000000000000e+03 -2.213435649871826172e+00
6.648000000000000000e+03 -2.227228641510009766e+00
6.649000000000000000e+03 -2.231446027755737305e+00
6.650000000000000000e+03 -2.242274999618530273e+00
6.651000000000000000e+03 -2.224718093872070312e+00
6.652000000000000000e+03 -2.228420019149780273e+00
6.653000000000000000e+03 -2.236621856689453125e+00
6.654000000000000000e+03 -2.225276708602905273e+00
6.655000000000000000e+03 -2.235576152801513672e+00
6.656000000000000000e+03 -2.238403797149658203e+00
6.657000000000000000e+03 -2.201375722885131836e+00
6.658000000000000000e+03 -2.216710805892944336e+00
6.659000000000000000e+03 -2.234790325164794922e+00
6.660000000000000000e+03 -2.217026948928833008e+00
6.661000000000000000e+03 -2.191356658935546875e+00
6.662000000000000000e+03 -2.237355470657348633e+00
6.663000000000000000e+03 -2.246696472167968750e+00
6.664000000000000000e+03 -2.220632314682006836e+00
6.665000000000000000e+03 -2.201947450637817383e+00
6.666000000000000000e+03 -2.205486536026000977e+00
6.667000000000000000e+03 -2.207234382629394531e+00
6.668000000000000000e+03 -2.193892478942871094e+00
6.669000000000000000e+03 -2.237637042999267578e+00
6.670000000000000000e+03 -2.206048011779785156e+00
6.671000000000000000e+03 -2.231664419174194336e+00
6.672000000000000000e+03 -2.220314979553222656e+00
6.673000000000000000e+03 -2.196776390075683594e+00
6.674000000000000000e+03 -2.217009782791137695e+00
6.675000000000000000e+03 -2.228072404861450195e+00
6.676000000000000000e+03 -2.194507598876953125e+00
6.677000000000000000e+03 -2.223807334899902344e+00
6.678000000000000000e+03 -2.212988376617431641e+00
6.679000000000000000e+03 -2.199971675872802734e+00
6.680000000000000000e+03 -2.227746963500976562e+00
6.681000000000000000e+03 -2.241652965545654297e+00
6.682000000000000000e+03 -2.225368976593017578e+00
6.683000000000000000e+03 -2.212970256805419922e+00
6.684000000000000000e+03 -2.224318981170654297e+00
6.685000000000000000e+03 -2.211005926132202148e+00
6.686000000000000000e+03 -2.206247568130493164e+00
6.687000000000000000e+03 -2.220201015472412109e+00
6.688000000000000000e+03 -2.214564323425292969e+00
6.689000000000000000e+03 -2.187939882278442383e+00
6.690000000000000000e+03 -2.211383342742919922e+00
6.691000000000000000e+03 -2.214390754699707031e+00
6.692000000000000000e+03 -2.227385759353637695e+00
6.693000000000000000e+03 -2.219598054885864258e+00
6.694000000000000000e+03 -2.217628479003906250e+00
6.695000000000000000e+03 -2.207261085510253906e+00
6.696000000000000000e+03 -2.159294605255126953e+00
6.697000000000000000e+03 -2.185111045837402344e+00
6.698000000000000000e+03 -2.213762760162353516e+00
6.699000000000000000e+03 -2.209042787551879883e+00
6.700000000000000000e+03 -2.180728435516357422e+00
6.701000000000000000e+03 -2.190855026245117188e+00
6.702000000000000000e+03 -2.195279121398925781e+00
6.703000000000000000e+03 -2.175767421722412109e+00
6.704000000000000000e+03 -2.155954360961914062e+00
6.705000000000000000e+03 -2.184203147888183594e+00
6.706000000000000000e+03 -2.198472261428833008e+00
6.707000000000000000e+03 -2.208219528198242188e+00
6.708000000000000000e+03 -2.181012630462646484e+00
6.709000000000000000e+03 -2.195167064666748047e+00
6.710000000000000000e+03 -2.177527666091918945e+00
6.711000000000000000e+03 -2.188135862350463867e+00
6.712000000000000000e+03 -2.214313507080078125e+00
6.713000000000000000e+03 -2.234782457351684570e+00
6.714000000000000000e+03 -2.225593090057373047e+00
6.715000000000000000e+03 -2.224643945693969727e+00
6.716000000000000000e+03 -2.231971979141235352e+00
6.717000000000000000e+03 -2.192236423492431641e+00
6.718000000000000000e+03 -2.229871749877929688e+00
6.719000000000000000e+03 -2.249143123626708984e+00
6.720000000000000000e+03 -2.170668363571166992e+00
6.721000000000000000e+03 -2.209993362426757812e+00
6.722000000000000000e+03 -2.225898265838623047e+00
6.723000000000000000e+03 -2.195998191833496094e+00
6.724000000000000000e+03 -2.196229934692382812e+00
6.725000000000000000e+03 -2.200356483459472656e+00
6.726000000000000000e+03 -2.195953607559204102e+00
6.727000000000000000e+03 -2.177226781845092773e+00
6.728000000000000000e+03 -2.173909425735473633e+00
6.729000000000000000e+03 -2.166036844253540039e+00
6.730000000000000000e+03 -2.171991825103759766e+00
6.731000000000000000e+03 -2.139777660369873047e+00
6.732000000000000000e+03 -2.187489271163940430e+00
6.733000000000000000e+03 -2.167016506195068359e+00
6.734000000000000000e+03 -2.206810712814331055e+00
6.735000000000000000e+03 -2.237165927886962891e+00
6.736000000000000000e+03 -2.212253808975219727e+00
6.737000000000000000e+03 -2.210421562194824219e+00
6.738000000000000000e+03 -2.221853733062744141e+00
6.739000000000000000e+03 -2.253112554550170898e+00
6.740000000000000000e+03 -2.190220832824707031e+00
6.741000000000000000e+03 -2.191565990447998047e+00
6.742000000000000000e+03 -2.198700428009033203e+00
6.743000000000000000e+03 -2.176252365112304688e+00
6.744000000000000000e+03 -2.201880931854248047e+00
6.745000000000000000e+03 -2.242222547531127930e+00
6.746000000000000000e+03 -2.208399772644042969e+00
6.747000000000000000e+03 -2.209774732589721680e+00
6.748000000000000000e+03 -2.181327104568481445e+00
6.749000000000000000e+03 -2.192937135696411133e+00
6.750000000000000000e+03 -2.189217805862426758e+00
6.751000000000000000e+03 -2.175237178802490234e+00
6.752000000000000000e+03 -2.160755872726440430e+00
6.753000000000000000e+03 -2.208845138549804688e+00
6.754000000000000000e+03 -2.207284450531005859e+00
6.755000000000000000e+03 -2.209829330444335938e+00
6.756000000000000000e+03 -2.166247367858886719e+00
6.757000000000000000e+03 -2.189995050430297852e+00
6.758000000000000000e+03 -2.198599815368652344e+00
6.759000000000000000e+03 -2.163245677947998047e+00
6.760000000000000000e+03 -2.198616266250610352e+00
6.761000000000000000e+03 -2.168817758560180664e+00
6.762000000000000000e+03 -2.153653144836425781e+00
6.763000000000000000e+03 -2.183347702026367188e+00
6.764000000000000000e+03 -2.211156368255615234e+00
6.765000000000000000e+03 -2.163103103637695312e+00
6.766000000000000000e+03 -2.165701389312744141e+00
6.767000000000000000e+03 -2.169854164123535156e+00
6.768000000000000000e+03 -2.190936088562011719e+00
6.769000000000000000e+03 -2.152474880218505859e+00
6.770000000000000000e+03 -2.135446548461914062e+00
6.771000000000000000e+03 -2.191643953323364258e+00
6.772000000000000000e+03 -2.203780651092529297e+00
6.773000000000000000e+03 -2.178513050079345703e+00
6.774000000000000000e+03 -2.179184913635253906e+00
6.775000000000000000e+03 -2.183925867080688477e+00
6.776000000000000000e+03 -2.188227891921997070e+00
6.777000000000000000e+03 -2.200081825256347656e+00
6.778000000000000000e+03 -2.211204290390014648e+00
6.779000000000000000e+03 -2.188274860382080078e+00
6.780000000000000000e+03 -2.160240411758422852e+00
6.781000000000000000e+03 -2.174245595932006836e+00
6.782000000000000000e+03 -2.205165863037109375e+00
6.783000000000000000e+03 -2.212166309356689453e+00
6.784000000000000000e+03 -2.205613613128662109e+00
6.785000000000000000e+03 -2.176183223724365234e+00
6.786000000000000000e+03 -2.194996356964111328e+00
6.787000000000000000e+03 -2.175529479980468750e+00
6.788000000000000000e+03 -2.179431200027465820e+00
6.789000000000000000e+03 -2.164735317230224609e+00
6.790000000000000000e+03 -2.179422378540039062e+00
6.791000000000000000e+03 -2.177099943161010742e+00
6.792000000000000000e+03 -2.174495697021484375e+00
6.793000000000000000e+03 -2.174085140228271484e+00
6.794000000000000000e+03 -2.175841331481933594e+00
6.795000000000000000e+03 -2.176588535308837891e+00
6.796000000000000000e+03 -2.197628498077392578e+00
6.797000000000000000e+03 -2.219887256622314453e+00
6.798000000000000000e+03 -2.232393264770507812e+00
6.799000000000000000e+03 -2.250537395477294922e+00
6.800000000000000000e+03 -2.229254484176635742e+00
6.801000000000000000e+03 -2.204324245452880859e+00
6.802000000000000000e+03 -2.220067977905273438e+00
6.803000000000000000e+03 -2.201882839202880859e+00
6.804000000000000000e+03 -2.210939407348632812e+00
6.805000000000000000e+03 -2.242206573486328125e+00
6.806000000000000000e+03 -2.213944435119628906e+00
6.807000000000000000e+03 -2.206824779510498047e+00
6.808000000000000000e+03 -2.233507394790649414e+00
6.809000000000000000e+03 -2.222038745880126953e+00
6.810000000000000000e+03 -2.207978010177612305e+00
6.811000000000000000e+03 -2.206865310668945312e+00
6.812000000000000000e+03 -2.215241909027099609e+00
6.813000000000000000e+03 -2.198641777038574219e+00
6.814000000000000000e+03 -2.211842060089111328e+00
6.815000000000000000e+03 -2.247785091400146484e+00
6.816000000000000000e+03 -2.227319002151489258e+00
6.817000000000000000e+03 -2.205476760864257812e+00
6.818000000000000000e+03 -2.242298603057861328e+00
6.819000000000000000e+03 -2.216489553451538086e+00
6.820000000000000000e+03 -2.228311061859130859e+00
6.821000000000000000e+03 -2.190536260604858398e+00
6.822000000000000000e+03 -2.202766656875610352e+00
6.823000000000000000e+03 -2.216780185699462891e+00
6.824000000000000000e+03 -2.217045068740844727e+00
6.825000000000000000e+03 -2.196907043457031250e+00
6.826000000000000000e+03 -2.238360881805419922e+00
6.827000000000000000e+03 -2.252234935760498047e+00
6.828000000000000000e+03 -2.225964307785034180e+00
6.829000000000000000e+03 -2.235065221786499023e+00
6.830000000000000000e+03 -2.213117837905883789e+00
6.831000000000000000e+03 -2.212306976318359375e+00
6.832000000000000000e+03 -2.232205152511596680e+00
6.833000000000000000e+03 -2.238752603530883789e+00
6.834000000000000000e+03 -2.227771759033203125e+00
6.835000000000000000e+03 -2.248116016387939453e+00
6.836000000000000000e+03 -2.227747678756713867e+00
6.837000000000000000e+03 -2.224655866622924805e+00
6.838000000000000000e+03 -2.243461608886718750e+00
6.839000000000000000e+03 -2.237772464752197266e+00
6.840000000000000000e+03 -2.243412733078002930e+00
6.841000000000000000e+03 -2.249561309814453125e+00
6.842000000000000000e+03 -2.208583116531372070e+00
6.843000000000000000e+03 -2.202289819717407227e+00
6.844000000000000000e+03 -2.220146179199218750e+00
6.845000000000000000e+03 -2.226849079132080078e+00
6.846000000000000000e+03 -2.258482933044433594e+00
6.847000000000000000e+03 -2.225456714630126953e+00
6.848000000000000000e+03 -2.188951492309570312e+00
6.849000000000000000e+03 -2.220446586608886719e+00
6.850000000000000000e+03 -2.191597938537597656e+00
6.851000000000000000e+03 -2.221204519271850586e+00
6.852000000000000000e+03 -2.239099025726318359e+00
6.853000000000000000e+03 -2.187726974487304688e+00
6.854000000000000000e+03 -2.231184244155883789e+00
6.855000000000000000e+03 -2.259852409362792969e+00
6.856000000000000000e+03 -2.233520984649658203e+00
6.857000000000000000e+03 -2.225469350814819336e+00
6.858000000000000000e+03 -2.223185539245605469e+00
6.859000000000000000e+03 -2.239209890365600586e+00
6.860000000000000000e+03 -2.215255498886108398e+00
6.861000000000000000e+03 -2.241518497467041016e+00
6.862000000000000000e+03 -2.246687889099121094e+00
6.863000000000000000e+03 -2.257032632827758789e+00
6.864000000000000000e+03 -2.243324756622314453e+00
6.865000000000000000e+03 -2.250578880310058594e+00
6.866000000000000000e+03 -2.229335308074951172e+00
6.867000000000000000e+03 -2.251541614532470703e+00
6.868000000000000000e+03 -2.232685565948486328e+00
6.869000000000000000e+03 -2.237144470214843750e+00
6.870000000000000000e+03 -2.230096578598022461e+00
6.871000000000000000e+03 -2.247001886367797852e+00
6.872000000000000000e+03 -2.228565931320190430e+00
6.873000000000000000e+03 -2.242676258087158203e+00
6.874000000000000000e+03 -2.236352443695068359e+00
6.875000000000000000e+03 -2.226978778839111328e+00
6.876000000000000000e+03 -2.255926847457885742e+00
6.877000000000000000e+03 -2.263081789016723633e+00
6.878000000000000000e+03 -2.212335586547851562e+00
6.879000000000000000e+03 -2.238658189773559570e+00
6.880000000000000000e+03 -2.231677055358886719e+00
6.881000000000000000e+03 -2.234059810638427734e+00
6.882000000000000000e+03 -2.298664331436157227e+00
6.883000000000000000e+03 -2.243607759475708008e+00
6.884000000000000000e+03 -2.221482038497924805e+00
6.885000000000000000e+03 -2.239210844039916992e+00
6.886000000000000000e+03 -2.279983997344970703e+00
6.887000000000000000e+03 -2.253420829772949219e+00
6.888000000000000000e+03 -2.284418821334838867e+00
6.889000000000000000e+03 -2.274802923202514648e+00
6.890000000000000000e+03 -2.258728981018066406e+00
6.891000000000000000e+03 -2.286594390869140625e+00
6.892000000000000000e+03 -2.215939521789550781e+00
6.893000000000000000e+03 -2.233100891113281250e+00
6.894000000000000000e+03 -2.190714597702026367e+00
6.895000000000000000e+03 -2.228240013122558594e+00
6.896000000000000000e+03 -2.243974208831787109e+00
6.897000000000000000e+03 -2.215560913085937500e+00
6.898000000000000000e+03 -2.266929388046264648e+00
6.899000000000000000e+03 -2.258738994598388672e+00
6.900000000000000000e+03 -2.242612838745117188e+00
6.901000000000000000e+03 -2.241441249847412109e+00
6.902000000000000000e+03 -2.257858276367187500e+00
6.903000000000000000e+03 -2.253945827484130859e+00
6.904000000000000000e+03 -2.236287593841552734e+00
6.905000000000000000e+03 -2.223997116088867188e+00
6.906000000000000000e+03 -2.256831645965576172e+00
6.907000000000000000e+03 -2.269447565078735352e+00
6.908000000000000000e+03 -2.293900012969970703e+00
6.909000000000000000e+03 -2.283970355987548828e+00
6.910000000000000000e+03 -2.273178815841674805e+00
6.911000000000000000e+03 -2.291205167770385742e+00
6.912000000000000000e+03 -2.232910156250000000e+00
6.913000000000000000e+03 -2.254877090454101562e+00
6.914000000000000000e+03 -2.241049766540527344e+00
6.915000000000000000e+03 -2.238036632537841797e+00
6.916000000000000000e+03 -2.276970386505126953e+00
6.917000000000000000e+03 -2.244875907897949219e+00
6.918000000000000000e+03 -2.273089647293090820e+00
6.919000000000000000e+03 -2.271364212036132812e+00
6.920000000000000000e+03 -2.268565416336059570e+00
6.921000000000000000e+03 -2.262607097625732422e+00
6.922000000000000000e+03 -2.246287345886230469e+00
6.923000000000000000e+03 -2.264855861663818359e+00
6.924000000000000000e+03 -2.264723062515258789e+00
6.925000000000000000e+03 -2.246324539184570312e+00
6.926000000000000000e+03 -2.242158889770507812e+00
6.927000000000000000e+03 -2.259959697723388672e+00
6.928000000000000000e+03 -2.216496467590332031e+00
6.929000000000000000e+03 -2.222336292266845703e+00
6.930000000000000000e+03 -2.200071811676025391e+00
6.931000000000000000e+03 -2.236055135726928711e+00
6.932000000000000000e+03 -2.225302696228027344e+00
6.933000000000000000e+03 -2.261069297790527344e+00
6.934000000000000000e+03 -2.203387737274169922e+00
6.935000000000000000e+03 -2.259705543518066406e+00
6.936000000000000000e+03 -2.252135276794433594e+00
6.937000000000000000e+03 -2.243115901947021484e+00
6.938000000000000000e+03 -2.257433414459228516e+00
6.939000000000000000e+03 -2.220667123794555664e+00
6.940000000000000000e+03 -2.208855152130126953e+00
6.941000000000000000e+03 -2.220463514328002930e+00
6.942000000000000000e+03 -2.218254327774047852e+00
6.943000000000000000e+03 -2.241898775100708008e+00
6.944000000000000000e+03 -2.263563632965087891e+00
6.945000000000000000e+03 -2.285287380218505859e+00
6.946000000000000000e+03 -2.286622285842895508e+00
6.947000000000000000e+03 -2.252467632293701172e+00
6.948000000000000000e+03 -2.283712625503540039e+00
6.949000000000000000e+03 -2.312089920043945312e+00
6.950000000000000000e+03 -2.305258750915527344e+00
6.951000000000000000e+03 -2.273742675781250000e+00
6.952000000000000000e+03 -2.288207530975341797e+00
6.953000000000000000e+03 -2.273857355117797852e+00
6.954000000000000000e+03 -2.242923498153686523e+00
6.955000000000000000e+03 -2.245759963989257812e+00
6.956000000000000000e+03 -2.260302782058715820e+00
6.957000000000000000e+03 -2.282558679580688477e+00
6.958000000000000000e+03 -2.254678249359130859e+00
6.959000000000000000e+03 -2.267454862594604492e+00
6.960000000000000000e+03 -2.296283006668090820e+00
6.961000000000000000e+03 -2.292921304702758789e+00
6.962000000000000000e+03 -2.285860061645507812e+00
6.963000000000000000e+03 -2.312399864196777344e+00
6.964000000000000000e+03 -2.286138296127319336e+00
6.965000000000000000e+03 -2.316241979598999023e+00
6.966000000000000000e+03 -2.336751937866210938e+00
6.967000000000000000e+03 -2.283950090408325195e+00
6.968000000000000000e+03 -2.282331228256225586e+00
6.969000000000000000e+03 -2.264873981475830078e+00
6.970000000000000000e+03 -2.295419216156005859e+00
6.971000000000000000e+03 -2.326835155487060547e+00
6.972000000000000000e+03 -2.333353996276855469e+00
6.973000000000000000e+03 -2.294656991958618164e+00
6.974000000000000000e+03 -2.287342786788940430e+00
6.975000000000000000e+03 -2.293023586273193359e+00
6.976000000000000000e+03 -2.279186964035034180e+00
6.977000000000000000e+03 -2.258837461471557617e+00
6.978000000000000000e+03 -2.294542312622070312e+00
6.979000000000000000e+03 -2.305217027664184570e+00
6.980000000000000000e+03 -2.321554660797119141e+00
6.981000000000000000e+03 -2.280639886856079102e+00
6.982000000000000000e+03 -2.310825824737548828e+00
6.983000000000000000e+03 -2.273524761199951172e+00
6.984000000000000000e+03 -2.266876459121704102e+00
6.985000000000000000e+03 -2.295084476470947266e+00
6.986000000000000000e+03 -2.311273574829101562e+00
6.987000000000000000e+03 -2.297494411468505859e+00
6.988000000000000000e+03 -2.300798416137695312e+00
6.989000000000000000e+03 -2.341157913208007812e+00
6.990000000000000000e+03 -2.314136266708374023e+00
6.991000000000000000e+03 -2.292919158935546875e+00
6.992000000000000000e+03 -2.306969642639160156e+00
6.993000000000000000e+03 -2.323908329010009766e+00
6.994000000000000000e+03 -2.311714887619018555e+00
6.995000000000000000e+03 -2.348296880722045898e+00
6.996000000000000000e+03 -2.328717708587646484e+00
6.997000000000000000e+03 -2.301980018615722656e+00
6.998000000000000000e+03 -2.281342506408691406e+00
6.999000000000000000e+03 -2.353188037872314453e+00
7.000000000000000000e+03 -2.299253225326538086e+00
7.001000000000000000e+03 -2.286848068237304688e+00
7.002000000000000000e+03 -2.270262718200683594e+00
7.003000000000000000e+03 -2.274733543395996094e+00
7.004000000000000000e+03 -2.266424417495727539e+00
7.005000000000000000e+03 -2.277534008026123047e+00
7.006000000000000000e+03 -2.291351079940795898e+00
7.007000000000000000e+03 -2.291396141052246094e+00
7.008000000000000000e+03 -2.273033618927001953e+00
7.009000000000000000e+03 -2.297592878341674805e+00
7.010000000000000000e+03 -2.291259527206420898e+00
7.011000000000000000e+03 -2.267195701599121094e+00
7.012000000000000000e+03 -2.285527467727661133e+00
7.013000000000000000e+03 -2.299930572509765625e+00
7.014000000000000000e+03 -2.291763305664062500e+00
7.015000000000000000e+03 -2.284397125244140625e+00
7.016000000000000000e+03 -2.277284622192382812e+00
7.017000000000000000e+03 -2.289435148239135742e+00
7.018000000000000000e+03 -2.296723365783691406e+00
7.019000000000000000e+03 -2.309520483016967773e+00
7.020000000000000000e+03 -2.290839195251464844e+00
7.021000000000000000e+03 -2.302669048309326172e+00
7.022000000000000000e+03 -2.292035579681396484e+00
7.023000000000000000e+03 -2.291855812072753906e+00
7.024000000000000000e+03 -2.287652015686035156e+00
7.025000000000000000e+03 -2.343364953994750977e+00
7.026000000000000000e+03 -2.286995172500610352e+00
7.027000000000000000e+03 -2.286820888519287109e+00
7.028000000000000000e+03 -2.262967824935913086e+00
7.029000000000000000e+03 -2.314641952514648438e+00
7.030000000000000000e+03 -2.298399209976196289e+00
7.031000000000000000e+03 -2.307359218597412109e+00
7.032000000000000000e+03 -2.286476135253906250e+00
7.033000000000000000e+03 -2.300151824951171875e+00
7.034000000000000000e+03 -2.296968698501586914e+00
7.035000000000000000e+03 -2.323871135711669922e+00
7.036000000000000000e+03 -2.316959142684936523e+00
7.037000000000000000e+03 -2.318199634552001953e+00
7.038000000000000000e+03 -2.325447082519531250e+00
7.039000000000000000e+03 -2.329985618591308594e+00
7.040000000000000000e+03 -2.285235166549682617e+00
7.041000000000000000e+03 -2.280223608016967773e+00
7.042000000000000000e+03 -2.266791105270385742e+00
7.043000000000000000e+03 -2.302885293960571289e+00
7.044000000000000000e+03 -2.284478902816772461e+00
7.045000000000000000e+03 -2.247364997863769531e+00
7.046000000000000000e+03 -2.225104331970214844e+00
7.047000000000000000e+03 -2.259271144866943359e+00
7.048000000000000000e+03 -2.258051395416259766e+00
7.049000000000000000e+03 -2.210811138153076172e+00
7.050000000000000000e+03 -2.235488414764404297e+00
7.051000000000000000e+03 -2.258242130279541016e+00
7.052000000000000000e+03 -2.254796266555786133e+00
7.053000000000000000e+03 -2.264990806579589844e+00
7.054000000000000000e+03 -2.250630855560302734e+00
7.055000000000000000e+03 -2.223718166351318359e+00
7.056000000000000000e+03 -2.231696844100952148e+00
7.057000000000000000e+03 -2.252706289291381836e+00
7.058000000000000000e+03 -2.237195491790771484e+00
7.059000000000000000e+03 -2.227803468704223633e+00
7.060000000000000000e+03 -2.228450298309326172e+00
7.061000000000000000e+03 -2.241358280181884766e+00
7.062000000000000000e+03 -2.264626979827880859e+00
7.063000000000000000e+03 -2.234547376632690430e+00
7.064000000000000000e+03 -2.222317695617675781e+00
7.065000000000000000e+03 -2.224360227584838867e+00
7.066000000000000000e+03 -2.241670608520507812e+00
7.067000000000000000e+03 -2.229454040527343750e+00
7.068000000000000000e+03 -2.203570127487182617e+00
7.069000000000000000e+03 -2.179413795471191406e+00
7.070000000000000000e+03 -2.196460962295532227e+00
7.071000000000000000e+03 -2.237958908081054688e+00
7.072000000000000000e+03 -2.227369308471679688e+00
7.073000000000000000e+03 -2.226890802383422852e+00
7.074000000000000000e+03 -2.250421524047851562e+00
7.075000000000000000e+03 -2.227772474288940430e+00
7.076000000000000000e+03 -2.227528095245361328e+00
7.077000000000000000e+03 -2.265436172485351562e+00
7.078000000000000000e+03 -2.202314853668212891e+00
7.079000000000000000e+03 -2.235731601715087891e+00
7.080000000000000000e+03 -2.288624525070190430e+00
7.081000000000000000e+03 -2.251352071762084961e+00
7.082000000000000000e+03 -2.261429309844970703e+00
7.083000000000000000e+03 -2.267160415649414062e+00
7.084000000000000000e+03 -2.277503728866577148e+00
7.085000000000000000e+03 -2.220153570175170898e+00
7.086000000000000000e+03 -2.227799415588378906e+00
7.087000000000000000e+03 -2.231249809265136719e+00
7.088000000000000000e+03 -2.196203947067260742e+00
7.089000000000000000e+03 -2.234366893768310547e+00
7.090000000000000000e+03 -2.213050127029418945e+00
7.091000000000000000e+03 -2.266740083694458008e+00
7.092000000000000000e+03 -2.250797033309936523e+00
7.093000000000000000e+03 -2.233958721160888672e+00
7.094000000000000000e+03 -2.221468687057495117e+00
7.095000000000000000e+03 -2.240541934967041016e+00
7.096000000000000000e+03 -2.261578083038330078e+00
7.097000000000000000e+03 -2.226508140563964844e+00
7.098000000000000000e+03 -2.205249786376953125e+00
7.099000000000000000e+03 -2.274871110916137695e+00
7.100000000000000000e+03 -2.256437301635742188e+00
7.101000000000000000e+03 -2.252795934677124023e+00
7.102000000000000000e+03 -2.259387493133544922e+00
7.103000000000000000e+03 -2.304300546646118164e+00
7.104000000000000000e+03 -2.255053520202636719e+00
7.105000000000000000e+03 -2.276795625686645508e+00
7.106000000000000000e+03 -2.234766244888305664e+00
7.107000000000000000e+03 -2.218713998794555664e+00
7.108000000000000000e+03 -2.255736589431762695e+00
7.109000000000000000e+03 -2.230903148651123047e+00
7.110000000000000000e+03 -2.205800056457519531e+00
7.111000000000000000e+03 -2.275653839111328125e+00
7.112000000000000000e+03 -2.289911746978759766e+00
7.113000000000000000e+03 -2.221386432647705078e+00
7.114000000000000000e+03 -2.234649896621704102e+00
7.115000000000000000e+03 -2.214711666107177734e+00
7.116000000000000000e+03 -2.241181612014770508e+00
7.117000000000000000e+03 -2.232499122619628906e+00
7.118000000000000000e+03 -2.212131023406982422e+00
7.119000000000000000e+03 -2.227593898773193359e+00
7.120000000000000000e+03 -2.215652942657470703e+00
7.121000000000000000e+03 -2.157991886138916016e+00
7.122000000000000000e+03 -2.185156583786010742e+00
7.123000000000000000e+03 -2.195263862609863281e+00
7.124000000000000000e+03 -2.224542617797851562e+00
7.125000000000000000e+03 -2.206420898437500000e+00
7.126000000000000000e+03 -2.216258525848388672e+00
7.127000000000000000e+03 -2.215412139892578125e+00
7.128000000000000000e+03 -2.216809511184692383e+00
7.129000000000000000e+03 -2.242489337921142578e+00
7.130000000000000000e+03 -2.195097446441650391e+00
7.131000000000000000e+03 -2.251777172088623047e+00
7.132000000000000000e+03 -2.220266103744506836e+00
7.133000000000000000e+03 -2.239573001861572266e+00
7.134000000000000000e+03 -2.204586505889892578e+00
7.135000000000000000e+03 -2.228112220764160156e+00
7.136000000000000000e+03 -2.223244667053222656e+00
7.137000000000000000e+03 -2.194699287414550781e+00
7.138000000000000000e+03 -2.220423698425292969e+00
7.139000000000000000e+03 -2.201618194580078125e+00
7.140000000000000000e+03 -2.219041109085083008e+00
7.141000000000000000e+03 -2.233294963836669922e+00
7.142000000000000000e+03 -2.195110082626342773e+00
7.143000000000000000e+03 -2.219689846038818359e+00
7.144000000000000000e+03 -2.235850811004638672e+00
7.145000000000000000e+03 -2.209958553314208984e+00
7.146000000000000000e+03 -2.195306062698364258e+00
7.147000000000000000e+03 -2.175997018814086914e+00
7.148000000000000000e+03 -2.153793811798095703e+00
7.149000000000000000e+03 -2.217046976089477539e+00
7.150000000000000000e+03 -2.172178030014038086e+00
7.151000000000000000e+03 -2.211465835571289062e+00
7.152000000000000000e+03 -2.193685531616210938e+00
7.153000000000000000e+03 -2.209561109542846680e+00
7.154000000000000000e+03 -2.228673458099365234e+00
7.155000000000000000e+03 -2.213434219360351562e+00
7.156000000000000000e+03 -2.229606389999389648e+00
7.157000000000000000e+03 -2.218970298767089844e+00
7.158000000000000000e+03 -2.195042133331298828e+00
7.159000000000000000e+03 -2.175406694412231445e+00
7.160000000000000000e+03 -2.180218219757080078e+00
7.161000000000000000e+03 -2.206663370132446289e+00
7.162000000000000000e+03 -2.199045658111572266e+00
7.163000000000000000e+03 -2.256705284118652344e+00
7.164000000000000000e+03 -2.244812250137329102e+00
7.165000000000000000e+03 -2.193289518356323242e+00
7.166000000000000000e+03 -2.230595588684082031e+00
7.167000000000000000e+03 -2.213316917419433594e+00
7.168000000000000000e+03 -2.214476346969604492e+00
7.169000000000000000e+03 -2.220652818679809570e+00
7.170000000000000000e+03 -2.234717130661010742e+00
7.171000000000000000e+03 -2.212872505187988281e+00
7.172000000000000000e+03 -2.238110065460205078e+00
7.173000000000000000e+03 -2.233550548553466797e+00
7.174000000000000000e+03 -2.255546092987060547e+00
7.175000000000000000e+03 -2.289534091949462891e+00
7.176000000000000000e+03 -2.276295900344848633e+00
7.177000000000000000e+03 -2.254672050476074219e+00
7.178000000000000000e+03 -2.251346826553344727e+00
7.179000000000000000e+03 -2.275289535522460938e+00
7.180000000000000000e+03 -2.208888053894042969e+00
7.181000000000000000e+03 -2.231957912445068359e+00
7.182000000000000000e+03 -2.217655897140502930e+00
7.183000000000000000e+03 -2.224477767944335938e+00
7.184000000000000000e+03 -2.233562469482421875e+00
7.185000000000000000e+03 -2.232167482376098633e+00
7.186000000000000000e+03 -2.226386547088623047e+00
7.187000000000000000e+03 -2.245519638061523438e+00
7.188000000000000000e+03 -2.225294589996337891e+00
7.189000000000000000e+03 -2.237243652343750000e+00
7.190000000000000000e+03 -2.223846435546875000e+00
7.191000000000000000e+03 -2.236002445220947266e+00
7.192000000000000000e+03 -2.242787837982177734e+00
7.193000000000000000e+03 -2.259127616882324219e+00
7.194000000000000000e+03 -2.243343353271484375e+00
7.195000000000000000e+03 -2.228764057159423828e+00
7.196000000000000000e+03 -2.236946105957031250e+00
7.197000000000000000e+03 -2.201521158218383789e+00
7.198000000000000000e+03 -2.215511322021484375e+00
7.199000000000000000e+03 -2.215569496154785156e+00
7.200000000000000000e+03 -2.185056924819946289e+00
7.201000000000000000e+03 -2.205046892166137695e+00
7.202000000000000000e+03 -2.198122501373291016e+00
7.203000000000000000e+03 -2.187072515487670898e+00
7.204000000000000000e+03 -2.193686723709106445e+00
7.205000000000000000e+03 -2.218789577484130859e+00
7.206000000000000000e+03 -2.190929174423217773e+00
7.207000000000000000e+03 -2.189865589141845703e+00
7.208000000000000000e+03 -2.187271833419799805e+00
7.209000000000000000e+03 -2.205510377883911133e+00
7.210000000000000000e+03 -2.201327562332153320e+00
7.211000000000000000e+03 -2.186101198196411133e+00
7.212000000000000000e+03 -2.203307628631591797e+00
7.213000000000000000e+03 -2.163584947586059570e+00
7.214000000000000000e+03 -2.201591014862060547e+00
7.215000000000000000e+03 -2.224287986755371094e+00
7.216000000000000000e+03 -2.242603778839111328e+00
7.217000000000000000e+03 -2.200092315673828125e+00
7.218000000000000000e+03 -2.202435255050659180e+00
7.219000000000000000e+03 -2.185263395309448242e+00
7.220000000000000000e+03 -2.179280281066894531e+00
7.221000000000000000e+03 -2.207489967346191406e+00
7.222000000000000000e+03 -2.212034702301025391e+00
7.223000000000000000e+03 -2.187678098678588867e+00
7.224000000000000000e+03 -2.206555128097534180e+00
7.225000000000000000e+03 -2.232968091964721680e+00
7.226000000000000000e+03 -2.202345848083496094e+00
7.227000000000000000e+03 -2.147080898284912109e+00
7.228000000000000000e+03 -2.186662197113037109e+00
7.229000000000000000e+03 -2.176039934158325195e+00
7.230000000000000000e+03 -2.200690746307373047e+00
7.231000000000000000e+03 -2.208771705627441406e+00
7.232000000000000000e+03 -2.186398744583129883e+00
7.233000000000000000e+03 -2.178581714630126953e+00
7.234000000000000000e+03 -2.220789194107055664e+00
7.235000000000000000e+03 -2.208127021789550781e+00
7.236000000000000000e+03 -2.144256353378295898e+00
7.237000000000000000e+03 -2.169248104095458984e+00
7.238000000000000000e+03 -2.210753917694091797e+00
7.239000000000000000e+03 -2.194849252700805664e+00
7.240000000000000000e+03 -2.206531763076782227e+00
7.241000000000000000e+03 -2.196891784667968750e+00
7.242000000000000000e+03 -2.208231210708618164e+00
7.243000000000000000e+03 -2.238389492034912109e+00
7.244000000000000000e+03 -2.228895425796508789e+00
7.245000000000000000e+03 -2.215542793273925781e+00
7.246000000000000000e+03 -2.224366188049316406e+00
7.247000000000000000e+03 -2.219841003417968750e+00
7.248000000000000000e+03 -2.210170507431030273e+00
7.249000000000000000e+03 -2.219045877456665039e+00
7.250000000000000000e+03 -2.244882822036743164e+00
7.251000000000000000e+03 -2.235373973846435547e+00
7.252000000000000000e+03 -2.229681968688964844e+00
7.253000000000000000e+03 -2.180536031723022461e+00
7.254000000000000000e+03 -2.197908639907836914e+00
7.255000000000000000e+03 -2.259871244430541992e+00
7.256000000000000000e+03 -2.223358869552612305e+00
7.257000000000000000e+03 -2.211306333541870117e+00
7.258000000000000000e+03 -2.255617380142211914e+00
7.259000000000000000e+03 -2.222635030746459961e+00
7.260000000000000000e+03 -2.234415531158447266e+00
7.261000000000000000e+03 -2.211960077285766602e+00
7.262000000000000000e+03 -2.191329717636108398e+00
7.263000000000000000e+03 -2.228594064712524414e+00
7.264000000000000000e+03 -2.221604108810424805e+00
7.265000000000000000e+03 -2.197496891021728516e+00
7.266000000000000000e+03 -2.206722974777221680e+00
7.267000000000000000e+03 -2.235707998275756836e+00
7.268000000000000000e+03 -2.236942052841186523e+00
7.269000000000000000e+03 -2.244382619857788086e+00
7.270000000000000000e+03 -2.222395896911621094e+00
7.271000000000000000e+03 -2.215421915054321289e+00
7.272000000000000000e+03 -2.195122480392456055e+00
7.273000000000000000e+03 -2.233845233917236328e+00
7.274000000000000000e+03 -2.225269317626953125e+00
7.275000000000000000e+03 -2.230962753295898438e+00
7.276000000000000000e+03 -2.194509983062744141e+00
7.277000000000000000e+03 -2.246065616607666016e+00
7.278000000000000000e+03 -2.267482995986938477e+00
7.279000000000000000e+03 -2.248920917510986328e+00
7.280000000000000000e+03 -2.245760917663574219e+00
7.281000000000000000e+03 -2.249272108078002930e+00
7.282000000000000000e+03 -2.244674682617187500e+00
7.283000000000000000e+03 -2.237580299377441406e+00
7.284000000000000000e+03 -2.217435598373413086e+00
7.285000000000000000e+03 -2.211111068725585938e+00
7.286000000000000000e+03 -2.243440151214599609e+00
7.287000000000000000e+03 -2.250731229782104492e+00
7.288000000000000000e+03 -2.236818075180053711e+00
7.289000000000000000e+03 -2.241745471954345703e+00
7.290000000000000000e+03 -2.228697061538696289e+00
7.291000000000000000e+03 -2.230828046798706055e+00
7.292000000000000000e+03 -2.250442028045654297e+00
7.293000000000000000e+03 -2.226806640625000000e+00
7.294000000000000000e+03 -2.228106975555419922e+00
7.295000000000000000e+03 -2.223594188690185547e+00
7.296000000000000000e+03 -2.216217041015625000e+00
7.297000000000000000e+03 -2.229407310485839844e+00
7.298000000000000000e+03 -2.237843990325927734e+00
7.299000000000000000e+03 -2.273489475250244141e+00
7.300000000000000000e+03 -2.267720699310302734e+00
7.301000000000000000e+03 -2.272476673126220703e+00
7.302000000000000000e+03 -2.281801223754882812e+00
7.303000000000000000e+03 -2.272668838500976562e+00
7.304000000000000000e+03 -2.255930423736572266e+00
7.305000000000000000e+03 -2.264414787292480469e+00
7.306000000000000000e+03 -2.250723600387573242e+00
7.307000000000000000e+03 -2.256167173385620117e+00
7.308000000000000000e+03 -2.226103782653808594e+00
7.309000000000000000e+03 -2.244453668594360352e+00
7.310000000000000000e+03 -2.242044448852539062e+00
7.311000000000000000e+03 -2.236139059066772461e+00
7.312000000000000000e+03 -2.246274471282958984e+00
7.313000000000000000e+03 -2.262730598449707031e+00
7.314000000000000000e+03 -2.267982959747314453e+00
7.315000000000000000e+03 -2.244461774826049805e+00
7.316000000000000000e+03 -2.265949964523315430e+00
7.317000000000000000e+03 -2.257951736450195312e+00
7.318000000000000000e+03 -2.230379819869995117e+00
7.319000000000000000e+03 -2.274326324462890625e+00
7.320000000000000000e+03 -2.253570079803466797e+00
7.321000000000000000e+03 -2.221138954162597656e+00
7.322000000000000000e+03 -2.224243402481079102e+00
7.323000000000000000e+03 -2.246929407119750977e+00
7.324000000000000000e+03 -2.248420000076293945e+00
7.325000000000000000e+03 -2.202088356018066406e+00
7.326000000000000000e+03 -2.231189250946044922e+00
7.327000000000000000e+03 -2.217466831207275391e+00
7.328000000000000000e+03 -2.224783182144165039e+00
7.329000000000000000e+03 -2.203605651855468750e+00
7.330000000000000000e+03 -2.205363750457763672e+00
7.331000000000000000e+03 -2.219703674316406250e+00
7.332000000000000000e+03 -2.207837104797363281e+00
7.333000000000000000e+03 -2.211271047592163086e+00
7.334000000000000000e+03 -2.214795589447021484e+00
7.335000000000000000e+03 -2.196780204772949219e+00
7.336000000000000000e+03 -2.220886945724487305e+00
7.337000000000000000e+03 -2.260713100433349609e+00
7.338000000000000000e+03 -2.240541458129882812e+00
7.339000000000000000e+03 -2.262531280517578125e+00
7.340000000000000000e+03 -2.260753393173217773e+00
7.341000000000000000e+03 -2.270206451416015625e+00
7.342000000000000000e+03 -2.264895200729370117e+00
7.343000000000000000e+03 -2.224021434783935547e+00
7.344000000000000000e+03 -2.265386104583740234e+00
7.345000000000000000e+03 -2.257843494415283203e+00
7.346000000000000000e+03 -2.244291305541992188e+00
7.347000000000000000e+03 -2.235673904418945312e+00
7.348000000000000000e+03 -2.211195230484008789e+00
7.349000000000000000e+03 -2.229907035827636719e+00
7.350000000000000000e+03 -2.258068084716796875e+00
7.351000000000000000e+03 -2.212900638580322266e+00
7.352000000000000000e+03 -2.208585500717163086e+00
7.353000000000000000e+03 -2.223625183105468750e+00
7.354000000000000000e+03 -2.233958482742309570e+00
7.355000000000000000e+03 -2.212659597396850586e+00
7.356000000000000000e+03 -2.230082511901855469e+00
7.357000000000000000e+03 -2.240099191665649414e+00
7.358000000000000000e+03 -2.251312255859375000e+00
7.359000000000000000e+03 -2.256024360656738281e+00
7.360000000000000000e+03 -2.230204343795776367e+00
7.361000000000000000e+03 -2.228698968887329102e+00
7.362000000000000000e+03 -2.234136819839477539e+00
7.363000000000000000e+03 -2.220634222030639648e+00
7.364000000000000000e+03 -2.264312744140625000e+00
7.365000000000000000e+03 -2.237013339996337891e+00
7.366000000000000000e+03 -2.234662771224975586e+00
7.367000000000000000e+03 -2.214867115020751953e+00
7.368000000000000000e+03 -2.214930534362792969e+00
7.369000000000000000e+03 -2.220755577087402344e+00
7.370000000000000000e+03 -2.222074508666992188e+00
7.371000000000000000e+03 -2.213484525680541992e+00
7.372000000000000000e+03 -2.213444709777832031e+00
7.373000000000000000e+03 -2.208777904510498047e+00
7.374000000000000000e+03 -2.200102329254150391e+00
7.375000000000000000e+03 -2.196230411529541016e+00
7.376000000000000000e+03 -2.173268795013427734e+00
7.377000000000000000e+03 -2.215289831161499023e+00
7.378000000000000000e+03 -2.244122266769409180e+00
7.379000000000000000e+03 -2.226568460464477539e+00
7.380000000000000000e+03 -2.223050117492675781e+00
7.381000000000000000e+03 -2.233810901641845703e+00
7.382000000000000000e+03 -2.204342126846313477e+00
7.383000000000000000e+03 -2.213242769241333008e+00
7.384000000000000000e+03 -2.187620162963867188e+00
7.385000000000000000e+03 -2.196780204772949219e+00
7.386000000000000000e+03 -2.190917015075683594e+00
7.387000000000000000e+03 -2.196305751800537109e+00
7.388000000000000000e+03 -2.162466287612915039e+00
7.389000000000000000e+03 -2.200096607208251953e+00
7.390000000000000000e+03 -2.182904243469238281e+00
7.391000000000000000e+03 -2.165394306182861328e+00
7.392000000000000000e+03 -2.164728879928588867e+00
7.393000000000000000e+03 -2.173552274703979492e+00
7.394000000000000000e+03 -2.151242256164550781e+00
7.395000000000000000e+03 -2.170338630676269531e+00
7.396000000000000000e+03 -2.170567512512207031e+00
7.397000000000000000e+03 -2.202535629272460938e+00
7.398000000000000000e+03 -2.195709228515625000e+00
7.399000000000000000e+03 -2.151040077209472656e+00
7.400000000000000000e+03 -2.195112705230712891e+00
7.401000000000000000e+03 -2.193851232528686523e+00
7.402000000000000000e+03 -2.209346771240234375e+00
7.403000000000000000e+03 -2.170378446578979492e+00
7.404000000000000000e+03 -2.205796003341674805e+00
7.405000000000000000e+03 -2.180049896240234375e+00
7.406000000000000000e+03 -2.192004680633544922e+00
7.407000000000000000e+03 -2.176771879196166992e+00
7.408000000000000000e+03 -2.171455144882202148e+00
7.409000000000000000e+03 -2.200472354888916016e+00
7.410000000000000000e+03 -2.184889316558837891e+00
7.411000000000000000e+03 -2.178061008453369141e+00
7.412000000000000000e+03 -2.199040174484252930e+00
7.413000000000000000e+03 -2.178393363952636719e+00
7.414000000000000000e+03 -2.190499782562255859e+00
7.415000000000000000e+03 -2.165769338607788086e+00
7.416000000000000000e+03 -2.168544530868530273e+00
7.417000000000000000e+03 -2.182291269302368164e+00
7.418000000000000000e+03 -2.184221506118774414e+00
7.419000000000000000e+03 -2.175886869430541992e+00
7.420000000000000000e+03 -2.203321933746337891e+00
7.421000000000000000e+03 -2.199407339096069336e+00
7.422000000000000000e+03 -2.181837081909179688e+00
7.423000000000000000e+03 -2.177115440368652344e+00
7.424000000000000000e+03 -2.186554908752441406e+00
7.425000000000000000e+03 -2.173383235931396484e+00
7.426000000000000000e+03 -2.174727916717529297e+00
7.427000000000000000e+03 -2.186897516250610352e+00
7.428000000000000000e+03 -2.196620464324951172e+00
7.429000000000000000e+03 -2.169234752655029297e+00
7.430000000000000000e+03 -2.177286148071289062e+00
7.431000000000000000e+03 -2.161482334136962891e+00
7.432000000000000000e+03 -2.213326454162597656e+00
7.433000000000000000e+03 -2.240831375122070312e+00
7.434000000000000000e+03 -2.186861276626586914e+00
7.435000000000000000e+03 -2.170223712921142578e+00
7.436000000000000000e+03 -2.179014682769775391e+00
7.437000000000000000e+03 -2.138577699661254883e+00
7.438000000000000000e+03 -2.132619619369506836e+00
7.439000000000000000e+03 -2.141505718231201172e+00
7.440000000000000000e+03 -2.164223670959472656e+00
7.441000000000000000e+03 -2.147616624832153320e+00
7.442000000000000000e+03 -2.203729867935180664e+00
7.443000000000000000e+03 -2.198708772659301758e+00
7.444000000000000000e+03 -2.147241830825805664e+00
7.445000000000000000e+03 -2.174499034881591797e+00
7.446000000000000000e+03 -2.184545278549194336e+00
7.447000000000000000e+03 -2.149245738983154297e+00
7.448000000000000000e+03 -2.187452793121337891e+00
7.449000000000000000e+03 -2.172559738159179688e+00
7.450000000000000000e+03 -2.163647174835205078e+00
7.451000000000000000e+03 -2.192963123321533203e+00
7.452000000000000000e+03 -2.168833494186401367e+00
7.453000000000000000e+03 -2.189356803894042969e+00
7.454000000000000000e+03 -2.191105365753173828e+00
7.455000000000000000e+03 -2.169068336486816406e+00
7.456000000000000000e+03 -2.159715414047241211e+00
7.457000000000000000e+03 -2.149219989776611328e+00
7.458000000000000000e+03 -2.138165950775146484e+00
7.459000000000000000e+03 -2.172047615051269531e+00
7.460000000000000000e+03 -2.196568965911865234e+00
7.461000000000000000e+03 -2.200103521347045898e+00
7.462000000000000000e+03 -2.159593105316162109e+00
7.463000000000000000e+03 -2.153573513031005859e+00
7.464000000000000000e+03 -2.198465347290039062e+00
7.465000000000000000e+03 -2.201327085494995117e+00
7.466000000000000000e+03 -2.188764095306396484e+00
7.467000000000000000e+03 -2.196942090988159180e+00
7.468000000000000000e+03 -2.191158533096313477e+00
7.469000000000000000e+03 -2.187284469604492188e+00
7.470000000000000000e+03 -2.219463825225830078e+00
7.471000000000000000e+03 -2.218049049377441406e+00
7.472000000000000000e+03 -2.217901706695556641e+00
7.473000000000000000e+03 -2.158958911895751953e+00
7.474000000000000000e+03 -2.194616317749023438e+00
7.475000000000000000e+03 -2.206805706024169922e+00
7.476000000000000000e+03 -2.180796384811401367e+00
7.477000000000000000e+03 -2.209897279739379883e+00
7.478000000000000000e+03 -2.227341651916503906e+00
7.479000000000000000e+03 -2.246322393417358398e+00
7.480000000000000000e+03 -2.202442169189453125e+00
7.481000000000000000e+03 -2.187904119491577148e+00
7.482000000000000000e+03 -2.214919567108154297e+00
7.483000000000000000e+03 -2.199599742889404297e+00
7.484000000000000000e+03 -2.226562023162841797e+00
7.485000000000000000e+03 -2.192876577377319336e+00
7.486000000000000000e+03 -2.213276386260986328e+00
7.487000000000000000e+03 -2.232071399688720703e+00
7.488000000000000000e+03 -2.220079421997070312e+00
7.489000000000000000e+03 -2.245430469512939453e+00
7.490000000000000000e+03 -2.235360622406005859e+00
7.491000000000000000e+03 -2.206630945205688477e+00
7.492000000000000000e+03 -2.219674348831176758e+00
7.493000000000000000e+03 -2.198118209838867188e+00
7.494000000000000000e+03 -2.228453874588012695e+00
7.495000000000000000e+03 -2.230346679687500000e+00
7.496000000000000000e+03 -2.223062515258789062e+00
7.497000000000000000e+03 -2.214191913604736328e+00
7.498000000000000000e+03 -2.224227666854858398e+00
7.499000000000000000e+03 -2.206749916076660156e+00
7.500000000000000000e+03 -2.207096338272094727e+00
7.501000000000000000e+03 -2.204211235046386719e+00
7.502000000000000000e+03 -2.202740192413330078e+00
7.503000000000000000e+03 -2.192992925643920898e+00
7.504000000000000000e+03 -2.195799350738525391e+00
7.505000000000000000e+03 -2.215305805206298828e+00
7.506000000000000000e+03 -2.209536314010620117e+00
7.507000000000000000e+03 -2.203288078308105469e+00
7.508000000000000000e+03 -2.239502906799316406e+00
7.509000000000000000e+03 -2.188055753707885742e+00
7.510000000000000000e+03 -2.186474561691284180e+00
7.511000000000000000e+03 -2.180748462677001953e+00
7.512000000000000000e+03 -2.184711933135986328e+00
7.513000000000000000e+03 -2.201825857162475586e+00
7.514000000000000000e+03 -2.218011379241943359e+00
7.515000000000000000e+03 -2.207286596298217773e+00
7.516000000000000000e+03 -2.203671216964721680e+00
7.517000000000000000e+03 -2.192539215087890625e+00
7.518000000000000000e+03 -2.161672830581665039e+00
7.519000000000000000e+03 -2.169790029525756836e+00
7.520000000000000000e+03 -2.210039854049682617e+00
7.521000000000000000e+03 -2.195408821105957031e+00
7.522000000000000000e+03 -2.191709518432617188e+00
7.523000000000000000e+03 -2.208437442779541016e+00
7.524000000000000000e+03 -2.171973705291748047e+00
7.525000000000000000e+03 -2.147616863250732422e+00
7.526000000000000000e+03 -2.159749507904052734e+00
7.527000000000000000e+03 -2.202186346054077148e+00
7.528000000000000000e+03 -2.219367504119873047e+00
7.529000000000000000e+03 -2.201089143753051758e+00
7.530000000000000000e+03 -2.224518775939941406e+00
7.531000000000000000e+03 -2.195303678512573242e+00
7.532000000000000000e+03 -2.217890024185180664e+00
7.533000000000000000e+03 -2.192245483398437500e+00
7.534000000000000000e+03 -2.199273824691772461e+00
7.535000000000000000e+03 -2.229248762130737305e+00
7.536000000000000000e+03 -2.207324266433715820e+00
7.537000000000000000e+03 -2.186525344848632812e+00
7.538000000000000000e+03 -2.202400445938110352e+00
7.539000000000000000e+03 -2.215242147445678711e+00
7.540000000000000000e+03 -2.215197086334228516e+00
7.541000000000000000e+03 -2.175285339355468750e+00
7.542000000000000000e+03 -2.199519395828247070e+00
7.543000000000000000e+03 -2.229492664337158203e+00
7.544000000000000000e+03 -2.192559242248535156e+00
7.545000000000000000e+03 -2.185513019561767578e+00
7.546000000000000000e+03 -2.172619581222534180e+00
7.547000000000000000e+03 -2.209086656570434570e+00
7.548000000000000000e+03 -2.223640441894531250e+00
7.549000000000000000e+03 -2.211126327514648438e+00
7.550000000000000000e+03 -2.228825569152832031e+00
7.551000000000000000e+03 -2.178894996643066406e+00
7.552000000000000000e+03 -2.198539257049560547e+00
7.553000000000000000e+03 -2.245993614196777344e+00
7.554000000000000000e+03 -2.246975898742675781e+00
7.555000000000000000e+03 -2.195549726486206055e+00
7.556000000000000000e+03 -2.195703029632568359e+00
7.557000000000000000e+03 -2.166038036346435547e+00
7.558000000000000000e+03 -2.167949676513671875e+00
7.559000000000000000e+03 -2.171344041824340820e+00
7.560000000000000000e+03 -2.207740783691406250e+00
7.561000000000000000e+03 -2.167584419250488281e+00
7.562000000000000000e+03 -2.194739818572998047e+00
7.563000000000000000e+03 -2.206553936004638672e+00
7.564000000000000000e+03 -2.196963071823120117e+00
7.565000000000000000e+03 -2.214362859725952148e+00
7.566000000000000000e+03 -2.199612855911254883e+00
7.567000000000000000e+03 -2.200520277023315430e+00
7.568000000000000000e+03 -2.220543861389160156e+00
7.569000000000000000e+03 -2.197259187698364258e+00
7.570000000000000000e+03 -2.180576562881469727e+00
7.571000000000000000e+03 -2.168675184249877930e+00
7.572000000000000000e+03 -2.215106964111328125e+00
7.573000000000000000e+03 -2.211166143417358398e+00
7.574000000000000000e+03 -2.194467544555664062e+00
7.575000000000000000e+03 -2.221811294555664062e+00
7.576000000000000000e+03 -2.235563755035400391e+00
7.577000000000000000e+03 -2.223753452301025391e+00
7.578000000000000000e+03 -2.203642606735229492e+00
7.579000000000000000e+03 -2.197078704833984375e+00
7.580000000000000000e+03 -2.248662948608398438e+00
7.581000000000000000e+03 -2.240792989730834961e+00
7.582000000000000000e+03 -2.209168672561645508e+00
7.583000000000000000e+03 -2.209009647369384766e+00
7.584000000000000000e+03 -2.222109794616699219e+00
7.585000000000000000e+03 -2.216980457305908203e+00
7.586000000000000000e+03 -2.229973793029785156e+00
7.587000000000000000e+03 -2.217329025268554688e+00
7.588000000000000000e+03 -2.212807655334472656e+00
7.589000000000000000e+03 -2.238104343414306641e+00
7.590000000000000000e+03 -2.193626880645751953e+00
7.591000000000000000e+03 -2.233412265777587891e+00
7.592000000000000000e+03 -2.231628179550170898e+00
7.593000000000000000e+03 -2.224482536315917969e+00
7.594000000000000000e+03 -2.232680797576904297e+00
7.595000000000000000e+03 -2.204613208770751953e+00
7.596000000000000000e+03 -2.191627979278564453e+00
7.597000000000000000e+03 -2.204665899276733398e+00
7.598000000000000000e+03 -2.197356462478637695e+00
7.599000000000000000e+03 -2.177510499954223633e+00
7.600000000000000000e+03 -2.213382005691528320e+00
7.601000000000000000e+03 -2.229835033416748047e+00
7.602000000000000000e+03 -2.196816682815551758e+00
7.603000000000000000e+03 -2.217175483703613281e+00
7.604000000000000000e+03 -2.200584888458251953e+00
7.605000000000000000e+03 -2.198990345001220703e+00
7.606000000000000000e+03 -2.178778171539306641e+00
7.607000000000000000e+03 -2.176167964935302734e+00
7.608000000000000000e+03 -2.199266672134399414e+00
7.609000000000000000e+03 -2.208998203277587891e+00
7.610000000000000000e+03 -2.192654609680175781e+00
7.611000000000000000e+03 -2.248860836029052734e+00
7.612000000000000000e+03 -2.232656478881835938e+00
7.613000000000000000e+03 -2.195018291473388672e+00
7.614000000000000000e+03 -2.196395874023437500e+00
7.615000000000000000e+03 -2.209345102310180664e+00
7.616000000000000000e+03 -2.179029464721679688e+00
7.617000000000000000e+03 -2.224597454071044922e+00
7.618000000000000000e+03 -2.236081361770629883e+00
7.619000000000000000e+03 -2.219690322875976562e+00
7.620000000000000000e+03 -2.202770948410034180e+00
7.621000000000000000e+03 -2.265655755996704102e+00
7.622000000000000000e+03 -2.241885900497436523e+00
7.623000000000000000e+03 -2.238236427307128906e+00
7.624000000000000000e+03 -2.224199056625366211e+00
7.625000000000000000e+03 -2.277588844299316406e+00
7.626000000000000000e+03 -2.216568231582641602e+00
7.627000000000000000e+03 -2.248618841171264648e+00
7.628000000000000000e+03 -2.263444662094116211e+00
7.629000000000000000e+03 -2.269672870635986328e+00
7.630000000000000000e+03 -2.256625890731811523e+00
7.631000000000000000e+03 -2.255001544952392578e+00
7.632000000000000000e+03 -2.249095201492309570e+00
7.633000000000000000e+03 -2.253123283386230469e+00
7.634000000000000000e+03 -2.207861900329589844e+00
7.635000000000000000e+03 -2.242580413818359375e+00
7.636000000000000000e+03 -2.263306617736816406e+00
7.637000000000000000e+03 -2.238317489624023438e+00
7.638000000000000000e+03 -2.208748102188110352e+00
7.639000000000000000e+03 -2.274844646453857422e+00
7.640000000000000000e+03 -2.266999244689941406e+00
7.641000000000000000e+03 -2.244816064834594727e+00
7.642000000000000000e+03 -2.237270116806030273e+00
7.643000000000000000e+03 -2.231930017471313477e+00
7.644000000000000000e+03 -2.241315126419067383e+00
7.645000000000000000e+03 -2.231420516967773438e+00
7.646000000000000000e+03 -2.263847112655639648e+00
7.647000000000000000e+03 -2.226125001907348633e+00
7.648000000000000000e+03 -2.227293968200683594e+00
7.649000000000000000e+03 -2.213149070739746094e+00
7.650000000000000000e+03 -2.230796575546264648e+00
7.651000000000000000e+03 -2.229114294052124023e+00
7.652000000000000000e+03 -2.232023715972900391e+00
7.653000000000000000e+03 -2.231501102447509766e+00
7.654000000000000000e+03 -2.231899023056030273e+00
7.655000000000000000e+03 -2.179776668548583984e+00
7.656000000000000000e+03 -2.190316915512084961e+00
7.657000000000000000e+03 -2.203945159912109375e+00
7.658000000000000000e+03 -2.193967103958129883e+00
7.659000000000000000e+03 -2.176630020141601562e+00
7.660000000000000000e+03 -2.202033042907714844e+00
7.661000000000000000e+03 -2.176615238189697266e+00
7.662000000000000000e+03 -2.124000549316406250e+00
7.663000000000000000e+03 -2.177269220352172852e+00
7.664000000000000000e+03 -2.197615623474121094e+00
7.665000000000000000e+03 -2.141082048416137695e+00
7.666000000000000000e+03 -2.166883468627929688e+00
7.667000000000000000e+03 -2.165001153945922852e+00
7.668000000000000000e+03 -2.185475349426269531e+00
7.669000000000000000e+03 -2.191754341125488281e+00
7.670000000000000000e+03 -2.179626464843750000e+00
7.671000000000000000e+03 -2.207601547241210938e+00
7.672000000000000000e+03 -2.158821105957031250e+00
7.673000000000000000e+03 -2.180506229400634766e+00
7.674000000000000000e+03 -2.210340261459350586e+00
7.675000000000000000e+03 -2.210990667343139648e+00
7.676000000000000000e+03 -2.215994834899902344e+00
7.677000000000000000e+03 -2.178306579589843750e+00
7.678000000000000000e+03 -2.169157028198242188e+00
7.679000000000000000e+03 -2.183219432830810547e+00
7.680000000000000000e+03 -2.201077461242675781e+00
7.681000000000000000e+03 -2.171870231628417969e+00
7.682000000000000000e+03 -2.237743854522705078e+00
7.683000000000000000e+03 -2.201153039932250977e+00
7.684000000000000000e+03 -2.198298931121826172e+00
7.685000000000000000e+03 -2.186332941055297852e+00
7.686000000000000000e+03 -2.196979761123657227e+00
7.687000000000000000e+03 -2.211068630218505859e+00
7.688000000000000000e+03 -2.182883262634277344e+00
7.689000000000000000e+03 -2.173960208892822266e+00
7.690000000000000000e+03 -2.166825056076049805e+00
7.691000000000000000e+03 -2.161300182342529297e+00
7.692000000000000000e+03 -2.174873352050781250e+00
7.693000000000000000e+03 -2.177304983139038086e+00
7.694000000000000000e+03 -2.196203231811523438e+00
7.695000000000000000e+03 -2.178165435791015625e+00
7.696000000000000000e+03 -2.173464775085449219e+00
7.697000000000000000e+03 -2.197928428649902344e+00
7.698000000000000000e+03 -2.233399629592895508e+00
7.699000000000000000e+03 -2.227574348449707031e+00
7.700000000000000000e+03 -2.195038795471191406e+00
7.701000000000000000e+03 -2.184216499328613281e+00
7.702000000000000000e+03 -2.188847064971923828e+00
7.703000000000000000e+03 -2.208843469619750977e+00
7.704000000000000000e+03 -2.220810890197753906e+00
7.705000000000000000e+03 -2.214325428009033203e+00
7.706000000000000000e+03 -2.212815523147583008e+00
7.707000000000000000e+03 -2.232113838195800781e+00
7.708000000000000000e+03 -2.200967788696289062e+00
7.709000000000000000e+03 -2.189801454544067383e+00
7.710000000000000000e+03 -2.214262485504150391e+00
7.711000000000000000e+03 -2.212692737579345703e+00
7.712000000000000000e+03 -2.196206092834472656e+00
7.713000000000000000e+03 -2.211099863052368164e+00
7.714000000000000000e+03 -2.202999830245971680e+00
7.715000000000000000e+03 -2.192190885543823242e+00
7.716000000000000000e+03 -2.224656105041503906e+00
7.717000000000000000e+03 -2.180879592895507812e+00
7.718000000000000000e+03 -2.172060251235961914e+00
7.719000000000000000e+03 -2.199911355972290039e+00
7.720000000000000000e+03 -2.196401357650756836e+00
7.721000000000000000e+03 -2.187916755676269531e+00
7.722000000000000000e+03 -2.203626394271850586e+00
7.723000000000000000e+03 -2.229142189025878906e+00
7.724000000000000000e+03 -2.217675209045410156e+00
7.725000000000000000e+03 -2.215310096740722656e+00
7.726000000000000000e+03 -2.216609954833984375e+00
7.727000000000000000e+03 -2.200634956359863281e+00
7.728000000000000000e+03 -2.221055269241333008e+00
7.729000000000000000e+03 -2.189084768295288086e+00
7.730000000000000000e+03 -2.245391607284545898e+00
7.731000000000000000e+03 -2.202881336212158203e+00
7.732000000000000000e+03 -2.207648992538452148e+00
7.733000000000000000e+03 -2.227579355239868164e+00
7.734000000000000000e+03 -2.261713981628417969e+00
7.735000000000000000e+03 -2.234749317169189453e+00
7.736000000000000000e+03 -2.234316825866699219e+00
7.737000000000000000e+03 -2.223596096038818359e+00
7.738000000000000000e+03 -2.237467765808105469e+00
7.739000000000000000e+03 -2.235589981079101562e+00
7.740000000000000000e+03 -2.244096279144287109e+00
7.741000000000000000e+03 -2.254342555999755859e+00
7.742000000000000000e+03 -2.243847846984863281e+00
7.743000000000000000e+03 -2.244136810302734375e+00
7.744000000000000000e+03 -2.194143056869506836e+00
7.745000000000000000e+03 -2.214810848236083984e+00
7.746000000000000000e+03 -2.243721008300781250e+00
7.747000000000000000e+03 -2.239118576049804688e+00
7.748000000000000000e+03 -2.250564575195312500e+00
7.749000000000000000e+03 -2.226408004760742188e+00
7.750000000000000000e+03 -2.228249788284301758e+00
7.751000000000000000e+03 -2.249519824981689453e+00
7.752000000000000000e+03 -2.272011756896972656e+00
7.753000000000000000e+03 -2.258644580841064453e+00
7.754000000000000000e+03 -2.227544307708740234e+00
7.755000000000000000e+03 -2.253459930419921875e+00
7.756000000000000000e+03 -2.229733467102050781e+00
7.757000000000000000e+03 -2.275269508361816406e+00
7.758000000000000000e+03 -2.242485046386718750e+00
7.759000000000000000e+03 -2.246625900268554688e+00
7.760000000000000000e+03 -2.195689678192138672e+00
7.761000000000000000e+03 -2.223930835723876953e+00
7.762000000000000000e+03 -2.234913110733032227e+00
7.763000000000000000e+03 -2.273670434951782227e+00
7.764000000000000000e+03 -2.243617534637451172e+00
7.765000000000000000e+03 -2.213647842407226562e+00
7.766000000000000000e+03 -2.219126939773559570e+00
7.767000000000000000e+03 -2.247879743576049805e+00
7.768000000000000000e+03 -2.234431266784667969e+00
7.769000000000000000e+03 -2.241801738739013672e+00
7.770000000000000000e+03 -2.231049776077270508e+00
7.771000000000000000e+03 -2.231630325317382812e+00
7.772000000000000000e+03 -2.247781276702880859e+00
7.773000000000000000e+03 -2.231934309005737305e+00
7.774000000000000000e+03 -2.198374032974243164e+00
7.775000000000000000e+03 -2.230060815811157227e+00
7.776000000000000000e+03 -2.196149349212646484e+00
7.777000000000000000e+03 -2.232262372970581055e+00
7.778000000000000000e+03 -2.206866741180419922e+00
7.779000000000000000e+03 -2.213706731796264648e+00
7.780000000000000000e+03 -2.246363878250122070e+00
7.781000000000000000e+03 -2.249924659729003906e+00
7.782000000000000000e+03 -2.252453565597534180e+00
7.783000000000000000e+03 -2.220857381820678711e+00
7.784000000000000000e+03 -2.217925548553466797e+00
7.785000000000000000e+03 -2.200349807739257812e+00
7.786000000000000000e+03 -2.184129714965820312e+00
7.787000000000000000e+03 -2.194192171096801758e+00
7.788000000000000000e+03 -2.180591821670532227e+00
7.789000000000000000e+03 -2.190171241760253906e+00
7.790000000000000000e+03 -2.196007013320922852e+00
7.791000000000000000e+03 -2.177608013153076172e+00
7.792000000000000000e+03 -2.199352741241455078e+00
7.793000000000000000e+03 -2.222151517868041992e+00
7.794000000000000000e+03 -2.193427562713623047e+00
7.795000000000000000e+03 -2.260463714599609375e+00
7.796000000000000000e+03 -2.241667747497558594e+00
7.797000000000000000e+03 -2.233878374099731445e+00
7.798000000000000000e+03 -2.235246658325195312e+00
7.799000000000000000e+03 -2.267246246337890625e+00
7.800000000000000000e+03 -2.235418319702148438e+00
7.801000000000000000e+03 -2.228985786437988281e+00
7.802000000000000000e+03 -2.253949642181396484e+00
7.803000000000000000e+03 -2.250325918197631836e+00
7.804000000000000000e+03 -2.227295875549316406e+00
7.805000000000000000e+03 -2.218389034271240234e+00
7.806000000000000000e+03 -2.276889324188232422e+00
7.807000000000000000e+03 -2.213925123214721680e+00
7.808000000000000000e+03 -2.222673416137695312e+00
7.809000000000000000e+03 -2.228152036666870117e+00
7.810000000000000000e+03 -2.224283456802368164e+00
7.811000000000000000e+03 -2.191368341445922852e+00
7.812000000000000000e+03 -2.203319787979125977e+00
7.813000000000000000e+03 -2.224418401718139648e+00
7.814000000000000000e+03 -2.208153724670410156e+00
7.815000000000000000e+03 -2.185966968536376953e+00
7.816000000000000000e+03 -2.233755826950073242e+00
7.817000000000000000e+03 -2.221852540969848633e+00
7.818000000000000000e+03 -2.241025686264038086e+00
7.819000000000000000e+03 -2.220574378967285156e+00
7.820000000000000000e+03 -2.214854717254638672e+00
7.821000000000000000e+03 -2.226244211196899414e+00
7.822000000000000000e+03 -2.239418745040893555e+00
7.823000000000000000e+03 -2.230853557586669922e+00
7.824000000000000000e+03 -2.234357357025146484e+00
7.825000000000000000e+03 -2.227116823196411133e+00
7.826000000000000000e+03 -2.227666854858398438e+00
7.827000000000000000e+03 -2.222269535064697266e+00
7.828000000000000000e+03 -2.212887763977050781e+00
7.829000000000000000e+03 -2.215259075164794922e+00
7.830000000000000000e+03 -2.206742286682128906e+00
7.831000000000000000e+03 -2.236817598342895508e+00
7.832000000000000000e+03 -2.258691310882568359e+00
7.833000000000000000e+03 -2.232175827026367188e+00
7.834000000000000000e+03 -2.219151020050048828e+00
7.835000000000000000e+03 -2.222405672073364258e+00
7.836000000000000000e+03 -2.201996326446533203e+00
7.837000000000000000e+03 -2.211969375610351562e+00
7.838000000000000000e+03 -2.232253789901733398e+00
7.839000000000000000e+03 -2.259227514266967773e+00
7.840000000000000000e+03 -2.275127887725830078e+00
7.841000000000000000e+03 -2.239758968353271484e+00
7.842000000000000000e+03 -2.228134393692016602e+00
7.843000000000000000e+03 -2.228316545486450195e+00
7.844000000000000000e+03 -2.251537084579467773e+00
7.845000000000000000e+03 -2.260206937789916992e+00
7.846000000000000000e+03 -2.218548297882080078e+00
7.847000000000000000e+03 -2.214037418365478516e+00
7.848000000000000000e+03 -2.239317417144775391e+00
7.849000000000000000e+03 -2.232935905456542969e+00
7.850000000000000000e+03 -2.210144281387329102e+00
7.851000000000000000e+03 -2.255646228790283203e+00
7.852000000000000000e+03 -2.219426631927490234e+00
7.853000000000000000e+03 -2.232766151428222656e+00
7.854000000000000000e+03 -2.232408046722412109e+00
7.855000000000000000e+03 -2.259647846221923828e+00
7.856000000000000000e+03 -2.215272665023803711e+00
7.857000000000000000e+03 -2.239729642868041992e+00
7.858000000000000000e+03 -2.223377466201782227e+00
7.859000000000000000e+03 -2.234367132186889648e+00
7.860000000000000000e+03 -2.220425605773925781e+00
7.861000000000000000e+03 -2.249083042144775391e+00
7.862000000000000000e+03 -2.241687774658203125e+00
7.863000000000000000e+03 -2.229999303817749023e+00
7.864000000000000000e+03 -2.204667806625366211e+00
7.865000000000000000e+03 -2.237303018569946289e+00
7.866000000000000000e+03 -2.266347408294677734e+00
7.867000000000000000e+03 -2.235255479812622070e+00
7.868000000000000000e+03 -2.262994289398193359e+00
7.869000000000000000e+03 -2.218565940856933594e+00
7.870000000000000000e+03 -2.248235464096069336e+00
7.871000000000000000e+03 -2.230187416076660156e+00
7.872000000000000000e+03 -2.240393161773681641e+00
7.873000000000000000e+03 -2.224972724914550781e+00
7.874000000000000000e+03 -2.234112501144409180e+00
7.875000000000000000e+03 -2.265461444854736328e+00
7.876000000000000000e+03 -2.204459667205810547e+00
7.877000000000000000e+03 -2.252473354339599609e+00
7.878000000000000000e+03 -2.240880966186523438e+00
7.879000000000000000e+03 -2.237332820892333984e+00
7.880000000000000000e+03 -2.206099987030029297e+00
7.881000000000000000e+03 -2.233736276626586914e+00
7.882000000000000000e+03 -2.237110137939453125e+00
7.883000000000000000e+03 -2.197539806365966797e+00
7.884000000000000000e+03 -2.187935829162597656e+00
7.885000000000000000e+03 -2.191895484924316406e+00
7.886000000000000000e+03 -2.226803302764892578e+00
7.887000000000000000e+03 -2.238492250442504883e+00
7.888000000000000000e+03 -2.219444274902343750e+00
7.889000000000000000e+03 -2.237604856491088867e+00
7.890000000000000000e+03 -2.225002765655517578e+00
7.891000000000000000e+03 -2.222521781921386719e+00
7.892000000000000000e+03 -2.229380130767822266e+00
7.893000000000000000e+03 -2.210048913955688477e+00
7.894000000000000000e+03 -2.206513166427612305e+00
7.895000000000000000e+03 -2.197301387786865234e+00
7.896000000000000000e+03 -2.193828821182250977e+00
7.897000000000000000e+03 -2.227244377136230469e+00
7.898000000000000000e+03 -2.224329948425292969e+00
7.899000000000000000e+03 -2.205701351165771484e+00
7.900000000000000000e+03 -2.216360569000244141e+00
7.901000000000000000e+03 -2.231439113616943359e+00
7.902000000000000000e+03 -2.214761734008789062e+00
7.903000000000000000e+03 -2.186043262481689453e+00
7.904000000000000000e+03 -2.210247039794921875e+00
7.905000000000000000e+03 -2.219253063201904297e+00
7.906000000000000000e+03 -2.185332298278808594e+00
7.907000000000000000e+03 -2.219105482101440430e+00
7.908000000000000000e+03 -2.209027767181396484e+00
7.909000000000000000e+03 -2.194017887115478516e+00
7.910000000000000000e+03 -2.185485363006591797e+00
7.911000000000000000e+03 -2.187187671661376953e+00
7.912000000000000000e+03 -2.197999477386474609e+00
7.913000000000000000e+03 -2.251713037490844727e+00
7.914000000000000000e+03 -2.219603538513183594e+00
7.915000000000000000e+03 -2.233843088150024414e+00
7.916000000000000000e+03 -2.232566356658935547e+00
7.917000000000000000e+03 -2.243941783905029297e+00
7.918000000000000000e+03 -2.262137651443481445e+00
7.919000000000000000e+03 -2.250864982604980469e+00
7.920000000000000000e+03 -2.275563240051269531e+00
7.921000000000000000e+03 -2.263615846633911133e+00
7.922000000000000000e+03 -2.239743232727050781e+00
7.923000000000000000e+03 -2.259064197540283203e+00
7.924000000000000000e+03 -2.286162853240966797e+00
7.925000000000000000e+03 -2.266726732254028320e+00
7.926000000000000000e+03 -2.219861030578613281e+00
7.927000000000000000e+03 -2.234109878540039062e+00
7.928000000000000000e+03 -2.221498250961303711e+00
7.929000000000000000e+03 -2.246075630187988281e+00
7.930000000000000000e+03 -2.250788688659667969e+00
7.931000000000000000e+03 -2.279395818710327148e+00
7.932000000000000000e+03 -2.273115634918212891e+00
7.933000000000000000e+03 -2.257582187652587891e+00
7.934000000000000000e+03 -2.294190168380737305e+00
7.935000000000000000e+03 -2.227538824081420898e+00
7.936000000000000000e+03 -2.255404472351074219e+00
7.937000000000000000e+03 -2.238399028778076172e+00
7.938000000000000000e+03 -2.214250564575195312e+00
7.939000000000000000e+03 -2.204802513122558594e+00
7.940000000000000000e+03 -2.227711677551269531e+00
7.941000000000000000e+03 -2.200793504714965820e+00
7.942000000000000000e+03 -2.198115825653076172e+00
7.943000000000000000e+03 -2.172445774078369141e+00
7.944000000000000000e+03 -2.171596765518188477e+00
7.945000000000000000e+03 -2.196468353271484375e+00
7.946000000000000000e+03 -2.233732223510742188e+00
7.947000000000000000e+03 -2.239274263381958008e+00
7.948000000000000000e+03 -2.163661479949951172e+00
7.949000000000000000e+03 -2.233172655105590820e+00
7.950000000000000000e+03 -2.241430282592773438e+00
7.951000000000000000e+03 -2.246604919433593750e+00
7.952000000000000000e+03 -2.212099790573120117e+00
7.953000000000000000e+03 -2.245074987411499023e+00
7.954000000000000000e+03 -2.223498821258544922e+00
7.955000000000000000e+03 -2.223611831665039062e+00
7.956000000000000000e+03 -2.221663236618041992e+00
7.957000000000000000e+03 -2.235088586807250977e+00
7.958000000000000000e+03 -2.243640899658203125e+00
7.959000000000000000e+03 -2.189454078674316406e+00
7.960000000000000000e+03 -2.212620496749877930e+00
7.961000000000000000e+03 -2.250665187835693359e+00
7.962000000000000000e+03 -2.219486236572265625e+00
7.963000000000000000e+03 -2.228718757629394531e+00
7.964000000000000000e+03 -2.208808898925781250e+00
7.965000000000000000e+03 -2.214565753936767578e+00
7.966000000000000000e+03 -2.243155479431152344e+00
7.967000000000000000e+03 -2.262038230895996094e+00
7.968000000000000000e+03 -2.259015560150146484e+00
7.969000000000000000e+03 -2.231298685073852539e+00
7.970000000000000000e+03 -2.245903968811035156e+00
7.971000000000000000e+03 -2.231224536895751953e+00
7.972000000000000000e+03 -2.257780313491821289e+00
7.973000000000000000e+03 -2.270131587982177734e+00
7.974000000000000000e+03 -2.246272087097167969e+00
7.975000000000000000e+03 -2.225219726562500000e+00
7.976000000000000000e+03 -2.227923631668090820e+00
7.977000000000000000e+03 -2.277852058410644531e+00
7.978000000000000000e+03 -2.228677988052368164e+00
7.979000000000000000e+03 -2.255209922790527344e+00
7.980000000000000000e+03 -2.258024454116821289e+00
7.981000000000000000e+03 -2.233492374420166016e+00
7.982000000000000000e+03 -2.260858058929443359e+00
7.983000000000000000e+03 -2.275762081146240234e+00
7.984000000000000000e+03 -2.264265775680541992e+00
7.985000000000000000e+03 -2.256692647933959961e+00
7.986000000000000000e+03 -2.238273143768310547e+00
7.987000000000000000e+03 -2.221843957901000977e+00
7.988000000000000000e+03 -2.250627994537353516e+00
7.989000000000000000e+03 -2.241932392120361328e+00
7.990000000000000000e+03 -2.213929653167724609e+00
7.991000000000000000e+03 -2.207441329956054688e+00
7.992000000000000000e+03 -2.209244251251220703e+00
7.993000000000000000e+03 -2.238625049591064453e+00
7.994000000000000000e+03 -2.234463691711425781e+00
7.995000000000000000e+03 -2.265195846557617188e+00
7.996000000000000000e+03 -2.261755228042602539e+00
7.997000000000000000e+03 -2.284898281097412109e+00
7.998000000000000000e+03 -2.220914602279663086e+00
7.999000000000000000e+03 -2.253471851348876953e+00
8.000000000000000000e+03 -2.267256021499633789e+00
8.001000000000000000e+03 -2.221766233444213867e+00
8.002000000000000000e+03 -2.254857301712036133e+00
8.003000000000000000e+03 -2.220655441284179688e+00
8.004000000000000000e+03 -2.260597467422485352e+00
8.005000000000000000e+03 -2.249129295349121094e+00
8.006000000000000000e+03 -2.244597434997558594e+00
8.007000000000000000e+03 -2.246569395065307617e+00
8.008000000000000000e+03 -2.253429889678955078e+00
8.009000000000000000e+03 -2.246672391891479492e+00
8.010000000000000000e+03 -2.220697641372680664e+00
8.011000000000000000e+03 -2.212029695510864258e+00
8.012000000000000000e+03 -2.238216400146484375e+00
8.013000000000000000e+03 -2.246619462966918945e+00
8.014000000000000000e+03 -2.249659776687622070e+00
8.015000000000000000e+03 -2.277914047241210938e+00
8.016000000000000000e+03 -2.274177312850952148e+00
8.017000000000000000e+03 -2.249374628067016602e+00
8.018000000000000000e+03 -2.251034259796142578e+00
8.019000000000000000e+03 -2.259722948074340820e+00
8.020000000000000000e+03 -2.272205352783203125e+00
8.021000000000000000e+03 -2.274267673492431641e+00
8.022000000000000000e+03 -2.269622325897216797e+00
8.023000000000000000e+03 -2.238195896148681641e+00
8.024000000000000000e+03 -2.244042873382568359e+00
8.025000000000000000e+03 -2.277428627014160156e+00
8.026000000000000000e+03 -2.279629468917846680e+00
8.027000000000000000e+03 -2.281639337539672852e+00
8.028000000000000000e+03 -2.236299991607666016e+00
8.029000000000000000e+03 -2.246273040771484375e+00
8.030000000000000000e+03 -2.248125553131103516e+00
8.031000000000000000e+03 -2.250168323516845703e+00
8.032000000000000000e+03 -2.244671106338500977e+00
8.033000000000000000e+03 -2.242861032485961914e+00
8.034000000000000000e+03 -2.285033941268920898e+00
8.035000000000000000e+03 -2.247513771057128906e+00
8.036000000000000000e+03 -2.255985260009765625e+00
8.037000000000000000e+03 -2.282129764556884766e+00
8.038000000000000000e+03 -2.292795658111572266e+00
8.039000000000000000e+03 -2.285822868347167969e+00
8.040000000000000000e+03 -2.307095527648925781e+00
8.041000000000000000e+03 -2.272141933441162109e+00
8.042000000000000000e+03 -2.275348663330078125e+00
8.043000000000000000e+03 -2.253381490707397461e+00
8.044000000000000000e+03 -2.253403186798095703e+00
8.045000000000000000e+03 -2.259954214096069336e+00
8.046000000000000000e+03 -2.261381149291992188e+00
8.047000000000000000e+03 -2.245791673660278320e+00
8.048000000000000000e+03 -2.274482250213623047e+00
8.049000000000000000e+03 -2.277544975280761719e+00
8.050000000000000000e+03 -2.256552934646606445e+00
8.051000000000000000e+03 -2.244125366210937500e+00
8.052000000000000000e+03 -2.225208997726440430e+00
8.053000000000000000e+03 -2.239213466644287109e+00
8.054000000000000000e+03 -2.239869117736816406e+00
8.055000000000000000e+03 -2.286640167236328125e+00
8.056000000000000000e+03 -2.278250694274902344e+00
8.057000000000000000e+03 -2.263450622558593750e+00
8.058000000000000000e+03 -2.274275302886962891e+00
8.059000000000000000e+03 -2.272682666778564453e+00
8.060000000000000000e+03 -2.238993883132934570e+00
8.061000000000000000e+03 -2.215773105621337891e+00
8.062000000000000000e+03 -2.233569383621215820e+00
8.063000000000000000e+03 -2.230786561965942383e+00
8.064000000000000000e+03 -2.255253791809082031e+00
8.065000000000000000e+03 -2.225201129913330078e+00
8.066000000000000000e+03 -2.245902776718139648e+00
8.067000000000000000e+03 -2.237728595733642578e+00
8.068000000000000000e+03 -2.243638992309570312e+00
8.069000000000000000e+03 -2.253035306930541992e+00
8.070000000000000000e+03 -2.243551492691040039e+00
8.071000000000000000e+03 -2.251337528228759766e+00
8.072000000000000000e+03 -2.248625278472900391e+00
8.073000000000000000e+03 -2.197276115417480469e+00
8.074000000000000000e+03 -2.211031675338745117e+00
8.075000000000000000e+03 -2.245249271392822266e+00
8.076000000000000000e+03 -2.244509935379028320e+00
8.077000000000000000e+03 -2.266072988510131836e+00
8.078000000000000000e+03 -2.239541530609130859e+00
8.079000000000000000e+03 -2.227384090423583984e+00
8.080000000000000000e+03 -2.233938694000244141e+00
8.081000000000000000e+03 -2.240233898162841797e+00
8.082000000000000000e+03 -2.238378524780273438e+00
8.083000000000000000e+03 -2.250330448150634766e+00
8.084000000000000000e+03 -2.273434877395629883e+00
8.085000000000000000e+03 -2.264064788818359375e+00
8.086000000000000000e+03 -2.270387887954711914e+00
8.087000000000000000e+03 -2.262599706649780273e+00
8.088000000000000000e+03 -2.260215997695922852e+00
8.089000000000000000e+03 -2.309206962585449219e+00
8.090000000000000000e+03 -2.281407833099365234e+00
8.091000000000000000e+03 -2.312476396560668945e+00
8.092000000000000000e+03 -2.308806896209716797e+00
8.093000000000000000e+03 -2.278507232666015625e+00
8.094000000000000000e+03 -2.288125991821289062e+00
8.095000000000000000e+03 -2.306264162063598633e+00
8.096000000000000000e+03 -2.317212104797363281e+00
8.097000000000000000e+03 -2.266977787017822266e+00
8.098000000000000000e+03 -2.319690227508544922e+00
8.099000000000000000e+03 -2.288812160491943359e+00
8.100000000000000000e+03 -2.294448375701904297e+00
8.101000000000000000e+03 -2.268145322799682617e+00
8.102000000000000000e+03 -2.287932157516479492e+00
8.103000000000000000e+03 -2.258689165115356445e+00
8.104000000000000000e+03 -2.276546716690063477e+00
8.105000000000000000e+03 -2.269671440124511719e+00
8.106000000000000000e+03 -2.275489330291748047e+00
8.107000000000000000e+03 -2.273720979690551758e+00
8.108000000000000000e+03 -2.285455703735351562e+00
8.109000000000000000e+03 -2.281767368316650391e+00
8.110000000000000000e+03 -2.279010772705078125e+00
8.111000000000000000e+03 -2.278299093246459961e+00
8.112000000000000000e+03 -2.291434764862060547e+00
8.113000000000000000e+03 -2.253452777862548828e+00
8.114000000000000000e+03 -2.278208255767822266e+00
8.115000000000000000e+03 -2.265446424484252930e+00
8.116000000000000000e+03 -2.291895866394042969e+00
8.117000000000000000e+03 -2.268684625625610352e+00
8.118000000000000000e+03 -2.268781423568725586e+00
8.119000000000000000e+03 -2.284040927886962891e+00
8.120000000000000000e+03 -2.251950740814208984e+00
8.121000000000000000e+03 -2.265888214111328125e+00
8.122000000000000000e+03 -2.272518157958984375e+00
8.123000000000000000e+03 -2.282744646072387695e+00
8.124000000000000000e+03 -2.270440578460693359e+00
8.125000000000000000e+03 -2.258789539337158203e+00
8.126000000000000000e+03 -2.320958137512207031e+00
8.127000000000000000e+03 -2.308453559875488281e+00
8.128000000000000000e+03 -2.269533157348632812e+00
8.129000000000000000e+03 -2.267253875732421875e+00
8.130000000000000000e+03 -2.252505779266357422e+00
8.131000000000000000e+03 -2.277915239334106445e+00
8.132000000000000000e+03 -2.256536483764648438e+00
8.133000000000000000e+03 -2.276712179183959961e+00
8.134000000000000000e+03 -2.230533599853515625e+00
8.135000000000000000e+03 -2.266463756561279297e+00
8.136000000000000000e+03 -2.245310306549072266e+00
8.137000000000000000e+03 -2.267995595932006836e+00
8.138000000000000000e+03 -2.249646186828613281e+00
8.139000000000000000e+03 -2.259155273437500000e+00
8.140000000000000000e+03 -2.224415063858032227e+00
8.141000000000000000e+03 -2.250806808471679688e+00
8.142000000000000000e+03 -2.270171165466308594e+00
8.143000000000000000e+03 -2.304958343505859375e+00
8.144000000000000000e+03 -2.281034469604492188e+00
8.145000000000000000e+03 -2.244947433471679688e+00
8.146000000000000000e+03 -2.227414846420288086e+00
8.147000000000000000e+03 -2.232238054275512695e+00
8.148000000000000000e+03 -2.248644351959228516e+00
8.149000000000000000e+03 -2.254113912582397461e+00
8.150000000000000000e+03 -2.238601922988891602e+00
8.151000000000000000e+03 -2.235453605651855469e+00
8.152000000000000000e+03 -2.257019519805908203e+00
8.153000000000000000e+03 -2.257087707519531250e+00
8.154000000000000000e+03 -2.250319004058837891e+00
8.155000000000000000e+03 -2.252107858657836914e+00
8.156000000000000000e+03 -2.251043319702148438e+00
8.157000000000000000e+03 -2.228888034820556641e+00
8.158000000000000000e+03 -2.225128650665283203e+00
8.159000000000000000e+03 -2.291690826416015625e+00
8.160000000000000000e+03 -2.247517824172973633e+00
8.161000000000000000e+03 -2.265704154968261719e+00
8.162000000000000000e+03 -2.240869998931884766e+00
8.163000000000000000e+03 -2.252299547195434570e+00
8.164000000000000000e+03 -2.231598615646362305e+00
8.165000000000000000e+03 -2.226423978805541992e+00
8.166000000000000000e+03 -2.238765001296997070e+00
8.167000000000000000e+03 -2.242254495620727539e+00
8.168000000000000000e+03 -2.261345863342285156e+00
8.169000000000000000e+03 -2.276831388473510742e+00
8.170000000000000000e+03 -2.231772422790527344e+00
8.171000000000000000e+03 -2.266615629196166992e+00
8.172000000000000000e+03 -2.250812768936157227e+00
8.173000000000000000e+03 -2.230282068252563477e+00
8.174000000000000000e+03 -2.252018213272094727e+00
8.175000000000000000e+03 -2.265821456909179688e+00
8.176000000000000000e+03 -2.229557514190673828e+00
8.177000000000000000e+03 -2.259655475616455078e+00
8.178000000000000000e+03 -2.258840799331665039e+00
8.179000000000000000e+03 -2.248544216156005859e+00
8.180000000000000000e+03 -2.221909999847412109e+00
8.181000000000000000e+03 -2.229610443115234375e+00
8.182000000000000000e+03 -2.216726303100585938e+00
8.183000000000000000e+03 -2.249850749969482422e+00
8.184000000000000000e+03 -2.246112585067749023e+00
8.185000000000000000e+03 -2.262789964675903320e+00
8.186000000000000000e+03 -2.293605804443359375e+00
8.187000000000000000e+03 -2.312360286712646484e+00
8.188000000000000000e+03 -2.295214414596557617e+00
8.189000000000000000e+03 -2.274301290512084961e+00
8.190000000000000000e+03 -2.287525415420532227e+00
8.191000000000000000e+03 -2.280557394027709961e+00
8.192000000000000000e+03 -2.273499488830566406e+00
8.193000000000000000e+03 -2.259044647216796875e+00
8.194000000000000000e+03 -2.283074617385864258e+00
8.195000000000000000e+03 -2.292452096939086914e+00
8.196000000000000000e+03 -2.283715486526489258e+00
8.197000000000000000e+03 -2.270972728729248047e+00
8.198000000000000000e+03 -2.280409097671508789e+00
8.199000000000000000e+03 -2.211298942565917969e+00
8.200000000000000000e+03 -2.246347427368164062e+00
8.201000000000000000e+03 -2.256965398788452148e+00
8.202000000000000000e+03 -2.246614694595336914e+00
8.203000000000000000e+03 -2.260809659957885742e+00
8.204000000000000000e+03 -2.253167867660522461e+00
8.205000000000000000e+03 -2.243357896804809570e+00
8.206000000000000000e+03 -2.213559627532958984e+00
8.207000000000000000e+03 -2.237391710281372070e+00
8.208000000000000000e+03 -2.239614248275756836e+00
8.209000000000000000e+03 -2.242744445800781250e+00
8.210000000000000000e+03 -2.251502990722656250e+00
8.211000000000000000e+03 -2.227215766906738281e+00
8.212000000000000000e+03 -2.257073402404785156e+00
8.213000000000000000e+03 -2.277642011642456055e+00
8.214000000000000000e+03 -2.240733146667480469e+00
8.215000000000000000e+03 -2.257176637649536133e+00
8.216000000000000000e+03 -2.232122898101806641e+00
8.217000000000000000e+03 -2.240422487258911133e+00
8.218000000000000000e+03 -2.280325412750244141e+00
8.219000000000000000e+03 -2.224040985107421875e+00
8.220000000000000000e+03 -2.218768596649169922e+00
8.221000000000000000e+03 -2.239404916763305664e+00
8.222000000000000000e+03 -2.231284141540527344e+00
8.223000000000000000e+03 -2.232101440429687500e+00
8.224000000000000000e+03 -2.254552364349365234e+00
8.225000000000000000e+03 -2.294124364852905273e+00
8.226000000000000000e+03 -2.259287834167480469e+00
8.227000000000000000e+03 -2.199789762496948242e+00
8.228000000000000000e+03 -2.219279289245605469e+00
8.229000000000000000e+03 -2.260394096374511719e+00
8.230000000000000000e+03 -2.192952632904052734e+00
8.231000000000000000e+03 -2.195386886596679688e+00
8.232000000000000000e+03 -2.204487323760986328e+00
8.233000000000000000e+03 -2.218391418457031250e+00
8.234000000000000000e+03 -2.197910070419311523e+00
8.235000000000000000e+03 -2.223963022232055664e+00
8.236000000000000000e+03 -2.208896160125732422e+00
8.237000000000000000e+03 -2.204628467559814453e+00
8.238000000000000000e+03 -2.241525173187255859e+00
8.239000000000000000e+03 -2.211875915527343750e+00
8.240000000000000000e+03 -2.222943067550659180e+00
8.241000000000000000e+03 -2.225003480911254883e+00
8.242000000000000000e+03 -2.220767736434936523e+00
8.243000000000000000e+03 -2.233079195022583008e+00
8.244000000000000000e+03 -2.222769975662231445e+00
8.245000000000000000e+03 -2.224133014678955078e+00
8.246000000000000000e+03 -2.258429050445556641e+00
8.247000000000000000e+03 -2.225641012191772461e+00
8.248000000000000000e+03 -2.236922502517700195e+00
8.249000000000000000e+03 -2.251872777938842773e+00
8.250000000000000000e+03 -2.221285581588745117e+00
8.251000000000000000e+03 -2.258686304092407227e+00
8.252000000000000000e+03 -2.254060268402099609e+00
8.253000000000000000e+03 -2.246193408966064453e+00
8.254000000000000000e+03 -2.248567819595336914e+00
8.255000000000000000e+03 -2.264631986618041992e+00
8.256000000000000000e+03 -2.243364334106445312e+00
8.257000000000000000e+03 -2.249650001525878906e+00
8.258000000000000000e+03 -2.246494054794311523e+00
8.259000000000000000e+03 -2.231686115264892578e+00
8.260000000000000000e+03 -2.252769231796264648e+00
8.261000000000000000e+03 -2.258363008499145508e+00
8.262000000000000000e+03 -2.237194776535034180e+00
8.263000000000000000e+03 -2.267618894577026367e+00
8.264000000000000000e+03 -2.240844488143920898e+00
8.265000000000000000e+03 -2.236042976379394531e+00
8.266000000000000000e+03 -2.263726949691772461e+00
8.267000000000000000e+03 -2.270400285720825195e+00
8.268000000000000000e+03 -2.248600244522094727e+00
8.269000000000000000e+03 -2.242635726928710938e+00
8.270000000000000000e+03 -2.205292463302612305e+00
8.271000000000000000e+03 -2.232495069503784180e+00
8.272000000000000000e+03 -2.249258756637573242e+00
8.273000000000000000e+03 -2.214338064193725586e+00
8.274000000000000000e+03 -2.286071062088012695e+00
8.275000000000000000e+03 -2.265945672988891602e+00
8.276000000000000000e+03 -2.231668472290039062e+00
8.277000000000000000e+03 -2.262589454650878906e+00
8.278000000000000000e+03 -2.241693973541259766e+00
8.279000000000000000e+03 -2.287136554718017578e+00
8.280000000000000000e+03 -2.274808406829833984e+00
8.281000000000000000e+03 -2.266359090805053711e+00
8.282000000000000000e+03 -2.293278217315673828e+00
8.283000000000000000e+03 -2.283148288726806641e+00
8.284000000000000000e+03 -2.299643039703369141e+00
8.285000000000000000e+03 -2.264286041259765625e+00
8.286000000000000000e+03 -2.262777090072631836e+00
8.287000000000000000e+03 -2.300827741622924805e+00
8.288000000000000000e+03 -2.311085939407348633e+00
8.289000000000000000e+03 -2.322560310363769531e+00
8.290000000000000000e+03 -2.308674335479736328e+00
8.291000000000000000e+03 -2.292335271835327148e+00
8.292000000000000000e+03 -2.284338474273681641e+00
8.293000000000000000e+03 -2.316898822784423828e+00
8.294000000000000000e+03 -2.276867866516113281e+00
8.295000000000000000e+03 -2.309329986572265625e+00
8.296000000000000000e+03 -2.313251972198486328e+00
8.297000000000000000e+03 -2.279743194580078125e+00
8.298000000000000000e+03 -2.269518136978149414e+00
8.299000000000000000e+03 -2.273406505584716797e+00
8.300000000000000000e+03 -2.278423547744750977e+00
8.301000000000000000e+03 -2.272077560424804688e+00
8.302000000000000000e+03 -2.282170772552490234e+00
8.303000000000000000e+03 -2.298547744750976562e+00
8.304000000000000000e+03 -2.262179851531982422e+00
8.305000000000000000e+03 -2.285912513732910156e+00
8.306000000000000000e+03 -2.298631429672241211e+00
8.307000000000000000e+03 -2.277440547943115234e+00
8.308000000000000000e+03 -2.267600297927856445e+00
8.309000000000000000e+03 -2.268536567687988281e+00
8.310000000000000000e+03 -2.264837741851806641e+00
8.311000000000000000e+03 -2.255228519439697266e+00
8.312000000000000000e+03 -2.280695199966430664e+00
8.313000000000000000e+03 -2.274027824401855469e+00
8.314000000000000000e+03 -2.311228036880493164e+00
8.315000000000000000e+03 -2.313892602920532227e+00
8.316000000000000000e+03 -2.340979099273681641e+00
8.317000000000000000e+03 -2.298159837722778320e+00
8.318000000000000000e+03 -2.295169830322265625e+00
8.319000000000000000e+03 -2.328800201416015625e+00
8.320000000000000000e+03 -2.324981689453125000e+00
8.321000000000000000e+03 -2.305602788925170898e+00
8.322000000000000000e+03 -2.308311939239501953e+00
8.323000000000000000e+03 -2.323332071304321289e+00
8.324000000000000000e+03 -2.329114675521850586e+00
8.325000000000000000e+03 -2.290407657623291016e+00
8.326000000000000000e+03 -2.312157154083251953e+00
8.327000000000000000e+03 -2.301809310913085938e+00
8.328000000000000000e+03 -2.296419382095336914e+00
8.329000000000000000e+03 -2.312038660049438477e+00
8.330000000000000000e+03 -2.310277223587036133e+00
8.331000000000000000e+03 -2.293297052383422852e+00
8.332000000000000000e+03 -2.276109218597412109e+00
8.333000000000000000e+03 -2.257901191711425781e+00
8.334000000000000000e+03 -2.280333518981933594e+00
8.335000000000000000e+03 -2.304956674575805664e+00
8.336000000000000000e+03 -2.287495136260986328e+00
8.337000000000000000e+03 -2.294480323791503906e+00
8.338000000000000000e+03 -2.275771617889404297e+00
8.339000000000000000e+03 -2.285706758499145508e+00
8.340000000000000000e+03 -2.281568050384521484e+00
8.341000000000000000e+03 -2.271075010299682617e+00
8.342000000000000000e+03 -2.281836271286010742e+00
8.343000000000000000e+03 -2.289663314819335938e+00
8.344000000000000000e+03 -2.311490297317504883e+00
8.345000000000000000e+03 -2.304283857345581055e+00
8.346000000000000000e+03 -2.282618045806884766e+00
8.347000000000000000e+03 -2.295140743255615234e+00
8.348000000000000000e+03 -2.260125160217285156e+00
8.349000000000000000e+03 -2.258071899414062500e+00
8.350000000000000000e+03 -2.248000860214233398e+00
8.351000000000000000e+03 -2.255839347839355469e+00
8.352000000000000000e+03 -2.283699989318847656e+00
8.353000000000000000e+03 -2.263398170471191406e+00
8.354000000000000000e+03 -2.288216114044189453e+00
8.355000000000000000e+03 -2.290820598602294922e+00
8.356000000000000000e+03 -2.279480695724487305e+00
8.357000000000000000e+03 -2.262373447418212891e+00
8.358000000000000000e+03 -2.323398351669311523e+00
8.359000000000000000e+03 -2.302650451660156250e+00
8.360000000000000000e+03 -2.257978677749633789e+00
8.361000000000000000e+03 -2.264257431030273438e+00
8.362000000000000000e+03 -2.263528347015380859e+00
8.363000000000000000e+03 -2.302140474319458008e+00
8.364000000000000000e+03 -2.271279573440551758e+00
8.365000000000000000e+03 -2.249820947647094727e+00
8.366000000000000000e+03 -2.280061483383178711e+00
8.367000000000000000e+03 -2.261959314346313477e+00
8.368000000000000000e+03 -2.261208534240722656e+00
8.369000000000000000e+03 -2.285227298736572266e+00
8.370000000000000000e+03 -2.263147115707397461e+00
8.371000000000000000e+03 -2.256680011749267578e+00
8.372000000000000000e+03 -2.239990949630737305e+00
8.373000000000000000e+03 -2.285951375961303711e+00
8.374000000000000000e+03 -2.247959136962890625e+00
8.375000000000000000e+03 -2.252445697784423828e+00
8.376000000000000000e+03 -2.273422241210937500e+00
8.377000000000000000e+03 -2.260249614715576172e+00
8.378000000000000000e+03 -2.272274732589721680e+00
8.379000000000000000e+03 -2.280248880386352539e+00
8.380000000000000000e+03 -2.256869792938232422e+00
8.381000000000000000e+03 -2.255003929138183594e+00
8.382000000000000000e+03 -2.291323184967041016e+00
8.383000000000000000e+03 -2.296450376510620117e+00
8.384000000000000000e+03 -2.254742145538330078e+00
8.385000000000000000e+03 -2.268139123916625977e+00
8.386000000000000000e+03 -2.230996608734130859e+00
8.387000000000000000e+03 -2.216535568237304688e+00
8.388000000000000000e+03 -2.265353202819824219e+00
8.389000000000000000e+03 -2.243666410446166992e+00
8.390000000000000000e+03 -2.236098527908325195e+00
8.391000000000000000e+03 -2.259961366653442383e+00
8.392000000000000000e+03 -2.238159418106079102e+00
8.393000000000000000e+03 -2.269257545471191406e+00
8.394000000000000000e+03 -2.265042304992675781e+00
8.395000000000000000e+03 -2.270685911178588867e+00
8.396000000000000000e+03 -2.282210350036621094e+00
8.397000000000000000e+03 -2.282996416091918945e+00
8.398000000000000000e+03 -2.281331539154052734e+00
8.399000000000000000e+03 -2.285255432128906250e+00
8.400000000000000000e+03 -2.299609184265136719e+00
8.401000000000000000e+03 -2.274893522262573242e+00
8.402000000000000000e+03 -2.300825119018554688e+00
8.403000000000000000e+03 -2.296797037124633789e+00
8.404000000000000000e+03 -2.295985698699951172e+00
8.405000000000000000e+03 -2.289006471633911133e+00
8.406000000000000000e+03 -2.263034820556640625e+00
8.407000000000000000e+03 -2.290301561355590820e+00
8.408000000000000000e+03 -2.263914823532104492e+00
8.409000000000000000e+03 -2.266481399536132812e+00
8.410000000000000000e+03 -2.274358749389648438e+00
8.411000000000000000e+03 -2.225652217864990234e+00
8.412000000000000000e+03 -2.215461492538452148e+00
8.413000000000000000e+03 -2.273215055465698242e+00
8.414000000000000000e+03 -2.253874301910400391e+00
8.415000000000000000e+03 -2.259303808212280273e+00
8.416000000000000000e+03 -2.253285169601440430e+00
8.417000000000000000e+03 -2.258479833602905273e+00
8.418000000000000000e+03 -2.278350830078125000e+00
8.419000000000000000e+03 -2.255199670791625977e+00
8.420000000000000000e+03 -2.282438278198242188e+00
8.421000000000000000e+03 -2.257333040237426758e+00
8.422000000000000000e+03 -2.268522739410400391e+00
8.423000000000000000e+03 -2.256275653839111328e+00
8.424000000000000000e+03 -2.274080991744995117e+00
8.425000000000000000e+03 -2.271492958068847656e+00
8.426000000000000000e+03 -2.272737026214599609e+00
8.427000000000000000e+03 -2.257783651351928711e+00
8.428000000000000000e+03 -2.274849414825439453e+00
8.429000000000000000e+03 -2.281109333038330078e+00
8.430000000000000000e+03 -2.291382312774658203e+00
8.431000000000000000e+03 -2.287589550018310547e+00
8.432000000000000000e+03 -2.277028083801269531e+00
8.433000000000000000e+03 -2.261749982833862305e+00
8.434000000000000000e+03 -2.249701976776123047e+00
8.435000000000000000e+03 -2.299433708190917969e+00
8.436000000000000000e+03 -2.272887706756591797e+00
8.437000000000000000e+03 -2.253125667572021484e+00
8.438000000000000000e+03 -2.266198635101318359e+00
8.439000000000000000e+03 -2.262586355209350586e+00
8.440000000000000000e+03 -2.298978805541992188e+00
8.441000000000000000e+03 -2.264333724975585938e+00
8.442000000000000000e+03 -2.303168535232543945e+00
8.443000000000000000e+03 -2.287922859191894531e+00
8.444000000000000000e+03 -2.281892299652099609e+00
8.445000000000000000e+03 -2.259452342987060547e+00
8.446000000000000000e+03 -2.299054145812988281e+00
8.447000000000000000e+03 -2.314628124237060547e+00
8.448000000000000000e+03 -2.312620162963867188e+00
8.449000000000000000e+03 -2.299844264984130859e+00
8.450000000000000000e+03 -2.289097309112548828e+00
8.451000000000000000e+03 -2.284458637237548828e+00
8.452000000000000000e+03 -2.264283657073974609e+00
8.453000000000000000e+03 -2.291656494140625000e+00
8.454000000000000000e+03 -2.231300354003906250e+00
8.455000000000000000e+03 -2.231603622436523438e+00
8.456000000000000000e+03 -2.265049457550048828e+00
8.457000000000000000e+03 -2.254947423934936523e+00
8.458000000000000000e+03 -2.268582820892333984e+00
8.459000000000000000e+03 -2.282062530517578125e+00
8.460000000000000000e+03 -2.302005290985107422e+00
8.461000000000000000e+03 -2.299772262573242188e+00
8.462000000000000000e+03 -2.307599067687988281e+00
8.463000000000000000e+03 -2.269603490829467773e+00
8.464000000000000000e+03 -2.262787818908691406e+00
8.465000000000000000e+03 -2.262309074401855469e+00
8.466000000000000000e+03 -2.212805509567260742e+00
8.467000000000000000e+03 -2.292545080184936523e+00
8.468000000000000000e+03 -2.288202762603759766e+00
8.469000000000000000e+03 -2.291369676589965820e+00
8.470000000000000000e+03 -2.265951156616210938e+00
8.471000000000000000e+03 -2.255961418151855469e+00
8.472000000000000000e+03 -2.251365661621093750e+00
8.473000000000000000e+03 -2.262519598007202148e+00
8.474000000000000000e+03 -2.242968082427978516e+00
8.475000000000000000e+03 -2.247967481613159180e+00
8.476000000000000000e+03 -2.246546268463134766e+00
8.477000000000000000e+03 -2.249657154083251953e+00
8.478000000000000000e+03 -2.247254848480224609e+00
8.479000000000000000e+03 -2.274380683898925781e+00
8.480000000000000000e+03 -2.264684438705444336e+00
8.481000000000000000e+03 -2.251331329345703125e+00
8.482000000000000000e+03 -2.267467498779296875e+00
8.483000000000000000e+03 -2.257986068725585938e+00
8.484000000000000000e+03 -2.268388032913208008e+00
8.485000000000000000e+03 -2.265520811080932617e+00
8.486000000000000000e+03 -2.264153003692626953e+00
8.487000000000000000e+03 -2.241578578948974609e+00
8.488000000000000000e+03 -2.262461662292480469e+00
8.489000000000000000e+03 -2.291656494140625000e+00
8.490000000000000000e+03 -2.273658037185668945e+00
8.491000000000000000e+03 -2.286765098571777344e+00
8.492000000000000000e+03 -2.274490356445312500e+00
8.493000000000000000e+03 -2.253439664840698242e+00
8.494000000000000000e+03 -2.252587556838989258e+00
8.495000000000000000e+03 -2.269843101501464844e+00
8.496000000000000000e+03 -2.317083835601806641e+00
8.497000000000000000e+03 -2.275796651840209961e+00
8.498000000000000000e+03 -2.292692661285400391e+00
8.499000000000000000e+03 -2.296369075775146484e+00
8.500000000000000000e+03 -2.278038263320922852e+00
8.501000000000000000e+03 -2.298421144485473633e+00
8.502000000000000000e+03 -2.265944480895996094e+00
8.503000000000000000e+03 -2.274238348007202148e+00
8.504000000000000000e+03 -2.284381151199340820e+00
8.505000000000000000e+03 -2.266839027404785156e+00
8.506000000000000000e+03 -2.276413440704345703e+00
8.507000000000000000e+03 -2.299669265747070312e+00
8.508000000000000000e+03 -2.280830383300781250e+00
8.509000000000000000e+03 -2.266032218933105469e+00
8.510000000000000000e+03 -2.260068655014038086e+00
8.511000000000000000e+03 -2.262208461761474609e+00
8.512000000000000000e+03 -2.257127285003662109e+00
8.513000000000000000e+03 -2.244251251220703125e+00
8.514000000000000000e+03 -2.266773462295532227e+00
8.515000000000000000e+03 -2.247271060943603516e+00
8.516000000000000000e+03 -2.234747409820556641e+00
8.517000000000000000e+03 -2.217772722244262695e+00
8.518000000000000000e+03 -2.231517314910888672e+00
8.519000000000000000e+03 -2.250564575195312500e+00
8.520000000000000000e+03 -2.248580932617187500e+00
8.521000000000000000e+03 -2.253183364868164062e+00
8.522000000000000000e+03 -2.263535976409912109e+00
8.523000000000000000e+03 -2.252591133117675781e+00
8.524000000000000000e+03 -2.242346763610839844e+00
8.525000000000000000e+03 -2.251160144805908203e+00
8.526000000000000000e+03 -2.224514722824096680e+00
8.527000000000000000e+03 -2.231340885162353516e+00
8.528000000000000000e+03 -2.242899179458618164e+00
8.529000000000000000e+03 -2.283828973770141602e+00
8.530000000000000000e+03 -2.263022184371948242e+00
8.531000000000000000e+03 -2.264375925064086914e+00
8.532000000000000000e+03 -2.263838291168212891e+00
8.533000000000000000e+03 -2.237034320831298828e+00
8.534000000000000000e+03 -2.268057823181152344e+00
8.535000000000000000e+03 -2.277671337127685547e+00
8.536000000000000000e+03 -2.275972127914428711e+00
8.537000000000000000e+03 -2.244361400604248047e+00
8.538000000000000000e+03 -2.242167949676513672e+00
8.539000000000000000e+03 -2.218632698059082031e+00
8.540000000000000000e+03 -2.258541584014892578e+00
8.541000000000000000e+03 -2.218032121658325195e+00
8.542000000000000000e+03 -2.248440742492675781e+00
8.543000000000000000e+03 -2.268743991851806641e+00
8.544000000000000000e+03 -2.234139919281005859e+00
8.545000000000000000e+03 -2.232054710388183594e+00
8.546000000000000000e+03 -2.250080823898315430e+00
8.547000000000000000e+03 -2.255980730056762695e+00
8.548000000000000000e+03 -2.263886451721191406e+00
8.549000000000000000e+03 -2.271178722381591797e+00
8.550000000000000000e+03 -2.246323823928833008e+00
8.551000000000000000e+03 -2.237245321273803711e+00
8.552000000000000000e+03 -2.226412057876586914e+00
8.553000000000000000e+03 -2.267716169357299805e+00
8.554000000000000000e+03 -2.253396987915039062e+00
8.555000000000000000e+03 -2.274095058441162109e+00
8.556000000000000000e+03 -2.240611076354980469e+00
8.557000000000000000e+03 -2.283182621002197266e+00
8.558000000000000000e+03 -2.270522117614746094e+00
8.559000000000000000e+03 -2.287617683410644531e+00
8.560000000000000000e+03 -2.306738615036010742e+00
8.561000000000000000e+03 -2.264649868011474609e+00
8.562000000000000000e+03 -2.275750637054443359e+00
8.563000000000000000e+03 -2.266843795776367188e+00
8.564000000000000000e+03 -2.246858596801757812e+00
8.565000000000000000e+03 -2.279011726379394531e+00
8.566000000000000000e+03 -2.300039291381835938e+00
8.567000000000000000e+03 -2.265381813049316406e+00
8.568000000000000000e+03 -2.278340101242065430e+00
8.569000000000000000e+03 -2.270667552947998047e+00
8.570000000000000000e+03 -2.246518611907958984e+00
8.571000000000000000e+03 -2.230224132537841797e+00
8.572000000000000000e+03 -2.265662193298339844e+00
8.573000000000000000e+03 -2.255474090576171875e+00
8.574000000000000000e+03 -2.232309818267822266e+00
8.575000000000000000e+03 -2.262519836425781250e+00
8.576000000000000000e+03 -2.283973932266235352e+00
8.577000000000000000e+03 -2.246973991394042969e+00
8.578000000000000000e+03 -2.254593133926391602e+00
8.579000000000000000e+03 -2.235984563827514648e+00
8.580000000000000000e+03 -2.235352277755737305e+00
8.581000000000000000e+03 -2.253378152847290039e+00
8.582000000000000000e+03 -2.209491491317749023e+00
8.583000000000000000e+03 -2.225497007369995117e+00
8.584000000000000000e+03 -2.224427700042724609e+00
8.585000000000000000e+03 -2.247734069824218750e+00
8.586000000000000000e+03 -2.231954574584960938e+00
8.587000000000000000e+03 -2.267298936843872070e+00
8.588000000000000000e+03 -2.251574516296386719e+00
8.589000000000000000e+03 -2.264561414718627930e+00
8.590000000000000000e+03 -2.264217376708984375e+00
8.591000000000000000e+03 -2.271652936935424805e+00
8.592000000000000000e+03 -2.272483348846435547e+00
8.593000000000000000e+03 -2.226852893829345703e+00
8.594000000000000000e+03 -2.231084346771240234e+00
8.595000000000000000e+03 -2.254881143569946289e+00
8.596000000000000000e+03 -2.231799840927124023e+00
8.597000000000000000e+03 -2.246808052062988281e+00
8.598000000000000000e+03 -2.233553886413574219e+00
8.599000000000000000e+03 -2.285431623458862305e+00
8.600000000000000000e+03 -2.277072429656982422e+00
8.601000000000000000e+03 -2.240977764129638672e+00
8.602000000000000000e+03 -2.242321491241455078e+00
8.603000000000000000e+03 -2.290242195129394531e+00
8.604000000000000000e+03 -2.222172260284423828e+00
8.605000000000000000e+03 -2.231732368469238281e+00
8.606000000000000000e+03 -2.212462425231933594e+00
8.607000000000000000e+03 -2.215076446533203125e+00
8.608000000000000000e+03 -2.228519201278686523e+00
8.609000000000000000e+03 -2.218607425689697266e+00
8.610000000000000000e+03 -2.218168020248413086e+00
8.611000000000000000e+03 -2.253911256790161133e+00
8.612000000000000000e+03 -2.246416807174682617e+00
8.613000000000000000e+03 -2.200090646743774414e+00
8.614000000000000000e+03 -2.229028940200805664e+00
8.615000000000000000e+03 -2.231940984725952148e+00
8.616000000000000000e+03 -2.213059902191162109e+00
8.617000000000000000e+03 -2.190859794616699219e+00
8.618000000000000000e+03 -2.218347072601318359e+00
8.619000000000000000e+03 -2.237807989120483398e+00
8.620000000000000000e+03 -2.238601684570312500e+00
8.621000000000000000e+03 -2.237279891967773438e+00
8.622000000000000000e+03 -2.210491418838500977e+00
8.623000000000000000e+03 -2.202254772186279297e+00
8.624000000000000000e+03 -2.200006246566772461e+00
8.625000000000000000e+03 -2.248323202133178711e+00
8.626000000000000000e+03 -2.212785243988037109e+00
8.627000000000000000e+03 -2.232153415679931641e+00
8.628000000000000000e+03 -2.170980691909790039e+00
8.629000000000000000e+03 -2.188617229461669922e+00
8.630000000000000000e+03 -2.202241897583007812e+00
8.631000000000000000e+03 -2.243442296981811523e+00
8.632000000000000000e+03 -2.220418453216552734e+00
8.633000000000000000e+03 -2.237498044967651367e+00
8.634000000000000000e+03 -2.198635339736938477e+00
8.635000000000000000e+03 -2.247605323791503906e+00
8.636000000000000000e+03 -2.239175796508789062e+00
8.637000000000000000e+03 -2.247054576873779297e+00
8.638000000000000000e+03 -2.286968231201171875e+00
8.639000000000000000e+03 -2.243799209594726562e+00
8.640000000000000000e+03 -2.239264011383056641e+00
8.641000000000000000e+03 -2.231821537017822266e+00
8.642000000000000000e+03 -2.225284099578857422e+00
8.643000000000000000e+03 -2.219781160354614258e+00
8.644000000000000000e+03 -2.194733142852783203e+00
8.645000000000000000e+03 -2.216291427612304688e+00
8.646000000000000000e+03 -2.201368808746337891e+00
8.647000000000000000e+03 -2.176325082778930664e+00
8.648000000000000000e+03 -2.223987340927124023e+00
8.649000000000000000e+03 -2.230675935745239258e+00
8.650000000000000000e+03 -2.237679719924926758e+00
8.651000000000000000e+03 -2.217218637466430664e+00
8.652000000000000000e+03 -2.205665588378906250e+00
8.653000000000000000e+03 -2.231667518615722656e+00
8.654000000000000000e+03 -2.258064270019531250e+00
8.655000000000000000e+03 -2.230843544006347656e+00
8.656000000000000000e+03 -2.241952896118164062e+00
8.657000000000000000e+03 -2.181135177612304688e+00
8.658000000000000000e+03 -2.229471206665039062e+00
8.659000000000000000e+03 -2.237691402435302734e+00
8.660000000000000000e+03 -2.196136713027954102e+00
8.661000000000000000e+03 -2.257126331329345703e+00
8.662000000000000000e+03 -2.231330633163452148e+00
8.663000000000000000e+03 -2.161560773849487305e+00
8.664000000000000000e+03 -2.171177864074707031e+00
8.665000000000000000e+03 -2.165357112884521484e+00
8.666000000000000000e+03 -2.220768451690673828e+00
8.667000000000000000e+03 -2.205618619918823242e+00
8.668000000000000000e+03 -2.199426889419555664e+00
8.669000000000000000e+03 -2.203448295593261719e+00
8.670000000000000000e+03 -2.171172618865966797e+00
8.671000000000000000e+03 -2.167718887329101562e+00
8.672000000000000000e+03 -2.206305742263793945e+00
8.673000000000000000e+03 -2.188263654708862305e+00
8.674000000000000000e+03 -2.168397426605224609e+00
8.675000000000000000e+03 -2.178271770477294922e+00
8.676000000000000000e+03 -2.182170152664184570e+00
8.677000000000000000e+03 -2.182377815246582031e+00
8.678000000000000000e+03 -2.184233427047729492e+00
8.679000000000000000e+03 -2.171637535095214844e+00
8.680000000000000000e+03 -2.212525844573974609e+00
8.681000000000000000e+03 -2.179083824157714844e+00
8.682000000000000000e+03 -2.200202465057373047e+00
8.683000000000000000e+03 -2.183527469635009766e+00
8.684000000000000000e+03 -2.198643684387207031e+00
8.685000000000000000e+03 -2.213397741317749023e+00
8.686000000000000000e+03 -2.212730646133422852e+00
8.687000000000000000e+03 -2.229149818420410156e+00
8.688000000000000000e+03 -2.232039451599121094e+00
8.689000000000000000e+03 -2.196945667266845703e+00
8.690000000000000000e+03 -2.208355903625488281e+00
8.691000000000000000e+03 -2.228212594985961914e+00
8.692000000000000000e+03 -2.223036766052246094e+00
8.693000000000000000e+03 -2.239870548248291016e+00
8.694000000000000000e+03 -2.220265388488769531e+00
8.695000000000000000e+03 -2.186794281005859375e+00
8.696000000000000000e+03 -2.204956531524658203e+00
8.697000000000000000e+03 -2.202145099639892578e+00
8.698000000000000000e+03 -2.222729682922363281e+00
8.699000000000000000e+03 -2.271543979644775391e+00
8.700000000000000000e+03 -2.229565143585205078e+00
8.701000000000000000e+03 -2.261298656463623047e+00
8.702000000000000000e+03 -2.183666229248046875e+00
8.703000000000000000e+03 -2.194261074066162109e+00
8.704000000000000000e+03 -2.195742845535278320e+00
8.705000000000000000e+03 -2.210513114929199219e+00
8.706000000000000000e+03 -2.213701725006103516e+00
8.707000000000000000e+03 -2.236798763275146484e+00
8.708000000000000000e+03 -2.206915616989135742e+00
8.709000000000000000e+03 -2.206289291381835938e+00
8.710000000000000000e+03 -2.220924377441406250e+00
8.711000000000000000e+03 -2.185458183288574219e+00
8.712000000000000000e+03 -2.213923454284667969e+00
8.713000000000000000e+03 -2.189705848693847656e+00
8.714000000000000000e+03 -2.221997261047363281e+00
8.715000000000000000e+03 -2.206577301025390625e+00
8.716000000000000000e+03 -2.234759807586669922e+00
8.717000000000000000e+03 -2.199958801269531250e+00
8.718000000000000000e+03 -2.210770368576049805e+00
8.719000000000000000e+03 -2.222180366516113281e+00
8.720000000000000000e+03 -2.231936216354370117e+00
8.721000000000000000e+03 -2.218900203704833984e+00
8.722000000000000000e+03 -2.216719627380371094e+00
8.723000000000000000e+03 -2.237041473388671875e+00
8.724000000000000000e+03 -2.230701923370361328e+00
8.725000000000000000e+03 -2.241494655609130859e+00
8.726000000000000000e+03 -2.209430932998657227e+00
8.727000000000000000e+03 -2.223013162612915039e+00
8.728000000000000000e+03 -2.224427223205566406e+00
8.729000000000000000e+03 -2.232315063476562500e+00
8.730000000000000000e+03 -2.234357118606567383e+00
8.731000000000000000e+03 -2.234064340591430664e+00
8.732000000000000000e+03 -2.255991458892822266e+00
8.733000000000000000e+03 -2.235954523086547852e+00
8.734000000000000000e+03 -2.260960578918457031e+00
8.735000000000000000e+03 -2.254945993423461914e+00
8.736000000000000000e+03 -2.281555652618408203e+00
8.737000000000000000e+03 -2.218400001525878906e+00
8.738000000000000000e+03 -2.240611314773559570e+00
8.739000000000000000e+03 -2.243026733398437500e+00
8.740000000000000000e+03 -2.278898715972900391e+00
8.741000000000000000e+03 -2.270908117294311523e+00
8.742000000000000000e+03 -2.279440879821777344e+00
8.743000000000000000e+03 -2.276251792907714844e+00
8.744000000000000000e+03 -2.263038635253906250e+00
8.745000000000000000e+03 -2.266322612762451172e+00
8.746000000000000000e+03 -2.268282651901245117e+00
8.747000000000000000e+03 -2.236791133880615234e+00
8.748000000000000000e+03 -2.216818332672119141e+00
8.749000000000000000e+03 -2.255753993988037109e+00
8.750000000000000000e+03 -2.239732265472412109e+00
8.751000000000000000e+03 -2.253795623779296875e+00
8.752000000000000000e+03 -2.245506525039672852e+00
8.753000000000000000e+03 -2.226171493530273438e+00
8.754000000000000000e+03 -2.225133895874023438e+00
8.755000000000000000e+03 -2.252431869506835938e+00
8.756000000000000000e+03 -2.206392526626586914e+00
8.757000000000000000e+03 -2.230337381362915039e+00
8.758000000000000000e+03 -2.221504449844360352e+00
8.759000000000000000e+03 -2.255718708038330078e+00
8.760000000000000000e+03 -2.225935220718383789e+00
8.761000000000000000e+03 -2.209787368774414062e+00
8.762000000000000000e+03 -2.185295343399047852e+00
8.763000000000000000e+03 -2.206209182739257812e+00
8.764000000000000000e+03 -2.211046695709228516e+00
8.765000000000000000e+03 -2.184346675872802734e+00
8.766000000000000000e+03 -2.193987369537353516e+00
8.767000000000000000e+03 -2.182084560394287109e+00
8.768000000000000000e+03 -2.186970949172973633e+00
8.769000000000000000e+03 -2.204416513442993164e+00
8.770000000000000000e+03 -2.218969345092773438e+00
8.771000000000000000e+03 -2.227953672409057617e+00
8.772000000000000000e+03 -2.214551687240600586e+00
8.773000000000000000e+03 -2.226881980895996094e+00
8.774000000000000000e+03 -2.211438655853271484e+00
8.775000000000000000e+03 -2.196343898773193359e+00
8.776000000000000000e+03 -2.210748434066772461e+00
8.777000000000000000e+03 -2.212498426437377930e+00
8.778000000000000000e+03 -2.222727537155151367e+00
8.779000000000000000e+03 -2.198098182678222656e+00
8.780000000000000000e+03 -2.205996036529541016e+00
8.781000000000000000e+03 -2.228338956832885742e+00
8.782000000000000000e+03 -2.246530532836914062e+00
8.783000000000000000e+03 -2.237377405166625977e+00
8.784000000000000000e+03 -2.268763542175292969e+00
8.785000000000000000e+03 -2.252849102020263672e+00
8.786000000000000000e+03 -2.268603563308715820e+00
8.787000000000000000e+03 -2.268440961837768555e+00
8.788000000000000000e+03 -2.260744094848632812e+00
8.789000000000000000e+03 -2.251777410507202148e+00
8.790000000000000000e+03 -2.240232229232788086e+00
8.791000000000000000e+03 -2.252713680267333984e+00
8.792000000000000000e+03 -2.251798629760742188e+00
8.793000000000000000e+03 -2.245853185653686523e+00
8.794000000000000000e+03 -2.234637498855590820e+00
8.795000000000000000e+03 -2.254855632781982422e+00
8.796000000000000000e+03 -2.250397682189941406e+00
8.797000000000000000e+03 -2.212365627288818359e+00
8.798000000000000000e+03 -2.228833675384521484e+00
8.799000000000000000e+03 -2.237512111663818359e+00
8.800000000000000000e+03 -2.227518081665039062e+00
8.801000000000000000e+03 -2.189975500106811523e+00
8.802000000000000000e+03 -2.227188825607299805e+00
8.803000000000000000e+03 -2.228917598724365234e+00
8.804000000000000000e+03 -2.260799169540405273e+00
8.805000000000000000e+03 -2.252968072891235352e+00
8.806000000000000000e+03 -2.184698820114135742e+00
8.807000000000000000e+03 -2.209571838378906250e+00
8.808000000000000000e+03 -2.200529575347900391e+00
8.809000000000000000e+03 -2.223807811737060547e+00
8.810000000000000000e+03 -2.245430707931518555e+00
8.811000000000000000e+03 -2.251855850219726562e+00
8.812000000000000000e+03 -2.225214958190917969e+00
8.813000000000000000e+03 -2.222846984863281250e+00
8.814000000000000000e+03 -2.193836450576782227e+00
8.815000000000000000e+03 -2.207756042480468750e+00
8.816000000000000000e+03 -2.211217403411865234e+00
8.817000000000000000e+03 -2.250357627868652344e+00
8.818000000000000000e+03 -2.264405250549316406e+00
8.819000000000000000e+03 -2.215299129486083984e+00
8.820000000000000000e+03 -2.235595703125000000e+00
8.821000000000000000e+03 -2.247629165649414062e+00
8.822000000000000000e+03 -2.210200786590576172e+00
8.823000000000000000e+03 -2.222043752670288086e+00
8.824000000000000000e+03 -2.268477678298950195e+00
8.825000000000000000e+03 -2.234881877899169922e+00
8.826000000000000000e+03 -2.246118068695068359e+00
8.827000000000000000e+03 -2.256837368011474609e+00
8.828000000000000000e+03 -2.257637977600097656e+00
8.829000000000000000e+03 -2.272936344146728516e+00
8.830000000000000000e+03 -2.235558748245239258e+00
8.831000000000000000e+03 -2.233156204223632812e+00
8.832000000000000000e+03 -2.236252784729003906e+00
8.833000000000000000e+03 -2.232446670532226562e+00
8.834000000000000000e+03 -2.230912685394287109e+00
8.835000000000000000e+03 -2.238191604614257812e+00
8.836000000000000000e+03 -2.223930358886718750e+00
8.837000000000000000e+03 -2.193797588348388672e+00
8.838000000000000000e+03 -2.190544843673706055e+00
8.839000000000000000e+03 -2.201402187347412109e+00
8.840000000000000000e+03 -2.204481840133666992e+00
8.841000000000000000e+03 -2.205946922302246094e+00
8.842000000000000000e+03 -2.218382358551025391e+00
8.843000000000000000e+03 -2.217766761779785156e+00
8.844000000000000000e+03 -2.271188259124755859e+00
8.845000000000000000e+03 -2.226933002471923828e+00
8.846000000000000000e+03 -2.229857206344604492e+00
8.847000000000000000e+03 -2.229010820388793945e+00
8.848000000000000000e+03 -2.225920200347900391e+00
8.849000000000000000e+03 -2.272640943527221680e+00
8.850000000000000000e+03 -2.241945505142211914e+00
8.851000000000000000e+03 -2.271258592605590820e+00
8.852000000000000000e+03 -2.256237030029296875e+00
8.853000000000000000e+03 -2.256610393524169922e+00
8.854000000000000000e+03 -2.222904682159423828e+00
8.855000000000000000e+03 -2.242003679275512695e+00
8.856000000000000000e+03 -2.234925270080566406e+00
8.857000000000000000e+03 -2.247133731842041016e+00
8.858000000000000000e+03 -2.226156711578369141e+00
8.859000000000000000e+03 -2.240938901901245117e+00
8.860000000000000000e+03 -2.260517835617065430e+00
8.861000000000000000e+03 -2.241257667541503906e+00
8.862000000000000000e+03 -2.251990079879760742e+00
8.863000000000000000e+03 -2.234733581542968750e+00
8.864000000000000000e+03 -2.219264268875122070e+00
8.865000000000000000e+03 -2.211005687713623047e+00
8.866000000000000000e+03 -2.199136734008789062e+00
8.867000000000000000e+03 -2.197433471679687500e+00
8.868000000000000000e+03 -2.203066825866699219e+00
8.869000000000000000e+03 -2.206498146057128906e+00
8.870000000000000000e+03 -2.198001384735107422e+00
8.871000000000000000e+03 -2.229442119598388672e+00
8.872000000000000000e+03 -2.209670305252075195e+00
8.873000000000000000e+03 -2.195480346679687500e+00
8.874000000000000000e+03 -2.201249599456787109e+00
8.875000000000000000e+03 -2.160725116729736328e+00
8.876000000000000000e+03 -2.186709880828857422e+00
8.877000000000000000e+03 -2.189957618713378906e+00
8.878000000000000000e+03 -2.211862087249755859e+00
8.879000000000000000e+03 -2.210229396820068359e+00
8.880000000000000000e+03 -2.222258567810058594e+00
8.881000000000000000e+03 -2.172726869583129883e+00
8.882000000000000000e+03 -2.184125423431396484e+00
8.883000000000000000e+03 -2.152864933013916016e+00
8.884000000000000000e+03 -2.203090190887451172e+00
8.885000000000000000e+03 -2.230409145355224609e+00
8.886000000000000000e+03 -2.171294212341308594e+00
8.887000000000000000e+03 -2.162863254547119141e+00
8.888000000000000000e+03 -2.160478115081787109e+00
8.889000000000000000e+03 -2.167787313461303711e+00
8.890000000000000000e+03 -2.186595201492309570e+00
8.891000000000000000e+03 -2.221630573272705078e+00
8.892000000000000000e+03 -2.225671768188476562e+00
8.893000000000000000e+03 -2.205189704895019531e+00
8.894000000000000000e+03 -2.161830902099609375e+00
8.895000000000000000e+03 -2.172775030136108398e+00
8.896000000000000000e+03 -2.208569049835205078e+00
8.897000000000000000e+03 -2.200710296630859375e+00
8.898000000000000000e+03 -2.156950235366821289e+00
8.899000000000000000e+03 -2.166541576385498047e+00
8.900000000000000000e+03 -2.190615653991699219e+00
8.901000000000000000e+03 -2.195373535156250000e+00
8.902000000000000000e+03 -2.199117898941040039e+00
8.903000000000000000e+03 -2.211393594741821289e+00
8.904000000000000000e+03 -2.181857824325561523e+00
8.905000000000000000e+03 -2.185523748397827148e+00
8.906000000000000000e+03 -2.207395553588867188e+00
8.907000000000000000e+03 -2.182882070541381836e+00
8.908000000000000000e+03 -2.178443908691406250e+00
8.909000000000000000e+03 -2.214446306228637695e+00
8.910000000000000000e+03 -2.192103147506713867e+00
8.911000000000000000e+03 -2.211171150207519531e+00
8.912000000000000000e+03 -2.238559007644653320e+00
8.913000000000000000e+03 -2.231681823730468750e+00
8.914000000000000000e+03 -2.196441650390625000e+00
8.915000000000000000e+03 -2.231000185012817383e+00
8.916000000000000000e+03 -2.208178520202636719e+00
8.917000000000000000e+03 -2.224258661270141602e+00
8.918000000000000000e+03 -2.199739933013916016e+00
8.919000000000000000e+03 -2.180887222290039062e+00
8.920000000000000000e+03 -2.221769809722900391e+00
8.921000000000000000e+03 -2.204865932464599609e+00
8.922000000000000000e+03 -2.236639499664306641e+00
8.923000000000000000e+03 -2.230764627456665039e+00
8.924000000000000000e+03 -2.236990690231323242e+00
8.925000000000000000e+03 -2.217646598815917969e+00
8.926000000000000000e+03 -2.211693763732910156e+00
8.927000000000000000e+03 -2.226673841476440430e+00
8.928000000000000000e+03 -2.217818737030029297e+00
8.929000000000000000e+03 -2.218265295028686523e+00
8.930000000000000000e+03 -2.211452960968017578e+00
8.931000000000000000e+03 -2.219912290573120117e+00
8.932000000000000000e+03 -2.215289354324340820e+00
8.933000000000000000e+03 -2.245938301086425781e+00
8.934000000000000000e+03 -2.250457286834716797e+00
8.935000000000000000e+03 -2.240082025527954102e+00
8.936000000000000000e+03 -2.263257741928100586e+00
8.937000000000000000e+03 -2.238091945648193359e+00
8.938000000000000000e+03 -2.216962337493896484e+00
8.939000000000000000e+03 -2.227268695831298828e+00
8.940000000000000000e+03 -2.231674909591674805e+00
8.941000000000000000e+03 -2.226489067077636719e+00
8.942000000000000000e+03 -2.207925796508789062e+00
8.943000000000000000e+03 -2.210880279541015625e+00
8.944000000000000000e+03 -2.214706897735595703e+00
8.945000000000000000e+03 -2.201676845550537109e+00
8.946000000000000000e+03 -2.199699878692626953e+00
8.947000000000000000e+03 -2.240375518798828125e+00
8.948000000000000000e+03 -2.213597774505615234e+00
8.949000000000000000e+03 -2.223795175552368164e+00
8.950000000000000000e+03 -2.198811054229736328e+00
8.951000000000000000e+03 -2.251151561737060547e+00
8.952000000000000000e+03 -2.203164339065551758e+00
8.953000000000000000e+03 -2.204417705535888672e+00
8.954000000000000000e+03 -2.215282201766967773e+00
8.955000000000000000e+03 -2.217875957489013672e+00
8.956000000000000000e+03 -2.223602056503295898e+00
8.957000000000000000e+03 -2.237561225891113281e+00
8.958000000000000000e+03 -2.252760887145996094e+00
8.959000000000000000e+03 -2.233269214630126953e+00
8.960000000000000000e+03 -2.240669488906860352e+00
8.961000000000000000e+03 -2.225178241729736328e+00
8.962000000000000000e+03 -2.216539144515991211e+00
8.963000000000000000e+03 -2.227275848388671875e+00
8.964000000000000000e+03 -2.222935676574707031e+00
8.965000000000000000e+03 -2.236944437026977539e+00
8.966000000000000000e+03 -2.243512153625488281e+00
8.967000000000000000e+03 -2.267747402191162109e+00
8.968000000000000000e+03 -2.229577064514160156e+00
8.969000000000000000e+03 -2.240699768066406250e+00
8.970000000000000000e+03 -2.222636222839355469e+00
8.971000000000000000e+03 -2.198608160018920898e+00
8.972000000000000000e+03 -2.203615665435791016e+00
8.973000000000000000e+03 -2.229294538497924805e+00
8.974000000000000000e+03 -2.232316017150878906e+00
8.975000000000000000e+03 -2.245592355728149414e+00
8.976000000000000000e+03 -2.218080282211303711e+00
8.977000000000000000e+03 -2.229434967041015625e+00
8.978000000000000000e+03 -2.219110012054443359e+00
8.979000000000000000e+03 -2.249320268630981445e+00
8.980000000000000000e+03 -2.240443944931030273e+00
8.981000000000000000e+03 -2.251959323883056641e+00
8.982000000000000000e+03 -2.272622108459472656e+00
8.983000000000000000e+03 -2.284352779388427734e+00
8.984000000000000000e+03 -2.256716966629028320e+00
8.985000000000000000e+03 -2.258358478546142578e+00
8.986000000000000000e+03 -2.253071308135986328e+00
8.987000000000000000e+03 -2.242256879806518555e+00
8.988000000000000000e+03 -2.226052761077880859e+00
8.989000000000000000e+03 -2.263919830322265625e+00
8.990000000000000000e+03 -2.232550144195556641e+00
8.991000000000000000e+03 -2.227758884429931641e+00
8.992000000000000000e+03 -2.231361150741577148e+00
8.993000000000000000e+03 -2.239151716232299805e+00
8.994000000000000000e+03 -2.268292903900146484e+00
8.995000000000000000e+03 -2.241386175155639648e+00
8.996000000000000000e+03 -2.282061100006103516e+00
8.997000000000000000e+03 -2.241182327270507812e+00
8.998000000000000000e+03 -2.274737358093261719e+00
8.999000000000000000e+03 -2.240477085113525391e+00
9.000000000000000000e+03 -2.242606878280639648e+00
9.001000000000000000e+03 -2.252404212951660156e+00
9.002000000000000000e+03 -2.242109298706054688e+00
9.003000000000000000e+03 -2.202742815017700195e+00
9.004000000000000000e+03 -2.267372608184814453e+00
9.005000000000000000e+03 -2.225474119186401367e+00
9.006000000000000000e+03 -2.241159915924072266e+00
9.007000000000000000e+03 -2.272789478302001953e+00
9.008000000000000000e+03 -2.283432006835937500e+00
9.009000000000000000e+03 -2.245928287506103516e+00
9.010000000000000000e+03 -2.234253883361816406e+00
9.011000000000000000e+03 -2.251111268997192383e+00
9.012000000000000000e+03 -2.239330768585205078e+00
9.013000000000000000e+03 -2.272299766540527344e+00
9.014000000000000000e+03 -2.290164709091186523e+00
9.015000000000000000e+03 -2.298269987106323242e+00
9.016000000000000000e+03 -2.219926834106445312e+00
9.017000000000000000e+03 -2.229732036590576172e+00
9.018000000000000000e+03 -2.284565925598144531e+00
9.019000000000000000e+03 -2.244757413864135742e+00
9.020000000000000000e+03 -2.254520893096923828e+00
9.021000000000000000e+03 -2.259854793548583984e+00
9.022000000000000000e+03 -2.247683048248291016e+00
9.023000000000000000e+03 -2.222330093383789062e+00
9.024000000000000000e+03 -2.215963840484619141e+00
9.025000000000000000e+03 -2.255030632019042969e+00
9.026000000000000000e+03 -2.285103082656860352e+00
9.027000000000000000e+03 -2.294188022613525391e+00
9.028000000000000000e+03 -2.250555992126464844e+00
9.029000000000000000e+03 -2.278259992599487305e+00
9.030000000000000000e+03 -2.255977153778076172e+00
9.031000000000000000e+03 -2.256556510925292969e+00
9.032000000000000000e+03 -2.230732917785644531e+00
9.033000000000000000e+03 -2.266188144683837891e+00
9.034000000000000000e+03 -2.293746471405029297e+00
9.035000000000000000e+03 -2.272221565246582031e+00
9.036000000000000000e+03 -2.274782896041870117e+00
9.037000000000000000e+03 -2.257858753204345703e+00
9.038000000000000000e+03 -2.262585163116455078e+00
9.039000000000000000e+03 -2.242994308471679688e+00
9.040000000000000000e+03 -2.255220890045166016e+00
9.041000000000000000e+03 -2.261186599731445312e+00
9.042000000000000000e+03 -2.189069986343383789e+00
9.043000000000000000e+03 -2.259076595306396484e+00
9.044000000000000000e+03 -2.272476434707641602e+00
9.045000000000000000e+03 -2.270465373992919922e+00
9.046000000000000000e+03 -2.261375904083251953e+00
9.047000000000000000e+03 -2.249684333801269531e+00
9.048000000000000000e+03 -2.251801252365112305e+00
9.049000000000000000e+03 -2.242473125457763672e+00
9.050000000000000000e+03 -2.240581512451171875e+00
9.051000000000000000e+03 -2.263076305389404297e+00
9.052000000000000000e+03 -2.269604682922363281e+00
9.053000000000000000e+03 -2.241555213928222656e+00
9.054000000000000000e+03 -2.265011310577392578e+00
9.055000000000000000e+03 -2.250895977020263672e+00
9.056000000000000000e+03 -2.254649877548217773e+00
9.057000000000000000e+03 -2.243989229202270508e+00
9.058000000000000000e+03 -2.200768470764160156e+00
9.059000000000000000e+03 -2.230026721954345703e+00
9.060000000000000000e+03 -2.210968732833862305e+00
9.061000000000000000e+03 -2.226048946380615234e+00
9.062000000000000000e+03 -2.246183156967163086e+00
9.063000000000000000e+03 -2.280401706695556641e+00
9.064000000000000000e+03 -2.273050546646118164e+00
9.065000000000000000e+03 -2.263928890228271484e+00
9.066000000000000000e+03 -2.235812664031982422e+00
9.067000000000000000e+03 -2.241562843322753906e+00
9.068000000000000000e+03 -2.217331409454345703e+00
9.069000000000000000e+03 -2.241502761840820312e+00
9.070000000000000000e+03 -2.231071472167968750e+00
9.071000000000000000e+03 -2.239930629730224609e+00
9.072000000000000000e+03 -2.258569240570068359e+00
9.073000000000000000e+03 -2.241307258605957031e+00
9.074000000000000000e+03 -2.253225564956665039e+00
9.075000000000000000e+03 -2.247664451599121094e+00
9.076000000000000000e+03 -2.273424863815307617e+00
9.077000000000000000e+03 -2.271087884902954102e+00
9.078000000000000000e+03 -2.248426437377929688e+00
9.079000000000000000e+03 -2.263102054595947266e+00
9.080000000000000000e+03 -2.272223234176635742e+00
9.081000000000000000e+03 -2.305869102478027344e+00
9.082000000000000000e+03 -2.245701789855957031e+00
9.083000000000000000e+03 -2.264018058776855469e+00
9.084000000000000000e+03 -2.275184631347656250e+00
9.085000000000000000e+03 -2.218499898910522461e+00
9.086000000000000000e+03 -2.214246273040771484e+00
9.087000000000000000e+03 -2.254354953765869141e+00
9.088000000000000000e+03 -2.238976478576660156e+00
9.089000000000000000e+03 -2.239395380020141602e+00
9.090000000000000000e+03 -2.242999076843261719e+00
9.091000000000000000e+03 -2.228325366973876953e+00
9.092000000000000000e+03 -2.241295337677001953e+00
9.093000000000000000e+03 -2.234462261199951172e+00
9.094000000000000000e+03 -2.235918521881103516e+00
9.095000000000000000e+03 -2.222567081451416016e+00
9.096000000000000000e+03 -2.238599777221679688e+00
9.097000000000000000e+03 -2.258880138397216797e+00
9.098000000000000000e+03 -2.250625848770141602e+00
9.099000000000000000e+03 -2.209423303604125977e+00
9.100000000000000000e+03 -2.209146022796630859e+00
9.101000000000000000e+03 -2.227526426315307617e+00
9.102000000000000000e+03 -2.220329046249389648e+00
9.103000000000000000e+03 -2.203297138214111328e+00
9.104000000000000000e+03 -2.196464538574218750e+00
9.105000000000000000e+03 -2.208433151245117188e+00
9.106000000000000000e+03 -2.217597961425781250e+00
9.107000000000000000e+03 -2.197032690048217773e+00
9.108000000000000000e+03 -2.217164516448974609e+00
9.109000000000000000e+03 -2.173490285873413086e+00
9.110000000000000000e+03 -2.174624919891357422e+00
9.111000000000000000e+03 -2.190178871154785156e+00
9.112000000000000000e+03 -2.171513080596923828e+00
9.113000000000000000e+03 -2.174376487731933594e+00
9.114000000000000000e+03 -2.174263477325439453e+00
9.115000000000000000e+03 -2.178174734115600586e+00
9.116000000000000000e+03 -2.166759014129638672e+00
9.117000000000000000e+03 -2.175374984741210938e+00
9.118000000000000000e+03 -2.194848299026489258e+00
9.119000000000000000e+03 -2.198039531707763672e+00
9.120000000000000000e+03 -2.206143379211425781e+00
9.121000000000000000e+03 -2.177460908889770508e+00
9.122000000000000000e+03 -2.171497583389282227e+00
9.123000000000000000e+03 -2.202697277069091797e+00
9.124000000000000000e+03 -2.191145420074462891e+00
9.125000000000000000e+03 -2.204961776733398438e+00
9.126000000000000000e+03 -2.176505565643310547e+00
9.127000000000000000e+03 -2.190993309020996094e+00
9.128000000000000000e+03 -2.221015930175781250e+00
9.129000000000000000e+03 -2.197959184646606445e+00
9.130000000000000000e+03 -2.190773487091064453e+00
9.131000000000000000e+03 -2.178624629974365234e+00
9.132000000000000000e+03 -2.185583829879760742e+00
9.133000000000000000e+03 -2.140275955200195312e+00
9.134000000000000000e+03 -2.175443172454833984e+00
9.135000000000000000e+03 -2.176414251327514648e+00
9.136000000000000000e+03 -2.207129478454589844e+00
9.137000000000000000e+03 -2.219790935516357422e+00
9.138000000000000000e+03 -2.216350078582763672e+00
9.139000000000000000e+03 -2.211310863494873047e+00
9.140000000000000000e+03 -2.167982816696166992e+00
9.141000000000000000e+03 -2.207101821899414062e+00
9.142000000000000000e+03 -2.184931516647338867e+00
9.143000000000000000e+03 -2.212269306182861328e+00
9.144000000000000000e+03 -2.193456172943115234e+00
9.145000000000000000e+03 -2.219252109527587891e+00
9.146000000000000000e+03 -2.202167510986328125e+00
9.147000000000000000e+03 -2.205824851989746094e+00
9.148000000000000000e+03 -2.221938610076904297e+00
9.149000000000000000e+03 -2.220948934555053711e+00
9.150000000000000000e+03 -2.193797111511230469e+00
9.151000000000000000e+03 -2.206933021545410156e+00
9.152000000000000000e+03 -2.195646286010742188e+00
9.153000000000000000e+03 -2.164236545562744141e+00
9.154000000000000000e+03 -2.181944847106933594e+00
9.155000000000000000e+03 -2.225802659988403320e+00
9.156000000000000000e+03 -2.220906734466552734e+00
9.157000000000000000e+03 -2.209213256835937500e+00
9.158000000000000000e+03 -2.207876920700073242e+00
9.159000000000000000e+03 -2.229498147964477539e+00
9.160000000000000000e+03 -2.188993453979492188e+00
9.161000000000000000e+03 -2.234653472900390625e+00
9.162000000000000000e+03 -2.220702886581420898e+00
9.163000000000000000e+03 -2.219635963439941406e+00
9.164000000000000000e+03 -2.245892524719238281e+00
9.165000000000000000e+03 -2.233316898345947266e+00
9.166000000000000000e+03 -2.226253986358642578e+00
9.167000000000000000e+03 -2.246810913085937500e+00
9.168000000000000000e+03 -2.202099084854125977e+00
9.169000000000000000e+03 -2.208928346633911133e+00
9.170000000000000000e+03 -2.211439132690429688e+00
9.171000000000000000e+03 -2.231024265289306641e+00
9.172000000000000000e+03 -2.227213144302368164e+00
9.173000000000000000e+03 -2.202550649642944336e+00
9.174000000000000000e+03 -2.214025020599365234e+00
9.175000000000000000e+03 -2.217878818511962891e+00
9.176000000000000000e+03 -2.201677799224853516e+00
9.177000000000000000e+03 -2.219037532806396484e+00
9.178000000000000000e+03 -2.231107950210571289e+00
9.179000000000000000e+03 -2.229946136474609375e+00
9.180000000000000000e+03 -2.276854515075683594e+00
9.181000000000000000e+03 -2.215128898620605469e+00
9.182000000000000000e+03 -2.220873832702636719e+00
9.183000000000000000e+03 -2.232582092285156250e+00
9.184000000000000000e+03 -2.239093303680419922e+00
9.185000000000000000e+03 -2.199831485748291016e+00
9.186000000000000000e+03 -2.233811855316162109e+00
9.187000000000000000e+03 -2.224283218383789062e+00
9.188000000000000000e+03 -2.201496362686157227e+00
9.189000000000000000e+03 -2.204881191253662109e+00
9.190000000000000000e+03 -2.229580879211425781e+00
9.191000000000000000e+03 -2.250505447387695312e+00
9.192000000000000000e+03 -2.259920597076416016e+00
9.193000000000000000e+03 -2.197032451629638672e+00
9.194000000000000000e+03 -2.184087276458740234e+00
9.195000000000000000e+03 -2.226214885711669922e+00
9.196000000000000000e+03 -2.212003231048583984e+00
9.197000000000000000e+03 -2.202894210815429688e+00
9.198000000000000000e+03 -2.234965324401855469e+00
9.199000000000000000e+03 -2.240875244140625000e+00
9.200000000000000000e+03 -2.170587539672851562e+00
9.201000000000000000e+03 -2.145041465759277344e+00
9.202000000000000000e+03 -2.154674768447875977e+00
9.203000000000000000e+03 -2.170990943908691406e+00
9.204000000000000000e+03 -2.175518035888671875e+00
9.205000000000000000e+03 -2.196149349212646484e+00
9.206000000000000000e+03 -2.188507080078125000e+00
9.207000000000000000e+03 -2.178604125976562500e+00
9.208000000000000000e+03 -2.195339441299438477e+00
9.209000000000000000e+03 -2.209555625915527344e+00
9.210000000000000000e+03 -2.226979494094848633e+00
9.211000000000000000e+03 -2.183643341064453125e+00
9.212000000000000000e+03 -2.218464374542236328e+00
9.213000000000000000e+03 -2.221575975418090820e+00
9.214000000000000000e+03 -2.236860513687133789e+00
9.215000000000000000e+03 -2.195271730422973633e+00
9.216000000000000000e+03 -2.207696199417114258e+00
9.217000000000000000e+03 -2.223720073699951172e+00
9.218000000000000000e+03 -2.235247850418090820e+00
9.219000000000000000e+03 -2.222528696060180664e+00
9.220000000000000000e+03 -2.171031951904296875e+00
9.221000000000000000e+03 -2.203146696090698242e+00
9.222000000000000000e+03 -2.218987941741943359e+00
9.223000000000000000e+03 -2.217554092407226562e+00
9.224000000000000000e+03 -2.214318990707397461e+00
9.225000000000000000e+03 -2.251823902130126953e+00
9.226000000000000000e+03 -2.226965665817260742e+00
9.227000000000000000e+03 -2.235155105590820312e+00
9.228000000000000000e+03 -2.222411632537841797e+00
9.229000000000000000e+03 -2.238462686538696289e+00
9.230000000000000000e+03 -2.229887247085571289e+00
9.231000000000000000e+03 -2.255668163299560547e+00
9.232000000000000000e+03 -2.229060173034667969e+00
9.233000000000000000e+03 -2.254561424255371094e+00
9.234000000000000000e+03 -2.252964496612548828e+00
9.235000000000000000e+03 -2.249311685562133789e+00
9.236000000000000000e+03 -2.224092721939086914e+00
9.237000000000000000e+03 -2.242335319519042969e+00
9.238000000000000000e+03 -2.206293106079101562e+00
9.239000000000000000e+03 -2.240959405899047852e+00
9.240000000000000000e+03 -2.245528697967529297e+00
9.241000000000000000e+03 -2.270204067230224609e+00
9.242000000000000000e+03 -2.252076387405395508e+00
9.243000000000000000e+03 -2.222404241561889648e+00
9.244000000000000000e+03 -2.206880331039428711e+00
9.245000000000000000e+03 -2.214842796325683594e+00
9.246000000000000000e+03 -2.210938930511474609e+00
9.247000000000000000e+03 -2.225915908813476562e+00
9.248000000000000000e+03 -2.215172529220581055e+00
9.249000000000000000e+03 -2.227157831192016602e+00
9.250000000000000000e+03 -2.234449863433837891e+00
9.251000000000000000e+03 -2.233325481414794922e+00
9.252000000000000000e+03 -2.223807334899902344e+00
9.253000000000000000e+03 -2.203207492828369141e+00
9.254000000000000000e+03 -2.216599702835083008e+00
9.255000000000000000e+03 -2.221927642822265625e+00
9.256000000000000000e+03 -2.215683937072753906e+00
9.257000000000000000e+03 -2.221715450286865234e+00
9.258000000000000000e+03 -2.210054874420166016e+00
9.259000000000000000e+03 -2.209240198135375977e+00
9.260000000000000000e+03 -2.182410478591918945e+00
9.261000000000000000e+03 -2.188300609588623047e+00
9.262000000000000000e+03 -2.192643404006958008e+00
9.263000000000000000e+03 -2.212164402008056641e+00
9.264000000000000000e+03 -2.191539049148559570e+00
9.265000000000000000e+03 -2.232287645339965820e+00
9.266000000000000000e+03 -2.190415143966674805e+00
9.267000000000000000e+03 -2.231844902038574219e+00
9.268000000000000000e+03 -2.205078363418579102e+00
9.269000000000000000e+03 -2.178255796432495117e+00
9.270000000000000000e+03 -2.226675510406494141e+00
9.271000000000000000e+03 -2.211151838302612305e+00
9.272000000000000000e+03 -2.213929414749145508e+00
9.273000000000000000e+03 -2.167613506317138672e+00
9.274000000000000000e+03 -2.158628940582275391e+00
9.275000000000000000e+03 -2.203748703002929688e+00
9.276000000000000000e+03 -2.207218408584594727e+00
9.277000000000000000e+03 -2.175577640533447266e+00
9.278000000000000000e+03 -2.204272508621215820e+00
9.279000000000000000e+03 -2.209503173828125000e+00
9.280000000000000000e+03 -2.200481414794921875e+00
9.281000000000000000e+03 -2.216671466827392578e+00
9.282000000000000000e+03 -2.259147644042968750e+00
9.283000000000000000e+03 -2.232909679412841797e+00
9.284000000000000000e+03 -2.207913398742675781e+00
9.285000000000000000e+03 -2.192222833633422852e+00
9.286000000000000000e+03 -2.218152523040771484e+00
9.287000000000000000e+03 -2.215008497238159180e+00
9.288000000000000000e+03 -2.220444440841674805e+00
9.289000000000000000e+03 -2.207541465759277344e+00
9.290000000000000000e+03 -2.212431669235229492e+00
9.291000000000000000e+03 -2.219079256057739258e+00
9.292000000000000000e+03 -2.219636440277099609e+00
9.293000000000000000e+03 -2.214009046554565430e+00
9.294000000000000000e+03 -2.222693204879760742e+00
9.295000000000000000e+03 -2.240586280822753906e+00
9.296000000000000000e+03 -2.185149669647216797e+00
9.297000000000000000e+03 -2.197982072830200195e+00
9.298000000000000000e+03 -2.181751966476440430e+00
9.299000000000000000e+03 -2.189773797988891602e+00
9.300000000000000000e+03 -2.217300891876220703e+00
9.301000000000000000e+03 -2.213265419006347656e+00
9.302000000000000000e+03 -2.189151287078857422e+00
9.303000000000000000e+03 -2.209426879882812500e+00
9.304000000000000000e+03 -2.242052793502807617e+00
9.305000000000000000e+03 -2.240160942077636719e+00
9.306000000000000000e+03 -2.222077608108520508e+00
9.307000000000000000e+03 -2.185762643814086914e+00
9.308000000000000000e+03 -2.173316001892089844e+00
9.309000000000000000e+03 -2.185178756713867188e+00
9.310000000000000000e+03 -2.211385726928710938e+00
9.311000000000000000e+03 -2.200229406356811523e+00
9.312000000000000000e+03 -2.208940744400024414e+00
9.313000000000000000e+03 -2.197800397872924805e+00
9.314000000000000000e+03 -2.208552360534667969e+00
9.315000000000000000e+03 -2.212116241455078125e+00
9.316000000000000000e+03 -2.222333908081054688e+00
9.317000000000000000e+03 -2.249217987060546875e+00
9.318000000000000000e+03 -2.241704463958740234e+00
9.319000000000000000e+03 -2.223823547363281250e+00
9.320000000000000000e+03 -2.268761634826660156e+00
9.321000000000000000e+03 -2.255443572998046875e+00
9.322000000000000000e+03 -2.279029369354248047e+00
9.323000000000000000e+03 -2.252348423004150391e+00
9.324000000000000000e+03 -2.249404191970825195e+00
9.325000000000000000e+03 -2.245958805084228516e+00
9.326000000000000000e+03 -2.225707530975341797e+00
9.327000000000000000e+03 -2.241393327713012695e+00
9.328000000000000000e+03 -2.209801912307739258e+00
9.329000000000000000e+03 -2.188781261444091797e+00
9.330000000000000000e+03 -2.209893465042114258e+00
9.331000000000000000e+03 -2.225828170776367188e+00
9.332000000000000000e+03 -2.201625347137451172e+00
9.333000000000000000e+03 -2.248476028442382812e+00
9.334000000000000000e+03 -2.216277122497558594e+00
9.335000000000000000e+03 -2.228512048721313477e+00
9.336000000000000000e+03 -2.238523960113525391e+00
9.337000000000000000e+03 -2.210750579833984375e+00
9.338000000000000000e+03 -2.230433702468872070e+00
9.339000000000000000e+03 -2.240348577499389648e+00
9.340000000000000000e+03 -2.193650484085083008e+00
9.341000000000000000e+03 -2.204337120056152344e+00
9.342000000000000000e+03 -2.233781814575195312e+00
9.343000000000000000e+03 -2.235516071319580078e+00
9.344000000000000000e+03 -2.228834867477416992e+00
9.345000000000000000e+03 -2.255566358566284180e+00
9.346000000000000000e+03 -2.222964763641357422e+00
9.347000000000000000e+03 -2.220268487930297852e+00
9.348000000000000000e+03 -2.215770244598388672e+00
9.349000000000000000e+03 -2.256305217742919922e+00
9.350000000000000000e+03 -2.249058485031127930e+00
9.351000000000000000e+03 -2.258816242218017578e+00
9.352000000000000000e+03 -2.252834081649780273e+00
9.353000000000000000e+03 -2.222603082656860352e+00
9.354000000000000000e+03 -2.251392364501953125e+00
9.355000000000000000e+03 -2.242746829986572266e+00
9.356000000000000000e+03 -2.268597841262817383e+00
9.357000000000000000e+03 -2.264684438705444336e+00
9.358000000000000000e+03 -2.272941112518310547e+00
9.359000000000000000e+03 -2.227147817611694336e+00
9.360000000000000000e+03 -2.226929187774658203e+00
9.361000000000000000e+03 -2.251396656036376953e+00
9.362000000000000000e+03 -2.263120651245117188e+00
9.363000000000000000e+03 -2.253988265991210938e+00
9.364000000000000000e+03 -2.252982616424560547e+00
9.365000000000000000e+03 -2.256348609924316406e+00
9.366000000000000000e+03 -2.280698776245117188e+00
9.367000000000000000e+03 -2.246856451034545898e+00
9.368000000000000000e+03 -2.247921943664550781e+00
9.369000000000000000e+03 -2.240672111511230469e+00
9.370000000000000000e+03 -2.256443977355957031e+00
9.371000000000000000e+03 -2.229645490646362305e+00
9.372000000000000000e+03 -2.228890895843505859e+00
9.373000000000000000e+03 -2.233453512191772461e+00
9.374000000000000000e+03 -2.235375404357910156e+00
9.375000000000000000e+03 -2.213706254959106445e+00
9.376000000000000000e+03 -2.262236595153808594e+00
9.377000000000000000e+03 -2.243630170822143555e+00
9.378000000000000000e+03 -2.233752250671386719e+00
9.379000000000000000e+03 -2.243763446807861328e+00
9.380000000000000000e+03 -2.261683940887451172e+00
9.381000000000000000e+03 -2.229525327682495117e+00
9.382000000000000000e+03 -2.197362899780273438e+00
9.383000000000000000e+03 -2.222372293472290039e+00
9.384000000000000000e+03 -2.240290880203247070e+00
9.385000000000000000e+03 -2.214951753616333008e+00
9.386000000000000000e+03 -2.228557825088500977e+00
9.387000000000000000e+03 -2.227192401885986328e+00
9.388000000000000000e+03 -2.202113628387451172e+00
9.389000000000000000e+03 -2.203192472457885742e+00
9.390000000000000000e+03 -2.213404178619384766e+00
9.391000000000000000e+03 -2.193120956420898438e+00
9.392000000000000000e+03 -2.214321851730346680e+00
9.393000000000000000e+03 -2.195536136627197266e+00
9.394000000000000000e+03 -2.210800886154174805e+00
9.395000000000000000e+03 -2.199244976043701172e+00
9.396000000000000000e+03 -2.213463306427001953e+00
9.397000000000000000e+03 -2.218897342681884766e+00
9.398000000000000000e+03 -2.204662084579467773e+00
9.399000000000000000e+03 -2.216847658157348633e+00
9.400000000000000000e+03 -2.215072870254516602e+00
9.401000000000000000e+03 -2.199359178543090820e+00
9.402000000000000000e+03 -2.235338449478149414e+00
9.403000000000000000e+03 -2.233428955078125000e+00
9.404000000000000000e+03 -2.212635040283203125e+00
9.405000000000000000e+03 -2.190907955169677734e+00
9.406000000000000000e+03 -2.187665224075317383e+00
9.407000000000000000e+03 -2.241967916488647461e+00
9.408000000000000000e+03 -2.205357789993286133e+00
9.409000000000000000e+03 -2.226047039031982422e+00
9.410000000000000000e+03 -2.186907291412353516e+00
9.411000000000000000e+03 -2.211104393005371094e+00
9.412000000000000000e+03 -2.203675270080566406e+00
9.413000000000000000e+03 -2.210830211639404297e+00
9.414000000000000000e+03 -2.203034877777099609e+00
9.415000000000000000e+03 -2.244717597961425781e+00
9.416000000000000000e+03 -2.228231668472290039e+00
9.417000000000000000e+03 -2.219777822494506836e+00
9.418000000000000000e+03 -2.193167924880981445e+00
9.419000000000000000e+03 -2.206722736358642578e+00
9.420000000000000000e+03 -2.219353437423706055e+00
9.421000000000000000e+03 -2.220474243164062500e+00
9.422000000000000000e+03 -2.201263189315795898e+00
9.423000000000000000e+03 -2.198216438293457031e+00
9.424000000000000000e+03 -2.212425231933593750e+00
9.425000000000000000e+03 -2.227811813354492188e+00
9.426000000000000000e+03 -2.229014396667480469e+00
9.427000000000000000e+03 -2.203967571258544922e+00
9.428000000000000000e+03 -2.229191064834594727e+00
9.429000000000000000e+03 -2.210464000701904297e+00
9.430000000000000000e+03 -2.235538482666015625e+00
9.431000000000000000e+03 -2.190841913223266602e+00
9.432000000000000000e+03 -2.208763599395751953e+00
9.433000000000000000e+03 -2.231317043304443359e+00
9.434000000000000000e+03 -2.229663610458374023e+00
9.435000000000000000e+03 -2.224522590637207031e+00
9.436000000000000000e+03 -2.209014892578125000e+00
9.437000000000000000e+03 -2.206395626068115234e+00
9.438000000000000000e+03 -2.178504943847656250e+00
9.439000000000000000e+03 -2.228285789489746094e+00
9.440000000000000000e+03 -2.173741340637207031e+00
9.441000000000000000e+03 -2.212935209274291992e+00
9.442000000000000000e+03 -2.183489799499511719e+00
9.443000000000000000e+03 -2.180698394775390625e+00
9.444000000000000000e+03 -2.181891441345214844e+00
9.445000000000000000e+03 -2.187699317932128906e+00
9.446000000000000000e+03 -2.191890954971313477e+00
9.447000000000000000e+03 -2.220784902572631836e+00
9.448000000000000000e+03 -2.218367099761962891e+00
9.449000000000000000e+03 -2.229533433914184570e+00
9.450000000000000000e+03 -2.229427814483642578e+00
9.451000000000000000e+03 -2.241442203521728516e+00
9.452000000000000000e+03 -2.209905385971069336e+00
9.453000000000000000e+03 -2.215360879898071289e+00
9.454000000000000000e+03 -2.239409923553466797e+00
9.455000000000000000e+03 -2.177508354187011719e+00
9.456000000000000000e+03 -2.206000804901123047e+00
9.457000000000000000e+03 -2.216270923614501953e+00
9.458000000000000000e+03 -2.229340553283691406e+00
9.459000000000000000e+03 -2.217419862747192383e+00
9.460000000000000000e+03 -2.199452877044677734e+00
9.461000000000000000e+03 -2.227628946304321289e+00
9.462000000000000000e+03 -2.212957859039306641e+00
9.463000000000000000e+03 -2.183820486068725586e+00
9.464000000000000000e+03 -2.227414608001708984e+00
9.465000000000000000e+03 -2.235067844390869141e+00
9.466000000000000000e+03 -2.215907812118530273e+00
9.467000000000000000e+03 -2.243692636489868164e+00
9.468000000000000000e+03 -2.231858015060424805e+00
9.469000000000000000e+03 -2.235361099243164062e+00
9.470000000000000000e+03 -2.215152978897094727e+00
9.471000000000000000e+03 -2.230878114700317383e+00
9.472000000000000000e+03 -2.205500364303588867e+00
9.473000000000000000e+03 -2.188476324081420898e+00
9.474000000000000000e+03 -2.214554071426391602e+00
9.475000000000000000e+03 -2.230355978012084961e+00
9.476000000000000000e+03 -2.199771642684936523e+00
9.477000000000000000e+03 -2.241631984710693359e+00
9.478000000000000000e+03 -2.256449222564697266e+00
9.479000000000000000e+03 -2.207717180252075195e+00
9.480000000000000000e+03 -2.196688175201416016e+00
9.481000000000000000e+03 -2.255258798599243164e+00
9.482000000000000000e+03 -2.242895603179931641e+00
9.483000000000000000e+03 -2.216953277587890625e+00
9.484000000000000000e+03 -2.231020212173461914e+00
9.485000000000000000e+03 -2.218930721282958984e+00
9.486000000000000000e+03 -2.239696741104125977e+00
9.487000000000000000e+03 -2.241109609603881836e+00
9.488000000000000000e+03 -2.203692197799682617e+00
9.489000000000000000e+03 -2.249760627746582031e+00
9.490000000000000000e+03 -2.235950469970703125e+00
9.491000000000000000e+03 -2.240027904510498047e+00
9.492000000000000000e+03 -2.230089664459228516e+00
9.493000000000000000e+03 -2.253693580627441406e+00
9.494000000000000000e+03 -2.216573238372802734e+00
9.495000000000000000e+03 -2.276609182357788086e+00
9.496000000000000000e+03 -2.197515010833740234e+00
9.497000000000000000e+03 -2.240710973739624023e+00
9.498000000000000000e+03 -2.232306480407714844e+00
9.499000000000000000e+03 -2.258702278137207031e+00
9.500000000000000000e+03 -2.255371570587158203e+00
9.501000000000000000e+03 -2.210494995117187500e+00
9.502000000000000000e+03 -2.260584115982055664e+00
9.503000000000000000e+03 -2.259610414505004883e+00
9.504000000000000000e+03 -2.205242395401000977e+00
9.505000000000000000e+03 -2.238817930221557617e+00
9.506000000000000000e+03 -2.236458063125610352e+00
9.507000000000000000e+03 -2.239273786544799805e+00
9.508000000000000000e+03 -2.244817733764648438e+00
9.509000000000000000e+03 -2.243560791015625000e+00
9.510000000000000000e+03 -2.233150005340576172e+00
9.511000000000000000e+03 -2.231626749038696289e+00
9.512000000000000000e+03 -2.237088680267333984e+00
9.513000000000000000e+03 -2.223723411560058594e+00
9.514000000000000000e+03 -2.233383655548095703e+00
9.515000000000000000e+03 -2.215438365936279297e+00
9.516000000000000000e+03 -2.238399982452392578e+00
9.517000000000000000e+03 -2.241627931594848633e+00
9.518000000000000000e+03 -2.239453077316284180e+00
9.519000000000000000e+03 -2.241268157958984375e+00
9.520000000000000000e+03 -2.239113807678222656e+00
9.521000000000000000e+03 -2.215890407562255859e+00
9.522000000000000000e+03 -2.221410274505615234e+00
9.523000000000000000e+03 -2.215271472930908203e+00
9.524000000000000000e+03 -2.223667144775390625e+00
9.525000000000000000e+03 -2.216753959655761719e+00
9.526000000000000000e+03 -2.212925910949707031e+00
9.527000000000000000e+03 -2.205015182495117188e+00
9.528000000000000000e+03 -2.229951381683349609e+00
9.529000000000000000e+03 -2.229001760482788086e+00
9.530000000000000000e+03 -2.211724758148193359e+00
9.531000000000000000e+03 -2.283333778381347656e+00
9.532000000000000000e+03 -2.272167205810546875e+00
9.533000000000000000e+03 -2.268330097198486328e+00
9.534000000000000000e+03 -2.226828098297119141e+00
9.535000000000000000e+03 -2.236207962036132812e+00
9.536000000000000000e+03 -2.213723897933959961e+00
9.537000000000000000e+03 -2.209069013595581055e+00
9.538000000000000000e+03 -2.236109018325805664e+00
9.539000000000000000e+03 -2.208418846130371094e+00
9.540000000000000000e+03 -2.175353527069091797e+00
9.541000000000000000e+03 -2.204324960708618164e+00
9.542000000000000000e+03 -2.237104892730712891e+00
9.543000000000000000e+03 -2.232965230941772461e+00
9.544000000000000000e+03 -2.222418308258056641e+00
9.545000000000000000e+03 -2.222016572952270508e+00
9.546000000000000000e+03 -2.261778354644775391e+00
9.547000000000000000e+03 -2.233425140380859375e+00
9.548000000000000000e+03 -2.222523212432861328e+00
9.549000000000000000e+03 -2.230654001235961914e+00
9.550000000000000000e+03 -2.250525712966918945e+00
9.551000000000000000e+03 -2.247329711914062500e+00
9.552000000000000000e+03 -2.229494333267211914e+00
9.553000000000000000e+03 -2.228064775466918945e+00
9.554000000000000000e+03 -2.219519138336181641e+00
9.555000000000000000e+03 -2.187146186828613281e+00
9.556000000000000000e+03 -2.184611320495605469e+00
9.557000000000000000e+03 -2.236955881118774414e+00
9.558000000000000000e+03 -2.248021602630615234e+00
9.559000000000000000e+03 -2.247855186462402344e+00
9.560000000000000000e+03 -2.231685876846313477e+00
9.561000000000000000e+03 -2.241182327270507812e+00
9.562000000000000000e+03 -2.222643613815307617e+00
9.563000000000000000e+03 -2.220391750335693359e+00
9.564000000000000000e+03 -2.173164844512939453e+00
9.565000000000000000e+03 -2.188471794128417969e+00
9.566000000000000000e+03 -2.193694829940795898e+00
9.567000000000000000e+03 -2.241763114929199219e+00
9.568000000000000000e+03 -2.206367731094360352e+00
9.569000000000000000e+03 -2.199205160140991211e+00
9.570000000000000000e+03 -2.249230861663818359e+00
9.571000000000000000e+03 -2.242535352706909180e+00
9.572000000000000000e+03 -2.217509984970092773e+00
9.573000000000000000e+03 -2.191427230834960938e+00
9.574000000000000000e+03 -2.241856813430786133e+00
9.575000000000000000e+03 -2.232997655868530273e+00
9.576000000000000000e+03 -2.179148912429809570e+00
9.577000000000000000e+03 -2.190548419952392578e+00
9.578000000000000000e+03 -2.235139131546020508e+00
9.579000000000000000e+03 -2.200193405151367188e+00
9.580000000000000000e+03 -2.196369886398315430e+00
9.581000000000000000e+03 -2.187288761138916016e+00
9.582000000000000000e+03 -2.207554817199707031e+00
9.583000000000000000e+03 -2.229187726974487305e+00
9.584000000000000000e+03 -2.237217187881469727e+00
9.585000000000000000e+03 -2.227306127548217773e+00
9.586000000000000000e+03 -2.204284906387329102e+00
9.587000000000000000e+03 -2.199767351150512695e+00
9.588000000000000000e+03 -2.196543455123901367e+00
9.589000000000000000e+03 -2.199944019317626953e+00
9.590000000000000000e+03 -2.198934078216552734e+00
9.591000000000000000e+03 -2.189886569976806641e+00
9.592000000000000000e+03 -2.202303886413574219e+00
9.593000000000000000e+03 -2.182409524917602539e+00
9.594000000000000000e+03 -2.208506584167480469e+00
9.595000000000000000e+03 -2.203409433364868164e+00
9.596000000000000000e+03 -2.198399066925048828e+00
9.597000000000000000e+03 -2.180489063262939453e+00
9.598000000000000000e+03 -2.210179567337036133e+00
9.599000000000000000e+03 -2.238198518753051758e+00
9.600000000000000000e+03 -2.230407714843750000e+00
9.601000000000000000e+03 -2.252396345138549805e+00
9.602000000000000000e+03 -2.238406658172607422e+00
9.603000000000000000e+03 -2.254347324371337891e+00
9.604000000000000000e+03 -2.217731952667236328e+00
9.605000000000000000e+03 -2.228128910064697266e+00
9.606000000000000000e+03 -2.205420732498168945e+00
9.607000000000000000e+03 -2.186978340148925781e+00
9.608000000000000000e+03 -2.175523519515991211e+00
9.609000000000000000e+03 -2.176878929138183594e+00
9.610000000000000000e+03 -2.206515312194824219e+00
9.611000000000000000e+03 -2.175382375717163086e+00
9.612000000000000000e+03 -2.238548994064331055e+00
9.613000000000000000e+03 -2.227834463119506836e+00
9.614000000000000000e+03 -2.210273504257202148e+00
9.615000000000000000e+03 -2.216344356536865234e+00
9.616000000000000000e+03 -2.190401792526245117e+00
9.617000000000000000e+03 -2.238876342773437500e+00
9.618000000000000000e+03 -2.247484683990478516e+00
9.619000000000000000e+03 -2.252592802047729492e+00
9.620000000000000000e+03 -2.219104290008544922e+00
9.621000000000000000e+03 -2.227664947509765625e+00
9.622000000000000000e+03 -2.211928129196166992e+00
9.623000000000000000e+03 -2.243590354919433594e+00
9.624000000000000000e+03 -2.212657928466796875e+00
9.625000000000000000e+03 -2.220736026763916016e+00
9.626000000000000000e+03 -2.230467081069946289e+00
9.627000000000000000e+03 -2.255688667297363281e+00
9.628000000000000000e+03 -2.231867074966430664e+00
9.629000000000000000e+03 -2.229710102081298828e+00
9.630000000000000000e+03 -2.258671283721923828e+00
9.631000000000000000e+03 -2.257684230804443359e+00
9.632000000000000000e+03 -2.253121614456176758e+00
9.633000000000000000e+03 -2.248137950897216797e+00
9.634000000000000000e+03 -2.228695869445800781e+00
9.635000000000000000e+03 -2.203201293945312500e+00
9.636000000000000000e+03 -2.226641178131103516e+00
9.637000000000000000e+03 -2.242490291595458984e+00
9.638000000000000000e+03 -2.207780122756958008e+00
9.639000000000000000e+03 -2.216353178024291992e+00
9.640000000000000000e+03 -2.232414722442626953e+00
9.641000000000000000e+03 -2.253687381744384766e+00
9.642000000000000000e+03 -2.252983570098876953e+00
9.643000000000000000e+03 -2.236945629119873047e+00
9.644000000000000000e+03 -2.246023654937744141e+00
9.645000000000000000e+03 -2.237014770507812500e+00
9.646000000000000000e+03 -2.256068468093872070e+00
9.647000000000000000e+03 -2.238492965698242188e+00
9.648000000000000000e+03 -2.242388725280761719e+00
9.649000000000000000e+03 -2.207695007324218750e+00
9.650000000000000000e+03 -2.231750726699829102e+00
9.651000000000000000e+03 -2.227386951446533203e+00
9.652000000000000000e+03 -2.232432365417480469e+00
9.653000000000000000e+03 -2.206861972808837891e+00
9.654000000000000000e+03 -2.227925539016723633e+00
9.655000000000000000e+03 -2.212542057037353516e+00
9.656000000000000000e+03 -2.216340780258178711e+00
9.657000000000000000e+03 -2.242619752883911133e+00
9.658000000000000000e+03 -2.243016004562377930e+00
9.659000000000000000e+03 -2.208875179290771484e+00
9.660000000000000000e+03 -2.216987133026123047e+00
9.661000000000000000e+03 -2.202611923217773438e+00
9.662000000000000000e+03 -2.205883026123046875e+00
9.663000000000000000e+03 -2.170079946517944336e+00
9.664000000000000000e+03 -2.204843997955322266e+00
9.665000000000000000e+03 -2.175828456878662109e+00
9.666000000000000000e+03 -2.187146663665771484e+00
9.667000000000000000e+03 -2.186318874359130859e+00
9.668000000000000000e+03 -2.175319910049438477e+00
9.669000000000000000e+03 -2.153418540954589844e+00
9.670000000000000000e+03 -2.192635059356689453e+00
9.671000000000000000e+03 -2.221946001052856445e+00
9.672000000000000000e+03 -2.171504735946655273e+00
9.673000000000000000e+03 -2.170720577239990234e+00
9.674000000000000000e+03 -2.189779281616210938e+00
9.675000000000000000e+03 -2.209255695343017578e+00
9.676000000000000000e+03 -2.177114009857177734e+00
9.677000000000000000e+03 -2.208554744720458984e+00
9.678000000000000000e+03 -2.184842109680175781e+00
9.679000000000000000e+03 -2.199264764785766602e+00
9.680000000000000000e+03 -2.211763143539428711e+00
9.681000000000000000e+03 -2.158246755599975586e+00
9.682000000000000000e+03 -2.178879737854003906e+00
9.683000000000000000e+03 -2.179441928863525391e+00
9.684000000000000000e+03 -2.189229488372802734e+00
9.685000000000000000e+03 -2.164509057998657227e+00
9.686000000000000000e+03 -2.156422853469848633e+00
9.687000000000000000e+03 -2.154412269592285156e+00
9.688000000000000000e+03 -2.164015769958496094e+00
9.689000000000000000e+03 -2.131444692611694336e+00
9.690000000000000000e+03 -2.139574527740478516e+00
9.691000000000000000e+03 -2.139817476272583008e+00
9.692000000000000000e+03 -2.140335083007812500e+00
9.693000000000000000e+03 -2.132592678070068359e+00
9.694000000000000000e+03 -2.144758701324462891e+00
9.695000000000000000e+03 -2.165131568908691406e+00
9.696000000000000000e+03 -2.184660434722900391e+00
9.697000000000000000e+03 -2.182708501815795898e+00
9.698000000000000000e+03 -2.157398700714111328e+00
9.699000000000000000e+03 -2.199628829956054688e+00
9.700000000000000000e+03 -2.160161972045898438e+00
9.701000000000000000e+03 -2.159276247024536133e+00
9.702000000000000000e+03 -2.195545434951782227e+00
9.703000000000000000e+03 -2.214067935943603516e+00
9.704000000000000000e+03 -2.212718248367309570e+00
9.705000000000000000e+03 -2.203250646591186523e+00
9.706000000000000000e+03 -2.222435951232910156e+00
9.707000000000000000e+03 -2.205797195434570312e+00
9.708000000000000000e+03 -2.213706254959106445e+00
9.709000000000000000e+03 -2.225116252899169922e+00
9.710000000000000000e+03 -2.233387947082519531e+00
9.711000000000000000e+03 -2.280246973037719727e+00
9.712000000000000000e+03 -2.242742776870727539e+00
9.713000000000000000e+03 -2.224390506744384766e+00
9.714000000000000000e+03 -2.291089534759521484e+00
9.715000000000000000e+03 -2.261264801025390625e+00
9.716000000000000000e+03 -2.254537343978881836e+00
9.717000000000000000e+03 -2.223613023757934570e+00
9.718000000000000000e+03 -2.249580860137939453e+00
9.719000000000000000e+03 -2.220014333724975586e+00
9.720000000000000000e+03 -2.256491661071777344e+00
9.721000000000000000e+03 -2.259494781494140625e+00
9.722000000000000000e+03 -2.225537776947021484e+00
9.723000000000000000e+03 -2.251638889312744141e+00
9.724000000000000000e+03 -2.254384994506835938e+00
9.725000000000000000e+03 -2.254926681518554688e+00
9.726000000000000000e+03 -2.207785606384277344e+00
9.727000000000000000e+03 -2.179525852203369141e+00
9.728000000000000000e+03 -2.237213611602783203e+00
9.729000000000000000e+03 -2.251890659332275391e+00
9.730000000000000000e+03 -2.229023218154907227e+00
9.731000000000000000e+03 -2.250168085098266602e+00
9.732000000000000000e+03 -2.212333679199218750e+00
9.733000000000000000e+03 -2.232077121734619141e+00
9.734000000000000000e+03 -2.187483310699462891e+00
9.735000000000000000e+03 -2.220197677612304688e+00
9.736000000000000000e+03 -2.263320446014404297e+00
9.737000000000000000e+03 -2.258121013641357422e+00
9.738000000000000000e+03 -2.236456155776977539e+00
9.739000000000000000e+03 -2.213611602783203125e+00
9.740000000000000000e+03 -2.229471683502197266e+00
9.741000000000000000e+03 -2.228898286819458008e+00
9.742000000000000000e+03 -2.236309051513671875e+00
9.743000000000000000e+03 -2.224005937576293945e+00
9.744000000000000000e+03 -2.223694801330566406e+00
9.745000000000000000e+03 -2.166715145111083984e+00
9.746000000000000000e+03 -2.212614059448242188e+00
9.747000000000000000e+03 -2.199604034423828125e+00
9.748000000000000000e+03 -2.218261480331420898e+00
9.749000000000000000e+03 -2.240559101104736328e+00
9.750000000000000000e+03 -2.234714984893798828e+00
9.751000000000000000e+03 -2.234403610229492188e+00
9.752000000000000000e+03 -2.226289749145507812e+00
9.753000000000000000e+03 -2.262863874435424805e+00
9.754000000000000000e+03 -2.257930755615234375e+00
9.755000000000000000e+03 -2.225563764572143555e+00
9.756000000000000000e+03 -2.241126060485839844e+00
9.757000000000000000e+03 -2.228693962097167969e+00
9.758000000000000000e+03 -2.225190639495849609e+00
9.759000000000000000e+03 -2.207783222198486328e+00
9.760000000000000000e+03 -2.233165264129638672e+00
9.761000000000000000e+03 -2.217876911163330078e+00
9.762000000000000000e+03 -2.191793918609619141e+00
9.763000000000000000e+03 -2.220303535461425781e+00
9.764000000000000000e+03 -2.221326589584350586e+00
9.765000000000000000e+03 -2.233749151229858398e+00
9.766000000000000000e+03 -2.216907978057861328e+00
9.767000000000000000e+03 -2.246738672256469727e+00
9.768000000000000000e+03 -2.235337495803833008e+00
9.769000000000000000e+03 -2.228378772735595703e+00
9.770000000000000000e+03 -2.227171421051025391e+00
9.771000000000000000e+03 -2.247600078582763672e+00
9.772000000000000000e+03 -2.230011940002441406e+00
9.773000000000000000e+03 -2.188876867294311523e+00
9.774000000000000000e+03 -2.229796648025512695e+00
9.775000000000000000e+03 -2.213890552520751953e+00
9.776000000000000000e+03 -2.216158628463745117e+00
9.777000000000000000e+03 -2.244394302368164062e+00
9.778000000000000000e+03 -2.226525068283081055e+00
9.779000000000000000e+03 -2.233722448348999023e+00
9.780000000000000000e+03 -2.207458019256591797e+00
9.781000000000000000e+03 -2.208154916763305664e+00
9.782000000000000000e+03 -2.185225725173950195e+00
9.783000000000000000e+03 -2.223361730575561523e+00
9.784000000000000000e+03 -2.231278419494628906e+00
9.785000000000000000e+03 -2.195914745330810547e+00
9.786000000000000000e+03 -2.181785821914672852e+00
9.787000000000000000e+03 -2.193650245666503906e+00
9.788000000000000000e+03 -2.166728734970092773e+00
9.789000000000000000e+03 -2.185938835144042969e+00
9.790000000000000000e+03 -2.212624311447143555e+00
9.791000000000000000e+03 -2.205203056335449219e+00
9.792000000000000000e+03 -2.197537899017333984e+00
9.793000000000000000e+03 -2.195577859878540039e+00
9.794000000000000000e+03 -2.208670854568481445e+00
9.795000000000000000e+03 -2.203560113906860352e+00
9.796000000000000000e+03 -2.206403493881225586e+00
9.797000000000000000e+03 -2.203031301498413086e+00
9.798000000000000000e+03 -2.189584732055664062e+00
9.799000000000000000e+03 -2.209348440170288086e+00
9.800000000000000000e+03 -2.203607797622680664e+00
9.801000000000000000e+03 -2.185793638229370117e+00
9.802000000000000000e+03 -2.217511415481567383e+00
9.803000000000000000e+03 -2.209667682647705078e+00
9.804000000000000000e+03 -2.187324523925781250e+00
9.805000000000000000e+03 -2.177584648132324219e+00
9.806000000000000000e+03 -2.196911811828613281e+00
9.807000000000000000e+03 -2.193718433380126953e+00
9.808000000000000000e+03 -2.183190345764160156e+00
9.809000000000000000e+03 -2.221956014633178711e+00
9.810000000000000000e+03 -2.215759277343750000e+00
9.811000000000000000e+03 -2.216866970062255859e+00
9.812000000000000000e+03 -2.210780143737792969e+00
9.813000000000000000e+03 -2.226102828979492188e+00
9.814000000000000000e+03 -2.221239805221557617e+00
9.815000000000000000e+03 -2.242368221282958984e+00
9.816000000000000000e+03 -2.256284713745117188e+00
9.817000000000000000e+03 -2.230187892913818359e+00
9.818000000000000000e+03 -2.233263731002807617e+00
9.819000000000000000e+03 -2.196558475494384766e+00
9.820000000000000000e+03 -2.197494268417358398e+00
9.821000000000000000e+03 -2.214318513870239258e+00
9.822000000000000000e+03 -2.203497409820556641e+00
9.823000000000000000e+03 -2.209543704986572266e+00
9.824000000000000000e+03 -2.214871406555175781e+00
9.825000000000000000e+03 -2.221946954727172852e+00
9.826000000000000000e+03 -2.223317146301269531e+00
9.827000000000000000e+03 -2.202732563018798828e+00
9.828000000000000000e+03 -2.203865051269531250e+00
9.829000000000000000e+03 -2.188505411148071289e+00
9.830000000000000000e+03 -2.200920820236206055e+00
9.831000000000000000e+03 -2.176179885864257812e+00
9.832000000000000000e+03 -2.219513893127441406e+00
9.833000000000000000e+03 -2.229063034057617188e+00
9.834000000000000000e+03 -2.217469215393066406e+00
9.835000000000000000e+03 -2.245985031127929688e+00
9.836000000000000000e+03 -2.251540422439575195e+00
9.837000000000000000e+03 -2.221673965454101562e+00
9.838000000000000000e+03 -2.225578069686889648e+00
9.839000000000000000e+03 -2.232336997985839844e+00
9.840000000000000000e+03 -2.215615987777709961e+00
9.841000000000000000e+03 -2.256262779235839844e+00
9.842000000000000000e+03 -2.232963085174560547e+00
9.843000000000000000e+03 -2.249079942703247070e+00
9.844000000000000000e+03 -2.238472461700439453e+00
9.845000000000000000e+03 -2.229248046875000000e+00
9.846000000000000000e+03 -2.242959260940551758e+00
9.847000000000000000e+03 -2.268628358840942383e+00
9.848000000000000000e+03 -2.248630523681640625e+00
9.849000000000000000e+03 -2.260274410247802734e+00
9.850000000000000000e+03 -2.223558187484741211e+00
9.851000000000000000e+03 -2.224449157714843750e+00
9.852000000000000000e+03 -2.246537685394287109e+00
9.853000000000000000e+03 -2.223131895065307617e+00
9.854000000000000000e+03 -2.222718715667724609e+00
9.855000000000000000e+03 -2.265893459320068359e+00
9.856000000000000000e+03 -2.219775915145874023e+00
9.857000000000000000e+03 -2.237280368804931641e+00
9.858000000000000000e+03 -2.282311677932739258e+00
9.859000000000000000e+03 -2.257695198059082031e+00
9.860000000000000000e+03 -2.268493175506591797e+00
9.861000000000000000e+03 -2.262531518936157227e+00
9.862000000000000000e+03 -2.236366033554077148e+00
9.863000000000000000e+03 -2.239315032958984375e+00
9.864000000000000000e+03 -2.230957269668579102e+00
9.865000000000000000e+03 -2.229747295379638672e+00
9.866000000000000000e+03 -2.236975908279418945e+00
9.867000000000000000e+03 -2.234926462173461914e+00
9.868000000000000000e+03 -2.251624584197998047e+00
9.869000000000000000e+03 -2.267464637756347656e+00
9.870000000000000000e+03 -2.218981266021728516e+00
9.871000000000000000e+03 -2.288786888122558594e+00
9.872000000000000000e+03 -2.240722417831420898e+00
9.873000000000000000e+03 -2.210436820983886719e+00
9.874000000000000000e+03 -2.223876476287841797e+00
9.875000000000000000e+03 -2.262087821960449219e+00
9.876000000000000000e+03 -2.238718271255493164e+00
9.877000000000000000e+03 -2.263741016387939453e+00
9.878000000000000000e+03 -2.230669260025024414e+00
9.879000000000000000e+03 -2.240957498550415039e+00
9.880000000000000000e+03 -2.267505645751953125e+00
9.881000000000000000e+03 -2.271427392959594727e+00
9.882000000000000000e+03 -2.257663726806640625e+00
9.883000000000000000e+03 -2.248522520065307617e+00
9.884000000000000000e+03 -2.212228775024414062e+00
9.885000000000000000e+03 -2.246734619140625000e+00
9.886000000000000000e+03 -2.234458923339843750e+00
9.887000000000000000e+03 -2.248725891113281250e+00
9.888000000000000000e+03 -2.231069087982177734e+00
9.889000000000000000e+03 -2.244237899780273438e+00
9.890000000000000000e+03 -2.244513988494873047e+00
9.891000000000000000e+03 -2.210065841674804688e+00
9.892000000000000000e+03 -2.221834659576416016e+00
9.893000000000000000e+03 -2.213005304336547852e+00
9.894000000000000000e+03 -2.231895923614501953e+00
9.895000000000000000e+03 -2.209853172302246094e+00
9.896000000000000000e+03 -2.193558454513549805e+00
9.897000000000000000e+03 -2.184192657470703125e+00
9.898000000000000000e+03 -2.194634914398193359e+00
9.899000000000000000e+03 -2.177484512329101562e+00
9.900000000000000000e+03 -2.186961650848388672e+00
9.901000000000000000e+03 -2.215096950531005859e+00
9.902000000000000000e+03 -2.191511392593383789e+00
9.903000000000000000e+03 -2.182725667953491211e+00
9.904000000000000000e+03 -2.207506179809570312e+00
9.905000000000000000e+03 -2.208857059478759766e+00
9.906000000000000000e+03 -2.188265800476074219e+00
9.907000000000000000e+03 -2.206382751464843750e+00
9.908000000000000000e+03 -2.221386194229125977e+00
9.909000000000000000e+03 -2.223487377166748047e+00
9.910000000000000000e+03 -2.208031177520751953e+00
9.911000000000000000e+03 -2.224685668945312500e+00
9.912000000000000000e+03 -2.220521688461303711e+00
9.913000000000000000e+03 -2.214842796325683594e+00
9.914000000000000000e+03 -2.237744808197021484e+00
9.915000000000000000e+03 -2.227276325225830078e+00
9.916000000000000000e+03 -2.256560564041137695e+00
9.917000000000000000e+03 -2.254175662994384766e+00
9.918000000000000000e+03 -2.238370895385742188e+00
9.919000000000000000e+03 -2.198066473007202148e+00
9.920000000000000000e+03 -2.285287380218505859e+00
9.921000000000000000e+03 -2.259502887725830078e+00
9.922000000000000000e+03 -2.260340690612792969e+00
9.923000000000000000e+03 -2.250473260879516602e+00
9.924000000000000000e+03 -2.256459236145019531e+00
9.925000000000000000e+03 -2.265861988067626953e+00
9.926000000000000000e+03 -2.278865337371826172e+00
9.927000000000000000e+03 -2.235098838806152344e+00
9.928000000000000000e+03 -2.263398408889770508e+00
9.929000000000000000e+03 -2.263324499130249023e+00
9.930000000000000000e+03 -2.271450281143188477e+00
9.931000000000000000e+03 -2.232519149780273438e+00
9.932000000000000000e+03 -2.220757484436035156e+00
9.933000000000000000e+03 -2.233057022094726562e+00
9.934000000000000000e+03 -2.262922048568725586e+00
9.935000000000000000e+03 -2.251804113388061523e+00
9.936000000000000000e+03 -2.276491165161132812e+00
9.937000000000000000e+03 -2.252411127090454102e+00
9.938000000000000000e+03 -2.252569437026977539e+00
9.939000000000000000e+03 -2.209134578704833984e+00
9.940000000000000000e+03 -2.279124259948730469e+00
9.941000000000000000e+03 -2.260604619979858398e+00
9.942000000000000000e+03 -2.231151819229125977e+00
9.943000000000000000e+03 -2.259016513824462891e+00
9.944000000000000000e+03 -2.264031887054443359e+00
9.945000000000000000e+03 -2.250865697860717773e+00
9.946000000000000000e+03 -2.269058942794799805e+00
9.947000000000000000e+03 -2.250214338302612305e+00
9.948000000000000000e+03 -2.251181602478027344e+00
9.949000000000000000e+03 -2.233424663543701172e+00
9.950000000000000000e+03 -2.240700960159301758e+00
9.951000000000000000e+03 -2.241156578063964844e+00
9.952000000000000000e+03 -2.252759933471679688e+00
9.953000000000000000e+03 -2.270650863647460938e+00
9.954000000000000000e+03 -2.256617784500122070e+00
9.955000000000000000e+03 -2.236608505249023438e+00
9.956000000000000000e+03 -2.258892059326171875e+00
9.957000000000000000e+03 -2.248206853866577148e+00
9.958000000000000000e+03 -2.248055219650268555e+00
9.959000000000000000e+03 -2.268227338790893555e+00
9.960000000000000000e+03 -2.262593507766723633e+00
9.961000000000000000e+03 -2.284991741180419922e+00
9.962000000000000000e+03 -2.279676437377929688e+00
9.963000000000000000e+03 -2.276886463165283203e+00
9.964000000000000000e+03 -2.289675712585449219e+00
9.965000000000000000e+03 -2.266813278198242188e+00
9.966000000000000000e+03 -2.259595632553100586e+00
9.967000000000000000e+03 -2.254667997360229492e+00
9.968000000000000000e+03 -2.246302127838134766e+00
9.969000000000000000e+03 -2.234324216842651367e+00
9.970000000000000000e+03 -2.246820926666259766e+00
9.971000000000000000e+03 -2.234769821166992188e+00
9.972000000000000000e+03 -2.237585067749023438e+00
9.973000000000000000e+03 -2.272955417633056641e+00
9.974000000000000000e+03 -2.221196889877319336e+00
9.975000000000000000e+03 -2.228941917419433594e+00
9.976000000000000000e+03 -2.228214263916015625e+00
9.977000000000000000e+03 -2.228084564208984375e+00
9.978000000000000000e+03 -2.226942777633666992e+00
9.979000000000000000e+03 -2.227062940597534180e+00
9.980000000000000000e+03 -2.261004686355590820e+00
9.981000000000000000e+03 -2.237709522247314453e+00
9.982000000000000000e+03 -2.244493961334228516e+00
9.983000000000000000e+03 -2.200989961624145508e+00
9.984000000000000000e+03 -2.191111087799072266e+00
9.985000000000000000e+03 -2.175212383270263672e+00
9.986000000000000000e+03 -2.204357624053955078e+00
9.987000000000000000e+03 -2.219252586364746094e+00
9.988000000000000000e+03 -2.217339992523193359e+00
9.989000000000000000e+03 -2.185583591461181641e+00
9.990000000000000000e+03 -2.208999872207641602e+00
9.991000000000000000e+03 -2.185454368591308594e+00
9.992000000000000000e+03 -2.195634841918945312e+00
9.993000000000000000e+03 -2.224602222442626953e+00
9.994000000000000000e+03 -2.235223531723022461e+00
9.995000000000000000e+03 -2.215737342834472656e+00
9.996000000000000000e+03 -2.229078769683837891e+00
9.997000000000000000e+03 -2.242783308029174805e+00
9.998000000000000000e+03 -2.224030494689941406e+00
9.999000000000000000e+03 -2.207698345184326172e+00
